time_s,min_gap_m,min_ttc_s,vehicles
0.0,,,0
0.01,,,0
0.02,,,0
0.03,,,0
0.04,,,0
0.05,,,0
0.06,,,0
0.07,,,0
0.08,,,0
0.09,,,0
0.1,,,0
0.11,,,0
0.12,,,0
0.13,,,0
0.14,,,0
0.15,,,0
0.16,,,0
0.17,,,0
0.18,,,0
0.19,,,0
0.2,,,2
0.21,,,2
0.22,,,2
0.23,,,2
0.24,,,2
0.25,,,2
0.26,,,2
0.27,,,2
0.28,,,2
0.29,,,2
0.3,,,2
0.31,,,2
0.32,,,2
0.33,,,2
0.34,17.840000000000003,,3
0.35,17.840000000000003,,3
0.36,17.849999999999994,,3
0.37,17.85000000000001,,3
0.38,17.86,,3
0.39,17.870000000000005,,3
0.4,17.86,,3
0.41,17.870000000000005,,3
0.42,17.879999999999995,,3
0.43,17.89,,3
0.44,17.89,,3
0.45,17.89,,3
0.46,17.89999999999999,,3
0.47,17.900000000000006,,3
0.48,17.909999999999997,,3
0.49,17.909999999999997,,4
0.5,17.92,,4
0.51,17.92,,4
0.52,17.929999999999993,,4
0.53,17.939999999999998,,4
0.54,17.940000000000012,,4
0.55,17.950000000000003,,4
0.56,17.950000000000003,,4
0.57,17.960000000000008,,4
0.58,17.97,,4
0.59,17.97,,4
0.6,17.980000000000004,,4
0.61,17.980000000000004,,4
0.62,17.989999999999995,,4
0.63,17.99000000000001,,4
0.64,18.0,,5
0.65,18.0,,5
0.66,18.010000000000005,,5
0.67,18.010000000000005,,5
0.68,18.02000000000001,,5
0.69,18.03,,5
0.7,18.040000000000006,,5
0.71,18.039999999999992,,5
0.72,18.039999999999992,,5
0.73,18.049999999999997,,5
0.74,18.059999999999988,,5
0.75,18.070000000000007,,5
0.76,18.070000000000007,,6
0.77,18.08,,6
0.78,18.08,,6
0.79,18.03,,7
0.8,18.04,,7
0.81,18.04,,7
0.82,18.049999999999997,,7
0.83,18.050000000000004,,7
0.84,18.060000000000002,,7
0.85,18.059999999999995,,7
0.86,18.07,,7
0.87,18.07,,7
0.88,18.080000000000005,,7
0.89,18.08,,7
0.9,18.089999999999996,,7
0.91,18.040000000000006,,8
0.92,18.039999999999992,,8
0.93,18.049999999999997,,8
0.94,18.05000000000001,,8
0.95,18.060000000000002,,8
0.96,18.059999999999988,,8
0.97,18.060000000000002,,8
0.98,18.070000000000007,,8
0.99,18.08,,8
1.0,18.08,,8
1.01,18.08,,8
1.02,18.090000000000003,,9
1.03,18.090000000000003,,9
1.04,18.099999999999994,,9
1.05,18.10000000000001,,9
1.06,18.099999999999994,,9
1.07,18.11,,9
1.08,18.11999999999999,,9
1.09,18.11,,9
1.1,18.11999999999999,,10
1.11,18.129999999999995,,10
1.12,18.14,,10
1.13,18.129999999999995,,10
1.14,18.14,,10
1.15,18.150000000000006,,10
1.16,18.14999999999999,,10
1.17,18.14999999999999,,10
1.18,18.16000000000001,,10
1.19,18.159999999999997,,10
1.2,18.17,,10
1.21,18.17,,10
1.22,18.17,,10
1.23,18.179999999999993,,10
1.24,18.189999999999998,,10
1.25,18.189999999999998,,11
1.26,18.200000000000003,,11
1.27,18.189999999999998,,11
1.28,18.200000000000003,,11
1.29,18.209999999999994,,11
1.3,18.210000000000008,,11
1.31,18.22,,11
1.32,18.220000000000013,,11
1.33,18.22,,11
1.34,18.22,,11
1.35,18.22999999999999,,11
1.36,18.24000000000001,,11
1.37,18.239999999999995,,11
1.38,18.25,,11
1.39,18.25,,11
1.4,18.25999999999999,,11
1.41,18.260000000000005,,11
1.42,18.260000000000005,,11
1.43,18.260000000000005,,11
1.44,18.27000000000001,,11
1.45,18.269999999999996,,11
1.46,18.279999999999987,,11
1.47,18.28,,11
1.48,18.289999999999992,,11
1.49,18.290000000000006,,11
1.5,18.299999999999997,,11
1.51,18.30000000000001,,11
1.52,18.310000000000002,,11
1.53,18.310000000000002,,11
1.54,18.320000000000007,,11
1.55,18.319999999999993,,11
1.56,18.33,,11
1.57,18.33,,11
1.58,18.33,,11
1.59,18.340000000000003,,11
1.6,18.340000000000003,,11
1.61,18.349999999999994,,11
1.62,18.349999999999994,,11
1.63,18.349999999999994,,11
1.64,18.36,,11
1.65,18.36,,11
1.66,18.36999999999999,,11
1.67,18.370000000000005,,11
1.68,18.370000000000005,,11
1.69,18.38000000000001,,11
1.7,18.379999999999995,,11
1.71,18.379999999999995,,11
1.72,18.400000000000006,,11
1.73,18.400000000000006,,11
1.74,18.39999999999999,,11
1.75,18.409999999999997,,11
1.76,18.409999999999997,,11
1.77,18.41000000000001,,11
1.78,18.42,,11
1.79,18.42,,11
1.8,18.42,,11
1.81,18.429999999999993,,11
1.82,18.440000000000005,,11
1.83,18.439999999999998,,11
1.84,18.44999999999999,,11
1.85,18.449999999999996,,11
1.86,18.46,,11
1.87,18.460000000000008,,11
1.88,18.46,,11
1.89,18.470000000000006,,11
1.9,18.480000000000004,,11
1.91,18.470000000000006,,11
1.92,18.479999999999997,,11
1.93,18.490000000000002,,11
1.94,18.479999999999997,,11
1.95,18.490000000000002,,11
1.96,18.499999999999993,,11
1.97,18.5,,11
1.98,18.500000000000007,,11
1.99,18.509999999999998,,11
2.0,18.50999999999999,,11
2.01,18.520000000000003,,11
2.02,18.510000000000005,,11
2.03,18.519999999999996,,11
2.04,18.53000000000001,,11
2.05,18.529999999999994,1968.999999999692,11
2.06,18.540000000000006,492.25000000001046,11
2.07,18.549999999999997,393.7999999999944,11
2.08,18.549999999999997,328.16666666667373,11
2.09,18.550000000000004,393.80000000002235,11
2.1,18.559999999999995,328.1666666666736,11
2.11,18.560000000000002,393.7999999999944,11
2.12,18.570000000000007,328.3333333333209,11
2.13,18.58,393.7999999999944,11
2.14,18.58,328.1666666666736,11
2.15,18.590000000000003,393.80000000002235,11
2.16,18.590000000000003,328.1666666666736,11
2.17,18.61,393.7999999999944,11
2.18,18.61,328.1666666666542,11
2.19,18.620000000000005,393.7999999999944,11
2.2,18.63000000000001,328.1666666666542,11
2.21,18.64,393.7999999999944,11
2.22,18.64,311.0000000000066,11
2.23,18.64999999999999,233.25000000000512,11
2.24,18.650000000000006,186.50000000000404,11
2.25,18.650000000000006,155.41666666666544,11
2.26,18.64999999999999,133.21428571428513,11
2.27,18.64999999999999,116.56249999999984,11
2.28,18.64999999999999,116.56249999999984,11
2.29,18.64999999999999,116.56249999999984,11
2.3,18.64,116.4999999999999,11
2.31,18.64,116.4999999999999,11
2.32,18.64,116.50000000000249,11
2.33,18.64,116.4999999999999,11
2.34,18.64,116.4999999999999,11
2.35,18.64,116.4999999999999,11
2.36,18.64,116.4999999999999,11
2.37,18.64,116.4999999999999,11
2.38,18.629999999999995,116.43749999999987,11
2.39,18.629999999999995,116.43749999999987,11
2.4,18.629999999999995,116.43749999999987,11
2.41,18.620000000000005,116.37499999999993,11
2.42,18.629999999999995,116.43749999999987,11
2.43,18.61999999999999,116.37499999999983,11
2.44,18.63000000000001,116.43749999999996,11
2.45,18.620000000000005,116.37499999999993,11
2.46,18.620000000000005,116.37499999999993,11
2.47,18.61,116.31249999999989,11
2.48,18.61999999999999,116.37499999999983,11
2.49,18.620000000000005,116.37499999999993,11
2.5,18.61999999999999,116.37499999999983,11
2.51,18.61,116.31249999999989,11
2.52,18.60000000000001,116.24999999999994,11
2.53,18.599999999999994,116.24999999999986,11
2.54,18.61,116.31249999999989,11
2.55,18.61,116.31249999999989,11
2.56,18.599999999999994,116.24999999999986,11
2.57,18.60000000000001,116.24999999999994,11
2.58,18.60000000000001,116.24999999999994,11
2.59,18.599999999999994,116.25000000000244,11
2.6,18.599999999999994,116.24999999999986,11
2.61,18.590000000000003,116.18749999999991,11
2.62,18.599999999999994,116.24999999999986,11
2.63,18.590000000000003,116.18749999999991,11
2.64,18.590000000000003,116.18749999999991,11
2.65,18.590000000000003,116.18749999999991,11
2.66,18.590000000000003,116.18749999999991,11
2.67,18.590000000000003,116.18749999999991,11
2.68,18.590000000000003,116.18749999999991,11
2.69,18.58,116.12499999999989,11
2.7,18.58,116.12499999999989,11
2.71,18.58,116.12499999999989,11
2.72,18.570000000000007,116.06249999999994,11
2.73,18.58,116.12499999999989,11
2.74,18.569999999999993,116.06249999999986,11
2.75,18.58,116.12499999999989,11
2.76,18.569999999999993,116.06249999999986,11
2.77,18.569999999999993,116.06249999999986,11
2.78,18.560000000000002,115.99999999999991,11
2.79,18.560000000000002,115.99999999999991,11
2.8,18.560000000000002,115.99999999999991,11
2.81,18.560000000000002,116.0000000000012,11
2.82,18.560000000000002,116.0000000000012,11
2.83,18.560000000000002,115.99999999999991,11
2.84,18.560000000000002,115.99999999999991,11
2.85,18.560000000000002,115.99999999999991,11
2.86,18.549999999999997,115.93749999999989,11
2.87,18.549999999999997,115.93749999999989,11
2.88,18.559999999999988,115.99999999999983,11
2.89,18.549999999999997,115.93749999999989,11
2.9,18.540000000000006,115.87499999999994,11
2.91,18.549999999999997,115.93749999999989,11
2.92,18.539999999999992,115.87499999999984,11
2.93,18.540000000000006,115.87500000000122,11
2.94,18.540000000000006,115.87499999999994,11
2.95,18.539999999999992,115.87499999999984,11
2.96,18.539999999999992,115.87499999999984,11
2.97,18.53,115.8124999999999,11
2.98,18.53,115.8125000000012,11
2.99,18.53,115.8124999999999,11
3.0,18.53,115.8124999999999,11
3.01,18.53,115.8124999999999,11
3.02,18.53,115.8124999999999,11
3.03,18.53,115.8124999999999,11
3.04,18.519999999999996,115.74999999999987,11
3.05,18.53,115.8124999999999,11
3.06,18.519999999999996,115.74999999999987,11
3.07,18.519999999999996,115.74999999999987,11
3.08,18.519999999999996,115.74999999999987,11
3.09,18.519999999999996,115.74999999999987,11
3.1,18.519999999999996,115.74999999999987,11
3.11,18.519999999999996,115.74999999999987,11
3.12,18.50999999999999,115.68749999999984,11
3.13,18.50999999999999,115.68749999999984,11
3.14,18.50999999999999,115.68749999999984,11
3.15,18.5,115.6249999999999,11
3.16,18.50999999999999,115.68750000000112,11
3.17,18.50999999999999,115.68749999999984,11
3.18,18.5,115.6249999999999,11
3.19,18.5,115.6249999999999,11
3.2,18.5,115.6249999999999,11
3.21,18.5,115.6249999999999,11
3.22,18.5,115.6249999999999,11
3.23,18.49000000000001,115.56249999999996,11
3.24,18.489999999999995,115.56249999999987,11
3.25,18.5,115.62500000000118,11
3.26,18.489999999999995,105.83333333333141,11
3.27,18.49000000000001,115.56249999999996,11
3.28,18.489999999999995,90.66666666666629,11
3.29,18.480000000000004,73.26923076923033,11
3.3,18.480000000000004,105.77777777777794,11
3.31,18.480000000000004,105.77777777777794,11
3.32,18.480000000000004,115.49999999999993,11
3.33,18.480000000000004,115.49999999999993,11
3.34,18.480000000000004,115.49999999999993,11
3.35,18.47,115.43749999999989,11
3.36,18.480000000000004,115.49999999999993,11
3.37,18.47,115.43749999999989,11
3.38,18.47,115.43749999999989,11
3.39,18.47,115.43749999999989,11
3.4,18.47,115.43749999999989,11
3.41,18.470000000000013,115.43749999999999,11
3.42,18.47,115.43749999999989,11
3.43,18.47,115.43750000000117,11
3.44,18.47,115.43749999999989,11
3.45,18.47,115.43749999999989,11
3.46,18.459999999999994,115.37499999999986,11
3.47,18.459999999999994,115.37499999999986,11
3.48,18.460000000000008,115.37500000000122,11
3.49,18.450000000000003,115.31249999999991,11
3.5,18.459999999999994,115.37499999999986,11
3.51,18.44999999999999,115.31249999999983,11
3.52,18.439999999999998,115.24999999999989,11
3.53,18.450000000000003,115.31249999999991,11
3.54,18.450000000000003,115.31249999999991,11
3.55,18.439999999999998,115.24999999999989,11
3.56,18.439999999999998,115.24999999999989,11
3.57,18.439999999999998,115.24999999999989,11
3.58,18.439999999999998,131.71428571428515,11
3.59,18.439999999999998,230.49999999999977,11
3.6,18.429999999999993,952.0000000000202,11
3.61,18.429999999999993,951.5000000000203,11
3.62,18.430000000000007,952.0000000000205,11
3.63,18.430000000000007,952.0000000000202,11
3.64,18.430000000000007,,11
3.65,18.430000000000007,951.9999999998513,11
3.66,18.430000000000007,,11
3.67,18.430000000000007,951.5000000000203,11
3.68,18.430000000000007,952.0000000000205,11
3.69,18.430000000000007,952.0000000000202,11
3.7,18.430000000000007,951.5000000000203,11
3.71,18.430000000000007,952.0000000000205,11
3.72,18.430000000000007,951.5000000000203,11
3.73,18.430000000000007,,11
3.74,18.430000000000007,951.9999999998513,11
3.75,18.429999999999993,,11
3.76,18.429999999999993,951.5000000000203,11
3.77,18.429999999999993,952.0000000000205,11
3.78,18.429999999999993,951.5000000000203,11
3.79,18.429999999999993,951.5000000000203,11
3.8,18.429999999999993,,11
3.81,18.429999999999993,951.4999999998513,11
3.82,18.429999999999993,,11
3.83,18.429999999999993,952.0000000000205,11
3.84,18.429999999999993,951.5000000000203,11
3.85,18.429999999999993,951.5000000000203,11
3.86,18.429999999999993,952.0000000000205,11
3.87,18.430000000000007,951.5000000000203,11
3.88,18.430000000000007,951.5000000000203,11
3.89,18.430000000000007,,11
3.9,18.430000000000007,951.4999999998513,11
3.91,18.430000000000007,,11
3.92,18.430000000000007,,11
3.93,18.430000000000007,,11
3.94,18.430000000000007,,11
3.95,18.430000000000007,,11
3.96,18.430000000000007,,11
3.97,18.430000000000007,,11
3.98,18.430000000000007,,11
3.99,18.430000000000007,,11
4.0,18.429999999999993,,11
4.01,18.429999999999993,,11
4.02,19.060000000000002,,11
4.03,19.070000000000004,,11
4.04,19.069999999999997,,11
4.05,19.07,,11
4.06,19.09,,11
4.07,19.09,,11
4.08,19.090000000000003,,11
4.09,19.099999999999998,,11
4.1,19.109999999999996,,11
4.11,19.11,,11
4.12,19.12,,11
4.13,19.13,,11
4.14,19.130000000000003,,11
4.15,19.150000000000002,,11
4.16,19.16,,11
4.17,19.160000000000004,,11
4.18,19.180000000000003,,11
4.19,19.179999999999996,,11
4.2,19.189999999999998,,11
4.21,19.210000000000004,,11
4.22,19.220000000000002,,11
4.23,19.22,,11
4.24,19.24,,11
4.25,19.249999999999996,,11
4.26,19.259999999999998,,11
4.27,19.279999999999998,,11
4.28,19.290000000000003,,11
4.29,19.300000000000004,,11
4.3,19.320000000000004,,11
4.31,19.330000000000002,,11
4.32,19.340000000000003,,11
4.33,19.360000000000003,,11
4.34,19.38,,11
4.35,19.39,,11
4.36,19.4,,11
4.37,19.4,,11
4.38,19.400000000000002,,11
4.39,19.400000000000002,,11
4.4,19.4,,11
4.41,19.4,,11
4.42,19.4,,11
4.43,19.4,,11
4.44,19.4,,11
4.45,19.400000000000002,,11
4.46,19.4,,11
4.47,19.4,,11
4.48,19.4,,11
4.49,19.4,,11
4.5,19.4,,11
4.51,19.400000000000002,,11
4.52,19.400000000000002,,11
4.53,19.4,,11
4.54,19.4,,11
4.55,19.4,,11
4.56,19.4,,11
4.57,19.400000000000002,,11
4.58,19.400000000000002,,11
4.59,19.4,,11
4.6,19.4,,11
4.61,19.4,,11
4.62,19.4,,11
4.63,19.400000000000002,,11
4.64,19.400000000000002,,11
4.65,19.4,,11
4.66,19.4,,11
4.67,19.4,,11
4.68,19.4,,11
4.69,19.4,,11
4.7,19.400000000000002,,11
4.71,19.4,,11
4.72,19.4,,11
4.73,5.909999999999997,,11
4.74,6.0,,11
4.75,6.079999999999998,,11
4.76,6.170000000000002,,11
4.77,6.259999999999998,,11
4.78,6.340000000000003,,11
4.79,6.43,,11
4.8,6.520000000000003,,11
4.81,6.609999999999999,,11
4.82,6.700000000000003,,11
4.83,6.790000000000006,,11
4.84,6.8799999999999955,,11
4.85,6.959999999999994,,11
4.86,7.059999999999995,,11
4.87,7.149999999999999,,11
4.88,7.240000000000002,,11
4.89,7.32,,11
4.9,7.409999999999997,,11
4.91,7.5,,11
4.92,7.590000000000003,,11
4.93,7.670000000000002,,11
4.94,7.760000000000005,,11
4.95,7.850000000000001,,11
4.96,7.930000000000007,,11
4.97,8.009999999999998,,11
4.98,8.099999999999994,,11
4.99,8.18,,11
5.0,8.259999999999998,,11
5.01,8.339999999999996,,11
5.02,8.420000000000002,,11
5.03,8.5,500.0000000000107,11
5.04,8.579999999999998,285.71428571428453,11
5.05,8.660000000000004,181.81818181818275,11
5.06,8.740000000000002,142.85714285714226,11
5.07,8.82,111.11111111111128,11
5.08,8.89,117.64705882352823,11
5.09,8.969999999999999,111.05555555555574,11
5.1,9.049999999999997,117.58823529411767,11
5.11,9.119999999999997,111.0555555555557,11
5.12,9.189999999999998,109.0000000000002,11
5.13,9.269999999999996,93.42857142857108,11
5.14,9.339999999999996,78.44,11
5.15,9.409999999999997,70.03571428571445,11
5.16,9.490000000000002,61.28124999999994,11
5.17,9.560000000000002,56.00000000000004,11
5.18,9.630000000000003,50.25641025641017,11
5.19,9.700000000000003,46.666666666666664,11
5.2,9.760000000000005,42.58695652173906,11
5.21,9.830000000000005,39.979591836734684,11
5.22,9.899999999999999,36.94339622641514,11
5.23,9.969999999999999,34.96428571428568,11
5.24,10.030000000000001,32.616666666666674,11
5.25,10.100000000000001,31.04761904761899,11
5.26,10.170000000000002,29.194029850746254,11
5.27,10.229999999999997,27.928571428571452,11
5.28,10.29,26.405405405405407,11
5.29,10.36,25.363636363636378,11
5.3,10.420000000000002,24.111111111111097,11
5.31,10.480000000000004,23.238095238095255,11
5.32,10.54,22.170454545454533,11
5.33,10.600000000000001,21.428571428571423,11
5.34,10.659999999999997,20.515789473684237,11
5.35,10.719999999999999,19.87755102040816,11
5.36,10.780000000000001,19.088235294117656,11
5.37,10.840000000000003,18.533333333333328,11
5.38,10.900000000000006,17.844036697247713,11
5.39,10.950000000000003,17.35714285714287,11
5.4,11.010000000000005,16.750000000000004,11
5.41,11.060000000000002,16.3109243697479,11
5.42,11.120000000000005,15.772357723577235,11
5.43,11.170000000000002,15.388888888888891,11
5.44,11.230000000000004,14.907692307692296,11
5.45,11.280000000000001,14.556390977443607,11
5.46,11.329999999999998,14.12408759124088,11
5.47,11.380000000000003,13.814285714285703,11
5.48,11.43,13.416666666666666,11
5.49,11.479999999999997,13.136054421768694,11
5.5,11.529999999999994,12.774834437086088,11
5.51,11.580000000000005,12.519480519480519,11
5.52,11.630000000000003,12.189873417721513,11
5.53,11.68,11.95031055900622,11
5.54,11.720000000000006,11.654545454545454,11
5.55,11.770000000000003,11.434523809523816,11
5.56,11.809999999999995,11.355029585798826,11
5.57,11.860000000000007,11.416666666666673,11
5.58,11.899999999999999,11.404761904761914,11
5.59,11.950000000000003,11.461077844311378,11
5.6,11.989999999999995,11.455089820359287,11
5.61,12.030000000000001,11.512048192771083,11
5.62,12.069999999999993,11.500000000000002,11
5.63,12.120000000000005,11.56363636363636,11
5.64,12.159999999999997,11.55151515151515,11
5.65,12.200000000000003,11.61585365853658,11
5.66,12.230000000000004,11.603658536585362,11
5.67,12.269999999999996,11.662576687116562,11
5.68,12.310000000000002,11.656441717791406,11
5.69,12.350000000000009,11.716049382716058,11
5.7,12.38000000000001,11.703703703703706,11
5.71,12.420000000000002,11.770186335403732,11
5.72,12.46,11.75776397515528,11
5.73,12.490000000000002,11.751552795031062,11
5.74,12.520000000000003,11.812499999999996,11
5.75,12.559999999999995,11.799999999999999,11
5.76,12.589999999999996,11.867924528301883,11
5.77,12.619999999999997,11.855345911949684,11
5.78,12.649999999999999,11.924050632911394,11
5.79,12.68,11.911392405063296,11
5.8,12.71,11.974522292993635,11
5.81,12.740000000000002,11.96815286624204,11
5.82,12.770000000000003,12.032051282051285,11
5.83,12.800000000000004,12.025641025641026,11
5.84,12.829999999999998,12.012820512820515,11
5.85,12.849999999999994,12.083870967741932,11
5.86,12.879999999999995,12.070967741935483,11
5.87,12.909999999999997,12.142857142857151,11
5.88,12.929999999999993,12.129870129870142,11
5.89,12.950000000000003,12.196078431372552,11
5.9,12.980000000000004,12.189542483660139,11
5.91,13.0,12.256578947368421,11
5.92,13.019999999999996,12.250000000000007,11
5.93,13.040000000000006,12.236842105263158,11
5.94,13.070000000000007,12.311258278145699,11
5.95,13.090000000000003,12.29801324503311,11
5.96,13.100000000000009,12.373333333333335,11
5.97,13.119999999999997,12.359999999999994,11
5.98,13.139999999999993,12.436241610738254,11
5.99,13.160000000000004,12.4228187919463,11
6.0,13.18,12.416107382550333,11
6.01,13.190000000000005,12.486486486486475,11
6.02,13.21,12.479729729729724,11
6.03,13.220000000000006,12.551020408163263,11
6.04,13.240000000000002,12.544217687074832,11
6.05,13.250000000000007,12.623287671232873,11
6.06,13.259999999999998,12.60958904109589,11
6.07,13.280000000000008,12.602739726027394,11
6.08,13.29,12.67586206896553,11
6.09,13.299999999999997,12.66896551724139,11
6.1,13.310000000000002,12.743055555555566,11
6.11,13.319999999999993,12.736111111111118,11
6.12,13.329999999999998,12.811188811188819,11
6.13,13.340000000000003,11.083094555873927,11
6.14,13.349999999999994,10.963120567375885,11
6.15,13.349999999999994,10.844101123595504,11
6.16,13.36,10.728789986091794,11
6.17,13.370000000000005,10.61570247933884,11
6.18,13.370000000000005,10.504774897680766,11
6.19,13.379999999999995,10.394594594594595,11
6.2,13.38000000000001,10.287817938420352,11
6.21,13.38000000000001,10.154761904761909,11
6.22,13.389999999999993,10.026143790849673,11
6.23,13.389999999999993,9.899224806201554,11
6.24,13.389999999999993,9.77522349936143,11
6.25,13.389999999999993,9.654040404040401,11
6.26,13.389999999999993,9.535580524344567,11
6.27,13.389999999999993,9.41975308641975,11
6.28,13.389999999999993,9.306471306471305,11
6.29,13.39,9.195652173913041,11
6.3,13.39,9.086021505376342,11
6.31,13.39,8.979905437352246,11
6.32,13.39,8.87485380116959,11
6.33,13.39,8.773148148148149,11
6.34,13.39,8.672394043528065,11
6.35,13.39,8.573696145124716,11
6.36,13.400000000000006,8.47699214365881,11
6.37,13.400000000000006,8.382222222222222,11
6.38,13.400000000000006,8.289328932893293,11
6.39,13.400000000000006,8.198257080610022,11
6.4,13.400000000000006,8.108953613807984,11
6.41,13.400000000000006,8.020299145299145,11
6.42,13.400000000000006,7.934391534391535,11
6.43,13.400000000000006,7.849056603773584,11
6.44,13.399999999999991,7.766355140186916,11
6.45,13.399999999999991,7.684156378600825,11
6.46,13.399999999999991,7.603465851172275,11
6.47,13.399999999999991,7.524242424242424,11
6.48,13.399999999999991,7.446446446446448,11
6.49,13.399999999999991,7.370039682539683,11
6.5,13.399999999999991,7.294985250737463,11
6.51,13.409999999999997,7.221247563352826,11
6.52,13.409999999999997,7.147826086956521,11
6.53,13.409999999999997,7.0766283524904185,11
6.54,13.41000000000001,7.005698005698006,11
6.55,13.41000000000001,6.936911487758945,11
6.56,13.41000000000001,6.868347338935574,11
6.57,13.41000000000001,6.800925925925926,11
6.58,13.41000000000001,6.734618916437097,11
6.59,13.41000000000001,6.669398907103824,11
6.6,13.409999999999997,6.60523938572719,11
6.61,13.409999999999997,6.5421146953405005,11
6.62,13.409999999999997,6.480000000000002,11
6.63,13.409999999999997,6.417989417989417,11
6.64,13.409999999999997,6.3578302712160975,11
6.65,13.409999999999997,6.298611111111111,11
6.66,13.409999999999997,6.239448751076658,11
6.67,13.409999999999997,6.181196581196582,11
6.68,13.420000000000002,6.1238337574215445,11
6.69,13.420000000000002,6.068181818181819,11
6.7,13.420000000000002,6.0125313283208035,11
6.71,13.420000000000002,5.95771144278607,11
6.72,13.420000000000002,5.9028806584362155,11
6.73,13.420000000000002,5.8496732026143805,11
6.74,13.420000000000002,5.797242497972425,11
6.75,13.420000000000002,5.744766505636071,11
6.76,13.419999999999987,5.69384492406075,11
6.77,13.419999999999987,5.642857142857143,11
6.78,13.419999999999987,5.59338061465721,11
6.79,13.420000000000002,5.5438184663536765,11
6.8,13.420000000000002,5.494949494949496,11
6.81,13.420000000000002,5.4467592592592595,11
6.82,13.420000000000002,5.399233716475095,11
6.83,13.420000000000002,5.352359208523592,11
6.84,13.420000000000002,5.306122448979591,11
6.85,13.430000000000007,5.259759759759759,11
6.86,13.430000000000007,5.2147651006711415,11
6.87,13.430000000000007,5.16962962962963,11
6.88,13.430000000000007,5.1258278145695355,11
6.89,13.430000000000007,5.08187134502924,11
6.9,13.430000000000007,5.03848946986202,11
6.91,13.430000000000007,4.995670995670997,11
6.92,13.429999999999993,4.953405017921148,11
6.93,13.429999999999993,4.911680911680912,11
6.94,13.429999999999993,4.870488322717621,11
6.95,13.429999999999993,4.829817158931082,11
6.96,13.429999999999993,4.7896575821104115,11
6.97,13.429999999999993,4.749305555555556,11
6.98,13.429999999999993,4.710144927536231,11
6.99,13.429999999999993,4.670781893004115,11
7.0,13.429999999999993,4.632583503749148,11
7.01,13.429999999999993,4.5941734417344176,11
7.02,13.429999999999993,4.556228956228957,11
7.03,13.439999999999998,4.518741633199465,11
7.04,13.440000000000012,4.481703260146373,11
7.05,13.440000000000012,4.44510582010582,11
7.06,13.440000000000012,4.408941485864562,11
7.07,13.440000000000012,4.3725490196078445,11
7.08,13.439999999999998,4.337231968810915,11
7.09,13.439999999999998,4.3023255813953485,11
7.1,13.439999999999998,4.267180475272961,11
7.11,13.439999999999998,4.232439335887611,11
7.12,13.439999999999998,4.198730158730159,11
7.13,13.439999999999998,4.164772727272727,11
7.14,13.439999999999998,4.131198995605775,11
7.15,13.439999999999998,4.098002496878901,11
7.16,13.439999999999998,4.065176908752329,11
7.17,13.439999999999998,4.032098765432099,11
7.18,13.439999999999998,3.999999999999999,11
7.19,13.439999999999998,3.9682539682539675,11
7.2,13.439999999999998,3.9362477231329693,11
7.21,13.439999999999998,3.905193236714976,11
7.22,13.439999999999998,3.873873873873875,11
7.23,13.450000000000003,3.842891278375149,11
7.24,13.449999999999989,3.81283422459893,11
7.25,13.449999999999989,3.782505910165485,11
7.26,13.449999999999989,3.752498530276309,11
7.27,13.449999999999989,3.72280701754386,11
7.28,13.449999999999989,3.6928446771378716,11
7.29,13.450000000000003,3.663773148148148,11
7.3,13.450000000000003,3.635002878526195,11
7.31,13.450000000000003,3.6059564719358534,11
7.32,13.450000000000003,3.577777777777778,11
7.33,13.450000000000003,3.5493197278911564,11
7.34,13.450000000000003,3.5211505922165824,11
7.35,13.450000000000003,3.493265993265994,11
7.36,13.450000000000003,3.4662199888330547,11
7.37,13.450000000000003,3.43888888888889,11
7.38,13.450000000000003,3.411276948590381,11
7.39,13.450000000000003,3.3844884488448845,11
7.4,13.450000000000003,3.357963875205255,11
7.41,13.450000000000003,3.33169934640523,11
7.42,13.450000000000003,3.305149051490515,11
7.43,13.450000000000003,3.279395900755124,11
7.44,13.459999999999994,3.2533548040794407,11
7.45,13.459999999999994,3.2275641025641026,11
7.46,13.459999999999994,3.2025518341307815,11
7.47,13.459999999999994,3.177248677248677,11
7.48,13.459999999999994,3.152185360716166,11
7.49,13.459999999999994,3.127358490566037,11
7.5,13.459999999999994,3.1022430881585814,11
7.51,13.459999999999994,3.077881619937695,11
7.52,13.459999999999994,3.0537467700258403,11
7.53,13.459999999999994,3.0293209876543212,11
7.54,13.460000000000008,3.0056323604710693,11
7.55,13.460000000000008,2.98165137614679,11
7.56,13.460000000000008,2.957889396245561,11
7.57,13.460000000000008,2.9348484848484846,11
7.58,13.460000000000008,2.911513323278028,11
7.59,13.460000000000008,2.8883883883883885,11
7.6,13.460000000000008,2.8654708520179373,11
7.61,13.460000000000008,2.8427579365079367,11
7.62,13.460000000000008,2.8197530864197535,11
7.63,13.460000000000008,2.7974434611602748,11
7.64,13.460000000000008,2.7753303964757703,11
7.65,13.459999999999994,2.7529239766081868,11
7.66,13.469999999999999,2.730713245997089,11
7.67,13.469999999999999,2.7091787439613526,11
7.68,13.469999999999999,2.687349687349687,11
7.69,13.469999999999999,2.6657088122605357,11
7.7,13.469999999999999,2.644253695755842,11
7.71,13.469999999999999,2.62298195631529,11
7.72,13.469999999999999,2.6018912529550837,11
7.73,13.469999999999999,2.580979284369115,11
7.74,13.469999999999999,2.559774964838256,11
7.75,13.469999999999999,2.5392156862745097,11
7.76,13.469999999999999,2.518363551836356,11
7.77,13.469999999999999,2.4981481481481476,11
7.78,13.469999999999999,2.4776394651913325,11
7.79,13.470000000000013,2.457300275482094,11
7.8,13.470000000000013,2.437128486511203,11
7.81,13.469999999999999,2.41712204007286,11
7.82,13.469999999999999,2.3972789115646256,11
7.83,13.469999999999999,2.377597109304426,11
7.84,13.469999999999999,2.358074673864147,11
7.85,13.469999999999999,2.338709677419355,11
7.86,13.469999999999999,2.3190539937527888,11
7.87,13.469999999999999,2.3000000000000007,11
7.88,13.469999999999999,2.280655157149181,11
7.89,13.469999999999999,2.2619047619047623,11
7.9,13.480000000000004,2.2428634167764607,11
7.91,13.480000000000004,2.2239720034995627,11
7.92,13.480000000000004,2.205228758169935,11
7.93,13.480000000000004,2.1866319444444438,11
7.94,13.480000000000004,2.168179853004756,11
7.95,13.480000000000004,2.149870801033592,11
7.96,13.480000000000004,2.131274131274132,11
7.97,13.47999999999999,2.1132478632478633,11
7.98,13.47999999999999,2.094934014474244,11
7.99,13.47999999999999,2.0771840542832907,11
8.0,13.47999999999999,2.059146599070553,11
8.01,13.47999999999999,2.0412457912457915,11
8.02,13.47999999999999,2.023899371069182,11
8.03,13.47999999999999,2.0062656641604004,11
8.04,13.480000000000004,1.9887640449438198,11
8.05,13.480000000000004,1.970978441127695,11
8.06,13.480000000000004,1.9537381247418426,11
8.07,13.480000000000004,1.936625514403293,11
8.08,13.480000000000004,1.9196391963919641,11
8.09,13.480000000000004,1.9023692810457513,11
8.1,13.480000000000004,1.8852258852258854,11
8.11,13.480000000000004,1.868613138686132,11
8.12,13.480000000000004,1.8517171717171717,11
8.13,13.480000000000004,1.8349436392914653,11
8.14,13.480000000000004,1.818291215403128,11
8.15,13.480000000000004,1.8017585931254996,11
8.16,13.489999999999995,1.7853444842692159,11
8.17,13.489999999999995,1.769047619047619,11
8.18,13.489999999999995,1.7528667457493081,11
8.19,13.489999999999995,1.7364066193853427,11
8.2,13.489999999999995,1.7204554377699257,11
8.21,13.489999999999995,1.7042253521126762,11
8.22,13.489999999999995,1.6884990253411314,11
8.23,13.489999999999995,1.6724941724941722,11
8.24,13.489999999999995,1.6566008517228028,11
8.25,13.489999999999995,1.6408179012345674,11
8.26,13.489999999999995,1.6251441753171862,11
8.27,13.489999999999995,1.6095785440613029,11
8.28,13.489999999999995,1.5941198930889646,11
8.29,13.490000000000009,1.5787671232876714,11
8.3,13.490000000000009,1.5631399317406147,11
8.31,13.490000000000009,1.5479969765684054,11
8.32,13.490000000000009,1.5325800376647838,11
8.33,13.490000000000009,1.5176426426426424,11
8.34,13.490000000000009,1.5024317246539467,11
8.35,13.490000000000009,1.487322893363162,11
8.36,13.490000000000009,1.4723151244890378,11
8.37,13.490000000000009,1.4574074074074077,11
8.38,13.489999999999995,1.4425987449243263,11
8.39,13.489999999999995,1.427888153053716,11
8.4,13.489999999999995,1.4132746607994136,11
8.41,13.489999999999995,1.3983918128654969,11
8.42,13.489999999999995,1.3839708561020034,11
8.43,13.489999999999995,1.3692810457516338,11
8.44,13.5,1.3550488599348534,11
8.45,13.5,1.340548340548341,11
8.46,13.5,1.3261416756562387,11
8.47,13.5,1.3118279569892477,11
8.48,13.5,1.297606287959986,11
8.49,13.5,1.2834757834757833,11
8.5,13.5,1.2694355697550588,11
8.51,13.5,1.255484784147204,11
8.52,13.5,1.2412698412698415,11
8.53,13.5,1.2274964838255975,11
8.54,13.5,1.213459516298633,11
8.55,13.5,1.1998602375960858,11
8.56,13.5,1.1859979101358415,11
8.57,13.5,1.1722222222222218,11
8.58,13.5,1.1585323641398406,11
8.59,13.5,1.1449275362318843,11
8.6,13.5,1.1314069487444096,11
8.61,13.5,1.1179698216735252,11
8.62,13.5,1.1046153846153848,11
8.63,13.5,1.0910020449897757,11
8.64,13.5,1.0778117567108392,11
8.65,13.5,1.0647018970189694,11
8.66,13.5,1.0513340087808172,11
8.67,13.5,1.0380471380471374,11
8.68,13.5,1.0248405505203089,11
8.69,13.5,1.0120481927710847,11
8.7,13.5,0.9996661101836394,11
8.71,13.5,0.9880000000000005,11
8.72,13.5,0.9780000000000001,11
8.73,13.5,0.9680000000000006,11
8.74,13.5,0.9580000000000003,11
8.75,13.509999999999991,0.948,11
8.76,13.509999999999991,0.9380000000000005,11
8.77,13.509999999999991,0.9280000000000002,11
8.78,13.509999999999991,0.9180000000000007,11
8.79,13.510000000000005,0.9080000000000003,11
8.8,13.510000000000005,0.8979999999999999,11
8.81,13.510000000000005,0.8880000000000005,11
8.82,13.510000000000005,0.8780000000000001,11
8.83,13.510000000000005,0.8680000000000007,11
8.84,13.510000000000005,0.8580000000000003,11
8.85,13.510000000000005,0.848,11
8.86,13.510000000000005,0.8380000000000005,11
8.87,13.510000000000005,0.8280000000000001,11
8.88,13.510000000000005,0.8180000000000007,11
8.89,13.510000000000005,0.8080000000000003,11
8.9,13.510000000000005,0.7979999999999999,11
8.91,13.510000000000005,0.7880000000000005,11
8.92,13.510000000000005,0.7780000000000001,11
8.93,13.510000000000005,0.7680000000000007,11
8.94,13.510000000000005,0.7580000000000003,11
8.95,13.509999999999991,0.7479999999999999,11
8.96,13.509999999999991,0.7380000000000005,11
8.97,13.509999999999991,0.7280000000000001,11
8.98,13.509999999999991,0.7180000000000006,11
8.99,13.509999999999991,0.7080000000000003,11
9.0,13.509999999999991,0.698,11
9.01,13.509999999999991,0.6880000000000005,11
9.02,13.509999999999991,0.6780000000000002,11
9.03,13.509999999999991,0.6680000000000007,11
9.04,13.510000000000005,0.6580000000000003,11
9.05,13.510000000000005,0.6479999999999999,11
9.06,13.510000000000005,0.6380000000000005,11
9.07,13.510000000000005,0.6280000000000001,11
9.08,13.510000000000005,0.6180000000000007,11
9.09,13.52000000000001,0.6080000000000003,11
9.1,13.52000000000001,0.598,11
9.11,13.519999999999996,0.5880000000000005,11
9.12,13.519999999999996,0.5780000000000001,11
9.13,13.519999999999996,0.5680000000000007,11
9.14,13.519999999999996,0.5580000000000003,11
9.15,13.519999999999996,0.5479999999999999,11
9.16,13.519999999999996,0.5380000000000005,11
9.17,13.519999999999996,0.5280000000000001,11
9.18,13.519999999999996,0.5180000000000007,11
9.19,13.519999999999996,0.5080000000000003,11
9.2,13.519999999999996,0.49799999999999994,11
9.21,13.519999999999996,0.4880000000000005,11
9.22,13.519999999999996,0.4780000000000001,11
9.23,13.519999999999996,0.4680000000000007,11
9.24,13.519999999999996,0.4580000000000003,11
9.25,13.439999999999998,0.4479999999999999,11
9.26,13.140000000000015,0.4380000000000005,11
9.27,12.840000000000003,0.4280000000000001,11
9.28,12.54000000000002,0.4180000000000007,11
9.29,12.240000000000009,0.4080000000000003,11
9.3,11.939999999999998,0.3979999999999999,11
9.31,11.640000000000015,0.3880000000000005,11
9.32,11.340000000000003,0.3780000000000001,11
9.33,11.04000000000002,0.36800000000000066,11
9.34,10.740000000000009,0.3580000000000003,11
9.35,10.439999999999998,0.3479999999999999,11
9.36,10.140000000000015,0.33800000000000047,11
9.37,9.840000000000003,0.3280000000000001,11
9.38,9.54000000000002,0.31800000000000067,11
9.39,9.240000000000009,0.30800000000000033,11
9.4,8.939999999999998,0.29799999999999993,11
9.41,8.640000000000015,0.2880000000000005,11
9.42,8.340000000000003,0.27800000000000014,11
9.43,8.04000000000002,0.2680000000000007,11
9.44,7.740000000000009,0.2580000000000003,11
9.45,7.439999999999998,0.24799999999999991,11
9.46,7.140000000000015,0.23807935978659603,11
9.47,6.840000000000003,0.2286096256684493,11
9.48,6.5400000000000205,0.2190221031480248,11
9.49,6.25,0.2098019469620678,11
9.5,5.950000000000017,0.20013454423141666,11
9.51,5.650000000000006,0.19049224544841556,11
9.52,5.360000000000014,0.18108108108108154,11
9.53,5.060000000000002,0.17135116830342031,11
9.54,4.77000000000001,0.16185951815405533,11
9.55,4.469999999999999,0.15204081632653058,11
9.56,4.180000000000007,0.14246762099522858,11
9.57,3.890000000000015,0.13290058079945388,11
9.58,3.5900000000000034,0.12290311537144824,11
9.59,3.3000000000000114,0.11324639670555976,11
9.6,3.0100000000000193,0.10350756533700205,11
9.61,2.719999999999999,0.09376077214753528,11
9.62,2.430000000000007,0.08393782383419712,11
9.63,2.140000000000015,0.07409972299169026,11
9.64,1.8600000000000136,0.06453851492019479,11
9.65,1.5700000000000216,0.05460869565217467,11
9.66,1.2800000000000011,0.044614848379226246,11
9.67,1.0,0.034940600978336823,11
9.68,0.710000000000008,0.024859943977591316,11
9.69,0.4200000000000159,0.014742014742015301,11
9.7,0.14000000000001478,0.004924375659515117,11
9.71,0.13999999999998636,8.76685393258427,11
9.72,0.4299999999999784,8.756554307116106,11
9.73,0.7099999999999795,8.746254681647942,11
9.74,0.9899999999999807,8.735955056179776,11
9.75,1.2699999999999818,8.726591760299627,11
9.76,1.549999999999983,8.716292134831463,11
9.77,1.829999999999984,8.705992509363298,11
9.78,2.109999999999985,8.688493919550984,11
9.79,2.3899999999999864,8.678203928905521,11
9.8,2.6699999999999875,8.667913938260057,11
9.81,2.9399999999999977,8.658559401309637,11
9.82,3.219999999999999,8.648269410664174,11
9.83,3.5,8.637979420018711,11
9.84,3.769999999999982,8.628624883068289,11
9.85,4.049999999999983,8.618334892422826,11
9.86,4.319999999999993,8.608044901777363,11
9.87,4.589999999999975,8.598690364826943,11
9.88,4.869999999999976,8.580373831775702,11
9.89,5.139999999999986,8.570093457943928,11
9.9,5.409999999999997,8.559813084112152,11
9.91,5.679999999999978,8.550467289719627,11
9.92,5.949999999999989,8.540186915887851,11
9.93,6.219999999999999,8.529906542056077,11
9.94,6.489999999999981,8.520560747663554,11
9.95,6.75,8.510280373831778,11
9.96,7.019999999999982,8.500000000000002,11
9.97,7.289999999999992,8.490654205607479,11
9.98,7.560000000000002,8.472455648926237,11
9.99,7.819999999999993,8.46218487394958,11
10.0,8.089999999999975,8.451914098972923,11
10.01,8.349999999999994,8.442577030812325,11
10.02,8.609999999999985,8.432306255835668,11
10.03,8.879999999999995,8.42203548085901,11
10.04,9.139999999999986,8.412698412698413,11
10.05,9.399999999999977,8.402427637721756,11
10.06,9.659999999999997,8.392156862745098,11
10.07,9.919999999999987,8.381886087768441,11
10.08,10.179999999999978,8.372549019607844,11
10.09,10.439999999999998,8.3544776119403,11
10.1,10.699999999999989,8.344216417910449,11
10.11,10.949999999999989,8.334888059701493,11
10.12,11.20999999999998,8.324626865671641,11
10.13,11.469999999999999,8.314365671641792,11
10.14,11.719999999999999,8.30410447761194,11
10.15,11.97999999999999,8.294776119402986,11
10.16,12.22999999999999,8.284514925373136,11
10.17,12.48999999999998,8.274253731343284,11
10.18,12.73999999999998,8.264925373134329,11
10.19,12.98999999999998,8.254664179104479,11
10.2,13.23999999999998,8.23671947809879,11
10.21,13.5,8.226467847157503,11
10.22,13.539999999999992,8.217148182665426,11
10.23,13.539999999999992,8.206896551724139,11
10.24,13.539999999999992,8.196644920782854,11
10.25,13.539999999999992,8.186393289841567,11
10.26,13.539999999999992,8.177073625349488,11
10.27,13.539999999999992,8.166821994408203,11
10.28,13.539999999999992,8.156570363466916,11
10.29,13.540000000000006,8.14631873252563,11
10.3,13.540000000000006,8.136999068033552,11
10.31,13.540000000000006,8.119180633147115,11
10.32,13.540000000000006,8.108938547486035,11
10.33,13.540000000000006,8.099627560521416,11
10.34,13.540000000000006,8.089385474860336,11
10.35,13.540000000000006,8.079143389199256,11
10.36,13.540000000000006,8.068901303538176,11
10.37,13.540000000000006,8.059590316573559,11
10.38,13.540000000000006,8.049348230912479,11
10.39,13.540000000000006,8.039106145251399,11
10.4,13.540000000000006,8.028864059590319,11
10.41,13.540000000000006,8.0195530726257,11
10.42,13.540000000000006,8.00931098696462,11
10.43,13.549999999999997,7.9916279069767455,11
10.44,13.549999999999997,7.981395348837211,11
10.45,13.549999999999997,7.972093023255815,11
10.46,13.549999999999997,7.96186046511628,11
10.47,13.549999999999997,7.9516279069767455,11
10.48,13.549999999999997,7.94139534883721,11
10.49,13.549999999999997,7.932093023255815,11
10.5,13.549999999999997,7.92186046511628,11
10.51,13.549999999999997,7.9116279069767455,11
10.52,13.549999999999997,7.901395348837211,11
10.53,13.549999999999997,7.892093023255816,11
10.54,13.550000000000011,7.881860465116281,11
10.55,13.550000000000011,7.8643122676579935,11
10.56,13.550000000000011,7.854089219330856,11
10.57,13.550000000000011,7.844795539033458,11
10.58,13.550000000000011,7.834572490706321,11
10.59,13.549999999999997,7.824349442379184,11
10.6,13.549999999999997,7.814126394052046,11
10.61,13.549999999999997,7.8048327137546485,11
10.62,13.549999999999997,7.79460966542751,11
10.63,13.549999999999997,7.784386617100372,11
10.64,13.549999999999997,7.7741635687732344,11
10.65,13.549999999999997,7.764869888475838,11
10.66,13.549999999999997,7.7546468401487,11
10.67,13.549999999999997,7.744423791821562,11
10.68,13.549999999999997,7.727019498607244,11
10.69,13.549999999999997,7.716805942432685,11
10.7,13.549999999999997,7.707520891364903,11
10.71,13.549999999999997,7.697307335190344,11
10.72,13.549999999999997,7.687093779015785,11
10.73,13.549999999999997,7.676880222841227,11
10.74,13.549999999999997,7.6675951717734465,11
10.75,13.549999999999997,7.657381615598887,11
10.76,13.549999999999997,7.647168059424328,11
10.77,13.549999999999997,7.636954503249769,11
10.78,13.549999999999997,7.627669452181988,11
10.79,13.550000000000011,7.617455896007429,11
10.8,13.550000000000011,7.60724233983287,11
10.81,13.550000000000011,7.5970287836583115,11
10.82,13.550000000000011,7.579777365491652,11
10.83,13.550000000000011,7.570500927643787,11
10.84,13.549999999999997,7.560296846011133,11
10.85,13.549999999999997,7.550092764378481,11
10.86,13.549999999999997,7.539888682745827,11
10.87,13.549999999999997,7.53061224489796,11
10.88,13.549999999999997,7.520408163265307,11
10.89,13.549999999999997,7.510204081632654,11
10.9,13.549999999999983,7.500000000000001,11
10.91,13.549999999999997,7.489795918367348,11
10.92,13.550000000000011,7.480519480519482,11
10.93,13.549999999999997,7.47031539888683,11
10.94,13.550000000000011,7.460111317254176,11
10.95,13.549999999999997,7.449907235621524,11
10.96,13.550000000000011,7.433734939759037,11
10.97,13.549999999999997,7.423540315106582,11
10.98,13.550000000000011,7.4133456904541255,11
10.99,13.549999999999997,7.403151065801669,11
11.0,13.550000000000011,7.392956441149214,11
11.01,13.549999999999997,7.383688600556073,11
11.02,13.550000000000011,7.373493975903616,11
11.03,13.549999999999997,7.363299351251161,11
11.04,13.550000000000011,7.353104726598705,11
11.05,13.559999999999988,7.342910101946249,11
11.06,13.560000000000002,7.3336422613531065,11
11.07,13.559999999999988,7.32344763670065,11
11.08,13.560000000000002,7.313253012048194,11
11.09,13.559999999999988,7.303058387395739,11
11.1,13.560000000000002,7.286111111111111,11
11.11,13.559999999999988,7.276851851851853,11
11.12,13.560000000000002,7.2666666666666675,11
11.13,13.559999999999988,7.256481481481481,11
11.14,13.560000000000002,7.246296296296296,11
11.15,13.559999999999988,7.236111111111112,11
11.16,13.560000000000002,7.226851851851852,11
11.17,13.560000000000016,7.216666666666668,11
11.18,13.560000000000002,7.206481481481482,11
11.19,13.560000000000016,7.196296296296297,11
11.2,13.560000000000002,7.186111111111112,11
11.21,13.560000000000016,7.176851851851852,11
11.22,13.560000000000002,7.166666666666667,11
11.23,13.560000000000016,7.156481481481482,11
11.24,13.560000000000002,7.146296296296296,11
11.25,13.560000000000002,7.136111111111111,11
11.26,13.559999999999988,7.120259019426458,11
11.27,13.560000000000002,7.110083256244219,11
11.28,13.559999999999988,7.0999074930619805,11
11.29,13.560000000000002,7.089731729879742,11
11.3,13.559999999999988,7.079555966697503,11
11.31,13.560000000000002,7.070305272895467,11
11.32,13.559999999999988,7.060129509713229,11
11.33,13.560000000000002,7.04995374653099,11
11.34,13.559999999999988,7.039777983348752,11
11.35,13.560000000000002,7.029602220166513,11
11.36,13.559999999999988,7.020351526364478,11
11.37,13.560000000000002,7.0101757631822395,11
11.38,13.559999999999988,7.000000000000001,11
11.39,13.560000000000002,6.989824236817762,11
11.4,13.559999999999988,6.979648473635524,11
11.41,13.560000000000002,6.969472710453285,11
11.42,13.560000000000016,6.953789279112755,11
11.43,13.560000000000002,6.94362292051756,11
11.44,13.560000000000016,6.933456561922367,11
11.45,13.560000000000002,6.923290203327173,11
11.46,13.560000000000016,6.913123844731978,11
11.47,13.560000000000002,6.90388170055453,11
11.48,13.560000000000016,6.893715341959336,11
11.49,13.560000000000002,6.883548983364142,11
11.5,13.560000000000002,6.873382624768946,11
11.51,13.559999999999988,6.863216266173753,11
11.52,13.560000000000002,6.8530499075785585,11
11.53,13.559999999999988,6.84380776340111,11
11.54,13.560000000000002,6.833641404805916,11
11.55,13.559999999999988,6.823475046210722,11
11.56,13.560000000000002,6.813308687615528,11
11.57,13.559999999999988,6.803142329020334,11
11.58,13.560000000000002,6.793900184842884,11
11.59,13.559999999999988,6.78373382624769,11
11.6,13.560000000000002,6.767313019390582,11
11.61,13.559999999999988,6.7571560480147745,11
11.62,13.560000000000002,6.746999076638966,11
11.63,13.559999999999988,6.736842105263158,11
11.64,13.560000000000002,6.727608494921515,11
11.65,13.559999999999988,6.717451523545708,11
11.66,13.560000000000002,6.7072945521699,11
11.67,13.560000000000016,6.697137580794092,11
11.68,13.560000000000002,6.686980609418284,11
11.69,13.560000000000016,6.676823638042476,11
11.7,13.560000000000002,6.6675900277008315,11
11.71,13.560000000000016,6.657433056325024,11
11.72,13.560000000000002,6.647276084949216,11
11.73,13.560000000000016,6.637119113573408,11
11.74,13.560000000000002,6.6269621421976,11
11.75,13.560000000000002,6.6168051708217925,11
11.76,13.559999999999988,6.6075715604801495,11
11.77,13.560000000000002,6.597414589104341,11
11.78,13.559999999999988,6.58118081180812,11
11.79,13.560000000000002,6.571033210332105,11
11.8,13.559999999999988,6.560885608856089,11
11.81,13.560000000000002,6.550738007380074,11
11.82,13.569999999999993,6.541512915129152,11
11.83,13.570000000000007,6.531365313653137,11
11.84,13.569999999999993,6.521217712177123,11
11.85,13.570000000000007,6.511070110701108,11
11.86,13.569999999999993,6.500922509225093,11
11.87,13.570000000000007,6.490774907749079,11
11.88,13.569999999999993,6.4815498154981555,11
11.89,13.570000000000007,6.471402214022141,11
11.9,13.569999999999993,6.461254612546126,11
11.91,13.569999999999993,6.451107011070111,11
11.92,13.570000000000007,6.440959409594097,11
11.93,13.569999999999993,6.430811808118082,11
11.94,13.570000000000007,6.42158671586716,11
11.95,13.569999999999993,6.411439114391145,11
11.96,13.570000000000007,6.40129151291513,11
11.97,13.569999999999993,6.3852534562212,11
11.98,13.570000000000007,6.375115207373273,11
11.99,13.569999999999993,6.3649769585253475,11
12.0,13.570000000000007,6.354838709677421,11
12.01,13.569999999999993,6.345622119815669,11
12.02,13.570000000000007,6.335483870967743,11
12.03,13.569999999999993,6.3253456221198165,11
12.04,13.570000000000007,6.315207373271891,11
12.05,13.569999999999993,6.305069124423964,11
12.06,13.570000000000007,6.294930875576038,11
12.07,13.569999999999993,6.284792626728112,11
12.08,13.570000000000007,6.275576036866362,11
12.09,13.569999999999993,6.265437788018435,11
12.1,13.570000000000007,6.255299539170507,11
12.11,13.569999999999993,6.2451612903225815,11
12.12,13.570000000000007,6.235023041474655,11
12.13,13.569999999999993,6.224884792626729,11
12.14,13.569999999999993,6.215668202764978,11
12.15,13.569999999999993,6.205529953917052,11
12.16,13.569999999999993,6.195391705069126,11
12.17,13.570000000000022,6.1852534562212,11
12.18,13.569999999999993,6.169429097605895,11
12.19,13.570000000000022,6.159300184162064,11
12.2,13.569999999999993,6.1491712707182336,11
12.21,13.570000000000022,6.139963167587478,11
12.22,13.569999999999993,6.129834254143647,11
12.23,13.570000000000022,6.1197053406998165,11
12.24,13.569999999999993,6.109576427255987,11
12.25,13.570000000000022,6.099447513812156,11
12.26,13.569999999999993,6.089318600368325,11
12.27,13.570000000000022,6.079189686924495,11
12.28,13.569999999999993,6.06998158379374,11
12.29,13.569999999999993,6.05985267034991,11
12.3,13.569999999999993,6.049723756906079,11
12.31,13.569999999999993,6.039594843462249,11
12.32,13.569999999999993,6.029465930018418,11
12.33,13.569999999999993,6.019337016574586,11
12.34,13.569999999999993,6.009208103130756,11
12.35,13.569999999999993,6.000000000000001,11
12.36,13.569999999999993,5.989871086556171,11
12.37,13.569999999999993,5.97974217311234,11
12.38,13.569999999999993,5.96961325966851,11
12.39,13.569999999999993,5.959484346224679,11
12.4,13.569999999999993,5.943882244710213,11
12.41,13.569999999999993,5.933762649494022,11
12.42,13.570000000000022,5.9236430542778304,11
12.43,13.569999999999993,5.903581267217631,11
12.44,13.570000000000022,5.877289377289378,11
12.45,13.569999999999993,5.851141552511416,11
12.46,13.570000000000022,5.825136612021859,11
12.47,13.569999999999993,5.799273387829247,11
12.48,13.570000000000022,5.7787851314596566,11
12.49,13.569999999999993,5.753164556962026,11
12.5,13.570000000000022,5.727682596934176,11
12.51,13.569999999999993,5.6963162623539985,11
12.52,13.570000000000022,5.671146953405018,11
12.53,13.569999999999993,5.641071428571429,11
12.54,13.569999999999993,5.616206589492432,11
12.55,13.569999999999993,5.586512866015973,11
12.56,13.569999999999993,5.561061946902656,11
12.57,13.569999999999993,5.531746031746033,11
12.58,13.569999999999993,5.507475813544416,11
12.59,13.569999999999993,5.477651183172656,11
12.6,13.569999999999993,5.45367132867133,11
12.61,13.569999999999993,5.424216027874565,11
12.62,13.569999999999993,5.400521285838402,11
12.63,13.569999999999993,5.371428571428572,11
12.64,13.569999999999993,5.348013816925735,11
12.65,13.569999999999993,5.319277108433737,11
12.66,13.569999999999993,5.295278969957082,11
12.67,13.570000000000022,5.267750213857999,11
12.68,13.569999999999993,5.244027303754266,11
12.69,13.570000000000022,5.215986394557825,11
12.7,13.569999999999993,5.192536047497881,11
12.71,13.570000000000022,5.165680473372782,11
12.72,13.569999999999993,5.142495784148399,11
12.73,13.570000000000022,5.1151260504201685,11
12.74,13.569999999999993,5.092204526404025,11
12.75,13.570000000000022,5.065162907268171,11
12.76,13.569999999999993,5.0425,11
12.77,13.570000000000022,5.015780730897012,11
12.78,13.569999999999993,4.993371996685999,11
12.79,13.569999999999993,4.966969446738234,11
12.8,13.569999999999993,4.943986820428337,11
12.81,13.569999999999993,4.917898193760263,11
12.82,13.569999999999993,4.895986895986897,11
12.83,13.569999999999993,4.870204081632654,11
12.84,13.579999999999984,4.848534201954398,11
12.85,13.580000000000013,4.82224025974026,11
12.86,13.579999999999984,4.800809716599191,11
12.87,13.580000000000013,4.7756255044390645,11
12.88,13.579999999999984,4.753623188405798,11
12.89,13.580000000000013,4.728731942215089,11
12.9,13.579999999999984,4.706965572457967,11
12.91,13.580000000000013,4.682362330407025,11
12.92,13.580000000000013,4.6608280254777075,11
12.93,13.580000000000013,4.635714285714287,11
12.94,13.580000000000013,4.61520190023753,11
12.95,13.579999999999984,4.5903709550118394,11
12.96,13.580000000000013,4.569291338582679,11
12.97,13.579999999999984,4.545525902668761,11
12.98,13.580000000000013,4.524667188723572,11
12.99,13.579999999999984,4.5003903200624515,11
13.0,13.580000000000013,4.4797507788162,11
13.01,13.579999999999984,4.455745341614907,11
13.02,13.580000000000013,4.436096049573974,11
13.03,13.579999999999984,4.412355212355214,11
13.04,13.580000000000013,4.392141756548536,11
13.05,13.579999999999984,4.368663594470047,11
13.06,13.580000000000013,4.348659003831418,11
13.07,13.579999999999984,4.324675324675326,11
13.08,13.580000000000013,4.304878048780489,11
13.09,13.579999999999984,4.281914893617022,11
13.1,13.580000000000013,4.262319939347992,11
13.11,13.579999999999984,4.239606953892669,11
13.12,13.580000000000013,4.219457013574662,11
13.13,13.579999999999984,4.196992481203008,11
13.14,13.580000000000013,4.177794448612154,11
13.15,13.579999999999984,4.154824233358266,11
13.16,13.580000000000013,4.135820895522389,11
13.17,13.580000000000013,4.1138392857142865,11
13.18,13.580000000000013,4.094283593170007,11
13.19,13.580000000000013,4.072538860103628,11
13.2,13.579999999999984,4.05317577548006,11
13.21,13.580000000000013,4.031664212076584,11
13.22,13.579999999999984,4.012490815576783,11
13.23,13.580000000000013,3.9904761904761914,11
13.24,13.579999999999984,3.9722222222222237,11
13.25,13.580000000000013,3.9504373177842576,11
13.26,13.579999999999984,3.9316363636363647,11
13.27,13.580000000000013,3.9100797679477894,11
13.28,13.579999999999984,3.892185238784371,11
13.29,13.580000000000013,3.8708513708513714,11
13.3,13.579999999999984,3.852411807055436,11
13.31,13.580000000000013,3.83129935391242,11
13.32,13.579999999999984,3.813037249283669,11
13.33,13.580000000000013,3.7921428571428586,11
13.34,13.579999999999984,3.7740555951532446,11
13.35,13.580000000000013,3.7533759772565753,11
13.36,13.579999999999984,3.7354609929078024,11
13.37,13.580000000000013,3.7149929278642158,11
13.38,13.579999999999984,3.6965419901199725,11
13.39,13.580000000000013,3.676284306826179,11
13.4,13.579999999999984,3.65870786516854,11
13.41,13.580000000000013,3.638655462184875,11
13.42,13.580000000000013,3.620545073375263,11
13.43,13.580000000000013,3.6006968641114994,11
13.44,13.580000000000013,3.5834492350486795,11
13.45,13.579999999999984,3.5631067961165055,11
13.46,13.580000000000013,3.5460207612456753,11
13.47,13.579999999999984,3.525879917184266,11
13.48,13.580000000000013,3.508953168044078,11
13.49,13.579999999999984,3.4890109890109895,11
13.5,13.580000000000013,3.4722412611377664,11
13.51,13.579999999999984,3.452494873547505,11
13.52,13.580000000000013,3.4351978171896325,11
13.53,13.579999999999984,3.416326530612246,11
13.54,13.580000000000013,3.3991853360488804,11
13.55,13.579999999999984,3.379823967501694,11
13.56,13.580000000000013,3.3628378378378385,11
13.57,13.579999999999984,3.3436657681940702,11
13.58,13.580000000000013,3.3275050437121734,11
13.59,13.579999999999984,3.3085177733065065,11
13.6,13.580000000000013,3.2918340026773767,11
13.61,13.579999999999984,3.2730307076101477,11
13.62,13.580000000000013,3.256495669553632,11
13.63,13.579999999999984,3.237873754152825,11
13.64,13.580000000000013,3.221485411140584,11
13.65,13.579999999999984,3.203042328042329,11
13.66,13.580000000000013,3.1861386138613867,11
13.67,13.580000000000013,3.167873601053325,11
13.68,13.580000000000013,3.1517739816031543,11
13.69,13.580000000000013,3.133682830930538,11
13.7,13.579999999999984,3.1170699803793336,11
13.71,13.580000000000013,3.099151989562949,11
13.72,13.579999999999984,3.0833333333333344,11
13.73,13.580000000000013,3.064935064935066,11
13.74,13.579999999999984,3.049254698639016,11
13.75,13.580000000000013,3.031027795733679,11
13.76,13.579999999999984,3.0154838709677425,11
13.77,13.580000000000013,2.9974259974259985,11
13.78,13.579999999999984,2.982016698779705,11
13.79,13.580000000000013,2.9641255605381174,11
13.8,13.579999999999984,2.948849104859335,11
13.81,13.580000000000013,2.9311224489795924,11
13.82,13.579999999999984,2.9153405474220246,11
13.83,13.580000000000013,2.8977777777777787,11
13.84,13.579999999999984,2.882762991128011,11
13.85,13.580000000000013,2.8653603034134014,11
13.86,13.579999999999984,2.8498422712933764,11
13.87,13.580000000000013,2.8325991189427313,11
13.88,13.579999999999984,2.8172110552763825,11
13.89,13.580000000000013,2.8001253132832087,11
13.9,13.579999999999984,2.7848655409631027,11
13.91,13.580000000000013,2.767935121646912,11
13.92,13.580000000000013,2.7528019925280205,11
13.93,13.580000000000013,2.7360248447204976,11
13.94,13.580000000000013,2.721016738995661,11
13.95,13.579999999999984,2.704390847247991,11
13.96,13.580000000000013,2.689506172839507,11
13.97,13.579999999999984,2.672413793103449,11
13.98,13.580000000000013,2.657652120467118,11
13.99,13.579999999999984,2.6413243408951574,11
14.0,13.580000000000013,2.6260709914320692,11
14.01,13.579999999999984,2.609890109890111,11
14.02,13.580000000000013,2.595368677635589,11
14.03,13.579999999999984,2.5787234042553204,11
14.04,13.580000000000013,2.5643203883495147,11
14.05,13.579999999999984,2.547820823244553,11
14.06,13.580000000000013,2.5335347432024173,11
14.07,13.579999999999984,2.5171790235081377,11
14.08,13.580000000000013,2.502406738868834,11
14.09,13.579999999999984,2.4867947178871552,11
14.1,13.580000000000013,2.472139005392451,11
14.11,13.579999999999984,2.467867867867869,11
14.12,13.580000000000013,2.453836930455636,11
14.13,13.579999999999984,2.449519230769231,11
14.14,13.580000000000013,2.4349130173965214,11
14.15,13.579999999999984,2.43114852675887,11
14.16,13.580000000000013,2.4165666266506607,11
14.17,13.580000000000013,2.4005988023952107,11
14.18,13.580000000000013,2.398198198198199,11
14.19,13.580000000000013,2.3822648292390656,11
14.2,13.579999999999984,2.3792067307692317,11
14.21,13.580000000000013,2.3639088729016793,11
14.22,13.579999999999984,2.360793746241732,11
14.23,13.580000000000013,2.3449310137972414,11
14.24,13.579999999999984,2.331137724550899,11
14.25,13.580000000000013,2.3265306122448983,11
14.26,13.579999999999984,2.3121629718394257,11
14.27,13.580000000000013,2.3081081081081085,11
14.28,13.579999999999984,2.2937649880095927,11
14.29,13.580000000000013,2.289062500000001,11
14.3,13.579999999999984,2.275344931013797,11
14.31,13.580000000000013,2.2705953096812994,11
14.32,13.579999999999984,2.2569027611044423,11
14.33,13.580000000000013,2.241317365269462,11
14.34,13.579999999999984,2.2378378378378385,11
14.35,13.590000000000003,2.2222887956860404,11
14.36,13.589999999999975,2.2193509615384617,11
14.37,13.590000000000003,2.203836930455636,11
14.38,13.589999999999975,2.2008418520745647,11
14.39,13.590000000000003,2.185362927414517,11
14.4,13.589999999999975,2.1712574850299404,11
14.41,13.590000000000003,2.1662665066026423,11
14.42,13.590000000000003,2.152786099460755,11
14.43,13.590000000000003,2.1477477477477485,11
14.44,13.590000000000003,2.1336930455635503,11
14.45,13.590000000000003,2.1292067307692313,11
14.46,13.590000000000003,2.1151769646070786,11
14.47,13.590000000000003,2.1106434155141316,11
14.48,13.590000000000003,2.0966386554621854,11
14.49,13.590000000000003,2.0814371257485043,11
14.5,13.590000000000003,2.0780780780780796,11
14.51,13.590000000000003,2.06291192330737,11
14.52,13.590000000000003,2.0588942307692317,11
14.53,13.590000000000003,2.044364508393287,11
14.54,13.590000000000003,2.040288634996994,11
14.55,13.590000000000003,2.0251949610077995,11
14.56,13.590000000000003,2.0119760479041933,11
14.57,13.590000000000003,2.006602641056423,11
14.58,13.590000000000003,1.9928100659077301,11
14.59,13.590000000000003,1.9879879879879896,11
14.6,13.590000000000003,1.9742206235011994,11
14.61,13.589999999999975,1.968750000000001,11
14.62,13.590000000000003,1.9556088782243564,11
14.63,13.589999999999975,1.950090198436561,11
14.64,13.590000000000003,1.9363745498199292,11
14.65,13.589999999999975,1.922155688622756,11
14.66,13.590000000000003,1.9177177177177183,11
14.67,13.590000000000003,1.902935889754345,11
14.68,13.590000000000003,1.8990384615384628,11
14.69,13.590000000000003,1.8842925659472427,11
14.7,13.590000000000003,1.8797354179194241,11
14.71,13.590000000000003,1.8656268746250761,11
14.72,13.590000000000003,1.852095808383234,11
14.73,13.590000000000003,1.8463385354141668,11
14.74,13.590000000000003,1.8334331935290606,11
14.75,13.590000000000003,1.8276276276276282,11
14.76,13.590000000000003,1.814148681055157,11
14.77,13.590000000000003,1.8088942307692322,11
14.78,13.590000000000003,1.7954409118176367,11
14.79,13.590000000000003,1.789536981358991,11
14.8,13.590000000000003,1.7767106842737108,11
14.81,13.590000000000003,1.762275449101797,11
14.82,13.590000000000003,1.7573573573573587,11
14.83,13.590000000000003,1.7435590173756752,11
14.84,13.590000000000003,1.738581730769231,11
14.85,13.590000000000003,1.7242206235012003,11
14.86,13.589999999999975,1.7197835237522565,11
14.87,13.590000000000003,1.7054589082183567,11
14.88,13.589999999999975,1.6922155688622766,11
14.89,13.590000000000003,1.6866746698679485,11
14.9,13.589999999999975,1.6734571599760337,11
14.91,13.590000000000003,1.6672672672672686,11
14.92,13.590000000000003,1.6546762589928072,11
14.93,13.590000000000003,1.6484375000000004,11
14.94,13.590000000000003,1.6352729454109187,11
14.95,13.590000000000003,1.6295850871918234,11
14.96,13.590000000000003,1.616446578631453,11
14.97,13.590000000000003,1.6023952095808396,11
14.98,13.590000000000003,1.5975975975975991,11
14.99,13.590000000000003,1.5835829838226485,11
15.0,13.590000000000003,1.578125000000001,11
15.01,13.590000000000003,1.5647482014388503,11
15.02,13.590000000000003,1.5592303066746849,11
15.03,13.590000000000003,1.5452909418116387,11
15.04,13.590000000000003,1.5329341317365284,11
15.05,13.590000000000003,1.5264105642256907,11
15.06,13.590000000000003,1.5134811264230088,11
15.07,13.590000000000003,1.507507507507509,11
15.08,13.590000000000003,1.494604316546763,11
15.09,13.590000000000003,1.4879807692307703,11
15.1,13.590000000000003,1.4757048590281956,11
15.11,13.589999999999975,1.469031870114252,11
15.12,13.590000000000003,1.4561824729891968,11
15.13,13.589999999999975,1.4431137724550913,11
15.14,13.590000000000003,1.4372372372372377,11
15.15,13.589999999999975,1.4236069502696236,11
15.16,13.590000000000003,1.4182692307692322,11
15.17,13.590000000000003,1.4046762589928061,11
15.18,13.590000000000003,1.3986770895971148,11
15.19,13.590000000000003,1.3857228554289154,11
15.2,13.590000000000003,1.3730538922155693,11
15.21,13.590000000000003,1.3661464585834344,11
15.22,13.590000000000003,1.354104254044339,11
15.23,13.590000000000003,1.3471471471471477,11
15.24,13.590000000000003,1.3345323741007207,11
15.25,13.590000000000003,1.3281250000000013,11
15.26,13.590000000000003,1.3155368926214759,11
15.27,13.590000000000003,1.3084786530366819,11
15.28,13.590000000000003,1.2965186074429786,11
15.29,13.590000000000003,1.2832335329341322,11
15.3,13.590000000000003,1.2768768768768781,11
15.31,13.590000000000003,1.2642300778909539,11
15.32,13.590000000000003,1.2578125000000004,11
15.33,13.590000000000003,1.2446043165467637,11
15.34,13.590000000000003,1.2387251954299474,11
15.35,13.590000000000003,1.225554889022196,11
15.36,13.589999999999975,1.213173652694612,11
15.37,13.590000000000003,1.2064825930372163,11
15.38,13.589999999999975,1.1941282204913124,11
15.39,13.590000000000003,1.186786786786788,11
15.4,13.589999999999975,1.1750599520383707,11
15.41,13.590000000000003,1.1676682692307696,11
15.42,13.590000000000003,1.1553689262147582,11
15.43,13.590000000000003,1.1485267588695143,11
15.44,13.590000000000003,1.1362545018007206,11
15.45,13.590000000000003,1.123353293413175,11
15.46,13.590000000000003,1.1171171171171186,11
15.47,13.590000000000003,1.1042540443379272,11
15.48,13.590000000000003,1.0973557692307703,11
15.49,13.590000000000003,1.085131894484414,11
15.5,13.590000000000003,1.0781719783523758,11
15.51,13.590000000000003,1.065386922615478,11
15.52,13.590000000000003,1.0538922155688637,11
15.53,13.590000000000003,1.0462184873949585,11
15.54,13.590000000000003,1.0341521869382875,11
15.55,13.590000000000003,1.0270270270270285,11
15.56,13.590000000000003,1.0149880095923265,11
15.57,13.590000000000003,1.0072115384615397,11
15.58,13.590000000000003,0.9958008398320348,11
15.59,13.590000000000003,0.9879735417919427,11
15.6,13.590000000000003,0.9759903961584645,11
15.61,13.589999999999975,0.9640718562874265,11
15.62,13.590000000000003,0.9567567567567572,11
15.63,13.589999999999975,0.9442780107849023,11
15.64,13.590000000000003,0.9375000000000013,11
15.65,13.589999999999975,0.9250599520383698,11
15.66,13.590000000000003,0.9182200841852082,11
15.67,13.590000000000003,0.9058188362327547,11
15.68,13.590000000000003,0.8940119760479046,11
15.69,13.590000000000003,0.8859543817527022,11
15.7,13.590000000000003,0.8747753145596179,11
15.71,13.590000000000003,0.8666666666666671,11
15.72,13.590000000000003,0.8549160671462841,11
15.73,13.590000000000003,0.8473557692307706,11
15.74,13.590000000000003,0.8356328734253152,11
15.75,13.590000000000003,0.8280216476247751,11
15.76,13.590000000000003,0.8163265306122462,11
15.77,13.430000000000007,0.8070913461538466,11
15.78,13.27000000000001,0.7984356197352593,11
15.79,13.100000000000023,0.7891566265060254,11
15.8,12.930000000000007,0.7798552472858871,11
15.81,12.77000000000001,0.7711352657004837,11
15.82,12.600000000000023,0.7617896009673533,11
15.83,12.439999999999998,0.7525710828796126,11
15.84,12.27000000000001,0.7431859479103579,11
15.85,12.110000000000014,0.7343844754396613,11
15.86,11.939999999999998,0.7249544626593806,11
15.87,11.780000000000001,0.7161094224924013,11
15.88,11.610000000000014,0.7066342057212425,11
15.89,11.450000000000017,0.6977452772699584,11
15.9,11.29000000000002,0.6888346552776096,11
15.91,11.120000000000005,0.6792913866829569,11
15.92,10.960000000000008,0.6703363914373093,11
15.93,10.800000000000011,0.6613594611145139,11
15.94,10.630000000000024,0.6517473942366662,11
15.95,10.469999999999999,0.6427255985267034,11
15.96,10.310000000000002,0.6336816226183161,11
15.97,10.140000000000015,0.6240000000000009,11
15.98,9.980000000000018,0.6149106592729524,11
15.99,9.820000000000022,0.6057988895743381,11
16.0,9.660000000000025,0.5966646077825833,11
16.01,9.5,0.5871446229913474,11
16.02,9.330000000000013,0.5773514851485156,11
16.03,9.170000000000016,0.5681536555142512,11
16.04,9.01000000000002,0.5589330024813908,11
16.05,8.850000000000023,0.5496894409937901,11
16.06,8.689999999999998,0.5404228855721392,11
16.07,8.530000000000001,0.5311332503113326,11
16.08,8.370000000000005,0.5218204488778058,11
16.09,8.210000000000008,0.5124843945068669,11
16.1,8.050000000000011,0.5031250000000007,11
16.11,7.890000000000015,0.4937421777221536,11
16.12,7.730000000000018,0.4843358395989986,11
16.13,7.570000000000022,0.4749058971141795,11
16.14,7.410000000000025,0.4654522613065342,11
16.15,7.25,0.4559748427672956,11
16.16,7.090000000000003,0.4464735516372798,11
16.17,6.930000000000007,0.43694829760403575,11
16.18,6.780000000000001,0.4280303030303031,11
16.19,6.6200000000000045,0.4181933038534431,11
16.2,6.460000000000008,0.4086021505376349,11
16.21,6.300000000000011,0.3989867004433193,11
16.22,6.140000000000015,0.38934686112872635,11
16.23,5.990000000000009,0.3803174603174609,11
16.24,5.8300000000000125,0.3706293706293714,11
16.25,5.670000000000016,0.36091661362189786,11
16.26,5.52000000000001,0.3518164435946469,11
16.27,5.360000000000014,0.34205488194001366,11
16.28,5.200000000000017,0.33226837060702985,11
16.29,5.050000000000011,0.32309660908509347,11
16.3,4.890000000000015,0.31326073030109003,11
16.31,4.730000000000018,0.3033996151379101,11
16.32,4.5800000000000125,0.29415542710340475,11
16.33,4.420000000000016,0.2842443729903547,11
16.34,4.27000000000001,0.2749517063747592,11
16.35,4.110000000000014,0.2649903288201169,11
16.36,3.960000000000008,0.25564880568108506,11
16.37,3.8000000000000114,0.24547803617571132,11
16.38,3.6500000000000057,0.2360931435963781,11
16.39,3.490000000000009,0.22603626943005242,11
16.4,3.3400000000000034,0.21660181582360594,11
16.41,3.1899999999999977,0.207142857142857,11
16.42,3.030000000000001,0.1970091027308193,11
16.43,2.880000000000024,0.18750000000000155,11
16.44,2.719999999999999,0.17731421121251623,11
16.45,2.5700000000000216,0.16775456919060192,11
16.46,2.420000000000016,0.1581699346405239,11
16.47,2.2700000000000102,0.14856020942408443,11
16.48,2.1100000000000136,0.138269986893841,11
16.49,1.960000000000008,0.12860892388451495,11
16.5,1.8100000000000023,0.1189224704336401,11
16.51,1.660000000000025,0.10921052631579112,11
16.52,1.5,0.09881422924901186,11
16.53,1.3500000000000227,0.08905013192612288,11
16.54,1.200000000000017,0.07926023778071446,11
16.55,1.0500000000000114,0.06939854593522878,11
16.56,0.9000000000000057,0.05956320317670455,11
16.57,0.75,0.04970178926441352,11
16.58,0.6000000000000227,0.03981420039814351,11
16.59,0.45000000000001705,0.029900332225914754,11
16.6,0.30000000000001137,0.019960079840320118,11
16.61,0.15000000000000568,0.009993337774817168,11
16.62,13.590000000000003,50.068965517241516,11
16.63,0.14999999999997726,4.1235804943219785,11
16.64,0.29999999999998295,4.119063545150503,11
16.65,0.44999999999998863,4.114534494306765,11
16.66,0.5999999999999943,4.109993293091884,11
16.67,0.75,4.105439892545332,11
16.68,0.8999999999999773,4.100874243443176,11
16.69,1.049999999999983,4.096296296296297,11
16.7,1.1999999999999886,4.091706001348618,11
16.71,1.339999999999975,4.087778528021608,11
16.72,1.4899999999999807,4.083164300202841,11
16.73,1.6399999999999864,4.075778078484439,11
16.74,1.789999999999992,4.071138211382114,11
16.75,1.9299999999999784,4.067164179104479,11
16.76,2.079999999999984,4.062500000000001,11
16.77,2.2299999999999898,4.057823129251701,11
16.78,2.369999999999976,4.053814713896459,11
16.79,2.519999999999982,4.049113233287859,11
16.8,2.6699999999999875,4.044398907103825,11
16.81,2.8100000000000023,4.040355677154582,11
16.82,2.9599999999999795,4.035616438356166,11
16.83,3.109999999999985,4.030864197530865,11
16.84,3.25,4.0267857142857135,11
16.85,3.3999999999999773,4.022008253094912,11
16.86,3.539999999999992,4.017906336088155,11
16.87,3.6899999999999977,4.013103448275862,11
16.88,3.829999999999984,4.008977900552487,11
16.89,3.9799999999999898,4.004149377593361,11
16.9,4.119999999999976,4.000000000000002,11
16.91,4.269999999999982,3.9923769923769936,11
16.92,4.409999999999997,3.988202637057599,11
16.93,4.549999999999983,3.9840166782487847,11
16.94,4.699999999999989,3.9791231732776624,11
16.95,4.839999999999975,3.9749128919860643,11
16.96,4.97999999999999,3.970690858339149,11
16.97,5.1299999999999955,3.96575821104123,11
16.98,5.269999999999982,3.96151154653604,11
16.99,5.409999999999997,3.9572529782761037,11
17.0,5.549999999999983,3.9529824561403517,11
17.01,5.699999999999989,3.9314205738278525,11
17.02,5.839999999999975,3.9134078212290517,11
17.03,5.97999999999999,3.8927576601671317,11
17.04,6.1299999999999955,3.8742182070882554,11
17.05,6.269999999999982,3.853776853776855,11
17.06,6.4199999999999875,3.835408022130014,11
17.07,6.560000000000002,3.815172413793103,11
17.08,6.7099999999999795,3.7969717825189275,11
17.09,6.849999999999994,3.776938915579959,11
17.1,7.0,3.7589041095890408,11
17.11,7.149999999999977,3.7383879781420775,11
17.12,7.289999999999992,3.721199727334697,11
17.13,7.439999999999998,3.7008837525492857,11
17.14,7.589999999999975,3.683175033921304,11
17.15,7.72999999999999,3.663734776725305,11
17.16,7.8799999999999955,3.6461850101282915,11
17.17,8.030000000000001,3.626262626262626,11
17.18,8.179999999999978,3.6088709677419364,11
17.19,8.329999999999984,3.589142091152816,11
17.2,8.47999999999999,3.571906354515051,11
17.21,8.629999999999995,3.552368245496998,11
17.22,8.780000000000001,3.5352862849533953,11
17.23,8.929999999999978,3.5159362549800806,11
17.24,9.079999999999984,3.4990059642147124,11
17.25,9.22999999999999,3.4798413747521484,11
17.26,9.379999999999995,3.4630606860158313,11
17.27,9.530000000000001,3.444078947368421,11
17.28,9.689999999999998,3.4267892317793827,11
17.29,9.839999999999975,3.407989521938443,11
17.3,9.98999999999998,3.391503267973857,11
17.31,10.149999999999977,3.3722294654498057,11
17.32,10.299999999999983,3.3558880936890056,11
17.33,10.449999999999989,3.337443218689163,11
17.34,10.609999999999985,3.3205958549222805,11
17.35,10.759999999999991,3.302325581395349,11
17.36,10.919999999999987,3.285622179239201,11
17.37,11.069999999999993,3.267524115755627,11
17.38,11.22999999999999,3.250962772785623,11
17.39,11.389999999999986,3.232394366197184,11
17.4,11.539999999999992,3.2166134185303514,11
17.41,11.699999999999989,3.198215423836839,11
17.42,11.859999999999985,3.1819338422391863,11
17.43,12.009999999999991,3.164340101522843,11
17.44,12.169999999999987,3.148195060164662,11
17.45,12.329999999999984,3.1301326595072654,11
17.46,12.48999999999998,3.114123581336697,11
17.47,12.649999999999977,3.096226415094341,11
17.48,12.810000000000002,3.080351537978656,11
17.49,12.969999999999999,3.0626174076393236,11
17.5,13.129999999999995,3.046875,11
17.51,13.289999999999992,3.0293017456359106,11
17.52,13.449999999999989,3.0136901057871817,11
17.53,13.599999999999994,2.9962756052141533,11
17.54,13.599999999999994,2.980793060718712,11
17.55,13.599999999999994,2.9635352286773804,11
17.56,13.599999999999994,2.9481801357186934,11
17.57,13.599999999999994,2.9304615384615387,11
17.58,13.599999999999994,2.9152334152334154,11
17.59,13.599999999999994,2.898284313725491,11
17.6,13.599999999999994,2.882568807339449,11
17.61,13.599999999999994,2.8657718120805367,11
17.62,13.599999999999994,2.862996941896024,11
17.63,13.599999999999994,2.859595340282037,11
17.64,13.599999999999994,2.8567916410571614,11
17.65,13.599999999999994,2.852216748768473,11
17.66,13.599999999999994,2.8493827160493828,11
17.67,13.600000000000023,2.8465346534653464,11
17.68,13.599999999999994,2.843052109181142,11
17.69,13.600000000000023,2.8384089496581737,11
17.7,13.599999999999994,2.83551401869159,11
17.71,13.600000000000023,2.83260462211118,11
17.72,13.599999999999994,2.829680651221039,11
17.73,13.600000000000023,2.8249686323713927,11
17.74,13.599999999999994,2.8220125786163526,11
17.75,13.600000000000023,2.819672131147541,11
17.76,13.599999999999994,2.8166877370417196,11
17.77,13.599999999999994,2.813688212927757,11
17.78,13.599999999999994,2.8088888888888897,11
17.79,13.599999999999994,2.8064926798217695,11
17.8,13.599999999999994,2.8034460753031274,11
17.81,13.599999999999994,2.8003838771593097,11
17.82,13.599999999999994,2.7961538461538464,11
17.83,13.599999999999994,2.7930591259640107,11
17.84,13.599999999999994,2.7905927835051547,11
17.85,13.599999999999994,2.7874677002583983,11
17.86,13.599999999999994,2.783171521035599,11
17.87,13.599999999999994,2.7800129785853342,11
17.88,13.599999999999994,2.7774886141834743,11
17.89,13.599999999999994,2.7742987606001304,11
17.9,13.599999999999994,2.7699346405228753,11
17.91,13.599999999999994,2.767365661861076,11
17.92,13.600000000000023,2.764783180026282,11
17.93,13.599999999999994,2.7603686635944706,11
17.94,13.600000000000023,2.7570957095709576,11
17.95,13.599999999999994,2.7544672402382533,11
17.96,13.600000000000023,2.7518248175182483,11
17.97,13.599999999999994,2.7473404255319145,11
17.98,13.600000000000023,2.7446666666666677,11
17.99,13.599999999999994,2.741978609625669,11
18.0,13.600000000000023,2.739276139410188,11
18.01,13.599999999999994,2.7347212894560107,11
18.02,13.599999999999994,2.7326599326599337,11
18.03,13.599999999999994,2.7299122214719787,11
18.04,13.599999999999994,2.725304465493911,11
18.05,13.599999999999994,2.722523744911804,11
18.06,13.599999999999994,2.720408163265307,11
18.07,13.599999999999994,2.717598908594816,11
18.08,13.599999999999994,2.712918660287081,11
18.09,13.599999999999994,2.710760795065114,11
18.1,13.599999999999994,2.7079037800687287,11
18.11,13.599999999999994,2.703856749311296,11
18.12,13.599999999999994,2.7009668508287303,11
18.13,13.599999999999994,2.6987534626038783,11
18.14,13.599999999999994,2.695833333333333,11
18.15,13.599999999999994,2.691718858733473,11
18.16,13.599999999999994,2.6894626657362193,11
18.17,13.600000000000023,2.6864940517844658,11
18.18,13.599999999999994,2.682328190743338,11
18.19,13.600000000000023,2.680028129395219,11
18.2,13.599999999999994,2.6777150916784205,11
18.21,13.600000000000023,2.6727915194346283,11
18.22,13.599999999999994,2.6704464918497526,11
18.23,13.600000000000023,2.6680881307746995,11
18.24,13.599999999999994,2.665716322166786,11
18.25,13.600000000000023,2.661428571428573,11
18.26,13.599999999999994,2.659025787965616,11
18.27,13.599999999999994,2.6566091954023,11
18.28,13.599999999999994,2.652267818574514,11
18.29,13.599999999999994,2.650541516245488,11
18.3,13.599999999999994,2.648081100651701,11
18.31,13.599999999999994,2.643686502177069,11
18.32,13.599999999999994,2.6411935953420684,11
18.33,13.599999999999994,2.6394160583941604,11
18.34,13.599999999999994,2.6349670811997083,11
18.35,13.599999999999994,2.6324284666177546,11
18.36,13.599999999999994,2.630610743193525,11
18.37,13.599999999999994,2.626106194690266,11
18.38,13.599999999999994,2.624260355029587,11
18.39,13.599999999999994,2.6216617210682496,11
18.4,13.599999999999994,2.6178438661710044,11
18.41,13.599999999999994,2.6152125279642053,11
18.42,13.600000000000023,2.613313388182498,11
18.43,13.599999999999994,2.6094452773613197,11
18.44,13.600000000000023,2.606766917293234,11
18.45,13.599999999999994,2.604826546003018,11
18.46,13.600000000000023,2.6009070294784578,11
18.47,13.599999999999994,2.5989385898407886,11
18.48,13.600000000000023,2.5942249240121593,11
18.49,13.599999999999994,2.5922256097560994,11
18.5,13.600000000000023,2.590214067278287,11
18.51,13.599999999999994,2.586206896551724,11
18.52,13.599999999999994,2.584166026133744,11
18.53,13.599999999999994,2.5821125674633776,11
18.54,13.599999999999994,2.5780525502318405,11
18.55,13.599999999999994,2.5759689922480633,11
18.56,13.599999999999994,2.5738724727838256,11
18.57,13.599999999999994,2.570537802026502,11
18.58,13.599999999999994,2.5684128225175917,11
18.59,13.599999999999994,2.5642633228840124,11
18.6,13.599999999999994,2.5621069182389937,11
18.61,13.599999999999994,2.560725552050473,11
18.62,13.599999999999994,2.556521739130435,11
18.63,13.599999999999994,2.5543219666931014,11
18.64,13.599999999999994,2.5508744038155804,11
18.65,13.599999999999994,2.5486443381180233,11
18.66,13.599999999999994,2.5472,11
18.67,13.600000000000023,2.542902967121091,11
18.68,13.599999999999994,2.5414320193081257,11
18.69,13.600000000000023,2.5379032258064513,11
18.7,13.599999999999994,2.5355987055016187,11
18.71,13.600000000000023,2.5340909090909087,11
18.72,13.599999999999994,2.5305126118795767,11
18.73,13.600000000000023,2.5281632653061226,11
18.74,13.599999999999994,2.524549918166939,11
18.75,13.600000000000023,2.522988505747128,11
18.76,13.599999999999994,2.5214168039538727,11
18.77,13.599999999999994,2.517753922378201,11
18.78,13.599999999999994,2.5161557580778795,11
18.79,13.599999999999994,2.5124584717607976,11
18.8,13.599999999999994,2.510833333333333,11
18.81,13.599999999999994,2.507101086048456,11
18.82,13.599999999999994,2.505448449287512,11
18.83,13.599999999999994,2.5037846930193446,11
18.84,13.599999999999994,2.5000000000000004,11
18.85,13.599999999999994,2.4983079526226737,11
18.86,13.599999999999994,2.494486853265479,11
18.87,13.599999999999994,2.493617021276597,11
18.88,13.599999999999994,2.489761092150171,11
18.89,13.599999999999994,2.4880136986301373,11
18.9,13.599999999999994,2.4862542955326457,11
18.91,13.599999999999994,2.483204134366926,11
18.92,13.600000000000023,2.4814174589455495,11
18.93,13.599999999999994,2.478336221837088,11
18.94,13.600000000000023,2.4765217391304364,11
18.95,13.599999999999994,2.473408892763732,11
18.96,13.600000000000023,2.47156605424322,11
18.97,13.599999999999994,2.46842105263158,11
18.98,13.600000000000023,2.467429577464789,11
18.99,13.599999999999994,2.463371579876434,11
19.0,13.600000000000023,2.46235606731621,11
19.01,13.599999999999994,2.459147424511545,11
19.02,13.599999999999994,2.458110516934047,11
19.03,13.599999999999994,2.4561717352415036,11
19.04,13.599999999999994,2.4529147982062773,11
19.05,13.599999999999994,2.4518451845184526,11
19.06,13.599999999999994,2.4485559566787,11
19.07,13.599999999999994,2.4474637681159432,11
19.08,13.599999999999994,2.444141689373297,11
19.09,13.599999999999994,2.4430264357338203,11
19.1,13.599999999999994,2.439670932358318,11
19.11,13.599999999999994,2.438532110091744,11
19.12,13.599999999999994,2.435142594296228,11
19.13,13.599999999999994,2.4339796860572496,11
19.14,13.599999999999994,2.431481481481483,11
19.15,13.599999999999994,2.4302973977695173,11
19.16,13.599999999999994,2.426840633737187,11
19.17,13.600000000000023,2.4256314312441543,11
19.18,13.599999999999994,2.4230769230769242,11
19.19,13.600000000000023,2.4218455743879472,11
19.2,13.599999999999994,2.419263456090652,11
19.21,13.600000000000023,2.4180094786729875,11
19.22,13.599999999999994,2.4144486692015215,11
19.23,13.600000000000023,2.4118207816968553,11
19.24,13.599999999999994,2.4114832535885187,11
19.25,13.600000000000023,2.4078694817658355,11
19.26,13.599999999999994,2.4075144508670525,11
19.27,13.599999999999994,2.4038647342995167,11
19.28,13.599999999999994,2.4034917555771096,11
19.29,13.599999999999994,2.4007782101167323,11
19.3,13.599999999999994,2.4003906250000013,11
19.31,13.599999999999994,2.3966699314397646,11
19.32,13.599999999999994,2.396263520157326,11
19.33,13.599999999999994,2.393491124260356,11
19.34,13.599999999999994,2.3930693069306948,11
19.35,13.599999999999994,2.390268123138033,11
19.36,13.599999999999994,2.387450199203187,11
19.37,13.599999999999994,2.3870000000000005,11
19.38,13.599999999999994,2.3841524573721173,11
19.39,13.599999999999994,2.383685800604231,11
19.4,13.599999999999994,2.38080808080808,11
19.41,13.599999999999994,2.3803245436105476,11
19.42,13.600000000000023,2.3774160732451683,11
19.43,13.599999999999994,2.3755102040816327,11
19.44,13.600000000000023,2.375000000000001,11
19.45,13.599999999999994,2.3720452209660854,11
19.46,13.600000000000023,2.371517027863779,11
19.47,13.599999999999994,2.369565217391306,11
19.48,13.600000000000023,2.366562824506752,11
19.49,13.599999999999994,2.3660062565172053,11
19.5,13.600000000000023,2.364016736401673,11
19.51,13.599999999999994,2.3634453781512605,11
19.52,13.599999999999994,2.3614330874604845,11
19.53,13.599999999999994,2.358350951374207,11
19.54,13.599999999999994,2.3588110403397025,11
19.55,13.599999999999994,2.3567625133120336,11
19.56,13.599999999999994,2.356149732620321,11
19.57,13.599999999999994,2.354077253218884,11
19.58,13.599999999999994,2.351991388589881,11
19.59,13.599999999999994,2.3513513513513513,11
19.6,13.599999999999994,2.3492407809110625,11
19.61,13.599999999999994,2.347116430903155,11
19.62,13.599999999999994,2.3475409836065593,11
19.63,13.599999999999994,2.345394736842107,11
19.64,13.599999999999994,2.3432343234323447,11
19.65,13.599999999999994,2.3436464088397795,11
19.66,13.599999999999994,2.341463414634147,11
19.67,13.600000000000023,2.3418708240534523,11
19.68,13.599999999999994,2.339664804469274,11
19.69,13.600000000000023,2.33744394618834,11
19.7,13.599999999999994,2.33783783783784,11
19.71,13.600000000000023,2.335593220338985,11
19.72,13.599999999999994,2.333333333333335,11
19.73,13.600000000000023,2.333712984054671,11
19.74,13.599999999999994,2.3325714285714283,11
19.75,13.600000000000023,2.330275229357797,11
19.76,13.599999999999994,2.3306451612903247,11
19.77,13.599999999999994,2.3294797687861277,11
19.78,13.599999999999994,2.327146171693736,11
19.79,13.599999999999994,2.3247962747380675,11
19.8,13.599999999999994,2.3263157894736857,11
19.81,13.599999999999994,2.3239436619718323,11
19.82,13.599999999999994,2.322732626619552,11
19.83,13.599999999999994,2.323076923076923,11
19.84,13.599999999999994,2.3218527315914503,11
19.85,13.599999999999994,2.3206197854588795,11
19.86,13.599999999999994,2.318181818181818,11
19.87,13.599999999999994,2.3197115384615397,11
19.88,13.599999999999994,2.3184559710494574,11
19.89,13.599999999999994,2.315980629539951,11
19.9,13.599999999999994,2.3175182481751837,11
19.91,13.599999999999994,2.3162393162393164,11
19.92,13.600000000000023,2.3149509803921586,11
19.93,13.599999999999994,2.3136531365313653,11
19.94,13.600000000000023,2.3152039555006203,11
19.95,13.599999999999994,2.3138957816377177,11
19.96,13.600000000000023,2.3113325031133254,11
19.97,13.599999999999994,2.3100000000000023,11
19.98,13.600000000000023,2.3128140703517586,11
19.99,13.599999999999994,2.311475409836067,11
20.0,13.600000000000023,2.310126582278481,11
20.01,13.599999999999994,2.3087674714104214,11
20.02,13.599999999999994,2.3103448275862073,11
20.03,13.599999999999994,2.3089743589743614,11
20.04,13.599999999999994,2.3075933075933084,11
20.05,13.599999999999994,2.307493540051681,11
20.06,13.599999999999994,2.3060959792477305,11
20.07,13.599999999999994,2.30769230769231,11
20.08,13.599999999999994,2.307591623036649,11
20.09,13.599999999999994,2.30617608409987,11
20.1,13.599999999999994,2.304749340369393,11
20.11,13.599999999999994,2.3046357615894046,11
20.12,13.599999999999994,2.3062583222370163,11
20.13,13.599999999999994,2.306149732620321,11
20.14,13.599999999999994,2.3046979865771835,11
20.15,13.599999999999994,2.304582210242587,11
20.16,13.599999999999994,2.3044654939106906,11
20.17,13.600000000000023,2.302989130434785,11
20.18,13.599999999999994,2.306010928961748,11
20.19,13.600000000000023,2.3058984910836764,11
20.2,13.599999999999994,2.304407713498625,11
20.21,13.600000000000023,2.3042876901798057,11
20.22,13.599999999999994,2.304166666666667,11
20.23,13.600000000000023,2.3040446304044644,11
20.24,13.599999999999994,2.3039215686274535,11
20.25,13.600000000000023,2.3070422535211264,11
20.26,13.599999999999994,2.306930693069307,11
20.27,13.599999999999994,2.3053977272727297,11
20.28,13.599999999999994,2.3052781740370896,11
20.29,13.599999999999994,2.3051575931232096,11
20.3,13.599999999999994,2.306474820143885,11
20.31,13.599999999999994,2.3063583815028914,11
20.32,13.599999999999994,2.3062409288824406,11
20.33,13.599999999999994,2.3094890510948898,11
20.34,13.599999999999994,2.3093841642228736,11
20.35,13.599999999999994,2.309278350515465,11
20.36,13.599999999999994,2.3106508875739653,11
20.37,13.599999999999994,2.3105497771173864,11
20.38,13.599999999999994,2.3104477611940326,11
20.39,13.599999999999994,2.3103448275862064,11
20.4,13.599999999999994,2.3117469879518064,11
20.41,13.599999999999994,2.3116490166414523,11
20.42,13.600000000000023,2.3130699088145894,11
20.43,13.599999999999994,2.312977099236642,11
20.44,13.600000000000023,2.314417177914111,11
20.45,13.599999999999994,2.3143297380585532,11
20.46,13.600000000000023,2.315789473684212,11
20.47,13.599999999999994,2.315707620528774,11
20.48,13.600000000000023,2.317187500000002,11
20.49,13.599999999999994,2.320754716981135,11
20.5,13.600000000000023,2.3222748815165906,11
20.51,13.599999999999994,2.323809523809526,11
20.52,13.599999999999994,2.3237639553429017,11
20.53,13.599999999999994,2.325320512820516,11
20.54,13.599999999999994,2.326892109500808,11
20.55,13.599999999999994,2.328478964401297,11
20.56,13.599999999999994,2.33008130081301,11
20.57,13.599999999999994,2.3316993464052302,11
20.58,13.599999999999994,2.3316912972085415,11
20.59,13.599999999999994,2.3333333333333357,11
20.6,13.599999999999994,2.3311258278145717,11
20.61,13.599999999999994,2.3327787021630635,11
20.62,13.599999999999994,2.334448160535118,11
20.63,13.599999999999994,2.3361344537815136,11
20.64,13.599999999999994,2.3395270270270263,11
20.65,13.599999999999994,2.3412563667232633,11
20.66,13.599999999999994,2.3430034129692863,11
20.67,13.600000000000023,2.3447684391080643,11
20.68,13.599999999999994,2.3465517241379334,11
20.69,13.550000000000011,2.3483535528596207,11
20.7,13.5,2.35191637630662,11
20.71,13.439999999999998,2.3537653239929943,11
20.72,13.379999999999995,2.3556338028169006,11
20.73,13.330000000000013,2.3592920353982323,11
20.74,13.27000000000001,2.3612099644128133,11
20.75,13.210000000000008,2.358928571428573,11
20.76,13.159999999999997,2.362657091561938,11
20.77,13.099999999999994,2.364620938628158,11
20.78,13.050000000000011,2.368421052631581,11
20.79,12.990000000000009,2.370437956204381,11
20.8,12.939999999999998,2.374311926605504,11
20.81,12.879999999999995,2.3763837638376377,11
20.82,12.830000000000013,2.3803339517625255,11
20.83,12.780000000000001,2.379888268156425,11
20.84,12.719999999999999,2.3820224719101124,11
20.85,12.670000000000016,2.38606403013183,11
20.86,12.620000000000005,2.390151515151516,11
20.87,12.560000000000002,2.392380952380953,11
20.88,12.51000000000002,2.396551724137935,11
20.89,12.460000000000008,2.3961538461538474,11
20.9,12.409999999999997,2.400386847195357,11
20.91,12.360000000000014,2.404669260700392,11
20.92,12.310000000000002,2.409001956947163,11
20.93,12.26000000000002,2.4133858267716572,11
20.94,12.200000000000017,2.4110671936758927,11
20.95,12.150000000000006,2.415506958250498,11
20.96,12.099999999999994,2.419999999999999,11
20.97,12.050000000000011,2.4245472837022155,11
20.98,12.01000000000002,2.4311740890688296,11
20.99,11.960000000000008,2.430894308943091,11
21.0,11.909999999999997,2.435582822085889,11
21.01,11.860000000000014,2.4403292181069984,11
21.02,11.810000000000002,2.4451345755693588,11
21.03,11.76000000000002,2.444906444906449,11
21.04,11.710000000000008,2.449790794979081,11
21.05,11.670000000000016,2.4568421052631613,11
21.06,11.620000000000005,2.456659619450318,11
21.07,11.569999999999993,2.461702127659573,11
21.08,11.530000000000001,2.4689507494646685,11
21.09,11.480000000000018,2.4741379310344866,11
21.1,11.430000000000007,2.4740259740259756,11
21.11,11.390000000000015,2.481481481481485,11
21.12,11.340000000000003,2.486842105263159,11
21.13,11.300000000000011,2.488986784140972,11
21.14,11.25,2.494456762749446,11
21.15,11.210000000000008,2.5022321428571446,11
21.16,11.159999999999997,2.502242152466367,11
21.17,11.120000000000005,2.5101580135440194,11
21.18,11.069999999999993,2.5159090909090893,11
21.19,11.030000000000001,2.5182648401826486,11
21.2,10.990000000000009,2.5264367816091977,11
21.21,10.939999999999998,2.5324074074074066,11
21.22,10.900000000000006,2.534883720930234,11
21.23,10.860000000000014,2.5433255269320876,11
21.24,10.819999999999993,2.5458823529411747,11
21.25,10.77000000000001,2.5521327014218036,11
21.26,10.730000000000018,2.560859188544157,11
21.27,10.689999999999998,2.5635491606714624,11
21.28,10.650000000000006,2.5724637681159437,11
21.29,10.610000000000014,2.575242718446605,11
21.3,10.569999999999993,2.584352078239607,11
21.31,10.530000000000001,2.5872235872235874,11
21.32,10.480000000000018,2.5940594059405986,11
21.33,10.439999999999998,2.597014925373134,11
21.34,10.400000000000006,2.6065162907268182,11
21.35,10.360000000000014,2.6161616161616195,11
21.36,10.330000000000013,2.6218274111675157,11
21.37,10.29000000000002,2.6317135549872175,11
21.38,10.25,2.6349614395886887,11
21.39,10.210000000000008,2.645077720207256,11
21.4,10.170000000000016,2.6484375000000044,11
21.41,10.129999999999995,2.658792650918634,11
21.42,10.090000000000003,2.6622691292876,11
21.43,10.060000000000002,2.6684350132626,11
21.44,10.02000000000001,2.6791443850267407,11
21.45,9.980000000000018,2.682795698924736,11
21.46,9.950000000000017,2.6964769647696523,11
21.47,9.909999999999997,2.7002724795640316,11
21.48,9.870000000000005,2.7115384615384626,11
21.49,9.840000000000003,2.718232044198896,11
21.5,9.800000000000011,2.72980501392758,11
21.51,9.76000000000002,2.7338935574229746,11
21.52,9.730000000000018,2.7408450704225404,11
21.53,9.689999999999998,2.7528409090909083,11
21.54,9.659999999999997,2.759999999999999,11
21.55,9.620000000000005,2.772334293948128,11
21.56,9.590000000000003,2.779710144927537,11
21.57,9.560000000000002,2.787172011661808,11
21.58,9.52000000000001,2.800000000000003,11
21.59,9.490000000000009,2.8076923076923106,11
21.6,9.450000000000017,2.8125000000000053,11
21.61,9.420000000000016,2.8288288288288337,11
21.62,9.390000000000015,2.8368580060423003,11
21.63,9.349999999999994,2.8419452887537977,11
21.64,9.319999999999993,2.8588957055214705,11
21.65,9.29000000000002,2.8672839506172902,11
21.66,9.26000000000002,2.875776397515534,11
21.67,9.230000000000018,2.8843750000000057,11
21.68,9.189999999999998,2.8990536277602517,11
21.69,9.159999999999997,2.907936507936507,11
21.7,9.129999999999995,2.9169329073482415,11
21.71,9.099999999999994,2.93548387096774,11
21.72,9.069999999999993,2.9448051948051925,11
21.73,9.04000000000002,2.9542483660130787,11
21.74,9.01000000000002,2.9638157894736907,11
21.75,8.980000000000018,2.9735099337748405,11
21.76,8.950000000000017,2.993311036789303,11
21.77,8.920000000000016,3.0033670033670083,11
21.78,8.890000000000015,3.013559322033903,11
21.79,8.860000000000014,3.0238907849829397,11
21.8,8.830000000000013,3.034364261168389,11
21.81,8.800000000000011,3.05555555555556,11
21.82,8.77000000000001,3.0664335664335702,11
21.83,8.740000000000009,3.0774647887323976,11
21.84,8.719999999999999,3.0921985815602833,11
21.85,8.689999999999998,3.1035714285714278,11
21.86,8.659999999999997,3.1151079136690636,11
21.87,8.629999999999995,3.126811594202897,11
21.88,8.610000000000014,3.153846153846159,11
21.89,8.580000000000013,3.16605166051661,11
21.9,8.550000000000011,3.1784386617100413,11
21.91,8.52000000000001,3.19101123595506,11
21.92,8.5,3.207547169811321,11
21.93,8.469999999999999,3.220532319391635,11
21.94,8.450000000000017,3.2375478927203134,11
21.95,8.420000000000016,3.2509652509652573,11
21.96,8.390000000000015,3.264591439688722,11
21.97,8.370000000000005,3.2823529411764727,11
21.98,8.340000000000003,3.296442687747037,11
21.99,8.319999999999993,3.314741035856571,11
22.0,8.29000000000002,3.3293172690763133,11
22.01,8.27000000000001,3.348178137651826,11
22.02,8.240000000000009,3.3632653061224524,11
22.03,8.219999999999999,3.3827160493827155,11
22.04,8.200000000000017,3.4024896265560236,11
22.05,8.170000000000016,3.418410041841011,11
22.06,8.150000000000006,3.438818565400846,11
22.07,8.129999999999995,3.4595744680851044,11
22.08,8.099999999999994,3.476394849785405,11
22.09,8.080000000000013,3.4978354978355033,11
22.1,8.060000000000002,3.519650655021835,11
22.11,8.030000000000001,3.5374449339207055,11
22.12,8.01000000000002,3.5600000000000085,11
22.13,7.990000000000009,3.5829596412556093,11
22.14,7.969999999999999,3.606334841628959,11
22.15,7.939999999999998,3.625570776255707,11
22.16,7.920000000000016,3.6497695852534635,11
22.17,7.900000000000006,3.6744186046511658,11
22.18,7.8799999999999955,3.682242990654203,11
22.19,7.860000000000014,3.707547169811327,11
22.2,7.840000000000003,3.7333333333333347,11
22.21,7.819999999999993,3.759615384615381,11
22.22,7.800000000000011,3.7864077669902967,11
22.23,7.780000000000001,3.813725490196079,11
22.24,7.760000000000019,3.841584158415851,11
22.25,7.740000000000009,3.8700000000000045,11
22.26,7.719999999999999,3.8989898989898983,11
22.27,7.700000000000017,3.9285714285714373,11
22.28,7.680000000000007,3.958762886597942,11
22.29,7.659999999999997,3.9895833333333317,11
22.3,7.640000000000015,4.021052631578955,11
22.31,7.6200000000000045,4.053191489361705,11
22.32,7.599999999999994,4.0860215053763405,11
22.33,7.5800000000000125,4.119565217391311,11
22.34,7.560000000000002,4.153846153846155,11
22.35,7.550000000000011,4.194444444444451,11
22.36,7.530000000000001,4.206703910614526,11
22.37,7.510000000000019,4.242937853107356,11
22.38,7.490000000000009,4.280000000000006,11
22.39,7.480000000000018,4.323699421965329,11
22.4,7.460000000000008,4.36257309941521,11
22.41,7.439999999999998,4.402366863905324,11
22.42,7.430000000000007,4.44910179640719,11
22.43,7.409999999999997,4.490909090909089,11
22.44,7.390000000000015,4.533742331288353,11
22.45,7.3799999999999955,4.5838509316770155,11
22.46,7.360000000000014,4.628930817610072,11
22.47,7.340000000000003,4.675159235668792,11
22.48,7.3300000000000125,4.729032258064524,11
22.49,7.310000000000002,4.7777777777777795,11
22.5,7.300000000000011,4.834437086092723,11
22.51,7.280000000000001,4.885906040268457,11
22.52,7.27000000000001,4.945578231292524,11
22.53,7.25,5.0,11
22.54,7.240000000000009,5.027777777777784,11
22.55,7.230000000000018,5.091549295774661,11
22.56,7.210000000000008,5.150000000000006,11
22.57,7.200000000000017,5.217391304347839,11
22.58,7.180000000000007,5.279411764705887,11
22.59,7.170000000000016,5.350746268656728,11
22.6,7.159999999999997,5.424242424242421,11
22.61,7.150000000000006,5.500000000000004,11
22.62,7.1299999999999955,5.5703124999999964,11
22.63,7.1200000000000045,5.650793650793655,11
22.64,7.110000000000014,5.733870967741947,11
22.65,7.099999999999994,5.819672131147536,11
22.66,7.0800000000000125,5.900000000000011,11
22.67,7.069999999999993,5.991525423728808,11
22.68,7.060000000000002,6.086206896551727,11
22.69,7.050000000000011,6.1842105263158,11
22.7,7.0400000000000205,6.285714285714303,11
22.71,7.030000000000001,6.3909090909090915,11
22.72,7.02000000000001,6.440366972477073,11
22.73,7.0,6.5420560747663545,11
22.74,6.990000000000009,6.6571428571428655,11
22.75,6.980000000000018,6.776699029126231,11
22.76,6.969999999999999,6.9009900990099,11
22.77,6.960000000000008,7.030303030303038,11
22.78,6.950000000000017,7.1649484536082655,11
22.79,6.939999999999998,7.305263157894735,11
22.8,6.939999999999998,7.462365591397846,11
22.81,6.930000000000007,7.615384615384623,11
22.82,6.920000000000016,7.775280898876423,11
22.83,6.909999999999997,7.94252873563218,11
22.84,6.900000000000006,8.117647058823536,11
22.85,6.890000000000015,8.301204819277126,11
22.86,6.8799999999999955,8.49382716049382,11
22.87,6.8799999999999955,8.708860759493664,11
22.88,6.8700000000000045,8.922077922077928,11
22.89,6.860000000000014,9.146666666666684,11
22.9,6.849999999999994,9.256756756756749,11
22.91,6.849999999999994,9.513888888888882,11
22.92,6.840000000000003,9.771428571428578,11
22.93,6.8300000000000125,10.044117647058842,11
22.94,6.8300000000000125,10.348484848484867,11
22.95,6.819999999999993,10.65624999999999,11
22.96,6.810000000000002,10.98387096774194,11
22.97,6.810000000000002,11.350000000000005,11
22.98,6.800000000000011,11.724137931034504,11
22.99,6.800000000000011,12.142857142857162,11
23.0,6.7900000000000205,12.574074074074112,11
23.01,6.780000000000001,13.03846153846154,11
23.02,6.780000000000001,13.560000000000002,11
23.03,6.780000000000001,14.125000000000004,11
23.04,6.77000000000001,14.717391304347847,11
23.05,6.77000000000001,15.38636363636366,11
23.06,6.760000000000019,16.09523809523814,11
23.07,6.760000000000019,16.90000000000005,11
23.08,6.75,17.307692307692307,11
23.09,6.75,18.243243243243242,11
23.1,6.75,19.28571428571429,11
23.11,6.740000000000009,20.42424242424245,11
23.12,6.740000000000009,21.741935483870996,11
23.13,6.740000000000009,23.24137931034486,11
23.14,6.730000000000018,24.92592592592599,11
23.15,6.730000000000018,26.920000000000073,11
23.16,6.730000000000018,29.26086956521747,11
23.17,6.730000000000018,32.047619047619136,11
23.18,6.730000000000018,35.421052631579045,11
23.19,6.719999999999999,39.52941176470587,11
23.2,6.719999999999999,44.8,11
23.21,6.719999999999999,51.69230769230768,11
23.22,6.719999999999999,61.09090909090908,11
23.23,6.719999999999999,74.66666666666666,11
23.24,6.719999999999999,95.99999999999997,11
23.25,6.719999999999999,134.39999999999998,11
23.26,6.719999999999999,167.99999999999997,11
23.27,6.719999999999999,335.99999999999994,11
23.28,6.719999999999999,,11
23.29,6.719999999999999,,11
23.3,6.719999999999999,,11
23.31,6.719999999999999,,11
23.32,6.719999999999999,,11
23.33,6.719999999999999,,11
23.34,6.719999999999999,,11
23.35,6.719999999999999,,11
23.36,6.719999999999999,,11
23.37,6.719999999999999,,11
23.38,6.719999999999999,,11
23.39,6.719999999999999,,11
23.4,6.719999999999999,,11
23.41,6.719999999999999,,11
23.42,6.719999999999999,,11
23.43,6.719999999999999,,11
23.44,6.719999999999999,,11
23.45,6.719999999999999,,11
23.46,6.719999999999999,,11
23.47,6.719999999999999,,11
23.48,6.719999999999999,,11
23.49,6.719999999999999,,11
23.5,6.719999999999999,,11
23.51,6.719999999999999,,11
23.52,6.719999999999999,,11
23.53,6.719999999999999,,11
23.54,6.719999999999999,,11
23.55,6.719999999999999,,11
23.56,6.719999999999999,,11
23.57,6.719999999999999,,11
23.58,6.719999999999999,,11
23.59,6.719999999999999,,11
23.6,6.719999999999999,,11
23.61,6.719999999999999,,11
23.62,6.719999999999999,,11
23.63,6.719999999999999,,11
23.64,6.719999999999999,,11
23.65,6.719999999999999,,11
23.66,6.719999999999999,,11
23.67,6.719999999999999,,11
23.68,6.719999999999999,,11
23.69,6.719999999999999,,11
23.7,6.719999999999999,,11
23.71,6.719999999999999,,11
23.72,6.719999999999999,,11
23.73,6.719999999999999,,11
23.74,6.719999999999999,,11
23.75,6.719999999999999,,11
23.76,6.719999999999999,,11
23.77,6.719999999999999,,11
23.78,6.719999999999999,,11
23.79,6.719999999999999,,11
23.8,6.719999999999999,,11
23.81,6.719999999999999,,11
23.82,6.719999999999999,,11
23.83,6.719999999999999,,11
23.84,6.719999999999999,,11
23.85,6.719999999999999,,11
23.86,6.719999999999999,,11
23.87,6.719999999999999,,11
23.88,6.719999999999999,,11
23.89,6.719999999999999,,11
23.9,6.719999999999999,,11
23.91,6.719999999999999,,11
23.92,6.719999999999999,,11
23.93,6.719999999999999,,11
23.94,6.719999999999999,,11
23.95,6.719999999999999,,11
23.96,6.719999999999999,,11
23.97,6.719999999999999,,11
23.98,6.719999999999999,,11
23.99,6.719999999999999,,11
24.0,6.719999999999999,,11
24.01,6.719999999999999,,11
24.02,6.719999999999999,,11
24.03,6.719999999999999,,11
24.04,6.719999999999999,,11
24.05,6.719999999999999,,11
24.06,6.719999999999999,,11
24.07,6.719999999999999,,11
24.08,6.719999999999999,,11
24.09,6.719999999999999,,11
24.1,6.719999999999999,,11
24.11,6.719999999999999,,11
24.12,6.719999999999999,,11
24.13,6.719999999999999,,11
24.14,6.719999999999999,,11
24.15,6.719999999999999,,11
24.16,6.719999999999999,,11
24.17,6.719999999999999,,11
24.18,6.719999999999999,,11
24.19,6.719999999999999,,11
24.2,6.719999999999999,,11
24.21,6.719999999999999,,11
24.22,6.719999999999999,,11
24.23,6.719999999999999,,11
24.24,6.719999999999999,,11
24.25,6.719999999999999,,11
24.26,6.719999999999999,,11
24.27,6.719999999999999,,11
24.28,6.719999999999999,,11
24.29,6.719999999999999,,11
24.3,6.719999999999999,,11
24.31,6.719999999999999,,11
24.32,6.719999999999999,,11
24.33,6.719999999999999,,11
24.34,6.719999999999999,,11
24.35,6.719999999999999,,11
24.36,6.719999999999999,,11
24.37,6.719999999999999,,11
24.38,6.719999999999999,,11
24.39,6.719999999999999,,11
24.4,6.719999999999999,,11
24.41,6.719999999999999,,11
24.42,6.719999999999999,,11
24.43,6.719999999999999,,11
24.44,6.719999999999999,,11
24.45,6.719999999999999,,11
24.46,6.719999999999999,,11
24.47,6.719999999999999,,11
24.48,6.719999999999999,,11
24.49,6.719999999999999,,11
24.5,6.719999999999999,,11
24.51,6.719999999999999,,11
24.52,6.719999999999999,,11
24.53,6.719999999999999,,11
24.54,6.719999999999999,,11
24.55,6.719999999999999,,11
24.56,6.719999999999999,,11
24.57,6.719999999999999,,11
24.58,6.719999999999999,,11
24.59,6.719999999999999,,11
24.6,6.719999999999999,,11
24.61,6.719999999999999,,11
24.62,6.719999999999999,,11
24.63,6.719999999999999,,11
24.64,6.719999999999999,,11
24.65,6.719999999999999,,11
24.66,6.719999999999999,,11
24.67,6.719999999999999,,11
24.68,6.719999999999999,,11
24.69,6.719999999999999,,11
24.7,6.719999999999999,,11
24.71,6.719999999999999,,11
24.72,6.719999999999999,,11
24.73,6.719999999999999,,11
24.74,6.719999999999999,,11
24.75,6.719999999999999,,11
24.76,6.719999999999999,,11
24.77,6.719999999999999,,11
24.78,6.719999999999999,,11
24.79,6.719999999999999,,11
24.8,6.719999999999999,,11
24.81,6.719999999999999,,11
24.82,6.719999999999999,,11
24.83,6.719999999999999,,11
24.84,6.719999999999999,,11
24.85,6.719999999999999,,11
24.86,6.719999999999999,,11
24.87,6.719999999999999,,11
24.88,6.719999999999999,,11
24.89,6.719999999999999,,11
24.9,6.719999999999999,,11
24.91,6.719999999999999,,11
24.92,6.719999999999999,,11
24.93,6.719999999999999,,11
24.94,6.719999999999999,,11
24.95,6.719999999999999,,11
24.96,6.719999999999999,,11
24.97,6.719999999999999,,11
24.98,6.719999999999999,,11
24.99,6.719999999999999,,11
25.0,6.719999999999999,,11
25.01,6.719999999999999,,11
25.02,6.719999999999999,,11
25.03,6.719999999999999,,11
25.04,6.719999999999999,,11
25.05,6.719999999999999,,11
25.06,6.719999999999999,,11
25.07,6.719999999999999,,11
25.08,6.719999999999999,,11
25.09,6.719999999999999,,11
25.1,6.719999999999999,,11
25.11,6.719999999999999,,11
25.12,6.719999999999999,,11
25.13,6.719999999999999,,11
25.14,6.719999999999999,,11
25.15,6.719999999999999,,11
25.16,6.719999999999999,,11
25.17,6.719999999999999,,11
25.18,6.719999999999999,,11
25.19,6.719999999999999,,11
25.2,6.719999999999999,,11
25.21,6.719999999999999,,11
25.22,6.719999999999999,,11
25.23,6.719999999999999,,11
25.24,6.719999999999999,,11
25.25,6.719999999999999,,11
25.26,6.719999999999999,,11
25.27,6.719999999999999,,11
25.28,6.719999999999999,,11
25.29,6.719999999999999,,11
25.3,6.719999999999999,,11
25.31,6.719999999999999,,11
25.32,6.719999999999999,,11
25.33,6.719999999999999,,11
25.34,6.719999999999999,,11
25.35,6.719999999999999,,11
25.36,6.719999999999999,,11
25.37,6.719999999999999,,11
25.38,6.719999999999999,,11
25.39,6.719999999999999,,11
25.4,6.719999999999999,,11
25.41,6.719999999999999,,11
25.42,6.719999999999999,,11
25.43,6.719999999999999,,11
25.44,6.719999999999999,,11
25.45,6.719999999999999,,11
25.46,6.719999999999999,,11
25.47,6.719999999999999,,11
25.48,6.719999999999999,,11
25.49,6.719999999999999,,11
25.5,6.719999999999999,,11
25.51,6.719999999999999,,11
25.52,6.719999999999999,,11
25.53,6.719999999999999,,11
25.54,6.719999999999999,,11
25.55,6.719999999999999,,11
25.56,6.719999999999999,,11
25.57,6.719999999999999,,11
25.58,6.719999999999999,,11
25.59,6.719999999999999,,11
25.6,6.719999999999999,,11
25.61,6.719999999999999,,11
25.62,6.719999999999999,,11
25.63,6.719999999999999,,11
25.64,6.719999999999999,,11
25.65,6.719999999999999,,11
25.66,6.719999999999999,,11
25.67,6.719999999999999,,11
25.68,6.719999999999999,,11
25.69,6.719999999999999,,11
25.7,6.719999999999999,,11
25.71,6.719999999999999,,11
25.72,6.719999999999999,,11
25.73,6.719999999999999,,11
25.74,6.719999999999999,,11
25.75,6.719999999999999,,11
25.76,6.719999999999999,,11
25.77,6.719999999999999,,11
25.78,6.719999999999999,,11
25.79,6.719999999999999,,11
25.8,6.719999999999999,,11
25.81,6.719999999999999,,11
25.82,6.719999999999999,,11
25.83,6.719999999999999,,11
25.84,6.719999999999999,,11
25.85,6.719999999999999,,11
25.86,6.719999999999999,,11
25.87,6.719999999999999,,11
25.88,6.719999999999999,,11
25.89,6.719999999999999,,11
25.9,6.719999999999999,,11
25.91,6.719999999999999,,11
25.92,6.719999999999999,,11
25.93,6.719999999999999,,11
25.94,6.719999999999999,,11
25.95,6.719999999999999,,11
25.96,6.719999999999999,,11
25.97,6.719999999999999,,11
25.98,6.719999999999999,,11
25.99,6.719999999999999,,11
26.0,6.719999999999999,,11
26.01,6.719999999999999,,11
26.02,6.719999999999999,,11
26.03,6.719999999999999,,11
26.04,6.719999999999999,,11
26.05,6.719999999999999,,11
26.06,6.719999999999999,,11
26.07,6.719999999999999,,11
26.08,6.719999999999999,,11
26.09,6.719999999999999,,11
26.1,6.719999999999999,,11
26.11,6.719999999999999,,11
26.12,6.719999999999999,,11
26.13,6.719999999999999,,11
26.14,6.719999999999999,,11
26.15,6.719999999999999,,11
26.16,6.719999999999999,,11
26.17,6.719999999999999,,11
26.18,6.719999999999999,,11
26.19,6.719999999999999,,11
26.2,6.719999999999999,,11
26.21,6.719999999999999,,11
26.22,6.719999999999999,,11
26.23,6.719999999999999,,11
26.24,6.719999999999999,,11
26.25,6.719999999999999,,11
26.26,6.719999999999999,,11
26.27,6.719999999999999,,11
26.28,6.719999999999999,,11
26.29,6.719999999999999,,11
26.3,6.719999999999999,,11
26.31,6.719999999999999,,11
26.32,6.719999999999999,,11
26.33,6.719999999999999,,11
26.34,6.719999999999999,,11
26.35,6.719999999999999,,11
26.36,6.719999999999999,,11
26.37,6.719999999999999,,11
26.38,6.719999999999999,,11
26.39,6.719999999999999,,11
26.4,6.719999999999999,,11
26.41,6.719999999999999,,11
26.42,6.719999999999999,,11
26.43,6.719999999999999,,11
26.44,6.719999999999999,,11
26.45,6.719999999999999,,11
26.46,6.719999999999999,,11
26.47,6.719999999999999,,11
26.48,6.719999999999999,,11
26.49,6.719999999999999,,11
26.5,6.719999999999999,,11
26.51,6.719999999999999,,11
26.52,6.719999999999999,,11
26.53,6.719999999999999,,11
26.54,6.719999999999999,,11
26.55,6.719999999999999,,11
26.56,6.719999999999999,,11
26.57,6.719999999999999,,11
26.58,6.719999999999999,,11
26.59,6.719999999999999,,11
26.6,6.719999999999999,,11
26.61,6.719999999999999,,11
26.62,6.719999999999999,,11
26.63,6.719999999999999,,11
26.64,6.719999999999999,,11
26.65,6.719999999999999,,11
26.66,6.719999999999999,,11
26.67,6.719999999999999,,11
26.68,6.719999999999999,,11
26.69,6.719999999999999,,11
26.7,6.719999999999999,,11
26.71,6.719999999999999,,11
26.72,6.719999999999999,,11
26.73,6.719999999999999,,11
26.74,6.719999999999999,,11
26.75,6.719999999999999,,11
26.76,6.719999999999999,,11
26.77,6.719999999999999,,11
26.78,6.719999999999999,,11
26.79,6.719999999999999,,11
26.8,6.719999999999999,,11
26.81,6.719999999999999,,11
26.82,6.719999999999999,,11
26.83,6.719999999999999,,11
26.84,6.719999999999999,,11
26.85,6.719999999999999,,11
26.86,6.719999999999999,,11
26.87,6.719999999999999,,11
26.88,6.719999999999999,,11
26.89,6.719999999999999,,11
26.9,6.719999999999999,,11
26.91,6.719999999999999,,11
26.92,6.719999999999999,,11
26.93,6.719999999999999,,11
26.94,6.719999999999999,,11
26.95,6.719999999999999,,11
26.96,6.719999999999999,,11
26.97,6.719999999999999,,11
26.98,6.719999999999999,,11
26.99,6.719999999999999,,11
27.0,6.719999999999999,,11
27.01,6.719999999999999,,11
27.02,6.719999999999999,,11
27.03,6.719999999999999,,11
27.04,6.719999999999999,,11
27.05,6.719999999999999,,11
27.06,6.719999999999999,,11
27.07,6.719999999999999,,11
27.08,6.719999999999999,,11
27.09,6.719999999999999,,11
27.1,6.719999999999999,,11
27.11,6.719999999999999,,11
27.12,6.719999999999999,,11
27.13,6.719999999999999,,11
27.14,6.719999999999999,,11
27.15,6.719999999999999,,11
27.16,6.719999999999999,,11
27.17,6.719999999999999,,11
27.18,6.719999999999999,,11
27.19,6.719999999999999,,11
27.2,6.719999999999999,,11
27.21,6.719999999999999,,11
27.22,6.719999999999999,,11
27.23,6.719999999999999,,11
27.24,6.719999999999999,,11
27.25,6.719999999999999,,11
27.26,6.719999999999999,,11
27.27,6.719999999999999,,11
27.28,6.719999999999999,,11
27.29,6.719999999999999,,11
27.3,6.719999999999999,,11
27.31,6.719999999999999,,11
27.32,6.719999999999999,,11
27.33,6.719999999999999,,11
27.34,6.719999999999999,,11
27.35,6.719999999999999,,11
27.36,6.719999999999999,,11
27.37,6.719999999999999,,11
27.38,6.719999999999999,,11
27.39,6.719999999999999,,11
27.4,6.719999999999999,,11
27.41,6.719999999999999,,11
27.42,6.719999999999999,,11
27.43,6.719999999999999,,11
27.44,6.719999999999999,,11
27.45,6.719999999999999,,11
27.46,6.719999999999999,,11
27.47,6.719999999999999,,11
27.48,6.719999999999999,,11
27.49,6.719999999999999,,11
27.5,6.719999999999999,,11
27.51,6.719999999999999,,11
27.52,6.719999999999999,,11
27.53,6.719999999999999,,11
27.54,6.719999999999999,,11
27.55,6.719999999999999,,11
27.56,6.719999999999999,,11
27.57,6.719999999999999,,11
27.58,6.719999999999999,,11
27.59,6.719999999999999,,11
27.6,6.719999999999999,,11
27.61,6.719999999999999,,11
27.62,6.719999999999999,,11
27.63,6.719999999999999,,11
27.64,6.719999999999999,,11
27.65,6.719999999999999,,11
27.66,6.719999999999999,,11
27.67,6.719999999999999,,11
27.68,6.719999999999999,,11
27.69,6.719999999999999,,11
27.7,6.719999999999999,,11
27.71,6.719999999999999,,11
27.72,6.719999999999999,,11
27.73,6.719999999999999,,11
27.74,6.719999999999999,,11
27.75,6.719999999999999,,11
27.76,6.719999999999999,,11
27.77,6.719999999999999,,11
27.78,6.719999999999999,,11
27.79,6.719999999999999,,11
27.8,6.719999999999999,,11
27.81,6.719999999999999,,11
27.82,6.719999999999999,,11
27.83,6.719999999999999,,11
27.84,6.719999999999999,,11
27.85,6.719999999999999,,11
27.86,6.719999999999999,,11
27.87,6.719999999999999,,11
27.88,6.719999999999999,,11
27.89,6.719999999999999,,11
27.9,6.719999999999999,,11
27.91,6.719999999999999,,11
27.92,6.719999999999999,335.99999999999994,11
27.93,6.719999999999999,134.39999999999998,11
27.94,6.719999999999999,74.66666666666666,11
27.95,6.710000000000008,55.916666666666735,11
27.96,6.710000000000008,41.93750000000005,11
27.97,6.710000000000008,35.315789473684255,11
27.98,6.710000000000008,29.173913043478294,11
27.99,6.710000000000008,25.80769230769234,11
28.0,6.700000000000017,22.333333333333393,11
28.01,6.700000000000017,20.303030303030354,11
28.02,6.700000000000017,18.108108108108155,11
28.03,6.689999999999998,16.724999999999994,11
28.04,6.689999999999998,15.20454545454545,11
28.05,6.680000000000007,14.212765957446823,11
28.06,6.680000000000007,13.098039215686288,11
28.07,6.670000000000016,12.351851851851881,11
28.08,6.670000000000016,11.500000000000028,11
28.09,6.659999999999997,10.91803278688524,11
28.1,6.650000000000006,10.230769230769239,11
28.11,6.650000000000006,9.77941176470589,11
28.12,6.640000000000015,9.222222222222243,11
28.13,6.6299999999999955,8.839999999999995,11
28.14,6.6200000000000045,8.379746835443044,11
28.15,6.6200000000000045,8.073170731707323,11
28.16,6.610000000000014,7.686046511627923,11
28.17,6.599999999999994,7.415730337078645,11
28.18,6.590000000000003,7.488636363636368,11
28.19,6.5800000000000125,7.563218390804612,11
28.2,6.569999999999993,7.6395348837209225,11
28.21,6.560000000000002,7.717647058823532,11
28.22,6.560000000000002,7.809523809523813,11
28.23,6.550000000000011,7.891566265060255,11
28.24,6.5400000000000205,7.975609756097587,11
28.25,6.530000000000001,8.06172839506173,11
28.26,6.52000000000001,8.150000000000013,11
28.27,6.52000000000001,8.253164556962037,11
28.28,6.510000000000019,8.34615384615387,11
28.29,6.5,8.441558441558442,11
28.3,6.490000000000009,8.42857142857144,11
28.31,6.480000000000018,8.526315789473708,11
28.32,6.480000000000018,8.640000000000024,11
28.33,6.469999999999999,8.743243243243242,11
28.34,6.460000000000008,8.849315068493162,11
28.35,6.460000000000008,8.972222222222234,11
28.36,6.450000000000017,9.084507042253545,11
28.37,6.439999999999998,9.070422535211264,11
28.38,6.430000000000007,9.185714285714296,11
28.39,6.430000000000007,9.318840579710155,11
28.4,6.420000000000016,9.441176470588259,11
28.41,6.409999999999997,9.567164179104472,11
28.42,6.409999999999997,9.712121212121206,11
28.43,6.400000000000006,9.696969696969704,11
28.44,6.390000000000015,9.830769230769253,11
28.45,6.390000000000015,9.984375000000023,11
28.46,6.3799999999999955,10.12698412698412,11
28.47,6.3700000000000045,10.111111111111118,11
28.48,6.3700000000000045,10.274193548387105,11
28.49,6.360000000000014,10.426229508196744,11
28.5,6.360000000000014,10.600000000000023,11
28.51,6.349999999999994,10.583333333333325,11
28.52,6.340000000000003,10.745762711864414,11
28.53,6.340000000000003,10.931034482758628,11
28.54,6.3300000000000125,10.913793103448299,11
28.55,6.3300000000000125,11.10526315789476,11
28.56,6.319999999999993,11.285714285714272,11
28.57,6.319999999999993,11.490909090909078,11
28.58,6.310000000000002,11.472727272727276,11
28.59,6.310000000000002,11.685185185185189,11
28.6,6.300000000000011,11.886792452830209,11
28.61,6.2900000000000205,11.867924528301925,11
28.62,6.2900000000000205,12.096153846153886,11
28.63,6.280000000000001,12.31372549019608,11
28.64,6.280000000000001,12.31372549019608,11
28.65,6.27000000000001,12.54000000000002,11
28.66,6.27000000000001,12.54000000000002,11
28.67,6.260000000000019,12.775510204081673,11
28.68,6.260000000000019,13.041666666666707,11
28.69,6.25,13.020833333333334,11
28.7,6.25,13.297872340425533,11
28.71,6.25,13.297872340425533,11
28.72,6.240000000000009,13.565217391304367,11
28.73,6.240000000000009,13.866666666666687,11
28.74,6.230000000000018,13.844444444444484,11
28.75,6.230000000000018,14.159090909090951,11
28.76,6.219999999999999,14.136363636363633,11
28.77,6.219999999999999,14.465116279069765,11
28.78,6.210000000000008,14.441860465116298,11
28.79,6.210000000000008,14.785714285714306,11
28.8,6.210000000000008,14.785714285714306,11
28.81,6.200000000000017,15.121951219512237,11
28.82,6.200000000000017,15.500000000000043,11
28.83,6.189999999999998,15.474999999999994,11
28.84,6.189999999999998,15.871794871794865,11
28.85,6.189999999999998,15.871794871794865,11
28.86,6.180000000000007,16.26315789473686,11
28.87,6.180000000000007,16.26315789473686,11
28.88,6.170000000000016,16.67567567567572,11
28.89,6.170000000000016,16.67567567567572,11
28.9,6.170000000000016,16.67567567567572,11
28.91,6.159999999999997,17.111111111111104,11
28.92,6.159999999999997,17.111111111111104,11
28.93,6.159999999999997,17.59999999999999,11
28.94,6.150000000000006,17.571428571428587,11
28.95,6.150000000000006,18.088235294117663,11
28.96,6.150000000000006,18.088235294117663,11
28.97,6.140000000000015,18.60606060606065,11
28.98,6.140000000000015,18.60606060606065,11
28.99,6.140000000000015,19.187500000000046,11
29.0,6.1299999999999955,19.156249999999986,11
29.01,6.1299999999999955,19.156249999999986,11
29.02,6.1299999999999955,19.774193548387082,11
29.03,6.1200000000000045,19.741935483870982,11
29.04,6.1200000000000045,20.400000000000016,11
29.05,6.1200000000000045,20.400000000000016,11
29.06,6.1200000000000045,20.400000000000016,11
29.07,6.110000000000014,21.068965517241427,11
29.08,6.110000000000014,21.068965517241427,11
29.09,6.110000000000014,21.82142857142862,11
29.1,6.099999999999994,21.785714285714263,11
29.11,6.099999999999994,21.785714285714263,11
29.12,6.099999999999994,22.59259259259257,11
29.13,6.099999999999994,22.59259259259257,11
29.14,6.090000000000003,22.555555555555568,11
29.15,6.090000000000003,23.423076923076934,11
29.16,6.090000000000003,23.423076923076934,11
29.17,6.0800000000000125,23.384615384615433,11
29.18,6.0800000000000125,24.32000000000005,11
29.19,6.0800000000000125,24.32000000000005,11
29.2,5.990000000000009,,11
29.21,6.089999999999975,,11
29.22,6.199999999999989,,11
29.23,6.309999999999974,,11
29.24,6.409999999999997,,11
29.25,6.519999999999982,,11
29.26,6.6299999999999955,,11
29.27,6.730000000000018,374.750000000008,11
29.28,6.840000000000003,214.14285714285631,11
29.29,6.940000000000026,136.18181818181887,11
29.3,7.039999999999992,106.99999999999955,11
29.31,7.150000000000006,83.22222222222234,11
29.32,7.25,71.33333333333306,11
29.33,7.350000000000023,59.920000000000016,11
29.34,7.460000000000008,53.46428571428583,11
29.35,7.560000000000002,46.78124999999996,11
29.36,7.659999999999997,42.771428571428615,11
29.37,7.760000000000019,38.35897435897431,11
29.38,7.859999999999985,35.61904761904763,11
29.39,7.960000000000008,34.79069767441863,11
29.4,8.060000000000002,34.76744186046513,11
29.41,8.170000000000016,35.59523809523809,11
29.42,8.259999999999991,35.57142857142857,11
29.43,8.360000000000014,41.50000000000006,11
29.44,8.45999999999998,51.51724137931049,11
29.45,8.560000000000002,64.91304347826075,11
29.46,8.659999999999997,93.31249999999991,11
29.47,8.759999999999991,149.30000000000052,11
29.48,8.859999999999985,497.66666666667726,11
29.49,8.949999999999989,,11
29.5,9.049999999999983,,11
29.51,9.150000000000006,,11
29.52,9.240000000000009,,11
29.53,9.340000000000003,,11
29.54,9.440000000000026,,11
29.55,9.530000000000001,,11
29.56,9.630000000000024,,11
29.57,9.719999999999999,,11
29.58,9.810000000000002,,11
29.59,9.909999999999997,,11
29.6,10.0,,11
29.61,10.099999999999994,,11
29.62,10.189999999999998,,11
29.63,10.280000000000001,,11
29.64,10.370000000000005,,11
29.65,10.45999999999998,,11
29.66,10.560000000000002,,11
29.67,10.649999999999977,,11
29.68,10.740000000000009,,11
29.69,10.829999999999984,,11
29.7,10.920000000000016,,11
29.71,11.009999999999991,,11
29.72,11.099999999999994,,11
29.73,11.189999999999998,,11
29.74,11.280000000000001,,11
29.75,11.359999999999985,,11
29.76,11.449999999999989,,11
29.77,11.54000000000002,,11
29.78,11.629999999999995,,11
29.79,11.710000000000008,,11
29.8,11.800000000000011,,11
29.81,11.890000000000015,,11
29.82,11.969999999999999,,11
29.83,12.060000000000002,,11
29.84,12.139999999999986,,11
29.85,12.230000000000018,,11
29.86,12.310000000000002,,11
29.87,12.400000000000006,,11
29.88,12.47999999999999,,11
29.89,12.560000000000002,,11
29.9,12.650000000000006,,11
29.91,12.730000000000018,,11
29.92,12.810000000000002,,11
29.93,12.890000000000015,,11
29.94,12.969999999999999,,11
29.95,13.060000000000002,,11
29.96,13.139999999999986,,11
29.97,13.219999999999999,,11
29.98,13.299999999999983,,11
29.99,13.379999999999995,,11
30.0,13.45999999999998,,11
30.01,13.539999999999992,,11
30.02,13.620000000000005,,11
30.03,13.689999999999998,,11
30.04,13.77000000000001,,11
30.05,13.849999999999994,,11
30.06,13.930000000000007,,11
30.07,14.0,,11
30.08,14.080000000000013,,11
30.09,14.090000000000003,,11
30.1,14.090000000000003,,11
30.11,14.090000000000003,,11
30.12,14.090000000000003,,11
30.13,14.090000000000003,,11
30.14,14.090000000000003,,11
30.15,14.090000000000003,,11
30.16,14.090000000000003,,11
30.17,14.090000000000003,,11
30.18,14.090000000000003,,11
30.19,14.090000000000003,,11
30.2,14.090000000000003,,11
30.21,14.08,,11
30.22,14.08,,11
30.23,14.08,,11
30.24,14.08,,11
30.25,14.08,,11
30.26,14.08,,11
30.27,14.08,,11
30.28,14.08,,11
30.29,14.08,,11
30.3,14.08,,11
30.31,14.08,,11
30.32,14.08,,11
30.33,14.08,,11
30.34,14.08,,11
30.35,14.08,,11
30.36,14.08,,11
30.37,14.08,,11
30.38,14.08,,11
30.39,14.080000000000002,,11
30.4,14.080000000000002,,11
30.41,14.08,,11
30.42,14.08,,11
30.43,14.079999999999998,,11
30.44,14.079999999999998,,11
30.45,14.080000000000002,,11
30.46,14.080000000000002,,11
30.47,14.08,,11
30.48,14.08,,11
30.49,14.079999999999998,,11
30.5,14.079999999999998,,11
30.51,14.080000000000002,,11
30.52,14.080000000000002,,11
30.53,14.08,,11
30.54,14.08,,11
30.55,14.08,,11
30.56,14.079999999999998,,11
30.57,14.079999999999998,,11
30.58,14.080000000000002,,11
30.59,14.080000000000002,,11
30.6,14.08,,11
30.61,14.079999999999998,,11
30.62,14.079999999999998,,11
30.63,14.079999999999998,,11
30.64,14.080000000000002,,11
30.65,14.080000000000002,,11
30.66,14.08,,11
30.67,14.08,,11
30.68,14.079999999999998,,11
30.69,14.079999999999998,,11
30.7,14.080000000000002,,11
30.71,14.080000000000002,,11
30.72,14.08,,11
30.73,14.08,,11
30.74,14.079999999999998,,11
30.75,14.079999999999998,,11
30.76,14.080000000000002,,11
30.77,14.080000000000002,,11
30.78,14.080000000000002,,11
30.79,14.08,,11
30.8,14.079999999999998,,11
30.81,14.079999999999998,,11
30.82,14.079999999999998,,11
30.83,14.080000000000002,,11
30.84,14.080000000000002,,11
30.85,14.08,,11
30.86,14.079999999999998,,11
30.87,14.079999999999998,,11
30.88,14.079999999999998,,11
30.89,14.080000000000002,,11
30.9,14.080000000000002,,11
30.91,14.08,,11
30.92,14.08,,11
30.93,14.079999999999998,,11
30.94,14.079999999999998,,11
30.95,14.080000000000002,,11
30.96,14.080000000000002,,11
30.97,14.08,,11
30.98,14.08,,11
30.99,14.08,,11
31.0,14.079999999999998,,11
31.01,14.080000000000002,,11
31.02,14.080000000000002,,11
31.03,14.08,,11
31.04,14.08,,11
31.05,14.08,,11
31.06,14.079999999999998,,11
31.07,14.079999999999998,,11
31.08,14.080000000000002,,11
31.09,14.08,,11
31.1,14.08,,11
31.11,14.08,,11
31.12,14.079999999999998,,11
31.13,14.079999999999998,,11
31.14,14.080000000000002,,11
31.15,14.08,,11
31.16,14.08,,11
31.17,14.08,,11
31.18,14.079999999999998,,11
31.19,14.079999999999998,,11
31.2,14.080000000000002,,11
31.21,14.080000000000002,,11
31.22,14.08,,11
31.23,14.08,,11
31.24,14.08,,11
31.25,14.079999999999998,,11
31.26,14.080000000000002,,11
31.27,14.080000000000002,,11
31.28,14.08,,11
31.29,14.08,,11
31.3,14.08,,11
31.31,14.079999999999998,,11
31.32,14.079999999999998,,11
31.33,14.080000000000002,,11
31.34,14.08,,11
31.35,14.08,,11
31.36,14.08,,11
31.37,14.079999999999998,,11
31.38,14.079999999999998,,11
31.39,14.080000000000002,,11
31.4,14.08,,11
31.41,14.08,,11
31.42,14.08,,11
31.43,14.079999999999998,,11
31.44,14.079999999999998,,11
31.45,14.080000000000002,,11
31.46,14.080000000000002,,11
31.47,14.08,,11
31.48,14.08,,11
31.49,14.08,,11
31.5,14.079999999999998,,11
31.51,14.080000000000002,,11
31.52,14.080000000000002,,11
31.53,14.08,,11
31.54,14.08,,11
31.55,14.08,,11
31.56,14.079999999999998,,11
31.57,14.079999999999998,,11
31.58,14.080000000000002,,11
31.59,14.08,,11
31.6,14.08,,11
31.61,14.08,,11
31.62,14.079999999999998,,11
31.63,14.079999999999998,,11
31.64,14.080000000000002,,11
31.65,14.08,,11
31.66,14.08,,11
31.67,14.079999999999998,,11
31.68,14.079999999999998,,11
31.69,14.079999999999998,,11
31.7,14.080000000000002,,11
31.71,14.080000000000002,,11
31.72,14.080000000000002,,11
31.73,14.079999999999998,,11
31.74,14.079999999999998,,11
31.75,14.079999999999998,,11
31.76,14.080000000000002,,11
31.77,14.080000000000002,,11
31.78,14.080000000000002,,11
31.79,14.079999999999998,,11
31.8,14.079999999999998,,11
31.81,14.079999999999998,,11
31.82,14.079999999999998,,11
31.83,14.080000000000002,,11
31.84,14.079999999999998,,11
31.85,14.079999999999998,,11
31.86,14.080000000000002,,11
31.87,14.080000000000002,,11
31.88,14.080000000000002,,11
31.89,14.080000000000002,,11
31.9,14.080000000000002,,11
31.91,14.080000000000002,,11
31.92,14.079999999999998,,11
31.93,14.079999999999998,,11
31.94,14.079999999999998,,11
31.95,14.079999999999998,,11
31.96,14.079999999999998,,11
31.97,14.079999999999998,,11
31.98,14.080000000000002,,11
31.99,14.080000000000002,,11
32.0,14.080000000000002,,11
32.01,14.080000000000002,,11
32.02,14.080000000000002,,11
32.03,14.080000000000002,,11
32.04,14.079999999999998,,11
32.05,14.079999999999998,,11
32.06,14.079999999999998,,11
32.07,14.079999999999998,,11
32.08,14.079999999999998,,11
32.09,14.079999999999998,,11
32.1,14.079999999999998,,11
32.11,14.080000000000002,,11
32.12,14.080000000000002,,11
32.13,14.080000000000002,,11
32.14,14.080000000000002,,11
32.15,14.080000000000002,,11
32.16,14.080000000000002,,11
32.17,14.079999999999998,,11
32.18,14.079999999999998,,11
32.19,14.079999999999998,,11
32.2,14.079999999999998,,11
32.21,14.079999999999998,,11
32.22,14.079999999999998,,11
32.23,14.080000000000002,,11
32.24,14.080000000000002,,11
32.25,14.080000000000002,,11
32.26,14.080000000000002,,11
32.27,14.080000000000002,,11
32.28,14.080000000000002,,11
32.29,14.079999999999998,,11
32.3,14.079999999999998,,11
32.31,14.079999999999998,,11
32.32,14.079999999999998,,11
32.33,14.079999999999998,,11
32.34,14.079999999999998,,11
32.35,14.079999999999998,,11
32.36,14.080000000000002,,11
32.37,14.080000000000002,,11
32.38,14.080000000000002,,11
32.39,14.080000000000002,,11
32.4,14.080000000000002,,11
32.41,14.080000000000002,,11
32.42,14.079999999999998,,11
32.43,14.079999999999998,,11
32.44,14.079999999999998,,11
32.45,14.079999999999998,,11
32.46,14.079999999999998,,11
32.47,14.079999999999998,,11
32.48,14.080000000000002,,11
32.49,14.080000000000002,,11
32.5,14.080000000000002,,11
32.51,14.080000000000002,,11
32.52,14.080000000000002,,11
32.53,14.080000000000002,,11
32.54,14.079999999999998,,11
32.55,14.079999999999998,,11
32.56,14.079999999999998,,11
32.57,14.079999999999998,,11
32.58,14.079999999999998,,11
32.59,14.079999999999998,,11
32.6,14.079999999999998,,11
32.61,14.080000000000002,,11
32.62,14.080000000000002,,11
32.63,14.080000000000002,,11
32.64,14.080000000000002,,11
32.65,14.080000000000002,,11
32.66,14.080000000000002,,11
32.67,14.079999999999998,,11
32.68,14.079999999999998,,11
32.69,14.079999999999998,,11
32.7,14.079999999999998,,11
32.71,14.079999999999998,,11
32.72,14.079999999999998,,11
32.73,14.080000000000002,,11
32.74,14.080000000000002,,11
32.75,14.080000000000002,,11
32.76,14.080000000000002,,11
32.77,14.080000000000002,,11
32.78,14.080000000000002,,11
32.79,14.079999999999998,,11
32.8,14.079999999999998,,11
32.81,14.079999999999998,,11
32.82,14.079999999999998,,11
32.83,14.079999999999998,,11
32.84,14.079999999999998,,11
32.85,14.079999999999998,,11
32.86,14.080000000000002,,11
32.87,14.080000000000002,,11
32.88,14.080000000000002,,11
32.89,14.080000000000002,,11
32.9,14.080000000000002,,11
32.91,14.080000000000002,,11
32.92,14.079999999999998,,11
32.93,14.079999999999998,,11
32.94,14.079999999999998,,11
32.95,14.079999999999998,,11
32.96,14.079999999999998,,11
32.97,14.079999999999998,,11
32.98,14.080000000000002,,11
32.99,14.080000000000002,,11
33.0,14.080000000000002,,11
33.01,14.080000000000002,,11
33.02,14.080000000000002,,11
33.03,14.080000000000002,,11
33.04,14.079999999999998,,11
33.05,14.079999999999998,,11
33.06,14.079999999999998,,11
33.07,14.079999999999998,,11
33.08,14.079999999999998,,11
33.09,14.079999999999998,,11
33.1,14.079999999999998,,11
33.11,14.080000000000002,,11
33.12,14.080000000000005,,11
33.13,14.080000000000005,,11
33.14,14.079999999999998,,11
33.15,14.079999999999998,,11
33.16,14.079999999999998,,11
33.17,14.079999999999998,,11
33.18,14.079999999999998,352.00000000000745,11
33.19,14.079999999999998,201.14285714285631,11
33.2,14.079999999999998,128.00000000000065,11
33.21,14.079999999999998,100.57142857142816,11
33.22,14.079999999999998,93.86666666666643,11
33.23,14.07,93.79999999999978,11
33.24,14.07,93.79999999999978,11
33.25,14.07,93.79999999999978,11
33.26,14.07,93.79999999999978,11
33.27,14.07,93.79999999999978,11
33.28,14.07,93.79999999999978,11
33.29,14.07,93.79999999999978,11
33.3,14.060000000000002,93.73333333333312,11
33.31,14.060000000000002,93.73333333333312,11
33.32,14.059999999999995,93.73333333333308,11
33.33,14.059999999999995,93.73333333333308,11
33.34,14.059999999999995,93.73333333333308,11
33.35,14.059999999999995,93.73333333333308,11
33.36,14.060000000000002,100.42857142857103,11
33.37,14.050000000000004,100.35714285714248,11
33.38,14.050000000000004,100.35714285714248,11
33.39,14.050000000000004,100.35714285714248,11
33.4,14.050000000000004,100.35714285714248,11
33.41,14.049999999999997,100.35714285714243,11
33.42,14.049999999999997,100.35714285714243,11
33.43,14.049999999999997,100.35714285714243,11
33.44,14.04,100.28571428571387,11
33.45,14.04,100.28571428571387,11
33.46,14.04,100.28571428571387,11
33.47,14.04,100.28571428571387,11
33.48,14.040000000000006,100.28571428571392,11
33.49,14.040000000000006,100.28571428571392,11
33.5,14.04,100.28571428571387,11
33.51,14.030000000000001,100.21428571428531,11
33.52,14.030000000000001,100.21428571428531,11
33.53,14.030000000000001,100.21428571428531,11
33.54,14.030000000000001,100.21428571428531,11
33.55,14.030000000000001,100.21428571428531,11
33.56,14.030000000000001,100.21428571428531,11
33.57,14.030000000000001,100.21428571428531,11
33.58,14.019999999999996,100.14285714285671,11
33.59,14.019999999999996,107.84615384615317,11
33.6,14.019999999999996,107.84615384615317,11
33.61,14.020000000000003,107.84615384615323,11
33.62,14.020000000000003,107.84615384615323,11
33.63,14.020000000000003,107.84615384615323,11
33.64,14.020000000000003,107.84615384615323,11
33.65,14.009999999999998,107.7692307692301,11
33.66,14.009999999999998,107.7692307692301,11
33.67,14.009999999999998,107.7692307692301,11
33.68,14.009999999999998,107.7692307692301,11
33.69,14.009999999999998,107.7692307692301,11
33.7,14.009999999999998,107.7692307692301,11
33.71,14.009999999999998,107.7692307692301,11
33.72,14.009999999999998,107.7692307692301,11
33.73,14.0,107.69230769230704,11
33.74,14.0,107.69230769230704,11
33.75,14.0,107.69230769230704,11
33.76,14.0,107.69230769230704,11
33.77,14.0,107.69230769230704,11
33.78,14.0,107.69230769230704,11
33.79,14.0,107.69230769230704,11
33.8,14.0,107.69230769230704,11
33.81,13.990000000000002,107.61538461538399,11
33.82,13.989999999999995,107.61538461538393,11
33.83,13.989999999999995,116.58333333333405,11
33.84,13.989999999999995,116.58333333333405,11
33.85,13.989999999999995,116.58333333333405,11
33.86,13.990000000000002,116.58333333333411,11
33.87,13.990000000000002,116.58333333333411,11
33.88,13.990000000000002,116.58333333333411,11
33.89,13.980000000000004,116.5000000000008,11
33.9,13.980000000000004,116.5000000000008,11
33.91,13.979999999999997,116.50000000000074,11
33.92,13.979999999999997,116.50000000000074,11
33.93,13.979999999999997,116.50000000000074,11
33.94,13.979999999999997,116.50000000000074,11
33.95,13.979999999999997,116.50000000000074,11
33.96,13.979999999999997,116.50000000000074,11
33.97,13.969999999999999,116.41666666666741,11
33.98,13.970000000000006,116.41666666666748,11
33.99,13.970000000000006,116.41666666666748,11
34.0,13.969999999999999,116.41666666666741,11
34.01,13.969999999999999,116.41666666666741,11
34.02,13.969999999999999,116.41666666666741,11
34.03,13.969999999999999,116.41666666666741,11
34.04,13.969999999999999,116.41666666666741,11
34.05,13.969999999999999,116.41666666666741,11
34.06,13.96,116.3333333333341,11
34.07,13.96,116.3333333333341,11
34.08,13.96,116.3333333333341,11
34.09,13.959999999999994,126.9090909090915,11
34.1,13.959999999999994,126.9090909090915,11
34.11,13.96,126.90909090909157,11
34.12,13.96,126.90909090909157,11
34.13,13.96,126.90909090909157,11
34.14,13.96,126.90909090909157,11
34.15,13.950000000000003,126.8181818181825,11
34.16,13.950000000000003,126.8181818181825,11
34.17,13.950000000000003,126.8181818181825,11
34.18,13.949999999999996,126.81818181818244,11
34.19,13.949999999999996,126.81818181818244,11
34.2,13.949999999999996,126.81818181818244,11
34.21,13.949999999999996,126.81818181818244,11
34.22,13.949999999999996,126.81818181818244,11
34.23,13.950000000000003,126.8181818181825,11
34.24,13.940000000000005,126.72727272727343,11
34.25,13.940000000000005,126.72727272727343,11
34.26,13.940000000000005,126.72727272727343,11
34.27,13.939999999999998,126.72727272727336,11
34.28,13.939999999999998,126.72727272727336,11
34.29,13.939999999999998,126.72727272727336,11
34.3,13.939999999999998,126.72727272727336,11
34.31,13.939999999999998,126.72727272727336,11
34.32,13.939999999999998,126.72727272727336,11
34.33,13.93,126.6363636363643,11
34.34,13.93,126.6363636363643,11
34.35,13.93,126.6363636363643,11
34.36,13.93,126.6363636363643,11
34.37,13.93,126.6363636363643,11
34.38,13.93,139.3000000000005,11
34.39,13.93,139.3000000000005,11
34.4,13.93,139.3000000000005,11
34.41,13.93,139.3000000000005,11
34.42,13.920000000000002,139.2000000000005,11
34.43,13.920000000000002,139.2000000000005,11
34.44,13.920000000000002,139.2000000000005,11
34.45,13.919999999999995,139.20000000000044,11
34.46,13.919999999999995,139.20000000000044,11
34.47,13.919999999999995,139.20000000000044,11
34.48,13.920000000000002,139.2000000000005,11
34.49,13.920000000000002,139.2000000000005,11
34.5,13.920000000000002,139.2000000000005,11
34.51,13.920000000000002,139.2000000000005,11
34.52,13.910000000000004,139.10000000000053,11
34.53,13.910000000000004,139.10000000000053,11
34.54,13.909999999999997,139.10000000000045,11
34.55,13.909999999999997,139.10000000000045,11
34.56,13.909999999999997,139.10000000000045,11
34.57,13.909999999999997,139.10000000000045,11
34.58,13.909999999999997,139.10000000000045,11
34.59,13.909999999999997,139.10000000000045,11
34.6,13.909999999999997,139.10000000000045,11
34.61,13.910000000000004,139.10000000000053,11
34.62,13.900000000000006,139.00000000000054,11
34.63,13.899999999999999,139.00000000000048,11
34.64,13.899999999999999,139.00000000000048,11
34.65,13.899999999999999,139.00000000000048,11
34.66,13.899999999999999,139.00000000000048,11
34.67,13.899999999999999,139.00000000000048,11
34.68,13.899999999999999,139.00000000000048,11
34.69,13.899999999999999,139.00000000000048,11
34.7,13.899999999999999,154.44444444444468,11
34.71,13.899999999999999,154.44444444444468,11
34.72,13.899999999999999,154.44444444444468,11
34.73,13.89,154.33333333333357,11
34.74,13.89,154.33333333333357,11
34.75,13.89,154.33333333333357,11
34.76,13.89,154.33333333333357,11
34.77,13.89,154.33333333333357,11
34.78,13.89,154.33333333333357,11
34.79,13.89,154.33333333333357,11
34.8,13.89,154.33333333333357,11
34.81,13.89,154.33333333333357,11
34.82,13.89,154.33333333333357,11
34.83,13.89,154.33333333333357,11
34.84,13.879999999999995,154.22222222222243,11
34.85,13.879999999999995,154.22222222222243,11
34.86,13.879999999999995,154.22222222222243,11
34.87,13.879999999999995,154.22222222222243,11
34.88,13.879999999999995,154.22222222222243,11
34.89,13.879999999999995,154.22222222222243,11
34.9,13.879999999999995,154.22222222222243,11
34.91,13.879999999999995,154.22222222222243,11
34.92,13.88000000000001,154.22222222222257,11
34.93,13.88000000000001,154.22222222222257,11
34.94,13.880000000000003,154.22222222222248,11
34.95,13.870000000000005,154.1111111111114,11
34.96,13.870000000000005,154.1111111111114,11
34.97,13.870000000000005,154.1111111111114,11
34.98,13.870000000000005,154.1111111111114,11
34.99,13.870000000000005,154.1111111111114,11
35.0,13.870000000000005,154.1111111111114,11
35.01,13.870000000000005,154.1111111111114,11
35.02,13.870000000000005,154.1111111111114,11
35.03,13.869999999999997,154.1111111111113,11
35.04,13.869999999999997,154.1111111111113,11
35.05,13.869999999999997,173.3749999999998,11
35.06,13.86,173.24999999999983,11
35.07,13.86,173.24999999999983,11
35.08,13.86,173.24999999999983,11
35.09,13.86,173.24999999999983,11
35.1,13.86,173.24999999999983,11
35.11,13.86,173.24999999999983,11
35.12,13.859999999999992,173.24999999999974,11
35.13,13.859999999999992,173.24999999999974,11
35.14,13.859999999999992,173.24999999999974,11
35.15,13.859999999999992,173.24999999999974,11
35.16,13.859999999999992,173.24999999999974,11
35.17,13.860000000000007,173.24999999999991,11
35.18,13.860000000000007,173.24999999999991,11
35.19,13.850000000000009,173.12499999999994,11
35.2,13.850000000000009,173.12499999999994,11
35.21,13.850000000000001,173.12499999999986,11
35.22,13.850000000000001,173.12499999999986,11
35.23,13.850000000000001,346.24999999999204,11
35.24,13.850000000000001,346.2500000000074,11
35.25,13.850000000000001,692.4999999999533,11
35.26,13.850000000000001,692.5000000000148,11
35.27,13.860000000000007,1386.0000000000302,11
35.28,13.850000000000009,1385.0000000000305,11
35.29,13.850000000000009,,11
35.3,13.850000000000001,,11
35.31,13.849999999999994,,11
35.32,13.849999999999994,,11
35.33,13.849999999999994,,11
35.34,13.850000000000001,,11
35.35,13.849999999999994,,11
35.36,13.86,,11
35.37,13.850000000000001,,11
35.38,13.860000000000007,,11
35.39,13.850000000000009,,11
35.4,13.86,,11
35.41,13.86,,11
35.42,13.850000000000001,,11
35.43,13.860000000000007,,11
35.44,13.859999999999992,,11
35.45,13.86,,11
35.46,13.870000000000005,,11
35.47,13.869999999999997,,11
35.48,13.859999999999992,,11
35.49,13.86,,11
35.5,13.870000000000005,,11
35.51,13.86999999999999,,11
35.52,13.869999999999997,,11
35.53,13.870000000000005,,11
35.54,13.879999999999995,,11
35.55,13.880000000000003,,11
35.56,13.88000000000001,,11
35.57,13.879999999999995,,11
35.58,13.880000000000003,,11
35.59,13.89,,11
35.6,13.89,,11
35.61,13.890000000000008,,11
35.62,13.89,,11
35.63,13.890000000000008,,11
35.64,13.899999999999999,,11
35.65,13.900000000000006,,11
35.66,13.899999999999999,,11
35.67,13.900000000000006,,11
35.68,13.910000000000004,,11
35.69,13.909999999999997,,11
35.7,13.910000000000004,,11
35.71,13.919999999999995,,11
35.72,13.920000000000009,,11
35.73,13.93,,11
35.74,13.920000000000009,,11
35.75,13.93,,11
35.76,13.93,,11
35.77,13.929999999999993,,11
35.78,13.940000000000005,,11
35.79,13.939999999999998,,11
35.8,13.93999999999999,,11
35.81,13.950000000000003,,11
35.82,13.949999999999996,,11
35.83,13.949999999999996,,11
35.84,13.950000000000003,,11
35.85,13.960000000000008,,11
35.86,13.969999999999999,,11
35.87,13.969999999999999,,11
35.88,13.979999999999997,,11
35.89,13.980000000000004,,11
35.9,13.980000000000004,,11
35.91,13.990000000000002,,11
35.92,13.989999999999995,,11
35.93,14.0,,11
35.94,13.989999999999995,,11
35.95,14.0,,11
35.96,14.0,,11
35.97,14.010000000000005,,11
35.98,14.02000000000001,,11
35.99,14.010000000000005,,11
36.0,14.019999999999996,,11
36.01,14.030000000000001,,11
36.02,14.030000000000001,,11
36.03,14.030000000000001,,11
36.04,14.039999999999992,,11
36.05,14.039999999999992,,11
36.06,14.049999999999997,,11
36.07,14.049999999999997,,11
36.08,14.060000000000002,,11
36.09,14.060000000000002,,11
36.1,14.070000000000007,,11
36.11,14.070000000000007,,11
36.12,14.070000000000007,,11
36.13,14.08999999999999,,11
36.14,14.08999999999999,,11
36.15,14.08999999999999,,11
36.16,14.08999999999999,,11
36.17,14.099999999999994,,11
36.18,14.11,,11
36.19,14.11,,11
36.2,14.11999999999999,,11
36.21,14.11999999999999,,11
36.22,14.129999999999995,,11
36.23,14.129999999999995,,11
36.24,14.14,,11
36.25,14.149999999999991,,11
36.26,14.149999999999991,,11
36.27,14.16000000000001,,11
36.28,14.159999999999997,,11
36.29,14.159999999999997,,11
36.3,14.170000000000002,,11
36.31,14.179999999999993,,11
36.32,14.179999999999993,,11
36.33,14.189999999999998,,11
36.34,14.200000000000003,,11
36.35,14.200000000000003,,11
36.36,14.209999999999994,,11
36.37,14.219999999999999,,11
36.38,14.219999999999999,,11
36.39,14.22999999999999,,11
36.4,14.230000000000004,,11
36.41,14.239999999999995,,11
36.42,14.239999999999995,,11
36.43,14.240000000000009,,11
36.44,14.260000000000005,,11
36.45,14.260000000000005,,11
36.46,14.260000000000005,,11
36.47,14.269999999999996,,11
36.48,14.280000000000001,,11
36.49,14.289999999999992,,11
36.5,14.290000000000006,,11
36.51,14.299999999999997,,11
36.52,14.300000000000011,,11
36.53,14.310000000000002,,11
36.54,14.309999999999988,,11
36.55,14.320000000000007,,11
36.56,14.329999999999998,,11
36.57,14.330000000000013,,11
36.58,14.340000000000003,,11
36.59,14.349999999999994,,11
36.6,14.36,,11
36.61,14.370000000000005,,11
36.62,14.370000000000005,,11
36.63,14.379999999999995,,11
36.64,14.38000000000001,,11
36.65,14.39,,11
36.66,14.400000000000006,,11
36.67,14.409999999999997,,11
36.68,14.409999999999997,,11
36.69,14.419999999999987,,11
36.7,14.420000000000002,,11
36.71,14.430000000000007,,11
36.72,14.439999999999998,,11
36.73,14.450000000000003,,11
36.74,14.450000000000003,,11
36.75,14.460000000000008,,11
36.76,14.469999999999999,,11
36.77,14.469999999999999,,11
36.78,14.480000000000004,,11
36.79,14.490000000000009,,11
36.8,14.5,,11
36.81,14.5,,11
36.82,14.510000000000005,,11
36.83,14.52000000000001,,11
36.84,14.519999999999996,,11
36.85,14.530000000000001,,11
36.86,14.540000000000006,,11
36.87,14.540000000000006,,11
36.88,14.549999999999997,,11
36.89,14.560000000000002,,11
36.9,14.570000000000007,,11
36.91,14.579999999999998,,11
36.92,14.58999999999999,,11
36.93,14.590000000000003,,11
36.94,14.599999999999994,,11
36.95,14.61,,11
36.96,14.620000000000005,,11
36.97,14.620000000000005,,11
36.98,14.63000000000001,,11
36.99,14.629999999999995,,11
37.0,14.650000000000006,,11
37.01,14.650000000000006,,11
37.02,14.66000000000001,,11
37.03,14.670000000000002,,11
37.04,14.679999999999993,,11
37.05,14.680000000000007,,11
37.06,14.700000000000003,,11
37.07,14.699999999999989,,11
37.08,14.710000000000008,,11
37.09,14.710000000000008,,11
37.1,14.72999999999999,,11
37.11,14.740000000000009,,11
37.12,14.740000000000009,,11
37.13,14.75,,11
37.14,14.760000000000005,,11
37.15,14.760000000000005,,11
37.16,14.769999999999996,,11
37.17,14.780000000000001,,11
37.18,14.789999999999992,,11
37.19,14.799999999999997,,11
37.2,14.810000000000002,,11
37.21,14.820000000000007,,11
37.22,14.829999999999998,,11
37.23,14.840000000000003,,11
37.24,14.83999999999999,,11
37.25,14.850000000000009,,11
37.26,14.86,,11
37.27,14.86,,11
37.28,14.86999999999999,,11
37.29,14.89,,11
37.3,14.89,,11
37.31,14.900000000000006,,11
37.32,14.909999999999997,,11
37.33,14.920000000000002,,11
37.34,14.920000000000002,,11
37.35,14.939999999999998,,11
37.36,14.939999999999998,,11
37.37,14.950000000000003,,11
37.38,14.959999999999994,,11
37.39,14.969999999999999,,11
37.4,14.97999999999999,,11
37.41,14.980000000000004,,11
37.42,15.0,,11
37.43,15.009999999999991,,11
37.44,15.010000000000005,,11
37.45,15.019999999999996,,11
37.46,15.030000000000001,,11
37.47,15.039999999999992,,11
37.48,15.049999999999997,,11
37.49,15.060000000000002,,11
37.5,15.070000000000007,,11
37.51,15.079999999999998,,11
37.52,15.079999999999998,,11
37.53,15.08999999999999,,11
37.54,15.099999999999994,,11
37.55,15.11,,11
37.56,15.11,,11
37.57,15.13000000000001,,11
37.58,15.14,,11
37.59,15.14,,11
37.6,15.16000000000001,,11
37.61,15.170000000000002,,11
37.62,15.170000000000002,,11
37.63,15.189999999999998,,11
37.64,15.189999999999998,,11
37.65,15.200000000000003,,11
37.66,15.210000000000008,,11
37.67,15.219999999999999,,11
37.68,15.219999999999999,,11
37.69,15.240000000000009,,11
37.7,15.25,,11
37.71,15.259999999999991,,11
37.72,15.259999999999991,,11
37.73,15.269999999999996,,11
37.74,15.290000000000006,,11
37.75,15.299999999999997,,11
37.76,15.310000000000002,,11
37.77,15.319999999999993,,11
37.78,15.320000000000007,,11
37.79,15.329999999999998,,11
37.8,15.350000000000009,,11
37.81,15.350000000000009,,11
37.82,15.36,,11
37.83,15.36999999999999,,11
37.84,15.379999999999995,,11
37.85,15.39,,11
37.86,15.39,,11
37.87,15.409999999999997,,11
37.88,15.420000000000002,,11
37.89,15.420000000000002,,11
37.9,15.439999999999998,,11
37.91,15.439999999999998,,11
37.92,15.459999999999994,,11
37.93,15.459999999999994,,11
37.94,15.480000000000004,,11
37.95,15.47999999999999,,11
37.96,15.5,,11
37.97,15.5,,11
37.98,15.510000000000005,,11
37.99,15.530000000000001,,11
38.0,15.530000000000001,,11
38.01,15.540000000000006,,11
38.02,15.549999999999997,,11
38.03,15.560000000000002,,11
38.04,15.569999999999993,,11
38.05,15.580000000000013,,11
38.06,15.590000000000003,,11
38.07,15.61,,11
38.08,15.61,,11
38.09,15.61999999999999,,11
38.1,15.63000000000001,,11
38.11,15.64,,11
38.12,15.650000000000006,,11
38.13,15.659999999999997,,11
38.14,15.669999999999987,,11
38.15,15.680000000000007,,11
38.16,15.689999999999998,,11
38.17,15.699999999999989,,11
38.18,15.710000000000008,,11
38.19,15.719999999999999,,11
38.2,15.72999999999999,,11
38.21,15.739999999999995,,11
38.22,15.75,,11
38.23,15.760000000000005,,11
38.24,15.759999999999991,,11
38.25,15.780000000000001,,11
38.26,15.790000000000006,,11
38.27,15.799999999999997,,11
38.28,15.810000000000002,,11
38.29,15.819999999999993,,11
38.3,15.829999999999998,,11
38.31,15.840000000000003,,11
38.32,15.850000000000009,,11
38.33,15.86,,11
38.34,15.870000000000005,,11
38.35,15.879999999999995,,11
38.36,15.89,,11
38.37,15.899999999999991,,11
38.38,15.909999999999997,,11
38.39,15.920000000000002,,11
38.4,15.929999999999993,,11
38.41,15.940000000000012,,11
38.42,15.950000000000003,,11
38.43,15.960000000000008,,11
38.44,15.969999999999999,,11
38.45,15.980000000000004,,11
38.46,15.989999999999995,,11
38.47,16.0,,11
38.48,16.010000000000005,,11
38.49,16.019999999999996,,11
38.5,16.03,,11
38.51,16.039999999999992,,11
38.52,16.049999999999997,,11
38.53,16.059999999999988,,11
38.54,16.070000000000007,,11
38.55,16.08,,11
38.56,16.090000000000003,,11
38.57,16.090000000000003,,11
38.58,16.10000000000001,,11
38.59,16.11,,11
38.6,16.120000000000005,,11
38.61,16.129999999999995,,11
38.62,16.14,,11
38.63,16.14999999999999,,11
38.64,16.159999999999997,,11
38.65,16.169999999999987,,11
38.66,16.180000000000007,,11
38.67,20.1,181.95454545454638,11
38.68,20.099999999999994,181.9545454545464,11
38.69,20.1,181.9545454545464,11
38.7,20.11,181.90909090909187,11
38.71,20.11,181.90909090909187,11
38.72,20.11,190.57142857142782,11
38.73,20.11,190.5714285714278,11
38.74,20.11,190.5714285714278,11
38.75,20.120000000000005,190.52380952380875,11
38.76,20.120000000000005,190.52380952380875,11
38.77,20.119999999999997,190.52380952380878,11
38.78,20.119999999999997,190.52380952380878,11
38.79,20.129999999999995,190.47619047618971,11
38.8,20.129999999999995,190.47619047618971,11
38.81,20.130000000000003,190.47619047618971,11
38.82,20.130000000000003,190.47619047618971,11
38.83,20.130000000000003,190.47619047618971,11
38.84,20.14,190.42857142857068,11
38.85,20.14,190.42857142857062,11
38.86,20.14,190.42857142857062,11
38.87,20.139999999999993,190.42857142857068,11
38.88,20.139999999999993,190.42857142857068,11
38.89,20.14999999999999,190.38095238095164,11
38.9,20.14999999999999,190.38095238095164,11
38.91,20.150000000000006,190.38095238095164,11
38.92,20.150000000000006,190.38095238095158,11
38.93,20.150000000000006,190.38095238095158,11
38.94,20.160000000000004,190.33333333333255,11
38.95,20.160000000000004,190.33333333333255,11
38.96,20.160000000000004,190.33333333333255,11
38.97,20.159999999999997,190.33333333333255,11
38.98,20.17,199.80000000000067,11
38.99,20.169999999999995,199.80000000000072,11
39.0,20.169999999999995,199.80000000000072,11
39.01,20.169999999999995,199.80000000000072,11
39.02,20.169999999999995,199.80000000000072,11
39.03,20.180000000000007,199.7500000000007,11
39.04,20.180000000000007,199.7500000000007,11
39.05,20.180000000000007,199.75000000000068,11
39.06,20.180000000000007,199.75000000000068,11
39.07,20.18,199.7500000000007,11
39.08,20.189999999999998,199.70000000000073,11
39.09,20.189999999999998,199.70000000000073,11
39.1,20.189999999999998,199.7000000000007,11
39.11,20.189999999999998,199.7000000000007,11
39.12,20.189999999999998,199.7000000000007,11
39.13,20.199999999999996,199.65000000000072,11
39.14,20.199999999999996,199.65000000000072,11
39.15,20.199999999999996,199.65000000000072,11
39.16,20.200000000000003,199.65000000000074,11
39.17,20.200000000000003,199.65000000000072,11
39.18,20.21,199.6000000000007,11
39.19,20.21,199.6000000000007,11
39.2,20.21,199.6000000000007,11
39.21,20.21,199.6000000000007,11
39.22,20.21,199.6000000000007,11
39.23,20.22,199.5500000000007,11
39.24,20.22,199.5500000000007,11
39.25,20.22,199.5500000000007,11
39.26,20.21999999999999,210.05263157894598,11
39.27,20.21999999999999,210.05263157894598,11
39.28,20.220000000000006,210.05263157894595,11
39.29,20.230000000000004,209.9999999999986,11
39.3,20.230000000000004,209.99999999999858,11
39.31,20.230000000000004,209.99999999999858,11
39.32,20.230000000000004,209.99999999999858,11
39.33,20.230000000000004,209.99999999999858,11
39.34,20.240000000000002,209.9473684210512,11
39.35,20.240000000000002,209.9473684210512,11
39.36,20.239999999999995,209.9473684210512,11
39.37,20.239999999999995,209.9473684210512,11
39.38,20.239999999999995,209.9473684210512,11
39.39,20.249999999999993,209.89473684210387,11
39.4,20.249999999999993,209.89473684210384,11
39.41,20.250000000000007,209.89473684210384,11
39.42,20.250000000000007,209.89473684210384,11
39.43,20.250000000000007,209.89473684210384,11
39.44,16.86,209.84210526315647,11
39.45,16.869999999999997,209.84210526315647,11
39.46,16.87,209.8421052631565,11
39.47,16.88,209.8421052631565,11
39.48,16.89,209.8421052631565,11
39.49,16.900000000000002,209.84210526315647,11
39.5,16.91,209.7894736842091,11
39.51,16.91,209.7894736842091,11
39.52,16.919999999999998,209.7894736842091,11
39.53,16.93,209.7894736842091,11
39.54,16.939999999999998,209.7894736842091,11
39.55,16.95,221.38888888888928,11
39.56,16.950000000000003,221.38888888888926,11
39.57,16.96,221.38888888888926,11
39.58,16.97,221.38888888888926,11
39.59,16.98,221.3888888888892,11
39.6,16.99,221.3333333333337,11
39.61,16.99,221.3333333333337,11
39.62,17.0,221.33333333333366,11
39.63,17.009999999999998,221.3333333333337,11
39.64,17.02,221.3333333333337,11
39.65,17.03,221.3333333333337,11
39.66,17.03,221.2777777777781,11
39.67,17.04,221.2777777777781,11
39.68,17.05,221.2777777777781,11
39.69,17.060000000000002,221.2777777777781,11
39.7,17.06,221.2777777777781,11
39.71,17.07,221.22222222222254,11
39.72,17.08,221.22222222222254,11
39.73,17.09,221.22222222222263,11
39.74,17.090000000000003,221.22222222222257,11
39.75,17.1,221.22222222222257,11
39.76,17.11,221.22222222222257,11
39.77,17.119999999999997,221.16666666666703,11
39.78,17.130000000000003,221.16666666666703,11
39.79,17.13,221.16666666666703,11
39.8,17.14,221.16666666666703,11
39.81,17.15,221.166666666667,11
39.82,17.16,221.166666666667,11
39.83,17.159999999999997,221.11111111111148,11
39.84,17.17,221.11111111111146,11
39.85,17.18,221.11111111111146,11
39.86,17.189999999999998,234.11764705882118,11
39.87,17.19,234.11764705882118,11
39.88,17.2,234.05882352940947,11
39.89,17.21,234.05882352940947,11
39.9,17.22,234.05882352940947,11
39.91,17.22,234.05882352940947,11
39.92,17.229999999999997,234.05882352940947,11
39.93,17.240000000000002,234.0588235294094,11
39.94,17.25,233.9999999999976,11
39.95,17.25,233.9999999999976,11
39.96,17.26,233.99999999999767,11
39.97,17.27,233.99999999999767,11
39.98,17.27,233.99999999999767,11
39.99,17.28,233.99999999999767,11
