vehicle_id,msg_seq,tx_t_s,rx_t_s,rx_ok,msg_type,tx_id,rx_id,cam_gdt_ms,pkt_uid
veh9,42871,1.45074,,0,CAM,9,,42871,-1
veh9,43109,1.65074,,0,CAM,9,,43109,-1
veh9,43355,1.85074,,0,CAM,9,,43355,-1
veh9,699537963737,,2.01233,0,CPM_DROP_PHY,2,9,699537963737,134
veh9,43580,,2.01608,1,CAM,5,9,43580,-1
veh9,43627,,2.02333,1,CAM,4,9,43627,-1
veh9,43704,2.05074,,0,CAM,9,,43704,-1
veh9,43710,,2.05958,0,CAM_DROP_PHY,6,9,43710,192
veh9,43752,,2.09008,0,CAM_DROP_PHY,10,9,43752,229
veh9,699537963993,,2.11008,0,CPM_DROP_PHY,10,9,699537963993,269
veh9,43779,,2.11233,1,CAM,2,9,43779,-1
veh9,699537964001,,2.11233,0,CPM_DROP_PHY,2,9,699537964001,255
veh9,43854,,2.11608,0,CAM_DROP_PHY,5,9,43854,268
veh9,699537964018,,2.13608,0,CPM_DROP_PHY,5,9,699537964018,293
veh9,43895,,2.14283,1,CAM,3,9,43895,-1
veh9,43891,,2.14908,0,CAM_DROP_PHY,8,9,43891,304
veh9,43941,,2.15458,0,CAM_DROP_PHY,6,9,43941,337
veh9,43917,,2.16458,0,CAM_DROP_PHY,7,9,43917,310
veh9,699537964109,,2.18908,0,CPM_DROP_PHY,8,9,699537964109,377
veh9,44075,,2.22333,1,CAM,4,9,44075,-1
veh9,699537964216,,2.23608,0,CPM_DROP_PHY,5,9,699537964216,407
veh9,699537964228,,2.24283,0,CPM_DROP_PHY,3,9,699537964228,425
veh9,44120,2.25074,,0,CAM,9,,44120,-1
veh9,699537964266,,2.27958,0,CPM_DROP_PHY,6,9,699537964266,463
veh9,44153,,2.29008,0,CAM_DROP_PHY,10,9,44153,485
veh9,44174,,2.31233,1,CAM,2,9,44174,-1
veh9,44249,,2.31608,1,CAM,5,9,44249,-1
veh9,44286,,2.34283,0,CAM_DROP_PHY,3,9,44286,549
veh9,44282,,2.34908,0,CAM_DROP_PHY,8,9,44282,547
veh9,44318,,2.35458,0,CAM_DROP_PHY,6,9,44318,579
veh9,699537964464,,2.37458,0,CPM_DROP_PHY,6,9,699537964464,596
veh9,44455,,2.43408,0,CAM_DROP_PHY,4,9,44455,657
veh9,699537964597,,2.43608,0,CPM_DROP_PHY,5,9,699537964597,660
veh9,44302,,2.44908,0,CAM_DROP_PHY,7,9,44302,552
veh9,44509,2.45074,,0,CAM,9,,44509,-1
veh9,699537964655,,2.47458,0,CPM_DROP_PHY,6,9,699537964655,709
veh9,44541,,2.49008,1,CAM,10,9,44541,-1
veh9,699537964700,,2.49733,0,CPM_DROP_PHY,11,9,699537964700,749
veh9,699537964795,,2.51008,0,CPM_DROP_PHY,10,9,699537964795,776
veh9,44569,,2.51233,0,CAM_DROP_PHY,2,9,44569,756
veh9,44656,,2.51608,0,CAM_DROP_PHY,5,9,44656,775
veh9,44695,,2.54283,0,CAM_DROP_PHY,3,9,44695,818
veh9,699537964835,,2.54283,0,CPM_DROP_PHY,3,9,699537964835,818
veh9,44691,,2.54908,0,CAM_DROP_PHY,8,9,44691,816
veh9,44736,2.55074,,0,CAM,9,,44736,-1
veh9,699537964895,,2.58333,0,CPM_DROP_PHY,4,9,699537964895,884
veh9,699537965024,,2.61008,0,CPM_DROP_PHY,10,9,699537965024,937
veh9,44806,,2.61733,1,CAM,11,9,44806,-1
veh9,44901,,2.62333,0,CAM_DROP_PHY,4,9,44901,954
veh9,44918,,2.64733,0,CAM_DROP_PHY,3,9,44918,977
veh9,699537965059,,2.64733,0,CPM_DROP_PHY,3,9,699537965059,977
veh9,699537965098,,2.67458,0,CPM_DROP_PHY,6,9,699537965098,1018
veh9,44991,,2.69008,0,CAM_DROP_PHY,10,9,44991,1038
veh9,45008,,2.71233,0,CAM_DROP_PHY,2,9,45008,1061
veh9,45103,,2.71608,0,CAM_DROP_PHY,5,9,45103,1075
veh9,45016,,2.71733,0,CAM_DROP_PHY,11,9,45016,1065
veh9,699537965258,,2.73608,0,CPM_DROP_PHY,5,9,699537965258,1101
veh9,45134,,2.74733,1,CAM,3,9,45134,-1
veh9,45131,,2.74908,0,CAM_DROP_PHY,8,9,45131,1113
veh9,45174,2.75074,,0,CAM,9,,45174,-1
veh9,45178,,2.76733,0,CAM_DROP_PHY,6,9,45178,1145
veh9,699537965326,,2.78733,0,CPM_DROP_PHY,6,9,699537965326,1145
veh9,699537965373,,2.79733,0,CPM_DROP_PHY,11,9,699537965373,1223
veh9,699537965472,,2.81008,0,CPM_DROP_PHY,10,9,699537965472,1244
veh9,45332,,2.81608,0,CAM_DROP_PHY,5,9,45332,1243
veh9,45247,,2.81733,1,CAM,11,9,45247,-1
veh9,45349,,2.83633,0,CAM_DROP_PHY,4,9,45349,1264
veh9,45365,,2.84733,0,CAM_DROP_PHY,3,9,45365,1284
veh9,699537965505,,2.84733,0,CPM_DROP_PHY,3,9,699537965505,1284
veh9,45158,,2.85483,1,CAM,7,9,45158,-1
veh9,699537965556,,2.86733,0,CPM_DROP_PHY,6,9,699537965556,1326
veh9,699537965584,,2.88908,0,CPM_DROP_PHY,8,9,699537965584,1352
veh9,45442,,2.89008,0,CAM_DROP_PHY,10,9,45442,1347
veh9,45461,,2.90308,0,CAM_DROP_PHY,2,9,45461,1367
veh9,45545,,2.91608,0,CAM_DROP_PHY,5,9,45545,1384
veh9,699537965696,,2.93608,0,CPM_DROP_PHY,5,9,699537965696,1402
veh9,45572,,2.94733,1,CAM,3,9,45572,-1
veh9,699537965712,,2.94733,0,CPM_DROP_PHY,3,9,699537965712,1412
veh9,45568,,2.94908,0,CAM_DROP_PHY,8,9,45568,1411
veh9,45611,2.95074,,0,CAM,9,,45611,-1
veh9,45595,,2.95483,0,CAM_DROP_PHY,7,9,45595,1416
veh9,45615,,2.96733,1,CAM,6,9,45615,-1
veh9,699537965771,,2.97633,0,CPM_DROP_PHY,4,9,699537965771,1468
veh9,45753,,3.00283,0,CAM_DROP_PHY,12,9,45753,1511
veh9,45759,,3.01608,0,CAM_DROP_PHY,5,9,45759,1520
veh9,45674,,3.01733,1,CAM,11,9,45674,-1
veh9,699537965899,,3.02333,0,CPM_DROP_PHY,10,9,699537965899,1521
veh9,699537965919,,3.03608,0,CPM_DROP_PHY,5,9,699537965919,1550
veh9,45777,,3.03633,0,CAM_DROP_PHY,4,9,45777,1547
veh9,45798,,3.04733,0,CAM_DROP_PHY,3,9,45798,1571
veh9,699537965941,,3.05483,0,CPM_DROP_PHY,7,9,699537965941,1575
veh9,699537966022,,3.08908,0,CPM_DROP_PHY,8,9,699537966022,1657
veh9,45876,,3.09008,0,CAM_DROP_PHY,10,9,45876,1645
veh9,45899,,3.10308,0,CAM_DROP_PHY,2,9,45899,1673
veh9,699537966128,,3.11008,0,CPM_DROP_PHY,10,9,699537966128,1691
veh9,45989,,3.11608,0,CAM_DROP_PHY,5,9,45989,1690
veh9,46018,,3.14908,1,CAM,8,9,46018,-1
veh9,46059,3.15074,,0,CAM,9,,46059,-1
veh9,699537966162,,3.15483,0,CPM_DROP_PHY,7,9,699537966162,1729
veh9,46063,,3.16733,0,CAM_DROP_PHY,6,9,46063,1754
veh9,46041,,3.17483,1,CAM,7,9,46041,-1
veh9,46100,,3.19008,1,CAM,10,9,46100,-1
veh9,46198,,3.20283,0,CAM_DROP_PHY,12,9,46198,1825
veh9,46117,,3.21733,0,CAM_DROP_PHY,11,9,46117,1823
veh9,46216,,3.23633,0,CAM_DROP_PHY,4,9,46216,1850
veh9,46242,,3.24733,0,CAM_DROP_PHY,3,9,46242,1870
veh9,699537966382,,3.24733,0,CPM_DROP_PHY,3,9,699537966382,1870
veh9,46260,,3.25383,1,CAM,7,9,46260,-1
veh9,699537966429,,3.27633,0,CPM_DROP_PHY,4,9,699537966429,1920
veh9,46312,,3.28758,1,CAM,10,9,46312,-1
veh9,46327,,3.30308,1,CAM,2,9,46327,-1
veh9,46415,,3.30833,0,CAM_DROP_PHY,5,9,46415,1971
veh9,699537966555,,3.32758,0,CPM_DROP_PHY,10,9,699537966555,1976
veh9,699537966568,,3.32833,0,CPM_DROP_PHY,5,9,699537966568,1993
veh9,699537966587,,3.34733,0,CPM_DROP_PHY,3,9,699537966587,2009
veh9,46446,,3.34908,1,CAM,8,9,46446,-1
veh9,46475,3.35074,,0,CAM,9,,46475,-1
veh9,46459,,3.35383,0,CAM_DROP_PHY,7,9,46459,2017
veh9,46479,,3.36733,0,CAM_DROP_PHY,6,9,46479,2035
veh9,699537966634,,3.37008,0,CPM_DROP_PHY,4,9,699537966634,2064
veh9,46527,,3.38758,0,CAM_DROP_PHY,10,9,46527,2090
veh9,46621,,3.40283,0,CAM_DROP_PHY,12,9,46621,2113
veh9,699537966778,,3.42833,0,CPM_DROP_PHY,5,9,699537966778,2137
veh9,46636,,3.43008,0,CAM_DROP_PHY,4,9,46636,2135
veh9,46656,,3.44733,0,CAM_DROP_PHY,3,9,46656,2151
veh9,699537966798,,3.45383,0,CPM_DROP_PHY,7,9,699537966798,2157
veh9,46671,,3.45383,0,CAM_DROP_PHY,7,9,46671,2157
veh9,46752,,3.50308,0,CAM_DROP_PHY,2,9,46752,2241
veh9,46839,,3.50833,0,CAM_DROP_PHY,5,9,46839,2253
veh9,46880,,3.54458,0,CAM_DROP_PHY,8,9,46880,2291
veh9,46915,3.55074,,0,CAM,9,,46915,-1
veh9,699537967026,,3.55383,0,CPM_DROP_PHY,7,9,699537967026,2298
veh9,46919,,3.56733,1,CAM,6,9,46919,-1
veh9,699537967067,,3.56733,0,CPM_DROP_PHY,6,9,699537967067,2332
veh9,46901,,3.57383,0,CAM_DROP_PHY,7,9,46901,2298
veh9,46956,,3.58758,1,CAM,10,9,46956,-1
veh9,47054,,3.60208,1,CAM,12,9,47054,-1
veh9,699537967100,,3.60458,0,CPM_DROP_PHY,8,9,699537967100,2388
veh9,699537967200,,3.62758,0,CPM_DROP_PHY,10,9,699537967200,2419
veh9,47074,,3.63008,0,CAM_DROP_PHY,4,9,47074,2433
veh9,47103,,3.64008,0,CAM_DROP_PHY,3,9,47103,2453
veh9,699537967245,,3.65383,0,CPM_DROP_PHY,7,9,699537967245,2458
veh9,47162,,3.68758,0,CAM_DROP_PHY,10,9,47162,2505
veh9,47175,,3.70308,0,CAM_DROP_PHY,2,9,47175,2520
veh9,47268,,3.70833,1,CAM,5,9,47268,-1
veh9,47180,,3.71433,0,CAM_DROP_PHY,11,9,47180,2521
veh9,47308,,3.74458,0,CAM_DROP_PHY,8,9,47308,2574
veh9,47334,3.75074,,0,CAM,9,,47334,-1
veh9,47322,,3.75383,0,CAM_DROP_PHY,7,9,47322,2579
veh9,47338,,3.75983,1,CAM,6,9,47338,-1
veh9,47381,,3.78758,0,CAM_DROP_PHY,10,9,47381,2648
veh9,47478,,3.80208,1,CAM,12,9,47478,-1
veh9,47498,,3.83008,1,CAM,4,9,47498,-1
veh9,47522,,3.84008,1,CAM,3,9,47522,-1
veh9,699537967662,,3.84008,0,CPM_DROP_PHY,3,9,699537967662,2715
veh9,699537967664,,3.85383,0,CPM_DROP_PHY,7,9,699537967664,2719
veh9,47577,,3.89308,1,CAM,10,9,47577,-1
veh9,47595,,3.90308,1,CAM,2,9,47595,-1
veh9,47682,,3.92383,0,CAM_DROP_PHY,5,9,47682,2798
veh9,47692,,3.93008,0,CAM_DROP_PHY,4,9,47692,2808
veh9,699537967848,,3.94008,0,CPM_DROP_PHY,3,9,699537967848,2830
veh9,699537967834,,3.94383,0,CPM_DROP_PHY,5,9,699537967834,2798
veh9,47707,,3.94458,1,CAM,8,9,47707,-1
veh9,47747,3.95074,,0,CAM,9,,47747,-1
veh9,47753,,3.95983,0,CAM_DROP_PHY,6,9,47753,2865
veh9,47728,,3.97383,1,CAM,7,9,47728,-1
veh9,47792,,3.99308,0,CAM_DROP_PHY,10,9,47792,2916
veh9,47894,,4.00208,0,CAM_DROP_PHY,12,9,47894,2946
veh9,699537968037,,4.01308,0,CPM_DROP_PHY,10,9,699537968037,2957
veh9,699537968042,,4.02308,0,CPM_DROP_PHY,2,9,699537968042,2961
veh9,699537968057,,4.02383,0,CPM_DROP_PHY,5,9,699537968057,2980
veh9,47914,,4.03008,0,CAM_DROP_PHY,4,9,47914,2972
veh9,699537968079,,4.04008,0,CPM_DROP_PHY,3,9,699537968079,3000
veh9,47968,,4.05983,0,CAM_DROP_PHY,6,9,47968,3028
veh9,48020,,4.09308,1,CAM,10,9,48020,-1
veh9,48046,,4.10308,0,CAM_DROP_PHY,2,9,48046,3104
veh9,48140,,4.12383,1,CAM,5,9,48140,-1
veh9,48157,,4.13008,0,CAM_DROP_PHY,4,9,48157,3139
veh9,699537968300,,4.14383,0,CPM_DROP_PHY,5,9,699537968300,3120
veh9,48173,,4.14458,1,CAM,8,9,48173,-1
veh9,48210,4.15074,,0,CAM,9,,48210,-1
veh9,48178,,4.15208,1,CAM,3,9,48178,-1
veh9,48214,,4.15983,0,CAM_DROP_PHY,6,9,48214,3195
veh9,48192,,4.17383,0,CAM_DROP_PHY,7,9,48192,3168
veh9,48260,,4.19308,1,CAM,10,9,48260,-1
veh9,48372,,4.20208,0,CAM_DROP_PHY,12,9,48372,3277
veh9,48285,,4.21433,1,CAM,11,9,48285,-1
veh9,48394,,4.23008,0,CAM_DROP_PHY,4,9,48394,3304
veh9,48418,,4.24458,0,CAM_DROP_PHY,8,9,48418,3326
veh9,699537968564,,4.25383,0,CPM_DROP_PHY,7,9,699537968564,3334
veh9,48445,,4.25983,1,CAM,6,9,48445,-1
veh9,48488,,4.29308,0,CAM_DROP_PHY,10,9,48488,3400
veh9,48508,,4.30058,0,CAM_DROP_PHY,2,9,48508,3422
veh9,48594,,4.30208,0,CAM_DROP_PHY,12,9,48594,3431
veh9,48634,,4.34458,0,CAM_DROP_PHY,8,9,48634,3474
veh9,48660,4.35074,,0,CAM,9,,48660,-1
veh9,699537968821,,4.37983,0,CPM_DROP_PHY,6,9,699537968821,3513
veh9,48709,,4.39308,1,CAM,10,9,48709,-1
veh9,48816,,4.40208,1,CAM,12,9,48816,-1
veh9,48822,,4.42383,0,CAM_DROP_PHY,5,9,48822,3579
veh9,48837,,4.42608,0,CAM_DROP_PHY,4,9,48837,3594
veh9,48853,,4.44083,0,CAM_DROP_PHY,8,9,48853,3615
veh9,48858,,4.45208,0,CAM_DROP_PHY,3,9,48858,3621
veh9,48896,,4.45983,0,CAM_DROP_PHY,6,9,48896,3654
veh9,699537969028,,4.46208,0,CPM_DROP_PHY,12,9,699537969028,3647
veh9,48874,,4.47233,0,CAM_DROP_PHY,7,9,48874,3624
veh9,48939,,4.49308,1,CAM,10,9,48939,-1
veh9,48964,,4.50058,0,CAM_DROP_PHY,2,9,48964,3729
veh9,49053,,4.50208,0,CAM_DROP_PHY,12,9,49053,3740
veh9,699537969196,,4.51308,0,CPM_DROP_PHY,10,9,699537969196,3751
veh9,49098,,4.54083,0,CAM_DROP_PHY,8,9,49098,3793
veh9,49123,4.55074,,0,CAM,9,,49123,-1
veh9,699537969239,,4.55208,0,CPM_DROP_PHY,3,9,699537969239,3798
veh9,699537969243,,4.55233,0,CPM_DROP_PHY,7,9,699537969243,3799
veh9,699537969263,,4.56208,0,CPM_DROP_PHY,12,9,699537969263,3818
veh9,699537969281,,4.57983,0,CPM_DROP_PHY,6,9,699537969281,3834
veh9,49172,,4.58358,1,CAM,10,9,49172,-1
veh9,49284,,4.60208,1,CAM,12,9,49284,-1
veh9,49302,,4.62608,0,CAM_DROP_PHY,4,9,49302,3925
veh9,699537969469,,4.65233,0,CPM_DROP_PHY,7,9,699537969469,3956
veh9,49352,,4.65983,0,CAM_DROP_PHY,6,9,49352,3977
veh9,699537969485,,4.66208,0,CPM_DROP_PHY,12,9,699537969485,3970
veh9,49402,,4.68358,0,CAM_DROP_PHY,10,9,49402,4021
veh9,49422,,4.70058,0,CAM_DROP_PHY,2,9,49422,4048
veh9,49511,,4.70208,1,CAM,12,9,49511,-1
veh9,49427,,4.70758,0,CAM_DROP_PHY,11,9,49427,4049
veh9,49517,,4.72383,1,CAM,5,9,49517,-1
veh9,49542,,4.74083,0,CAM_DROP_PHY,8,9,49542,4099
veh9,699537969669,,4.74383,0,CPM_DROP_PHY,5,9,699537969669,4063
veh9,49579,4.75074,,0,CAM,9,,49579,-1
veh9,49547,,4.75208,0,CAM_DROP_PHY,3,9,49547,4102
veh9,699537969689,,4.75233,0,CPM_DROP_PHY,7,9,699537969689,4104
veh9,49561,,4.77233,0,CAM_DROP_PHY,7,9,49561,4104
veh9,49635,,4.78358,0,CAM_DROP_PHY,10,9,49635,4187
veh9,699537969779,,4.80083,0,CPM_DROP_PHY,8,9,699537969779,4199
veh9,49738,,4.80208,0,CAM_DROP_PHY,12,9,49738,4214
veh9,699537969893,,4.82383,0,CPM_DROP_PHY,5,9,699537969893,4239
veh9,699537969938,,4.86208,0,CPM_DROP_PHY,12,9,699537969938,4270
veh9,49838,,4.88358,0,CAM_DROP_PHY,10,9,49838,4301
veh9,49853,,4.90058,0,CAM_DROP_PHY,2,9,49853,4320
veh9,49934,,4.92083,0,CAM_DROP_PHY,12,9,49934,4326
veh9,49949,,4.92608,1,CAM,4,9,49949,-1
veh9,50011,,4.96858,1,CAM,6,9,50011,-1
veh9,50048,,4.98358,1,CAM,10,9,50048,-1
veh9,699537970168,,4.98608,0,CPM_DROP_PHY,4,9,699537970168,4413
veh9,699537970202,,5.00758,0,CPM_DROP_PHY,11,9,699537970202,4453
veh9,699537970300,,5.02058,0,CPM_DROP_PHY,2,9,699537970300,4470
veh9,50148,,5.02083,1,CAM,12,9,50148,-1
veh9,50154,,5.02383,0,CAM_DROP_PHY,5,9,50154,4464
veh9,50191,,5.03983,0,CAM_DROP_PHY,8,9,50191,4510
veh9,699537970313,,5.04383,0,CPM_DROP_PHY,5,9,699537970313,4464
veh9,50212,,5.04658,1,CAM,7,9,50212,-1
veh9,50239,5.05074,,0,CAM,9,,50239,-1
veh9,50197,,5.05208,1,CAM,3,9,50197,-1
veh9,699537970337,,5.05208,0,CPM_DROP_PHY,3,9,699537970337,4515
veh9,50287,,5.08583,1,CAM,10,9,50287,-1
veh9,50306,,5.10058,1,CAM,2,9,50306,-1
veh9,50392,,5.12083,0,CAM_DROP_PHY,12,9,50392,4633
veh9,50398,,5.12383,0,CAM_DROP_PHY,5,9,50398,4639
veh9,50446,,5.14658,1,CAM,7,9,50446,-1
veh9,50431,,5.15208,1,CAM,3,9,50431,-1
veh9,50505,,5.18583,0,CAM_DROP_PHY,10,9,50505,4743
veh9,50529,,5.20383,0,CAM_DROP_PHY,11,9,50529,4769
veh9,50616,,5.22083,1,CAM,12,9,50616,-1
veh9,50623,,5.22383,1,CAM,5,9,50623,-1
veh9,699537970763,,5.22583,0,CPM_DROP_PHY,10,9,699537970763,4787
veh9,50636,,5.22608,1,CAM,4,9,50636,-1
veh9,50673,,5.24658,0,CAM_DROP_PHY,7,9,50673,4838
veh9,50700,5.25074,,0,CAM,9,,50700,-1
veh9,50658,,5.25208,1,CAM,3,9,50658,-1
veh9,50706,,5.26858,0,CAM_DROP_PHY,6,9,50706,4868
veh9,50742,,5.28583,0,CAM_DROP_PHY,10,9,50742,4911
veh9,50757,,5.30058,0,CAM_DROP_PHY,2,9,50757,4930
veh9,50842,,5.32133,1,CAM,5,9,50842,-1
veh9,50869,,5.33983,0,CAM_DROP_PHY,8,9,50869,4969
veh9,699537970996,,5.34133,0,CPM_DROP_PHY,5,9,699537970996,4959
veh9,50903,5.35074,,0,CAM,9,,50903,-1
veh9,50874,,5.35208,0,CAM_DROP_PHY,3,9,50874,4976
veh9,699537971044,,5.36083,0,CPM_DROP_PHY,12,9,699537971044,5004
veh9,699537971062,,5.38208,0,CPM_DROP_PHY,4,9,699537971062,5039
veh9,51039,,5.42083,1,CAM,12,9,51039,-1
veh9,699537971194,,5.44133,0,CPM_DROP_PHY,5,9,699537971194,5088
veh9,51088,,5.44658,0,CAM_DROP_PHY,7,9,51088,5105
veh9,51103,5.45074,,0,CAM,9,,51103,-1
veh9,51071,,5.45208,1,CAM,3,9,51071,-1
veh9,51139,,5.48583,1,CAM,10,9,51139,-1
veh9,51157,,5.50058,0,CAM_DROP_PHY,2,9,51157,5187
veh9,699537971288,,5.50383,0,CPM_DROP_PHY,11,9,699537971288,5183
veh9,51246,,5.52083,1,CAM,12,9,51246,-1
veh9,51255,,5.52133,0,CAM_DROP_PHY,5,9,51255,5206
veh9,51271,,5.53383,0,CAM_DROP_PHY,4,9,51271,5224
veh9,51299,,5.53458,1,CAM,3,9,51299,-1
veh9,699537971444,,5.54658,0,CPM_DROP_PHY,7,9,699537971444,5274
veh9,51334,5.55074,,0,CAM,9,,51334,-1
veh9,51339,,5.56858,0,CAM_DROP_PHY,6,9,51339,5302
veh9,51480,,5.62083,0,CAM_DROP_PHY,12,9,51480,5369
veh9,51510,,5.63983,0,CAM_DROP_PHY,8,9,51510,5403
veh9,699537971635,,5.64133,0,CPM_DROP_PHY,5,9,699537971635,5392
veh9,51530,,5.64908,1,CAM,7,9,51530,-1
veh9,699537971691,,5.66858,0,CPM_DROP_PHY,6,9,699537971691,5449
veh9,51579,,5.68583,0,CAM_DROP_PHY,10,9,51579,5471
veh9,51595,,5.69933,0,CAM_DROP_PHY,2,9,51595,5490
veh9,51599,,5.71333,0,CAM_DROP_PHY,11,9,51599,5491
veh9,51687,,5.72083,0,CAM_DROP_PHY,12,9,51687,5502
veh9,51693,,5.72133,0,CAM_DROP_PHY,5,9,51693,5510
veh9,699537971832,,5.72583,0,CPM_DROP_PHY,10,9,699537971832,5512
veh9,51726,,5.73458,0,CAM_DROP_PHY,3,9,51726,5557
veh9,51758,5.75074,,0,CAM,9,,51758,-1
veh9,699537971897,,5.76083,0,CPM_DROP_PHY,12,9,699537971897,5588
veh9,51813,,5.80233,1,CAM,11,9,51813,-1
veh9,51894,,5.82083,0,CAM_DROP_PHY,12,9,51894,5653
veh9,51911,,5.83383,0,CAM_DROP_PHY,4,9,51911,5670
veh9,51962,,5.86858,1,CAM,6,9,51962,-1
veh9,52005,,5.89933,1,CAM,2,9,52005,-1
veh9,52009,,5.90233,0,CAM_DROP_PHY,11,9,52009,5768
veh9,52090,,5.92083,1,CAM,12,9,52090,-1
veh9,699537972233,,5.92583,0,CPM_DROP_PHY,10,9,699537972233,5786
veh9,52128,,5.93983,0,CAM_DROP_PHY,8,9,52128,5820
veh9,699537972271,,5.94908,0,CPM_DROP_PHY,7,9,699537972271,5830
veh9,52142,,5.94908,0,CAM_DROP_PHY,7,9,52142,5830
veh9,52200,,6.00233,0,CAM_DROP_PHY,11,9,52200,5886
veh9,699537972422,,6.01933,0,CPM_DROP_PHY,2,9,699537972422,5905
veh9,52278,,6.02308,0,CAM_DROP_PHY,5,9,52278,5900
veh9,52320,,6.03458,1,CAM,3,9,52320,-1
veh9,52314,,6.03983,0,CAM_DROP_PHY,8,9,52314,5931
veh9,52348,6.05074,,0,CAM,9,,52348,-1
veh9,699537972460,,6.05458,0,CPM_DROP_PHY,3,9,699537972460,5947
veh9,52352,,6.06858,0,CAM_DROP_PHY,6,9,52352,5971
veh9,52406,,6.09933,0,CAM_DROP_PHY,2,9,52406,6034
veh9,52410,,6.10233,0,CAM_DROP_PHY,11,9,52410,6035
veh9,52488,,6.12083,1,CAM,12,9,52488,-1
veh9,699537972650,,6.12308,0,CPM_DROP_PHY,5,9,699537972650,6084
veh9,699537972632,,6.12583,0,CPM_DROP_PHY,10,9,699537972632,6055
veh9,52506,,6.13383,0,CAM_DROP_PHY,4,9,52506,6072
veh9,52528,,6.13983,0,CAM_DROP_PHY,8,9,52528,6099
veh9,52559,,6.15958,0,CAM_DROP_PHY,6,9,52559,6130
veh9,699537972692,,6.16083,0,CPM_DROP_PHY,12,9,699537972692,6129
veh9,52592,,6.18583,1,CAM,10,9,52592,-1
veh9,52615,,6.20233,0,CAM_DROP_PHY,11,9,52615,6193
veh9,52714,,6.22208,1,CAM,4,9,52714,-1
veh9,699537972856,,6.22308,0,CPM_DROP_PHY,5,9,699537972856,6230
veh9,699537972840,,6.22583,0,CPM_DROP_PHY,10,9,699537972840,6208
veh9,52736,,6.23983,1,CAM,8,9,52736,-1
veh9,52750,,6.24908,0,CAM_DROP_PHY,7,9,52750,6264
veh9,52761,,6.25958,0,CAM_DROP_PHY,6,9,52761,6273
veh9,52798,,6.29933,0,CAM_DROP_PHY,2,9,52798,6312
veh9,52802,,6.30233,1,CAM,11,9,52802,-1
veh9,52902,,6.32208,1,CAM,4,9,52902,-1
veh9,52891,,6.32308,1,CAM,5,9,52891,-1
veh9,52923,,6.33458,0,CAM_DROP_PHY,3,9,52923,6364
veh9,52944,6.35074,,0,CAM,9,,52944,-1
veh9,52949,,6.37108,0,CAM_DROP_PHY,6,9,52949,6388
veh9,53013,,6.40233,0,CAM_DROP_PHY,11,9,53013,6457
veh9,53095,,6.41158,1,CAM,12,9,53095,-1
veh9,699537973238,,6.41758,0,CPM_DROP_PHY,10,9,699537973238,6470
veh9,53115,,6.42208,0,CAM_DROP_PHY,4,9,53115,6489
veh9,699537973257,,6.42308,0,CPM_DROP_PHY,5,9,699537973257,6497
veh9,53132,,6.43883,0,CAM_DROP_PHY,8,9,53132,6509
veh9,699537973274,,6.45458,0,CPM_DROP_PHY,3,9,699537973274,6518
veh9,53165,,6.47108,1,CAM,6,9,53165,-1
veh9,699537973298,,6.47158,0,CPM_DROP_PHY,12,9,699537973298,6539
veh9,53213,,6.49933,0,CAM_DROP_PHY,2,9,53213,6592
veh9,699537973345,,6.50233,0,CPM_DROP_PHY,11,9,699537973345,6590
veh9,53321,,6.52258,0,CAM_DROP_PHY,4,9,53321,6628
veh9,53358,,6.54458,1,CAM,7,9,53358,-1
veh9,699537973547,,6.59883,0,CPM_DROP_PHY,8,9,699537973547,6717
veh9,53424,,6.60233,1,CAM,11,9,53424,-1
veh9,53530,,6.62258,0,CAM_DROP_PHY,4,9,53530,6761
veh9,53512,,6.62483,0,CAM_DROP_PHY,5,9,53512,6744
veh9,53553,,6.63883,1,CAM,8,9,53553,-1
veh9,53559,,6.64858,0,CAM_DROP_PHY,3,9,53559,6789
veh9,53580,6.65074,,0,CAM,9,,53580,-1
veh9,53584,,6.65958,0,CAM_DROP_PHY,6,9,53584,6810
veh9,53612,,6.69758,1,CAM,10,9,53612,-1
veh9,53627,,6.69933,1,CAM,2,9,53627,-1
veh9,53715,,6.71158,0,CAM_DROP_PHY,12,9,53715,6868
veh9,53741,,6.72258,0,CAM_DROP_PHY,4,9,53741,6904
veh9,699537973902,,6.74858,0,CPM_DROP_PHY,3,9,699537973902,6933
veh9,699537974040,,6.81758,0,CPM_DROP_PHY,10,9,699537974040,6984
veh9,53940,,6.84458,1,CAM,7,9,53940,-1
veh9,699537974101,,6.88258,0,CPM_DROP_PHY,4,9,699537974101,7042
veh9,54006,,6.90233,0,CAM_DROP_PHY,11,9,54006,7082
veh9,54002,,6.91608,1,CAM,2,9,54002,-1
veh9,54109,,6.92258,0,CAM_DROP_PHY,4,9,54109,7110
veh9,54091,,6.92483,1,CAM,5,9,54091,-1
veh9,54132,,6.93883,0,CAM_DROP_PHY,8,9,54132,7134
veh9,699537974278,,6.94458,0,CPM_DROP_PHY,7,9,699537974278,7142
veh9,54137,,6.94858,0,CAM_DROP_PHY,3,9,54137,7140
veh9,54158,6.95074,,0,CAM,9,,54158,-1
veh9,54165,,6.95958,1,CAM,6,9,54165,-1
veh9,699537974318,,6.98258,0,CPM_DROP_PHY,4,9,699537974318,7195
veh9,699537974357,,7.00233,0,CPM_DROP_PHY,11,9,699537974357,7243
veh9,699537974456,,7.01608,0,CPM_DROP_PHY,2,9,699537974456,7261
veh9,699537974470,,7.02483,0,CPM_DROP_PHY,5,9,699537974470,7281
veh9,699537974490,,7.04458,0,CPM_DROP_PHY,7,9,699537974490,7300
veh9,54378,7.05074,,0,CAM,9,,54378,-1
veh9,699537974518,,7.07158,0,CPM_DROP_PHY,12,9,699537974518,7319
veh9,54436,,7.11608,0,CAM_DROP_PHY,2,9,54436,7383
veh9,699537974655,,7.11758,0,CPM_DROP_PHY,10,9,699537974655,7396
veh9,54532,,7.12133,0,CAM_DROP_PHY,4,9,54532,7412
veh9,54566,,7.14458,1,CAM,7,9,54566,-1
veh9,699537974687,,7.14858,0,CPM_DROP_PHY,3,9,699537974687,7435
veh9,54586,7.15074,,0,CAM,9,,54586,-1
veh9,54705,,7.21958,0,CAM_DROP_PHY,5,9,54705,7509
veh9,54734,,7.23883,1,CAM,8,9,54734,-1
veh9,699537974881,,7.24458,0,CPM_DROP_PHY,7,9,699537974881,7542
veh9,54756,,7.24458,0,CAM_DROP_PHY,7,9,54756,7542
veh9,54739,,7.24858,1,CAM,3,9,54739,-1
veh9,54775,7.25074,,0,CAM,9,,54775,-1
veh9,54780,,7.26158,1,CAM,6,9,54780,-1
veh9,54809,,7.29758,0,CAM_DROP_PHY,10,9,54809,7614
veh9,54823,,7.29908,0,CAM_DROP_PHY,2,9,54823,7623
veh9,54904,,7.31158,0,CAM_DROP_PHY,12,9,54904,7635
veh9,699537975050,,7.31758,0,CPM_DROP_PHY,10,9,699537975050,7649
veh9,54910,,7.31958,0,CAM_DROP_PHY,5,9,54910,7646
veh9,699537975081,,7.34458,0,CPM_DROP_PHY,7,9,699537975081,7685
veh9,54956,,7.34458,1,CAM,7,9,54956,-1
veh9,54975,7.35074,,0,CAM,9,,54975,-1
veh9,699537975130,,7.38133,0,CPM_DROP_PHY,4,9,699537975130,7733
veh9,55035,,7.40483,1,CAM,11,9,55035,-1
veh9,55121,,7.41958,0,CAM_DROP_PHY,5,9,55121,7785
veh9,55133,,7.42133,0,CAM_DROP_PHY,4,9,55133,7800
veh9,699537975276,,7.43958,0,CPM_DROP_PHY,5,9,699537975276,7805
veh9,699537975289,,7.44458,0,CPM_DROP_PHY,7,9,699537975289,7821
veh9,55165,,7.44458,0,CAM_DROP_PHY,7,9,55165,7821
veh9,55187,7.45074,,0,CAM,9,,55187,-1
veh9,55240,,7.49908,0,CAM_DROP_PHY,2,9,55240,7903
veh9,699537975464,,7.51758,0,CPM_DROP_PHY,10,9,699537975464,7923
veh9,55324,,7.51958,0,CAM_DROP_PHY,5,9,55324,7921
veh9,55359,,7.53558,0,CAM_DROP_PHY,8,9,55359,7963
veh9,699537975485,,7.53958,0,CPM_DROP_PHY,5,9,699537975485,7948
veh9,699537975506,,7.54458,0,CPM_DROP_PHY,7,9,699537975506,7970
veh9,55382,,7.54458,0,CAM_DROP_PHY,7,9,55382,7970
veh9,55363,,7.54808,0,CAM_DROP_PHY,3,9,55363,7964
veh9,699537975503,,7.54808,0,CPM_DROP_PHY,3,9,699537975503,7964
veh9,55401,7.55074,,0,CAM,9,,55401,-1
veh9,55407,,7.56158,1,CAM,6,9,55407,-1
veh9,699537975560,,7.58133,0,CPM_DROP_PHY,4,9,699537975560,8028
veh9,55547,,7.61958,0,CAM_DROP_PHY,5,9,55547,8092
veh9,55640,,7.69908,0,CAM_DROP_PHY,2,9,55640,8176
veh9,55730,,7.72133,0,CAM_DROP_PHY,4,9,55730,8198
veh9,699537975873,,7.73958,0,CPM_DROP_PHY,5,9,699537975873,8203
veh9,55758,,7.75008,0,CAM_DROP_PHY,7,9,55758,8214
veh9,699537975912,,7.77058,0,CPM_DROP_PHY,12,9,699537975912,8234
veh9,699537975957,,7.79933,0,CPM_DROP_PHY,11,9,699537975957,8276
veh9,55904,,7.81058,1,CAM,12,9,55904,-1
veh9,55910,,7.81958,0,CAM_DROP_PHY,5,9,55910,8291
veh9,55934,,7.83558,0,CAM_DROP_PHY,8,9,55934,8323
veh9,699537976062,,7.83958,0,CPM_DROP_PHY,5,9,699537976062,8314
veh9,55938,,7.84808,1,CAM,3,9,55938,-1
veh9,55970,7.85074,,0,CAM,9,,55970,-1
veh9,55976,,7.87233,0,CAM_DROP_PHY,6,9,55976,8360
veh9,56010,,7.89458,0,CAM_DROP_PHY,10,9,56010,8403
veh9,56025,,7.89908,0,CAM_DROP_PHY,2,9,56025,8419
veh9,56141,,7.95008,0,CAM_DROP_PHY,7,9,56141,8453
veh9,699537976330,,7.99558,0,CPM_DROP_PHY,8,9,699537976330,8504
veh9,56205,,7.99933,0,CAM_DROP_PHY,11,9,56205,8515
veh9,56336,,8.01058,1,CAM,12,9,56336,-1
veh9,699537976482,,8.01458,0,CPM_DROP_PHY,10,9,699537976482,8533
veh9,56342,,8.01958,0,CAM_DROP_PHY,5,9,56342,8527
veh9,56382,,8.03558,0,CAM_DROP_PHY,8,9,56382,8586
veh9,699537976509,,8.03958,0,CPM_DROP_PHY,5,9,699537976509,8568
veh9,699537976524,,8.04808,0,CPM_DROP_PHY,3,9,699537976524,8589
veh9,699537976558,,8.07058,0,CPM_DROP_PHY,12,9,699537976558,8621
veh9,699537976609,,8.09558,0,CPM_DROP_PHY,8,9,699537976609,8669
veh9,56487,,8.09908,0,CAM_DROP_PHY,2,9,56487,8689
veh9,56588,,8.13558,0,CAM_DROP_PHY,8,9,56588,8730
veh9,56593,,8.14808,1,CAM,3,9,56593,-1
veh9,56628,8.15074,,0,CAM,9,,56628,-1
veh9,699537976767,,8.17058,0,CPM_DROP_PHY,12,9,699537976767,8765
veh9,56634,,8.17233,1,CAM,6,9,56634,-1
veh9,56678,,8.19908,0,CAM_DROP_PHY,2,9,56678,8820
veh9,56756,,8.21058,1,CAM,12,9,56756,-1
veh9,56783,,8.23258,1,CAM,8,9,56783,-1
veh9,699537976912,,8.23958,0,CPM_DROP_PHY,5,9,699537976912,8852
veh9,56799,,8.25008,0,CAM_DROP_PHY,7,9,56799,8870
veh9,56855,,8.31283,0,CAM_DROP_PHY,2,9,56855,8924
veh9,56930,,8.31958,0,CAM_DROP_PHY,5,9,56930,8931
veh9,56943,,8.32933,1,CAM,4,9,56943,-1
veh9,56960,,8.33258,0,CAM_DROP_PHY,8,9,56960,8967
veh9,699537977086,,8.33958,0,CPM_DROP_PHY,5,9,699537977086,8952
veh9,56994,,8.36058,0,CAM_DROP_PHY,6,9,56994,9001
veh9,699537977128,,8.36783,0,CPM_DROP_PHY,12,9,699537977128,9000
veh9,57038,,8.41283,0,CAM_DROP_PHY,2,9,57038,9043
veh9,57140,,8.44808,0,CAM_DROP_PHY,3,9,57140,9073
veh9,57166,8.45074,,0,CAM,9,,57166,-1
veh9,57173,,8.45783,1,CAM,6,9,57173,-1
veh9,699537977320,,8.47783,0,CPM_DROP_PHY,6,9,699537977320,9123
veh9,57219,,8.49458,1,CAM,10,9,57219,-1
veh9,57320,,8.50783,1,CAM,12,9,57320,-1
veh9,57238,,8.51283,1,CAM,2,9,57238,-1
veh9,57349,,8.53258,0,CAM_DROP_PHY,8,9,57349,9222
veh9,57381,,8.55783,1,CAM,6,9,57381,-1
veh9,57434,,8.59933,0,CAM_DROP_PHY,11,9,57434,9311
veh9,57430,,8.61283,0,CAM_DROP_PHY,2,9,57430,9315
veh9,699537977653,,8.61458,0,CPM_DROP_PHY,10,9,699537977653,9331
veh9,57534,,8.62008,0,CAM_DROP_PHY,4,9,57534,9350
veh9,57513,,8.62033,0,CAM_DROP_PHY,5,9,57513,9326
veh9,699537977689,,8.64358,0,CPM_DROP_PHY,3,9,699537977689,9377
veh9,57581,,8.65783,1,CAM,6,9,57581,-1
veh9,57366,,8.66033,0,CAM_DROP_PHY,7,9,57366,9241
veh9,699537977714,,8.66783,0,CPM_DROP_PHY,12,9,699537977714,9404
veh9,57658,,8.69458,1,CAM,10,9,57658,-1
veh9,699537977814,,8.69933,0,CPM_DROP_PHY,11,9,699537977814,9476
veh9,57684,,8.71283,1,CAM,2,9,57684,-1
veh9,57786,,8.73258,0,CAM_DROP_PHY,8,9,57786,9526
veh9,57790,,8.74358,0,CAM_DROP_PHY,3,9,57790,9531
veh9,57815,8.75074,,0,CAM,9,,57815,-1
veh9,57821,,8.75783,0,CAM_DROP_PHY,6,9,57821,9564
veh9,57851,,8.79458,0,CAM_DROP_PHY,10,9,57851,9601
veh9,57947,,8.80783,0,CAM_DROP_PHY,12,9,57947,9628
veh9,57870,,8.81283,1,CAM,2,9,57870,-1
veh9,58033,,8.89458,0,CAM_DROP_PHY,10,9,58033,9711
veh9,58051,,8.91283,0,CAM_DROP_PHY,2,9,58051,9735
veh9,58141,,8.92008,0,CAM_DROP_PHY,4,9,58141,9764
veh9,58129,,8.92033,0,CAM_DROP_PHY,5,9,58129,9749
veh9,57986,,8.94033,0,CAM_DROP_PHY,7,9,57986,9672
veh9,58190,,8.95783,1,CAM,6,9,58190,-1
veh9,699537978323,,8.96783,0,CPM_DROP_PHY,12,9,699537978323,9812
veh9,58218,,8.99458,0,CAM_DROP_PHY,10,9,58218,9844
veh9,58233,,9.01283,0,CAM_DROP_PHY,2,9,58233,9861
veh9,58328,,9.03258,1,CAM,8,9,58328,-1
veh9,58333,,9.04358,1,CAM,3,9,58333,-1
veh9,58359,9.05074,,0,CAM,9,,58359,-1
veh9,699537978508,,9.07783,0,CPM_DROP_PHY,6,9,699537978508,9946
veh9,58395,,9.09258,0,CAM_DROP_PHY,10,9,58395,9961
veh9,58411,,9.11283,1,CAM,2,9,58411,-1
veh9,699537978633,,9.14058,0,CPM_DROP_PHY,5,9,699537978633,10004
veh9,58529,9.15074,,0,CAM,9,,58529,-1
veh9,58565,,9.19258,1,CAM,10,9,58565,-1
veh9,58657,,9.20783,0,CAM_DROP_PHY,12,9,58657,10098
veh9,58581,,9.20983,0,CAM_DROP_PHY,2,9,58581,10091
veh9,699537978803,,9.21258,0,CPM_DROP_PHY,10,9,699537978803,10107
veh9,58585,,9.21858,0,CAM_DROP_PHY,11,9,58585,10094
veh9,58684,,9.22008,0,CAM_DROP_PHY,4,9,58684,10129
veh9,58663,,9.22058,0,CAM_DROP_PHY,5,9,58663,10103
veh9,699537978809,,9.22983,0,CPM_DROP_PHY,2,9,699537978809,10112
veh9,58518,,9.24033,1,CAM,7,9,58518,-1
veh9,699537978846,,9.24033,0,CPM_DROP_PHY,7,9,699537978846,10171
veh9,58742,9.25074,,0,CAM,9,,58742,-1
veh9,58749,,9.25783,0,CAM_DROP_PHY,6,9,58749,10199
veh9,699537978903,,9.28008,0,CPM_DROP_PHY,4,9,699537978903,10225
veh9,58790,,9.29258,1,CAM,10,9,58790,-1
veh9,699537978948,,9.29858,0,CPM_DROP_PHY,11,9,699537978948,10281
veh9,58816,,9.30983,1,CAM,2,9,58816,-1
veh9,58920,,9.34358,0,CAM_DROP_PHY,3,9,58920,10335
veh9,58945,9.35074,,0,CAM,9,,58945,-1
veh9,58988,,9.40983,0,CAM_DROP_PHY,2,9,58988,10406
veh9,58915,,9.43233,1,CAM,8,9,58915,-1
veh9,699537979212,,9.44058,0,CPM_DROP_PHY,5,9,699537979212,10427
veh9,699537979223,,9.45408,0,CPM_DROP_PHY,7,9,699537979223,10437
veh9,59096,,9.45408,0,CAM_DROP_PHY,7,9,59096,10437
veh9,59144,,9.49258,1,CAM,10,9,59144,-1
veh9,59158,,9.50983,0,CAM_DROP_PHY,2,9,59158,10500
veh9,59162,,9.51858,0,CAM_DROP_PHY,11,9,59162,10502
veh9,59237,,9.52058,0,CAM_DROP_PHY,5,9,59237,10509
veh9,59251,,9.53458,1,CAM,4,9,59251,-1
veh9,59295,9.55074,,0,CAM,9,,59295,-1
veh9,699537979406,,9.55408,0,CPM_DROP_PHY,7,9,699537979406,10553
veh9,59284,,9.55408,0,CAM_DROP_PHY,7,9,59284,10553
veh9,59299,,9.55683,0,CAM_DROP_PHY,6,9,59299,10571
veh9,59344,,9.60983,0,CAM_DROP_PHY,2,9,59344,10623
veh9,59440,,9.63233,1,CAM,8,9,59440,-1
veh9,59445,,9.63908,0,CAM_DROP_PHY,3,9,59445,10654
veh9,699537979568,,9.64058,0,CPM_DROP_PHY,5,9,699537979568,10644
veh9,699537979585,,9.65408,0,CPM_DROP_PHY,7,9,699537979585,10657
veh9,59458,,9.65408,1,CAM,7,9,59458,-1
veh9,699537979619,,9.67683,0,CPM_DROP_PHY,6,9,699537979619,10697
veh9,59510,,9.69258,1,CAM,10,9,59510,-1
veh9,59527,,9.70958,1,CAM,2,9,59527,-1
veh9,59530,,9.72733,1,CAM,11,9,59530,-1
veh9,59653,9.75074,,0,CAM,9,,59653,-1
veh9,699537979765,,9.75408,0,CPM_DROP_PHY,7,9,699537979765,10782
veh9,59642,,9.75408,0,CAM_DROP_PHY,7,9,59642,10782
veh9,59769,,9.80658,0,CAM_DROP_PHY,12,9,59769,10843
veh9,59698,,9.80958,0,CAM_DROP_PHY,2,9,59698,10840
veh9,59775,,9.82058,1,CAM,5,9,59775,-1
veh9,59795,,9.83458,0,CAM_DROP_PHY,4,9,59795,10874
veh9,59836,,9.85408,0,CAM_DROP_PHY,7,9,59836,10904
veh9,59850,,9.85683,1,CAM,6,9,59850,-1
veh9,699537980009,,9.87458,0,CPM_DROP_PHY,4,9,699537980009,10958
veh9,699537980002,,9.87683,0,CPM_DROP_PHY,6,9,699537980002,10950
veh9,59919,,9.90958,1,CAM,2,9,59919,-1
veh9,59923,,9.92733,0,CAM_DROP_PHY,11,9,59923,11017
veh9,60024,,9.93908,0,CAM_DROP_PHY,3,9,60024,11062
veh9,60051,9.95074,,0,CAM,9,,60051,-1
veh9,60040,,9.95408,0,CAM_DROP_PHY,7,9,60040,11066
veh9,60100,,10.0096,0,CAM_DROP_PHY,2,9,60100,11136
veh9,60018,,10.0323,1,CAM,8,9,60018,-1
veh9,60255,,10.1096,0,CAM_DROP_PHY,2,9,60255,11214
veh9,60329,,10.1206,0,CAM_DROP_PHY,5,9,60329,11219
veh9,60341,,10.1393,1,CAM,4,9,60341,-1
veh9,699537980484,,10.1406,0,CPM_DROP_PHY,5,9,699537980484,11241
veh9,699537980495,,10.1541,0,CPM_DROP_PHY,7,9,699537980495,11253
veh9,60371,,10.1541,0,CAM_DROP_PHY,7,9,60371,11253
veh9,60383,,10.1568,1,CAM,6,9,60383,-1
veh9,60441,,10.2096,0,CAM_DROP_PHY,2,9,60441,11333
veh9,60445,,10.2273,0,CAM_DROP_PHY,11,9,60445,11334
veh9,60542,,10.2323,0,CAM_DROP_PHY,8,9,60542,11366
veh9,60548,,10.2391,0,CAM_DROP_PHY,3,9,60548,11373
veh9,60571,10.2507,,0,CAM,9,,60571,-1
veh9,60605,,10.2926,0,CAM_DROP_PHY,10,9,60605,11436
veh9,60621,,10.3096,1,CAM,2,9,60621,-1
veh9,60712,,10.3323,0,CAM_DROP_PHY,8,9,60712,11478
veh9,60847,,10.4066,0,CAM_DROP_PHY,12,9,60847,11544
veh9,60780,,10.4096,0,CAM_DROP_PHY,2,9,60780,11540
veh9,60853,,10.4168,0,CAM_DROP_PHY,5,9,60853,11549
veh9,60891,,10.4323,0,CAM_DROP_PHY,8,9,60891,11590
veh9,699537981034,,10.4391,0,CPM_DROP_PHY,3,9,699537981034,11602
veh9,60875,,10.4393,0,CAM_DROP_PHY,4,9,60875,11579
veh9,60913,,10.4541,0,CAM_DROP_PHY,7,9,60913,11604
veh9,60928,,10.4553,1,CAM,6,9,60928,-1
veh9,699537981077,,10.4753,0,CPM_DROP_PHY,6,9,699537981077,11660
veh9,699537981116,,10.4923,0,CPM_DROP_PHY,8,9,699537981116,11700
veh9,699537981127,,10.4951,0,CPM_DROP_PHY,11,9,699537981127,11715
veh9,60997,,10.5051,0,CAM_DROP_PHY,2,9,60997,11723
veh9,61001,,10.5151,0,CAM_DROP_PHY,11,9,61001,11725
veh9,61091,,10.5323,0,CAM_DROP_PHY,8,9,61091,11763
veh9,61097,,10.5391,1,CAM,3,9,61097,-1
veh9,61117,10.5507,,0,CAM,9,,61117,-1
veh9,699537981237,,10.5541,0,CPM_DROP_PHY,7,9,699537981237,11773
veh9,61167,,10.6051,0,CAM_DROP_PHY,2,9,61167,11843
veh9,61253,,10.6343,0,CAM_DROP_PHY,8,9,61253,11867
veh9,699537981396,,10.6541,0,CPM_DROP_PHY,7,9,699537981396,11875
veh9,61320,,10.7051,1,CAM,2,9,61320,-1
veh9,61393,,10.7168,0,CAM_DROP_PHY,5,9,61393,11938
veh9,61418,,10.7343,0,CAM_DROP_PHY,8,9,61418,11963
veh9,61443,,10.7553,0,CAM_DROP_PHY,6,9,61443,11991
veh9,61432,,10.7556,1,CAM,7,9,61432,-1
veh9,61489,,10.8051,0,CAM_DROP_PHY,2,9,61489,12043
veh9,61405,,10.8288,1,CAM,4,9,61405,-1
veh9,61578,,10.8388,0,CAM_DROP_PHY,3,9,61578,12068
veh9,61594,10.8507,,0,CAM,9,,61594,-1
veh9,61627,,10.8928,0,CAM_DROP_PHY,10,9,61627,12116
veh9,61642,,10.9051,0,CAM_DROP_PHY,2,9,61642,12134
veh9,61646,,10.9151,0,CAM_DROP_PHY,11,9,61646,12136
veh9,61731,,10.9343,1,CAM,8,9,61731,-1
veh9,699537981874,,10.9556,0,CPM_DROP_PHY,7,9,699537981874,12178
veh9,61855,,11.0016,1,CAM,12,9,61855,-1
veh9,699537982001,,11.0128,0,CPM_DROP_PHY,10,9,699537982001,12234
veh9,61862,,11.0168,0,CAM_DROP_PHY,5,9,61862,12233
veh9,699537982005,,11.0251,0,CPM_DROP_PHY,2,9,699537982005,12236
veh9,61879,,11.0288,0,CAM_DROP_PHY,4,9,61879,12254
veh9,699537982021,,11.0368,0,CPM_DROP_PHY,5,9,699537982021,12259
veh9,61928,,11.0553,1,CAM,6,9,61928,-1
veh9,699537982038,,11.0653,0,CPM_DROP_PHY,7,9,699537982038,12283
veh9,61914,,11.0653,1,CAM,7,9,61914,-1
veh9,61974,,11.1051,1,CAM,2,9,61974,-1
veh9,62062,,11.1343,1,CAM,8,9,62062,-1
veh9,62086,11.1507,,0,CAM,9,,62086,-1
veh9,62066,,11.1536,0,CAM_DROP_PHY,3,9,62066,12388
veh9,699537982378,,11.2556,0,CPM_DROP_PHY,7,9,699537982378,12517
veh9,62365,,11.3168,1,CAM,5,9,62365,-1
veh9,62376,,11.3288,0,CAM_DROP_PHY,4,9,62376,12582
veh9,62411,,11.3553,1,CAM,6,9,62411,-1
veh9,62398,,11.3556,0,CAM_DROP_PHY,7,9,62398,12601
veh9,62453,,11.4051,1,CAM,2,9,62453,-1
veh9,62543,,11.4343,0,CAM_DROP_PHY,8,9,62543,12679
veh9,62566,11.4507,,0,CAM,9,,62566,-1
veh9,62548,,11.4536,0,CAM_DROP_PHY,3,9,62548,12682
veh9,62598,,11.4881,0,CAM_DROP_PHY,10,9,62598,12738
veh9,62617,,11.5011,1,CAM,11,9,62617,-1
veh9,62717,11.5507,,0,CAM,9,,62717,-1
veh9,62819,,11.6016,0,CAM_DROP_PHY,12,9,62819,12837
veh9,62826,,11.6261,0,CAM_DROP_PHY,5,9,62826,12845
veh9,62836,,11.6288,1,CAM,4,9,62836,-1
veh9,62870,11.6507,,0,CAM,9,,62870,-1
veh9,699537982989,,11.6556,0,CPM_DROP_PHY,7,9,699537982989,12878
veh9,62859,,11.6556,1,CAM,7,9,62859,-1
veh9,62875,,11.6586,0,CAM_DROP_PHY,6,9,62875,12891
veh9,62981,,11.7016,0,CAM_DROP_PHY,12,9,62981,12949
veh9,699537983125,,11.7281,0,CPM_DROP_PHY,10,9,699537983125,12959
veh9,63044,11.7507,,0,CAM,9,,63044,-1
veh9,63022,,11.7536,0,CAM_DROP_PHY,3,9,63022,12994
veh9,63156,,11.8016,0,CAM_DROP_PHY,12,9,63156,13079
veh9,63094,,11.8051,0,CAM_DROP_PHY,2,9,63094,13075
veh9,699537983323,,11.8556,0,CPM_DROP_PHY,7,9,699537983323,13113
veh9,699537983353,,11.8686,0,CPM_DROP_PHY,4,9,699537983353,13139
veh9,63321,,11.9081,1,CAM,12,9,63321,-1
veh9,63328,,11.9261,1,CAM,5,9,63328,-1
veh9,63340,,11.9286,1,CAM,4,9,63340,-1
veh9,63375,11.9507,,0,CAM,9,,63375,-1
veh9,699537983494,,11.9556,0,CPM_DROP_PHY,7,9,699537983494,13239
veh9,63365,,11.9556,1,CAM,7,9,63365,-1
veh9,63379,,11.9586,0,CAM_DROP_PHY,6,9,63379,13252
veh9,63487,,12.0081,1,CAM,12,9,63487,-1
veh9,63510,,12.0356,1,CAM,8,9,63510,-1
veh9,63515,,12.0411,0,CAM_DROP_PHY,3,9,63515,13328
veh9,63555,,12.0978,0,CAM_DROP_PHY,10,9,63555,13369
veh9,63571,,12.1011,0,CAM_DROP_PHY,11,9,63571,13383
veh9,63634,,12.1081,0,CAM_DROP_PHY,12,9,63634,13389
veh9,63779,,12.2261,0,CAM_DROP_PHY,5,9,63779,13463
veh9,63790,,12.2286,1,CAM,4,9,63790,-1
veh9,63813,,12.2506,0,CAM_DROP_PHY,7,9,63813,13498
veh9,63823,12.2507,,0,CAM,9,,63823,-1
veh9,63827,,12.2586,0,CAM_DROP_PHY,6,9,63827,13509
veh9,63931,,12.3081,0,CAM_DROP_PHY,12,9,63931,13556
veh9,63956,,12.3356,1,CAM,8,9,63956,-1
veh9,63960,,12.3411,1,CAM,3,9,63960,-1
veh9,699537984242,,12.4261,0,CPM_DROP_PHY,5,9,699537984242,13652
veh9,699537984258,,12.4411,0,CPM_DROP_PHY,3,9,699537984258,13675
veh9,699537984261,,12.4506,0,CPM_DROP_PHY,7,9,699537984261,13679
veh9,699537984282,,12.4681,0,CPM_DROP_PHY,12,9,699537984282,13697
veh9,64185,,12.5053,0,CAM_DROP_PHY,2,9,64185,13736
veh9,64250,,12.5081,0,CAM_DROP_PHY,12,9,64250,13739
veh9,64256,,12.5261,1,CAM,5,9,64256,-1
veh9,64269,,12.5343,0,CAM_DROP_PHY,4,9,64269,13765
veh9,64291,,12.5506,1,CAM,7,9,64291,-1
veh9,64301,12.5507,,0,CAM,9,,64301,-1
veh9,64305,,12.5548,0,CAM_DROP_PHY,6,9,64305,13802
veh9,699537984459,,12.5686,0,CPM_DROP_PHY,4,9,699537984459,13823
veh9,699537984450,,12.5748,0,CPM_DROP_PHY,6,9,699537984450,13814
veh9,699537984487,,12.5956,0,CPM_DROP_PHY,8,9,699537984487,13856
veh9,64449,,12.6356,0,CAM_DROP_PHY,8,9,64449,13899
veh9,64454,,12.6383,0,CAM_DROP_PHY,3,9,64454,13901
veh9,64496,,12.6798,1,CAM,10,9,64496,-1
veh9,64581,,12.7081,0,CAM_DROP_PHY,12,9,64581,13963
veh9,64514,,12.7126,1,CAM,11,9,64514,-1
veh9,64715,,12.8161,0,CAM_DROP_PHY,5,9,64715,14035
veh9,64727,,12.8293,1,CAM,4,9,64727,-1
veh9,64747,,12.8471,0,CAM_DROP_PHY,7,9,64747,14071
veh9,64757,12.8507,,0,CAM,9,,64757,-1
veh9,64762,,12.8548,0,CAM_DROP_PHY,6,9,64762,14083
veh9,64877,,12.9316,1,CAM,8,9,64877,-1
veh9,64883,,12.9383,1,CAM,3,9,64883,-1
veh9,64921,,12.9798,1,CAM,10,9,64921,-1
veh9,65130,,13.1161,0,CAM_DROP_PHY,5,9,65130,14264
veh9,699537985274,,13.1253,0,CPM_DROP_PHY,2,9,699537985274,14269
veh9,65146,,13.1293,0,CAM_DROP_PHY,4,9,65146,14279
veh9,699537985308,,13.1471,0,CPM_DROP_PHY,7,9,699537985308,14310
veh9,65185,,13.1471,0,CAM_DROP_PHY,7,9,65185,14310
veh9,65198,13.1507,,0,CAM,9,,65198,-1
veh9,65205,,13.1548,0,CAM_DROP_PHY,6,9,65205,14345
veh9,699537985338,,13.1681,0,CPM_DROP_PHY,12,9,699537985338,14342
veh9,65333,,13.2316,1,CAM,8,9,65333,-1
veh9,65338,,13.2383,0,CAM_DROP_PHY,3,9,65338,14430
veh9,65408,,13.3053,1,CAM,2,9,65408,-1
veh9,65474,,13.3081,0,CAM_DROP_PHY,12,9,65474,14512
veh9,699537985540,,13.3178,0,CPM_DROP_PHY,11,9,699537985540,14502
veh9,65412,,13.3178,0,CAM_DROP_PHY,11,9,65412,14502
veh9,84,,13.4141,0,CAM_DROP_PHY,5,9,84,14602
veh9,18,,13.4178,1,CAM,11,9,18,-1
veh9,96,,13.4293,0,CAM_DROP_PHY,4,9,96,14616
veh9,117,,13.4471,1,CAM,7,9,117,-1
veh9,127,13.4507,,0,CAM,9,,127,-1
veh9,132,,13.4548,0,CAM_DROP_PHY,6,9,132,14655
veh9,1,,13.4798,1,CAM,10,9,1,-1
veh9,171,,13.5178,1,CAM,11,9,171,-1
veh9,254,,13.5316,0,CAM_DROP_PHY,8,9,254,14724
veh9,259,,13.5536,1,CAM,3,9,259,-1
veh9,298,,13.5993,0,CAM_DROP_PHY,10,9,298,14771
veh9,313,,13.6178,0,CAM_DROP_PHY,11,9,313,14781
veh9,441,,13.6993,1,CAM,10,9,441,-1
veh9,527,,13.7148,1,CAM,5,9,527,-1
veh9,457,,13.7178,1,CAM,11,9,457,-1
veh9,541,,13.7368,0,CAM_DROP_PHY,4,9,541,14888
veh9,562,,13.7471,0,CAM_DROP_PHY,7,9,562,14915
veh9,572,13.7507,,0,CAM,9,,572,-1
veh9,576,,13.7551,0,CAM_DROP_PHY,6,9,576,14924
veh9,602,,13.7993,0,CAM_DROP_PHY,10,9,602,14960
veh9,616,,13.8178,1,CAM,11,9,616,-1
veh9,716,,13.8391,0,CAM_DROP_PHY,8,9,716,15013
veh9,722,,13.8536,0,CAM_DROP_PHY,3,9,722,15020
veh9,781,,13.8993,0,CAM_DROP_PHY,10,9,781,15089
veh9,862,,13.9166,0,CAM_DROP_PHY,12,9,862,15104
veh9,796,,13.9178,0,CAM_DROP_PHY,11,9,796,15099
veh9,699537986590,,13.9768,0,CPM_DROP_PHY,4,9,699537986590,15162
veh9,699537986622,,13.9978,0,CPM_DROP_PHY,11,9,699537986622,15197
veh9,1024,,14.0148,1,CAM,5,9,1024,-1
veh9,1037,,14.0368,1,CAM,4,9,1037,-1
veh9,1058,,14.0471,0,CAM_DROP_PHY,7,9,1058,15257
veh9,1068,14.0507,,0,CAM,9,,1068,-1
veh9,1072,,14.0551,1,CAM,6,9,1072,-1
veh9,1113,,14.0978,0,CAM_DROP_PHY,2,9,1113,15311
veh9,1099,,14.0993,1,CAM,10,9,1099,-1
veh9,1120,,14.1178,0,CAM_DROP_PHY,11,9,1120,15317
veh9,1208,,14.1391,0,CAM_DROP_PHY,8,9,1208,15353
veh9,1213,,14.1498,0,CAM_DROP_PHY,3,9,1213,15354
veh9,1461,,14.3148,0,CAM_DROP_PHY,5,9,1461,15466
veh9,699537987137,,14.3193,0,CPM_DROP_PHY,10,9,699537987137,15467
veh9,1475,,14.3268,0,CAM_DROP_PHY,4,9,1475,15483
veh9,1502,,14.3506,0,CAM_DROP_PHY,7,9,1502,15510
veh9,1512,14.3507,,0,CAM,9,,1512,-1
veh9,1516,,14.3551,0,CAM_DROP_PHY,6,9,1516,15518
veh9,1553,,14.4138,1,CAM,11,9,1553,-1
veh9,1641,,14.4391,1,CAM,8,9,1641,-1
veh9,1646,,14.4498,0,CAM_DROP_PHY,3,9,1646,15592
veh9,1763,,14.5183,0,CAM_DROP_PHY,12,9,1763,15646
veh9,699537987445,,14.5183,0,CPM_DROP_PHY,2,9,699537987445,15652
veh9,699537987475,,14.5498,0,CPM_DROP_PHY,3,9,699537987475,15693
veh9,699537987478,,14.5506,0,CPM_DROP_PHY,7,9,699537987478,15695
veh9,1932,,14.6148,1,CAM,5,9,1932,-1
veh9,1944,,14.6223,0,CAM_DROP_PHY,4,9,1944,15773
veh9,1966,,14.6491,0,CAM_DROP_PHY,7,9,1966,15796
veh9,1977,14.6507,,0,CAM,9,,1977,-1
veh9,1981,,14.6678,0,CAM_DROP_PHY,6,9,1981,15805
veh9,699537987661,,14.6678,0,CPM_DROP_PHY,6,9,699537987661,15805
veh9,699537987704,,14.6938,0,CPM_DROP_PHY,11,9,699537987704,15858
veh9,2015,,14.6948,0,CAM_DROP_PHY,10,9,2015,15840
veh9,2042,,14.7138,0,CAM_DROP_PHY,11,9,2042,15868
veh9,2135,,14.7391,0,CAM_DROP_PHY,8,9,2135,15910
veh9,2140,,14.7498,0,CAM_DROP_PHY,3,9,2140,15912
veh9,2398,,14.9078,1,CAM,5,9,2398,-1
veh9,2410,,14.9283,0,CAM_DROP_PHY,4,9,2410,16044
veh9,2431,,14.9491,0,CAM_DROP_PHY,7,9,2431,16067
veh9,2441,14.9507,,0,CAM,9,,2441,-1
veh9,2445,,14.9678,0,CAM_DROP_PHY,6,9,2445,16077
veh9,2482,,14.9983,0,CAM_DROP_PHY,2,9,2482,16120
veh9,2578,,15.0376,1,CAM,8,9,2578,-1
veh9,2584,,15.0486,1,CAM,3,9,2584,-1
veh9,2638,,15.1141,1,CAM,11,9,2638,-1
veh9,2707,,15.1183,0,CAM_DROP_PHY,12,9,2707,16212
veh9,2851,,15.2078,1,CAM,5,9,2851,-1
veh9,2871,,15.2306,0,CAM_DROP_PHY,4,9,2871,16304
veh9,699537988564,,15.2486,0,CPM_DROP_PHY,3,9,699537988564,16336
veh9,2902,,15.2491,0,CAM_DROP_PHY,7,9,2902,16337
veh9,2917,15.2507,,0,CAM,9,,2917,-1
veh9,699537988593,,15.2583,0,CPM_DROP_PHY,12,9,699537988593,16363
veh9,2924,,15.2678,0,CAM_DROP_PHY,6,9,2924,16364
veh9,699537988528,,15.3148,0,CPM_DROP_PHY,10,9,699537988528,16288
veh9,2952,,15.3148,0,CAM_DROP_PHY,10,9,2952,16403
veh9,3055,,15.3376,0,CAM_DROP_PHY,8,9,3055,16443
veh9,3059,,15.3486,0,CAM_DROP_PHY,3,9,3059,16445
veh9,699537988796,,15.3941,0,CPM_DROP_PHY,11,9,699537988796,16517
veh9,3343,,15.5078,0,CAM_DROP_PHY,5,9,3343,16592
veh9,3355,,15.5306,1,CAM,4,9,3355,-1
veh9,3378,,15.5491,1,CAM,7,9,3378,-1
veh9,3388,15.5507,,0,CAM,9,,3388,-1
veh9,3392,,15.5678,1,CAM,6,9,3392,-1
veh9,3518,,15.6376,1,CAM,8,9,3518,-1
veh9,3522,,15.6486,1,CAM,3,9,3522,-1
veh9,3576,,15.7026,1,CAM,2,9,3576,-1
veh9,3649,,15.7166,0,CAM_DROP_PHY,12,9,3649,16758
veh9,3809,,15.8078,1,CAM,5,9,3809,-1
veh9,3821,,15.8296,0,CAM_DROP_PHY,4,9,3821,16859
veh9,3843,,15.8491,0,CAM_DROP_PHY,7,9,3843,16883
veh9,3853,15.8507,,0,CAM,9,,3853,-1
veh9,3857,,15.8538,0,CAM_DROP_PHY,6,9,3857,16893
veh9,3889,,15.8958,1,CAM,10,9,3889,-1
veh9,699537989650,,15.9158,0,CPM_DROP_PHY,10,9,699537989650,16957
veh9,699537989655,,15.9226,0,CPM_DROP_PHY,2,9,699537989655,16961
veh9,4005,,15.9421,0,CAM_DROP_PHY,8,9,4005,16986
veh9,4010,,15.9486,1,CAM,3,9,4010,-1
veh9,699537989711,,15.9533,0,CPM_DROP_PHY,12,9,699537989711,17027
veh9,4151,,16.0133,1,CAM,12,9,4151,-1
veh9,699537989868,,16.0738,0,CPM_DROP_PHY,6,9,699537989868,17107
veh9,4319,,16.1086,0,CAM_DROP_PHY,5,9,4319,17168
veh9,4331,,16.1296,0,CAM_DROP_PHY,4,9,4331,17187
veh9,4353,,16.1441,0,CAM_DROP_PHY,7,9,4353,17209
veh9,4363,16.1507,,0,CAM,9,,4363,-1
veh9,4368,,16.1538,1,CAM,6,9,4368,-1
veh9,699537989909,,16.1941,0,CPM_DROP_PHY,11,9,699537989909,17151
veh9,4480,,16.2133,1,CAM,12,9,4480,-1
veh9,4508,,16.2416,0,CAM_DROP_PHY,3,9,4508,17294
veh9,4504,,16.2421,1,CAM,8,9,4504,-1
veh9,4561,,16.3013,1,CAM,11,9,4561,-1
veh9,4701,,16.4026,0,CAM_DROP_PHY,2,9,4701,17406
veh9,4783,,16.4086,0,CAM_DROP_PHY,5,9,4783,17417
veh9,4775,,16.4133,0,CAM_DROP_PHY,12,9,4775,17408
veh9,4797,,16.4236,1,CAM,4,9,4797,-1
veh9,4819,,16.4441,0,CAM_DROP_PHY,7,9,4819,17464
veh9,4828,16.4507,,0,CAM,9,,4828,-1
veh9,4833,,16.4538,1,CAM,6,9,4833,-1
veh9,4858,,16.4926,1,CAM,10,9,4858,-1
veh9,4970,,16.5416,0,CAM_DROP_PHY,3,9,4970,17548
veh9,4965,,16.5421,0,CAM_DROP_PHY,8,9,4965,17544
veh9,699537990669,,16.5836,0,CPM_DROP_PHY,4,9,699537990669,17580
veh9,5110,,16.6133,0,CAM_DROP_PHY,12,9,5110,17605
veh9,699537990793,,16.6228,0,CPM_DROP_PHY,2,9,699537990793,17614
veh9,699537990806,,16.6286,0,CPM_DROP_PHY,5,9,699537990806,17632
veh9,699537990847,,16.6533,0,CPM_DROP_PHY,12,9,699537990847,17675
veh9,5831,,16.7086,0,CAM_DROP_PHY,5,9,5831,17722
veh9,5842,,16.7336,1,CAM,4,9,5842,-1
veh9,699537991529,,16.7416,0,CPM_DROP_PHY,3,9,699537991529,17749
veh9,5867,,16.7441,0,CAM_DROP_PHY,7,9,5867,17756
veh9,5879,16.7507,,0,CAM,9,,5879,-1
veh9,5883,,16.7538,1,CAM,6,9,5883,-1
veh9,699537991565,,16.7738,0,CPM_DROP_PHY,6,9,699537991565,17792
veh9,6021,,16.8133,0,CAM_DROP_PHY,12,9,6021,17842
veh9,6056,,16.8396,0,CAM_DROP_PHY,3,9,6056,17883
veh9,6051,,16.8421,1,CAM,8,9,6051,-1
veh9,6117,,16.9013,1,CAM,11,9,6117,-1
veh9,6376,,17.0253,1,CAM,5,9,6376,-1
veh9,6387,,17.0336,0,CAM_DROP_PHY,4,9,6387,18031
veh9,6409,,17.0433,1,CAM,7,9,6409,-1
veh9,6420,17.0507,,0,CAM,9,,6420,-1
veh9,6425,,17.0618,1,CAM,6,9,6425,-1
veh9,6452,,17.0926,0,CAM_DROP_PHY,10,9,6452,18103
veh9,6467,,17.1028,1,CAM,2,9,6467,-1
veh9,6555,,17.1101,0,CAM_DROP_PHY,12,9,6555,18121
veh9,6584,,17.1396,0,CAM_DROP_PHY,3,9,6584,18160
veh9,6580,,17.1421,0,CAM_DROP_PHY,8,9,6580,18157
veh9,699537992426,,17.2253,0,CPM_DROP_PHY,5,9,699537992426,18240
veh9,699537992448,,17.2433,0,CPM_DROP_PHY,7,9,699537992448,18264
veh9,699537992467,,17.2701,0,CPM_DROP_PHY,12,9,699537992467,18284
veh9,699537992609,,17.3228,0,CPM_DROP_PHY,2,9,699537992609,18331
veh9,6928,,17.3253,1,CAM,5,9,6928,-1
veh9,6975,,17.3433,0,CAM_DROP_PHY,7,9,6975,18373
veh9,6948,,17.3473,1,CAM,4,9,6948,-1
veh9,6987,17.3507,,0,CAM,9,,6987,-1
veh9,6992,,17.3618,0,CAM_DROP_PHY,6,9,6992,18389
veh9,7141,,17.4101,1,CAM,12,9,7141,-1
veh9,7180,,17.4396,0,CAM_DROP_PHY,3,9,7180,18495
veh9,699537992855,,17.4396,0,CPM_DROP_PHY,3,9,699537992855,18495
veh9,7174,,17.4503,0,CAM_DROP_PHY,8,9,7174,18489
veh9,7238,,17.5148,1,CAM,11,9,7238,-1
veh9,7514,,17.6173,0,CAM_DROP_PHY,5,9,7514,18631
veh9,7533,,17.6336,0,CAM_DROP_PHY,4,9,7533,18647
veh9,7559,,17.6433,0,CAM_DROP_PHY,7,9,7559,18678
veh9,7570,17.6507,,0,CAM,9,,7570,-1
veh9,7575,,17.6618,0,CAM_DROP_PHY,6,9,7575,18693
veh9,7600,,17.6926,0,CAM_DROP_PHY,10,9,7600,18726
veh9,7615,,17.7028,0,CAM_DROP_PHY,2,9,7615,18740
veh9,699537993396,,17.7126,0,CPM_DROP_PHY,10,9,699537993396,18753
veh9,7756,,17.7396,0,CAM_DROP_PHY,3,9,7756,18789
veh9,7751,,17.7503,0,CAM_DROP_PHY,8,9,7751,18783
veh9,7915,,17.8101,0,CAM_DROP_PHY,12,9,7915,18843
veh9,7816,,17.8148,1,CAM,11,9,7816,-1
veh9,699537993615,,17.8373,0,CPM_DROP_PHY,5,9,699537993615,18873
veh9,699537993655,,17.8701,0,CPM_DROP_PHY,12,9,699537993655,18920
veh9,8118,,17.9173,0,CAM_DROP_PHY,5,9,8118,18965
veh9,8137,,17.9336,0,CAM_DROP_PHY,4,9,8137,18979
veh9,8159,,17.9433,1,CAM,7,9,8159,-1
veh9,8171,17.9507,,0,CAM,9,,8171,-1
veh9,8175,,17.9631,0,CAM_DROP_PHY,6,9,8175,19018
veh9,699537993890,,17.9941,0,CPM_DROP_PHY,8,9,699537993890,19065
veh9,8236,,18.0148,0,CAM_DROP_PHY,11,9,8236,19081
veh9,8379,,18.0341,0,CAM_DROP_PHY,8,9,8379,19125
veh9,8385,,18.0398,0,CAM_DROP_PHY,3,9,8385,19134
veh9,8742,,18.2173,0,CAM_DROP_PHY,5,9,8742,19262
veh9,8626,,18.2176,1,CAM,11,9,8626,-1
veh9,699537994422,,18.2228,0,CPM_DROP_PHY,2,9,699537994422,19264
veh9,8762,,18.2366,1,CAM,4,9,8762,-1
veh9,8804,18.2507,,0,CAM,9,,8804,-1
veh9,8793,,18.2568,1,CAM,7,9,8793,-1
veh9,8808,,18.2631,0,CAM_DROP_PHY,6,9,8808,19332
veh9,8834,,18.2926,0,CAM_DROP_PHY,10,9,8834,19373
veh9,8851,,18.3028,0,CAM_DROP_PHY,2,9,8851,19387
veh9,8975,,18.3053,1,CAM,12,9,8975,-1
veh9,9018,,18.3341,1,CAM,8,9,9018,-1
veh9,699537994678,,18.3373,0,CPM_DROP_PHY,5,9,699537994678,19438
veh9,9024,,18.3398,0,CAM_DROP_PHY,3,9,9024,19452
veh9,699537994700,,18.3398,0,CPM_DROP_PHY,3,9,699537994700,19452
veh9,9093,,18.4176,1,CAM,11,9,9093,-1
veh9,699537994983,,18.4976,0,CPM_DROP_PHY,11,9,699537994983,19624
veh9,699537995121,,18.5173,0,CPM_DROP_PHY,10,9,699537995121,19653
veh9,9321,,18.5176,1,CAM,11,9,9321,-1
veh9,9445,,18.5186,0,CAM_DROP_PHY,5,9,9445,19652
veh9,9465,,18.5366,0,CAM_DROP_PHY,4,9,9465,19669
veh9,9504,18.5507,,0,CAM,9,,9504,-1
veh9,9494,,18.5568,1,CAM,7,9,9494,-1
veh9,9508,,18.5631,1,CAM,6,9,9508,-1
veh9,699537995340,,18.6173,0,CPM_DROP_PHY,10,9,699537995340,19770
veh9,699537995344,,18.6228,0,CPM_DROP_PHY,2,9,699537995344,19771
veh9,9701,,18.6398,1,CAM,3,9,9701,-1
veh9,699537995377,,18.6398,0,CPM_DROP_PHY,3,9,699537995377,19798
veh9,9697,,18.6491,1,CAM,8,9,9697,-1
veh9,9761,,18.7176,0,CAM_DROP_PHY,11,9,9761,19854
veh9,699537995569,,18.7228,0,CPM_DROP_PHY,2,9,699537995569,19861
veh9,699537995596,,18.7398,0,CPM_DROP_PHY,3,9,699537995596,19894
veh9,10106,,18.8053,1,CAM,12,9,10106,-1
veh9,10113,,18.8186,0,CAM_DROP_PHY,5,9,10113,19948
veh9,10134,,18.8366,1,CAM,4,9,10134,-1
veh9,699537995812,,18.8386,0,CPM_DROP_PHY,5,9,699537995812,19973
veh9,699537995826,,18.8398,0,CPM_DROP_PHY,3,9,699537995826,19990
veh9,10183,18.8507,,0,CAM,9,,10183,-1
veh9,10171,,18.8568,0,CAM_DROP_PHY,7,9,10171,20011
veh9,10190,,18.8631,0,CAM_DROP_PHY,6,9,10190,20030
veh9,699537995859,,18.8653,0,CPM_DROP_PHY,12,9,699537995859,20029
veh9,10222,,18.8973,0,CAM_DROP_PHY,10,9,10222,20080
veh9,10237,,18.9028,0,CAM_DROP_PHY,2,9,10237,20090
veh9,10242,,18.9176,0,CAM_DROP_PHY,11,9,10242,20096
veh9,10413,,18.9398,0,CAM_DROP_PHY,3,9,10413,20142
veh9,699537996089,,18.9398,0,CPM_DROP_PHY,3,9,699537996089,20142
veh9,10408,,18.9491,0,CAM_DROP_PHY,8,9,10408,20141
veh9,699537996116,,18.9631,0,CPM_DROP_PHY,6,9,699537996116,20172
veh9,699537996125,,18.9848,0,CPM_DROP_PHY,4,9,699537996125,20181
veh9,699537996313,,19.0228,0,CPM_DROP_PHY,2,9,699537996313,20243
veh9,699537996338,,19.0398,0,CPM_DROP_PHY,3,9,699537996338,20269
veh9,699537996542,,19.1173,0,CPM_DROP_PHY,10,9,699537996542,20328
veh9,10866,,19.1218,0,CAM_DROP_PHY,5,9,10866,20327
veh9,699537996547,,19.1228,0,CPM_DROP_PHY,2,9,699537996547,20331
veh9,10884,,19.1303,0,CAM_DROP_PHY,4,9,10884,20341
veh9,10924,19.1507,,0,CAM,9,,10924,-1
veh9,10929,,19.1533,1,CAM,6,9,10929,-1
veh9,10913,,19.1568,0,CAM_DROP_PHY,7,9,10913,20374
veh9,10967,,19.2176,1,CAM,11,9,10967,-1
veh9,699537996800,,19.2228,0,CPM_DROP_PHY,2,9,699537996800,20445
veh9,11156,,19.2351,0,CAM_DROP_PHY,3,9,11156,20478
veh9,699537996812,,19.2418,0,CPM_DROP_PHY,5,9,699537996812,20463
veh9,11151,,19.2491,0,CAM_DROP_PHY,8,9,11151,20473
veh9,11362,,19.3053,0,CAM_DROP_PHY,12,9,11362,20555
veh9,699537997047,,19.3188,0,CPM_DROP_PHY,2,9,699537997047,20568
veh9,699537997090,,19.3653,0,CPM_DROP_PHY,12,9,699537997090,20614
veh9,699537997110,,19.3703,0,CPM_DROP_PHY,4,9,699537997110,20633
veh9,699537997102,,19.3733,0,CPM_DROP_PHY,6,9,699537997102,20626
veh9,11472,,19.3988,1,CAM,2,9,11472,-1
veh9,11627,,19.4218,1,CAM,5,9,11627,-1
veh9,11653,,19.4448,0,CAM_DROP_PHY,4,9,11653,20702
veh9,11687,19.4507,,0,CAM,9,,11687,-1
veh9,11692,,19.4533,1,CAM,6,9,11692,-1
veh9,11677,,19.4558,1,CAM,7,9,11677,-1
veh9,699537997389,,19.4703,0,CPM_DROP_PHY,4,9,699537997389,20778
veh9,699537997380,,19.4733,0,CPM_DROP_PHY,6,9,699537997380,20764
veh9,699537997420,,19.4891,0,CPM_DROP_PHY,8,9,699537997420,20814
veh9,11739,,19.4893,0,CAM_DROP_PHY,10,9,11739,20799
veh9,11766,,19.5176,0,CAM_DROP_PHY,11,9,11766,20837
veh9,11964,,19.5351,0,CAM_DROP_PHY,3,9,11964,20891
veh9,11958,,19.5491,0,CAM_DROP_PHY,8,9,11958,20889
veh9,699537997655,,19.5698,0,CPM_DROP_PHY,12,9,699537997655,20910
veh9,699537997880,,19.6418,0,CPM_DROP_PHY,5,9,699537997880,20983
veh9,699537997911,,19.6698,0,CPM_DROP_PHY,12,9,699537997911,21013
veh9,12444,,19.7098,1,CAM,12,9,12444,-1
veh9,699537997956,,19.7118,0,CPM_DROP_PHY,11,9,699537997956,21059
veh9,12449,,19.7218,1,CAM,5,9,12449,-1
veh9,12472,,19.7303,0,CAM_DROP_PHY,4,9,12472,21090
veh9,12509,19.7507,,0,CAM,9,,12509,-1
veh9,12515,,19.7533,0,CAM_DROP_PHY,6,9,12515,21135
veh9,12498,,19.7558,1,CAM,7,9,12498,-1
veh9,699537998184,,19.7698,0,CPM_DROP_PHY,12,9,699537998184,21134
veh9,699537998206,,19.7733,0,CPM_DROP_PHY,6,9,699537998206,21154
veh9,12775,,19.8351,1,CAM,3,9,12775,-1
veh9,12771,,19.8491,0,CAM_DROP_PHY,8,9,12771,21239
veh9,699537998486,,19.8733,0,CPM_DROP_PHY,6,9,699537998486,21282
veh9,699537998524,,19.8891,0,CPM_DROP_PHY,8,9,699537998524,21329
veh9,12865,,19.8988,1,CAM,2,9,12865,-1
veh9,699537998533,,19.9118,0,CPM_DROP_PHY,11,9,699537998533,21339
veh9,12870,,19.9118,0,CAM_DROP_PHY,11,9,12870,21339
veh9,699537998750,,19.9363,0,CPM_DROP_PHY,3,9,699537998750,21400
veh9,699537998983,,20.0093,0,CPM_DROP_PHY,10,9,699537998983,21455
veh9,13307,,20.0218,0,CAM_DROP_PHY,5,9,13307,21454
veh9,13336,,20.0303,0,CAM_DROP_PHY,4,9,13336,21473
veh9,13380,20.0507,,0,CAM,9,,13380,-1
veh9,13384,,20.0533,1,CAM,6,9,13384,-1
veh9,699537999029,,20.0538,0,CPM_DROP_PHY,7,9,699537999029,21500
veh9,13369,,20.0538,1,CAM,7,9,13369,-1
veh9,13413,,20.0893,0,CAM_DROP_PHY,10,9,13413,21570
veh9,699537999279,,20.1093,0,CPM_DROP_PHY,10,9,699537999279,21591
veh9,13600,,20.1098,0,CAM_DROP_PHY,12,9,13600,21588
veh9,13644,,20.1363,0,CAM_DROP_PHY,3,9,13644,21634
veh9,13639,,20.1493,0,CAM_DROP_PHY,8,9,13639,21630
veh9,699537999561,,20.2093,0,CPM_DROP_PHY,10,9,699537999561,21709
veh9,699537999679,,20.3118,0,CPM_DROP_PHY,11,9,699537999679,21818
veh9,14013,,20.3118,0,CAM_DROP_PHY,11,9,14013,21818
veh9,14198,,20.3253,0,CAM_DROP_PHY,5,9,14198,21830
veh9,14222,,20.3301,1,CAM,4,9,14222,-1
veh9,14258,20.3507,,0,CAM,9,,14258,-1
veh9,14248,,20.3538,0,CAM_DROP_PHY,7,9,14248,21873
veh9,14264,,20.3553,0,CAM_DROP_PHY,6,9,14264,21892
veh9,699537999933,,20.3698,0,CPM_DROP_PHY,12,9,699537999933,21891
veh9,14311,,20.4148,1,CAM,2,9,14311,-1
veh9,699538000174,,20.4148,0,CPM_DROP_PHY,2,9,699538000174,21947
veh9,699538000168,,20.4251,0,CPM_DROP_PHY,10,9,699538000168,21951
veh9,14537,,20.4363,0,CAM_DROP_PHY,3,9,14537,21985
veh9,14532,,20.4493,1,CAM,8,9,14532,-1
veh9,699538000215,,20.4538,0,CPM_DROP_PHY,7,9,699538000215,21989
veh9,14799,,20.5098,0,CAM_DROP_PHY,12,9,14799,22060
veh9,699538000543,,20.5753,0,CPM_DROP_PHY,6,9,699538000543,22126
veh9,699538000785,,20.6251,0,CPM_DROP_PHY,10,9,699538000785,22175
veh9,15131,,20.6301,1,CAM,4,9,15131,-1
veh9,15173,20.6507,,0,CAM,9,,15173,-1
veh9,15163,,20.6538,0,CAM_DROP_PHY,7,9,15163,22225
veh9,15177,,20.6553,0,CAM_DROP_PHY,6,9,15177,22236
veh9,699538000871,,20.6701,0,CPM_DROP_PHY,4,9,699538000871,22261
veh9,699538000860,,20.6753,0,CPM_DROP_PHY,6,9,699538000860,22252
veh9,15221,,20.6851,1,CAM,10,9,15221,-1
veh9,699538000910,,20.7118,0,CPM_DROP_PHY,11,9,699538000910,22302
veh9,15244,,20.7118,1,CAM,11,9,15244,-1
veh9,699538001124,,20.7148,0,CPM_DROP_PHY,2,9,699538001124,22321
veh9,15483,,20.7448,0,CAM_DROP_PHY,8,9,15483,22356
veh9,15487,,20.7506,1,CAM,3,9,15487,-1
veh9,15870,,20.9148,0,CAM_DROP_PHY,2,9,15870,22539
veh9,16073,,20.9206,1,CAM,12,9,16073,-1
veh9,16098,,20.9301,0,CAM_DROP_PHY,4,9,16098,22558
veh9,16146,20.9507,,0,CAM,9,,16146,-1
veh9,16135,,20.9538,0,CAM_DROP_PHY,7,9,16135,22604
veh9,16151,,20.9553,1,CAM,6,9,16151,-1
veh9,699538001836,,20.9753,0,CPM_DROP_PHY,6,9,699538001836,22634
veh9,16444,,21.0448,0,CAM_DROP_PHY,8,9,16444,22707
veh9,16449,,21.0506,0,CAM_DROP_PHY,3,9,16449,22709
veh9,16527,,21.1071,1,CAM,11,9,16527,-1
veh9,699538002417,,21.1176,0,CPM_DROP_PHY,2,9,699538002417,22805
veh9,699538002483,,21.1701,0,CPM_DROP_PHY,4,9,699538002483,22869
veh9,699538002729,,21.2176,0,CPM_DROP_PHY,2,9,699538002729,22909
veh9,699538002724,,21.2278,0,CPM_DROP_PHY,10,9,699538002724,22906
veh9,17069,,21.2301,0,CAM_DROP_PHY,4,9,17069,22916
veh9,17048,,21.2408,0,CAM_DROP_PHY,5,9,17048,22904
veh9,699538002748,,21.2408,0,CPM_DROP_PHY,5,9,699538002748,22924
veh9,17121,21.2507,,0,CAM,9,,17121,-1
veh9,17127,,21.2553,0,CAM_DROP_PHY,6,9,17127,22972
veh9,17108,,21.2606,1,CAM,7,9,17108,-1
veh9,699538002796,,21.2606,0,CPM_DROP_PHY,12,9,699538002796,22971
veh9,17167,,21.2878,0,CAM_DROP_PHY,10,9,17167,23024
veh9,17184,,21.2976,0,CAM_DROP_PHY,2,9,17184,23040
veh9,699538002846,,21.3048,0,CPM_DROP_PHY,8,9,699538002846,23029
veh9,17391,,21.3206,0,CAM_DROP_PHY,12,9,17391,23050
veh9,699538003093,,21.3408,0,CPM_DROP_PHY,5,9,699538003093,23083
veh9,17439,,21.3448,0,CAM_DROP_PHY,8,9,17439,23098
veh9,17444,,21.3506,1,CAM,3,9,17444,-1
veh9,699538003145,,21.3606,0,CPM_DROP_PHY,12,9,699538003145,23126
veh9,699538003200,,21.4048,0,CPM_DROP_PHY,8,9,699538003200,23187
veh9,699538003424,,21.4278,0,CPM_DROP_PHY,10,9,699538003424,23208
veh9,699538003492,,21.4728,0,CPM_DROP_PHY,6,9,699538003492,23271
veh9,17869,,21.5071,1,CAM,11,9,17869,-1
veh9,18086,,21.5213,0,CAM_DROP_PHY,5,9,18086,23323
veh9,18113,,21.5301,0,CAM_DROP_PHY,4,9,18113,23340
veh9,699538003792,,21.5413,0,CPM_DROP_PHY,5,9,699538003792,23348
veh9,699538003812,,21.5458,0,CPM_DROP_PHY,7,9,699538003812,23370
veh9,18150,,21.5458,0,CAM_DROP_PHY,7,9,18150,23370
veh9,699538003809,,21.5506,0,CPM_DROP_PHY,3,9,699538003809,23369
veh9,18167,21.5507,,0,CAM,9,,18167,-1
veh9,18172,,21.5528,0,CAM_DROP_PHY,6,9,18172,23403
veh9,699538003886,,21.6026,0,CPM_DROP_PHY,11,9,699538003886,23449
veh9,699538004114,,21.6176,0,CPM_DROP_PHY,2,9,699538004114,23468
veh9,18469,,21.6448,0,CAM_DROP_PHY,8,9,18469,23490
veh9,18474,,21.6581,0,CAM_DROP_PHY,3,9,18474,23492
veh9,699538004166,,21.6663,0,CPM_DROP_PHY,12,9,699538004166,23513
veh9,699538004177,,21.6728,0,CPM_DROP_PHY,6,9,699538004177,23525
veh9,18559,,21.6976,0,CAM_DROP_PHY,2,9,18559,23579
veh9,699538004227,,21.7026,0,CPM_DROP_PHY,11,9,699538004227,23576
veh9,699538004220,,21.7048,0,CPM_DROP_PHY,8,9,699538004220,23568
veh9,18765,,21.7063,0,CAM_DROP_PHY,12,9,18765,23585
veh9,699538004533,,21.8048,0,CPM_DROP_PHY,8,9,699538004533,23676
veh9,19078,,21.8213,0,CAM_DROP_PHY,5,9,19078,23695
veh9,699538004754,,21.8246,0,CPM_DROP_PHY,10,9,699538004754,23700
veh9,19101,,21.8338,0,CAM_DROP_PHY,4,9,19101,23714
veh9,19143,,21.8458,0,CAM_DROP_PHY,7,9,19143,23744
veh9,19125,,21.8486,1,CAM,3,9,19125,-1
veh9,19159,21.8507,,0,CAM,9,,19159,-1
veh9,19164,,21.8528,1,CAM,6,9,19164,-1
veh9,19199,,21.8846,0,CAM_DROP_PHY,10,9,19199,23814
veh9,19217,,21.9026,0,CAM_DROP_PHY,11,9,19217,23833
veh9,699538005094,,21.9176,0,CPM_DROP_PHY,2,9,699538005094,23849
veh9,699538005089,,21.9246,0,CPM_DROP_PHY,10,9,699538005089,23847
veh9,699538005132,,21.9458,0,CPM_DROP_PHY,7,9,699538005132,23878
veh9,19450,,21.9466,0,CAM_DROP_PHY,8,9,19450,23872
veh9,19454,,21.9486,0,CAM_DROP_PHY,3,9,19454,23876
veh9,699538005416,,22.0246,0,CPM_DROP_PHY,10,9,699538005416,23976
veh9,19786,,22.0486,0,CAM_DROP_PHY,3,9,19786,24002
veh9,699538005495,,22.0738,0,CPM_DROP_PHY,4,9,699538005495,24037
veh9,699538005532,,22.0866,0,CPM_DROP_PHY,8,9,699538005532,24070
veh9,20071,,22.1213,0,CAM_DROP_PHY,5,9,20071,24100
veh9,699538005748,,22.1246,0,CPM_DROP_PHY,10,9,699538005748,24104
veh9,20096,,22.1338,0,CAM_DROP_PHY,4,9,20096,24113
veh9,699538005798,,22.1458,0,CPM_DROP_PHY,7,9,699538005798,24143
veh9,20134,,22.1458,0,CAM_DROP_PHY,7,9,20134,24143
veh9,20118,,22.1486,0,CAM_DROP_PHY,3,9,20118,24140
veh9,699538005795,,22.1486,0,CPM_DROP_PHY,3,9,699538005795,24140
veh9,20155,22.1507,,0,CAM,9,,20155,-1
veh9,20160,,22.1638,0,CAM_DROP_PHY,6,9,20160,24168
veh9,20205,,22.1976,0,CAM_DROP_PHY,2,9,20205,24216
veh9,20408,,22.2063,0,CAM_DROP_PHY,12,9,20408,24222
veh9,699538006092,,22.2176,0,CPM_DROP_PHY,2,9,699538006092,24238
veh9,699538006110,,22.2413,0,CPM_DROP_PHY,5,9,699538006110,24254
veh9,699538006135,,22.2458,0,CPM_DROP_PHY,7,9,699538006135,24271
veh9,20452,,22.2466,0,CAM_DROP_PHY,8,9,20452,24266
veh9,20456,,22.2486,0,CAM_DROP_PHY,3,9,20456,24269
veh9,699538006132,,22.2486,0,CPM_DROP_PHY,3,9,699538006132,24269
veh9,699538006215,,22.3026,0,CPM_DROP_PHY,11,9,699538006215,24343
veh9,20550,,22.3026,0,CAM_DROP_PHY,11,9,20550,24343
veh9,699538006444,,22.3413,0,CPM_DROP_PHY,5,9,699538006444,24369
veh9,699538006507,,22.3638,0,CPM_DROP_PHY,6,9,699538006507,24420
veh9,699538006553,,22.3866,0,CPM_DROP_PHY,8,9,699538006553,24464
veh9,21102,,22.4213,0,CAM_DROP_PHY,5,9,21102,24494
veh9,699538006778,,22.4228,0,CPM_DROP_PHY,10,9,699538006778,24498
veh9,21117,,22.4338,1,CAM,4,9,21117,-1
veh9,699538006796,,22.4413,0,CPM_DROP_PHY,5,9,699538006796,24511
veh9,21167,,22.4458,0,CAM_DROP_PHY,7,9,21167,24546
veh9,21149,,22.4486,0,CAM_DROP_PHY,3,9,21149,24532
veh9,699538006825,,22.4486,0,CPM_DROP_PHY,3,9,699538006825,24532
veh9,21184,22.4507,,0,CAM,9,,21184,-1
veh9,21190,,22.4638,0,CAM_DROP_PHY,6,9,21190,24570
veh9,21231,,22.4828,1,CAM,10,9,21231,-1
veh9,21255,,22.5071,0,CAM_DROP_PHY,2,9,21255,24640
veh9,699538007121,,22.5228,0,CPM_DROP_PHY,10,9,699538007121,24654
veh9,699538007167,,22.5458,0,CPM_DROP_PHY,7,9,699538007167,24683
veh9,21487,,22.5466,0,CAM_DROP_PHY,8,9,21487,24678
veh9,699538007434,,22.6228,0,CPM_DROP_PHY,10,9,699538007434,24777
veh9,699538007441,,22.6271,0,CPM_DROP_PHY,2,9,699538007441,24779
veh9,699538007516,,22.6638,0,CPM_DROP_PHY,6,9,699538007516,24834
veh9,21909,,22.7026,1,CAM,11,9,21909,-1
veh9,22085,,22.7063,0,CAM_DROP_PHY,12,9,22085,24898
veh9,22096,,22.7213,0,CAM_DROP_PHY,5,9,22096,24913
veh9,699538007773,,22.7228,0,CPM_DROP_PHY,10,9,699538007773,24917
veh9,22112,,22.7271,0,CAM_DROP_PHY,4,9,22112,24926
veh9,699538007792,,22.7413,0,CPM_DROP_PHY,5,9,699538007792,24934
veh9,22162,,22.7458,0,CAM_DROP_PHY,7,9,22162,24973
veh9,22144,,22.7506,0,CAM_DROP_PHY,3,9,22144,24959
veh9,699538007820,,22.7506,0,CPM_DROP_PHY,3,9,699538007820,24959
veh9,22178,22.7507,,0,CAM,9,,22178,-1
veh9,22185,,22.7638,0,CAM_DROP_PHY,6,9,22185,24995
veh9,699538007867,,22.7638,0,CPM_DROP_PHY,6,9,699538007867,24995
veh9,699538008120,,22.8228,0,CPM_DROP_PHY,10,9,699538008120,25074
veh9,22485,,22.8466,0,CAM_DROP_PHY,8,9,22485,25094
veh9,699538008201,,22.8638,0,CPM_DROP_PHY,6,9,699538008201,25148
veh9,22581,,22.9071,0,CAM_DROP_PHY,2,9,22581,25186
veh9,699538008441,,22.9228,0,CPM_DROP_PHY,10,9,699538008441,25196
veh9,699538008446,,22.9271,0,CPM_DROP_PHY,2,9,699538008446,25198
veh9,699538008505,,22.9626,0,CPM_DROP_PHY,12,9,699538008505,25257
veh9,23069,,23.0128,0,CAM_DROP_PHY,5,9,23069,25296
veh9,22780,,23.0271,1,CAM,4,9,22780,-1
veh9,23085,,23.0271,0,CAM_DROP_PHY,4,9,23085,25306
veh9,699538008763,,23.0328,0,CPM_DROP_PHY,5,9,699538008763,25311
veh9,699538008795,,23.0433,0,CPM_DROP_PHY,7,9,699538008795,25341
veh9,23130,,23.0433,1,CAM,7,9,23130,-1
veh9,23117,,23.0506,0,CAM_DROP_PHY,3,9,23117,25339
veh9,699538008792,,23.0506,0,CPM_DROP_PHY,3,9,699538008792,25339
veh9,23153,23.0507,,0,CAM,9,,23153,-1
veh9,699538008829,,23.0626,0,CPM_DROP_PHY,12,9,699538008829,25371
veh9,23160,,23.0638,0,CAM_DROP_PHY,6,9,23160,25374
veh9,23219,,23.0828,1,CAM,10,9,23219,-1
veh9,699538008899,,23.0901,0,CPM_DROP_PHY,8,9,699538008899,25436
veh9,23418,,23.1026,1,CAM,12,9,23418,-1
veh9,699538008909,,23.1116,0,CPM_DROP_PHY,11,9,699538008909,25455
veh9,699538009099,,23.1228,0,CPM_DROP_PHY,10,9,699538009099,25474
veh9,699538009119,,23.1328,0,CPM_DROP_PHY,5,9,699538009119,25490
veh9,23467,,23.1418,0,CAM_DROP_PHY,8,9,23467,25506
veh9,23565,,23.2116,0,CAM_DROP_PHY,11,9,23565,25603
veh9,23441,,23.2271,0,CAM_DROP_PHY,4,9,23441,25484
veh9,23758,,23.2271,0,CAM_DROP_PHY,4,9,23758,25627
veh9,699538009424,,23.2271,0,CPM_DROP_PHY,2,9,699538009424,25619
veh9,699538009469,,23.2433,0,CPM_DROP_PHY,7,9,699538009469,25661
veh9,24048,,23.3128,1,CAM,5,9,24048,-1
veh9,699538009729,,23.3271,0,CPM_DROP_PHY,2,9,699538009729,25747
veh9,699538009779,,23.3433,0,CPM_DROP_PHY,7,9,699538009779,25784
veh9,24115,,23.3433,0,CAM_DROP_PHY,7,9,24115,25784
veh9,24103,,23.3506,0,CAM_DROP_PHY,3,9,24103,25782
veh9,24130,23.3507,,0,CAM,9,,24130,-1
veh9,24135,,23.3698,0,CAM_DROP_PHY,6,9,24135,25812
veh9,24186,,23.4071,0,CAM_DROP_PHY,2,9,24186,25858
veh9,24372,,23.4271,0,CAM_DROP_PHY,4,9,24372,25881
veh9,24399,,23.4418,0,CAM_DROP_PHY,8,9,24399,25904
veh9,699538010080,,23.4433,0,CPM_DROP_PHY,7,9,699538010080,25919
veh9,699538010104,,23.4626,0,CPM_DROP_PHY,12,9,699538010104,25948
veh9,699538010122,,23.4671,0,CPM_DROP_PHY,4,9,699538010122,25963
veh9,699538010160,,23.5018,0,CPM_DROP_PHY,8,9,699538010160,25998
veh9,699538010168,,23.5116,0,CPM_DROP_PHY,11,9,699538010168,26009
veh9,699538010331,,23.5258,0,CPM_DROP_PHY,10,9,699538010331,26020
veh9,699538010336,,23.5268,0,CPM_DROP_PHY,2,9,699538010336,26025
veh9,699538010407,,23.5671,0,CPM_DROP_PHY,4,9,699538010407,26095
veh9,699538010401,,23.5698,0,CPM_DROP_PHY,6,9,699538010401,26089
veh9,24942,,23.6026,1,CAM,12,9,24942,-1
veh9,24788,,23.6121,0,CAM_DROP_PHY,11,9,24788,26136
veh9,24953,,23.6128,0,CAM_DROP_PHY,5,9,24953,26151
veh9,699538010681,,23.6433,0,CPM_DROP_PHY,7,9,699538010681,26208
veh9,25016,,23.6433,0,CAM_DROP_PHY,7,9,25016,26208
veh9,25003,,23.6506,0,CAM_DROP_PHY,3,9,25003,26204
veh9,25037,23.6507,,0,CAM,9,,25037,-1
veh9,699538010713,,23.6626,0,CPM_DROP_PHY,12,9,699538010713,26232
veh9,25044,,23.6698,0,CAM_DROP_PHY,6,9,25044,26236
veh9,25087,,23.6858,1,CAM,10,9,25087,-1
veh9,25272,,23.7256,1,CAM,4,9,25272,-1
veh9,699538010928,,23.7258,0,CPM_DROP_PHY,10,9,699538010928,26303
veh9,25299,,23.7418,0,CAM_DROP_PHY,8,9,25299,26339
veh9,25399,,23.8068,1,CAM,2,9,25399,-1
veh9,699538011285,,23.8626,0,CPM_DROP_PHY,12,9,699538011285,26485
veh9,699538011303,,23.8856,0,CPM_DROP_PHY,4,9,699538011303,26499
veh9,25839,,23.9128,1,CAM,5,9,25839,-1
veh9,699538011519,,23.9268,0,CPM_DROP_PHY,2,9,699538011519,26559
veh9,699538011533,,23.9328,0,CPM_DROP_PHY,5,9,699538011533,26574
veh9,25883,,23.9463,1,CAM,3,9,25883,-1
veh9,25905,23.9507,,0,CAM,9,,25905,-1
veh9,25893,,23.9576,0,CAM_DROP_PHY,7,9,25893,26603
veh9,25912,,23.9698,0,CAM_DROP_PHY,6,9,25912,26619
veh9,26138,,24.0128,1,CAM,5,9,26138,-1
veh9,26162,,24.0256,0,CAM_DROP_PHY,4,9,26162,26718
veh9,699538011819,,24.0268,0,CPM_DROP_PHY,2,9,699538011819,26705
veh9,699538011873,,24.0376,0,CPM_DROP_PHY,7,9,699538011873,26759
veh9,26185,,24.0418,0,CAM_DROP_PHY,8,9,26185,26745
veh9,699538011909,,24.0876,0,CPM_DROP_PHY,4,9,699538011909,26806
veh9,699538011947,,24.1018,0,CPM_DROP_PHY,8,9,699538011947,26828
veh9,26288,,24.1121,1,CAM,11,9,26288,-1
veh9,26436,,24.1128,0,CAM_DROP_PHY,5,9,26436,26851
veh9,699538012113,,24.1163,0,CPM_DROP_PHY,10,9,699538012113,26852
veh9,699538012158,,24.1376,0,CPM_DROP_PHY,7,9,699538012158,26897
veh9,699538012187,,24.1856,0,CPM_DROP_PHY,4,9,699538012187,26925
veh9,699538012217,,24.2018,0,CPM_DROP_PHY,8,9,699538012217,26940
veh9,699538012224,,24.2103,0,CPM_DROP_PHY,11,9,699538012224,26950
veh9,26710,,24.2128,0,CAM_DROP_PHY,5,9,26710,26963
veh9,26702,,24.2188,0,CAM_DROP_PHY,12,9,26702,26954
veh9,26758,,24.2463,0,CAM_DROP_PHY,3,9,26758,27014
veh9,26780,24.2507,,0,CAM,9,,26780,-1
veh9,26769,,24.2576,0,CAM_DROP_PHY,7,9,26769,27023
veh9,699538012455,,24.2588,0,CPM_DROP_PHY,12,9,699538012455,27033
veh9,26786,,24.2698,0,CAM_DROP_PHY,6,9,26786,27034
veh9,699538012478,,24.2856,0,CPM_DROP_PHY,4,9,699538012478,27063
veh9,26839,,24.2963,1,CAM,10,9,26839,-1
veh9,699538012520,,24.3018,0,CPM_DROP_PHY,8,9,699538012520,27098
veh9,26862,,24.3068,0,CAM_DROP_PHY,2,9,26862,27115
veh9,27039,,24.3256,0,CAM_DROP_PHY,4,9,27039,27162
veh9,27013,,24.3298,0,CAM_DROP_PHY,5,9,27013,27132
veh9,699538012745,,24.3376,0,CPM_DROP_PHY,7,9,699538012745,27195
veh9,27063,,24.3418,1,CAM,8,9,27063,-1
veh9,27067,,24.3463,1,CAM,3,9,27067,-1
veh9,699538012960,,24.4163,0,CPM_DROP_PHY,10,9,699538012960,27268
veh9,699538012969,,24.4258,0,CPM_DROP_PHY,2,9,699538012969,27274
veh9,699538012983,,24.4373,0,CPM_DROP_PHY,5,9,699538012983,27291
veh9,699538013012,,24.4376,0,CPM_DROP_PHY,7,9,699538013012,27309
veh9,27332,,24.4463,0,CAM_DROP_PHY,3,9,27332,27302
veh9,699538013008,,24.4463,0,CPM_DROP_PHY,3,9,699538013008,27302
veh9,699538013234,,24.5163,0,CPM_DROP_PHY,10,9,699538013234,27389
veh9,27558,,24.5173,0,CAM_DROP_PHY,5,9,27558,27388
veh9,27602,,24.5463,1,CAM,3,9,27602,-1
veh9,27620,,24.5466,0,CAM_DROP_PHY,7,9,27620,27436
veh9,27636,24.5507,,0,CAM,9,,27636,-1
veh9,27641,,24.5698,0,CAM_DROP_PHY,6,9,27641,27455
veh9,699538013512,,24.6163,0,CPM_DROP_PHY,10,9,699538013512,27517
veh9,27857,,24.6298,1,CAM,4,9,27857,-1
veh9,27885,,24.6361,0,CAM_DROP_PHY,8,9,27885,27547
veh9,27890,,24.6463,1,CAM,3,9,27890,-1
veh9,699538013598,,24.6698,0,CPM_DROP_PHY,6,9,699538013598,27598
veh9,27994,,24.7103,0,CAM_DROP_PHY,11,9,27994,27645
veh9,28128,,24.7298,0,CAM_DROP_PHY,5,9,28128,27662
veh9,699538013828,,24.7373,0,CPM_DROP_PHY,5,9,699538013828,27688
veh9,699538013850,,24.7466,0,CPM_DROP_PHY,7,9,699538013850,27708
veh9,28377,,24.8188,1,CAM,12,9,28377,-1
veh9,699538014077,,24.8373,0,CPM_DROP_PHY,5,9,699538014077,27792
veh9,28428,,24.8463,0,CAM_DROP_PHY,3,9,28428,27806
veh9,699538014108,,24.8466,0,CPM_DROP_PHY,7,9,699538014108,27813
veh9,28447,,24.8466,0,CAM_DROP_PHY,7,9,28447,27813
veh9,28470,24.8507,,0,CAM,9,,28470,-1
veh9,28475,,24.8583,0,CAM_DROP_PHY,6,9,28475,27840
veh9,28512,,24.8963,0,CAM_DROP_PHY,10,9,28512,27880
veh9,28527,,24.9058,1,CAM,2,9,28527,-1
veh9,699538014330,,24.9258,0,CPM_DROP_PHY,2,9,699538014330,27908
veh9,28672,,24.9298,0,CAM_DROP_PHY,4,9,28672,27924
veh9,28697,,24.9361,0,CAM_DROP_PHY,8,9,28697,27939
veh9,699538014379,,24.9466,0,CPM_DROP_PHY,7,9,699538014379,27949
veh9,699538014447,,24.9961,0,CPM_DROP_PHY,8,9,699538014447,28009
veh9,28908,,25.0173,0,CAM_DROP_PHY,5,9,28908,28029
veh9,699538014590,,25.0258,0,CPM_DROP_PHY,2,9,699538014590,28034
veh9,699538014606,,25.0373,0,CPM_DROP_PHY,5,9,699538014606,28049
veh9,28992,,25.0583,0,CAM_DROP_PHY,6,9,28992,28095
veh9,699538014686,,25.0698,0,CPM_DROP_PHY,4,9,699538014686,28122
veh9,699538014729,,25.1103,0,CPM_DROP_PHY,11,9,699538014729,28165
veh9,29230,,25.1398,1,CAM,3,9,29230,-1
veh9,699538014905,,25.1398,0,CPM_DROP_PHY,3,9,699538014905,28215
veh9,29253,,25.1466,1,CAM,7,9,29253,-1
veh9,29268,25.1507,,0,CAM,9,,29268,-1
veh9,29275,,25.1583,0,CAM_DROP_PHY,6,9,29275,28253
veh9,29464,,25.2218,0,CAM_DROP_PHY,4,9,29464,28321
veh9,29485,,25.2361,0,CAM_DROP_PHY,8,9,29485,28340
veh9,699538015163,,25.2398,0,CPM_DROP_PHY,3,9,699538015163,28346
veh9,29527,,25.2583,0,CAM_DROP_PHY,6,9,29527,28387
veh9,699538015240,,25.2961,0,CPM_DROP_PHY,8,9,699538015240,28425
veh9,29580,,25.3058,1,CAM,2,9,29580,-1
veh9,29584,,25.3103,0,CAM_DROP_PHY,11,9,29584,28437
veh9,29712,,25.3173,0,CAM_DROP_PHY,5,9,29712,28450
veh9,29735,,25.3218,0,CAM_DROP_PHY,4,9,29735,28471
veh9,699538015394,,25.3258,0,CPM_DROP_PHY,2,9,699538015394,28456
veh9,29793,,25.3583,1,CAM,6,9,29793,-1
veh9,29948,,25.4188,1,CAM,12,9,29948,-1
veh9,29970,,25.4218,0,CAM_DROP_PHY,4,9,29970,28594
veh9,699538015632,,25.4258,0,CPM_DROP_PHY,2,9,699538015632,28584
veh9,29995,,25.4398,0,CAM_DROP_PHY,3,9,29995,28618
veh9,699538015675,,25.4466,0,CPM_DROP_PHY,7,9,699538015675,28628
veh9,30013,,25.4466,1,CAM,7,9,30013,-1
veh9,30027,25.4507,,0,CAM,9,,30027,-1
veh9,699538015714,,25.4783,0,CPM_DROP_PHY,6,9,699538015714,28666
veh9,699538015721,,25.4818,0,CPM_DROP_PHY,4,9,699538015721,28673
veh9,30077,,25.4986,1,CAM,10,9,30077,-1
veh9,30240,,25.5218,0,CAM_DROP_PHY,4,9,30240,28749
veh9,30262,,25.5361,0,CAM_DROP_PHY,8,9,30262,28772
veh9,699538015944,,25.5466,0,CPM_DROP_PHY,7,9,699538015944,28786
veh9,699538015975,,25.5543,0,CPM_DROP_PHY,12,9,699538015975,28818
veh9,30306,,25.5583,0,CAM_DROP_PHY,6,9,30306,28819
veh9,699538015989,,25.5783,0,CPM_DROP_PHY,6,9,699538015989,28837
veh9,30483,,25.6146,0,CAM_DROP_PHY,5,9,30483,28886
veh9,699538016159,,25.6186,0,CPM_DROP_PHY,10,9,699538016159,28887
veh9,699538016204,,25.6398,0,CPM_DROP_PHY,3,9,699538016204,28932
veh9,699538016246,,25.6726,0,CPM_DROP_PHY,6,9,699538016246,28976
veh9,699538016402,,25.7091,0,CPM_DROP_PHY,10,9,699538016402,29012
veh9,30748,,25.7218,0,CAM_DROP_PHY,4,9,30748,29025
veh9,699538016412,,25.7258,0,CPM_DROP_PHY,2,9,699538016412,29019
veh9,30772,,25.7398,1,CAM,3,9,30772,-1
veh9,699538016426,,25.7456,0,CPM_DROP_PHY,5,9,699538016426,29032
veh9,699538016450,,25.7466,0,CPM_DROP_PHY,7,9,699538016450,29057
veh9,30786,,25.7466,0,CAM_DROP_PHY,7,9,30786,29057
veh9,30801,25.7507,,0,CAM,9,,30801,-1
veh9,699538016525,,25.8048,0,CPM_DROP_PHY,8,9,699538016525,29119
veh9,30863,,25.8058,1,CAM,2,9,30863,-1
veh9,699538016654,,25.8091,0,CPM_DROP_PHY,10,9,699538016654,29142
veh9,31012,,25.8448,1,CAM,8,9,31012,-1
veh9,31044,,25.8526,0,CAM_DROP_PHY,6,9,31044,29206
veh9,699538016736,,25.8818,0,CPM_DROP_PHY,4,9,699538016736,29231
veh9,31113,,25.9103,1,CAM,11,9,31113,-1
veh9,31227,,25.9146,1,CAM,5,9,31227,-1
veh9,699538016943,,25.9381,0,CPM_DROP_PHY,3,9,699538016943,29335
veh9,699538016946,,25.9413,0,CPM_DROP_PHY,7,9,699538016946,29336
veh9,699538017008,,26.0048,0,CPM_DROP_PHY,8,9,699538017008,29378
veh9,699538017133,,26.0091,0,CPM_DROP_PHY,10,9,699538017133,29395
veh9,699538017014,,26.0103,0,CPM_DROP_PHY,11,9,699538017014,29383
veh9,31451,,26.0143,1,CAM,12,9,31451,-1
veh9,699538017144,,26.0178,0,CPM_DROP_PHY,2,9,699538017144,29406
veh9,31483,,26.0263,0,CAM_DROP_PHY,4,9,31483,29421
veh9,699538017162,,26.0346,0,CPM_DROP_PHY,5,9,699538017162,29431
veh9,31503,,26.0381,1,CAM,3,9,31503,-1
veh9,31534,26.0507,,0,CAM,9,,31534,-1
veh9,31522,,26.0613,0,CAM_DROP_PHY,7,9,31522,29468
veh9,699538017219,,26.0726,0,CPM_DROP_PHY,6,9,699538017219,29499
veh9,31581,,26.0891,1,CAM,10,9,31581,-1
veh9,699538017393,,26.1346,0,CPM_DROP_PHY,5,9,699538017393,29577
veh9,699538017409,,26.1381,0,CPM_DROP_PHY,3,9,699538017409,29593
veh9,699538017412,,26.1413,0,CPM_DROP_PHY,7,9,699538017412,29594
veh9,31729,,26.1448,0,CAM_DROP_PHY,8,9,31729,29586
veh9,31771,,26.1526,0,CAM_DROP_PHY,6,9,31771,29626
veh9,31754,,26.1613,0,CAM_DROP_PHY,7,9,31754,29604
veh9,699538017452,,26.1726,0,CPM_DROP_PHY,6,9,699538017452,29641
veh9,699538017460,,26.1863,0,CPM_DROP_PHY,4,9,699538017460,29649
veh9,699538017608,,26.2121,0,CPM_DROP_PHY,10,9,699538017608,29701
veh9,31933,,26.2146,0,CAM_DROP_PHY,5,9,31933,29700
veh9,31993,,26.2613,1,CAM,7,9,31993,-1
veh9,699538017692,,26.2863,0,CPM_DROP_PHY,4,9,699538017692,29784
veh9,699538017724,,26.3048,0,CPM_DROP_PHY,8,9,699538017724,29809
veh9,32167,,26.3101,0,CAM_DROP_PHY,5,9,32167,29831
veh9,32198,,26.3263,0,CAM_DROP_PHY,4,9,32198,29855
veh9,32222,,26.3403,0,CAM_DROP_PHY,3,9,32222,29892
veh9,32245,26.3507,,0,CAM,9,,32245,-1
veh9,32233,,26.3613,0,CAM_DROP_PHY,7,9,32233,29902
veh9,699538017941,,26.3863,0,CPM_DROP_PHY,4,9,699538017941,29939
veh9,32321,,26.3978,0,CAM_DROP_PHY,2,9,32321,29989
veh9,32421,,26.4101,0,CAM_DROP_PHY,5,9,32421,30006
veh9,699538017988,,26.4103,0,CPM_DROP_PHY,11,9,699538017988,29987
veh9,699538018097,,26.4121,0,CPM_DROP_PHY,10,9,699538018097,30007
veh9,699538018107,,26.4178,0,CPM_DROP_PHY,2,9,699538018107,30017
veh9,32476,,26.4403,0,CAM_DROP_PHY,3,9,32476,30060
veh9,32471,,26.4448,0,CAM_DROP_PHY,8,9,32471,30057
veh9,32502,,26.4526,0,CAM_DROP_PHY,6,9,32502,30090
veh9,32487,,26.4613,1,CAM,7,9,32487,-1
veh9,32665,,26.5101,0,CAM_DROP_PHY,5,9,32665,30165
veh9,32569,,26.5103,1,CAM,11,9,32569,-1
veh9,699538018373,,26.5301,0,CPM_DROP_PHY,5,9,699538018373,30200
veh9,32715,,26.5403,0,CAM_DROP_PHY,3,9,32715,30218
veh9,699538018425,,26.5863,0,CPM_DROP_PHY,4,9,699538018425,30254
veh9,32889,,26.6046,0,CAM_DROP_PHY,12,9,32889,30294
veh9,32900,,26.6101,0,CAM_DROP_PHY,5,9,32900,30304
veh9,699538018583,,26.6178,0,CPM_DROP_PHY,2,9,699538018583,30318
veh9,32924,,26.6263,0,CAM_DROP_PHY,4,9,32924,30329
veh9,32975,26.6507,,0,CAM,9,,32975,-1
veh9,32964,,26.6613,0,CAM_DROP_PHY,7,9,32964,30374
veh9,699538018665,,26.6863,0,CPM_DROP_PHY,4,9,699538018665,30411
veh9,33018,,26.6921,1,CAM,10,9,33018,-1
veh9,33140,,26.7101,0,CAM_DROP_PHY,5,9,33140,30467
veh9,33192,,26.7403,0,CAM_DROP_PHY,3,9,33192,30521
veh9,33187,,26.7448,1,CAM,8,9,33187,-1
veh9,699538018892,,26.7646,0,CPM_DROP_PHY,12,9,699538018892,30556
veh9,33223,,26.7691,0,CAM_DROP_PHY,6,9,33223,30559
veh9,699538018933,,26.8048,0,CPM_DROP_PHY,8,9,699538018933,30593
veh9,699538019080,,26.8413,0,CPM_DROP_PHY,7,9,699538019080,30649
veh9,33497,,26.8978,0,CAM_DROP_PHY,2,9,33497,30729
veh9,699538019153,,26.8983,0,CPM_DROP_PHY,8,9,699538019153,30714
veh9,33593,,26.9101,0,CAM_DROP_PHY,5,9,33593,30746
veh9,33620,,26.9263,1,CAM,4,9,33620,-1
veh9,33674,26.9507,,0,CAM,9,,33674,-1
veh9,33662,,26.9578,1,CAM,7,9,33662,-1
veh9,699538019498,,27.0178,0,CPM_DROP_PHY,2,9,699538019498,30903
veh9,33857,,27.0383,0,CAM_DROP_PHY,8,9,33857,30932
veh9,33862,,27.0403,0,CAM_DROP_PHY,3,9,33862,30935
veh9,33891,,27.0676,0,CAM_DROP_PHY,6,9,33891,30971
veh9,699538019572,,27.0676,0,CPM_DROP_PHY,6,9,699538019572,30971
veh9,33946,,27.1088,1,CAM,11,9,33946,-1
veh9,699538019710,,27.1103,0,CPM_DROP_PHY,10,9,699538019710,31021
veh9,699538019754,,27.1378,0,CPM_DROP_PHY,7,9,699538019754,31065
veh9,34074,,27.1383,0,CAM_DROP_PHY,8,9,34074,31062
veh9,699538019751,,27.1403,0,CPM_DROP_PHY,3,9,699538019751,31064
veh9,34260,,27.2101,1,CAM,5,9,34260,-1
veh9,699538019936,,27.2103,0,CPM_DROP_PHY,10,9,699538019936,31164
veh9,34255,,27.2126,1,CAM,12,9,34255,-1
veh9,699538019945,,27.2178,0,CPM_DROP_PHY,2,9,699538019945,31173
veh9,34284,,27.2263,1,CAM,4,9,34284,-1
veh9,699538019985,,27.2378,0,CPM_DROP_PHY,7,9,699538019985,31224
veh9,34306,,27.2383,0,CAM_DROP_PHY,8,9,34306,31220
veh9,34338,27.2507,,0,CAM,9,,34338,-1
veh9,699538020014,,27.2526,0,CPM_DROP_PHY,12,9,699538020014,31253
veh9,34327,,27.2578,1,CAM,7,9,34327,-1
veh9,34383,,27.2903,0,CAM_DROP_PHY,10,9,34383,31297
veh9,699538020157,,27.3103,0,CPM_DROP_PHY,10,9,699538020157,31322
veh9,699538020165,,27.3178,0,CPM_DROP_PHY,2,9,699538020165,31329
veh9,34521,,27.3383,0,CAM_DROP_PHY,8,9,34521,31356
veh9,34526,,27.3403,0,CAM_DROP_PHY,3,9,34526,31359
veh9,34559,,27.3676,0,CAM_DROP_PHY,6,9,34559,31389
veh9,699538020392,,27.4121,0,CPM_DROP_PHY,2,9,699538020392,31472
veh9,34731,,27.4356,0,CAM_DROP_PHY,4,9,34731,31484
veh9,34752,,27.4383,0,CAM_DROP_PHY,8,9,34752,31501
veh9,34775,,27.4676,0,CAM_DROP_PHY,6,9,34775,31532
veh9,699538020455,,27.4676,0,CPM_DROP_PHY,6,9,699538020455,31532
veh9,699538020499,,27.4963,0,CPM_DROP_PHY,11,9,699538020499,31574
veh9,699538020492,,27.4983,0,CPM_DROP_PHY,8,9,699538020492,31567
veh9,34928,,27.5101,0,CAM_DROP_PHY,5,9,34928,31592
veh9,34836,,27.5121,0,CAM_DROP_PHY,2,9,34836,31579
veh9,699538020612,,27.5121,0,CPM_DROP_PHY,2,9,699538020612,31579
veh9,699538020631,,27.5301,0,CPM_DROP_PHY,5,9,699538020631,31623
veh9,34952,,27.5356,0,CAM_DROP_PHY,4,9,34952,31617
veh9,34992,27.5507,,0,CAM,9,,34992,-1
veh9,699538020668,,27.5526,0,CPM_DROP_PHY,12,9,699538020668,31663
veh9,34982,,27.5578,0,CAM_DROP_PHY,7,9,34982,31653
veh9,34999,,27.5676,0,CAM_DROP_PHY,6,9,34999,31665
veh9,699538020818,,27.6121,0,CPM_DROP_PHY,2,9,699538020818,31730
veh9,35155,,27.6356,0,CAM_DROP_PHY,4,9,35155,31741
veh9,699538020859,,27.6378,0,CPM_DROP_PHY,7,9,699538020859,31771
veh9,35176,,27.6383,0,CAM_DROP_PHY,8,9,35176,31763
veh9,35180,,27.6403,1,CAM,3,9,35180,-1
veh9,35212,,27.6676,1,CAM,6,9,35212,-1
veh9,699538020892,,27.6676,0,CPM_DROP_PHY,6,9,699538020892,31805
veh9,699538020928,,27.6983,0,CPM_DROP_PHY,8,9,699538020928,31842
veh9,699538021040,,27.7121,0,CPM_DROP_PHY,2,9,699538021040,31867
veh9,35270,,27.7163,1,CAM,11,9,35270,-1
veh9,35380,,27.7356,0,CAM_DROP_PHY,4,9,35380,31882
veh9,699538021104,,27.7676,0,CPM_DROP_PHY,6,9,699538021104,31940
veh9,699538021133,,27.7983,0,CPM_DROP_PHY,8,9,699538021133,31961
veh9,35562,,27.8126,1,CAM,12,9,35562,-1
veh9,35568,,27.8263,0,CAM_DROP_PHY,5,9,35568,31986
veh9,699538021269,,27.8263,0,CPM_DROP_PHY,5,9,699538021269,31986
veh9,35612,,27.8363,1,CAM,8,9,35612,-1
veh9,35634,27.8507,,0,CAM,9,,35634,-1
veh9,35624,,27.8578,0,CAM_DROP_PHY,7,9,35624,32045
veh9,35641,,27.8676,0,CAM_DROP_PHY,6,9,35641,32058
veh9,699538021324,,27.8676,0,CPM_DROP_PHY,6,9,699538021324,32058
veh9,35686,,27.8903,0,CAM_DROP_PHY,10,9,35686,32106
veh9,699538021499,,27.9263,0,CPM_DROP_PHY,5,9,699538021499,32171
veh9,35820,,27.9356,1,CAM,4,9,35820,-1
veh9,35841,,27.9453,0,CAM_DROP_PHY,3,9,35841,32191
veh9,699538021545,,27.9756,0,CPM_DROP_PHY,4,9,699538021545,32224
veh9,36027,,28.0453,0,CAM_DROP_PHY,3,9,36027,32293
veh9,699538021703,,28.0453,0,CPM_DROP_PHY,3,9,699538021703,32293
veh9,36050,28.0507,,0,CAM,9,,36050,-1
veh9,699538021733,,28.0676,0,CPM_DROP_PHY,6,9,699538021733,32318
veh9,36194,,28.1263,1,CAM,5,9,36194,-1
veh9,699538021887,,28.1263,0,CPM_DROP_PHY,5,9,699538021887,32365
veh9,36227,,28.1363,0,CAM_DROP_PHY,8,9,36227,32397
veh9,36231,,28.1453,0,CAM_DROP_PHY,3,9,36231,32399
veh9,36262,28.1507,,0,CAM,9,,36262,-1
veh9,36249,,28.1581,1,CAM,7,9,36249,-1
veh9,36268,,28.1676,0,CAM_DROP_PHY,6,9,36268,32436
veh9,699538021953,,28.1791,0,CPM_DROP_PHY,4,9,699538021953,32448
veh9,36315,,28.2121,0,CAM_DROP_PHY,2,9,36315,32491
veh9,36429,,28.2391,0,CAM_DROP_PHY,4,9,36429,32513
veh9,36451,,28.2453,0,CAM_DROP_PHY,3,9,36451,32537
veh9,36473,28.2507,,0,CAM,9,,36473,-1
veh9,36532,,28.3163,1,CAM,11,9,36532,-1
veh9,36659,,28.3453,0,CAM_DROP_PHY,3,9,36659,32665
veh9,36683,28.3507,,0,CAM,9,,36683,-1
veh9,699538022360,,28.3703,0,CPM_DROP_PHY,12,9,699538022360,32684
veh9,699538022375,,28.3791,0,CPM_DROP_PHY,4,9,699538022375,32695
veh9,36832,,28.4216,0,CAM_DROP_PHY,12,9,36832,32751
veh9,36841,,28.4263,0,CAM_DROP_PHY,5,9,36841,32759
veh9,699538022540,,28.4263,0,CPM_DROP_PHY,5,9,699538022540,32759
veh9,36881,,28.4361,0,CAM_DROP_PHY,8,9,36881,32810
veh9,699538022562,,28.4381,0,CPM_DROP_PHY,7,9,699538022562,32813
veh9,36886,,28.4453,1,CAM,3,9,36886,-1
veh9,36912,28.4507,,0,CAM,9,,36912,-1
veh9,36901,,28.4581,0,CAM_DROP_PHY,7,9,36901,32825
veh9,36918,,28.4678,0,CAM_DROP_PHY,6,9,36918,32848
veh9,699538022598,,28.4678,0,CPM_DROP_PHY,6,9,699538022598,32848
veh9,37069,,28.5263,0,CAM_DROP_PHY,5,9,37069,32920
veh9,699538022772,,28.5381,0,CPM_DROP_PHY,7,9,699538022772,32950
veh9,37080,,28.5391,0,CAM_DROP_PHY,4,9,37080,32932
veh9,699538022769,,28.5453,0,CPM_DROP_PHY,3,9,699538022769,32949
veh9,37111,,28.5581,1,CAM,7,9,37111,-1
veh9,699538022814,,28.5791,0,CPM_DROP_PHY,4,9,699538022814,32996
veh9,36958,,28.5903,0,CAM_DROP_PHY,10,9,36958,32885
veh9,37275,,28.6263,0,CAM_DROP_PHY,5,9,37275,33048
veh9,699538022963,,28.6263,0,CPM_DROP_PHY,5,9,699538022963,33048
veh9,37311,,28.6453,0,CAM_DROP_PHY,3,9,37311,33080
veh9,699538022986,,28.6453,0,CPM_DROP_PHY,3,9,699538022986,33080
veh9,37343,28.6507,,0,CAM,9,,37343,-1
veh9,37328,,28.6581,0,CAM_DROP_PHY,7,9,37328,33092
veh9,699538023061,,28.6961,0,CPM_DROP_PHY,8,9,699538023061,33161
veh9,37401,,28.7083,0,CAM_DROP_PHY,2,9,37401,33171
veh9,37491,,28.7263,0,CAM_DROP_PHY,5,9,37491,33182
veh9,699538023182,,28.7263,0,CPM_DROP_PHY,5,9,699538023182,33182
veh9,37531,,28.7361,0,CAM_DROP_PHY,8,9,37531,33219
veh9,699538023210,,28.7381,0,CPM_DROP_PHY,7,9,699538023210,33222
veh9,37550,,28.7581,0,CAM_DROP_PHY,7,9,37550,33241
veh9,37564,,28.7678,1,CAM,6,9,37564,-1
veh9,699538023367,,28.8276,0,CPM_DROP_PHY,10,9,699538023367,33313
veh9,37705,,28.8391,0,CAM_DROP_PHY,4,9,37705,33318
veh9,699538023432,,28.8678,0,CPM_DROP_PHY,6,9,699538023432,33371
veh9,699538023438,,28.8791,0,CPM_DROP_PHY,4,9,699538023438,33376
veh9,699538023478,,28.9048,0,CPM_DROP_PHY,11,9,699538023478,33422
veh9,37814,,28.9048,0,CAM_DROP_PHY,11,9,37814,33422
veh9,37909,,28.9141,0,CAM_DROP_PHY,5,9,37909,33441
veh9,699538023584,,28.9276,0,CPM_DROP_PHY,10,9,699538023584,33446
veh9,37947,,28.9453,1,CAM,3,9,37947,-1
veh9,38503,28.9507,,0,CAM,9,,38503,-1
veh9,38491,,28.9581,1,CAM,7,9,38491,-1
veh9,38636,,29.0086,0,CAM_DROP_PHY,12,9,38636,33561
veh9,38674,,29.0361,0,CAM_DROP_PHY,8,9,38674,33595
veh9,699538024358,,29.0453,0,CPM_DROP_PHY,3,9,699538024358,33600
veh9,38711,,29.0678,0,CAM_DROP_PHY,6,9,38711,33639
veh9,38736,,29.0876,1,CAM,10,9,38736,-1
veh9,38855,,29.1256,0,CAM_DROP_PHY,4,9,38855,33700
veh9,699538024519,,29.1276,0,CPM_DROP_PHY,10,9,699538024519,33692
veh9,699538024535,,29.1341,0,CPM_DROP_PHY,5,9,699538024535,33703
veh9,699538024555,,29.1553,0,CPM_DROP_PHY,3,9,699538024555,33720
veh9,39048,,29.2141,0,CAM_DROP_PHY,5,9,39048,33799
veh9,39062,,29.2256,1,CAM,4,9,39062,-1
veh9,699538024727,,29.2288,0,CPM_DROP_PHY,2,9,699538024727,33807
veh9,699538024741,,29.2341,0,CPM_DROP_PHY,5,9,699538024741,33820
veh9,39085,,29.2353,0,CAM_DROP_PHY,3,9,39085,33846
veh9,39120,29.2507,,0,CAM,9,,39120,-1
veh9,39107,,29.2581,0,CAM_DROP_PHY,7,9,39107,33866
veh9,699538024843,,29.3048,0,CPM_DROP_PHY,11,9,699538024843,33937
veh9,39176,,29.3088,1,CAM,2,9,39176,-1
veh9,39277,,29.3256,0,CAM_DROP_PHY,4,9,39277,33969
veh9,699538024956,,29.3341,0,CPM_DROP_PHY,5,9,699538024956,33972
veh9,39292,,29.3478,1,CAM,8,9,39292,-1
veh9,39323,,29.3643,0,CAM_DROP_PHY,6,9,39323,34011
veh9,39493,,29.4256,0,CAM_DROP_PHY,4,9,39493,34105
veh9,699538025171,,29.4341,0,CPM_DROP_PHY,5,9,699538025171,34108
veh9,39507,,29.4478,0,CAM_DROP_PHY,8,9,39507,34120
veh9,699538025257,,29.5053,0,CPM_DROP_PHY,11,9,699538025257,34188
veh9,39592,,29.5053,0,CAM_DROP_PHY,11,9,39592,34188
veh9,39683,,29.5141,1,CAM,5,9,39683,-1
veh9,39710,,29.5353,1,CAM,3,9,39710,-1
veh9,39705,,29.5478,1,CAM,8,9,39705,-1
veh9,39740,29.5507,,0,CAM,9,,39740,-1
veh9,39727,,29.5556,1,CAM,7,9,39727,-1
veh9,39744,,29.5643,0,CAM_DROP_PHY,6,9,39744,34269
veh9,699538025476,,29.6053,0,CPM_DROP_PHY,11,9,699538025476,34333
veh9,39891,,29.6186,0,CAM_DROP_PHY,12,9,39891,34342
veh9,39910,,29.6256,1,CAM,4,9,39910,-1
veh9,39924,,29.6478,1,CAM,8,9,39924,-1
veh9,699538025607,,29.6553,0,CPM_DROP_PHY,3,9,699538025607,34388
veh9,39956,,29.6643,0,CAM_DROP_PHY,6,9,39956,34411
veh9,39989,,29.6876,0,CAM_DROP_PHY,10,9,39989,34449
veh9,699538025674,,29.7053,0,CPM_DROP_PHY,11,9,699538025674,34462
veh9,699538025771,,29.7288,0,CPM_DROP_PHY,2,9,699538025771,34484
veh9,699538025780,,29.7341,0,CPM_DROP_PHY,5,9,699538025780,34493
veh9,699538025802,,29.7556,0,CPM_DROP_PHY,7,9,699538025802,34513
veh9,40149,,29.7643,1,CAM,6,9,40149,-1
veh9,40291,,29.8141,0,CAM_DROP_PHY,5,9,40291,34591
veh9,699538025977,,29.8341,0,CPM_DROP_PHY,5,9,699538025977,34607
veh9,40318,,29.8353,0,CAM_DROP_PHY,3,9,40318,34621
veh9,40313,,29.8478,0,CAM_DROP_PHY,8,9,40313,34617
veh9,40349,29.8507,,0,CAM,9,,40349,-1
veh9,40337,,29.8556,1,CAM,7,9,40337,-1
veh9,40355,,29.8643,1,CAM,6,9,40355,-1
veh9,699538026045,,29.8643,0,CPM_DROP_PHY,6,9,699538026045,34652
veh9,699538026054,,29.8856,0,CPM_DROP_PHY,4,9,699538026054,34679
veh9,699538026092,,29.9053,0,CPM_DROP_PHY,11,9,699538026092,34732
veh9,40524,,29.9256,1,CAM,4,9,40524,-1
veh9,699538026186,,29.9273,0,CPM_DROP_PHY,10,9,699538026186,34753
veh9,40571,,29.9693,1,CAM,6,9,40571,-1
veh9,699538026283,,29.9878,0,CPM_DROP_PHY,8,9,699538026283,34846
veh9,40624,,30.0088,0,CAM_DROP_PHY,2,9,40624,34858
veh9,699538026402,,30.0341,0,CPM_DROP_PHY,5,9,699538026402,34883
veh9,40742,,30.0478,1,CAM,8,9,40742,-1
veh9,40822,,30.1053,0,CAM_DROP_PHY,11,9,40822,34973
veh9,40907,,30.1166,1,CAM,5,9,40907,-1
veh9,40938,,30.1353,1,CAM,3,9,40938,-1
veh9,40970,30.1507,,0,CAM,9,,40970,-1
veh9,699538026617,,30.1556,0,CPM_DROP_PHY,7,9,699538026617,35018
veh9,40960,,30.1556,1,CAM,7,9,40960,-1
veh9,40975,,30.1693,0,CAM_DROP_PHY,6,9,40975,35046
veh9,699538026663,,30.1693,0,CPM_DROP_PHY,6,9,699538026663,35046
veh9,41114,,30.2166,0,CAM_DROP_PHY,5,9,41114,35107
veh9,41108,,30.2186,1,CAM,12,9,41108,-1
veh9,41130,,30.2256,0,CAM_DROP_PHY,4,9,41130,35122
veh9,699538026790,,30.2273,0,CPM_DROP_PHY,10,9,699538026790,35109
veh9,699538026795,,30.2288,0,CPM_DROP_PHY,2,9,699538026795,35112
veh9,699538026831,,30.2556,0,CPM_DROP_PHY,7,9,699538026831,35155
veh9,41221,,30.2873,1,CAM,10,9,41221,-1
veh9,699538026907,,30.2973,0,CPM_DROP_PHY,11,9,699538026907,35229
veh9,41325,,30.3166,0,CAM_DROP_PHY,5,9,41325,35246
veh9,699538027001,,30.3273,0,CPM_DROP_PHY,10,9,699538027001,35247
veh9,699538027016,,30.3366,0,CPM_DROP_PHY,5,9,699538027016,35268
veh9,41355,,30.3496,0,CAM_DROP_PHY,8,9,41355,35275
veh9,41359,,30.3531,1,CAM,3,9,41359,-1
veh9,699538027037,,30.3556,0,CPM_DROP_PHY,7,9,699538027037,35281
veh9,699538027060,,30.3593,0,CPM_DROP_PHY,12,9,699538027060,35305
veh9,41550,,30.4166,0,CAM_DROP_PHY,5,9,41550,35399
veh9,699538027240,,30.4366,0,CPM_DROP_PHY,5,9,699538027240,35420
veh9,41611,30.4507,,0,CAM,9,,41611,-1
veh9,41580,,30.4531,1,CAM,3,9,41580,-1
veh9,699538027256,,30.4531,0,CPM_DROP_PHY,3,9,699538027256,35428
veh9,41601,,30.4556,0,CAM_DROP_PHY,7,9,41601,35432
veh9,41616,,30.4693,1,CAM,6,9,41616,-1
veh9,41669,,30.5011,0,CAM_DROP_PHY,2,9,41669,35517
veh9,41762,,30.5166,0,CAM_DROP_PHY,5,9,41762,35530
veh9,41775,,30.5198,1,CAM,4,9,41775,-1
veh9,41821,30.5507,,0,CAM,9,,41821,-1
veh9,41795,,30.5531,0,CAM_DROP_PHY,3,9,41795,35565
veh9,699538027471,,30.5531,0,CPM_DROP_PHY,3,9,699538027471,35565
veh9,41981,,30.6496,0,CAM_DROP_PHY,8,9,41981,35660
veh9,42014,30.6507,,0,CAM,9,,42014,-1
veh9,41985,,30.6531,1,CAM,3,9,41985,-1
veh9,42004,,30.6546,0,CAM_DROP_PHY,7,9,42004,35666
veh9,42171,,30.7086,0,CAM_DROP_PHY,5,9,42171,35765
veh9,42084,,30.7173,0,CAM_DROP_PHY,11,9,42084,35759
veh9,699538027851,,30.7211,0,CPM_DROP_PHY,2,9,699538027851,35772
veh9,42237,30.7507,,0,CAM,9,,42237,-1
veh9,42211,,30.7531,0,CAM_DROP_PHY,3,9,42211,35807
veh9,699538027892,,30.7546,0,CPM_DROP_PHY,7,9,699538027892,35817
veh9,42227,,30.7546,0,CAM_DROP_PHY,7,9,42227,35817
veh9,42242,,30.7693,0,CAM_DROP_PHY,6,9,42242,35834
veh9,42374,,30.8193,1,CAM,12,9,42374,-1
veh9,42389,,30.8198,1,CAM,4,9,42389,-1
veh9,42427,,30.8546,0,CAM_DROP_PHY,7,9,42427,35947
veh9,42480,,30.8873,0,CAM_DROP_PHY,10,9,42480,35991
veh9,699538028164,,30.8896,0,CPM_DROP_PHY,8,9,699538028164,36009
veh9,42596,,30.9086,0,CAM_DROP_PHY,5,9,42596,36041
veh9,699538028271,,30.9273,0,CPM_DROP_PHY,10,9,699538028271,36045
veh9,699538028286,,30.9286,0,CPM_DROP_PHY,5,9,699538028286,36064
veh9,42629,,30.9496,1,CAM,8,9,42629,-1
veh9,42655,30.9507,,0,CAM,9,,42655,-1
veh9,42634,,30.9526,0,CAM_DROP_PHY,3,9,42634,36076
veh9,42645,,30.9546,1,CAM,7,9,42645,-1
veh9,699538028463,,31.0273,0,CPM_DROP_PHY,10,9,699538028463,36165
veh9,42837,,31.0691,0,CAM_DROP_PHY,6,9,42837,36205
veh9,42883,,31.1011,0,CAM_DROP_PHY,2,9,42883,36250
veh9,699538028644,,31.1253,0,CPM_DROP_PHY,10,9,699538028644,36263
veh9,699538028660,,31.1286,0,CPM_DROP_PHY,5,9,699538028660,36279
veh9,42982,,31.1358,1,CAM,4,9,42982,-1
veh9,699538028678,,31.1546,0,CPM_DROP_PHY,7,9,699538028678,36299
veh9,43014,,31.1546,1,CAM,7,9,43014,-1
veh9,699538028751,,31.1971,0,CPM_DROP_PHY,11,9,699538028751,36372
veh9,43163,,31.2086,0,CAM_DROP_PHY,5,9,43163,36383
veh9,699538028839,,31.2253,0,CPM_DROP_PHY,10,9,699538028839,36388
veh9,699538028852,,31.2286,0,CPM_DROP_PHY,5,9,699538028852,36406
veh9,43198,,31.2481,0,CAM_DROP_PHY,8,9,43198,36416
veh9,43222,31.2507,,0,CAM,9,,43222,-1
veh9,43203,,31.2526,1,CAM,3,9,43203,-1
veh9,43226,,31.2691,1,CAM,6,9,43226,-1
veh9,43276,,31.3171,0,CAM_DROP_PHY,11,9,43276,36502
veh9,699538029048,,31.3286,0,CPM_DROP_PHY,5,9,699538029048,36524
veh9,43404,,31.3546,1,CAM,7,9,43404,-1
veh9,43416,,31.3691,0,CAM_DROP_PHY,6,9,43416,36564
veh9,43530,,31.4203,1,CAM,12,9,43530,-1
veh9,699538029225,,31.4286,0,CPM_DROP_PHY,5,9,699538029225,36625
veh9,43546,,31.4358,0,CAM_DROP_PHY,4,9,43546,36620
veh9,699538029261,,31.4603,0,CPM_DROP_PHY,12,9,699538029261,36667
veh9,43592,,31.4691,1,CAM,6,9,43592,-1
veh9,699538029281,,31.4758,0,CPM_DROP_PHY,4,9,699538029281,36682
veh9,43634,,31.4853,1,CAM,10,9,43634,-1
veh9,43743,,31.5238,0,CAM_DROP_PHY,5,9,43743,36750
veh9,699538029435,,31.5238,0,CPM_DROP_PHY,5,9,699538029435,36750
veh9,699538029420,,31.5253,0,CPM_DROP_PHY,10,9,699538029420,36752
veh9,43783,,31.5356,1,CAM,3,9,43783,-1
veh9,43757,,31.5358,0,CAM_DROP_PHY,4,9,43757,36764
veh9,43778,,31.5481,0,CAM_DROP_PHY,8,9,43778,36777
veh9,43812,31.5507,,0,CAM,9,,43812,-1
veh9,43817,,31.5656,0,CAM_DROP_PHY,6,9,43817,36822
veh9,699538029638,,31.6238,0,CPM_DROP_PHY,5,9,699538029638,36887
veh9,43960,,31.6346,1,CAM,4,9,43960,-1
veh9,43978,,31.6481,1,CAM,8,9,43978,-1
veh9,43992,,31.6536,0,CAM_DROP_PHY,7,9,43992,36918
veh9,44135,,31.7346,0,CAM_DROP_PHY,4,9,44135,36988
veh9,699538029836,,31.7356,0,CPM_DROP_PHY,3,9,699538029836,37009
veh9,44157,,31.7481,1,CAM,8,9,44157,-1
veh9,44188,,31.7656,0,CAM_DROP_PHY,6,9,44188,37045
veh9,44241,,31.8123,0,CAM_DROP_PHY,2,9,44241,37103
veh9,44327,,31.8238,0,CAM_DROP_PHY,5,9,44327,37108
veh9,699538030020,,31.8238,0,CPM_DROP_PHY,5,9,699538030020,37108
veh9,699538030003,,31.8253,0,CPM_DROP_PHY,10,9,699538030003,37110
veh9,44343,,31.8346,0,CAM_DROP_PHY,4,9,44343,37119
veh9,44367,,31.8356,0,CAM_DROP_PHY,3,9,44367,37141
veh9,44362,,31.8481,0,CAM_DROP_PHY,8,9,44362,37137
veh9,44396,31.8507,,0,CAM,9,,44396,-1
veh9,699538030082,,31.8656,0,CPM_DROP_PHY,6,9,699538030082,37195
veh9,44452,,31.9171,1,CAM,11,9,44452,-1
veh9,44556,,31.9346,1,CAM,4,9,44556,-1
veh9,44577,,31.9481,0,CAM_DROP_PHY,8,9,44577,37281
veh9,44596,,31.9536,0,CAM_DROP_PHY,7,9,44596,37306
veh9,44612,,31.9656,0,CAM_DROP_PHY,6,9,44612,37326
veh9,699538030307,,31.9746,0,CPM_DROP_PHY,4,9,699538030307,37350
veh9,44761,,32.0203,0,CAM_DROP_PHY,12,9,44761,37407
veh9,44777,,32.0346,1,CAM,4,9,44777,-1
veh9,44855,,32.0806,0,CAM_DROP_PHY,10,9,44855,37498
veh9,699538030627,,32.1206,0,CPM_DROP_PHY,10,9,699538030627,37526
veh9,44952,,32.1238,0,CAM_DROP_PHY,5,9,44952,37524
veh9,699538030643,,32.1238,0,CPM_DROP_PHY,5,9,699538030643,37524
veh9,44982,,32.1346,0,CAM_DROP_PHY,8,9,44982,37547
veh9,44986,,32.1356,0,CAM_DROP_PHY,3,9,44986,37551
veh9,45009,32.1507,,0,CAM,9,,45009,-1
veh9,699538030690,,32.1656,0,CPM_DROP_PHY,6,9,699538030690,37589
veh9,699538030825,,32.2206,0,CPM_DROP_PHY,10,9,699538030825,37638
veh9,699538030840,,32.2238,0,CPM_DROP_PHY,5,9,699538030840,37650
veh9,699538030855,,32.2356,0,CPM_DROP_PHY,3,9,699538030855,37667
veh9,699538030859,,32.2536,0,CPM_DROP_PHY,7,9,699538030859,37672
veh9,45195,,32.2536,0,CAM_DROP_PHY,7,9,45195,37672
veh9,45207,,32.2656,1,CAM,6,9,45207,-1
veh9,45255,,32.3086,0,CAM_DROP_PHY,2,9,45255,37731
veh9,699538031006,,32.3206,0,CPM_DROP_PHY,10,9,699538031006,37738
veh9,45381,,32.3536,1,CAM,7,9,45381,-1
veh9,699538031092,,32.3946,0,CPM_DROP_PHY,8,9,699538031092,37818
veh9,699538031190,,32.4206,0,CPM_DROP_PHY,10,9,699538031190,37839
veh9,45514,,32.4236,0,CAM_DROP_PHY,5,9,45514,37837
veh9,45546,,32.4346,0,CAM_DROP_PHY,8,9,45546,37861
veh9,45551,,32.4356,0,CAM_DROP_PHY,3,9,45551,37864
veh9,45576,32.4507,,0,CAM,9,,45576,-1
veh9,45565,,32.4536,1,CAM,7,9,45565,-1
veh9,45630,,32.5126,0,CAM_DROP_PHY,11,9,45630,37954
veh9,45709,,32.5236,0,CAM_DROP_PHY,5,9,45709,37958
veh9,45772,32.5507,,0,CAM,9,,45772,-1
veh9,699538031425,,32.5536,0,CPM_DROP_PHY,7,9,699538031425,38001
veh9,45760,,32.5536,0,CAM_DROP_PHY,7,9,45760,38001
veh9,45778,,32.5656,0,CAM_DROP_PHY,6,9,45778,38020
veh9,699538031465,,32.5656,0,CPM_DROP_PHY,6,9,699538031465,38020
veh9,699538031269,,32.5706,0,CPM_DROP_PHY,4,9,699538031269,37914
veh9,699538031475,,32.5706,0,CPM_DROP_PHY,4,9,699538031475,38044
veh9,699538031503,,32.5946,0,CPM_DROP_PHY,8,9,699538031503,38076
veh9,699538031510,,32.6148,0,CPM_DROP_PHY,11,9,699538031510,38084
veh9,45924,,32.6148,1,CAM,12,9,45924,-1
veh9,699538031607,,32.6206,0,CPM_DROP_PHY,10,9,699538031607,38102
veh9,45931,,32.6236,1,CAM,5,9,45931,-1
veh9,699538031631,,32.6236,0,CPM_DROP_PHY,5,9,699538031631,38099
veh9,45950,,32.6306,0,CAM_DROP_PHY,4,9,45950,38112
veh9,45995,32.6507,,0,CAM,9,,45995,-1
veh9,699538031650,,32.6536,0,CPM_DROP_PHY,7,9,699538031650,38150
veh9,45985,,32.6536,1,CAM,7,9,45985,-1
veh9,46032,,32.6806,0,CAM_DROP_PHY,10,9,46032,38192
veh9,699538031717,,32.6948,0,CPM_DROP_PHY,11,9,699538031717,38209
veh9,699538031804,,32.7206,0,CPM_DROP_PHY,10,9,699538031804,38230
veh9,46128,,32.7236,1,CAM,5,9,46128,-1
veh9,699538031819,,32.7236,0,CPM_DROP_PHY,5,9,699538031819,38226
veh9,46160,,32.7346,1,CAM,8,9,46160,-1
veh9,46165,,32.7478,0,CAM_DROP_PHY,3,9,46165,38253
veh9,46185,32.7507,,0,CAM,9,,46185,-1
veh9,699538031895,,32.7946,0,CPM_DROP_PHY,8,9,699538031895,38311
veh9,699538031988,,32.8206,0,CPM_DROP_PHY,10,9,699538031988,38335
veh9,46312,,32.8236,0,CAM_DROP_PHY,5,9,46312,38332
veh9,699538032022,,32.8536,0,CPM_DROP_PHY,7,9,699538032022,38365
veh9,46357,,32.8536,1,CAM,7,9,46357,-1
veh9,46371,,32.8656,0,CAM_DROP_PHY,6,9,46371,38383
veh9,46420,,32.9073,0,CAM_DROP_PHY,2,9,46420,38428
veh9,699538032178,,32.9206,0,CPM_DROP_PHY,10,9,699538032178,38443
veh9,46502,,32.9236,0,CAM_DROP_PHY,5,9,46502,38439
veh9,46515,,32.9306,1,CAM,4,9,46515,-1
veh9,46557,32.9507,,0,CAM,9,,46557,-1
veh9,699538032354,,33.0206,0,CPM_DROP_PHY,10,9,699538032354,38545
veh9,699538032371,,33.0236,0,CPM_DROP_PHY,5,9,699538032371,38555
veh9,46709,,33.0346,0,CAM_DROP_PHY,8,9,46709,38565
veh9,46713,,33.0478,0,CAM_DROP_PHY,3,9,46713,38567
veh9,699538032425,,33.0673,0,CPM_DROP_PHY,4,9,699538032425,38615
veh9,46796,,33.1148,0,CAM_DROP_PHY,11,9,46796,38658
veh9,46873,,33.1236,0,CAM_DROP_PHY,5,9,46873,38663
veh9,46932,33.1507,,0,CAM,9,,46932,-1
veh9,46922,,33.1533,0,CAM_DROP_PHY,7,9,46922,38714
veh9,46938,,33.1588,0,CAM_DROP_PHY,6,9,46938,38723
veh9,699538032631,,33.1673,0,CPM_DROP_PHY,4,9,699538032631,38750
veh9,699538032623,,33.1788,0,CPM_DROP_PHY,6,9,699538032623,38739
veh9,699538032661,,33.1908,0,CPM_DROP_PHY,8,9,699538032661,38784
veh9,47005,,33.2073,0,CAM_DROP_PHY,2,9,47005,38802
veh9,47081,,33.2148,0,CAM_DROP_PHY,12,9,47081,38806
veh9,699538032763,,33.2206,0,CPM_DROP_PHY,10,9,699538032763,38821
veh9,47101,,33.2273,0,CAM_DROP_PHY,4,9,47101,38834
veh9,47123,,33.2508,0,CAM_DROP_PHY,8,9,47123,38858
veh9,47178,,33.2806,1,CAM,10,9,47178,-1
veh9,699538032863,,33.2948,0,CPM_DROP_PHY,11,9,699538032863,38932
veh9,47199,,33.3073,1,CAM,2,9,47199,-1
veh9,47274,,33.3236,0,CAM_DROP_PHY,5,9,47274,38952
veh9,699538032969,,33.3236,0,CPM_DROP_PHY,5,9,699538032969,38952
veh9,47314,,33.3478,1,CAM,3,9,47314,-1
veh9,47334,33.3507,,0,CAM,9,,47334,-1
veh9,47308,,33.3508,0,CAM_DROP_PHY,8,9,47308,38982
veh9,699538033129,,33.4183,0,CPM_DROP_PHY,10,9,699538033129,39063
veh9,47485,,33.4508,1,CAM,8,9,47485,-1
veh9,47502,,33.4533,0,CAM_DROP_PHY,7,9,47502,39094
veh9,47519,,33.4588,1,CAM,6,9,47519,-1
veh9,699538033209,,33.4673,0,CPM_DROP_PHY,4,9,699538033209,39141
veh9,47580,,33.5073,0,CAM_DROP_PHY,2,9,47580,39180
veh9,47671,,33.5273,1,CAM,4,9,47671,-1
veh9,47685,,33.5508,0,CAM_DROP_PHY,8,9,47685,39222
veh9,699538033365,,33.5533,0,CPM_DROP_PHY,7,9,699538033365,39233
veh9,47713,,33.5588,1,CAM,6,9,47713,-1
veh9,699538033433,,33.5948,0,CPM_DROP_PHY,11,9,699538033433,39302
veh9,699538033522,,33.6183,0,CPM_DROP_PHY,10,9,699538033522,39319
veh9,47845,,33.6228,0,CAM_DROP_PHY,5,9,47845,39316
veh9,47876,,33.6478,1,CAM,3,9,47876,-1
veh9,47899,33.6507,,0,CAM,9,,47899,-1
veh9,47904,,33.6588,0,CAM_DROP_PHY,6,9,47904,39372
veh9,47951,,33.7073,0,CAM_DROP_PHY,2,9,47951,39423
veh9,47955,,33.7106,0,CAM_DROP_PHY,11,9,47955,39426
veh9,48068,,33.7468,1,CAM,8,9,48068,-1
veh9,48081,,33.7528,1,CAM,7,9,48081,-1
veh9,48099,,33.7588,1,CAM,6,9,48099,-1
veh9,699538033784,,33.7788,0,CPM_DROP_PHY,6,9,699538033784,39515
veh9,48239,,33.8108,1,CAM,12,9,48239,-1
veh9,48261,,33.8206,1,CAM,4,9,48261,-1
veh9,699538033918,,33.8318,0,CPM_DROP_PHY,10,9,699538033918,39591
veh9,699538033940,,33.8428,0,CPM_DROP_PHY,5,9,699538033940,39621
veh9,48301,,33.8588,0,CAM_DROP_PHY,6,9,48301,39651
veh9,48352,,33.8983,1,CAM,2,9,48352,-1
veh9,48427,,33.9228,1,CAM,5,9,48427,-1
veh9,699538034114,,33.9428,0,CPM_DROP_PHY,5,9,699538034114,39736
veh9,48452,,33.9461,0,CAM_DROP_PHY,3,9,48452,39744
veh9,48476,33.9507,,0,CAM,9,,48476,-1
veh9,699538034129,,33.9528,0,CPM_DROP_PHY,7,9,699538034129,39746
veh9,699538034276,,34.0428,0,CPM_DROP_PHY,5,9,699538034276,39829
veh9,48611,,34.0468,0,CAM_DROP_PHY,8,9,48611,39835
veh9,699538034291,,34.0528,0,CPM_DROP_PHY,7,9,699538034291,39838
veh9,48625,,34.0528,1,CAM,7,9,48625,-1
veh9,48645,,34.0588,0,CAM_DROP_PHY,6,9,48645,39859
veh9,48687,,34.0983,1,CAM,2,9,48687,-1
veh9,48769,,34.1206,0,CAM_DROP_PHY,4,9,48769,39931
veh9,48916,,34.2228,0,CAM_DROP_PHY,5,9,48916,40003
veh9,699538034601,,34.2428,0,CPM_DROP_PHY,5,9,699538034601,40015
veh9,48939,,34.2461,0,CAM_DROP_PHY,3,9,48939,40023
veh9,48960,34.2507,,0,CAM,9,,48960,-1
veh9,699538034615,,34.2528,0,CPM_DROP_PHY,7,9,699538034615,40025
veh9,49019,,34.2983,0,CAM_DROP_PHY,2,9,49019,40101
veh9,49025,,34.3033,0,CAM_DROP_PHY,11,9,49025,40105
veh9,699538034774,,34.3183,0,CPM_DROP_PHY,2,9,699538034774,40122
veh9,699538034788,,34.3428,0,CPM_DROP_PHY,5,9,699538034788,40139
veh9,49125,,34.3468,0,CAM_DROP_PHY,8,9,49125,40154
veh9,49153,34.3507,,0,CAM,9,,49153,-1
veh9,49138,,34.3526,0,CAM_DROP_PHY,7,9,49138,40157
veh9,699538034829,,34.3683,0,CPM_DROP_PHY,12,9,699538034829,40175
veh9,699538034854,,34.3801,0,CPM_DROP_PHY,4,9,699538034854,40206
veh9,699538034886,,34.3868,0,CPM_DROP_PHY,8,9,699538034886,40246
veh9,49293,,34.4083,0,CAM_DROP_PHY,12,9,49293,40265
veh9,49310,,34.4201,0,CAM_DROP_PHY,4,9,49310,40286
veh9,49347,34.4507,,0,CAM,9,,49347,-1
veh9,49160,,34.4531,0,CAM_DROP_PHY,6,9,49160,40176
veh9,49374,,34.4821,1,CAM,10,9,49374,-1
veh9,49389,,34.4983,0,CAM_DROP_PHY,2,9,49389,40365
veh9,49465,,34.5228,0,CAM_DROP_PHY,5,9,49465,40379
veh9,49491,,34.5461,0,CAM_DROP_PHY,3,9,49491,40402
veh9,49511,34.5507,,0,CAM,9,,49511,-1
veh9,699538035224,,34.5916,0,CPM_DROP_PHY,8,9,699538035224,40464
veh9,49653,,34.6316,1,CAM,8,9,49653,-1
veh9,49689,34.6507,,0,CAM,9,,49689,-1
veh9,699538035334,,34.6526,0,CPM_DROP_PHY,7,9,699538035334,40506
veh9,49669,,34.6526,1,CAM,7,9,49669,-1
veh9,49744,,34.7106,0,CAM_DROP_PHY,2,9,49744,40589
veh9,49826,,34.7201,0,CAM_DROP_PHY,4,9,49826,40605
veh9,49850,,34.7526,0,CAM_DROP_PHY,7,9,49850,40631
veh9,49693,,34.7531,1,CAM,6,9,49693,-1
veh9,699538035381,,34.7531,0,CPM_DROP_PHY,6,9,699538035381,40548
veh9,49904,,34.8106,1,CAM,2,9,49904,-1
veh9,49978,,34.8228,0,CAM_DROP_PHY,5,9,49978,40683
veh9,699538035664,,34.8428,0,CPM_DROP_PHY,5,9,699538035664,40699
veh9,50002,,34.8453,0,CAM_DROP_PHY,3,9,50002,40712
veh9,50029,34.8507,,0,CAM,9,,50029,-1
veh9,699538035679,,34.8526,0,CPM_DROP_PHY,7,9,699538035679,40715
veh9,50013,,34.8526,0,CAM_DROP_PHY,7,9,50013,40715
