vehicle_id,msg_seq,tx_t_s,rx_t_s,rx_ok,msg_type,tx_id,rx_id,cam_gdt_ms,pkt_uid
veh4,1487,1.4876,,0,CAM,4,,1487,-1
veh4,1687,1.6876,,0,CAM,4,,1687,-1
veh4,1887,1.8876,,0,CAM,4,,1887,-1
veh4,2015,,2.02358,0,CPM_DROP_PHY,6,4,2015,118
veh4,2030,,2.03408,0,CPM_DROP_PHY,7,4,2030,127
veh4,2034,,2.04358,0,CAM_DROP_PHY,6,4,2034,132
veh4,2052,,2.05608,0,CPM_DROP_PHY,10,4,2052,146
veh4,2063,,2.06633,0,CAM_DROP_PHY,3,4,2063,159
veh4,2055,,2.07408,0,CAM_DROP_PHY,7,4,2055,155
veh4,2070,,2.07908,0,CAM_DROP_PHY,9,4,2070,168
veh4,2087,2.0876,,0,CAM,4,,2087,-1
veh4,2079,,2.08858,0,CPM_DROP_PHY,8,4,2079,180
veh4,2084,,2.08858,0,CAM_DROP_PHY,8,4,2084,180
veh4,2095,,2.09683,0,CPM_DROP_PHY,2,4,2095,206
veh4,2086,,2.09908,0,CPM_DROP_PHY,9,4,2086,194
veh4,2096,,2.10633,0,CPM_DROP_PHY,3,4,2096,208
veh4,2099,,2.11458,0,CAM_DROP_PHY,5,4,2099,218
veh4,2123,,2.13683,0,CAM_DROP_PHY,2,4,2123,260
veh4,2163,,2.16633,0,CAM_DROP_PHY,3,4,2163,288
veh4,2170,,2.17908,0,CAM_DROP_PHY,9,4,2170,295
veh4,2179,,2.18858,0,CPM_DROP_PHY,8,4,2179,307
veh4,2186,,2.19908,0,CPM_DROP_PHY,9,4,2186,316
veh4,2199,,2.20133,0,CAM_DROP_PHY,5,4,2199,333
veh4,2234,,2.24358,0,CAM_DROP_PHY,6,4,2234,363
veh4,2252,,2.25608,0,CPM_DROP_PHY,10,4,2252,376
veh4,2263,,2.26633,0,CAM_DROP_PHY,3,4,2263,392
veh4,2255,,2.27408,0,CAM_DROP_PHY,7,4,2255,385
veh4,2269,,2.27608,0,CAM_DROP_PHY,10,4,2269,401
veh4,2270,,2.27908,0,CAM_DROP_PHY,9,4,2270,403
veh4,2287,2.2876,,0,CAM,4,,2287,-1
veh4,2284,,2.28858,0,CAM_DROP_PHY,8,4,2284,429
veh4,2299,,2.31458,0,CAM_DROP_PHY,5,4,2299,455
veh4,2323,,2.33683,0,CAM_DROP_PHY,2,4,2323,480
veh4,2334,,2.34358,0,CAM_DROP_PHY,6,4,2334,486
veh4,2352,,2.35608,0,CPM_DROP_PHY,10,4,2352,506
veh4,2356,,2.36483,0,CAM_DROP_PHY,11,4,2356,516
veh4,2363,,2.36633,0,CAM_DROP_PHY,3,4,2363,522
veh4,2370,,2.37908,0,CAM_DROP_PHY,9,4,2370,534
veh4,2399,,2.40133,0,CAM_DROP_PHY,5,4,2399,566
veh4,2434,,2.44358,0,CAM_DROP_PHY,6,4,2434,599
veh4,2452,,2.45608,0,CPM_DROP_PHY,10,4,2452,612
veh4,2463,,2.46633,0,CAM_DROP_PHY,3,4,2463,628
veh4,2455,,2.47408,0,CAM_DROP_PHY,7,4,2455,621
veh4,2470,,2.47908,0,CAM_DROP_PHY,9,4,2470,638
veh4,2487,2.4876,,0,CAM,4,,2487,-1
veh4,2484,,2.48858,0,CAM_DROP_PHY,8,4,2484,660
veh4,2496,,2.50633,0,CPM_DROP_PHY,3,4,2496,678
veh4,2523,,2.53683,0,CAM_DROP_PHY,2,4,2523,724
veh4,2534,,2.54358,0,CAM_DROP_PHY,6,4,2534,730
veh4,2563,,2.56633,0,CAM_DROP_PHY,3,4,2563,761
veh4,2569,,2.57608,0,CAM_DROP_PHY,10,4,2569,766
veh4,2584,,2.58858,0,CAM_DROP_PHY,8,4,2584,784
veh4,2630,,2.63408,0,CPM_DROP_PHY,7,4,2630,833
veh4,2634,,2.64358,0,CAM_DROP_PHY,6,4,2634,838
veh4,2656,,2.66183,0,CAM_DROP_PHY,11,4,2656,865
veh4,2655,,2.67408,0,CAM_DROP_PHY,7,4,2655,863
veh4,2670,,2.67908,0,CAM_DROP_PHY,9,4,2670,879
veh4,2687,2.6876,,0,CAM,4,,2687,-1
veh4,2684,,2.68858,0,CAM_DROP_PHY,8,4,2684,905
veh4,2686,,2.69908,0,CPM_DROP_PHY,9,4,2686,910
veh4,2599,,2.70133,0,CAM_DROP_PHY,5,4,2599,802
veh4,2651,,2.70133,0,CPM_DROP_PHY,5,4,2651,856
veh4,2696,,2.70633,0,CPM_DROP_PHY,3,4,2696,923
veh4,2723,,2.73683,0,CAM_DROP_PHY,2,4,2723,968
veh4,2734,,2.74358,0,CAM_DROP_PHY,6,4,2734,974
veh4,2763,,2.76633,0,CAM_DROP_PHY,3,4,2763,1006
veh4,2786,,2.79908,0,CPM_DROP_PHY,9,4,2786,1026
veh4,2784,,2.80083,0,CAM_DROP_PHY,8,4,2784,1024
veh4,2799,,2.80133,0,CAM_DROP_PHY,5,4,2799,1035
veh4,2796,,2.80633,0,CPM_DROP_PHY,3,4,2796,1030
veh4,2834,,2.84358,0,CAM_DROP_PHY,6,4,2834,1087
veh4,2852,,2.85608,0,CPM_DROP_PHY,10,4,2852,1101
veh4,2851,,2.86133,0,CPM_DROP_PHY,5,4,2851,1100
veh4,2855,,2.87408,0,CAM_DROP_PHY,7,4,2855,1110
veh4,2869,,2.87608,0,CAM_DROP_PHY,10,4,2869,1126
veh4,2870,,2.87908,0,CAM_DROP_PHY,9,4,2870,1127
veh4,2887,2.8876,,0,CAM,4,,2887,-1
veh4,2884,,2.90083,0,CAM_DROP_PHY,8,4,2884,1155
veh4,2896,,2.90633,0,CPM_DROP_PHY,3,4,2896,1170
veh4,2923,,2.93683,0,CAM_DROP_PHY,2,4,2923,1213
veh4,2951,,2.96133,0,CPM_DROP_PHY,5,4,2951,1235
veh4,2956,,2.96183,0,CAM_DROP_PHY,11,4,2956,1239
veh4,2963,,2.96633,0,CAM_DROP_PHY,3,4,2963,1249
veh4,2969,,2.97608,0,CAM_DROP_PHY,10,4,2969,1256
veh4,2987,2.9876,,0,CAM,4,,2987,-1
veh4,2986,,2.98933,0,CPM_DROP_PHY,9,4,2986,1283
veh4,2996,,3.00633,0,CPM_DROP_PHY,3,4,2996,1295
veh4,3015,,3.02808,0,CPM_DROP_PHY,6,4,3015,1333
veh4,3034,,3.04808,0,CAM_DROP_PHY,6,4,3034,1356
veh4,3055,,3.07408,0,CAM_DROP_PHY,7,4,3055,1377
veh4,3069,,3.07608,0,CAM_DROP_PHY,10,4,3069,1388
veh4,3079,,3.08083,0,CPM_DROP_PHY,8,4,3079,1402
veh4,3087,3.0876,,0,CAM,4,,3087,-1
veh4,3070,,3.08933,0,CAM_DROP_PHY,9,4,3070,1389
veh4,3084,,3.10083,0,CAM_DROP_PHY,8,4,3084,1411
veh4,3095,,3.10758,0,CPM_DROP_PHY,2,4,3095,1434
veh4,3051,,3.16133,0,CPM_DROP_PHY,5,4,3051,1370
veh4,3151,,3.16133,0,CPM_DROP_PHY,5,4,3151,1497
veh4,3163,,3.16633,0,CAM_DROP_PHY,3,4,3163,1506
veh4,3155,,3.16708,0,CAM_DROP_PHY,7,4,3155,1499
veh4,3169,,3.17608,0,CAM_DROP_PHY,10,4,3169,1516
veh4,3187,3.1876,,0,CAM,4,,3187,-1
veh4,3196,,3.20633,0,CPM_DROP_PHY,3,4,3196,1553
veh4,3223,,3.22758,0,CAM_DROP_PHY,2,4,3223,1594
veh4,3234,,3.24808,0,CAM_DROP_PHY,6,4,3234,1605
veh4,3256,,3.26183,0,CAM_DROP_PHY,11,4,3256,1630
veh4,3263,,3.26633,0,CAM_DROP_PHY,3,4,3263,1640
veh4,3255,,3.26708,0,CAM_DROP_PHY,7,4,3255,1629
veh4,3269,,3.27608,0,CAM_DROP_PHY,10,4,3269,1651
veh4,3287,3.2876,,0,CAM,4,,3287,-1
veh4,3270,,3.28933,0,CAM_DROP_PHY,9,4,3270,1653
veh4,3284,,3.30083,0,CAM_DROP_PHY,8,4,3284,1679
veh4,3333,,3.34183,0,CPM_DROP_PHY,11,4,3333,1739
veh4,3251,,3.36133,0,CPM_DROP_PHY,5,4,3251,1623
veh4,3351,,3.36133,0,CPM_DROP_PHY,5,4,3351,1754
veh4,3355,,3.36708,0,CAM_DROP_PHY,7,4,3355,1759
veh4,3369,,3.37608,0,CAM_DROP_PHY,10,4,3369,1774
veh4,3363,,3.37908,0,CAM_DROP_PHY,3,4,3363,1767
veh4,3387,3.3876,,0,CAM,4,,3387,-1
veh4,3370,,3.38933,0,CAM_DROP_PHY,9,4,3370,1775
veh4,3396,,3.39908,0,CPM_DROP_PHY,3,4,3396,1813
veh4,3434,,3.44808,0,CAM_DROP_PHY,6,4,3434,1870
veh4,3455,,3.46708,0,CAM_DROP_PHY,7,4,3455,1890
veh4,3452,,3.47033,0,CPM_DROP_PHY,10,4,3452,1885
veh4,3463,,3.47908,0,CAM_DROP_PHY,3,4,3463,1898
veh4,3487,3.4876,,0,CAM,4,,3487,-1
veh4,3470,,3.48933,0,CAM_DROP_PHY,9,4,3470,1909
veh4,3484,,3.50083,0,CAM_DROP_PHY,8,4,3484,1929
veh4,3523,,3.52758,0,CAM_DROP_PHY,2,4,3523,1980
veh4,3515,,3.52808,0,CPM_DROP_PHY,6,4,3515,1972
veh4,3451,,3.55883,0,CPM_DROP_PHY,5,4,3451,1884
veh4,3551,,3.55883,0,CPM_DROP_PHY,5,4,3551,2018
veh4,3556,,3.56183,0,CAM_DROP_PHY,11,4,3556,2020
veh4,3555,,3.56708,0,CAM_DROP_PHY,7,4,3555,2019
veh4,3563,,3.57908,0,CAM_DROP_PHY,3,4,3563,2031
veh4,3570,,3.58933,0,CAM_DROP_PHY,9,4,3570,2041
veh4,3599,,3.61883,0,CAM_DROP_PHY,5,4,3599,2077
veh4,3630,,3.64708,0,CPM_DROP_PHY,7,4,3630,2110
veh4,3634,,3.64808,0,CAM_DROP_PHY,6,4,3634,2112
veh4,3651,,3.65883,0,CPM_DROP_PHY,5,4,3651,2131
veh4,3656,,3.66183,0,CAM_DROP_PHY,11,4,3656,2143
veh4,3655,,3.66708,0,CAM_DROP_PHY,7,4,3655,2141
veh4,3652,,3.67033,0,CPM_DROP_PHY,10,4,3652,2133
veh4,3669,,3.67033,0,CAM_DROP_PHY,10,4,3669,2133
veh4,3663,,3.67908,0,CAM_DROP_PHY,3,4,3663,2154
veh4,3687,3.6876,,0,CAM,4,,3687,-1
veh4,3670,,3.68833,0,CAM_DROP_PHY,9,4,3670,2167
veh4,3686,,3.68833,0,CPM_DROP_PHY,9,4,3686,2167
veh4,3684,,3.70083,0,CAM_DROP_PHY,8,4,3684,2190
veh4,3751,,3.75883,0,CPM_DROP_PHY,5,4,3751,2264
veh4,3756,,3.76183,0,CAM_DROP_PHY,11,4,3756,2267
veh4,3752,,3.77033,0,CPM_DROP_PHY,10,4,3752,2265
veh4,3763,,3.77908,0,CAM_DROP_PHY,3,4,3763,2277
veh4,3770,,3.78833,0,CAM_DROP_PHY,9,4,3770,2287
veh4,3799,,3.81883,0,CAM_DROP_PHY,5,4,3799,2326
veh4,3823,,3.82508,0,CAM_DROP_PHY,2,4,3823,2350
veh4,3834,,3.84808,0,CAM_DROP_PHY,6,4,3834,2361
veh4,3855,,3.86708,0,CAM_DROP_PHY,7,4,3855,2388
veh4,3852,,3.87033,0,CPM_DROP_PHY,10,4,3852,2382
veh4,3869,,3.87033,0,CAM_DROP_PHY,10,4,3869,2382
veh4,3863,,3.87908,0,CAM_DROP_PHY,3,4,3863,2393
veh4,3887,3.8876,,0,CAM,4,,3887,-1
veh4,3856,,3.88858,0,CAM_DROP_PHY,11,4,3856,2390
veh4,3884,,3.89633,0,CAM_DROP_PHY,8,4,3884,2424
veh4,3896,,3.89908,0,CPM_DROP_PHY,3,4,3896,2442
veh4,3899,,3.91883,0,CAM_DROP_PHY,5,4,3899,2451
veh4,3915,,3.92808,0,CPM_DROP_PHY,6,4,3915,2470
veh4,3934,,3.94808,0,CAM_DROP_PHY,6,4,3934,2500
veh4,3952,,3.97033,0,CPM_DROP_PHY,10,4,3952,2521
veh4,3956,,3.97508,0,CAM_DROP_PHY,11,4,3956,2528
veh4,3963,,3.97908,0,CAM_DROP_PHY,3,4,3963,2531
veh4,3970,,3.98833,0,CAM_DROP_PHY,9,4,3970,2540
veh4,3984,,3.99633,0,CAM_DROP_PHY,8,4,3984,2555
veh4,3999,,4.01883,0,CAM_DROP_PHY,5,4,3999,2584
veh4,4015,,4.02083,0,CPM_DROP_PHY,6,4,4015,2608
veh4,4034,,4.04083,0,CAM_DROP_PHY,6,4,4034,2636
veh4,4051,,4.05883,0,CPM_DROP_PHY,5,4,4051,2658
veh4,4055,,4.06708,0,CAM_DROP_PHY,7,4,4055,2660
veh4,4069,,4.07033,0,CAM_DROP_PHY,10,4,4069,2677
veh4,4063,,4.07908,0,CAM_DROP_PHY,3,4,4063,2670
veh4,4087,4.0876,,0,CAM,4,,4087,-1
veh4,4056,,4.08858,0,CAM_DROP_PHY,11,4,4056,2662
veh4,4079,,4.09633,0,CPM_DROP_PHY,8,4,4079,2701
veh4,4084,,4.09633,0,CAM_DROP_PHY,8,4,4084,2701
veh4,4095,,4.10508,0,CPM_DROP_PHY,2,4,4095,2721
veh4,4099,,4.11883,0,CAM_DROP_PHY,5,4,4099,2731
veh4,4123,,4.12508,0,CAM_DROP_PHY,2,4,4123,2767
veh4,4133,,4.13508,0,CPM_DROP_PHY,11,4,4133,2781
veh4,4134,,4.14083,0,CAM_DROP_PHY,6,4,4134,2782
veh4,4169,,4.17033,0,CAM_DROP_PHY,10,4,4169,2830
veh4,4156,,4.17508,0,CAM_DROP_PHY,11,4,4156,2820
veh4,4163,,4.17908,0,CAM_DROP_PHY,3,4,4163,2825
veh4,4170,,4.18833,0,CAM_DROP_PHY,9,4,4170,2834
veh4,4186,,4.18833,0,CPM_DROP_PHY,9,4,4186,2834
veh4,4184,,4.19633,0,CAM_DROP_PHY,8,4,4184,2851
veh4,4199,,4.21883,0,CAM_DROP_PHY,5,4,4199,2880
veh4,4234,,4.24083,0,CAM_DROP_PHY,6,4,4234,2916
veh4,4255,,4.26708,0,CAM_DROP_PHY,7,4,4255,2940
veh4,4269,,4.27033,0,CAM_DROP_PHY,10,4,4269,2952
veh4,4263,,4.27908,0,CAM_DROP_PHY,3,4,4263,2945
veh4,4284,,4.29383,0,CAM_DROP_PHY,8,4,4284,2973
veh4,4299,,4.31883,0,CAM_DROP_PHY,5,4,4299,2992
veh4,4333,,4.33508,0,CPM_DROP_PHY,11,4,4333,3028
veh4,4334,,4.34083,0,CAM_DROP_PHY,6,4,4334,3029
veh4,4351,,4.35883,0,CPM_DROP_PHY,5,4,4351,3057
veh4,4369,,4.37033,0,CAM_DROP_PHY,10,4,4369,3072
veh4,4363,,4.37908,0,CAM_DROP_PHY,3,4,4363,3068
veh4,4370,,4.38833,0,CAM_DROP_PHY,9,4,4370,3076
veh4,4384,,4.39383,0,CAM_DROP_PHY,8,4,4384,3094
veh4,4433,,4.43508,0,CPM_DROP_PHY,11,4,4433,3151
veh4,4434,,4.44083,0,CAM_DROP_PHY,6,4,4434,3152
veh4,4423,,4.44383,0,CAM_DROP_PHY,2,4,4423,3146
veh4,4452,,4.45283,0,CPM_DROP_PHY,10,4,4452,3181
veh4,4455,,4.46083,0,CAM_DROP_PHY,7,4,4455,3193
veh4,4451,,4.46433,0,CPM_DROP_PHY,5,4,4451,3180
veh4,4469,,4.47283,0,CAM_DROP_PHY,10,4,4469,3212
veh4,4456,,4.47508,0,CAM_DROP_PHY,11,4,4456,3195
veh4,4463,,4.47908,0,CAM_DROP_PHY,3,4,4463,3205
veh4,4499,,4.50433,0,CAM_DROP_PHY,5,4,4499,3257
veh4,4533,,4.53508,0,CPM_DROP_PHY,11,4,4533,3293
veh4,4534,,4.54083,0,CAM_DROP_PHY,6,4,4534,3294
veh4,4551,,4.56433,0,CPM_DROP_PHY,5,4,4551,3318
veh4,4569,,4.57283,0,CAM_DROP_PHY,10,4,4569,3333
veh4,4563,,4.57908,0,CAM_DROP_PHY,3,4,4563,3327
veh4,4570,,4.58833,0,CAM_DROP_PHY,9,4,4570,3335
veh4,4584,,4.59383,0,CAM_DROP_PHY,8,4,4584,3359
veh4,4599,,4.60433,0,CAM_DROP_PHY,5,4,4599,3379
veh4,4633,,4.63508,0,CPM_DROP_PHY,11,4,4633,3421
veh4,4630,,4.64083,0,CPM_DROP_PHY,7,4,4630,3418
veh4,4655,,4.66083,0,CAM_DROP_PHY,7,4,4655,3449
veh4,4651,,4.66433,0,CPM_DROP_PHY,5,4,4651,3444
veh4,4669,,4.67283,0,CAM_DROP_PHY,10,4,4669,3465
veh4,4663,,4.67908,0,CAM_DROP_PHY,3,4,4663,3459
veh4,4686,,4.68833,0,CPM_DROP_PHY,9,4,4686,3494
veh4,4699,,4.70433,0,CAM_DROP_PHY,5,4,4699,3509
veh4,4733,,4.73508,0,CPM_DROP_PHY,11,4,4733,3548
veh4,4734,,4.74083,0,CAM_DROP_PHY,6,4,4734,3549
veh4,4723,,4.74383,0,CAM_DROP_PHY,2,4,4723,3542
veh4,4755,,4.76083,0,CAM_DROP_PHY,7,4,4755,3583
veh4,4751,,4.76433,0,CPM_DROP_PHY,5,4,4751,3577
veh4,4763,,4.77158,0,CAM_DROP_PHY,3,4,4763,3594
veh4,4756,,4.77508,0,CAM_DROP_PHY,11,4,4756,3585
veh4,4770,,4.78683,0,CAM_DROP_PHY,9,4,4770,3603
veh4,4787,4.7876,,0,CAM,4,,4787,-1
veh4,4784,,4.79383,0,CAM_DROP_PHY,8,4,4784,3630
veh4,4799,,4.80433,0,CAM_DROP_PHY,5,4,4799,3647
veh4,4815,,4.82083,0,CPM_DROP_PHY,6,4,4815,3680
veh4,4833,,4.83508,0,CPM_DROP_PHY,11,4,4833,3705
veh4,4852,,4.85283,0,CPM_DROP_PHY,10,4,4852,3724
veh4,4855,,4.86083,0,CAM_DROP_PHY,7,4,4855,3734
veh4,4851,,4.86433,0,CPM_DROP_PHY,5,4,4851,3723
veh4,4863,,4.87158,0,CAM_DROP_PHY,3,4,4863,3744
veh4,4869,,4.87283,0,CAM_DROP_PHY,10,4,4869,3750
veh4,4870,,4.88683,0,CAM_DROP_PHY,9,4,4870,3754
veh4,4887,4.8876,,0,CAM,4,,4887,-1
veh4,4899,,4.90433,0,CAM_DROP_PHY,5,4,4899,3795
veh4,4896,,4.91158,0,CPM_DROP_PHY,3,4,4896,3794
veh4,4915,,4.92083,0,CPM_DROP_PHY,6,4,4915,3827
veh4,4933,,4.93508,0,CPM_DROP_PHY,11,4,4933,3855
veh4,4934,,4.94083,0,CAM_DROP_PHY,6,4,4934,3856
veh4,4955,,4.96083,0,CAM_DROP_PHY,7,4,4955,3884
veh4,4951,,4.96433,0,CPM_DROP_PHY,5,4,4951,3880
veh4,4963,,4.97158,0,CAM_DROP_PHY,3,4,4963,3892
veh4,4970,,4.98683,0,CAM_DROP_PHY,9,4,4970,3901
veh4,4987,4.9876,,0,CAM,4,,4987,-1
veh4,4984,,4.99383,0,CAM_DROP_PHY,8,4,4984,3923
veh4,4990,,4.99458,0,CAM_DROP_PHY,12,4,4990,3929
veh4,4999,,5.00433,0,CAM_DROP_PHY,5,4,4999,3941
veh4,5015,,5.02083,0,CPM_DROP_PHY,6,4,5015,3979
veh4,5055,,5.06083,0,CAM_DROP_PHY,7,4,5055,4018
veh4,5051,,5.06433,0,CPM_DROP_PHY,5,4,5051,4014
veh4,5056,,5.07133,0,CAM_DROP_PHY,11,4,5056,4019
veh4,5063,,5.07158,0,CAM_DROP_PHY,3,4,5063,4027
veh4,5069,,5.07283,0,CAM_DROP_PHY,10,4,5069,4033
veh4,5070,,5.08683,0,CAM_DROP_PHY,9,4,5070,4037
veh4,5087,5.0876,,0,CAM,4,,5087,-1
veh4,5079,,5.09383,0,CPM_DROP_PHY,8,4,5079,4066
veh4,5095,,5.10383,0,CPM_DROP_PHY,2,4,5095,4089
veh4,5099,,5.10433,0,CAM_DROP_PHY,5,4,5099,4090
veh4,5106,,5.11458,0,CPM_DROP_PHY,12,4,5106,4110
veh4,5115,,5.12083,0,CPM_DROP_PHY,6,4,5115,4132
veh4,5134,,5.14083,0,CAM_DROP_PHY,6,4,5134,4163
veh4,5155,,5.15683,0,CAM_DROP_PHY,7,4,5155,4185
veh4,5151,,5.16433,0,CPM_DROP_PHY,5,4,5151,4182
veh4,5156,,5.17133,0,CAM_DROP_PHY,11,4,5156,4189
veh4,5163,,5.17158,0,CAM_DROP_PHY,3,4,5163,4198
veh4,5170,,5.18683,0,CAM_DROP_PHY,9,4,5170,4204
veh4,5187,5.1876,,0,CAM,4,,5187,-1
veh4,5184,,5.19383,0,CAM_DROP_PHY,8,4,5184,4233
veh4,5190,,5.19458,0,CAM_DROP_PHY,12,4,5190,4240
veh4,5199,,5.20433,0,CAM_DROP_PHY,5,4,5199,4252
veh4,5215,,5.22083,0,CPM_DROP_PHY,6,4,5215,4289
veh4,5251,,5.26433,0,CPM_DROP_PHY,5,4,5251,4325
veh4,5256,,5.27133,0,CAM_DROP_PHY,11,4,5256,4329
veh4,5263,,5.27158,0,CAM_DROP_PHY,3,4,5263,4334
veh4,5269,,5.28283,0,CAM_DROP_PHY,10,4,5269,4339
veh4,5270,,5.28683,0,CAM_DROP_PHY,9,4,5270,4341
veh4,5287,5.2876,,0,CAM,4,,5287,-1
veh4,5299,,5.30433,0,CAM_DROP_PHY,5,4,5299,4388
veh4,5315,,5.32083,0,CPM_DROP_PHY,6,4,5315,4413
veh4,5334,,5.34083,0,CAM_DROP_PHY,6,4,5334,4439
veh4,5333,,5.35133,0,CPM_DROP_PHY,11,4,5333,4438
veh4,5355,,5.35683,0,CAM_DROP_PHY,7,4,5355,4467
veh4,5351,,5.36433,0,CPM_DROP_PHY,5,4,5351,4463
veh4,5356,,5.37133,0,CAM_DROP_PHY,11,4,5356,4472
veh4,5363,,5.37158,0,CAM_DROP_PHY,3,4,5363,4483
veh4,5387,5.3876,,0,CAM,4,,5387,-1
veh4,5384,,5.39383,0,CAM_DROP_PHY,8,4,5384,4518
veh4,5390,,5.39458,0,CAM_DROP_PHY,12,4,5390,4522
veh4,5399,,5.40433,0,CAM_DROP_PHY,5,4,5399,4533
veh4,5415,,5.42083,0,CPM_DROP_PHY,6,4,5415,4564
veh4,5451,,5.46433,0,CPM_DROP_PHY,5,4,5451,4603
veh4,5456,,5.47133,0,CAM_DROP_PHY,11,4,5456,4608
veh4,5463,,5.47158,0,CAM_DROP_PHY,3,4,5463,4612
veh4,5469,,5.48283,0,CAM_DROP_PHY,10,4,5469,4617
veh4,5470,,5.48683,0,CAM_DROP_PHY,9,4,5470,4619
veh4,5487,5.4876,,0,CAM,4,,5487,-1
veh4,5490,,5.49458,0,CAM_DROP_PHY,12,4,5490,4657
veh4,5499,,5.50433,0,CAM_DROP_PHY,5,4,5499,4670
veh4,5515,,5.53283,0,CPM_DROP_PHY,6,4,5515,4701
veh4,5534,,5.55283,0,CAM_DROP_PHY,6,4,5534,4720
veh4,5555,,5.55683,0,CAM_DROP_PHY,7,4,5555,4746
veh4,5563,,5.57158,0,CAM_DROP_PHY,3,4,5563,4761
veh4,5587,5.5876,,0,CAM,4,,5587,-1
veh4,5590,,5.59458,0,CAM_DROP_PHY,12,4,5590,4784
veh4,5584,,5.59558,0,CAM_DROP_PHY,8,4,5584,4782
veh4,5599,,5.61483,0,CAM_DROP_PHY,5,4,5599,4796
veh4,5630,,5.63683,0,CPM_DROP_PHY,7,4,5630,4840
veh4,5651,,5.65483,0,CPM_DROP_PHY,5,4,5651,4865
veh4,5656,,5.66983,0,CAM_DROP_PHY,11,4,5656,4873
veh4,5663,,5.67158,0,CAM_DROP_PHY,3,4,5663,4882
veh4,5670,,5.68108,0,CAM_DROP_PHY,9,4,5670,4888
veh4,5669,,5.68283,0,CAM_DROP_PHY,10,4,5669,4884
veh4,5687,5.6876,,0,CAM,4,,5687,-1
veh4,5690,,5.69458,0,CAM_DROP_PHY,12,4,5690,4923
veh4,5684,,5.69558,0,CAM_DROP_PHY,8,4,5684,4915
veh4,5686,,5.70108,0,CPM_DROP_PHY,9,4,5686,4917
veh4,5699,,5.71483,0,CAM_DROP_PHY,5,4,5699,4939
veh4,5723,,5.74058,0,CAM_DROP_PHY,2,4,5723,4989
veh4,5734,,5.75283,0,CAM_DROP_PHY,6,4,5734,4995
veh4,5751,,5.75483,0,CPM_DROP_PHY,5,4,5751,5016
veh4,5755,,5.75683,0,CAM_DROP_PHY,7,4,5755,5027
veh4,5763,,5.77158,0,CAM_DROP_PHY,3,4,5763,5046
veh4,5769,,5.78283,0,CAM_DROP_PHY,10,4,5769,5049
veh4,5787,5.7876,,0,CAM,4,,5787,-1
veh4,5790,,5.79458,0,CAM_DROP_PHY,12,4,5790,5076
veh4,5784,,5.79558,0,CAM_DROP_PHY,8,4,5784,5071
veh4,5799,,5.81483,0,CAM_DROP_PHY,5,4,5799,5091
veh4,5834,,5.85283,0,CAM_DROP_PHY,6,4,5834,5137
veh4,5852,,5.85858,0,CPM_DROP_PHY,10,4,5852,5152
veh4,5856,,5.86983,0,CAM_DROP_PHY,11,4,5856,5161
veh4,5863,,5.87158,0,CAM_DROP_PHY,3,4,5863,5171
veh4,5870,,5.88108,0,CAM_DROP_PHY,9,4,5870,5178
veh4,5887,5.8876,,0,CAM,4,,5887,-1
veh4,5869,,5.89208,0,CAM_DROP_PHY,10,4,5869,5174
veh4,5890,,5.89458,0,CAM_DROP_PHY,12,4,5890,5216
veh4,5884,,5.89558,0,CAM_DROP_PHY,8,4,5884,5209
veh4,5896,,5.90033,0,CPM_DROP_PHY,3,4,5896,5231
veh4,5899,,5.91483,0,CAM_DROP_PHY,5,4,5899,5234
veh4,5934,,5.95283,0,CAM_DROP_PHY,6,4,5934,5288
veh4,5955,,5.95683,0,CAM_DROP_PHY,7,4,5955,5310
veh4,5969,,5.97858,0,CAM_DROP_PHY,10,4,5969,5328
veh4,5963,,5.98033,0,CAM_DROP_PHY,3,4,5963,5326
veh4,5987,5.9876,,0,CAM,4,,5987,-1
veh4,5990,,5.99458,0,CAM_DROP_PHY,12,4,5990,5355
veh4,5984,,5.99558,0,CAM_DROP_PHY,8,4,5984,5346
veh4,5999,,6.01483,0,CAM_DROP_PHY,5,4,5999,5369
veh4,6015,,6.03283,0,CPM_DROP_PHY,6,4,6015,5395
veh4,6034,,6.05283,0,CAM_DROP_PHY,6,4,6034,5419
veh4,6056,,6.06983,0,CAM_DROP_PHY,11,4,6056,5446
veh4,6069,,6.07858,0,CAM_DROP_PHY,10,4,6069,5457
veh4,6063,,6.08033,0,CAM_DROP_PHY,3,4,6063,5455
veh4,6070,,6.08108,0,CAM_DROP_PHY,9,4,6070,5461
veh4,6087,6.0876,,0,CAM,4,,6087,-1
veh4,6079,,6.09558,0,CPM_DROP_PHY,8,4,6079,5474
veh4,6084,,6.09558,0,CAM_DROP_PHY,8,4,6084,5474
veh4,6095,,6.10058,0,CPM_DROP_PHY,2,4,6095,5504
veh4,6106,,6.11458,0,CPM_DROP_PHY,12,4,6106,5527
veh4,6099,,6.11483,0,CAM_DROP_PHY,5,4,6099,5510
veh4,6115,,6.13283,0,CPM_DROP_PHY,6,4,6115,5543
veh4,6134,,6.15283,0,CAM_DROP_PHY,6,4,6134,5575
veh4,6151,,6.15483,0,CPM_DROP_PHY,5,4,6151,5598
veh4,6169,,6.17858,0,CAM_DROP_PHY,10,4,6169,5625
veh4,6163,,6.18033,0,CAM_DROP_PHY,3,4,6163,5622
veh4,6187,6.1876,,0,CAM,4,,6187,-1
veh4,6190,,6.19458,0,CAM_DROP_PHY,12,4,6190,5657
veh4,6199,,6.21483,0,CAM_DROP_PHY,5,4,6199,5669
veh4,6234,,6.25283,0,CAM_DROP_PHY,6,4,6234,5711
veh4,6251,,6.25483,0,CPM_DROP_PHY,5,4,6251,5725
veh4,6256,,6.26983,0,CAM_DROP_PHY,11,4,6256,5736
veh4,6155,,6.27283,0,CAM_DROP_PHY,7,4,6155,5609
veh4,6263,,6.28033,0,CAM_DROP_PHY,3,4,6263,5749
veh4,6270,,6.28108,0,CAM_DROP_PHY,9,4,6270,5755
veh4,6287,6.2876,,0,CAM,4,,6287,-1
veh4,6279,,6.29558,0,CPM_DROP_PHY,8,4,6279,5766
veh4,6284,,6.29558,0,CAM_DROP_PHY,8,4,6284,5766
veh4,6299,,6.31483,0,CAM_DROP_PHY,5,4,6299,5796
veh4,6333,,6.34983,0,CPM_DROP_PHY,11,4,6333,5840
veh4,6334,,6.35283,0,CAM_DROP_PHY,6,4,6334,5843
veh4,6355,,6.37283,0,CAM_DROP_PHY,7,4,6355,5865
veh4,6363,,6.38033,0,CAM_DROP_PHY,3,4,6363,5878
veh4,6369,,6.39208,0,CAM_DROP_PHY,10,4,6369,5880
veh4,6390,,6.39333,0,CAM_DROP_PHY,12,4,6390,5911
veh4,6396,,6.40033,0,CPM_DROP_PHY,3,4,6396,5924
veh4,6399,,6.41483,0,CAM_DROP_PHY,5,4,6399,5926
veh4,6434,,6.45283,0,CAM_DROP_PHY,6,4,6434,5970
veh4,6456,,6.46983,0,CAM_DROP_PHY,11,4,6456,5988
veh4,6463,,6.48033,0,CAM_DROP_PHY,3,4,6463,5997
veh4,6470,,6.48108,0,CAM_DROP_PHY,9,4,6470,6002
veh4,6484,,6.49558,0,CAM_DROP_PHY,8,4,6484,6023
veh4,6499,,6.51483,0,CAM_DROP_PHY,5,4,6499,6041
veh4,6534,,6.55283,0,CAM_DROP_PHY,6,4,6534,6081
veh4,6555,,6.57283,0,CAM_DROP_PHY,7,4,6555,6099
veh4,6569,,6.57858,0,CAM_DROP_PHY,10,4,6569,6110
veh4,6563,,6.58033,0,CAM_DROP_PHY,3,4,6563,6108
veh4,6570,,6.58108,0,CAM_DROP_PHY,9,4,6570,6111
veh4,6590,,6.59333,0,CAM_DROP_PHY,12,4,6590,6145
veh4,6599,,6.61483,0,CAM_DROP_PHY,5,4,6599,6162
veh4,6630,,6.63283,0,CPM_DROP_PHY,7,4,6630,6194
veh4,6634,,6.65283,0,CAM_DROP_PHY,6,4,6634,6204
veh4,6651,,6.65483,0,CPM_DROP_PHY,5,4,6651,6218
veh4,6663,,6.67133,0,CAM_DROP_PHY,3,4,6663,6242
veh4,6656,,6.67233,0,CAM_DROP_PHY,11,4,6656,6229
veh4,6670,,6.68108,0,CAM_DROP_PHY,9,4,6670,6245
veh4,6684,,6.69733,0,CAM_DROP_PHY,8,4,6684,6272
veh4,6686,,6.70108,0,CPM_DROP_PHY,9,4,6686,6274
veh4,6699,,6.71483,0,CAM_DROP_PHY,5,4,6699,6290
veh4,6723,,6.74058,0,CAM_DROP_PHY,2,4,6723,6327
veh4,6734,,6.75283,0,CAM_DROP_PHY,6,4,6734,6337
veh4,6763,,6.77133,0,CAM_DROP_PHY,3,4,6763,6371
veh4,6756,,6.77233,0,CAM_DROP_PHY,11,4,6756,6362
veh4,6755,,6.77283,0,CAM_DROP_PHY,7,4,6755,6361
veh4,6769,,6.77858,0,CAM_DROP_PHY,10,4,6769,6373
veh4,6770,,6.78358,0,CAM_DROP_PHY,9,4,6770,6374
veh4,6790,,6.79333,0,CAM_DROP_PHY,12,4,6790,6414
veh4,6799,,6.81483,0,CAM_DROP_PHY,5,4,6799,6433
veh4,6834,,6.85283,0,CAM_DROP_PHY,6,4,6834,6471
veh4,6852,,6.86033,0,CPM_DROP_PHY,10,4,6852,6481
veh4,6856,,6.87233,0,CAM_DROP_PHY,11,4,6856,6489
veh4,6855,,6.87333,0,CAM_DROP_PHY,7,4,6855,6488
veh4,6870,,6.88358,0,CAM_DROP_PHY,9,4,6870,6504
veh4,6890,,6.89333,0,CAM_DROP_PHY,12,4,6890,6538
veh4,6886,,6.90358,0,CPM_DROP_PHY,9,4,6886,6537
veh4,6884,,6.90583,0,CAM_DROP_PHY,8,4,6884,6535
veh4,6896,,6.91133,0,CPM_DROP_PHY,3,4,6896,6551
veh4,6899,,6.91708,0,CAM_DROP_PHY,5,4,6899,6558
veh4,6934,,6.93533,0,CAM_DROP_PHY,6,4,6934,6613
veh4,6956,,6.97233,0,CAM_DROP_PHY,11,4,6956,6635
veh4,6955,,6.97333,0,CAM_DROP_PHY,7,4,6955,6634
veh4,6969,,6.98033,0,CAM_DROP_PHY,10,4,6969,6642
veh4,6970,,6.98358,0,CAM_DROP_PHY,9,4,6970,6643
veh4,6990,,6.99333,0,CAM_DROP_PHY,12,4,6990,6679
veh4,6986,,7.00358,0,CPM_DROP_PHY,9,4,6986,6676
veh4,6999,,7.01708,0,CAM_DROP_PHY,5,4,6999,6696
veh4,7015,,7.03533,0,CPM_DROP_PHY,6,4,7015,6714
veh4,7034,,7.03533,0,CAM_DROP_PHY,6,4,7034,6714
veh4,7056,,7.07233,0,CAM_DROP_PHY,11,4,7056,6763
veh4,7055,,7.07333,0,CAM_DROP_PHY,7,4,7055,6762
veh4,7070,,7.08358,0,CAM_DROP_PHY,9,4,7070,6770
veh4,7090,,7.09333,0,CAM_DROP_PHY,12,4,7090,6802
veh4,7095,,7.10358,0,CPM_DROP_PHY,2,4,7095,6813
veh4,7079,,7.10583,0,CPM_DROP_PHY,8,4,7079,6786
veh4,7084,,7.10583,0,CAM_DROP_PHY,8,4,7084,6786
veh4,7106,,7.11333,0,CPM_DROP_PHY,12,4,7106,6841
veh4,7099,,7.11708,0,CAM_DROP_PHY,5,4,7099,6822
veh4,7115,,7.13533,0,CPM_DROP_PHY,6,4,7115,6856
veh4,7134,,7.13533,0,CAM_DROP_PHY,6,4,7134,6856
veh4,7156,,7.16683,0,CAM_DROP_PHY,11,4,7156,6908
veh4,7155,,7.17333,0,CAM_DROP_PHY,7,4,7155,6907
veh4,7169,,7.18033,0,CAM_DROP_PHY,10,4,7169,6920
veh4,7190,,7.19333,0,CAM_DROP_PHY,12,4,7190,6949
veh4,7199,,7.21708,0,CAM_DROP_PHY,5,4,7199,6961
veh4,7215,,7.23533,0,CPM_DROP_PHY,6,4,7215,6979
veh4,7234,,7.23533,0,CAM_DROP_PHY,6,4,7234,6979
veh4,7251,,7.25708,0,CPM_DROP_PHY,5,4,7251,7024
veh4,7255,,7.27333,0,CAM_DROP_PHY,7,4,7255,7028
veh4,7287,7.2876,,0,CAM,4,,7287,-1
veh4,7186,,7.30358,0,CPM_DROP_PHY,9,4,7186,6945
veh4,7270,,7.30358,0,CAM_DROP_PHY,9,4,7270,7043
veh4,7286,,7.30358,0,CPM_DROP_PHY,9,4,7286,7065
veh4,7284,,7.30583,0,CAM_DROP_PHY,8,4,7284,7063
veh4,7299,,7.31708,0,CAM_DROP_PHY,5,4,7299,7081
veh4,7334,,7.33533,0,CAM_DROP_PHY,6,4,7334,7134
veh4,7333,,7.34683,0,CPM_DROP_PHY,11,4,7333,7131
veh4,7356,,7.36683,0,CAM_DROP_PHY,11,4,7356,7162
veh4,7355,,7.37333,0,CAM_DROP_PHY,7,4,7355,7161
veh4,7369,,7.37783,0,CAM_DROP_PHY,10,4,7369,7175
veh4,7390,,7.39333,0,CAM_DROP_PHY,12,4,7390,7205
veh4,7386,,7.39908,0,CPM_DROP_PHY,9,4,7386,7202
veh4,7399,,7.40883,0,CAM_DROP_PHY,5,4,7399,7221
veh4,7434,,7.43533,0,CAM_DROP_PHY,6,4,7434,7261
veh4,7455,,7.47333,0,CAM_DROP_PHY,7,4,7455,7282
veh4,7470,,7.47908,0,CAM_DROP_PHY,9,4,7470,7291
veh4,7484,,7.49733,0,CAM_DROP_PHY,8,4,7484,7311
veh4,7486,,7.49908,0,CPM_DROP_PHY,9,4,7486,7313
veh4,7499,,7.50883,0,CAM_DROP_PHY,5,4,7499,7331
veh4,7534,,7.53533,0,CAM_DROP_PHY,6,4,7534,7372
veh4,7556,,7.56683,0,CAM_DROP_PHY,11,4,7556,7394
veh4,7555,,7.57333,0,CAM_DROP_PHY,7,4,7555,7393
veh4,7569,,7.57783,0,CAM_DROP_PHY,10,4,7569,7408
veh4,7586,,7.59908,0,CPM_DROP_PHY,9,4,7586,7433
veh4,7590,,7.60408,0,CAM_DROP_PHY,12,4,7590,7437
veh4,7599,,7.60883,0,CAM_DROP_PHY,5,4,7599,7447
veh4,7615,,7.62933,0,CPM_DROP_PHY,6,4,7615,7471
veh4,7630,,7.63333,0,CPM_DROP_PHY,7,4,7630,7493
veh4,7634,,7.64933,0,CAM_DROP_PHY,6,4,7634,7501
veh4,7651,,7.66883,0,CPM_DROP_PHY,5,4,7651,7522
veh4,7655,,7.67333,0,CAM_DROP_PHY,7,4,7655,7525
veh4,7669,,7.67783,0,CAM_DROP_PHY,10,4,7669,7541
veh4,7670,,7.67908,0,CAM_DROP_PHY,9,4,7670,7542
veh4,7684,,7.69733,0,CAM_DROP_PHY,8,4,7684,7569
veh4,7686,,7.69908,0,CPM_DROP_PHY,9,4,7686,7574
veh4,7699,,7.70883,0,CAM_DROP_PHY,5,4,7699,7594
veh4,7730,,7.73333,0,CPM_DROP_PHY,7,4,7730,7634
veh4,7723,,7.73733,0,CAM_DROP_PHY,2,4,7723,7626
veh4,7734,,7.74933,0,CAM_DROP_PHY,6,4,7734,7642
veh4,7752,,7.75783,0,CPM_DROP_PHY,10,4,7752,7666
veh4,7756,,7.76683,0,CAM_DROP_PHY,11,4,7756,7671
veh4,7763,,7.77133,0,CAM_DROP_PHY,3,4,7763,7682
veh4,7755,,7.77333,0,CAM_DROP_PHY,7,4,7755,7669
veh4,7769,,7.77783,0,CAM_DROP_PHY,10,4,7769,7694
veh4,7790,,7.80408,0,CAM_DROP_PHY,12,4,7790,7730
veh4,7799,,7.80883,0,CAM_DROP_PHY,5,4,7799,7739
veh4,7834,,7.84933,0,CAM_DROP_PHY,6,4,7834,7780
veh4,7852,,7.85783,0,CPM_DROP_PHY,10,4,7852,7793
veh4,7855,,7.87333,0,CAM_DROP_PHY,7,4,7855,7796
veh4,7869,,7.87783,0,CAM_DROP_PHY,10,4,7869,7815
veh4,7870,,7.87908,0,CAM_DROP_PHY,9,4,7870,7816
veh4,7884,,7.89208,0,CAM_DROP_PHY,8,4,7884,7839
veh4,7886,,7.89908,0,CPM_DROP_PHY,9,4,7886,7844
veh4,7899,,7.90883,0,CAM_DROP_PHY,5,4,7899,7868
veh4,7896,,7.91133,0,CPM_DROP_PHY,3,4,7896,7859
veh4,7956,,7.96683,0,CAM_DROP_PHY,11,4,7956,7927
veh4,7955,,7.97208,0,CAM_DROP_PHY,7,4,7955,7926
veh4,7969,,7.97783,0,CAM_DROP_PHY,10,4,7969,7940
veh4,7984,,7.99208,0,CAM_DROP_PHY,8,4,7984,7962
veh4,7986,,7.99908,0,CPM_DROP_PHY,9,4,7986,7966
veh4,7990,,8.00408,0,CAM_DROP_PHY,12,4,7990,7970
veh4,7999,,8.00883,0,CAM_DROP_PHY,5,4,7999,7987
veh4,8015,,8.02933,0,CPM_DROP_PHY,6,4,8015,8012
veh4,8055,,8.07208,0,CAM_DROP_PHY,7,4,8055,8053
veh4,8069,,8.07783,0,CAM_DROP_PHY,10,4,8069,8062
veh4,8070,,8.07908,0,CAM_DROP_PHY,9,4,8070,8063
veh4,8079,,8.09208,0,CPM_DROP_PHY,8,4,8079,8080
veh4,8084,,8.09208,0,CAM_DROP_PHY,8,4,8084,8080
veh4,8095,,8.09733,0,CPM_DROP_PHY,2,4,8095,8104
veh4,8086,,8.09908,0,CPM_DROP_PHY,9,4,8086,8091
veh4,8099,,8.10883,0,CAM_DROP_PHY,5,4,8099,8118
veh4,8106,,8.12408,0,CPM_DROP_PHY,12,4,8106,8124
veh4,8156,,8.16683,0,CAM_DROP_PHY,11,4,8156,8182
veh4,8155,,8.17208,0,CAM_DROP_PHY,7,4,8155,8181
veh4,8169,,8.17783,0,CAM_DROP_PHY,10,4,8169,8195
veh4,8184,,8.19208,0,CAM_DROP_PHY,8,4,8184,8217
veh4,8186,,8.19908,0,CPM_DROP_PHY,9,4,8186,8221
veh4,8190,,8.20408,0,CAM_DROP_PHY,12,4,8190,8225
veh4,8215,,8.22933,0,CPM_DROP_PHY,6,4,8215,8262
veh4,8234,,8.24883,0,CAM_DROP_PHY,6,4,8234,8285
veh4,8252,,8.25783,0,CPM_DROP_PHY,10,4,8252,8304
veh4,8255,,8.27208,0,CAM_DROP_PHY,7,4,8255,8306
veh4,8269,,8.27783,0,CAM_DROP_PHY,10,4,8269,8324
veh4,8270,,8.27908,0,CAM_DROP_PHY,9,4,8270,8325
veh4,8287,8.2876,,0,CAM,4,,8287,-1
veh4,8284,,8.29208,0,CAM_DROP_PHY,8,4,8284,8348
veh4,8286,,8.29908,0,CPM_DROP_PHY,9,4,8286,8355
veh4,8333,,8.34608,0,CPM_DROP_PHY,11,4,8333,8416
veh4,8352,,8.35783,0,CPM_DROP_PHY,10,4,8352,8430
veh4,8356,,8.36608,0,CAM_DROP_PHY,11,4,8356,8433
veh4,8369,,8.37783,0,CAM_DROP_PHY,10,4,8369,8454
veh4,8379,,8.39283,0,CPM_DROP_PHY,8,4,8379,8470
veh4,8384,,8.39283,0,CAM_DROP_PHY,8,4,8384,8470
veh4,8390,,8.40408,0,CAM_DROP_PHY,12,4,8390,8479
veh4,8469,,8.47733,0,CAM_DROP_PHY,10,4,8469,8555
veh4,8470,,8.47908,0,CAM_DROP_PHY,9,4,8470,8556
veh4,8484,,8.49283,0,CAM_DROP_PHY,8,4,8484,8571
veh4,8495,,8.49733,0,CPM_DROP_PHY,2,4,8495,8591
veh4,8490,,8.50408,0,CAM_DROP_PHY,12,4,8490,8579
veh4,8496,,8.51333,0,CPM_DROP_PHY,3,4,8496,8592
veh4,8556,,8.56608,0,CAM_DROP_PHY,11,4,8556,8658
veh4,8584,,8.59283,0,CAM_DROP_PHY,8,4,8584,8682
veh4,8586,,8.59908,0,CPM_DROP_PHY,9,4,8586,8685
veh4,8590,,8.60408,0,CAM_DROP_PHY,12,4,8590,8688
veh4,8630,,8.63083,0,CPM_DROP_PHY,7,4,8630,8738
veh4,8651,,8.66583,0,CPM_DROP_PHY,5,4,8651,8764
veh4,8655,,8.67083,0,CAM_DROP_PHY,7,4,8655,8768
veh4,8670,,8.68458,0,CAM_DROP_PHY,9,4,8670,8785
veh4,8684,,8.69283,0,CAM_DROP_PHY,8,4,8684,8801
veh4,8690,,8.70308,0,CAM_DROP_PHY,12,4,8690,8812
veh4,8686,,8.70458,0,CPM_DROP_PHY,9,4,8686,8808
veh4,8723,,8.73433,0,CAM_DROP_PHY,2,4,8723,8858
veh4,8634,,8.74883,0,CAM_DROP_PHY,6,4,8634,8746
veh4,8756,,8.76608,0,CAM_DROP_PHY,11,4,8756,8889
veh4,8763,,8.77333,0,CAM_DROP_PHY,3,4,8763,8893
veh4,8790,,8.80308,0,CAM_DROP_PHY,12,4,8790,8925
veh4,8786,,8.80458,0,CPM_DROP_PHY,9,4,8786,8922
veh4,8815,,8.82433,0,CPM_DROP_PHY,6,4,8815,8954
veh4,8852,,8.85733,0,CPM_DROP_PHY,10,4,8852,8989
veh4,8856,,8.86608,0,CAM_DROP_PHY,11,4,8856,8993
veh4,8869,,8.87733,0,CAM_DROP_PHY,10,4,8869,9010
veh4,8870,,8.88458,0,CAM_DROP_PHY,9,4,8870,9011
veh4,8890,,8.90308,0,CAM_DROP_PHY,12,4,8890,9039
veh4,8896,,8.91333,0,CPM_DROP_PHY,3,4,8896,9047
veh4,8915,,8.92433,0,CPM_DROP_PHY,6,4,8915,9070
veh4,8930,,8.93083,0,CPM_DROP_PHY,7,4,8930,9092
veh4,8956,,8.96608,0,CAM_DROP_PHY,11,4,8956,9119
veh4,8990,,9.00308,0,CAM_DROP_PHY,12,4,8990,9146
veh4,9056,,9.06608,0,CAM_DROP_PHY,11,4,9056,9215
veh4,9055,,9.07083,0,CAM_DROP_PHY,7,4,9055,9214
veh4,9070,,9.08458,0,CAM_DROP_PHY,9,4,9070,9226
veh4,9079,,9.09283,0,CPM_DROP_PHY,8,4,9079,9241
veh4,9084,,9.09283,0,CAM_DROP_PHY,8,4,9084,9241
veh4,9099,,9.10383,0,CAM_DROP_PHY,5,4,9099,9269
veh4,9095,,9.11433,0,CPM_DROP_PHY,2,4,9095,9267
veh4,9106,,9.12308,0,CPM_DROP_PHY,12,4,9106,9281
veh4,9034,,9.14433,0,CAM_DROP_PHY,6,4,9034,9193
veh4,9156,,9.16608,0,CAM_DROP_PHY,11,4,9156,9335
veh4,9186,,9.20458,0,CPM_DROP_PHY,9,4,9186,9360
veh4,9252,,9.25733,0,CPM_DROP_PHY,10,4,9252,9410
veh4,9256,,9.26608,0,CAM_DROP_PHY,11,4,9256,9415
veh4,9269,,9.27733,0,CAM_DROP_PHY,10,4,9269,9431
veh4,9287,9.2876,,0,CAM,4,,9287,-1
veh4,9290,,9.30308,0,CAM_DROP_PHY,12,4,9290,9457
veh4,9286,,9.30458,0,CPM_DROP_PHY,9,4,9286,9452
veh4,9333,,9.34608,0,CPM_DROP_PHY,11,4,9333,9517
veh4,9356,,9.36608,0,CAM_DROP_PHY,11,4,9356,9538
veh4,9386,,9.40458,0,CPM_DROP_PHY,9,4,9386,9567
veh4,9455,,9.46533,0,CAM_DROP_PHY,7,4,9455,9636
veh4,9456,,9.46608,0,CAM_DROP_PHY,11,4,9456,9637
veh4,9470,,9.48458,0,CAM_DROP_PHY,9,4,9470,9652
veh4,9484,,9.49308,0,CAM_DROP_PHY,8,4,9484,9668
veh4,9486,,9.50458,0,CPM_DROP_PHY,9,4,9486,9675
veh4,9415,,9.51983,0,CPM_DROP_PHY,6,4,9415,9593
veh4,9434,,9.51983,0,CAM_DROP_PHY,6,4,9434,9616
veh4,9530,,9.54533,0,CPM_DROP_PHY,7,4,9530,9723
veh4,9556,,9.56608,0,CAM_DROP_PHY,11,4,9556,9746
veh4,9590,,9.60308,0,CAM_DROP_PHY,12,4,9590,9774
veh4,9586,,9.60458,0,CPM_DROP_PHY,9,4,9586,9773
veh4,9630,,9.64533,0,CPM_DROP_PHY,7,4,9630,9818
veh4,9633,,9.64608,0,CPM_DROP_PHY,11,4,9633,9822
veh4,9652,,9.65733,0,CPM_DROP_PHY,10,4,9652,9844
veh4,9651,,9.66383,0,CPM_DROP_PHY,5,4,9651,9841
veh4,9669,,9.67733,0,CAM_DROP_PHY,10,4,9669,9869
veh4,9686,,9.69483,0,CPM_DROP_PHY,9,4,9686,9889
veh4,9715,,9.71983,0,CPM_DROP_PHY,6,4,9715,9919
veh4,9723,,9.73408,0,CAM_DROP_PHY,2,4,9723,9926
veh4,9733,,9.74608,0,CPM_DROP_PHY,11,4,9733,9940
veh4,9763,,9.77233,0,CAM_DROP_PHY,3,4,9763,9975
veh4,9786,,9.79483,0,CPM_DROP_PHY,9,4,9786,9994
veh4,9834,,9.83983,0,CAM_DROP_PHY,6,4,9834,10039
veh4,9833,,9.84258,0,CPM_DROP_PHY,11,4,9833,10037
veh4,9830,,9.84533,0,CPM_DROP_PHY,7,4,9830,10033
veh4,9852,,9.86058,0,CPM_DROP_PHY,10,4,9852,10064
veh4,9855,,9.86533,0,CAM_DROP_PHY,7,4,9855,10072
veh4,9870,,9.87483,0,CAM_DROP_PHY,9,4,9870,10092
veh4,9869,,9.88058,0,CAM_DROP_PHY,10,4,9869,10091
veh4,9884,,9.89308,0,CAM_DROP_PHY,8,4,9884,10114
veh4,9886,,9.89483,0,CPM_DROP_PHY,9,4,9886,10119
veh4,9890,,9.90033,0,CAM_DROP_PHY,12,4,9890,10123
veh4,9896,,9.91233,0,CPM_DROP_PHY,3,4,9896,10135
veh4,9956,,9.96258,0,CAM_DROP_PHY,11,4,9956,10200
veh4,9979,,9.99308,0,CPM_DROP_PHY,8,4,9979,10220
veh4,9986,,9.99483,0,CPM_DROP_PHY,9,4,9986,10226
veh4,10015,,10.0198,0,CPM_DROP_PHY,6,4,10015,10260
veh4,10069,,10.0806,0,CAM_DROP_PHY,10,4,10069,10301
veh4,10079,,10.0931,0,CPM_DROP_PHY,8,4,10079,10308
veh4,10086,,10.0948,0,CPM_DROP_PHY,9,4,10086,10318
veh4,10099,,10.1041,0,CAM_DROP_PHY,5,4,10099,10334
veh4,10095,,10.1141,0,CPM_DROP_PHY,2,4,10095,10332
veh4,10152,,10.1606,0,CPM_DROP_PHY,10,4,10152,10402
veh4,10186,,10.1948,0,CPM_DROP_PHY,9,4,10186,10431
veh4,10234,,10.2398,0,CAM_DROP_PHY,6,4,10234,10481
veh4,10255,,10.2653,0,CAM_DROP_PHY,7,4,10255,10501
veh4,10270,,10.2748,0,CAM_DROP_PHY,9,4,10270,10515
veh4,10269,,10.2806,0,CAM_DROP_PHY,10,4,10269,10513
veh4,10287,10.2876,,0,CAM,4,,10287,-1
veh4,10284,,10.2893,0,CAM_DROP_PHY,8,4,10284,10534
veh4,10286,,10.2948,0,CPM_DROP_PHY,9,4,10286,10539
veh4,10190,,10.3003,0,CAM_DROP_PHY,12,4,10190,10433
veh4,10333,,10.3426,0,CPM_DROP_PHY,11,4,10333,10600
veh4,10356,,10.3626,0,CAM_DROP_PHY,11,4,10356,10619
veh4,10386,,10.3948,0,CPM_DROP_PHY,9,4,10386,10644
veh4,10452,,10.4606,0,CPM_DROP_PHY,10,4,10452,10697
veh4,10469,,10.4806,0,CAM_DROP_PHY,10,4,10469,10712
veh4,10486,,10.4948,0,CPM_DROP_PHY,9,4,10486,10728
veh4,10490,,10.5003,0,CAM_DROP_PHY,12,4,10490,10735
veh4,10579,,10.5893,0,CPM_DROP_PHY,8,4,10579,10807
veh4,10586,,10.5948,0,CPM_DROP_PHY,9,4,10586,10811
veh4,10590,,10.6003,0,CAM_DROP_PHY,12,4,10590,10819
veh4,10634,,10.6398,0,CAM_DROP_PHY,6,4,10634,10869
veh4,10630,,10.6501,0,CPM_DROP_PHY,7,4,10630,10868
veh4,10651,,10.6593,0,CPM_DROP_PHY,5,4,10651,10889
veh4,10652,,10.6606,0,CPM_DROP_PHY,10,4,10652,10890
veh4,10655,,10.6701,0,CAM_DROP_PHY,7,4,10655,10896
veh4,10670,,10.6748,0,CAM_DROP_PHY,9,4,10670,10924
veh4,10684,,10.6893,0,CAM_DROP_PHY,8,4,10684,10942
veh4,10686,,10.6948,0,CPM_DROP_PHY,9,4,10686,10945
veh4,10690,,10.6991,0,CAM_DROP_PHY,12,4,10690,10954
veh4,10696,,10.7096,0,CPM_DROP_PHY,3,4,10696,10959
veh4,10723,,10.7296,0,CAM_DROP_PHY,2,4,10723,11005
veh4,10752,,10.7606,0,CPM_DROP_PHY,10,4,10752,11030
veh4,10756,,10.7626,0,CAM_DROP_PHY,11,4,10756,11033
veh4,10763,,10.7696,0,CAM_DROP_PHY,3,4,10763,11044
veh4,10790,,10.7991,0,CAM_DROP_PHY,12,4,10790,11076
veh4,10830,,10.8501,0,CPM_DROP_PHY,7,4,10830,11121
veh4,10852,,10.8606,0,CPM_DROP_PHY,10,4,10852,11136
veh4,10869,,10.8806,0,CAM_DROP_PHY,10,4,10869,11155
veh4,10886,,10.8948,0,CPM_DROP_PHY,9,4,10886,11172
veh4,10896,,10.9096,0,CPM_DROP_PHY,3,4,10896,11184
veh4,10934,,10.9396,0,CAM_DROP_PHY,6,4,10934,11232
veh4,10952,,10.9606,0,CPM_DROP_PHY,10,4,10952,11251
veh4,10890,,10.9991,0,CAM_DROP_PHY,12,4,10890,11178
veh4,10990,,10.9991,0,CAM_DROP_PHY,12,4,10990,11282
veh4,10995,,11.0096,0,CPM_DROP_PHY,2,4,10995,11283
veh4,11015,,11.0196,0,CPM_DROP_PHY,6,4,11015,11309
veh4,11052,,11.0606,0,CPM_DROP_PHY,10,4,11052,11347
veh4,11055,,11.0701,0,CAM_DROP_PHY,7,4,11055,11349
veh4,11070,,11.0886,0,CAM_DROP_PHY,9,4,11070,11368
veh4,11086,,11.0886,0,CPM_DROP_PHY,9,4,11086,11368
veh4,11079,,11.0986,0,CPM_DROP_PHY,8,4,11079,11380
veh4,11084,,11.0986,0,CAM_DROP_PHY,8,4,11084,11380
veh4,11090,,11.0991,0,CAM_DROP_PHY,12,4,11090,11391
veh4,11099,,11.1091,0,CAM_DROP_PHY,5,4,11099,11409
veh4,11095,,11.1098,0,CPM_DROP_PHY,2,4,11095,11394
veh4,11134,,11.1396,0,CAM_DROP_PHY,6,4,11134,11466
veh4,11152,,11.1606,0,CPM_DROP_PHY,10,4,11152,11485
veh4,11156,,11.1626,0,CAM_DROP_PHY,11,4,11156,11487
veh4,11252,,11.2556,0,CPM_DROP_PHY,10,4,11252,11572
veh4,11269,,11.2756,0,CAM_DROP_PHY,10,4,11269,11588
veh4,11287,11.2876,,0,CAM,4,,11287,-1
veh4,11190,,11.2991,0,CAM_DROP_PHY,12,4,11190,11523
veh4,11334,,11.3396,0,CAM_DROP_PHY,6,4,11334,11665
veh4,11333,,11.3486,0,CPM_DROP_PHY,11,4,11333,11664
veh4,11352,,11.3556,0,CPM_DROP_PHY,10,4,11352,11687
veh4,11433,,11.4486,0,CPM_DROP_PHY,11,4,11433,11752
veh4,11430,,11.4501,0,CPM_DROP_PHY,7,4,11430,11751
veh4,11452,,11.4556,0,CPM_DROP_PHY,10,4,11452,11769
veh4,11455,,11.4701,0,CAM_DROP_PHY,7,4,11455,11777
veh4,11470,,11.4886,0,CAM_DROP_PHY,9,4,11470,11800
veh4,11484,,11.4986,0,CAM_DROP_PHY,8,4,11484,11811
veh4,11534,,11.5396,0,CAM_DROP_PHY,6,4,11534,11862
veh4,11552,,11.5556,0,CPM_DROP_PHY,10,4,11552,11881
veh4,11556,,11.5686,0,CAM_DROP_PHY,11,4,11556,11886
veh4,11630,,11.6501,0,CPM_DROP_PHY,7,4,11630,11957
veh4,11652,,11.6556,0,CPM_DROP_PHY,10,4,11652,11972
veh4,11651,,11.6691,0,CPM_DROP_PHY,5,4,11651,11971
veh4,11669,,11.6756,0,CAM_DROP_PHY,10,4,11669,11996
veh4,11686,,11.6886,0,CPM_DROP_PHY,9,4,11686,12015
veh4,11590,,11.6991,0,CAM_DROP_PHY,12,4,11590,11919
veh4,11723,,11.7298,0,CAM_DROP_PHY,2,4,11723,12053
veh4,11734,,11.7396,0,CAM_DROP_PHY,6,4,11734,12066
veh4,11752,,11.7556,0,CPM_DROP_PHY,10,4,11752,12088
veh4,11763,,11.7686,0,CAM_DROP_PHY,3,4,11763,12096
veh4,11852,,11.8556,0,CPM_DROP_PHY,10,4,11852,12167
veh4,11855,,11.8596,0,CAM_DROP_PHY,7,4,11855,12173
veh4,11884,,11.8886,0,CAM_DROP_PHY,8,4,11884,12201
veh4,11870,,11.8901,0,CAM_DROP_PHY,9,4,11870,12192
veh4,11890,,11.8941,0,CAM_DROP_PHY,12,4,11890,12212
veh4,11896,,11.9086,0,CPM_DROP_PHY,3,4,11896,12222
veh4,11906,,11.9141,0,CPM_DROP_PHY,12,4,11906,12236
veh4,11934,,11.9543,0,CAM_DROP_PHY,6,4,11934,12277
veh4,11952,,11.9556,0,CPM_DROP_PHY,10,4,11952,12287
veh4,11956,,11.9601,0,CAM_DROP_PHY,11,4,11956,12296
veh4,12015,,12.0343,0,CPM_DROP_PHY,6,4,12015,12347
veh4,12033,,12.0401,0,CPM_DROP_PHY,11,4,12033,12363
veh4,12052,,12.0556,0,CPM_DROP_PHY,10,4,12052,12386
veh4,12069,,12.0756,0,CAM_DROP_PHY,10,4,12069,12405
veh4,12079,,12.0886,0,CPM_DROP_PHY,8,4,12079,12417
veh4,12095,,12.1098,0,CPM_DROP_PHY,2,4,12095,12434
veh4,12099,,12.1111,0,CAM_DROP_PHY,5,4,12099,12438
veh4,12106,,12.1141,0,CPM_DROP_PHY,12,4,12106,12444
veh4,12134,,12.1543,0,CAM_DROP_PHY,6,4,12134,12491
veh4,12152,,12.1556,0,CPM_DROP_PHY,10,4,12152,12501
veh4,12186,,12.1901,0,CPM_DROP_PHY,9,4,12186,12533
veh4,12190,,12.1941,0,CAM_DROP_PHY,12,4,12190,12541
veh4,12195,,12.2098,0,CPM_DROP_PHY,2,4,12195,12549
veh4,12206,,12.2141,0,CPM_DROP_PHY,12,4,12206,12561
veh4,12255,,12.2596,0,CAM_DROP_PHY,7,4,12255,12615
veh4,12252,,12.2723,0,CPM_DROP_PHY,10,4,12252,12612
veh4,12287,12.2876,,0,CAM,4,,12287,-1
veh4,12284,,12.2886,0,CAM_DROP_PHY,8,4,12284,12644
veh4,12270,,12.2901,0,CAM_DROP_PHY,9,4,12270,12629
veh4,12286,,12.2901,0,CPM_DROP_PHY,9,4,12286,12629
veh4,12333,,12.3401,0,CPM_DROP_PHY,11,4,12333,12705
veh4,12334,,12.3543,0,CAM_DROP_PHY,6,4,12334,12708
veh4,12356,,12.3601,0,CAM_DROP_PHY,11,4,12356,12730
veh4,12379,,12.3886,0,CPM_DROP_PHY,8,4,12379,12755
veh4,12452,,12.4723,0,CPM_DROP_PHY,10,4,12452,12812
veh4,12469,,12.4723,0,CAM_DROP_PHY,10,4,12469,12812
veh4,12479,,12.4886,0,CPM_DROP_PHY,8,4,12479,12831
veh4,12490,,12.4941,0,CAM_DROP_PHY,12,4,12490,12846
veh4,12534,,12.5418,0,CAM_DROP_PHY,6,4,12534,12890
veh4,12552,,12.5723,0,CPM_DROP_PHY,10,4,12552,12905
veh4,12586,,12.5901,0,CPM_DROP_PHY,9,4,12586,12933
veh4,12630,,12.6393,0,CPM_DROP_PHY,7,4,12630,12974
veh4,12655,,12.6593,0,CAM_DROP_PHY,7,4,12655,12998
veh4,12651,,12.6706,0,CPM_DROP_PHY,5,4,12651,12993
veh4,12652,,12.6723,0,CPM_DROP_PHY,10,4,12652,12995
veh4,12684,,12.6886,0,CAM_DROP_PHY,8,4,12684,13035
veh4,12670,,12.6901,0,CAM_DROP_PHY,9,4,12670,13013
veh4,12686,,12.6901,0,CPM_DROP_PHY,9,4,12686,13013
veh4,12706,,12.7141,0,CPM_DROP_PHY,12,4,12706,13065
veh4,12734,,12.7418,0,CAM_DROP_PHY,6,4,12734,13099
veh4,12723,,12.7423,0,CAM_DROP_PHY,2,4,12723,13084
veh4,12756,,12.7653,0,CAM_DROP_PHY,11,4,12756,13121
veh4,12763,,12.7671,0,CAM_DROP_PHY,3,4,12763,13129
veh4,12779,,12.7886,0,CPM_DROP_PHY,8,4,12779,13150
veh4,12786,,12.7901,0,CPM_DROP_PHY,9,4,12786,13157
veh4,12790,,12.7941,0,CAM_DROP_PHY,12,4,12790,13167
veh4,12852,,12.8723,0,CPM_DROP_PHY,10,4,12852,13226
veh4,12869,,12.8723,0,CAM_DROP_PHY,10,4,12869,13226
veh4,12896,,12.9071,0,CPM_DROP_PHY,3,4,12896,13259
veh4,12934,,12.9418,0,CAM_DROP_PHY,6,4,12934,13297
veh4,12955,,12.9593,0,CAM_DROP_PHY,7,4,12955,13316
veh4,12952,,12.9723,0,CPM_DROP_PHY,10,4,12952,13311
veh4,12986,,12.9901,0,CPM_DROP_PHY,9,4,12986,13347
veh4,13006,,13.0206,0,CPM_DROP_PHY,12,4,13006,13367
veh4,13015,,13.0218,0,CPM_DROP_PHY,6,4,13015,13378
veh4,13052,,13.0723,0,CPM_DROP_PHY,10,4,13052,13417
veh4,13079,,13.0886,0,CPM_DROP_PHY,8,4,13079,13435
veh4,13084,,13.0886,0,CAM_DROP_PHY,8,4,13084,13435
veh4,13070,,13.0901,0,CAM_DROP_PHY,9,4,13070,13427
veh4,13086,,13.0901,0,CPM_DROP_PHY,9,4,13086,13427
veh4,13090,,13.1006,0,CAM_DROP_PHY,12,4,13090,13455
veh4,13095,,13.1023,0,CPM_DROP_PHY,2,4,13095,13461
veh4,13099,,13.1106,0,CAM_DROP_PHY,5,4,13099,13465
veh4,13106,,13.1206,0,CPM_DROP_PHY,12,4,13106,13484
veh4,13134,,13.1418,0,CAM_DROP_PHY,6,4,13134,13528
veh4,13155,,13.1593,0,CAM_DROP_PHY,7,4,13155,13546
veh4,13156,,13.1653,0,CAM_DROP_PHY,11,4,13156,13547
veh4,13179,,13.1866,0,CPM_DROP_PHY,8,4,13179,13575
veh4,13186,,13.1901,0,CPM_DROP_PHY,9,4,13186,13580
veh4,13252,,13.2723,0,CPM_DROP_PHY,10,4,13252,13641
veh4,13269,,13.2723,0,CAM_DROP_PHY,10,4,13269,13641
veh4,13287,13.2876,,0,CAM,4,,13287,-1
veh4,13334,,13.3418,0,CAM_DROP_PHY,6,4,13334,13712
veh4,13333,,13.3453,0,CPM_DROP_PHY,11,4,13333,13711
veh4,13355,,13.3593,0,CAM_DROP_PHY,7,4,13355,13738
veh4,13352,,13.3676,0,CPM_DROP_PHY,10,4,13352,13731
veh4,13386,,13.4051,0,CPM_DROP_PHY,9,4,13386,13771
veh4,13452,,13.4676,0,CPM_DROP_PHY,10,4,13452,13824
veh4,13470,,13.4851,0,CAM_DROP_PHY,9,4,13470,13838
veh4,13484,,13.4866,0,CAM_DROP_PHY,8,4,13484,13850
veh4,13490,,13.5006,0,CAM_DROP_PHY,12,4,13490,13864
veh4,13486,,13.5051,0,CPM_DROP_PHY,9,4,13486,13854
veh4,13506,,13.5206,0,CPM_DROP_PHY,12,4,13506,13888
veh4,13534,,13.5418,0,CAM_DROP_PHY,6,4,13534,13925
veh4,13555,,13.5593,0,CAM_DROP_PHY,7,4,13555,13944
veh4,13556,,13.5613,0,CAM_DROP_PHY,11,4,13556,13945
veh4,13552,,13.5676,0,CPM_DROP_PHY,10,4,13552,13940
veh4,13586,,13.6051,0,CPM_DROP_PHY,9,4,13586,13985
veh4,13606,,13.6206,0,CPM_DROP_PHY,12,4,13606,14000
veh4,13630,,13.6393,0,CPM_DROP_PHY,7,4,13630,14034
veh4,13652,,13.6676,0,CPM_DROP_PHY,10,4,13652,14054
veh4,13651,,13.6706,0,CPM_DROP_PHY,5,4,13651,14053
veh4,13669,,13.6876,0,CAM_DROP_PHY,10,4,13669,14067
veh4,13686,,13.7051,0,CPM_DROP_PHY,9,4,13686,14089
veh4,13706,,13.7206,0,CPM_DROP_PHY,12,4,13706,14111
veh4,13733,,13.7413,0,CPM_DROP_PHY,11,4,13733,14148
veh4,13734,,13.7418,0,CAM_DROP_PHY,6,4,13734,14149
veh4,13723,,13.7428,0,CAM_DROP_PHY,2,4,13723,14140
veh4,13755,,13.7593,0,CAM_DROP_PHY,7,4,13755,14178
veh4,13752,,13.7676,0,CPM_DROP_PHY,10,4,13752,14172
veh4,13763,,13.7703,0,CAM_DROP_PHY,3,4,13763,14193
veh4,13806,,13.8206,0,CPM_DROP_PHY,12,4,13806,14235
veh4,13833,,13.8413,0,CPM_DROP_PHY,11,4,13833,14266
veh4,13852,,13.8676,0,CPM_DROP_PHY,10,4,13852,14281
veh4,13870,,13.8851,0,CAM_DROP_PHY,9,4,13870,14298
veh4,13884,,13.8873,0,CAM_DROP_PHY,8,4,13884,14310
veh4,13890,,13.9006,0,CAM_DROP_PHY,12,4,13890,14324
veh4,13896,,13.9103,0,CPM_DROP_PHY,3,4,13896,14328
veh4,13906,,13.9206,0,CPM_DROP_PHY,12,4,13906,14346
veh4,13934,,13.9391,0,CAM_DROP_PHY,6,4,13934,14385
veh4,13955,,13.9593,0,CAM_DROP_PHY,7,4,13955,14405
veh4,13956,,13.9613,0,CAM_DROP_PHY,11,4,13956,14406
veh4,13952,,13.9676,0,CPM_DROP_PHY,10,4,13952,14403
veh4,13990,,14.0006,0,CAM_DROP_PHY,12,4,13990,14450
veh4,13995,,14.0028,0,CPM_DROP_PHY,2,4,13995,14452
veh4,13986,,14.0051,0,CPM_DROP_PHY,9,4,13986,14445
veh4,14015,,14.0191,0,CPM_DROP_PHY,6,4,14015,14485
veh4,14006,,14.0206,0,CPM_DROP_PHY,12,4,14006,14472
veh4,14052,,14.0773,0,CPM_DROP_PHY,10,4,14052,14530
veh4,14079,,14.0873,0,CPM_DROP_PHY,8,4,14079,14551
veh4,14084,,14.0873,0,CAM_DROP_PHY,8,4,14084,14551
veh4,14069,,14.0876,0,CAM_DROP_PHY,10,4,14069,14542
veh4,14090,,14.1006,0,CAM_DROP_PHY,12,4,14090,14571
veh4,14095,,14.1028,0,CPM_DROP_PHY,2,4,14095,14576
veh4,14086,,14.1051,0,CPM_DROP_PHY,9,4,14086,14559
veh4,14099,,14.1106,0,CAM_DROP_PHY,5,4,14099,14581
veh4,14106,,14.1206,0,CPM_DROP_PHY,12,4,14106,14601
veh4,14134,,14.1391,0,CAM_DROP_PHY,6,4,14134,14648
veh4,14155,,14.1601,0,CAM_DROP_PHY,7,4,14155,14668
veh4,14152,,14.1676,0,CPM_DROP_PHY,10,4,14152,14666
veh4,14190,,14.2006,0,CAM_DROP_PHY,12,4,14190,14704
veh4,14206,,14.2206,0,CPM_DROP_PHY,12,4,14206,14720
veh4,14233,,14.2413,0,CPM_DROP_PHY,11,4,14233,14751
veh4,14252,,14.2676,0,CPM_DROP_PHY,10,4,14252,14767
veh4,14270,,14.2851,0,CAM_DROP_PHY,9,4,14270,14786
veh4,14284,,14.2873,0,CAM_DROP_PHY,8,4,14284,14796
veh4,14287,14.2876,,0,CAM,4,,14287,-1
veh4,14290,,14.3091,0,CAM_DROP_PHY,12,4,14290,14812
veh4,14306,,14.3091,0,CPM_DROP_PHY,12,4,14306,14812
veh4,14334,,14.3391,0,CAM_DROP_PHY,6,4,14334,14864
veh4,14333,,14.3413,0,CPM_DROP_PHY,11,4,14333,14863
veh4,14355,,14.3601,0,CAM_DROP_PHY,7,4,14355,14891
veh4,14356,,14.3613,0,CAM_DROP_PHY,11,4,14356,14893
veh4,14352,,14.3676,0,CPM_DROP_PHY,10,4,14352,14888
veh4,14386,,14.4051,0,CPM_DROP_PHY,9,4,14386,14934
veh4,14406,,14.4091,0,CPM_DROP_PHY,12,4,14406,14949
veh4,14452,,14.4676,0,CPM_DROP_PHY,10,4,14452,14994
veh4,14469,,14.4876,0,CAM_DROP_PHY,10,4,14469,15007
veh4,14484,,14.5003,0,CAM_DROP_PHY,8,4,14484,15021
veh4,14486,,14.5016,0,CPM_DROP_PHY,9,4,14486,15023
veh4,14506,,14.5091,0,CPM_DROP_PHY,12,4,14506,15050
veh4,14496,,14.5103,0,CPM_DROP_PHY,3,4,14496,15031
veh4,14534,,14.5391,0,CAM_DROP_PHY,6,4,14534,15093
veh4,14555,,14.5601,0,CAM_DROP_PHY,7,4,14555,15114
veh4,14552,,14.5676,0,CPM_DROP_PHY,10,4,14552,15113
veh4,14606,,14.6091,0,CPM_DROP_PHY,12,4,14606,15159
veh4,14630,,14.6376,0,CPM_DROP_PHY,7,4,14630,15185
veh4,14633,,14.6413,0,CPM_DROP_PHY,11,4,14633,15189
veh4,14651,,14.6661,0,CPM_DROP_PHY,5,4,14651,15212
veh4,14652,,14.6713,0,CPM_DROP_PHY,10,4,14652,15214
veh4,14670,,14.6816,0,CAM_DROP_PHY,9,4,14670,15230
veh4,14684,,14.7003,0,CAM_DROP_PHY,8,4,14684,15251
veh4,14686,,14.7016,0,CPM_DROP_PHY,9,4,14686,15256
veh4,14690,,14.7091,0,CAM_DROP_PHY,12,4,14690,15260
veh4,14706,,14.7091,0,CPM_DROP_PHY,12,4,14706,15260
veh4,14723,,14.7271,0,CAM_DROP_PHY,2,4,14723,15307
veh4,14734,,14.7391,0,CAM_DROP_PHY,6,4,14734,15321
veh4,14733,,14.7413,0,CPM_DROP_PHY,11,4,14733,15320
veh4,14755,,14.7576,0,CAM_DROP_PHY,7,4,14755,15352
veh4,14756,,14.7613,0,CAM_DROP_PHY,11,4,14756,15354
veh4,14763,,14.7666,0,CAM_DROP_PHY,3,4,14763,15365
veh4,14752,,14.7713,0,CPM_DROP_PHY,10,4,14752,15349
veh4,14786,,14.8016,0,CPM_DROP_PHY,9,4,14786,15402
veh4,14806,,14.8091,0,CPM_DROP_PHY,12,4,14806,15419
veh4,14852,,14.8713,0,CPM_DROP_PHY,10,4,14852,15463
veh4,14869,,14.8713,0,CAM_DROP_PHY,10,4,14869,15463
veh4,14884,,14.9011,0,CAM_DROP_PHY,8,4,14884,15488
veh4,14896,,14.9066,0,CPM_DROP_PHY,3,4,14896,15495
veh4,14906,,14.9091,0,CPM_DROP_PHY,12,4,14906,15507
veh4,14934,,14.9391,0,CAM_DROP_PHY,6,4,14934,15545
veh4,14955,,14.9576,0,CAM_DROP_PHY,7,4,14955,15568
veh4,14952,,14.9713,0,CPM_DROP_PHY,10,4,14952,15567
veh4,15006,,15.0108,0,CPM_DROP_PHY,12,4,15006,15613
veh4,15079,,15.0811,0,CPM_DROP_PHY,8,4,15079,15677
veh4,15070,,15.0816,0,CAM_DROP_PHY,9,4,15070,15671
veh4,15084,,15.1011,0,CAM_DROP_PHY,8,4,15084,15685
veh4,15095,,15.1071,0,CPM_DROP_PHY,2,4,15095,15699
veh4,15099,,15.1071,0,CAM_DROP_PHY,5,4,15099,15705
veh4,15090,,15.1108,0,CAM_DROP_PHY,12,4,15090,15696
veh4,15106,,15.1108,0,CPM_DROP_PHY,12,4,15106,15696
veh4,15155,,15.1576,0,CAM_DROP_PHY,7,4,15155,15782
veh4,15156,,15.1616,0,CAM_DROP_PHY,11,4,15156,15783
veh4,15134,,15.2391,0,CAM_DROP_PHY,6,4,15134,15760
veh4,15269,,15.2713,0,CAM_DROP_PHY,10,4,15269,15870
veh4,15287,15.2876,,0,CAM,4,,15287,-1
veh4,15284,,15.3011,0,CAM_DROP_PHY,8,4,15284,15884
veh4,15306,,15.3108,0,CPM_DROP_PHY,12,4,15306,15906
veh4,15333,,15.3416,0,CPM_DROP_PHY,11,4,15333,15943
veh4,15334,,15.3543,0,CAM_DROP_PHY,6,4,15334,15945
veh4,15352,,15.3713,0,CPM_DROP_PHY,10,4,15352,15965
veh4,15355,,15.3731,0,CAM_DROP_PHY,7,4,15355,15971
veh4,15406,,15.4108,0,CPM_DROP_PHY,12,4,15406,16017
veh4,15452,,15.4713,0,CPM_DROP_PHY,10,4,15452,16059
veh4,15470,,15.4851,0,CAM_DROP_PHY,9,4,15470,16069
veh4,15484,,15.5011,0,CAM_DROP_PHY,8,4,15484,16083
veh4,15490,,15.5108,0,CAM_DROP_PHY,12,4,15490,16094
veh4,15506,,15.5108,0,CPM_DROP_PHY,12,4,15506,16094
veh4,15534,,15.5543,0,CAM_DROP_PHY,6,4,15534,16143
veh4,15556,,15.5616,0,CAM_DROP_PHY,11,4,15556,16163
veh4,15552,,15.5713,0,CPM_DROP_PHY,10,4,15552,16156
veh4,15555,,15.5731,0,CAM_DROP_PHY,7,4,15555,16162
veh4,15606,,15.6108,0,CPM_DROP_PHY,12,4,15606,16216
veh4,15630,,15.6331,0,CPM_DROP_PHY,7,4,15630,16242
veh4,15651,,15.6671,0,CPM_DROP_PHY,5,4,15651,16266
veh4,15652,,15.6713,0,CPM_DROP_PHY,10,4,15652,16267
veh4,15669,,15.6713,0,CAM_DROP_PHY,10,4,15669,16267
veh4,15684,,15.7011,0,CAM_DROP_PHY,8,4,15684,16298
veh4,15686,,15.7051,0,CPM_DROP_PHY,9,4,15686,16301
veh4,15723,,15.7271,0,CAM_DROP_PHY,2,4,15723,16353
veh4,15733,,15.7416,0,CPM_DROP_PHY,11,4,15733,16364
veh4,15734,,15.7543,0,CAM_DROP_PHY,6,4,15734,16366
veh4,15763,,15.7666,0,CAM_DROP_PHY,3,4,15763,16398
veh4,15752,,15.7713,0,CPM_DROP_PHY,10,4,15752,16387
veh4,15755,,15.7731,0,CAM_DROP_PHY,7,4,15755,16393
veh4,15852,,15.8713,0,CPM_DROP_PHY,10,4,15852,16489
veh4,15870,,15.8851,0,CAM_DROP_PHY,9,4,15870,16500
veh4,15884,,15.8978,0,CAM_DROP_PHY,8,4,15884,16514
veh4,15896,,15.9068,0,CPM_DROP_PHY,3,4,15896,16530
veh4,15806,,15.9091,0,CPM_DROP_PHY,12,4,15806,16451
veh4,15890,,15.9091,0,CAM_DROP_PHY,12,4,15890,16524
veh4,15906,,15.9091,0,CPM_DROP_PHY,12,4,15906,16524
veh4,15934,,15.9543,0,CAM_DROP_PHY,6,4,15934,16584
veh4,15956,,15.9616,0,CAM_DROP_PHY,11,4,15956,16601
veh4,15952,,15.9713,0,CPM_DROP_PHY,10,4,15952,16594
veh4,15955,,15.9731,0,CAM_DROP_PHY,7,4,15955,16600
veh4,15995,,16.0073,0,CPM_DROP_PHY,2,4,15995,16649
veh4,16006,,16.0091,0,CPM_DROP_PHY,12,4,16006,16660
veh4,16015,,16.0343,0,CPM_DROP_PHY,6,4,16015,16677
veh4,16052,,16.0703,0,CPM_DROP_PHY,10,4,16052,16712
veh4,16069,,16.0703,0,CAM_DROP_PHY,10,4,16069,16712
veh4,16070,,16.0851,0,CAM_DROP_PHY,9,4,16070,16727
veh4,16079,,16.0978,0,CPM_DROP_PHY,8,4,16079,16736
veh4,16084,,16.0978,0,CAM_DROP_PHY,8,4,16084,16736
veh4,16099,,16.1038,0,CAM_DROP_PHY,5,4,16099,16761
veh4,16096,,16.1068,0,CPM_DROP_PHY,3,4,16096,16755
veh4,16095,,16.1073,0,CPM_DROP_PHY,2,4,16095,16754
veh4,16106,,16.1091,0,CPM_DROP_PHY,12,4,16106,16777
veh4,16134,,16.1543,0,CAM_DROP_PHY,6,4,16134,16824
veh4,16152,,16.1703,0,CPM_DROP_PHY,10,4,16152,16834
veh4,16155,,16.1731,0,CAM_DROP_PHY,7,4,16155,16840
veh4,16206,,16.2091,0,CPM_DROP_PHY,12,4,16206,16891
veh4,16252,,16.2703,0,CPM_DROP_PHY,10,4,16252,16930
veh4,16270,,16.2836,0,CAM_DROP_PHY,9,4,16270,16943
veh4,16287,16.2876,,0,CAM,4,,16287,-1
veh4,16284,,16.2978,0,CAM_DROP_PHY,8,4,16284,16958
veh4,16290,,16.3091,0,CAM_DROP_PHY,12,4,16290,16967
veh4,16306,,16.3091,0,CPM_DROP_PHY,12,4,16306,16967
veh4,16333,,16.3488,0,CPM_DROP_PHY,11,4,16333,17017
veh4,16334,,16.3506,0,CAM_DROP_PHY,6,4,16334,17018
veh4,16356,,16.3688,0,CAM_DROP_PHY,11,4,16356,17042
veh4,16352,,16.3703,0,CPM_DROP_PHY,10,4,16352,17036
veh4,16355,,16.3731,0,CAM_DROP_PHY,7,4,16355,17041
veh4,16406,,16.4091,0,CPM_DROP_PHY,12,4,16406,17099
veh4,16452,,16.4703,0,CPM_DROP_PHY,10,4,16452,17138
veh4,16469,,16.4703,0,CAM_DROP_PHY,10,4,16469,17138
veh4,16470,,16.4836,0,CAM_DROP_PHY,9,4,16470,17152
veh4,16484,,16.4978,0,CAM_DROP_PHY,8,4,16484,17167
veh4,16496,,16.5068,0,CPM_DROP_PHY,3,4,16496,17179
veh4,16506,,16.5091,0,CPM_DROP_PHY,12,4,16506,17195
veh4,16534,,16.5506,0,CAM_DROP_PHY,6,4,16534,17232
veh4,16552,,16.5703,0,CPM_DROP_PHY,10,4,16552,17247
veh4,16555,,16.5731,0,CAM_DROP_PHY,7,4,16555,17251
veh4,16596,,16.6068,0,CPM_DROP_PHY,3,4,16596,17289
veh4,16606,,16.6091,0,CPM_DROP_PHY,12,4,16606,17299
veh4,16630,,16.6331,0,CPM_DROP_PHY,7,4,16630,17333
veh4,16651,,16.6638,0,CPM_DROP_PHY,5,4,16651,17353
veh4,16652,,16.6703,0,CPM_DROP_PHY,10,4,16652,17354
veh4,16670,,16.6786,0,CAM_DROP_PHY,9,4,16670,17370
veh4,16684,,16.6978,0,CAM_DROP_PHY,8,4,16684,17390
veh4,16686,,16.6986,0,CPM_DROP_PHY,9,4,16686,17391
veh4,16696,,16.6996,0,CPM_DROP_PHY,3,4,16696,17403
veh4,16690,,16.7091,0,CAM_DROP_PHY,12,4,16690,17398
veh4,16706,,16.7091,0,CPM_DROP_PHY,12,4,16706,17398
veh4,16723,,16.7273,0,CAM_DROP_PHY,2,4,16723,17458
veh4,16734,,16.7506,0,CAM_DROP_PHY,6,4,16734,17467
veh4,16755,,16.7613,0,CAM_DROP_PHY,7,4,16755,17490
veh4,16756,,16.7688,0,CAM_DROP_PHY,11,4,16756,17491
veh4,16752,,16.7703,0,CPM_DROP_PHY,10,4,16752,17487
veh4,16763,,16.7796,0,CAM_DROP_PHY,3,4,16763,17501
veh4,16806,,16.8091,0,CPM_DROP_PHY,12,4,16806,17550
veh4,16852,,16.8703,0,CPM_DROP_PHY,10,4,16852,17585
veh4,16869,,16.8703,0,CAM_DROP_PHY,10,4,16869,17585
veh4,16870,,16.8786,0,CAM_DROP_PHY,9,4,16870,17599
veh4,16884,,16.8978,0,CAM_DROP_PHY,8,4,16884,17615
veh4,16896,,16.8996,0,CPM_DROP_PHY,3,4,16896,17625
veh4,16906,,16.9091,0,CPM_DROP_PHY,12,4,16906,17646
veh4,16934,,16.9506,0,CAM_DROP_PHY,6,4,16934,17678
veh4,16955,,16.9613,0,CAM_DROP_PHY,7,4,16955,17697
veh4,16952,,16.9661,0,CPM_DROP_PHY,10,4,16952,17694
veh4,17006,,17.0091,0,CPM_DROP_PHY,12,4,17006,17743
veh4,17015,,17.0306,0,CPM_DROP_PHY,6,4,17015,17751
veh4,17033,,17.0423,0,CPM_DROP_PHY,11,4,17033,17773
veh4,17052,,17.0661,0,CPM_DROP_PHY,10,4,17052,17789
veh4,17070,,17.0786,0,CAM_DROP_PHY,9,4,17070,17809
veh4,17069,,17.0861,0,CAM_DROP_PHY,10,4,17069,17807
veh4,17079,,17.0898,0,CPM_DROP_PHY,8,4,17079,17819
veh4,17084,,17.0898,0,CAM_DROP_PHY,8,4,17084,17819
veh4,17099,,17.1038,0,CAM_DROP_PHY,5,4,17099,17849
veh4,17090,,17.1058,0,CAM_DROP_PHY,12,4,17090,17839
veh4,17095,,17.1073,0,CPM_DROP_PHY,2,4,17095,17844
veh4,17106,,17.1258,0,CPM_DROP_PHY,12,4,17106,17864
veh4,17134,,17.1506,0,CAM_DROP_PHY,6,4,17134,17908
veh4,17155,,17.1613,0,CAM_DROP_PHY,7,4,17155,17930
veh4,17156,,17.1623,0,CAM_DROP_PHY,11,4,17156,17931
veh4,17152,,17.1661,0,CPM_DROP_PHY,10,4,17152,17927
veh4,17206,,17.2258,0,CPM_DROP_PHY,12,4,17206,17983
veh4,17233,,17.2423,0,CPM_DROP_PHY,11,4,17233,18003
veh4,17252,,17.2661,0,CPM_DROP_PHY,10,4,17252,18021
veh4,17270,,17.2786,0,CAM_DROP_PHY,9,4,17270,18040
veh4,17269,,17.2861,0,CAM_DROP_PHY,10,4,17269,18038
veh4,17287,17.2876,,0,CAM,4,,17287,-1
veh4,17284,,17.2898,0,CAM_DROP_PHY,8,4,17284,18054
veh4,17306,,17.3258,0,CPM_DROP_PHY,12,4,17306,18092
veh4,17333,,17.3423,0,CPM_DROP_PHY,11,4,17333,18114
veh4,17334,,17.3506,0,CAM_DROP_PHY,6,4,17334,18115
veh4,17355,,17.3613,0,CAM_DROP_PHY,7,4,17355,18141
veh4,17352,,17.3661,0,CPM_DROP_PHY,10,4,17352,18137
veh4,17406,,17.4258,0,CPM_DROP_PHY,12,4,17406,18190
veh4,17452,,17.4661,0,CPM_DROP_PHY,10,4,17452,18231
veh4,17470,,17.4786,0,CAM_DROP_PHY,9,4,17470,18246
veh4,17469,,17.4861,0,CAM_DROP_PHY,10,4,17469,18244
veh4,17484,,17.4898,0,CAM_DROP_PHY,8,4,17484,18260
veh4,17496,,17.4996,0,CPM_DROP_PHY,3,4,17496,18280
veh4,17490,,17.5058,0,CAM_DROP_PHY,12,4,17490,18275
veh4,17506,,17.5258,0,CPM_DROP_PHY,12,4,17506,18297
veh4,17534,,17.5506,0,CAM_DROP_PHY,6,4,17534,18328
veh4,17555,,17.5613,0,CAM_DROP_PHY,7,4,17555,18350
veh4,17556,,17.5623,0,CAM_DROP_PHY,11,4,17556,18351
veh4,17552,,17.5661,0,CPM_DROP_PHY,10,4,17552,18347
veh4,17596,,17.5996,0,CPM_DROP_PHY,3,4,17596,18396
veh4,17606,,17.6258,0,CPM_DROP_PHY,12,4,17606,18407
veh4,17630,,17.6413,0,CPM_DROP_PHY,7,4,17630,18429
veh4,17651,,17.6601,0,CPM_DROP_PHY,5,4,17651,18450
veh4,17652,,17.6661,0,CPM_DROP_PHY,10,4,17652,18452
veh4,17670,,17.6786,0,CAM_DROP_PHY,9,4,17670,18476
veh4,17669,,17.6861,0,CAM_DROP_PHY,10,4,17669,18473
veh4,17684,,17.6898,0,CAM_DROP_PHY,8,4,17684,18490
veh4,17686,,17.6986,0,CPM_DROP_PHY,9,4,17686,18495
veh4,17696,,17.6996,0,CPM_DROP_PHY,3,4,17696,18510
veh4,17695,,17.7033,0,CPM_DROP_PHY,2,4,17695,18509
veh4,17706,,17.7258,0,CPM_DROP_PHY,12,4,17706,18532
veh4,17723,,17.7433,0,CAM_DROP_PHY,2,4,17723,18556
veh4,17734,,17.7493,0,CAM_DROP_PHY,6,4,17734,18565
veh4,17755,,17.7603,0,CAM_DROP_PHY,7,4,17755,18595
veh4,17752,,17.7661,0,CPM_DROP_PHY,10,4,17752,18588
veh4,17763,,17.7796,0,CAM_DROP_PHY,3,4,17763,18606
veh4,17806,,17.8258,0,CPM_DROP_PHY,12,4,17806,18650
veh4,17852,,17.8661,0,CPM_DROP_PHY,10,4,17852,18689
veh4,17870,,17.8778,0,CAM_DROP_PHY,9,4,17870,18705
veh4,17869,,17.8861,0,CAM_DROP_PHY,10,4,17869,18704
veh4,17884,,17.8911,0,CAM_DROP_PHY,8,4,17884,18720
veh4,17896,,17.8996,0,CPM_DROP_PHY,3,4,17896,18740
veh4,17890,,17.9058,0,CAM_DROP_PHY,12,4,17890,18737
veh4,17906,,17.9258,0,CPM_DROP_PHY,12,4,17906,18757
veh4,17934,,17.9493,0,CAM_DROP_PHY,6,4,17934,18786
veh4,17955,,17.9603,0,CAM_DROP_PHY,7,4,17955,18809
veh4,17956,,17.9651,0,CAM_DROP_PHY,11,4,17956,18810
veh4,17952,,17.9661,0,CPM_DROP_PHY,10,4,17952,18805
veh4,18006,,18.0258,0,CPM_DROP_PHY,12,4,18006,18864
veh4,18015,,18.0293,0,CPM_DROP_PHY,6,4,18015,18870
veh4,18034,,18.0493,0,CAM_DROP_PHY,6,4,18034,18896
veh4,18052,,18.0578,0,CPM_DROP_PHY,10,4,18052,18916
veh4,18069,,18.0778,0,CAM_DROP_PHY,10,4,18069,18936
veh4,18070,,18.0778,0,CAM_DROP_PHY,9,4,18070,18937
veh4,18079,,18.0911,0,CPM_DROP_PHY,8,4,18079,18947
veh4,18084,,18.0911,0,CAM_DROP_PHY,8,4,18084,18947
veh4,18099,,18.1001,0,CAM_DROP_PHY,5,4,18099,18974
veh4,18095,,18.1033,0,CPM_DROP_PHY,2,4,18095,18969
veh4,18106,,18.1258,0,CPM_DROP_PHY,12,4,18106,18990
veh4,18134,,18.1493,0,CAM_DROP_PHY,6,4,18134,19017
veh4,18152,,18.1578,0,CPM_DROP_PHY,10,4,18152,19036
veh4,18155,,18.1603,0,CAM_DROP_PHY,7,4,18155,19040
veh4,18234,,18.2493,0,CAM_DROP_PHY,6,4,18234,19112
veh4,18252,,18.2578,0,CPM_DROP_PHY,10,4,18252,19131
veh4,18269,,18.2778,0,CAM_DROP_PHY,10,4,18269,19151
veh4,18270,,18.2778,0,CAM_DROP_PHY,9,4,18270,19152
veh4,18287,18.2876,,0,CAM,4,,18287,-1
veh4,18284,,18.2911,0,CAM_DROP_PHY,8,4,18284,19171
veh4,18333,,18.3393,0,CPM_DROP_PHY,11,4,18333,19233
veh4,18334,,18.3493,0,CAM_DROP_PHY,6,4,18334,19234
veh4,18352,,18.3578,0,CPM_DROP_PHY,10,4,18352,19259
veh4,18356,,18.3593,0,CAM_DROP_PHY,11,4,18356,19265
veh4,18355,,18.3603,0,CAM_DROP_PHY,7,4,18355,19264
veh4,18306,,18.4226,0,CPM_DROP_PHY,12,4,18306,19205
veh4,18434,,18.4493,0,CAM_DROP_PHY,6,4,18434,19339
veh4,18470,,18.4713,0,CAM_DROP_PHY,9,4,18470,19367
veh4,18469,,18.4778,0,CAM_DROP_PHY,10,4,18469,19366
veh4,18484,,18.4911,0,CAM_DROP_PHY,8,4,18484,19383
veh4,18534,,18.5493,0,CAM_DROP_PHY,6,4,18534,19434
veh4,18555,,18.5603,0,CAM_DROP_PHY,7,4,18555,19453
veh4,18630,,18.6403,0,CPM_DROP_PHY,7,4,18630,19510
veh4,18651,,18.6521,0,CPM_DROP_PHY,5,4,18651,19530
veh4,18670,,18.6713,0,CAM_DROP_PHY,9,4,18670,19549
veh4,18669,,18.6778,0,CAM_DROP_PHY,10,4,18669,19548
veh4,18686,,18.6913,0,CPM_DROP_PHY,9,4,18686,19571
veh4,18684,,18.6943,0,CAM_DROP_PHY,8,4,18684,19565
veh4,18690,,18.7026,0,CAM_DROP_PHY,12,4,18690,19576
veh4,18723,,18.7393,0,CAM_DROP_PHY,2,4,18723,19619
veh4,18734,,18.7493,0,CAM_DROP_PHY,6,4,18734,19625
veh4,18756,,18.7593,0,CAM_DROP_PHY,11,4,18756,19652
veh4,18755,,18.7603,0,CAM_DROP_PHY,7,4,18755,19651
veh4,18763,,18.7656,0,CAM_DROP_PHY,3,4,18763,19665
veh4,18852,,18.8578,0,CPM_DROP_PHY,10,4,18852,19737
veh4,18870,,18.8713,0,CAM_DROP_PHY,9,4,18870,19754
veh4,18869,,18.8778,0,CAM_DROP_PHY,10,4,18869,19753
veh4,18884,,18.8943,0,CAM_DROP_PHY,8,4,18884,19773
veh4,18896,,18.9136,0,CPM_DROP_PHY,3,4,18896,19789
veh4,18934,,18.9423,0,CAM_DROP_PHY,6,4,18934,19823
veh4,18956,,18.9593,0,CAM_DROP_PHY,11,4,18956,19841
veh4,18955,,18.9603,0,CAM_DROP_PHY,7,4,18955,19840
veh4,18996,,19.0136,0,CPM_DROP_PHY,3,4,18996,19882
veh4,19015,,19.0223,0,CPM_DROP_PHY,6,4,19015,19896
veh4,19070,,19.0713,0,CAM_DROP_PHY,9,4,19070,19937
veh4,19069,,19.0793,0,CAM_DROP_PHY,10,4,19069,19936
veh4,19079,,19.0943,0,CPM_DROP_PHY,8,4,19079,19950
veh4,19084,,19.0943,0,CAM_DROP_PHY,8,4,19084,19950
veh4,19090,,19.0978,0,CAM_DROP_PHY,12,4,19090,19965
veh4,19095,,19.1021,0,CPM_DROP_PHY,2,4,19095,19974
veh4,19099,,19.1121,0,CAM_DROP_PHY,5,4,19099,19980
veh4,19106,,19.1178,0,CPM_DROP_PHY,12,4,19106,19993
veh4,19134,,19.1423,0,CAM_DROP_PHY,6,4,19134,20030
veh4,19155,,19.1603,0,CAM_DROP_PHY,7,4,19155,20048
veh4,19156,,19.1746,0,CAM_DROP_PHY,11,4,19156,20049
veh4,19269,,19.2793,0,CAM_DROP_PHY,10,4,19269,20127
veh4,19287,19.2876,,0,CAM,4,,19287,-1
veh4,19270,,19.2903,0,CAM_DROP_PHY,9,4,19270,20129
veh4,19284,,19.2943,0,CAM_DROP_PHY,8,4,19284,20143
veh4,19333,,19.3346,0,CPM_DROP_PHY,11,4,19333,20196
veh4,19334,,19.3423,0,CAM_DROP_PHY,6,4,19334,20199
veh4,19355,,19.3743,0,CAM_DROP_PHY,7,4,19355,20223
veh4,19356,,19.3746,0,CAM_DROP_PHY,11,4,19356,20224
veh4,19396,,19.4136,0,CPM_DROP_PHY,3,4,19396,20264
veh4,19469,,19.4793,0,CAM_DROP_PHY,10,4,19469,20317
veh4,19470,,19.4903,0,CAM_DROP_PHY,9,4,19470,20319
veh4,19484,,19.4943,0,CAM_DROP_PHY,8,4,19484,20333
veh4,19490,,19.4978,0,CAM_DROP_PHY,12,4,19490,20341
veh4,19506,,19.5178,0,CPM_DROP_PHY,12,4,19506,20368
veh4,19534,,19.5423,0,CAM_DROP_PHY,6,4,19534,20402
veh4,19555,,19.5743,0,CAM_DROP_PHY,7,4,19555,20421
veh4,19556,,19.5746,0,CAM_DROP_PHY,11,4,19556,20422
veh4,19596,,19.6148,0,CPM_DROP_PHY,3,4,19596,20462
veh4,19630,,19.6343,0,CPM_DROP_PHY,7,4,19630,20495
veh4,19634,,19.6423,0,CAM_DROP_PHY,6,4,19634,20501
veh4,19651,,19.6678,0,CPM_DROP_PHY,5,4,19651,20520
veh4,19669,,19.6793,0,CAM_DROP_PHY,10,4,19669,20535
veh4,19670,,19.6903,0,CAM_DROP_PHY,9,4,19670,20537
veh4,19686,,19.6903,0,CPM_DROP_PHY,9,4,19686,20537
veh4,19684,,19.6978,0,CAM_DROP_PHY,8,4,19684,20555
veh4,19696,,19.7148,0,CPM_DROP_PHY,3,4,19696,20571
veh4,19723,,19.7421,0,CAM_DROP_PHY,2,4,19723,20605
veh4,19734,,19.7423,0,CAM_DROP_PHY,6,4,19734,20610
veh4,19755,,19.7643,0,CAM_DROP_PHY,7,4,19755,20635
veh4,19756,,19.7746,0,CAM_DROP_PHY,11,4,19756,20636
veh4,19763,,19.7748,0,CAM_DROP_PHY,3,4,19763,20645
veh4,19834,,19.8403,0,CAM_DROP_PHY,6,4,19834,20704
veh4,19852,,19.8593,0,CPM_DROP_PHY,10,4,19852,20722
veh4,19855,,19.8643,0,CAM_DROP_PHY,7,4,19855,20726
veh4,19869,,19.8793,0,CAM_DROP_PHY,10,4,19869,20743
veh4,19870,,19.8903,0,CAM_DROP_PHY,9,4,19870,20745
veh4,19890,,19.8978,0,CAM_DROP_PHY,12,4,19890,20772
veh4,19884,,19.8978,0,CAM_DROP_PHY,8,4,19884,20763
veh4,19896,,19.9148,0,CPM_DROP_PHY,3,4,19896,20778
veh4,19934,,19.9403,0,CAM_DROP_PHY,6,4,19934,20831
veh4,19955,,19.9643,0,CAM_DROP_PHY,7,4,19955,20852
veh4,19956,,19.9746,0,CAM_DROP_PHY,11,4,19956,20853
veh4,20015,,20.0203,0,CPM_DROP_PHY,6,4,20015,20901
veh4,20034,,20.0403,0,CAM_DROP_PHY,6,4,20034,20917
veh4,20055,,20.0643,0,CAM_DROP_PHY,7,4,20055,20939
veh4,20069,,20.0793,0,CAM_DROP_PHY,10,4,20069,20951
veh4,20070,,20.0883,0,CAM_DROP_PHY,9,4,20070,20952
veh4,20090,,20.0978,0,CAM_DROP_PHY,12,4,20090,20980
veh4,20079,,20.0978,0,CPM_DROP_PHY,8,4,20079,20964
veh4,20084,,20.0978,0,CAM_DROP_PHY,8,4,20084,20964
veh4,20095,,20.1021,0,CPM_DROP_PHY,2,4,20095,20986
veh4,20099,,20.1078,0,CAM_DROP_PHY,5,4,20099,20996
veh4,20106,,20.1178,0,CPM_DROP_PHY,12,4,20106,21008
veh4,20134,,20.1403,0,CAM_DROP_PHY,6,4,20134,21045
veh4,20155,,20.1643,0,CAM_DROP_PHY,7,4,20155,21067
veh4,20156,,20.1701,0,CAM_DROP_PHY,11,4,20156,21068
veh4,20255,,20.2643,0,CAM_DROP_PHY,7,4,20255,21146
veh4,20269,,20.2793,0,CAM_DROP_PHY,10,4,20269,21157
veh4,20287,20.2876,,0,CAM,4,,20287,-1
veh4,20270,,20.2883,0,CAM_DROP_PHY,9,4,20270,21159
veh4,20290,,20.2978,0,CAM_DROP_PHY,12,4,20290,21190
veh4,20284,,20.2978,0,CAM_DROP_PHY,8,4,20284,21176
veh4,20334,,20.3403,0,CAM_DROP_PHY,6,4,20334,21254
veh4,20333,,20.3501,0,CPM_DROP_PHY,11,4,20333,21253
veh4,20355,,20.3643,0,CAM_DROP_PHY,7,4,20355,21280
veh4,20356,,20.3701,0,CAM_DROP_PHY,11,4,20356,21282
veh4,20455,,20.4643,0,CAM_DROP_PHY,7,4,20455,21361
veh4,20469,,20.4793,0,CAM_DROP_PHY,10,4,20469,21371
veh4,20470,,20.4883,0,CAM_DROP_PHY,9,4,20470,21373
veh4,20484,,20.4978,0,CAM_DROP_PHY,8,4,20484,21390
veh4,20490,,20.5023,0,CAM_DROP_PHY,12,4,20490,21401
veh4,20534,,20.5406,0,CAM_DROP_PHY,6,4,20534,21444
veh4,20556,,20.5701,0,CAM_DROP_PHY,11,4,20556,21464
veh4,20630,,20.6473,0,CPM_DROP_PHY,7,4,20630,21513
veh4,20655,,20.6673,0,CAM_DROP_PHY,7,4,20655,21534
veh4,20651,,20.6706,0,CPM_DROP_PHY,5,4,20651,21531
veh4,20669,,20.6868,0,CAM_DROP_PHY,10,4,20669,21547
veh4,20670,,20.6883,0,CAM_DROP_PHY,9,4,20670,21549
veh4,20686,,20.6883,0,CPM_DROP_PHY,9,4,20686,21549
veh4,20684,,20.6933,0,CAM_DROP_PHY,8,4,20684,21567
veh4,20690,,20.7023,0,CAM_DROP_PHY,12,4,20690,21585
veh4,20723,,20.7316,0,CAM_DROP_PHY,2,4,20723,21620
veh4,20734,,20.7406,0,CAM_DROP_PHY,6,4,20734,21632
veh4,20756,,20.7701,0,CAM_DROP_PHY,11,4,20756,21656
veh4,20763,,20.8651,0,CAM_DROP_PHY,3,4,20763,21659
veh4,20852,,20.8668,0,CPM_DROP_PHY,10,4,20852,21726
veh4,20855,,20.8673,0,CAM_DROP_PHY,7,4,20855,21728
veh4,20869,,20.8868,0,CAM_DROP_PHY,10,4,20869,21742
veh4,20870,,20.8883,0,CAM_DROP_PHY,9,4,20870,21746
veh4,20884,,20.8933,0,CAM_DROP_PHY,8,4,20884,21758
veh4,20890,,20.9023,0,CAM_DROP_PHY,12,4,20890,21775
veh4,20896,,20.9051,0,CPM_DROP_PHY,3,4,20896,21784
veh4,20934,,20.9406,0,CAM_DROP_PHY,6,4,20934,21827
veh4,20956,,20.9701,0,CAM_DROP_PHY,11,4,20956,21846
veh4,21015,,21.0206,0,CPM_DROP_PHY,6,4,21015,21887
veh4,21055,,21.0673,0,CAM_DROP_PHY,7,4,21055,21917
veh4,21070,,21.0883,0,CAM_DROP_PHY,9,4,21070,21929
veh4,21069,,21.0896,0,CAM_DROP_PHY,10,4,21069,21927
veh4,21079,,21.0933,0,CPM_DROP_PHY,8,4,21079,21937
veh4,21084,,21.0933,0,CAM_DROP_PHY,8,4,21084,21937
veh4,21090,,21.1023,0,CAM_DROP_PHY,12,4,21090,21958
veh4,21099,,21.1106,0,CAM_DROP_PHY,5,4,21099,21969
veh4,21095,,21.1113,0,CPM_DROP_PHY,2,4,21095,21966
veh4,21106,,21.1223,0,CPM_DROP_PHY,12,4,21106,21978
veh4,21134,,21.1406,0,CAM_DROP_PHY,6,4,21134,22026
veh4,21156,,21.1701,0,CAM_DROP_PHY,11,4,21156,22045
veh4,21184,,21.1933,0,CAM_DROP_PHY,8,4,21184,22067
veh4,21234,,21.2406,0,CAM_DROP_PHY,6,4,21234,22105
veh4,21255,,21.2673,0,CAM_DROP_PHY,7,4,21255,22124
veh4,21269,,21.2786,0,CAM_DROP_PHY,10,4,21269,22135
veh4,21287,21.2876,,0,CAM,4,,21287,-1
veh4,21270,,21.2883,0,CAM_DROP_PHY,9,4,21270,22136
veh4,21284,,21.2933,0,CAM_DROP_PHY,8,4,21284,22151
veh4,21290,,21.3023,0,CAM_DROP_PHY,12,4,21290,22164
veh4,21334,,21.3358,0,CAM_DROP_PHY,6,4,21334,22217
veh4,21333,,21.3391,0,CPM_DROP_PHY,11,4,21333,22216
veh4,21356,,21.3591,0,CAM_DROP_PHY,11,4,21356,22243
veh4,21384,,21.3938,0,CAM_DROP_PHY,8,4,21384,22267
veh4,21434,,21.4358,0,CAM_DROP_PHY,6,4,21434,22311
veh4,21455,,21.4611,0,CAM_DROP_PHY,7,4,21455,22331
veh4,21469,,21.4786,0,CAM_DROP_PHY,10,4,21469,22340
veh4,21470,,21.4803,0,CAM_DROP_PHY,9,4,21470,22341
veh4,21484,,21.4938,0,CAM_DROP_PHY,8,4,21484,22361
veh4,21490,,21.5023,0,CAM_DROP_PHY,12,4,21490,22368
veh4,21534,,21.5358,0,CAM_DROP_PHY,6,4,21534,22422
veh4,21556,,21.5591,0,CAM_DROP_PHY,11,4,21556,22443
veh4,21555,,21.5611,0,CAM_DROP_PHY,7,4,21555,22442
veh4,21584,,21.5938,0,CAM_DROP_PHY,8,4,21584,22474
veh4,21596,,21.6071,0,CPM_DROP_PHY,3,4,21596,22483
veh4,21630,,21.6411,0,CPM_DROP_PHY,7,4,21630,22515
veh4,21655,,21.6611,0,CAM_DROP_PHY,7,4,21655,22538
veh4,21651,,21.6673,0,CPM_DROP_PHY,5,4,21651,22530
veh4,21669,,21.6746,0,CAM_DROP_PHY,10,4,21669,22552
veh4,21670,,21.6803,0,CAM_DROP_PHY,9,4,21670,22553
veh4,21686,,21.7003,0,CPM_DROP_PHY,9,4,21686,22578
veh4,21690,,21.7023,0,CAM_DROP_PHY,12,4,21690,22585
veh4,21723,,21.7313,0,CAM_DROP_PHY,2,4,21723,22623
veh4,21734,,21.7358,0,CAM_DROP_PHY,6,4,21734,22632
veh4,21756,,21.7591,0,CAM_DROP_PHY,11,4,21756,22659
veh4,21755,,21.7611,0,CAM_DROP_PHY,7,4,21755,22658
veh4,21763,,21.7671,0,CAM_DROP_PHY,3,4,21763,22667
veh4,21784,,21.7938,0,CAM_DROP_PHY,8,4,21784,22696
veh4,21852,,21.8546,0,CPM_DROP_PHY,10,4,21852,22741
veh4,21855,,21.8611,0,CAM_DROP_PHY,7,4,21855,22748
veh4,21869,,21.8746,0,CAM_DROP_PHY,10,4,21869,22761
veh4,21870,,21.8803,0,CAM_DROP_PHY,9,4,21870,22762
veh4,21890,,21.8931,0,CAM_DROP_PHY,12,4,21890,22790
veh4,21896,,21.9071,0,CPM_DROP_PHY,3,4,21896,22801
veh4,21934,,21.9358,0,CAM_DROP_PHY,6,4,21934,22835
veh4,21956,,21.9591,0,CAM_DROP_PHY,11,4,21956,22857
veh4,21955,,21.9611,0,CAM_DROP_PHY,7,4,21955,22856
veh4,21984,,21.9938,0,CAM_DROP_PHY,8,4,21984,22886
veh4,22015,,22.0358,0,CPM_DROP_PHY,6,4,22015,22913
veh4,22069,,22.0746,0,CAM_DROP_PHY,10,4,22069,22949
veh4,22070,,22.0803,0,CAM_DROP_PHY,9,4,22070,22950
veh4,22090,,22.0931,0,CAM_DROP_PHY,12,4,22090,22973
veh4,22079,,22.0938,0,CPM_DROP_PHY,8,4,22079,22959
veh4,22099,,22.1073,0,CAM_DROP_PHY,5,4,22099,22991
veh4,22095,,22.1103,0,CPM_DROP_PHY,2,4,22095,22985
veh4,22106,,22.1131,0,CPM_DROP_PHY,12,4,22106,23002
veh4,22134,,22.1358,0,CAM_DROP_PHY,6,4,22134,23041
veh4,22156,,22.1591,0,CAM_DROP_PHY,11,4,22156,23063
veh4,22155,,22.1611,0,CAM_DROP_PHY,7,4,22155,23062
veh4,22184,,22.1938,0,CAM_DROP_PHY,8,4,22184,23092
veh4,22234,,22.2358,0,CAM_DROP_PHY,6,4,22234,23128
veh4,22269,,22.2746,0,CAM_DROP_PHY,10,4,22269,23155
veh4,22270,,22.2803,0,CAM_DROP_PHY,9,4,22270,23157
veh4,22287,22.2876,,0,CAM,4,,22287,-1
veh4,22290,,22.2931,0,CAM_DROP_PHY,12,4,22290,23180
veh4,22334,,22.3358,0,CAM_DROP_PHY,6,4,22334,23224
veh4,22333,,22.3391,0,CPM_DROP_PHY,11,4,22333,23223
veh4,22356,,22.3591,0,CAM_DROP_PHY,11,4,22356,23252
veh4,22355,,22.3608,0,CAM_DROP_PHY,7,4,22355,23251
veh4,22384,,22.3938,0,CAM_DROP_PHY,8,4,22384,23282
veh4,22434,,22.4358,0,CAM_DROP_PHY,6,4,22434,23326
veh4,22469,,22.4746,0,CAM_DROP_PHY,10,4,22469,23353
veh4,22470,,22.4803,0,CAM_DROP_PHY,9,4,22470,23355
veh4,22490,,22.4931,0,CAM_DROP_PHY,12,4,22490,23377
veh4,22534,,22.5358,0,CAM_DROP_PHY,6,4,22534,23412
veh4,22556,,22.5591,0,CAM_DROP_PHY,11,4,22556,23434
veh4,22555,,22.5608,0,CAM_DROP_PHY,7,4,22555,23433
veh4,22584,,22.5938,0,CAM_DROP_PHY,8,4,22584,23464
veh4,22634,,22.6358,0,CAM_DROP_PHY,6,4,22634,23508
veh4,22630,,22.6408,0,CPM_DROP_PHY,7,4,22630,23507
veh4,22651,,22.6673,0,CPM_DROP_PHY,5,4,22651,23530
veh4,22669,,22.6746,0,CAM_DROP_PHY,10,4,22669,23548
veh4,22670,,22.6778,0,CAM_DROP_PHY,9,4,22670,23550
veh4,22684,,22.6853,0,CAM_DROP_PHY,8,4,22684,23566
veh4,22686,,22.6978,0,CPM_DROP_PHY,9,4,22686,23574
veh4,22690,,22.6988,0,CAM_DROP_PHY,12,4,22690,23584
veh4,22696,,22.7071,0,CPM_DROP_PHY,3,4,22696,23587
veh4,22723,,22.7258,0,CAM_DROP_PHY,2,4,22723,23629
veh4,22734,,22.7371,0,CAM_DROP_PHY,6,4,22734,23641
veh4,22756,,22.7596,0,CAM_DROP_PHY,11,4,22756,23663
veh4,22755,,22.7608,0,CAM_DROP_PHY,7,4,22755,23662
veh4,22763,,22.7671,0,CAM_DROP_PHY,3,4,22763,23675
veh4,22784,,22.7853,0,CAM_DROP_PHY,8,4,22784,23702
veh4,22834,,22.8371,0,CAM_DROP_PHY,6,4,22834,23737
veh4,22852,,22.8546,0,CPM_DROP_PHY,10,4,22852,23756
veh4,22855,,22.8608,0,CAM_DROP_PHY,7,4,22855,23760
veh4,22869,,22.8746,0,CAM_DROP_PHY,10,4,22869,23776
veh4,22870,,22.8778,0,CAM_DROP_PHY,9,4,22870,23778
veh4,22884,,22.8853,0,CAM_DROP_PHY,8,4,22884,23796
veh4,22890,,22.8988,0,CAM_DROP_PHY,12,4,22890,23813
veh4,22896,,22.9071,0,CPM_DROP_PHY,3,4,22896,23816
veh4,22956,,22.9596,0,CAM_DROP_PHY,11,4,22956,23869
veh4,22955,,22.9608,0,CAM_DROP_PHY,7,4,22955,23868
veh4,22970,,22.9778,0,CAM_DROP_PHY,9,4,22970,23888
veh4,22984,,22.9853,0,CAM_DROP_PHY,8,4,22984,23904
veh4,23015,,23.0171,0,CPM_DROP_PHY,6,4,23015,23933
veh4,23034,,23.0371,0,CAM_DROP_PHY,6,4,23034,23951
veh4,23055,,23.0608,0,CAM_DROP_PHY,7,4,23055,23971
veh4,23069,,23.0746,0,CAM_DROP_PHY,10,4,23069,23985
veh4,23070,,23.0778,0,CAM_DROP_PHY,9,4,23070,23987
veh4,23079,,23.0853,0,CPM_DROP_PHY,8,4,23079,24000
veh4,23084,,23.0853,0,CAM_DROP_PHY,8,4,23084,24000
veh4,23090,,23.0988,0,CAM_DROP_PHY,12,4,23090,24020
veh4,23099,,23.1056,0,CAM_DROP_PHY,5,4,23099,24031
veh4,23095,,23.1058,0,CPM_DROP_PHY,2,4,23095,24023
veh4,23106,,23.1151,0,CPM_DROP_PHY,12,4,23106,24046
veh4,23156,,23.1596,0,CAM_DROP_PHY,11,4,23156,24093
veh4,23155,,23.1608,0,CAM_DROP_PHY,7,4,23155,24092
veh4,23170,,23.1778,0,CAM_DROP_PHY,9,4,23170,24111
veh4,23184,,23.1853,0,CAM_DROP_PHY,8,4,23184,24127
veh4,23234,,23.2371,0,CAM_DROP_PHY,6,4,23234,24174
veh4,23255,,23.2608,0,CAM_DROP_PHY,7,4,23255,24195
veh4,23269,,23.2746,0,CAM_DROP_PHY,10,4,23269,24207
veh4,23270,,23.2778,0,CAM_DROP_PHY,9,4,23270,24210
veh4,23287,23.2876,,0,CAM,4,,23287,-1
veh4,23290,,23.2951,0,CAM_DROP_PHY,12,4,23290,24243
veh4,23296,,23.3046,0,CPM_DROP_PHY,3,4,23296,24252
veh4,23333,,23.3396,0,CPM_DROP_PHY,11,4,23333,24285
veh4,23356,,23.3596,0,CAM_DROP_PHY,11,4,23356,24307
veh4,23355,,23.3646,0,CAM_DROP_PHY,7,4,23355,24305
veh4,23370,,23.3778,0,CAM_DROP_PHY,9,4,23370,24324
veh4,23384,,23.3898,0,CAM_DROP_PHY,8,4,23384,24341
veh4,23434,,23.4371,0,CAM_DROP_PHY,6,4,23434,24388
veh4,23469,,23.4746,0,CAM_DROP_PHY,10,4,23469,24417
veh4,23490,,23.4951,0,CAM_DROP_PHY,12,4,23490,24436
veh4,23556,,23.5578,0,CAM_DROP_PHY,11,4,23556,24482
veh4,23555,,23.5646,0,CAM_DROP_PHY,7,4,23555,24481
veh4,23570,,23.5778,0,CAM_DROP_PHY,9,4,23570,24500
veh4,23584,,23.5898,0,CAM_DROP_PHY,8,4,23584,24516
veh4,23634,,23.6371,0,CAM_DROP_PHY,6,4,23634,24555
veh4,23630,,23.6446,0,CPM_DROP_PHY,7,4,23630,24554
veh4,23651,,23.6656,0,CPM_DROP_PHY,5,4,23651,24577
veh4,23669,,23.6746,0,CAM_DROP_PHY,10,4,23669,24595
veh4,23690,,23.6951,0,CAM_DROP_PHY,12,4,23690,24619
veh4,23686,,23.6978,0,CPM_DROP_PHY,9,4,23686,24613
veh4,23723,,23.7401,0,CAM_DROP_PHY,2,4,23723,24661
veh4,23756,,23.7578,0,CAM_DROP_PHY,11,4,23756,24688
veh4,23755,,23.7646,0,CAM_DROP_PHY,7,4,23755,24687
veh4,23763,,23.7756,0,CAM_DROP_PHY,3,4,23763,24696
veh4,23770,,23.7778,0,CAM_DROP_PHY,9,4,23770,24707
veh4,23784,,23.7898,0,CAM_DROP_PHY,8,4,23784,24727
veh4,23834,,23.8513,0,CAM_DROP_PHY,6,4,23834,24769
veh4,23852,,23.8603,0,CPM_DROP_PHY,10,4,23852,24784
veh4,23869,,23.8803,0,CAM_DROP_PHY,10,4,23869,24805
veh4,23890,,23.8951,0,CAM_DROP_PHY,12,4,23890,24824
veh4,23896,,23.9156,0,CPM_DROP_PHY,3,4,23896,24832
veh4,23934,,23.9513,0,CAM_DROP_PHY,6,4,23934,24865
veh4,23956,,23.9578,0,CAM_DROP_PHY,11,4,23956,24884
veh4,23955,,23.9646,0,CAM_DROP_PHY,7,4,23955,24883
veh4,23970,,23.9721,0,CAM_DROP_PHY,9,4,23970,24904
veh4,23984,,23.9871,0,CAM_DROP_PHY,8,4,23984,24925
veh4,24015,,24.0313,0,CPM_DROP_PHY,6,4,24015,24951
veh4,24034,,24.0513,0,CAM_DROP_PHY,6,4,24034,24964
veh4,24055,,24.0578,0,CAM_DROP_PHY,7,4,24055,24986
veh4,24069,,24.0803,0,CAM_DROP_PHY,10,4,24069,25004
veh4,24079,,24.0871,0,CPM_DROP_PHY,8,4,24079,25011
veh4,24090,,24.0913,0,CAM_DROP_PHY,12,4,24090,25025
veh4,24095,,24.1001,0,CPM_DROP_PHY,2,4,24095,25033
veh4,24099,,24.1086,0,CAM_DROP_PHY,5,4,24099,25041
veh4,24106,,24.1113,0,CPM_DROP_PHY,12,4,24106,25052
veh4,24134,,24.1513,0,CAM_DROP_PHY,6,4,24134,25088
veh4,24156,,24.1696,0,CAM_DROP_PHY,11,4,24156,25106
veh4,24170,,24.1721,0,CAM_DROP_PHY,9,4,24170,25131
veh4,24169,,24.1803,0,CAM_DROP_PHY,10,4,24169,25128
veh4,24184,,24.1871,0,CAM_DROP_PHY,8,4,24184,25151
veh4,24234,,24.2513,0,CAM_DROP_PHY,6,4,24234,25191
veh4,24269,,24.2803,0,CAM_DROP_PHY,10,4,24269,25226
veh4,24284,,24.2871,0,CAM_DROP_PHY,8,4,24284,25238
veh4,24287,24.2876,,0,CAM,4,,24287,-1
veh4,24290,,24.2913,0,CAM_DROP_PHY,12,4,24290,25248
veh4,24333,,24.3378,0,CPM_DROP_PHY,11,4,24333,25295
veh4,24334,,24.3513,0,CAM_DROP_PHY,6,4,24334,25296
veh4,24255,,24.3578,0,CAM_DROP_PHY,7,4,24255,25208
veh4,24356,,24.3696,0,CAM_DROP_PHY,11,4,24356,25321
veh4,24370,,24.3721,0,CAM_DROP_PHY,9,4,24370,25346
veh4,24369,,24.3803,0,CAM_DROP_PHY,10,4,24369,25343
veh4,24384,,24.3871,0,CAM_DROP_PHY,8,4,24384,25366
veh4,24434,,24.4513,0,CAM_DROP_PHY,6,4,24434,25414
veh4,24470,,24.4721,0,CAM_DROP_PHY,9,4,24470,25450
veh4,24469,,24.4803,0,CAM_DROP_PHY,10,4,24469,25449
veh4,24484,,24.4871,0,CAM_DROP_PHY,8,4,24484,25469
veh4,24490,,24.4913,0,CAM_DROP_PHY,12,4,24490,25478
veh4,24496,,24.5156,0,CPM_DROP_PHY,3,4,24496,25488
veh4,24455,,24.5578,0,CAM_DROP_PHY,7,4,24455,25431
veh4,24556,,24.5696,0,CAM_DROP_PHY,11,4,24556,25538
veh4,24570,,24.5721,0,CAM_DROP_PHY,9,4,24570,25560
veh4,24569,,24.5803,0,CAM_DROP_PHY,10,4,24569,25557
veh4,24584,,24.5871,0,CAM_DROP_PHY,8,4,24584,25580
veh4,24634,,24.6513,0,CAM_DROP_PHY,6,4,24634,25621
veh4,24651,,24.6686,0,CPM_DROP_PHY,5,4,24651,25641
veh4,24670,,24.6721,0,CAM_DROP_PHY,9,4,24670,25667
veh4,24669,,24.6803,0,CAM_DROP_PHY,10,4,24669,25666
veh4,24690,,24.6913,0,CAM_DROP_PHY,12,4,24690,25699
veh4,24686,,24.6921,0,CPM_DROP_PHY,9,4,24686,25692
veh4,24723,,24.7363,0,CAM_DROP_PHY,2,4,24723,25734
veh4,24630,,24.7378,0,CPM_DROP_PHY,7,4,24630,25617
veh4,24655,,24.7378,0,CAM_DROP_PHY,7,4,24655,25646
veh4,24756,,24.7578,0,CAM_DROP_PHY,11,4,24756,25759
veh4,24770,,24.7721,0,CAM_DROP_PHY,9,4,24770,25776
veh4,24769,,24.7803,0,CAM_DROP_PHY,10,4,24769,25773
veh4,24763,,24.7816,0,CAM_DROP_PHY,3,4,24763,25767
veh4,24784,,24.7871,0,CAM_DROP_PHY,8,4,24784,25798
veh4,24834,,24.8493,0,CAM_DROP_PHY,6,4,24834,25850
veh4,24855,,24.8578,0,CAM_DROP_PHY,7,4,24855,25867
veh4,24852,,24.8603,0,CPM_DROP_PHY,10,4,24852,25864
veh4,24870,,24.8721,0,CAM_DROP_PHY,9,4,24870,25894
veh4,24869,,24.8803,0,CAM_DROP_PHY,10,4,24869,25893
veh4,24890,,24.8913,0,CAM_DROP_PHY,12,4,24890,25921
veh4,24896,,24.9016,0,CPM_DROP_PHY,3,4,24896,25928
veh4,24956,,24.9763,0,CAM_DROP_PHY,11,4,24956,25974
veh4,24970,,24.9811,0,CAM_DROP_PHY,9,4,24970,25983
veh4,24984,,25.0026,0,CAM_DROP_PHY,8,4,24984,25998
veh4,25015,,25.0293,0,CPM_DROP_PHY,6,4,25015,26026
veh4,25034,,25.0493,0,CAM_DROP_PHY,6,4,25034,26044
veh4,25055,,25.0578,0,CAM_DROP_PHY,7,4,25055,26064
veh4,25069,,25.0803,0,CAM_DROP_PHY,10,4,25069,26085
veh4,25070,,25.0811,0,CAM_DROP_PHY,9,4,25070,26086
veh4,25079,,25.0826,0,CPM_DROP_PHY,8,4,25079,26093
veh4,25090,,25.0913,0,CAM_DROP_PHY,12,4,25090,26113
veh4,25095,,25.0963,0,CPM_DROP_PHY,2,4,25095,26121
veh4,25096,,25.1016,0,CPM_DROP_PHY,3,4,25096,26127
veh4,25106,,25.1113,0,CPM_DROP_PHY,12,4,25106,26151
veh4,25099,,25.1191,0,CAM_DROP_PHY,5,4,25099,26134
veh4,25156,,25.1763,0,CAM_DROP_PHY,11,4,25156,26205
veh4,25170,,25.1811,0,CAM_DROP_PHY,9,4,25170,26214
veh4,25184,,25.2026,0,CAM_DROP_PHY,8,4,25184,26229
veh4,25234,,25.2493,0,CAM_DROP_PHY,6,4,25234,26271
veh4,25255,,25.2563,0,CAM_DROP_PHY,7,4,25255,26288
veh4,25269,,25.2723,0,CAM_DROP_PHY,10,4,25269,26308
veh4,25287,25.2876,,0,CAM,4,,25287,-1
veh4,25290,,25.3068,0,CAM_DROP_PHY,12,4,25290,26329
veh4,25333,,25.3363,0,CPM_DROP_PHY,11,4,25333,26367
veh4,25356,,25.3763,0,CAM_DROP_PHY,11,4,25356,26389
veh4,25370,,25.3811,0,CAM_DROP_PHY,9,4,25370,26397
veh4,25384,,25.4026,0,CAM_DROP_PHY,8,4,25384,26411
veh4,25434,,25.4513,0,CAM_DROP_PHY,6,4,25434,26463
veh4,25455,,25.4563,0,CAM_DROP_PHY,7,4,25455,26478
veh4,25469,,25.4723,0,CAM_DROP_PHY,10,4,25469,26498
veh4,25484,,25.5026,0,CAM_DROP_PHY,8,4,25484,26512
veh4,25490,,25.5068,0,CAM_DROP_PHY,12,4,25490,26519
veh4,25556,,25.5763,0,CAM_DROP_PHY,11,4,25556,26572
veh4,25570,,25.5811,0,CAM_DROP_PHY,9,4,25570,26579
veh4,25584,,25.5988,0,CAM_DROP_PHY,8,4,25584,26593
veh4,25630,,25.6363,0,CPM_DROP_PHY,7,4,25630,26635
veh4,25634,,25.6513,0,CAM_DROP_PHY,6,4,25634,26638
veh4,25655,,25.6563,0,CAM_DROP_PHY,7,4,25655,26661
veh4,25651,,25.6591,0,CPM_DROP_PHY,5,4,25651,26658
veh4,25669,,25.6893,0,CAM_DROP_PHY,10,4,25669,26687
veh4,25684,,25.6988,0,CAM_DROP_PHY,8,4,25684,26702
veh4,25686,,25.7011,0,CPM_DROP_PHY,9,4,25686,26704
veh4,25690,,25.7068,0,CAM_DROP_PHY,12,4,25690,26710
veh4,25723,,25.7363,0,CAM_DROP_PHY,2,4,25723,26752
veh4,25755,,25.7606,0,CAM_DROP_PHY,7,4,25755,26776
veh4,25763,,25.7671,0,CAM_DROP_PHY,3,4,25763,26788
veh4,25756,,25.7763,0,CAM_DROP_PHY,11,4,25756,26779
veh4,25769,,25.7766,0,CAM_DROP_PHY,10,4,25769,26797
veh4,25770,,25.7811,0,CAM_DROP_PHY,9,4,25770,26798
veh4,25784,,25.7988,0,CAM_DROP_PHY,8,4,25784,26821
veh4,25834,,25.8513,0,CAM_DROP_PHY,6,4,25834,26867
veh4,25852,,25.8566,0,CPM_DROP_PHY,10,4,25852,26881
veh4,25855,,25.8606,0,CAM_DROP_PHY,7,4,25855,26884
veh4,25870,,25.8758,0,CAM_DROP_PHY,9,4,25870,26914
veh4,25856,,25.8763,0,CAM_DROP_PHY,11,4,25856,26890
veh4,25869,,25.8766,0,CAM_DROP_PHY,10,4,25869,26913
veh4,25884,,25.8988,0,CAM_DROP_PHY,8,4,25884,26933
veh4,25890,,25.9068,0,CAM_DROP_PHY,12,4,25890,26947
veh4,25896,,25.9071,0,CPM_DROP_PHY,3,4,25896,26952
veh4,25955,,25.9606,0,CAM_DROP_PHY,7,4,25955,27014
veh4,25970,,25.9758,0,CAM_DROP_PHY,9,4,25970,27033
veh4,25956,,25.9763,0,CAM_DROP_PHY,11,4,25956,27018
veh4,25969,,25.9766,0,CAM_DROP_PHY,10,4,25969,27032
veh4,26015,,26.0313,0,CPM_DROP_PHY,6,4,26015,27079
veh4,26034,,26.0513,0,CAM_DROP_PHY,6,4,26034,27092
veh4,26055,,26.0606,0,CAM_DROP_PHY,7,4,26055,27113
veh4,26070,,26.0758,0,CAM_DROP_PHY,9,4,26070,27136
veh4,26056,,26.0763,0,CAM_DROP_PHY,11,4,26056,27117
veh4,26069,,26.0766,0,CAM_DROP_PHY,10,4,26069,27135
veh4,26095,,26.0968,0,CPM_DROP_PHY,2,4,26095,27173
veh4,26079,,26.0988,0,CPM_DROP_PHY,8,4,26079,27150
veh4,26084,,26.0988,0,CAM_DROP_PHY,8,4,26084,27150
veh4,26099,,26.1013,0,CAM_DROP_PHY,5,4,26099,27187
veh4,26090,,26.1068,0,CAM_DROP_PHY,12,4,26090,27170
veh4,26106,,26.1068,0,CPM_DROP_PHY,12,4,26106,27170
veh4,26155,,26.1606,0,CAM_DROP_PHY,7,4,26155,27238
veh4,26170,,26.1758,0,CAM_DROP_PHY,9,4,26170,27258
veh4,26156,,26.1763,0,CAM_DROP_PHY,11,4,26156,27242
veh4,26169,,26.1766,0,CAM_DROP_PHY,10,4,26169,27257
veh4,26234,,26.2471,0,CAM_DROP_PHY,6,4,26234,27322
veh4,26270,,26.2758,0,CAM_DROP_PHY,9,4,26270,27353
veh4,26269,,26.2766,0,CAM_DROP_PHY,10,4,26269,27352
veh4,26256,,26.2838,0,CAM_DROP_PHY,11,4,26256,27342
veh4,26284,,26.2866,0,CAM_DROP_PHY,8,4,26284,27371
veh4,26287,26.2876,,0,CAM,4,,26287,-1
veh4,26290,,26.3068,0,CAM_DROP_PHY,12,4,26290,27391
veh4,26333,,26.3438,0,CPM_DROP_PHY,11,4,26333,27434
veh4,26356,,26.3638,0,CAM_DROP_PHY,11,4,26356,27457
veh4,26355,,26.3726,0,CAM_DROP_PHY,7,4,26355,27454
veh4,26370,,26.3758,0,CAM_DROP_PHY,9,4,26370,27472
veh4,26434,,26.4471,0,CAM_DROP_PHY,6,4,26434,27530
veh4,26469,,26.4716,0,CAM_DROP_PHY,10,4,26469,27559
veh4,26470,,26.4758,0,CAM_DROP_PHY,9,4,26470,27560
veh4,26484,,26.4866,0,CAM_DROP_PHY,8,4,26484,27576
veh4,26490,,26.5068,0,CAM_DROP_PHY,12,4,26490,27589
veh4,26556,,26.5638,0,CAM_DROP_PHY,11,4,26556,27639
veh4,26570,,26.5723,0,CAM_DROP_PHY,9,4,26570,27655
veh4,26555,,26.5726,0,CAM_DROP_PHY,7,4,26555,27638
veh4,26596,,26.6071,0,CPM_DROP_PHY,3,4,26596,27684
veh4,26630,,26.6326,0,CPM_DROP_PHY,7,4,26630,27710
veh4,26634,,26.6471,0,CAM_DROP_PHY,6,4,26634,27716
veh4,26651,,26.6613,0,CPM_DROP_PHY,5,4,26651,27733
veh4,26669,,26.6716,0,CAM_DROP_PHY,10,4,26669,27755
veh4,26670,,26.6723,0,CAM_DROP_PHY,9,4,26670,27756
veh4,26684,,26.6866,0,CAM_DROP_PHY,8,4,26684,27777
veh4,26686,,26.6923,0,CPM_DROP_PHY,9,4,26686,27779
veh4,26690,,26.6971,0,CAM_DROP_PHY,12,4,26690,27787
veh4,26696,,26.7071,0,CPM_DROP_PHY,3,4,26696,27799
veh4,26723,,26.7291,0,CAM_DROP_PHY,2,4,26723,27834
veh4,26756,,26.7638,0,CAM_DROP_PHY,11,4,26756,27861
veh4,26755,,26.7726,0,CAM_DROP_PHY,7,4,26755,27860
veh4,26763,,26.7836,0,CAM_DROP_PHY,3,4,26763,27869
veh4,26834,,26.8406,0,CAM_DROP_PHY,6,4,26834,27928
veh4,26870,,26.8723,0,CAM_DROP_PHY,9,4,26870,27956
veh4,26852,,26.8838,0,CPM_DROP_PHY,10,4,26852,27945
veh4,26869,,26.8838,0,CAM_DROP_PHY,10,4,26869,27945
veh4,26884,,26.8866,0,CAM_DROP_PHY,8,4,26884,27978
veh4,26890,,26.8971,0,CAM_DROP_PHY,12,4,26890,27985
veh4,26896,,26.9036,0,CPM_DROP_PHY,3,4,26896,27992
veh4,26956,,26.9723,0,CAM_DROP_PHY,11,4,26956,28053
veh4,26955,,26.9726,0,CAM_DROP_PHY,7,4,26955,28052
veh4,26984,,26.9866,0,CAM_DROP_PHY,8,4,26984,28079
veh4,26990,,26.9971,0,CAM_DROP_PHY,12,4,26990,28089
veh4,27015,,27.0206,0,CPM_DROP_PHY,6,4,27015,28117
veh4,27034,,27.0406,0,CAM_DROP_PHY,6,4,27034,28135
veh4,27070,,27.0723,0,CAM_DROP_PHY,9,4,27070,28163
veh4,27079,,27.0866,0,CPM_DROP_PHY,8,4,27079,28176
veh4,27084,,27.0866,0,CAM_DROP_PHY,8,4,27084,28176
veh4,27069,,27.0886,0,CAM_DROP_PHY,10,4,27069,28162
veh4,27090,,27.0971,0,CAM_DROP_PHY,12,4,27090,28188
veh4,27095,,27.1091,0,CPM_DROP_PHY,2,4,27095,28197
veh4,27099,,27.1118,0,CAM_DROP_PHY,5,4,27099,28207
veh4,27106,,27.1171,0,CPM_DROP_PHY,12,4,27106,28216
veh4,27156,,27.1723,0,CAM_DROP_PHY,11,4,27156,28268
veh4,27155,,27.1726,0,CAM_DROP_PHY,7,4,27155,28267
veh4,27170,,27.1726,0,CAM_DROP_PHY,9,4,27170,28277
veh4,27184,,27.1866,0,CAM_DROP_PHY,8,4,27184,28302
veh4,27169,,27.1886,0,CAM_DROP_PHY,10,4,27169,28276
veh4,27190,,27.1971,0,CAM_DROP_PHY,12,4,27190,28315
veh4,27234,,27.2406,0,CAM_DROP_PHY,6,4,27234,28359
veh4,27270,,27.2726,0,CAM_DROP_PHY,9,4,27270,28386
veh4,27284,,27.2866,0,CAM_DROP_PHY,8,4,27284,28401
veh4,27287,27.2876,,0,CAM,4,,27287,-1
veh4,27269,,27.2886,0,CAM_DROP_PHY,10,4,27269,28385
veh4,27290,,27.2971,0,CAM_DROP_PHY,12,4,27290,28411
veh4,27333,,27.3523,0,CPM_DROP_PHY,11,4,27333,28462
veh4,27356,,27.3723,0,CAM_DROP_PHY,11,4,27356,28478
veh4,27355,,27.3726,0,CAM_DROP_PHY,7,4,27355,28477
veh4,27370,,27.3726,0,CAM_DROP_PHY,9,4,27370,28491
veh4,27369,,27.3886,0,CAM_DROP_PHY,10,4,27369,28489
veh4,27384,,27.3891,0,CAM_DROP_PHY,8,4,27384,28516
veh4,27390,,27.3971,0,CAM_DROP_PHY,12,4,27390,28529
veh4,27434,,27.4406,0,CAM_DROP_PHY,6,4,27434,28581
veh4,27456,,27.4723,0,CAM_DROP_PHY,11,4,27456,28600
veh4,27470,,27.4726,0,CAM_DROP_PHY,9,4,27470,28609
veh4,27469,,27.4886,0,CAM_DROP_PHY,10,4,27469,28608
veh4,27484,,27.4891,0,CAM_DROP_PHY,8,4,27484,28631
veh4,27490,,27.4971,0,CAM_DROP_PHY,12,4,27490,28640
veh4,27556,,27.5723,0,CAM_DROP_PHY,11,4,27556,28704
veh4,27555,,27.5726,0,CAM_DROP_PHY,7,4,27555,28703
veh4,27570,,27.5726,0,CAM_DROP_PHY,9,4,27570,28713
veh4,27569,,27.5886,0,CAM_DROP_PHY,10,4,27569,28712
veh4,27590,,27.5971,0,CAM_DROP_PHY,12,4,27590,28748
veh4,27630,,27.6371,0,CPM_DROP_PHY,7,4,27630,28783
veh4,27634,,27.6406,0,CAM_DROP_PHY,6,4,27634,28787
veh4,27651,,27.6518,0,CPM_DROP_PHY,5,4,27651,28809
veh4,27656,,27.6723,0,CAM_DROP_PHY,11,4,27656,28817
veh4,27670,,27.6726,0,CAM_DROP_PHY,9,4,27670,28829
veh4,27684,,27.6891,0,CAM_DROP_PHY,8,4,27684,28852
veh4,27686,,27.6926,0,CPM_DROP_PHY,9,4,27686,28854
veh4,27690,,27.6971,0,CAM_DROP_PHY,12,4,27690,28860
veh4,27723,,27.7403,0,CAM_DROP_PHY,2,4,27723,28900
veh4,27755,,27.7571,0,CAM_DROP_PHY,7,4,27755,28925
veh4,27756,,27.7723,0,CAM_DROP_PHY,11,4,27756,28926
veh4,27763,,27.7821,0,CAM_DROP_PHY,3,4,27763,28939
veh4,27769,,27.7886,0,CAM_DROP_PHY,10,4,27769,28943
veh4,27834,,27.8406,0,CAM_DROP_PHY,6,4,27834,29001
veh4,27852,,27.8686,0,CPM_DROP_PHY,10,4,27852,29018
veh4,27856,,27.8723,0,CAM_DROP_PHY,11,4,27856,29021
veh4,27870,,27.8726,0,CAM_DROP_PHY,9,4,27870,29032
veh4,27884,,27.8891,0,CAM_DROP_PHY,8,4,27884,29058
veh4,27896,,27.9021,0,CPM_DROP_PHY,3,4,27896,29074
veh4,27890,,27.9051,0,CAM_DROP_PHY,12,4,27890,29066
veh4,27955,,27.9571,0,CAM_DROP_PHY,7,4,27955,29123
veh4,27969,,27.9886,0,CAM_DROP_PHY,10,4,27969,29139
veh4,28015,,28.0188,0,CPM_DROP_PHY,6,4,28015,29173
veh4,28034,,28.0388,0,CAM_DROP_PHY,6,4,28034,29197
veh4,28056,,28.0723,0,CAM_DROP_PHY,11,4,28056,29219
veh4,28070,,28.0726,0,CAM_DROP_PHY,9,4,28070,29227
veh4,28079,,28.0891,0,CPM_DROP_PHY,8,4,28079,29243
veh4,28084,,28.0891,0,CAM_DROP_PHY,8,4,28084,29243
veh4,28095,,28.0966,0,CPM_DROP_PHY,2,4,28095,29265
veh4,28090,,28.1051,0,CAM_DROP_PHY,12,4,28090,29257
veh4,28099,,28.1148,0,CAM_DROP_PHY,5,4,28099,29273
veh4,28106,,28.1251,0,CPM_DROP_PHY,12,4,28106,29279
veh4,28155,,28.1571,0,CAM_DROP_PHY,7,4,28155,29330
veh4,28169,,28.1838,0,CAM_DROP_PHY,10,4,28169,29346
veh4,28234,,28.2388,0,CAM_DROP_PHY,6,4,28234,29389
veh4,28256,,28.2728,0,CAM_DROP_PHY,11,4,28256,29410
veh4,28287,28.2876,,0,CAM,4,,28287,-1
veh4,28284,,28.2891,0,CAM_DROP_PHY,8,4,28284,29435
veh4,28270,,28.2901,0,CAM_DROP_PHY,9,4,28270,29419
veh4,28290,,28.3051,0,CAM_DROP_PHY,12,4,28290,29444
veh4,28333,,28.3528,0,CPM_DROP_PHY,11,4,28333,29492
veh4,28355,,28.3571,0,CAM_DROP_PHY,7,4,28355,29508
veh4,28369,,28.3838,0,CAM_DROP_PHY,10,4,28369,29528
veh4,28434,,28.4388,0,CAM_DROP_PHY,6,4,28434,29579
veh4,28456,,28.4728,0,CAM_DROP_PHY,11,4,28456,29600
veh4,28469,,28.4838,0,CAM_DROP_PHY,10,4,28469,29608
veh4,28470,,28.4901,0,CAM_DROP_PHY,9,4,28470,29610
veh4,28484,,28.5011,0,CAM_DROP_PHY,8,4,28484,29629
veh4,28490,,28.5051,0,CAM_DROP_PHY,12,4,28490,29634
veh4,28555,,28.5571,0,CAM_DROP_PHY,7,4,28555,29694
veh4,28569,,28.5838,0,CAM_DROP_PHY,10,4,28569,29710
veh4,28590,,28.6028,0,CAM_DROP_PHY,12,4,28590,29725
veh4,28630,,28.6371,0,CPM_DROP_PHY,7,4,28630,29768
veh4,28634,,28.6411,0,CAM_DROP_PHY,6,4,28634,29770
veh4,28651,,28.6548,0,CPM_DROP_PHY,5,4,28651,29794
veh4,28656,,28.6728,0,CAM_DROP_PHY,11,4,28656,29801
veh4,28669,,28.6838,0,CAM_DROP_PHY,10,4,28669,29813
veh4,28670,,28.6901,0,CAM_DROP_PHY,9,4,28670,29816
veh4,28686,,28.6901,0,CPM_DROP_PHY,9,4,28686,29816
veh4,28684,,28.7011,0,CAM_DROP_PHY,8,4,28684,29836
veh4,28696,,28.7021,0,CPM_DROP_PHY,3,4,28696,29849
veh4,28690,,28.7028,0,CAM_DROP_PHY,12,4,28690,29842
veh4,28723,,28.7366,0,CAM_DROP_PHY,2,4,28723,29895
veh4,28755,,28.7663,0,CAM_DROP_PHY,7,4,28755,29918
veh4,28756,,28.7728,0,CAM_DROP_PHY,11,4,28756,29920
veh4,28763,,28.7821,0,CAM_DROP_PHY,3,4,28763,29927
veh4,28769,,28.7838,0,CAM_DROP_PHY,10,4,28769,29933
veh4,28770,,28.7901,0,CAM_DROP_PHY,9,4,28770,29937
veh4,28790,,28.8028,0,CAM_DROP_PHY,12,4,28790,29965
veh4,28834,,28.8411,0,CAM_DROP_PHY,6,4,28834,30009
veh4,28856,,28.8728,0,CAM_DROP_PHY,11,4,28856,30031
veh4,28852,,28.8756,0,CPM_DROP_PHY,10,4,28852,30026
veh4,28870,,28.8901,0,CAM_DROP_PHY,9,4,28870,30042
veh4,28884,,28.9011,0,CAM_DROP_PHY,8,4,28884,30064
veh4,28896,,28.9023,0,CPM_DROP_PHY,3,4,28896,30073
veh4,28890,,28.9028,0,CAM_DROP_PHY,12,4,28890,30069
veh4,28955,,28.9663,0,CAM_DROP_PHY,7,4,28955,30133
veh4,28956,,28.9728,0,CAM_DROP_PHY,11,4,28956,30134
veh4,28969,,28.9838,0,CAM_DROP_PHY,10,4,28969,30146
veh4,28970,,28.9901,0,CAM_DROP_PHY,9,4,28970,30150
veh4,28990,,29.0028,0,CAM_DROP_PHY,12,4,28990,30174
veh4,29015,,29.0211,0,CPM_DROP_PHY,6,4,29015,30205
veh4,29034,,29.0411,0,CAM_DROP_PHY,6,4,29034,30223
veh4,29056,,29.0648,0,CAM_DROP_PHY,11,4,29056,30245
veh4,29079,,29.0811,0,CPM_DROP_PHY,8,4,29079,30262
veh4,29070,,29.0901,0,CAM_DROP_PHY,9,4,29070,30257
veh4,29084,,29.1011,0,CAM_DROP_PHY,8,4,29084,30274
veh4,29090,,29.1028,0,CAM_DROP_PHY,12,4,29090,30284
veh4,29099,,29.1148,0,CAM_DROP_PHY,5,4,29099,30289
veh4,29095,,29.1153,0,CPM_DROP_PHY,2,4,29095,30288
veh4,29106,,29.1228,0,CPM_DROP_PHY,12,4,29106,30309
veh4,29156,,29.1648,0,CAM_DROP_PHY,11,4,29156,30373
veh4,29155,,29.1663,0,CAM_DROP_PHY,7,4,29155,30372
veh4,29169,,29.1838,0,CAM_DROP_PHY,10,4,29169,30388
veh4,29170,,29.1901,0,CAM_DROP_PHY,9,4,29170,30392
veh4,29234,,29.2411,0,CAM_DROP_PHY,6,4,29234,30447
veh4,29256,,29.2648,0,CAM_DROP_PHY,11,4,29256,30467
veh4,29287,29.2876,,0,CAM,4,,29287,-1
veh4,29284,,29.3011,0,CAM_DROP_PHY,8,4,29284,30491
veh4,29290,,29.3028,0,CAM_DROP_PHY,12,4,29290,30500
veh4,29333,,29.3448,0,CPM_DROP_PHY,11,4,29333,30542
veh4,29355,,29.3663,0,CAM_DROP_PHY,7,4,29355,30559
veh4,29369,,29.3806,0,CAM_DROP_PHY,10,4,29369,30576
veh4,29370,,29.3891,0,CAM_DROP_PHY,9,4,29370,30579
veh4,29434,,29.4411,0,CAM_DROP_PHY,6,4,29434,30637
veh4,29456,,29.4648,0,CAM_DROP_PHY,11,4,29456,30657
veh4,29490,,29.5011,0,CAM_DROP_PHY,12,4,29490,30686
veh4,29484,,29.5011,0,CAM_DROP_PHY,8,4,29484,30681
veh4,29555,,29.5698,0,CAM_DROP_PHY,7,4,29555,30736
veh4,29569,,29.5806,0,CAM_DROP_PHY,10,4,29569,30745
veh4,29570,,29.5891,0,CAM_DROP_PHY,9,4,29570,30749
veh4,29634,,29.6411,0,CAM_DROP_PHY,6,4,29634,30804
veh4,29630,,29.6498,0,CPM_DROP_PHY,7,4,29630,30802
veh4,29651,,29.6531,0,CPM_DROP_PHY,5,4,29651,30824
veh4,29656,,29.6648,0,CAM_DROP_PHY,11,4,29656,30835
veh4,29686,,29.6891,0,CPM_DROP_PHY,9,4,29686,30865
veh4,29684,,29.6963,0,CAM_DROP_PHY,8,4,29684,30863
veh4,29690,,29.7011,0,CAM_DROP_PHY,12,4,29690,30871
veh4,29723,,29.7353,0,CAM_DROP_PHY,2,4,29723,30913
veh4,29755,,29.7698,0,CAM_DROP_PHY,7,4,29755,30942
veh4,29769,,29.7806,0,CAM_DROP_PHY,10,4,29769,30952
veh4,29763,,29.7823,0,CAM_DROP_PHY,3,4,29763,30947
veh4,29770,,29.7891,0,CAM_DROP_PHY,9,4,29770,30956
veh4,29834,,29.8461,0,CAM_DROP_PHY,6,4,29834,31017
veh4,29852,,29.8606,0,CPM_DROP_PHY,10,4,29852,31032
veh4,29856,,29.8648,0,CAM_DROP_PHY,11,4,29856,31039
veh4,29869,,29.8806,0,CAM_DROP_PHY,10,4,29869,31052
veh4,29884,,29.8963,0,CAM_DROP_PHY,8,4,29884,31071
veh4,29890,,29.9011,0,CAM_DROP_PHY,12,4,29890,31079
veh4,29896,,29.9023,0,CPM_DROP_PHY,3,4,29896,31088
veh4,29956,,29.9646,0,CAM_DROP_PHY,11,4,29956,31142
veh4,29955,,29.9698,0,CAM_DROP_PHY,7,4,29955,31140
veh4,29969,,29.9806,0,CAM_DROP_PHY,10,4,29969,31154
veh4,29970,,29.9891,0,CAM_DROP_PHY,9,4,29970,31158
veh4,30015,,30.0261,0,CPM_DROP_PHY,6,4,30015,31205
veh4,30034,,30.0461,0,CAM_DROP_PHY,6,4,30034,31224
veh4,30056,,30.0646,0,CAM_DROP_PHY,11,4,30056,31244
veh4,30069,,30.0818,0,CAM_DROP_PHY,10,4,30069,31256
veh4,30079,,30.0963,0,CPM_DROP_PHY,8,4,30079,31264
veh4,30084,,30.0963,0,CAM_DROP_PHY,8,4,30084,31264
veh4,30090,,30.1011,0,CAM_DROP_PHY,12,4,30090,31283
veh4,30095,,30.1063,0,CPM_DROP_PHY,2,4,30095,31284
veh4,30099,,30.1103,0,CAM_DROP_PHY,5,4,30099,31289
veh4,30106,,30.1211,0,CPM_DROP_PHY,12,4,30106,31303
veh4,30155,,30.1563,0,CAM_DROP_PHY,7,4,30155,31355
veh4,30156,,30.1646,0,CAM_DROP_PHY,11,4,30156,31361
veh4,30169,,30.1818,0,CAM_DROP_PHY,10,4,30169,31376
veh4,30170,,30.1891,0,CAM_DROP_PHY,9,4,30170,31378
veh4,30190,,30.2011,0,CAM_DROP_PHY,12,4,30190,31404
veh4,30234,,30.2361,0,CAM_DROP_PHY,6,4,30234,31447
veh4,30256,,30.2646,0,CAM_DROP_PHY,11,4,30256,31469
veh4,30269,,30.2818,0,CAM_DROP_PHY,10,4,30269,31479
veh4,30287,30.2876,,0,CAM,4,,30287,-1
veh4,30284,,30.2963,0,CAM_DROP_PHY,8,4,30284,31495
veh4,30296,,30.2988,0,CPM_DROP_PHY,3,4,30296,31515
veh4,30290,,30.3011,0,CAM_DROP_PHY,12,4,30290,31508
veh4,30333,,30.3446,0,CPM_DROP_PHY,11,4,30333,31558
veh4,30356,,30.3646,0,CAM_DROP_PHY,11,4,30356,31581
veh4,30355,,30.3671,0,CAM_DROP_PHY,7,4,30355,31574
veh4,30369,,30.3818,0,CAM_DROP_PHY,10,4,30369,31598
veh4,30370,,30.3881,0,CAM_DROP_PHY,9,4,30370,31600
veh4,30390,,30.4011,0,CAM_DROP_PHY,12,4,30390,31627
veh4,30434,,30.4361,0,CAM_DROP_PHY,6,4,30434,31669
veh4,30456,,30.4646,0,CAM_DROP_PHY,11,4,30456,31691
veh4,30484,,30.4963,0,CAM_DROP_PHY,8,4,30484,31713
veh4,30490,,30.5011,0,CAM_DROP_PHY,12,4,30490,31719
veh4,30555,,30.5563,0,CAM_DROP_PHY,7,4,30555,31776
veh4,30569,,30.5818,0,CAM_DROP_PHY,10,4,30569,31792
veh4,30570,,30.5881,0,CAM_DROP_PHY,9,4,30570,31794
veh4,30596,,30.5988,0,CPM_DROP_PHY,3,4,30596,31823
veh4,30634,,30.6361,0,CAM_DROP_PHY,6,4,30634,31852
veh4,30630,,30.6363,0,CPM_DROP_PHY,7,4,30630,31850
veh4,30656,,30.6646,0,CAM_DROP_PHY,11,4,30656,31882
veh4,30651,,30.6703,0,CPM_DROP_PHY,5,4,30651,31878
veh4,30686,,30.6881,0,CPM_DROP_PHY,9,4,30686,31913
veh4,30684,,30.6963,0,CAM_DROP_PHY,8,4,30684,31910
veh4,30690,,30.7011,0,CAM_DROP_PHY,12,4,30690,31921
veh4,30723,,30.7263,0,CAM_DROP_PHY,2,4,30723,31957
veh4,30755,,30.7706,0,CAM_DROP_PHY,7,4,30755,31984
veh4,30763,,30.7788,0,CAM_DROP_PHY,3,4,30763,31988
veh4,30769,,30.7818,0,CAM_DROP_PHY,10,4,30769,31992
veh4,30770,,30.7881,0,CAM_DROP_PHY,9,4,30770,31995
veh4,30834,,30.8361,0,CAM_DROP_PHY,6,4,30834,32059
veh4,30852,,30.8618,0,CPM_DROP_PHY,10,4,30852,32078
veh4,30856,,30.8646,0,CAM_DROP_PHY,11,4,30856,32081
veh4,30884,,30.8963,0,CAM_DROP_PHY,8,4,30884,32110
veh4,30896,,30.8988,0,CPM_DROP_PHY,3,4,30896,32122
veh4,30890,,30.9111,0,CAM_DROP_PHY,12,4,30890,32117
veh4,30955,,30.9706,0,CAM_DROP_PHY,7,4,30955,32174
veh4,30969,,30.9818,0,CAM_DROP_PHY,10,4,30969,32181
veh4,30970,,30.9881,0,CAM_DROP_PHY,9,4,30970,32184
veh4,31015,,31.0361,0,CPM_DROP_PHY,6,4,31015,32240
veh4,31034,,31.0361,0,CAM_DROP_PHY,6,4,31034,32240
veh4,31056,,31.0601,0,CAM_DROP_PHY,11,4,31056,32271
veh4,31079,,31.0961,0,CPM_DROP_PHY,8,4,31079,32291
veh4,31084,,31.0961,0,CAM_DROP_PHY,8,4,31084,32291
veh4,31095,,31.1063,0,CPM_DROP_PHY,2,4,31095,32302
veh4,31099,,31.1103,0,CAM_DROP_PHY,5,4,31099,32308
veh4,31090,,31.1248,0,CAM_DROP_PHY,12,4,31090,32301
veh4,31106,,31.1248,0,CPM_DROP_PHY,12,4,31106,32301
veh4,31155,,31.1706,0,CAM_DROP_PHY,7,4,31155,32368
veh4,31169,,31.1818,0,CAM_DROP_PHY,10,4,31169,32374
veh4,31170,,31.1878,0,CAM_DROP_PHY,9,4,31170,32377
veh4,31234,,31.2361,0,CAM_DROP_PHY,6,4,31234,32435
veh4,31256,,31.2601,0,CAM_DROP_PHY,11,4,31256,32456
veh4,31287,31.2876,,0,CAM,4,,31287,-1
veh4,31284,,31.2961,0,CAM_DROP_PHY,8,4,31284,32477
veh4,31290,,31.3111,0,CAM_DROP_PHY,12,4,31290,32489
veh4,31333,,31.3401,0,CPM_DROP_PHY,11,4,31333,32539
veh4,31355,,31.3706,0,CAM_DROP_PHY,7,4,31355,32558
veh4,31369,,31.3711,0,CAM_DROP_PHY,10,4,31369,32564
veh4,31370,,31.3878,0,CAM_DROP_PHY,9,4,31370,32567
veh4,31390,,31.4111,0,CAM_DROP_PHY,12,4,31390,32599
veh4,31434,,31.4538,0,CAM_DROP_PHY,6,4,31434,32642
veh4,31456,,31.4601,0,CAM_DROP_PHY,11,4,31456,32658
veh4,31484,,31.4961,0,CAM_DROP_PHY,8,4,31484,32684
veh4,31490,,31.5111,0,CAM_DROP_PHY,12,4,31490,32691
veh4,31556,,31.5601,0,CAM_DROP_PHY,11,4,31556,32742
veh4,31555,,31.5706,0,CAM_DROP_PHY,7,4,31555,32741
veh4,31569,,31.5711,0,CAM_DROP_PHY,10,4,31569,32751
veh4,31570,,31.5878,0,CAM_DROP_PHY,9,4,31570,32754
veh4,31590,,31.5918,0,CAM_DROP_PHY,12,4,31590,32788
veh4,31630,,31.6306,0,CPM_DROP_PHY,7,4,31630,32820
veh4,31634,,31.6538,0,CAM_DROP_PHY,6,4,31634,32828
veh4,31656,,31.6601,0,CAM_DROP_PHY,11,4,31656,32850
veh4,31651,,31.6701,0,CPM_DROP_PHY,5,4,31651,32842
veh4,31686,,31.6878,0,CPM_DROP_PHY,9,4,31686,32884
veh4,31690,,31.6918,0,CAM_DROP_PHY,12,4,31690,32892
veh4,31684,,31.6961,0,CAM_DROP_PHY,8,4,31684,32882
veh4,31723,,31.7386,0,CAM_DROP_PHY,2,4,31723,32929
veh4,31756,,31.7601,0,CAM_DROP_PHY,11,4,31756,32957
veh4,31755,,31.7706,0,CAM_DROP_PHY,7,4,31755,32955
veh4,31769,,31.7711,0,CAM_DROP_PHY,10,4,31769,32967
veh4,31763,,31.7838,0,CAM_DROP_PHY,3,4,31763,32964
veh4,31770,,31.7878,0,CAM_DROP_PHY,9,4,31770,32969
veh4,31790,,31.7918,0,CAM_DROP_PHY,12,4,31790,33006
veh4,31834,,31.8538,0,CAM_DROP_PHY,6,4,31834,33054
veh4,31856,,31.8623,0,CAM_DROP_PHY,11,4,31856,33072
veh4,31852,,31.8711,0,CPM_DROP_PHY,10,4,31852,33065
veh4,31884,,31.8961,0,CAM_DROP_PHY,8,4,31884,33104
veh4,31896,,31.9038,0,CPM_DROP_PHY,3,4,31896,33116
veh4,31956,,31.9623,0,CAM_DROP_PHY,11,4,31956,33163
veh4,31955,,31.9706,0,CAM_DROP_PHY,7,4,31955,33162
veh4,31969,,31.9711,0,CAM_DROP_PHY,10,4,31969,33172
veh4,31970,,31.9878,0,CAM_DROP_PHY,9,4,31970,33174
veh4,31990,,31.9918,0,CAM_DROP_PHY,12,4,31990,33208
veh4,31996,,32.0038,0,CPM_DROP_PHY,3,4,31996,33219
veh4,32015,,32.0338,0,CPM_DROP_PHY,6,4,32015,33240
veh4,32034,,32.0538,0,CAM_DROP_PHY,6,4,32034,33255
veh4,32056,,32.0623,0,CAM_DROP_PHY,11,4,32056,33277
veh4,32079,,32.0961,0,CPM_DROP_PHY,8,4,32079,33301
veh4,32084,,32.0961,0,CAM_DROP_PHY,8,4,32084,33301
veh4,32095,,32.0986,0,CPM_DROP_PHY,2,4,32095,33311
veh4,32099,,32.1081,0,CAM_DROP_PHY,5,4,32099,33319
veh4,32106,,32.1118,0,CPM_DROP_PHY,12,4,32106,33326
veh4,32155,,32.1666,0,CAM_DROP_PHY,7,4,32155,33385
veh4,32169,,32.1711,0,CAM_DROP_PHY,10,4,32169,33394
veh4,32170,,32.1873,0,CAM_DROP_PHY,9,4,32170,33396
veh4,32190,,32.1918,0,CAM_DROP_PHY,12,4,32190,33423
veh4,32196,,32.2038,0,CPM_DROP_PHY,3,4,32196,33432
veh4,32234,,32.2538,0,CAM_DROP_PHY,6,4,32234,33467
veh4,32256,,32.2623,0,CAM_DROP_PHY,11,4,32256,33484
veh4,32287,32.2876,,0,CAM,4,,32287,-1
veh4,32284,,32.2953,0,CAM_DROP_PHY,8,4,32284,33510
veh4,32333,,32.3423,0,CPM_DROP_PHY,11,4,32333,33554
veh4,32355,,32.3666,0,CAM_DROP_PHY,7,4,32355,33575
veh4,32369,,32.3711,0,CAM_DROP_PHY,10,4,32369,33584
veh4,32370,,32.3873,0,CAM_DROP_PHY,9,4,32370,33586
veh4,32390,,32.3918,0,CAM_DROP_PHY,12,4,32390,33613
veh4,32434,,32.4533,0,CAM_DROP_PHY,6,4,32434,33657
veh4,32456,,32.4581,0,CAM_DROP_PHY,11,4,32456,33674
veh4,32484,,32.4953,0,CAM_DROP_PHY,8,4,32484,33700
veh4,32555,,32.5666,0,CAM_DROP_PHY,7,4,32555,33749
veh4,32570,,32.5873,0,CAM_DROP_PHY,9,4,32570,33761
veh4,32569,,32.5891,0,CAM_DROP_PHY,10,4,32569,33759
veh4,32590,,32.5918,0,CAM_DROP_PHY,12,4,32590,33782
veh4,32630,,32.6466,0,CPM_DROP_PHY,7,4,32630,33821
veh4,32634,,32.6533,0,CAM_DROP_PHY,6,4,32634,33825
veh4,32656,,32.6581,0,CAM_DROP_PHY,11,4,32656,33846
veh4,32651,,32.6681,0,CPM_DROP_PHY,5,4,32651,33837
veh4,32686,,32.6873,0,CPM_DROP_PHY,9,4,32686,33883
veh4,32684,,32.6953,0,CAM_DROP_PHY,8,4,32684,33882
veh4,32723,,32.7386,0,CAM_DROP_PHY,2,4,32723,33920
veh4,32755,,32.7666,0,CAM_DROP_PHY,7,4,32755,33947
veh4,32763,,32.7836,0,CAM_DROP_PHY,3,4,32763,33951
veh4,32770,,32.7873,0,CAM_DROP_PHY,9,4,32770,33960
veh4,32769,,32.7891,0,CAM_DROP_PHY,10,4,32769,33958
veh4,32790,,32.7918,0,CAM_DROP_PHY,12,4,32790,33985
veh4,32834,,32.8533,0,CAM_DROP_PHY,6,4,32834,34030
veh4,32856,,32.8581,0,CAM_DROP_PHY,11,4,32856,34047
veh4,32852,,32.8691,0,CPM_DROP_PHY,10,4,32852,34040
veh4,32890,,32.8928,0,CAM_DROP_PHY,12,4,32890,34085
veh4,32884,,32.8953,0,CAM_DROP_PHY,8,4,32884,34077
veh4,32896,,32.9036,0,CPM_DROP_PHY,3,4,32896,34095
veh4,32955,,32.9666,0,CAM_DROP_PHY,7,4,32955,34153
veh4,32970,,32.9873,0,CAM_DROP_PHY,9,4,32970,34165
veh4,32969,,32.9891,0,CAM_DROP_PHY,10,4,32969,34163
veh4,32990,,32.9928,0,CAM_DROP_PHY,12,4,32990,34186
veh4,33015,,33.0333,0,CPM_DROP_PHY,6,4,33015,34218
veh4,33034,,33.0533,0,CAM_DROP_PHY,6,4,33034,34231
veh4,33056,,33.0581,0,CAM_DROP_PHY,11,4,33056,34252
veh4,33090,,33.0928,0,CAM_DROP_PHY,12,4,33090,34284
veh4,33079,,33.0953,0,CPM_DROP_PHY,8,4,33079,34277
veh4,33084,,33.0953,0,CAM_DROP_PHY,8,4,33084,34277
veh4,33095,,33.0998,0,CPM_DROP_PHY,2,4,33095,34294
veh4,33099,,33.1033,0,CAM_DROP_PHY,5,4,33099,34300
veh4,33106,,33.1128,0,CPM_DROP_PHY,12,4,33106,34315
veh4,33155,,33.1653,0,CAM_DROP_PHY,7,4,33155,34360
veh4,33169,,33.1706,0,CAM_DROP_PHY,10,4,33169,34370
veh4,33170,,33.1871,0,CAM_DROP_PHY,9,4,33170,34372
veh4,33190,,33.1928,0,CAM_DROP_PHY,12,4,33190,34397
veh4,33234,,33.2533,0,CAM_DROP_PHY,6,4,33234,34443
veh4,33256,,33.2581,0,CAM_DROP_PHY,11,4,33256,34459
veh4,33287,33.2876,,0,CAM,4,,33287,-1
veh4,33290,,33.2928,0,CAM_DROP_PHY,12,4,33290,34491
veh4,33284,,33.2953,0,CAM_DROP_PHY,8,4,33284,34486
veh4,33333,,33.3381,0,CPM_DROP_PHY,11,4,33333,34546
veh4,33355,,33.3653,0,CAM_DROP_PHY,7,4,33355,34566
veh4,33369,,33.3706,0,CAM_DROP_PHY,10,4,33369,34577
veh4,33370,,33.3871,0,CAM_DROP_PHY,9,4,33370,34579
veh4,33390,,33.3928,0,CAM_DROP_PHY,12,4,33390,34604
veh4,33434,,33.4533,0,CAM_DROP_PHY,6,4,33434,34649
veh4,33456,,33.4581,0,CAM_DROP_PHY,11,4,33456,34665
veh4,33484,,33.4953,0,CAM_DROP_PHY,8,4,33484,34692
veh4,33496,,33.5036,0,CPM_DROP_PHY,3,4,33496,34702
veh4,33555,,33.5653,0,CAM_DROP_PHY,7,4,33555,34748
veh4,33569,,33.5706,0,CAM_DROP_PHY,10,4,33569,34760
veh4,33570,,33.5871,0,CAM_DROP_PHY,9,4,33570,34762
veh4,33590,,33.6073,0,CAM_DROP_PHY,12,4,33590,34787
veh4,33630,,33.6453,0,CPM_DROP_PHY,7,4,33630,34821
veh4,33634,,33.6533,0,CAM_DROP_PHY,6,4,33634,34825
veh4,33651,,33.6633,0,CPM_DROP_PHY,5,4,33651,34840
veh4,33656,,33.6708,0,CAM_DROP_PHY,11,4,33656,34848
veh4,33686,,33.6871,0,CPM_DROP_PHY,9,4,33686,34883
veh4,33684,,33.7078,0,CAM_DROP_PHY,8,4,33684,34879
veh4,33723,,33.7398,0,CAM_DROP_PHY,2,4,33723,34920
veh4,33755,,33.7653,0,CAM_DROP_PHY,7,4,33755,34947
veh4,33763,,33.7801,0,CAM_DROP_PHY,3,4,33763,34952
veh4,33769,,33.7831,0,CAM_DROP_PHY,10,4,33769,34960
veh4,33770,,33.7871,0,CAM_DROP_PHY,9,4,33770,34962
veh4,33790,,33.8073,0,CAM_DROP_PHY,12,4,33790,34991
veh4,33834,,33.8533,0,CAM_DROP_PHY,6,4,33834,35031
veh4,33852,,33.8631,0,CPM_DROP_PHY,10,4,33852,35042
veh4,33856,,33.8708,0,CAM_DROP_PHY,11,4,33856,35047
veh4,33884,,33.8921,0,CAM_DROP_PHY,8,4,33884,35078
veh4,33896,,33.9001,0,CPM_DROP_PHY,3,4,33896,35091
veh4,33955,,33.9653,0,CAM_DROP_PHY,7,4,33955,35136
veh4,33969,,33.9831,0,CAM_DROP_PHY,10,4,33969,35148
veh4,33970,,33.9871,0,CAM_DROP_PHY,9,4,33970,35150
veh4,33990,,34.0073,0,CAM_DROP_PHY,12,4,33990,35172
veh4,34015,,34.0163,0,CPM_DROP_PHY,6,4,34015,35197
veh4,34034,,34.0363,0,CAM_DROP_PHY,6,4,34034,35221
veh4,34056,,34.0708,0,CAM_DROP_PHY,11,4,34056,35241
veh4,34079,,34.0921,0,CPM_DROP_PHY,8,4,34079,35255
veh4,34084,,34.0921,0,CAM_DROP_PHY,8,4,34084,35255
veh4,34099,,34.1033,0,CAM_DROP_PHY,5,4,34099,35278
veh4,34106,,34.1073,0,CPM_DROP_PHY,12,4,34106,35289
veh4,34095,,34.1121,0,CPM_DROP_PHY,2,4,34095,35274
veh4,34155,,34.1653,0,CAM_DROP_PHY,7,4,34155,35336
veh4,34169,,34.1831,0,CAM_DROP_PHY,10,4,34169,35347
veh4,34170,,34.1871,0,CAM_DROP_PHY,9,4,34170,35349
veh4,34190,,34.2073,0,CAM_DROP_PHY,12,4,34190,35371
veh4,34234,,34.2363,0,CAM_DROP_PHY,6,4,34234,35412
veh4,34256,,34.2708,0,CAM_DROP_PHY,11,4,34256,35432
veh4,34287,34.2876,,0,CAM,4,,34287,-1
veh4,34284,,34.2921,0,CAM_DROP_PHY,8,4,34284,35452
veh4,34333,,34.3508,0,CPM_DROP_PHY,11,4,34333,35506
veh4,34355,,34.3713,0,CAM_DROP_PHY,7,4,34355,35520
veh4,34370,,34.3766,0,CAM_DROP_PHY,9,4,34370,35538
veh4,34369,,34.3831,0,CAM_DROP_PHY,10,4,34369,35537
veh4,34396,,34.4001,0,CPM_DROP_PHY,3,4,34396,35573
veh4,34390,,34.4073,0,CAM_DROP_PHY,12,4,34390,35565
veh4,34434,,34.4363,0,CAM_DROP_PHY,6,4,34434,35617
veh4,34456,,34.4708,0,CAM_DROP_PHY,11,4,34456,35638
veh4,34484,,34.4921,0,CAM_DROP_PHY,8,4,34484,35658
veh4,34555,,34.5613,0,CAM_DROP_PHY,7,4,34555,35716
veh4,34570,,34.5766,0,CAM_DROP_PHY,9,4,34570,35729
veh4,34569,,34.5801,0,CAM_DROP_PHY,10,4,34569,35728
veh4,34590,,34.6033,0,CAM_DROP_PHY,12,4,34590,35755
veh4,34630,,34.6413,0,CPM_DROP_PHY,7,4,34630,35788
veh4,34634,,34.6486,0,CAM_DROP_PHY,6,4,34634,35792
veh4,34651,,34.6611,0,CPM_DROP_PHY,5,4,34651,35810
veh4,34656,,34.6758,0,CAM_DROP_PHY,11,4,34656,35819
veh4,34684,,34.6921,0,CAM_DROP_PHY,8,4,34684,35852
veh4,34686,,34.7018,0,CPM_DROP_PHY,9,4,34686,35853
veh4,34723,,34.7321,0,CAM_DROP_PHY,2,4,34723,35890
veh4,34755,,34.7613,0,CAM_DROP_PHY,7,4,34755,35914
veh4,34770,,34.7766,0,CAM_DROP_PHY,9,4,34770,35928
veh4,34769,,34.7801,0,CAM_DROP_PHY,10,4,34769,35927
veh4,34763,,34.7801,0,CAM_DROP_PHY,3,4,34763,35923
veh4,34790,,34.8033,0,CAM_DROP_PHY,12,4,34790,35961
veh4,34834,,34.8486,0,CAM_DROP_PHY,6,4,34834,36005
veh4,34852,,34.8601,0,CPM_DROP_PHY,10,4,34852,36020
veh4,34856,,34.8758,0,CAM_DROP_PHY,11,4,34856,36026
veh4,34884,,34.8871,0,CAM_DROP_PHY,8,4,34884,36058
veh4,34896,,34.9133,0,CPM_DROP_PHY,3,4,34896,36069
veh4,34955,,34.9581,0,CAM_DROP_PHY,7,4,34955,36113
veh4,34970,,34.9766,0,CAM_DROP_PHY,9,4,34970,36131
veh4,34969,,34.9931,0,CAM_DROP_PHY,10,4,34969,36130
veh4,34990,,35.0033,0,CAM_DROP_PHY,12,4,34990,36154
veh4,35015,,35.0286,0,CPM_DROP_PHY,6,4,35015,36177
veh4,35034,,35.0486,0,CAM_DROP_PHY,6,4,35034,36196
veh4,35056,,35.0758,0,CAM_DROP_PHY,11,4,35056,36216
veh4,35079,,35.0871,0,CPM_DROP_PHY,8,4,35079,36236
veh4,35084,,35.0871,0,CAM_DROP_PHY,8,4,35084,36236
veh4,35099,,35.1048,0,CAM_DROP_PHY,5,4,35099,36257
veh4,35095,,35.1071,0,CPM_DROP_PHY,2,4,35095,36252
veh4,35106,,35.1233,0,CPM_DROP_PHY,12,4,35106,36265
veh4,35155,,35.1581,0,CAM_DROP_PHY,7,4,35155,36313
veh4,35169,,35.1801,0,CAM_DROP_PHY,10,4,35169,36330
veh4,35170,,35.1888,0,CAM_DROP_PHY,9,4,35170,36331
veh4,35190,,35.2033,0,CAM_DROP_PHY,12,4,35190,36349
veh4,35234,,35.2486,0,CAM_DROP_PHY,6,4,35234,36388
veh4,35256,,35.2758,0,CAM_DROP_PHY,11,4,35256,36407
veh4,35284,,35.2871,0,CAM_DROP_PHY,8,4,35284,36430
veh4,35287,35.2876,,0,CAM,4,,35287,-1
veh4,35333,,35.3446,0,CPM_DROP_PHY,11,4,35333,36476
veh4,35334,,35.3486,0,CAM_DROP_PHY,6,4,35334,36477
veh4,35355,,35.3581,0,CAM_DROP_PHY,7,4,35355,36501
veh4,35369,,35.3801,0,CAM_DROP_PHY,10,4,35369,36521
veh4,35370,,35.3888,0,CAM_DROP_PHY,9,4,35370,36522
veh4,35390,,35.4033,0,CAM_DROP_PHY,12,4,35390,36540
veh4,35434,,35.4486,0,CAM_DROP_PHY,6,4,35434,36587
veh4,35456,,35.4646,0,CAM_DROP_PHY,11,4,35456,36605
veh4,35484,,35.4871,0,CAM_DROP_PHY,8,4,35484,36629
veh4,35534,,35.5486,0,CAM_DROP_PHY,6,4,35534,36666
veh4,35555,,35.5581,0,CAM_DROP_PHY,7,4,35555,36684
veh4,35569,,35.5801,0,CAM_DROP_PHY,10,4,35569,36703
veh4,35570,,35.5888,0,CAM_DROP_PHY,9,4,35570,36704
veh4,35590,,35.6008,0,CAM_DROP_PHY,12,4,35590,36722
veh4,35630,,35.6313,0,CPM_DROP_PHY,7,4,35630,36765
veh4,35634,,35.6486,0,CAM_DROP_PHY,6,4,35634,36774
veh4,35651,,35.6593,0,CPM_DROP_PHY,5,4,35651,36792
veh4,35656,,35.6646,0,CAM_DROP_PHY,11,4,35656,36798
veh4,35684,,35.6871,0,CAM_DROP_PHY,8,4,35684,36828
veh4,35686,,35.6888,0,CPM_DROP_PHY,9,4,35686,36830
veh4,35723,,35.7271,0,CAM_DROP_PHY,2,4,35723,36866
veh4,35734,,35.7486,0,CAM_DROP_PHY,6,4,35734,36876
veh4,35755,,35.7713,0,CAM_DROP_PHY,7,4,35755,36899
veh4,35763,,35.7733,0,CAM_DROP_PHY,3,4,35763,36904
veh4,35769,,35.7811,0,CAM_DROP_PHY,10,4,35769,36911
veh4,35770,,35.7888,0,CAM_DROP_PHY,9,4,35770,36912
veh4,35790,,35.8008,0,CAM_DROP_PHY,12,4,35790,36947
veh4,35834,,35.8486,0,CAM_DROP_PHY,6,4,35834,36984
veh4,35852,,35.8611,0,CPM_DROP_PHY,10,4,35852,36999
veh4,35856,,35.8646,0,CAM_DROP_PHY,11,4,35856,37004
veh4,35884,,35.8871,0,CAM_DROP_PHY,8,4,35884,37034
veh4,35896,,35.9133,0,CPM_DROP_PHY,3,4,35896,37047
veh4,35955,,35.9713,0,CAM_DROP_PHY,7,4,35955,37098
veh4,35969,,35.9811,0,CAM_DROP_PHY,10,4,35969,37108
veh4,35970,,35.9888,0,CAM_DROP_PHY,9,4,35970,37109
veh4,35990,,36.0008,0,CAM_DROP_PHY,12,4,35990,37137
veh4,35996,,36.0076,0,CPM_DROP_PHY,3,4,35996,37143
veh4,36015,,36.0268,0,CPM_DROP_PHY,6,4,36015,37167
veh4,36034,,36.0468,0,CAM_DROP_PHY,6,4,36034,37186
veh4,36056,,36.0646,0,CAM_DROP_PHY,11,4,36056,37207
veh4,36079,,36.0863,0,CPM_DROP_PHY,8,4,36079,37230
veh4,36084,,36.0863,0,CAM_DROP_PHY,8,4,36084,37230
veh4,36095,,36.1048,0,CPM_DROP_PHY,2,4,36095,37245
veh4,36099,,36.1186,0,CAM_DROP_PHY,5,4,36099,37248
veh4,36106,,36.1208,0,CPM_DROP_PHY,12,4,36106,37259
veh4,36155,,36.1713,0,CAM_DROP_PHY,7,4,36155,37306
veh4,36169,,36.1881,0,CAM_DROP_PHY,10,4,36169,37316
veh4,36170,,36.1888,0,CAM_DROP_PHY,9,4,36170,37317
veh4,36190,,36.2008,0,CAM_DROP_PHY,12,4,36190,37345
veh4,36234,,36.2468,0,CAM_DROP_PHY,6,4,36234,37382
veh4,36256,,36.2646,0,CAM_DROP_PHY,11,4,36256,37398
veh4,36284,,36.2863,0,CAM_DROP_PHY,8,4,36284,37423
veh4,36287,36.2876,,0,CAM,4,,36287,-1
veh4,36333,,36.3446,0,CPM_DROP_PHY,11,4,36333,37468
veh4,36355,,36.3708,0,CAM_DROP_PHY,7,4,36355,37487
veh4,36369,,36.3811,0,CAM_DROP_PHY,10,4,36369,37498
veh4,36370,,36.3853,0,CAM_DROP_PHY,9,4,36370,37499
veh4,36390,,36.4008,0,CAM_DROP_PHY,12,4,36390,37530
veh4,36434,,36.4468,0,CAM_DROP_PHY,6,4,36434,37572
veh4,36456,,36.4646,0,CAM_DROP_PHY,11,4,36456,37588
veh4,36484,,36.4863,0,CAM_DROP_PHY,8,4,36484,37613
veh4,36555,,36.5708,0,CAM_DROP_PHY,7,4,36555,37670
veh4,36569,,36.5811,0,CAM_DROP_PHY,10,4,36569,37680
veh4,36570,,36.5853,0,CAM_DROP_PHY,9,4,36570,37681
veh4,36590,,36.6008,0,CAM_DROP_PHY,12,4,36590,37712
veh4,36630,,36.6308,0,CPM_DROP_PHY,7,4,36630,37751
veh4,36634,,36.6468,0,CAM_DROP_PHY,6,4,36634,37758
veh4,36651,,36.6586,0,CPM_DROP_PHY,5,4,36651,37775
veh4,36656,,36.6646,0,CAM_DROP_PHY,11,4,36656,37779
veh4,36684,,36.6863,0,CAM_DROP_PHY,8,4,36684,37811
veh4,36686,,36.7053,0,CPM_DROP_PHY,9,4,36686,37818
veh4,36723,,36.7248,0,CAM_DROP_PHY,2,4,36723,37857
veh4,36763,,36.7676,0,CAM_DROP_PHY,3,4,36763,37889
veh4,36755,,36.7708,0,CAM_DROP_PHY,7,4,36755,37885
veh4,36769,,36.7726,0,CAM_DROP_PHY,10,4,36769,37897
veh4,36770,,36.7853,0,CAM_DROP_PHY,9,4,36770,37899
veh4,36790,,36.7983,0,CAM_DROP_PHY,12,4,36790,37934
veh4,36834,,36.8468,0,CAM_DROP_PHY,6,4,36834,37969
veh4,36852,,36.8526,0,CPM_DROP_PHY,10,4,36852,37981
veh4,36856,,36.8623,0,CAM_DROP_PHY,11,4,36856,37989
veh4,36884,,36.8858,0,CAM_DROP_PHY,8,4,36884,38018
veh4,36896,,36.9076,0,CPM_DROP_PHY,3,4,36896,38033
veh4,36934,,36.9468,0,CAM_DROP_PHY,6,4,36934,38064
veh4,36955,,36.9708,0,CAM_DROP_PHY,7,4,36955,38080
veh4,36969,,36.9726,0,CAM_DROP_PHY,10,4,36969,38092
veh4,36970,,36.9853,0,CAM_DROP_PHY,9,4,36970,38093
veh4,36990,,36.9983,0,CAM_DROP_PHY,12,4,36990,38124
veh4,37015,,37.0261,0,CPM_DROP_PHY,6,4,37015,38148
veh4,37034,,37.0461,0,CAM_DROP_PHY,6,4,37034,38163
veh4,37056,,37.0623,0,CAM_DROP_PHY,11,4,37056,38184
veh4,37055,,37.0708,0,CAM_DROP_PHY,7,4,37055,38183
veh4,37079,,37.0858,0,CPM_DROP_PHY,8,4,37079,38212
veh4,37084,,37.0858,0,CAM_DROP_PHY,8,4,37084,38212
veh4,37095,,37.1081,0,CPM_DROP_PHY,2,4,37095,38232
veh4,37106,,37.1183,0,CPM_DROP_PHY,12,4,37106,38241
veh4,37099,,37.1186,0,CAM_DROP_PHY,5,4,37099,38236
veh4,37134,,37.1461,0,CAM_DROP_PHY,6,4,37134,38278
veh4,37155,,37.1708,0,CAM_DROP_PHY,7,4,37155,38295
veh4,37169,,37.1726,0,CAM_DROP_PHY,10,4,37169,38307
veh4,37170,,37.1853,0,CAM_DROP_PHY,9,4,37170,38308
veh4,37190,,37.1983,0,CAM_DROP_PHY,12,4,37190,38339
veh4,37234,,37.2461,0,CAM_DROP_PHY,6,4,37234,38374
veh4,37256,,37.2623,0,CAM_DROP_PHY,11,4,37256,38391
veh4,37255,,37.2708,0,CAM_DROP_PHY,7,4,37255,38390
veh4,37284,,37.2858,0,CAM_DROP_PHY,8,4,37284,38423
veh4,37287,37.2876,,0,CAM,4,,37287,-1
veh4,37333,,37.3423,0,CPM_DROP_PHY,11,4,37333,38469
veh4,37334,,37.3461,0,CAM_DROP_PHY,6,4,37334,38471
veh4,37355,,37.3708,0,CAM_DROP_PHY,7,4,37355,38494
veh4,37369,,37.3726,0,CAM_DROP_PHY,10,4,37369,38504
veh4,37370,,37.3898,0,CAM_DROP_PHY,9,4,37370,38507
veh4,37390,,37.3983,0,CAM_DROP_PHY,12,4,37390,38537
veh4,37434,,37.4461,0,CAM_DROP_PHY,6,4,37434,38581
veh4,37456,,37.4623,0,CAM_DROP_PHY,11,4,37456,38598
veh4,37455,,37.4708,0,CAM_DROP_PHY,7,4,37455,38597
veh4,37484,,37.4858,0,CAM_DROP_PHY,8,4,37484,38629
veh4,37496,,37.5061,0,CPM_DROP_PHY,3,4,37496,38645
veh4,37555,,37.5638,0,CAM_DROP_PHY,7,4,37555,38695
veh4,37569,,37.5726,0,CAM_DROP_PHY,10,4,37569,38706
veh4,37570,,37.5898,0,CAM_DROP_PHY,9,4,37570,38709
veh4,37590,,37.5983,0,CAM_DROP_PHY,12,4,37590,38735
veh4,37630,,37.6438,0,CPM_DROP_PHY,7,4,37630,38769
veh4,37634,,37.6466,0,CAM_DROP_PHY,6,4,37634,38771
veh4,37656,,37.6623,0,CAM_DROP_PHY,11,4,37656,38798
veh4,37655,,37.6638,0,CAM_DROP_PHY,7,4,37655,38795
veh4,37651,,37.6701,0,CPM_DROP_PHY,5,4,37651,38790
veh4,37684,,37.6858,0,CAM_DROP_PHY,8,4,37684,38833
veh4,37686,,37.6898,0,CPM_DROP_PHY,9,4,37686,38840
veh4,37723,,37.7281,0,CAM_DROP_PHY,2,4,37723,38877
veh4,37755,,37.7638,0,CAM_DROP_PHY,7,4,37755,38909
veh4,37763,,37.7661,0,CAM_DROP_PHY,3,4,37763,38916
veh4,37769,,37.7726,0,CAM_DROP_PHY,10,4,37769,38923
veh4,37770,,37.7898,0,CAM_DROP_PHY,9,4,37770,38927
veh4,37790,,37.7983,0,CAM_DROP_PHY,12,4,37790,38957
veh4,37796,,37.8061,0,CPM_DROP_PHY,3,4,37796,38963
veh4,37834,,37.8466,0,CAM_DROP_PHY,6,4,37834,39000
veh4,37852,,37.8526,0,CPM_DROP_PHY,10,4,37852,39014
veh4,37856,,37.8623,0,CAM_DROP_PHY,11,4,37856,39023
veh4,37884,,37.8858,0,CAM_DROP_PHY,8,4,37884,39050
veh4,37896,,37.9061,0,CPM_DROP_PHY,3,4,37896,39065
veh4,37955,,37.9638,0,CAM_DROP_PHY,7,4,37955,39107
veh4,37969,,37.9713,0,CAM_DROP_PHY,10,4,37969,39118
veh4,37970,,37.9898,0,CAM_DROP_PHY,9,4,37970,39120
veh4,37990,,37.9996,0,CAM_DROP_PHY,12,4,37990,39146
veh4,38015,,38.0266,0,CPM_DROP_PHY,6,4,38015,39172
veh4,38034,,38.0466,0,CAM_DROP_PHY,6,4,38034,39187
veh4,38056,,38.0601,0,CAM_DROP_PHY,11,4,38056,39209
veh4,38079,,38.0826,0,CPM_DROP_PHY,8,4,38079,39230
veh4,38084,,38.1026,0,CAM_DROP_PHY,8,4,38084,39236
veh4,38095,,38.1081,0,CPM_DROP_PHY,2,4,38095,39247
veh4,38099,,38.1128,0,CAM_DROP_PHY,5,4,38099,39251
veh4,38134,,38.1466,0,CAM_DROP_PHY,6,4,38134,39301
veh4,38155,,38.1638,0,CAM_DROP_PHY,7,4,38155,39318
veh4,38169,,38.1713,0,CAM_DROP_PHY,10,4,38169,39332
veh4,38170,,38.1898,0,CAM_DROP_PHY,9,4,38170,39334
veh4,38234,,38.2466,0,CAM_DROP_PHY,6,4,38234,39396
veh4,38256,,38.2601,0,CAM_DROP_PHY,11,4,38256,39414
veh4,38287,38.2876,,0,CAM,4,,38287,-1
veh4,38190,,38.2996,0,CAM_DROP_PHY,12,4,38190,39360
veh4,38284,,38.3026,0,CAM_DROP_PHY,8,4,38284,39440
veh4,38333,,38.3401,0,CPM_DROP_PHY,11,4,38333,39491
veh4,38334,,38.3466,0,CAM_DROP_PHY,6,4,38334,39492
veh4,38355,,38.3638,0,CAM_DROP_PHY,7,4,38355,39515
veh4,38369,,38.3713,0,CAM_DROP_PHY,10,4,38369,39531
veh4,38370,,38.3863,0,CAM_DROP_PHY,9,4,38370,39532
veh4,38390,,38.3996,0,CAM_DROP_PHY,12,4,38390,39560
veh4,38384,,38.4026,0,CAM_DROP_PHY,8,4,38384,39552
veh4,38434,,38.4458,0,CAM_DROP_PHY,6,4,38434,39610
veh4,38456,,38.4601,0,CAM_DROP_PHY,11,4,38456,39628
veh4,38484,,38.5026,0,CAM_DROP_PHY,8,4,38484,39654
veh4,38555,,38.5638,0,CAM_DROP_PHY,7,4,38555,39700
veh4,38569,,38.5751,0,CAM_DROP_PHY,10,4,38569,39713
veh4,38570,,38.5863,0,CAM_DROP_PHY,9,4,38570,39714
veh4,38590,,38.5996,0,CAM_DROP_PHY,12,4,38590,39742
veh4,38584,,38.6026,0,CAM_DROP_PHY,8,4,38584,39734
veh4,38630,,38.6396,0,CPM_DROP_PHY,7,4,38630,39782
veh4,38634,,38.6458,0,CAM_DROP_PHY,6,4,38634,39784
veh4,38651,,38.6528,0,CPM_DROP_PHY,5,4,38651,39804
veh4,38656,,38.6601,0,CAM_DROP_PHY,11,4,38656,39816
veh4,38684,,38.7026,0,CAM_DROP_PHY,8,4,38684,39852
veh4,38686,,38.7063,0,CPM_DROP_PHY,9,4,38686,39856
veh4,38723,,38.7388,0,CAM_DROP_PHY,2,4,38723,39890
veh4,38763,,38.7656,0,CAM_DROP_PHY,3,4,38763,39923
veh4,38769,,38.7751,0,CAM_DROP_PHY,10,4,38769,39930
veh4,38770,,38.7863,0,CAM_DROP_PHY,9,4,38770,39932
veh4,38790,,38.7926,0,CAM_DROP_PHY,12,4,38790,39964
veh4,38784,,38.8026,0,CAM_DROP_PHY,8,4,38784,39956
veh4,38834,,38.8458,0,CAM_DROP_PHY,6,4,38834,40014
veh4,38852,,38.8551,0,CPM_DROP_PHY,10,4,38852,40031
veh4,38755,,38.8596,0,CAM_DROP_PHY,7,4,38755,39915
veh4,38855,,38.8596,0,CAM_DROP_PHY,7,4,38855,40036
veh4,38856,,38.8601,0,CAM_DROP_PHY,11,4,38856,40038
veh4,38896,,38.9056,0,CPM_DROP_PHY,3,4,38896,40080
veh4,38955,,38.9596,0,CAM_DROP_PHY,7,4,38955,40121
veh4,38969,,38.9751,0,CAM_DROP_PHY,10,4,38969,40133
veh4,38970,,38.9863,0,CAM_DROP_PHY,9,4,38970,40134
veh4,38990,,38.9926,0,CAM_DROP_PHY,12,4,38990,40163
veh4,38984,,39.0026,0,CAM_DROP_PHY,8,4,38984,40154
veh4,39015,,39.0258,0,CPM_DROP_PHY,6,4,39015,40193
veh4,39034,,39.0461,0,CAM_DROP_PHY,6,4,39034,40211
veh4,39055,,39.0596,0,CAM_DROP_PHY,7,4,39055,40229
veh4,39056,,39.0601,0,CAM_DROP_PHY,11,4,39056,40230
veh4,39079,,39.0826,0,CPM_DROP_PHY,8,4,39079,40262
veh4,39095,,39.0988,0,CPM_DROP_PHY,2,4,39095,40277
veh4,39099,,39.1058,0,CAM_DROP_PHY,5,4,39099,40284
veh4,39106,,39.1126,0,CPM_DROP_PHY,12,4,39106,40295
veh4,39169,,39.1751,0,CAM_DROP_PHY,10,4,39169,40344
veh4,39170,,39.1863,0,CAM_DROP_PHY,9,4,39170,40345
veh4,39190,,39.1926,0,CAM_DROP_PHY,12,4,39190,40369
veh4,39184,,39.2026,0,CAM_DROP_PHY,8,4,39184,40360
veh4,39234,,39.2461,0,CAM_DROP_PHY,6,4,39234,40410
veh4,39255,,39.2596,0,CAM_DROP_PHY,7,4,39255,40428
veh4,39256,,39.2756,0,CAM_DROP_PHY,11,4,39256,40429
veh4,39287,39.2876,,0,CAM,4,,39287,-1
veh4,39333,,39.3356,0,CPM_DROP_PHY,11,4,39333,40497
veh4,39369,,39.3751,0,CAM_DROP_PHY,10,4,39369,40526
veh4,39370,,39.3863,0,CAM_DROP_PHY,9,4,39370,40527
veh4,39390,,39.3926,0,CAM_DROP_PHY,12,4,39390,40551
veh4,39384,,39.4026,0,CAM_DROP_PHY,8,4,39384,40543
veh4,39434,,39.4461,0,CAM_DROP_PHY,6,4,39434,40600
veh4,39455,,39.4601,0,CAM_DROP_PHY,7,4,39455,40619
veh4,39456,,39.4756,0,CAM_DROP_PHY,11,4,39456,40621
veh4,39496,,39.5023,0,CPM_DROP_PHY,3,4,39496,40661
veh4,39534,,39.5461,0,CAM_DROP_PHY,6,4,39534,40688
veh4,39584,,39.5863,0,CAM_DROP_PHY,8,4,39584,40725
veh4,39570,,39.5863,0,CAM_DROP_PHY,9,4,39570,40718
veh4,39569,,39.5883,0,CAM_DROP_PHY,10,4,39569,40717
veh4,39590,,39.5926,0,CAM_DROP_PHY,12,4,39590,40744
veh4,39630,,39.6401,0,CPM_DROP_PHY,7,4,39630,40782
veh4,39634,,39.6461,0,CAM_DROP_PHY,6,4,39634,40784
veh4,39655,,39.6601,0,CAM_DROP_PHY,7,4,39655,40809
veh4,39651,,39.6658,0,CPM_DROP_PHY,5,4,39651,40803
veh4,39656,,39.6756,0,CAM_DROP_PHY,11,4,39656,40811
veh4,39686,,39.7036,0,CPM_DROP_PHY,9,4,39686,40853
veh4,39723,,39.7356,0,CAM_DROP_PHY,2,4,39723,40881
veh4,39734,,39.7461,0,CAM_DROP_PHY,6,4,39734,40887
veh4,39763,,39.7823,0,CAM_DROP_PHY,3,4,39763,40919
veh4,39770,,39.7836,0,CAM_DROP_PHY,9,4,39770,40925
veh4,39784,,39.7863,0,CAM_DROP_PHY,8,4,39784,40937
veh4,39769,,39.7883,0,CAM_DROP_PHY,10,4,39769,40924
veh4,39790,,39.7926,0,CAM_DROP_PHY,12,4,39790,40956
veh4,39834,,39.8461,0,CAM_DROP_PHY,6,4,39834,40997
veh4,39855,,39.8601,0,CAM_DROP_PHY,7,4,39855,41016
veh4,39852,,39.8683,0,CPM_DROP_PHY,10,4,39852,41012
veh4,39856,,39.8756,0,CAM_DROP_PHY,11,4,39856,41018
veh4,39884,,39.8863,0,CAM_DROP_PHY,8,4,39884,41056
