pkt_uid,drop_time_s,drop_type,msg_seq,tx_id,rx_id,decision_time_s,decision_event_type,lane_before,lane_after,target_speed_mps,vehicle_id,decision_delay_s,lane_change
118,2.02358,CPM_DROP_PHY,2015,6,4.0,2.02358,drop_decision_no_action,-1,-1,-1,veh4,0.0,False
127,2.03408,CPM_DROP_PHY,2030,7,4.0,2.03408,drop_decision_no_action,-1,-1,-1,veh4,0.0,False
132,2.04358,CAM_DROP_PHY,2034,6,4.0,2.04358,drop_decision_no_action,-1,-1,-1,veh4,0.0,False
146,2.05608,CPM_DROP_PHY,2052,10,4.0,2.05608,drop_decision_no_action,-1,-1,-1,veh4,0.0,False
159,2.06633,CAM_DROP_PHY,2063,3,4.0,2.06633,drop_decision_no_action,-1,-1,-1,veh4,0.0,False
155,2.07408,CAM_DROP_PHY,2055,7,4.0,2.07408,drop_decision_no_action,-1,-1,-1,veh4,0.0,False
168,2.07908,CAM_DROP_PHY,2070,9,4.0,2.07908,drop_decision_no_action,-1,-1,-1,veh4,0.0,False
180,2.08858,CPM_DROP_PHY,2079,8,4.0,2.08858,drop_decision_no_action,-1,-1,-1,veh4,0.0,False
180,2.08858,CAM_DROP_PHY,2084,8,4.0,2.08858,drop_decision_no_action,-1,-1,-1,veh4,0.0,False
206,2.09683,CPM_DROP_PHY,2095,2,4.0,2.09683,drop_decision_no_action,-1,-1,-1,veh4,0.0,False
194,2.09908,CPM_DROP_PHY,2086,9,4.0,2.09908,drop_decision_no_action,-1,-1,-1,veh4,0.0,False
208,2.10633,CPM_DROP_PHY,2096,3,4.0,2.10633,drop_decision_no_action,-1,-1,-1,veh4,0.0,False
218,2.11458,CAM_DROP_PHY,2099,5,4.0,2.11458,drop_decision_no_action,-1,-1,-1,veh4,0.0,False
260,2.13683,CAM_DROP_PHY,2123,2,4.0,2.13683,drop_decision_no_action,-1,-1,-1,veh4,0.0,False
288,2.16633,CAM_DROP_PHY,2163,3,4.0,2.16633,drop_decision_no_action,-1,-1,-1,veh4,0.0,False
295,2.17908,CAM_DROP_PHY,2170,9,4.0,2.17908,drop_decision_no_action,-1,-1,-1,veh4,0.0,False
307,2.18858,CPM_DROP_PHY,2179,8,4.0,2.18858,drop_decision_no_action,-1,-1,-1,veh4,0.0,False
316,2.19908,CPM_DROP_PHY,2186,9,4.0,2.19908,drop_decision_no_action,-1,-1,-1,veh4,0.0,False
333,2.20133,CAM_DROP_PHY,2199,5,4.0,2.20133,drop_decision_no_action,-1,-1,-1,veh4,0.0,False
363,2.24358,CAM_DROP_PHY,2234,6,4.0,2.24358,drop_decision_no_action,-1,-1,-1,veh4,0.0,False
376,2.25608,CPM_DROP_PHY,2252,10,4.0,2.25608,drop_decision_no_action,-1,-1,-1,veh4,0.0,False
392,2.26633,CAM_DROP_PHY,2263,3,4.0,2.26633,drop_decision_no_action,-1,-1,-1,veh4,0.0,False
385,2.27408,CAM_DROP_PHY,2255,7,4.0,2.27408,drop_decision_no_action,-1,-1,-1,veh4,0.0,False
401,2.27608,CAM_DROP_PHY,2269,10,4.0,2.27608,drop_decision_no_action,-1,-1,-1,veh4,0.0,False
403,2.27908,CAM_DROP_PHY,2270,9,4.0,2.27908,drop_decision_no_action,-1,-1,-1,veh4,0.0,False
429,2.28858,CAM_DROP_PHY,2284,8,4.0,2.28858,drop_decision_no_action,-1,-1,-1,veh4,0.0,False
455,2.31458,CAM_DROP_PHY,2299,5,4.0,2.31458,drop_decision_no_action,-1,-1,-1,veh4,0.0,False
480,2.33683,CAM_DROP_PHY,2323,2,4.0,2.33683,drop_decision_no_action,-1,-1,-1,veh4,0.0,False
486,2.34358,CAM_DROP_PHY,2334,6,4.0,2.34358,drop_decision_no_action,-1,-1,-1,veh4,0.0,False
506,2.35608,CPM_DROP_PHY,2352,10,4.0,2.35608,drop_decision_no_action,-1,-1,-1,veh4,0.0,False
516,2.36483,CAM_DROP_PHY,2356,11,4.0,2.36483,drop_decision_no_action,-1,-1,-1,veh4,0.0,False
522,2.36633,CAM_DROP_PHY,2363,3,4.0,2.36633,drop_decision_no_action,-1,-1,-1,veh4,0.0,False
534,2.37908,CAM_DROP_PHY,2370,9,4.0,2.37908,drop_decision_no_action,-1,-1,-1,veh4,0.0,False
566,2.40133,CAM_DROP_PHY,2399,5,4.0,2.40133,drop_decision_no_action,-1,-1,-1,veh4,0.0,False
599,2.44358,CAM_DROP_PHY,2434,6,4.0,2.44358,drop_decision_no_action,-1,-1,-1,veh4,0.0,False
612,2.45608,CPM_DROP_PHY,2452,10,4.0,2.45608,drop_decision_no_action,-1,-1,-1,veh4,0.0,False
628,2.46633,CAM_DROP_PHY,2463,3,4.0,2.46633,drop_decision_no_action,-1,-1,-1,veh4,0.0,False
621,2.47408,CAM_DROP_PHY,2455,7,4.0,2.47408,drop_decision_no_action,-1,-1,-1,veh4,0.0,False
638,2.47908,CAM_DROP_PHY,2470,9,4.0,2.47908,drop_decision_no_action,-1,-1,-1,veh4,0.0,False
660,2.48858,CAM_DROP_PHY,2484,8,4.0,2.48858,drop_decision_no_action,-1,-1,-1,veh4,0.0,False
678,2.50633,CPM_DROP_PHY,2496,3,4.0,2.50633,drop_decision_no_action,-1,-1,-1,veh4,0.0,False
724,2.53683,CAM_DROP_PHY,2523,2,4.0,2.53683,drop_decision_no_action,-1,-1,-1,veh4,0.0,False
730,2.54358,CAM_DROP_PHY,2534,6,4.0,2.54358,drop_decision_no_action,-1,-1,-1,veh4,0.0,False
761,2.56633,CAM_DROP_PHY,2563,3,4.0,2.56633,drop_decision_no_action,-1,-1,-1,veh4,0.0,False
766,2.57608,CAM_DROP_PHY,2569,10,4.0,2.57608,drop_decision_no_action,-1,-1,-1,veh4,0.0,False
784,2.58858,CAM_DROP_PHY,2584,8,4.0,2.58858,drop_decision_no_action,-1,-1,-1,veh4,0.0,False
833,2.63408,CPM_DROP_PHY,2630,7,4.0,2.63408,drop_decision_no_action,-1,-1,-1,veh4,0.0,False
838,2.64358,CAM_DROP_PHY,2634,6,4.0,2.64358,drop_decision_no_action,-1,-1,-1,veh4,0.0,False
865,2.66183,CAM_DROP_PHY,2656,11,4.0,2.66183,drop_decision_no_action,-1,-1,-1,veh4,0.0,False
863,2.67408,CAM_DROP_PHY,2655,7,4.0,2.67408,drop_decision_no_action,-1,-1,-1,veh4,0.0,False
879,2.67908,CAM_DROP_PHY,2670,9,4.0,2.67908,drop_decision_no_action,-1,-1,-1,veh4,0.0,False
905,2.68858,CAM_DROP_PHY,2684,8,4.0,2.68858,drop_decision_no_action,-1,-1,-1,veh4,0.0,False
910,2.69908,CPM_DROP_PHY,2686,9,4.0,2.69908,drop_decision_no_action,-1,-1,-1,veh4,0.0,False
802,2.70133,CAM_DROP_PHY,2599,5,4.0,2.70133,drop_decision_no_action,-1,-1,-1,veh4,0.0,False
856,2.70133,CPM_DROP_PHY,2651,5,4.0,2.70133,drop_decision_no_action,-1,-1,-1,veh4,0.0,False
923,2.70633,CPM_DROP_PHY,2696,3,4.0,2.70633,drop_decision_no_action,-1,-1,-1,veh4,0.0,False
968,2.73683,CAM_DROP_PHY,2723,2,4.0,2.73683,drop_decision_no_action,-1,-1,-1,veh4,0.0,False
974,2.74358,CAM_DROP_PHY,2734,6,4.0,2.74358,drop_decision_no_action,-1,-1,-1,veh4,0.0,False
1006,2.76633,CAM_DROP_PHY,2763,3,4.0,2.76633,drop_decision_no_action,-1,-1,-1,veh4,0.0,False
1026,2.79908,CPM_DROP_PHY,2786,9,4.0,2.79908,drop_decision_no_action,-1,-1,-1,veh4,0.0,False
1024,2.80083,CAM_DROP_PHY,2784,8,4.0,2.80083,drop_decision_no_action,-1,-1,-1,veh4,0.0,False
1035,2.80133,CAM_DROP_PHY,2799,5,4.0,2.80133,drop_decision_no_action,-1,-1,-1,veh4,0.0,False
1030,2.80633,CPM_DROP_PHY,2796,3,4.0,2.80633,drop_decision_no_action,-1,-1,-1,veh4,0.0,False
1087,2.84358,CAM_DROP_PHY,2834,6,4.0,2.84358,drop_decision_no_action,-1,-1,-1,veh4,0.0,False
1101,2.85608,CPM_DROP_PHY,2852,10,4.0,2.85608,drop_decision_no_action,-1,-1,-1,veh4,0.0,False
1100,2.86133,CPM_DROP_PHY,2851,5,4.0,2.86133,drop_decision_no_action,-1,-1,-1,veh4,0.0,False
1110,2.87408,CAM_DROP_PHY,2855,7,4.0,2.87408,drop_decision_no_action,-1,-1,-1,veh4,0.0,False
1126,2.87608,CAM_DROP_PHY,2869,10,4.0,2.87608,drop_decision_no_action,-1,-1,-1,veh4,0.0,False
1127,2.87908,CAM_DROP_PHY,2870,9,4.0,2.87908,drop_decision_no_action,-1,-1,-1,veh4,0.0,False
1155,2.90083,CAM_DROP_PHY,2884,8,4.0,2.90083,drop_decision_no_action,-1,-1,-1,veh4,0.0,False
1170,2.90633,CPM_DROP_PHY,2896,3,4.0,2.90633,drop_decision_no_action,-1,-1,-1,veh4,0.0,False
1213,2.93683,CAM_DROP_PHY,2923,2,4.0,2.93683,drop_decision_no_action,-1,-1,-1,veh4,0.0,False
1235,2.96133,CPM_DROP_PHY,2951,5,4.0,2.96133,drop_decision_no_action,-1,-1,-1,veh4,0.0,False
1239,2.96183,CAM_DROP_PHY,2956,11,4.0,2.96183,drop_decision_no_action,-1,-1,-1,veh4,0.0,False
1249,2.96633,CAM_DROP_PHY,2963,3,4.0,2.96633,drop_decision_no_action,-1,-1,-1,veh4,0.0,False
1256,2.97608,CAM_DROP_PHY,2969,10,4.0,2.97608,drop_decision_no_action,-1,-1,-1,veh4,0.0,False
1283,2.98933,CPM_DROP_PHY,2986,9,4.0,2.98933,drop_decision_no_action,-1,-1,-1,veh4,0.0,False
1295,3.00633,CPM_DROP_PHY,2996,3,4.0,3.00633,drop_decision_no_action,-1,-1,-1,veh4,0.0,False
1333,3.02808,CPM_DROP_PHY,3015,6,4.0,3.02808,drop_decision_no_action,-1,-1,-1,veh4,0.0,False
1356,3.04808,CAM_DROP_PHY,3034,6,4.0,3.04808,drop_decision_no_action,-1,-1,-1,veh4,0.0,False
1377,3.07408,CAM_DROP_PHY,3055,7,4.0,3.07408,drop_decision_no_action,-1,-1,-1,veh4,0.0,False
1388,3.07608,CAM_DROP_PHY,3069,10,4.0,3.07608,drop_decision_no_action,-1,-1,-1,veh4,0.0,False
1402,3.08083,CPM_DROP_PHY,3079,8,4.0,3.08083,drop_decision_no_action,-1,-1,-1,veh4,0.0,False
1389,3.08933,CAM_DROP_PHY,3070,9,4.0,3.08933,drop_decision_no_action,-1,-1,-1,veh4,0.0,False
1411,3.10083,CAM_DROP_PHY,3084,8,4.0,3.10083,drop_decision_no_action,-1,-1,-1,veh4,0.0,False
1434,3.10758,CPM_DROP_PHY,3095,2,4.0,3.10758,drop_decision_no_action,-1,-1,-1,veh4,0.0,False
1370,3.16133,CPM_DROP_PHY,3051,5,4.0,3.16133,drop_decision_no_action,-1,-1,-1,veh4,0.0,False
1497,3.16133,CPM_DROP_PHY,3151,5,4.0,3.16133,drop_decision_no_action,-1,-1,-1,veh4,0.0,False
1506,3.16633,CAM_DROP_PHY,3163,3,4.0,3.16633,drop_decision_no_action,-1,-1,-1,veh4,0.0,False
1499,3.16708,CAM_DROP_PHY,3155,7,4.0,3.16708,drop_decision_no_action,-1,-1,-1,veh4,0.0,False
1516,3.17608,CAM_DROP_PHY,3169,10,4.0,3.17608,drop_decision_no_action,-1,-1,-1,veh4,0.0,False
1553,3.20633,CPM_DROP_PHY,3196,3,4.0,3.20633,drop_decision_no_action,-1,-1,-1,veh4,0.0,False
1594,3.22758,CAM_DROP_PHY,3223,2,4.0,3.22758,drop_decision_no_action,-1,-1,-1,veh4,0.0,False
1605,3.24808,CAM_DROP_PHY,3234,6,4.0,3.24808,drop_decision_no_action,-1,-1,-1,veh4,0.0,False
1630,3.26183,CAM_DROP_PHY,3256,11,4.0,3.26183,drop_decision_no_action,-1,-1,-1,veh4,0.0,False
1640,3.26633,CAM_DROP_PHY,3263,3,4.0,3.26633,drop_decision_no_action,-1,-1,-1,veh4,0.0,False
1629,3.26708,CAM_DROP_PHY,3255,7,4.0,3.26708,drop_decision_no_action,-1,-1,-1,veh4,0.0,False
1651,3.27608,CAM_DROP_PHY,3269,10,4.0,3.27608,drop_decision_no_action,-1,-1,-1,veh4,0.0,False
1653,3.28933,CAM_DROP_PHY,3270,9,4.0,3.28933,drop_decision_no_action,-1,-1,-1,veh4,0.0,False
1679,3.30083,CAM_DROP_PHY,3284,8,4.0,3.30083,drop_decision_no_action,-1,-1,-1,veh4,0.0,False
1739,3.34183,CPM_DROP_PHY,3333,11,4.0,3.34183,drop_decision_no_action,-1,-1,-1,veh4,0.0,False
1623,3.36133,CPM_DROP_PHY,3251,5,4.0,3.36133,drop_decision_no_action,-1,-1,-1,veh4,0.0,False
1754,3.36133,CPM_DROP_PHY,3351,5,4.0,3.36133,drop_decision_no_action,-1,-1,-1,veh4,0.0,False
1759,3.36708,CAM_DROP_PHY,3355,7,4.0,3.36708,drop_decision_no_action,-1,-1,-1,veh4,0.0,False
1774,3.37608,CAM_DROP_PHY,3369,10,4.0,3.37608,drop_decision_no_action,-1,-1,-1,veh4,0.0,False
1767,3.37908,CAM_DROP_PHY,3363,3,4.0,3.37908,drop_decision_no_action,-1,-1,-1,veh4,0.0,False
1775,3.38933,CAM_DROP_PHY,3370,9,4.0,3.38933,drop_decision_no_action,-1,-1,-1,veh4,0.0,False
1813,3.39908,CPM_DROP_PHY,3396,3,4.0,3.39908,drop_decision_no_action,-1,-1,-1,veh4,0.0,False
1870,3.44808,CAM_DROP_PHY,3434,6,4.0,3.44808,drop_decision_no_action,-1,-1,-1,veh4,0.0,False
1890,3.46708,CAM_DROP_PHY,3455,7,4.0,3.46708,drop_decision_no_action,-1,-1,-1,veh4,0.0,False
1885,3.47033,CPM_DROP_PHY,3452,10,4.0,3.47033,drop_decision_no_action,-1,-1,-1,veh4,0.0,False
1898,3.47908,CAM_DROP_PHY,3463,3,4.0,3.47908,drop_decision_no_action,-1,-1,-1,veh4,0.0,False
1909,3.48933,CAM_DROP_PHY,3470,9,4.0,3.48933,drop_decision_no_action,-1,-1,-1,veh4,0.0,False
1929,3.50083,CAM_DROP_PHY,3484,8,4.0,3.50083,drop_decision_no_action,-1,-1,-1,veh4,0.0,False
1980,3.52758,CAM_DROP_PHY,3523,2,4.0,3.52758,drop_decision_no_action,-1,-1,-1,veh4,0.0,False
1972,3.52808,CPM_DROP_PHY,3515,6,4.0,3.52808,drop_decision_no_action,-1,-1,-1,veh4,0.0,False
1884,3.55883,CPM_DROP_PHY,3451,5,4.0,3.55883,drop_decision_no_action,-1,-1,-1,veh4,0.0,False
2018,3.55883,CPM_DROP_PHY,3551,5,4.0,3.55883,drop_decision_no_action,-1,-1,-1,veh4,0.0,False
2020,3.56183,CAM_DROP_PHY,3556,11,4.0,3.56183,drop_decision_no_action,-1,-1,-1,veh4,0.0,False
2019,3.56708,CAM_DROP_PHY,3555,7,4.0,3.56708,drop_decision_no_action,-1,-1,-1,veh4,0.0,False
2031,3.57908,CAM_DROP_PHY,3563,3,4.0,3.57908,drop_decision_no_action,-1,-1,-1,veh4,0.0,False
2041,3.58933,CAM_DROP_PHY,3570,9,4.0,3.58933,drop_decision_no_action,-1,-1,-1,veh4,0.0,False
2077,3.61883,CAM_DROP_PHY,3599,5,4.0,3.61883,drop_decision_no_action,-1,-1,-1,veh4,0.0,False
2110,3.64708,CPM_DROP_PHY,3630,7,4.0,3.64708,drop_decision_no_action,-1,-1,-1,veh4,0.0,False
2112,3.64808,CAM_DROP_PHY,3634,6,4.0,3.64808,drop_decision_no_action,-1,-1,-1,veh4,0.0,False
2131,3.65883,CPM_DROP_PHY,3651,5,4.0,3.65883,drop_decision_no_action,-1,-1,-1,veh4,0.0,False
2143,3.66183,CAM_DROP_PHY,3656,11,4.0,3.66183,drop_decision_no_action,-1,-1,-1,veh4,0.0,False
2141,3.66708,CAM_DROP_PHY,3655,7,4.0,3.66708,drop_decision_no_action,-1,-1,-1,veh4,0.0,False
2133,3.67033,CPM_DROP_PHY,3652,10,4.0,3.67033,drop_decision_no_action,-1,-1,-1,veh4,0.0,False
2133,3.67033,CAM_DROP_PHY,3669,10,4.0,3.67033,drop_decision_no_action,-1,-1,-1,veh4,0.0,False
2154,3.67908,CAM_DROP_PHY,3663,3,4.0,3.67908,drop_decision_no_action,-1,-1,-1,veh4,0.0,False
2167,3.68833,CAM_DROP_PHY,3670,9,4.0,3.68833,drop_decision_no_action,-1,-1,-1,veh4,0.0,False
2167,3.68833,CPM_DROP_PHY,3686,9,4.0,3.68833,drop_decision_no_action,-1,-1,-1,veh4,0.0,False
2190,3.70083,CAM_DROP_PHY,3684,8,4.0,3.70083,drop_decision_no_action,-1,-1,-1,veh4,0.0,False
2264,3.75883,CPM_DROP_PHY,3751,5,4.0,3.75883,drop_decision_no_action,-1,-1,-1,veh4,0.0,False
2267,3.76183,CAM_DROP_PHY,3756,11,4.0,3.76183,drop_decision_no_action,-1,-1,-1,veh4,0.0,False
2265,3.77033,CPM_DROP_PHY,3752,10,4.0,3.77033,drop_decision_no_action,-1,-1,-1,veh4,0.0,False
2277,3.77908,CAM_DROP_PHY,3763,3,4.0,3.77908,drop_decision_no_action,-1,-1,-1,veh4,0.0,False
2287,3.78833,CAM_DROP_PHY,3770,9,4.0,3.78833,drop_decision_no_action,-1,-1,-1,veh4,0.0,False
2326,3.81883,CAM_DROP_PHY,3799,5,4.0,3.81883,drop_decision_no_action,-1,-1,-1,veh4,0.0,False
2350,3.82508,CAM_DROP_PHY,3823,2,4.0,3.82508,drop_decision_no_action,-1,-1,-1,veh4,0.0,False
2361,3.84808,CAM_DROP_PHY,3834,6,4.0,3.84808,drop_decision_no_action,-1,-1,-1,veh4,0.0,False
2388,3.86708,CAM_DROP_PHY,3855,7,4.0,3.86708,drop_decision_no_action,-1,-1,-1,veh4,0.0,False
2382,3.87033,CPM_DROP_PHY,3852,10,4.0,3.87033,drop_decision_no_action,-1,-1,-1,veh4,0.0,False
2382,3.87033,CAM_DROP_PHY,3869,10,4.0,3.87033,drop_decision_no_action,-1,-1,-1,veh4,0.0,False
2393,3.87908,CAM_DROP_PHY,3863,3,4.0,3.87908,drop_decision_no_action,-1,-1,-1,veh4,0.0,False
2390,3.88858,CAM_DROP_PHY,3856,11,4.0,3.88858,drop_decision_no_action,-1,-1,-1,veh4,0.0,False
2424,3.89633,CAM_DROP_PHY,3884,8,4.0,3.89633,drop_decision_no_action,-1,-1,-1,veh4,0.0,False
2442,3.89908,CPM_DROP_PHY,3896,3,4.0,3.89908,drop_decision_no_action,-1,-1,-1,veh4,0.0,False
2451,3.91883,CAM_DROP_PHY,3899,5,4.0,3.91883,drop_decision_no_action,-1,-1,-1,veh4,0.0,False
2470,3.92808,CPM_DROP_PHY,3915,6,4.0,3.92808,drop_decision_no_action,-1,-1,-1,veh4,0.0,False
2500,3.94808,CAM_DROP_PHY,3934,6,4.0,3.94808,drop_decision_no_action,-1,-1,-1,veh4,0.0,False
2521,3.97033,CPM_DROP_PHY,3952,10,4.0,3.97033,drop_decision_no_action,-1,-1,-1,veh4,0.0,False
2528,3.97508,CAM_DROP_PHY,3956,11,4.0,3.97508,drop_decision_no_action,-1,-1,-1,veh4,0.0,False
2531,3.97908,CAM_DROP_PHY,3963,3,4.0,3.97908,drop_decision_no_action,-1,-1,-1,veh4,0.0,False
2540,3.98833,CAM_DROP_PHY,3970,9,4.0,3.98833,drop_decision_no_action,-1,-1,-1,veh4,0.0,False
2555,3.99633,CAM_DROP_PHY,3984,8,4.0,3.99633,drop_decision_no_action,-1,-1,-1,veh4,0.0,False
2584,4.01883,CAM_DROP_PHY,3999,5,4.0,4.01883,drop_decision_no_action,-1,-1,-1,veh4,0.0,False
2608,4.02083,CPM_DROP_PHY,4015,6,4.0,4.02083,drop_decision_no_action,-1,-1,-1,veh4,0.0,False
2636,4.04083,CAM_DROP_PHY,4034,6,4.0,4.04083,drop_decision_no_action,-1,-1,-1,veh4,0.0,False
2658,4.05883,CPM_DROP_PHY,4051,5,4.0,4.05883,drop_decision_no_action,-1,-1,-1,veh4,0.0,False
2660,4.06708,CAM_DROP_PHY,4055,7,4.0,4.06708,drop_decision_no_action,-1,-1,-1,veh4,0.0,False
2677,4.07033,CAM_DROP_PHY,4069,10,4.0,4.07033,drop_decision_no_action,-1,-1,-1,veh4,0.0,False
2670,4.07908,CAM_DROP_PHY,4063,3,4.0,4.07908,drop_decision_no_action,-1,-1,-1,veh4,0.0,False
2662,4.08858,CAM_DROP_PHY,4056,11,4.0,4.08858,drop_decision_no_action,-1,-1,-1,veh4,0.0,False
2701,4.09633,CPM_DROP_PHY,4079,8,4.0,4.09633,drop_decision_no_action,-1,-1,-1,veh4,0.0,False
2701,4.09633,CAM_DROP_PHY,4084,8,4.0,4.09633,drop_decision_no_action,-1,-1,-1,veh4,0.0,False
2721,4.10508,CPM_DROP_PHY,4095,2,4.0,4.10508,drop_decision_no_action,-1,-1,-1,veh4,0.0,False
2731,4.11883,CAM_DROP_PHY,4099,5,4.0,4.11883,drop_decision_no_action,-1,-1,-1,veh4,0.0,False
2767,4.12508,CAM_DROP_PHY,4123,2,4.0,4.12508,drop_decision_no_action,-1,-1,-1,veh4,0.0,False
2781,4.13508,CPM_DROP_PHY,4133,11,4.0,4.13508,drop_decision_no_action,-1,-1,-1,veh4,0.0,False
2782,4.14083,CAM_DROP_PHY,4134,6,4.0,4.14083,drop_decision_no_action,-1,-1,-1,veh4,0.0,False
2830,4.17033,CAM_DROP_PHY,4169,10,4.0,4.17033,drop_decision_no_action,-1,-1,-1,veh4,0.0,False
2820,4.17508,CAM_DROP_PHY,4156,11,4.0,4.17508,drop_decision_no_action,-1,-1,-1,veh4,0.0,False
2825,4.17908,CAM_DROP_PHY,4163,3,4.0,4.17908,drop_decision_no_action,-1,-1,-1,veh4,0.0,False
2834,4.18833,CAM_DROP_PHY,4170,9,4.0,4.18833,drop_decision_no_action,-1,-1,-1,veh4,0.0,False
2834,4.18833,CPM_DROP_PHY,4186,9,4.0,4.18833,drop_decision_no_action,-1,-1,-1,veh4,0.0,False
2851,4.19633,CAM_DROP_PHY,4184,8,4.0,4.19633,drop_decision_no_action,-1,-1,-1,veh4,0.0,False
2880,4.21883,CAM_DROP_PHY,4199,5,4.0,4.21883,drop_decision_no_action,-1,-1,-1,veh4,0.0,False
2916,4.24083,CAM_DROP_PHY,4234,6,4.0,4.24083,drop_decision_no_action,-1,-1,-1,veh4,0.0,False
2940,4.26708,CAM_DROP_PHY,4255,7,4.0,4.26708,drop_decision_no_action,-1,-1,-1,veh4,0.0,False
2952,4.27033,CAM_DROP_PHY,4269,10,4.0,4.27033,drop_decision_no_action,-1,-1,-1,veh4,0.0,False
2945,4.27908,CAM_DROP_PHY,4263,3,4.0,4.27908,drop_decision_no_action,-1,-1,-1,veh4,0.0,False
2973,4.29383,CAM_DROP_PHY,4284,8,4.0,4.29383,drop_decision_no_action,-1,-1,-1,veh4,0.0,False
2992,4.31883,CAM_DROP_PHY,4299,5,4.0,4.31883,drop_decision_no_action,-1,-1,-1,veh4,0.0,False
3028,4.33508,CPM_DROP_PHY,4333,11,4.0,4.33508,drop_decision_no_action,-1,-1,-1,veh4,0.0,False
3029,4.34083,CAM_DROP_PHY,4334,6,4.0,4.34083,drop_decision_no_action,-1,-1,-1,veh4,0.0,False
3057,4.35883,CPM_DROP_PHY,4351,5,4.0,4.35883,drop_decision_no_action,-1,-1,-1,veh4,0.0,False
3072,4.37033,CAM_DROP_PHY,4369,10,4.0,4.37033,drop_decision_no_action,-1,-1,-1,veh4,0.0,False
3068,4.37908,CAM_DROP_PHY,4363,3,4.0,4.37908,drop_decision_no_action,-1,-1,-1,veh4,0.0,False
3076,4.38833,CAM_DROP_PHY,4370,9,4.0,4.38833,drop_decision_no_action,-1,-1,-1,veh4,0.0,False
3094,4.39383,CAM_DROP_PHY,4384,8,4.0,4.39383,drop_decision_no_action,-1,-1,-1,veh4,0.0,False
3151,4.43508,CPM_DROP_PHY,4433,11,4.0,4.43508,drop_decision_no_action,-1,-1,-1,veh4,0.0,False
3152,4.44083,CAM_DROP_PHY,4434,6,4.0,4.44083,drop_decision_no_action,-1,-1,-1,veh4,0.0,False
3146,4.44383,CAM_DROP_PHY,4423,2,4.0,4.44383,drop_decision_no_action,-1,-1,-1,veh4,0.0,False
3181,4.45283,CPM_DROP_PHY,4452,10,4.0,4.45283,drop_decision_no_action,-1,-1,-1,veh4,0.0,False
3193,4.46083,CAM_DROP_PHY,4455,7,4.0,4.46083,drop_decision_no_action,-1,-1,-1,veh4,0.0,False
3180,4.46433,CPM_DROP_PHY,4451,5,4.0,4.46433,drop_decision_no_action,-1,-1,-1,veh4,0.0,False
3212,4.47283,CAM_DROP_PHY,4469,10,4.0,4.47283,drop_decision_no_action,-1,-1,-1,veh4,0.0,False
3195,4.47508,CAM_DROP_PHY,4456,11,4.0,4.47508,drop_decision_no_action,-1,-1,-1,veh4,0.0,False
3205,4.47908,CAM_DROP_PHY,4463,3,4.0,4.47908,drop_decision_no_action,-1,-1,-1,veh4,0.0,False
3257,4.50433,CAM_DROP_PHY,4499,5,4.0,4.50433,drop_decision_no_action,-1,-1,-1,veh4,0.0,False
3293,4.53508,CPM_DROP_PHY,4533,11,4.0,4.53508,drop_decision_no_action,-1,-1,-1,veh4,0.0,False
3294,4.54083,CAM_DROP_PHY,4534,6,4.0,4.54083,drop_decision_no_action,-1,-1,-1,veh4,0.0,False
3318,4.56433,CPM_DROP_PHY,4551,5,4.0,4.56433,drop_decision_no_action,-1,-1,-1,veh4,0.0,False
3333,4.57283,CAM_DROP_PHY,4569,10,4.0,4.57283,drop_decision_no_action,-1,-1,-1,veh4,0.0,False
3327,4.57908,CAM_DROP_PHY,4563,3,4.0,4.57908,drop_decision_no_action,-1,-1,-1,veh4,0.0,False
3335,4.58833,CAM_DROP_PHY,4570,9,4.0,4.58833,drop_decision_no_action,-1,-1,-1,veh4,0.0,False
3359,4.59383,CAM_DROP_PHY,4584,8,4.0,4.59383,drop_decision_no_action,-1,-1,-1,veh4,0.0,False
3379,4.60433,CAM_DROP_PHY,4599,5,4.0,4.60433,drop_decision_no_action,-1,-1,-1,veh4,0.0,False
3421,4.63508,CPM_DROP_PHY,4633,11,4.0,4.63508,drop_decision_no_action,-1,-1,-1,veh4,0.0,False
3418,4.64083,CPM_DROP_PHY,4630,7,4.0,4.64083,drop_decision_no_action,-1,-1,-1,veh4,0.0,False
3449,4.66083,CAM_DROP_PHY,4655,7,4.0,4.66083,drop_decision_no_action,-1,-1,-1,veh4,0.0,False
3444,4.66433,CPM_DROP_PHY,4651,5,4.0,4.66433,drop_decision_no_action,-1,-1,-1,veh4,0.0,False
3465,4.67283,CAM_DROP_PHY,4669,10,4.0,4.67283,drop_decision_no_action,-1,-1,-1,veh4,0.0,False
3459,4.67908,CAM_DROP_PHY,4663,3,4.0,4.67908,drop_decision_no_action,-1,-1,-1,veh4,0.0,False
3494,4.68833,CPM_DROP_PHY,4686,9,4.0,4.68833,drop_decision_no_action,-1,-1,-1,veh4,0.0,False
3509,4.70433,CAM_DROP_PHY,4699,5,4.0,4.70433,drop_decision_no_action,-1,-1,-1,veh4,0.0,False
3548,4.73508,CPM_DROP_PHY,4733,11,4.0,4.73508,drop_decision_no_action,-1,-1,-1,veh4,0.0,False
3549,4.74083,CAM_DROP_PHY,4734,6,4.0,4.74083,drop_decision_no_action,-1,-1,-1,veh4,0.0,False
3542,4.74383,CAM_DROP_PHY,4723,2,4.0,4.74383,drop_decision_no_action,-1,-1,-1,veh4,0.0,False
3583,4.76083,CAM_DROP_PHY,4755,7,4.0,4.76083,drop_decision_no_action,-1,-1,-1,veh4,0.0,False
3577,4.76433,CPM_DROP_PHY,4751,5,4.0,4.76433,drop_decision_no_action,-1,-1,-1,veh4,0.0,False
3594,4.77158,CAM_DROP_PHY,4763,3,4.0,4.77158,drop_decision_no_action,-1,-1,-1,veh4,0.0,False
3585,4.77508,CAM_DROP_PHY,4756,11,4.0,4.77508,drop_decision_no_action,-1,-1,-1,veh4,0.0,False
3603,4.78683,CAM_DROP_PHY,4770,9,4.0,4.78683,drop_decision_no_action,-1,-1,-1,veh4,0.0,False
3630,4.79383,CAM_DROP_PHY,4784,8,4.0,4.79383,drop_decision_no_action,-1,-1,-1,veh4,0.0,False
3647,4.80433,CAM_DROP_PHY,4799,5,4.0,4.80433,drop_decision_no_action,-1,-1,-1,veh4,0.0,False
3680,4.82083,CPM_DROP_PHY,4815,6,4.0,4.82083,drop_decision_no_action,-1,-1,-1,veh4,0.0,False
3705,4.83508,CPM_DROP_PHY,4833,11,4.0,4.83508,drop_decision_no_action,-1,-1,-1,veh4,0.0,False
3724,4.85283,CPM_DROP_PHY,4852,10,4.0,4.85283,drop_decision_no_action,-1,-1,-1,veh4,0.0,False
3734,4.86083,CAM_DROP_PHY,4855,7,4.0,4.86083,drop_decision_no_action,-1,-1,-1,veh4,0.0,False
3723,4.86433,CPM_DROP_PHY,4851,5,4.0,4.86433,drop_decision_no_action,-1,-1,-1,veh4,0.0,False
3744,4.87158,CAM_DROP_PHY,4863,3,4.0,4.87158,drop_decision_no_action,-1,-1,-1,veh4,0.0,False
3750,4.87283,CAM_DROP_PHY,4869,10,4.0,4.87283,drop_decision_no_action,-1,-1,-1,veh4,0.0,False
3754,4.88683,CAM_DROP_PHY,4870,9,4.0,4.88683,drop_decision_no_action,-1,-1,-1,veh4,0.0,False
3795,4.90433,CAM_DROP_PHY,4899,5,4.0,4.90433,drop_decision_no_action,-1,-1,-1,veh4,0.0,False
3794,4.91158,CPM_DROP_PHY,4896,3,4.0,4.91158,drop_decision_no_action,-1,-1,-1,veh4,0.0,False
3827,4.92083,CPM_DROP_PHY,4915,6,4.0,4.92083,drop_decision_no_action,-1,-1,-1,veh4,0.0,False
3855,4.93508,CPM_DROP_PHY,4933,11,4.0,4.93508,drop_decision_no_action,-1,-1,-1,veh4,0.0,False
3856,4.94083,CAM_DROP_PHY,4934,6,4.0,4.94083,drop_decision_no_action,-1,-1,-1,veh4,0.0,False
3884,4.96083,CAM_DROP_PHY,4955,7,4.0,4.96083,drop_decision_no_action,-1,-1,-1,veh4,0.0,False
3880,4.96433,CPM_DROP_PHY,4951,5,4.0,4.96433,drop_decision_no_action,-1,-1,-1,veh4,0.0,False
3892,4.97158,CAM_DROP_PHY,4963,3,4.0,4.97158,drop_decision_no_action,-1,-1,-1,veh4,0.0,False
3901,4.98683,CAM_DROP_PHY,4970,9,4.0,4.98683,drop_decision_no_action,-1,-1,-1,veh4,0.0,False
3923,4.99383,CAM_DROP_PHY,4984,8,4.0,4.99383,drop_decision_no_action,-1,-1,-1,veh4,0.0,False
3929,4.99458,CAM_DROP_PHY,4990,12,4.0,4.99458,drop_decision_no_action,-1,-1,-1,veh4,0.0,False
3941,5.00433,CAM_DROP_PHY,4999,5,4.0,5.00433,drop_decision_no_action,-1,-1,-1,veh4,0.0,False
3979,5.02083,CPM_DROP_PHY,5015,6,4.0,5.02083,drop_decision_no_action,-1,-1,-1,veh4,0.0,False
4018,5.06083,CAM_DROP_PHY,5055,7,4.0,5.06083,drop_decision_no_action,-1,-1,-1,veh4,0.0,False
4014,5.06433,CPM_DROP_PHY,5051,5,4.0,5.06433,drop_decision_no_action,-1,-1,-1,veh4,0.0,False
4019,5.07133,CAM_DROP_PHY,5056,11,4.0,5.07133,drop_decision_no_action,-1,-1,-1,veh4,0.0,False
4027,5.07158,CAM_DROP_PHY,5063,3,4.0,5.07158,drop_decision_no_action,-1,-1,-1,veh4,0.0,False
4033,5.07283,CAM_DROP_PHY,5069,10,4.0,5.07283,drop_decision_no_action,-1,-1,-1,veh4,0.0,False
4037,5.08683,CAM_DROP_PHY,5070,9,4.0,5.08683,drop_decision_no_action,-1,-1,-1,veh4,0.0,False
4066,5.09383,CPM_DROP_PHY,5079,8,4.0,5.09383,drop_decision_no_action,-1,-1,-1,veh4,0.0,False
4089,5.10383,CPM_DROP_PHY,5095,2,4.0,5.10383,drop_decision_no_action,-1,-1,-1,veh4,0.0,False
4090,5.10433,CAM_DROP_PHY,5099,5,4.0,5.10433,drop_decision_no_action,-1,-1,-1,veh4,0.0,False
4110,5.11458,CPM_DROP_PHY,5106,12,4.0,5.11458,drop_decision_no_action,-1,-1,-1,veh4,0.0,False
4132,5.12083,CPM_DROP_PHY,5115,6,4.0,5.12083,drop_decision_no_action,-1,-1,-1,veh4,0.0,False
4163,5.14083,CAM_DROP_PHY,5134,6,4.0,5.14083,drop_decision_no_action,-1,-1,-1,veh4,0.0,False
4185,5.15683,CAM_DROP_PHY,5155,7,4.0,5.15683,drop_decision_no_action,-1,-1,-1,veh4,0.0,False
4182,5.16433,CPM_DROP_PHY,5151,5,4.0,5.16433,drop_decision_no_action,-1,-1,-1,veh4,0.0,False
4189,5.17133,CAM_DROP_PHY,5156,11,4.0,5.17133,drop_decision_no_action,-1,-1,-1,veh4,0.0,False
4198,5.17158,CAM_DROP_PHY,5163,3,4.0,5.17158,drop_decision_no_action,-1,-1,-1,veh4,0.0,False
4204,5.18683,CAM_DROP_PHY,5170,9,4.0,5.18683,drop_decision_no_action,-1,-1,-1,veh4,0.0,False
4233,5.19383,CAM_DROP_PHY,5184,8,4.0,5.19383,drop_decision_no_action,-1,-1,-1,veh4,0.0,False
4240,5.19458,CAM_DROP_PHY,5190,12,4.0,5.19458,drop_decision_no_action,-1,-1,-1,veh4,0.0,False
4252,5.20433,CAM_DROP_PHY,5199,5,4.0,5.20433,drop_decision_no_action,-1,-1,-1,veh4,0.0,False
4289,5.22083,CPM_DROP_PHY,5215,6,4.0,5.22083,drop_decision_no_action,-1,-1,-1,veh4,0.0,False
4325,5.26433,CPM_DROP_PHY,5251,5,4.0,5.26433,drop_decision_no_action,-1,-1,-1,veh4,0.0,False
4329,5.27133,CAM_DROP_PHY,5256,11,4.0,5.27133,drop_decision_no_action,-1,-1,-1,veh4,0.0,False
4334,5.27158,CAM_DROP_PHY,5263,3,4.0,5.27158,drop_decision_no_action,-1,-1,-1,veh4,0.0,False
4339,5.28283,CAM_DROP_PHY,5269,10,4.0,5.28283,drop_decision_no_action,-1,-1,-1,veh4,0.0,False
4341,5.28683,CAM_DROP_PHY,5270,9,4.0,5.28683,drop_decision_no_action,-1,-1,-1,veh4,0.0,False
4388,5.30433,CAM_DROP_PHY,5299,5,4.0,5.30433,drop_decision_no_action,-1,-1,-1,veh4,0.0,False
4413,5.32083,CPM_DROP_PHY,5315,6,4.0,5.32083,drop_decision_no_action,-1,-1,-1,veh4,0.0,False
4439,5.34083,CAM_DROP_PHY,5334,6,4.0,5.34083,drop_decision_no_action,-1,-1,-1,veh4,0.0,False
4438,5.35133,CPM_DROP_PHY,5333,11,4.0,5.35133,drop_decision_no_action,-1,-1,-1,veh4,0.0,False
4467,5.35683,CAM_DROP_PHY,5355,7,4.0,5.35683,drop_decision_no_action,-1,-1,-1,veh4,0.0,False
4463,5.36433,CPM_DROP_PHY,5351,5,4.0,5.36433,drop_decision_no_action,-1,-1,-1,veh4,0.0,False
4472,5.37133,CAM_DROP_PHY,5356,11,4.0,5.37133,drop_decision_no_action,-1,-1,-1,veh4,0.0,False
4483,5.37158,CAM_DROP_PHY,5363,3,4.0,5.37158,drop_decision_no_action,-1,-1,-1,veh4,0.0,False
4518,5.39383,CAM_DROP_PHY,5384,8,4.0,5.39383,drop_decision_no_action,-1,-1,-1,veh4,0.0,False
4522,5.39458,CAM_DROP_PHY,5390,12,4.0,5.39458,drop_decision_no_action,-1,-1,-1,veh4,0.0,False
4533,5.40433,CAM_DROP_PHY,5399,5,4.0,5.40433,drop_decision_no_action,-1,-1,-1,veh4,0.0,False
4564,5.42083,CPM_DROP_PHY,5415,6,4.0,5.42083,drop_decision_no_action,-1,-1,-1,veh4,0.0,False
4603,5.46433,CPM_DROP_PHY,5451,5,4.0,5.46433,drop_decision_no_action,-1,-1,-1,veh4,0.0,False
4608,5.47133,CAM_DROP_PHY,5456,11,4.0,5.47133,drop_decision_no_action,-1,-1,-1,veh4,0.0,False
4612,5.47158,CAM_DROP_PHY,5463,3,4.0,5.47158,drop_decision_no_action,-1,-1,-1,veh4,0.0,False
4617,5.48283,CAM_DROP_PHY,5469,10,4.0,5.48283,drop_decision_no_action,-1,-1,-1,veh4,0.0,False
4619,5.48683,CAM_DROP_PHY,5470,9,4.0,5.48683,drop_decision_no_action,-1,-1,-1,veh4,0.0,False
4657,5.49458,CAM_DROP_PHY,5490,12,4.0,5.49458,drop_decision_no_action,-1,-1,-1,veh4,0.0,False
4670,5.50433,CAM_DROP_PHY,5499,5,4.0,5.50433,drop_decision_no_action,-1,-1,-1,veh4,0.0,False
4701,5.53283,CPM_DROP_PHY,5515,6,4.0,5.53283,drop_decision_no_action,-1,-1,-1,veh4,0.0,False
4720,5.55283,CAM_DROP_PHY,5534,6,4.0,5.55283,drop_decision_no_action,-1,-1,-1,veh4,0.0,False
4746,5.55683,CAM_DROP_PHY,5555,7,4.0,5.55683,drop_decision_no_action,-1,-1,-1,veh4,0.0,False
4761,5.57158,CAM_DROP_PHY,5563,3,4.0,5.57158,drop_decision_no_action,-1,-1,-1,veh4,0.0,False
4784,5.59458,CAM_DROP_PHY,5590,12,4.0,5.59458,drop_decision_no_action,-1,-1,-1,veh4,0.0,False
4782,5.59558,CAM_DROP_PHY,5584,8,4.0,5.59558,drop_decision_no_action,-1,-1,-1,veh4,0.0,False
4796,5.61483,CAM_DROP_PHY,5599,5,4.0,5.61483,drop_decision_no_action,-1,-1,-1,veh4,0.0,False
4840,5.63683,CPM_DROP_PHY,5630,7,4.0,5.63683,drop_decision_no_action,-1,-1,-1,veh4,0.0,False
4865,5.65483,CPM_DROP_PHY,5651,5,4.0,5.65483,drop_decision_no_action,-1,-1,-1,veh4,0.0,False
4873,5.66983,CAM_DROP_PHY,5656,11,4.0,5.66983,drop_decision_no_action,-1,-1,-1,veh4,0.0,False
4882,5.67158,CAM_DROP_PHY,5663,3,4.0,5.67158,drop_decision_no_action,-1,-1,-1,veh4,0.0,False
4888,5.68108,CAM_DROP_PHY,5670,9,4.0,5.68108,drop_decision_no_action,-1,-1,-1,veh4,0.0,False
4884,5.68283,CAM_DROP_PHY,5669,10,4.0,5.68283,drop_decision_no_action,-1,-1,-1,veh4,0.0,False
4923,5.69458,CAM_DROP_PHY,5690,12,4.0,5.69458,drop_decision_no_action,-1,-1,-1,veh4,0.0,False
4915,5.69558,CAM_DROP_PHY,5684,8,4.0,5.69558,drop_decision_no_action,-1,-1,-1,veh4,0.0,False
4917,5.70108,CPM_DROP_PHY,5686,9,4.0,5.70108,drop_decision_no_action,-1,-1,-1,veh4,0.0,False
4939,5.71483,CAM_DROP_PHY,5699,5,4.0,5.71483,drop_decision_no_action,-1,-1,-1,veh4,0.0,False
4989,5.74058,CAM_DROP_PHY,5723,2,4.0,5.74058,drop_decision_no_action,-1,-1,-1,veh4,0.0,False
4995,5.75283,CAM_DROP_PHY,5734,6,4.0,5.75283,drop_decision_no_action,-1,-1,-1,veh4,0.0,False
5016,5.75483,CPM_DROP_PHY,5751,5,4.0,5.75483,drop_decision_no_action,-1,-1,-1,veh4,0.0,False
5027,5.75683,CAM_DROP_PHY,5755,7,4.0,5.75683,drop_decision_no_action,-1,-1,-1,veh4,0.0,False
5046,5.77158,CAM_DROP_PHY,5763,3,4.0,5.77158,drop_decision_no_action,-1,-1,-1,veh4,0.0,False
5049,5.78283,CAM_DROP_PHY,5769,10,4.0,5.78283,drop_decision_no_action,-1,-1,-1,veh4,0.0,False
5076,5.79458,CAM_DROP_PHY,5790,12,4.0,5.79458,drop_decision_no_action,-1,-1,-1,veh4,0.0,False
5071,5.79558,CAM_DROP_PHY,5784,8,4.0,5.79558,drop_decision_no_action,-1,-1,-1,veh4,0.0,False
5091,5.81483,CAM_DROP_PHY,5799,5,4.0,5.81483,drop_decision_no_action,-1,-1,-1,veh4,0.0,False
5137,5.85283,CAM_DROP_PHY,5834,6,4.0,5.85283,drop_decision_no_action,-1,-1,-1,veh4,0.0,False
5152,5.85858,CPM_DROP_PHY,5852,10,4.0,5.85858,drop_decision_no_action,-1,-1,-1,veh4,0.0,False
5161,5.86983,CAM_DROP_PHY,5856,11,4.0,5.86983,drop_decision_no_action,-1,-1,-1,veh4,0.0,False
5171,5.87158,CAM_DROP_PHY,5863,3,4.0,5.87158,drop_decision_no_action,-1,-1,-1,veh4,0.0,False
5178,5.88108,CAM_DROP_PHY,5870,9,4.0,5.88108,drop_decision_no_action,-1,-1,-1,veh4,0.0,False
5174,5.89208,CAM_DROP_PHY,5869,10,4.0,5.89208,drop_decision_no_action,-1,-1,-1,veh4,0.0,False
5216,5.89458,CAM_DROP_PHY,5890,12,4.0,5.89458,drop_decision_no_action,-1,-1,-1,veh4,0.0,False
5209,5.89558,CAM_DROP_PHY,5884,8,4.0,5.89558,drop_decision_no_action,-1,-1,-1,veh4,0.0,False
5231,5.90033,CPM_DROP_PHY,5896,3,4.0,5.90033,drop_decision_no_action,-1,-1,-1,veh4,0.0,False
5234,5.91483,CAM_DROP_PHY,5899,5,4.0,5.91483,drop_decision_no_action,-1,-1,-1,veh4,0.0,False
5288,5.95283,CAM_DROP_PHY,5934,6,4.0,5.95283,drop_decision_no_action,-1,-1,-1,veh4,0.0,False
5310,5.95683,CAM_DROP_PHY,5955,7,4.0,5.95683,drop_decision_no_action,-1,-1,-1,veh4,0.0,False
5328,5.97858,CAM_DROP_PHY,5969,10,4.0,5.97858,drop_decision_no_action,-1,-1,-1,veh4,0.0,False
5326,5.98033,CAM_DROP_PHY,5963,3,4.0,5.98033,drop_decision_no_action,-1,-1,-1,veh4,0.0,False
5355,5.99458,CAM_DROP_PHY,5990,12,4.0,5.99458,drop_decision_no_action,-1,-1,-1,veh4,0.0,False
5346,5.99558,CAM_DROP_PHY,5984,8,4.0,5.99558,drop_decision_no_action,-1,-1,-1,veh4,0.0,False
5369,6.01483,CAM_DROP_PHY,5999,5,4.0,6.01483,drop_decision_no_action,-1,-1,-1,veh4,0.0,False
5395,6.03283,CPM_DROP_PHY,6015,6,4.0,6.03283,drop_decision_no_action,-1,-1,-1,veh4,0.0,False
5419,6.05283,CAM_DROP_PHY,6034,6,4.0,6.05283,drop_decision_no_action,-1,-1,-1,veh4,0.0,False
5446,6.06983,CAM_DROP_PHY,6056,11,4.0,6.06983,drop_decision_no_action,-1,-1,-1,veh4,0.0,False
5457,6.07858,CAM_DROP_PHY,6069,10,4.0,6.07858,drop_decision_no_action,-1,-1,-1,veh4,0.0,False
5455,6.08033,CAM_DROP_PHY,6063,3,4.0,6.08033,drop_decision_no_action,-1,-1,-1,veh4,0.0,False
5461,6.08108,CAM_DROP_PHY,6070,9,4.0,6.08108,drop_decision_no_action,-1,-1,-1,veh4,0.0,False
5474,6.09558,CPM_DROP_PHY,6079,8,4.0,6.09558,drop_decision_no_action,-1,-1,-1,veh4,0.0,False
5474,6.09558,CAM_DROP_PHY,6084,8,4.0,6.09558,drop_decision_no_action,-1,-1,-1,veh4,0.0,False
5504,6.10058,CPM_DROP_PHY,6095,2,4.0,6.10058,drop_decision_no_action,-1,-1,-1,veh4,0.0,False
5527,6.11458,CPM_DROP_PHY,6106,12,4.0,6.11458,drop_decision_no_action,-1,-1,-1,veh4,0.0,False
5510,6.11483,CAM_DROP_PHY,6099,5,4.0,6.11483,drop_decision_no_action,-1,-1,-1,veh4,0.0,False
5543,6.13283,CPM_DROP_PHY,6115,6,4.0,6.13283,drop_decision_no_action,-1,-1,-1,veh4,0.0,False
5575,6.15283,CAM_DROP_PHY,6134,6,4.0,6.15283,drop_decision_no_action,-1,-1,-1,veh4,0.0,False
5598,6.15483,CPM_DROP_PHY,6151,5,4.0,6.15483,drop_decision_no_action,-1,-1,-1,veh4,0.0,False
5625,6.17858,CAM_DROP_PHY,6169,10,4.0,6.17858,drop_decision_no_action,-1,-1,-1,veh4,0.0,False
5622,6.18033,CAM_DROP_PHY,6163,3,4.0,6.18033,drop_decision_no_action,-1,-1,-1,veh4,0.0,False
5657,6.19458,CAM_DROP_PHY,6190,12,4.0,6.19458,drop_decision_no_action,-1,-1,-1,veh4,0.0,False
5669,6.21483,CAM_DROP_PHY,6199,5,4.0,6.21483,drop_decision_no_action,-1,-1,-1,veh4,0.0,False
5711,6.25283,CAM_DROP_PHY,6234,6,4.0,6.25283,drop_decision_no_action,-1,-1,-1,veh4,0.0,False
5725,6.25483,CPM_DROP_PHY,6251,5,4.0,6.25483,drop_decision_no_action,-1,-1,-1,veh4,0.0,False
5736,6.26983,CAM_DROP_PHY,6256,11,4.0,6.26983,drop_decision_no_action,-1,-1,-1,veh4,0.0,False
5609,6.27283,CAM_DROP_PHY,6155,7,4.0,6.27283,drop_decision_no_action,-1,-1,-1,veh4,0.0,False
5749,6.28033,CAM_DROP_PHY,6263,3,4.0,6.28033,drop_decision_no_action,-1,-1,-1,veh4,0.0,False
5755,6.28108,CAM_DROP_PHY,6270,9,4.0,6.28108,drop_decision_no_action,-1,-1,-1,veh4,0.0,False
5766,6.29558,CPM_DROP_PHY,6279,8,4.0,6.29558,drop_decision_no_action,-1,-1,-1,veh4,0.0,False
5766,6.29558,CAM_DROP_PHY,6284,8,4.0,6.29558,drop_decision_no_action,-1,-1,-1,veh4,0.0,False
5796,6.31483,CAM_DROP_PHY,6299,5,4.0,6.31483,drop_decision_no_action,-1,-1,-1,veh4,0.0,False
5840,6.34983,CPM_DROP_PHY,6333,11,4.0,6.34983,drop_decision_no_action,-1,-1,-1,veh4,0.0,False
5843,6.35283,CAM_DROP_PHY,6334,6,4.0,6.35283,drop_decision_no_action,-1,-1,-1,veh4,0.0,False
5865,6.37283,CAM_DROP_PHY,6355,7,4.0,6.37283,drop_decision_no_action,-1,-1,-1,veh4,0.0,False
5878,6.38033,CAM_DROP_PHY,6363,3,4.0,6.38033,drop_decision_no_action,-1,-1,-1,veh4,0.0,False
5880,6.39208,CAM_DROP_PHY,6369,10,4.0,6.39208,drop_decision_no_action,-1,-1,-1,veh4,0.0,False
5911,6.39333,CAM_DROP_PHY,6390,12,4.0,6.39333,drop_decision_no_action,-1,-1,-1,veh4,0.0,False
5924,6.40033,CPM_DROP_PHY,6396,3,4.0,6.40033,drop_decision_no_action,-1,-1,-1,veh4,0.0,False
5926,6.41483,CAM_DROP_PHY,6399,5,4.0,6.41483,drop_decision_no_action,-1,-1,-1,veh4,0.0,False
5970,6.45283,CAM_DROP_PHY,6434,6,4.0,6.45283,drop_decision_no_action,-1,-1,-1,veh4,0.0,False
5988,6.46983,CAM_DROP_PHY,6456,11,4.0,6.46983,drop_decision_no_action,-1,-1,-1,veh4,0.0,False
5997,6.48033,CAM_DROP_PHY,6463,3,4.0,6.48033,drop_decision_no_action,-1,-1,-1,veh4,0.0,False
6002,6.48108,CAM_DROP_PHY,6470,9,4.0,6.48108,drop_decision_no_action,-1,-1,-1,veh4,0.0,False
6023,6.49558,CAM_DROP_PHY,6484,8,4.0,6.49558,drop_decision_no_action,-1,-1,-1,veh4,0.0,False
6041,6.51483,CAM_DROP_PHY,6499,5,4.0,6.51483,drop_decision_no_action,-1,-1,-1,veh4,0.0,False
6081,6.55283,CAM_DROP_PHY,6534,6,4.0,6.55283,drop_decision_no_action,-1,-1,-1,veh4,0.0,False
6099,6.57283,CAM_DROP_PHY,6555,7,4.0,6.57283,drop_decision_no_action,-1,-1,-1,veh4,0.0,False
6110,6.57858,CAM_DROP_PHY,6569,10,4.0,6.57858,drop_decision_no_action,-1,-1,-1,veh4,0.0,False
6108,6.58033,CAM_DROP_PHY,6563,3,4.0,6.58033,drop_decision_no_action,-1,-1,-1,veh4,0.0,False
6111,6.58108,CAM_DROP_PHY,6570,9,4.0,6.58108,drop_decision_no_action,-1,-1,-1,veh4,0.0,False
6145,6.59333,CAM_DROP_PHY,6590,12,4.0,6.59333,drop_decision_no_action,-1,-1,-1,veh4,0.0,False
6162,6.61483,CAM_DROP_PHY,6599,5,4.0,6.61483,drop_decision_no_action,-1,-1,-1,veh4,0.0,False
6194,6.63283,CPM_DROP_PHY,6630,7,4.0,6.63283,drop_decision_no_action,-1,-1,-1,veh4,0.0,False
6204,6.65283,CAM_DROP_PHY,6634,6,4.0,6.65283,drop_decision_no_action,-1,-1,-1,veh4,0.0,False
6218,6.65483,CPM_DROP_PHY,6651,5,4.0,6.65483,drop_decision_no_action,-1,-1,-1,veh4,0.0,False
6242,6.67133,CAM_DROP_PHY,6663,3,4.0,6.67133,drop_decision_no_action,-1,-1,-1,veh4,0.0,False
6229,6.67233,CAM_DROP_PHY,6656,11,4.0,6.67233,drop_decision_no_action,-1,-1,-1,veh4,0.0,False
6245,6.68108,CAM_DROP_PHY,6670,9,4.0,6.68108,drop_decision_no_action,-1,-1,-1,veh4,0.0,False
6272,6.69733,CAM_DROP_PHY,6684,8,4.0,6.69733,drop_decision_no_action,-1,-1,-1,veh4,0.0,False
6274,6.70108,CPM_DROP_PHY,6686,9,4.0,6.70108,drop_decision_no_action,-1,-1,-1,veh4,0.0,False
6290,6.71483,CAM_DROP_PHY,6699,5,4.0,6.71483,drop_decision_no_action,-1,-1,-1,veh4,0.0,False
6327,6.74058,CAM_DROP_PHY,6723,2,4.0,6.74058,drop_decision_no_action,-1,-1,-1,veh4,0.0,False
6337,6.75283,CAM_DROP_PHY,6734,6,4.0,6.75283,drop_decision_no_action,-1,-1,-1,veh4,0.0,False
6371,6.77133,CAM_DROP_PHY,6763,3,4.0,6.77133,drop_decision_no_action,-1,-1,-1,veh4,0.0,False
6362,6.77233,CAM_DROP_PHY,6756,11,4.0,6.77233,drop_decision_no_action,-1,-1,-1,veh4,0.0,False
6361,6.77283,CAM_DROP_PHY,6755,7,4.0,6.77283,drop_decision_no_action,-1,-1,-1,veh4,0.0,False
6373,6.77858,CAM_DROP_PHY,6769,10,4.0,6.77858,drop_decision_no_action,-1,-1,-1,veh4,0.0,False
6374,6.78358,CAM_DROP_PHY,6770,9,4.0,6.78358,drop_decision_no_action,-1,-1,-1,veh4,0.0,False
6414,6.79333,CAM_DROP_PHY,6790,12,4.0,6.79333,drop_decision_no_action,-1,-1,-1,veh4,0.0,False
6433,6.81483,CAM_DROP_PHY,6799,5,4.0,6.81483,drop_decision_no_action,-1,-1,-1,veh4,0.0,False
6471,6.85283,CAM_DROP_PHY,6834,6,4.0,6.85283,drop_decision_no_action,-1,-1,-1,veh4,0.0,False
6481,6.86033,CPM_DROP_PHY,6852,10,4.0,6.86033,drop_decision_no_action,-1,-1,-1,veh4,0.0,False
6489,6.87233,CAM_DROP_PHY,6856,11,4.0,6.87233,drop_decision_no_action,-1,-1,-1,veh4,0.0,False
6488,6.87333,CAM_DROP_PHY,6855,7,4.0,6.87333,drop_decision_no_action,-1,-1,-1,veh4,0.0,False
6504,6.88358,CAM_DROP_PHY,6870,9,4.0,6.88358,drop_decision_no_action,-1,-1,-1,veh4,0.0,False
6538,6.89333,CAM_DROP_PHY,6890,12,4.0,6.89333,drop_decision_no_action,-1,-1,-1,veh4,0.0,False
6537,6.90358,CPM_DROP_PHY,6886,9,4.0,6.90358,drop_decision_no_action,-1,-1,-1,veh4,0.0,False
6535,6.90583,CAM_DROP_PHY,6884,8,4.0,6.90583,drop_decision_no_action,-1,-1,-1,veh4,0.0,False
6551,6.91133,CPM_DROP_PHY,6896,3,4.0,6.91133,drop_decision_no_action,-1,-1,-1,veh4,0.0,False
6558,6.91708,CAM_DROP_PHY,6899,5,4.0,6.91708,drop_decision_no_action,-1,-1,-1,veh4,0.0,False
6613,6.93533,CAM_DROP_PHY,6934,6,4.0,6.93533,drop_decision_no_action,-1,-1,-1,veh4,0.0,False
6635,6.97233,CAM_DROP_PHY,6956,11,4.0,6.97233,drop_decision_no_action,-1,-1,-1,veh4,0.0,False
6634,6.97333,CAM_DROP_PHY,6955,7,4.0,6.97333,drop_decision_no_action,-1,-1,-1,veh4,0.0,False
6642,6.98033,CAM_DROP_PHY,6969,10,4.0,6.98033,drop_decision_no_action,-1,-1,-1,veh4,0.0,False
6643,6.98358,CAM_DROP_PHY,6970,9,4.0,6.98358,drop_decision_no_action,-1,-1,-1,veh4,0.0,False
6679,6.99333,CAM_DROP_PHY,6990,12,4.0,6.99333,drop_decision_no_action,-1,-1,-1,veh4,0.0,False
6676,7.00358,CPM_DROP_PHY,6986,9,4.0,7.00358,drop_decision_no_action,-1,-1,-1,veh4,0.0,False
6696,7.01708,CAM_DROP_PHY,6999,5,4.0,7.01708,drop_decision_no_action,-1,-1,-1,veh4,0.0,False
6714,7.03533,CPM_DROP_PHY,7015,6,4.0,7.03533,drop_decision_no_action,-1,-1,-1,veh4,0.0,False
6714,7.03533,CAM_DROP_PHY,7034,6,4.0,7.03533,drop_decision_no_action,-1,-1,-1,veh4,0.0,False
6763,7.07233,CAM_DROP_PHY,7056,11,4.0,7.07233,drop_decision_no_action,-1,-1,-1,veh4,0.0,False
6762,7.07333,CAM_DROP_PHY,7055,7,4.0,7.07333,drop_decision_no_action,-1,-1,-1,veh4,0.0,False
6770,7.08358,CAM_DROP_PHY,7070,9,4.0,7.08358,drop_decision_no_action,-1,-1,-1,veh4,0.0,False
6802,7.09333,CAM_DROP_PHY,7090,12,4.0,7.09333,drop_decision_no_action,-1,-1,-1,veh4,0.0,False
6813,7.10358,CPM_DROP_PHY,7095,2,4.0,7.10358,drop_decision_no_action,-1,-1,-1,veh4,0.0,False
6786,7.10583,CPM_DROP_PHY,7079,8,4.0,7.10583,drop_decision_no_action,-1,-1,-1,veh4,0.0,False
6786,7.10583,CAM_DROP_PHY,7084,8,4.0,7.10583,drop_decision_no_action,-1,-1,-1,veh4,0.0,False
6841,7.11333,CPM_DROP_PHY,7106,12,4.0,7.11333,drop_decision_no_action,-1,-1,-1,veh4,0.0,False
6822,7.11708,CAM_DROP_PHY,7099,5,4.0,7.11708,drop_decision_no_action,-1,-1,-1,veh4,0.0,False
6856,7.13533,CPM_DROP_PHY,7115,6,4.0,7.13533,drop_decision_no_action,-1,-1,-1,veh4,0.0,False
6856,7.13533,CAM_DROP_PHY,7134,6,4.0,7.13533,drop_decision_no_action,-1,-1,-1,veh4,0.0,False
6908,7.16683,CAM_DROP_PHY,7156,11,4.0,7.16683,drop_decision_no_action,-1,-1,-1,veh4,0.0,False
6907,7.17333,CAM_DROP_PHY,7155,7,4.0,7.17333,drop_decision_no_action,-1,-1,-1,veh4,0.0,False
6920,7.18033,CAM_DROP_PHY,7169,10,4.0,7.18033,drop_decision_no_action,-1,-1,-1,veh4,0.0,False
6949,7.19333,CAM_DROP_PHY,7190,12,4.0,7.19333,drop_decision_no_action,-1,-1,-1,veh4,0.0,False
6961,7.21708,CAM_DROP_PHY,7199,5,4.0,7.21708,drop_decision_no_action,-1,-1,-1,veh4,0.0,False
6979,7.23533,CPM_DROP_PHY,7215,6,4.0,7.23533,drop_decision_no_action,-1,-1,-1,veh4,0.0,False
6979,7.23533,CAM_DROP_PHY,7234,6,4.0,7.23533,drop_decision_no_action,-1,-1,-1,veh4,0.0,False
7024,7.25708,CPM_DROP_PHY,7251,5,4.0,7.25708,drop_decision_no_action,-1,-1,-1,veh4,0.0,False
7028,7.27333,CAM_DROP_PHY,7255,7,4.0,7.27333,drop_decision_no_action,-1,-1,-1,veh4,0.0,False
6945,7.30358,CPM_DROP_PHY,7186,9,4.0,7.30358,drop_decision_no_action,-1,-1,-1,veh4,0.0,False
7043,7.30358,CAM_DROP_PHY,7270,9,4.0,7.30358,drop_decision_no_action,-1,-1,-1,veh4,0.0,False
7065,7.30358,CPM_DROP_PHY,7286,9,4.0,7.30358,drop_decision_no_action,-1,-1,-1,veh4,0.0,False
7063,7.30583,CAM_DROP_PHY,7284,8,4.0,7.30583,drop_decision_no_action,-1,-1,-1,veh4,0.0,False
7081,7.31708,CAM_DROP_PHY,7299,5,4.0,7.31708,drop_decision_no_action,-1,-1,-1,veh4,0.0,False
7134,7.33533,CAM_DROP_PHY,7334,6,4.0,7.33533,drop_decision_no_action,-1,-1,-1,veh4,0.0,False
7131,7.34683,CPM_DROP_PHY,7333,11,4.0,7.34683,drop_decision_no_action,-1,-1,-1,veh4,0.0,False
7162,7.36683,CAM_DROP_PHY,7356,11,4.0,7.36683,drop_decision_no_action,-1,-1,-1,veh4,0.0,False
7161,7.37333,CAM_DROP_PHY,7355,7,4.0,7.37333,drop_decision_no_action,-1,-1,-1,veh4,0.0,False
7175,7.37783,CAM_DROP_PHY,7369,10,4.0,7.37783,drop_decision_no_action,-1,-1,-1,veh4,0.0,False
7205,7.39333,CAM_DROP_PHY,7390,12,4.0,7.39333,drop_decision_no_action,-1,-1,-1,veh4,0.0,False
7202,7.39908,CPM_DROP_PHY,7386,9,4.0,7.39908,drop_decision_no_action,-1,-1,-1,veh4,0.0,False
7221,7.40883,CAM_DROP_PHY,7399,5,4.0,7.40883,drop_decision_no_action,-1,-1,-1,veh4,0.0,False
7261,7.43533,CAM_DROP_PHY,7434,6,4.0,7.43533,drop_decision_no_action,-1,-1,-1,veh4,0.0,False
7282,7.47333,CAM_DROP_PHY,7455,7,4.0,7.47333,drop_decision_no_action,-1,-1,-1,veh4,0.0,False
7291,7.47908,CAM_DROP_PHY,7470,9,4.0,7.47908,drop_decision_no_action,-1,-1,-1,veh4,0.0,False
7311,7.49733,CAM_DROP_PHY,7484,8,4.0,7.49733,drop_decision_no_action,-1,-1,-1,veh4,0.0,False
7313,7.49908,CPM_DROP_PHY,7486,9,4.0,7.49908,drop_decision_no_action,-1,-1,-1,veh4,0.0,False
7331,7.50883,CAM_DROP_PHY,7499,5,4.0,7.50883,drop_decision_no_action,-1,-1,-1,veh4,0.0,False
7372,7.53533,CAM_DROP_PHY,7534,6,4.0,7.53533,drop_decision_no_action,-1,-1,-1,veh4,0.0,False
7394,7.56683,CAM_DROP_PHY,7556,11,4.0,7.56683,drop_decision_no_action,-1,-1,-1,veh4,0.0,False
7393,7.57333,CAM_DROP_PHY,7555,7,4.0,7.57333,drop_decision_no_action,-1,-1,-1,veh4,0.0,False
7408,7.57783,CAM_DROP_PHY,7569,10,4.0,7.57783,drop_decision_no_action,-1,-1,-1,veh4,0.0,False
7433,7.59908,CPM_DROP_PHY,7586,9,4.0,7.59908,drop_decision_no_action,-1,-1,-1,veh4,0.0,False
7437,7.60408,CAM_DROP_PHY,7590,12,4.0,7.60408,drop_decision_no_action,-1,-1,-1,veh4,0.0,False
7447,7.60883,CAM_DROP_PHY,7599,5,4.0,7.60883,drop_decision_no_action,-1,-1,-1,veh4,0.0,False
7471,7.62933,CPM_DROP_PHY,7615,6,4.0,7.62933,drop_decision_no_action,-1,-1,-1,veh4,0.0,False
7493,7.63333,CPM_DROP_PHY,7630,7,4.0,7.63333,drop_decision_no_action,-1,-1,-1,veh4,0.0,False
7501,7.64933,CAM_DROP_PHY,7634,6,4.0,7.64933,drop_decision_no_action,-1,-1,-1,veh4,0.0,False
7522,7.66883,CPM_DROP_PHY,7651,5,4.0,7.66883,drop_decision_no_action,-1,-1,-1,veh4,0.0,False
7525,7.67333,CAM_DROP_PHY,7655,7,4.0,7.67333,drop_decision_no_action,-1,-1,-1,veh4,0.0,False
7541,7.67783,CAM_DROP_PHY,7669,10,4.0,7.67783,drop_decision_no_action,-1,-1,-1,veh4,0.0,False
7542,7.67908,CAM_DROP_PHY,7670,9,4.0,7.67908,drop_decision_no_action,-1,-1,-1,veh4,0.0,False
7569,7.69733,CAM_DROP_PHY,7684,8,4.0,7.69733,drop_decision_no_action,-1,-1,-1,veh4,0.0,False
7574,7.69908,CPM_DROP_PHY,7686,9,4.0,7.69908,drop_decision_no_action,-1,-1,-1,veh4,0.0,False
7594,7.70883,CAM_DROP_PHY,7699,5,4.0,7.70883,drop_decision_no_action,-1,-1,-1,veh4,0.0,False
7634,7.73333,CPM_DROP_PHY,7730,7,4.0,7.73333,drop_decision_no_action,-1,-1,-1,veh4,0.0,False
7626,7.73733,CAM_DROP_PHY,7723,2,4.0,7.73733,drop_decision_no_action,-1,-1,-1,veh4,0.0,False
7642,7.74933,CAM_DROP_PHY,7734,6,4.0,7.74933,drop_decision_no_action,-1,-1,-1,veh4,0.0,False
7666,7.75783,CPM_DROP_PHY,7752,10,4.0,7.75783,drop_decision_no_action,-1,-1,-1,veh4,0.0,False
7671,7.76683,CAM_DROP_PHY,7756,11,4.0,7.76683,drop_decision_no_action,-1,-1,-1,veh4,0.0,False
7682,7.77133,CAM_DROP_PHY,7763,3,4.0,7.77133,drop_decision_no_action,-1,-1,-1,veh4,0.0,False
7669,7.77333,CAM_DROP_PHY,7755,7,4.0,7.77333,drop_decision_no_action,-1,-1,-1,veh4,0.0,False
7694,7.77783,CAM_DROP_PHY,7769,10,4.0,7.77783,drop_decision_no_action,-1,-1,-1,veh4,0.0,False
7730,7.80408,CAM_DROP_PHY,7790,12,4.0,7.80408,drop_decision_no_action,-1,-1,-1,veh4,0.0,False
7739,7.80883,CAM_DROP_PHY,7799,5,4.0,7.80883,drop_decision_no_action,-1,-1,-1,veh4,0.0,False
7780,7.84933,CAM_DROP_PHY,7834,6,4.0,7.84933,drop_decision_no_action,-1,-1,-1,veh4,0.0,False
7793,7.85783,CPM_DROP_PHY,7852,10,4.0,7.85783,drop_decision_no_action,-1,-1,-1,veh4,0.0,False
7796,7.87333,CAM_DROP_PHY,7855,7,4.0,7.87333,drop_decision_no_action,-1,-1,-1,veh4,0.0,False
7815,7.87783,CAM_DROP_PHY,7869,10,4.0,7.87783,drop_decision_no_action,-1,-1,-1,veh4,0.0,False
7816,7.87908,CAM_DROP_PHY,7870,9,4.0,7.87908,drop_decision_no_action,-1,-1,-1,veh4,0.0,False
7839,7.89208,CAM_DROP_PHY,7884,8,4.0,7.89208,drop_decision_no_action,-1,-1,-1,veh4,0.0,False
7844,7.89908,CPM_DROP_PHY,7886,9,4.0,7.89908,drop_decision_no_action,-1,-1,-1,veh4,0.0,False
7868,7.90883,CAM_DROP_PHY,7899,5,4.0,7.90883,drop_decision_no_action,-1,-1,-1,veh4,0.0,False
7859,7.91133,CPM_DROP_PHY,7896,3,4.0,7.91133,drop_decision_no_action,-1,-1,-1,veh4,0.0,False
7927,7.96683,CAM_DROP_PHY,7956,11,4.0,7.96683,drop_decision_no_action,-1,-1,-1,veh4,0.0,False
7926,7.97208,CAM_DROP_PHY,7955,7,4.0,7.97208,drop_decision_no_action,-1,-1,-1,veh4,0.0,False
7940,7.97783,CAM_DROP_PHY,7969,10,4.0,7.97783,drop_decision_no_action,-1,-1,-1,veh4,0.0,False
7962,7.99208,CAM_DROP_PHY,7984,8,4.0,7.99208,drop_decision_no_action,-1,-1,-1,veh4,0.0,False
7966,7.99908,CPM_DROP_PHY,7986,9,4.0,7.99908,drop_decision_no_action,-1,-1,-1,veh4,0.0,False
7970,8.00408,CAM_DROP_PHY,7990,12,4.0,8.00408,drop_decision_no_action,-1,-1,-1,veh4,0.0,False
7987,8.00883,CAM_DROP_PHY,7999,5,4.0,8.00883,drop_decision_no_action,-1,-1,-1,veh4,0.0,False
8012,8.02933,CPM_DROP_PHY,8015,6,4.0,8.02933,drop_decision_no_action,-1,-1,-1,veh4,0.0,False
8053,8.07208,CAM_DROP_PHY,8055,7,4.0,8.07208,drop_decision_no_action,-1,-1,-1,veh4,0.0,False
8062,8.07783,CAM_DROP_PHY,8069,10,4.0,8.07783,drop_decision_no_action,-1,-1,-1,veh4,0.0,False
8063,8.07908,CAM_DROP_PHY,8070,9,4.0,8.07908,drop_decision_no_action,-1,-1,-1,veh4,0.0,False
8080,8.09208,CPM_DROP_PHY,8079,8,4.0,8.09208,drop_decision_no_action,-1,-1,-1,veh4,0.0,False
8080,8.09208,CAM_DROP_PHY,8084,8,4.0,8.09208,drop_decision_no_action,-1,-1,-1,veh4,0.0,False
8104,8.09733,CPM_DROP_PHY,8095,2,4.0,8.09733,drop_decision_no_action,-1,-1,-1,veh4,0.0,False
8091,8.09908,CPM_DROP_PHY,8086,9,4.0,8.09908,drop_decision_no_action,-1,-1,-1,veh4,0.0,False
8118,8.10883,CAM_DROP_PHY,8099,5,4.0,8.10883,drop_decision_no_action,-1,-1,-1,veh4,0.0,False
8124,8.12408,CPM_DROP_PHY,8106,12,4.0,8.12408,drop_decision_no_action,-1,-1,-1,veh4,0.0,False
8182,8.16683,CAM_DROP_PHY,8156,11,4.0,8.16683,drop_decision_no_action,-1,-1,-1,veh4,0.0,False
8181,8.17208,CAM_DROP_PHY,8155,7,4.0,8.17208,drop_decision_no_action,-1,-1,-1,veh4,0.0,False
8195,8.17783,CAM_DROP_PHY,8169,10,4.0,8.17783,drop_decision_no_action,-1,-1,-1,veh4,0.0,False
8217,8.19208,CAM_DROP_PHY,8184,8,4.0,8.19208,drop_decision_no_action,-1,-1,-1,veh4,0.0,False
8221,8.19908,CPM_DROP_PHY,8186,9,4.0,8.19908,drop_decision_no_action,-1,-1,-1,veh4,0.0,False
8225,8.20408,CAM_DROP_PHY,8190,12,4.0,8.20408,drop_decision_no_action,-1,-1,-1,veh4,0.0,False
8262,8.22933,CPM_DROP_PHY,8215,6,4.0,8.22933,drop_decision_no_action,-1,-1,-1,veh4,0.0,False
8285,8.24883,CAM_DROP_PHY,8234,6,4.0,8.24883,drop_decision_no_action,-1,-1,-1,veh4,0.0,False
8304,8.25783,CPM_DROP_PHY,8252,10,4.0,8.25783,drop_decision_no_action,-1,-1,-1,veh4,0.0,False
8306,8.27208,CAM_DROP_PHY,8255,7,4.0,8.27208,drop_decision_no_action,-1,-1,-1,veh4,0.0,False
8324,8.27783,CAM_DROP_PHY,8269,10,4.0,8.27783,drop_decision_no_action,-1,-1,-1,veh4,0.0,False
8325,8.27908,CAM_DROP_PHY,8270,9,4.0,8.27908,drop_decision_no_action,-1,-1,-1,veh4,0.0,False
8348,8.29208,CAM_DROP_PHY,8284,8,4.0,8.29208,drop_decision_no_action,-1,-1,-1,veh4,0.0,False
8355,8.29908,CPM_DROP_PHY,8286,9,4.0,8.29908,drop_decision_no_action,-1,-1,-1,veh4,0.0,False
8416,8.34608,CPM_DROP_PHY,8333,11,4.0,8.34608,drop_decision_no_action,-1,-1,-1,veh4,0.0,False
8430,8.35783,CPM_DROP_PHY,8352,10,4.0,8.35783,drop_decision_no_action,-1,-1,-1,veh4,0.0,False
8433,8.36608,CAM_DROP_PHY,8356,11,4.0,8.36608,drop_decision_no_action,-1,-1,-1,veh4,0.0,False
8454,8.37783,CAM_DROP_PHY,8369,10,4.0,8.37783,drop_decision_no_action,-1,-1,-1,veh4,0.0,False
8470,8.39283,CPM_DROP_PHY,8379,8,4.0,8.39283,drop_decision_no_action,-1,-1,-1,veh4,0.0,False
8470,8.39283,CAM_DROP_PHY,8384,8,4.0,8.39283,drop_decision_no_action,-1,-1,-1,veh4,0.0,False
8479,8.40408,CAM_DROP_PHY,8390,12,4.0,8.40408,drop_decision_no_action,-1,-1,-1,veh4,0.0,False
8555,8.47733,CAM_DROP_PHY,8469,10,4.0,8.47733,drop_decision_no_action,-1,-1,-1,veh4,0.0,False
8556,8.47908,CAM_DROP_PHY,8470,9,4.0,8.47908,drop_decision_no_action,-1,-1,-1,veh4,0.0,False
8571,8.49283,CAM_DROP_PHY,8484,8,4.0,8.49283,drop_decision_no_action,-1,-1,-1,veh4,0.0,False
8591,8.49733,CPM_DROP_PHY,8495,2,4.0,8.49733,drop_decision_no_action,-1,-1,-1,veh4,0.0,False
8579,8.50408,CAM_DROP_PHY,8490,12,4.0,8.50408,drop_decision_no_action,-1,-1,-1,veh4,0.0,False
8592,8.51333,CPM_DROP_PHY,8496,3,4.0,8.51333,drop_decision_no_action,-1,-1,-1,veh4,0.0,False
8658,8.56608,CAM_DROP_PHY,8556,11,4.0,8.56608,drop_decision_no_action,-1,-1,-1,veh4,0.0,False
8682,8.59283,CAM_DROP_PHY,8584,8,4.0,8.59283,drop_decision_no_action,-1,-1,-1,veh4,0.0,False
8685,8.59908,CPM_DROP_PHY,8586,9,4.0,8.59908,drop_decision_no_action,-1,-1,-1,veh4,0.0,False
8688,8.60408,CAM_DROP_PHY,8590,12,4.0,8.60408,drop_decision_no_action,-1,-1,-1,veh4,0.0,False
8738,8.63083,CPM_DROP_PHY,8630,7,4.0,8.63083,drop_decision_no_action,-1,-1,-1,veh4,0.0,False
8764,8.66583,CPM_DROP_PHY,8651,5,4.0,8.66583,drop_decision_no_action,-1,-1,-1,veh4,0.0,False
8768,8.67083,CAM_DROP_PHY,8655,7,4.0,8.67083,drop_decision_no_action,-1,-1,-1,veh4,0.0,False
8785,8.68458,CAM_DROP_PHY,8670,9,4.0,8.68458,drop_decision_no_action,-1,-1,-1,veh4,0.0,False
8801,8.69283,CAM_DROP_PHY,8684,8,4.0,8.69283,drop_decision_no_action,-1,-1,-1,veh4,0.0,False
8812,8.70308,CAM_DROP_PHY,8690,12,4.0,8.70308,drop_decision_no_action,-1,-1,-1,veh4,0.0,False
8808,8.70458,CPM_DROP_PHY,8686,9,4.0,8.70458,drop_decision_no_action,-1,-1,-1,veh4,0.0,False
8858,8.73433,CAM_DROP_PHY,8723,2,4.0,8.73433,drop_decision_no_action,-1,-1,-1,veh4,0.0,False
8746,8.74883,CAM_DROP_PHY,8634,6,4.0,8.74883,drop_decision_no_action,-1,-1,-1,veh4,0.0,False
8889,8.76608,CAM_DROP_PHY,8756,11,4.0,8.76608,drop_decision_no_action,-1,-1,-1,veh4,0.0,False
8893,8.77333,CAM_DROP_PHY,8763,3,4.0,8.77333,drop_decision_no_action,-1,-1,-1,veh4,0.0,False
8925,8.80308,CAM_DROP_PHY,8790,12,4.0,8.80308,drop_decision_no_action,-1,-1,-1,veh4,0.0,False
8922,8.80458,CPM_DROP_PHY,8786,9,4.0,8.80458,drop_decision_no_action,-1,-1,-1,veh4,0.0,False
8954,8.82433,CPM_DROP_PHY,8815,6,4.0,8.82433,drop_decision_no_action,-1,-1,-1,veh4,0.0,False
8989,8.85733,CPM_DROP_PHY,8852,10,4.0,8.85733,drop_decision_no_action,-1,-1,-1,veh4,0.0,False
8993,8.86608,CAM_DROP_PHY,8856,11,4.0,8.86608,drop_decision_no_action,-1,-1,-1,veh4,0.0,False
9010,8.87733,CAM_DROP_PHY,8869,10,4.0,8.87733,drop_decision_no_action,-1,-1,-1,veh4,0.0,False
9011,8.88458,CAM_DROP_PHY,8870,9,4.0,8.88458,drop_decision_no_action,-1,-1,-1,veh4,0.0,False
9039,8.90308,CAM_DROP_PHY,8890,12,4.0,8.90308,drop_decision_no_action,-1,-1,-1,veh4,0.0,False
9047,8.91333,CPM_DROP_PHY,8896,3,4.0,8.91333,drop_decision_no_action,-1,-1,-1,veh4,0.0,False
9070,8.92433,CPM_DROP_PHY,8915,6,4.0,8.92433,drop_decision_no_action,-1,-1,-1,veh4,0.0,False
9092,8.93083,CPM_DROP_PHY,8930,7,4.0,8.93083,drop_decision_no_action,-1,-1,-1,veh4,0.0,False
9119,8.96608,CAM_DROP_PHY,8956,11,4.0,8.96608,drop_decision_no_action,-1,-1,-1,veh4,0.0,False
9146,9.00308,CAM_DROP_PHY,8990,12,4.0,9.00308,drop_decision_no_action,-1,-1,-1,veh4,0.0,False
9215,9.06608,CAM_DROP_PHY,9056,11,4.0,9.06608,drop_decision_no_action,-1,-1,-1,veh4,0.0,False
9214,9.07083,CAM_DROP_PHY,9055,7,4.0,9.07083,drop_decision_no_action,-1,-1,-1,veh4,0.0,False
9226,9.08458,CAM_DROP_PHY,9070,9,4.0,9.08458,drop_decision_no_action,-1,-1,-1,veh4,0.0,False
9241,9.09283,CPM_DROP_PHY,9079,8,4.0,9.09283,drop_decision_no_action,-1,-1,-1,veh4,0.0,False
9241,9.09283,CAM_DROP_PHY,9084,8,4.0,9.09283,drop_decision_no_action,-1,-1,-1,veh4,0.0,False
9269,9.10383,CAM_DROP_PHY,9099,5,4.0,9.10383,drop_decision_no_action,-1,-1,-1,veh4,0.0,False
9267,9.11433,CPM_DROP_PHY,9095,2,4.0,9.11433,drop_decision_no_action,-1,-1,-1,veh4,0.0,False
9281,9.12308,CPM_DROP_PHY,9106,12,4.0,9.12308,drop_decision_no_action,-1,-1,-1,veh4,0.0,False
9193,9.14433,CAM_DROP_PHY,9034,6,4.0,9.14433,drop_decision_no_action,-1,-1,-1,veh4,0.0,False
9335,9.16608,CAM_DROP_PHY,9156,11,4.0,9.16608,drop_decision_no_action,-1,-1,-1,veh4,0.0,False
9360,9.20458,CPM_DROP_PHY,9186,9,4.0,9.20458,drop_decision_no_action,-1,-1,-1,veh4,0.0,False
9410,9.25733,CPM_DROP_PHY,9252,10,4.0,9.25733,drop_decision_no_action,-1,-1,-1,veh4,0.0,False
9415,9.26608,CAM_DROP_PHY,9256,11,4.0,9.26608,drop_decision_no_action,-1,-1,-1,veh4,0.0,False
9431,9.27733,CAM_DROP_PHY,9269,10,4.0,9.27733,drop_decision_no_action,-1,-1,-1,veh4,0.0,False
9457,9.30308,CAM_DROP_PHY,9290,12,4.0,9.30308,drop_decision_no_action,-1,-1,-1,veh4,0.0,False
9452,9.30458,CPM_DROP_PHY,9286,9,4.0,9.30458,drop_decision_no_action,-1,-1,-1,veh4,0.0,False
9517,9.34608,CPM_DROP_PHY,9333,11,4.0,9.34608,drop_decision_no_action,-1,-1,-1,veh4,0.0,False
9538,9.36608,CAM_DROP_PHY,9356,11,4.0,9.36608,drop_decision_no_action,-1,-1,-1,veh4,0.0,False
9567,9.40458,CPM_DROP_PHY,9386,9,4.0,9.40458,drop_decision_no_action,-1,-1,-1,veh4,0.0,False
9636,9.46533,CAM_DROP_PHY,9455,7,4.0,9.46533,drop_decision_no_action,-1,-1,-1,veh4,0.0,False
9637,9.46608,CAM_DROP_PHY,9456,11,4.0,9.46608,drop_decision_no_action,-1,-1,-1,veh4,0.0,False
9652,9.48458,CAM_DROP_PHY,9470,9,4.0,9.48458,drop_decision_no_action,-1,-1,-1,veh4,0.0,False
9668,9.49308,CAM_DROP_PHY,9484,8,4.0,9.49308,drop_decision_no_action,-1,-1,-1,veh4,0.0,False
9675,9.50458,CPM_DROP_PHY,9486,9,4.0,9.50458,drop_decision_no_action,-1,-1,-1,veh4,0.0,False
9593,9.51983,CPM_DROP_PHY,9415,6,4.0,9.51983,drop_decision_no_action,-1,-1,-1,veh4,0.0,False
9616,9.51983,CAM_DROP_PHY,9434,6,4.0,9.51983,drop_decision_no_action,-1,-1,-1,veh4,0.0,False
9723,9.54533,CPM_DROP_PHY,9530,7,4.0,9.54533,drop_decision_no_action,-1,-1,-1,veh4,0.0,False
9746,9.56608,CAM_DROP_PHY,9556,11,4.0,9.56608,drop_decision_no_action,-1,-1,-1,veh4,0.0,False
9774,9.60308,CAM_DROP_PHY,9590,12,4.0,9.60308,drop_decision_no_action,-1,-1,-1,veh4,0.0,False
9773,9.60458,CPM_DROP_PHY,9586,9,4.0,9.60458,drop_decision_no_action,-1,-1,-1,veh4,0.0,False
9818,9.64533,CPM_DROP_PHY,9630,7,4.0,9.64533,drop_decision_no_action,-1,-1,-1,veh4,0.0,False
9822,9.64608,CPM_DROP_PHY,9633,11,4.0,9.64608,drop_decision_no_action,-1,-1,-1,veh4,0.0,False
9844,9.65733,CPM_DROP_PHY,9652,10,4.0,9.65733,drop_decision_no_action,-1,-1,-1,veh4,0.0,False
9841,9.66383,CPM_DROP_PHY,9651,5,4.0,9.66383,drop_decision_no_action,-1,-1,-1,veh4,0.0,False
9869,9.67733,CAM_DROP_PHY,9669,10,4.0,9.67733,drop_decision_no_action,-1,-1,-1,veh4,0.0,False
9889,9.69483,CPM_DROP_PHY,9686,9,4.0,9.69483,drop_decision_no_action,-1,-1,-1,veh4,0.0,False
9919,9.71983,CPM_DROP_PHY,9715,6,4.0,9.71983,drop_decision_no_action,-1,-1,-1,veh4,0.0,False
9926,9.73408,CAM_DROP_PHY,9723,2,4.0,9.73408,drop_decision_no_action,-1,-1,-1,veh4,0.0,False
9940,9.74608,CPM_DROP_PHY,9733,11,4.0,9.74608,drop_decision_no_action,-1,-1,-1,veh4,0.0,False
9975,9.77233,CAM_DROP_PHY,9763,3,4.0,9.77233,drop_decision_no_action,-1,-1,-1,veh4,0.0,False
9994,9.79483,CPM_DROP_PHY,9786,9,4.0,9.79483,drop_decision_no_action,-1,-1,-1,veh4,0.0,False
10039,9.83983,CAM_DROP_PHY,9834,6,4.0,9.83983,drop_decision_no_action,-1,-1,-1,veh4,0.0,False
10037,9.84258,CPM_DROP_PHY,9833,11,4.0,9.84258,drop_decision_no_action,-1,-1,-1,veh4,0.0,False
10033,9.84533,CPM_DROP_PHY,9830,7,4.0,9.84533,drop_decision_no_action,-1,-1,-1,veh4,0.0,False
10064,9.86058,CPM_DROP_PHY,9852,10,4.0,9.86058,drop_decision_no_action,-1,-1,-1,veh4,0.0,False
10072,9.86533,CAM_DROP_PHY,9855,7,4.0,9.86533,drop_decision_no_action,-1,-1,-1,veh4,0.0,False
10092,9.87483,CAM_DROP_PHY,9870,9,4.0,9.87483,drop_decision_no_action,-1,-1,-1,veh4,0.0,False
10091,9.88058,CAM_DROP_PHY,9869,10,4.0,9.88058,drop_decision_no_action,-1,-1,-1,veh4,0.0,False
10114,9.89308,CAM_DROP_PHY,9884,8,4.0,9.89308,drop_decision_no_action,-1,-1,-1,veh4,0.0,False
10119,9.89483,CPM_DROP_PHY,9886,9,4.0,9.89483,drop_decision_no_action,-1,-1,-1,veh4,0.0,False
10123,9.90033,CAM_DROP_PHY,9890,12,4.0,9.90033,drop_decision_no_action,-1,-1,-1,veh4,0.0,False
10135,9.91233,CPM_DROP_PHY,9896,3,4.0,9.91233,drop_decision_no_action,-1,-1,-1,veh4,0.0,False
10200,9.96258,CAM_DROP_PHY,9956,11,4.0,9.96258,drop_decision_no_action,-1,-1,-1,veh4,0.0,False
10220,9.99308,CPM_DROP_PHY,9979,8,4.0,9.99308,drop_decision_no_action,-1,-1,-1,veh4,0.0,False
10226,9.99483,CPM_DROP_PHY,9986,9,4.0,9.99483,drop_decision_no_action,-1,-1,-1,veh4,0.0,False
10260,10.0198,CPM_DROP_PHY,10015,6,4.0,10.0198,drop_decision_no_action,-1,-1,-1,veh4,0.0,False
10301,10.0806,CAM_DROP_PHY,10069,10,4.0,10.0806,drop_decision_no_action,-1,-1,-1,veh4,0.0,False
10308,10.0931,CPM_DROP_PHY,10079,8,4.0,10.0931,drop_decision_no_action,-1,-1,-1,veh4,0.0,False
10318,10.0948,CPM_DROP_PHY,10086,9,4.0,10.0948,drop_decision_no_action,-1,-1,-1,veh4,0.0,False
10334,10.1041,CAM_DROP_PHY,10099,5,4.0,10.1041,drop_decision_no_action,-1,-1,-1,veh4,0.0,False
10332,10.1141,CPM_DROP_PHY,10095,2,4.0,10.1141,drop_decision_no_action,-1,-1,-1,veh4,0.0,False
10402,10.1606,CPM_DROP_PHY,10152,10,4.0,10.1606,drop_decision_no_action,-1,-1,-1,veh4,0.0,False
10431,10.1948,CPM_DROP_PHY,10186,9,4.0,10.1948,drop_decision_no_action,-1,-1,-1,veh4,0.0,False
10481,10.2398,CAM_DROP_PHY,10234,6,4.0,10.2398,drop_decision_no_action,-1,-1,-1,veh4,0.0,False
10501,10.2653,CAM_DROP_PHY,10255,7,4.0,10.2653,drop_decision_no_action,-1,-1,-1,veh4,0.0,False
10515,10.2748,CAM_DROP_PHY,10270,9,4.0,10.2748,drop_decision_no_action,-1,-1,-1,veh4,0.0,False
10513,10.2806,CAM_DROP_PHY,10269,10,4.0,10.2806,drop_decision_no_action,-1,-1,-1,veh4,0.0,False
10534,10.2893,CAM_DROP_PHY,10284,8,4.0,10.2893,drop_decision_no_action,-1,-1,-1,veh4,0.0,False
10539,10.2948,CPM_DROP_PHY,10286,9,4.0,10.2948,drop_decision_no_action,-1,-1,-1,veh4,0.0,False
10433,10.3003,CAM_DROP_PHY,10190,12,4.0,10.3003,drop_decision_no_action,-1,-1,-1,veh4,0.0,False
10600,10.3426,CPM_DROP_PHY,10333,11,4.0,10.3426,drop_decision_no_action,-1,-1,-1,veh4,0.0,False
10619,10.3626,CAM_DROP_PHY,10356,11,4.0,10.3626,drop_decision_no_action,-1,-1,-1,veh4,0.0,False
10644,10.3948,CPM_DROP_PHY,10386,9,4.0,10.3948,drop_decision_no_action,-1,-1,-1,veh4,0.0,False
10697,10.4606,CPM_DROP_PHY,10452,10,4.0,10.4606,drop_decision_no_action,-1,-1,-1,veh4,0.0,False
10712,10.4806,CAM_DROP_PHY,10469,10,4.0,10.4806,drop_decision_no_action,-1,-1,-1,veh4,0.0,False
10728,10.4948,CPM_DROP_PHY,10486,9,4.0,10.4948,drop_decision_no_action,-1,-1,-1,veh4,0.0,False
10735,10.5003,CAM_DROP_PHY,10490,12,4.0,10.5003,drop_decision_no_action,-1,-1,-1,veh4,0.0,False
10807,10.5893,CPM_DROP_PHY,10579,8,4.0,10.5893,drop_decision_no_action,-1,-1,-1,veh4,0.0,False
10811,10.5948,CPM_DROP_PHY,10586,9,4.0,10.5948,drop_decision_no_action,-1,-1,-1,veh4,0.0,False
10819,10.6003,CAM_DROP_PHY,10590,12,4.0,10.6003,drop_decision_no_action,-1,-1,-1,veh4,0.0,False
10869,10.6398,CAM_DROP_PHY,10634,6,4.0,10.6398,drop_decision_no_action,-1,-1,-1,veh4,0.0,False
10868,10.6501,CPM_DROP_PHY,10630,7,4.0,10.6501,drop_decision_no_action,-1,-1,-1,veh4,0.0,False
10889,10.6593,CPM_DROP_PHY,10651,5,4.0,10.6593,drop_decision_no_action,-1,-1,-1,veh4,0.0,False
10890,10.6606,CPM_DROP_PHY,10652,10,4.0,10.6606,drop_decision_no_action,-1,-1,-1,veh4,0.0,False
10896,10.6701,CAM_DROP_PHY,10655,7,4.0,10.6701,drop_decision_no_action,-1,-1,-1,veh4,0.0,False
10924,10.6748,CAM_DROP_PHY,10670,9,4.0,10.6748,drop_decision_no_action,-1,-1,-1,veh4,0.0,False
10942,10.6893,CAM_DROP_PHY,10684,8,4.0,10.6893,drop_decision_no_action,-1,-1,-1,veh4,0.0,False
10945,10.6948,CPM_DROP_PHY,10686,9,4.0,10.6948,drop_decision_no_action,-1,-1,-1,veh4,0.0,False
10954,10.6991,CAM_DROP_PHY,10690,12,4.0,10.6991,drop_decision_no_action,-1,-1,-1,veh4,0.0,False
10959,10.7096,CPM_DROP_PHY,10696,3,4.0,10.7096,drop_decision_no_action,-1,-1,-1,veh4,0.0,False
11005,10.7296,CAM_DROP_PHY,10723,2,4.0,10.7296,drop_decision_no_action,-1,-1,-1,veh4,0.0,False
11030,10.7606,CPM_DROP_PHY,10752,10,4.0,10.7606,drop_decision_no_action,-1,-1,-1,veh4,0.0,False
11033,10.7626,CAM_DROP_PHY,10756,11,4.0,10.7626,drop_decision_no_action,-1,-1,-1,veh4,0.0,False
11044,10.7696,CAM_DROP_PHY,10763,3,4.0,10.7696,drop_decision_no_action,-1,-1,-1,veh4,0.0,False
11076,10.7991,CAM_DROP_PHY,10790,12,4.0,10.7991,drop_decision_no_action,-1,-1,-1,veh4,0.0,False
11121,10.8501,CPM_DROP_PHY,10830,7,4.0,10.8501,drop_decision_no_action,-1,-1,-1,veh4,0.0,False
11136,10.8606,CPM_DROP_PHY,10852,10,4.0,10.8606,drop_decision_no_action,-1,-1,-1,veh4,0.0,False
11155,10.8806,CAM_DROP_PHY,10869,10,4.0,10.8806,drop_decision_no_action,-1,-1,-1,veh4,0.0,False
11172,10.8948,CPM_DROP_PHY,10886,9,4.0,10.8948,drop_decision_no_action,-1,-1,-1,veh4,0.0,False
11184,10.9096,CPM_DROP_PHY,10896,3,4.0,10.9096,drop_decision_no_action,-1,-1,-1,veh4,0.0,False
11232,10.9396,CAM_DROP_PHY,10934,6,4.0,10.9396,drop_decision_no_action,-1,-1,-1,veh4,0.0,False
11251,10.9606,CPM_DROP_PHY,10952,10,4.0,10.9606,drop_decision_no_action,-1,-1,-1,veh4,0.0,False
11178,10.9991,CAM_DROP_PHY,10890,12,4.0,10.9991,drop_decision_no_action,-1,-1,-1,veh4,0.0,False
11282,10.9991,CAM_DROP_PHY,10990,12,4.0,10.9991,drop_decision_no_action,-1,-1,-1,veh4,0.0,False
11283,11.0096,CPM_DROP_PHY,10995,2,4.0,11.0096,drop_decision_no_action,-1,-1,-1,veh4,0.0,False
11309,11.0196,CPM_DROP_PHY,11015,6,4.0,11.0196,drop_decision_no_action,-1,-1,-1,veh4,0.0,False
11347,11.0606,CPM_DROP_PHY,11052,10,4.0,11.0606,drop_decision_no_action,-1,-1,-1,veh4,0.0,False
11349,11.0701,CAM_DROP_PHY,11055,7,4.0,11.0701,drop_decision_no_action,-1,-1,-1,veh4,0.0,False
11368,11.0886,CAM_DROP_PHY,11070,9,4.0,11.0886,drop_decision_no_action,-1,-1,-1,veh4,0.0,False
11368,11.0886,CPM_DROP_PHY,11086,9,4.0,11.0886,drop_decision_no_action,-1,-1,-1,veh4,0.0,False
11380,11.0986,CPM_DROP_PHY,11079,8,4.0,11.0986,drop_decision_no_action,-1,-1,-1,veh4,0.0,False
11380,11.0986,CAM_DROP_PHY,11084,8,4.0,11.0986,drop_decision_no_action,-1,-1,-1,veh4,0.0,False
11391,11.0991,CAM_DROP_PHY,11090,12,4.0,11.0991,drop_decision_no_action,-1,-1,-1,veh4,0.0,False
11409,11.1091,CAM_DROP_PHY,11099,5,4.0,11.1091,drop_decision_no_action,-1,-1,-1,veh4,0.0,False
11394,11.1098,CPM_DROP_PHY,11095,2,4.0,11.1098,drop_decision_no_action,-1,-1,-1,veh4,0.0,False
11466,11.1396,CAM_DROP_PHY,11134,6,4.0,11.1396,drop_decision_no_action,-1,-1,-1,veh4,0.0,False
11485,11.1606,CPM_DROP_PHY,11152,10,4.0,11.1606,drop_decision_no_action,-1,-1,-1,veh4,0.0,False
11487,11.1626,CAM_DROP_PHY,11156,11,4.0,11.1626,drop_decision_no_action,-1,-1,-1,veh4,0.0,False
11572,11.2556,CPM_DROP_PHY,11252,10,4.0,11.2556,drop_decision_no_action,-1,-1,-1,veh4,0.0,False
11588,11.2756,CAM_DROP_PHY,11269,10,4.0,11.2756,drop_decision_no_action,-1,-1,-1,veh4,0.0,False
11523,11.2991,CAM_DROP_PHY,11190,12,4.0,11.2991,drop_decision_no_action,-1,-1,-1,veh4,0.0,False
11665,11.3396,CAM_DROP_PHY,11334,6,4.0,11.3396,drop_decision_no_action,-1,-1,-1,veh4,0.0,False
11664,11.3486,CPM_DROP_PHY,11333,11,4.0,11.3486,drop_decision_no_action,-1,-1,-1,veh4,0.0,False
11687,11.3556,CPM_DROP_PHY,11352,10,4.0,11.3556,drop_decision_no_action,-1,-1,-1,veh4,0.0,False
11752,11.4486,CPM_DROP_PHY,11433,11,4.0,11.4486,drop_decision_no_action,-1,-1,-1,veh4,0.0,False
11751,11.4501,CPM_DROP_PHY,11430,7,4.0,11.4501,drop_decision_no_action,-1,-1,-1,veh4,0.0,False
11769,11.4556,CPM_DROP_PHY,11452,10,4.0,11.4556,drop_decision_no_action,-1,-1,-1,veh4,0.0,False
11777,11.4701,CAM_DROP_PHY,11455,7,4.0,11.4701,drop_decision_no_action,-1,-1,-1,veh4,0.0,False
11800,11.4886,CAM_DROP_PHY,11470,9,4.0,11.4886,drop_decision_no_action,-1,-1,-1,veh4,0.0,False
11811,11.4986,CAM_DROP_PHY,11484,8,4.0,11.4986,drop_decision_no_action,-1,-1,-1,veh4,0.0,False
11862,11.5396,CAM_DROP_PHY,11534,6,4.0,11.5396,drop_decision_no_action,-1,-1,-1,veh4,0.0,False
11881,11.5556,CPM_DROP_PHY,11552,10,4.0,11.5556,drop_decision_no_action,-1,-1,-1,veh4,0.0,False
11886,11.5686,CAM_DROP_PHY,11556,11,4.0,11.5686,drop_decision_no_action,-1,-1,-1,veh4,0.0,False
11957,11.6501,CPM_DROP_PHY,11630,7,4.0,11.6501,drop_decision_no_action,-1,-1,-1,veh4,0.0,False
11972,11.6556,CPM_DROP_PHY,11652,10,4.0,11.6556,drop_decision_no_action,-1,-1,-1,veh4,0.0,False
11971,11.6691,CPM_DROP_PHY,11651,5,4.0,11.6691,drop_decision_no_action,-1,-1,-1,veh4,0.0,False
11996,11.6756,CAM_DROP_PHY,11669,10,4.0,11.6756,drop_decision_no_action,-1,-1,-1,veh4,0.0,False
12015,11.6886,CPM_DROP_PHY,11686,9,4.0,11.6886,drop_decision_no_action,-1,-1,-1,veh4,0.0,False
11919,11.6991,CAM_DROP_PHY,11590,12,4.0,11.6991,drop_decision_no_action,-1,-1,-1,veh4,0.0,False
12053,11.7298,CAM_DROP_PHY,11723,2,4.0,11.7298,drop_decision_no_action,-1,-1,-1,veh4,0.0,False
12066,11.7396,CAM_DROP_PHY,11734,6,4.0,11.7396,drop_decision_no_action,-1,-1,-1,veh4,0.0,False
12088,11.7556,CPM_DROP_PHY,11752,10,4.0,11.7556,drop_decision_no_action,-1,-1,-1,veh4,0.0,False
12096,11.7686,CAM_DROP_PHY,11763,3,4.0,11.7686,drop_decision_no_action,-1,-1,-1,veh4,0.0,False
12167,11.8556,CPM_DROP_PHY,11852,10,4.0,11.8556,drop_decision_no_action,-1,-1,-1,veh4,0.0,False
12173,11.8596,CAM_DROP_PHY,11855,7,4.0,11.8596,drop_decision_no_action,-1,-1,-1,veh4,0.0,False
12201,11.8886,CAM_DROP_PHY,11884,8,4.0,11.8886,drop_decision_no_action,-1,-1,-1,veh4,0.0,False
12192,11.8901,CAM_DROP_PHY,11870,9,4.0,11.8901,drop_decision_no_action,-1,-1,-1,veh4,0.0,False
12212,11.8941,CAM_DROP_PHY,11890,12,4.0,11.8941,drop_decision_no_action,-1,-1,-1,veh4,0.0,False
12222,11.9086,CPM_DROP_PHY,11896,3,4.0,11.9086,drop_decision_no_action,-1,-1,-1,veh4,0.0,False
12236,11.9141,CPM_DROP_PHY,11906,12,4.0,11.9141,drop_decision_no_action,-1,-1,-1,veh4,0.0,False
12277,11.9543,CAM_DROP_PHY,11934,6,4.0,11.9543,drop_decision_no_action,-1,-1,-1,veh4,0.0,False
12287,11.9556,CPM_DROP_PHY,11952,10,4.0,11.9556,drop_decision_no_action,-1,-1,-1,veh4,0.0,False
12296,11.9601,CAM_DROP_PHY,11956,11,4.0,11.9601,drop_decision_no_action,-1,-1,-1,veh4,0.0,False
12347,12.0343,CPM_DROP_PHY,12015,6,4.0,12.0343,drop_decision_no_action,-1,-1,-1,veh4,0.0,False
12363,12.0401,CPM_DROP_PHY,12033,11,4.0,12.0401,drop_decision_no_action,-1,-1,-1,veh4,0.0,False
12386,12.0556,CPM_DROP_PHY,12052,10,4.0,12.0556,drop_decision_no_action,-1,-1,-1,veh4,0.0,False
12405,12.0756,CAM_DROP_PHY,12069,10,4.0,12.0756,drop_decision_no_action,-1,-1,-1,veh4,0.0,False
12417,12.0886,CPM_DROP_PHY,12079,8,4.0,12.0886,drop_decision_no_action,-1,-1,-1,veh4,0.0,False
12434,12.1098,CPM_DROP_PHY,12095,2,4.0,12.1098,drop_decision_no_action,-1,-1,-1,veh4,0.0,False
12438,12.1111,CAM_DROP_PHY,12099,5,4.0,12.1111,drop_decision_no_action,-1,-1,-1,veh4,0.0,False
12444,12.1141,CPM_DROP_PHY,12106,12,4.0,12.1141,drop_decision_no_action,-1,-1,-1,veh4,0.0,False
12491,12.1543,CAM_DROP_PHY,12134,6,4.0,12.1543,drop_decision_no_action,-1,-1,-1,veh4,0.0,False
12501,12.1556,CPM_DROP_PHY,12152,10,4.0,12.1556,drop_decision_no_action,-1,-1,-1,veh4,0.0,False
12533,12.1901,CPM_DROP_PHY,12186,9,4.0,12.1901,drop_decision_no_action,-1,-1,-1,veh4,0.0,False
12541,12.1941,CAM_DROP_PHY,12190,12,4.0,12.1941,drop_decision_no_action,-1,-1,-1,veh4,0.0,False
12549,12.2098,CPM_DROP_PHY,12195,2,4.0,12.2098,drop_decision_no_action,-1,-1,-1,veh4,0.0,False
12561,12.2141,CPM_DROP_PHY,12206,12,4.0,12.2141,drop_decision_no_action,-1,-1,-1,veh4,0.0,False
12615,12.2596,CAM_DROP_PHY,12255,7,4.0,12.2596,drop_decision_no_action,-1,-1,-1,veh4,0.0,False
12612,12.2723,CPM_DROP_PHY,12252,10,4.0,12.2723,drop_decision_no_action,-1,-1,-1,veh4,0.0,False
12644,12.2886,CAM_DROP_PHY,12284,8,4.0,12.2886,drop_decision_no_action,-1,-1,-1,veh4,0.0,False
12629,12.2901,CAM_DROP_PHY,12270,9,4.0,12.2901,drop_decision_no_action,-1,-1,-1,veh4,0.0,False
12629,12.2901,CPM_DROP_PHY,12286,9,4.0,12.2901,drop_decision_no_action,-1,-1,-1,veh4,0.0,False
12705,12.3401,CPM_DROP_PHY,12333,11,4.0,12.3401,drop_decision_no_action,-1,-1,-1,veh4,0.0,False
12708,12.3543,CAM_DROP_PHY,12334,6,4.0,12.3543,drop_decision_no_action,-1,-1,-1,veh4,0.0,False
12730,12.3601,CAM_DROP_PHY,12356,11,4.0,12.3601,drop_decision_no_action,-1,-1,-1,veh4,0.0,False
12755,12.3886,CPM_DROP_PHY,12379,8,4.0,12.3886,drop_decision_no_action,-1,-1,-1,veh4,0.0,False
12812,12.4723,CPM_DROP_PHY,12452,10,4.0,12.4723,drop_decision_no_action,-1,-1,-1,veh4,0.0,False
12812,12.4723,CAM_DROP_PHY,12469,10,4.0,12.4723,drop_decision_no_action,-1,-1,-1,veh4,0.0,False
12831,12.4886,CPM_DROP_PHY,12479,8,4.0,12.4886,drop_decision_no_action,-1,-1,-1,veh4,0.0,False
12846,12.4941,CAM_DROP_PHY,12490,12,4.0,12.4941,drop_decision_no_action,-1,-1,-1,veh4,0.0,False
12890,12.5418,CAM_DROP_PHY,12534,6,4.0,12.5418,drop_decision_no_action,-1,-1,-1,veh4,0.0,False
12905,12.5723,CPM_DROP_PHY,12552,10,4.0,12.5723,drop_decision_no_action,-1,-1,-1,veh4,0.0,False
12933,12.5901,CPM_DROP_PHY,12586,9,4.0,12.5901,drop_decision_no_action,-1,-1,-1,veh4,0.0,False
12974,12.6393,CPM_DROP_PHY,12630,7,4.0,12.6393,drop_decision_no_action,-1,-1,-1,veh4,0.0,False
12998,12.6593,CAM_DROP_PHY,12655,7,4.0,12.6593,drop_decision_no_action,-1,-1,-1,veh4,0.0,False
12993,12.6706,CPM_DROP_PHY,12651,5,4.0,12.6706,drop_decision_no_action,-1,-1,-1,veh4,0.0,False
12995,12.6723,CPM_DROP_PHY,12652,10,4.0,12.6723,drop_decision_no_action,-1,-1,-1,veh4,0.0,False
13035,12.6886,CAM_DROP_PHY,12684,8,4.0,12.6886,drop_decision_no_action,-1,-1,-1,veh4,0.0,False
13013,12.6901,CAM_DROP_PHY,12670,9,4.0,12.6901,drop_decision_no_action,-1,-1,-1,veh4,0.0,False
13013,12.6901,CPM_DROP_PHY,12686,9,4.0,12.6901,drop_decision_no_action,-1,-1,-1,veh4,0.0,False
13065,12.7141,CPM_DROP_PHY,12706,12,4.0,12.7141,drop_decision_no_action,-1,-1,-1,veh4,0.0,False
13099,12.7418,CAM_DROP_PHY,12734,6,4.0,12.7418,drop_decision_no_action,-1,-1,-1,veh4,0.0,False
13084,12.7423,CAM_DROP_PHY,12723,2,4.0,12.7423,drop_decision_no_action,-1,-1,-1,veh4,0.0,False
13121,12.7653,CAM_DROP_PHY,12756,11,4.0,12.7653,drop_decision_no_action,-1,-1,-1,veh4,0.0,False
13129,12.7671,CAM_DROP_PHY,12763,3,4.0,12.7671,drop_decision_no_action,-1,-1,-1,veh4,0.0,False
13150,12.7886,CPM_DROP_PHY,12779,8,4.0,12.7886,drop_decision_no_action,-1,-1,-1,veh4,0.0,False
13157,12.7901,CPM_DROP_PHY,12786,9,4.0,12.7901,drop_decision_no_action,-1,-1,-1,veh4,0.0,False
13167,12.7941,CAM_DROP_PHY,12790,12,4.0,12.7941,drop_decision_no_action,-1,-1,-1,veh4,0.0,False
13226,12.8723,CPM_DROP_PHY,12852,10,4.0,12.8723,drop_decision_no_action,-1,-1,-1,veh4,0.0,False
13226,12.8723,CAM_DROP_PHY,12869,10,4.0,12.8723,drop_decision_no_action,-1,-1,-1,veh4,0.0,False
13259,12.9071,CPM_DROP_PHY,12896,3,4.0,12.9071,drop_decision_no_action,-1,-1,-1,veh4,0.0,False
13297,12.9418,CAM_DROP_PHY,12934,6,4.0,12.9418,drop_decision_no_action,-1,-1,-1,veh4,0.0,False
13316,12.9593,CAM_DROP_PHY,12955,7,4.0,12.9593,drop_decision_no_action,-1,-1,-1,veh4,0.0,False
13311,12.9723,CPM_DROP_PHY,12952,10,4.0,12.9723,drop_decision_no_action,-1,-1,-1,veh4,0.0,False
13347,12.9901,CPM_DROP_PHY,12986,9,4.0,12.9901,drop_decision_no_action,-1,-1,-1,veh4,0.0,False
13367,13.0206,CPM_DROP_PHY,13006,12,4.0,13.0206,drop_decision_no_action,-1,-1,-1,veh4,0.0,False
13378,13.0218,CPM_DROP_PHY,13015,6,4.0,13.0218,drop_decision_no_action,-1,-1,-1,veh4,0.0,False
13417,13.0723,CPM_DROP_PHY,13052,10,4.0,13.0723,drop_decision_no_action,-1,-1,-1,veh4,0.0,False
13435,13.0886,CPM_DROP_PHY,13079,8,4.0,13.0886,drop_decision_no_action,-1,-1,-1,veh4,0.0,False
13435,13.0886,CAM_DROP_PHY,13084,8,4.0,13.0886,drop_decision_no_action,-1,-1,-1,veh4,0.0,False
13427,13.0901,CAM_DROP_PHY,13070,9,4.0,13.0901,drop_decision_no_action,-1,-1,-1,veh4,0.0,False
13427,13.0901,CPM_DROP_PHY,13086,9,4.0,13.0901,drop_decision_no_action,-1,-1,-1,veh4,0.0,False
13455,13.1006,CAM_DROP_PHY,13090,12,4.0,13.1006,drop_decision_no_action,-1,-1,-1,veh4,0.0,False
13461,13.1023,CPM_DROP_PHY,13095,2,4.0,13.1023,drop_decision_no_action,-1,-1,-1,veh4,0.0,False
13465,13.1106,CAM_DROP_PHY,13099,5,4.0,13.1106,drop_decision_no_action,-1,-1,-1,veh4,0.0,False
13484,13.1206,CPM_DROP_PHY,13106,12,4.0,13.1206,drop_decision_no_action,-1,-1,-1,veh4,0.0,False
13528,13.1418,CAM_DROP_PHY,13134,6,4.0,13.1418,drop_decision_no_action,-1,-1,-1,veh4,0.0,False
13546,13.1593,CAM_DROP_PHY,13155,7,4.0,13.1593,drop_decision_no_action,-1,-1,-1,veh4,0.0,False
13547,13.1653,CAM_DROP_PHY,13156,11,4.0,13.1653,drop_decision_no_action,-1,-1,-1,veh4,0.0,False
13575,13.1866,CPM_DROP_PHY,13179,8,4.0,13.1866,drop_decision_no_action,-1,-1,-1,veh4,0.0,False
13580,13.1901,CPM_DROP_PHY,13186,9,4.0,13.1901,drop_decision_no_action,-1,-1,-1,veh4,0.0,False
13641,13.2723,CPM_DROP_PHY,13252,10,4.0,13.2723,drop_decision_no_action,-1,-1,-1,veh4,0.0,False
13641,13.2723,CAM_DROP_PHY,13269,10,4.0,13.2723,drop_decision_no_action,-1,-1,-1,veh4,0.0,False
13712,13.3418,CAM_DROP_PHY,13334,6,4.0,13.3418,drop_decision_no_action,-1,-1,-1,veh4,0.0,False
13711,13.3453,CPM_DROP_PHY,13333,11,4.0,13.3453,drop_decision_no_action,-1,-1,-1,veh4,0.0,False
13738,13.3593,CAM_DROP_PHY,13355,7,4.0,13.3593,drop_decision_no_action,-1,-1,-1,veh4,0.0,False
13731,13.3676,CPM_DROP_PHY,13352,10,4.0,13.3676,drop_decision_no_action,-1,-1,-1,veh4,0.0,False
13771,13.4051,CPM_DROP_PHY,13386,9,4.0,13.4051,drop_decision_no_action,-1,-1,-1,veh4,0.0,False
13824,13.4676,CPM_DROP_PHY,13452,10,4.0,13.4676,drop_decision_no_action,-1,-1,-1,veh4,0.0,False
13838,13.4851,CAM_DROP_PHY,13470,9,4.0,13.4851,drop_decision_no_action,-1,-1,-1,veh4,0.0,False
13850,13.4866,CAM_DROP_PHY,13484,8,4.0,13.4866,drop_decision_no_action,-1,-1,-1,veh4,0.0,False
13864,13.5006,CAM_DROP_PHY,13490,12,4.0,13.5006,drop_decision_no_action,-1,-1,-1,veh4,0.0,False
13854,13.5051,CPM_DROP_PHY,13486,9,4.0,13.5051,drop_decision_no_action,-1,-1,-1,veh4,0.0,False
13888,13.5206,CPM_DROP_PHY,13506,12,4.0,13.5206,drop_decision_no_action,-1,-1,-1,veh4,0.0,False
13925,13.5418,CAM_DROP_PHY,13534,6,4.0,13.5418,drop_decision_no_action,-1,-1,-1,veh4,0.0,False
13944,13.5593,CAM_DROP_PHY,13555,7,4.0,13.5593,drop_decision_no_action,-1,-1,-1,veh4,0.0,False
13945,13.5613,CAM_DROP_PHY,13556,11,4.0,13.5613,drop_decision_no_action,-1,-1,-1,veh4,0.0,False
13940,13.5676,CPM_DROP_PHY,13552,10,4.0,13.5676,drop_decision_no_action,-1,-1,-1,veh4,0.0,False
13985,13.6051,CPM_DROP_PHY,13586,9,4.0,13.6051,drop_decision_no_action,-1,-1,-1,veh4,0.0,False
14000,13.6206,CPM_DROP_PHY,13606,12,4.0,13.6206,drop_decision_no_action,-1,-1,-1,veh4,0.0,False
14034,13.6393,CPM_DROP_PHY,13630,7,4.0,13.6393,drop_decision_no_action,-1,-1,-1,veh4,0.0,False
14054,13.6676,CPM_DROP_PHY,13652,10,4.0,13.6676,drop_decision_no_action,-1,-1,-1,veh4,0.0,False
14053,13.6706,CPM_DROP_PHY,13651,5,4.0,13.6706,drop_decision_no_action,-1,-1,-1,veh4,0.0,False
14067,13.6876,CAM_DROP_PHY,13669,10,4.0,13.6876,drop_decision_no_action,-1,-1,-1,veh4,0.0,False
14089,13.7051,CPM_DROP_PHY,13686,9,4.0,13.7051,drop_decision_no_action,-1,-1,-1,veh4,0.0,False
14111,13.7206,CPM_DROP_PHY,13706,12,4.0,13.7206,drop_decision_no_action,-1,-1,-1,veh4,0.0,False
14148,13.7413,CPM_DROP_PHY,13733,11,4.0,13.7413,drop_decision_no_action,-1,-1,-1,veh4,0.0,False
14149,13.7418,CAM_DROP_PHY,13734,6,4.0,13.7418,drop_decision_no_action,-1,-1,-1,veh4,0.0,False
14140,13.7428,CAM_DROP_PHY,13723,2,4.0,13.7428,drop_decision_no_action,-1,-1,-1,veh4,0.0,False
14178,13.7593,CAM_DROP_PHY,13755,7,4.0,13.7593,drop_decision_no_action,-1,-1,-1,veh4,0.0,False
14172,13.7676,CPM_DROP_PHY,13752,10,4.0,13.7676,drop_decision_no_action,-1,-1,-1,veh4,0.0,False
14193,13.7703,CAM_DROP_PHY,13763,3,4.0,13.7703,drop_decision_no_action,-1,-1,-1,veh4,0.0,False
14235,13.8206,CPM_DROP_PHY,13806,12,4.0,13.8206,drop_decision_no_action,-1,-1,-1,veh4,0.0,False
14266,13.8413,CPM_DROP_PHY,13833,11,4.0,13.8413,drop_decision_no_action,-1,-1,-1,veh4,0.0,False
14281,13.8676,CPM_DROP_PHY,13852,10,4.0,13.8676,drop_decision_no_action,-1,-1,-1,veh4,0.0,False
14298,13.8851,CAM_DROP_PHY,13870,9,4.0,13.8851,drop_decision_no_action,-1,-1,-1,veh4,0.0,False
14310,13.8873,CAM_DROP_PHY,13884,8,4.0,13.8873,drop_decision_no_action,-1,-1,-1,veh4,0.0,False
14324,13.9006,CAM_DROP_PHY,13890,12,4.0,13.9006,drop_decision_no_action,-1,-1,-1,veh4,0.0,False
14328,13.9103,CPM_DROP_PHY,13896,3,4.0,13.9103,drop_decision_no_action,-1,-1,-1,veh4,0.0,False
14346,13.9206,CPM_DROP_PHY,13906,12,4.0,13.9206,drop_decision_no_action,-1,-1,-1,veh4,0.0,False
14385,13.9391,CAM_DROP_PHY,13934,6,4.0,13.9391,drop_decision_no_action,-1,-1,-1,veh4,0.0,False
14405,13.9593,CAM_DROP_PHY,13955,7,4.0,13.9593,drop_decision_no_action,-1,-1,-1,veh4,0.0,False
14406,13.9613,CAM_DROP_PHY,13956,11,4.0,13.9613,drop_decision_no_action,-1,-1,-1,veh4,0.0,False
14403,13.9676,CPM_DROP_PHY,13952,10,4.0,13.9676,drop_decision_no_action,-1,-1,-1,veh4,0.0,False
14450,14.0006,CAM_DROP_PHY,13990,12,4.0,14.0006,drop_decision_no_action,-1,-1,-1,veh4,0.0,False
14452,14.0028,CPM_DROP_PHY,13995,2,4.0,14.0028,drop_decision_no_action,-1,-1,-1,veh4,0.0,False
14445,14.0051,CPM_DROP_PHY,13986,9,4.0,14.0051,drop_decision_no_action,-1,-1,-1,veh4,0.0,False
14485,14.0191,CPM_DROP_PHY,14015,6,4.0,14.0191,drop_decision_no_action,-1,-1,-1,veh4,0.0,False
14472,14.0206,CPM_DROP_PHY,14006,12,4.0,14.0206,drop_decision_no_action,-1,-1,-1,veh4,0.0,False
14530,14.0773,CPM_DROP_PHY,14052,10,4.0,14.0773,drop_decision_no_action,-1,-1,-1,veh4,0.0,False
14551,14.0873,CPM_DROP_PHY,14079,8,4.0,14.0873,drop_decision_no_action,-1,-1,-1,veh4,0.0,False
14551,14.0873,CAM_DROP_PHY,14084,8,4.0,14.0873,drop_decision_no_action,-1,-1,-1,veh4,0.0,False
14542,14.0876,CAM_DROP_PHY,14069,10,4.0,14.0876,drop_decision_no_action,-1,-1,-1,veh4,0.0,False
14571,14.1006,CAM_DROP_PHY,14090,12,4.0,14.1006,drop_decision_no_action,-1,-1,-1,veh4,0.0,False
14576,14.1028,CPM_DROP_PHY,14095,2,4.0,14.1028,drop_decision_no_action,-1,-1,-1,veh4,0.0,False
14559,14.1051,CPM_DROP_PHY,14086,9,4.0,14.1051,drop_decision_no_action,-1,-1,-1,veh4,0.0,False
14581,14.1106,CAM_DROP_PHY,14099,5,4.0,14.1106,drop_decision_no_action,-1,-1,-1,veh4,0.0,False
14601,14.1206,CPM_DROP_PHY,14106,12,4.0,14.1206,drop_decision_no_action,-1,-1,-1,veh4,0.0,False
14648,14.1391,CAM_DROP_PHY,14134,6,4.0,14.1391,drop_decision_no_action,-1,-1,-1,veh4,0.0,False
14668,14.1601,CAM_DROP_PHY,14155,7,4.0,14.1601,drop_decision_no_action,-1,-1,-1,veh4,0.0,False
14666,14.1676,CPM_DROP_PHY,14152,10,4.0,14.1676,drop_decision_no_action,-1,-1,-1,veh4,0.0,False
14704,14.2006,CAM_DROP_PHY,14190,12,4.0,14.2006,drop_decision_no_action,-1,-1,-1,veh4,0.0,False
14720,14.2206,CPM_DROP_PHY,14206,12,4.0,14.2206,drop_decision_no_action,-1,-1,-1,veh4,0.0,False
14751,14.2413,CPM_DROP_PHY,14233,11,4.0,14.2413,drop_decision_no_action,-1,-1,-1,veh4,0.0,False
14767,14.2676,CPM_DROP_PHY,14252,10,4.0,14.2676,drop_decision_no_action,-1,-1,-1,veh4,0.0,False
14786,14.2851,CAM_DROP_PHY,14270,9,4.0,14.2851,drop_decision_no_action,-1,-1,-1,veh4,0.0,False
14796,14.2873,CAM_DROP_PHY,14284,8,4.0,14.2873,drop_decision_no_action,-1,-1,-1,veh4,0.0,False
14812,14.3091,CAM_DROP_PHY,14290,12,4.0,14.3091,drop_decision_no_action,-1,-1,-1,veh4,0.0,False
14812,14.3091,CPM_DROP_PHY,14306,12,4.0,14.3091,drop_decision_no_action,-1,-1,-1,veh4,0.0,False
14864,14.3391,CAM_DROP_PHY,14334,6,4.0,14.3391,drop_decision_no_action,-1,-1,-1,veh4,0.0,False
14863,14.3413,CPM_DROP_PHY,14333,11,4.0,14.3413,drop_decision_no_action,-1,-1,-1,veh4,0.0,False
14891,14.3601,CAM_DROP_PHY,14355,7,4.0,14.3601,drop_decision_no_action,-1,-1,-1,veh4,0.0,False
14893,14.3613,CAM_DROP_PHY,14356,11,4.0,14.3613,drop_decision_no_action,-1,-1,-1,veh4,0.0,False
14888,14.3676,CPM_DROP_PHY,14352,10,4.0,14.3676,drop_decision_no_action,-1,-1,-1,veh4,0.0,False
14934,14.4051,CPM_DROP_PHY,14386,9,4.0,14.4051,drop_decision_no_action,-1,-1,-1,veh4,0.0,False
14949,14.4091,CPM_DROP_PHY,14406,12,4.0,14.4091,drop_decision_no_action,-1,-1,-1,veh4,0.0,False
14994,14.4676,CPM_DROP_PHY,14452,10,4.0,14.4676,drop_decision_no_action,-1,-1,-1,veh4,0.0,False
15007,14.4876,CAM_DROP_PHY,14469,10,4.0,14.4876,drop_decision_no_action,-1,-1,-1,veh4,0.0,False
15021,14.5003,CAM_DROP_PHY,14484,8,4.0,14.5003,drop_decision_no_action,-1,-1,-1,veh4,0.0,False
15023,14.5016,CPM_DROP_PHY,14486,9,4.0,14.5016,drop_decision_no_action,-1,-1,-1,veh4,0.0,False
15050,14.5091,CPM_DROP_PHY,14506,12,4.0,14.5091,drop_decision_no_action,-1,-1,-1,veh4,0.0,False
15031,14.5103,CPM_DROP_PHY,14496,3,4.0,14.5103,drop_decision_no_action,-1,-1,-1,veh4,0.0,False
15093,14.5391,CAM_DROP_PHY,14534,6,4.0,14.5391,drop_decision_no_action,-1,-1,-1,veh4,0.0,False
15114,14.5601,CAM_DROP_PHY,14555,7,4.0,14.5601,drop_decision_no_action,-1,-1,-1,veh4,0.0,False
15113,14.5676,CPM_DROP_PHY,14552,10,4.0,14.5676,drop_decision_no_action,-1,-1,-1,veh4,0.0,False
15159,14.6091,CPM_DROP_PHY,14606,12,4.0,14.6091,drop_decision_no_action,-1,-1,-1,veh4,0.0,False
15185,14.6376,CPM_DROP_PHY,14630,7,4.0,14.6376,drop_decision_no_action,-1,-1,-1,veh4,0.0,False
15189,14.6413,CPM_DROP_PHY,14633,11,4.0,14.6413,drop_decision_no_action,-1,-1,-1,veh4,0.0,False
15212,14.6661,CPM_DROP_PHY,14651,5,4.0,14.6661,drop_decision_no_action,-1,-1,-1,veh4,0.0,False
15214,14.6713,CPM_DROP_PHY,14652,10,4.0,14.6713,drop_decision_no_action,-1,-1,-1,veh4,0.0,False
15230,14.6816,CAM_DROP_PHY,14670,9,4.0,14.6816,drop_decision_no_action,-1,-1,-1,veh4,0.0,False
15251,14.7003,CAM_DROP_PHY,14684,8,4.0,14.7003,drop_decision_no_action,-1,-1,-1,veh4,0.0,False
15256,14.7016,CPM_DROP_PHY,14686,9,4.0,14.7016,drop_decision_no_action,-1,-1,-1,veh4,0.0,False
15260,14.7091,CAM_DROP_PHY,14690,12,4.0,14.7091,drop_decision_no_action,-1,-1,-1,veh4,0.0,False
15260,14.7091,CPM_DROP_PHY,14706,12,4.0,14.7091,drop_decision_no_action,-1,-1,-1,veh4,0.0,False
15307,14.7271,CAM_DROP_PHY,14723,2,4.0,14.7271,drop_decision_no_action,-1,-1,-1,veh4,0.0,False
15321,14.7391,CAM_DROP_PHY,14734,6,4.0,14.7391,drop_decision_no_action,-1,-1,-1,veh4,0.0,False
15320,14.7413,CPM_DROP_PHY,14733,11,4.0,14.7413,drop_decision_no_action,-1,-1,-1,veh4,0.0,False
15352,14.7576,CAM_DROP_PHY,14755,7,4.0,14.7576,drop_decision_no_action,-1,-1,-1,veh4,0.0,False
15354,14.7613,CAM_DROP_PHY,14756,11,4.0,14.7613,drop_decision_no_action,-1,-1,-1,veh4,0.0,False
15365,14.7666,CAM_DROP_PHY,14763,3,4.0,14.7666,drop_decision_no_action,-1,-1,-1,veh4,0.0,False
15349,14.7713,CPM_DROP_PHY,14752,10,4.0,14.7713,drop_decision_no_action,-1,-1,-1,veh4,0.0,False
15402,14.8016,CPM_DROP_PHY,14786,9,4.0,14.8016,drop_decision_no_action,-1,-1,-1,veh4,0.0,False
15419,14.8091,CPM_DROP_PHY,14806,12,4.0,14.8091,drop_decision_no_action,-1,-1,-1,veh4,0.0,False
15463,14.8713,CPM_DROP_PHY,14852,10,4.0,14.8713,drop_decision_no_action,-1,-1,-1,veh4,0.0,False
15463,14.8713,CAM_DROP_PHY,14869,10,4.0,14.8713,drop_decision_no_action,-1,-1,-1,veh4,0.0,False
15488,14.9011,CAM_DROP_PHY,14884,8,4.0,14.9011,drop_decision_no_action,-1,-1,-1,veh4,0.0,False
15495,14.9066,CPM_DROP_PHY,14896,3,4.0,14.9066,drop_decision_no_action,-1,-1,-1,veh4,0.0,False
15507,14.9091,CPM_DROP_PHY,14906,12,4.0,14.9091,drop_decision_no_action,-1,-1,-1,veh4,0.0,False
15545,14.9391,CAM_DROP_PHY,14934,6,4.0,14.9391,drop_decision_no_action,-1,-1,-1,veh4,0.0,False
15568,14.9576,CAM_DROP_PHY,14955,7,4.0,14.9576,drop_decision_no_action,-1,-1,-1,veh4,0.0,False
15567,14.9713,CPM_DROP_PHY,14952,10,4.0,14.9713,drop_decision_no_action,-1,-1,-1,veh4,0.0,False
15613,15.0108,CPM_DROP_PHY,15006,12,4.0,15.0108,drop_decision_no_action,-1,-1,-1,veh4,0.0,False
15677,15.0811,CPM_DROP_PHY,15079,8,4.0,15.0811,drop_decision_no_action,-1,-1,-1,veh4,0.0,False
15671,15.0816,CAM_DROP_PHY,15070,9,4.0,15.0816,drop_decision_no_action,-1,-1,-1,veh4,0.0,False
15685,15.1011,CAM_DROP_PHY,15084,8,4.0,15.1011,drop_decision_no_action,-1,-1,-1,veh4,0.0,False
15699,15.1071,CPM_DROP_PHY,15095,2,4.0,15.1071,drop_decision_no_action,-1,-1,-1,veh4,0.0,False
15705,15.1071,CAM_DROP_PHY,15099,5,4.0,15.1071,drop_decision_no_action,-1,-1,-1,veh4,0.0,False
15696,15.1108,CAM_DROP_PHY,15090,12,4.0,15.1108,drop_decision_no_action,-1,-1,-1,veh4,0.0,False
15696,15.1108,CPM_DROP_PHY,15106,12,4.0,15.1108,drop_decision_no_action,-1,-1,-1,veh4,0.0,False
15782,15.1576,CAM_DROP_PHY,15155,7,4.0,15.1576,drop_decision_no_action,-1,-1,-1,veh4,0.0,False
15783,15.1616,CAM_DROP_PHY,15156,11,4.0,15.1616,drop_decision_no_action,-1,-1,-1,veh4,0.0,False
15760,15.2391,CAM_DROP_PHY,15134,6,4.0,15.2391,drop_decision_no_action,-1,-1,-1,veh4,0.0,False
15870,15.2713,CAM_DROP_PHY,15269,10,4.0,15.2713,drop_decision_no_action,-1,-1,-1,veh4,0.0,False
15884,15.3011,CAM_DROP_PHY,15284,8,4.0,15.3011,drop_decision_no_action,-1,-1,-1,veh4,0.0,False
15906,15.3108,CPM_DROP_PHY,15306,12,4.0,15.3108,drop_decision_no_action,-1,-1,-1,veh4,0.0,False
15943,15.3416,CPM_DROP_PHY,15333,11,4.0,15.3416,drop_decision_no_action,-1,-1,-1,veh4,0.0,False
15945,15.3543,CAM_DROP_PHY,15334,6,4.0,15.3543,drop_decision_no_action,-1,-1,-1,veh4,0.0,False
15965,15.3713,CPM_DROP_PHY,15352,10,4.0,15.3713,drop_decision_no_action,-1,-1,-1,veh4,0.0,False
15971,15.3731,CAM_DROP_PHY,15355,7,4.0,15.3731,drop_decision_no_action,-1,-1,-1,veh4,0.0,False
16017,15.4108,CPM_DROP_PHY,15406,12,4.0,15.4108,drop_decision_no_action,-1,-1,-1,veh4,0.0,False
16059,15.4713,CPM_DROP_PHY,15452,10,4.0,15.4713,drop_decision_no_action,-1,-1,-1,veh4,0.0,False
16069,15.4851,CAM_DROP_PHY,15470,9,4.0,15.4851,drop_decision_no_action,-1,-1,-1,veh4,0.0,False
16083,15.5011,CAM_DROP_PHY,15484,8,4.0,15.5011,drop_decision_no_action,-1,-1,-1,veh4,0.0,False
16094,15.5108,CAM_DROP_PHY,15490,12,4.0,15.5108,drop_decision_no_action,-1,-1,-1,veh4,0.0,False
16094,15.5108,CPM_DROP_PHY,15506,12,4.0,15.5108,drop_decision_no_action,-1,-1,-1,veh4,0.0,False
16143,15.5543,CAM_DROP_PHY,15534,6,4.0,15.5543,drop_decision_no_action,-1,-1,-1,veh4,0.0,False
16163,15.5616,CAM_DROP_PHY,15556,11,4.0,15.5616,drop_decision_no_action,-1,-1,-1,veh4,0.0,False
16156,15.5713,CPM_DROP_PHY,15552,10,4.0,15.5713,drop_decision_no_action,-1,-1,-1,veh4,0.0,False
16162,15.5731,CAM_DROP_PHY,15555,7,4.0,15.5731,drop_decision_no_action,-1,-1,-1,veh4,0.0,False
16216,15.6108,CPM_DROP_PHY,15606,12,4.0,15.6108,drop_decision_no_action,-1,-1,-1,veh4,0.0,False
16242,15.6331,CPM_DROP_PHY,15630,7,4.0,15.6331,drop_decision_no_action,-1,-1,-1,veh4,0.0,False
16266,15.6671,CPM_DROP_PHY,15651,5,4.0,15.6671,drop_decision_no_action,-1,-1,-1,veh4,0.0,False
16267,15.6713,CPM_DROP_PHY,15652,10,4.0,15.6713,drop_decision_no_action,-1,-1,-1,veh4,0.0,False
16267,15.6713,CAM_DROP_PHY,15669,10,4.0,15.6713,drop_decision_no_action,-1,-1,-1,veh4,0.0,False
16298,15.7011,CAM_DROP_PHY,15684,8,4.0,15.7011,drop_decision_no_action,-1,-1,-1,veh4,0.0,False
16301,15.7051,CPM_DROP_PHY,15686,9,4.0,15.7051,drop_decision_no_action,-1,-1,-1,veh4,0.0,False
16353,15.7271,CAM_DROP_PHY,15723,2,4.0,15.7271,drop_decision_no_action,-1,-1,-1,veh4,0.0,False
16364,15.7416,CPM_DROP_PHY,15733,11,4.0,15.7416,drop_decision_no_action,-1,-1,-1,veh4,0.0,False
16366,15.7543,CAM_DROP_PHY,15734,6,4.0,15.7543,drop_decision_no_action,-1,-1,-1,veh4,0.0,False
16398,15.7666,CAM_DROP_PHY,15763,3,4.0,15.7666,drop_decision_no_action,-1,-1,-1,veh4,0.0,False
16387,15.7713,CPM_DROP_PHY,15752,10,4.0,15.7713,drop_decision_no_action,-1,-1,-1,veh4,0.0,False
16393,15.7731,CAM_DROP_PHY,15755,7,4.0,15.7731,drop_decision_no_action,-1,-1,-1,veh4,0.0,False
16489,15.8713,CPM_DROP_PHY,15852,10,4.0,15.8713,drop_decision_no_action,-1,-1,-1,veh4,0.0,False
16500,15.8851,CAM_DROP_PHY,15870,9,4.0,15.8851,drop_decision_no_action,-1,-1,-1,veh4,0.0,False
16514,15.8978,CAM_DROP_PHY,15884,8,4.0,15.8978,drop_decision_no_action,-1,-1,-1,veh4,0.0,False
16530,15.9068,CPM_DROP_PHY,15896,3,4.0,15.9068,drop_decision_no_action,-1,-1,-1,veh4,0.0,False
16451,15.9091,CPM_DROP_PHY,15806,12,4.0,15.9091,drop_decision_no_action,-1,-1,-1,veh4,0.0,False
16524,15.9091,CAM_DROP_PHY,15890,12,4.0,15.9091,drop_decision_no_action,-1,-1,-1,veh4,0.0,False
16524,15.9091,CPM_DROP_PHY,15906,12,4.0,15.9091,drop_decision_no_action,-1,-1,-1,veh4,0.0,False
16584,15.9543,CAM_DROP_PHY,15934,6,4.0,15.9543,drop_decision_no_action,-1,-1,-1,veh4,0.0,False
16601,15.9616,CAM_DROP_PHY,15956,11,4.0,15.9616,drop_decision_no_action,-1,-1,-1,veh4,0.0,False
16594,15.9713,CPM_DROP_PHY,15952,10,4.0,15.9713,drop_decision_no_action,-1,-1,-1,veh4,0.0,False
16600,15.9731,CAM_DROP_PHY,15955,7,4.0,15.9731,drop_decision_no_action,-1,-1,-1,veh4,0.0,False
16649,16.0073,CPM_DROP_PHY,15995,2,4.0,16.0073,drop_decision_no_action,-1,-1,-1,veh4,0.0,False
16660,16.0091,CPM_DROP_PHY,16006,12,4.0,16.0091,drop_decision_no_action,-1,-1,-1,veh4,0.0,False
16677,16.0343,CPM_DROP_PHY,16015,6,4.0,16.0343,drop_decision_no_action,-1,-1,-1,veh4,0.0,False
16712,16.0703,CPM_DROP_PHY,16052,10,4.0,16.0703,drop_decision_no_action,-1,-1,-1,veh4,0.0,False
16712,16.0703,CAM_DROP_PHY,16069,10,4.0,16.0703,drop_decision_no_action,-1,-1,-1,veh4,0.0,False
16727,16.0851,CAM_DROP_PHY,16070,9,4.0,16.0851,drop_decision_no_action,-1,-1,-1,veh4,0.0,False
16736,16.0978,CPM_DROP_PHY,16079,8,4.0,16.0978,drop_decision_no_action,-1,-1,-1,veh4,0.0,False
16736,16.0978,CAM_DROP_PHY,16084,8,4.0,16.0978,drop_decision_no_action,-1,-1,-1,veh4,0.0,False
16761,16.1038,CAM_DROP_PHY,16099,5,4.0,16.1038,drop_decision_no_action,-1,-1,-1,veh4,0.0,False
16755,16.1068,CPM_DROP_PHY,16096,3,4.0,16.1068,drop_decision_no_action,-1,-1,-1,veh4,0.0,False
16754,16.1073,CPM_DROP_PHY,16095,2,4.0,16.1073,drop_decision_no_action,-1,-1,-1,veh4,0.0,False
16777,16.1091,CPM_DROP_PHY,16106,12,4.0,16.1091,drop_decision_no_action,-1,-1,-1,veh4,0.0,False
16824,16.1543,CAM_DROP_PHY,16134,6,4.0,16.1543,drop_decision_no_action,-1,-1,-1,veh4,0.0,False
16834,16.1703,CPM_DROP_PHY,16152,10,4.0,16.1703,drop_decision_no_action,-1,-1,-1,veh4,0.0,False
16840,16.1731,CAM_DROP_PHY,16155,7,4.0,16.1731,drop_decision_no_action,-1,-1,-1,veh4,0.0,False
16891,16.2091,CPM_DROP_PHY,16206,12,4.0,16.2091,drop_decision_no_action,-1,-1,-1,veh4,0.0,False
16930,16.2703,CPM_DROP_PHY,16252,10,4.0,16.2703,drop_decision_no_action,-1,-1,-1,veh4,0.0,False
16943,16.2836,CAM_DROP_PHY,16270,9,4.0,16.2836,drop_decision_no_action,-1,-1,-1,veh4,0.0,False
16958,16.2978,CAM_DROP_PHY,16284,8,4.0,16.2978,drop_decision_no_action,-1,-1,-1,veh4,0.0,False
16967,16.3091,CAM_DROP_PHY,16290,12,4.0,16.3091,drop_decision_no_action,-1,-1,-1,veh4,0.0,False
16967,16.3091,CPM_DROP_PHY,16306,12,4.0,16.3091,drop_decision_no_action,-1,-1,-1,veh4,0.0,False
17017,16.3488,CPM_DROP_PHY,16333,11,4.0,16.3488,drop_decision_no_action,-1,-1,-1,veh4,0.0,False
17018,16.3506,CAM_DROP_PHY,16334,6,4.0,16.3506,drop_decision_no_action,-1,-1,-1,veh4,0.0,False
17042,16.3688,CAM_DROP_PHY,16356,11,4.0,16.3688,drop_decision_no_action,-1,-1,-1,veh4,0.0,False
17036,16.3703,CPM_DROP_PHY,16352,10,4.0,16.3703,drop_decision_no_action,-1,-1,-1,veh4,0.0,False
17041,16.3731,CAM_DROP_PHY,16355,7,4.0,16.3731,drop_decision_no_action,-1,-1,-1,veh4,0.0,False
17099,16.4091,CPM_DROP_PHY,16406,12,4.0,16.4091,drop_decision_no_action,-1,-1,-1,veh4,0.0,False
17138,16.4703,CPM_DROP_PHY,16452,10,4.0,16.4703,drop_decision_no_action,-1,-1,-1,veh4,0.0,False
17138,16.4703,CAM_DROP_PHY,16469,10,4.0,16.4703,drop_decision_no_action,-1,-1,-1,veh4,0.0,False
17152,16.4836,CAM_DROP_PHY,16470,9,4.0,16.4836,drop_decision_no_action,-1,-1,-1,veh4,0.0,False
17167,16.4978,CAM_DROP_PHY,16484,8,4.0,16.4978,drop_decision_no_action,-1,-1,-1,veh4,0.0,False
17179,16.5068,CPM_DROP_PHY,16496,3,4.0,16.5068,drop_decision_no_action,-1,-1,-1,veh4,0.0,False
17195,16.5091,CPM_DROP_PHY,16506,12,4.0,16.5091,drop_decision_no_action,-1,-1,-1,veh4,0.0,False
17232,16.5506,CAM_DROP_PHY,16534,6,4.0,16.5506,drop_decision_no_action,-1,-1,-1,veh4,0.0,False
17247,16.5703,CPM_DROP_PHY,16552,10,4.0,16.5703,drop_decision_no_action,-1,-1,-1,veh4,0.0,False
17251,16.5731,CAM_DROP_PHY,16555,7,4.0,16.5731,drop_decision_no_action,-1,-1,-1,veh4,0.0,False
17289,16.6068,CPM_DROP_PHY,16596,3,4.0,16.6068,drop_decision_no_action,-1,-1,-1,veh4,0.0,False
17299,16.6091,CPM_DROP_PHY,16606,12,4.0,16.6091,drop_decision_no_action,-1,-1,-1,veh4,0.0,False
17333,16.6331,CPM_DROP_PHY,16630,7,4.0,16.6331,drop_decision_no_action,-1,-1,-1,veh4,0.0,False
17353,16.6638,CPM_DROP_PHY,16651,5,4.0,16.6638,drop_decision_no_action,-1,-1,-1,veh4,0.0,False
17354,16.6703,CPM_DROP_PHY,16652,10,4.0,16.6703,drop_decision_no_action,-1,-1,-1,veh4,0.0,False
17370,16.6786,CAM_DROP_PHY,16670,9,4.0,16.6786,drop_decision_no_action,-1,-1,-1,veh4,0.0,False
17390,16.6978,CAM_DROP_PHY,16684,8,4.0,16.6978,drop_decision_no_action,-1,-1,-1,veh4,0.0,False
17391,16.6986,CPM_DROP_PHY,16686,9,4.0,16.6986,drop_decision_no_action,-1,-1,-1,veh4,0.0,False
17403,16.6996,CPM_DROP_PHY,16696,3,4.0,16.6996,drop_decision_no_action,-1,-1,-1,veh4,0.0,False
17398,16.7091,CAM_DROP_PHY,16690,12,4.0,16.7091,drop_decision_no_action,-1,-1,-1,veh4,0.0,False
17398,16.7091,CPM_DROP_PHY,16706,12,4.0,16.7091,drop_decision_no_action,-1,-1,-1,veh4,0.0,False
17458,16.7273,CAM_DROP_PHY,16723,2,4.0,16.7273,drop_decision_no_action,-1,-1,-1,veh4,0.0,False
17467,16.7506,CAM_DROP_PHY,16734,6,4.0,16.7506,drop_decision_no_action,-1,-1,-1,veh4,0.0,False
17490,16.7613,CAM_DROP_PHY,16755,7,4.0,16.7613,drop_decision_no_action,-1,-1,-1,veh4,0.0,False
17491,16.7688,CAM_DROP_PHY,16756,11,4.0,16.7688,drop_decision_no_action,-1,-1,-1,veh4,0.0,False
17487,16.7703,CPM_DROP_PHY,16752,10,4.0,16.7703,drop_decision_no_action,-1,-1,-1,veh4,0.0,False
17501,16.7796,CAM_DROP_PHY,16763,3,4.0,16.7796,drop_decision_no_action,-1,-1,-1,veh4,0.0,False
17550,16.8091,CPM_DROP_PHY,16806,12,4.0,16.8091,drop_decision_no_action,-1,-1,-1,veh4,0.0,False
17585,16.8703,CPM_DROP_PHY,16852,10,4.0,16.8703,drop_decision_no_action,-1,-1,-1,veh4,0.0,False
17585,16.8703,CAM_DROP_PHY,16869,10,4.0,16.8703,drop_decision_no_action,-1,-1,-1,veh4,0.0,False
17599,16.8786,CAM_DROP_PHY,16870,9,4.0,16.8786,drop_decision_no_action,-1,-1,-1,veh4,0.0,False
17615,16.8978,CAM_DROP_PHY,16884,8,4.0,16.8978,drop_decision_no_action,-1,-1,-1,veh4,0.0,False
17625,16.8996,CPM_DROP_PHY,16896,3,4.0,16.8996,drop_decision_no_action,-1,-1,-1,veh4,0.0,False
17646,16.9091,CPM_DROP_PHY,16906,12,4.0,16.9091,drop_decision_no_action,-1,-1,-1,veh4,0.0,False
17678,16.9506,CAM_DROP_PHY,16934,6,4.0,16.9506,drop_decision_no_action,-1,-1,-1,veh4,0.0,False
17697,16.9613,CAM_DROP_PHY,16955,7,4.0,16.9613,drop_decision_no_action,-1,-1,-1,veh4,0.0,False
17694,16.9661,CPM_DROP_PHY,16952,10,4.0,16.9661,drop_decision_no_action,-1,-1,-1,veh4,0.0,False
17743,17.0091,CPM_DROP_PHY,17006,12,4.0,17.0091,drop_decision_no_action,-1,-1,-1,veh4,0.0,False
17751,17.0306,CPM_DROP_PHY,17015,6,4.0,17.0306,drop_decision_no_action,-1,-1,-1,veh4,0.0,False
17773,17.0423,CPM_DROP_PHY,17033,11,4.0,17.0423,drop_decision_no_action,-1,-1,-1,veh4,0.0,False
17789,17.0661,CPM_DROP_PHY,17052,10,4.0,17.0661,drop_decision_no_action,-1,-1,-1,veh4,0.0,False
17809,17.0786,CAM_DROP_PHY,17070,9,4.0,17.0786,drop_decision_no_action,-1,-1,-1,veh4,0.0,False
17807,17.0861,CAM_DROP_PHY,17069,10,4.0,17.0861,drop_decision_no_action,-1,-1,-1,veh4,0.0,False
17819,17.0898,CPM_DROP_PHY,17079,8,4.0,17.0898,drop_decision_no_action,-1,-1,-1,veh4,0.0,False
17819,17.0898,CAM_DROP_PHY,17084,8,4.0,17.0898,drop_decision_no_action,-1,-1,-1,veh4,0.0,False
17849,17.1038,CAM_DROP_PHY,17099,5,4.0,17.1038,drop_decision_no_action,-1,-1,-1,veh4,0.0,False
17839,17.1058,CAM_DROP_PHY,17090,12,4.0,17.1058,drop_decision_no_action,-1,-1,-1,veh4,0.0,False
17844,17.1073,CPM_DROP_PHY,17095,2,4.0,17.1073,drop_decision_no_action,-1,-1,-1,veh4,0.0,False
17864,17.1258,CPM_DROP_PHY,17106,12,4.0,17.1258,drop_decision_no_action,-1,-1,-1,veh4,0.0,False
17908,17.1506,CAM_DROP_PHY,17134,6,4.0,17.1506,drop_decision_no_action,-1,-1,-1,veh4,0.0,False
17930,17.1613,CAM_DROP_PHY,17155,7,4.0,17.1613,drop_decision_no_action,-1,-1,-1,veh4,0.0,False
17931,17.1623,CAM_DROP_PHY,17156,11,4.0,17.1623,drop_decision_no_action,-1,-1,-1,veh4,0.0,False
17927,17.1661,CPM_DROP_PHY,17152,10,4.0,17.1661,drop_decision_no_action,-1,-1,-1,veh4,0.0,False
17983,17.2258,CPM_DROP_PHY,17206,12,4.0,17.2258,drop_decision_no_action,-1,-1,-1,veh4,0.0,False
18003,17.2423,CPM_DROP_PHY,17233,11,4.0,17.2423,drop_decision_no_action,-1,-1,-1,veh4,0.0,False
18021,17.2661,CPM_DROP_PHY,17252,10,4.0,17.2661,drop_decision_no_action,-1,-1,-1,veh4,0.0,False
18040,17.2786,CAM_DROP_PHY,17270,9,4.0,17.2786,drop_decision_no_action,-1,-1,-1,veh4,0.0,False
18038,17.2861,CAM_DROP_PHY,17269,10,4.0,17.2861,drop_decision_no_action,-1,-1,-1,veh4,0.0,False
18054,17.2898,CAM_DROP_PHY,17284,8,4.0,17.2898,drop_decision_no_action,-1,-1,-1,veh4,0.0,False
18092,17.3258,CPM_DROP_PHY,17306,12,4.0,17.3258,drop_decision_no_action,-1,-1,-1,veh4,0.0,False
18114,17.3423,CPM_DROP_PHY,17333,11,4.0,17.3423,drop_decision_no_action,-1,-1,-1,veh4,0.0,False
18115,17.3506,CAM_DROP_PHY,17334,6,4.0,17.3506,drop_decision_no_action,-1,-1,-1,veh4,0.0,False
18141,17.3613,CAM_DROP_PHY,17355,7,4.0,17.3613,drop_decision_no_action,-1,-1,-1,veh4,0.0,False
18137,17.3661,CPM_DROP_PHY,17352,10,4.0,17.3661,drop_decision_no_action,-1,-1,-1,veh4,0.0,False
18190,17.4258,CPM_DROP_PHY,17406,12,4.0,17.4258,drop_decision_no_action,-1,-1,-1,veh4,0.0,False
18231,17.4661,CPM_DROP_PHY,17452,10,4.0,17.4661,drop_decision_no_action,-1,-1,-1,veh4,0.0,False
18246,17.4786,CAM_DROP_PHY,17470,9,4.0,17.4786,drop_decision_no_action,-1,-1,-1,veh4,0.0,False
18244,17.4861,CAM_DROP_PHY,17469,10,4.0,17.4861,drop_decision_no_action,-1,-1,-1,veh4,0.0,False
18260,17.4898,CAM_DROP_PHY,17484,8,4.0,17.4898,drop_decision_no_action,-1,-1,-1,veh4,0.0,False
18280,17.4996,CPM_DROP_PHY,17496,3,4.0,17.4996,drop_decision_no_action,-1,-1,-1,veh4,0.0,False
18275,17.5058,CAM_DROP_PHY,17490,12,4.0,17.5058,drop_decision_no_action,-1,-1,-1,veh4,0.0,False
18297,17.5258,CPM_DROP_PHY,17506,12,4.0,17.5258,drop_decision_no_action,-1,-1,-1,veh4,0.0,False
18328,17.5506,CAM_DROP_PHY,17534,6,4.0,17.5506,drop_decision_no_action,-1,-1,-1,veh4,0.0,False
18350,17.5613,CAM_DROP_PHY,17555,7,4.0,17.5613,drop_decision_no_action,-1,-1,-1,veh4,0.0,False
18351,17.5623,CAM_DROP_PHY,17556,11,4.0,17.5623,drop_decision_no_action,-1,-1,-1,veh4,0.0,False
18347,17.5661,CPM_DROP_PHY,17552,10,4.0,17.5661,drop_decision_no_action,-1,-1,-1,veh4,0.0,False
18396,17.5996,CPM_DROP_PHY,17596,3,4.0,17.5996,drop_decision_no_action,-1,-1,-1,veh4,0.0,False
18407,17.6258,CPM_DROP_PHY,17606,12,4.0,17.6258,drop_decision_no_action,-1,-1,-1,veh4,0.0,False
18429,17.6413,CPM_DROP_PHY,17630,7,4.0,17.6413,drop_decision_no_action,-1,-1,-1,veh4,0.0,False
18450,17.6601,CPM_DROP_PHY,17651,5,4.0,17.6601,drop_decision_no_action,-1,-1,-1,veh4,0.0,False
18452,17.6661,CPM_DROP_PHY,17652,10,4.0,17.6661,drop_decision_no_action,-1,-1,-1,veh4,0.0,False
18476,17.6786,CAM_DROP_PHY,17670,9,4.0,17.6786,drop_decision_no_action,-1,-1,-1,veh4,0.0,False
18473,17.6861,CAM_DROP_PHY,17669,10,4.0,17.6861,drop_decision_no_action,-1,-1,-1,veh4,0.0,False
18490,17.6898,CAM_DROP_PHY,17684,8,4.0,17.6898,drop_decision_no_action,-1,-1,-1,veh4,0.0,False
18495,17.6986,CPM_DROP_PHY,17686,9,4.0,17.6986,drop_decision_no_action,-1,-1,-1,veh4,0.0,False
18510,17.6996,CPM_DROP_PHY,17696,3,4.0,17.6996,drop_decision_no_action,-1,-1,-1,veh4,0.0,False
18509,17.7033,CPM_DROP_PHY,17695,2,4.0,17.7033,drop_decision_no_action,-1,-1,-1,veh4,0.0,False
18532,17.7258,CPM_DROP_PHY,17706,12,4.0,17.7258,drop_decision_no_action,-1,-1,-1,veh4,0.0,False
18556,17.7433,CAM_DROP_PHY,17723,2,4.0,17.7433,drop_decision_no_action,-1,-1,-1,veh4,0.0,False
18565,17.7493,CAM_DROP_PHY,17734,6,4.0,17.7493,drop_decision_no_action,-1,-1,-1,veh4,0.0,False
18595,17.7603,CAM_DROP_PHY,17755,7,4.0,17.7603,drop_decision_no_action,-1,-1,-1,veh4,0.0,False
18588,17.7661,CPM_DROP_PHY,17752,10,4.0,17.7661,drop_decision_no_action,-1,-1,-1,veh4,0.0,False
18606,17.7796,CAM_DROP_PHY,17763,3,4.0,17.7796,drop_decision_no_action,-1,-1,-1,veh4,0.0,False
18650,17.8258,CPM_DROP_PHY,17806,12,4.0,17.8258,drop_decision_no_action,-1,-1,-1,veh4,0.0,False
18689,17.8661,CPM_DROP_PHY,17852,10,4.0,17.8661,drop_decision_no_action,-1,-1,-1,veh4,0.0,False
18705,17.8778,CAM_DROP_PHY,17870,9,4.0,17.8778,drop_decision_no_action,-1,-1,-1,veh4,0.0,False
18704,17.8861,CAM_DROP_PHY,17869,10,4.0,17.8861,drop_decision_no_action,-1,-1,-1,veh4,0.0,False
18720,17.8911,CAM_DROP_PHY,17884,8,4.0,17.8911,drop_decision_no_action,-1,-1,-1,veh4,0.0,False
18740,17.8996,CPM_DROP_PHY,17896,3,4.0,17.8996,drop_decision_no_action,-1,-1,-1,veh4,0.0,False
18737,17.9058,CAM_DROP_PHY,17890,12,4.0,17.9058,drop_decision_no_action,-1,-1,-1,veh4,0.0,False
18757,17.9258,CPM_DROP_PHY,17906,12,4.0,17.9258,drop_decision_no_action,-1,-1,-1,veh4,0.0,False
18786,17.9493,CAM_DROP_PHY,17934,6,4.0,17.9493,drop_decision_no_action,-1,-1,-1,veh4,0.0,False
18809,17.9603,CAM_DROP_PHY,17955,7,4.0,17.9603,drop_decision_no_action,-1,-1,-1,veh4,0.0,False
18810,17.9651,CAM_DROP_PHY,17956,11,4.0,17.9651,drop_decision_no_action,-1,-1,-1,veh4,0.0,False
18805,17.9661,CPM_DROP_PHY,17952,10,4.0,17.9661,drop_decision_no_action,-1,-1,-1,veh4,0.0,False
18864,18.0258,CPM_DROP_PHY,18006,12,4.0,18.0258,drop_decision_no_action,-1,-1,-1,veh4,0.0,False
18870,18.0293,CPM_DROP_PHY,18015,6,4.0,18.0293,drop_decision_no_action,-1,-1,-1,veh4,0.0,False
18896,18.0493,CAM_DROP_PHY,18034,6,4.0,18.0493,drop_decision_no_action,-1,-1,-1,veh4,0.0,False
18916,18.0578,CPM_DROP_PHY,18052,10,4.0,18.0578,drop_decision_no_action,-1,-1,-1,veh4,0.0,False
18936,18.0778,CAM_DROP_PHY,18069,10,4.0,18.0778,drop_decision_no_action,-1,-1,-1,veh4,0.0,False
18937,18.0778,CAM_DROP_PHY,18070,9,4.0,18.0778,drop_decision_no_action,-1,-1,-1,veh4,0.0,False
18947,18.0911,CPM_DROP_PHY,18079,8,4.0,18.0911,drop_decision_no_action,-1,-1,-1,veh4,0.0,False
18947,18.0911,CAM_DROP_PHY,18084,8,4.0,18.0911,drop_decision_no_action,-1,-1,-1,veh4,0.0,False
18974,18.1001,CAM_DROP_PHY,18099,5,4.0,18.1001,drop_decision_no_action,-1,-1,-1,veh4,0.0,False
18969,18.1033,CPM_DROP_PHY,18095,2,4.0,18.1033,drop_decision_no_action,-1,-1,-1,veh4,0.0,False
18990,18.1258,CPM_DROP_PHY,18106,12,4.0,18.1258,drop_decision_no_action,-1,-1,-1,veh4,0.0,False
19017,18.1493,CAM_DROP_PHY,18134,6,4.0,18.1493,drop_decision_no_action,-1,-1,-1,veh4,0.0,False
19036,18.1578,CPM_DROP_PHY,18152,10,4.0,18.1578,drop_decision_no_action,-1,-1,-1,veh4,0.0,False
19040,18.1603,CAM_DROP_PHY,18155,7,4.0,18.1603,drop_decision_no_action,-1,-1,-1,veh4,0.0,False
19112,18.2493,CAM_DROP_PHY,18234,6,4.0,18.2493,drop_decision_no_action,-1,-1,-1,veh4,0.0,False
19131,18.2578,CPM_DROP_PHY,18252,10,4.0,18.2578,drop_decision_no_action,-1,-1,-1,veh4,0.0,False
19151,18.2778,CAM_DROP_PHY,18269,10,4.0,18.2778,drop_decision_no_action,-1,-1,-1,veh4,0.0,False
19152,18.2778,CAM_DROP_PHY,18270,9,4.0,18.2778,drop_decision_no_action,-1,-1,-1,veh4,0.0,False
19171,18.2911,CAM_DROP_PHY,18284,8,4.0,18.2911,drop_decision_no_action,-1,-1,-1,veh4,0.0,False
19233,18.3393,CPM_DROP_PHY,18333,11,4.0,18.3393,drop_decision_no_action,-1,-1,-1,veh4,0.0,False
19234,18.3493,CAM_DROP_PHY,18334,6,4.0,18.3493,drop_decision_no_action,-1,-1,-1,veh4,0.0,False
19259,18.3578,CPM_DROP_PHY,18352,10,4.0,18.3578,drop_decision_no_action,-1,-1,-1,veh4,0.0,False
19265,18.3593,CAM_DROP_PHY,18356,11,4.0,18.3593,drop_decision_no_action,-1,-1,-1,veh4,0.0,False
19264,18.3603,CAM_DROP_PHY,18355,7,4.0,18.3603,drop_decision_no_action,-1,-1,-1,veh4,0.0,False
19205,18.4226,CPM_DROP_PHY,18306,12,4.0,18.4226,drop_decision_no_action,-1,-1,-1,veh4,0.0,False
19339,18.4493,CAM_DROP_PHY,18434,6,4.0,18.4493,drop_decision_no_action,-1,-1,-1,veh4,0.0,False
19367,18.4713,CAM_DROP_PHY,18470,9,4.0,18.4713,drop_decision_no_action,-1,-1,-1,veh4,0.0,False
19366,18.4778,CAM_DROP_PHY,18469,10,4.0,18.4778,drop_decision_no_action,-1,-1,-1,veh4,0.0,False
19383,18.4911,CAM_DROP_PHY,18484,8,4.0,18.4911,drop_decision_no_action,-1,-1,-1,veh4,0.0,False
19434,18.5493,CAM_DROP_PHY,18534,6,4.0,18.5493,drop_decision_no_action,-1,-1,-1,veh4,0.0,False
19453,18.5603,CAM_DROP_PHY,18555,7,4.0,18.5603,drop_decision_no_action,-1,-1,-1,veh4,0.0,False
19510,18.6403,CPM_DROP_PHY,18630,7,4.0,18.6403,drop_decision_no_action,-1,-1,-1,veh4,0.0,False
19530,18.6521,CPM_DROP_PHY,18651,5,4.0,18.6521,drop_decision_no_action,-1,-1,-1,veh4,0.0,False
19549,18.6713,CAM_DROP_PHY,18670,9,4.0,18.6713,drop_decision_no_action,-1,-1,-1,veh4,0.0,False
19548,18.6778,CAM_DROP_PHY,18669,10,4.0,18.6778,drop_decision_no_action,-1,-1,-1,veh4,0.0,False
19571,18.6913,CPM_DROP_PHY,18686,9,4.0,18.6913,drop_decision_no_action,-1,-1,-1,veh4,0.0,False
19565,18.6943,CAM_DROP_PHY,18684,8,4.0,18.6943,drop_decision_no_action,-1,-1,-1,veh4,0.0,False
19576,18.7026,CAM_DROP_PHY,18690,12,4.0,18.7026,drop_decision_no_action,-1,-1,-1,veh4,0.0,False
19619,18.7393,CAM_DROP_PHY,18723,2,4.0,18.7393,drop_decision_no_action,-1,-1,-1,veh4,0.0,False
19625,18.7493,CAM_DROP_PHY,18734,6,4.0,18.7493,drop_decision_no_action,-1,-1,-1,veh4,0.0,False
19652,18.7593,CAM_DROP_PHY,18756,11,4.0,18.7593,drop_decision_no_action,-1,-1,-1,veh4,0.0,False
19651,18.7603,CAM_DROP_PHY,18755,7,4.0,18.7603,drop_decision_no_action,-1,-1,-1,veh4,0.0,False
19665,18.7656,CAM_DROP_PHY,18763,3,4.0,18.7656,drop_decision_no_action,-1,-1,-1,veh4,0.0,False
19737,18.8578,CPM_DROP_PHY,18852,10,4.0,18.8578,drop_decision_no_action,-1,-1,-1,veh4,0.0,False
19754,18.8713,CAM_DROP_PHY,18870,9,4.0,18.8713,drop_decision_no_action,-1,-1,-1,veh4,0.0,False
19753,18.8778,CAM_DROP_PHY,18869,10,4.0,18.8778,drop_decision_no_action,-1,-1,-1,veh4,0.0,False
19773,18.8943,CAM_DROP_PHY,18884,8,4.0,18.8943,drop_decision_no_action,-1,-1,-1,veh4,0.0,False
19789,18.9136,CPM_DROP_PHY,18896,3,4.0,18.9136,drop_decision_no_action,-1,-1,-1,veh4,0.0,False
19823,18.9423,CAM_DROP_PHY,18934,6,4.0,18.9423,drop_decision_no_action,-1,-1,-1,veh4,0.0,False
19841,18.9593,CAM_DROP_PHY,18956,11,4.0,18.9593,drop_decision_no_action,-1,-1,-1,veh4,0.0,False
19840,18.9603,CAM_DROP_PHY,18955,7,4.0,18.9603,drop_decision_no_action,-1,-1,-1,veh4,0.0,False
19882,19.0136,CPM_DROP_PHY,18996,3,4.0,19.0136,drop_decision_no_action,-1,-1,-1,veh4,0.0,False
19896,19.0223,CPM_DROP_PHY,19015,6,4.0,19.0223,drop_decision_no_action,-1,-1,-1,veh4,0.0,False
19937,19.0713,CAM_DROP_PHY,19070,9,4.0,19.0713,drop_decision_no_action,-1,-1,-1,veh4,0.0,False
19936,19.0793,CAM_DROP_PHY,19069,10,4.0,19.0793,drop_decision_no_action,-1,-1,-1,veh4,0.0,False
19950,19.0943,CPM_DROP_PHY,19079,8,4.0,19.0943,drop_decision_no_action,-1,-1,-1,veh4,0.0,False
19950,19.0943,CAM_DROP_PHY,19084,8,4.0,19.0943,drop_decision_no_action,-1,-1,-1,veh4,0.0,False
19965,19.0978,CAM_DROP_PHY,19090,12,4.0,19.0978,drop_decision_no_action,-1,-1,-1,veh4,0.0,False
19974,19.1021,CPM_DROP_PHY,19095,2,4.0,19.1021,drop_decision_no_action,-1,-1,-1,veh4,0.0,False
19980,19.1121,CAM_DROP_PHY,19099,5,4.0,19.1121,drop_decision_no_action,-1,-1,-1,veh4,0.0,False
19993,19.1178,CPM_DROP_PHY,19106,12,4.0,19.1178,drop_decision_no_action,-1,-1,-1,veh4,0.0,False
20030,19.1423,CAM_DROP_PHY,19134,6,4.0,19.1423,drop_decision_no_action,-1,-1,-1,veh4,0.0,False
20048,19.1603,CAM_DROP_PHY,19155,7,4.0,19.1603,drop_decision_no_action,-1,-1,-1,veh4,0.0,False
20049,19.1746,CAM_DROP_PHY,19156,11,4.0,19.1746,drop_decision_no_action,-1,-1,-1,veh4,0.0,False
20127,19.2793,CAM_DROP_PHY,19269,10,4.0,19.2793,drop_decision_no_action,-1,-1,-1,veh4,0.0,False
20129,19.2903,CAM_DROP_PHY,19270,9,4.0,19.2903,drop_decision_no_action,-1,-1,-1,veh4,0.0,False
20143,19.2943,CAM_DROP_PHY,19284,8,4.0,19.2943,drop_decision_no_action,-1,-1,-1,veh4,0.0,False
20196,19.3346,CPM_DROP_PHY,19333,11,4.0,19.3346,drop_decision_no_action,-1,-1,-1,veh4,0.0,False
20199,19.3423,CAM_DROP_PHY,19334,6,4.0,19.3423,drop_decision_no_action,-1,-1,-1,veh4,0.0,False
20223,19.3743,CAM_DROP_PHY,19355,7,4.0,19.3743,drop_decision_no_action,-1,-1,-1,veh4,0.0,False
20224,19.3746,CAM_DROP_PHY,19356,11,4.0,19.3746,drop_decision_no_action,-1,-1,-1,veh4,0.0,False
20264,19.4136,CPM_DROP_PHY,19396,3,4.0,19.4136,drop_decision_no_action,-1,-1,-1,veh4,0.0,False
20317,19.4793,CAM_DROP_PHY,19469,10,4.0,19.4793,drop_decision_no_action,-1,-1,-1,veh4,0.0,False
20319,19.4903,CAM_DROP_PHY,19470,9,4.0,19.4903,drop_decision_no_action,-1,-1,-1,veh4,0.0,False
20333,19.4943,CAM_DROP_PHY,19484,8,4.0,19.4943,drop_decision_no_action,-1,-1,-1,veh4,0.0,False
20341,19.4978,CAM_DROP_PHY,19490,12,4.0,19.4978,drop_decision_no_action,-1,-1,-1,veh4,0.0,False
20368,19.5178,CPM_DROP_PHY,19506,12,4.0,19.5178,drop_decision_no_action,-1,-1,-1,veh4,0.0,False
20402,19.5423,CAM_DROP_PHY,19534,6,4.0,19.5423,drop_decision_no_action,-1,-1,-1,veh4,0.0,False
20421,19.5743,CAM_DROP_PHY,19555,7,4.0,19.5743,drop_decision_no_action,-1,-1,-1,veh4,0.0,False
20422,19.5746,CAM_DROP_PHY,19556,11,4.0,19.5746,drop_decision_no_action,-1,-1,-1,veh4,0.0,False
20462,19.6148,CPM_DROP_PHY,19596,3,4.0,19.6148,drop_decision_no_action,-1,-1,-1,veh4,0.0,False
20495,19.6343,CPM_DROP_PHY,19630,7,4.0,19.6343,drop_decision_no_action,-1,-1,-1,veh4,0.0,False
20501,19.6423,CAM_DROP_PHY,19634,6,4.0,19.6423,drop_decision_no_action,-1,-1,-1,veh4,0.0,False
20520,19.6678,CPM_DROP_PHY,19651,5,4.0,19.6678,drop_decision_no_action,-1,-1,-1,veh4,0.0,False
20535,19.6793,CAM_DROP_PHY,19669,10,4.0,19.6793,drop_decision_no_action,-1,-1,-1,veh4,0.0,False
20537,19.6903,CAM_DROP_PHY,19670,9,4.0,19.6903,drop_decision_no_action,-1,-1,-1,veh4,0.0,False
20537,19.6903,CPM_DROP_PHY,19686,9,4.0,19.6903,drop_decision_no_action,-1,-1,-1,veh4,0.0,False
20555,19.6978,CAM_DROP_PHY,19684,8,4.0,19.6978,drop_decision_no_action,-1,-1,-1,veh4,0.0,False
20571,19.7148,CPM_DROP_PHY,19696,3,4.0,19.7148,drop_decision_no_action,-1,-1,-1,veh4,0.0,False
20605,19.7421,CAM_DROP_PHY,19723,2,4.0,19.7421,drop_decision_no_action,-1,-1,-1,veh4,0.0,False
20610,19.7423,CAM_DROP_PHY,19734,6,4.0,19.7423,drop_decision_no_action,-1,-1,-1,veh4,0.0,False
20635,19.7643,CAM_DROP_PHY,19755,7,4.0,19.7643,drop_decision_no_action,-1,-1,-1,veh4,0.0,False
20636,19.7746,CAM_DROP_PHY,19756,11,4.0,19.7746,drop_decision_no_action,-1,-1,-1,veh4,0.0,False
20645,19.7748,CAM_DROP_PHY,19763,3,4.0,19.7748,drop_decision_no_action,-1,-1,-1,veh4,0.0,False
20704,19.8403,CAM_DROP_PHY,19834,6,4.0,19.8403,drop_decision_no_action,-1,-1,-1,veh4,0.0,False
20722,19.8593,CPM_DROP_PHY,19852,10,4.0,19.8593,drop_decision_no_action,-1,-1,-1,veh4,0.0,False
20726,19.8643,CAM_DROP_PHY,19855,7,4.0,19.8643,drop_decision_no_action,-1,-1,-1,veh4,0.0,False
20743,19.8793,CAM_DROP_PHY,19869,10,4.0,19.8793,drop_decision_no_action,-1,-1,-1,veh4,0.0,False
20745,19.8903,CAM_DROP_PHY,19870,9,4.0,19.8903,drop_decision_no_action,-1,-1,-1,veh4,0.0,False
20763,19.8978,CAM_DROP_PHY,19884,8,4.0,19.8978,drop_decision_no_action,-1,-1,-1,veh4,0.0,False
20772,19.8978,CAM_DROP_PHY,19890,12,4.0,19.8978,drop_decision_no_action,-1,-1,-1,veh4,0.0,False
20778,19.9148,CPM_DROP_PHY,19896,3,4.0,19.9148,drop_decision_no_action,-1,-1,-1,veh4,0.0,False
20831,19.9403,CAM_DROP_PHY,19934,6,4.0,19.9403,drop_decision_no_action,-1,-1,-1,veh4,0.0,False
20852,19.9643,CAM_DROP_PHY,19955,7,4.0,19.9643,drop_decision_no_action,-1,-1,-1,veh4,0.0,False
20853,19.9746,CAM_DROP_PHY,19956,11,4.0,19.9746,drop_decision_no_action,-1,-1,-1,veh4,0.0,False
20901,20.0203,CPM_DROP_PHY,20015,6,4.0,20.0203,drop_decision_no_action,-1,-1,-1,veh4,0.0,False
20917,20.0403,CAM_DROP_PHY,20034,6,4.0,20.0403,drop_decision_no_action,-1,-1,-1,veh4,0.0,False
20939,20.0643,CAM_DROP_PHY,20055,7,4.0,20.0643,drop_decision_no_action,-1,-1,-1,veh4,0.0,False
20951,20.0793,CAM_DROP_PHY,20069,10,4.0,20.0793,drop_decision_no_action,-1,-1,-1,veh4,0.0,False
20952,20.0883,CAM_DROP_PHY,20070,9,4.0,20.0883,drop_decision_no_action,-1,-1,-1,veh4,0.0,False
20964,20.0978,CPM_DROP_PHY,20079,8,4.0,20.0978,drop_decision_no_action,-1,-1,-1,veh4,0.0,False
20964,20.0978,CAM_DROP_PHY,20084,8,4.0,20.0978,drop_decision_no_action,-1,-1,-1,veh4,0.0,False
20980,20.0978,CAM_DROP_PHY,20090,12,4.0,20.0978,drop_decision_no_action,-1,-1,-1,veh4,0.0,False
20986,20.1021,CPM_DROP_PHY,20095,2,4.0,20.1021,drop_decision_no_action,-1,-1,-1,veh4,0.0,False
20996,20.1078,CAM_DROP_PHY,20099,5,4.0,20.1078,drop_decision_no_action,-1,-1,-1,veh4,0.0,False
21008,20.1178,CPM_DROP_PHY,20106,12,4.0,20.1178,drop_decision_no_action,-1,-1,-1,veh4,0.0,False
21045,20.1403,CAM_DROP_PHY,20134,6,4.0,20.1403,drop_decision_no_action,-1,-1,-1,veh4,0.0,False
21067,20.1643,CAM_DROP_PHY,20155,7,4.0,20.1643,drop_decision_no_action,-1,-1,-1,veh4,0.0,False
21068,20.1701,CAM_DROP_PHY,20156,11,4.0,20.1701,drop_decision_no_action,-1,-1,-1,veh4,0.0,False
21146,20.2643,CAM_DROP_PHY,20255,7,4.0,20.2643,drop_decision_no_action,-1,-1,-1,veh4,0.0,False
21157,20.2793,CAM_DROP_PHY,20269,10,4.0,20.2793,drop_decision_no_action,-1,-1,-1,veh4,0.0,False
21159,20.2883,CAM_DROP_PHY,20270,9,4.0,20.2883,drop_decision_no_action,-1,-1,-1,veh4,0.0,False
21176,20.2978,CAM_DROP_PHY,20284,8,4.0,20.2978,drop_decision_no_action,-1,-1,-1,veh4,0.0,False
21190,20.2978,CAM_DROP_PHY,20290,12,4.0,20.2978,drop_decision_no_action,-1,-1,-1,veh4,0.0,False
21254,20.3403,CAM_DROP_PHY,20334,6,4.0,20.3403,drop_decision_no_action,-1,-1,-1,veh4,0.0,False
21253,20.3501,CPM_DROP_PHY,20333,11,4.0,20.3501,drop_decision_no_action,-1,-1,-1,veh4,0.0,False
21280,20.3643,CAM_DROP_PHY,20355,7,4.0,20.3643,drop_decision_no_action,-1,-1,-1,veh4,0.0,False
21282,20.3701,CAM_DROP_PHY,20356,11,4.0,20.3701,drop_decision_no_action,-1,-1,-1,veh4,0.0,False
21361,20.4643,CAM_DROP_PHY,20455,7,4.0,20.4643,drop_decision_no_action,-1,-1,-1,veh4,0.0,False
21371,20.4793,CAM_DROP_PHY,20469,10,4.0,20.4793,drop_decision_no_action,-1,-1,-1,veh4,0.0,False
21373,20.4883,CAM_DROP_PHY,20470,9,4.0,20.4883,drop_decision_no_action,-1,-1,-1,veh4,0.0,False
21390,20.4978,CAM_DROP_PHY,20484,8,4.0,20.4978,drop_decision_no_action,-1,-1,-1,veh4,0.0,False
21401,20.5023,CAM_DROP_PHY,20490,12,4.0,20.5023,drop_decision_no_action,-1,-1,-1,veh4,0.0,False
21444,20.5406,CAM_DROP_PHY,20534,6,4.0,20.5406,drop_decision_no_action,-1,-1,-1,veh4,0.0,False
21464,20.5701,CAM_DROP_PHY,20556,11,4.0,20.5701,drop_decision_no_action,-1,-1,-1,veh4,0.0,False
21513,20.6473,CPM_DROP_PHY,20630,7,4.0,20.6473,drop_decision_no_action,-1,-1,-1,veh4,0.0,False
21534,20.6673,CAM_DROP_PHY,20655,7,4.0,20.6673,drop_decision_no_action,-1,-1,-1,veh4,0.0,False
21531,20.6706,CPM_DROP_PHY,20651,5,4.0,20.6706,drop_decision_no_action,-1,-1,-1,veh4,0.0,False
21547,20.6868,CAM_DROP_PHY,20669,10,4.0,20.6868,drop_decision_no_action,-1,-1,-1,veh4,0.0,False
21549,20.6883,CAM_DROP_PHY,20670,9,4.0,20.6883,drop_decision_no_action,-1,-1,-1,veh4,0.0,False
21549,20.6883,CPM_DROP_PHY,20686,9,4.0,20.6883,drop_decision_no_action,-1,-1,-1,veh4,0.0,False
21567,20.6933,CAM_DROP_PHY,20684,8,4.0,20.6933,drop_decision_no_action,-1,-1,-1,veh4,0.0,False
21585,20.7023,CAM_DROP_PHY,20690,12,4.0,20.7023,drop_decision_no_action,-1,-1,-1,veh4,0.0,False
21620,20.7316,CAM_DROP_PHY,20723,2,4.0,20.7316,drop_decision_no_action,-1,-1,-1,veh4,0.0,False
21632,20.7406,CAM_DROP_PHY,20734,6,4.0,20.7406,drop_decision_no_action,-1,-1,-1,veh4,0.0,False
21656,20.7701,CAM_DROP_PHY,20756,11,4.0,20.7701,drop_decision_no_action,-1,-1,-1,veh4,0.0,False
21659,20.8651,CAM_DROP_PHY,20763,3,4.0,20.8651,drop_decision_no_action,-1,-1,-1,veh4,0.0,False
21726,20.8668,CPM_DROP_PHY,20852,10,4.0,20.8668,drop_decision_no_action,-1,-1,-1,veh4,0.0,False
21728,20.8673,CAM_DROP_PHY,20855,7,4.0,20.8673,drop_decision_no_action,-1,-1,-1,veh4,0.0,False
21742,20.8868,CAM_DROP_PHY,20869,10,4.0,20.8868,drop_decision_no_action,-1,-1,-1,veh4,0.0,False
21746,20.8883,CAM_DROP_PHY,20870,9,4.0,20.8883,drop_decision_no_action,-1,-1,-1,veh4,0.0,False
21758,20.8933,CAM_DROP_PHY,20884,8,4.0,20.8933,drop_decision_no_action,-1,-1,-1,veh4,0.0,False
21775,20.9023,CAM_DROP_PHY,20890,12,4.0,20.9023,drop_decision_no_action,-1,-1,-1,veh4,0.0,False
21784,20.9051,CPM_DROP_PHY,20896,3,4.0,20.9051,drop_decision_no_action,-1,-1,-1,veh4,0.0,False
21827,20.9406,CAM_DROP_PHY,20934,6,4.0,20.9406,drop_decision_no_action,-1,-1,-1,veh4,0.0,False
21846,20.9701,CAM_DROP_PHY,20956,11,4.0,20.9701,drop_decision_no_action,-1,-1,-1,veh4,0.0,False
21887,21.0206,CPM_DROP_PHY,21015,6,4.0,21.0206,drop_decision_no_action,-1,-1,-1,veh4,0.0,False
21917,21.0673,CAM_DROP_PHY,21055,7,4.0,21.0673,drop_decision_no_action,-1,-1,-1,veh4,0.0,False
21929,21.0883,CAM_DROP_PHY,21070,9,4.0,21.0883,drop_decision_no_action,-1,-1,-1,veh4,0.0,False
21927,21.0896,CAM_DROP_PHY,21069,10,4.0,21.0896,drop_decision_no_action,-1,-1,-1,veh4,0.0,False
21937,21.0933,CPM_DROP_PHY,21079,8,4.0,21.0933,drop_decision_no_action,-1,-1,-1,veh4,0.0,False
21937,21.0933,CAM_DROP_PHY,21084,8,4.0,21.0933,drop_decision_no_action,-1,-1,-1,veh4,0.0,False
21958,21.1023,CAM_DROP_PHY,21090,12,4.0,21.1023,drop_decision_no_action,-1,-1,-1,veh4,0.0,False
21969,21.1106,CAM_DROP_PHY,21099,5,4.0,21.1106,drop_decision_no_action,-1,-1,-1,veh4,0.0,False
21966,21.1113,CPM_DROP_PHY,21095,2,4.0,21.1113,drop_decision_no_action,-1,-1,-1,veh4,0.0,False
21978,21.1223,CPM_DROP_PHY,21106,12,4.0,21.1223,drop_decision_no_action,-1,-1,-1,veh4,0.0,False
22026,21.1406,CAM_DROP_PHY,21134,6,4.0,21.1406,drop_decision_no_action,-1,-1,-1,veh4,0.0,False
22045,21.1701,CAM_DROP_PHY,21156,11,4.0,21.1701,drop_decision_no_action,-1,-1,-1,veh4,0.0,False
22067,21.1933,CAM_DROP_PHY,21184,8,4.0,21.1933,drop_decision_no_action,-1,-1,-1,veh4,0.0,False
22105,21.2406,CAM_DROP_PHY,21234,6,4.0,21.2406,drop_decision_no_action,-1,-1,-1,veh4,0.0,False
22124,21.2673,CAM_DROP_PHY,21255,7,4.0,21.2673,drop_decision_no_action,-1,-1,-1,veh4,0.0,False
22135,21.2786,CAM_DROP_PHY,21269,10,4.0,21.2786,drop_decision_no_action,-1,-1,-1,veh4,0.0,False
22136,21.2883,CAM_DROP_PHY,21270,9,4.0,21.2883,drop_decision_no_action,-1,-1,-1,veh4,0.0,False
22151,21.2933,CAM_DROP_PHY,21284,8,4.0,21.2933,drop_decision_no_action,-1,-1,-1,veh4,0.0,False
22164,21.3023,CAM_DROP_PHY,21290,12,4.0,21.3023,drop_decision_no_action,-1,-1,-1,veh4,0.0,False
22217,21.3358,CAM_DROP_PHY,21334,6,4.0,21.3358,drop_decision_no_action,-1,-1,-1,veh4,0.0,False
22216,21.3391,CPM_DROP_PHY,21333,11,4.0,21.3391,drop_decision_no_action,-1,-1,-1,veh4,0.0,False
22243,21.3591,CAM_DROP_PHY,21356,11,4.0,21.3591,drop_decision_no_action,-1,-1,-1,veh4,0.0,False
22267,21.3938,CAM_DROP_PHY,21384,8,4.0,21.3938,drop_decision_no_action,-1,-1,-1,veh4,0.0,False
22311,21.4358,CAM_DROP_PHY,21434,6,4.0,21.4358,drop_decision_no_action,-1,-1,-1,veh4,0.0,False
22331,21.4611,CAM_DROP_PHY,21455,7,4.0,21.4611,drop_decision_no_action,-1,-1,-1,veh4,0.0,False
22340,21.4786,CAM_DROP_PHY,21469,10,4.0,21.4786,drop_decision_no_action,-1,-1,-1,veh4,0.0,False
22341,21.4803,CAM_DROP_PHY,21470,9,4.0,21.4803,drop_decision_no_action,-1,-1,-1,veh4,0.0,False
22361,21.4938,CAM_DROP_PHY,21484,8,4.0,21.4938,drop_decision_no_action,-1,-1,-1,veh4,0.0,False
22368,21.5023,CAM_DROP_PHY,21490,12,4.0,21.5023,drop_decision_no_action,-1,-1,-1,veh4,0.0,False
22422,21.5358,CAM_DROP_PHY,21534,6,4.0,21.5358,drop_decision_no_action,-1,-1,-1,veh4,0.0,False
22443,21.5591,CAM_DROP_PHY,21556,11,4.0,21.5591,drop_decision_no_action,-1,-1,-1,veh4,0.0,False
22442,21.5611,CAM_DROP_PHY,21555,7,4.0,21.5611,drop_decision_no_action,-1,-1,-1,veh4,0.0,False
22474,21.5938,CAM_DROP_PHY,21584,8,4.0,21.5938,drop_decision_no_action,-1,-1,-1,veh4,0.0,False
22483,21.6071,CPM_DROP_PHY,21596,3,4.0,21.6071,drop_decision_no_action,-1,-1,-1,veh4,0.0,False
22515,21.6411,CPM_DROP_PHY,21630,7,4.0,21.6411,drop_decision_no_action,-1,-1,-1,veh4,0.0,False
22538,21.6611,CAM_DROP_PHY,21655,7,4.0,21.6611,drop_decision_no_action,-1,-1,-1,veh4,0.0,False
22530,21.6673,CPM_DROP_PHY,21651,5,4.0,21.6673,drop_decision_no_action,-1,-1,-1,veh4,0.0,False
22552,21.6746,CAM_DROP_PHY,21669,10,4.0,21.6746,drop_decision_no_action,-1,-1,-1,veh4,0.0,False
22553,21.6803,CAM_DROP_PHY,21670,9,4.0,21.6803,drop_decision_no_action,-1,-1,-1,veh4,0.0,False
22578,21.7003,CPM_DROP_PHY,21686,9,4.0,21.7003,drop_decision_no_action,-1,-1,-1,veh4,0.0,False
22585,21.7023,CAM_DROP_PHY,21690,12,4.0,21.7023,drop_decision_no_action,-1,-1,-1,veh4,0.0,False
22623,21.7313,CAM_DROP_PHY,21723,2,4.0,21.7313,drop_decision_no_action,-1,-1,-1,veh4,0.0,False
22632,21.7358,CAM_DROP_PHY,21734,6,4.0,21.7358,drop_decision_no_action,-1,-1,-1,veh4,0.0,False
22659,21.7591,CAM_DROP_PHY,21756,11,4.0,21.7591,drop_decision_no_action,-1,-1,-1,veh4,0.0,False
22658,21.7611,CAM_DROP_PHY,21755,7,4.0,21.7611,drop_decision_no_action,-1,-1,-1,veh4,0.0,False
22667,21.7671,CAM_DROP_PHY,21763,3,4.0,21.7671,drop_decision_no_action,-1,-1,-1,veh4,0.0,False
22696,21.7938,CAM_DROP_PHY,21784,8,4.0,21.7938,drop_decision_no_action,-1,-1,-1,veh4,0.0,False
22741,21.8546,CPM_DROP_PHY,21852,10,4.0,21.8546,drop_decision_no_action,-1,-1,-1,veh4,0.0,False
22748,21.8611,CAM_DROP_PHY,21855,7,4.0,21.8611,drop_decision_no_action,-1,-1,-1,veh4,0.0,False
22761,21.8746,CAM_DROP_PHY,21869,10,4.0,21.8746,drop_decision_no_action,-1,-1,-1,veh4,0.0,False
22762,21.8803,CAM_DROP_PHY,21870,9,4.0,21.8803,drop_decision_no_action,-1,-1,-1,veh4,0.0,False
22790,21.8931,CAM_DROP_PHY,21890,12,4.0,21.8931,drop_decision_no_action,-1,-1,-1,veh4,0.0,False
22801,21.9071,CPM_DROP_PHY,21896,3,4.0,21.9071,drop_decision_no_action,-1,-1,-1,veh4,0.0,False
22835,21.9358,CAM_DROP_PHY,21934,6,4.0,21.9358,drop_decision_no_action,-1,-1,-1,veh4,0.0,False
22857,21.9591,CAM_DROP_PHY,21956,11,4.0,21.9591,drop_decision_no_action,-1,-1,-1,veh4,0.0,False
22856,21.9611,CAM_DROP_PHY,21955,7,4.0,21.9611,drop_decision_no_action,-1,-1,-1,veh4,0.0,False
22886,21.9938,CAM_DROP_PHY,21984,8,4.0,21.9938,drop_decision_no_action,-1,-1,-1,veh4,0.0,False
22913,22.0358,CPM_DROP_PHY,22015,6,4.0,22.0358,drop_decision_no_action,-1,-1,-1,veh4,0.0,False
22949,22.0746,CAM_DROP_PHY,22069,10,4.0,22.0746,drop_decision_no_action,-1,-1,-1,veh4,0.0,False
22950,22.0803,CAM_DROP_PHY,22070,9,4.0,22.0803,drop_decision_no_action,-1,-1,-1,veh4,0.0,False
22973,22.0931,CAM_DROP_PHY,22090,12,4.0,22.0931,drop_decision_no_action,-1,-1,-1,veh4,0.0,False
22959,22.0938,CPM_DROP_PHY,22079,8,4.0,22.0938,drop_decision_no_action,-1,-1,-1,veh4,0.0,False
22991,22.1073,CAM_DROP_PHY,22099,5,4.0,22.1073,drop_decision_no_action,-1,-1,-1,veh4,0.0,False
22985,22.1103,CPM_DROP_PHY,22095,2,4.0,22.1103,drop_decision_no_action,-1,-1,-1,veh4,0.0,False
23002,22.1131,CPM_DROP_PHY,22106,12,4.0,22.1131,drop_decision_no_action,-1,-1,-1,veh4,0.0,False
23041,22.1358,CAM_DROP_PHY,22134,6,4.0,22.1358,drop_decision_no_action,-1,-1,-1,veh4,0.0,False
23063,22.1591,CAM_DROP_PHY,22156,11,4.0,22.1591,drop_decision_no_action,-1,-1,-1,veh4,0.0,False
23062,22.1611,CAM_DROP_PHY,22155,7,4.0,22.1611,drop_decision_no_action,-1,-1,-1,veh4,0.0,False
23092,22.1938,CAM_DROP_PHY,22184,8,4.0,22.1938,drop_decision_no_action,-1,-1,-1,veh4,0.0,False
23128,22.2358,CAM_DROP_PHY,22234,6,4.0,22.2358,drop_decision_no_action,-1,-1,-1,veh4,0.0,False
23155,22.2746,CAM_DROP_PHY,22269,10,4.0,22.2746,drop_decision_no_action,-1,-1,-1,veh4,0.0,False
23157,22.2803,CAM_DROP_PHY,22270,9,4.0,22.2803,drop_decision_no_action,-1,-1,-1,veh4,0.0,False
23180,22.2931,CAM_DROP_PHY,22290,12,4.0,22.2931,drop_decision_no_action,-1,-1,-1,veh4,0.0,False
23224,22.3358,CAM_DROP_PHY,22334,6,4.0,22.3358,drop_decision_no_action,-1,-1,-1,veh4,0.0,False
23223,22.3391,CPM_DROP_PHY,22333,11,4.0,22.3391,drop_decision_no_action,-1,-1,-1,veh4,0.0,False
23252,22.3591,CAM_DROP_PHY,22356,11,4.0,22.3591,drop_decision_no_action,-1,-1,-1,veh4,0.0,False
23251,22.3608,CAM_DROP_PHY,22355,7,4.0,22.3608,drop_decision_no_action,-1,-1,-1,veh4,0.0,False
23282,22.3938,CAM_DROP_PHY,22384,8,4.0,22.3938,drop_decision_no_action,-1,-1,-1,veh4,0.0,False
23326,22.4358,CAM_DROP_PHY,22434,6,4.0,22.4358,drop_decision_no_action,-1,-1,-1,veh4,0.0,False
23353,22.4746,CAM_DROP_PHY,22469,10,4.0,22.4746,drop_decision_no_action,-1,-1,-1,veh4,0.0,False
23355,22.4803,CAM_DROP_PHY,22470,9,4.0,22.4803,drop_decision_no_action,-1,-1,-1,veh4,0.0,False
23377,22.4931,CAM_DROP_PHY,22490,12,4.0,22.4931,drop_decision_no_action,-1,-1,-1,veh4,0.0,False
23412,22.5358,CAM_DROP_PHY,22534,6,4.0,22.5358,drop_decision_no_action,-1,-1,-1,veh4,0.0,False
23434,22.5591,CAM_DROP_PHY,22556,11,4.0,22.5591,drop_decision_no_action,-1,-1,-1,veh4,0.0,False
23433,22.5608,CAM_DROP_PHY,22555,7,4.0,22.5608,drop_decision_no_action,-1,-1,-1,veh4,0.0,False
23464,22.5938,CAM_DROP_PHY,22584,8,4.0,22.5938,drop_decision_no_action,-1,-1,-1,veh4,0.0,False
23508,22.6358,CAM_DROP_PHY,22634,6,4.0,22.6358,drop_decision_no_action,-1,-1,-1,veh4,0.0,False
23507,22.6408,CPM_DROP_PHY,22630,7,4.0,22.6408,drop_decision_no_action,-1,-1,-1,veh4,0.0,False
23530,22.6673,CPM_DROP_PHY,22651,5,4.0,22.6673,drop_decision_no_action,-1,-1,-1,veh4,0.0,False
23548,22.6746,CAM_DROP_PHY,22669,10,4.0,22.6746,drop_decision_no_action,-1,-1,-1,veh4,0.0,False
23550,22.6778,CAM_DROP_PHY,22670,9,4.0,22.6778,drop_decision_no_action,-1,-1,-1,veh4,0.0,False
23566,22.6853,CAM_DROP_PHY,22684,8,4.0,22.6853,drop_decision_no_action,-1,-1,-1,veh4,0.0,False
23574,22.6978,CPM_DROP_PHY,22686,9,4.0,22.6978,drop_decision_no_action,-1,-1,-1,veh4,0.0,False
23584,22.6988,CAM_DROP_PHY,22690,12,4.0,22.6988,drop_decision_no_action,-1,-1,-1,veh4,0.0,False
23587,22.7071,CPM_DROP_PHY,22696,3,4.0,22.7071,drop_decision_no_action,-1,-1,-1,veh4,0.0,False
23629,22.7258,CAM_DROP_PHY,22723,2,4.0,22.7258,drop_decision_no_action,-1,-1,-1,veh4,0.0,False
23641,22.7371,CAM_DROP_PHY,22734,6,4.0,22.7371,drop_decision_no_action,-1,-1,-1,veh4,0.0,False
23663,22.7596,CAM_DROP_PHY,22756,11,4.0,22.7596,drop_decision_no_action,-1,-1,-1,veh4,0.0,False
23662,22.7608,CAM_DROP_PHY,22755,7,4.0,22.7608,drop_decision_no_action,-1,-1,-1,veh4,0.0,False
23675,22.7671,CAM_DROP_PHY,22763,3,4.0,22.7671,drop_decision_no_action,-1,-1,-1,veh4,0.0,False
23702,22.7853,CAM_DROP_PHY,22784,8,4.0,22.7853,drop_decision_no_action,-1,-1,-1,veh4,0.0,False
23737,22.8371,CAM_DROP_PHY,22834,6,4.0,22.8371,drop_decision_no_action,-1,-1,-1,veh4,0.0,False
23756,22.8546,CPM_DROP_PHY,22852,10,4.0,22.8546,drop_decision_no_action,-1,-1,-1,veh4,0.0,False
23760,22.8608,CAM_DROP_PHY,22855,7,4.0,22.8608,drop_decision_no_action,-1,-1,-1,veh4,0.0,False
23776,22.8746,CAM_DROP_PHY,22869,10,4.0,22.8746,drop_decision_no_action,-1,-1,-1,veh4,0.0,False
23778,22.8778,CAM_DROP_PHY,22870,9,4.0,22.8778,drop_decision_no_action,-1,-1,-1,veh4,0.0,False
23796,22.8853,CAM_DROP_PHY,22884,8,4.0,22.8853,drop_decision_no_action,-1,-1,-1,veh4,0.0,False
23813,22.8988,CAM_DROP_PHY,22890,12,4.0,22.8988,drop_decision_no_action,-1,-1,-1,veh4,0.0,False
23816,22.9071,CPM_DROP_PHY,22896,3,4.0,22.9071,drop_decision_no_action,-1,-1,-1,veh4,0.0,False
23869,22.9596,CAM_DROP_PHY,22956,11,4.0,22.9596,drop_decision_no_action,-1,-1,-1,veh4,0.0,False
23868,22.9608,CAM_DROP_PHY,22955,7,4.0,22.9608,drop_decision_no_action,-1,-1,-1,veh4,0.0,False
23888,22.9778,CAM_DROP_PHY,22970,9,4.0,22.9778,drop_decision_no_action,-1,-1,-1,veh4,0.0,False
23904,22.9853,CAM_DROP_PHY,22984,8,4.0,22.9853,drop_decision_no_action,-1,-1,-1,veh4,0.0,False
23933,23.0171,CPM_DROP_PHY,23015,6,4.0,23.0171,drop_decision_no_action,-1,-1,-1,veh4,0.0,False
23951,23.0371,CAM_DROP_PHY,23034,6,4.0,23.0371,drop_decision_no_action,-1,-1,-1,veh4,0.0,False
23971,23.0608,CAM_DROP_PHY,23055,7,4.0,23.0608,drop_decision_no_action,-1,-1,-1,veh4,0.0,False
23985,23.0746,CAM_DROP_PHY,23069,10,4.0,23.0746,drop_decision_no_action,-1,-1,-1,veh4,0.0,False
23987,23.0778,CAM_DROP_PHY,23070,9,4.0,23.0778,drop_decision_no_action,-1,-1,-1,veh4,0.0,False
24000,23.0853,CPM_DROP_PHY,23079,8,4.0,23.0853,drop_decision_no_action,-1,-1,-1,veh4,0.0,False
24000,23.0853,CAM_DROP_PHY,23084,8,4.0,23.0853,drop_decision_no_action,-1,-1,-1,veh4,0.0,False
24020,23.0988,CAM_DROP_PHY,23090,12,4.0,23.0988,drop_decision_no_action,-1,-1,-1,veh4,0.0,False
24031,23.1056,CAM_DROP_PHY,23099,5,4.0,23.1056,drop_decision_no_action,-1,-1,-1,veh4,0.0,False
24023,23.1058,CPM_DROP_PHY,23095,2,4.0,23.1058,drop_decision_no_action,-1,-1,-1,veh4,0.0,False
24046,23.1151,CPM_DROP_PHY,23106,12,4.0,23.1151,drop_decision_no_action,-1,-1,-1,veh4,0.0,False
24093,23.1596,CAM_DROP_PHY,23156,11,4.0,23.1596,drop_decision_no_action,-1,-1,-1,veh4,0.0,False
24092,23.1608,CAM_DROP_PHY,23155,7,4.0,23.1608,drop_decision_no_action,-1,-1,-1,veh4,0.0,False
24111,23.1778,CAM_DROP_PHY,23170,9,4.0,23.1778,drop_decision_no_action,-1,-1,-1,veh4,0.0,False
24127,23.1853,CAM_DROP_PHY,23184,8,4.0,23.1853,drop_decision_no_action,-1,-1,-1,veh4,0.0,False
24174,23.2371,CAM_DROP_PHY,23234,6,4.0,23.2371,drop_decision_no_action,-1,-1,-1,veh4,0.0,False
24195,23.2608,CAM_DROP_PHY,23255,7,4.0,23.2608,drop_decision_no_action,-1,-1,-1,veh4,0.0,False
24207,23.2746,CAM_DROP_PHY,23269,10,4.0,23.2746,drop_decision_no_action,-1,-1,-1,veh4,0.0,False
24210,23.2778,CAM_DROP_PHY,23270,9,4.0,23.2778,drop_decision_no_action,-1,-1,-1,veh4,0.0,False
24243,23.2951,CAM_DROP_PHY,23290,12,4.0,23.2951,drop_decision_no_action,-1,-1,-1,veh4,0.0,False
24252,23.3046,CPM_DROP_PHY,23296,3,4.0,23.3046,drop_decision_no_action,-1,-1,-1,veh4,0.0,False
24285,23.3396,CPM_DROP_PHY,23333,11,4.0,23.3396,drop_decision_no_action,-1,-1,-1,veh4,0.0,False
24307,23.3596,CAM_DROP_PHY,23356,11,4.0,23.3596,drop_decision_no_action,-1,-1,-1,veh4,0.0,False
24305,23.3646,CAM_DROP_PHY,23355,7,4.0,23.3646,drop_decision_no_action,-1,-1,-1,veh4,0.0,False
24324,23.3778,CAM_DROP_PHY,23370,9,4.0,23.3778,drop_decision_no_action,-1,-1,-1,veh4,0.0,False
24341,23.3898,CAM_DROP_PHY,23384,8,4.0,23.3898,drop_decision_no_action,-1,-1,-1,veh4,0.0,False
24388,23.4371,CAM_DROP_PHY,23434,6,4.0,23.4371,drop_decision_no_action,-1,-1,-1,veh4,0.0,False
24417,23.4746,CAM_DROP_PHY,23469,10,4.0,23.4746,drop_decision_no_action,-1,-1,-1,veh4,0.0,False
24436,23.4951,CAM_DROP_PHY,23490,12,4.0,23.4951,drop_decision_no_action,-1,-1,-1,veh4,0.0,False
24482,23.5578,CAM_DROP_PHY,23556,11,4.0,23.5578,drop_decision_no_action,-1,-1,-1,veh4,0.0,False
24481,23.5646,CAM_DROP_PHY,23555,7,4.0,23.5646,drop_decision_no_action,-1,-1,-1,veh4,0.0,False
24500,23.5778,CAM_DROP_PHY,23570,9,4.0,23.5778,drop_decision_no_action,-1,-1,-1,veh4,0.0,False
24516,23.5898,CAM_DROP_PHY,23584,8,4.0,23.5898,drop_decision_no_action,-1,-1,-1,veh4,0.0,False
24555,23.6371,CAM_DROP_PHY,23634,6,4.0,23.6371,drop_decision_no_action,-1,-1,-1,veh4,0.0,False
24554,23.6446,CPM_DROP_PHY,23630,7,4.0,23.6446,drop_decision_no_action,-1,-1,-1,veh4,0.0,False
24577,23.6656,CPM_DROP_PHY,23651,5,4.0,23.6656,drop_decision_no_action,-1,-1,-1,veh4,0.0,False
24595,23.6746,CAM_DROP_PHY,23669,10,4.0,23.6746,drop_decision_no_action,-1,-1,-1,veh4,0.0,False
24619,23.6951,CAM_DROP_PHY,23690,12,4.0,23.6951,drop_decision_no_action,-1,-1,-1,veh4,0.0,False
24613,23.6978,CPM_DROP_PHY,23686,9,4.0,23.6978,drop_decision_no_action,-1,-1,-1,veh4,0.0,False
24661,23.7401,CAM_DROP_PHY,23723,2,4.0,23.7401,drop_decision_no_action,-1,-1,-1,veh4,0.0,False
24688,23.7578,CAM_DROP_PHY,23756,11,4.0,23.7578,drop_decision_no_action,-1,-1,-1,veh4,0.0,False
24687,23.7646,CAM_DROP_PHY,23755,7,4.0,23.7646,drop_decision_no_action,-1,-1,-1,veh4,0.0,False
24696,23.7756,CAM_DROP_PHY,23763,3,4.0,23.7756,drop_decision_no_action,-1,-1,-1,veh4,0.0,False
24707,23.7778,CAM_DROP_PHY,23770,9,4.0,23.7778,drop_decision_no_action,-1,-1,-1,veh4,0.0,False
24727,23.7898,CAM_DROP_PHY,23784,8,4.0,23.7898,drop_decision_no_action,-1,-1,-1,veh4,0.0,False
24769,23.8513,CAM_DROP_PHY,23834,6,4.0,23.8513,drop_decision_no_action,-1,-1,-1,veh4,0.0,False
24784,23.8603,CPM_DROP_PHY,23852,10,4.0,23.8603,drop_decision_no_action,-1,-1,-1,veh4,0.0,False
24805,23.8803,CAM_DROP_PHY,23869,10,4.0,23.8803,drop_decision_no_action,-1,-1,-1,veh4,0.0,False
24824,23.8951,CAM_DROP_PHY,23890,12,4.0,23.8951,drop_decision_no_action,-1,-1,-1,veh4,0.0,False
24832,23.9156,CPM_DROP_PHY,23896,3,4.0,23.9156,drop_decision_no_action,-1,-1,-1,veh4,0.0,False
24865,23.9513,CAM_DROP_PHY,23934,6,4.0,23.9513,drop_decision_no_action,-1,-1,-1,veh4,0.0,False
24884,23.9578,CAM_DROP_PHY,23956,11,4.0,23.9578,drop_decision_no_action,-1,-1,-1,veh4,0.0,False
24883,23.9646,CAM_DROP_PHY,23955,7,4.0,23.9646,drop_decision_no_action,-1,-1,-1,veh4,0.0,False
24904,23.9721,CAM_DROP_PHY,23970,9,4.0,23.9721,drop_decision_no_action,-1,-1,-1,veh4,0.0,False
24925,23.9871,CAM_DROP_PHY,23984,8,4.0,23.9871,drop_decision_no_action,-1,-1,-1,veh4,0.0,False
24951,24.0313,CPM_DROP_PHY,24015,6,4.0,24.0313,drop_decision_no_action,-1,-1,-1,veh4,0.0,False
24964,24.0513,CAM_DROP_PHY,24034,6,4.0,24.0513,drop_decision_no_action,-1,-1,-1,veh4,0.0,False
24986,24.0578,CAM_DROP_PHY,24055,7,4.0,24.0578,drop_decision_no_action,-1,-1,-1,veh4,0.0,False
25004,24.0803,CAM_DROP_PHY,24069,10,4.0,24.0803,drop_decision_no_action,-1,-1,-1,veh4,0.0,False
25011,24.0871,CPM_DROP_PHY,24079,8,4.0,24.0871,drop_decision_no_action,-1,-1,-1,veh4,0.0,False
25025,24.0913,CAM_DROP_PHY,24090,12,4.0,24.0913,drop_decision_no_action,-1,-1,-1,veh4,0.0,False
25033,24.1001,CPM_DROP_PHY,24095,2,4.0,24.1001,drop_decision_no_action,-1,-1,-1,veh4,0.0,False
25041,24.1086,CAM_DROP_PHY,24099,5,4.0,24.1086,drop_decision_no_action,-1,-1,-1,veh4,0.0,False
25052,24.1113,CPM_DROP_PHY,24106,12,4.0,24.1113,drop_decision_no_action,-1,-1,-1,veh4,0.0,False
25088,24.1513,CAM_DROP_PHY,24134,6,4.0,24.1513,drop_decision_no_action,-1,-1,-1,veh4,0.0,False
25106,24.1696,CAM_DROP_PHY,24156,11,4.0,24.1696,drop_decision_no_action,-1,-1,-1,veh4,0.0,False
25131,24.1721,CAM_DROP_PHY,24170,9,4.0,24.1721,drop_decision_no_action,-1,-1,-1,veh4,0.0,False
25128,24.1803,CAM_DROP_PHY,24169,10,4.0,24.1803,drop_decision_no_action,-1,-1,-1,veh4,0.0,False
25151,24.1871,CAM_DROP_PHY,24184,8,4.0,24.1871,drop_decision_no_action,-1,-1,-1,veh4,0.0,False
25191,24.2513,CAM_DROP_PHY,24234,6,4.0,24.2513,drop_decision_no_action,-1,-1,-1,veh4,0.0,False
25226,24.2803,CAM_DROP_PHY,24269,10,4.0,24.2803,drop_decision_no_action,-1,-1,-1,veh4,0.0,False
25238,24.2871,CAM_DROP_PHY,24284,8,4.0,24.2871,drop_decision_no_action,-1,-1,-1,veh4,0.0,False
25248,24.2913,CAM_DROP_PHY,24290,12,4.0,24.2913,drop_decision_no_action,-1,-1,-1,veh4,0.0,False
25295,24.3378,CPM_DROP_PHY,24333,11,4.0,24.3378,drop_decision_no_action,-1,-1,-1,veh4,0.0,False
25296,24.3513,CAM_DROP_PHY,24334,6,4.0,24.3513,drop_decision_no_action,-1,-1,-1,veh4,0.0,False
25208,24.3578,CAM_DROP_PHY,24255,7,4.0,24.3578,drop_decision_no_action,-1,-1,-1,veh4,0.0,False
25321,24.3696,CAM_DROP_PHY,24356,11,4.0,24.3696,drop_decision_no_action,-1,-1,-1,veh4,0.0,False
25346,24.3721,CAM_DROP_PHY,24370,9,4.0,24.3721,drop_decision_no_action,-1,-1,-1,veh4,0.0,False
25343,24.3803,CAM_DROP_PHY,24369,10,4.0,24.3803,drop_decision_no_action,-1,-1,-1,veh4,0.0,False
25366,24.3871,CAM_DROP_PHY,24384,8,4.0,24.3871,drop_decision_no_action,-1,-1,-1,veh4,0.0,False
25414,24.4513,CAM_DROP_PHY,24434,6,4.0,24.4513,drop_decision_no_action,-1,-1,-1,veh4,0.0,False
25450,24.4721,CAM_DROP_PHY,24470,9,4.0,24.4721,drop_decision_no_action,-1,-1,-1,veh4,0.0,False
25449,24.4803,CAM_DROP_PHY,24469,10,4.0,24.4803,drop_decision_no_action,-1,-1,-1,veh4,0.0,False
25469,24.4871,CAM_DROP_PHY,24484,8,4.0,24.4871,drop_decision_no_action,-1,-1,-1,veh4,0.0,False
25478,24.4913,CAM_DROP_PHY,24490,12,4.0,24.4913,drop_decision_no_action,-1,-1,-1,veh4,0.0,False
25488,24.5156,CPM_DROP_PHY,24496,3,4.0,24.5156,drop_decision_no_action,-1,-1,-1,veh4,0.0,False
25431,24.5578,CAM_DROP_PHY,24455,7,4.0,24.5578,drop_decision_no_action,-1,-1,-1,veh4,0.0,False
25538,24.5696,CAM_DROP_PHY,24556,11,4.0,24.5696,drop_decision_no_action,-1,-1,-1,veh4,0.0,False
25560,24.5721,CAM_DROP_PHY,24570,9,4.0,24.5721,drop_decision_no_action,-1,-1,-1,veh4,0.0,False
25557,24.5803,CAM_DROP_PHY,24569,10,4.0,24.5803,drop_decision_no_action,-1,-1,-1,veh4,0.0,False
25580,24.5871,CAM_DROP_PHY,24584,8,4.0,24.5871,drop_decision_no_action,-1,-1,-1,veh4,0.0,False
25621,24.6513,CAM_DROP_PHY,24634,6,4.0,24.6513,drop_decision_no_action,-1,-1,-1,veh4,0.0,False
25641,24.6686,CPM_DROP_PHY,24651,5,4.0,24.6686,drop_decision_no_action,-1,-1,-1,veh4,0.0,False
25667,24.6721,CAM_DROP_PHY,24670,9,4.0,24.6721,drop_decision_no_action,-1,-1,-1,veh4,0.0,False
25666,24.6803,CAM_DROP_PHY,24669,10,4.0,24.6803,drop_decision_no_action,-1,-1,-1,veh4,0.0,False
25699,24.6913,CAM_DROP_PHY,24690,12,4.0,24.6913,drop_decision_no_action,-1,-1,-1,veh4,0.0,False
25692,24.6921,CPM_DROP_PHY,24686,9,4.0,24.6921,drop_decision_no_action,-1,-1,-1,veh4,0.0,False
25734,24.7363,CAM_DROP_PHY,24723,2,4.0,24.7363,drop_decision_no_action,-1,-1,-1,veh4,0.0,False
25617,24.7378,CPM_DROP_PHY,24630,7,4.0,24.7378,drop_decision_no_action,-1,-1,-1,veh4,0.0,False
25646,24.7378,CAM_DROP_PHY,24655,7,4.0,24.7378,drop_decision_no_action,-1,-1,-1,veh4,0.0,False
25759,24.7578,CAM_DROP_PHY,24756,11,4.0,24.7578,drop_decision_no_action,-1,-1,-1,veh4,0.0,False
25776,24.7721,CAM_DROP_PHY,24770,9,4.0,24.7721,drop_decision_no_action,-1,-1,-1,veh4,0.0,False
25773,24.7803,CAM_DROP_PHY,24769,10,4.0,24.7803,drop_decision_no_action,-1,-1,-1,veh4,0.0,False
25767,24.7816,CAM_DROP_PHY,24763,3,4.0,24.7816,drop_decision_no_action,-1,-1,-1,veh4,0.0,False
25798,24.7871,CAM_DROP_PHY,24784,8,4.0,24.7871,drop_decision_no_action,-1,-1,-1,veh4,0.0,False
25850,24.8493,CAM_DROP_PHY,24834,6,4.0,24.8493,drop_decision_no_action,-1,-1,-1,veh4,0.0,False
25867,24.8578,CAM_DROP_PHY,24855,7,4.0,24.8578,drop_decision_no_action,-1,-1,-1,veh4,0.0,False
25864,24.8603,CPM_DROP_PHY,24852,10,4.0,24.8603,drop_decision_no_action,-1,-1,-1,veh4,0.0,False
25894,24.8721,CAM_DROP_PHY,24870,9,4.0,24.8721,drop_decision_no_action,-1,-1,-1,veh4,0.0,False
25893,24.8803,CAM_DROP_PHY,24869,10,4.0,24.8803,drop_decision_no_action,-1,-1,-1,veh4,0.0,False
25921,24.8913,CAM_DROP_PHY,24890,12,4.0,24.8913,drop_decision_no_action,-1,-1,-1,veh4,0.0,False
25928,24.9016,CPM_DROP_PHY,24896,3,4.0,24.9016,drop_decision_no_action,-1,-1,-1,veh4,0.0,False
25974,24.9763,CAM_DROP_PHY,24956,11,4.0,24.9763,drop_decision_no_action,-1,-1,-1,veh4,0.0,False
25983,24.9811,CAM_DROP_PHY,24970,9,4.0,24.9811,drop_decision_no_action,-1,-1,-1,veh4,0.0,False
25998,25.0026,CAM_DROP_PHY,24984,8,4.0,25.0026,drop_decision_no_action,-1,-1,-1,veh4,0.0,False
26026,25.0293,CPM_DROP_PHY,25015,6,4.0,25.0293,drop_decision_no_action,-1,-1,-1,veh4,0.0,False
26044,25.0493,CAM_DROP_PHY,25034,6,4.0,25.0493,drop_decision_no_action,-1,-1,-1,veh4,0.0,False
26064,25.0578,CAM_DROP_PHY,25055,7,4.0,25.0578,drop_decision_no_action,-1,-1,-1,veh4,0.0,False
26085,25.0803,CAM_DROP_PHY,25069,10,4.0,25.0803,drop_decision_no_action,-1,-1,-1,veh4,0.0,False
26086,25.0811,CAM_DROP_PHY,25070,9,4.0,25.0811,drop_decision_no_action,-1,-1,-1,veh4,0.0,False
26093,25.0826,CPM_DROP_PHY,25079,8,4.0,25.0826,drop_decision_no_action,-1,-1,-1,veh4,0.0,False
26113,25.0913,CAM_DROP_PHY,25090,12,4.0,25.0913,drop_decision_no_action,-1,-1,-1,veh4,0.0,False
26121,25.0963,CPM_DROP_PHY,25095,2,4.0,25.0963,drop_decision_no_action,-1,-1,-1,veh4,0.0,False
26127,25.1016,CPM_DROP_PHY,25096,3,4.0,25.1016,drop_decision_no_action,-1,-1,-1,veh4,0.0,False
26151,25.1113,CPM_DROP_PHY,25106,12,4.0,25.1113,drop_decision_no_action,-1,-1,-1,veh4,0.0,False
26134,25.1191,CAM_DROP_PHY,25099,5,4.0,25.1191,drop_decision_no_action,-1,-1,-1,veh4,0.0,False
26205,25.1763,CAM_DROP_PHY,25156,11,4.0,25.1763,drop_decision_no_action,-1,-1,-1,veh4,0.0,False
26214,25.1811,CAM_DROP_PHY,25170,9,4.0,25.1811,drop_decision_no_action,-1,-1,-1,veh4,0.0,False
26229,25.2026,CAM_DROP_PHY,25184,8,4.0,25.2026,drop_decision_no_action,-1,-1,-1,veh4,0.0,False
26271,25.2493,CAM_DROP_PHY,25234,6,4.0,25.2493,drop_decision_no_action,-1,-1,-1,veh4,0.0,False
26288,25.2563,CAM_DROP_PHY,25255,7,4.0,25.2563,drop_decision_no_action,-1,-1,-1,veh4,0.0,False
26308,25.2723,CAM_DROP_PHY,25269,10,4.0,25.2723,drop_decision_no_action,-1,-1,-1,veh4,0.0,False
26329,25.3068,CAM_DROP_PHY,25290,12,4.0,25.3068,drop_decision_no_action,-1,-1,-1,veh4,0.0,False
26367,25.3363,CPM_DROP_PHY,25333,11,4.0,25.3363,drop_decision_no_action,-1,-1,-1,veh4,0.0,False
26389,25.3763,CAM_DROP_PHY,25356,11,4.0,25.3763,drop_decision_no_action,-1,-1,-1,veh4,0.0,False
26397,25.3811,CAM_DROP_PHY,25370,9,4.0,25.3811,drop_decision_no_action,-1,-1,-1,veh4,0.0,False
26411,25.4026,CAM_DROP_PHY,25384,8,4.0,25.4026,drop_decision_no_action,-1,-1,-1,veh4,0.0,False
26463,25.4513,CAM_DROP_PHY,25434,6,4.0,25.4513,drop_decision_no_action,-1,-1,-1,veh4,0.0,False
26478,25.4563,CAM_DROP_PHY,25455,7,4.0,25.4563,drop_decision_no_action,-1,-1,-1,veh4,0.0,False
26498,25.4723,CAM_DROP_PHY,25469,10,4.0,25.4723,drop_decision_no_action,-1,-1,-1,veh4,0.0,False
26512,25.5026,CAM_DROP_PHY,25484,8,4.0,25.5026,drop_decision_no_action,-1,-1,-1,veh4,0.0,False
26519,25.5068,CAM_DROP_PHY,25490,12,4.0,25.5068,drop_decision_no_action,-1,-1,-1,veh4,0.0,False
26572,25.5763,CAM_DROP_PHY,25556,11,4.0,25.5763,drop_decision_no_action,-1,-1,-1,veh4,0.0,False
26579,25.5811,CAM_DROP_PHY,25570,9,4.0,25.5811,drop_decision_no_action,-1,-1,-1,veh4,0.0,False
26593,25.5988,CAM_DROP_PHY,25584,8,4.0,25.5988,drop_decision_no_action,-1,-1,-1,veh4,0.0,False
26635,25.6363,CPM_DROP_PHY,25630,7,4.0,25.6363,drop_decision_no_action,-1,-1,-1,veh4,0.0,False
26638,25.6513,CAM_DROP_PHY,25634,6,4.0,25.6513,drop_decision_no_action,-1,-1,-1,veh4,0.0,False
26661,25.6563,CAM_DROP_PHY,25655,7,4.0,25.6563,drop_decision_no_action,-1,-1,-1,veh4,0.0,False
26658,25.6591,CPM_DROP_PHY,25651,5,4.0,25.6591,drop_decision_no_action,-1,-1,-1,veh4,0.0,False
26687,25.6893,CAM_DROP_PHY,25669,10,4.0,25.6893,drop_decision_no_action,-1,-1,-1,veh4,0.0,False
26702,25.6988,CAM_DROP_PHY,25684,8,4.0,25.6988,drop_decision_no_action,-1,-1,-1,veh4,0.0,False
26704,25.7011,CPM_DROP_PHY,25686,9,4.0,25.7011,drop_decision_no_action,-1,-1,-1,veh4,0.0,False
26710,25.7068,CAM_DROP_PHY,25690,12,4.0,25.7068,drop_decision_no_action,-1,-1,-1,veh4,0.0,False
26752,25.7363,CAM_DROP_PHY,25723,2,4.0,25.7363,drop_decision_no_action,-1,-1,-1,veh4,0.0,False
26776,25.7606,CAM_DROP_PHY,25755,7,4.0,25.7606,drop_decision_no_action,-1,-1,-1,veh4,0.0,False
26788,25.7671,CAM_DROP_PHY,25763,3,4.0,25.7671,drop_decision_no_action,-1,-1,-1,veh4,0.0,False
26779,25.7763,CAM_DROP_PHY,25756,11,4.0,25.7763,drop_decision_no_action,-1,-1,-1,veh4,0.0,False
26797,25.7766,CAM_DROP_PHY,25769,10,4.0,25.7766,drop_decision_no_action,-1,-1,-1,veh4,0.0,False
26798,25.7811,CAM_DROP_PHY,25770,9,4.0,25.7811,drop_decision_no_action,-1,-1,-1,veh4,0.0,False
26821,25.7988,CAM_DROP_PHY,25784,8,4.0,25.7988,drop_decision_no_action,-1,-1,-1,veh4,0.0,False
26867,25.8513,CAM_DROP_PHY,25834,6,4.0,25.8513,drop_decision_no_action,-1,-1,-1,veh4,0.0,False
26881,25.8566,CPM_DROP_PHY,25852,10,4.0,25.8566,drop_decision_no_action,-1,-1,-1,veh4,0.0,False
26884,25.8606,CAM_DROP_PHY,25855,7,4.0,25.8606,drop_decision_no_action,-1,-1,-1,veh4,0.0,False
26914,25.8758,CAM_DROP_PHY,25870,9,4.0,25.8758,drop_decision_no_action,-1,-1,-1,veh4,0.0,False
26890,25.8763,CAM_DROP_PHY,25856,11,4.0,25.8763,drop_decision_no_action,-1,-1,-1,veh4,0.0,False
26913,25.8766,CAM_DROP_PHY,25869,10,4.0,25.8766,drop_decision_no_action,-1,-1,-1,veh4,0.0,False
26933,25.8988,CAM_DROP_PHY,25884,8,4.0,25.8988,drop_decision_no_action,-1,-1,-1,veh4,0.0,False
26947,25.9068,CAM_DROP_PHY,25890,12,4.0,25.9068,drop_decision_no_action,-1,-1,-1,veh4,0.0,False
26952,25.9071,CPM_DROP_PHY,25896,3,4.0,25.9071,drop_decision_no_action,-1,-1,-1,veh4,0.0,False
27014,25.9606,CAM_DROP_PHY,25955,7,4.0,25.9606,drop_decision_no_action,-1,-1,-1,veh4,0.0,False
27033,25.9758,CAM_DROP_PHY,25970,9,4.0,25.9758,drop_decision_no_action,-1,-1,-1,veh4,0.0,False
27018,25.9763,CAM_DROP_PHY,25956,11,4.0,25.9763,drop_decision_no_action,-1,-1,-1,veh4,0.0,False
27032,25.9766,CAM_DROP_PHY,25969,10,4.0,25.9766,drop_decision_no_action,-1,-1,-1,veh4,0.0,False
27079,26.0313,CPM_DROP_PHY,26015,6,4.0,26.0313,drop_decision_no_action,-1,-1,-1,veh4,0.0,False
27092,26.0513,CAM_DROP_PHY,26034,6,4.0,26.0513,drop_decision_no_action,-1,-1,-1,veh4,0.0,False
27113,26.0606,CAM_DROP_PHY,26055,7,4.0,26.0606,drop_decision_no_action,-1,-1,-1,veh4,0.0,False
27136,26.0758,CAM_DROP_PHY,26070,9,4.0,26.0758,drop_decision_no_action,-1,-1,-1,veh4,0.0,False
27117,26.0763,CAM_DROP_PHY,26056,11,4.0,26.0763,drop_decision_no_action,-1,-1,-1,veh4,0.0,False
27135,26.0766,CAM_DROP_PHY,26069,10,4.0,26.0766,drop_decision_no_action,-1,-1,-1,veh4,0.0,False
27173,26.0968,CPM_DROP_PHY,26095,2,4.0,26.0968,drop_decision_no_action,-1,-1,-1,veh4,0.0,False
27150,26.0988,CPM_DROP_PHY,26079,8,4.0,26.0988,drop_decision_no_action,-1,-1,-1,veh4,0.0,False
27150,26.0988,CAM_DROP_PHY,26084,8,4.0,26.0988,drop_decision_no_action,-1,-1,-1,veh4,0.0,False
27187,26.1013,CAM_DROP_PHY,26099,5,4.0,26.1013,drop_decision_no_action,-1,-1,-1,veh4,0.0,False
27170,26.1068,CAM_DROP_PHY,26090,12,4.0,26.1068,drop_decision_no_action,-1,-1,-1,veh4,0.0,False
27170,26.1068,CPM_DROP_PHY,26106,12,4.0,26.1068,drop_decision_no_action,-1,-1,-1,veh4,0.0,False
27238,26.1606,CAM_DROP_PHY,26155,7,4.0,26.1606,drop_decision_no_action,-1,-1,-1,veh4,0.0,False
27258,26.1758,CAM_DROP_PHY,26170,9,4.0,26.1758,drop_decision_no_action,-1,-1,-1,veh4,0.0,False
27242,26.1763,CAM_DROP_PHY,26156,11,4.0,26.1763,drop_decision_no_action,-1,-1,-1,veh4,0.0,False
27257,26.1766,CAM_DROP_PHY,26169,10,4.0,26.1766,drop_decision_no_action,-1,-1,-1,veh4,0.0,False
27322,26.2471,CAM_DROP_PHY,26234,6,4.0,26.2471,drop_decision_no_action,-1,-1,-1,veh4,0.0,False
27353,26.2758,CAM_DROP_PHY,26270,9,4.0,26.2758,drop_decision_no_action,-1,-1,-1,veh4,0.0,False
27352,26.2766,CAM_DROP_PHY,26269,10,4.0,26.2766,drop_decision_no_action,-1,-1,-1,veh4,0.0,False
27342,26.2838,CAM_DROP_PHY,26256,11,4.0,26.2838,drop_decision_no_action,-1,-1,-1,veh4,0.0,False
27371,26.2866,CAM_DROP_PHY,26284,8,4.0,26.2866,drop_decision_no_action,-1,-1,-1,veh4,0.0,False
27391,26.3068,CAM_DROP_PHY,26290,12,4.0,26.3068,drop_decision_no_action,-1,-1,-1,veh4,0.0,False
27434,26.3438,CPM_DROP_PHY,26333,11,4.0,26.3438,drop_decision_no_action,-1,-1,-1,veh4,0.0,False
27457,26.3638,CAM_DROP_PHY,26356,11,4.0,26.3638,drop_decision_no_action,-1,-1,-1,veh4,0.0,False
27454,26.3726,CAM_DROP_PHY,26355,7,4.0,26.3726,drop_decision_no_action,-1,-1,-1,veh4,0.0,False
27472,26.3758,CAM_DROP_PHY,26370,9,4.0,26.3758,drop_decision_no_action,-1,-1,-1,veh4,0.0,False
27530,26.4471,CAM_DROP_PHY,26434,6,4.0,26.4471,drop_decision_no_action,-1,-1,-1,veh4,0.0,False
27559,26.4716,CAM_DROP_PHY,26469,10,4.0,26.4716,drop_decision_no_action,-1,-1,-1,veh4,0.0,False
27560,26.4758,CAM_DROP_PHY,26470,9,4.0,26.4758,drop_decision_no_action,-1,-1,-1,veh4,0.0,False
27576,26.4866,CAM_DROP_PHY,26484,8,4.0,26.4866,drop_decision_no_action,-1,-1,-1,veh4,0.0,False
27589,26.5068,CAM_DROP_PHY,26490,12,4.0,26.5068,drop_decision_no_action,-1,-1,-1,veh4,0.0,False
27639,26.5638,CAM_DROP_PHY,26556,11,4.0,26.5638,drop_decision_no_action,-1,-1,-1,veh4,0.0,False
27655,26.5723,CAM_DROP_PHY,26570,9,4.0,26.5723,drop_decision_no_action,-1,-1,-1,veh4,0.0,False
27638,26.5726,CAM_DROP_PHY,26555,7,4.0,26.5726,drop_decision_no_action,-1,-1,-1,veh4,0.0,False
27684,26.6071,CPM_DROP_PHY,26596,3,4.0,26.6071,drop_decision_no_action,-1,-1,-1,veh4,0.0,False
27710,26.6326,CPM_DROP_PHY,26630,7,4.0,26.6326,drop_decision_no_action,-1,-1,-1,veh4,0.0,False
27716,26.6471,CAM_DROP_PHY,26634,6,4.0,26.6471,drop_decision_no_action,-1,-1,-1,veh4,0.0,False
27733,26.6613,CPM_DROP_PHY,26651,5,4.0,26.6613,drop_decision_no_action,-1,-1,-1,veh4,0.0,False
27755,26.6716,CAM_DROP_PHY,26669,10,4.0,26.6716,drop_decision_no_action,-1,-1,-1,veh4,0.0,False
27756,26.6723,CAM_DROP_PHY,26670,9,4.0,26.6723,drop_decision_no_action,-1,-1,-1,veh4,0.0,False
27777,26.6866,CAM_DROP_PHY,26684,8,4.0,26.6866,drop_decision_no_action,-1,-1,-1,veh4,0.0,False
27779,26.6923,CPM_DROP_PHY,26686,9,4.0,26.6923,drop_decision_no_action,-1,-1,-1,veh4,0.0,False
27787,26.6971,CAM_DROP_PHY,26690,12,4.0,26.6971,drop_decision_no_action,-1,-1,-1,veh4,0.0,False
27799,26.7071,CPM_DROP_PHY,26696,3,4.0,26.7071,drop_decision_no_action,-1,-1,-1,veh4,0.0,False
27834,26.7291,CAM_DROP_PHY,26723,2,4.0,26.7291,drop_decision_no_action,-1,-1,-1,veh4,0.0,False
27861,26.7638,CAM_DROP_PHY,26756,11,4.0,26.7638,drop_decision_no_action,-1,-1,-1,veh4,0.0,False
27860,26.7726,CAM_DROP_PHY,26755,7,4.0,26.7726,drop_decision_no_action,-1,-1,-1,veh4,0.0,False
27869,26.7836,CAM_DROP_PHY,26763,3,4.0,26.7836,drop_decision_no_action,-1,-1,-1,veh4,0.0,False
27928,26.8406,CAM_DROP_PHY,26834,6,4.0,26.8406,drop_decision_no_action,-1,-1,-1,veh4,0.0,False
27956,26.8723,CAM_DROP_PHY,26870,9,4.0,26.8723,drop_decision_no_action,-1,-1,-1,veh4,0.0,False
27945,26.8838,CPM_DROP_PHY,26852,10,4.0,26.8838,drop_decision_no_action,-1,-1,-1,veh4,0.0,False
27945,26.8838,CAM_DROP_PHY,26869,10,4.0,26.8838,drop_decision_no_action,-1,-1,-1,veh4,0.0,False
27978,26.8866,CAM_DROP_PHY,26884,8,4.0,26.8866,drop_decision_no_action,-1,-1,-1,veh4,0.0,False
27985,26.8971,CAM_DROP_PHY,26890,12,4.0,26.8971,drop_decision_no_action,-1,-1,-1,veh4,0.0,False
27992,26.9036,CPM_DROP_PHY,26896,3,4.0,26.9036,drop_decision_no_action,-1,-1,-1,veh4,0.0,False
28053,26.9723,CAM_DROP_PHY,26956,11,4.0,26.9723,drop_decision_no_action,-1,-1,-1,veh4,0.0,False
28052,26.9726,CAM_DROP_PHY,26955,7,4.0,26.9726,drop_decision_no_action,-1,-1,-1,veh4,0.0,False
28079,26.9866,CAM_DROP_PHY,26984,8,4.0,26.9866,drop_decision_no_action,-1,-1,-1,veh4,0.0,False
28089,26.9971,CAM_DROP_PHY,26990,12,4.0,26.9971,drop_decision_no_action,-1,-1,-1,veh4,0.0,False
28117,27.0206,CPM_DROP_PHY,27015,6,4.0,27.0206,drop_decision_no_action,-1,-1,-1,veh4,0.0,False
28135,27.0406,CAM_DROP_PHY,27034,6,4.0,27.0406,drop_decision_no_action,-1,-1,-1,veh4,0.0,False
28163,27.0723,CAM_DROP_PHY,27070,9,4.0,27.0723,drop_decision_no_action,-1,-1,-1,veh4,0.0,False
28176,27.0866,CPM_DROP_PHY,27079,8,4.0,27.0866,drop_decision_no_action,-1,-1,-1,veh4,0.0,False
28176,27.0866,CAM_DROP_PHY,27084,8,4.0,27.0866,drop_decision_no_action,-1,-1,-1,veh4,0.0,False
28162,27.0886,CAM_DROP_PHY,27069,10,4.0,27.0886,drop_decision_no_action,-1,-1,-1,veh4,0.0,False
28188,27.0971,CAM_DROP_PHY,27090,12,4.0,27.0971,drop_decision_no_action,-1,-1,-1,veh4,0.0,False
28197,27.1091,CPM_DROP_PHY,27095,2,4.0,27.1091,drop_decision_no_action,-1,-1,-1,veh4,0.0,False
28207,27.1118,CAM_DROP_PHY,27099,5,4.0,27.1118,drop_decision_no_action,-1,-1,-1,veh4,0.0,False
28216,27.1171,CPM_DROP_PHY,27106,12,4.0,27.1171,drop_decision_no_action,-1,-1,-1,veh4,0.0,False
28268,27.1723,CAM_DROP_PHY,27156,11,4.0,27.1723,drop_decision_no_action,-1,-1,-1,veh4,0.0,False
28267,27.1726,CAM_DROP_PHY,27155,7,4.0,27.1726,drop_decision_no_action,-1,-1,-1,veh4,0.0,False
28277,27.1726,CAM_DROP_PHY,27170,9,4.0,27.1726,drop_decision_no_action,-1,-1,-1,veh4,0.0,False
28302,27.1866,CAM_DROP_PHY,27184,8,4.0,27.1866,drop_decision_no_action,-1,-1,-1,veh4,0.0,False
28276,27.1886,CAM_DROP_PHY,27169,10,4.0,27.1886,drop_decision_no_action,-1,-1,-1,veh4,0.0,False
28315,27.1971,CAM_DROP_PHY,27190,12,4.0,27.1971,drop_decision_no_action,-1,-1,-1,veh4,0.0,False
28359,27.2406,CAM_DROP_PHY,27234,6,4.0,27.2406,drop_decision_no_action,-1,-1,-1,veh4,0.0,False
28386,27.2726,CAM_DROP_PHY,27270,9,4.0,27.2726,drop_decision_no_action,-1,-1,-1,veh4,0.0,False
28401,27.2866,CAM_DROP_PHY,27284,8,4.0,27.2866,drop_decision_no_action,-1,-1,-1,veh4,0.0,False
28385,27.2886,CAM_DROP_PHY,27269,10,4.0,27.2886,drop_decision_no_action,-1,-1,-1,veh4,0.0,False
28411,27.2971,CAM_DROP_PHY,27290,12,4.0,27.2971,drop_decision_no_action,-1,-1,-1,veh4,0.0,False
28462,27.3523,CPM_DROP_PHY,27333,11,4.0,27.3523,drop_decision_no_action,-1,-1,-1,veh4,0.0,False
28478,27.3723,CAM_DROP_PHY,27356,11,4.0,27.3723,drop_decision_no_action,-1,-1,-1,veh4,0.0,False
28477,27.3726,CAM_DROP_PHY,27355,7,4.0,27.3726,drop_decision_no_action,-1,-1,-1,veh4,0.0,False
28491,27.3726,CAM_DROP_PHY,27370,9,4.0,27.3726,drop_decision_no_action,-1,-1,-1,veh4,0.0,False
28489,27.3886,CAM_DROP_PHY,27369,10,4.0,27.3886,drop_decision_no_action,-1,-1,-1,veh4,0.0,False
28516,27.3891,CAM_DROP_PHY,27384,8,4.0,27.3891,drop_decision_no_action,-1,-1,-1,veh4,0.0,False
28529,27.3971,CAM_DROP_PHY,27390,12,4.0,27.3971,drop_decision_no_action,-1,-1,-1,veh4,0.0,False
28581,27.4406,CAM_DROP_PHY,27434,6,4.0,27.4406,drop_decision_no_action,-1,-1,-1,veh4,0.0,False
28600,27.4723,CAM_DROP_PHY,27456,11,4.0,27.4723,drop_decision_no_action,-1,-1,-1,veh4,0.0,False
28609,27.4726,CAM_DROP_PHY,27470,9,4.0,27.4726,drop_decision_no_action,-1,-1,-1,veh4,0.0,False
28608,27.4886,CAM_DROP_PHY,27469,10,4.0,27.4886,drop_decision_no_action,-1,-1,-1,veh4,0.0,False
28631,27.4891,CAM_DROP_PHY,27484,8,4.0,27.4891,drop_decision_no_action,-1,-1,-1,veh4,0.0,False
28640,27.4971,CAM_DROP_PHY,27490,12,4.0,27.4971,drop_decision_no_action,-1,-1,-1,veh4,0.0,False
28704,27.5723,CAM_DROP_PHY,27556,11,4.0,27.5723,drop_decision_no_action,-1,-1,-1,veh4,0.0,False
28703,27.5726,CAM_DROP_PHY,27555,7,4.0,27.5726,drop_decision_no_action,-1,-1,-1,veh4,0.0,False
28713,27.5726,CAM_DROP_PHY,27570,9,4.0,27.5726,drop_decision_no_action,-1,-1,-1,veh4,0.0,False
28712,27.5886,CAM_DROP_PHY,27569,10,4.0,27.5886,drop_decision_no_action,-1,-1,-1,veh4,0.0,False
28748,27.5971,CAM_DROP_PHY,27590,12,4.0,27.5971,drop_decision_no_action,-1,-1,-1,veh4,0.0,False
28783,27.6371,CPM_DROP_PHY,27630,7,4.0,27.6371,drop_decision_no_action,-1,-1,-1,veh4,0.0,False
28787,27.6406,CAM_DROP_PHY,27634,6,4.0,27.6406,drop_decision_no_action,-1,-1,-1,veh4,0.0,False
28809,27.6518,CPM_DROP_PHY,27651,5,4.0,27.6518,drop_decision_no_action,-1,-1,-1,veh4,0.0,False
28817,27.6723,CAM_DROP_PHY,27656,11,4.0,27.6723,drop_decision_no_action,-1,-1,-1,veh4,0.0,False
28829,27.6726,CAM_DROP_PHY,27670,9,4.0,27.6726,drop_decision_no_action,-1,-1,-1,veh4,0.0,False
28852,27.6891,CAM_DROP_PHY,27684,8,4.0,27.6891,drop_decision_no_action,-1,-1,-1,veh4,0.0,False
28854,27.6926,CPM_DROP_PHY,27686,9,4.0,27.6926,drop_decision_no_action,-1,-1,-1,veh4,0.0,False
28860,27.6971,CAM_DROP_PHY,27690,12,4.0,27.6971,drop_decision_no_action,-1,-1,-1,veh4,0.0,False
28900,27.7403,CAM_DROP_PHY,27723,2,4.0,27.7403,drop_decision_no_action,-1,-1,-1,veh4,0.0,False
28925,27.7571,CAM_DROP_PHY,27755,7,4.0,27.7571,drop_decision_no_action,-1,-1,-1,veh4,0.0,False
28926,27.7723,CAM_DROP_PHY,27756,11,4.0,27.7723,drop_decision_no_action,-1,-1,-1,veh4,0.0,False
28939,27.7821,CAM_DROP_PHY,27763,3,4.0,27.7821,drop_decision_no_action,-1,-1,-1,veh4,0.0,False
28943,27.7886,CAM_DROP_PHY,27769,10,4.0,27.7886,drop_decision_no_action,-1,-1,-1,veh4,0.0,False
29001,27.8406,CAM_DROP_PHY,27834,6,4.0,27.8406,drop_decision_no_action,-1,-1,-1,veh4,0.0,False
29018,27.8686,CPM_DROP_PHY,27852,10,4.0,27.8686,drop_decision_no_action,-1,-1,-1,veh4,0.0,False
29021,27.8723,CAM_DROP_PHY,27856,11,4.0,27.8723,drop_decision_no_action,-1,-1,-1,veh4,0.0,False
29032,27.8726,CAM_DROP_PHY,27870,9,4.0,27.8726,drop_decision_no_action,-1,-1,-1,veh4,0.0,False
29058,27.8891,CAM_DROP_PHY,27884,8,4.0,27.8891,drop_decision_no_action,-1,-1,-1,veh4,0.0,False
29074,27.9021,CPM_DROP_PHY,27896,3,4.0,27.9021,drop_decision_no_action,-1,-1,-1,veh4,0.0,False
29066,27.9051,CAM_DROP_PHY,27890,12,4.0,27.9051,drop_decision_no_action,-1,-1,-1,veh4,0.0,False
29123,27.9571,CAM_DROP_PHY,27955,7,4.0,27.9571,drop_decision_no_action,-1,-1,-1,veh4,0.0,False
29139,27.9886,CAM_DROP_PHY,27969,10,4.0,27.9886,drop_decision_no_action,-1,-1,-1,veh4,0.0,False
29173,28.0188,CPM_DROP_PHY,28015,6,4.0,28.0188,drop_decision_no_action,-1,-1,-1,veh4,0.0,False
29197,28.0388,CAM_DROP_PHY,28034,6,4.0,28.0388,drop_decision_no_action,-1,-1,-1,veh4,0.0,False
29219,28.0723,CAM_DROP_PHY,28056,11,4.0,28.0723,drop_decision_no_action,-1,-1,-1,veh4,0.0,False
29227,28.0726,CAM_DROP_PHY,28070,9,4.0,28.0726,drop_decision_no_action,-1,-1,-1,veh4,0.0,False
29243,28.0891,CPM_DROP_PHY,28079,8,4.0,28.0891,drop_decision_no_action,-1,-1,-1,veh4,0.0,False
29243,28.0891,CAM_DROP_PHY,28084,8,4.0,28.0891,drop_decision_no_action,-1,-1,-1,veh4,0.0,False
29265,28.0966,CPM_DROP_PHY,28095,2,4.0,28.0966,drop_decision_no_action,-1,-1,-1,veh4,0.0,False
29257,28.1051,CAM_DROP_PHY,28090,12,4.0,28.1051,drop_decision_no_action,-1,-1,-1,veh4,0.0,False
29273,28.1148,CAM_DROP_PHY,28099,5,4.0,28.1148,drop_decision_no_action,-1,-1,-1,veh4,0.0,False
29279,28.1251,CPM_DROP_PHY,28106,12,4.0,28.1251,drop_decision_no_action,-1,-1,-1,veh4,0.0,False
29330,28.1571,CAM_DROP_PHY,28155,7,4.0,28.1571,drop_decision_no_action,-1,-1,-1,veh4,0.0,False
29346,28.1838,CAM_DROP_PHY,28169,10,4.0,28.1838,drop_decision_no_action,-1,-1,-1,veh4,0.0,False
29389,28.2388,CAM_DROP_PHY,28234,6,4.0,28.2388,drop_decision_no_action,-1,-1,-1,veh4,0.0,False
29410,28.2728,CAM_DROP_PHY,28256,11,4.0,28.2728,drop_decision_no_action,-1,-1,-1,veh4,0.0,False
29435,28.2891,CAM_DROP_PHY,28284,8,4.0,28.2891,drop_decision_no_action,-1,-1,-1,veh4,0.0,False
29419,28.2901,CAM_DROP_PHY,28270,9,4.0,28.2901,drop_decision_no_action,-1,-1,-1,veh4,0.0,False
29444,28.3051,CAM_DROP_PHY,28290,12,4.0,28.3051,drop_decision_no_action,-1,-1,-1,veh4,0.0,False
29492,28.3528,CPM_DROP_PHY,28333,11,4.0,28.3528,drop_decision_no_action,-1,-1,-1,veh4,0.0,False
29508,28.3571,CAM_DROP_PHY,28355,7,4.0,28.3571,drop_decision_no_action,-1,-1,-1,veh4,0.0,False
29528,28.3838,CAM_DROP_PHY,28369,10,4.0,28.3838,drop_decision_no_action,-1,-1,-1,veh4,0.0,False
29579,28.4388,CAM_DROP_PHY,28434,6,4.0,28.4388,drop_decision_no_action,-1,-1,-1,veh4,0.0,False
29600,28.4728,CAM_DROP_PHY,28456,11,4.0,28.4728,drop_decision_no_action,-1,-1,-1,veh4,0.0,False
29608,28.4838,CAM_DROP_PHY,28469,10,4.0,28.4838,drop_decision_no_action,-1,-1,-1,veh4,0.0,False
29610,28.4901,CAM_DROP_PHY,28470,9,4.0,28.4901,drop_decision_no_action,-1,-1,-1,veh4,0.0,False
29629,28.5011,CAM_DROP_PHY,28484,8,4.0,28.5011,drop_decision_no_action,-1,-1,-1,veh4,0.0,False
29634,28.5051,CAM_DROP_PHY,28490,12,4.0,28.5051,drop_decision_no_action,-1,-1,-1,veh4,0.0,False
29694,28.5571,CAM_DROP_PHY,28555,7,4.0,28.5571,drop_decision_no_action,-1,-1,-1,veh4,0.0,False
29710,28.5838,CAM_DROP_PHY,28569,10,4.0,28.5838,drop_decision_no_action,-1,-1,-1,veh4,0.0,False
29725,28.6028,CAM_DROP_PHY,28590,12,4.0,28.6028,drop_decision_no_action,-1,-1,-1,veh4,0.0,False
29768,28.6371,CPM_DROP_PHY,28630,7,4.0,28.6371,drop_decision_no_action,-1,-1,-1,veh4,0.0,False
29770,28.6411,CAM_DROP_PHY,28634,6,4.0,28.6411,drop_decision_no_action,-1,-1,-1,veh4,0.0,False
29794,28.6548,CPM_DROP_PHY,28651,5,4.0,28.6548,drop_decision_no_action,-1,-1,-1,veh4,0.0,False
29801,28.6728,CAM_DROP_PHY,28656,11,4.0,28.6728,drop_decision_no_action,-1,-1,-1,veh4,0.0,False
29813,28.6838,CAM_DROP_PHY,28669,10,4.0,28.6838,drop_decision_no_action,-1,-1,-1,veh4,0.0,False
29816,28.6901,CAM_DROP_PHY,28670,9,4.0,28.6901,drop_decision_no_action,-1,-1,-1,veh4,0.0,False
29816,28.6901,CPM_DROP_PHY,28686,9,4.0,28.6901,drop_decision_no_action,-1,-1,-1,veh4,0.0,False
29836,28.7011,CAM_DROP_PHY,28684,8,4.0,28.7011,drop_decision_no_action,-1,-1,-1,veh4,0.0,False
29849,28.7021,CPM_DROP_PHY,28696,3,4.0,28.7021,drop_decision_no_action,-1,-1,-1,veh4,0.0,False
29842,28.7028,CAM_DROP_PHY,28690,12,4.0,28.7028,drop_decision_no_action,-1,-1,-1,veh4,0.0,False
29895,28.7366,CAM_DROP_PHY,28723,2,4.0,28.7366,drop_decision_no_action,-1,-1,-1,veh4,0.0,False
29918,28.7663,CAM_DROP_PHY,28755,7,4.0,28.7663,drop_decision_no_action,-1,-1,-1,veh4,0.0,False
29920,28.7728,CAM_DROP_PHY,28756,11,4.0,28.7728,drop_decision_no_action,-1,-1,-1,veh4,0.0,False
29927,28.7821,CAM_DROP_PHY,28763,3,4.0,28.7821,drop_decision_no_action,-1,-1,-1,veh4,0.0,False
29933,28.7838,CAM_DROP_PHY,28769,10,4.0,28.7838,drop_decision_no_action,-1,-1,-1,veh4,0.0,False
29937,28.7901,CAM_DROP_PHY,28770,9,4.0,28.7901,drop_decision_no_action,-1,-1,-1,veh4,0.0,False
29965,28.8028,CAM_DROP_PHY,28790,12,4.0,28.8028,drop_decision_no_action,-1,-1,-1,veh4,0.0,False
30009,28.8411,CAM_DROP_PHY,28834,6,4.0,28.8411,drop_decision_no_action,-1,-1,-1,veh4,0.0,False
30031,28.8728,CAM_DROP_PHY,28856,11,4.0,28.8728,drop_decision_no_action,-1,-1,-1,veh4,0.0,False
30026,28.8756,CPM_DROP_PHY,28852,10,4.0,28.8756,drop_decision_no_action,-1,-1,-1,veh4,0.0,False
30042,28.8901,CAM_DROP_PHY,28870,9,4.0,28.8901,drop_decision_no_action,-1,-1,-1,veh4,0.0,False
30064,28.9011,CAM_DROP_PHY,28884,8,4.0,28.9011,drop_decision_no_action,-1,-1,-1,veh4,0.0,False
30073,28.9023,CPM_DROP_PHY,28896,3,4.0,28.9023,drop_decision_no_action,-1,-1,-1,veh4,0.0,False
30069,28.9028,CAM_DROP_PHY,28890,12,4.0,28.9028,drop_decision_no_action,-1,-1,-1,veh4,0.0,False
30133,28.9663,CAM_DROP_PHY,28955,7,4.0,28.9663,drop_decision_no_action,-1,-1,-1,veh4,0.0,False
30134,28.9728,CAM_DROP_PHY,28956,11,4.0,28.9728,drop_decision_no_action,-1,-1,-1,veh4,0.0,False
30146,28.9838,CAM_DROP_PHY,28969,10,4.0,28.9838,drop_decision_no_action,-1,-1,-1,veh4,0.0,False
30150,28.9901,CAM_DROP_PHY,28970,9,4.0,28.9901,drop_decision_no_action,-1,-1,-1,veh4,0.0,False
30174,29.0028,CAM_DROP_PHY,28990,12,4.0,29.0028,drop_decision_no_action,-1,-1,-1,veh4,0.0,False
30205,29.0211,CPM_DROP_PHY,29015,6,4.0,29.0211,drop_decision_no_action,-1,-1,-1,veh4,0.0,False
30223,29.0411,CAM_DROP_PHY,29034,6,4.0,29.0411,drop_decision_no_action,-1,-1,-1,veh4,0.0,False
30245,29.0648,CAM_DROP_PHY,29056,11,4.0,29.0648,drop_decision_no_action,-1,-1,-1,veh4,0.0,False
30262,29.0811,CPM_DROP_PHY,29079,8,4.0,29.0811,drop_decision_no_action,-1,-1,-1,veh4,0.0,False
30257,29.0901,CAM_DROP_PHY,29070,9,4.0,29.0901,drop_decision_no_action,-1,-1,-1,veh4,0.0,False
30274,29.1011,CAM_DROP_PHY,29084,8,4.0,29.1011,drop_decision_no_action,-1,-1,-1,veh4,0.0,False
30284,29.1028,CAM_DROP_PHY,29090,12,4.0,29.1028,drop_decision_no_action,-1,-1,-1,veh4,0.0,False
30289,29.1148,CAM_DROP_PHY,29099,5,4.0,29.1148,drop_decision_no_action,-1,-1,-1,veh4,0.0,False
30288,29.1153,CPM_DROP_PHY,29095,2,4.0,29.1153,drop_decision_no_action,-1,-1,-1,veh4,0.0,False
30309,29.1228,CPM_DROP_PHY,29106,12,4.0,29.1228,drop_decision_no_action,-1,-1,-1,veh4,0.0,False
30373,29.1648,CAM_DROP_PHY,29156,11,4.0,29.1648,drop_decision_no_action,-1,-1,-1,veh4,0.0,False
30372,29.1663,CAM_DROP_PHY,29155,7,4.0,29.1663,drop_decision_no_action,-1,-1,-1,veh4,0.0,False
30388,29.1838,CAM_DROP_PHY,29169,10,4.0,29.1838,drop_decision_no_action,-1,-1,-1,veh4,0.0,False
30392,29.1901,CAM_DROP_PHY,29170,9,4.0,29.1901,drop_decision_no_action,-1,-1,-1,veh4,0.0,False
30447,29.2411,CAM_DROP_PHY,29234,6,4.0,29.2411,drop_decision_no_action,-1,-1,-1,veh4,0.0,False
30467,29.2648,CAM_DROP_PHY,29256,11,4.0,29.2648,drop_decision_no_action,-1,-1,-1,veh4,0.0,False
30491,29.3011,CAM_DROP_PHY,29284,8,4.0,29.3011,drop_decision_no_action,-1,-1,-1,veh4,0.0,False
30500,29.3028,CAM_DROP_PHY,29290,12,4.0,29.3028,drop_decision_no_action,-1,-1,-1,veh4,0.0,False
30542,29.3448,CPM_DROP_PHY,29333,11,4.0,29.3448,drop_decision_no_action,-1,-1,-1,veh4,0.0,False
30559,29.3663,CAM_DROP_PHY,29355,7,4.0,29.3663,drop_decision_no_action,-1,-1,-1,veh4,0.0,False
30576,29.3806,CAM_DROP_PHY,29369,10,4.0,29.3806,drop_decision_no_action,-1,-1,-1,veh4,0.0,False
30579,29.3891,CAM_DROP_PHY,29370,9,4.0,29.3891,drop_decision_no_action,-1,-1,-1,veh4,0.0,False
30637,29.4411,CAM_DROP_PHY,29434,6,4.0,29.4411,drop_decision_no_action,-1,-1,-1,veh4,0.0,False
30657,29.4648,CAM_DROP_PHY,29456,11,4.0,29.4648,drop_decision_no_action,-1,-1,-1,veh4,0.0,False
30681,29.5011,CAM_DROP_PHY,29484,8,4.0,29.5011,drop_decision_no_action,-1,-1,-1,veh4,0.0,False
30686,29.5011,CAM_DROP_PHY,29490,12,4.0,29.5011,drop_decision_no_action,-1,-1,-1,veh4,0.0,False
30736,29.5698,CAM_DROP_PHY,29555,7,4.0,29.5698,drop_decision_no_action,-1,-1,-1,veh4,0.0,False
30745,29.5806,CAM_DROP_PHY,29569,10,4.0,29.5806,drop_decision_no_action,-1,-1,-1,veh4,0.0,False
30749,29.5891,CAM_DROP_PHY,29570,9,4.0,29.5891,drop_decision_no_action,-1,-1,-1,veh4,0.0,False
30804,29.6411,CAM_DROP_PHY,29634,6,4.0,29.6411,drop_decision_no_action,-1,-1,-1,veh4,0.0,False
30802,29.6498,CPM_DROP_PHY,29630,7,4.0,29.6498,drop_decision_no_action,-1,-1,-1,veh4,0.0,False
30824,29.6531,CPM_DROP_PHY,29651,5,4.0,29.6531,drop_decision_no_action,-1,-1,-1,veh4,0.0,False
30835,29.6648,CAM_DROP_PHY,29656,11,4.0,29.6648,drop_decision_no_action,-1,-1,-1,veh4,0.0,False
30865,29.6891,CPM_DROP_PHY,29686,9,4.0,29.6891,drop_decision_no_action,-1,-1,-1,veh4,0.0,False
30863,29.6963,CAM_DROP_PHY,29684,8,4.0,29.6963,drop_decision_no_action,-1,-1,-1,veh4,0.0,False
30871,29.7011,CAM_DROP_PHY,29690,12,4.0,29.7011,drop_decision_no_action,-1,-1,-1,veh4,0.0,False
30913,29.7353,CAM_DROP_PHY,29723,2,4.0,29.7353,drop_decision_no_action,-1,-1,-1,veh4,0.0,False
30942,29.7698,CAM_DROP_PHY,29755,7,4.0,29.7698,drop_decision_no_action,-1,-1,-1,veh4,0.0,False
30952,29.7806,CAM_DROP_PHY,29769,10,4.0,29.7806,drop_decision_no_action,-1,-1,-1,veh4,0.0,False
30947,29.7823,CAM_DROP_PHY,29763,3,4.0,29.7823,drop_decision_no_action,-1,-1,-1,veh4,0.0,False
30956,29.7891,CAM_DROP_PHY,29770,9,4.0,29.7891,drop_decision_no_action,-1,-1,-1,veh4,0.0,False
31017,29.8461,CAM_DROP_PHY,29834,6,4.0,29.8461,drop_decision_no_action,-1,-1,-1,veh4,0.0,False
31032,29.8606,CPM_DROP_PHY,29852,10,4.0,29.8606,drop_decision_no_action,-1,-1,-1,veh4,0.0,False
31039,29.8648,CAM_DROP_PHY,29856,11,4.0,29.8648,drop_decision_no_action,-1,-1,-1,veh4,0.0,False
31052,29.8806,CAM_DROP_PHY,29869,10,4.0,29.8806,drop_decision_no_action,-1,-1,-1,veh4,0.0,False
31071,29.8963,CAM_DROP_PHY,29884,8,4.0,29.8963,drop_decision_no_action,-1,-1,-1,veh4,0.0,False
31079,29.9011,CAM_DROP_PHY,29890,12,4.0,29.9011,drop_decision_no_action,-1,-1,-1,veh4,0.0,False
31088,29.9023,CPM_DROP_PHY,29896,3,4.0,29.9023,drop_decision_no_action,-1,-1,-1,veh4,0.0,False
31142,29.9646,CAM_DROP_PHY,29956,11,4.0,29.9646,drop_decision_no_action,-1,-1,-1,veh4,0.0,False
31140,29.9698,CAM_DROP_PHY,29955,7,4.0,29.9698,drop_decision_no_action,-1,-1,-1,veh4,0.0,False
31154,29.9806,CAM_DROP_PHY,29969,10,4.0,29.9806,drop_decision_no_action,-1,-1,-1,veh4,0.0,False
31158,29.9891,CAM_DROP_PHY,29970,9,4.0,29.9891,drop_decision_no_action,-1,-1,-1,veh4,0.0,False
31205,30.0261,CPM_DROP_PHY,30015,6,4.0,30.0261,drop_decision_no_action,-1,-1,-1,veh4,0.0,False
31224,30.0461,CAM_DROP_PHY,30034,6,4.0,30.0461,drop_decision_no_action,-1,-1,-1,veh4,0.0,False
31244,30.0646,CAM_DROP_PHY,30056,11,4.0,30.0646,drop_decision_no_action,-1,-1,-1,veh4,0.0,False
31256,30.0818,CAM_DROP_PHY,30069,10,4.0,30.0818,drop_decision_no_action,-1,-1,-1,veh4,0.0,False
31264,30.0963,CPM_DROP_PHY,30079,8,4.0,30.0963,drop_decision_no_action,-1,-1,-1,veh4,0.0,False
31264,30.0963,CAM_DROP_PHY,30084,8,4.0,30.0963,drop_decision_no_action,-1,-1,-1,veh4,0.0,False
31283,30.1011,CAM_DROP_PHY,30090,12,4.0,30.1011,drop_decision_no_action,-1,-1,-1,veh4,0.0,False
31284,30.1063,CPM_DROP_PHY,30095,2,4.0,30.1063,drop_decision_no_action,-1,-1,-1,veh4,0.0,False
31289,30.1103,CAM_DROP_PHY,30099,5,4.0,30.1103,drop_decision_no_action,-1,-1,-1,veh4,0.0,False
31303,30.1211,CPM_DROP_PHY,30106,12,4.0,30.1211,drop_decision_no_action,-1,-1,-1,veh4,0.0,False
31355,30.1563,CAM_DROP_PHY,30155,7,4.0,30.1563,drop_decision_no_action,-1,-1,-1,veh4,0.0,False
31361,30.1646,CAM_DROP_PHY,30156,11,4.0,30.1646,drop_decision_no_action,-1,-1,-1,veh4,0.0,False
31376,30.1818,CAM_DROP_PHY,30169,10,4.0,30.1818,drop_decision_no_action,-1,-1,-1,veh4,0.0,False
31378,30.1891,CAM_DROP_PHY,30170,9,4.0,30.1891,drop_decision_no_action,-1,-1,-1,veh4,0.0,False
31404,30.2011,CAM_DROP_PHY,30190,12,4.0,30.2011,drop_decision_no_action,-1,-1,-1,veh4,0.0,False
31447,30.2361,CAM_DROP_PHY,30234,6,4.0,30.2361,drop_decision_no_action,-1,-1,-1,veh4,0.0,False
31469,30.2646,CAM_DROP_PHY,30256,11,4.0,30.2646,drop_decision_no_action,-1,-1,-1,veh4,0.0,False
31479,30.2818,CAM_DROP_PHY,30269,10,4.0,30.2818,drop_decision_no_action,-1,-1,-1,veh4,0.0,False
31495,30.2963,CAM_DROP_PHY,30284,8,4.0,30.2963,drop_decision_no_action,-1,-1,-1,veh4,0.0,False
31515,30.2988,CPM_DROP_PHY,30296,3,4.0,30.2988,drop_decision_no_action,-1,-1,-1,veh4,0.0,False
31508,30.3011,CAM_DROP_PHY,30290,12,4.0,30.3011,drop_decision_no_action,-1,-1,-1,veh4,0.0,False
31558,30.3446,CPM_DROP_PHY,30333,11,4.0,30.3446,drop_decision_no_action,-1,-1,-1,veh4,0.0,False
31581,30.3646,CAM_DROP_PHY,30356,11,4.0,30.3646,drop_decision_no_action,-1,-1,-1,veh4,0.0,False
31574,30.3671,CAM_DROP_PHY,30355,7,4.0,30.3671,drop_decision_no_action,-1,-1,-1,veh4,0.0,False
31598,30.3818,CAM_DROP_PHY,30369,10,4.0,30.3818,drop_decision_no_action,-1,-1,-1,veh4,0.0,False
31600,30.3881,CAM_DROP_PHY,30370,9,4.0,30.3881,drop_decision_no_action,-1,-1,-1,veh4,0.0,False
31627,30.4011,CAM_DROP_PHY,30390,12,4.0,30.4011,drop_decision_no_action,-1,-1,-1,veh4,0.0,False
31669,30.4361,CAM_DROP_PHY,30434,6,4.0,30.4361,drop_decision_no_action,-1,-1,-1,veh4,0.0,False
31691,30.4646,CAM_DROP_PHY,30456,11,4.0,30.4646,drop_decision_no_action,-1,-1,-1,veh4,0.0,False
31713,30.4963,CAM_DROP_PHY,30484,8,4.0,30.4963,drop_decision_no_action,-1,-1,-1,veh4,0.0,False
31719,30.5011,CAM_DROP_PHY,30490,12,4.0,30.5011,drop_decision_no_action,-1,-1,-1,veh4,0.0,False
31776,30.5563,CAM_DROP_PHY,30555,7,4.0,30.5563,drop_decision_no_action,-1,-1,-1,veh4,0.0,False
31792,30.5818,CAM_DROP_PHY,30569,10,4.0,30.5818,drop_decision_no_action,-1,-1,-1,veh4,0.0,False
31794,30.5881,CAM_DROP_PHY,30570,9,4.0,30.5881,drop_decision_no_action,-1,-1,-1,veh4,0.0,False
31823,30.5988,CPM_DROP_PHY,30596,3,4.0,30.5988,drop_decision_no_action,-1,-1,-1,veh4,0.0,False
31852,30.6361,CAM_DROP_PHY,30634,6,4.0,30.6361,drop_decision_no_action,-1,-1,-1,veh4,0.0,False
31850,30.6363,CPM_DROP_PHY,30630,7,4.0,30.6363,drop_decision_no_action,-1,-1,-1,veh4,0.0,False
31882,30.6646,CAM_DROP_PHY,30656,11,4.0,30.6646,drop_decision_no_action,-1,-1,-1,veh4,0.0,False
31878,30.6703,CPM_DROP_PHY,30651,5,4.0,30.6703,drop_decision_no_action,-1,-1,-1,veh4,0.0,False
31913,30.6881,CPM_DROP_PHY,30686,9,4.0,30.6881,drop_decision_no_action,-1,-1,-1,veh4,0.0,False
31910,30.6963,CAM_DROP_PHY,30684,8,4.0,30.6963,drop_decision_no_action,-1,-1,-1,veh4,0.0,False
31921,30.7011,CAM_DROP_PHY,30690,12,4.0,30.7011,drop_decision_no_action,-1,-1,-1,veh4,0.0,False
31957,30.7263,CAM_DROP_PHY,30723,2,4.0,30.7263,drop_decision_no_action,-1,-1,-1,veh4,0.0,False
31984,30.7706,CAM_DROP_PHY,30755,7,4.0,30.7706,drop_decision_no_action,-1,-1,-1,veh4,0.0,False
31988,30.7788,CAM_DROP_PHY,30763,3,4.0,30.7788,drop_decision_no_action,-1,-1,-1,veh4,0.0,False
31992,30.7818,CAM_DROP_PHY,30769,10,4.0,30.7818,drop_decision_no_action,-1,-1,-1,veh4,0.0,False
31995,30.7881,CAM_DROP_PHY,30770,9,4.0,30.7881,drop_decision_no_action,-1,-1,-1,veh4,0.0,False
32059,30.8361,CAM_DROP_PHY,30834,6,4.0,30.8361,drop_decision_no_action,-1,-1,-1,veh4,0.0,False
32078,30.8618,CPM_DROP_PHY,30852,10,4.0,30.8618,drop_decision_no_action,-1,-1,-1,veh4,0.0,False
32081,30.8646,CAM_DROP_PHY,30856,11,4.0,30.8646,drop_decision_no_action,-1,-1,-1,veh4,0.0,False
32110,30.8963,CAM_DROP_PHY,30884,8,4.0,30.8963,drop_decision_no_action,-1,-1,-1,veh4,0.0,False
32122,30.8988,CPM_DROP_PHY,30896,3,4.0,30.8988,drop_decision_no_action,-1,-1,-1,veh4,0.0,False
32117,30.9111,CAM_DROP_PHY,30890,12,4.0,30.9111,drop_decision_no_action,-1,-1,-1,veh4,0.0,False
32174,30.9706,CAM_DROP_PHY,30955,7,4.0,30.9706,drop_decision_no_action,-1,-1,-1,veh4,0.0,False
32181,30.9818,CAM_DROP_PHY,30969,10,4.0,30.9818,drop_decision_no_action,-1,-1,-1,veh4,0.0,False
32184,30.9881,CAM_DROP_PHY,30970,9,4.0,30.9881,drop_decision_no_action,-1,-1,-1,veh4,0.0,False
32240,31.0361,CPM_DROP_PHY,31015,6,4.0,31.0361,drop_decision_no_action,-1,-1,-1,veh4,0.0,False
32240,31.0361,CAM_DROP_PHY,31034,6,4.0,31.0361,drop_decision_no_action,-1,-1,-1,veh4,0.0,False
32271,31.0601,CAM_DROP_PHY,31056,11,4.0,31.0601,drop_decision_no_action,-1,-1,-1,veh4,0.0,False
32291,31.0961,CPM_DROP_PHY,31079,8,4.0,31.0961,drop_decision_no_action,-1,-1,-1,veh4,0.0,False
32291,31.0961,CAM_DROP_PHY,31084,8,4.0,31.0961,drop_decision_no_action,-1,-1,-1,veh4,0.0,False
32302,31.1063,CPM_DROP_PHY,31095,2,4.0,31.1063,drop_decision_no_action,-1,-1,-1,veh4,0.0,False
32308,31.1103,CAM_DROP_PHY,31099,5,4.0,31.1103,drop_decision_no_action,-1,-1,-1,veh4,0.0,False
32301,31.1248,CAM_DROP_PHY,31090,12,4.0,31.1248,drop_decision_no_action,-1,-1,-1,veh4,0.0,False
32301,31.1248,CPM_DROP_PHY,31106,12,4.0,31.1248,drop_decision_no_action,-1,-1,-1,veh4,0.0,False
32368,31.1706,CAM_DROP_PHY,31155,7,4.0,31.1706,drop_decision_no_action,-1,-1,-1,veh4,0.0,False
32374,31.1818,CAM_DROP_PHY,31169,10,4.0,31.1818,drop_decision_no_action,-1,-1,-1,veh4,0.0,False
32377,31.1878,CAM_DROP_PHY,31170,9,4.0,31.1878,drop_decision_no_action,-1,-1,-1,veh4,0.0,False
32435,31.2361,CAM_DROP_PHY,31234,6,4.0,31.2361,drop_decision_no_action,-1,-1,-1,veh4,0.0,False
32456,31.2601,CAM_DROP_PHY,31256,11,4.0,31.2601,drop_decision_no_action,-1,-1,-1,veh4,0.0,False
32477,31.2961,CAM_DROP_PHY,31284,8,4.0,31.2961,drop_decision_no_action,-1,-1,-1,veh4,0.0,False
32489,31.3111,CAM_DROP_PHY,31290,12,4.0,31.3111,drop_decision_no_action,-1,-1,-1,veh4,0.0,False
32539,31.3401,CPM_DROP_PHY,31333,11,4.0,31.3401,drop_decision_no_action,-1,-1,-1,veh4,0.0,False
32558,31.3706,CAM_DROP_PHY,31355,7,4.0,31.3706,drop_decision_no_action,-1,-1,-1,veh4,0.0,False
32564,31.3711,CAM_DROP_PHY,31369,10,4.0,31.3711,drop_decision_no_action,-1,-1,-1,veh4,0.0,False
32567,31.3878,CAM_DROP_PHY,31370,9,4.0,31.3878,drop_decision_no_action,-1,-1,-1,veh4,0.0,False
32599,31.4111,CAM_DROP_PHY,31390,12,4.0,31.4111,drop_decision_no_action,-1,-1,-1,veh4,0.0,False
32642,31.4538,CAM_DROP_PHY,31434,6,4.0,31.4538,drop_decision_no_action,-1,-1,-1,veh4,0.0,False
32658,31.4601,CAM_DROP_PHY,31456,11,4.0,31.4601,drop_decision_no_action,-1,-1,-1,veh4,0.0,False
32684,31.4961,CAM_DROP_PHY,31484,8,4.0,31.4961,drop_decision_no_action,-1,-1,-1,veh4,0.0,False
32691,31.5111,CAM_DROP_PHY,31490,12,4.0,31.5111,drop_decision_no_action,-1,-1,-1,veh4,0.0,False
32742,31.5601,CAM_DROP_PHY,31556,11,4.0,31.5601,drop_decision_no_action,-1,-1,-1,veh4,0.0,False
32741,31.5706,CAM_DROP_PHY,31555,7,4.0,31.5706,drop_decision_no_action,-1,-1,-1,veh4,0.0,False
32751,31.5711,CAM_DROP_PHY,31569,10,4.0,31.5711,drop_decision_no_action,-1,-1,-1,veh4,0.0,False
32754,31.5878,CAM_DROP_PHY,31570,9,4.0,31.5878,drop_decision_no_action,-1,-1,-1,veh4,0.0,False
32788,31.5918,CAM_DROP_PHY,31590,12,4.0,31.5918,drop_decision_no_action,-1,-1,-1,veh4,0.0,False
32820,31.6306,CPM_DROP_PHY,31630,7,4.0,31.6306,drop_decision_no_action,-1,-1,-1,veh4,0.0,False
32828,31.6538,CAM_DROP_PHY,31634,6,4.0,31.6538,drop_decision_no_action,-1,-1,-1,veh4,0.0,False
32850,31.6601,CAM_DROP_PHY,31656,11,4.0,31.6601,drop_decision_no_action,-1,-1,-1,veh4,0.0,False
32842,31.6701,CPM_DROP_PHY,31651,5,4.0,31.6701,drop_decision_no_action,-1,-1,-1,veh4,0.0,False
32884,31.6878,CPM_DROP_PHY,31686,9,4.0,31.6878,drop_decision_no_action,-1,-1,-1,veh4,0.0,False
32892,31.6918,CAM_DROP_PHY,31690,12,4.0,31.6918,drop_decision_no_action,-1,-1,-1,veh4,0.0,False
32882,31.6961,CAM_DROP_PHY,31684,8,4.0,31.6961,drop_decision_no_action,-1,-1,-1,veh4,0.0,False
32929,31.7386,CAM_DROP_PHY,31723,2,4.0,31.7386,drop_decision_no_action,-1,-1,-1,veh4,0.0,False
32957,31.7601,CAM_DROP_PHY,31756,11,4.0,31.7601,drop_decision_no_action,-1,-1,-1,veh4,0.0,False
32955,31.7706,CAM_DROP_PHY,31755,7,4.0,31.7706,drop_decision_no_action,-1,-1,-1,veh4,0.0,False
32967,31.7711,CAM_DROP_PHY,31769,10,4.0,31.7711,drop_decision_no_action,-1,-1,-1,veh4,0.0,False
32964,31.7838,CAM_DROP_PHY,31763,3,4.0,31.7838,drop_decision_no_action,-1,-1,-1,veh4,0.0,False
32969,31.7878,CAM_DROP_PHY,31770,9,4.0,31.7878,drop_decision_no_action,-1,-1,-1,veh4,0.0,False
33006,31.7918,CAM_DROP_PHY,31790,12,4.0,31.7918,drop_decision_no_action,-1,-1,-1,veh4,0.0,False
33054,31.8538,CAM_DROP_PHY,31834,6,4.0,31.8538,drop_decision_no_action,-1,-1,-1,veh4,0.0,False
33072,31.8623,CAM_DROP_PHY,31856,11,4.0,31.8623,drop_decision_no_action,-1,-1,-1,veh4,0.0,False
33065,31.8711,CPM_DROP_PHY,31852,10,4.0,31.8711,drop_decision_no_action,-1,-1,-1,veh4,0.0,False
33104,31.8961,CAM_DROP_PHY,31884,8,4.0,31.8961,drop_decision_no_action,-1,-1,-1,veh4,0.0,False
33116,31.9038,CPM_DROP_PHY,31896,3,4.0,31.9038,drop_decision_no_action,-1,-1,-1,veh4,0.0,False
33163,31.9623,CAM_DROP_PHY,31956,11,4.0,31.9623,drop_decision_no_action,-1,-1,-1,veh4,0.0,False
33162,31.9706,CAM_DROP_PHY,31955,7,4.0,31.9706,drop_decision_no_action,-1,-1,-1,veh4,0.0,False
33172,31.9711,CAM_DROP_PHY,31969,10,4.0,31.9711,drop_decision_no_action,-1,-1,-1,veh4,0.0,False
33174,31.9878,CAM_DROP_PHY,31970,9,4.0,31.9878,drop_decision_no_action,-1,-1,-1,veh4,0.0,False
33208,31.9918,CAM_DROP_PHY,31990,12,4.0,31.9918,drop_decision_no_action,-1,-1,-1,veh4,0.0,False
33219,32.0038,CPM_DROP_PHY,31996,3,4.0,32.0038,drop_decision_no_action,-1,-1,-1,veh4,0.0,False
33240,32.0338,CPM_DROP_PHY,32015,6,4.0,32.0338,drop_decision_no_action,-1,-1,-1,veh4,0.0,False
33255,32.0538,CAM_DROP_PHY,32034,6,4.0,32.0538,drop_decision_no_action,-1,-1,-1,veh4,0.0,False
33277,32.0623,CAM_DROP_PHY,32056,11,4.0,32.0623,drop_decision_no_action,-1,-1,-1,veh4,0.0,False
33301,32.0961,CPM_DROP_PHY,32079,8,4.0,32.0961,drop_decision_no_action,-1,-1,-1,veh4,0.0,False
33301,32.0961,CAM_DROP_PHY,32084,8,4.0,32.0961,drop_decision_no_action,-1,-1,-1,veh4,0.0,False
33311,32.0986,CPM_DROP_PHY,32095,2,4.0,32.0986,drop_decision_no_action,-1,-1,-1,veh4,0.0,False
33319,32.1081,CAM_DROP_PHY,32099,5,4.0,32.1081,drop_decision_no_action,-1,-1,-1,veh4,0.0,False
33326,32.1118,CPM_DROP_PHY,32106,12,4.0,32.1118,drop_decision_no_action,-1,-1,-1,veh4,0.0,False
33385,32.1666,CAM_DROP_PHY,32155,7,4.0,32.1666,drop_decision_no_action,-1,-1,-1,veh4,0.0,False
33394,32.1711,CAM_DROP_PHY,32169,10,4.0,32.1711,drop_decision_no_action,-1,-1,-1,veh4,0.0,False
33396,32.1873,CAM_DROP_PHY,32170,9,4.0,32.1873,drop_decision_no_action,-1,-1,-1,veh4,0.0,False
33423,32.1918,CAM_DROP_PHY,32190,12,4.0,32.1918,drop_decision_no_action,-1,-1,-1,veh4,0.0,False
33432,32.2038,CPM_DROP_PHY,32196,3,4.0,32.2038,drop_decision_no_action,-1,-1,-1,veh4,0.0,False
33467,32.2538,CAM_DROP_PHY,32234,6,4.0,32.2538,drop_decision_no_action,-1,-1,-1,veh4,0.0,False
33484,32.2623,CAM_DROP_PHY,32256,11,4.0,32.2623,drop_decision_no_action,-1,-1,-1,veh4,0.0,False
33510,32.2953,CAM_DROP_PHY,32284,8,4.0,32.2953,drop_decision_no_action,-1,-1,-1,veh4,0.0,False
33554,32.3423,CPM_DROP_PHY,32333,11,4.0,32.3423,drop_decision_no_action,-1,-1,-1,veh4,0.0,False
33575,32.3666,CAM_DROP_PHY,32355,7,4.0,32.3666,drop_decision_no_action,-1,-1,-1,veh4,0.0,False
33584,32.3711,CAM_DROP_PHY,32369,10,4.0,32.3711,drop_decision_no_action,-1,-1,-1,veh4,0.0,False
33586,32.3873,CAM_DROP_PHY,32370,9,4.0,32.3873,drop_decision_no_action,-1,-1,-1,veh4,0.0,False
33613,32.3918,CAM_DROP_PHY,32390,12,4.0,32.3918,drop_decision_no_action,-1,-1,-1,veh4,0.0,False
33657,32.4533,CAM_DROP_PHY,32434,6,4.0,32.4533,drop_decision_no_action,-1,-1,-1,veh4,0.0,False
33674,32.4581,CAM_DROP_PHY,32456,11,4.0,32.4581,drop_decision_no_action,-1,-1,-1,veh4,0.0,False
33700,32.4953,CAM_DROP_PHY,32484,8,4.0,32.4953,drop_decision_no_action,-1,-1,-1,veh4,0.0,False
33749,32.5666,CAM_DROP_PHY,32555,7,4.0,32.5666,drop_decision_no_action,-1,-1,-1,veh4,0.0,False
33761,32.5873,CAM_DROP_PHY,32570,9,4.0,32.5873,drop_decision_no_action,-1,-1,-1,veh4,0.0,False
33759,32.5891,CAM_DROP_PHY,32569,10,4.0,32.5891,drop_decision_no_action,-1,-1,-1,veh4,0.0,False
33782,32.5918,CAM_DROP_PHY,32590,12,4.0,32.5918,drop_decision_no_action,-1,-1,-1,veh4,0.0,False
33821,32.6466,CPM_DROP_PHY,32630,7,4.0,32.6466,drop_decision_no_action,-1,-1,-1,veh4,0.0,False
33825,32.6533,CAM_DROP_PHY,32634,6,4.0,32.6533,drop_decision_no_action,-1,-1,-1,veh4,0.0,False
33846,32.6581,CAM_DROP_PHY,32656,11,4.0,32.6581,drop_decision_no_action,-1,-1,-1,veh4,0.0,False
33837,32.6681,CPM_DROP_PHY,32651,5,4.0,32.6681,drop_decision_no_action,-1,-1,-1,veh4,0.0,False
33883,32.6873,CPM_DROP_PHY,32686,9,4.0,32.6873,drop_decision_no_action,-1,-1,-1,veh4,0.0,False
33882,32.6953,CAM_DROP_PHY,32684,8,4.0,32.6953,drop_decision_no_action,-1,-1,-1,veh4,0.0,False
33920,32.7386,CAM_DROP_PHY,32723,2,4.0,32.7386,drop_decision_no_action,-1,-1,-1,veh4,0.0,False
33947,32.7666,CAM_DROP_PHY,32755,7,4.0,32.7666,drop_decision_no_action,-1,-1,-1,veh4,0.0,False
33951,32.7836,CAM_DROP_PHY,32763,3,4.0,32.7836,drop_decision_no_action,-1,-1,-1,veh4,0.0,False
33960,32.7873,CAM_DROP_PHY,32770,9,4.0,32.7873,drop_decision_no_action,-1,-1,-1,veh4,0.0,False
33958,32.7891,CAM_DROP_PHY,32769,10,4.0,32.7891,drop_decision_no_action,-1,-1,-1,veh4,0.0,False
33985,32.7918,CAM_DROP_PHY,32790,12,4.0,32.7918,drop_decision_no_action,-1,-1,-1,veh4,0.0,False
34030,32.8533,CAM_DROP_PHY,32834,6,4.0,32.8533,drop_decision_no_action,-1,-1,-1,veh4,0.0,False
34047,32.8581,CAM_DROP_PHY,32856,11,4.0,32.8581,drop_decision_no_action,-1,-1,-1,veh4,0.0,False
34040,32.8691,CPM_DROP_PHY,32852,10,4.0,32.8691,drop_decision_no_action,-1,-1,-1,veh4,0.0,False
34085,32.8928,CAM_DROP_PHY,32890,12,4.0,32.8928,drop_decision_no_action,-1,-1,-1,veh4,0.0,False
34077,32.8953,CAM_DROP_PHY,32884,8,4.0,32.8953,drop_decision_no_action,-1,-1,-1,veh4,0.0,False
34095,32.9036,CPM_DROP_PHY,32896,3,4.0,32.9036,drop_decision_no_action,-1,-1,-1,veh4,0.0,False
34153,32.9666,CAM_DROP_PHY,32955,7,4.0,32.9666,drop_decision_no_action,-1,-1,-1,veh4,0.0,False
34165,32.9873,CAM_DROP_PHY,32970,9,4.0,32.9873,drop_decision_no_action,-1,-1,-1,veh4,0.0,False
34163,32.9891,CAM_DROP_PHY,32969,10,4.0,32.9891,drop_decision_no_action,-1,-1,-1,veh4,0.0,False
34186,32.9928,CAM_DROP_PHY,32990,12,4.0,32.9928,drop_decision_no_action,-1,-1,-1,veh4,0.0,False
34218,33.0333,CPM_DROP_PHY,33015,6,4.0,33.0333,drop_decision_no_action,-1,-1,-1,veh4,0.0,False
34231,33.0533,CAM_DROP_PHY,33034,6,4.0,33.0533,drop_decision_no_action,-1,-1,-1,veh4,0.0,False
34252,33.0581,CAM_DROP_PHY,33056,11,4.0,33.0581,drop_decision_no_action,-1,-1,-1,veh4,0.0,False
34284,33.0928,CAM_DROP_PHY,33090,12,4.0,33.0928,drop_decision_no_action,-1,-1,-1,veh4,0.0,False
34277,33.0953,CPM_DROP_PHY,33079,8,4.0,33.0953,drop_decision_no_action,-1,-1,-1,veh4,0.0,False
34277,33.0953,CAM_DROP_PHY,33084,8,4.0,33.0953,drop_decision_no_action,-1,-1,-1,veh4,0.0,False
34294,33.0998,CPM_DROP_PHY,33095,2,4.0,33.0998,drop_decision_no_action,-1,-1,-1,veh4,0.0,False
34300,33.1033,CAM_DROP_PHY,33099,5,4.0,33.1033,drop_decision_no_action,-1,-1,-1,veh4,0.0,False
34315,33.1128,CPM_DROP_PHY,33106,12,4.0,33.1128,drop_decision_no_action,-1,-1,-1,veh4,0.0,False
34360,33.1653,CAM_DROP_PHY,33155,7,4.0,33.1653,drop_decision_no_action,-1,-1,-1,veh4,0.0,False
34370,33.1706,CAM_DROP_PHY,33169,10,4.0,33.1706,drop_decision_no_action,-1,-1,-1,veh4,0.0,False
34372,33.1871,CAM_DROP_PHY,33170,9,4.0,33.1871,drop_decision_no_action,-1,-1,-1,veh4,0.0,False
34397,33.1928,CAM_DROP_PHY,33190,12,4.0,33.1928,drop_decision_no_action,-1,-1,-1,veh4,0.0,False
34443,33.2533,CAM_DROP_PHY,33234,6,4.0,33.2533,drop_decision_no_action,-1,-1,-1,veh4,0.0,False
34459,33.2581,CAM_DROP_PHY,33256,11,4.0,33.2581,drop_decision_no_action,-1,-1,-1,veh4,0.0,False
34491,33.2928,CAM_DROP_PHY,33290,12,4.0,33.2928,drop_decision_no_action,-1,-1,-1,veh4,0.0,False
34486,33.2953,CAM_DROP_PHY,33284,8,4.0,33.2953,drop_decision_no_action,-1,-1,-1,veh4,0.0,False
34546,33.3381,CPM_DROP_PHY,33333,11,4.0,33.3381,drop_decision_no_action,-1,-1,-1,veh4,0.0,False
34566,33.3653,CAM_DROP_PHY,33355,7,4.0,33.3653,drop_decision_no_action,-1,-1,-1,veh4,0.0,False
34577,33.3706,CAM_DROP_PHY,33369,10,4.0,33.3706,drop_decision_no_action,-1,-1,-1,veh4,0.0,False
34579,33.3871,CAM_DROP_PHY,33370,9,4.0,33.3871,drop_decision_no_action,-1,-1,-1,veh4,0.0,False
34604,33.3928,CAM_DROP_PHY,33390,12,4.0,33.3928,drop_decision_no_action,-1,-1,-1,veh4,0.0,False
34649,33.4533,CAM_DROP_PHY,33434,6,4.0,33.4533,drop_decision_no_action,-1,-1,-1,veh4,0.0,False
34665,33.4581,CAM_DROP_PHY,33456,11,4.0,33.4581,drop_decision_no_action,-1,-1,-1,veh4,0.0,False
34692,33.4953,CAM_DROP_PHY,33484,8,4.0,33.4953,drop_decision_no_action,-1,-1,-1,veh4,0.0,False
34702,33.5036,CPM_DROP_PHY,33496,3,4.0,33.5036,drop_decision_no_action,-1,-1,-1,veh4,0.0,False
34748,33.5653,CAM_DROP_PHY,33555,7,4.0,33.5653,drop_decision_no_action,-1,-1,-1,veh4,0.0,False
34760,33.5706,CAM_DROP_PHY,33569,10,4.0,33.5706,drop_decision_no_action,-1,-1,-1,veh4,0.0,False
34762,33.5871,CAM_DROP_PHY,33570,9,4.0,33.5871,drop_decision_no_action,-1,-1,-1,veh4,0.0,False
34787,33.6073,CAM_DROP_PHY,33590,12,4.0,33.6073,drop_decision_no_action,-1,-1,-1,veh4,0.0,False
34821,33.6453,CPM_DROP_PHY,33630,7,4.0,33.6453,drop_decision_no_action,-1,-1,-1,veh4,0.0,False
34825,33.6533,CAM_DROP_PHY,33634,6,4.0,33.6533,drop_decision_no_action,-1,-1,-1,veh4,0.0,False
34840,33.6633,CPM_DROP_PHY,33651,5,4.0,33.6633,drop_decision_no_action,-1,-1,-1,veh4,0.0,False
34848,33.6708,CAM_DROP_PHY,33656,11,4.0,33.6708,drop_decision_no_action,-1,-1,-1,veh4,0.0,False
34883,33.6871,CPM_DROP_PHY,33686,9,4.0,33.6871,drop_decision_no_action,-1,-1,-1,veh4,0.0,False
34879,33.7078,CAM_DROP_PHY,33684,8,4.0,33.7078,drop_decision_no_action,-1,-1,-1,veh4,0.0,False
34920,33.7398,CAM_DROP_PHY,33723,2,4.0,33.7398,drop_decision_no_action,-1,-1,-1,veh4,0.0,False
34947,33.7653,CAM_DROP_PHY,33755,7,4.0,33.7653,drop_decision_no_action,-1,-1,-1,veh4,0.0,False
34952,33.7801,CAM_DROP_PHY,33763,3,4.0,33.7801,drop_decision_no_action,-1,-1,-1,veh4,0.0,False
34960,33.7831,CAM_DROP_PHY,33769,10,4.0,33.7831,drop_decision_no_action,-1,-1,-1,veh4,0.0,False
34962,33.7871,CAM_DROP_PHY,33770,9,4.0,33.7871,drop_decision_no_action,-1,-1,-1,veh4,0.0,False
34991,33.8073,CAM_DROP_PHY,33790,12,4.0,33.8073,drop_decision_no_action,-1,-1,-1,veh4,0.0,False
35031,33.8533,CAM_DROP_PHY,33834,6,4.0,33.8533,drop_decision_no_action,-1,-1,-1,veh4,0.0,False
35042,33.8631,CPM_DROP_PHY,33852,10,4.0,33.8631,drop_decision_no_action,-1,-1,-1,veh4,0.0,False
35047,33.8708,CAM_DROP_PHY,33856,11,4.0,33.8708,drop_decision_no_action,-1,-1,-1,veh4,0.0,False
35078,33.8921,CAM_DROP_PHY,33884,8,4.0,33.8921,drop_decision_no_action,-1,-1,-1,veh4,0.0,False
35091,33.9001,CPM_DROP_PHY,33896,3,4.0,33.9001,drop_decision_no_action,-1,-1,-1,veh4,0.0,False
35136,33.9653,CAM_DROP_PHY,33955,7,4.0,33.9653,drop_decision_no_action,-1,-1,-1,veh4,0.0,False
35148,33.9831,CAM_DROP_PHY,33969,10,4.0,33.9831,drop_decision_no_action,-1,-1,-1,veh4,0.0,False
35150,33.9871,CAM_DROP_PHY,33970,9,4.0,33.9871,drop_decision_no_action,-1,-1,-1,veh4,0.0,False
35172,34.0073,CAM_DROP_PHY,33990,12,4.0,34.0073,drop_decision_no_action,-1,-1,-1,veh4,0.0,False
35197,34.0163,CPM_DROP_PHY,34015,6,4.0,34.0163,drop_decision_no_action,-1,-1,-1,veh4,0.0,False
35221,34.0363,CAM_DROP_PHY,34034,6,4.0,34.0363,drop_decision_no_action,-1,-1,-1,veh4,0.0,False
35241,34.0708,CAM_DROP_PHY,34056,11,4.0,34.0708,drop_decision_no_action,-1,-1,-1,veh4,0.0,False
35255,34.0921,CPM_DROP_PHY,34079,8,4.0,34.0921,drop_decision_no_action,-1,-1,-1,veh4,0.0,False
35255,34.0921,CAM_DROP_PHY,34084,8,4.0,34.0921,drop_decision_no_action,-1,-1,-1,veh4,0.0,False
35278,34.1033,CAM_DROP_PHY,34099,5,4.0,34.1033,drop_decision_no_action,-1,-1,-1,veh4,0.0,False
35289,34.1073,CPM_DROP_PHY,34106,12,4.0,34.1073,drop_decision_no_action,-1,-1,-1,veh4,0.0,False
35274,34.1121,CPM_DROP_PHY,34095,2,4.0,34.1121,drop_decision_no_action,-1,-1,-1,veh4,0.0,False
35336,34.1653,CAM_DROP_PHY,34155,7,4.0,34.1653,drop_decision_no_action,-1,-1,-1,veh4,0.0,False
35347,34.1831,CAM_DROP_PHY,34169,10,4.0,34.1831,drop_decision_no_action,-1,-1,-1,veh4,0.0,False
35349,34.1871,CAM_DROP_PHY,34170,9,4.0,34.1871,drop_decision_no_action,-1,-1,-1,veh4,0.0,False
35371,34.2073,CAM_DROP_PHY,34190,12,4.0,34.2073,drop_decision_no_action,-1,-1,-1,veh4,0.0,False
35412,34.2363,CAM_DROP_PHY,34234,6,4.0,34.2363,drop_decision_no_action,-1,-1,-1,veh4,0.0,False
35432,34.2708,CAM_DROP_PHY,34256,11,4.0,34.2708,drop_decision_no_action,-1,-1,-1,veh4,0.0,False
35452,34.2921,CAM_DROP_PHY,34284,8,4.0,34.2921,drop_decision_no_action,-1,-1,-1,veh4,0.0,False
35506,34.3508,CPM_DROP_PHY,34333,11,4.0,34.3508,drop_decision_no_action,-1,-1,-1,veh4,0.0,False
35520,34.3713,CAM_DROP_PHY,34355,7,4.0,34.3713,drop_decision_no_action,-1,-1,-1,veh4,0.0,False
35538,34.3766,CAM_DROP_PHY,34370,9,4.0,34.3766,drop_decision_no_action,-1,-1,-1,veh4,0.0,False
35537,34.3831,CAM_DROP_PHY,34369,10,4.0,34.3831,drop_decision_no_action,-1,-1,-1,veh4,0.0,False
35573,34.4001,CPM_DROP_PHY,34396,3,4.0,34.4001,drop_decision_no_action,-1,-1,-1,veh4,0.0,False
35565,34.4073,CAM_DROP_PHY,34390,12,4.0,34.4073,drop_decision_no_action,-1,-1,-1,veh4,0.0,False
35617,34.4363,CAM_DROP_PHY,34434,6,4.0,34.4363,drop_decision_no_action,-1,-1,-1,veh4,0.0,False
35638,34.4708,CAM_DROP_PHY,34456,11,4.0,34.4708,drop_decision_no_action,-1,-1,-1,veh4,0.0,False
35658,34.4921,CAM_DROP_PHY,34484,8,4.0,34.4921,drop_decision_no_action,-1,-1,-1,veh4,0.0,False
35716,34.5613,CAM_DROP_PHY,34555,7,4.0,34.5613,drop_decision_no_action,-1,-1,-1,veh4,0.0,False
35729,34.5766,CAM_DROP_PHY,34570,9,4.0,34.5766,drop_decision_no_action,-1,-1,-1,veh4,0.0,False
35728,34.5801,CAM_DROP_PHY,34569,10,4.0,34.5801,drop_decision_no_action,-1,-1,-1,veh4,0.0,False
35755,34.6033,CAM_DROP_PHY,34590,12,4.0,34.6033,drop_decision_no_action,-1,-1,-1,veh4,0.0,False
35788,34.6413,CPM_DROP_PHY,34630,7,4.0,34.6413,drop_decision_no_action,-1,-1,-1,veh4,0.0,False
35792,34.6486,CAM_DROP_PHY,34634,6,4.0,34.6486,drop_decision_no_action,-1,-1,-1,veh4,0.0,False
35810,34.6611,CPM_DROP_PHY,34651,5,4.0,34.6611,drop_decision_no_action,-1,-1,-1,veh4,0.0,False
35819,34.6758,CAM_DROP_PHY,34656,11,4.0,34.6758,drop_decision_no_action,-1,-1,-1,veh4,0.0,False
35852,34.6921,CAM_DROP_PHY,34684,8,4.0,34.6921,drop_decision_no_action,-1,-1,-1,veh4,0.0,False
35853,34.7018,CPM_DROP_PHY,34686,9,4.0,34.7018,drop_decision_no_action,-1,-1,-1,veh4,0.0,False
35890,34.7321,CAM_DROP_PHY,34723,2,4.0,34.7321,drop_decision_no_action,-1,-1,-1,veh4,0.0,False
35914,34.7613,CAM_DROP_PHY,34755,7,4.0,34.7613,drop_decision_no_action,-1,-1,-1,veh4,0.0,False
35928,34.7766,CAM_DROP_PHY,34770,9,4.0,34.7766,drop_decision_no_action,-1,-1,-1,veh4,0.0,False
35923,34.7801,CAM_DROP_PHY,34763,3,4.0,34.7801,drop_decision_no_action,-1,-1,-1,veh4,0.0,False
35927,34.7801,CAM_DROP_PHY,34769,10,4.0,34.7801,drop_decision_no_action,-1,-1,-1,veh4,0.0,False
35961,34.8033,CAM_DROP_PHY,34790,12,4.0,34.8033,drop_decision_no_action,-1,-1,-1,veh4,0.0,False
36005,34.8486,CAM_DROP_PHY,34834,6,4.0,34.8486,drop_decision_no_action,-1,-1,-1,veh4,0.0,False
36020,34.8601,CPM_DROP_PHY,34852,10,4.0,34.8601,drop_decision_no_action,-1,-1,-1,veh4,0.0,False
36026,34.8758,CAM_DROP_PHY,34856,11,4.0,34.8758,drop_decision_no_action,-1,-1,-1,veh4,0.0,False
36058,34.8871,CAM_DROP_PHY,34884,8,4.0,34.8871,drop_decision_no_action,-1,-1,-1,veh4,0.0,False
36069,34.9133,CPM_DROP_PHY,34896,3,4.0,34.9133,drop_decision_no_action,-1,-1,-1,veh4,0.0,False
36113,34.9581,CAM_DROP_PHY,34955,7,4.0,34.9581,drop_decision_no_action,-1,-1,-1,veh4,0.0,False
36131,34.9766,CAM_DROP_PHY,34970,9,4.0,34.9766,drop_decision_no_action,-1,-1,-1,veh4,0.0,False
36130,34.9931,CAM_DROP_PHY,34969,10,4.0,34.9931,drop_decision_no_action,-1,-1,-1,veh4,0.0,False
36154,35.0033,CAM_DROP_PHY,34990,12,4.0,35.0033,drop_decision_no_action,-1,-1,-1,veh4,0.0,False
36177,35.0286,CPM_DROP_PHY,35015,6,4.0,35.0286,drop_decision_no_action,-1,-1,-1,veh4,0.0,False
36196,35.0486,CAM_DROP_PHY,35034,6,4.0,35.0486,drop_decision_no_action,-1,-1,-1,veh4,0.0,False
36216,35.0758,CAM_DROP_PHY,35056,11,4.0,35.0758,drop_decision_no_action,-1,-1,-1,veh4,0.0,False
36236,35.0871,CPM_DROP_PHY,35079,8,4.0,35.0871,drop_decision_no_action,-1,-1,-1,veh4,0.0,False
36236,35.0871,CAM_DROP_PHY,35084,8,4.0,35.0871,drop_decision_no_action,-1,-1,-1,veh4,0.0,False
36257,35.1048,CAM_DROP_PHY,35099,5,4.0,35.1048,drop_decision_no_action,-1,-1,-1,veh4,0.0,False
36252,35.1071,CPM_DROP_PHY,35095,2,4.0,35.1071,drop_decision_no_action,-1,-1,-1,veh4,0.0,False
36265,35.1233,CPM_DROP_PHY,35106,12,4.0,35.1233,drop_decision_no_action,-1,-1,-1,veh4,0.0,False
36313,35.1581,CAM_DROP_PHY,35155,7,4.0,35.1581,drop_decision_no_action,-1,-1,-1,veh4,0.0,False
36330,35.1801,CAM_DROP_PHY,35169,10,4.0,35.1801,drop_decision_no_action,-1,-1,-1,veh4,0.0,False
36331,35.1888,CAM_DROP_PHY,35170,9,4.0,35.1888,drop_decision_no_action,-1,-1,-1,veh4,0.0,False
36349,35.2033,CAM_DROP_PHY,35190,12,4.0,35.2033,drop_decision_no_action,-1,-1,-1,veh4,0.0,False
36388,35.2486,CAM_DROP_PHY,35234,6,4.0,35.2486,drop_decision_no_action,-1,-1,-1,veh4,0.0,False
36407,35.2758,CAM_DROP_PHY,35256,11,4.0,35.2758,drop_decision_no_action,-1,-1,-1,veh4,0.0,False
36430,35.2871,CAM_DROP_PHY,35284,8,4.0,35.2871,drop_decision_no_action,-1,-1,-1,veh4,0.0,False
36476,35.3446,CPM_DROP_PHY,35333,11,4.0,35.3446,drop_decision_no_action,-1,-1,-1,veh4,0.0,False
36477,35.3486,CAM_DROP_PHY,35334,6,4.0,35.3486,drop_decision_no_action,-1,-1,-1,veh4,0.0,False
36501,35.3581,CAM_DROP_PHY,35355,7,4.0,35.3581,drop_decision_no_action,-1,-1,-1,veh4,0.0,False
36521,35.3801,CAM_DROP_PHY,35369,10,4.0,35.3801,drop_decision_no_action,-1,-1,-1,veh4,0.0,False
36522,35.3888,CAM_DROP_PHY,35370,9,4.0,35.3888,drop_decision_no_action,-1,-1,-1,veh4,0.0,False
36540,35.4033,CAM_DROP_PHY,35390,12,4.0,35.4033,drop_decision_no_action,-1,-1,-1,veh4,0.0,False
36587,35.4486,CAM_DROP_PHY,35434,6,4.0,35.4486,drop_decision_no_action,-1,-1,-1,veh4,0.0,False
36605,35.4646,CAM_DROP_PHY,35456,11,4.0,35.4646,drop_decision_no_action,-1,-1,-1,veh4,0.0,False
36629,35.4871,CAM_DROP_PHY,35484,8,4.0,35.4871,drop_decision_no_action,-1,-1,-1,veh4,0.0,False
36666,35.5486,CAM_DROP_PHY,35534,6,4.0,35.5486,drop_decision_no_action,-1,-1,-1,veh4,0.0,False
36684,35.5581,CAM_DROP_PHY,35555,7,4.0,35.5581,drop_decision_no_action,-1,-1,-1,veh4,0.0,False
36703,35.5801,CAM_DROP_PHY,35569,10,4.0,35.5801,drop_decision_no_action,-1,-1,-1,veh4,0.0,False
36704,35.5888,CAM_DROP_PHY,35570,9,4.0,35.5888,drop_decision_no_action,-1,-1,-1,veh4,0.0,False
36722,35.6008,CAM_DROP_PHY,35590,12,4.0,35.6008,drop_decision_no_action,-1,-1,-1,veh4,0.0,False
36765,35.6313,CPM_DROP_PHY,35630,7,4.0,35.6313,drop_decision_no_action,-1,-1,-1,veh4,0.0,False
36774,35.6486,CAM_DROP_PHY,35634,6,4.0,35.6486,drop_decision_no_action,-1,-1,-1,veh4,0.0,False
36792,35.6593,CPM_DROP_PHY,35651,5,4.0,35.6593,drop_decision_no_action,-1,-1,-1,veh4,0.0,False
36798,35.6646,CAM_DROP_PHY,35656,11,4.0,35.6646,drop_decision_no_action,-1,-1,-1,veh4,0.0,False
36828,35.6871,CAM_DROP_PHY,35684,8,4.0,35.6871,drop_decision_no_action,-1,-1,-1,veh4,0.0,False
36830,35.6888,CPM_DROP_PHY,35686,9,4.0,35.6888,drop_decision_no_action,-1,-1,-1,veh4,0.0,False
36866,35.7271,CAM_DROP_PHY,35723,2,4.0,35.7271,drop_decision_no_action,-1,-1,-1,veh4,0.0,False
36876,35.7486,CAM_DROP_PHY,35734,6,4.0,35.7486,drop_decision_no_action,-1,-1,-1,veh4,0.0,False
36899,35.7713,CAM_DROP_PHY,35755,7,4.0,35.7713,drop_decision_no_action,-1,-1,-1,veh4,0.0,False
36904,35.7733,CAM_DROP_PHY,35763,3,4.0,35.7733,drop_decision_no_action,-1,-1,-1,veh4,0.0,False
36911,35.7811,CAM_DROP_PHY,35769,10,4.0,35.7811,drop_decision_no_action,-1,-1,-1,veh4,0.0,False
36912,35.7888,CAM_DROP_PHY,35770,9,4.0,35.7888,drop_decision_no_action,-1,-1,-1,veh4,0.0,False
36947,35.8008,CAM_DROP_PHY,35790,12,4.0,35.8008,drop_decision_no_action,-1,-1,-1,veh4,0.0,False
36984,35.8486,CAM_DROP_PHY,35834,6,4.0,35.8486,drop_decision_no_action,-1,-1,-1,veh4,0.0,False
36999,35.8611,CPM_DROP_PHY,35852,10,4.0,35.8611,drop_decision_no_action,-1,-1,-1,veh4,0.0,False
37004,35.8646,CAM_DROP_PHY,35856,11,4.0,35.8646,drop_decision_no_action,-1,-1,-1,veh4,0.0,False
37034,35.8871,CAM_DROP_PHY,35884,8,4.0,35.8871,drop_decision_no_action,-1,-1,-1,veh4,0.0,False
37047,35.9133,CPM_DROP_PHY,35896,3,4.0,35.9133,drop_decision_no_action,-1,-1,-1,veh4,0.0,False
37098,35.9713,CAM_DROP_PHY,35955,7,4.0,35.9713,drop_decision_no_action,-1,-1,-1,veh4,0.0,False
37108,35.9811,CAM_DROP_PHY,35969,10,4.0,35.9811,drop_decision_no_action,-1,-1,-1,veh4,0.0,False
37109,35.9888,CAM_DROP_PHY,35970,9,4.0,35.9888,drop_decision_no_action,-1,-1,-1,veh4,0.0,False
37137,36.0008,CAM_DROP_PHY,35990,12,4.0,36.0008,drop_decision_no_action,-1,-1,-1,veh4,0.0,False
37143,36.0076,CPM_DROP_PHY,35996,3,4.0,36.0076,drop_decision_no_action,-1,-1,-1,veh4,0.0,False
37167,36.0268,CPM_DROP_PHY,36015,6,4.0,36.0268,drop_decision_no_action,-1,-1,-1,veh4,0.0,False
37186,36.0468,CAM_DROP_PHY,36034,6,4.0,36.0468,drop_decision_no_action,-1,-1,-1,veh4,0.0,False
37207,36.0646,CAM_DROP_PHY,36056,11,4.0,36.0646,drop_decision_no_action,-1,-1,-1,veh4,0.0,False
37230,36.0863,CPM_DROP_PHY,36079,8,4.0,36.0863,drop_decision_no_action,-1,-1,-1,veh4,0.0,False
37230,36.0863,CAM_DROP_PHY,36084,8,4.0,36.0863,drop_decision_no_action,-1,-1,-1,veh4,0.0,False
37245,36.1048,CPM_DROP_PHY,36095,2,4.0,36.1048,drop_decision_no_action,-1,-1,-1,veh4,0.0,False
37248,36.1186,CAM_DROP_PHY,36099,5,4.0,36.1186,drop_decision_no_action,-1,-1,-1,veh4,0.0,False
37259,36.1208,CPM_DROP_PHY,36106,12,4.0,36.1208,drop_decision_no_action,-1,-1,-1,veh4,0.0,False
37306,36.1713,CAM_DROP_PHY,36155,7,4.0,36.1713,drop_decision_no_action,-1,-1,-1,veh4,0.0,False
37316,36.1881,CAM_DROP_PHY,36169,10,4.0,36.1881,drop_decision_no_action,-1,-1,-1,veh4,0.0,False
37317,36.1888,CAM_DROP_PHY,36170,9,4.0,36.1888,drop_decision_no_action,-1,-1,-1,veh4,0.0,False
37345,36.2008,CAM_DROP_PHY,36190,12,4.0,36.2008,drop_decision_no_action,-1,-1,-1,veh4,0.0,False
37382,36.2468,CAM_DROP_PHY,36234,6,4.0,36.2468,drop_decision_no_action,-1,-1,-1,veh4,0.0,False
37398,36.2646,CAM_DROP_PHY,36256,11,4.0,36.2646,drop_decision_no_action,-1,-1,-1,veh4,0.0,False
37423,36.2863,CAM_DROP_PHY,36284,8,4.0,36.2863,drop_decision_no_action,-1,-1,-1,veh4,0.0,False
37468,36.3446,CPM_DROP_PHY,36333,11,4.0,36.3446,drop_decision_no_action,-1,-1,-1,veh4,0.0,False
37487,36.3708,CAM_DROP_PHY,36355,7,4.0,36.3708,drop_decision_no_action,-1,-1,-1,veh4,0.0,False
37498,36.3811,CAM_DROP_PHY,36369,10,4.0,36.3811,drop_decision_no_action,-1,-1,-1,veh4,0.0,False
37499,36.3853,CAM_DROP_PHY,36370,9,4.0,36.3853,drop_decision_no_action,-1,-1,-1,veh4,0.0,False
37530,36.4008,CAM_DROP_PHY,36390,12,4.0,36.4008,drop_decision_no_action,-1,-1,-1,veh4,0.0,False
37572,36.4468,CAM_DROP_PHY,36434,6,4.0,36.4468,drop_decision_no_action,-1,-1,-1,veh4,0.0,False
37588,36.4646,CAM_DROP_PHY,36456,11,4.0,36.4646,drop_decision_no_action,-1,-1,-1,veh4,0.0,False
37613,36.4863,CAM_DROP_PHY,36484,8,4.0,36.4863,drop_decision_no_action,-1,-1,-1,veh4,0.0,False
37670,36.5708,CAM_DROP_PHY,36555,7,4.0,36.5708,drop_decision_no_action,-1,-1,-1,veh4,0.0,False
37680,36.5811,CAM_DROP_PHY,36569,10,4.0,36.5811,drop_decision_no_action,-1,-1,-1,veh4,0.0,False
37681,36.5853,CAM_DROP_PHY,36570,9,4.0,36.5853,drop_decision_no_action,-1,-1,-1,veh4,0.0,False
37712,36.6008,CAM_DROP_PHY,36590,12,4.0,36.6008,drop_decision_no_action,-1,-1,-1,veh4,0.0,False
37751,36.6308,CPM_DROP_PHY,36630,7,4.0,36.6308,drop_decision_no_action,-1,-1,-1,veh4,0.0,False
37758,36.6468,CAM_DROP_PHY,36634,6,4.0,36.6468,drop_decision_no_action,-1,-1,-1,veh4,0.0,False
37775,36.6586,CPM_DROP_PHY,36651,5,4.0,36.6586,drop_decision_no_action,-1,-1,-1,veh4,0.0,False
37779,36.6646,CAM_DROP_PHY,36656,11,4.0,36.6646,drop_decision_no_action,-1,-1,-1,veh4,0.0,False
37811,36.6863,CAM_DROP_PHY,36684,8,4.0,36.6863,drop_decision_no_action,-1,-1,-1,veh4,0.0,False
37818,36.7053,CPM_DROP_PHY,36686,9,4.0,36.7053,drop_decision_no_action,-1,-1,-1,veh4,0.0,False
37857,36.7248,CAM_DROP_PHY,36723,2,4.0,36.7248,drop_decision_no_action,-1,-1,-1,veh4,0.0,False
37889,36.7676,CAM_DROP_PHY,36763,3,4.0,36.7676,drop_decision_no_action,-1,-1,-1,veh4,0.0,False
37885,36.7708,CAM_DROP_PHY,36755,7,4.0,36.7708,drop_decision_no_action,-1,-1,-1,veh4,0.0,False
37897,36.7726,CAM_DROP_PHY,36769,10,4.0,36.7726,drop_decision_no_action,-1,-1,-1,veh4,0.0,False
37899,36.7853,CAM_DROP_PHY,36770,9,4.0,36.7853,drop_decision_no_action,-1,-1,-1,veh4,0.0,False
37934,36.7983,CAM_DROP_PHY,36790,12,4.0,36.7983,drop_decision_no_action,-1,-1,-1,veh4,0.0,False
37969,36.8468,CAM_DROP_PHY,36834,6,4.0,36.8468,drop_decision_no_action,-1,-1,-1,veh4,0.0,False
37981,36.8526,CPM_DROP_PHY,36852,10,4.0,36.8526,drop_decision_no_action,-1,-1,-1,veh4,0.0,False
37989,36.8623,CAM_DROP_PHY,36856,11,4.0,36.8623,drop_decision_no_action,-1,-1,-1,veh4,0.0,False
38018,36.8858,CAM_DROP_PHY,36884,8,4.0,36.8858,drop_decision_no_action,-1,-1,-1,veh4,0.0,False
38033,36.9076,CPM_DROP_PHY,36896,3,4.0,36.9076,drop_decision_no_action,-1,-1,-1,veh4,0.0,False
38064,36.9468,CAM_DROP_PHY,36934,6,4.0,36.9468,drop_decision_no_action,-1,-1,-1,veh4,0.0,False
38080,36.9708,CAM_DROP_PHY,36955,7,4.0,36.9708,drop_decision_no_action,-1,-1,-1,veh4,0.0,False
38092,36.9726,CAM_DROP_PHY,36969,10,4.0,36.9726,drop_decision_no_action,-1,-1,-1,veh4,0.0,False
38093,36.9853,CAM_DROP_PHY,36970,9,4.0,36.9853,drop_decision_no_action,-1,-1,-1,veh4,0.0,False
38124,36.9983,CAM_DROP_PHY,36990,12,4.0,36.9983,drop_decision_no_action,-1,-1,-1,veh4,0.0,False
38148,37.0261,CPM_DROP_PHY,37015,6,4.0,37.0261,drop_decision_no_action,-1,-1,-1,veh4,0.0,False
38163,37.0461,CAM_DROP_PHY,37034,6,4.0,37.0461,drop_decision_no_action,-1,-1,-1,veh4,0.0,False
38184,37.0623,CAM_DROP_PHY,37056,11,4.0,37.0623,drop_decision_no_action,-1,-1,-1,veh4,0.0,False
38183,37.0708,CAM_DROP_PHY,37055,7,4.0,37.0708,drop_decision_no_action,-1,-1,-1,veh4,0.0,False
38212,37.0858,CPM_DROP_PHY,37079,8,4.0,37.0858,drop_decision_no_action,-1,-1,-1,veh4,0.0,False
38212,37.0858,CAM_DROP_PHY,37084,8,4.0,37.0858,drop_decision_no_action,-1,-1,-1,veh4,0.0,False
38232,37.1081,CPM_DROP_PHY,37095,2,4.0,37.1081,drop_decision_no_action,-1,-1,-1,veh4,0.0,False
38241,37.1183,CPM_DROP_PHY,37106,12,4.0,37.1183,drop_decision_no_action,-1,-1,-1,veh4,0.0,False
38236,37.1186,CAM_DROP_PHY,37099,5,4.0,37.1186,drop_decision_no_action,-1,-1,-1,veh4,0.0,False
38278,37.1461,CAM_DROP_PHY,37134,6,4.0,37.1461,drop_decision_no_action,-1,-1,-1,veh4,0.0,False
38295,37.1708,CAM_DROP_PHY,37155,7,4.0,37.1708,drop_decision_no_action,-1,-1,-1,veh4,0.0,False
38307,37.1726,CAM_DROP_PHY,37169,10,4.0,37.1726,drop_decision_no_action,-1,-1,-1,veh4,0.0,False
38308,37.1853,CAM_DROP_PHY,37170,9,4.0,37.1853,drop_decision_no_action,-1,-1,-1,veh4,0.0,False
38339,37.1983,CAM_DROP_PHY,37190,12,4.0,37.1983,drop_decision_no_action,-1,-1,-1,veh4,0.0,False
38374,37.2461,CAM_DROP_PHY,37234,6,4.0,37.2461,drop_decision_no_action,-1,-1,-1,veh4,0.0,False
38391,37.2623,CAM_DROP_PHY,37256,11,4.0,37.2623,drop_decision_no_action,-1,-1,-1,veh4,0.0,False
38390,37.2708,CAM_DROP_PHY,37255,7,4.0,37.2708,drop_decision_no_action,-1,-1,-1,veh4,0.0,False
38423,37.2858,CAM_DROP_PHY,37284,8,4.0,37.2858,drop_decision_no_action,-1,-1,-1,veh4,0.0,False
38469,37.3423,CPM_DROP_PHY,37333,11,4.0,37.3423,drop_decision_no_action,-1,-1,-1,veh4,0.0,False
38471,37.3461,CAM_DROP_PHY,37334,6,4.0,37.3461,drop_decision_no_action,-1,-1,-1,veh4,0.0,False
38494,37.3708,CAM_DROP_PHY,37355,7,4.0,37.3708,drop_decision_no_action,-1,-1,-1,veh4,0.0,False
38504,37.3726,CAM_DROP_PHY,37369,10,4.0,37.3726,drop_decision_no_action,-1,-1,-1,veh4,0.0,False
38507,37.3898,CAM_DROP_PHY,37370,9,4.0,37.3898,drop_decision_no_action,-1,-1,-1,veh4,0.0,False
38537,37.3983,CAM_DROP_PHY,37390,12,4.0,37.3983,drop_decision_no_action,-1,-1,-1,veh4,0.0,False
38581,37.4461,CAM_DROP_PHY,37434,6,4.0,37.4461,drop_decision_no_action,-1,-1,-1,veh4,0.0,False
38598,37.4623,CAM_DROP_PHY,37456,11,4.0,37.4623,drop_decision_no_action,-1,-1,-1,veh4,0.0,False
38597,37.4708,CAM_DROP_PHY,37455,7,4.0,37.4708,drop_decision_no_action,-1,-1,-1,veh4,0.0,False
38629,37.4858,CAM_DROP_PHY,37484,8,4.0,37.4858,drop_decision_no_action,-1,-1,-1,veh4,0.0,False
38645,37.5061,CPM_DROP_PHY,37496,3,4.0,37.5061,drop_decision_no_action,-1,-1,-1,veh4,0.0,False
38695,37.5638,CAM_DROP_PHY,37555,7,4.0,37.5638,drop_decision_no_action,-1,-1,-1,veh4,0.0,False
38706,37.5726,CAM_DROP_PHY,37569,10,4.0,37.5726,drop_decision_no_action,-1,-1,-1,veh4,0.0,False
38709,37.5898,CAM_DROP_PHY,37570,9,4.0,37.5898,drop_decision_no_action,-1,-1,-1,veh4,0.0,False
38735,37.5983,CAM_DROP_PHY,37590,12,4.0,37.5983,drop_decision_no_action,-1,-1,-1,veh4,0.0,False
38769,37.6438,CPM_DROP_PHY,37630,7,4.0,37.6438,drop_decision_no_action,-1,-1,-1,veh4,0.0,False
38771,37.6466,CAM_DROP_PHY,37634,6,4.0,37.6466,drop_decision_no_action,-1,-1,-1,veh4,0.0,False
38798,37.6623,CAM_DROP_PHY,37656,11,4.0,37.6623,drop_decision_no_action,-1,-1,-1,veh4,0.0,False
38795,37.6638,CAM_DROP_PHY,37655,7,4.0,37.6638,drop_decision_no_action,-1,-1,-1,veh4,0.0,False
38790,37.6701,CPM_DROP_PHY,37651,5,4.0,37.6701,drop_decision_no_action,-1,-1,-1,veh4,0.0,False
38833,37.6858,CAM_DROP_PHY,37684,8,4.0,37.6858,drop_decision_no_action,-1,-1,-1,veh4,0.0,False
38840,37.6898,CPM_DROP_PHY,37686,9,4.0,37.6898,drop_decision_no_action,-1,-1,-1,veh4,0.0,False
38877,37.7281,CAM_DROP_PHY,37723,2,4.0,37.7281,drop_decision_no_action,-1,-1,-1,veh4,0.0,False
38909,37.7638,CAM_DROP_PHY,37755,7,4.0,37.7638,drop_decision_no_action,-1,-1,-1,veh4,0.0,False
38916,37.7661,CAM_DROP_PHY,37763,3,4.0,37.7661,drop_decision_no_action,-1,-1,-1,veh4,0.0,False
38923,37.7726,CAM_DROP_PHY,37769,10,4.0,37.7726,drop_decision_no_action,-1,-1,-1,veh4,0.0,False
38927,37.7898,CAM_DROP_PHY,37770,9,4.0,37.7898,drop_decision_no_action,-1,-1,-1,veh4,0.0,False
38957,37.7983,CAM_DROP_PHY,37790,12,4.0,37.7983,drop_decision_no_action,-1,-1,-1,veh4,0.0,False
38963,37.8061,CPM_DROP_PHY,37796,3,4.0,37.8061,drop_decision_no_action,-1,-1,-1,veh4,0.0,False
39000,37.8466,CAM_DROP_PHY,37834,6,4.0,37.8466,drop_decision_no_action,-1,-1,-1,veh4,0.0,False
39014,37.8526,CPM_DROP_PHY,37852,10,4.0,37.8526,drop_decision_no_action,-1,-1,-1,veh4,0.0,False
39023,37.8623,CAM_DROP_PHY,37856,11,4.0,37.8623,drop_decision_no_action,-1,-1,-1,veh4,0.0,False
39050,37.8858,CAM_DROP_PHY,37884,8,4.0,37.8858,drop_decision_no_action,-1,-1,-1,veh4,0.0,False
39065,37.9061,CPM_DROP_PHY,37896,3,4.0,37.9061,drop_decision_no_action,-1,-1,-1,veh4,0.0,False
39107,37.9638,CAM_DROP_PHY,37955,7,4.0,37.9638,drop_decision_no_action,-1,-1,-1,veh4,0.0,False
39118,37.9713,CAM_DROP_PHY,37969,10,4.0,37.9713,drop_decision_no_action,-1,-1,-1,veh4,0.0,False
39120,37.9898,CAM_DROP_PHY,37970,9,4.0,37.9898,drop_decision_no_action,-1,-1,-1,veh4,0.0,False
39146,37.9996,CAM_DROP_PHY,37990,12,4.0,37.9996,drop_decision_no_action,-1,-1,-1,veh4,0.0,False
39172,38.0266,CPM_DROP_PHY,38015,6,4.0,38.0266,drop_decision_no_action,-1,-1,-1,veh4,0.0,False
39187,38.0466,CAM_DROP_PHY,38034,6,4.0,38.0466,drop_decision_no_action,-1,-1,-1,veh4,0.0,False
39209,38.0601,CAM_DROP_PHY,38056,11,4.0,38.0601,drop_decision_no_action,-1,-1,-1,veh4,0.0,False
39230,38.0826,CPM_DROP_PHY,38079,8,4.0,38.0826,drop_decision_no_action,-1,-1,-1,veh4,0.0,False
39236,38.1026,CAM_DROP_PHY,38084,8,4.0,38.1026,drop_decision_no_action,-1,-1,-1,veh4,0.0,False
39247,38.1081,CPM_DROP_PHY,38095,2,4.0,38.1081,drop_decision_no_action,-1,-1,-1,veh4,0.0,False
39251,38.1128,CAM_DROP_PHY,38099,5,4.0,38.1128,drop_decision_no_action,-1,-1,-1,veh4,0.0,False
39301,38.1466,CAM_DROP_PHY,38134,6,4.0,38.1466,drop_decision_no_action,-1,-1,-1,veh4,0.0,False
39318,38.1638,CAM_DROP_PHY,38155,7,4.0,38.1638,drop_decision_no_action,-1,-1,-1,veh4,0.0,False
39332,38.1713,CAM_DROP_PHY,38169,10,4.0,38.1713,drop_decision_no_action,-1,-1,-1,veh4,0.0,False
39334,38.1898,CAM_DROP_PHY,38170,9,4.0,38.1898,drop_decision_no_action,-1,-1,-1,veh4,0.0,False
39396,38.2466,CAM_DROP_PHY,38234,6,4.0,38.2466,drop_decision_no_action,-1,-1,-1,veh4,0.0,False
39414,38.2601,CAM_DROP_PHY,38256,11,4.0,38.2601,drop_decision_no_action,-1,-1,-1,veh4,0.0,False
39360,38.2996,CAM_DROP_PHY,38190,12,4.0,38.2996,drop_decision_no_action,-1,-1,-1,veh4,0.0,False
39440,38.3026,CAM_DROP_PHY,38284,8,4.0,38.3026,drop_decision_no_action,-1,-1,-1,veh4,0.0,False
39491,38.3401,CPM_DROP_PHY,38333,11,4.0,38.3401,drop_decision_no_action,-1,-1,-1,veh4,0.0,False
39492,38.3466,CAM_DROP_PHY,38334,6,4.0,38.3466,drop_decision_no_action,-1,-1,-1,veh4,0.0,False
39515,38.3638,CAM_DROP_PHY,38355,7,4.0,38.3638,drop_decision_no_action,-1,-1,-1,veh4,0.0,False
39531,38.3713,CAM_DROP_PHY,38369,10,4.0,38.3713,drop_decision_no_action,-1,-1,-1,veh4,0.0,False
39532,38.3863,CAM_DROP_PHY,38370,9,4.0,38.3863,drop_decision_no_action,-1,-1,-1,veh4,0.0,False
39560,38.3996,CAM_DROP_PHY,38390,12,4.0,38.3996,drop_decision_no_action,-1,-1,-1,veh4,0.0,False
39552,38.4026,CAM_DROP_PHY,38384,8,4.0,38.4026,drop_decision_no_action,-1,-1,-1,veh4,0.0,False
39610,38.4458,CAM_DROP_PHY,38434,6,4.0,38.4458,drop_decision_no_action,-1,-1,-1,veh4,0.0,False
39628,38.4601,CAM_DROP_PHY,38456,11,4.0,38.4601,drop_decision_no_action,-1,-1,-1,veh4,0.0,False
39654,38.5026,CAM_DROP_PHY,38484,8,4.0,38.5026,drop_decision_no_action,-1,-1,-1,veh4,0.0,False
39700,38.5638,CAM_DROP_PHY,38555,7,4.0,38.5638,drop_decision_no_action,-1,-1,-1,veh4,0.0,False
39713,38.5751,CAM_DROP_PHY,38569,10,4.0,38.5751,drop_decision_no_action,-1,-1,-1,veh4,0.0,False
39714,38.5863,CAM_DROP_PHY,38570,9,4.0,38.5863,drop_decision_no_action,-1,-1,-1,veh4,0.0,False
39742,38.5996,CAM_DROP_PHY,38590,12,4.0,38.5996,drop_decision_no_action,-1,-1,-1,veh4,0.0,False
39734,38.6026,CAM_DROP_PHY,38584,8,4.0,38.6026,drop_decision_no_action,-1,-1,-1,veh4,0.0,False
39782,38.6396,CPM_DROP_PHY,38630,7,4.0,38.6396,drop_decision_no_action,-1,-1,-1,veh4,0.0,False
39784,38.6458,CAM_DROP_PHY,38634,6,4.0,38.6458,drop_decision_no_action,-1,-1,-1,veh4,0.0,False
39804,38.6528,CPM_DROP_PHY,38651,5,4.0,38.6528,drop_decision_no_action,-1,-1,-1,veh4,0.0,False
39816,38.6601,CAM_DROP_PHY,38656,11,4.0,38.6601,drop_decision_no_action,-1,-1,-1,veh4,0.0,False
39852,38.7026,CAM_DROP_PHY,38684,8,4.0,38.7026,drop_decision_no_action,-1,-1,-1,veh4,0.0,False
39856,38.7063,CPM_DROP_PHY,38686,9,4.0,38.7063,drop_decision_no_action,-1,-1,-1,veh4,0.0,False
39890,38.7388,CAM_DROP_PHY,38723,2,4.0,38.7388,drop_decision_no_action,-1,-1,-1,veh4,0.0,False
39923,38.7656,CAM_DROP_PHY,38763,3,4.0,38.7656,drop_decision_no_action,-1,-1,-1,veh4,0.0,False
39930,38.7751,CAM_DROP_PHY,38769,10,4.0,38.7751,drop_decision_no_action,-1,-1,-1,veh4,0.0,False
39932,38.7863,CAM_DROP_PHY,38770,9,4.0,38.7863,drop_decision_no_action,-1,-1,-1,veh4,0.0,False
39964,38.7926,CAM_DROP_PHY,38790,12,4.0,38.7926,drop_decision_no_action,-1,-1,-1,veh4,0.0,False
39956,38.8026,CAM_DROP_PHY,38784,8,4.0,38.8026,drop_decision_no_action,-1,-1,-1,veh4,0.0,False
40014,38.8458,CAM_DROP_PHY,38834,6,4.0,38.8458,drop_decision_no_action,-1,-1,-1,veh4,0.0,False
40031,38.8551,CPM_DROP_PHY,38852,10,4.0,38.8551,drop_decision_no_action,-1,-1,-1,veh4,0.0,False
39915,38.8596,CAM_DROP_PHY,38755,7,4.0,38.8596,drop_decision_no_action,-1,-1,-1,veh4,0.0,False
40036,38.8596,CAM_DROP_PHY,38855,7,4.0,38.8596,drop_decision_no_action,-1,-1,-1,veh4,0.0,False
40038,38.8601,CAM_DROP_PHY,38856,11,4.0,38.8601,drop_decision_no_action,-1,-1,-1,veh4,0.0,False
40080,38.9056,CPM_DROP_PHY,38896,3,4.0,38.9056,drop_decision_no_action,-1,-1,-1,veh4,0.0,False
40121,38.9596,CAM_DROP_PHY,38955,7,4.0,38.9596,drop_decision_no_action,-1,-1,-1,veh4,0.0,False
40133,38.9751,CAM_DROP_PHY,38969,10,4.0,38.9751,drop_decision_no_action,-1,-1,-1,veh4,0.0,False
40134,38.9863,CAM_DROP_PHY,38970,9,4.0,38.9863,drop_decision_no_action,-1,-1,-1,veh4,0.0,False
40163,38.9926,CAM_DROP_PHY,38990,12,4.0,38.9926,drop_decision_no_action,-1,-1,-1,veh4,0.0,False
40154,39.0026,CAM_DROP_PHY,38984,8,4.0,39.0026,drop_decision_no_action,-1,-1,-1,veh4,0.0,False
40193,39.0258,CPM_DROP_PHY,39015,6,4.0,39.0258,drop_decision_no_action,-1,-1,-1,veh4,0.0,False
40211,39.0461,CAM_DROP_PHY,39034,6,4.0,39.0461,drop_decision_no_action,-1,-1,-1,veh4,0.0,False
40229,39.0596,CAM_DROP_PHY,39055,7,4.0,39.0596,drop_decision_no_action,-1,-1,-1,veh4,0.0,False
40230,39.0601,CAM_DROP_PHY,39056,11,4.0,39.0601,drop_decision_no_action,-1,-1,-1,veh4,0.0,False
40262,39.0826,CPM_DROP_PHY,39079,8,4.0,39.0826,drop_decision_no_action,-1,-1,-1,veh4,0.0,False
40277,39.0988,CPM_DROP_PHY,39095,2,4.0,39.0988,drop_decision_no_action,-1,-1,-1,veh4,0.0,False
40284,39.1058,CAM_DROP_PHY,39099,5,4.0,39.1058,drop_decision_no_action,-1,-1,-1,veh4,0.0,False
40295,39.1126,CPM_DROP_PHY,39106,12,4.0,39.1126,drop_decision_no_action,-1,-1,-1,veh4,0.0,False
40344,39.1751,CAM_DROP_PHY,39169,10,4.0,39.1751,drop_decision_no_action,-1,-1,-1,veh4,0.0,False
40345,39.1863,CAM_DROP_PHY,39170,9,4.0,39.1863,drop_decision_no_action,-1,-1,-1,veh4,0.0,False
40369,39.1926,CAM_DROP_PHY,39190,12,4.0,39.1926,drop_decision_no_action,-1,-1,-1,veh4,0.0,False
40360,39.2026,CAM_DROP_PHY,39184,8,4.0,39.2026,drop_decision_no_action,-1,-1,-1,veh4,0.0,False
40410,39.2461,CAM_DROP_PHY,39234,6,4.0,39.2461,drop_decision_no_action,-1,-1,-1,veh4,0.0,False
40428,39.2596,CAM_DROP_PHY,39255,7,4.0,39.2596,drop_decision_no_action,-1,-1,-1,veh4,0.0,False
40429,39.2756,CAM_DROP_PHY,39256,11,4.0,39.2756,drop_decision_no_action,-1,-1,-1,veh4,0.0,False
40497,39.3356,CPM_DROP_PHY,39333,11,4.0,39.3356,drop_decision_no_action,-1,-1,-1,veh4,0.0,False
40526,39.3751,CAM_DROP_PHY,39369,10,4.0,39.3751,drop_decision_no_action,-1,-1,-1,veh4,0.0,False
40527,39.3863,CAM_DROP_PHY,39370,9,4.0,39.3863,drop_decision_no_action,-1,-1,-1,veh4,0.0,False
40551,39.3926,CAM_DROP_PHY,39390,12,4.0,39.3926,drop_decision_no_action,-1,-1,-1,veh4,0.0,False
40543,39.4026,CAM_DROP_PHY,39384,8,4.0,39.4026,drop_decision_no_action,-1,-1,-1,veh4,0.0,False
40600,39.4461,CAM_DROP_PHY,39434,6,4.0,39.4461,drop_decision_no_action,-1,-1,-1,veh4,0.0,False
40619,39.4601,CAM_DROP_PHY,39455,7,4.0,39.4601,drop_decision_no_action,-1,-1,-1,veh4,0.0,False
40621,39.4756,CAM_DROP_PHY,39456,11,4.0,39.4756,drop_decision_no_action,-1,-1,-1,veh4,0.0,False
40661,39.5023,CPM_DROP_PHY,39496,3,4.0,39.5023,drop_decision_no_action,-1,-1,-1,veh4,0.0,False
40688,39.5461,CAM_DROP_PHY,39534,6,4.0,39.5461,drop_decision_no_action,-1,-1,-1,veh4,0.0,False
40718,39.5863,CAM_DROP_PHY,39570,9,4.0,39.5863,drop_decision_no_action,-1,-1,-1,veh4,0.0,False
40725,39.5863,CAM_DROP_PHY,39584,8,4.0,39.5863,drop_decision_no_action,-1,-1,-1,veh4,0.0,False
40717,39.5883,CAM_DROP_PHY,39569,10,4.0,39.5883,drop_decision_no_action,-1,-1,-1,veh4,0.0,False
40744,39.5926,CAM_DROP_PHY,39590,12,4.0,39.5926,drop_decision_no_action,-1,-1,-1,veh4,0.0,False
40782,39.6401,CPM_DROP_PHY,39630,7,4.0,39.6401,drop_decision_no_action,-1,-1,-1,veh4,0.0,False
40784,39.6461,CAM_DROP_PHY,39634,6,4.0,39.6461,drop_decision_no_action,-1,-1,-1,veh4,0.0,False
40809,39.6601,CAM_DROP_PHY,39655,7,4.0,39.6601,drop_decision_no_action,-1,-1,-1,veh4,0.0,False
40803,39.6658,CPM_DROP_PHY,39651,5,4.0,39.6658,drop_decision_no_action,-1,-1,-1,veh4,0.0,False
40811,39.6756,CAM_DROP_PHY,39656,11,4.0,39.6756,drop_decision_no_action,-1,-1,-1,veh4,0.0,False
40853,39.7036,CPM_DROP_PHY,39686,9,4.0,39.7036,drop_decision_no_action,-1,-1,-1,veh4,0.0,False
40881,39.7356,CAM_DROP_PHY,39723,2,4.0,39.7356,drop_decision_no_action,-1,-1,-1,veh4,0.0,False
40887,39.7461,CAM_DROP_PHY,39734,6,4.0,39.7461,drop_decision_no_action,-1,-1,-1,veh4,0.0,False
40919,39.7823,CAM_DROP_PHY,39763,3,4.0,39.7823,drop_decision_no_action,-1,-1,-1,veh4,0.0,False
40925,39.7836,CAM_DROP_PHY,39770,9,4.0,39.7836,drop_decision_no_action,-1,-1,-1,veh4,0.0,False
40937,39.7863,CAM_DROP_PHY,39784,8,4.0,39.7863,drop_decision_no_action,-1,-1,-1,veh4,0.0,False
40924,39.7883,CAM_DROP_PHY,39769,10,4.0,39.7883,drop_decision_no_action,-1,-1,-1,veh4,0.0,False
40956,39.7926,CAM_DROP_PHY,39790,12,4.0,39.7926,drop_decision_no_action,-1,-1,-1,veh4,0.0,False
40997,39.8461,CAM_DROP_PHY,39834,6,4.0,39.8461,drop_decision_no_action,-1,-1,-1,veh4,0.0,False
41016,39.8601,CAM_DROP_PHY,39855,7,4.0,39.8601,drop_decision_no_action,-1,-1,-1,veh4,0.0,False
41012,39.8683,CPM_DROP_PHY,39852,10,4.0,39.8683,drop_decision_no_action,-1,-1,-1,veh4,0.0,False
41018,39.8756,CAM_DROP_PHY,39856,11,4.0,39.8756,drop_decision_no_action,-1,-1,-1,veh4,0.0,False
41056,39.8863,CAM_DROP_PHY,39884,8,4.0,39.8863,drop_decision_no_action,-1,-1,-1,veh4,0.0,False
