time_s,vehicle_id,event_type,source_id,msg_seq,pkt_uid,distance_m,heading_diff_deg,lane_before,lane_after,target_speed_mps
1.01233,veh5,cpm_drop_reaction,2,699721993281,26,-1,-1,0,1,45
1.02333,veh5,drop_decision_no_action,4,48080,36,-1,-1,-1,-1,-1
1.08083,veh5,drop_decision_no_action,10,48135,60,-1,-1,-1,-1,-1
1.13408,veh5,drop_decision_no_action,8,48254,79,-1,-1,-1,-1,-1
1.14158,veh5,drop_decision_no_action,3,48265,84,-1,-1,-1,-1,-1
1.15133,veh5,drop_decision_no_action,7,48279,94,-1,-1,-1,-1,-1
1.15458,veh5,drop_decision_no_action,6,48293,110,-1,-1,-1,-1,-1
1.17458,veh5,drop_decision_no_action,6,699721993530,130,-1,-1,-1,-1,-1
1.18083,veh5,drop_decision_no_action,10,48328,143,-1,-1,-1,-1,-1
1.18333,veh5,drop_decision_no_action,4,699721993535,133,-1,-1,-1,-1,-1
1.19408,veh5,drop_decision_no_action,8,699721993561,155,-1,-1,-1,-1,-1
1.21233,veh5,drop_decision_no_action,2,48347,171,-1,-1,-1,-1,-1
1.21233,veh5,drop_decision_no_action,2,699721993643,171,-1,-1,-1,-1,-1
1.22333,veh5,drop_decision_no_action,4,48427,195,-1,-1,-1,-1,-1
1.24158,veh5,drop_decision_no_action,3,699721993669,218,-1,-1,-1,-1,-1
1.27458,veh5,drop_decision_no_action,6,699721993690,244,-1,-1,-1,-1,-1
1.28083,veh5,drop_decision_no_action,10,48486,256,-1,-1,-1,-1,-1
1.28333,veh5,drop_decision_no_action,4,699721993695,246,-1,-1,-1,-1,-1
1.29408,veh5,drop_decision_no_action,8,699721993719,268,-1,-1,-1,-1,-1
1.31233,veh5,drop_decision_no_action,2,699721993797,293,-1,-1,-1,-1,-1
1.33408,veh5,drop_decision_no_action,8,48593,311,-1,-1,-1,-1,-1
1.34158,veh5,drop_decision_no_action,3,48598,316,-1,-1,-1,-1,-1
1.35133,veh5,drop_decision_no_action,7,48609,327,-1,-1,-1,-1,-1
1.35458,veh5,drop_decision_no_action,6,48619,343,-1,-1,-1,-1,-1
1.37458,veh5,drop_decision_no_action,6,699721993856,363,-1,-1,-1,-1,-1
1.38083,veh5,drop_decision_no_action,10,48655,376,-1,-1,-1,-1,-1
1.38333,veh5,drop_decision_no_action,4,699721993861,366,-1,-1,-1,-1,-1
1.39408,veh5,drop_decision_no_action,8,699721993888,388,-1,-1,-1,-1,-1
1.41233,veh5,drop_decision_no_action,2,48674,404,-1,-1,-1,-1,-1
1.41233,veh5,drop_decision_no_action,2,699721993976,404,-1,-1,-1,-1,-1
1.42333,veh5,drop_decision_no_action,4,48760,428,-1,-1,-1,-1,-1
1.44158,veh5,drop_decision_no_action,3,699721994005,451,-1,-1,-1,-1,-1
1.45458,veh5,drop_decision_no_action,6,48800,470,-1,-1,-1,-1,-1
1.46358,veh5,drop_decision_no_action,9,48796,466,-1,-1,-1,-1,-1
1.47458,veh5,drop_decision_no_action,6,699721994038,490,-1,-1,-1,-1,-1
1.48083,veh5,drop_decision_no_action,10,48837,507,-1,-1,-1,-1,-1
1.48333,veh5,drop_decision_no_action,4,699721994044,495,-1,-1,-1,-1,-1
1.49408,veh5,drop_decision_no_action,8,699721994071,519,-1,-1,-1,-1,-1
1.51233,veh5,cam_drop_reaction,2,48856,536,-1,-1,1,1,15
1.51233,veh5,drop_decision_no_action,2,699721994157,536,-1,-1,-1,-1,-1
1.53408,veh5,drop_decision_no_action,8,48955,565,-1,-1,-1,-1,-1
1.54158,veh5,drop_decision_no_action,3,48959,570,-1,-1,-1,-1,-1
1.55133,veh5,drop_decision_no_action,7,48971,583,-1,-1,-1,-1,-1
1.55458,veh5,drop_decision_no_action,6,48985,600,-1,-1,-1,-1,-1
1.56158,veh5,drop_decision_no_action,3,699721994187,570,-1,-1,-1,-1,-1
1.56358,veh5,drop_decision_no_action,9,48981,594,-1,-1,-1,-1,-1
1.57458,veh5,drop_decision_no_action,6,699721994223,627,-1,-1,-1,-1,-1
1.58083,veh5,drop_decision_no_action,10,49026,649,-1,-1,-1,-1,-1
1.58333,veh5,drop_decision_no_action,4,699721994229,633,-1,-1,-1,-1,-1
1.59408,veh5,drop_decision_no_action,8,699721994259,661,-1,-1,-1,-1,-1
1.61233,veh5,drop_decision_no_action,2,49045,678,-1,-1,-1,-1,-1
1.61233,veh5,drop_decision_no_action,2,699721994344,678,-1,-1,-1,-1,-1
1.62333,veh5,drop_decision_no_action,4,49128,703,-1,-1,-1,-1,-1
1.64158,veh5,drop_decision_no_action,3,699721994372,727,-1,-1,-1,-1,-1
1.65958,veh5,drop_decision_no_action,6,49166,746,-1,-1,-1,-1,-1
1.66358,veh5,drop_decision_no_action,9,49162,742,-1,-1,-1,-1,-1
1.67458,veh5,drop_decision_no_action,6,699721994401,767,-1,-1,-1,-1,-1
1.67633,veh5,drop_decision_no_action,4,699721994407,771,-1,-1,-1,-1,-1
1.68083,veh5,drop_decision_no_action,10,49202,786,-1,-1,-1,-1,-1
1.69408,veh5,drop_decision_no_action,8,699721994435,800,-1,-1,-1,-1,-1
1.71233,veh5,drop_decision_no_action,2,49220,813,-1,-1,-1,-1,-1
1.71233,veh5,drop_decision_no_action,2,699721994515,813,-1,-1,-1,-1,-1
1.74158,veh5,drop_decision_no_action,3,49311,843,-1,-1,-1,-1,-1
1.75133,veh5,drop_decision_no_action,7,49324,857,-1,-1,-1,-1,-1
1.75958,veh5,drop_decision_no_action,6,49337,868,-1,-1,-1,-1,-1
1.76158,veh5,drop_decision_no_action,3,699721994539,843,-1,-1,-1,-1,-1
1.76358,veh5,drop_decision_no_action,9,49332,862,-1,-1,-1,-1,-1
1.77458,veh5,drop_decision_no_action,6,699721994573,896,-1,-1,-1,-1,-1
1.77633,veh5,drop_decision_no_action,4,699721994580,901,-1,-1,-1,-1,-1
1.78083,veh5,drop_decision_no_action,10,49376,920,-1,-1,-1,-1,-1
1.79408,veh5,drop_decision_no_action,8,699721994608,934,-1,-1,-1,-1,-1
1.82308,veh5,drop_decision_no_action,2,699721994693,957,-1,-1,-1,-1,-1
1.83408,veh5,drop_decision_no_action,8,49491,980,-1,-1,-1,-1,-1
1.83633,veh5,drop_decision_no_action,4,49476,968,-1,-1,-1,-1,-1
1.84158,veh5,drop_decision_no_action,3,699721994721,987,-1,-1,-1,-1,-1
1.85133,veh5,drop_decision_no_action,7,699721994724,988,-1,-1,-1,-1,-1
1.85958,veh5,drop_decision_no_action,6,49521,1024,-1,-1,-1,-1,-1
1.87458,veh5,drop_decision_no_action,6,699721994757,1050,-1,-1,-1,-1,-1
1.87633,veh5,drop_decision_no_action,4,699721994763,1055,-1,-1,-1,-1,-1
1.89408,veh5,drop_decision_no_action,8,699721994792,1081,-1,-1,-1,-1,-1
1.89833,veh5,drop_decision_no_action,10,49559,1070,-1,-1,-1,-1,-1
1.90308,veh5,drop_decision_no_action,2,49577,1090,-1,-1,-1,-1,-1
1.91833,veh5,drop_decision_no_action,10,699721994871,1105,-1,-1,-1,-1,-1
1.92308,veh5,drop_decision_no_action,2,699721994876,1108,-1,-1,-1,-1,-1
1.94158,veh5,drop_decision_no_action,3,49675,1136,-1,-1,-1,-1,-1
1.95133,veh5,drop_decision_no_action,7,699721994908,1142,-1,-1,-1,-1,-1
1.95133,veh5,drop_decision_no_action,7,49693,1142,-1,-1,-1,-1,-1
1.96158,veh5,drop_decision_no_action,3,699721994904,1136,-1,-1,-1,-1,-1
1.96733,veh5,drop_decision_no_action,6,699721994939,1188,-1,-1,-1,-1,-1
1.97633,veh5,drop_decision_no_action,4,699721994945,1193,-1,-1,-1,-1,-1
1.99408,veh5,drop_decision_no_action,8,699721994971,1222,-1,-1,-1,-1,-1
1.99833,veh5,drop_decision_no_action,10,49739,1212,-1,-1,-1,-1,-1
2.02308,veh5,cpm_drop_reaction,2,699721995055,1246,-1,-1,1,1,15
2.03633,veh5,drop_decision_no_action,4,49841,1259,-1,-1,-1,-1,-1
2.04158,veh5,drop_decision_no_action,3,699721995084,1275,-1,-1,-1,-1,-1
2.05133,veh5,drop_decision_no_action,7,699721995087,1276,-1,-1,-1,-1,-1
2.05458,veh5,drop_decision_no_action,9,49701,1163,-1,-1,-1,-1,-1
2.05458,veh5,drop_decision_no_action,9,49880,1303,-1,-1,-1,-1,-1
2.06733,veh5,drop_decision_no_action,6,49885,1308,-1,-1,-1,-1,-1
2.07633,veh5,drop_decision_no_action,4,699721995125,1331,-1,-1,-1,-1,-1
2.08733,veh5,drop_decision_no_action,6,699721995119,1308,-1,-1,-1,-1,-1
2.09408,veh5,drop_decision_no_action,8,699721995155,1356,-1,-1,-1,-1,-1
2.09833,veh5,drop_decision_no_action,10,49923,1346,-1,-1,-1,-1,-1
2.10308,veh5,drop_decision_no_action,2,49940,1370,-1,-1,-1,-1,-1
2.12308,veh5,drop_decision_no_action,2,699721995241,1390,-1,-1,-1,-1,-1
2.14608,veh5,drop_decision_no_action,3,50038,1414,-1,-1,-1,-1,-1
2.15133,veh5,drop_decision_no_action,7,699721995271,1417,-1,-1,-1,-1,-1
2.15458,veh5,drop_decision_no_action,9,50065,1439,-1,-1,-1,-1,-1
2.16608,veh5,drop_decision_no_action,3,699721995267,1414,-1,-1,-1,-1,-1
2.16733,veh5,drop_decision_no_action,6,699721995302,1460,-1,-1,-1,-1,-1
2.17133,veh5,drop_decision_no_action,7,50055,1417,-1,-1,-1,-1,-1
2.17633,veh5,drop_decision_no_action,4,699721995308,1467,-1,-1,-1,-1,-1
2.19408,veh5,drop_decision_no_action,8,699721995342,1504,-1,-1,-1,-1,-1
2.19833,veh5,drop_decision_no_action,10,50110,1493,-1,-1,-1,-1,-1
2.22308,veh5,drop_decision_no_action,2,699721995433,1532,-1,-1,-1,-1,-1
2.23633,veh5,drop_decision_no_action,4,50216,1544,-1,-1,-1,-1,-1
2.24608,veh5,drop_decision_no_action,3,699721995461,1562,-1,-1,-1,-1,-1
2.24958,veh5,drop_decision_no_action,8,50231,1558,-1,-1,-1,-1,-1
2.25133,veh5,drop_decision_no_action,7,699721995464,1563,-1,-1,-1,-1,-1
2.25458,veh5,drop_decision_no_action,9,50257,1591,-1,-1,-1,-1,-1
2.26733,veh5,drop_decision_no_action,6,50262,1598,-1,-1,-1,-1,-1
2.27458,veh5,drop_decision_no_action,9,699721995500,1616,-1,-1,-1,-1,-1
2.27633,veh5,drop_decision_no_action,4,699721995506,1622,-1,-1,-1,-1,-1
2.28733,veh5,drop_decision_no_action,6,699721995497,1598,-1,-1,-1,-1,-1
2.28958,veh5,drop_decision_no_action,8,699721995537,1653,-1,-1,-1,-1,-1
2.29833,veh5,drop_decision_no_action,10,50304,1641,-1,-1,-1,-1,-1
2.30308,veh5,drop_decision_no_action,2,50325,1670,-1,-1,-1,-1,-1
2.32308,veh5,drop_decision_no_action,2,699721995626,1690,-1,-1,-1,-1,-1
2.34608,veh5,drop_decision_no_action,3,50424,1715,-1,-1,-1,-1,-1
2.35133,veh5,drop_decision_no_action,7,699721995655,1719,-1,-1,-1,-1,-1
2.35458,veh5,drop_decision_no_action,9,50450,1739,-1,-1,-1,-1,-1
2.36608,veh5,drop_decision_no_action,3,699721995652,1715,-1,-1,-1,-1,-1
2.36733,veh5,drop_decision_no_action,6,699721995687,1758,-1,-1,-1,-1,-1
2.37008,veh5,drop_decision_no_action,4,699721995697,1766,-1,-1,-1,-1,-1
2.37133,veh5,drop_decision_no_action,7,50439,1719,-1,-1,-1,-1,-1
2.37458,veh5,drop_decision_no_action,9,699721995691,1759,-1,-1,-1,-1,-1
2.38958,veh5,drop_decision_no_action,8,699721995726,1809,-1,-1,-1,-1,-1
2.39833,veh5,drop_decision_no_action,10,50494,1800,-1,-1,-1,-1,-1
2.42308,veh5,drop_decision_no_action,2,699721995821,1844,-1,-1,-1,-1,-1
2.43008,veh5,drop_decision_no_action,4,50605,1859,-1,-1,-1,-1,-1
2.44608,veh5,drop_decision_no_action,3,699721995848,1881,-1,-1,-1,-1,-1
2.45133,veh5,drop_decision_no_action,7,699721995852,1883,-1,-1,-1,-1,-1
2.46733,veh5,drop_decision_no_action,6,50648,1913,-1,-1,-1,-1,-1
2.46883,veh5,drop_decision_no_action,9,50642,1907,-1,-1,-1,-1,-1
2.47008,veh5,drop_decision_no_action,4,699721995890,1926,-1,-1,-1,-1,-1
2.48733,veh5,drop_decision_no_action,6,699721995881,1913,-1,-1,-1,-1,-1
2.48883,veh5,drop_decision_no_action,9,699721995885,1907,-1,-1,-1,-1,-1
2.48958,veh5,drop_decision_no_action,8,699721995913,1956,-1,-1,-1,-1,-1
2.50308,veh5,drop_decision_no_action,2,50700,1976,-1,-1,-1,-1,-1
2.51833,veh5,drop_decision_no_action,10,699721996004,1995,-1,-1,-1,-1,-1
2.52308,veh5,cpm_drop_reaction,2,699721996009,2000,-1,-1,1,1,15
2.54608,veh5,drop_decision_no_action,3,50813,2028,-1,-1,-1,-1,-1
2.54958,veh5,drop_decision_no_action,8,50808,2026,-1,-1,-1,-1,-1
2.56608,veh5,drop_decision_no_action,3,699721996041,2028,-1,-1,-1,-1,-1
2.56733,veh5,drop_decision_no_action,6,699721996075,2078,-1,-1,-1,-1,-1
2.56883,veh5,drop_decision_no_action,9,50839,2062,-1,-1,-1,-1,-1
2.57008,veh5,drop_decision_no_action,4,699721996085,2086,-1,-1,-1,-1,-1
2.58883,veh5,drop_decision_no_action,9,699721996079,2062,-1,-1,-1,-1,-1
2.58958,veh5,drop_decision_no_action,8,699721996117,2127,-1,-1,-1,-1,-1
2.60383,veh5,drop_decision_no_action,10,50885,2119,-1,-1,-1,-1,-1
2.62308,veh5,drop_decision_no_action,2,699721996212,2169,-1,-1,-1,-1,-1
2.62383,veh5,drop_decision_no_action,10,699721996207,2161,-1,-1,-1,-1,-1
2.63008,veh5,drop_decision_no_action,4,50995,2175,-1,-1,-1,-1,-1
2.64608,veh5,drop_decision_no_action,3,51014,2204,-1,-1,-1,-1,-1
2.66158,veh5,drop_decision_no_action,7,50829,2046,-1,-1,-1,-1,-1
2.66608,veh5,drop_decision_no_action,3,699721996243,2204,-1,-1,-1,-1,-1
2.66733,veh5,drop_decision_no_action,6,51043,2240,-1,-1,-1,-1,-1
2.66883,veh5,drop_decision_no_action,9,51038,2236,-1,-1,-1,-1,-1
2.67008,veh5,drop_decision_no_action,4,699721996285,2254,-1,-1,-1,-1,-1
2.68733,veh5,drop_decision_no_action,6,699721996276,2240,-1,-1,-1,-1,-1
2.68883,veh5,drop_decision_no_action,9,699721996280,2236,-1,-1,-1,-1,-1
2.68958,veh5,drop_decision_no_action,8,699721996314,2289,-1,-1,-1,-1,-1
2.70308,veh5,drop_decision_no_action,2,51101,2308,-1,-1,-1,-1,-1
2.72383,veh5,drop_decision_no_action,10,699721996409,2331,-1,-1,-1,-1,-1
2.74608,veh5,drop_decision_no_action,3,51210,2365,-1,-1,-1,-1,-1
2.76608,veh5,drop_decision_no_action,3,699721996438,2365,-1,-1,-1,-1,-1
2.76733,veh5,drop_decision_no_action,6,699721996470,2402,-1,-1,-1,-1,-1
2.76883,veh5,drop_decision_no_action,9,51234,2391,-1,-1,-1,-1,-1
2.77008,veh5,drop_decision_no_action,4,699721996479,2410,-1,-1,-1,-1,-1
2.78383,veh5,drop_decision_no_action,10,51279,2442,-1,-1,-1,-1,-1
2.78883,veh5,drop_decision_no_action,9,699721996473,2391,-1,-1,-1,-1,-1
2.78958,veh5,drop_decision_no_action,8,699721996512,2453,-1,-1,-1,-1,-1
2.82308,veh5,drop_decision_no_action,2,699721996608,2494,-1,-1,-1,-1,-1
2.83008,veh5,drop_decision_no_action,4,51391,2499,-1,-1,-1,-1,-1
2.84608,veh5,drop_decision_no_action,3,51414,2531,-1,-1,-1,-1,-1
2.84958,veh5,drop_decision_no_action,8,51410,2527,-1,-1,-1,-1,-1
2.86158,veh5,drop_decision_no_action,7,51226,2376,-1,-1,-1,-1,-1
2.86158,veh5,drop_decision_no_action,7,699721996646,2534,-1,-1,-1,-1,-1
2.86608,veh5,drop_decision_no_action,3,699721996642,2531,-1,-1,-1,-1,-1
2.86733,veh5,drop_decision_no_action,6,51443,2568,-1,-1,-1,-1,-1
2.86883,veh5,drop_decision_no_action,9,51438,2563,-1,-1,-1,-1,-1
2.87008,veh5,drop_decision_no_action,4,699721996686,2587,-1,-1,-1,-1,-1
2.88733,veh5,drop_decision_no_action,6,699721996677,2568,-1,-1,-1,-1,-1
2.88883,veh5,drop_decision_no_action,9,699721996681,2563,-1,-1,-1,-1,-1
2.88958,veh5,drop_decision_no_action,8,699721996710,2622,-1,-1,-1,-1,-1
2.90308,veh5,drop_decision_no_action,2,51497,2640,-1,-1,-1,-1,-1
2.94158,veh5,drop_decision_no_action,7,699721996838,2694,-1,-1,-1,-1,-1
2.94608,veh5,drop_decision_no_action,3,51606,2692,-1,-1,-1,-1,-1
2.96158,veh5,drop_decision_no_action,7,51622,2701,-1,-1,-1,-1,-1
2.96608,veh5,drop_decision_no_action,3,699721996834,2692,-1,-1,-1,-1,-1
2.96733,veh5,drop_decision_no_action,6,699721996868,2734,-1,-1,-1,-1,-1
2.96883,veh5,drop_decision_no_action,9,51631,2720,-1,-1,-1,-1,-1
2.97008,veh5,drop_decision_no_action,4,699721996877,2743,-1,-1,-1,-1,-1
2.98883,veh5,drop_decision_no_action,9,699721996872,2720,-1,-1,-1,-1,-1
2.98958,veh5,drop_decision_no_action,8,699721996905,2783,-1,-1,-1,-1,-1
3.03008,veh5,cam_drop_reaction,4,51777,2816,-1,-1,1,1,15
3.04158,veh5,drop_decision_no_action,7,699721997031,2845,-1,-1,-1,-1,-1
3.04608,veh5,drop_decision_no_action,3,51799,2842,-1,-1,-1,-1,-1
3.06608,veh5,drop_decision_no_action,3,699721997028,2842,-1,-1,-1,-1,-1
3.06733,veh5,drop_decision_no_action,6,51828,2877,-1,-1,-1,-1,-1
3.06883,veh5,drop_decision_no_action,9,51823,2873,-1,-1,-1,-1,-1
3.07008,veh5,drop_decision_no_action,4,699721997071,2895,-1,-1,-1,-1,-1
3.08733,veh5,drop_decision_no_action,6,699721997061,2877,-1,-1,-1,-1,-1
3.08883,veh5,drop_decision_no_action,9,699721997065,2873,-1,-1,-1,-1,-1
3.08958,veh5,drop_decision_no_action,8,699721997101,2933,-1,-1,-1,-1,-1
3.10308,veh5,drop_decision_no_action,2,51889,2956,-1,-1,-1,-1,-1
3.14158,veh5,drop_decision_no_action,7,699721997221,3009,-1,-1,-1,-1,-1
3.14608,veh5,drop_decision_no_action,3,699721997218,3008,-1,-1,-1,-1,-1
3.16158,veh5,drop_decision_no_action,7,52005,3016,-1,-1,-1,-1,-1
3.16733,veh5,drop_decision_no_action,6,699721997251,3049,-1,-1,-1,-1,-1
3.17008,veh5,drop_decision_no_action,4,699721997259,3056,-1,-1,-1,-1,-1
3.17133,veh5,drop_decision_no_action,9,52014,3035,-1,-1,-1,-1,-1
3.17133,veh5,drop_decision_no_action,9,699721997255,3035,-1,-1,-1,-1,-1
3.18383,veh5,drop_decision_no_action,10,51868,2921,-1,-1,-1,-1,-1
3.18958,veh5,drop_decision_no_action,8,699721997289,3092,-1,-1,-1,-1,-1
3.23008,veh5,drop_decision_no_action,4,52159,3115,-1,-1,-1,-1,-1
3.24158,veh5,drop_decision_no_action,7,699721997412,3145,-1,-1,-1,-1,-1
3.24608,veh5,drop_decision_no_action,3,52181,3142,-1,-1,-1,-1,-1
3.24958,veh5,drop_decision_no_action,8,52176,3139,-1,-1,-1,-1,-1
3.25133,veh5,drop_decision_no_action,9,52207,3171,-1,-1,-1,-1,-1
3.25983,veh5,drop_decision_no_action,6,52213,3180,-1,-1,-1,-1,-1
3.26158,veh5,drop_decision_no_action,7,52197,3156,-1,-1,-1,-1,-1
3.26608,veh5,drop_decision_no_action,3,699721997409,3142,-1,-1,-1,-1,-1
3.27133,veh5,drop_decision_no_action,9,699721997454,3202,-1,-1,-1,-1,-1
3.27983,veh5,drop_decision_no_action,6,699721997450,3201,-1,-1,-1,-1,-1
3.28608,veh5,drop_decision_no_action,4,699721997460,3213,-1,-1,-1,-1,-1
3.28958,veh5,drop_decision_no_action,8,699721997490,3251,-1,-1,-1,-1,-1
3.30058,veh5,drop_decision_no_action,2,52276,3263,-1,-1,-1,-1,-1
3.34608,veh5,drop_decision_no_action,3,699721997606,3309,-1,-1,-1,-1,-1
3.35133,veh5,drop_decision_no_action,9,52404,3337,-1,-1,-1,-1,-1
3.37133,veh5,drop_decision_no_action,9,699721997646,3360,-1,-1,-1,-1,-1
3.37983,veh5,drop_decision_no_action,6,699721997642,3359,-1,-1,-1,-1,-1
3.38483,veh5,drop_decision_no_action,12,52431,3370,-1,-1,-1,-1,-1
3.38608,veh5,drop_decision_no_action,4,699721997651,3369,-1,-1,-1,-1,-1
3.38958,veh5,drop_decision_no_action,8,699721997689,3406,-1,-1,-1,-1,-1
3.41433,veh5,drop_decision_no_action,10,699721997580,3279,-1,-1,-1,-1,-1
3.41433,veh5,drop_decision_no_action,10,699721997779,3438,-1,-1,-1,-1,-1
3.42058,veh5,drop_decision_no_action,2,699721997783,3440,-1,-1,-1,-1,-1
3.42608,veh5,drop_decision_no_action,4,52566,3446,-1,-1,-1,-1,-1
3.44483,veh5,drop_decision_no_action,12,699721997805,3470,-1,-1,-1,-1,-1
3.44608,veh5,drop_decision_no_action,3,52589,3481,-1,-1,-1,-1,-1
3.45133,veh5,drop_decision_no_action,9,52615,3510,-1,-1,-1,-1,-1
3.45983,veh5,drop_decision_no_action,6,52620,3517,-1,-1,-1,-1,-1
3.46608,veh5,drop_decision_no_action,3,699721997817,3481,-1,-1,-1,-1,-1
3.47133,veh5,drop_decision_no_action,9,699721997860,3540,-1,-1,-1,-1,-1
3.47983,veh5,drop_decision_no_action,6,699721997857,3539,-1,-1,-1,-1,-1
3.48608,veh5,drop_decision_no_action,4,699721997867,3554,-1,-1,-1,-1,-1
3.48958,veh5,drop_decision_no_action,8,699721997901,3589,-1,-1,-1,-1,-1
3.50058,veh5,drop_decision_no_action,2,52687,3602,-1,-1,-1,-1,-1
3.51433,veh5,drop_decision_no_action,10,699721997997,3619,-1,-1,-1,-1,-1
3.53883,veh5,cpm_drop_reaction,3,699721998035,3653,-1,-1,1,1,15
3.54183,veh5,drop_decision_no_action,12,699721998021,3646,-1,-1,-1,-1,-1
3.54583,veh5,drop_decision_no_action,8,52803,3649,-1,-1,-1,-1,-1
3.55133,veh5,drop_decision_no_action,9,52837,3691,-1,-1,-1,-1,-1
3.55283,veh5,drop_decision_no_action,11,52806,3651,-1,-1,-1,-1,-1
3.56058,veh5,drop_decision_no_action,7,52604,3494,-1,-1,-1,-1,-1
3.57133,veh5,drop_decision_no_action,9,699721998079,3725,-1,-1,-1,-1,-1
3.57983,veh5,drop_decision_no_action,6,699721998076,3723,-1,-1,-1,-1,-1
3.58608,veh5,drop_decision_no_action,4,699721998085,3733,-1,-1,-1,-1,-1
3.59433,veh5,drop_decision_no_action,10,52886,3749,-1,-1,-1,-1,-1
3.60583,veh5,drop_decision_no_action,8,699721998120,3766,-1,-1,-1,-1,-1
3.61433,veh5,drop_decision_no_action,10,699721998204,3792,-1,-1,-1,-1,-1
3.62608,veh5,drop_decision_no_action,4,52990,3803,-1,-1,-1,-1,-1
3.63883,veh5,drop_decision_no_action,3,53013,3832,-1,-1,-1,-1,-1
3.64183,veh5,drop_decision_no_action,12,699721998227,3825,-1,-1,-1,-1,-1
3.65133,veh5,drop_decision_no_action,9,53035,3865,-1,-1,-1,-1,-1
3.65283,veh5,drop_decision_no_action,11,53009,3831,-1,-1,-1,-1,-1
3.65883,veh5,drop_decision_no_action,3,699721998240,3832,-1,-1,-1,-1,-1
3.65983,veh5,drop_decision_no_action,6,53039,3870,-1,-1,-1,-1,-1
3.67133,veh5,drop_decision_no_action,9,699721998278,3897,-1,-1,-1,-1,-1
3.67983,veh5,drop_decision_no_action,6,699721998275,3895,-1,-1,-1,-1,-1
3.68183,veh5,drop_decision_no_action,12,53065,3913,-1,-1,-1,-1,-1
3.68608,veh5,drop_decision_no_action,4,699721998284,3907,-1,-1,-1,-1,-1
3.70058,veh5,drop_decision_no_action,2,53101,3956,-1,-1,-1,-1,-1
3.70583,veh5,drop_decision_no_action,8,699721998316,3945,-1,-1,-1,-1,-1
3.71433,veh5,drop_decision_no_action,10,699721998401,3972,-1,-1,-1,-1,-1
3.73883,veh5,drop_decision_no_action,3,699721998433,4010,-1,-1,-1,-1,-1
3.74183,veh5,drop_decision_no_action,12,699721998421,4004,-1,-1,-1,-1,-1
3.75133,veh5,drop_decision_no_action,9,53230,4045,-1,-1,-1,-1,-1
3.75283,veh5,drop_decision_no_action,11,53203,4008,-1,-1,-1,-1,-1
3.77133,veh5,drop_decision_no_action,9,699721998471,4075,-1,-1,-1,-1,-1
3.77983,veh5,drop_decision_no_action,6,699721998467,4073,-1,-1,-1,-1,-1
3.78608,veh5,drop_decision_no_action,4,699721998476,4083,-1,-1,-1,-1,-1
3.80583,veh5,drop_decision_no_action,8,699721998506,4115,-1,-1,-1,-1,-1
3.81433,veh5,drop_decision_no_action,10,699721998590,4134,-1,-1,-1,-1,-1
3.82608,veh5,drop_decision_no_action,4,53375,4145,-1,-1,-1,-1,-1
3.83883,veh5,drop_decision_no_action,3,53400,4174,-1,-1,-1,-1,-1
3.84183,veh5,drop_decision_no_action,12,699721998613,4167,-1,-1,-1,-1,-1
3.85133,veh5,drop_decision_no_action,9,53422,4207,-1,-1,-1,-1,-1
3.85283,veh5,drop_decision_no_action,11,53396,4173,-1,-1,-1,-1,-1
3.85883,veh5,drop_decision_no_action,3,699721998628,4174,-1,-1,-1,-1,-1
3.85983,veh5,drop_decision_no_action,6,53427,4212,-1,-1,-1,-1,-1
3.87133,veh5,drop_decision_no_action,9,699721998667,4239,-1,-1,-1,-1,-1
3.87983,veh5,drop_decision_no_action,6,699721998664,4237,-1,-1,-1,-1,-1
3.88608,veh5,drop_decision_no_action,4,699721998673,4249,-1,-1,-1,-1,-1
3.90058,veh5,drop_decision_no_action,2,53485,4290,-1,-1,-1,-1,-1
3.90583,veh5,drop_decision_no_action,8,699721998701,4282,-1,-1,-1,-1,-1
3.91433,veh5,drop_decision_no_action,10,699721998787,4306,-1,-1,-1,-1,-1
3.92058,veh5,drop_decision_no_action,2,699721998792,4309,-1,-1,-1,-1,-1
3.92608,veh5,drop_decision_no_action,4,53575,4322,-1,-1,-1,-1,-1
3.93883,veh5,drop_decision_no_action,3,699721998829,4360,-1,-1,-1,-1,-1
3.94183,veh5,drop_decision_no_action,12,699721998814,4348,-1,-1,-1,-1,-1
3.94583,veh5,drop_decision_no_action,8,53595,4353,-1,-1,-1,-1,-1
3.95208,veh5,drop_decision_no_action,11,53600,4358,-1,-1,-1,-1,-1
3.96133,veh5,drop_decision_no_action,9,53627,4400,-1,-1,-1,-1,-1
3.97983,veh5,drop_decision_no_action,6,699721998865,4426,-1,-1,-1,-1,-1
3.98133,veh5,drop_decision_no_action,9,699721998868,4428,-1,-1,-1,-1,-1
3.98183,veh5,drop_decision_no_action,12,53654,4442,-1,-1,-1,-1,-1
3.98608,veh5,drop_decision_no_action,4,699721998874,4440,-1,-1,-1,-1,-1
4.00583,veh5,drop_decision_no_action,8,699721998903,4474,-1,-1,-1,-1,-1
4.01433,veh5,drop_decision_no_action,10,699721998982,4501,-1,-1,-1,-1,-1
4.02608,veh5,drop_decision_no_action,4,53767,4511,-1,-1,-1,-1,-1
4.03883,veh5,cpm_drop_reaction,3,699721999016,4540,-1,-1,1,1,15
4.04183,veh5,drop_decision_no_action,12,699721999007,4534,-1,-1,-1,-1,-1
4.05983,veh5,drop_decision_no_action,6,53816,4574,-1,-1,-1,-1,-1
4.06133,veh5,drop_decision_no_action,9,53812,4572,-1,-1,-1,-1,-1
4.07983,veh5,drop_decision_no_action,6,699721999051,4590,-1,-1,-1,-1,-1
4.08133,veh5,drop_decision_no_action,9,699721999054,4592,-1,-1,-1,-1,-1
4.08608,veh5,drop_decision_no_action,4,699721999059,4599,-1,-1,-1,-1,-1
4.10058,veh5,drop_decision_no_action,2,53870,4640,-1,-1,-1,-1,-1
4.10583,veh5,drop_decision_no_action,8,699721999084,4628,-1,-1,-1,-1,-1
4.11433,veh5,drop_decision_no_action,10,699721999164,4656,-1,-1,-1,-1,-1
4.12608,veh5,drop_decision_no_action,4,53950,4670,-1,-1,-1,-1,-1
4.13883,veh5,drop_decision_no_action,3,53974,4699,-1,-1,-1,-1,-1
4.14183,veh5,drop_decision_no_action,12,699721999188,4693,-1,-1,-1,-1,-1
4.15208,veh5,drop_decision_no_action,11,53971,4698,-1,-1,-1,-1,-1
4.15883,veh5,drop_decision_no_action,3,699721999201,4699,-1,-1,-1,-1,-1
4.15983,veh5,drop_decision_no_action,6,53999,4737,-1,-1,-1,-1,-1
4.16133,veh5,drop_decision_no_action,9,53995,4733,-1,-1,-1,-1,-1
4.17983,veh5,drop_decision_no_action,6,699721999235,4757,-1,-1,-1,-1,-1
4.18133,veh5,drop_decision_no_action,9,699721999238,4759,-1,-1,-1,-1,-1
4.18608,veh5,drop_decision_no_action,4,699721999244,4773,-1,-1,-1,-1,-1
4.19433,veh5,drop_decision_no_action,10,54039,4784,-1,-1,-1,-1,-1
4.20483,veh5,drop_decision_no_action,8,699721999273,4804,-1,-1,-1,-1,-1
4.21433,veh5,drop_decision_no_action,10,699721999357,4837,-1,-1,-1,-1,-1
4.22608,veh5,drop_decision_no_action,4,54142,4844,-1,-1,-1,-1,-1
4.23883,veh5,drop_decision_no_action,3,699721999388,4876,-1,-1,-1,-1,-1
4.24183,veh5,drop_decision_no_action,12,699721999380,4870,-1,-1,-1,-1,-1
4.26133,veh5,drop_decision_no_action,9,54186,4913,-1,-1,-1,-1,-1
4.26858,veh5,drop_decision_no_action,6,54189,4915,-1,-1,-1,-1,-1
4.28133,veh5,drop_decision_no_action,9,699721999427,4935,-1,-1,-1,-1,-1
4.28183,veh5,drop_decision_no_action,12,54213,4947,-1,-1,-1,-1,-1
4.28608,veh5,drop_decision_no_action,4,699721999432,4942,-1,-1,-1,-1,-1
4.28858,veh5,drop_decision_no_action,6,699721999425,4915,-1,-1,-1,-1,-1
4.30058,veh5,drop_decision_no_action,2,54248,5000,-1,-1,-1,-1,-1
4.30483,veh5,drop_decision_no_action,8,699721999461,4977,-1,-1,-1,-1,-1
4.31433,veh5,drop_decision_no_action,10,699721999541,5015,-1,-1,-1,-1,-1
4.32058,veh5,drop_decision_no_action,2,699721999546,5017,-1,-1,-1,-1,-1
4.33508,veh5,drop_decision_no_action,12,699721999563,5048,-1,-1,-1,-1,-1
4.33883,veh5,drop_decision_no_action,3,699721999575,5059,-1,-1,-1,-1,-1
4.35208,veh5,drop_decision_no_action,11,54346,5054,-1,-1,-1,-1,-1
4.36133,veh5,drop_decision_no_action,9,54370,5089,-1,-1,-1,-1,-1
4.36858,veh5,drop_decision_no_action,6,699721999606,5109,-1,-1,-1,-1,-1
4.38133,veh5,drop_decision_no_action,9,699721999609,5111,-1,-1,-1,-1,-1
4.38208,veh5,drop_decision_no_action,4,699721999615,5117,-1,-1,-1,-1,-1
4.40483,veh5,drop_decision_no_action,8,699721999643,5146,-1,-1,-1,-1,-1
4.41658,veh5,drop_decision_no_action,10,699721999720,5170,-1,-1,-1,-1,-1
4.42058,veh5,drop_decision_no_action,2,699721999724,5173,-1,-1,-1,-1,-1
4.42208,veh5,drop_decision_no_action,4,54507,5181,-1,-1,-1,-1,-1
4.43508,veh5,drop_decision_no_action,12,699721999745,5203,-1,-1,-1,-1,-1
4.43908,veh5,drop_decision_no_action,7,699721999578,5060,-1,-1,-1,-1,-1
4.43908,veh5,drop_decision_no_action,7,699721999764,5219,-1,-1,-1,-1,-1
4.44483,veh5,drop_decision_no_action,8,54526,5210,-1,-1,-1,-1,-1
4.45083,veh5,drop_decision_no_action,3,54531,5214,-1,-1,-1,-1,-1
4.46133,veh5,drop_decision_no_action,9,54556,5248,-1,-1,-1,-1,-1
4.46858,veh5,drop_decision_no_action,6,54561,5254,-1,-1,-1,-1,-1
4.47083,veh5,drop_decision_no_action,3,699721999760,5214,-1,-1,-1,-1,-1
4.48133,veh5,drop_decision_no_action,9,699721999799,5275,-1,-1,-1,-1,-1
4.48208,veh5,drop_decision_no_action,4,699721999804,5278,-1,-1,-1,-1,-1
4.48858,veh5,drop_decision_no_action,6,699721999796,5254,-1,-1,-1,-1,-1
4.50058,veh5,drop_decision_no_action,2,54618,5336,-1,-1,-1,-1,-1
4.50483,veh5,drop_decision_no_action,8,699721999832,5314,-1,-1,-1,-1,-1
4.51658,veh5,drop_decision_no_action,10,699721999911,5350,-1,-1,-1,-1,-1
4.52058,veh5,drop_decision_no_action,2,699721999916,5354,-1,-1,-1,-1,-1
4.53508,veh5,drop_decision_no_action,12,699721999934,5386,-1,-1,-1,-1,-1
4.53908,veh5,cpm_drop_reaction,7,699721999949,5400,-1,-1,1,1,15
4.55083,veh5,drop_decision_no_action,3,699721999946,5399,-1,-1,-1,-1,-1
4.55908,veh5,drop_decision_no_action,7,54733,5415,-1,-1,-1,-1,-1
4.56133,veh5,drop_decision_no_action,9,54743,5428,-1,-1,-1,-1,-1
4.56858,veh5,drop_decision_no_action,6,699721999979,5447,-1,-1,-1,-1,-1
4.58133,veh5,drop_decision_no_action,9,699721999983,5451,-1,-1,-1,-1,-1
4.58208,veh5,drop_decision_no_action,4,699721999988,5456,-1,-1,-1,-1,-1
4.59658,veh5,drop_decision_no_action,10,54782,5478,-1,-1,-1,-1,-1
4.60483,veh5,drop_decision_no_action,8,699722000015,5489,-1,-1,-1,-1,-1
4.61658,veh5,drop_decision_no_action,10,699722000092,5520,-1,-1,-1,-1,-1
4.62058,veh5,drop_decision_no_action,2,699722000097,5523,-1,-1,-1,-1,-1
4.62208,veh5,drop_decision_no_action,4,54879,5531,-1,-1,-1,-1,-1
4.63508,veh5,drop_decision_no_action,12,699722000117,5553,-1,-1,-1,-1,-1
4.63908,veh5,drop_decision_no_action,7,699722000134,5568,-1,-1,-1,-1,-1
4.65083,veh5,drop_decision_no_action,11,54900,5561,-1,-1,-1,-1,-1
4.65083,veh5,drop_decision_no_action,3,699722000130,5567,-1,-1,-1,-1,-1
4.66133,veh5,drop_decision_no_action,9,54925,5597,-1,-1,-1,-1,-1
4.66858,veh5,drop_decision_no_action,6,699722000162,5619,-1,-1,-1,-1,-1
4.67508,veh5,drop_decision_no_action,12,54952,5631,-1,-1,-1,-1,-1
4.68133,veh5,drop_decision_no_action,9,699722000166,5623,-1,-1,-1,-1,-1
4.68208,veh5,drop_decision_no_action,4,699722000171,5626,-1,-1,-1,-1,-1
4.69658,veh5,drop_decision_no_action,10,54970,5649,-1,-1,-1,-1,-1
4.69933,veh5,drop_decision_no_action,2,54990,5682,-1,-1,-1,-1,-1
4.70483,veh5,drop_decision_no_action,8,699722000203,5661,-1,-1,-1,-1,-1
4.71658,veh5,drop_decision_no_action,10,699722000282,5700,-1,-1,-1,-1,-1
4.71933,veh5,drop_decision_no_action,2,699722000286,5703,-1,-1,-1,-1,-1
4.73508,veh5,drop_decision_no_action,12,699722000303,5733,-1,-1,-1,-1,-1
4.73908,veh5,drop_decision_no_action,7,699722000318,5744,-1,-1,-1,-1,-1
4.75083,veh5,drop_decision_no_action,3,55086,5739,-1,-1,-1,-1,-1
4.76133,veh5,drop_decision_no_action,9,55108,5770,-1,-1,-1,-1,-1
4.76858,veh5,drop_decision_no_action,6,55113,5776,-1,-1,-1,-1,-1
4.77083,veh5,drop_decision_no_action,3,699722000315,5739,-1,-1,-1,-1,-1
4.78133,veh5,drop_decision_no_action,9,699722000350,5791,-1,-1,-1,-1,-1
4.78208,veh5,drop_decision_no_action,4,699722000355,5795,-1,-1,-1,-1,-1
4.78858,veh5,drop_decision_no_action,6,699722000346,5776,-1,-1,-1,-1,-1
4.79658,veh5,drop_decision_no_action,10,55151,5819,-1,-1,-1,-1,-1
4.80483,veh5,drop_decision_no_action,8,699722000384,5832,-1,-1,-1,-1,-1
4.81658,veh5,drop_decision_no_action,10,699722000462,5871,-1,-1,-1,-1,-1
4.81933,veh5,drop_decision_no_action,2,699722000467,5874,-1,-1,-1,-1,-1
4.83133,veh5,drop_decision_no_action,12,699722000484,5903,-1,-1,-1,-1,-1
4.83908,veh5,drop_decision_no_action,7,699722000498,5919,-1,-1,-1,-1,-1
4.85083,veh5,drop_decision_no_action,3,699722000495,5918,-1,-1,-1,-1,-1
4.85908,veh5,drop_decision_no_action,7,55281,5930,-1,-1,-1,-1,-1
4.86133,veh5,drop_decision_no_action,9,55290,5944,-1,-1,-1,-1,-1
4.86858,veh5,drop_decision_no_action,6,699722000526,5963,-1,-1,-1,-1,-1
4.88133,veh5,drop_decision_no_action,9,699722000530,5967,-1,-1,-1,-1,-1
4.88208,veh5,drop_decision_no_action,4,699722000534,5973,-1,-1,-1,-1,-1
4.89658,veh5,drop_decision_no_action,10,55328,5996,-1,-1,-1,-1,-1
4.89933,veh5,drop_decision_no_action,2,55347,6024,-1,-1,-1,-1,-1
4.90483,veh5,drop_decision_no_action,8,699722000561,6006,-1,-1,-1,-1,-1
4.91658,veh5,drop_decision_no_action,10,699722000630,6042,-1,-1,-1,-1,-1
4.91933,veh5,drop_decision_no_action,2,699722000634,6045,-1,-1,-1,-1,-1
4.92208,veh5,drop_decision_no_action,4,55417,6059,-1,-1,-1,-1,-1
4.93133,veh5,drop_decision_no_action,12,699722000654,6081,-1,-1,-1,-1,-1
4.93908,veh5,drop_decision_no_action,7,699722000668,6100,-1,-1,-1,-1,-1
4.95083,veh5,drop_decision_no_action,3,699722000665,6099,-1,-1,-1,-1,-1
4.96133,veh5,drop_decision_no_action,9,55458,6122,-1,-1,-1,-1,-1
4.96858,veh5,drop_decision_no_action,6,699722000693,6135,-1,-1,-1,-1,-1
4.98133,veh5,drop_decision_no_action,9,699722000696,6139,-1,-1,-1,-1,-1
4.98208,veh5,drop_decision_no_action,4,699722000701,6143,-1,-1,-1,-1,-1
4.99658,veh5,drop_decision_no_action,10,55494,6163,-1,-1,-1,-1,-1
5.00383,veh5,drop_decision_no_action,8,699722000728,6173,-1,-1,-1,-1,-1
5.01083,veh5,drop_decision_no_action,11,699722000790,6195,-1,-1,-1,-1,-1
5.01658,veh5,drop_decision_no_action,10,699722000800,6208,-1,-1,-1,-1,-1
5.01933,veh5,drop_decision_no_action,2,699722000804,6213,-1,-1,-1,-1,-1
5.03133,veh5,drop_decision_no_action,12,699722000822,6245,-1,-1,-1,-1,-1
5.03908,veh5,cpm_drop_reaction,7,699722000843,6264,-1,-1,1,1,15
5.04383,veh5,drop_decision_no_action,8,55603,6252,-1,-1,-1,-1,-1
5.05083,veh5,drop_decision_no_action,11,55609,6260,-1,-1,-1,-1,-1
5.05083,veh5,drop_decision_no_action,3,55612,6261,-1,-1,-1,-1,-1
5.05908,veh5,drop_decision_no_action,7,55628,6275,-1,-1,-1,-1,-1
5.06133,veh5,drop_decision_no_action,9,55640,6295,-1,-1,-1,-1,-1
5.06858,veh5,drop_decision_no_action,6,55645,6303,-1,-1,-1,-1,-1
5.07083,veh5,drop_decision_no_action,3,699722000840,6261,-1,-1,-1,-1,-1
5.08133,veh5,drop_decision_no_action,9,699722000884,6327,-1,-1,-1,-1,-1
5.08208,veh5,drop_decision_no_action,4,699722000889,6333,-1,-1,-1,-1,-1
5.08858,veh5,drop_decision_no_action,6,699722000881,6303,-1,-1,-1,-1,-1
5.09658,veh5,drop_decision_no_action,10,55683,6360,-1,-1,-1,-1,-1
5.09933,veh5,drop_decision_no_action,2,55704,6398,-1,-1,-1,-1,-1
5.10383,veh5,drop_decision_no_action,8,699722000916,6373,-1,-1,-1,-1,-1
5.11083,veh5,drop_decision_no_action,11,699722000985,6406,-1,-1,-1,-1,-1
5.11658,veh5,drop_decision_no_action,10,699722000995,6420,-1,-1,-1,-1,-1
5.11933,veh5,drop_decision_no_action,2,699722000999,6425,-1,-1,-1,-1,-1
5.13133,veh5,drop_decision_no_action,12,699722001018,6460,-1,-1,-1,-1,-1
5.13908,veh5,drop_decision_no_action,7,699722001033,6477,-1,-1,-1,-1,-1
5.15083,veh5,drop_decision_no_action,3,55802,6474,-1,-1,-1,-1,-1
5.15908,veh5,drop_decision_no_action,7,55816,6488,-1,-1,-1,-1,-1
5.16133,veh5,drop_decision_no_action,9,55826,6503,-1,-1,-1,-1,-1
5.16858,veh5,drop_decision_no_action,6,699722001062,6521,-1,-1,-1,-1,-1
5.17083,veh5,drop_decision_no_action,3,699722001030,6474,-1,-1,-1,-1,-1
5.17133,veh5,drop_decision_no_action,12,55853,6537,-1,-1,-1,-1,-1
5.18133,veh5,drop_decision_no_action,9,699722001066,6525,-1,-1,-1,-1,-1
5.18208,veh5,drop_decision_no_action,4,699722001071,6531,-1,-1,-1,-1,-1
5.20383,veh5,drop_decision_no_action,8,699722001102,6578,-1,-1,-1,-1,-1
5.21933,veh5,drop_decision_no_action,2,699722001187,6610,-1,-1,-1,-1,-1
5.22158,veh5,drop_decision_no_action,11,699722001173,6598,-1,-1,-1,-1,-1
5.22208,veh5,drop_decision_no_action,4,55969,6618,-1,-1,-1,-1,-1
5.22833,veh5,drop_decision_no_action,10,699722001182,6608,-1,-1,-1,-1,-1
5.23133,veh5,drop_decision_no_action,12,699722001208,6643,-1,-1,-1,-1,-1
5.23908,veh5,drop_decision_no_action,7,699722001224,6664,-1,-1,-1,-1,-1
5.25083,veh5,drop_decision_no_action,3,55993,6661,-1,-1,-1,-1,-1
5.25683,veh5,drop_decision_no_action,9,56018,6694,-1,-1,-1,-1,-1
5.25908,veh5,drop_decision_no_action,7,56009,6680,-1,-1,-1,-1,-1
5.26858,veh5,drop_decision_no_action,6,699722001256,6714,-1,-1,-1,-1,-1
5.27083,veh5,drop_decision_no_action,3,699722001221,6661,-1,-1,-1,-1,-1
5.27683,veh5,drop_decision_no_action,9,699722001259,6718,-1,-1,-1,-1,-1
5.28208,veh5,drop_decision_no_action,4,699722001264,6724,-1,-1,-1,-1,-1
5.28833,veh5,drop_decision_no_action,10,56060,6753,-1,-1,-1,-1,-1
5.29933,veh5,drop_decision_no_action,2,56078,6782,-1,-1,-1,-1,-1
5.30383,veh5,drop_decision_no_action,8,699722001292,6764,-1,-1,-1,-1,-1
5.31933,veh5,drop_decision_no_action,2,699722001375,6805,-1,-1,-1,-1,-1
5.32158,veh5,drop_decision_no_action,11,699722001361,6793,-1,-1,-1,-1,-1
5.32833,veh5,drop_decision_no_action,10,699722001371,6804,-1,-1,-1,-1,-1
5.33133,veh5,drop_decision_no_action,12,699722001392,6838,-1,-1,-1,-1,-1
5.33908,veh5,drop_decision_no_action,7,699722001409,6856,-1,-1,-1,-1,-1
5.35683,veh5,drop_decision_no_action,9,56199,6881,-1,-1,-1,-1,-1
5.36858,veh5,drop_decision_no_action,6,56203,6886,-1,-1,-1,-1,-1
5.37683,veh5,drop_decision_no_action,9,699722001441,6905,-1,-1,-1,-1,-1
5.38208,veh5,drop_decision_no_action,4,699722001446,6911,-1,-1,-1,-1,-1
5.38858,veh5,drop_decision_no_action,6,699722001438,6886,-1,-1,-1,-1,-1
5.40383,veh5,drop_decision_no_action,8,699722001471,6947,-1,-1,-1,-1,-1
5.41933,veh5,drop_decision_no_action,2,699722001546,6982,-1,-1,-1,-1,-1
5.42158,veh5,drop_decision_no_action,11,699722001536,6972,-1,-1,-1,-1,-1
5.42833,veh5,drop_decision_no_action,10,699722001542,6981,-1,-1,-1,-1,-1
5.43133,veh5,drop_decision_no_action,12,699722001564,7012,-1,-1,-1,-1,-1
5.43908,veh5,drop_decision_no_action,7,699722001582,7031,-1,-1,-1,-1,-1
5.44158,veh5,drop_decision_no_action,11,56348,7027,-1,-1,-1,-1,-1
5.45683,veh5,drop_decision_no_action,9,56377,7060,-1,-1,-1,-1,-1
5.45908,veh5,drop_decision_no_action,7,56368,7048,-1,-1,-1,-1,-1
5.46858,veh5,drop_decision_no_action,6,699722001615,7079,-1,-1,-1,-1,-1
5.47333,veh5,drop_decision_no_action,3,56351,7028,-1,-1,-1,-1,-1
5.47333,veh5,drop_decision_no_action,3,699722001579,7028,-1,-1,-1,-1,-1
5.47683,veh5,drop_decision_no_action,9,699722001618,7082,-1,-1,-1,-1,-1
5.48258,veh5,drop_decision_no_action,4,699722001624,7090,-1,-1,-1,-1,-1
5.49933,veh5,drop_decision_no_action,2,56436,7143,-1,-1,-1,-1,-1
5.50383,veh5,drop_decision_no_action,8,699722001651,7129,-1,-1,-1,-1,-1
5.51933,veh5,drop_decision_no_action,2,699722001739,7163,-1,-1,-1,-1,-1
5.52158,veh5,drop_decision_no_action,11,699722001724,7150,-1,-1,-1,-1,-1
5.52258,veh5,drop_decision_no_action,4,56522,7176,-1,-1,-1,-1,-1
5.52833,veh5,drop_decision_no_action,10,699722001734,7162,-1,-1,-1,-1,-1
5.53133,veh5,drop_decision_no_action,12,699722001762,7202,-1,-1,-1,-1,-1
5.53908,veh5,cpm_drop_reaction,7,699722001781,7222,-1,-1,1,1,15
5.55683,veh5,drop_decision_no_action,9,56577,7247,-1,-1,-1,-1,-1
5.57683,veh5,drop_decision_no_action,9,699722001817,7270,-1,-1,-1,-1,-1
5.57958,veh5,drop_decision_no_action,6,699722001814,7268,-1,-1,-1,-1,-1
5.58258,veh5,drop_decision_no_action,4,699722001823,7277,-1,-1,-1,-1,-1
5.58833,veh5,drop_decision_no_action,10,56619,7294,-1,-1,-1,-1,-1
5.60383,veh5,drop_decision_no_action,8,699722001853,7311,-1,-1,-1,-1,-1
5.61933,veh5,drop_decision_no_action,2,699722001939,7348,-1,-1,-1,-1,-1
5.62158,veh5,drop_decision_no_action,11,699722001927,7338,-1,-1,-1,-1,-1
5.62833,veh5,drop_decision_no_action,10,699722001934,7347,-1,-1,-1,-1,-1
5.63133,veh5,drop_decision_no_action,12,699722001958,7379,-1,-1,-1,-1,-1
5.63908,veh5,drop_decision_no_action,7,699722001976,7396,-1,-1,-1,-1,-1
5.64383,veh5,drop_decision_no_action,8,56740,7383,-1,-1,-1,-1,-1
5.65683,veh5,drop_decision_no_action,9,56771,7423,-1,-1,-1,-1,-1
5.65908,veh5,drop_decision_no_action,7,56761,7412,-1,-1,-1,-1,-1
5.65958,veh5,drop_decision_no_action,6,56776,7427,-1,-1,-1,-1,-1
5.67133,veh5,drop_decision_no_action,12,56803,7464,-1,-1,-1,-1,-1
5.67333,veh5,drop_decision_no_action,3,699722001973,7395,-1,-1,-1,-1,-1
5.67683,veh5,drop_decision_no_action,9,699722002016,7451,-1,-1,-1,-1,-1
5.67958,veh5,drop_decision_no_action,6,699722002013,7449,-1,-1,-1,-1,-1
5.68258,veh5,drop_decision_no_action,4,699722002022,7461,-1,-1,-1,-1,-1
5.69933,veh5,drop_decision_no_action,2,56841,7517,-1,-1,-1,-1,-1
5.70383,veh5,drop_decision_no_action,8,699722002055,7501,-1,-1,-1,-1,-1
5.71608,veh5,drop_decision_no_action,2,699722002145,7537,-1,-1,-1,-1,-1
5.72158,veh5,drop_decision_no_action,11,699722002131,7525,-1,-1,-1,-1,-1
5.72833,veh5,drop_decision_no_action,10,699722002140,7536,-1,-1,-1,-1,-1
5.73133,veh5,drop_decision_no_action,12,699722002166,7574,-1,-1,-1,-1,-1
5.75683,veh5,drop_decision_no_action,9,56976,7609,-1,-1,-1,-1,-1
5.77683,veh5,drop_decision_no_action,9,699722002216,7633,-1,-1,-1,-1,-1
5.77958,veh5,drop_decision_no_action,6,699722002213,7631,-1,-1,-1,-1,-1
5.78258,veh5,drop_decision_no_action,4,699722002222,7643,-1,-1,-1,-1,-1
5.80383,veh5,drop_decision_no_action,8,699722002253,7677,-1,-1,-1,-1,-1
5.81608,veh5,drop_decision_no_action,2,699722002341,7706,-1,-1,-1,-1,-1
5.82158,veh5,drop_decision_no_action,11,699722002329,7696,-1,-1,-1,-1,-1
5.82258,veh5,drop_decision_no_action,4,57125,7718,-1,-1,-1,-1,-1
5.82533,veh5,drop_decision_no_action,10,699722002336,7705,-1,-1,-1,-1,-1
5.83133,veh5,drop_decision_no_action,12,699722002367,7749,-1,-1,-1,-1,-1
5.86183,veh5,drop_decision_no_action,9,57175,7780,-1,-1,-1,-1,-1
5.87333,veh5,drop_decision_no_action,3,699722002379,7763,-1,-1,-1,-1,-1
5.87958,veh5,drop_decision_no_action,6,699722002410,7794,-1,-1,-1,-1,-1
5.88183,veh5,drop_decision_no_action,9,699722002414,7799,-1,-1,-1,-1,-1
5.88258,veh5,drop_decision_no_action,4,699722002421,7809,-1,-1,-1,-1,-1
5.88533,veh5,drop_decision_no_action,10,57218,7824,-1,-1,-1,-1,-1
5.90383,veh5,drop_decision_no_action,8,699722002453,7845,-1,-1,-1,-1,-1
5.91608,veh5,drop_decision_no_action,2,57241,7868,-1,-1,-1,-1,-1
5.91608,veh5,drop_decision_no_action,2,699722002542,7868,-1,-1,-1,-1,-1
5.92158,veh5,drop_decision_no_action,11,699722002530,7872,-1,-1,-1,-1,-1
5.92533,veh5,drop_decision_no_action,10,699722002538,7882,-1,-1,-1,-1,-1
5.93133,veh5,drop_decision_no_action,12,699722002563,7921,-1,-1,-1,-1,-1
5.94733,veh5,drop_decision_no_action,3,699722002574,7931,-1,-1,-1,-1,-1
5.95958,veh5,drop_decision_no_action,6,57374,7953,-1,-1,-1,-1,-1
5.96183,veh5,drop_decision_no_action,9,57369,7950,-1,-1,-1,-1,-1
5.97333,veh5,drop_decision_no_action,7,699722002577,7932,-1,-1,-1,-1,-1
5.97958,veh5,drop_decision_no_action,6,699722002610,7968,-1,-1,-1,-1,-1
5.98183,veh5,drop_decision_no_action,9,699722002614,7972,-1,-1,-1,-1,-1
5.98258,veh5,drop_decision_no_action,4,699722002620,7981,-1,-1,-1,-1,-1
6.00383,veh5,drop_decision_no_action,8,699722002649,8011,-1,-1,-1,-1,-1
6.01608,veh5,drop_decision_no_action,2,699722002726,8043,-1,-1,-1,-1,-1
6.02158,veh5,drop_decision_no_action,11,699722002712,8031,-1,-1,-1,-1,-1
6.02533,veh5,drop_decision_no_action,10,699722002721,8042,-1,-1,-1,-1,-1
6.03133,veh5,drop_decision_no_action,12,699722002747,8081,-1,-1,-1,-1,-1
6.04158,veh5,cam_drop_reaction,11,57531,8090,-1,-1,1,1,15
6.04733,veh5,drop_decision_no_action,3,57535,8091,-1,-1,-1,-1,-1
6.05333,veh5,drop_decision_no_action,7,699722002767,8094,-1,-1,-1,-1,-1
6.05958,veh5,drop_decision_no_action,6,57568,8127,-1,-1,-1,-1,-1
6.06183,veh5,drop_decision_no_action,9,57564,8125,-1,-1,-1,-1,-1
6.06733,veh5,drop_decision_no_action,3,699722002763,8091,-1,-1,-1,-1,-1
6.07958,veh5,drop_decision_no_action,6,699722002805,8145,-1,-1,-1,-1,-1
6.08183,veh5,drop_decision_no_action,9,699722002809,8149,-1,-1,-1,-1,-1
6.08258,veh5,drop_decision_no_action,4,699722002815,8157,-1,-1,-1,-1,-1
6.10383,veh5,drop_decision_no_action,8,699722002844,8194,-1,-1,-1,-1,-1
6.11608,veh5,drop_decision_no_action,2,57631,8211,-1,-1,-1,-1,-1
6.11608,veh5,drop_decision_no_action,2,699722002924,8211,-1,-1,-1,-1,-1
6.12058,veh5,drop_decision_no_action,11,699722002912,8217,-1,-1,-1,-1,-1
6.12133,veh5,drop_decision_no_action,4,57707,8238,-1,-1,-1,-1,-1
6.12533,veh5,drop_decision_no_action,10,699722002919,8225,-1,-1,-1,-1,-1
6.12983,veh5,drop_decision_no_action,12,699722002947,8264,-1,-1,-1,-1,-1
6.14733,veh5,drop_decision_no_action,3,699722002958,8275,-1,-1,-1,-1,-1
6.15333,veh5,drop_decision_no_action,7,699722002961,8276,-1,-1,-1,-1,-1
6.15958,veh5,drop_decision_no_action,6,57760,8304,-1,-1,-1,-1,-1
6.16183,veh5,drop_decision_no_action,9,57756,8302,-1,-1,-1,-1,-1
6.16983,veh5,drop_decision_no_action,12,57786,8339,-1,-1,-1,-1,-1
6.17333,veh5,drop_decision_no_action,7,57746,8276,-1,-1,-1,-1,-1
6.17958,veh5,drop_decision_no_action,6,699722002996,8322,-1,-1,-1,-1,-1
6.18133,veh5,drop_decision_no_action,4,699722003005,8333,-1,-1,-1,-1,-1
6.18183,veh5,drop_decision_no_action,9,699722003000,8326,-1,-1,-1,-1,-1
6.20383,veh5,drop_decision_no_action,8,699722003037,8378,-1,-1,-1,-1,-1
6.21608,veh5,drop_decision_no_action,2,699722003118,8410,-1,-1,-1,-1,-1
6.22058,veh5,drop_decision_no_action,11,699722003105,8400,-1,-1,-1,-1,-1
6.22133,veh5,drop_decision_no_action,4,57901,8421,-1,-1,-1,-1,-1
6.22533,veh5,drop_decision_no_action,10,699722003113,8408,-1,-1,-1,-1,-1
6.22983,veh5,drop_decision_no_action,12,699722003142,8447,-1,-1,-1,-1,-1
6.24733,veh5,drop_decision_no_action,3,699722003156,8459,-1,-1,-1,-1,-1
6.25333,veh5,drop_decision_no_action,7,699722003159,8460,-1,-1,-1,-1,-1
6.25958,veh5,drop_decision_no_action,6,57956,8491,-1,-1,-1,-1,-1
6.26183,veh5,drop_decision_no_action,9,57952,8489,-1,-1,-1,-1,-1
6.27958,veh5,drop_decision_no_action,6,699722003193,8512,-1,-1,-1,-1,-1
6.28133,veh5,drop_decision_no_action,4,699722003202,8523,-1,-1,-1,-1,-1
6.28183,veh5,drop_decision_no_action,9,699722003197,8516,-1,-1,-1,-1,-1
6.29908,veh5,drop_decision_no_action,2,58015,8569,-1,-1,-1,-1,-1
6.31908,veh5,drop_decision_no_action,2,699722003317,8594,-1,-1,-1,-1,-1
6.32058,veh5,drop_decision_no_action,11,699722003302,8580,-1,-1,-1,-1,-1
6.32133,veh5,drop_decision_no_action,4,58101,8605,-1,-1,-1,-1,-1
6.32533,veh5,drop_decision_no_action,10,699722003313,8592,-1,-1,-1,-1,-1
6.32983,veh5,drop_decision_no_action,12,699722003342,8637,-1,-1,-1,-1,-1
6.34733,veh5,drop_decision_no_action,3,58128,8647,-1,-1,-1,-1,-1
6.35333,veh5,drop_decision_no_action,7,699722003360,8651,-1,-1,-1,-1,-1
6.35958,veh5,drop_decision_no_action,6,58155,8678,-1,-1,-1,-1,-1
6.36183,veh5,drop_decision_no_action,9,58151,8676,-1,-1,-1,-1,-1
6.36733,veh5,drop_decision_no_action,3,699722003356,8647,-1,-1,-1,-1,-1
6.36983,veh5,drop_decision_no_action,12,58181,8715,-1,-1,-1,-1,-1
6.37958,veh5,drop_decision_no_action,6,699722003391,8696,-1,-1,-1,-1,-1
6.38133,veh5,drop_decision_no_action,4,699722003400,8707,-1,-1,-1,-1,-1
6.38183,veh5,drop_decision_no_action,9,699722003394,8700,-1,-1,-1,-1,-1
6.40383,veh5,drop_decision_no_action,8,699722003228,8554,-1,-1,-1,-1,-1
6.40383,veh5,drop_decision_no_action,8,699722003433,8753,-1,-1,-1,-1,-1
6.41908,veh5,drop_decision_no_action,2,699722003522,8784,-1,-1,-1,-1,-1
6.42058,veh5,drop_decision_no_action,11,699722003509,8774,-1,-1,-1,-1,-1
6.42133,veh5,drop_decision_no_action,4,58305,8793,-1,-1,-1,-1,-1
6.42533,veh5,drop_decision_no_action,10,699722003517,8782,-1,-1,-1,-1,-1
6.42983,veh5,drop_decision_no_action,12,699722003545,8821,-1,-1,-1,-1,-1
6.44733,veh5,drop_decision_no_action,3,699722003556,8832,-1,-1,-1,-1,-1
6.45333,veh5,drop_decision_no_action,7,699722003560,8833,-1,-1,-1,-1,-1
6.45958,veh5,drop_decision_no_action,6,58359,8861,-1,-1,-1,-1,-1
6.46183,veh5,drop_decision_no_action,9,58354,8859,-1,-1,-1,-1,-1
6.46983,veh5,drop_decision_no_action,12,58383,8896,-1,-1,-1,-1,-1
6.47333,veh5,drop_decision_no_action,7,58345,8833,-1,-1,-1,-1,-1
6.47958,veh5,drop_decision_no_action,6,699722003594,8879,-1,-1,-1,-1,-1
6.48133,veh5,drop_decision_no_action,4,699722003603,8890,-1,-1,-1,-1,-1
6.48183,veh5,drop_decision_no_action,9,699722003598,8883,-1,-1,-1,-1,-1
6.48533,veh5,drop_decision_no_action,10,58404,8915,-1,-1,-1,-1,-1
6.49908,veh5,drop_decision_no_action,2,58428,8959,-1,-1,-1,-1,-1
6.50058,veh5,drop_decision_no_action,8,699722003641,8938,-1,-1,-1,-1,-1
6.51908,veh5,drop_decision_no_action,2,699722003730,8982,-1,-1,-1,-1,-1
6.52058,veh5,drop_decision_no_action,11,699722003718,8973,-1,-1,-1,-1,-1
6.52133,veh5,drop_decision_no_action,4,58514,8992,-1,-1,-1,-1,-1
6.52333,veh5,drop_decision_no_action,10,699722003725,8980,-1,-1,-1,-1,-1
6.52983,veh5,drop_decision_no_action,12,699722003754,9018,-1,-1,-1,-1,-1
6.54733,veh5,cpm_drop_reaction,3,699722003765,9031,-1,-1,1,1,15
6.55333,veh5,drop_decision_no_action,7,699722003769,9032,-1,-1,-1,-1,-1
6.56158,veh5,drop_decision_no_action,6,58568,9059,-1,-1,-1,-1,-1
6.56183,veh5,drop_decision_no_action,9,58564,9057,-1,-1,-1,-1,-1
6.56983,veh5,drop_decision_no_action,12,58594,9094,-1,-1,-1,-1,-1
6.58133,veh5,drop_decision_no_action,4,699722003814,9088,-1,-1,-1,-1,-1
6.58158,veh5,drop_decision_no_action,6,699722003804,9077,-1,-1,-1,-1,-1
6.58183,veh5,drop_decision_no_action,9,699722003808,9082,-1,-1,-1,-1,-1
6.60058,veh5,drop_decision_no_action,8,699722003844,9127,-1,-1,-1,-1,-1
6.61908,veh5,drop_decision_no_action,2,699722003927,9158,-1,-1,-1,-1,-1
6.62058,veh5,drop_decision_no_action,11,699722003914,9151,-1,-1,-1,-1,-1
6.62133,veh5,drop_decision_no_action,4,58711,9170,-1,-1,-1,-1,-1
6.62333,veh5,drop_decision_no_action,10,699722003923,9156,-1,-1,-1,-1,-1
6.62983,veh5,drop_decision_no_action,12,699722003951,9200,-1,-1,-1,-1,-1
6.64058,veh5,drop_decision_no_action,11,58736,9212,-1,-1,-1,-1,-1
6.64733,veh5,drop_decision_no_action,3,58740,9213,-1,-1,-1,-1,-1
6.65333,veh5,drop_decision_no_action,7,699722003971,9217,-1,-1,-1,-1,-1
6.66183,veh5,drop_decision_no_action,9,58764,9248,-1,-1,-1,-1,-1
6.66733,veh5,drop_decision_no_action,3,699722003968,9213,-1,-1,-1,-1,-1
6.66983,veh5,drop_decision_no_action,12,58789,9283,-1,-1,-1,-1,-1
6.68133,veh5,drop_decision_no_action,4,699722004008,9275,-1,-1,-1,-1,-1
6.68158,veh5,drop_decision_no_action,6,699722003999,9266,-1,-1,-1,-1,-1
6.68183,veh5,drop_decision_no_action,9,699722004003,9270,-1,-1,-1,-1,-1
6.69908,veh5,drop_decision_no_action,2,58827,9333,-1,-1,-1,-1,-1
6.70058,veh5,drop_decision_no_action,8,699722004040,9318,-1,-1,-1,-1,-1
6.71908,veh5,drop_decision_no_action,2,699722004128,9356,-1,-1,-1,-1,-1
6.72058,veh5,drop_decision_no_action,11,699722004117,9347,-1,-1,-1,-1,-1
6.72133,veh5,drop_decision_no_action,4,58912,9366,-1,-1,-1,-1,-1
6.72333,veh5,drop_decision_no_action,10,699722004123,9354,-1,-1,-1,-1,-1
6.72983,veh5,drop_decision_no_action,12,699722004151,9392,-1,-1,-1,-1,-1
6.74733,veh5,drop_decision_no_action,3,699722004162,9405,-1,-1,-1,-1,-1
6.75333,veh5,drop_decision_no_action,7,699722004165,9406,-1,-1,-1,-1,-1
6.76158,veh5,drop_decision_no_action,6,58964,9434,-1,-1,-1,-1,-1
6.76183,veh5,drop_decision_no_action,9,58959,9432,-1,-1,-1,-1,-1
6.76983,veh5,drop_decision_no_action,12,58989,9469,-1,-1,-1,-1,-1
6.77333,veh5,drop_decision_no_action,7,58949,9406,-1,-1,-1,-1,-1
6.78133,veh5,drop_decision_no_action,4,699722004208,9463,-1,-1,-1,-1,-1
6.78158,veh5,drop_decision_no_action,6,699722004198,9452,-1,-1,-1,-1,-1
6.78183,veh5,drop_decision_no_action,9,699722004203,9457,-1,-1,-1,-1,-1
6.81908,veh5,drop_decision_no_action,2,699722004318,9535,-1,-1,-1,-1,-1
6.82058,veh5,drop_decision_no_action,11,699722004308,9530,-1,-1,-1,-1,-1
6.82333,veh5,drop_decision_no_action,10,699722004313,9533,-1,-1,-1,-1,-1
6.82983,veh5,drop_decision_no_action,12,699722004336,9562,-1,-1,-1,-1,-1
6.84058,veh5,drop_decision_no_action,8,59118,9568,-1,-1,-1,-1,-1
6.84733,veh5,drop_decision_no_action,3,699722004349,9573,-1,-1,-1,-1,-1
6.85333,veh5,drop_decision_no_action,7,699722004352,9574,-1,-1,-1,-1,-1
6.85383,veh5,drop_decision_no_action,9,59145,9602,-1,-1,-1,-1,-1
6.86983,veh5,drop_decision_no_action,12,59170,9638,-1,-1,-1,-1,-1
6.87383,veh5,drop_decision_no_action,9,699722004385,9629,-1,-1,-1,-1,-1
6.88133,veh5,drop_decision_no_action,4,699722004390,9636,-1,-1,-1,-1,-1
6.88158,veh5,drop_decision_no_action,6,699722004382,9626,-1,-1,-1,-1,-1
6.89908,veh5,drop_decision_no_action,2,59203,9683,-1,-1,-1,-1,-1
6.91908,veh5,drop_decision_no_action,2,699722004501,9703,-1,-1,-1,-1,-1
6.92058,veh5,drop_decision_no_action,11,699722004487,9694,-1,-1,-1,-1,-1
6.92133,veh5,drop_decision_no_action,4,59284,9712,-1,-1,-1,-1,-1
6.92333,veh5,drop_decision_no_action,10,699722004496,9701,-1,-1,-1,-1,-1
6.92983,veh5,drop_decision_no_action,12,699722004524,9741,-1,-1,-1,-1,-1
6.94733,veh5,drop_decision_no_action,3,59309,9754,-1,-1,-1,-1,-1
6.95383,veh5,drop_decision_no_action,9,59332,9782,-1,-1,-1,-1,-1
6.95583,veh5,drop_decision_no_action,7,699722004541,9758,-1,-1,-1,-1,-1
6.96733,veh5,drop_decision_no_action,3,699722004538,9754,-1,-1,-1,-1,-1
6.96983,veh5,drop_decision_no_action,12,59359,9816,-1,-1,-1,-1,-1
6.97383,veh5,drop_decision_no_action,9,699722004572,9804,-1,-1,-1,-1,-1
6.98133,veh5,drop_decision_no_action,4,699722004578,9810,-1,-1,-1,-1,-1
6.98158,veh5,drop_decision_no_action,6,699722004569,9801,-1,-1,-1,-1,-1
7.01783,veh5,drop_decision_no_action,11,699722004674,9872,-1,-1,-1,-1,-1
7.01908,veh5,drop_decision_no_action,2,699722004684,9877,-1,-1,-1,-1,-1
7.02333,veh5,drop_decision_no_action,10,699722004680,9875,-1,-1,-1,-1,-1
7.04683,veh5,drop_decision_no_action,3,699722004713,9914,-1,-1,-1,-1,-1
7.05383,veh5,cam_drop_reaction,9,59512,9943,-1,-1,1,1,15
7.05583,veh5,drop_decision_no_action,7,699722004716,9917,-1,-1,-1,-1,-1
7.06158,veh5,drop_decision_no_action,6,59516,9944,-1,-1,-1,-1,-1
7.07383,veh5,drop_decision_no_action,9,699722004755,9968,-1,-1,-1,-1,-1
7.07583,veh5,drop_decision_no_action,7,59502,9917,-1,-1,-1,-1,-1
7.08133,veh5,drop_decision_no_action,4,699722004761,9974,-1,-1,-1,-1,-1
7.08158,veh5,drop_decision_no_action,6,699722004752,9964,-1,-1,-1,-1,-1
7.08333,veh5,drop_decision_no_action,10,59557,9993,-1,-1,-1,-1,-1
7.09908,veh5,drop_decision_no_action,2,59576,10032,-1,-1,-1,-1,-1
7.11783,veh5,drop_decision_no_action,11,699722004854,10044,-1,-1,-1,-1,-1
7.11908,veh5,drop_decision_no_action,2,699722004865,10052,-1,-1,-1,-1,-1
7.12333,veh5,drop_decision_no_action,10,699722004861,10050,-1,-1,-1,-1,-1
7.14683,veh5,drop_decision_no_action,3,699722004893,10089,-1,-1,-1,-1,-1
7.15383,veh5,drop_decision_no_action,9,59691,10118,-1,-1,-1,-1,-1
7.15583,veh5,drop_decision_no_action,7,699722004897,10092,-1,-1,-1,-1,-1
7.17383,veh5,drop_decision_no_action,9,699722004930,10139,-1,-1,-1,-1,-1
7.17583,veh5,drop_decision_no_action,7,59681,10092,-1,-1,-1,-1,-1
7.18058,veh5,drop_decision_no_action,6,699722004927,10136,-1,-1,-1,-1,-1
7.18133,veh5,drop_decision_no_action,4,699722004936,10144,-1,-1,-1,-1,-1
7.20058,veh5,drop_decision_no_action,8,699722004966,10185,-1,-1,-1,-1,-1
7.21283,veh5,drop_decision_no_action,2,699722005044,10216,-1,-1,-1,-1,-1
7.21783,veh5,drop_decision_no_action,11,699722005030,10209,-1,-1,-1,-1,-1
7.22008,veh5,drop_decision_no_action,4,59829,10234,-1,-1,-1,-1,-1
7.22333,veh5,drop_decision_no_action,10,699722005039,10214,-1,-1,-1,-1,-1
7.23783,veh5,drop_decision_no_action,11,59852,10270,-1,-1,-1,-1,-1
7.24683,veh5,drop_decision_no_action,3,59856,10272,-1,-1,-1,-1,-1
7.25383,veh5,drop_decision_no_action,9,59883,10309,-1,-1,-1,-1,-1
7.25583,veh5,drop_decision_no_action,7,699722005087,10278,-1,-1,-1,-1,-1
7.26683,veh5,drop_decision_no_action,3,699722005084,10272,-1,-1,-1,-1,-1
7.26983,veh5,drop_decision_no_action,12,59716,10148,-1,-1,-1,-1,-1
7.27383,veh5,drop_decision_no_action,9,699722005122,10331,-1,-1,-1,-1,-1
7.27583,veh5,drop_decision_no_action,7,59872,10278,-1,-1,-1,-1,-1
7.28008,veh5,drop_decision_no_action,4,699722005128,10336,-1,-1,-1,-1,-1
7.28058,veh5,drop_decision_no_action,6,699722005119,10328,-1,-1,-1,-1,-1
7.31283,veh5,drop_decision_no_action,2,59941,10392,-1,-1,-1,-1,-1
7.31283,veh5,drop_decision_no_action,2,699722005237,10392,-1,-1,-1,-1,-1
7.31783,veh5,drop_decision_no_action,11,699722005222,10398,-1,-1,-1,-1,-1
7.32333,veh5,drop_decision_no_action,10,699722005232,10402,-1,-1,-1,-1,-1
7.34683,veh5,drop_decision_no_action,3,699722005267,10448,-1,-1,-1,-1,-1
7.35383,veh5,drop_decision_no_action,9,60065,10476,-1,-1,-1,-1,-1
7.35583,veh5,drop_decision_no_action,7,699722005270,10451,-1,-1,-1,-1,-1
7.36058,veh5,drop_decision_no_action,6,60069,10478,-1,-1,-1,-1,-1
7.37383,veh5,drop_decision_no_action,9,699722005308,10501,-1,-1,-1,-1,-1
7.37583,veh5,drop_decision_no_action,7,60054,10451,-1,-1,-1,-1,-1
7.38008,veh5,drop_decision_no_action,4,699722005313,10507,-1,-1,-1,-1,-1
7.38058,veh5,drop_decision_no_action,6,699722005305,10498,-1,-1,-1,-1,-1
7.41283,veh5,drop_decision_no_action,2,699722005424,10578,-1,-1,-1,-1,-1
7.41783,veh5,drop_decision_no_action,11,699722005410,10573,-1,-1,-1,-1,-1
7.42333,veh5,drop_decision_no_action,10,699722005419,10577,-1,-1,-1,-1,-1
7.43233,veh5,drop_decision_no_action,12,699722005257,10437,-1,-1,-1,-1,-1
7.43758,veh5,drop_decision_no_action,8,60226,10615,-1,-1,-1,-1,-1
7.44683,veh5,drop_decision_no_action,3,699722005458,10624,-1,-1,-1,-1,-1
7.45383,veh5,drop_decision_no_action,9,60257,10656,-1,-1,-1,-1,-1
7.47383,veh5,drop_decision_no_action,9,699722005497,10681,-1,-1,-1,-1,-1
7.48008,veh5,drop_decision_no_action,4,699722005502,10686,-1,-1,-1,-1,-1
7.48058,veh5,drop_decision_no_action,6,699722005494,10678,-1,-1,-1,-1,-1
7.51283,veh5,drop_decision_no_action,2,60313,10735,-1,-1,-1,-1,-1
7.51283,veh5,drop_decision_no_action,2,699722005604,10735,-1,-1,-1,-1,-1
7.51783,veh5,drop_decision_no_action,11,699722005591,10741,-1,-1,-1,-1,-1
7.52008,veh5,drop_decision_no_action,4,60387,10759,-1,-1,-1,-1,-1
7.52333,veh5,drop_decision_no_action,10,699722005599,10745,-1,-1,-1,-1,-1
7.53233,veh5,drop_decision_no_action,12,699722005444,10612,-1,-1,-1,-1,-1
7.53233,veh5,drop_decision_no_action,12,699722005626,10785,-1,-1,-1,-1,-1
7.54683,veh5,drop_decision_no_action,3,60412,10798,-1,-1,-1,-1,-1
7.55383,veh5,cam_drop_reaction,9,60437,10827,-1,-1,1,1,15
7.56683,veh5,drop_decision_no_action,3,699722005640,10798,-1,-1,-1,-1,-1
7.57383,veh5,drop_decision_no_action,9,699722005677,10849,-1,-1,-1,-1,-1
7.58008,veh5,drop_decision_no_action,4,699722005683,10854,-1,-1,-1,-1,-1
7.58058,veh5,drop_decision_no_action,6,699722005674,10846,-1,-1,-1,-1,-1
7.61283,veh5,drop_decision_no_action,2,699722005780,10913,-1,-1,-1,-1,-1
7.61783,veh5,drop_decision_no_action,11,699722005767,10908,-1,-1,-1,-1,-1
7.62333,veh5,drop_decision_no_action,10,699722005776,10912,-1,-1,-1,-1,-1
7.63233,veh5,drop_decision_no_action,12,699722005800,10947,-1,-1,-1,-1,-1
7.64683,veh5,drop_decision_no_action,3,699722005811,10957,-1,-1,-1,-1,-1
7.65383,veh5,drop_decision_no_action,9,60608,10986,-1,-1,-1,-1,-1
7.66058,veh5,drop_decision_no_action,6,60613,10988,-1,-1,-1,-1,-1
7.67383,veh5,drop_decision_no_action,9,699722005851,11011,-1,-1,-1,-1,-1
7.68008,veh5,drop_decision_no_action,4,699722005857,11017,-1,-1,-1,-1,-1
7.68058,veh5,drop_decision_no_action,6,699722005849,11008,-1,-1,-1,-1,-1
7.68333,veh5,drop_decision_no_action,10,60652,11038,-1,-1,-1,-1,-1
7.71283,veh5,drop_decision_no_action,2,60671,11077,-1,-1,-1,-1,-1
7.71283,veh5,drop_decision_no_action,2,699722005963,11077,-1,-1,-1,-1,-1
7.71783,veh5,drop_decision_no_action,11,699722005949,11084,-1,-1,-1,-1,-1
7.72333,veh5,drop_decision_no_action,10,699722005958,11088,-1,-1,-1,-1,-1
7.73233,veh5,drop_decision_no_action,12,699722005983,11123,-1,-1,-1,-1,-1
7.74683,veh5,drop_decision_no_action,3,699722005993,11133,-1,-1,-1,-1,-1
7.75383,veh5,drop_decision_no_action,9,60789,11161,-1,-1,-1,-1,-1
7.77383,veh5,drop_decision_no_action,9,699722006028,11183,-1,-1,-1,-1,-1
7.78008,veh5,drop_decision_no_action,4,699722006034,11188,-1,-1,-1,-1,-1
7.78058,veh5,drop_decision_no_action,6,699722006025,11180,-1,-1,-1,-1,-1
7.79758,veh5,drop_decision_no_action,8,699722006059,11216,-1,-1,-1,-1,-1
7.81283,veh5,drop_decision_no_action,2,699722006131,11244,-1,-1,-1,-1,-1
7.81783,veh5,drop_decision_no_action,11,699722006120,11238,-1,-1,-1,-1,-1
7.82008,veh5,drop_decision_no_action,4,60915,11260,-1,-1,-1,-1,-1
7.82333,veh5,drop_decision_no_action,10,699722006126,11242,-1,-1,-1,-1,-1
7.83233,veh5,drop_decision_no_action,12,699722006153,11280,-1,-1,-1,-1,-1
7.83783,veh5,drop_decision_no_action,11,60937,11292,-1,-1,-1,-1,-1
7.84683,veh5,drop_decision_no_action,3,60941,11294,-1,-1,-1,-1,-1
7.85383,veh5,drop_decision_no_action,9,60968,11329,-1,-1,-1,-1,-1
7.86683,veh5,drop_decision_no_action,3,699722006169,11294,-1,-1,-1,-1,-1
7.87383,veh5,drop_decision_no_action,9,699722006206,11352,-1,-1,-1,-1,-1
7.88008,veh5,drop_decision_no_action,4,699722006211,11357,-1,-1,-1,-1,-1
7.88058,veh5,drop_decision_no_action,6,699722006203,11349,-1,-1,-1,-1,-1
7.88333,veh5,drop_decision_no_action,10,61006,11381,-1,-1,-1,-1,-1
7.91283,veh5,drop_decision_no_action,2,61024,11420,-1,-1,-1,-1,-1
7.91283,veh5,drop_decision_no_action,2,699722006310,11420,-1,-1,-1,-1,-1
7.91783,veh5,drop_decision_no_action,11,699722006298,11427,-1,-1,-1,-1,-1
7.92333,veh5,drop_decision_no_action,10,699722006306,11431,-1,-1,-1,-1,-1
7.93233,veh5,drop_decision_no_action,12,699722006329,11466,-1,-1,-1,-1,-1
7.94683,veh5,drop_decision_no_action,3,699722006339,11476,-1,-1,-1,-1,-1
7.95383,veh5,drop_decision_no_action,9,61133,11504,-1,-1,-1,-1,-1
7.96058,veh5,drop_decision_no_action,6,61137,11506,-1,-1,-1,-1,-1
7.97383,veh5,drop_decision_no_action,9,699722006374,11529,-1,-1,-1,-1,-1
7.97783,veh5,drop_decision_no_action,6,699722006372,11526,-1,-1,-1,-1,-1
7.98008,veh5,drop_decision_no_action,4,699722006379,11535,-1,-1,-1,-1,-1
8.01283,veh5,drop_decision_no_action,2,699722006471,11598,-1,-1,-1,-1,-1
8.01783,veh5,drop_decision_no_action,11,699722006461,11594,-1,-1,-1,-1,-1
8.02358,veh5,drop_decision_no_action,10,699722006467,11597,-1,-1,-1,-1,-1
8.04683,veh5,drop_decision_no_action,3,699722006499,11637,-1,-1,-1,-1,-1
8.05383,veh5,cam_drop_reaction,9,61295,11663,-1,-1,1,1,15
8.07383,veh5,drop_decision_no_action,9,699722006534,11685,-1,-1,-1,-1,-1
8.07783,veh5,drop_decision_no_action,6,699722006531,11682,-1,-1,-1,-1,-1
8.08008,veh5,drop_decision_no_action,4,699722006540,11690,-1,-1,-1,-1,-1
8.08358,veh5,drop_decision_no_action,10,61334,11707,-1,-1,-1,-1,-1
8.11283,veh5,drop_decision_no_action,2,61352,11740,-1,-1,-1,-1,-1
8.11283,veh5,drop_decision_no_action,2,699722006637,11740,-1,-1,-1,-1,-1
8.11783,veh5,drop_decision_no_action,11,699722006626,11746,-1,-1,-1,-1,-1
8.12008,veh5,drop_decision_no_action,4,61420,11764,-1,-1,-1,-1,-1
8.12358,veh5,drop_decision_no_action,10,699722006631,11750,-1,-1,-1,-1,-1
8.13233,veh5,drop_decision_no_action,12,699722006489,11625,-1,-1,-1,-1,-1
8.13758,veh5,drop_decision_no_action,8,61439,11790,-1,-1,-1,-1,-1
8.13783,veh5,drop_decision_no_action,11,61443,11795,-1,-1,-1,-1,-1
8.14683,veh5,drop_decision_no_action,12,699722006656,11783,-1,-1,-1,-1,-1
8.14683,veh5,drop_decision_no_action,3,61447,11797,-1,-1,-1,-1,-1
8.15333,veh5,drop_decision_no_action,9,61473,11833,-1,-1,-1,-1,-1
8.16683,veh5,drop_decision_no_action,3,699722006674,11797,-1,-1,-1,-1,-1
8.17333,veh5,drop_decision_no_action,9,699722006712,11863,-1,-1,-1,-1,-1
8.17783,veh5,drop_decision_no_action,6,699722006710,11862,-1,-1,-1,-1,-1
8.18008,veh5,drop_decision_no_action,4,699722006717,11868,-1,-1,-1,-1,-1
8.21783,veh5,drop_decision_no_action,11,699722006798,11922,-1,-1,-1,-1,-1
8.22358,veh5,drop_decision_no_action,10,699722006806,11927,-1,-1,-1,-1,-1
8.23633,veh5,drop_decision_no_action,2,699722006810,11929,-1,-1,-1,-1,-1
8.23783,veh5,drop_decision_no_action,11,61610,11965,-1,-1,-1,-1,-1
8.24233,veh5,drop_decision_no_action,3,699722006839,11969,-1,-1,-1,-1,-1
8.24683,veh5,drop_decision_no_action,12,699722006826,11951,-1,-1,-1,-1,-1
8.25133,veh5,drop_decision_no_action,7,699722006677,11801,-1,-1,-1,-1,-1
8.25133,veh5,drop_decision_no_action,7,61462,11801,-1,-1,-1,-1,-1
8.25133,veh5,drop_decision_no_action,7,699722006843,11972,-1,-1,-1,-1,-1
8.25333,veh5,drop_decision_no_action,9,61635,12003,-1,-1,-1,-1,-1
8.25783,veh5,drop_decision_no_action,6,61639,12007,-1,-1,-1,-1,-1
8.27333,veh5,drop_decision_no_action,9,699722006878,12034,-1,-1,-1,-1,-1
8.27783,veh5,drop_decision_no_action,6,699722006876,12032,-1,-1,-1,-1,-1
8.28008,veh5,drop_decision_no_action,4,699722006883,12039,-1,-1,-1,-1,-1
8.29333,veh5,drop_decision_no_action,10,61677,12059,-1,-1,-1,-1,-1
8.30983,veh5,drop_decision_no_action,2,61694,12093,-1,-1,-1,-1,-1
8.31783,veh5,drop_decision_no_action,11,699722006967,12098,-1,-1,-1,-1,-1
8.32358,veh5,drop_decision_no_action,10,699722006973,12102,-1,-1,-1,-1,-1
8.33633,veh5,drop_decision_no_action,2,699722006978,12107,-1,-1,-1,-1,-1
8.33783,veh5,drop_decision_no_action,11,61778,12143,-1,-1,-1,-1,-1
8.34233,veh5,drop_decision_no_action,3,699722007007,12146,-1,-1,-1,-1,-1
8.34683,veh5,drop_decision_no_action,12,699722006994,12130,-1,-1,-1,-1,-1
8.35133,veh5,drop_decision_no_action,7,699722007010,12148,-1,-1,-1,-1,-1
8.35333,veh5,drop_decision_no_action,9,61802,12178,-1,-1,-1,-1,-1
8.35783,veh5,drop_decision_no_action,6,61806,12182,-1,-1,-1,-1,-1
8.37333,veh5,drop_decision_no_action,9,699722007045,12209,-1,-1,-1,-1,-1
8.37458,veh5,drop_decision_no_action,4,699722007050,12214,-1,-1,-1,-1,-1
8.37783,veh5,drop_decision_no_action,6,699722007042,12207,-1,-1,-1,-1,-1
8.39733,veh5,drop_decision_no_action,8,699722007073,12249,-1,-1,-1,-1,-1
8.41783,veh5,drop_decision_no_action,11,699722007130,12267,-1,-1,-1,-1,-1
8.42358,veh5,drop_decision_no_action,10,699722007136,12273,-1,-1,-1,-1,-1
8.43458,veh5,drop_decision_no_action,4,61923,12287,-1,-1,-1,-1,-1
8.43633,veh5,drop_decision_no_action,2,699722007140,12275,-1,-1,-1,-1,-1
8.43658,veh5,drop_decision_no_action,11,61943,12311,-1,-1,-1,-1,-1
8.44233,veh5,drop_decision_no_action,3,61947,12313,-1,-1,-1,-1,-1
8.44683,veh5,drop_decision_no_action,12,699722007159,12298,-1,-1,-1,-1,-1
8.45133,veh5,drop_decision_no_action,7,699722007178,12320,-1,-1,-1,-1,-1
8.45133,veh5,drop_decision_no_action,7,61964,12320,-1,-1,-1,-1,-1
8.45333,veh5,drop_decision_no_action,9,61974,12356,-1,-1,-1,-1,-1
8.45783,veh5,drop_decision_no_action,6,61978,12360,-1,-1,-1,-1,-1
8.46233,veh5,drop_decision_no_action,3,699722007175,12313,-1,-1,-1,-1,-1
8.47333,veh5,drop_decision_no_action,9,699722007217,12388,-1,-1,-1,-1,-1
8.47458,veh5,drop_decision_no_action,4,699722007223,12394,-1,-1,-1,-1,-1
8.47783,veh5,drop_decision_no_action,6,699722007214,12384,-1,-1,-1,-1,-1
8.50983,veh5,drop_decision_no_action,2,62030,12445,-1,-1,-1,-1,-1
8.51658,veh5,drop_decision_no_action,11,699722007307,12449,-1,-1,-1,-1,-1
8.52358,veh5,drop_decision_no_action,10,699722007316,12454,-1,-1,-1,-1,-1
8.53633,veh5,drop_decision_no_action,2,699722007321,12459,-1,-1,-1,-1,-1
8.53658,veh5,drop_decision_no_action,11,62121,12500,-1,-1,-1,-1,-1
8.54233,veh5,drop_decision_no_action,3,699722007351,12505,-1,-1,-1,-1,-1
8.54683,veh5,drop_decision_no_action,12,699722007338,12488,-1,-1,-1,-1,-1
8.55133,veh5,drop_decision_no_action,7,699722007354,12507,-1,-1,-1,-1,-1
8.55333,veh5,drop_decision_no_action,9,62148,12538,-1,-1,-1,-1,-1
8.55783,veh5,cam_drop_reaction,6,62152,12542,-1,-1,1,1,15
8.57333,veh5,drop_decision_no_action,9,699722007392,12568,-1,-1,-1,-1,-1
8.57458,veh5,drop_decision_no_action,4,699722007397,12573,-1,-1,-1,-1,-1
8.57783,veh5,drop_decision_no_action,6,699722007390,12566,-1,-1,-1,-1,-1
8.58683,veh5,drop_decision_no_action,12,62178,12580,-1,-1,-1,-1,-1
8.59333,veh5,drop_decision_no_action,10,62194,12599,-1,-1,-1,-1,-1
8.61658,veh5,drop_decision_no_action,11,699722007476,12639,-1,-1,-1,-1,-1
8.62358,veh5,drop_decision_no_action,10,699722007482,12643,-1,-1,-1,-1,-1
8.63633,veh5,drop_decision_no_action,2,699722007486,12645,-1,-1,-1,-1,-1
8.63658,veh5,drop_decision_no_action,11,62286,12678,-1,-1,-1,-1,-1
8.64233,veh5,drop_decision_no_action,3,699722007515,12681,-1,-1,-1,-1,-1
8.64683,veh5,drop_decision_no_action,12,699722007502,12667,-1,-1,-1,-1,-1
8.65133,veh5,drop_decision_no_action,7,699722007518,12682,-1,-1,-1,-1,-1
8.65333,veh5,drop_decision_no_action,9,62309,12713,-1,-1,-1,-1,-1
8.65783,veh5,drop_decision_no_action,6,62313,12717,-1,-1,-1,-1,-1
8.67333,veh5,drop_decision_no_action,9,699722007551,12743,-1,-1,-1,-1,-1
8.67458,veh5,drop_decision_no_action,4,699722007557,12748,-1,-1,-1,-1,-1
8.67783,veh5,drop_decision_no_action,6,699722007549,12741,-1,-1,-1,-1,-1
8.70958,veh5,drop_decision_no_action,2,62363,12795,-1,-1,-1,-1,-1
8.71658,veh5,drop_decision_no_action,11,699722007631,12799,-1,-1,-1,-1,-1
8.72358,veh5,drop_decision_no_action,10,699722007637,12803,-1,-1,-1,-1,-1
8.72958,veh5,drop_decision_no_action,2,699722007642,12807,-1,-1,-1,-1,-1
8.73458,veh5,drop_decision_no_action,4,62424,12821,-1,-1,-1,-1,-1
8.74233,veh5,drop_decision_no_action,3,62445,12846,-1,-1,-1,-1,-1
8.74233,veh5,drop_decision_no_action,3,699722007674,12846,-1,-1,-1,-1,-1
8.74683,veh5,drop_decision_no_action,12,699722007660,12835,-1,-1,-1,-1,-1
8.75133,veh5,drop_decision_no_action,7,699722007676,12853,-1,-1,-1,-1,-1
8.75133,veh5,drop_decision_no_action,7,62461,12853,-1,-1,-1,-1,-1
8.75333,veh5,drop_decision_no_action,9,62470,12882,-1,-1,-1,-1,-1
8.75783,veh5,drop_decision_no_action,6,62475,12886,-1,-1,-1,-1,-1
8.77333,veh5,drop_decision_no_action,9,699722007713,12912,-1,-1,-1,-1,-1
8.77458,veh5,drop_decision_no_action,4,699722007718,12917,-1,-1,-1,-1,-1
8.77783,veh5,drop_decision_no_action,6,699722007710,12910,-1,-1,-1,-1,-1
8.81658,veh5,drop_decision_no_action,11,699722007791,12967,-1,-1,-1,-1,-1
8.82358,veh5,drop_decision_no_action,10,699722007799,12972,-1,-1,-1,-1,-1
8.82958,veh5,drop_decision_no_action,2,699722007804,12974,-1,-1,-1,-1,-1
8.83658,veh5,drop_decision_no_action,11,62604,13009,-1,-1,-1,-1,-1
8.83683,veh5,drop_decision_no_action,7,699722007835,13017,-1,-1,-1,-1,-1
8.84233,veh5,drop_decision_no_action,3,699722007833,13015,-1,-1,-1,-1,-1
8.85333,veh5,drop_decision_no_action,9,62629,13055,-1,-1,-1,-1,-1
8.85708,veh5,drop_decision_no_action,12,699722007820,12999,-1,-1,-1,-1,-1
8.87333,veh5,drop_decision_no_action,9,699722007868,13078,-1,-1,-1,-1,-1
8.87458,veh5,drop_decision_no_action,4,699722007872,13084,-1,-1,-1,-1,-1
8.87783,veh5,drop_decision_no_action,6,699722007865,13076,-1,-1,-1,-1,-1
8.90958,veh5,drop_decision_no_action,2,62679,13123,-1,-1,-1,-1,-1
8.91658,veh5,drop_decision_no_action,11,699722007947,13128,-1,-1,-1,-1,-1
8.91883,veh5,drop_decision_no_action,10,699722007952,13131,-1,-1,-1,-1,-1
8.92958,veh5,drop_decision_no_action,2,699722007957,13135,-1,-1,-1,-1,-1
8.93683,veh5,drop_decision_no_action,7,699722007989,13176,-1,-1,-1,-1,-1
8.93733,veh5,drop_decision_no_action,8,62756,13170,-1,-1,-1,-1,-1
8.94233,veh5,drop_decision_no_action,3,699722007986,13175,-1,-1,-1,-1,-1
8.95333,veh5,drop_decision_no_action,9,62781,13211,-1,-1,-1,-1,-1
8.95683,veh5,drop_decision_no_action,6,62785,13215,-1,-1,-1,-1,-1
8.95708,veh5,drop_decision_no_action,12,699722007975,13166,-1,-1,-1,-1,-1
8.97333,veh5,drop_decision_no_action,9,699722008023,13242,-1,-1,-1,-1,-1
8.97458,veh5,drop_decision_no_action,4,699722008029,13248,-1,-1,-1,-1,-1
8.97683,veh5,drop_decision_no_action,6,699722008021,13240,-1,-1,-1,-1,-1
8.99883,veh5,drop_decision_no_action,10,62824,13270,-1,-1,-1,-1,-1
9.01658,veh5,drop_decision_no_action,11,699722008106,13298,-1,-1,-1,-1,-1
9.01883,veh5,drop_decision_no_action,10,699722008112,13305,-1,-1,-1,-1,-1
9.02958,veh5,drop_decision_no_action,2,699722008116,13307,-1,-1,-1,-1,-1
9.03458,veh5,drop_decision_no_action,4,62899,13320,-1,-1,-1,-1,-1
9.04233,veh5,drop_decision_no_action,3,62918,13340,-1,-1,-1,-1,-1
9.04233,veh5,drop_decision_no_action,3,699722008146,13340,-1,-1,-1,-1,-1
9.04408,veh5,drop_decision_no_action,7,699722008149,13347,-1,-1,-1,-1,-1
9.05333,veh5,drop_decision_no_action,9,62947,13383,-1,-1,-1,-1,-1
9.05683,veh5,drop_decision_no_action,7,62936,13370,-1,-1,-1,-1,-1
9.05708,veh5,drop_decision_no_action,12,699722008134,13334,-1,-1,-1,-1,-1
9.07333,veh5,cpm_drop_reaction,9,699722008186,13411,-1,-1,1,1,15
9.07683,veh5,drop_decision_no_action,6,699722008183,13409,-1,-1,-1,-1,-1
9.07933,veh5,drop_decision_no_action,4,699722008191,13419,-1,-1,-1,-1,-1
9.09733,veh5,drop_decision_no_action,8,699722008216,13446,-1,-1,-1,-1,-1
9.10958,veh5,drop_decision_no_action,2,63001,13459,-1,-1,-1,-1,-1
9.11658,veh5,drop_decision_no_action,11,699722008271,13466,-1,-1,-1,-1,-1
9.11883,veh5,drop_decision_no_action,10,699722008280,13472,-1,-1,-1,-1,-1
9.12958,veh5,drop_decision_no_action,2,699722008284,13476,-1,-1,-1,-1,-1
9.13658,veh5,drop_decision_no_action,11,63085,13520,-1,-1,-1,-1,-1
9.13683,veh5,drop_decision_no_action,7,699722008316,13526,-1,-1,-1,-1,-1
9.14233,veh5,drop_decision_no_action,3,699722008313,13524,-1,-1,-1,-1,-1
9.15333,veh5,drop_decision_no_action,9,63110,13565,-1,-1,-1,-1,-1
9.15683,veh5,drop_decision_no_action,6,63114,13567,-1,-1,-1,-1,-1
9.15708,veh5,drop_decision_no_action,12,699722008302,13513,-1,-1,-1,-1,-1
9.17333,veh5,drop_decision_no_action,9,699722008351,13593,-1,-1,-1,-1,-1
9.17683,veh5,drop_decision_no_action,6,699722008348,13591,-1,-1,-1,-1,-1
9.17933,veh5,drop_decision_no_action,4,699722008356,13599,-1,-1,-1,-1,-1
9.18608,veh5,drop_decision_no_action,12,63136,13601,-1,-1,-1,-1,-1
9.21658,veh5,drop_decision_no_action,11,699722008434,13653,-1,-1,-1,-1,-1
9.21883,veh5,drop_decision_no_action,10,699722008439,13656,-1,-1,-1,-1,-1
9.22958,veh5,drop_decision_no_action,2,699722008444,13658,-1,-1,-1,-1,-1
9.23683,veh5,drop_decision_no_action,7,699722008472,13692,-1,-1,-1,-1,-1
9.24233,veh5,drop_decision_no_action,3,699722008469,13691,-1,-1,-1,-1,-1
9.25333,veh5,drop_decision_no_action,9,63265,13724,-1,-1,-1,-1,-1
9.25708,veh5,drop_decision_no_action,12,699722008461,13684,-1,-1,-1,-1,-1
9.27333,veh5,drop_decision_no_action,9,699722008503,13748,-1,-1,-1,-1,-1
9.27683,veh5,drop_decision_no_action,6,699722008501,13746,-1,-1,-1,-1,-1
9.27933,veh5,drop_decision_no_action,4,699722008508,13753,-1,-1,-1,-1,-1
9.30958,veh5,drop_decision_no_action,2,63315,13792,-1,-1,-1,-1,-1
9.31658,veh5,drop_decision_no_action,11,699722008584,13797,-1,-1,-1,-1,-1
9.31883,veh5,drop_decision_no_action,10,699722008589,13801,-1,-1,-1,-1,-1
9.32958,veh5,drop_decision_no_action,2,699722008594,13805,-1,-1,-1,-1,-1
9.33933,veh5,drop_decision_no_action,4,63378,13821,-1,-1,-1,-1,-1
9.34233,veh5,drop_decision_no_action,3,63398,13843,-1,-1,-1,-1,-1
9.34233,veh5,drop_decision_no_action,3,699722008626,13843,-1,-1,-1,-1,-1
9.34608,veh5,drop_decision_no_action,12,699722008615,13837,-1,-1,-1,-1,-1
9.34708,veh5,drop_decision_no_action,7,699722008629,13846,-1,-1,-1,-1,-1
9.36708,veh5,drop_decision_no_action,7,63413,13846,-1,-1,-1,-1,-1
9.37083,veh5,drop_decision_no_action,9,63423,13882,-1,-1,-1,-1,-1
9.37083,veh5,drop_decision_no_action,9,699722008662,13882,-1,-1,-1,-1,-1
9.37683,veh5,drop_decision_no_action,6,699722008659,13904,-1,-1,-1,-1,-1
9.37933,veh5,drop_decision_no_action,4,699722008666,13908,-1,-1,-1,-1,-1
9.39883,veh5,drop_decision_no_action,10,63462,13936,-1,-1,-1,-1,-1
9.41658,veh5,drop_decision_no_action,11,699722008744,13961,-1,-1,-1,-1,-1
9.41883,veh5,drop_decision_no_action,10,699722008753,13970,-1,-1,-1,-1,-1
9.42958,veh5,drop_decision_no_action,2,699722008757,13973,-1,-1,-1,-1,-1
9.44233,veh5,drop_decision_no_action,3,699722008784,14011,-1,-1,-1,-1,-1
9.44708,veh5,drop_decision_no_action,7,699722008787,14013,-1,-1,-1,-1,-1
9.45683,veh5,drop_decision_no_action,6,63584,14045,-1,-1,-1,-1,-1
9.46708,veh5,drop_decision_no_action,7,63570,14013,-1,-1,-1,-1,-1
9.47083,veh5,drop_decision_no_action,9,63580,14042,-1,-1,-1,-1,-1
9.47083,veh5,drop_decision_no_action,9,699722008821,14042,-1,-1,-1,-1,-1
9.47683,veh5,drop_decision_no_action,6,699722008819,14068,-1,-1,-1,-1,-1
9.47933,veh5,drop_decision_no_action,4,699722008826,14074,-1,-1,-1,-1,-1
9.50508,veh5,drop_decision_no_action,2,63634,14122,-1,-1,-1,-1,-1
9.51658,veh5,drop_decision_no_action,11,699722008905,14126,-1,-1,-1,-1,-1
9.51883,veh5,drop_decision_no_action,10,699722008912,14134,-1,-1,-1,-1,-1
9.52508,veh5,drop_decision_no_action,2,699722008917,14136,-1,-1,-1,-1,-1
9.53658,veh5,drop_decision_no_action,11,63716,14171,-1,-1,-1,-1,-1
9.54233,veh5,drop_decision_no_action,3,699722008945,14175,-1,-1,-1,-1,-1
9.54708,veh5,drop_decision_no_action,7,699722008948,14176,-1,-1,-1,-1,-1
9.56708,veh5,drop_decision_no_action,7,63731,14176,-1,-1,-1,-1,-1
9.57083,veh5,drop_decision_no_action,9,63743,14210,-1,-1,-1,-1,-1
9.57083,veh5,drop_decision_no_action,9,699722008982,14210,-1,-1,-1,-1,-1
9.57683,veh5,cpm_drop_reaction,6,699722008979,14232,-1,-1,1,1,15
9.57933,veh5,drop_decision_no_action,4,699722008986,14237,-1,-1,-1,-1,-1
9.61658,veh5,drop_decision_no_action,11,699722009064,14285,-1,-1,-1,-1,-1
9.61883,veh5,drop_decision_no_action,10,699722009069,14290,-1,-1,-1,-1,-1
9.62508,veh5,drop_decision_no_action,2,699722009074,14292,-1,-1,-1,-1,-1
9.63933,veh5,drop_decision_no_action,8,63874,14324,-1,-1,-1,-1,-1
9.63933,veh5,drop_decision_no_action,4,63857,14304,-1,-1,-1,-1,-1
9.64233,veh5,drop_decision_no_action,3,63878,14326,-1,-1,-1,-1,-1
9.64233,veh5,drop_decision_no_action,3,699722009106,14326,-1,-1,-1,-1,-1
9.64708,veh5,drop_decision_no_action,7,699722009109,14330,-1,-1,-1,-1,-1
9.66708,veh5,drop_decision_no_action,7,63894,14330,-1,-1,-1,-1,-1
9.67083,veh5,drop_decision_no_action,9,63905,14370,-1,-1,-1,-1,-1
9.67083,veh5,drop_decision_no_action,9,699722009143,14370,-1,-1,-1,-1,-1
9.67683,veh5,drop_decision_no_action,6,699722009141,14393,-1,-1,-1,-1,-1
9.67933,veh5,drop_decision_no_action,4,699722009148,14398,-1,-1,-1,-1,-1
9.70508,veh5,drop_decision_no_action,2,63961,14450,-1,-1,-1,-1,-1
9.71658,veh5,drop_decision_no_action,11,699722009233,14456,-1,-1,-1,-1,-1
9.72508,veh5,drop_decision_no_action,2,699722009247,14467,-1,-1,-1,-1,-1
9.72858,veh5,drop_decision_no_action,10,699722009242,14465,-1,-1,-1,-1,-1
9.73783,veh5,drop_decision_no_action,3,699722009275,14510,-1,-1,-1,-1,-1
9.74708,veh5,drop_decision_no_action,7,699722009278,14512,-1,-1,-1,-1,-1
9.74708,veh5,drop_decision_no_action,7,64061,14512,-1,-1,-1,-1,-1
9.75683,veh5,drop_decision_no_action,6,64075,14547,-1,-1,-1,-1,-1
9.76883,veh5,drop_decision_no_action,4,699722009316,14571,-1,-1,-1,-1,-1
9.77083,veh5,drop_decision_no_action,9,64071,14543,-1,-1,-1,-1,-1
9.77083,veh5,drop_decision_no_action,9,699722009312,14543,-1,-1,-1,-1,-1
9.77533,veh5,drop_decision_no_action,6,699722009309,14566,-1,-1,-1,-1,-1
9.78608,veh5,drop_decision_no_action,12,63928,14402,-1,-1,-1,-1,-1
9.79933,veh5,drop_decision_no_action,8,699722009344,14604,-1,-1,-1,-1,-1
9.81158,veh5,drop_decision_no_action,11,699722009402,14620,-1,-1,-1,-1,-1
9.82508,veh5,drop_decision_no_action,2,699722009412,14631,-1,-1,-1,-1,-1
9.82858,veh5,drop_decision_no_action,10,699722009408,14628,-1,-1,-1,-1,-1
9.83783,veh5,drop_decision_no_action,3,699722009437,14665,-1,-1,-1,-1,-1
9.84708,veh5,drop_decision_no_action,7,699722009440,14666,-1,-1,-1,-1,-1
9.86883,veh5,drop_decision_no_action,4,699722009474,14718,-1,-1,-1,-1,-1
9.87083,veh5,drop_decision_no_action,9,64232,14695,-1,-1,-1,-1,-1
9.87083,veh5,drop_decision_no_action,9,699722009470,14695,-1,-1,-1,-1,-1
9.87533,veh5,drop_decision_no_action,6,699722009467,14714,-1,-1,-1,-1,-1
9.90508,veh5,drop_decision_no_action,2,64288,14765,-1,-1,-1,-1,-1
9.91158,veh5,drop_decision_no_action,11,699722009562,14769,-1,-1,-1,-1,-1
9.92508,veh5,drop_decision_no_action,2,699722009573,14780,-1,-1,-1,-1,-1
9.92858,veh5,drop_decision_no_action,10,699722009568,14777,-1,-1,-1,-1,-1
9.92883,veh5,drop_decision_no_action,4,64357,14793,-1,-1,-1,-1,-1
9.93783,veh5,drop_decision_no_action,3,64379,14819,-1,-1,-1,-1,-1
9.93783,veh5,drop_decision_no_action,3,699722009607,14819,-1,-1,-1,-1,-1
9.94708,veh5,drop_decision_no_action,7,699722009610,14824,-1,-1,-1,-1,-1
9.94708,veh5,drop_decision_no_action,7,64397,14824,-1,-1,-1,-1,-1
9.96883,veh5,drop_decision_no_action,4,699722009651,14880,-1,-1,-1,-1,-1
9.97083,veh5,drop_decision_no_action,9,64408,14858,-1,-1,-1,-1,-1
9.97083,veh5,drop_decision_no_action,9,699722009647,14858,-1,-1,-1,-1,-1
9.97533,veh5,drop_decision_no_action,6,699722009644,14876,-1,-1,-1,-1,-1
9.98258,veh5,drop_decision_no_action,12,64254,14724,-1,-1,-1,-1,-1
9.98258,veh5,drop_decision_no_action,12,699722009595,14811,-1,-1,-1,-1,-1
9.98858,veh5,drop_decision_no_action,10,64454,14905,-1,-1,-1,-1,-1
10.0116,veh5,drop_decision_no_action,11,699722009743,14929,-1,-1,-1,-1,-1
10.0251,veh5,drop_decision_no_action,2,699722009757,14939,-1,-1,-1,-1,-1
10.0286,veh5,drop_decision_no_action,10,699722009752,14936,-1,-1,-1,-1,-1
10.0378,veh5,drop_decision_no_action,3,699722009786,14978,-1,-1,-1,-1,-1
10.0426,veh5,drop_decision_no_action,12,699722009776,14967,-1,-1,-1,-1,-1
10.0471,veh5,drop_decision_no_action,7,699722009789,14980,-1,-1,-1,-1,-1
10.0553,veh5,drop_decision_no_action,6,64588,15013,-1,-1,-1,-1,-1
10.0688,veh5,drop_decision_no_action,4,699722009832,15037,-1,-1,-1,-1,-1
10.0708,veh5,drop_decision_no_action,9,64584,15010,-1,-1,-1,-1,-1
10.0753,veh5,drop_decision_no_action,6,699722009824,15033,-1,-1,-1,-1,-1
10.0826,veh5,cam_drop_reaction,12,64613,15043,-1,-1,1,1,15
10.0908,veh5,drop_decision_no_action,9,699722009828,15010,-1,-1,-1,-1,-1
10.1051,veh5,drop_decision_no_action,2,64656,15093,-1,-1,-1,-1,-1
10.1116,veh5,drop_decision_no_action,11,699722009938,15098,-1,-1,-1,-1,-1
10.1251,veh5,drop_decision_no_action,2,699722009951,15109,-1,-1,-1,-1,-1
10.1286,veh5,drop_decision_no_action,10,699722009946,15106,-1,-1,-1,-1,-1
10.1378,veh5,drop_decision_no_action,3,699722009983,15147,-1,-1,-1,-1,-1
10.1426,veh5,drop_decision_no_action,12,699722009970,15137,-1,-1,-1,-1,-1
10.1471,veh5,drop_decision_no_action,7,699722009986,15148,-1,-1,-1,-1,-1
10.1471,veh5,drop_decision_no_action,7,64772,15148,-1,-1,-1,-1,-1
10.1516,veh5,drop_decision_no_action,11,64753,15142,-1,-1,-1,-1,-1
10.1688,veh5,drop_decision_no_action,4,699722010028,15207,-1,-1,-1,-1,-1
10.1708,veh5,drop_decision_no_action,9,64783,15179,-1,-1,-1,-1,-1
10.1753,veh5,drop_decision_no_action,6,699722010020,15201,-1,-1,-1,-1,-1
10.1908,veh5,drop_decision_no_action,9,699722010024,15179,-1,-1,-1,-1,-1
10.2116,veh5,drop_decision_no_action,11,699722010123,15257,-1,-1,-1,-1,-1
10.2286,veh5,drop_decision_no_action,10,699722010129,15262,-1,-1,-1,-1,-1
10.2288,veh5,drop_decision_no_action,4,64917,15274,-1,-1,-1,-1,-1
10.2378,veh5,drop_decision_no_action,3,64940,15295,-1,-1,-1,-1,-1
10.2378,veh5,drop_decision_no_action,3,699722010168,15295,-1,-1,-1,-1,-1
10.2426,veh5,drop_decision_no_action,12,699722010155,15288,-1,-1,-1,-1,-1
10.2471,veh5,drop_decision_no_action,7,699722010171,15298,-1,-1,-1,-1,-1
10.2688,veh5,drop_decision_no_action,4,699722010210,15352,-1,-1,-1,-1,-1
10.2708,veh5,drop_decision_no_action,9,64965,15330,-1,-1,-1,-1,-1
10.2753,veh5,drop_decision_no_action,6,699722010201,15348,-1,-1,-1,-1,-1
10.2826,veh5,drop_decision_no_action,12,64991,15358,-1,-1,-1,-1,-1
10.2908,veh5,drop_decision_no_action,9,699722010205,15330,-1,-1,-1,-1,-1
10.3051,veh5,drop_decision_no_action,2,65031,15405,-1,-1,-1,-1,-1
10.3116,veh5,drop_decision_no_action,11,699722010312,15410,-1,-1,-1,-1,-1
10.3286,veh5,drop_decision_no_action,10,699722010322,15419,-1,-1,-1,-1,-1
10.3378,veh5,drop_decision_no_action,3,699722010358,15459,-1,-1,-1,-1,-1
10.3393,veh5,drop_decision_no_action,8,65126,15453,-1,-1,-1,-1,-1
10.3426,veh5,drop_decision_no_action,12,699722010345,15450,-1,-1,-1,-1,-1
10.3471,veh5,drop_decision_no_action,7,699722010361,15461,-1,-1,-1,-1,-1
10.3553,veh5,drop_decision_no_action,6,65160,15500,-1,-1,-1,-1,-1
10.3688,veh5,drop_decision_no_action,4,699722010404,15524,-1,-1,-1,-1,-1
10.3708,veh5,drop_decision_no_action,9,65155,15496,-1,-1,-1,-1,-1
10.3753,veh5,drop_decision_no_action,6,699722010396,15520,-1,-1,-1,-1,-1
10.3908,veh5,drop_decision_no_action,9,699722010400,15496,-1,-1,-1,-1,-1
10.3993,veh5,drop_decision_no_action,8,699722010440,15557,-1,-1,-1,-1,-1
10.4116,veh5,drop_decision_no_action,11,699722010508,15579,-1,-1,-1,-1,-1
10.4378,veh5,drop_decision_no_action,3,699722010546,15625,-1,-1,-1,-1,-1
10.4426,veh5,drop_decision_no_action,12,699722010537,15618,-1,-1,-1,-1,-1
10.4471,veh5,drop_decision_no_action,7,699722010550,15626,-1,-1,-1,-1,-1
10.4471,veh5,drop_decision_no_action,7,65335,15626,-1,-1,-1,-1,-1
10.4611,veh5,drop_decision_no_action,9,65346,15652,-1,-1,-1,-1,-1
10.4688,veh5,drop_decision_no_action,4,699722010590,15676,-1,-1,-1,-1,-1
10.4753,veh5,drop_decision_no_action,6,699722010582,15669,-1,-1,-1,-1,-1
10.4811,veh5,drop_decision_no_action,9,699722010585,15670,-1,-1,-1,-1,-1
10.5051,veh5,drop_decision_no_action,2,65403,15717,-1,-1,-1,-1,-1
10.5116,veh5,drop_decision_no_action,11,699722010683,15721,-1,-1,-1,-1,-1
10.5288,veh5,drop_decision_no_action,4,65478,15743,-1,-1,-1,-1,-1
10.5378,veh5,drop_decision_no_action,3,65502,15773,-1,-1,-1,-1,-1
10.5378,veh5,drop_decision_no_action,3,699722010730,15773,-1,-1,-1,-1,-1
10.5426,veh5,drop_decision_no_action,12,699722010718,15766,-1,-1,-1,-1,-1
10.5471,veh5,drop_decision_no_action,7,699722010733,15776,-1,-1,-1,-1,-1
10.5611,veh5,drop_decision_no_action,9,65528,15804,-1,-1,-1,-1,-1
10.5688,veh5,drop_decision_no_action,4,699722010773,15828,-1,-1,-1,-1,-1
10.5753,veh5,drop_decision_no_action,6,699722010765,15821,-1,-1,-1,-1,-1
10.5811,veh5,drop_decision_no_action,9,699722010768,15822,-1,-1,-1,-1,-1
10.5826,veh5,cam_drop_reaction,12,18,15834,-1,-1,1,1,15
10.6116,veh5,drop_decision_no_action,11,699722010880,15887,-1,-1,-1,-1,-1
10.6251,veh5,drop_decision_no_action,2,699722010894,15897,-1,-1,-1,-1,-1
10.6378,veh5,drop_decision_no_action,3,699722010924,15937,-1,-1,-1,-1,-1
10.6408,veh5,drop_decision_no_action,7,699722010928,15938,-1,-1,-1,-1,-1
10.6426,veh5,drop_decision_no_action,12,699722010914,15928,-1,-1,-1,-1,-1
10.6553,veh5,drop_decision_no_action,6,191,15976,-1,-1,-1,-1,-1
10.6611,veh5,drop_decision_no_action,9,187,15974,-1,-1,-1,-1,-1
10.6686,veh5,drop_decision_no_action,4,699722010971,16001,-1,-1,-1,-1,-1
10.6753,veh5,drop_decision_no_action,6,699722010962,15994,-1,-1,-1,-1,-1
10.6811,veh5,drop_decision_no_action,9,699722010966,15995,-1,-1,-1,-1,-1
10.6886,veh5,drop_decision_no_action,10,42,15848,-1,-1,-1,-1,-1
10.7051,veh5,drop_decision_no_action,2,252,16044,-1,-1,-1,-1,-1
10.7116,veh5,drop_decision_no_action,11,699722011069,16049,-1,-1,-1,-1,-1
10.7378,veh5,drop_decision_no_action,3,699722011111,16097,-1,-1,-1,-1,-1
10.7408,veh5,drop_decision_no_action,7,699722011114,16098,-1,-1,-1,-1,-1
10.7426,veh5,drop_decision_no_action,12,699722011099,16090,-1,-1,-1,-1,-1
10.7516,veh5,drop_decision_no_action,11,347,16095,-1,-1,-1,-1,-1
10.7608,veh5,drop_decision_no_action,7,363,16113,-1,-1,-1,-1,-1
10.7611,veh5,drop_decision_no_action,9,373,16128,-1,-1,-1,-1,-1
10.7686,veh5,drop_decision_no_action,4,699722011155,16159,-1,-1,-1,-1,-1
10.7753,veh5,drop_decision_no_action,6,699722011146,16148,-1,-1,-1,-1,-1
10.7811,veh5,drop_decision_no_action,9,699722011150,16151,-1,-1,-1,-1,-1
10.8181,veh5,drop_decision_no_action,11,699722011251,16207,-1,-1,-1,-1,-1
10.8378,veh5,drop_decision_no_action,3,532,16249,-1,-1,-1,-1,-1
10.8378,veh5,drop_decision_no_action,3,699722011297,16249,-1,-1,-1,-1,-1
10.8408,veh5,drop_decision_no_action,7,699722011299,16254,-1,-1,-1,-1,-1
10.8426,veh5,drop_decision_no_action,12,699722011283,16241,-1,-1,-1,-1,-1
10.8611,veh5,drop_decision_no_action,9,556,16286,-1,-1,-1,-1,-1
10.8753,veh5,drop_decision_no_action,6,699722011328,16300,-1,-1,-1,-1,-1
10.8811,veh5,drop_decision_no_action,9,699722011331,16301,-1,-1,-1,-1,-1
10.9051,veh5,drop_decision_no_action,2,618,16346,-1,-1,-1,-1,-1
10.9181,veh5,drop_decision_no_action,11,699722011432,16352,-1,-1,-1,-1,-1
10.9306,veh5,drop_decision_no_action,10,699722011258,16213,-1,-1,-1,-1,-1
10.9306,veh5,drop_decision_no_action,10,699722011442,16361,-1,-1,-1,-1,-1
10.9378,veh5,drop_decision_no_action,3,699722011474,16402,-1,-1,-1,-1,-1
10.9408,veh5,drop_decision_no_action,7,699722011476,16403,-1,-1,-1,-1,-1
10.9426,veh5,drop_decision_no_action,12,699722011465,16398,-1,-1,-1,-1,-1
10.9553,veh5,drop_decision_no_action,6,739,16431,-1,-1,-1,-1,-1
10.9611,veh5,drop_decision_no_action,9,734,16430,-1,-1,-1,-1,-1
10.9686,veh5,drop_decision_no_action,4,699722011336,16307,-1,-1,-1,-1,-1
10.9686,veh5,drop_decision_no_action,4,699722011518,16456,-1,-1,-1,-1,-1
10.9753,veh5,drop_decision_no_action,6,699722011510,16449,-1,-1,-1,-1,-1
10.9811,veh5,drop_decision_no_action,9,699722011513,16450,-1,-1,-1,-1,-1
10.9826,veh5,drop_decision_no_action,12,764,16460,-1,-1,-1,-1,-1
11.0006,veh5,drop_decision_no_action,8,699722011554,16493,-1,-1,-1,-1,-1
11.0106,veh5,drop_decision_no_action,10,699722011621,16523,-1,-1,-1,-1,-1
11.0181,veh5,drop_decision_no_action,11,699722011615,16515,-1,-1,-1,-1,-1
11.0376,veh5,drop_decision_no_action,3,699722011656,16562,-1,-1,-1,-1,-1
11.0406,veh5,drop_decision_no_action,8,890,16559,-1,-1,-1,-1,-1
11.0408,veh5,drop_decision_no_action,7,699722011659,16563,-1,-1,-1,-1,-1
11.0426,veh5,drop_decision_no_action,12,699722011644,16557,-1,-1,-1,-1,-1
11.0608,veh5,drop_decision_no_action,7,908,16581,-1,-1,-1,-1,-1
11.0611,veh5,drop_decision_no_action,9,920,16598,-1,-1,-1,-1,-1
11.0686,veh5,drop_decision_no_action,4,699722011702,16623,-1,-1,-1,-1,-1
11.0753,veh5,drop_decision_no_action,6,699722011694,16614,-1,-1,-1,-1,-1
11.0811,veh5,drop_decision_no_action,9,699722011697,16615,-1,-1,-1,-1,-1
11.1053,veh5,cam_drop_reaction,2,982,16665,-1,-1,1,1,15
11.1106,veh5,drop_decision_no_action,10,699722011803,16678,-1,-1,-1,-1,-1
11.1181,veh5,drop_decision_no_action,11,699722011795,16671,-1,-1,-1,-1,-1
11.1376,veh5,drop_decision_no_action,3,1078,16724,-1,-1,-1,-1,-1
11.1376,veh5,drop_decision_no_action,3,699722011842,16724,-1,-1,-1,-1,-1
11.1408,veh5,drop_decision_no_action,7,699722011845,16729,-1,-1,-1,-1,-1
11.1426,veh5,drop_decision_no_action,12,699722011829,16719,-1,-1,-1,-1,-1
11.1611,veh5,drop_decision_no_action,9,1101,16758,-1,-1,-1,-1,-1
11.1786,veh5,drop_decision_no_action,6,699722011873,16771,-1,-1,-1,-1,-1
11.1811,veh5,drop_decision_no_action,9,699722011877,16772,-1,-1,-1,-1,-1
11.1906,veh5,drop_decision_no_action,10,1144,16795,-1,-1,-1,-1,-1
11.2106,veh5,drop_decision_no_action,10,699722011981,16836,-1,-1,-1,-1,-1
11.2181,veh5,drop_decision_no_action,11,699722011972,16829,-1,-1,-1,-1,-1
11.2253,veh5,drop_decision_no_action,2,699722011986,16840,-1,-1,-1,-1,-1
11.2376,veh5,drop_decision_no_action,3,699722012015,16877,-1,-1,-1,-1,-1
11.2408,veh5,drop_decision_no_action,7,699722012018,16880,-1,-1,-1,-1,-1
11.2426,veh5,drop_decision_no_action,12,699722012006,16873,-1,-1,-1,-1,-1
11.2586,veh5,drop_decision_no_action,6,1278,16911,-1,-1,-1,-1,-1
11.2611,veh5,drop_decision_no_action,9,1274,16910,-1,-1,-1,-1,-1
11.2686,veh5,drop_decision_no_action,4,699722011881,16778,-1,-1,-1,-1,-1
11.2686,veh5,drop_decision_no_action,4,699722012057,16934,-1,-1,-1,-1,-1
11.2786,veh5,drop_decision_no_action,6,699722012049,16926,-1,-1,-1,-1,-1
11.2811,veh5,drop_decision_no_action,9,699722012052,16927,-1,-1,-1,-1,-1
11.3053,veh5,drop_decision_no_action,2,1337,16976,-1,-1,-1,-1,-1
11.3106,veh5,drop_decision_no_action,10,699722012156,16990,-1,-1,-1,-1,-1
11.3181,veh5,drop_decision_no_action,11,699722012149,16983,-1,-1,-1,-1,-1
11.3376,veh5,drop_decision_no_action,3,699722012190,17032,-1,-1,-1,-1,-1
11.3381,veh5,drop_decision_no_action,11,1426,17031,-1,-1,-1,-1,-1
11.3408,veh5,drop_decision_no_action,7,699722012193,17033,-1,-1,-1,-1,-1
11.3426,veh5,drop_decision_no_action,12,699722012179,17028,-1,-1,-1,-1,-1
11.3608,veh5,drop_decision_no_action,7,1444,17055,-1,-1,-1,-1,-1
11.3611,veh5,drop_decision_no_action,9,1454,17070,-1,-1,-1,-1,-1
11.3686,veh5,drop_decision_no_action,4,699722012236,17093,-1,-1,-1,-1,-1
11.3786,veh5,drop_decision_no_action,6,699722012227,17085,-1,-1,-1,-1,-1
11.3811,veh5,drop_decision_no_action,9,699722012231,17086,-1,-1,-1,-1,-1
11.4106,veh5,drop_decision_no_action,10,699722013611,17146,-1,-1,-1,-1,-1
11.4181,veh5,drop_decision_no_action,11,699722013604,17141,-1,-1,-1,-1,-1
11.4253,veh5,drop_decision_no_action,2,699722013616,17150,-1,-1,-1,-1,-1
11.4376,veh5,drop_decision_no_action,3,2888,17191,-1,-1,-1,-1,-1
11.4376,veh5,drop_decision_no_action,3,699722013652,17191,-1,-1,-1,-1,-1
11.4408,veh5,drop_decision_no_action,7,699722013656,17199,-1,-1,-1,-1,-1
11.4486,veh5,drop_decision_no_action,12,699722013639,17186,-1,-1,-1,-1,-1
11.4546,veh5,drop_decision_no_action,9,2913,17228,-1,-1,-1,-1,-1
11.4746,veh5,drop_decision_no_action,9,699722013687,17245,-1,-1,-1,-1,-1
11.4786,veh5,drop_decision_no_action,6,699722013684,17243,-1,-1,-1,-1,-1
11.5053,veh5,drop_decision_no_action,2,2968,17288,-1,-1,-1,-1,-1
11.5106,veh5,drop_decision_no_action,10,699722013792,17302,-1,-1,-1,-1,-1
11.5181,veh5,drop_decision_no_action,11,699722013782,17294,-1,-1,-1,-1,-1
11.5376,veh5,drop_decision_no_action,3,699722013828,17345,-1,-1,-1,-1,-1
11.5381,veh5,drop_decision_no_action,11,3062,17343,-1,-1,-1,-1,-1
11.5408,veh5,drop_decision_no_action,7,699722013831,17346,-1,-1,-1,-1,-1
11.5486,veh5,drop_decision_no_action,12,699722013816,17340,-1,-1,-1,-1,-1
11.5546,veh5,drop_decision_no_action,9,3090,17380,-1,-1,-1,-1,-1
11.5586,veh5,drop_decision_no_action,6,3094,17381,-1,-1,-1,-1,-1
11.5686,veh5,drop_decision_no_action,4,699722013691,17248,-1,-1,-1,-1,-1
11.5686,veh5,drop_decision_no_action,4,699722013873,17404,-1,-1,-1,-1,-1
11.5746,veh5,drop_decision_no_action,9,699722013869,17400,-1,-1,-1,-1,-1
11.5786,veh5,drop_decision_no_action,6,699722013865,17398,-1,-1,-1,-1,-1
11.5886,veh5,drop_decision_no_action,12,3120,17413,-1,-1,-1,-1,-1
11.5966,veh5,drop_decision_no_action,8,699722013908,17438,-1,-1,-1,-1,-1
11.6106,veh5,cpm_drop_reaction,10,699722013977,17474,-1,-1,1,1,15
11.6181,veh5,drop_decision_no_action,11,699722013970,17469,-1,-1,-1,-1,-1
11.6376,veh5,drop_decision_no_action,3,699722014010,17511,-1,-1,-1,-1,-1
11.6423,veh5,drop_decision_no_action,7,699722014013,17512,-1,-1,-1,-1,-1
11.6486,veh5,drop_decision_no_action,12,699722014001,17507,-1,-1,-1,-1,-1
11.6623,veh5,drop_decision_no_action,7,3261,17525,-1,-1,-1,-1,-1
11.6683,veh5,drop_decision_no_action,9,3271,17538,-1,-1,-1,-1,-1
11.6686,veh5,drop_decision_no_action,4,699722014051,17564,-1,-1,-1,-1,-1
11.6786,veh5,drop_decision_no_action,6,699722014042,17555,-1,-1,-1,-1,-1
11.6883,veh5,drop_decision_no_action,9,699722014046,17560,-1,-1,-1,-1,-1
11.6906,veh5,drop_decision_no_action,10,3315,17590,-1,-1,-1,-1,-1
11.7053,veh5,drop_decision_no_action,2,3333,17613,-1,-1,-1,-1,-1
11.7106,veh5,drop_decision_no_action,10,699722014154,17628,-1,-1,-1,-1,-1
11.7181,veh5,drop_decision_no_action,11,699722014147,17620,-1,-1,-1,-1,-1
11.7253,veh5,drop_decision_no_action,2,699722014160,17633,-1,-1,-1,-1,-1
11.7286,veh5,drop_decision_no_action,4,3409,17652,-1,-1,-1,-1,-1
11.7381,veh5,drop_decision_no_action,11,3429,17671,-1,-1,-1,-1,-1
11.7423,veh5,drop_decision_no_action,7,699722014201,17680,-1,-1,-1,-1,-1
11.7486,veh5,drop_decision_no_action,12,699722014182,17667,-1,-1,-1,-1,-1
11.7683,veh5,drop_decision_no_action,9,3461,17718,-1,-1,-1,-1,-1
11.7693,veh5,drop_decision_no_action,4,699722014242,17743,-1,-1,-1,-1,-1
11.7746,veh5,drop_decision_no_action,9,699722014238,17741,-1,-1,-1,-1,-1
11.7786,veh5,drop_decision_no_action,6,699722014234,17738,-1,-1,-1,-1,-1
11.7901,veh5,drop_decision_no_action,10,3506,17764,-1,-1,-1,-1,-1
11.8053,veh5,drop_decision_no_action,2,3525,17789,-1,-1,-1,-1,-1
11.8101,veh5,drop_decision_no_action,10,699722014356,17804,-1,-1,-1,-1,-1
11.8181,veh5,drop_decision_no_action,11,699722014345,17794,-1,-1,-1,-1,-1
11.8253,veh5,drop_decision_no_action,2,699722014361,17810,-1,-1,-1,-1,-1
11.8366,veh5,drop_decision_no_action,8,3627,17847,-1,-1,-1,-1,-1
11.8423,veh5,drop_decision_no_action,7,699722014397,17856,-1,-1,-1,-1,-1
11.8486,veh5,drop_decision_no_action,12,699722014381,17844,-1,-1,-1,-1,-1
11.8586,veh5,drop_decision_no_action,6,3662,17898,-1,-1,-1,-1,-1
11.8683,veh5,drop_decision_no_action,9,3657,17893,-1,-1,-1,-1,-1
11.8693,veh5,drop_decision_no_action,4,699722014442,17923,-1,-1,-1,-1,-1
11.8746,veh5,drop_decision_no_action,9,699722014437,17919,-1,-1,-1,-1,-1
11.8786,veh5,drop_decision_no_action,6,699722014434,17916,-1,-1,-1,-1,-1
11.8901,veh5,drop_decision_no_action,10,3706,17947,-1,-1,-1,-1,-1
11.9053,veh5,drop_decision_no_action,2,3724,17973,-1,-1,-1,-1,-1
11.9066,veh5,drop_decision_no_action,11,699722014541,17977,-1,-1,-1,-1,-1
11.9101,veh5,drop_decision_no_action,10,699722014550,17989,-1,-1,-1,-1,-1
11.9253,veh5,drop_decision_no_action,2,699722014555,17995,-1,-1,-1,-1,-1
11.9423,veh5,drop_decision_no_action,7,699722014588,18032,-1,-1,-1,-1,-1
11.9466,veh5,drop_decision_no_action,11,3819,18026,-1,-1,-1,-1,-1
11.9486,veh5,drop_decision_no_action,12,699722014573,18023,-1,-1,-1,-1,-1
11.9623,veh5,drop_decision_no_action,7,3838,18049,-1,-1,-1,-1,-1
11.9683,veh5,drop_decision_no_action,9,3850,18065,-1,-1,-1,-1,-1
11.9693,veh5,drop_decision_no_action,4,699722014633,18099,-1,-1,-1,-1,-1
11.9748,veh5,drop_decision_no_action,6,699722014624,18089,-1,-1,-1,-1,-1
11.9883,veh5,drop_decision_no_action,9,699722014628,18094,-1,-1,-1,-1,-1
11.9901,veh5,drop_decision_no_action,10,3897,18124,-1,-1,-1,-1,-1
12.0053,veh5,drop_decision_no_action,2,3913,18149,-1,-1,-1,-1,-1
12.0066,veh5,drop_decision_no_action,11,699722014733,18152,-1,-1,-1,-1,-1
12.0101,veh5,drop_decision_no_action,10,699722014742,18164,-1,-1,-1,-1,-1
12.0253,veh5,drop_decision_no_action,2,699722014748,18170,-1,-1,-1,-1,-1
12.0293,veh5,drop_decision_no_action,4,3995,18186,-1,-1,-1,-1,-1
12.0423,veh5,drop_decision_no_action,7,699722014786,18212,-1,-1,-1,-1,-1
12.0486,veh5,drop_decision_no_action,12,699722014770,18199,-1,-1,-1,-1,-1
12.0683,veh5,drop_decision_no_action,9,4046,18245,-1,-1,-1,-1,-1
12.0693,veh5,drop_decision_no_action,4,699722014827,18270,-1,-1,-1,-1,-1
12.0746,veh5,drop_decision_no_action,9,699722014823,18267,-1,-1,-1,-1,-1
12.0748,veh5,drop_decision_no_action,6,699722014819,18264,-1,-1,-1,-1,-1
12.0901,veh5,drop_decision_no_action,10,4090,18292,-1,-1,-1,-1,-1
12.1053,veh5,drop_decision_no_action,2,4106,18318,-1,-1,-1,-1,-1
12.1066,veh5,drop_decision_no_action,11,699722014925,18320,-1,-1,-1,-1,-1
12.1101,veh5,drop_decision_no_action,10,699722014936,18333,-1,-1,-1,-1,-1
12.1253,veh5,cpm_drop_reaction,2,699722014942,18339,-1,-1,1,1,15
12.1423,veh5,drop_decision_no_action,7,699722014975,18384,-1,-1,-1,-1,-1
12.1486,veh5,drop_decision_no_action,12,699722014962,18371,-1,-1,-1,-1,-1
12.1548,veh5,drop_decision_no_action,6,4235,18413,-1,-1,-1,-1,-1
12.1683,veh5,drop_decision_no_action,9,4231,18405,-1,-1,-1,-1,-1
12.1693,veh5,drop_decision_no_action,4,699722015017,18444,-1,-1,-1,-1,-1
12.1746,veh5,drop_decision_no_action,9,699722015012,18439,-1,-1,-1,-1,-1
12.1748,veh5,drop_decision_no_action,6,699722015009,18436,-1,-1,-1,-1,-1
12.1886,veh5,drop_decision_no_action,12,4262,18452,-1,-1,-1,-1,-1
12.1901,veh5,drop_decision_no_action,10,4281,18468,-1,-1,-1,-1,-1
12.1966,veh5,drop_decision_no_action,8,699722015050,18478,-1,-1,-1,-1,-1
12.2053,veh5,drop_decision_no_action,2,4303,18504,-1,-1,-1,-1,-1
12.2066,veh5,drop_decision_no_action,11,699722015124,18511,-1,-1,-1,-1,-1
12.2101,veh5,drop_decision_no_action,10,699722015133,18523,-1,-1,-1,-1,-1
12.2253,veh5,drop_decision_no_action,2,699722015138,18529,-1,-1,-1,-1,-1
12.2423,veh5,drop_decision_no_action,7,699722015173,18572,-1,-1,-1,-1,-1
12.2466,veh5,drop_decision_no_action,11,4404,18561,-1,-1,-1,-1,-1
12.2486,veh5,drop_decision_no_action,12,699722015157,18557,-1,-1,-1,-1,-1
12.2523,veh5,drop_decision_no_action,3,699722014971,18381,-1,-1,-1,-1,-1
12.2523,veh5,drop_decision_no_action,3,699722015170,18569,-1,-1,-1,-1,-1
12.2623,veh5,drop_decision_no_action,7,4420,18578,-1,-1,-1,-1,-1
12.2683,veh5,drop_decision_no_action,9,4432,18594,-1,-1,-1,-1,-1
12.2693,veh5,drop_decision_no_action,4,699722015215,18633,-1,-1,-1,-1,-1
12.2748,veh5,drop_decision_no_action,6,699722015206,18623,-1,-1,-1,-1,-1
12.2883,veh5,drop_decision_no_action,9,699722015210,18628,-1,-1,-1,-1,-1
12.2901,veh5,drop_decision_no_action,10,4478,18658,-1,-1,-1,-1,-1
12.3066,veh5,drop_decision_no_action,11,699722015313,18685,-1,-1,-1,-1,-1
12.3101,veh5,drop_decision_no_action,10,699722015321,18695,-1,-1,-1,-1,-1
12.3253,veh5,drop_decision_no_action,2,699722015327,18700,-1,-1,-1,-1,-1
12.3293,veh5,drop_decision_no_action,4,4574,18712,-1,-1,-1,-1,-1
12.3423,veh5,drop_decision_no_action,7,699722015363,18743,-1,-1,-1,-1,-1
12.3486,veh5,drop_decision_no_action,12,699722015347,18725,-1,-1,-1,-1,-1
12.3523,veh5,drop_decision_no_action,3,4596,18734,-1,-1,-1,-1,-1
12.3523,veh5,drop_decision_no_action,3,699722015360,18734,-1,-1,-1,-1,-1
12.3683,veh5,drop_decision_no_action,9,4619,18766,-1,-1,-1,-1,-1
12.3693,veh5,drop_decision_no_action,4,699722015402,18796,-1,-1,-1,-1,-1
12.3746,veh5,drop_decision_no_action,9,699722015397,18793,-1,-1,-1,-1,-1
12.3748,veh5,drop_decision_no_action,6,699722015394,18790,-1,-1,-1,-1,-1
12.3978,veh5,drop_decision_no_action,2,4677,18840,-1,-1,-1,-1,-1
12.4066,veh5,drop_decision_no_action,11,699722015495,18845,-1,-1,-1,-1,-1
12.4101,veh5,drop_decision_no_action,10,699722015505,18853,-1,-1,-1,-1,-1
12.4178,veh5,drop_decision_no_action,2,699722015510,18858,-1,-1,-1,-1,-1
12.4366,veh5,drop_decision_no_action,8,4773,18895,-1,-1,-1,-1,-1
12.4423,veh5,drop_decision_no_action,7,699722015543,18907,-1,-1,-1,-1,-1
12.4486,veh5,drop_decision_no_action,12,699722015528,18890,-1,-1,-1,-1,-1
12.4523,veh5,drop_decision_no_action,3,699722015540,18906,-1,-1,-1,-1,-1
12.4548,veh5,drop_decision_no_action,6,4803,18939,-1,-1,-1,-1,-1
12.4683,veh5,drop_decision_no_action,9,4798,18933,-1,-1,-1,-1,-1
12.4693,veh5,drop_decision_no_action,4,699722015582,18970,-1,-1,-1,-1,-1
12.4746,veh5,drop_decision_no_action,9,699722015577,18966,-1,-1,-1,-1,-1
12.4748,veh5,drop_decision_no_action,6,699722015574,18963,-1,-1,-1,-1,-1
12.4901,veh5,drop_decision_no_action,10,4842,18994,-1,-1,-1,-1,-1
12.5083,veh5,drop_decision_no_action,11,699722015668,19021,-1,-1,-1,-1,-1
12.5101,veh5,drop_decision_no_action,10,699722015675,19030,-1,-1,-1,-1,-1
12.5178,veh5,drop_decision_no_action,2,699722015681,19035,-1,-1,-1,-1,-1
12.5423,veh5,drop_decision_no_action,7,699722015710,19073,-1,-1,-1,-1,-1
12.5486,veh5,drop_decision_no_action,12,699722015698,19061,-1,-1,-1,-1,-1
12.5523,veh5,drop_decision_no_action,3,699722015708,19072,-1,-1,-1,-1,-1
12.5623,veh5,drop_decision_no_action,7,4956,19080,-1,-1,-1,-1,-1
12.5683,veh5,drop_decision_no_action,9,4967,19093,-1,-1,-1,-1,-1
12.5693,veh5,drop_decision_no_action,4,699722015747,19127,-1,-1,-1,-1,-1
12.5751,veh5,drop_decision_no_action,6,699722015739,19118,-1,-1,-1,-1,-1
12.5883,veh5,drop_decision_no_action,9,699722015742,19123,-1,-1,-1,-1,-1
12.5978,veh5,drop_decision_no_action,2,5022,19174,-1,-1,-1,-1,-1
12.6083,veh5,drop_decision_no_action,11,699722015834,19180,-1,-1,-1,-1,-1
12.6178,veh5,drop_decision_no_action,2,699722015846,19190,-1,-1,-1,-1,-1
12.6256,veh5,cpm_drop_reaction,10,699722015841,19189,-1,-1,1,1,15
12.6268,veh5,drop_decision_no_action,4,5094,19207,-1,-1,-1,-1,-1
12.6398,veh5,drop_decision_no_action,3,5118,19228,-1,-1,-1,-1,-1
12.6398,veh5,drop_decision_no_action,3,699722015882,19228,-1,-1,-1,-1,-1
12.6423,veh5,drop_decision_no_action,7,699722015884,19234,-1,-1,-1,-1,-1
12.6483,veh5,drop_decision_no_action,11,5114,19224,-1,-1,-1,-1,-1
12.6486,veh5,drop_decision_no_action,12,699722015867,19220,-1,-1,-1,-1,-1
12.6668,veh5,drop_decision_no_action,4,699722015921,19299,-1,-1,-1,-1,-1
12.6683,veh5,drop_decision_no_action,9,5141,19270,-1,-1,-1,-1,-1
12.6746,veh5,drop_decision_no_action,9,699722015917,19297,-1,-1,-1,-1,-1
12.6751,veh5,drop_decision_no_action,6,699722015914,19294,-1,-1,-1,-1,-1
12.7083,veh5,drop_decision_no_action,11,699722016003,19345,-1,-1,-1,-1,-1
12.7178,veh5,drop_decision_no_action,2,699722016016,19354,-1,-1,-1,-1,-1
12.7256,veh5,drop_decision_no_action,10,699722016012,19353,-1,-1,-1,-1,-1
12.7373,veh5,drop_decision_no_action,7,699722016047,19398,-1,-1,-1,-1,-1
12.7398,veh5,drop_decision_no_action,3,699722016044,19396,-1,-1,-1,-1,-1
12.7401,veh5,drop_decision_no_action,12,699722016034,19385,-1,-1,-1,-1,-1
12.7546,veh5,drop_decision_no_action,9,5303,19427,-1,-1,-1,-1,-1
12.7551,veh5,drop_decision_no_action,6,5307,19432,-1,-1,-1,-1,-1
12.7668,veh5,drop_decision_no_action,4,699722016084,19459,-1,-1,-1,-1,-1
12.7746,veh5,drop_decision_no_action,9,699722016080,19453,-1,-1,-1,-1,-1
12.7751,veh5,drop_decision_no_action,6,699722016077,19451,-1,-1,-1,-1,-1
12.7801,veh5,drop_decision_no_action,12,5330,19467,-1,-1,-1,-1,-1
12.7856,veh5,drop_decision_no_action,10,5348,19484,-1,-1,-1,-1,-1
12.7966,veh5,drop_decision_no_action,8,699722016116,19498,-1,-1,-1,-1,-1
12.7978,veh5,drop_decision_no_action,2,5366,19517,-1,-1,-1,-1,-1
12.8083,veh5,drop_decision_no_action,11,699722016181,19530,-1,-1,-1,-1,-1
12.8178,veh5,drop_decision_no_action,2,699722016193,19541,-1,-1,-1,-1,-1
12.8256,veh5,drop_decision_no_action,10,699722016188,19540,-1,-1,-1,-1,-1
12.8373,veh5,drop_decision_no_action,7,699722016221,19581,-1,-1,-1,-1,-1
12.8398,veh5,drop_decision_no_action,3,699722016218,19579,-1,-1,-1,-1,-1
12.8401,veh5,drop_decision_no_action,12,699722016209,19568,-1,-1,-1,-1,-1
12.8573,veh5,drop_decision_no_action,7,5469,19599,-1,-1,-1,-1,-1
12.8601,veh5,drop_decision_no_action,9,5479,19611,-1,-1,-1,-1,-1
12.8668,veh5,drop_decision_no_action,4,699722016258,19641,-1,-1,-1,-1,-1
12.8718,veh5,drop_decision_no_action,9,699722016254,19638,-1,-1,-1,-1,-1
12.8751,veh5,drop_decision_no_action,6,699722016252,19637,-1,-1,-1,-1,-1
12.9083,veh5,drop_decision_no_action,11,699722016342,19688,-1,-1,-1,-1,-1
12.9178,veh5,drop_decision_no_action,2,699722016352,19696,-1,-1,-1,-1,-1
12.9256,veh5,drop_decision_no_action,10,699722016348,19695,-1,-1,-1,-1,-1
12.9268,veh5,drop_decision_no_action,4,5600,19710,-1,-1,-1,-1,-1
12.9373,veh5,drop_decision_no_action,7,699722016386,19737,-1,-1,-1,-1,-1
12.9398,veh5,drop_decision_no_action,3,5619,19728,-1,-1,-1,-1,-1
12.9398,veh5,drop_decision_no_action,3,699722016383,19728,-1,-1,-1,-1,-1
12.9401,veh5,drop_decision_no_action,12,699722016372,19723,-1,-1,-1,-1,-1
12.9601,veh5,drop_decision_no_action,9,5643,19771,-1,-1,-1,-1,-1
12.9668,veh5,drop_decision_no_action,4,699722016422,19797,-1,-1,-1,-1,-1
12.9718,veh5,drop_decision_no_action,9,699722016418,19794,-1,-1,-1,-1,-1
12.9751,veh5,drop_decision_no_action,6,699722016415,19793,-1,-1,-1,-1,-1
12.9978,veh5,drop_decision_no_action,2,5694,19836,-1,-1,-1,-1,-1
13.0083,veh5,drop_decision_no_action,11,699722016508,19844,-1,-1,-1,-1,-1
13.0178,veh5,drop_decision_no_action,2,699722016523,19854,-1,-1,-1,-1,-1
13.0256,veh5,drop_decision_no_action,10,699722016518,19853,-1,-1,-1,-1,-1
13.0373,veh5,drop_decision_no_action,7,699722016552,19901,-1,-1,-1,-1,-1
13.0398,veh5,drop_decision_no_action,3,699722016550,19899,-1,-1,-1,-1,-1
13.0401,veh5,drop_decision_no_action,12,699722016540,19888,-1,-1,-1,-1,-1
13.0551,veh5,drop_decision_no_action,6,5814,19938,-1,-1,-1,-1,-1
13.0601,veh5,drop_decision_no_action,9,5809,19930,-1,-1,-1,-1,-1
13.0668,veh5,drop_decision_no_action,4,699722016592,19964,-1,-1,-1,-1,-1
13.0718,veh5,drop_decision_no_action,9,699722016587,19957,-1,-1,-1,-1,-1
13.0751,veh5,drop_decision_no_action,6,699722016584,19956,-1,-1,-1,-1,-1
13.1083,veh5,drop_decision_no_action,11,699722016674,20007,-1,-1,-1,-1,-1
13.1178,veh5,drop_decision_no_action,2,699722016685,20015,-1,-1,-1,-1,-1
13.1256,veh5,cpm_drop_reaction,10,699722016680,20014,-1,-1,1,1,15
13.1373,veh5,drop_decision_no_action,7,699722016718,20054,-1,-1,-1,-1,-1
13.1398,veh5,drop_decision_no_action,3,699722016715,20052,-1,-1,-1,-1,-1
13.1401,veh5,drop_decision_no_action,12,699722016701,20039,-1,-1,-1,-1,-1
13.1441,veh5,drop_decision_no_action,8,5946,20040,-1,-1,-1,-1,-1
13.1483,veh5,drop_decision_no_action,11,5950,20045,-1,-1,-1,-1,-1
13.1573,veh5,drop_decision_no_action,7,5968,20071,-1,-1,-1,-1,-1
13.1601,veh5,drop_decision_no_action,9,5979,20088,-1,-1,-1,-1,-1
13.1668,veh5,drop_decision_no_action,4,699722016759,20128,-1,-1,-1,-1,-1
13.1718,veh5,drop_decision_no_action,9,699722016755,20124,-1,-1,-1,-1,-1
13.1751,veh5,drop_decision_no_action,6,699722016753,20123,-1,-1,-1,-1,-1
13.1978,veh5,drop_decision_no_action,2,6032,20170,-1,-1,-1,-1,-1
13.2083,veh5,drop_decision_no_action,11,699722016853,20178,-1,-1,-1,-1,-1
13.2178,veh5,drop_decision_no_action,2,699722016864,20187,-1,-1,-1,-1,-1
13.2256,veh5,drop_decision_no_action,10,699722016859,20186,-1,-1,-1,-1,-1
13.2268,veh5,drop_decision_no_action,4,6112,20204,-1,-1,-1,-1,-1
13.2373,veh5,drop_decision_no_action,7,699722016898,20231,-1,-1,-1,-1,-1
13.2398,veh5,drop_decision_no_action,3,6131,20222,-1,-1,-1,-1,-1
13.2398,veh5,drop_decision_no_action,3,699722016895,20222,-1,-1,-1,-1,-1
13.2401,veh5,drop_decision_no_action,12,699722016883,20217,-1,-1,-1,-1,-1
13.2601,veh5,drop_decision_no_action,9,6156,20265,-1,-1,-1,-1,-1
13.2668,veh5,drop_decision_no_action,4,699722016934,20292,-1,-1,-1,-1,-1
13.2718,veh5,drop_decision_no_action,9,699722016930,20288,-1,-1,-1,-1,-1
13.2751,veh5,drop_decision_no_action,6,699722016928,20287,-1,-1,-1,-1,-1
13.2978,veh5,drop_decision_no_action,2,6206,20330,-1,-1,-1,-1,-1
13.3066,veh5,drop_decision_no_action,11,699722017027,20338,-1,-1,-1,-1,-1
13.3178,veh5,drop_decision_no_action,2,699722017041,20351,-1,-1,-1,-1,-1
13.3256,veh5,drop_decision_no_action,10,699722017036,20350,-1,-1,-1,-1,-1
13.3373,veh5,drop_decision_no_action,7,699722017072,20395,-1,-1,-1,-1,-1
13.3398,veh5,drop_decision_no_action,3,699722017069,20393,-1,-1,-1,-1,-1
13.3401,veh5,drop_decision_no_action,12,699722017060,20383,-1,-1,-1,-1,-1
13.3601,veh5,drop_decision_no_action,9,6328,20425,-1,-1,-1,-1,-1
13.3668,veh5,drop_decision_no_action,4,699722017108,20452,-1,-1,-1,-1,-1
13.3678,veh5,drop_decision_no_action,6,6333,20433,-1,-1,-1,-1,-1
13.3678,veh5,drop_decision_no_action,6,699722017102,20433,-1,-1,-1,-1,-1
13.3718,veh5,drop_decision_no_action,9,699722017105,20448,-1,-1,-1,-1,-1
13.3801,veh5,drop_decision_no_action,12,6354,20460,-1,-1,-1,-1,-1
13.3856,veh5,drop_decision_no_action,10,6371,20475,-1,-1,-1,-1,-1
13.3978,veh5,drop_decision_no_action,2,6388,20504,-1,-1,-1,-1,-1
13.4041,veh5,drop_decision_no_action,8,699722017140,20490,-1,-1,-1,-1,-1
13.4066,veh5,drop_decision_no_action,11,699722017203,20512,-1,-1,-1,-1,-1
13.4178,veh5,drop_decision_no_action,2,699722017217,20529,-1,-1,-1,-1,-1
13.4256,veh5,drop_decision_no_action,10,699722017211,20528,-1,-1,-1,-1,-1
13.4373,veh5,drop_decision_no_action,7,699722017247,20571,-1,-1,-1,-1,-1
13.4398,veh5,drop_decision_no_action,3,699722017244,20569,-1,-1,-1,-1,-1
13.4401,veh5,drop_decision_no_action,12,699722017233,20559,-1,-1,-1,-1,-1
13.4573,veh5,drop_decision_no_action,7,6496,20589,-1,-1,-1,-1,-1
13.4601,veh5,drop_decision_no_action,9,6506,20602,-1,-1,-1,-1,-1
13.4678,veh5,drop_decision_no_action,6,699722017278,20626,-1,-1,-1,-1,-1
13.4718,veh5,drop_decision_no_action,9,699722017281,20628,-1,-1,-1,-1,-1
13.4823,veh5,drop_decision_no_action,4,699722017285,20633,-1,-1,-1,-1,-1
13.4983,veh5,drop_decision_no_action,2,6557,20673,-1,-1,-1,-1,-1
13.5066,veh5,drop_decision_no_action,11,699722017371,20682,-1,-1,-1,-1,-1
13.5183,veh5,drop_decision_no_action,2,699722017383,20693,-1,-1,-1,-1,-1
13.5223,veh5,drop_decision_no_action,4,6630,20706,-1,-1,-1,-1,-1
13.5256,veh5,drop_decision_no_action,10,699722017379,20692,-1,-1,-1,-1,-1
13.5373,veh5,drop_decision_no_action,7,699722017417,20740,-1,-1,-1,-1,-1
13.5398,veh5,drop_decision_no_action,3,6649,20729,-1,-1,-1,-1,-1
13.5398,veh5,drop_decision_no_action,3,699722017415,20729,-1,-1,-1,-1,-1
13.5401,veh5,drop_decision_no_action,12,699722017402,20726,-1,-1,-1,-1,-1
13.5601,veh5,drop_decision_no_action,9,6673,20769,-1,-1,-1,-1,-1
13.5678,veh5,drop_decision_no_action,6,699722017446,20790,-1,-1,-1,-1,-1
13.5801,veh5,drop_decision_no_action,12,6694,20800,-1,-1,-1,-1,-1
13.5823,veh5,drop_decision_no_action,4,699722017450,20795,-1,-1,-1,-1,-1
13.6066,veh5,drop_decision_no_action,11,699722017537,20837,-1,-1,-1,-1,-1
13.6183,veh5,drop_decision_no_action,2,699722017551,20849,-1,-1,-1,-1,-1
13.6256,veh5,cpm_drop_reaction,10,699722017547,20848,-1,-1,1,1,15
13.6373,veh5,drop_decision_no_action,7,699722017581,20891,-1,-1,-1,-1,-1
13.6398,veh5,drop_decision_no_action,3,699722017578,20889,-1,-1,-1,-1,-1
13.6401,veh5,drop_decision_no_action,12,699722017569,20878,-1,-1,-1,-1,-1
13.6601,veh5,drop_decision_no_action,9,6837,20920,-1,-1,-1,-1,-1
13.6678,veh5,drop_decision_no_action,6,6842,20928,-1,-1,-1,-1,-1
13.6678,veh5,drop_decision_no_action,6,699722017612,20928,-1,-1,-1,-1,-1
13.6718,veh5,drop_decision_no_action,9,699722017614,20944,-1,-1,-1,-1,-1
13.6801,veh5,drop_decision_no_action,12,6862,20953,-1,-1,-1,-1,-1
13.6823,veh5,drop_decision_no_action,4,699722017618,20948,-1,-1,-1,-1,-1
13.6983,veh5,drop_decision_no_action,2,6894,20993,-1,-1,-1,-1,-1
13.7066,veh5,drop_decision_no_action,11,699722017709,21001,-1,-1,-1,-1,-1
13.7183,veh5,drop_decision_no_action,2,699722017721,21013,-1,-1,-1,-1,-1
13.7256,veh5,drop_decision_no_action,10,699722017716,21012,-1,-1,-1,-1,-1
13.7371,veh5,drop_decision_no_action,3,699722017750,21050,-1,-1,-1,-1,-1
13.7373,veh5,drop_decision_no_action,7,699722017752,21052,-1,-1,-1,-1,-1
13.7453,veh5,drop_decision_no_action,12,699722017738,21038,-1,-1,-1,-1,-1
13.7466,veh5,drop_decision_no_action,11,6984,21041,-1,-1,-1,-1,-1
13.7518,veh5,drop_decision_no_action,9,7012,21086,-1,-1,-1,-1,-1
13.7573,veh5,drop_decision_no_action,7,7001,21070,-1,-1,-1,-1,-1
13.7678,veh5,drop_decision_no_action,6,699722017784,21112,-1,-1,-1,-1,-1
13.7823,veh5,drop_decision_no_action,4,699722017789,21119,-1,-1,-1,-1,-1
13.7853,veh5,drop_decision_no_action,12,7033,21124,-1,-1,-1,-1,-1
13.8066,veh5,drop_decision_no_action,11,699722017874,21163,-1,-1,-1,-1,-1
13.8183,veh5,drop_decision_no_action,2,699722017886,21175,-1,-1,-1,-1,-1
13.8223,veh5,drop_decision_no_action,4,7132,21186,-1,-1,-1,-1,-1
13.8256,veh5,drop_decision_no_action,10,699722017881,21174,-1,-1,-1,-1,-1
13.8371,veh5,drop_decision_no_action,3,7155,21210,-1,-1,-1,-1,-1
13.8371,veh5,drop_decision_no_action,3,699722017920,21210,-1,-1,-1,-1,-1
13.8441,veh5,drop_decision_no_action,8,7150,21206,-1,-1,-1,-1,-1
13.8453,veh5,drop_decision_no_action,12,699722017905,21205,-1,-1,-1,-1,-1
13.8518,veh5,drop_decision_no_action,9,7181,21247,-1,-1,-1,-1,-1
13.8538,veh5,drop_decision_no_action,7,699722017923,21221,-1,-1,-1,-1,-1
13.8678,veh5,drop_decision_no_action,6,699722017954,21273,-1,-1,-1,-1,-1
13.8823,veh5,drop_decision_no_action,4,699722017959,21279,-1,-1,-1,-1,-1
13.8853,veh5,drop_decision_no_action,12,7203,21286,-1,-1,-1,-1,-1
13.8983,veh5,drop_decision_no_action,2,7234,21322,-1,-1,-1,-1,-1
13.9066,veh5,drop_decision_no_action,11,699722018046,21328,-1,-1,-1,-1,-1
13.9183,veh5,drop_decision_no_action,2,699722018061,21344,-1,-1,-1,-1,-1
13.9371,veh5,drop_decision_no_action,3,699722018088,21385,-1,-1,-1,-1,-1
13.9453,veh5,drop_decision_no_action,12,699722018079,21376,-1,-1,-1,-1,-1
13.9518,veh5,drop_decision_no_action,9,7346,21412,-1,-1,-1,-1,-1
13.9538,veh5,drop_decision_no_action,7,699722018091,21386,-1,-1,-1,-1,-1
13.9678,veh5,drop_decision_no_action,6,7352,21418,-1,-1,-1,-1,-1
13.9678,veh5,drop_decision_no_action,6,699722018121,21418,-1,-1,-1,-1,-1
13.9823,veh5,drop_decision_no_action,4,699722018127,21439,-1,-1,-1,-1,-1
13.9853,veh5,drop_decision_no_action,12,7372,21447,-1,-1,-1,-1,-1
14.0033,veh5,drop_decision_no_action,11,699722018217,21489,-1,-1,-1,-1,-1
14.0041,veh5,drop_decision_no_action,8,699722018158,21470,-1,-1,-1,-1,-1
14.0183,veh5,drop_decision_no_action,2,699722018230,21508,-1,-1,-1,-1,-1
14.0371,veh5,drop_decision_no_action,3,699722018256,21548,-1,-1,-1,-1,-1
14.0453,veh5,drop_decision_no_action,12,699722018248,21538,-1,-1,-1,-1,-1
14.0538,veh5,drop_decision_no_action,7,699722018259,21549,-1,-1,-1,-1,-1
14.0538,veh5,drop_decision_no_action,7,7507,21549,-1,-1,-1,-1,-1
14.0678,veh5,drop_decision_no_action,6,699722018289,21588,-1,-1,-1,-1,-1
14.0696,veh5,drop_decision_no_action,9,7517,21575,-1,-1,-1,-1,-1
14.0706,veh5,drop_decision_no_action,4,699722018295,21593,-1,-1,-1,-1,-1
14.0853,veh5,drop_decision_no_action,12,7540,21600,-1,-1,-1,-1,-1
14.0856,veh5,drop_decision_no_action,10,7389,21455,-1,-1,-1,-1,-1
14.0856,veh5,drop_decision_no_action,10,699722018225,21506,-1,-1,-1,-1,-1
14.0983,veh5,drop_decision_no_action,2,7572,21643,-1,-1,-1,-1,-1
14.1033,veh5,drop_decision_no_action,11,699722018386,21649,-1,-1,-1,-1,-1
14.1183,veh5,drop_decision_no_action,2,699722018398,21663,-1,-1,-1,-1,-1
14.1266,veh5,cpm_drop_reaction,10,699722018393,21660,-1,-1,1,1,15
14.1306,veh5,drop_decision_no_action,4,7646,21675,-1,-1,-1,-1,-1
14.1371,veh5,drop_decision_no_action,3,7668,21700,-1,-1,-1,-1,-1
14.1371,veh5,drop_decision_no_action,3,699722018432,21700,-1,-1,-1,-1,-1
14.1453,veh5,drop_decision_no_action,12,699722018419,21690,-1,-1,-1,-1,-1
14.1538,veh5,drop_decision_no_action,7,699722018435,21709,-1,-1,-1,-1,-1
14.1696,veh5,drop_decision_no_action,9,7693,21734,-1,-1,-1,-1,-1
14.1706,veh5,drop_decision_no_action,4,699722018469,21753,-1,-1,-1,-1,-1
14.1738,veh5,drop_decision_no_action,6,699722018464,21748,-1,-1,-1,-1,-1
14.1853,veh5,drop_decision_no_action,12,7713,21757,-1,-1,-1,-1,-1
14.2033,veh5,drop_decision_no_action,11,699722018558,21804,-1,-1,-1,-1,-1
14.2183,veh5,drop_decision_no_action,2,699722018572,21820,-1,-1,-1,-1,-1
14.2266,veh5,drop_decision_no_action,10,699722018567,21817,-1,-1,-1,-1,-1
14.2371,veh5,drop_decision_no_action,3,699722018599,21860,-1,-1,-1,-1,-1
14.2453,veh5,drop_decision_no_action,12,699722018590,21849,-1,-1,-1,-1,-1
14.2538,veh5,drop_decision_no_action,7,699722018602,21861,-1,-1,-1,-1,-1
14.2538,veh5,drop_decision_no_action,6,7861,21888,-1,-1,-1,-1,-1
14.2696,veh5,drop_decision_no_action,9,7856,21885,-1,-1,-1,-1,-1
14.2696,veh5,drop_decision_no_action,9,699722018635,21885,-1,-1,-1,-1,-1
14.2706,veh5,drop_decision_no_action,4,699722018639,21913,-1,-1,-1,-1,-1
14.2738,veh5,drop_decision_no_action,6,699722018633,21908,-1,-1,-1,-1,-1
14.2983,veh5,drop_decision_no_action,2,7910,21955,-1,-1,-1,-1,-1
14.3033,veh5,drop_decision_no_action,11,699722018723,21962,-1,-1,-1,-1,-1
14.3183,veh5,drop_decision_no_action,2,699722018735,21974,-1,-1,-1,-1,-1
14.3266,veh5,drop_decision_no_action,10,699722018730,21971,-1,-1,-1,-1,-1
14.3371,veh5,drop_decision_no_action,3,699722018764,22013,-1,-1,-1,-1,-1
14.3413,veh5,drop_decision_no_action,12,699722018752,22001,-1,-1,-1,-1,-1
14.3433,veh5,drop_decision_no_action,11,7998,22006,-1,-1,-1,-1,-1
14.3538,veh5,drop_decision_no_action,7,699722018766,22014,-1,-1,-1,-1,-1
14.3538,veh5,drop_decision_no_action,7,8015,22014,-1,-1,-1,-1,-1
14.3696,veh5,drop_decision_no_action,9,8025,22044,-1,-1,-1,-1,-1
14.3706,veh5,drop_decision_no_action,4,699722018800,22065,-1,-1,-1,-1,-1
14.3738,veh5,drop_decision_no_action,6,699722018796,22061,-1,-1,-1,-1,-1
14.3813,veh5,drop_decision_no_action,12,8045,22069,-1,-1,-1,-1,-1
14.4033,veh5,drop_decision_no_action,11,699722018890,22117,-1,-1,-1,-1,-1
14.4183,veh5,drop_decision_no_action,2,699722018902,22129,-1,-1,-1,-1,-1
14.4266,veh5,drop_decision_no_action,10,699722018897,22126,-1,-1,-1,-1,-1
14.4306,veh5,drop_decision_no_action,4,8149,22139,-1,-1,-1,-1,-1
14.4371,veh5,drop_decision_no_action,3,8172,22165,-1,-1,-1,-1,-1
14.4371,veh5,drop_decision_no_action,3,699722018937,22165,-1,-1,-1,-1,-1
14.4413,veh5,drop_decision_no_action,12,699722018922,22154,-1,-1,-1,-1,-1
14.4426,veh5,drop_decision_no_action,8,8168,22161,-1,-1,-1,-1,-1
14.4538,veh5,drop_decision_no_action,7,699722018940,22174,-1,-1,-1,-1,-1
14.4696,veh5,drop_decision_no_action,9,8196,22204,-1,-1,-1,-1,-1
14.4706,veh5,drop_decision_no_action,4,699722018972,22225,-1,-1,-1,-1,-1
14.4738,veh5,drop_decision_no_action,6,699722018968,22221,-1,-1,-1,-1,-1
14.4983,veh5,drop_decision_no_action,2,8245,22267,-1,-1,-1,-1,-1
14.5033,veh5,drop_decision_no_action,11,699722019060,22274,-1,-1,-1,-1,-1
14.5183,veh5,drop_decision_no_action,2,699722019074,22289,-1,-1,-1,-1,-1
14.5266,veh5,drop_decision_no_action,10,699722019070,22286,-1,-1,-1,-1,-1
14.5371,veh5,drop_decision_no_action,3,699722019102,22332,-1,-1,-1,-1,-1
14.5413,veh5,drop_decision_no_action,12,699722019093,22321,-1,-1,-1,-1,-1
14.5538,veh5,drop_decision_no_action,7,699722019104,22333,-1,-1,-1,-1,-1
14.5538,veh5,drop_decision_no_action,6,8364,22360,-1,-1,-1,-1,-1
14.5696,veh5,drop_decision_no_action,9,8361,22358,-1,-1,-1,-1,-1
14.5706,veh5,drop_decision_no_action,4,699722019140,22384,-1,-1,-1,-1,-1
14.5738,veh5,drop_decision_no_action,6,699722019135,22380,-1,-1,-1,-1,-1
14.5813,veh5,drop_decision_no_action,12,8384,22388,-1,-1,-1,-1,-1
14.5866,veh5,drop_decision_no_action,10,8406,22411,-1,-1,-1,-1,-1
14.6026,veh5,drop_decision_no_action,8,699722019174,22423,-1,-1,-1,-1,-1
14.6033,veh5,drop_decision_no_action,11,699722019232,22443,-1,-1,-1,-1,-1
14.6226,veh5,drop_decision_no_action,2,699722019244,22461,-1,-1,-1,-1,-1
14.6266,veh5,cpm_drop_reaction,10,699722019240,22457,-1,-1,1,1,15
14.6371,veh5,drop_decision_no_action,3,699722019271,22498,-1,-1,-1,-1,-1
14.6413,veh5,drop_decision_no_action,12,699722019262,22487,-1,-1,-1,-1,-1
14.6538,veh5,drop_decision_no_action,7,699722019273,22500,-1,-1,-1,-1,-1
14.6538,veh5,drop_decision_no_action,7,8522,22500,-1,-1,-1,-1,-1
14.6696,veh5,drop_decision_no_action,9,8531,22526,-1,-1,-1,-1,-1
14.6696,veh5,drop_decision_no_action,4,699722019307,22544,-1,-1,-1,-1,-1
14.6738,veh5,drop_decision_no_action,6,699722019302,22539,-1,-1,-1,-1,-1
14.7026,veh5,drop_decision_no_action,2,8581,22586,-1,-1,-1,-1,-1
14.7033,veh5,drop_decision_no_action,11,699722019397,22588,-1,-1,-1,-1,-1
14.7226,veh5,drop_decision_no_action,2,699722019411,22604,-1,-1,-1,-1,-1
14.7233,veh5,drop_decision_no_action,10,699722019406,22602,-1,-1,-1,-1,-1
14.7296,veh5,drop_decision_no_action,4,8658,22615,-1,-1,-1,-1,-1
14.7371,veh5,drop_decision_no_action,3,8682,22646,-1,-1,-1,-1,-1
14.7371,veh5,drop_decision_no_action,3,699722019446,22646,-1,-1,-1,-1,-1
14.7413,veh5,drop_decision_no_action,12,699722019432,22632,-1,-1,-1,-1,-1
14.7538,veh5,drop_decision_no_action,7,699722019448,22650,-1,-1,-1,-1,-1
14.7631,veh5,drop_decision_no_action,9,8705,22678,-1,-1,-1,-1,-1
14.7696,veh5,drop_decision_no_action,4,699722019482,22699,-1,-1,-1,-1,-1
14.7738,veh5,drop_decision_no_action,6,699722019477,22691,-1,-1,-1,-1,-1
14.8026,veh5,drop_decision_no_action,2,8756,22738,-1,-1,-1,-1,-1
14.8033,veh5,drop_decision_no_action,11,699722019571,22740,-1,-1,-1,-1,-1
14.8226,veh5,drop_decision_no_action,2,699722019588,22759,-1,-1,-1,-1,-1
14.8233,veh5,drop_decision_no_action,10,699722019583,22757,-1,-1,-1,-1,-1
14.8371,veh5,drop_decision_no_action,3,699722019618,22802,-1,-1,-1,-1,-1
14.8413,veh5,drop_decision_no_action,12,699722019608,22791,-1,-1,-1,-1,-1
14.8538,veh5,drop_decision_no_action,7,699722019621,22804,-1,-1,-1,-1,-1
14.8538,veh5,drop_decision_no_action,6,8882,22831,-1,-1,-1,-1,-1
14.8631,veh5,drop_decision_no_action,9,8878,22829,-1,-1,-1,-1,-1
14.8631,veh5,drop_decision_no_action,9,699722019657,22829,-1,-1,-1,-1,-1
14.8696,veh5,drop_decision_no_action,4,699722019662,22859,-1,-1,-1,-1,-1
14.8738,veh5,drop_decision_no_action,6,699722019654,22850,-1,-1,-1,-1,-1
14.9026,veh5,drop_decision_no_action,2,8936,22898,-1,-1,-1,-1,-1
14.9033,veh5,drop_decision_no_action,11,699722019750,22900,-1,-1,-1,-1,-1
14.9226,veh5,drop_decision_no_action,2,699722019764,22916,-1,-1,-1,-1,-1
14.9233,veh5,drop_decision_no_action,10,699722019758,22914,-1,-1,-1,-1,-1
14.9371,veh5,drop_decision_no_action,3,699722019795,22955,-1,-1,-1,-1,-1
14.9413,veh5,drop_decision_no_action,12,699722019782,22943,-1,-1,-1,-1,-1
14.9433,veh5,drop_decision_no_action,11,9029,22947,-1,-1,-1,-1,-1
14.9538,veh5,drop_decision_no_action,7,699722019798,22957,-1,-1,-1,-1,-1
14.9538,veh5,drop_decision_no_action,7,9048,22957,-1,-1,-1,-1,-1
14.9631,veh5,drop_decision_no_action,9,9058,22987,-1,-1,-1,-1,-1
14.9696,veh5,drop_decision_no_action,4,699722019837,23011,-1,-1,-1,-1,-1
14.9738,veh5,drop_decision_no_action,6,699722019831,23003,-1,-1,-1,-1,-1
15.0033,veh5,drop_decision_no_action,11,699722019919,23051,-1,-1,-1,-1,-1
15.0226,veh5,drop_decision_no_action,2,699722019932,23064,-1,-1,-1,-1,-1
15.0233,veh5,drop_decision_no_action,10,699722019926,23062,-1,-1,-1,-1,-1
15.0296,veh5,drop_decision_no_action,4,9179,23071,-1,-1,-1,-1,-1
15.0371,veh5,drop_decision_no_action,3,9205,23104,-1,-1,-1,-1,-1
15.0371,veh5,drop_decision_no_action,3,699722019969,23104,-1,-1,-1,-1,-1
15.0471,veh5,drop_decision_no_action,8,9199,23093,-1,-1,-1,-1,-1
15.0538,veh5,drop_decision_no_action,7,699722019972,23107,-1,-1,-1,-1,-1
15.0631,veh5,drop_decision_no_action,9,9232,23143,-1,-1,-1,-1,-1
15.0696,veh5,drop_decision_no_action,4,699722020008,23162,-1,-1,-1,-1,-1
15.0738,veh5,drop_decision_no_action,6,699722020002,23156,-1,-1,-1,-1,-1
15.1026,veh5,drop_decision_no_action,2,9283,23202,-1,-1,-1,-1,-1
15.1201,veh5,drop_decision_no_action,11,699722020094,23205,-1,-1,-1,-1,-1
15.1226,veh5,drop_decision_no_action,2,699722020111,23219,-1,-1,-1,-1,-1
15.1233,veh5,drop_decision_no_action,10,699722020105,23217,-1,-1,-1,-1,-1
15.1371,veh5,cpm_drop_reaction,3,699722020141,23266,-1,-1,1,1,15
15.1538,veh5,drop_decision_no_action,7,699722020144,23268,-1,-1,-1,-1,-1
15.1538,veh5,drop_decision_no_action,6,9408,23299,-1,-1,-1,-1,-1
15.1631,veh5,drop_decision_no_action,9,9403,23297,-1,-1,-1,-1,-1
15.1738,veh5,drop_decision_no_action,6,699722020179,23315,-1,-1,-1,-1,-1
15.1833,veh5,drop_decision_no_action,10,9450,23344,-1,-1,-1,-1,-1
15.1836,veh5,drop_decision_no_action,4,699722020185,23322,-1,-1,-1,-1,-1
15.1871,veh5,drop_decision_no_action,8,699722020221,23362,-1,-1,-1,-1,-1
15.2201,veh5,drop_decision_no_action,11,699722020286,23387,-1,-1,-1,-1,-1
15.2226,veh5,drop_decision_no_action,2,699722020298,23395,-1,-1,-1,-1,-1
15.2233,veh5,drop_decision_no_action,10,699722020293,23394,-1,-1,-1,-1,-1
15.2523,veh5,drop_decision_no_action,3,699722020327,23434,-1,-1,-1,-1,-1
15.2538,veh5,drop_decision_no_action,7,699722020330,23436,-1,-1,-1,-1,-1
15.2538,veh5,drop_decision_no_action,7,9579,23436,-1,-1,-1,-1,-1
15.2616,veh5,drop_decision_no_action,9,9589,23458,-1,-1,-1,-1,-1
15.2738,veh5,drop_decision_no_action,6,699722020362,23475,-1,-1,-1,-1,-1
15.2816,veh5,drop_decision_no_action,12,9430,23328,-1,-1,-1,-1,-1
15.2836,veh5,drop_decision_no_action,4,699722020368,23482,-1,-1,-1,-1,-1
15.3026,veh5,drop_decision_no_action,2,9640,23521,-1,-1,-1,-1,-1
15.3201,veh5,drop_decision_no_action,11,699722020449,23525,-1,-1,-1,-1,-1
15.3226,veh5,drop_decision_no_action,2,699722020462,23535,-1,-1,-1,-1,-1
15.3233,veh5,drop_decision_no_action,10,699722020457,23534,-1,-1,-1,-1,-1
15.3236,veh5,drop_decision_no_action,4,9709,23543,-1,-1,-1,-1,-1
15.3401,veh5,drop_decision_no_action,11,9733,23580,-1,-1,-1,-1,-1
15.3523,veh5,drop_decision_no_action,3,9738,23585,-1,-1,-1,-1,-1
15.3523,veh5,drop_decision_no_action,3,699722020502,23585,-1,-1,-1,-1,-1
15.3616,veh5,drop_decision_no_action,9,9763,23622,-1,-1,-1,-1,-1
15.3738,veh5,drop_decision_no_action,6,699722020535,23638,-1,-1,-1,-1,-1
15.3836,veh5,drop_decision_no_action,4,699722020541,23645,-1,-1,-1,-1,-1
15.4201,veh5,drop_decision_no_action,11,699722020618,23684,-1,-1,-1,-1,-1
15.4226,veh5,drop_decision_no_action,2,699722020634,23694,-1,-1,-1,-1,-1
15.4233,veh5,drop_decision_no_action,10,699722020628,23693,-1,-1,-1,-1,-1
15.4401,veh5,drop_decision_no_action,11,9900,23732,-1,-1,-1,-1,-1
15.4523,veh5,drop_decision_no_action,3,699722020666,23738,-1,-1,-1,-1,-1
15.4538,veh5,drop_decision_no_action,6,9932,23777,-1,-1,-1,-1,-1
15.4616,veh5,drop_decision_no_action,9,9928,23773,-1,-1,-1,-1,-1
15.4738,veh5,drop_decision_no_action,6,699722020704,23797,-1,-1,-1,-1,-1
15.4816,veh5,drop_decision_no_action,9,699722020707,23798,-1,-1,-1,-1,-1
15.4836,veh5,drop_decision_no_action,4,699722020713,23805,-1,-1,-1,-1,-1
15.5026,veh5,drop_decision_no_action,2,9986,23847,-1,-1,-1,-1,-1
15.5201,veh5,drop_decision_no_action,11,699722020796,23853,-1,-1,-1,-1,-1
15.5226,veh5,drop_decision_no_action,2,699722020808,23863,-1,-1,-1,-1,-1
15.5233,veh5,drop_decision_no_action,10,699722020803,23862,-1,-1,-1,-1,-1
15.5401,veh5,drop_decision_no_action,11,10074,23900,-1,-1,-1,-1,-1
15.5523,veh5,drop_decision_no_action,3,699722020840,23905,-1,-1,-1,-1,-1
15.5616,veh5,drop_decision_no_action,9,10104,23942,-1,-1,-1,-1,-1
15.5618,veh5,drop_decision_no_action,6,699722020877,23959,-1,-1,-1,-1,-1
15.5836,veh5,drop_decision_no_action,4,699722020885,23973,-1,-1,-1,-1,-1
15.6201,veh5,drop_decision_no_action,11,699722020963,24011,-1,-1,-1,-1,-1
15.6228,veh5,drop_decision_no_action,2,699722020975,24018,-1,-1,-1,-1,-1
15.6233,veh5,drop_decision_no_action,10,699722020970,24017,-1,-1,-1,-1,-1
15.6236,veh5,drop_decision_no_action,4,10221,24021,-1,-1,-1,-1,-1
15.6401,veh5,cam_drop_reaction,11,10250,24062,-1,-1,1,1,15
15.6471,veh5,drop_decision_no_action,8,10245,24054,-1,-1,-1,-1,-1
15.6523,veh5,drop_decision_no_action,3,10254,24064,-1,-1,-1,-1,-1
15.6523,veh5,drop_decision_no_action,3,699722021018,24064,-1,-1,-1,-1,-1
15.6573,veh5,drop_decision_no_action,7,10093,23927,-1,-1,-1,-1,-1
15.6616,veh5,drop_decision_no_action,9,10281,24107,-1,-1,-1,-1,-1
15.6618,veh5,drop_decision_no_action,6,699722021055,24126,-1,-1,-1,-1,-1
15.6736,veh5,drop_decision_no_action,4,699722021062,24135,-1,-1,-1,-1,-1
15.7028,veh5,drop_decision_no_action,2,10331,24169,-1,-1,-1,-1,-1
15.7201,veh5,drop_decision_no_action,11,699722021140,24174,-1,-1,-1,-1,-1
15.7228,veh5,drop_decision_no_action,2,699722021156,24186,-1,-1,-1,-1,-1
15.7233,veh5,drop_decision_no_action,10,699722021150,24184,-1,-1,-1,-1,-1
15.7401,veh5,drop_decision_no_action,11,10423,24231,-1,-1,-1,-1,-1
15.7486,veh5,drop_decision_no_action,3,699722021189,24236,-1,-1,-1,-1,-1
15.7616,veh5,drop_decision_no_action,9,10450,24271,-1,-1,-1,-1,-1
15.7618,veh5,drop_decision_no_action,6,10454,24273,-1,-1,-1,-1,-1
15.7618,veh5,drop_decision_no_action,6,699722021224,24273,-1,-1,-1,-1,-1
15.7736,veh5,drop_decision_no_action,4,699722021231,24295,-1,-1,-1,-1,-1
15.7833,veh5,drop_decision_no_action,10,10493,24316,-1,-1,-1,-1,-1
15.7953,veh5,drop_decision_no_action,8,699722021261,24325,-1,-1,-1,-1,-1
15.8028,veh5,drop_decision_no_action,2,10512,24346,-1,-1,-1,-1,-1
15.8201,veh5,drop_decision_no_action,11,699722021322,24357,-1,-1,-1,-1,-1
15.8228,veh5,drop_decision_no_action,2,699722021334,24367,-1,-1,-1,-1,-1
15.8281,veh5,drop_decision_no_action,10,699722021329,24365,-1,-1,-1,-1,-1
15.8401,veh5,drop_decision_no_action,11,10602,24404,-1,-1,-1,-1,-1
15.8486,veh5,drop_decision_no_action,3,699722021368,24410,-1,-1,-1,-1,-1
15.8488,veh5,drop_decision_no_action,12,699722021175,24221,-1,-1,-1,-1,-1
15.8488,veh5,drop_decision_no_action,12,10477,24304,-1,-1,-1,-1,-1
15.8488,veh5,drop_decision_no_action,12,699722021354,24396,-1,-1,-1,-1,-1
15.8616,veh5,drop_decision_no_action,9,10631,24448,-1,-1,-1,-1,-1
15.8618,veh5,drop_decision_no_action,6,699722021403,24466,-1,-1,-1,-1,-1
15.8736,veh5,drop_decision_no_action,4,699722021410,24476,-1,-1,-1,-1,-1
15.9028,veh5,drop_decision_no_action,2,10680,24512,-1,-1,-1,-1,-1
15.9201,veh5,drop_decision_no_action,11,699722021489,24517,-1,-1,-1,-1,-1
15.9228,veh5,drop_decision_no_action,2,699722021500,24527,-1,-1,-1,-1,-1
15.9281,veh5,drop_decision_no_action,10,699722021495,24525,-1,-1,-1,-1,-1
15.9336,veh5,drop_decision_no_action,4,10747,24535,-1,-1,-1,-1,-1
15.9486,veh5,drop_decision_no_action,3,10771,24570,-1,-1,-1,-1,-1
15.9486,veh5,drop_decision_no_action,3,699722021535,24570,-1,-1,-1,-1,-1
15.9488,veh5,drop_decision_no_action,12,699722021522,24557,-1,-1,-1,-1,-1
15.9573,veh5,drop_decision_no_action,7,10620,24428,-1,-1,-1,-1,-1
15.9573,veh5,drop_decision_no_action,7,699722021538,24576,-1,-1,-1,-1,-1
15.9616,veh5,drop_decision_no_action,9,10796,24610,-1,-1,-1,-1,-1
15.9618,veh5,drop_decision_no_action,6,699722021567,24623,-1,-1,-1,-1,-1
15.9736,veh5,drop_decision_no_action,4,699722021573,24630,-1,-1,-1,-1,-1
16.0028,veh5,drop_decision_no_action,2,10852,24664,-1,-1,-1,-1,-1
16.0201,veh5,drop_decision_no_action,11,699722021664,24669,-1,-1,-1,-1,-1
16.0228,veh5,drop_decision_no_action,2,699722021680,24680,-1,-1,-1,-1,-1
16.0281,veh5,drop_decision_no_action,10,699722021674,24678,-1,-1,-1,-1,-1
16.0373,veh5,drop_decision_no_action,7,699722021716,24726,-1,-1,-1,-1,-1
16.0401,veh5,drop_decision_no_action,11,10948,24720,-1,-1,-1,-1,-1
16.0486,veh5,drop_decision_no_action,3,699722021713,24725,-1,-1,-1,-1,-1
16.0488,veh5,drop_decision_no_action,12,699722021699,24709,-1,-1,-1,-1,-1
16.0616,veh5,drop_decision_no_action,9,10975,24759,-1,-1,-1,-1,-1
16.0618,veh5,drop_decision_no_action,6,10980,24761,-1,-1,-1,-1,-1
16.0618,veh5,drop_decision_no_action,6,699722021751,24761,-1,-1,-1,-1,-1
16.0736,veh5,drop_decision_no_action,4,699722021760,24784,-1,-1,-1,-1,-1
16.0816,veh5,drop_decision_no_action,9,699722021756,24780,-1,-1,-1,-1,-1
16.0881,veh5,drop_decision_no_action,10,11021,24804,-1,-1,-1,-1,-1
16.1028,veh5,drop_decision_no_action,2,11040,24830,-1,-1,-1,-1,-1
16.1201,veh5,drop_decision_no_action,11,699722021848,24838,-1,-1,-1,-1,-1
16.1228,veh5,drop_decision_no_action,2,699722021861,24848,-1,-1,-1,-1,-1
16.1281,veh5,drop_decision_no_action,10,699722021855,24846,-1,-1,-1,-1,-1
16.1373,veh5,drop_decision_no_action,7,699722021896,24893,-1,-1,-1,-1,-1
16.1486,veh5,cpm_drop_reaction,3,699722021894,24892,-1,-1,1,1,15
16.1488,veh5,drop_decision_no_action,12,699722021883,24877,-1,-1,-1,-1,-1
16.1573,veh5,drop_decision_no_action,7,11145,24904,-1,-1,-1,-1,-1
16.1618,veh5,drop_decision_no_action,6,699722021929,24935,-1,-1,-1,-1,-1
16.1621,veh5,drop_decision_no_action,9,11156,24923,-1,-1,-1,-1,-1
16.1736,veh5,drop_decision_no_action,4,699722021938,24951,-1,-1,-1,-1,-1
16.2201,veh5,drop_decision_no_action,11,699722022019,24988,-1,-1,-1,-1,-1
16.2228,veh5,drop_decision_no_action,2,699722022030,24995,-1,-1,-1,-1,-1
16.2281,veh5,drop_decision_no_action,10,699722022025,24993,-1,-1,-1,-1,-1
16.2336,veh5,drop_decision_no_action,4,11276,24999,-1,-1,-1,-1,-1
16.2353,veh5,drop_decision_no_action,8,11296,25024,-1,-1,-1,-1,-1
16.2373,veh5,drop_decision_no_action,7,699722022074,25045,-1,-1,-1,-1,-1
16.2401,veh5,drop_decision_no_action,11,11302,25035,-1,-1,-1,-1,-1
16.2486,veh5,drop_decision_no_action,3,11306,25036,-1,-1,-1,-1,-1
16.2486,veh5,drop_decision_no_action,3,699722022071,25036,-1,-1,-1,-1,-1
16.2488,veh5,drop_decision_no_action,12,699722022050,25021,-1,-1,-1,-1,-1
16.2618,veh5,drop_decision_no_action,6,699722022105,25100,-1,-1,-1,-1,-1
16.2621,veh5,drop_decision_no_action,9,11333,25086,-1,-1,-1,-1,-1
16.2736,veh5,drop_decision_no_action,4,699722022111,25112,-1,-1,-1,-1,-1
16.2881,veh5,drop_decision_no_action,10,11369,25130,-1,-1,-1,-1,-1
16.3028,veh5,drop_decision_no_action,2,11386,25149,-1,-1,-1,-1,-1
16.3201,veh5,drop_decision_no_action,11,699722022195,25157,-1,-1,-1,-1,-1
16.3228,veh5,drop_decision_no_action,2,699722022209,25168,-1,-1,-1,-1,-1
16.3281,veh5,drop_decision_no_action,10,699722022204,25166,-1,-1,-1,-1,-1
16.3373,veh5,drop_decision_no_action,7,699722022243,25213,-1,-1,-1,-1,-1
16.3486,veh5,drop_decision_no_action,3,699722022240,25212,-1,-1,-1,-1,-1
16.3488,veh5,drop_decision_no_action,12,699722022228,25197,-1,-1,-1,-1,-1
16.3618,veh5,drop_decision_no_action,6,11503,25244,-1,-1,-1,-1,-1
16.3618,veh5,drop_decision_no_action,6,699722022273,25244,-1,-1,-1,-1,-1
16.3621,veh5,drop_decision_no_action,9,11499,25242,-1,-1,-1,-1,-1
16.3736,veh5,drop_decision_no_action,4,699722022281,25265,-1,-1,-1,-1,-1
16.3888,veh5,drop_decision_no_action,12,11526,25275,-1,-1,-1,-1,-1
16.3953,veh5,drop_decision_no_action,8,699722022308,25290,-1,-1,-1,-1,-1
16.4201,veh5,drop_decision_no_action,11,699722022368,25316,-1,-1,-1,-1,-1
16.4228,veh5,drop_decision_no_action,2,699722022379,25323,-1,-1,-1,-1,-1
16.4281,veh5,drop_decision_no_action,10,699722022374,25321,-1,-1,-1,-1,-1
16.4486,veh5,drop_decision_no_action,3,699722022408,25359,-1,-1,-1,-1,-1
16.4488,veh5,drop_decision_no_action,12,699722022398,25346,-1,-1,-1,-1,-1
16.4618,veh5,drop_decision_no_action,6,699722022443,25408,-1,-1,-1,-1,-1
16.4621,veh5,drop_decision_no_action,9,11672,25392,-1,-1,-1,-1,-1
16.4736,veh5,drop_decision_no_action,4,699722022451,25423,-1,-1,-1,-1,-1
16.4881,veh5,drop_decision_no_action,10,11710,25444,-1,-1,-1,-1,-1
16.5028,veh5,drop_decision_no_action,2,11725,25462,-1,-1,-1,-1,-1
16.5153,veh5,drop_decision_no_action,11,699722022534,25470,-1,-1,-1,-1,-1
16.5228,veh5,drop_decision_no_action,2,699722022546,25479,-1,-1,-1,-1,-1
16.5281,veh5,drop_decision_no_action,10,699722022542,25477,-1,-1,-1,-1,-1
16.5336,veh5,drop_decision_no_action,4,11796,25492,-1,-1,-1,-1,-1
16.5353,veh5,drop_decision_no_action,11,11817,25516,-1,-1,-1,-1,-1
16.5486,veh5,drop_decision_no_action,3,11821,25517,-1,-1,-1,-1,-1
16.5486,veh5,drop_decision_no_action,3,699722022585,25517,-1,-1,-1,-1,-1
16.5488,veh5,drop_decision_no_action,12,699722022569,25508,-1,-1,-1,-1,-1
16.5573,veh5,drop_decision_no_action,7,11660,25372,-1,-1,-1,-1,-1
16.5618,veh5,drop_decision_no_action,6,699722022619,25581,-1,-1,-1,-1,-1
16.5621,veh5,drop_decision_no_action,9,11847,25566,-1,-1,-1,-1,-1
16.5736,veh5,drop_decision_no_action,4,699722022626,25592,-1,-1,-1,-1,-1
16.6153,veh5,drop_decision_no_action,11,699722022703,25629,-1,-1,-1,-1,-1
16.6228,veh5,drop_decision_no_action,2,699722022717,25636,-1,-1,-1,-1,-1
16.6281,veh5,drop_decision_no_action,10,699722022712,25634,-1,-1,-1,-1,-1
16.6486,veh5,cpm_drop_reaction,3,699722022748,25676,-1,-1,1,1,15
16.6488,veh5,drop_decision_no_action,12,699722022738,25664,-1,-1,-1,-1,-1
16.6618,veh5,drop_decision_no_action,6,12014,25714,-1,-1,-1,-1,-1
16.6618,veh5,drop_decision_no_action,6,699722022783,25714,-1,-1,-1,-1,-1
16.6621,veh5,drop_decision_no_action,9,12009,25710,-1,-1,-1,-1,-1
16.6736,veh5,drop_decision_no_action,4,699722022792,25737,-1,-1,-1,-1,-1
16.6821,veh5,drop_decision_no_action,9,699722022787,25732,-1,-1,-1,-1,-1
16.6881,veh5,drop_decision_no_action,10,12051,25757,-1,-1,-1,-1,-1
16.7028,veh5,drop_decision_no_action,2,12069,25782,-1,-1,-1,-1,-1
16.7153,veh5,drop_decision_no_action,11,699722022881,25790,-1,-1,-1,-1,-1
16.7281,veh5,drop_decision_no_action,10,699722022888,25797,-1,-1,-1,-1,-1
16.7473,veh5,drop_decision_no_action,3,699722022918,25829,-1,-1,-1,-1,-1
16.7488,veh5,drop_decision_no_action,12,699722022909,25823,-1,-1,-1,-1,-1
16.7618,veh5,drop_decision_no_action,6,699722022952,25875,-1,-1,-1,-1,-1
16.7621,veh5,drop_decision_no_action,9,12179,25856,-1,-1,-1,-1,-1
16.7736,veh5,drop_decision_no_action,4,699722022959,25885,-1,-1,-1,-1,-1
16.8153,veh5,drop_decision_no_action,11,699722023040,25925,-1,-1,-1,-1,-1
16.8281,veh5,drop_decision_no_action,10,699722023046,25929,-1,-1,-1,-1,-1
16.8336,veh5,drop_decision_no_action,4,12298,25939,-1,-1,-1,-1,-1
16.8473,veh5,drop_decision_no_action,3,12320,25957,-1,-1,-1,-1,-1
16.8473,veh5,drop_decision_no_action,3,699722023084,25957,-1,-1,-1,-1,-1
16.8488,veh5,drop_decision_no_action,12,699722023071,25952,-1,-1,-1,-1,-1
16.8558,veh5,drop_decision_no_action,7,699722022920,25831,-1,-1,-1,-1,-1
16.8558,veh5,drop_decision_no_action,7,12169,25831,-1,-1,-1,-1,-1
16.8558,veh5,drop_decision_no_action,7,699722023086,25963,-1,-1,-1,-1,-1
16.8621,veh5,drop_decision_no_action,9,12343,25992,-1,-1,-1,-1,-1
16.8631,veh5,drop_decision_no_action,6,699722023116,26011,-1,-1,-1,-1,-1
16.8736,veh5,drop_decision_no_action,4,699722023124,26021,-1,-1,-1,-1,-1
16.9028,veh5,drop_decision_no_action,2,12396,26057,-1,-1,-1,-1,-1
16.9153,veh5,drop_decision_no_action,11,699722023206,26061,-1,-1,-1,-1,-1
16.9201,veh5,drop_decision_no_action,10,699722023216,26070,-1,-1,-1,-1,-1
16.9391,veh5,drop_decision_no_action,8,12485,26107,-1,-1,-1,-1,-1
16.9473,veh5,drop_decision_no_action,3,699722023252,26112,-1,-1,-1,-1,-1
16.9488,veh5,drop_decision_no_action,12,699722023239,26101,-1,-1,-1,-1,-1
16.9558,veh5,drop_decision_no_action,7,699722023255,26114,-1,-1,-1,-1,-1
16.9621,veh5,drop_decision_no_action,9,12512,26140,-1,-1,-1,-1,-1
16.9631,veh5,drop_decision_no_action,6,12518,26147,-1,-1,-1,-1,-1
16.9631,veh5,drop_decision_no_action,6,699722023289,26147,-1,-1,-1,-1,-1
16.9766,veh5,drop_decision_no_action,4,699722023296,26174,-1,-1,-1,-1,-1
16.9801,veh5,drop_decision_no_action,10,12560,26197,-1,-1,-1,-1,-1
16.9888,veh5,drop_decision_no_action,12,12541,26183,-1,-1,-1,-1,-1
16.9991,veh5,drop_decision_no_action,8,699722023328,26206,-1,-1,-1,-1,-1
17.0153,veh5,drop_decision_no_action,11,699722023390,26232,-1,-1,-1,-1,-1
17.0201,veh5,drop_decision_no_action,10,699722023397,26238,-1,-1,-1,-1,-1
17.0473,veh5,drop_decision_no_action,3,699722023428,26271,-1,-1,-1,-1,-1
17.0488,veh5,drop_decision_no_action,12,699722023418,26264,-1,-1,-1,-1,-1
17.0558,veh5,drop_decision_no_action,7,699722023431,26273,-1,-1,-1,-1,-1
17.0558,veh5,drop_decision_no_action,7,12678,26273,-1,-1,-1,-1,-1
17.0621,veh5,drop_decision_no_action,9,12689,26296,-1,-1,-1,-1,-1
17.0631,veh5,drop_decision_no_action,6,699722023463,26316,-1,-1,-1,-1,-1
17.0766,veh5,drop_decision_no_action,4,699722023472,26326,-1,-1,-1,-1,-1
17.0991,veh5,drop_decision_no_action,8,699722023499,26353,-1,-1,-1,-1,-1
17.1028,veh5,drop_decision_no_action,2,12748,26362,-1,-1,-1,-1,-1
17.1153,veh5,drop_decision_no_action,11,699722023558,26369,-1,-1,-1,-1,-1
17.1201,veh5,drop_decision_no_action,10,699722023564,26377,-1,-1,-1,-1,-1
17.1353,veh5,drop_decision_no_action,11,12835,26413,-1,-1,-1,-1,-1
17.1366,veh5,drop_decision_no_action,4,12816,26395,-1,-1,-1,-1,-1
17.1423,veh5,drop_decision_no_action,12,699722023588,26409,-1,-1,-1,-1,-1
17.1473,veh5,drop_decision_no_action,3,12839,26415,-1,-1,-1,-1,-1
17.1473,veh5,drop_decision_no_action,3,699722023603,26415,-1,-1,-1,-1,-1
17.1558,veh5,cpm_drop_reaction,7,699722023610,26422,-1,-1,1,1,15
17.1621,veh5,drop_decision_no_action,9,12867,26456,-1,-1,-1,-1,-1
17.1631,veh5,drop_decision_no_action,6,699722023640,26476,-1,-1,-1,-1,-1
17.1766,veh5,drop_decision_no_action,4,699722023650,26488,-1,-1,-1,-1,-1
17.1821,veh5,drop_decision_no_action,9,699722023643,26481,-1,-1,-1,-1,-1
17.1991,veh5,drop_decision_no_action,8,699722023675,26519,-1,-1,-1,-1,-1
17.2028,veh5,drop_decision_no_action,2,12923,26530,-1,-1,-1,-1,-1
17.2153,veh5,drop_decision_no_action,11,699722023735,26537,-1,-1,-1,-1,-1
17.2201,veh5,drop_decision_no_action,10,699722023745,26547,-1,-1,-1,-1,-1
17.2228,veh5,drop_decision_no_action,2,699722023749,26549,-1,-1,-1,-1,-1
17.2423,veh5,drop_decision_no_action,12,699722023768,26584,-1,-1,-1,-1,-1
17.2473,veh5,drop_decision_no_action,3,699722023778,26598,-1,-1,-1,-1,-1
17.2558,veh5,drop_decision_no_action,7,699722023780,26600,-1,-1,-1,-1,-1
17.2621,veh5,drop_decision_no_action,9,13035,26624,-1,-1,-1,-1,-1
17.2631,veh5,drop_decision_no_action,6,13039,26627,-1,-1,-1,-1,-1
17.2631,veh5,drop_decision_no_action,6,699722023809,26627,-1,-1,-1,-1,-1
17.2766,veh5,drop_decision_no_action,4,699722023818,26656,-1,-1,-1,-1,-1
17.2801,veh5,drop_decision_no_action,10,13078,26677,-1,-1,-1,-1,-1
17.2821,veh5,drop_decision_no_action,9,699722023812,26649,-1,-1,-1,-1,-1
17.2991,veh5,drop_decision_no_action,8,699722023846,26691,-1,-1,-1,-1,-1
17.3028,veh5,drop_decision_no_action,2,13096,26706,-1,-1,-1,-1,-1
17.3153,veh5,drop_decision_no_action,11,699722023904,26713,-1,-1,-1,-1,-1
17.3201,veh5,drop_decision_no_action,10,699722023910,26722,-1,-1,-1,-1,-1
17.3423,veh5,drop_decision_no_action,12,699722023929,26752,-1,-1,-1,-1,-1
17.3473,veh5,drop_decision_no_action,3,699722023939,26759,-1,-1,-1,-1,-1
17.3558,veh5,drop_decision_no_action,7,699722023941,26761,-1,-1,-1,-1,-1
17.3558,veh5,drop_decision_no_action,7,13188,26761,-1,-1,-1,-1,-1
17.3621,veh5,drop_decision_no_action,9,13198,26785,-1,-1,-1,-1,-1
17.3631,veh5,drop_decision_no_action,6,699722023970,26804,-1,-1,-1,-1,-1
17.3766,veh5,drop_decision_no_action,4,699722023976,26815,-1,-1,-1,-1,-1
17.3991,veh5,drop_decision_no_action,8,699722024000,26842,-1,-1,-1,-1,-1
17.4028,veh5,drop_decision_no_action,2,13248,26850,-1,-1,-1,-1,-1
17.4198,veh5,drop_decision_no_action,11,699722024055,26857,-1,-1,-1,-1,-1
17.4201,veh5,drop_decision_no_action,10,699722024062,26866,-1,-1,-1,-1,-1
17.4366,veh5,drop_decision_no_action,4,13312,26880,-1,-1,-1,-1,-1
17.4423,veh5,drop_decision_no_action,12,699722024084,26895,-1,-1,-1,-1,-1
17.4473,veh5,drop_decision_no_action,3,13333,26904,-1,-1,-1,-1,-1
17.4473,veh5,drop_decision_no_action,3,699722024096,26904,-1,-1,-1,-1,-1
17.4508,veh5,drop_decision_no_action,7,699722024099,26906,-1,-1,-1,-1,-1
17.4588,veh5,drop_decision_no_action,9,13355,26940,-1,-1,-1,-1,-1
17.4631,veh5,drop_decision_no_action,6,699722024126,26959,-1,-1,-1,-1,-1
17.4766,veh5,drop_decision_no_action,4,699722024132,26969,-1,-1,-1,-1,-1
17.4991,veh5,drop_decision_no_action,8,699722024156,26994,-1,-1,-1,-1,-1
17.5028,veh5,drop_decision_no_action,2,13404,27001,-1,-1,-1,-1,-1
17.5198,veh5,drop_decision_no_action,11,699722024211,27009,-1,-1,-1,-1,-1
17.5201,veh5,drop_decision_no_action,10,699722024220,27019,-1,-1,-1,-1,-1
17.5423,veh5,drop_decision_no_action,12,699722024240,27050,-1,-1,-1,-1,-1
17.5473,veh5,drop_decision_no_action,3,699722024250,27062,-1,-1,-1,-1,-1
17.5508,veh5,drop_decision_no_action,7,699722024253,27064,-1,-1,-1,-1,-1
17.5588,veh5,drop_decision_no_action,9,13507,27091,-1,-1,-1,-1,-1
17.5631,veh5,drop_decision_no_action,6,13511,27092,-1,-1,-1,-1,-1
17.5631,veh5,drop_decision_no_action,6,699722024281,27092,-1,-1,-1,-1,-1
17.5766,veh5,drop_decision_no_action,4,699722024288,27121,-1,-1,-1,-1,-1
17.5823,veh5,drop_decision_no_action,12,13532,27125,-1,-1,-1,-1,-1
17.5991,veh5,drop_decision_no_action,8,699722024314,27150,-1,-1,-1,-1,-1
17.6028,veh5,drop_decision_no_action,2,13563,27158,-1,-1,-1,-1,-1
17.6198,veh5,drop_decision_no_action,11,699722024373,27169,-1,-1,-1,-1,-1
17.6201,veh5,drop_decision_no_action,10,699722024380,27178,-1,-1,-1,-1,-1
17.6403,veh5,drop_decision_no_action,3,699722024410,27215,-1,-1,-1,-1,-1
17.6423,veh5,drop_decision_no_action,12,699722024401,27206,-1,-1,-1,-1,-1
17.6508,veh5,drop_decision_no_action,7,699722024413,27216,-1,-1,-1,-1,-1
17.6508,veh5,drop_decision_no_action,7,13663,27216,-1,-1,-1,-1,-1
17.6588,veh5,cam_drop_reaction,9,13671,27242,-1,-1,1,1,15
17.6631,veh5,drop_decision_no_action,6,699722024444,27264,-1,-1,-1,-1,-1
17.6766,veh5,drop_decision_no_action,4,699722024450,27274,-1,-1,-1,-1,-1
17.6801,veh5,drop_decision_no_action,10,13709,27292,-1,-1,-1,-1,-1
17.6991,veh5,drop_decision_no_action,8,699722024476,27303,-1,-1,-1,-1,-1
17.7028,veh5,drop_decision_no_action,2,13726,27313,-1,-1,-1,-1,-1
17.7198,veh5,drop_decision_no_action,11,699722024538,27322,-1,-1,-1,-1,-1
17.7201,veh5,drop_decision_no_action,10,699722024545,27330,-1,-1,-1,-1,-1
17.7366,veh5,drop_decision_no_action,4,13795,27344,-1,-1,-1,-1,-1
17.7391,veh5,drop_decision_no_action,8,13813,27367,-1,-1,-1,-1,-1
17.7398,veh5,drop_decision_no_action,11,13817,27368,-1,-1,-1,-1,-1
17.7403,veh5,drop_decision_no_action,3,13821,27370,-1,-1,-1,-1,-1
17.7403,veh5,drop_decision_no_action,3,699722024584,27370,-1,-1,-1,-1,-1
17.7423,veh5,drop_decision_no_action,12,699722024567,27359,-1,-1,-1,-1,-1
17.7508,veh5,drop_decision_no_action,7,699722024587,27372,-1,-1,-1,-1,-1
17.7588,veh5,drop_decision_no_action,9,13845,27415,-1,-1,-1,-1,-1
17.7631,veh5,drop_decision_no_action,6,699722024618,27440,-1,-1,-1,-1,-1
17.7766,veh5,drop_decision_no_action,4,699722024624,27450,-1,-1,-1,-1,-1
17.7991,veh5,drop_decision_no_action,8,699722024648,27475,-1,-1,-1,-1,-1
17.8028,veh5,drop_decision_no_action,2,13896,27482,-1,-1,-1,-1,-1
17.8198,veh5,drop_decision_no_action,11,699722024705,27491,-1,-1,-1,-1,-1
17.8201,veh5,drop_decision_no_action,10,699722024715,27499,-1,-1,-1,-1,-1
17.8403,veh5,drop_decision_no_action,3,699722024744,27543,-1,-1,-1,-1,-1
17.8423,veh5,drop_decision_no_action,12,699722024734,27530,-1,-1,-1,-1,-1
17.8508,veh5,drop_decision_no_action,7,699722024746,27545,-1,-1,-1,-1,-1
17.8533,veh5,drop_decision_no_action,6,14005,27570,-1,-1,-1,-1,-1
17.8588,veh5,drop_decision_no_action,9,14000,27569,-1,-1,-1,-1,-1
17.8733,veh5,drop_decision_no_action,6,699722024776,27596,-1,-1,-1,-1,-1
17.8766,veh5,drop_decision_no_action,4,699722024784,27607,-1,-1,-1,-1,-1
17.8788,veh5,drop_decision_no_action,9,699722024779,27598,-1,-1,-1,-1,-1
17.8823,veh5,drop_decision_no_action,12,14028,27609,-1,-1,-1,-1,-1
17.8941,veh5,drop_decision_no_action,8,699722024813,27642,-1,-1,-1,-1,-1
17.9198,veh5,drop_decision_no_action,11,699722024872,27666,-1,-1,-1,-1,-1
17.9201,veh5,drop_decision_no_action,10,699722024878,27672,-1,-1,-1,-1,-1
17.9228,veh5,drop_decision_no_action,2,699722024883,27675,-1,-1,-1,-1,-1
17.9403,veh5,drop_decision_no_action,3,699722024910,27713,-1,-1,-1,-1,-1
17.9451,veh5,drop_decision_no_action,12,699722024898,27696,-1,-1,-1,-1,-1
17.9508,veh5,drop_decision_no_action,7,699722024912,27714,-1,-1,-1,-1,-1
17.9508,veh5,drop_decision_no_action,7,14160,27714,-1,-1,-1,-1,-1
17.9588,veh5,drop_decision_no_action,9,14168,27739,-1,-1,-1,-1,-1
17.9703,veh5,drop_decision_no_action,4,699722024948,27768,-1,-1,-1,-1,-1
17.9733,veh5,drop_decision_no_action,6,699722024941,27760,-1,-1,-1,-1,-1
17.9788,veh5,drop_decision_no_action,9,699722024943,27761,-1,-1,-1,-1,-1
17.9941,veh5,drop_decision_no_action,8,699722024974,27801,-1,-1,-1,-1,-1
18.0028,veh5,drop_decision_no_action,2,14223,27813,-1,-1,-1,-1,-1
18.0106,veh5,drop_decision_no_action,11,699722025033,27819,-1,-1,-1,-1,-1
18.0201,veh5,drop_decision_no_action,10,699722025040,27827,-1,-1,-1,-1,-1
18.0303,veh5,drop_decision_no_action,4,14290,27843,-1,-1,-1,-1,-1
18.0403,veh5,drop_decision_no_action,3,14311,27869,-1,-1,-1,-1,-1
18.0403,veh5,drop_decision_no_action,3,699722025076,27869,-1,-1,-1,-1,-1
18.0451,veh5,drop_decision_no_action,12,699722025063,27857,-1,-1,-1,-1,-1
18.0508,veh5,drop_decision_no_action,7,699722025079,27871,-1,-1,-1,-1,-1
18.0683,veh5,drop_decision_no_action,9,14335,27900,-1,-1,-1,-1,-1
18.0703,veh5,drop_decision_no_action,4,699722025112,27922,-1,-1,-1,-1,-1
18.0733,veh5,drop_decision_no_action,6,699722025106,27917,-1,-1,-1,-1,-1
18.0851,veh5,drop_decision_no_action,12,14356,27927,-1,-1,-1,-1,-1
18.0941,veh5,drop_decision_no_action,8,699722025141,27958,-1,-1,-1,-1,-1
18.1106,veh5,drop_decision_no_action,11,699722025198,27977,-1,-1,-1,-1,-1
18.1158,veh5,drop_decision_no_action,10,699722025206,27985,-1,-1,-1,-1,-1
18.1403,veh5,drop_decision_no_action,3,699722025236,28025,-1,-1,-1,-1,-1
18.1451,veh5,drop_decision_no_action,12,699722025226,28013,-1,-1,-1,-1,-1
18.1508,veh5,drop_decision_no_action,7,699722025239,28027,-1,-1,-1,-1,-1
18.1533,veh5,drop_decision_no_action,6,14499,28054,-1,-1,-1,-1,-1
18.1683,veh5,cam_drop_reaction,9,14494,28051,-1,-1,1,1,15
18.1703,veh5,drop_decision_no_action,4,699722025275,28080,-1,-1,-1,-1,-1
18.1733,veh5,drop_decision_no_action,6,699722025269,28071,-1,-1,-1,-1,-1
18.1941,veh5,drop_decision_no_action,8,699722025301,28114,-1,-1,-1,-1,-1
18.2028,veh5,drop_decision_no_action,2,14550,28125,-1,-1,-1,-1,-1
18.2106,veh5,drop_decision_no_action,11,699722025361,28129,-1,-1,-1,-1,-1
18.2158,veh5,drop_decision_no_action,10,699722025368,28138,-1,-1,-1,-1,-1
18.2403,veh5,drop_decision_no_action,3,699722025396,28177,-1,-1,-1,-1,-1
18.2451,veh5,drop_decision_no_action,12,699722025388,28167,-1,-1,-1,-1,-1
18.2508,veh5,drop_decision_no_action,7,699722025399,28179,-1,-1,-1,-1,-1
18.2508,veh5,drop_decision_no_action,7,14646,28179,-1,-1,-1,-1,-1
18.2683,veh5,drop_decision_no_action,9,14655,28203,-1,-1,-1,-1,-1
18.2703,veh5,drop_decision_no_action,4,699722025432,28225,-1,-1,-1,-1,-1
18.2733,veh5,drop_decision_no_action,6,699722025427,28219,-1,-1,-1,-1,-1
18.2851,veh5,drop_decision_no_action,12,14676,28230,-1,-1,-1,-1,-1
18.2941,veh5,drop_decision_no_action,8,699722025463,28262,-1,-1,-1,-1,-1
18.2958,veh5,drop_decision_no_action,10,14695,28246,-1,-1,-1,-1,-1
18.3106,veh5,drop_decision_no_action,11,699722025526,28285,-1,-1,-1,-1,-1
18.3158,veh5,drop_decision_no_action,10,699722025533,28291,-1,-1,-1,-1,-1
18.3303,veh5,drop_decision_no_action,4,14784,28310,-1,-1,-1,-1,-1
18.3403,veh5,drop_decision_no_action,3,14806,28333,-1,-1,-1,-1,-1
18.3451,veh5,drop_decision_no_action,12,699722025555,28320,-1,-1,-1,-1,-1
18.3506,veh5,drop_decision_no_action,11,14803,28331,-1,-1,-1,-1,-1
18.3508,veh5,drop_decision_no_action,7,699722025573,28336,-1,-1,-1,-1,-1
18.3603,veh5,drop_decision_no_action,3,699722025570,28333,-1,-1,-1,-1,-1
18.3683,veh5,drop_decision_no_action,9,14828,28366,-1,-1,-1,-1,-1
18.3703,veh5,drop_decision_no_action,4,699722025606,28395,-1,-1,-1,-1,-1
18.3733,veh5,drop_decision_no_action,6,699722025601,28389,-1,-1,-1,-1,-1
18.3941,veh5,drop_decision_no_action,8,699722025632,28433,-1,-1,-1,-1,-1
18.3988,veh5,drop_decision_no_action,2,14880,28444,-1,-1,-1,-1,-1
18.4106,veh5,drop_decision_no_action,11,699722025696,28452,-1,-1,-1,-1,-1
18.4158,veh5,drop_decision_no_action,10,699722025705,28460,-1,-1,-1,-1,-1
18.4341,veh5,drop_decision_no_action,8,14970,28498,-1,-1,-1,-1,-1
18.4403,veh5,drop_decision_no_action,3,699722025737,28506,-1,-1,-1,-1,-1
18.4451,veh5,drop_decision_no_action,12,699722025724,28491,-1,-1,-1,-1,-1
18.4508,veh5,drop_decision_no_action,7,699722025739,28508,-1,-1,-1,-1,-1
18.4533,veh5,drop_decision_no_action,6,14999,28540,-1,-1,-1,-1,-1
18.4683,veh5,drop_decision_no_action,9,14994,28536,-1,-1,-1,-1,-1
18.4703,veh5,drop_decision_no_action,4,699722025775,28566,-1,-1,-1,-1,-1
18.4733,veh5,drop_decision_no_action,6,699722025769,28558,-1,-1,-1,-1,-1
18.4851,veh5,drop_decision_no_action,12,15019,28571,-1,-1,-1,-1,-1
18.4941,veh5,drop_decision_no_action,8,699722025802,28603,-1,-1,-1,-1,-1
18.5106,veh5,drop_decision_no_action,11,699722025868,28623,-1,-1,-1,-1,-1
18.5158,veh5,drop_decision_no_action,10,699722025875,28629,-1,-1,-1,-1,-1
18.5383,veh5,drop_decision_no_action,3,699722025902,28663,-1,-1,-1,-1,-1
18.5451,veh5,drop_decision_no_action,12,699722025893,28653,-1,-1,-1,-1,-1
18.5508,veh5,drop_decision_no_action,7,699722025905,28665,-1,-1,-1,-1,-1
18.5508,veh5,drop_decision_no_action,7,15153,28665,-1,-1,-1,-1,-1
18.5683,veh5,drop_decision_no_action,9,15162,28691,-1,-1,-1,-1,-1
18.5683,veh5,drop_decision_no_action,9,699722025936,28691,-1,-1,-1,-1,-1
18.5703,veh5,drop_decision_no_action,4,699722025940,28712,-1,-1,-1,-1,-1
18.5733,veh5,drop_decision_no_action,6,699722025933,28706,-1,-1,-1,-1,-1
18.5851,veh5,drop_decision_no_action,12,15185,28717,-1,-1,-1,-1,-1
18.5941,veh5,drop_decision_no_action,8,699722025968,28748,-1,-1,-1,-1,-1
18.5988,veh5,drop_decision_no_action,2,15217,28764,-1,-1,-1,-1,-1
18.6158,veh5,drop_decision_no_action,10,699722026041,28779,-1,-1,-1,-1,-1
18.6163,veh5,drop_decision_no_action,11,699722026034,28772,-1,-1,-1,-1,-1
18.6188,veh5,drop_decision_no_action,2,699722026045,28785,-1,-1,-1,-1,-1
18.6303,veh5,drop_decision_no_action,4,15293,28801,-1,-1,-1,-1,-1
18.6383,veh5,drop_decision_no_action,3,15313,28826,-1,-1,-1,-1,-1
18.6451,veh5,drop_decision_no_action,12,699722026065,28814,-1,-1,-1,-1,-1
18.6508,veh5,drop_decision_no_action,7,699722026080,28829,-1,-1,-1,-1,-1
18.6583,veh5,drop_decision_no_action,3,699722026077,28826,-1,-1,-1,-1,-1
18.6683,veh5,cam_drop_reaction,9,15337,28859,-1,-1,1,1,15
18.6683,veh5,drop_decision_no_action,9,699722026113,28859,-1,-1,-1,-1,-1
18.6703,veh5,drop_decision_no_action,4,699722026117,28885,-1,-1,-1,-1,-1
18.6793,veh5,drop_decision_no_action,12,15363,28892,-1,-1,-1,-1,-1
18.6858,veh5,drop_decision_no_action,6,699722026110,28879,-1,-1,-1,-1,-1
18.6941,veh5,drop_decision_no_action,8,699722026146,28924,-1,-1,-1,-1,-1
18.7158,veh5,drop_decision_no_action,10,699722026220,28951,-1,-1,-1,-1,-1
18.7163,veh5,drop_decision_no_action,11,699722026211,28945,-1,-1,-1,-1,-1
18.7383,veh5,drop_decision_no_action,3,699722026249,28990,-1,-1,-1,-1,-1
18.7393,veh5,drop_decision_no_action,12,699722026240,28979,-1,-1,-1,-1,-1
18.7501,veh5,drop_decision_no_action,7,699722026252,28992,-1,-1,-1,-1,-1
18.7658,veh5,drop_decision_no_action,6,15511,29023,-1,-1,-1,-1,-1
18.7683,veh5,drop_decision_no_action,9,15506,29018,-1,-1,-1,-1,-1
18.7703,veh5,drop_decision_no_action,4,699722026287,29047,-1,-1,-1,-1,-1
18.7733,veh5,drop_decision_no_action,6,699722026280,29041,-1,-1,-1,-1,-1
18.7941,veh5,drop_decision_no_action,8,699722026311,29080,-1,-1,-1,-1,-1
18.7988,veh5,drop_decision_no_action,2,15560,29091,-1,-1,-1,-1,-1
18.8158,veh5,drop_decision_no_action,10,699722026387,29106,-1,-1,-1,-1,-1
18.8163,veh5,drop_decision_no_action,11,699722026380,29100,-1,-1,-1,-1,-1
18.8383,veh5,drop_decision_no_action,3,699722026415,29142,-1,-1,-1,-1,-1
18.8393,veh5,drop_decision_no_action,12,699722026406,29133,-1,-1,-1,-1,-1
18.8501,veh5,drop_decision_no_action,7,699722026418,29144,-1,-1,-1,-1,-1
18.8501,veh5,drop_decision_no_action,7,15666,29144,-1,-1,-1,-1,-1
18.8683,veh5,drop_decision_no_action,9,15675,29170,-1,-1,-1,-1,-1
18.8703,veh5,drop_decision_no_action,4,699722026451,29192,-1,-1,-1,-1,-1
18.8733,veh5,drop_decision_no_action,6,699722026446,29189,-1,-1,-1,-1,-1
18.8793,veh5,drop_decision_no_action,12,15696,29196,-1,-1,-1,-1,-1
18.8941,veh5,drop_decision_no_action,8,699722026482,29228,-1,-1,-1,-1,-1
18.8958,veh5,drop_decision_no_action,10,15712,29217,-1,-1,-1,-1,-1
18.9158,veh5,drop_decision_no_action,10,699722026554,29257,-1,-1,-1,-1,-1
18.9163,veh5,drop_decision_no_action,11,699722026547,29252,-1,-1,-1,-1,-1
18.9303,veh5,drop_decision_no_action,4,15803,29278,-1,-1,-1,-1,-1
18.9363,veh5,drop_decision_no_action,11,15822,29296,-1,-1,-1,-1,-1
18.9383,veh5,drop_decision_no_action,3,15825,29298,-1,-1,-1,-1,-1
18.9393,veh5,drop_decision_no_action,12,699722026574,29286,-1,-1,-1,-1,-1
18.9501,veh5,drop_decision_no_action,7,699722026591,29301,-1,-1,-1,-1,-1
18.9583,veh5,drop_decision_no_action,3,699722026589,29298,-1,-1,-1,-1,-1
18.9683,veh5,drop_decision_no_action,9,15848,29338,-1,-1,-1,-1,-1
18.9703,veh5,drop_decision_no_action,4,699722026625,29364,-1,-1,-1,-1,-1
18.9858,veh5,drop_decision_no_action,6,699722026620,29360,-1,-1,-1,-1,-1
18.9941,veh5,drop_decision_no_action,8,699722026651,29399,-1,-1,-1,-1,-1
18.9988,veh5,drop_decision_no_action,2,15901,29409,-1,-1,-1,-1,-1
19.0163,veh5,drop_decision_no_action,11,699722026726,29419,-1,-1,-1,-1,-1
19.0186,veh5,drop_decision_no_action,10,699722026735,29426,-1,-1,-1,-1,-1
19.0383,veh5,drop_decision_no_action,3,699722026764,29468,-1,-1,-1,-1,-1
19.0393,veh5,drop_decision_no_action,12,699722026755,29458,-1,-1,-1,-1,-1
19.0501,veh5,drop_decision_no_action,7,699722026767,29469,-1,-1,-1,-1,-1
19.0658,veh5,drop_decision_no_action,6,16027,29501,-1,-1,-1,-1,-1
19.0683,veh5,drop_decision_no_action,9,16023,29496,-1,-1,-1,-1,-1
19.0703,veh5,drop_decision_no_action,4,699722026802,29525,-1,-1,-1,-1,-1
19.0733,veh5,drop_decision_no_action,6,699722026796,29519,-1,-1,-1,-1,-1
19.0793,veh5,drop_decision_no_action,12,16047,29529,-1,-1,-1,-1,-1
19.0941,veh5,drop_decision_no_action,8,699722026831,29561,-1,-1,-1,-1,-1
19.1163,veh5,drop_decision_no_action,11,699722026904,29582,-1,-1,-1,-1,-1
19.1186,veh5,drop_decision_no_action,10,699722026911,29587,-1,-1,-1,-1,-1
19.1341,veh5,drop_decision_no_action,8,16174,29618,-1,-1,-1,-1,-1
19.1383,veh5,drop_decision_no_action,3,699722026941,29623,-1,-1,-1,-1,-1
19.1393,veh5,drop_decision_no_action,12,699722026929,29612,-1,-1,-1,-1,-1
19.1501,veh5,drop_decision_no_action,7,699722026944,29624,-1,-1,-1,-1,-1
19.1501,veh5,drop_decision_no_action,7,16194,29624,-1,-1,-1,-1,-1
19.1683,veh5,cam_drop_reaction,9,16204,29655,-1,-1,1,1,15
19.1683,veh5,drop_decision_no_action,9,699722026977,29655,-1,-1,-1,-1,-1
19.1703,veh5,drop_decision_no_action,4,699722026982,29679,-1,-1,-1,-1,-1
19.1733,veh5,drop_decision_no_action,6,699722026975,29675,-1,-1,-1,-1,-1
19.1941,veh5,drop_decision_no_action,8,699722027009,29711,-1,-1,-1,-1,-1
19.1988,veh5,drop_decision_no_action,2,16258,29721,-1,-1,-1,-1,-1
19.2126,veh5,drop_decision_no_action,11,699722027093,29730,-1,-1,-1,-1,-1
19.2186,veh5,drop_decision_no_action,10,699722027101,29737,-1,-1,-1,-1,-1
19.2188,veh5,drop_decision_no_action,2,699722027107,29743,-1,-1,-1,-1,-1
19.2303,veh5,drop_decision_no_action,4,16356,29762,-1,-1,-1,-1,-1
19.2383,veh5,drop_decision_no_action,3,16379,29788,-1,-1,-1,-1,-1
19.2393,veh5,drop_decision_no_action,12,699722027129,29776,-1,-1,-1,-1,-1
19.2501,veh5,drop_decision_no_action,7,699722027146,29791,-1,-1,-1,-1,-1
19.2583,veh5,drop_decision_no_action,3,699722027143,29788,-1,-1,-1,-1,-1
19.2683,veh5,drop_decision_no_action,9,16403,29820,-1,-1,-1,-1,-1
19.2683,veh5,drop_decision_no_action,9,699722027179,29820,-1,-1,-1,-1,-1
19.2701,veh5,drop_decision_no_action,4,699722027183,29844,-1,-1,-1,-1,-1
19.2753,veh5,drop_decision_no_action,6,699722027176,29839,-1,-1,-1,-1,-1
19.2943,veh5,drop_decision_no_action,8,699722027213,29878,-1,-1,-1,-1,-1
19.3126,veh5,drop_decision_no_action,11,699722027294,29895,-1,-1,-1,-1,-1
19.3186,veh5,drop_decision_no_action,10,699722027303,29901,-1,-1,-1,-1,-1
19.3343,veh5,drop_decision_no_action,8,16571,29936,-1,-1,-1,-1,-1
19.3383,veh5,drop_decision_no_action,3,699722027338,29944,-1,-1,-1,-1,-1
19.3393,veh5,drop_decision_no_action,12,699722027325,29929,-1,-1,-1,-1,-1
19.3501,veh5,drop_decision_no_action,7,699722027340,29945,-1,-1,-1,-1,-1
19.3521,veh5,drop_decision_no_action,9,16597,29972,-1,-1,-1,-1,-1
19.3553,veh5,drop_decision_no_action,6,16603,29978,-1,-1,-1,-1,-1
19.3701,veh5,drop_decision_no_action,4,699722027380,30005,-1,-1,-1,-1,-1
19.3753,veh5,drop_decision_no_action,6,699722027374,29999,-1,-1,-1,-1,-1
19.3943,veh5,drop_decision_no_action,8,699722027407,30031,-1,-1,-1,-1,-1
19.4126,veh5,drop_decision_no_action,11,699722027491,30048,-1,-1,-1,-1,-1
19.4148,veh5,drop_decision_no_action,2,16656,30043,-1,-1,-1,-1,-1
19.4186,veh5,drop_decision_no_action,10,699722027498,30053,-1,-1,-1,-1,-1
19.4383,veh5,drop_decision_no_action,3,699722027530,30100,-1,-1,-1,-1,-1
19.4393,veh5,drop_decision_no_action,12,699722027520,30088,-1,-1,-1,-1,-1
19.4501,veh5,drop_decision_no_action,7,699722027533,30101,-1,-1,-1,-1,-1
19.4501,veh5,drop_decision_no_action,7,16782,30101,-1,-1,-1,-1,-1
19.4521,veh5,drop_decision_no_action,9,16791,30124,-1,-1,-1,-1,-1
19.4701,veh5,drop_decision_no_action,4,699722027570,30150,-1,-1,-1,-1,-1
19.4753,veh5,drop_decision_no_action,6,699722027563,30144,-1,-1,-1,-1,-1
19.4943,veh5,drop_decision_no_action,8,699722027597,30176,-1,-1,-1,-1,-1
19.4986,veh5,drop_decision_no_action,10,16830,30170,-1,-1,-1,-1,-1
19.5126,veh5,drop_decision_no_action,11,699722027680,30195,-1,-1,-1,-1,-1
19.5186,veh5,drop_decision_no_action,10,699722027687,30201,-1,-1,-1,-1,-1
19.5301,veh5,drop_decision_no_action,4,16939,30224,-1,-1,-1,-1,-1
19.5343,veh5,drop_decision_no_action,8,16958,30243,-1,-1,-1,-1,-1
19.5386,veh5,drop_decision_no_action,3,16966,30247,-1,-1,-1,-1,-1
19.5393,veh5,drop_decision_no_action,12,699722027712,30233,-1,-1,-1,-1,-1
19.5501,veh5,drop_decision_no_action,7,699722027734,30254,-1,-1,-1,-1,-1
19.5521,veh5,drop_decision_no_action,9,16992,30285,-1,-1,-1,-1,-1
19.5526,veh5,drop_decision_no_action,11,16962,30246,-1,-1,-1,-1,-1
19.5586,veh5,drop_decision_no_action,3,699722027731,30247,-1,-1,-1,-1,-1
19.5701,veh5,drop_decision_no_action,4,699722027774,30323,-1,-1,-1,-1,-1
19.5753,veh5,drop_decision_no_action,6,699722027766,30314,-1,-1,-1,-1,-1
19.5943,veh5,drop_decision_no_action,8,699722027800,30351,-1,-1,-1,-1,-1
19.6126,veh5,drop_decision_no_action,11,699722027884,30367,-1,-1,-1,-1,-1
19.6148,veh5,drop_decision_no_action,2,17050,30362,-1,-1,-1,-1,-1
19.6186,veh5,drop_decision_no_action,10,699722027894,30374,-1,-1,-1,-1,-1
19.6386,veh5,drop_decision_no_action,3,699722027926,30420,-1,-1,-1,-1,-1
19.6393,veh5,drop_decision_no_action,12,699722027916,30409,-1,-1,-1,-1,-1
19.6436,veh5,drop_decision_no_action,7,699722027929,30421,-1,-1,-1,-1,-1
19.6521,veh5,drop_decision_no_action,9,17187,30443,-1,-1,-1,-1,-1
19.6553,veh5,drop_decision_no_action,6,17192,30450,-1,-1,-1,-1,-1
19.6701,veh5,cpm_drop_reaction,4,699722027970,30477,-1,-1,1,1,15
19.6753,veh5,drop_decision_no_action,6,699722027963,30471,-1,-1,-1,-1,-1
19.6793,veh5,drop_decision_no_action,12,17214,30480,-1,-1,-1,-1,-1
19.6943,veh5,drop_decision_no_action,8,699722027999,30506,-1,-1,-1,-1,-1
19.7126,veh5,drop_decision_no_action,11,699722028088,30526,-1,-1,-1,-1,-1
19.7186,veh5,drop_decision_no_action,10,699722028096,30532,-1,-1,-1,-1,-1
19.7343,veh5,drop_decision_no_action,8,17363,30566,-1,-1,-1,-1,-1
19.7386,veh5,drop_decision_no_action,3,699722028133,30575,-1,-1,-1,-1,-1
19.7393,veh5,drop_decision_no_action,12,699722028117,30560,-1,-1,-1,-1,-1
19.7436,veh5,drop_decision_no_action,7,699722028136,30576,-1,-1,-1,-1,-1
19.7436,veh5,drop_decision_no_action,7,17385,30576,-1,-1,-1,-1,-1
19.7488,veh5,drop_decision_no_action,11,17367,30569,-1,-1,-1,-1,-1
19.7521,veh5,drop_decision_no_action,9,17397,30607,-1,-1,-1,-1,-1
19.7701,veh5,drop_decision_no_action,4,699722028178,30639,-1,-1,-1,-1,-1
19.7721,veh5,drop_decision_no_action,9,699722028172,30632,-1,-1,-1,-1,-1
19.7753,veh5,drop_decision_no_action,6,699722028169,30631,-1,-1,-1,-1,-1
19.7943,veh5,drop_decision_no_action,8,699722028204,30670,-1,-1,-1,-1,-1
19.8088,veh5,drop_decision_no_action,11,699722028302,30687,-1,-1,-1,-1,-1
19.8148,veh5,drop_decision_no_action,2,17454,30682,-1,-1,-1,-1,-1
19.8148,veh5,drop_decision_no_action,2,699722028315,30682,-1,-1,-1,-1,-1
19.8186,veh5,drop_decision_no_action,10,699722028309,30693,-1,-1,-1,-1,-1
19.8301,veh5,drop_decision_no_action,4,17563,30714,-1,-1,-1,-1,-1
19.8386,veh5,drop_decision_no_action,3,17586,30741,-1,-1,-1,-1,-1
19.8393,veh5,drop_decision_no_action,12,699722028336,30731,-1,-1,-1,-1,-1
19.8436,veh5,drop_decision_no_action,7,699722028353,30746,-1,-1,-1,-1,-1
19.8521,veh5,drop_decision_no_action,9,17610,30773,-1,-1,-1,-1,-1
19.8586,veh5,drop_decision_no_action,3,699722028351,30741,-1,-1,-1,-1,-1
19.8701,veh5,drop_decision_no_action,4,699722028391,30804,-1,-1,-1,-1,-1
19.8721,veh5,drop_decision_no_action,9,699722028385,30797,-1,-1,-1,-1,-1
19.8753,veh5,drop_decision_no_action,6,699722028383,30796,-1,-1,-1,-1,-1
19.8943,veh5,drop_decision_no_action,8,699722028418,30838,-1,-1,-1,-1,-1
19.9088,veh5,drop_decision_no_action,11,699722028513,30854,-1,-1,-1,-1,-1
19.9186,veh5,drop_decision_no_action,10,699722028523,30861,-1,-1,-1,-1,-1
19.9343,veh5,drop_decision_no_action,8,17792,30896,-1,-1,-1,-1,-1
19.9386,veh5,drop_decision_no_action,3,699722028562,30904,-1,-1,-1,-1,-1
19.9393,veh5,drop_decision_no_action,12,699722028545,30890,-1,-1,-1,-1,-1
19.9436,veh5,drop_decision_no_action,7,699722028564,30905,-1,-1,-1,-1,-1
19.9488,veh5,drop_decision_no_action,11,17796,30898,-1,-1,-1,-1,-1
19.9521,veh5,drop_decision_no_action,9,17823,30937,-1,-1,-1,-1,-1
19.9553,veh5,drop_decision_no_action,6,17828,30944,-1,-1,-1,-1,-1
19.9701,veh5,drop_decision_no_action,4,699722028609,30980,-1,-1,-1,-1,-1
19.9753,veh5,drop_decision_no_action,6,699722028602,30974,-1,-1,-1,-1,-1
19.9943,veh5,drop_decision_no_action,8,699722028637,31006,-1,-1,-1,-1,-1
20.0088,veh5,drop_decision_no_action,11,699722028736,31023,-1,-1,-1,-1,-1
20.0148,veh5,drop_decision_no_action,2,17886,31018,-1,-1,-1,-1,-1
20.0186,veh5,drop_decision_no_action,10,699722028743,31028,-1,-1,-1,-1,-1
20.0346,veh5,drop_decision_no_action,12,699722028766,31061,-1,-1,-1,-1,-1
20.0386,veh5,drop_decision_no_action,3,699722028777,31073,-1,-1,-1,-1,-1
20.0436,veh5,drop_decision_no_action,7,699722028780,31074,-1,-1,-1,-1,-1
20.0436,veh5,drop_decision_no_action,7,18028,31074,-1,-1,-1,-1,-1
20.0521,veh5,drop_decision_no_action,9,18038,31097,-1,-1,-1,-1,-1
20.0701,veh5,drop_decision_no_action,4,699722028817,31125,-1,-1,-1,-1,-1
20.0753,veh5,drop_decision_no_action,6,699722028811,31120,-1,-1,-1,-1,-1
20.0943,veh5,drop_decision_no_action,8,699722028848,31151,-1,-1,-1,-1,-1
20.0986,veh5,drop_decision_no_action,10,18080,31144,-1,-1,-1,-1,-1
20.1088,veh5,drop_decision_no_action,11,699722028945,31170,-1,-1,-1,-1,-1
20.1186,veh5,drop_decision_no_action,10,699722028953,31176,-1,-1,-1,-1,-1
20.1301,veh5,drop_decision_no_action,4,18204,31196,-1,-1,-1,-1,-1
20.1343,veh5,drop_decision_no_action,8,18224,31214,-1,-1,-1,-1,-1
20.1346,veh5,drop_decision_no_action,12,699722028977,31206,-1,-1,-1,-1,-1
20.1386,veh5,drop_decision_no_action,3,18233,31217,-1,-1,-1,-1,-1
20.1436,veh5,drop_decision_no_action,7,699722029002,31226,-1,-1,-1,-1,-1
20.1488,veh5,drop_decision_no_action,11,18228,31216,-1,-1,-1,-1,-1
20.1521,veh5,drop_decision_no_action,9,18264,31260,-1,-1,-1,-1,-1
20.1586,veh5,drop_decision_no_action,3,699722028999,31217,-1,-1,-1,-1,-1
20.1701,veh5,cpm_drop_reaction,4,699722029046,31297,-1,-1,1,1,15
20.1753,veh5,drop_decision_no_action,6,699722029039,31290,-1,-1,-1,-1,-1
20.1943,veh5,drop_decision_no_action,8,699722029078,31325,-1,-1,-1,-1,-1
20.1976,veh5,drop_decision_no_action,2,18328,31336,-1,-1,-1,-1,-1
20.2088,veh5,drop_decision_no_action,11,699722029182,31346,-1,-1,-1,-1,-1
20.2186,veh5,drop_decision_no_action,10,699722029193,31355,-1,-1,-1,-1,-1
20.2386,veh5,drop_decision_no_action,3,699722029227,31399,-1,-1,-1,-1,-1
20.2436,veh5,drop_decision_no_action,7,699722029229,31400,-1,-1,-1,-1,-1
20.2553,veh5,drop_decision_no_action,6,18491,31426,-1,-1,-1,-1,-1
20.2696,veh5,drop_decision_no_action,9,18486,31424,-1,-1,-1,-1,-1
20.2696,veh5,drop_decision_no_action,9,699722029265,31424,-1,-1,-1,-1,-1
20.2701,veh5,drop_decision_no_action,4,699722029270,31453,-1,-1,-1,-1,-1
20.2753,veh5,drop_decision_no_action,6,699722029262,31450,-1,-1,-1,-1,-1
20.2943,veh5,drop_decision_no_action,8,699722029305,31492,-1,-1,-1,-1,-1
20.3088,veh5,drop_decision_no_action,11,699722029401,31509,-1,-1,-1,-1,-1
20.3176,veh5,drop_decision_no_action,2,699722029415,31521,-1,-1,-1,-1,-1
20.3186,veh5,drop_decision_no_action,10,699722029409,31514,-1,-1,-1,-1,-1
20.3343,veh5,drop_decision_no_action,8,18680,31554,-1,-1,-1,-1,-1
20.3386,veh5,drop_decision_no_action,3,699722029451,31563,-1,-1,-1,-1,-1
20.3436,veh5,drop_decision_no_action,7,699722029453,31564,-1,-1,-1,-1,-1
20.3436,veh5,drop_decision_no_action,7,18702,31564,-1,-1,-1,-1,-1
20.3488,veh5,drop_decision_no_action,11,18684,31555,-1,-1,-1,-1,-1
20.3696,veh5,drop_decision_no_action,9,18713,31596,-1,-1,-1,-1,-1
20.3696,veh5,drop_decision_no_action,9,699722029488,31596,-1,-1,-1,-1,-1
20.3701,veh5,drop_decision_no_action,4,699722029493,31623,-1,-1,-1,-1,-1
20.3746,veh5,drop_decision_no_action,12,18514,31456,-1,-1,-1,-1,-1
20.3746,veh5,drop_decision_no_action,12,699722029434,31548,-1,-1,-1,-1,-1
20.3753,veh5,drop_decision_no_action,6,699722029485,31619,-1,-1,-1,-1,-1
20.3898,veh5,drop_decision_no_action,8,699722029525,31653,-1,-1,-1,-1,-1
20.3976,veh5,drop_decision_no_action,2,18775,31668,-1,-1,-1,-1,-1
20.4088,veh5,drop_decision_no_action,11,699722029645,31678,-1,-1,-1,-1,-1
20.4301,veh5,drop_decision_no_action,4,18903,31701,-1,-1,-1,-1,-1
20.4346,veh5,drop_decision_no_action,12,699722029678,31712,-1,-1,-1,-1,-1
20.4353,veh5,drop_decision_no_action,10,699722029652,31684,-1,-1,-1,-1,-1
20.4386,veh5,drop_decision_no_action,3,18927,31720,-1,-1,-1,-1,-1
20.4436,veh5,drop_decision_no_action,7,699722029696,31730,-1,-1,-1,-1,-1
20.4586,veh5,drop_decision_no_action,3,699722029693,31720,-1,-1,-1,-1,-1
20.4696,veh5,drop_decision_no_action,9,18953,31762,-1,-1,-1,-1,-1
20.4701,veh5,drop_decision_no_action,4,699722029732,31786,-1,-1,-1,-1,-1
20.4753,veh5,drop_decision_no_action,6,699722029725,31783,-1,-1,-1,-1,-1
20.4898,veh5,drop_decision_no_action,8,699722029764,31819,-1,-1,-1,-1,-1
20.5088,veh5,drop_decision_no_action,11,699722029882,31839,-1,-1,-1,-1,-1
20.5153,veh5,drop_decision_no_action,10,699722029892,31843,-1,-1,-1,-1,-1
20.5346,veh5,drop_decision_no_action,12,699722029916,31873,-1,-1,-1,-1,-1
20.5386,veh5,drop_decision_no_action,3,699722029933,31889,-1,-1,-1,-1,-1
20.5436,veh5,drop_decision_no_action,7,699722029935,31890,-1,-1,-1,-1,-1
20.5488,veh5,drop_decision_no_action,11,19167,31884,-1,-1,-1,-1,-1
20.5528,veh5,drop_decision_no_action,6,19199,31925,-1,-1,-1,-1,-1
20.5696,veh5,drop_decision_no_action,9,19194,31922,-1,-1,-1,-1,-1
20.5701,veh5,drop_decision_no_action,4,699722029978,31956,-1,-1,-1,-1,-1
20.5728,veh5,drop_decision_no_action,6,699722029972,31951,-1,-1,-1,-1,-1
20.5976,veh5,drop_decision_no_action,2,19260,32001,-1,-1,-1,-1,-1
20.6088,veh5,drop_decision_no_action,11,699722030124,32011,-1,-1,-1,-1,-1
20.6153,veh5,drop_decision_no_action,10,699722030132,32017,-1,-1,-1,-1,-1
20.6346,veh5,drop_decision_no_action,12,699722030155,32044,-1,-1,-1,-1,-1
20.6386,veh5,drop_decision_no_action,3,699722030166,32054,-1,-1,-1,-1,-1
20.6436,veh5,drop_decision_no_action,7,699722030168,32055,-1,-1,-1,-1,-1
20.6436,veh5,drop_decision_no_action,7,19419,32055,-1,-1,-1,-1,-1
20.6696,veh5,drop_decision_no_action,9,19430,32084,-1,-1,-1,-1,-1
20.6728,veh5,cpm_drop_reaction,6,699722030202,32098,-1,-1,1,1,15
20.6738,veh5,drop_decision_no_action,4,699722030209,32100,-1,-1,-1,-1,-1
20.6898,veh5,drop_decision_no_action,8,699722030010,31987,-1,-1,-1,-1,-1
20.6898,veh5,drop_decision_no_action,8,699722030246,32133,-1,-1,-1,-1,-1
20.6953,veh5,drop_decision_no_action,10,19477,32121,-1,-1,-1,-1,-1
20.7088,veh5,drop_decision_no_action,11,699722030365,32154,-1,-1,-1,-1,-1
20.7338,veh5,drop_decision_no_action,4,19624,32178,-1,-1,-1,-1,-1
20.7346,veh5,drop_decision_no_action,12,699722030398,32189,-1,-1,-1,-1,-1
20.7353,veh5,drop_decision_no_action,10,699722030373,32160,-1,-1,-1,-1,-1
20.7386,veh5,drop_decision_no_action,3,19649,32198,-1,-1,-1,-1,-1
20.7436,veh5,drop_decision_no_action,7,699722030418,32208,-1,-1,-1,-1,-1
20.7586,veh5,drop_decision_no_action,3,699722030415,32198,-1,-1,-1,-1,-1
20.7696,veh5,drop_decision_no_action,9,19678,32245,-1,-1,-1,-1,-1
20.7728,veh5,drop_decision_no_action,6,699722030451,32267,-1,-1,-1,-1,-1
20.7738,veh5,drop_decision_no_action,4,699722030458,32271,-1,-1,-1,-1,-1
20.7976,veh5,drop_decision_no_action,2,19738,32314,-1,-1,-1,-1,-1
20.8088,veh5,drop_decision_no_action,11,699722030605,32322,-1,-1,-1,-1,-1
20.8176,veh5,drop_decision_no_action,2,699722030621,32334,-1,-1,-1,-1,-1
20.8346,veh5,drop_decision_no_action,12,699722030642,32366,-1,-1,-1,-1,-1
20.8353,veh5,drop_decision_no_action,10,699722030616,32328,-1,-1,-1,-1,-1
20.8386,veh5,drop_decision_no_action,3,699722030656,32383,-1,-1,-1,-1,-1
20.8436,veh5,drop_decision_no_action,7,699722030659,32385,-1,-1,-1,-1,-1
20.8488,veh5,drop_decision_no_action,11,19890,32375,-1,-1,-1,-1,-1
20.8528,veh5,drop_decision_no_action,6,19923,32421,-1,-1,-1,-1,-1
20.8696,veh5,drop_decision_no_action,9,19918,32418,-1,-1,-1,-1,-1
20.8696,veh5,drop_decision_no_action,9,699722030699,32418,-1,-1,-1,-1,-1
20.8728,veh5,drop_decision_no_action,6,699722030696,32444,-1,-1,-1,-1,-1
20.8738,veh5,drop_decision_no_action,4,699722030705,32449,-1,-1,-1,-1,-1
20.8746,veh5,drop_decision_no_action,12,19949,32451,-1,-1,-1,-1,-1
20.9088,veh5,drop_decision_no_action,11,699722030856,32500,-1,-1,-1,-1,-1
20.9346,veh5,drop_decision_no_action,12,699722030886,32529,-1,-1,-1,-1,-1
20.9353,veh5,drop_decision_no_action,10,699722030863,32502,-1,-1,-1,-1,-1
20.9386,veh5,drop_decision_no_action,3,699722030900,32542,-1,-1,-1,-1,-1
20.9426,veh5,drop_decision_no_action,7,699722030903,32544,-1,-1,-1,-1,-1
20.9626,veh5,drop_decision_no_action,7,20153,32560,-1,-1,-1,-1,-1
20.9696,veh5,drop_decision_no_action,9,20165,32582,-1,-1,-1,-1,-1
20.9728,veh5,drop_decision_no_action,6,699722030937,32597,-1,-1,-1,-1,-1
20.9738,veh5,drop_decision_no_action,4,699722030944,32602,-1,-1,-1,-1,-1
20.9976,veh5,drop_decision_no_action,2,20225,32648,-1,-1,-1,-1,-1
21.0088,veh5,drop_decision_no_action,11,699722031094,32655,-1,-1,-1,-1,-1
21.0338,veh5,drop_decision_no_action,4,20353,32677,-1,-1,-1,-1,-1
21.0346,veh5,drop_decision_no_action,12,699722031128,32688,-1,-1,-1,-1,-1
21.0353,veh5,drop_decision_no_action,10,699722031101,32660,-1,-1,-1,-1,-1
21.0426,veh5,drop_decision_no_action,7,699722031145,32707,-1,-1,-1,-1,-1
21.0538,veh5,drop_decision_no_action,3,20376,32697,-1,-1,-1,-1,-1
21.0696,veh5,drop_decision_no_action,9,20403,32739,-1,-1,-1,-1,-1
21.0728,veh5,drop_decision_no_action,6,699722031175,32753,-1,-1,-1,-1,-1
21.0828,veh5,drop_decision_no_action,4,699722031182,32758,-1,-1,-1,-1,-1
21.1043,veh5,drop_decision_no_action,11,699722031342,32815,-1,-1,-1,-1,-1
21.1301,veh5,drop_decision_no_action,12,699722031378,32850,-1,-1,-1,-1,-1
21.1336,veh5,drop_decision_no_action,10,699722031355,32824,-1,-1,-1,-1,-1
21.1426,veh5,drop_decision_no_action,7,699722031400,32873,-1,-1,-1,-1,-1
21.1443,veh5,drop_decision_no_action,11,20631,32867,-1,-1,-1,-1,-1
21.1638,veh5,drop_decision_no_action,6,20663,32908,-1,-1,-1,-1,-1
21.1696,veh5,drop_decision_no_action,9,20659,32906,-1,-1,-1,-1,-1
21.1738,veh5,cpm_drop_reaction,4,699722031441,32935,-1,-1,1,1,15
21.1838,veh5,drop_decision_no_action,6,699722031434,32908,-1,-1,-1,-1,-1
21.1898,veh5,drop_decision_no_action,8,699722031218,32797,-1,-1,-1,-1,-1
21.1976,veh5,drop_decision_no_action,2,20723,32979,-1,-1,-1,-1,-1
21.2043,veh5,drop_decision_no_action,11,699722031593,32987,-1,-1,-1,-1,-1
21.2301,veh5,drop_decision_no_action,12,699722031620,33021,-1,-1,-1,-1,-1
21.2336,veh5,drop_decision_no_action,10,699722031601,32997,-1,-1,-1,-1,-1
21.2426,veh5,drop_decision_no_action,7,699722031633,33038,-1,-1,-1,-1,-1
21.2538,veh5,drop_decision_no_action,3,699722031397,32872,-1,-1,-1,-1,-1
21.2538,veh5,drop_decision_no_action,3,699722031630,33037,-1,-1,-1,-1,-1
21.2626,veh5,drop_decision_no_action,7,20881,33047,-1,-1,-1,-1,-1
21.2638,veh5,drop_decision_no_action,6,699722031662,33077,-1,-1,-1,-1,-1
21.2696,veh5,drop_decision_no_action,9,20890,33066,-1,-1,-1,-1,-1
21.2738,veh5,drop_decision_no_action,4,699722031668,33087,-1,-1,-1,-1,-1
21.2936,veh5,drop_decision_no_action,10,20933,33110,-1,-1,-1,-1,-1
21.3043,veh5,drop_decision_no_action,11,699722031814,33136,-1,-1,-1,-1,-1
21.3136,veh5,drop_decision_no_action,10,699722031822,33147,-1,-1,-1,-1,-1
21.3271,veh5,drop_decision_no_action,2,699722031828,33153,-1,-1,-1,-1,-1
21.3301,veh5,drop_decision_no_action,12,699722031849,33175,-1,-1,-1,-1,-1
21.3338,veh5,drop_decision_no_action,4,21076,33162,-1,-1,-1,-1,-1
21.3426,veh5,drop_decision_no_action,7,699722031869,33196,-1,-1,-1,-1,-1
21.3538,veh5,drop_decision_no_action,3,21101,33191,-1,-1,-1,-1,-1
21.3638,veh5,drop_decision_no_action,6,699722031898,33244,-1,-1,-1,-1,-1
21.3696,veh5,drop_decision_no_action,9,21125,33225,-1,-1,-1,-1,-1
21.3696,veh5,drop_decision_no_action,9,699722031901,33225,-1,-1,-1,-1,-1
21.3828,veh5,drop_decision_no_action,4,699722031906,33253,-1,-1,-1,-1,-1
21.4043,veh5,drop_decision_no_action,11,699722032053,33301,-1,-1,-1,-1,-1
21.4071,veh5,drop_decision_no_action,2,21186,33299,-1,-1,-1,-1,-1
21.4136,veh5,drop_decision_no_action,10,699722032063,33312,-1,-1,-1,-1,-1
21.4301,veh5,drop_decision_no_action,12,699722032085,33343,-1,-1,-1,-1,-1
21.4426,veh5,drop_decision_no_action,7,699722032099,33362,-1,-1,-1,-1,-1
21.4516,veh5,drop_decision_no_action,8,21095,33182,-1,-1,-1,-1,-1
21.4638,veh5,drop_decision_no_action,6,21358,33386,-1,-1,-1,-1,-1
21.4696,veh5,drop_decision_no_action,9,21353,33383,-1,-1,-1,-1,-1
21.4701,veh5,drop_decision_no_action,12,21378,33406,-1,-1,-1,-1,-1
21.4738,veh5,drop_decision_no_action,4,699722032134,33404,-1,-1,-1,-1,-1
21.4838,veh5,drop_decision_no_action,6,699722032128,33386,-1,-1,-1,-1,-1
21.5043,veh5,drop_decision_no_action,11,699722032287,33459,-1,-1,-1,-1,-1
21.5136,veh5,drop_decision_no_action,10,699722032295,33468,-1,-1,-1,-1,-1
21.5316,veh5,drop_decision_no_action,8,21561,33497,-1,-1,-1,-1,-1
21.5426,veh5,drop_decision_no_action,7,699722032332,33512,-1,-1,-1,-1,-1
21.5501,veh5,drop_decision_no_action,12,699722032315,33491,-1,-1,-1,-1,-1
21.5538,veh5,drop_decision_no_action,3,699722032096,33361,-1,-1,-1,-1,-1
21.5538,veh5,drop_decision_no_action,3,699722032329,33511,-1,-1,-1,-1,-1
21.5626,veh5,drop_decision_no_action,7,21580,33521,-1,-1,-1,-1,-1
21.5638,veh5,drop_decision_no_action,6,699722032363,33554,-1,-1,-1,-1,-1
21.5671,veh5,drop_decision_no_action,4,699722032370,33564,-1,-1,-1,-1,-1
21.5696,veh5,drop_decision_no_action,9,21590,33538,-1,-1,-1,-1,-1
21.5916,veh5,drop_decision_no_action,8,699722032404,33600,-1,-1,-1,-1,-1
21.6043,veh5,drop_decision_no_action,11,699722032526,33618,-1,-1,-1,-1,-1
21.6071,veh5,drop_decision_no_action,2,21655,33615,-1,-1,-1,-1,-1
21.6136,veh5,drop_decision_no_action,10,699722032534,33629,-1,-1,-1,-1,-1
21.6271,veh5,drop_decision_no_action,4,21785,33645,-1,-1,-1,-1,-1
21.6301,veh5,drop_decision_no_action,12,699722032560,33661,-1,-1,-1,-1,-1
21.6426,veh5,drop_decision_no_action,7,699722032578,33680,-1,-1,-1,-1,-1
21.6443,veh5,drop_decision_no_action,11,21808,33674,-1,-1,-1,-1,-1
21.6528,veh5,drop_decision_no_action,9,21835,33706,-1,-1,-1,-1,-1
21.6538,veh5,drop_decision_no_action,3,21811,33676,-1,-1,-1,-1,-1
21.6638,veh5,drop_decision_no_action,6,699722032608,33725,-1,-1,-1,-1,-1
21.6671,veh5,drop_decision_no_action,4,699722032615,33735,-1,-1,-1,-1,-1
21.6738,veh5,cpm_drop_reaction,3,699722032575,33676,-1,-1,1,1,15
21.7043,veh5,drop_decision_no_action,11,699722032772,33776,-1,-1,-1,-1,-1
21.7136,veh5,drop_decision_no_action,10,699722032783,33786,-1,-1,-1,-1,-1
21.7301,veh5,drop_decision_no_action,12,699722032804,33812,-1,-1,-1,-1,-1
21.7316,veh5,drop_decision_no_action,8,22050,33820,-1,-1,-1,-1,-1
21.7426,veh5,drop_decision_no_action,7,699722032822,33837,-1,-1,-1,-1,-1
21.7528,veh5,drop_decision_no_action,9,22076,33859,-1,-1,-1,-1,-1
21.7538,veh5,drop_decision_no_action,3,699722032819,33836,-1,-1,-1,-1,-1
21.7638,veh5,drop_decision_no_action,6,22080,33862,-1,-1,-1,-1,-1
21.7671,veh5,drop_decision_no_action,4,699722032858,33886,-1,-1,-1,-1,-1
21.7838,veh5,drop_decision_no_action,6,699722032851,33862,-1,-1,-1,-1,-1
21.8043,veh5,drop_decision_no_action,11,699722033014,33928,-1,-1,-1,-1,-1
21.8071,veh5,drop_decision_no_action,2,22138,33925,-1,-1,-1,-1,-1
21.8136,veh5,drop_decision_no_action,10,699722033021,33939,-1,-1,-1,-1,-1
21.8271,veh5,drop_decision_no_action,2,699722033026,33942,-1,-1,-1,-1,-1
21.8426,veh5,drop_decision_no_action,7,699722033064,33990,-1,-1,-1,-1,-1
21.8528,veh5,drop_decision_no_action,9,22322,34014,-1,-1,-1,-1,-1
21.8538,veh5,drop_decision_no_action,3,22297,33986,-1,-1,-1,-1,-1
21.8626,veh5,drop_decision_no_action,7,22312,33998,-1,-1,-1,-1,-1
21.8638,veh5,drop_decision_no_action,6,699722033094,34035,-1,-1,-1,-1,-1
21.8671,veh5,drop_decision_no_action,4,699722033104,34048,-1,-1,-1,-1,-1
21.8728,veh5,drop_decision_no_action,9,699722033097,34038,-1,-1,-1,-1,-1
21.8738,veh5,drop_decision_no_action,3,699722033061,33986,-1,-1,-1,-1,-1
21.8936,veh5,drop_decision_no_action,10,22372,34081,-1,-1,-1,-1,-1
21.9043,veh5,drop_decision_no_action,11,699722033239,34105,-1,-1,-1,-1,-1
21.9136,veh5,drop_decision_no_action,10,699722033246,34117,-1,-1,-1,-1,-1
21.9271,veh5,drop_decision_no_action,4,22496,34131,-1,-1,-1,-1,-1
21.9316,veh5,drop_decision_no_action,8,22515,34150,-1,-1,-1,-1,-1
21.9426,veh5,drop_decision_no_action,7,699722033292,34174,-1,-1,-1,-1,-1
21.9528,veh5,drop_decision_no_action,9,22546,34195,-1,-1,-1,-1,-1
21.9538,veh5,drop_decision_no_action,3,22522,34168,-1,-1,-1,-1,-1
21.9638,veh5,drop_decision_no_action,6,699722033320,34216,-1,-1,-1,-1,-1
21.9671,veh5,drop_decision_no_action,4,699722033328,34226,-1,-1,-1,-1,-1
21.9738,veh5,drop_decision_no_action,3,699722033287,34168,-1,-1,-1,-1,-1
22.0043,veh5,drop_decision_no_action,11,699722033488,34268,-1,-1,-1,-1,-1
22.0071,veh5,drop_decision_no_action,2,22612,34267,-1,-1,-1,-1,-1
22.0136,veh5,drop_decision_no_action,10,699722033499,34280,-1,-1,-1,-1,-1
22.0426,veh5,drop_decision_no_action,7,699722033539,34328,-1,-1,-1,-1,-1
22.0528,veh5,drop_decision_no_action,9,22794,34347,-1,-1,-1,-1,-1
22.0538,veh5,drop_decision_no_action,3,22771,34326,-1,-1,-1,-1,-1
22.0638,veh5,drop_decision_no_action,6,22798,34350,-1,-1,-1,-1,-1
22.0671,veh5,drop_decision_no_action,4,699722033579,34382,-1,-1,-1,-1,-1
22.0738,veh5,drop_decision_no_action,3,699722033536,34326,-1,-1,-1,-1,-1
22.0838,veh5,drop_decision_no_action,6,699722033572,34350,-1,-1,-1,-1,-1
22.0868,veh5,drop_decision_no_action,8,699722033624,34423,-1,-1,-1,-1,-1
22.1136,veh5,drop_decision_no_action,10,699722033752,34456,-1,-1,-1,-1,-1
22.1146,veh5,drop_decision_no_action,11,699722033746,34450,-1,-1,-1,-1,-1
22.1346,veh5,drop_decision_no_action,11,23025,34490,-1,-1,-1,-1,-1
22.1391,veh5,drop_decision_no_action,12,699722033521,34313,-1,-1,-1,-1,-1
22.1391,veh5,drop_decision_no_action,12,22824,34389,-1,-1,-1,-1,-1
22.1426,veh5,drop_decision_no_action,7,699722033797,34498,-1,-1,-1,-1,-1
22.1468,veh5,drop_decision_no_action,8,23020,34484,-1,-1,-1,-1,-1
22.1528,veh5,drop_decision_no_action,9,23057,34527,-1,-1,-1,-1,-1
22.1538,veh5,drop_decision_no_action,3,23029,34493,-1,-1,-1,-1,-1
22.1591,veh5,drop_decision_no_action,12,699722033775,34482,-1,-1,-1,-1,-1
22.1626,veh5,drop_decision_no_action,7,23046,34510,-1,-1,-1,-1,-1
22.1638,veh5,drop_decision_no_action,6,699722033832,34553,-1,-1,-1,-1,-1
22.1671,veh5,drop_decision_no_action,4,699722033839,34565,-1,-1,-1,-1,-1
22.1738,veh5,cpm_drop_reaction,3,699722033794,34493,-1,-1,1,1,15
22.2071,veh5,drop_decision_no_action,2,23122,34615,-1,-1,-1,-1,-1
22.2136,veh5,drop_decision_no_action,10,699722033999,34625,-1,-1,-1,-1,-1
22.2146,veh5,drop_decision_no_action,11,699722033991,34617,-1,-1,-1,-1,-1
22.2271,veh5,drop_decision_no_action,4,23250,34645,-1,-1,-1,-1,-1
22.2426,veh5,drop_decision_no_action,7,699722034038,34674,-1,-1,-1,-1,-1
22.2528,veh5,drop_decision_no_action,9,23293,34694,-1,-1,-1,-1,-1
22.2538,veh5,drop_decision_no_action,3,699722034035,34673,-1,-1,-1,-1,-1
22.2591,veh5,drop_decision_no_action,12,699722034024,34660,-1,-1,-1,-1,-1
22.2638,veh5,drop_decision_no_action,6,699722034067,34717,-1,-1,-1,-1,-1
22.2671,veh5,drop_decision_no_action,4,699722034074,34727,-1,-1,-1,-1,-1
22.3136,veh5,drop_decision_no_action,10,699722034225,34773,-1,-1,-1,-1,-1
22.3146,veh5,drop_decision_no_action,11,699722034216,34766,-1,-1,-1,-1,-1
22.3271,veh5,drop_decision_no_action,2,699722034230,34774,-1,-1,-1,-1,-1
22.3406,veh5,drop_decision_no_action,7,699722034266,34823,-1,-1,-1,-1,-1
22.3468,veh5,drop_decision_no_action,8,23495,34811,-1,-1,-1,-1,-1
22.3528,veh5,drop_decision_no_action,9,23522,34851,-1,-1,-1,-1,-1
22.3538,veh5,drop_decision_no_action,3,23500,34820,-1,-1,-1,-1,-1
22.3591,veh5,drop_decision_no_action,12,699722034249,34806,-1,-1,-1,-1,-1
22.3638,veh5,drop_decision_no_action,6,23526,34853,-1,-1,-1,-1,-1
22.3671,veh5,drop_decision_no_action,4,699722034306,34888,-1,-1,-1,-1,-1
22.3728,veh5,drop_decision_no_action,9,699722034301,34881,-1,-1,-1,-1,-1
22.3738,veh5,drop_decision_no_action,3,699722034264,34820,-1,-1,-1,-1,-1
22.3838,veh5,drop_decision_no_action,6,699722034298,34853,-1,-1,-1,-1,-1
22.4071,veh5,drop_decision_no_action,2,23588,34946,-1,-1,-1,-1,-1
22.4136,veh5,drop_decision_no_action,10,699722034454,34957,-1,-1,-1,-1,-1
22.4146,veh5,drop_decision_no_action,11,699722034447,34950,-1,-1,-1,-1,-1
22.4406,veh5,drop_decision_no_action,7,699722034488,34999,-1,-1,-1,-1,-1
22.4528,veh5,drop_decision_no_action,9,23745,35020,-1,-1,-1,-1,-1
22.4551,veh5,drop_decision_no_action,3,699722034486,34998,-1,-1,-1,-1,-1
22.4591,veh5,drop_decision_no_action,12,699722034475,34988,-1,-1,-1,-1,-1
22.4606,veh5,drop_decision_no_action,7,23736,35007,-1,-1,-1,-1,-1
22.4638,veh5,drop_decision_no_action,6,699722034518,35046,-1,-1,-1,-1,-1
22.4671,veh5,drop_decision_no_action,4,699722034526,35057,-1,-1,-1,-1,-1
22.4936,veh5,drop_decision_no_action,10,23793,35086,-1,-1,-1,-1,-1
22.5136,veh5,drop_decision_no_action,10,699722034672,35111,-1,-1,-1,-1,-1
22.5146,veh5,drop_decision_no_action,11,699722034665,35103,-1,-1,-1,-1,-1
22.5271,veh5,drop_decision_no_action,4,23922,35128,-1,-1,-1,-1,-1
22.5406,veh5,drop_decision_no_action,7,699722034711,35157,-1,-1,-1,-1,-1
22.5468,veh5,drop_decision_no_action,8,23941,35144,-1,-1,-1,-1,-1
22.5528,veh5,drop_decision_no_action,9,23967,35182,-1,-1,-1,-1,-1
22.5551,veh5,drop_decision_no_action,3,699722034708,35156,-1,-1,-1,-1,-1
22.5591,veh5,drop_decision_no_action,12,699722034696,35141,-1,-1,-1,-1,-1
22.5671,veh5,drop_decision_no_action,4,699722034748,35215,-1,-1,-1,-1,-1
22.5698,veh5,drop_decision_no_action,6,699722034741,35208,-1,-1,-1,-1,-1
22.5868,veh5,drop_decision_no_action,8,699722034785,35246,-1,-1,-1,-1,-1
22.6068,veh5,drop_decision_no_action,2,24034,35263,-1,-1,-1,-1,-1
22.6146,veh5,drop_decision_no_action,11,699722034895,35266,-1,-1,-1,-1,-1
22.6166,veh5,drop_decision_no_action,10,699722034904,35273,-1,-1,-1,-1,-1
22.6351,veh5,drop_decision_no_action,3,24180,35319,-1,-1,-1,-1,-1
22.6406,veh5,drop_decision_no_action,7,699722034948,35325,-1,-1,-1,-1,-1
22.6528,veh5,drop_decision_no_action,9,24205,35351,-1,-1,-1,-1,-1
22.6551,veh5,drop_decision_no_action,3,699722034945,35324,-1,-1,-1,-1,-1
22.6591,veh5,drop_decision_no_action,12,699722034930,35309,-1,-1,-1,-1,-1
22.6671,veh5,drop_decision_no_action,4,699722034992,35382,-1,-1,-1,-1,-1
22.6698,veh5,drop_decision_no_action,6,24209,35353,-1,-1,-1,-1,-1
22.6791,veh5,cam_drop_reaction,12,24238,35390,-1,-1,1,1,15
22.6898,veh5,drop_decision_no_action,6,699722034984,35353,-1,-1,-1,-1,-1
22.7146,veh5,drop_decision_no_action,11,699722035159,35439,-1,-1,-1,-1,-1
22.7166,veh5,drop_decision_no_action,10,699722035167,35443,-1,-1,-1,-1,-1
22.7346,veh5,drop_decision_no_action,11,24442,35477,-1,-1,-1,-1,-1
22.7406,veh5,drop_decision_no_action,7,699722035212,35484,-1,-1,-1,-1,-1
22.7468,veh5,drop_decision_no_action,8,24436,35472,-1,-1,-1,-1,-1
22.7528,veh5,drop_decision_no_action,9,24473,35515,-1,-1,-1,-1,-1
22.7551,veh5,drop_decision_no_action,3,699722035209,35483,-1,-1,-1,-1,-1
22.7591,veh5,drop_decision_no_action,12,699722035191,35470,-1,-1,-1,-1,-1
22.7606,veh5,drop_decision_no_action,7,24462,35498,-1,-1,-1,-1,-1
22.7698,veh5,drop_decision_no_action,6,699722035249,35544,-1,-1,-1,-1,-1
22.7856,veh5,drop_decision_no_action,4,699722035257,35553,-1,-1,-1,-1,-1
22.8068,veh5,drop_decision_no_action,2,24543,35595,-1,-1,-1,-1,-1
22.8146,veh5,drop_decision_no_action,11,699722035414,35598,-1,-1,-1,-1,-1
22.8166,veh5,drop_decision_no_action,10,699722035422,35604,-1,-1,-1,-1,-1
22.8256,veh5,drop_decision_no_action,4,24678,35626,-1,-1,-1,-1,-1
22.8268,veh5,drop_decision_no_action,2,699722035427,35606,-1,-1,-1,-1,-1
22.8406,veh5,drop_decision_no_action,7,699722035474,35660,-1,-1,-1,-1,-1
22.8468,veh5,drop_decision_no_action,8,24702,35649,-1,-1,-1,-1,-1
22.8528,veh5,drop_decision_no_action,9,24731,35688,-1,-1,-1,-1,-1
22.8551,veh5,drop_decision_no_action,3,699722035471,35659,-1,-1,-1,-1,-1
22.8591,veh5,drop_decision_no_action,12,699722035456,35647,-1,-1,-1,-1,-1
22.8698,veh5,drop_decision_no_action,6,699722035507,35714,-1,-1,-1,-1,-1
22.8753,veh5,drop_decision_no_action,9,699722035510,35715,-1,-1,-1,-1,-1
22.8856,veh5,drop_decision_no_action,4,699722035516,35723,-1,-1,-1,-1,-1
22.9146,veh5,drop_decision_no_action,11,699722035671,35771,-1,-1,-1,-1,-1
22.9166,veh5,drop_decision_no_action,10,699722035680,35776,-1,-1,-1,-1,-1
22.9256,veh5,drop_decision_no_action,4,24932,35796,-1,-1,-1,-1,-1
22.9351,veh5,drop_decision_no_action,3,24961,35825,-1,-1,-1,-1,-1
22.9406,veh5,drop_decision_no_action,7,699722035729,35832,-1,-1,-1,-1,-1
22.9468,veh5,drop_decision_no_action,8,24954,35820,-1,-1,-1,-1,-1
22.9551,veh5,drop_decision_no_action,3,699722035726,35831,-1,-1,-1,-1,-1
22.9553,veh5,drop_decision_no_action,9,24987,35862,-1,-1,-1,-1,-1
22.9591,veh5,drop_decision_no_action,12,699722035709,35815,-1,-1,-1,-1,-1
22.9698,veh5,drop_decision_no_action,6,24991,35864,-1,-1,-1,-1,-1
22.9856,veh5,drop_decision_no_action,4,699722035773,35898,-1,-1,-1,-1,-1
22.9868,veh5,drop_decision_no_action,8,699722035810,35924,-1,-1,-1,-1,-1
22.9898,veh5,drop_decision_no_action,6,699722035765,35864,-1,-1,-1,-1,-1
23.0068,veh5,drop_decision_no_action,2,25063,35951,-1,-1,-1,-1,-1
23.0146,veh5,drop_decision_no_action,11,699722035929,35954,-1,-1,-1,-1,-1
23.0166,veh5,drop_decision_no_action,10,699722035937,35960,-1,-1,-1,-1,-1
23.0256,veh5,drop_decision_no_action,4,25189,35981,-1,-1,-1,-1,-1
23.0406,veh5,drop_decision_no_action,7,699722035983,36011,-1,-1,-1,-1,-1
23.0468,veh5,drop_decision_no_action,8,25211,36002,-1,-1,-1,-1,-1
23.0551,veh5,drop_decision_no_action,3,699722035979,36010,-1,-1,-1,-1,-1
23.0553,veh5,drop_decision_no_action,9,25242,36037,-1,-1,-1,-1,-1
23.0591,veh5,drop_decision_no_action,12,699722035966,36000,-1,-1,-1,-1,-1
23.0606,veh5,drop_decision_no_action,7,25231,36020,-1,-1,-1,-1,-1
23.0856,veh5,drop_decision_no_action,4,699722036030,36076,-1,-1,-1,-1,-1
23.0898,veh5,drop_decision_no_action,6,699722036020,36065,-1,-1,-1,-1,-1
23.0966,veh5,drop_decision_no_action,10,25304,36100,-1,-1,-1,-1,-1
23.1146,veh5,drop_decision_no_action,11,699722036195,36131,-1,-1,-1,-1,-1
23.1166,veh5,drop_decision_no_action,10,699722036203,36138,-1,-1,-1,-1,-1
23.1256,veh5,drop_decision_no_action,4,25455,36155,-1,-1,-1,-1,-1
23.1396,veh5,drop_decision_no_action,12,699722036231,36173,-1,-1,-1,-1,-1
23.1406,veh5,drop_decision_no_action,7,699722036249,36184,-1,-1,-1,-1,-1
23.1411,veh5,drop_decision_no_action,8,25477,36175,-1,-1,-1,-1,-1
23.1551,veh5,drop_decision_no_action,3,699722036246,36183,-1,-1,-1,-1,-1
23.1553,veh5,drop_decision_no_action,9,25507,36213,-1,-1,-1,-1,-1
23.1698,veh5,drop_decision_no_action,6,699722036282,36233,-1,-1,-1,-1,-1
23.1856,veh5,cpm_drop_reaction,4,699722036289,36242,-1,-1,1,1,15
23.2068,veh5,drop_decision_no_action,2,25575,36275,-1,-1,-1,-1,-1
23.2146,veh5,drop_decision_no_action,11,699722036436,36279,-1,-1,-1,-1,-1
23.2166,veh5,drop_decision_no_action,10,699722036446,36285,-1,-1,-1,-1,-1
23.2256,veh5,drop_decision_no_action,4,25702,36310,-1,-1,-1,-1,-1
23.2268,veh5,drop_decision_no_action,2,699722036451,36287,-1,-1,-1,-1,-1
23.2351,veh5,drop_decision_no_action,3,25730,36342,-1,-1,-1,-1,-1
23.2396,veh5,drop_decision_no_action,12,699722036480,36332,-1,-1,-1,-1,-1
23.2406,veh5,drop_decision_no_action,7,699722036499,36350,-1,-1,-1,-1,-1
23.2551,veh5,drop_decision_no_action,3,699722036495,36349,-1,-1,-1,-1,-1
23.2553,veh5,drop_decision_no_action,9,25757,36380,-1,-1,-1,-1,-1
23.2698,veh5,drop_decision_no_action,6,25762,36382,-1,-1,-1,-1,-1
23.2753,veh5,drop_decision_no_action,9,699722036538,36402,-1,-1,-1,-1,-1
23.2796,veh5,drop_decision_no_action,12,25789,36413,-1,-1,-1,-1,-1
23.2856,veh5,drop_decision_no_action,4,699722036545,36411,-1,-1,-1,-1,-1
23.2898,veh5,drop_decision_no_action,6,699722036535,36382,-1,-1,-1,-1,-1
23.3146,veh5,drop_decision_no_action,11,699722036692,36469,-1,-1,-1,-1,-1
23.3166,veh5,drop_decision_no_action,10,699722036698,36472,-1,-1,-1,-1,-1
23.3346,veh5,drop_decision_no_action,11,25970,36504,-1,-1,-1,-1,-1
23.3396,veh5,drop_decision_no_action,12,699722036721,36499,-1,-1,-1,-1,-1
23.3411,veh5,drop_decision_no_action,8,25967,36502,-1,-1,-1,-1,-1
23.3526,veh5,drop_decision_no_action,7,699722036739,36511,-1,-1,-1,-1,-1
23.3551,veh5,drop_decision_no_action,3,699722036736,36510,-1,-1,-1,-1,-1
23.3553,veh5,drop_decision_no_action,9,25999,36543,-1,-1,-1,-1,-1
23.3698,veh5,drop_decision_no_action,4,699722036781,36575,-1,-1,-1,-1,-1
23.3726,veh5,drop_decision_no_action,7,25989,36511,-1,-1,-1,-1,-1
23.3898,veh5,drop_decision_no_action,6,699722036774,36565,-1,-1,-1,-1,-1
23.4011,veh5,drop_decision_no_action,8,699722036815,36608,-1,-1,-1,-1,-1
23.4026,veh5,drop_decision_no_action,11,699722036914,36632,-1,-1,-1,-1,-1
23.4068,veh5,drop_decision_no_action,2,26065,36626,-1,-1,-1,-1,-1
23.4166,veh5,drop_decision_no_action,10,699722036924,36645,-1,-1,-1,-1,-1
23.4298,veh5,drop_decision_no_action,4,26175,36665,-1,-1,-1,-1,-1
23.4396,veh5,drop_decision_no_action,12,699722036951,36675,-1,-1,-1,-1,-1
23.4493,veh5,drop_decision_no_action,3,699722036962,36685,-1,-1,-1,-1,-1
23.4526,veh5,drop_decision_no_action,7,699722036965,36688,-1,-1,-1,-1,-1
23.4553,veh5,drop_decision_no_action,9,26221,36713,-1,-1,-1,-1,-1
23.4698,veh5,drop_decision_no_action,4,699722037003,36741,-1,-1,-1,-1,-1
23.4898,veh5,drop_decision_no_action,6,699722036995,36732,-1,-1,-1,-1,-1
23.5026,veh5,drop_decision_no_action,11,699722037132,36786,-1,-1,-1,-1,-1
23.5166,veh5,drop_decision_no_action,10,699722037143,36793,-1,-1,-1,-1,-1
23.5396,veh5,drop_decision_no_action,12,699722037165,36821,-1,-1,-1,-1,-1
23.5493,veh5,drop_decision_no_action,3,26414,36829,-1,-1,-1,-1,-1
23.5526,veh5,drop_decision_no_action,7,699722037181,36832,-1,-1,-1,-1,-1
23.5553,veh5,drop_decision_no_action,9,26436,36856,-1,-1,-1,-1,-1
23.5693,veh5,drop_decision_no_action,3,699722037178,36829,-1,-1,-1,-1,-1
23.5698,veh5,drop_decision_no_action,4,699722037219,36885,-1,-1,-1,-1,-1
23.5698,veh5,drop_decision_no_action,6,26440,36857,-1,-1,-1,-1,-1
23.5898,veh5,drop_decision_no_action,6,699722037213,36857,-1,-1,-1,-1,-1
23.6026,veh5,drop_decision_no_action,11,699722037345,36938,-1,-1,-1,-1,-1
23.6058,veh5,drop_decision_no_action,2,26501,36934,-1,-1,-1,-1,-1
23.6271,veh5,drop_decision_no_action,10,699722037355,36948,-1,-1,-1,-1,-1
23.6396,veh5,drop_decision_no_action,12,699722037376,36973,-1,-1,-1,-1,-1
23.6411,veh5,drop_decision_no_action,8,26622,36979,-1,-1,-1,-1,-1
23.6493,veh5,drop_decision_no_action,3,699722037389,36982,-1,-1,-1,-1,-1
23.6526,veh5,drop_decision_no_action,7,699722037392,36983,-1,-1,-1,-1,-1
23.6553,veh5,drop_decision_no_action,9,26653,37016,-1,-1,-1,-1,-1
23.6698,veh5,drop_decision_no_action,4,699722037434,37043,-1,-1,-1,-1,-1
23.6726,veh5,drop_decision_no_action,7,26641,36983,-1,-1,-1,-1,-1
23.6783,veh5,drop_decision_no_action,6,699722037427,37034,-1,-1,-1,-1,-1
23.6871,veh5,cam_drop_reaction,10,26705,37075,-1,-1,1,1,15
23.7026,veh5,drop_decision_no_action,11,699722037568,37103,-1,-1,-1,-1,-1
23.7258,veh5,drop_decision_no_action,2,699722037581,37114,-1,-1,-1,-1,-1
23.7271,veh5,drop_decision_no_action,10,699722037576,37111,-1,-1,-1,-1,-1
23.7298,veh5,drop_decision_no_action,4,26829,37124,-1,-1,-1,-1,-1
23.7378,veh5,drop_decision_no_action,12,699722037604,37137,-1,-1,-1,-1,-1
23.7493,veh5,drop_decision_no_action,3,699722037615,37149,-1,-1,-1,-1,-1
23.7526,veh5,drop_decision_no_action,7,699722037619,37155,-1,-1,-1,-1,-1
23.7553,veh5,drop_decision_no_action,9,26876,37184,-1,-1,-1,-1,-1
23.7698,veh5,drop_decision_no_action,4,699722037658,37210,-1,-1,-1,-1,-1
23.7753,veh5,drop_decision_no_action,9,699722037652,37201,-1,-1,-1,-1,-1
23.7783,veh5,drop_decision_no_action,6,699722037649,37200,-1,-1,-1,-1,-1
23.8026,veh5,drop_decision_no_action,11,699722037790,37256,-1,-1,-1,-1,-1
23.8058,veh5,drop_decision_no_action,2,26939,37251,-1,-1,-1,-1,-1
23.8271,veh5,drop_decision_no_action,10,699722037801,37267,-1,-1,-1,-1,-1
23.8378,veh5,drop_decision_no_action,12,699722037822,37296,-1,-1,-1,-1,-1
23.8493,veh5,drop_decision_no_action,3,27071,37305,-1,-1,-1,-1,-1
23.8526,veh5,drop_decision_no_action,7,699722037838,37308,-1,-1,-1,-1,-1
23.8553,veh5,drop_decision_no_action,9,27094,37336,-1,-1,-1,-1,-1
23.8583,veh5,drop_decision_no_action,6,27099,37337,-1,-1,-1,-1,-1
23.8693,veh5,drop_decision_no_action,3,699722037835,37305,-1,-1,-1,-1,-1
23.8698,veh5,drop_decision_no_action,4,699722037881,37369,-1,-1,-1,-1,-1
23.8753,veh5,drop_decision_no_action,9,699722037874,37357,-1,-1,-1,-1,-1
23.8778,veh5,drop_decision_no_action,12,27126,37377,-1,-1,-1,-1,-1
23.8783,veh5,drop_decision_no_action,6,699722037871,37356,-1,-1,-1,-1,-1
23.9011,veh5,drop_decision_no_action,8,699722037920,37420,-1,-1,-1,-1,-1
23.9026,veh5,drop_decision_no_action,11,699722038013,37433,-1,-1,-1,-1,-1
23.9271,veh5,drop_decision_no_action,10,699722038022,37445,-1,-1,-1,-1,-1
23.9378,veh5,drop_decision_no_action,12,699722038044,37466,-1,-1,-1,-1,-1
23.9411,veh5,drop_decision_no_action,8,27290,37471,-1,-1,-1,-1,-1
23.9426,veh5,drop_decision_no_action,11,27294,37473,-1,-1,-1,-1,-1
23.9493,veh5,drop_decision_no_action,3,699722038059,37475,-1,-1,-1,-1,-1
23.9526,veh5,drop_decision_no_action,7,699722038064,37476,-1,-1,-1,-1,-1
23.9553,veh5,drop_decision_no_action,9,27325,37515,-1,-1,-1,-1,-1
23.9698,veh5,drop_decision_no_action,4,699722038105,37544,-1,-1,-1,-1,-1
23.9726,veh5,drop_decision_no_action,7,27313,37476,-1,-1,-1,-1,-1
23.9783,veh5,drop_decision_no_action,6,699722038098,37535,-1,-1,-1,-1,-1
24.0026,veh5,drop_decision_no_action,11,699722038226,37590,-1,-1,-1,-1,-1
24.0058,veh5,drop_decision_no_action,2,27385,37585,-1,-1,-1,-1,-1
24.0271,veh5,drop_decision_no_action,10,699722038237,37601,-1,-1,-1,-1,-1
24.0378,veh5,drop_decision_no_action,12,699722038264,37631,-1,-1,-1,-1,-1
24.0493,veh5,drop_decision_no_action,3,699722038275,37645,-1,-1,-1,-1,-1
24.0526,veh5,drop_decision_no_action,7,699722038279,37648,-1,-1,-1,-1,-1
24.0653,veh5,drop_decision_no_action,9,27537,37678,-1,-1,-1,-1,-1
24.0783,veh5,drop_decision_no_action,6,699722038310,37692,-1,-1,-1,-1,-1
24.1026,veh5,drop_decision_no_action,11,699722038436,37747,-1,-1,-1,-1,-1
24.1271,veh5,drop_decision_no_action,10,699722038447,37757,-1,-1,-1,-1,-1
24.1378,veh5,drop_decision_no_action,12,699722038468,37782,-1,-1,-1,-1,-1
24.1473,veh5,drop_decision_no_action,3,27717,37790,-1,-1,-1,-1,-1
24.1526,veh5,drop_decision_no_action,7,699722038485,37792,-1,-1,-1,-1,-1
24.1583,veh5,drop_decision_no_action,6,27746,37822,-1,-1,-1,-1,-1
24.1653,veh5,drop_decision_no_action,9,27742,37820,-1,-1,-1,-1,-1
24.1653,veh5,drop_decision_no_action,9,699722038521,37820,-1,-1,-1,-1,-1
24.1673,veh5,drop_decision_no_action,3,699722038482,37790,-1,-1,-1,-1,-1
24.1783,veh5,drop_decision_no_action,6,699722038518,37837,-1,-1,-1,-1,-1
24.2026,veh5,cpm_drop_reaction,11,699722038663,37901,-1,-1,1,1,15
24.2058,veh5,drop_decision_no_action,2,27813,37895,-1,-1,-1,-1,-1
24.2258,veh5,drop_decision_no_action,2,699722038679,37915,-1,-1,-1,-1,-1
24.2271,veh5,drop_decision_no_action,10,699722038675,37914,-1,-1,-1,-1,-1
24.2378,veh5,drop_decision_no_action,12,699722038701,37947,-1,-1,-1,-1,-1
24.2411,veh5,drop_decision_no_action,8,27948,37953,-1,-1,-1,-1,-1
24.2473,veh5,drop_decision_no_action,3,27953,37955,-1,-1,-1,-1,-1
24.2473,veh5,drop_decision_no_action,3,699722038717,37955,-1,-1,-1,-1,-1
24.2526,veh5,drop_decision_no_action,7,699722038722,37961,-1,-1,-1,-1,-1
24.2653,veh5,drop_decision_no_action,9,27983,37997,-1,-1,-1,-1,-1
24.2653,veh5,drop_decision_no_action,9,699722038760,37997,-1,-1,-1,-1,-1
24.2698,veh5,drop_decision_no_action,4,699722038528,37849,-1,-1,-1,-1,-1
24.2726,veh5,drop_decision_no_action,7,27971,37961,-1,-1,-1,-1,-1
24.2783,veh5,drop_decision_no_action,6,699722038757,38011,-1,-1,-1,-1,-1
24.2818,veh5,drop_decision_no_action,4,699722038767,38020,-1,-1,-1,-1,-1
24.2871,veh5,drop_decision_no_action,10,28041,38040,-1,-1,-1,-1,-1
24.3203,veh5,drop_decision_no_action,11,699722038899,38077,-1,-1,-1,-1,-1
24.3218,veh5,drop_decision_no_action,4,28158,38091,-1,-1,-1,-1,-1
24.3271,veh5,drop_decision_no_action,10,699722038908,38084,-1,-1,-1,-1,-1
24.3378,veh5,drop_decision_no_action,12,699722038934,38113,-1,-1,-1,-1,-1
24.3473,veh5,drop_decision_no_action,3,28184,38123,-1,-1,-1,-1,-1
24.3473,veh5,drop_decision_no_action,3,699722038949,38123,-1,-1,-1,-1,-1
24.3526,veh5,drop_decision_no_action,7,699722038952,38129,-1,-1,-1,-1,-1
24.3653,veh5,drop_decision_no_action,9,28208,38157,-1,-1,-1,-1,-1
24.3653,veh5,drop_decision_no_action,9,699722038984,38157,-1,-1,-1,-1,-1
24.3723,veh5,drop_decision_no_action,6,699722038981,38173,-1,-1,-1,-1,-1
24.3818,veh5,drop_decision_no_action,4,699722038990,38184,-1,-1,-1,-1,-1
24.4011,veh5,drop_decision_no_action,8,699722039029,38217,-1,-1,-1,-1,-1
24.4058,veh5,drop_decision_no_action,2,28279,38226,-1,-1,-1,-1,-1
24.4203,veh5,drop_decision_no_action,11,699722039123,38234,-1,-1,-1,-1,-1
24.4271,veh5,drop_decision_no_action,10,699722039133,38248,-1,-1,-1,-1,-1
24.4473,veh5,drop_decision_no_action,3,28403,38280,-1,-1,-1,-1,-1
24.4473,veh5,drop_decision_no_action,3,699722039168,38280,-1,-1,-1,-1,-1
24.4481,veh5,drop_decision_no_action,12,699722039154,38273,-1,-1,-1,-1,-1
24.4526,veh5,drop_decision_no_action,7,699722039172,38283,-1,-1,-1,-1,-1
24.4653,veh5,drop_decision_no_action,9,28427,38306,-1,-1,-1,-1,-1
24.4653,veh5,drop_decision_no_action,9,699722039208,38306,-1,-1,-1,-1,-1
24.4723,veh5,drop_decision_no_action,6,28432,38309,-1,-1,-1,-1,-1
24.4723,veh5,drop_decision_no_action,6,699722039205,38309,-1,-1,-1,-1,-1
24.4818,veh5,drop_decision_no_action,4,699722039216,38340,-1,-1,-1,-1,-1
24.4881,veh5,drop_decision_no_action,12,28460,38348,-1,-1,-1,-1,-1
24.5203,veh5,drop_decision_no_action,11,699722039345,38390,-1,-1,-1,-1,-1
24.5271,veh5,drop_decision_no_action,10,699722039355,38398,-1,-1,-1,-1,-1
24.5403,veh5,drop_decision_no_action,11,28628,38434,-1,-1,-1,-1,-1
24.5448,veh5,drop_decision_no_action,8,28623,38429,-1,-1,-1,-1,-1
24.5473,veh5,drop_decision_no_action,3,28632,38435,-1,-1,-1,-1,-1
24.5473,veh5,drop_decision_no_action,3,699722039396,38435,-1,-1,-1,-1,-1
24.5481,veh5,drop_decision_no_action,12,699722039377,38426,-1,-1,-1,-1,-1
24.5526,veh5,drop_decision_no_action,7,699722039399,38441,-1,-1,-1,-1,-1
24.5653,veh5,drop_decision_no_action,9,28660,38473,-1,-1,-1,-1,-1
24.5653,veh5,drop_decision_no_action,9,699722039438,38473,-1,-1,-1,-1,-1
24.5723,veh5,drop_decision_no_action,6,699722039435,38494,-1,-1,-1,-1,-1
24.5726,veh5,drop_decision_no_action,7,28648,38441,-1,-1,-1,-1,-1
24.5818,veh5,drop_decision_no_action,4,699722039446,38509,-1,-1,-1,-1,-1
24.6058,veh5,drop_decision_no_action,2,28731,38557,-1,-1,-1,-1,-1
24.6203,veh5,drop_decision_no_action,11,699722039574,38560,-1,-1,-1,-1,-1
24.6218,veh5,drop_decision_no_action,4,28830,38578,-1,-1,-1,-1,-1
24.6271,veh5,drop_decision_no_action,10,699722039581,38569,-1,-1,-1,-1,-1
24.6473,veh5,drop_decision_no_action,3,699722039618,38615,-1,-1,-1,-1,-1
24.6481,veh5,drop_decision_no_action,12,699722039606,38598,-1,-1,-1,-1,-1
24.6498,veh5,drop_decision_no_action,8,28850,38602,-1,-1,-1,-1,-1
24.6653,veh5,drop_decision_no_action,9,28876,38638,-1,-1,-1,-1,-1
24.6653,veh5,drop_decision_no_action,9,699722039652,38638,-1,-1,-1,-1,-1
24.6723,veh5,drop_decision_no_action,6,699722039649,38660,-1,-1,-1,-1,-1
24.6726,veh5,drop_decision_no_action,7,699722039622,38616,-1,-1,-1,-1,-1
24.6818,veh5,drop_decision_no_action,4,699722039660,38675,-1,-1,-1,-1,-1
24.7203,veh5,cpm_drop_reaction,11,699722039779,38725,-1,-1,1,1,15
24.7258,veh5,drop_decision_no_action,2,699722039790,38734,-1,-1,-1,-1,-1
24.7271,veh5,drop_decision_no_action,10,699722039786,38731,-1,-1,-1,-1,-1
24.7473,veh5,drop_decision_no_action,3,29062,38765,-1,-1,-1,-1,-1
24.7473,veh5,drop_decision_no_action,3,699722039826,38765,-1,-1,-1,-1,-1
24.7481,veh5,drop_decision_no_action,12,699722039810,38756,-1,-1,-1,-1,-1
24.7498,veh5,drop_decision_no_action,8,29055,38761,-1,-1,-1,-1,-1
24.7653,veh5,drop_decision_no_action,9,29086,38800,-1,-1,-1,-1,-1
24.7701,veh5,drop_decision_no_action,7,699722039830,38775,-1,-1,-1,-1,-1
24.7723,veh5,drop_decision_no_action,6,29090,38804,-1,-1,-1,-1,-1
24.7723,veh5,drop_decision_no_action,6,699722039862,38804,-1,-1,-1,-1,-1
24.7818,veh5,drop_decision_no_action,4,699722039870,38831,-1,-1,-1,-1,-1
24.7946,veh5,drop_decision_no_action,9,699722039865,38800,-1,-1,-1,-1,-1
24.8058,veh5,drop_decision_no_action,2,29156,38882,-1,-1,-1,-1,-1
24.8203,veh5,drop_decision_no_action,11,699722039981,38886,-1,-1,-1,-1,-1
24.8271,veh5,drop_decision_no_action,10,699722039990,38896,-1,-1,-1,-1,-1
24.8473,veh5,drop_decision_no_action,3,699722040022,38940,-1,-1,-1,-1,-1
24.8481,veh5,drop_decision_no_action,12,699722040012,38928,-1,-1,-1,-1,-1
24.8653,veh5,drop_decision_no_action,9,29282,38965,-1,-1,-1,-1,-1
24.8701,veh5,drop_decision_no_action,7,699722040025,38941,-1,-1,-1,-1,-1
24.8701,veh5,drop_decision_no_action,7,29271,38941,-1,-1,-1,-1,-1
24.8723,veh5,drop_decision_no_action,6,699722040054,38981,-1,-1,-1,-1,-1
24.8818,veh5,drop_decision_no_action,4,699722040064,38990,-1,-1,-1,-1,-1
24.8893,veh5,drop_decision_no_action,10,29335,39011,-1,-1,-1,-1,-1
24.8898,veh5,drop_decision_no_action,8,699722040104,39027,-1,-1,-1,-1,-1
24.8946,veh5,drop_decision_no_action,9,699722040057,38965,-1,-1,-1,-1,-1
