vehicle_id,msg_seq,tx_t_s,rx_t_s,rx_ok,msg_type,tx_id,rx_id,cam_gdt_ms,pkt_uid
veh3,7442,0.733792,,0,CAM,3,,7442,-1
veh3,7744,0.933792,,0,CAM,3,,7744,-1
veh3,699722411827,,1.01233,0,CPM_DROP_PHY,2,3,699722411827,26
veh3,7844,,1.01608,0,CAM_DROP_PHY,5,3,7844,25
veh3,7877,,1.02333,0,CAM_DROP_PHY,4,3,7877,36
veh3,7943,,1.08083,0,CAM_DROP_PHY,10,3,7943,60
veh3,699722412020,,1.11233,0,CPM_DROP_PHY,2,3,699722412020,74
veh3,8076,1.13379,,0,CAM,3,,8076,-1
veh3,8066,,1.13408,0,CAM_DROP_PHY,8,3,8066,87
veh3,699722412033,,1.13608,0,CPM_DROP_PHY,5,3,699722412033,85
veh3,8092,,1.15133,0,CAM_DROP_PHY,7,3,8092,102
veh3,8109,,1.15458,0,CAM_DROP_PHY,6,3,8109,118
veh3,699722412101,,1.17458,0,CPM_DROP_PHY,6,3,699722412101,138
veh3,699722412106,,1.18333,0,CPM_DROP_PHY,4,3,699722412106,141
veh3,8149,,1.19408,0,CAM_DROP_PHY,10,3,8149,151
veh3,699722412136,,1.19408,0,CPM_DROP_PHY,8,3,699722412136,163
veh3,8171,,1.21233,0,CAM_DROP_PHY,2,3,8171,179
veh3,699722412232,,1.21233,0,CPM_DROP_PHY,2,3,699722412232,179
veh3,8250,,1.21608,0,CAM_DROP_PHY,5,3,8250,188
veh3,8264,,1.22333,0,CAM_DROP_PHY,4,3,8264,203
veh3,699722412249,,1.23608,0,CPM_DROP_PHY,5,3,699722412249,210
veh3,699722412287,,1.27458,0,CPM_DROP_PHY,6,3,699722412287,252
veh3,8333,,1.28083,0,CAM_DROP_PHY,10,3,8333,264
veh3,699722412293,,1.28333,0,CPM_DROP_PHY,4,3,699722412293,254
veh3,699722412320,,1.29408,0,CPM_DROP_PHY,8,3,699722412320,276
veh3,699722412408,,1.31233,0,CPM_DROP_PHY,2,3,699722412408,301
veh3,8457,1.33379,,0,CAM,3,,8457,-1
veh3,8452,,1.33408,0,CAM_DROP_PHY,8,3,8452,319
veh3,699722412420,,1.33608,0,CPM_DROP_PHY,5,3,699722412420,316
veh3,8469,,1.35133,0,CAM_DROP_PHY,7,3,8469,335
veh3,8480,,1.35458,0,CAM_DROP_PHY,6,3,8480,351
veh3,699722412468,,1.37458,0,CPM_DROP_PHY,6,3,699722412468,371
veh3,699722412474,,1.38333,0,CPM_DROP_PHY,4,3,699722412474,374
veh3,8515,,1.39408,0,CAM_DROP_PHY,10,3,8515,384
veh3,699722412501,,1.39408,0,CPM_DROP_PHY,8,3,699722412501,396
veh3,8536,,1.41233,0,CAM_DROP_PHY,2,3,8536,412
veh3,699722412598,,1.41233,0,CPM_DROP_PHY,2,3,699722412598,412
veh3,8616,,1.41608,0,CAM_DROP_PHY,5,3,8616,421
veh3,8630,,1.42333,0,CAM_DROP_PHY,4,3,8630,436
veh3,699722412714,,1.43608,0,CPM_DROP_PHY,5,3,699722412714,443
veh3,8773,,1.45958,0,CAM_DROP_PHY,6,3,8773,478
veh3,8768,,1.46358,0,CAM_DROP_PHY,9,3,8768,474
veh3,699722412764,,1.47458,0,CPM_DROP_PHY,6,3,699722412764,498
veh3,8813,,1.48083,0,CAM_DROP_PHY,10,3,8813,515
veh3,699722412770,,1.48333,0,CPM_DROP_PHY,4,3,699722412770,503
veh3,699722412798,,1.49408,0,CPM_DROP_PHY,8,3,699722412798,527
veh3,8835,,1.51233,0,CAM_DROP_PHY,2,3,8835,544
veh3,699722412891,,1.51233,0,CPM_DROP_PHY,2,3,699722412891,544
veh3,8944,1.53379,,0,CAM,3,,8944,-1
veh3,8939,,1.53408,0,CAM_DROP_PHY,8,3,8939,573
veh3,699722412907,,1.53608,0,CPM_DROP_PHY,5,3,699722412907,570
veh3,8957,,1.55133,0,CAM_DROP_PHY,7,3,8957,591
veh3,8972,,1.55958,0,CAM_DROP_PHY,6,3,8972,608
veh3,8967,,1.56358,0,CAM_DROP_PHY,9,3,8967,602
veh3,699722412961,,1.57458,0,CPM_DROP_PHY,6,3,699722412961,635
veh3,9014,,1.58083,0,CAM_DROP_PHY,10,3,9014,657
veh3,699722412968,,1.58333,0,CPM_DROP_PHY,4,3,699722412968,641
veh3,699722413000,,1.59408,0,CPM_DROP_PHY,8,3,699722413000,669
veh3,9034,,1.61233,0,CAM_DROP_PHY,2,3,9034,686
veh3,699722413099,,1.61233,0,CPM_DROP_PHY,2,3,699722413099,686
veh3,9116,,1.61608,0,CAM_DROP_PHY,5,3,9116,699
veh3,9132,,1.62333,0,CAM_DROP_PHY,4,3,9132,720
veh3,699722413116,,1.63608,0,CPM_DROP_PHY,5,3,699722413116,727
veh3,9173,,1.65958,0,CAM_DROP_PHY,6,3,9173,765
veh3,9170,,1.66358,0,CAM_DROP_PHY,9,3,9170,761
veh3,699722413161,,1.67458,0,CPM_DROP_PHY,6,3,699722413161,786
veh3,699722413167,,1.67633,0,CPM_DROP_PHY,4,3,699722413167,791
veh3,9214,,1.69408,0,CAM_DROP_PHY,10,3,9214,806
veh3,699722413200,,1.69408,0,CPM_DROP_PHY,8,3,699722413200,821
veh3,9234,,1.71233,0,CAM_DROP_PHY,2,3,9234,834
veh3,699722413289,,1.71233,0,CPM_DROP_PHY,2,3,699722413289,834
veh3,9335,1.73379,,0,CAM,3,,9335,-1
veh3,699722413301,,1.73608,0,CPM_DROP_PHY,5,3,699722413301,861
veh3,9348,,1.75133,0,CAM_DROP_PHY,7,3,9348,880
veh3,9362,,1.75958,0,CAM_DROP_PHY,6,3,9362,892
veh3,9358,,1.76358,0,CAM_DROP_PHY,9,3,9358,886
veh3,699722413351,,1.77458,0,CPM_DROP_PHY,6,3,699722413351,920
veh3,699722413358,,1.77633,0,CPM_DROP_PHY,4,3,699722413358,926
veh3,699722413384,,1.79408,0,CPM_DROP_PHY,8,3,699722413384,956
veh3,9495,,1.81608,0,CAM_DROP_PHY,5,3,9495,974
veh3,699722413478,,1.82308,0,CPM_DROP_PHY,2,3,699722413478,976
veh3,9524,,1.83408,0,CAM_DROP_PHY,8,3,9524,1000
veh3,699722413491,,1.83608,0,CPM_DROP_PHY,5,3,699722413491,990
veh3,9508,,1.83633,0,CAM_DROP_PHY,4,3,9508,987
veh3,699722413511,,1.85133,0,CPM_DROP_PHY,7,3,699722413511,1008
veh3,9559,,1.85958,0,CAM_DROP_PHY,6,3,9559,1045
veh3,699722413548,,1.87458,0,CPM_DROP_PHY,6,3,699722413548,1071
veh3,699722413553,,1.87633,0,CPM_DROP_PHY,4,3,699722413553,1077
veh3,699722413583,,1.89408,0,CPM_DROP_PHY,8,3,699722413583,1104
veh3,9597,,1.89833,0,CAM_DROP_PHY,10,3,9597,1092
veh3,9616,,1.90308,0,CAM_DROP_PHY,2,3,9616,1113
veh3,699722413766,,1.91833,0,CPM_DROP_PHY,10,3,699722413766,1129
veh3,699722413772,,1.92308,0,CPM_DROP_PHY,2,3,699722413772,1132
veh3,9818,1.93379,,0,CAM,3,,9818,-1
veh3,699722413783,,1.93608,0,CPM_DROP_PHY,5,3,699722413783,1149
veh3,699722413802,,1.95133,0,CPM_DROP_PHY,7,3,699722413802,1167
veh3,9836,,1.95133,0,CAM_DROP_PHY,7,3,9836,1167
veh3,9850,,1.96733,0,CAM_DROP_PHY,6,3,9850,1194
veh3,699722413843,,1.97633,0,CPM_DROP_PHY,4,3,699722413843,1221
veh3,699722413837,,1.98733,0,CPM_DROP_PHY,6,3,699722413837,1194
veh3,699722413868,,1.99408,0,CPM_DROP_PHY,8,3,699722413868,1250
veh3,9981,,2.01608,0,CAM_DROP_PHY,5,3,9981,1276
veh3,699722413960,,2.01833,0,CPM_DROP_PHY,10,3,699722413960,1278
veh3,699722413965,,2.02308,0,CPM_DROP_PHY,2,3,699722413965,1279
veh3,699722413984,,2.03608,0,CPM_DROP_PHY,5,3,699722413984,1294
veh3,10000,,2.03633,0,CAM_DROP_PHY,4,3,10000,1291
veh3,699722414002,,2.05133,0,CPM_DROP_PHY,7,3,699722414002,1314
veh3,9844,,2.05458,0,CAM_DROP_PHY,9,3,9844,1189
veh3,10046,,2.05458,0,CAM_DROP_PHY,9,3,10046,1342
veh3,699722414036,,2.06733,0,CPM_DROP_PHY,6,3,699722414036,1365
veh3,699722414041,,2.07633,0,CPM_DROP_PHY,4,3,699722414041,1370
veh3,699722414074,,2.09408,0,CPM_DROP_PHY,8,3,699722414074,1396
veh3,10108,,2.10308,0,CAM_DROP_PHY,2,3,10108,1406
veh3,10089,,2.11458,0,CAM_DROP_PHY,10,3,10089,1385
veh3,699722414171,,2.12308,0,CPM_DROP_PHY,2,3,699722414171,1425
veh3,10219,2.13379,,0,CAM,3,,10219,-1
veh3,699722414165,,2.13458,0,CPM_DROP_PHY,10,3,699722414165,1422
veh3,699722414184,,2.13608,0,CPM_DROP_PHY,5,3,699722414184,1442
veh3,699722414204,,2.15133,0,CPM_DROP_PHY,7,3,699722414204,1460
veh3,10248,,2.15458,0,CAM_DROP_PHY,9,3,10248,1483
veh3,10253,,2.16733,0,CAM_DROP_PHY,6,3,10253,1489
veh3,10237,,2.17133,0,CAM_DROP_PHY,7,3,10237,1460
veh3,699722414247,,2.17633,0,CPM_DROP_PHY,4,3,699722414247,1513
veh3,699722414241,,2.18733,0,CPM_DROP_PHY,6,3,699722414241,1489
veh3,699722414281,,2.19408,0,CPM_DROP_PHY,8,3,699722414281,1550
veh3,10394,,2.20833,0,CAM_DROP_PHY,5,3,10394,1576
veh3,699722414380,,2.22308,0,CPM_DROP_PHY,2,3,699722414380,1583
veh3,699722414394,,2.22833,0,CPM_DROP_PHY,5,3,699722414394,1596
veh3,699722414375,,2.23458,0,CPM_DROP_PHY,10,3,699722414375,1581
veh3,10411,,2.23633,0,CAM_DROP_PHY,4,3,10411,1594
veh3,699722414414,,2.25133,0,CPM_DROP_PHY,7,3,699722414414,1619
veh3,10455,,2.25458,0,CAM_DROP_PHY,9,3,10455,1648
veh3,699722414445,,2.26733,0,CPM_DROP_PHY,6,3,699722414445,1671
veh3,699722414448,,2.27458,0,CPM_DROP_PHY,9,3,699722414448,1672
veh3,699722414453,,2.27633,0,CPM_DROP_PHY,4,3,699722414453,1679
veh3,10520,,2.30308,0,CAM_DROP_PHY,2,3,10520,1723
veh3,699722414574,,2.31833,0,CPM_DROP_PHY,10,3,699722414574,1735
veh3,699722414579,,2.32308,0,CPM_DROP_PHY,2,3,699722414579,1738
veh3,699722414590,,2.32833,0,CPM_DROP_PHY,5,3,699722414590,1749
veh3,10627,2.33379,,0,CAM,3,,10627,-1
veh3,699722414611,,2.35133,0,CPM_DROP_PHY,7,3,699722414611,1772
veh3,10652,,2.35458,0,CAM_DROP_PHY,9,3,10652,1793
veh3,10658,,2.36733,0,CAM_DROP_PHY,6,3,10658,1799
veh3,699722414654,,2.37008,0,CPM_DROP_PHY,4,3,699722414654,1822
veh3,10643,,2.37133,0,CAM_DROP_PHY,7,3,10643,1772
veh3,699722414647,,2.37458,0,CPM_DROP_PHY,9,3,699722414647,1814
veh3,699722414644,,2.38733,0,CPM_DROP_PHY,6,3,699722414644,1799
veh3,699722414485,,2.38958,0,CPM_DROP_PHY,8,3,699722414485,1710
veh3,699722414785,,2.38958,0,CPM_DROP_PHY,8,3,699722414785,1866
veh3,10900,,2.40833,0,CAM_DROP_PHY,5,3,10900,1897
veh3,10800,,2.41458,0,CAM_DROP_PHY,10,3,10800,1856
veh3,699722414880,,2.41833,0,CPM_DROP_PHY,10,3,699722414880,1901
veh3,699722414885,,2.42308,0,CPM_DROP_PHY,2,3,699722414885,1906
veh3,699722414900,,2.42833,0,CPM_DROP_PHY,5,3,699722414900,1920
veh3,10917,,2.43008,0,CAM_DROP_PHY,4,3,10917,1918
veh3,699722414918,,2.45133,0,CPM_DROP_PHY,7,3,699722414918,1947
veh3,699722414949,,2.46733,0,CPM_DROP_PHY,6,3,699722414949,1984
veh3,10959,,2.46883,0,CAM_DROP_PHY,9,3,10959,1971
veh3,699722414957,,2.47008,0,CPM_DROP_PHY,4,3,699722414957,1989
veh3,699722414952,,2.48883,0,CPM_DROP_PHY,9,3,699722414952,1971
veh3,699722414983,,2.48958,0,CPM_DROP_PHY,8,3,699722414983,2019
veh3,11020,,2.50308,0,CAM_DROP_PHY,2,3,11020,2036
veh3,699722414991,,2.50483,0,CPM_DROP_PHY,11,3,699722414991,2033
veh3,699722415080,,2.51833,0,CPM_DROP_PHY,10,3,699722415080,2054
veh3,699722415086,,2.52308,0,CPM_DROP_PHY,2,3,699722415086,2059
veh3,699722415100,,2.52833,0,CPM_DROP_PHY,5,3,699722415100,2073
veh3,11140,2.53379,,0,CAM,3,,11140,-1
veh3,699722415126,,2.54158,0,CPM_DROP_PHY,7,3,699722415126,2098
veh3,11159,,2.56158,0,CAM_DROP_PHY,7,3,11159,2110
veh3,11174,,2.56733,0,CAM_DROP_PHY,6,3,11174,2131
veh3,11169,,2.56883,0,CAM_DROP_PHY,9,3,11169,2126
veh3,699722415170,,2.57008,0,CPM_DROP_PHY,4,3,699722415170,2151
veh3,699722415161,,2.58733,0,CPM_DROP_PHY,6,3,699722415161,2131
veh3,699722415164,,2.58883,0,CPM_DROP_PHY,9,3,699722415164,2126
veh3,11239,,2.60483,0,CAM_DROP_PHY,11,3,11239,2211
veh3,11316,,2.60833,0,CAM_DROP_PHY,5,3,11316,2229
veh3,699722415301,,2.62308,0,CPM_DROP_PHY,2,3,699722415301,2237
veh3,699722415296,,2.62383,0,CPM_DROP_PHY,10,3,699722415296,2233
veh3,699722415316,,2.62833,0,CPM_DROP_PHY,5,3,699722415316,2250
veh3,11332,,2.63008,0,CAM_DROP_PHY,4,3,11332,2247
veh3,11354,2.63379,,0,CAM,3,,11354,-1
veh3,699722415338,,2.64158,0,CPM_DROP_PHY,7,3,699722415338,2280
veh3,699722415367,,2.66733,0,CPM_DROP_PHY,6,3,699722415367,2317
veh3,11379,,2.66883,0,CAM_DROP_PHY,9,3,11379,2308
veh3,699722415376,,2.67008,0,CPM_DROP_PHY,4,3,699722415376,2325
veh3,699722415370,,2.68883,0,CPM_DROP_PHY,9,3,699722415370,2308
veh3,699722415202,,2.68958,0,CPM_DROP_PHY,8,3,699722415202,2191
veh3,699722415407,,2.68958,0,CPM_DROP_PHY,8,3,699722415407,2360
veh3,11442,,2.70308,0,CAM_DROP_PHY,2,3,11442,2375
veh3,11517,,2.70833,0,CAM_DROP_PHY,5,3,11517,2391
veh3,699722415513,,2.72833,0,CPM_DROP_PHY,5,3,699722415513,2410
veh3,699722415498,,2.73083,0,CPM_DROP_PHY,10,3,699722415498,2395
veh3,11549,2.73379,,0,CAM,3,,11549,-1
veh3,699722415533,,2.74158,0,CPM_DROP_PHY,7,3,699722415533,2432
veh3,11566,,2.76158,0,CAM_DROP_PHY,7,3,11566,2440
veh3,11580,,2.76733,0,CAM_DROP_PHY,6,3,11580,2459
veh3,11576,,2.76883,0,CAM_DROP_PHY,9,3,11576,2455
veh3,699722415576,,2.77008,0,CPM_DROP_PHY,4,3,699722415576,2475
veh3,699722415567,,2.78733,0,CPM_DROP_PHY,6,3,699722415567,2459
veh3,699722415571,,2.78883,0,CPM_DROP_PHY,9,3,699722415571,2455
veh3,699722415607,,2.78958,0,CPM_DROP_PHY,8,3,699722415607,2515
veh3,11816,,2.80833,0,CAM_DROP_PHY,5,3,11816,2550
veh3,699722415797,,2.82383,0,CPM_DROP_PHY,10,3,699722415797,2554
veh3,699722415816,,2.82383,0,CPM_DROP_PHY,5,3,699722415816,2565
veh3,11831,,2.83008,0,CAM_DROP_PHY,4,3,11831,2562
veh3,11855,2.83379,,0,CAM,3,,11855,-1
veh3,699722415840,,2.84158,0,CPM_DROP_PHY,7,3,699722415840,2593
veh3,699722415869,,2.86733,0,CPM_DROP_PHY,6,3,699722415869,2632
veh3,11881,,2.86883,0,CAM_DROP_PHY,9,3,11881,2619
veh3,699722415878,,2.87008,0,CPM_DROP_PHY,4,3,699722415878,2642
veh3,11922,,2.88383,0,CAM_DROP_PHY,10,3,11922,2668
veh3,699722415872,,2.88883,0,CPM_DROP_PHY,9,3,699722415872,2619
veh3,11944,,2.90308,0,CAM_DROP_PHY,2,3,11944,2699
veh3,11948,,2.90483,0,CAM_DROP_PHY,11,3,11948,2701
veh3,12020,,2.92383,0,CAM_DROP_PHY,5,3,12020,2719
veh3,12051,2.93379,,0,CAM,3,,12051,-1
veh3,699722416035,,2.94158,0,CPM_DROP_PHY,7,3,699722416035,2758
veh3,699722416015,,2.94383,0,CPM_DROP_PHY,5,3,699722416015,2719
veh3,12068,,2.96158,0,CAM_DROP_PHY,7,3,12068,2765
veh3,12083,,2.96733,0,CAM_DROP_PHY,6,3,12083,2788
veh3,12078,,2.96883,0,CAM_DROP_PHY,9,3,12078,2784
veh3,699722416078,,2.97008,0,CPM_DROP_PHY,4,3,699722416078,2808
veh3,699722416069,,2.98733,0,CPM_DROP_PHY,6,3,699722416069,2788
veh3,699722416073,,2.98883,0,CPM_DROP_PHY,9,3,699722416073,2784
veh3,699722415907,,2.98958,0,CPM_DROP_PHY,8,3,699722415907,2680
veh3,699722416108,,2.98958,0,CPM_DROP_PHY,8,3,699722416108,2848
veh3,699722416118,,3.00483,0,CPM_DROP_PHY,11,3,699722416118,2862
veh3,699722416203,,3.02308,0,CPM_DROP_PHY,2,3,699722416203,2891
veh3,12218,,3.02383,0,CAM_DROP_PHY,5,3,12218,2886
veh3,12234,,3.03008,0,CAM_DROP_PHY,4,3,12234,2897
veh3,12258,3.03379,,0,CAM,3,,12258,-1
veh3,699722416243,,3.04158,0,CPM_DROP_PHY,7,3,699722416243,2930
veh3,699722416217,,3.04383,0,CPM_DROP_PHY,5,3,699722416217,2886
veh3,699722416273,,3.06733,0,CPM_DROP_PHY,6,3,699722416273,2973
veh3,12284,,3.06883,0,CAM_DROP_PHY,9,3,12284,2961
veh3,699722416282,,3.07008,0,CPM_DROP_PHY,4,3,699722416282,2982
veh3,699722416276,,3.08883,0,CPM_DROP_PHY,9,3,699722416276,2961
veh3,699722416311,,3.08958,0,CPM_DROP_PHY,8,3,699722416311,3017
veh3,12348,,3.10308,0,CAM_DROP_PHY,2,3,12348,3032
veh3,699722416320,,3.11333,0,CPM_DROP_PHY,11,3,699722416320,3029
veh3,12425,,3.12383,0,CAM_DROP_PHY,5,3,12425,3053
veh3,699722416198,,3.13083,0,CPM_DROP_PHY,10,3,699722416198,2887
veh3,699722416404,,3.13083,0,CPM_DROP_PHY,10,3,699722416404,3054
veh3,699722416437,,3.14158,0,CPM_DROP_PHY,7,3,699722416437,3089
veh3,699722416419,,3.14383,0,CPM_DROP_PHY,5,3,699722416419,3053
veh3,12469,,3.16158,0,CAM_DROP_PHY,7,3,12469,3097
veh3,12486,,3.16733,0,CAM_DROP_PHY,6,3,12486,3119
veh3,699722416482,,3.17008,0,CPM_DROP_PHY,4,3,699722416482,3137
veh3,12481,,3.17133,0,CAM_DROP_PHY,9,3,12481,3115
veh3,699722416477,,3.17133,0,CPM_DROP_PHY,9,3,699722416477,3115
veh3,699722416473,,3.18733,0,CPM_DROP_PHY,6,3,699722416473,3119
veh3,699722416514,,3.18958,0,CPM_DROP_PHY,8,3,699722416514,3173
veh3,699722416523,,3.21333,0,CPM_DROP_PHY,11,3,699722416523,3184
veh3,12553,,3.21333,0,CAM_DROP_PHY,11,3,12553,3184
veh3,699722416608,,3.22383,0,CPM_DROP_PHY,10,3,699722416608,3205
veh3,699722416626,,3.22383,0,CPM_DROP_PHY,5,3,699722416626,3216
veh3,12643,,3.23008,0,CAM_DROP_PHY,4,3,12643,3212
veh3,12666,3.23379,,0,CAM,3,,12666,-1
veh3,699722416650,,3.24158,0,CPM_DROP_PHY,7,3,699722416650,3242
veh3,12694,,3.25133,0,CAM_DROP_PHY,9,3,12694,3268
veh3,12683,,3.26158,0,CAM_DROP_PHY,7,3,12683,3254
veh3,699722416689,,3.27133,0,CPM_DROP_PHY,9,3,699722416689,3296
veh3,699722416686,,3.27983,0,CPM_DROP_PHY,6,3,699722416686,3294
veh3,699722416696,,3.28608,0,CPM_DROP_PHY,4,3,699722416696,3303
veh3,12864,,3.30058,0,CAM_DROP_PHY,2,3,12864,3353
veh3,699722416835,,3.31333,0,CPM_DROP_PHY,11,3,699722416835,3350
veh3,699722416923,,3.31433,0,CPM_DROP_PHY,10,3,699722416923,3373
veh3,12944,,3.32383,0,CAM_DROP_PHY,5,3,12944,3372
veh3,699722416940,,3.34383,0,CPM_DROP_PHY,5,3,699722416940,3372
veh3,699722416957,,3.34658,0,CPM_DROP_PHY,7,3,699722416957,3407
veh3,13000,,3.35133,0,CAM_DROP_PHY,9,3,13000,3434
veh3,13006,,3.35983,0,CAM_DROP_PHY,6,3,13006,3441
veh3,12989,,3.36658,0,CAM_DROP_PHY,7,3,12989,3417
veh3,699722416999,,3.37133,0,CPM_DROP_PHY,9,3,699722416999,3462
veh3,699722416995,,3.37983,0,CPM_DROP_PHY,6,3,699722416995,3460
veh3,699722417005,,3.38608,0,CPM_DROP_PHY,4,3,699722417005,3473
veh3,699722416826,,3.38958,0,CPM_DROP_PHY,8,3,699722416826,3340
veh3,699722417038,,3.38958,0,CPM_DROP_PHY,8,3,699722417038,3503
veh3,13051,,3.40283,0,CAM_DROP_PHY,10,3,13051,3486
veh3,699722417047,,3.41333,0,CPM_DROP_PHY,11,3,699722417047,3513
veh3,699722417126,,3.41433,0,CPM_DROP_PHY,10,3,699722417126,3538
veh3,699722417146,,3.42383,0,CPM_DROP_PHY,5,3,699722417146,3556
veh3,13162,,3.42608,0,CAM_DROP_PHY,4,3,13162,3547
veh3,13183,3.43379,,0,CAM,3,,13183,-1
veh3,699722417166,,3.44658,0,CPM_DROP_PHY,7,3,699722417166,3576
veh3,13210,,3.45133,0,CAM_DROP_PHY,9,3,13210,3600
veh3,13199,,3.46058,0,CAM_DROP_PHY,7,3,13199,3587
veh3,699722417204,,3.47133,0,CPM_DROP_PHY,9,3,699722417204,3621
veh3,699722417200,,3.47983,0,CPM_DROP_PHY,6,3,699722417200,3619
veh3,699722417210,,3.48608,0,CPM_DROP_PHY,4,3,699722417210,3631
veh3,699722417239,,3.48958,0,CPM_DROP_PHY,8,3,699722417239,3664
veh3,13276,,3.50058,0,CAM_DROP_PHY,2,3,13276,3677
veh3,699722417248,,3.51333,0,CPM_DROP_PHY,11,3,699722417248,3674
veh3,13281,,3.51333,0,CAM_DROP_PHY,11,3,13281,3674
veh3,699722417337,,3.51433,0,CPM_DROP_PHY,10,3,699722417337,3699
veh3,699722417342,,3.52058,0,CPM_DROP_PHY,2,3,699722417342,3701
veh3,13358,,3.52383,0,CAM_DROP_PHY,5,3,13358,3698
veh3,699722417357,,3.54383,0,CPM_DROP_PHY,5,3,699722417357,3698
veh3,13394,,3.54583,0,CAM_DROP_PHY,8,3,13394,3737
veh3,699722417380,,3.54658,0,CPM_DROP_PHY,7,3,699722417380,3741
veh3,13427,,3.55133,0,CAM_DROP_PHY,9,3,13427,3774
veh3,13432,,3.55983,0,CAM_DROP_PHY,6,3,13432,3779
veh3,13415,,3.56658,0,CAM_DROP_PHY,7,3,13415,3755
veh3,699722417425,,3.57133,0,CPM_DROP_PHY,9,3,699722417425,3804
veh3,699722417422,,3.57983,0,CPM_DROP_PHY,6,3,699722417422,3802
veh3,699722417431,,3.58608,0,CPM_DROP_PHY,4,3,699722417431,3815
veh3,699722417460,,3.60583,0,CPM_DROP_PHY,8,3,699722417460,3844
veh3,699722417468,,3.61333,0,CPM_DROP_PHY,11,3,699722417468,3850
veh3,699722417547,,3.61433,0,CPM_DROP_PHY,10,3,699722417547,3867
veh3,699722417568,,3.62383,0,CPM_DROP_PHY,5,3,699722417568,3890
veh3,13584,,3.62608,0,CAM_DROP_PHY,4,3,13584,3880
veh3,13605,3.63379,,0,CAM,3,,13605,-1
veh3,699722417589,,3.64658,0,CPM_DROP_PHY,7,3,699722417589,3909
veh3,13630,,3.65133,0,CAM_DROP_PHY,9,3,13630,3935
veh3,699722417623,,3.67133,0,CPM_DROP_PHY,9,3,699722417623,3955
veh3,699722417620,,3.67983,0,CPM_DROP_PHY,6,3,699722417620,3953
veh3,699722417629,,3.68608,0,CPM_DROP_PHY,4,3,699722417629,3962
veh3,13695,,3.70058,0,CAM_DROP_PHY,2,3,13695,3998
veh3,699722417658,,3.70583,0,CPM_DROP_PHY,8,3,699722417658,3990
veh3,699722417666,,3.71333,0,CPM_DROP_PHY,11,3,699722417666,3996
veh3,699722417852,,3.72283,0,CPM_DROP_PHY,10,3,699722417852,4018
veh3,13873,,3.72383,0,CAM_DROP_PHY,5,3,13873,4017
veh3,699722417870,,3.74383,0,CPM_DROP_PHY,5,3,699722417870,4017
veh3,699722417887,,3.74658,0,CPM_DROP_PHY,7,3,699722417887,4056
veh3,13933,,3.75133,0,CAM_DROP_PHY,9,3,13933,4086
veh3,13938,,3.75983,0,CAM_DROP_PHY,6,3,13938,4091
veh3,13921,,3.76658,0,CAM_DROP_PHY,7,3,13921,4070
veh3,699722417929,,3.77133,0,CPM_DROP_PHY,9,3,699722417929,4112
veh3,699722417926,,3.77983,0,CPM_DROP_PHY,6,3,699722417926,4110
veh3,699722417936,,3.78608,0,CPM_DROP_PHY,4,3,699722417936,4123
veh3,699722417965,,3.80583,0,CPM_DROP_PHY,8,3,699722417965,4152
veh3,699722417973,,3.81333,0,CPM_DROP_PHY,11,3,699722417973,4158
veh3,14003,,3.81333,0,CAM_DROP_PHY,11,3,14003,4158
veh3,699722418054,,3.82283,0,CPM_DROP_PHY,10,3,699722418054,4176
veh3,699722418083,,3.82383,0,CPM_DROP_PHY,5,3,699722418083,4203
veh3,14091,,3.82608,0,CAM_DROP_PHY,4,3,14091,4189
veh3,14121,3.83379,,0,CAM,3,,14121,-1
veh3,699722418104,,3.84658,0,CPM_DROP_PHY,7,3,699722418104,4224
veh3,14147,,3.85133,0,CAM_DROP_PHY,9,3,14147,4254
veh3,699722418142,,3.87133,0,CPM_DROP_PHY,9,3,699722418142,4274
veh3,699722418138,,3.87983,0,CPM_DROP_PHY,6,3,699722418138,4273
veh3,699722418147,,3.88608,0,CPM_DROP_PHY,4,3,699722418147,4282
veh3,14189,,3.89433,0,CAM_DROP_PHY,10,3,14189,4295
veh3,14213,,3.90058,0,CAM_DROP_PHY,2,3,14213,4325
veh3,699722418176,,3.90583,0,CPM_DROP_PHY,8,3,699722418176,4312
veh3,699722418183,,3.90858,0,CPM_DROP_PHY,11,3,699722418183,4318
veh3,699722418270,,3.91433,0,CPM_DROP_PHY,10,3,699722418270,4350
veh3,14290,,3.92383,0,CAM_DROP_PHY,5,3,14290,4347
veh3,14307,,3.92608,0,CAM_DROP_PHY,4,3,14307,4366
veh3,699722418297,,3.94383,0,CPM_DROP_PHY,5,3,699722418297,4347
veh3,14332,,3.94583,0,CAM_DROP_PHY,8,3,14332,4390
veh3,699722418317,,3.94658,0,CPM_DROP_PHY,7,3,699722418317,4396
veh3,14368,,3.95983,0,CAM_DROP_PHY,6,3,14368,4432
veh3,14363,,3.96133,0,CAM_DROP_PHY,9,3,14363,4431
veh3,14352,,3.96658,0,CAM_DROP_PHY,7,3,14352,4411
veh3,699722418357,,3.97983,0,CPM_DROP_PHY,6,3,699722418357,4455
veh3,699722418360,,3.98133,0,CPM_DROP_PHY,9,3,699722418360,4456
veh3,699722418367,,3.98608,0,CPM_DROP_PHY,4,3,699722418367,4468
veh3,699722418392,,4.00583,0,CPM_DROP_PHY,8,3,699722418392,4498
veh3,699722418401,,4.00858,0,CPM_DROP_PHY,11,3,699722418401,4505
veh3,699722418478,,4.01433,0,CPM_DROP_PHY,10,3,699722418478,4529
veh3,699722418484,,4.02058,0,CPM_DROP_PHY,2,3,699722418484,4532
veh3,699722418505,,4.02383,0,CPM_DROP_PHY,5,3,699722418505,4554
veh3,14515,,4.02608,0,CAM_DROP_PHY,4,3,14515,4541
veh3,699722418526,,4.04658,0,CPM_DROP_PHY,7,3,699722418526,4577
veh3,14574,,4.05983,0,CAM_DROP_PHY,6,3,14574,4605
veh3,14569,,4.06133,0,CAM_DROP_PHY,9,3,14569,4604
veh3,699722418562,,4.07983,0,CPM_DROP_PHY,6,3,699722418562,4619
veh3,699722418566,,4.08133,0,CPM_DROP_PHY,9,3,699722418566,4620
veh3,699722418571,,4.08608,0,CPM_DROP_PHY,4,3,699722418571,4628
veh3,14635,,4.10058,0,CAM_DROP_PHY,2,3,14635,4672
veh3,699722418597,,4.10583,0,CPM_DROP_PHY,8,3,699722418597,4657
veh3,699722418606,,4.10858,0,CPM_DROP_PHY,11,3,699722418606,4664
veh3,699722418695,,4.12283,0,CPM_DROP_PHY,10,3,699722418695,4694
veh3,14714,,4.12383,0,CAM_DROP_PHY,5,3,14714,4691
veh3,14731,,4.12608,0,CAM_DROP_PHY,4,3,14731,4711
veh3,14640,,4.12858,0,CAM_DROP_PHY,11,3,14640,4674
veh3,14759,4.13379,,0,CAM,3,,14759,-1
veh3,699722418721,,4.14383,0,CPM_DROP_PHY,5,3,699722418721,4691
veh3,699722418743,,4.14658,0,CPM_DROP_PHY,7,3,699722418743,4746
veh3,14892,,4.15983,0,CAM_DROP_PHY,6,3,14892,4779
veh3,14889,,4.16133,0,CAM_DROP_PHY,9,3,14889,4778
veh3,14877,,4.16658,0,CAM_DROP_PHY,7,3,14877,4761
veh3,699722418883,,4.17983,0,CPM_DROP_PHY,6,3,699722418883,4801
veh3,699722418886,,4.18133,0,CPM_DROP_PHY,9,3,699722418886,4802
veh3,699722418893,,4.18608,0,CPM_DROP_PHY,4,3,699722418893,4817
veh3,699722418919,,4.20483,0,CPM_DROP_PHY,8,3,699722418919,4848
veh3,699722418928,,4.20858,0,CPM_DROP_PHY,11,3,699722418928,4855
veh3,699722419006,,4.21433,0,CPM_DROP_PHY,10,3,699722419006,4880
veh3,699722419031,,4.22383,0,CPM_DROP_PHY,5,3,699722419031,4901
veh3,15040,,4.22608,0,CAM_DROP_PHY,4,3,15040,4888
veh3,699722419049,,4.24658,0,CPM_DROP_PHY,7,3,699722419049,4920
veh3,15090,,4.26133,0,CAM_DROP_PHY,9,3,15090,4947
veh3,15094,,4.26858,0,CAM_DROP_PHY,6,3,15094,4948
veh3,699722419085,,4.28133,0,CPM_DROP_PHY,9,3,699722419085,4960
veh3,699722419091,,4.28608,0,CPM_DROP_PHY,4,3,699722419091,4964
veh3,699722419082,,4.28858,0,CPM_DROP_PHY,6,3,699722419082,4948
veh3,15154,,4.30058,0,CAM_DROP_PHY,2,3,15154,5015
veh3,699722419115,,4.30483,0,CPM_DROP_PHY,8,3,699722419115,4993
veh3,699722419124,,4.30858,0,CPM_DROP_PHY,11,3,699722419124,5003
veh3,699722419206,,4.31433,0,CPM_DROP_PHY,10,3,699722419206,5036
veh3,699722419212,,4.32058,0,CPM_DROP_PHY,2,3,699722419212,5039
veh3,15226,,4.32133,0,CAM_DROP_PHY,5,3,15226,5032
veh3,699722419250,,4.33908,0,CPM_DROP_PHY,7,3,699722419250,5083
veh3,699722419233,,4.34133,0,CPM_DROP_PHY,5,3,699722419233,5068
veh3,15292,,4.36133,0,CAM_DROP_PHY,9,3,15292,5109
veh3,699722419282,,4.36858,0,CPM_DROP_PHY,6,3,699722419282,5125
veh3,699722419285,,4.38133,0,CPM_DROP_PHY,9,3,699722419285,5127
veh3,699722419291,,4.38208,0,CPM_DROP_PHY,4,3,699722419291,5130
veh3,15332,,4.40483,0,CAM_DROP_PHY,10,3,15332,5148
veh3,699722419318,,4.40483,0,CPM_DROP_PHY,8,3,699722419318,5160
veh3,699722419327,,4.40858,0,CPM_DROP_PHY,11,3,699722419327,5166
veh3,699722419414,,4.42058,0,CPM_DROP_PHY,2,3,699722419414,5202
veh3,15446,,4.42208,0,CAM_DROP_PHY,4,3,15446,5212
veh3,699722419408,,4.42483,0,CPM_DROP_PHY,10,3,699722419408,5199
veh3,15359,,4.42858,0,CAM_DROP_PHY,11,3,15359,5180
veh3,15477,4.43379,,0,CAM,3,,15477,-1
veh3,699722419460,,4.43908,0,CPM_DROP_PHY,7,3,699722419460,5252
veh3,699722419437,,4.44133,0,CPM_DROP_PHY,5,3,699722419437,5228
veh3,15472,,4.44483,0,CAM_DROP_PHY,8,3,15472,5245
veh3,15493,,4.45908,0,CAM_DROP_PHY,7,3,15493,5265
veh3,15504,,4.46133,0,CAM_DROP_PHY,9,3,15504,5277
veh3,15509,,4.46858,0,CAM_DROP_PHY,6,3,15509,5283
veh3,699722419502,,4.48133,0,CPM_DROP_PHY,9,3,699722419502,5306
veh3,699722419498,,4.48858,0,CPM_DROP_PHY,6,3,699722419498,5283
veh3,15574,,4.50058,0,CAM_DROP_PHY,2,3,15574,5375
veh3,699722419534,,4.50483,0,CPM_DROP_PHY,8,3,699722419534,5351
veh3,699722419543,,4.50858,0,CPM_DROP_PHY,11,3,699722419543,5360
veh3,699722419623,,4.51658,0,CPM_DROP_PHY,10,3,699722419623,5393
veh3,699722419629,,4.52058,0,CPM_DROP_PHY,2,3,699722419629,5397
veh3,699722419665,,4.53908,0,CPM_DROP_PHY,7,3,699722419665,5434
veh3,699722419649,,4.54133,0,CPM_DROP_PHY,5,3,699722419649,5419
veh3,15709,,4.56133,0,CAM_DROP_PHY,9,3,15709,5455
veh3,699722419698,,4.56858,0,CPM_DROP_PHY,6,3,699722419698,5472
veh3,699722419701,,4.58133,0,CPM_DROP_PHY,9,3,699722419701,5476
veh3,699722419731,,4.60483,0,CPM_DROP_PHY,8,3,699722419731,5509
veh3,699722419739,,4.60858,0,CPM_DROP_PHY,11,3,699722419739,5515
veh3,699722419920,,4.61658,0,CPM_DROP_PHY,10,3,699722419920,5541
veh3,699722419926,,4.62058,0,CPM_DROP_PHY,2,3,699722419926,5544
veh3,15939,,4.62133,0,CAM_DROP_PHY,5,3,15939,5537
veh3,699722419970,,4.63908,0,CPM_DROP_PHY,7,3,699722419970,5592
veh3,699722419949,,4.64133,0,CPM_DROP_PHY,5,3,699722419949,5569
veh3,15979,,4.64283,0,CAM_DROP_PHY,12,3,15979,5577
veh3,16012,,4.66133,0,CAM_DROP_PHY,9,3,16012,5619
veh3,16017,,4.66858,0,CAM_DROP_PHY,6,3,16017,5625
veh3,699722420008,,4.68133,0,CPM_DROP_PHY,9,3,699722420008,5644
veh3,699722419706,,4.68208,0,CPM_DROP_PHY,4,3,699722419706,5480
veh3,15957,,4.68208,0,CAM_DROP_PHY,4,3,15957,5552
veh3,699722420013,,4.68208,0,CPM_DROP_PHY,4,3,699722420013,5648
veh3,699722420005,,4.68858,0,CPM_DROP_PHY,6,3,699722420005,5625
veh3,16079,,4.69933,0,CAM_DROP_PHY,2,3,16079,5701
veh3,699722420039,,4.70483,0,CPM_DROP_PHY,8,3,699722420039,5677
veh3,699722420048,,4.70858,0,CPM_DROP_PHY,11,3,699722420048,5686
veh3,699722420134,,4.71658,0,CPM_DROP_PHY,10,3,699722420134,5721
veh3,699722420140,,4.71933,0,CPM_DROP_PHY,2,3,699722420140,5724
veh3,16084,,4.72858,0,CAM_DROP_PHY,11,3,16084,5702
veh3,16198,4.73379,,0,CAM,3,,16198,-1
veh3,699722420182,,4.73908,0,CPM_DROP_PHY,7,3,699722420182,5769
veh3,699722420160,,4.74133,0,CPM_DROP_PHY,5,3,699722420160,5751
veh3,16215,,4.75908,0,CAM_DROP_PHY,7,3,16215,5781
veh3,16225,,4.76133,0,CAM_DROP_PHY,9,3,16225,5791
veh3,699722420216,,4.76858,0,CPM_DROP_PHY,6,3,699722420216,5809
veh3,699722420220,,4.78133,0,CPM_DROP_PHY,9,3,699722420220,5813
veh3,699722420251,,4.80483,0,CPM_DROP_PHY,8,3,699722420251,5859
veh3,699722420259,,4.80858,0,CPM_DROP_PHY,11,3,699722420259,5865
veh3,699722420335,,4.81658,0,CPM_DROP_PHY,10,3,699722420335,5890
veh3,699722420340,,4.81933,0,CPM_DROP_PHY,2,3,699722420340,5893
veh3,699722420360,,4.82308,0,CPM_DROP_PHY,5,3,699722420360,5912
veh3,699722420379,,4.83908,0,CPM_DROP_PHY,7,3,699722420379,5934
veh3,16419,,4.86133,0,CAM_DROP_PHY,9,3,16419,5951
veh3,699722420408,,4.86858,0,CPM_DROP_PHY,6,3,699722420408,5964
veh3,699722420412,,4.88133,0,CPM_DROP_PHY,9,3,699722420412,5968
veh3,16478,,4.89933,0,CAM_DROP_PHY,2,3,16478,6019
veh3,699722420440,,4.90483,0,CPM_DROP_PHY,8,3,699722420440,6002
veh3,699722420448,,4.90858,0,CPM_DROP_PHY,11,3,699722420448,6008
veh3,699722420533,,4.91933,0,CPM_DROP_PHY,2,3,699722420533,6042
veh3,16547,,4.92308,0,CAM_DROP_PHY,5,3,16547,6035
veh3,699722420527,,4.92483,0,CPM_DROP_PHY,10,3,699722420527,6039
veh3,699722420575,,4.93908,0,CPM_DROP_PHY,7,3,699722420575,6093
veh3,699722420555,,4.95333,0,CPM_DROP_PHY,5,3,699722420555,6035
veh3,16615,,4.96133,0,CAM_DROP_PHY,9,3,16615,6114
veh3,16620,,4.96858,0,CAM_DROP_PHY,6,3,16620,6119
veh3,699722420613,,4.98133,0,CPM_DROP_PHY,9,3,699722420613,6136
veh3,699722420417,,4.98208,0,CPM_DROP_PHY,4,3,699722420417,5973
veh3,16565,,4.98208,0,CAM_DROP_PHY,4,3,16565,6056
veh3,699722420618,,4.98208,0,CPM_DROP_PHY,4,3,699722420618,6141
veh3,699722420609,,4.98858,0,CPM_DROP_PHY,6,3,699722420609,6119
veh3,16658,,4.99658,0,CAM_DROP_PHY,10,3,16658,6160
veh3,699722420645,,5.00383,0,CPM_DROP_PHY,8,3,699722420645,6171
veh3,699722420655,,5.00858,0,CPM_DROP_PHY,11,3,699722420655,6180
veh3,699722420734,,5.01658,0,CPM_DROP_PHY,10,3,699722420734,6220
veh3,699722420739,,5.01933,0,CPM_DROP_PHY,2,3,699722420739,6223
veh3,16753,,5.02308,0,CAM_DROP_PHY,5,3,16753,6215
veh3,16690,,5.02858,0,CAM_DROP_PHY,11,3,16690,6198
veh3,16800,5.03379,,0,CAM,3,,16800,-1
veh3,699722420784,,5.03908,0,CPM_DROP_PHY,7,3,699722420784,6271
veh3,16794,,5.04383,0,CAM_DROP_PHY,8,3,16794,6260
veh3,699722420759,,5.05333,0,CPM_DROP_PHY,5,3,699722420759,6215
veh3,16819,,5.05908,0,CAM_DROP_PHY,7,3,16819,6279
veh3,16832,,5.06133,0,CAM_DROP_PHY,9,3,16832,6296
veh3,699722420924,,5.06858,0,CPM_DROP_PHY,6,3,699722420924,6318
veh3,699722420928,,5.08133,0,CPM_DROP_PHY,9,3,699722420928,6322
veh3,16974,,5.09658,0,CAM_DROP_PHY,10,3,16974,6355
veh3,17001,,5.09933,0,CAM_DROP_PHY,2,3,17001,6389
veh3,699722420961,,5.10383,0,CPM_DROP_PHY,8,3,699722420961,6369
veh3,699722420970,,5.10858,0,CPM_DROP_PHY,11,3,699722420970,6375
veh3,699722421048,,5.11658,0,CPM_DROP_PHY,10,3,699722421048,6415
veh3,699722421053,,5.11933,0,CPM_DROP_PHY,2,3,699722421053,6418
veh3,17066,,5.12308,0,CAM_DROP_PHY,5,3,17066,6410
veh3,17109,5.13379,,0,CAM,3,,17109,-1
veh3,699722421093,,5.13908,0,CPM_DROP_PHY,7,3,699722421093,6461
veh3,699722421072,,5.15333,0,CPM_DROP_PHY,5,3,699722421072,6410
veh3,17126,,5.15908,0,CAM_DROP_PHY,7,3,17126,6470
veh3,17137,,5.16133,0,CAM_DROP_PHY,9,3,17137,6483
veh3,699722421128,,5.16858,0,CPM_DROP_PHY,6,3,699722421128,6501
veh3,699722421132,,5.18133,0,CPM_DROP_PHY,9,3,699722421132,6506
veh3,17179,,5.19733,0,CAM_DROP_PHY,10,3,17179,6538
veh3,699722421167,,5.20383,0,CPM_DROP_PHY,8,3,699722421167,6552
veh3,699722421176,,5.20858,0,CPM_DROP_PHY,11,3,699722421176,6563
veh3,699722421255,,5.21933,0,CPM_DROP_PHY,2,3,699722421255,6597
veh3,17268,,5.22308,0,CAM_DROP_PHY,5,3,17268,6588
veh3,699722421249,,5.22833,0,CPM_DROP_PHY,10,3,699722421249,6594
veh3,17317,5.23379,,0,CAM,3,,17317,-1
veh3,699722421302,,5.23908,0,CPM_DROP_PHY,7,3,699722421302,6642
veh3,17305,,5.24208,0,CAM_DROP_PHY,12,3,17305,6620
veh3,699722421275,,5.25333,0,CPM_DROP_PHY,5,3,699722421275,6588
veh3,17350,,5.25683,0,CAM_DROP_PHY,9,3,17350,6671
veh3,17335,,5.25908,0,CAM_DROP_PHY,7,3,17335,6656
veh3,17355,,5.26858,0,CAM_DROP_PHY,6,3,17355,6676
veh3,699722421349,,5.27683,0,CPM_DROP_PHY,9,3,699722421349,6702
veh3,699722421344,,5.28858,0,CPM_DROP_PHY,6,3,699722421344,6676
veh3,17397,,5.29733,0,CAM_DROP_PHY,10,3,17397,6742
veh3,17424,,5.29933,0,CAM_DROP_PHY,2,3,17424,6781
veh3,699722421383,,5.30383,0,CPM_DROP_PHY,8,3,699722421383,6753
veh3,699722421393,,5.30858,0,CPM_DROP_PHY,11,3,699722421393,6769
veh3,699722421478,,5.31933,0,CPM_DROP_PHY,2,3,699722421478,6809
veh3,17286,,5.32208,0,CAM_DROP_PHY,4,3,17286,6605
veh3,17491,,5.32308,0,CAM_DROP_PHY,5,3,17491,6801
veh3,17429,,5.32858,0,CAM_DROP_PHY,11,3,17429,6784
veh3,17534,5.33379,,0,CAM,3,,17534,-1
veh3,699722421472,,5.33733,0,CPM_DROP_PHY,10,3,699722421472,6807
veh3,699722421518,,5.33908,0,CPM_DROP_PHY,7,3,699722421518,6857
veh3,17564,,5.35683,0,CAM_DROP_PHY,9,3,17564,6879
veh3,17552,,5.35908,0,CAM_DROP_PHY,7,3,17552,6868
veh3,699722421556,,5.36858,0,CPM_DROP_PHY,6,3,699722421556,6900
veh3,699722421560,,5.37683,0,CPM_DROP_PHY,9,3,699722421560,6906
veh3,17608,,5.38833,0,CAM_DROP_PHY,10,3,17608,6947
veh3,699722421594,,5.40383,0,CPM_DROP_PHY,8,3,699722421594,6959
veh3,699722421675,,5.41933,0,CPM_DROP_PHY,2,3,699722421675,6994
veh3,699722421670,,5.42833,0,CPM_DROP_PHY,10,3,699722421670,6993
veh3,17732,5.43379,,0,CAM,3,,17732,-1
veh3,699722421716,,5.43908,0,CPM_DROP_PHY,7,3,699722421716,7039
veh3,17758,,5.45683,0,CAM_DROP_PHY,9,3,17758,7057
veh3,699722421532,,5.46208,0,CPM_DROP_PHY,12,3,699722421532,6873
veh3,699722421726,,5.46208,0,CPM_DROP_PHY,12,3,699722421726,7052
veh3,699722421747,,5.46858,0,CPM_DROP_PHY,6,3,699722421747,7072
veh3,699722421752,,5.47683,0,CPM_DROP_PHY,9,3,699722421752,7078
veh3,699722421565,,5.48208,0,CPM_DROP_PHY,4,3,699722421565,6914
veh3,699722421758,,5.48258,0,CPM_DROP_PHY,4,3,699722421758,7084
veh3,17799,,5.49733,0,CAM_DROP_PHY,10,3,17799,7114
veh3,17824,,5.49933,0,CAM_DROP_PHY,2,3,17824,7145
veh3,699722421785,,5.50383,0,CPM_DROP_PHY,8,3,699722421785,7126
veh3,699722421972,,5.51933,0,CPM_DROP_PHY,2,3,699722421972,7167
veh3,18005,,5.52258,0,CAM_DROP_PHY,4,3,18005,7184
veh3,699722421694,,5.52308,0,CPM_DROP_PHY,5,3,699722421694,7014
veh3,17987,,5.52483,0,CAM_DROP_PHY,5,3,17987,7162
veh3,18036,5.53379,,0,CAM,3,,18036,-1
veh3,699722421967,,5.53733,0,CPM_DROP_PHY,10,3,699722421967,7166
veh3,699722422022,,5.53908,0,CPM_DROP_PHY,7,3,699722422022,7224
veh3,18031,,5.54383,0,CAM_DROP_PHY,8,3,18031,7210
veh3,699722421995,,5.54483,0,CPM_DROP_PHY,5,3,699722421995,7162
veh3,18073,,5.55683,0,CAM_DROP_PHY,9,3,18073,7250
veh3,18059,,5.55908,0,CAM_DROP_PHY,7,3,18059,7236
veh3,18077,,5.55958,0,CAM_DROP_PHY,6,3,18077,7254
veh3,699722422038,,5.56208,0,CPM_DROP_PHY,12,3,699722422038,7238
veh3,699722422072,,5.57683,0,CPM_DROP_PHY,9,3,699722422072,7284
veh3,699722422068,,5.57958,0,CPM_DROP_PHY,6,3,699722422068,7279
veh3,699722422078,,5.58258,0,CPM_DROP_PHY,4,3,699722422078,7294
veh3,18120,,5.58833,0,CAM_DROP_PHY,10,3,18120,7322
veh3,699722422107,,5.60383,0,CPM_DROP_PHY,8,3,699722422107,7339
veh3,699722422190,,5.61933,0,CPM_DROP_PHY,2,3,699722422190,7376
veh3,699722422209,,5.62483,0,CPM_DROP_PHY,5,3,699722422209,7397
veh3,699722422185,,5.63733,0,CPM_DROP_PHY,10,3,699722422185,7375
veh3,699722422229,,5.63908,0,CPM_DROP_PHY,7,3,699722422229,7420
veh3,18271,,5.65683,0,CAM_DROP_PHY,9,3,18271,7438
veh3,699722422239,,5.66208,0,CPM_DROP_PHY,12,3,699722422239,7433
veh3,699722422266,,5.67683,0,CPM_DROP_PHY,9,3,699722422266,7459
veh3,699722422262,,5.67958,0,CPM_DROP_PHY,6,3,699722422262,7454
veh3,699722422271,,5.68258,0,CPM_DROP_PHY,4,3,699722422271,7466
veh3,18332,,5.69933,0,CAM_DROP_PHY,2,3,18332,7514
veh3,699722422294,,5.70383,0,CPM_DROP_PHY,8,3,699722422294,7497
veh3,699722422379,,5.71608,0,CPM_DROP_PHY,2,3,699722422379,7533
veh3,699722422399,,5.72483,0,CPM_DROP_PHY,5,3,699722422399,7558
veh3,699722422374,,5.72833,0,CPM_DROP_PHY,10,3,699722422374,7532
veh3,18438,5.73379,,0,CAM,3,,18438,-1
veh3,18464,,5.75683,0,CAM_DROP_PHY,9,3,18464,7595
veh3,699722422432,,5.76208,0,CPM_DROP_PHY,12,3,699722422432,7591
veh3,699722422458,,5.77683,0,CPM_DROP_PHY,9,3,699722422458,7617
veh3,699722422454,,5.77958,0,CPM_DROP_PHY,6,3,699722422454,7612
veh3,699722422464,,5.78258,0,CPM_DROP_PHY,4,3,699722422464,7627
veh3,699722422494,,5.80383,0,CPM_DROP_PHY,8,3,699722422494,7669
veh3,699722422577,,5.81608,0,CPM_DROP_PHY,2,3,699722422577,7704
veh3,699722422303,,5.82083,0,CPM_DROP_PHY,11,3,699722422303,7511
veh3,18336,,5.82083,0,CAM_DROP_PHY,11,3,18336,7511
veh3,699722422504,,5.82083,0,CPM_DROP_PHY,11,3,699722422504,7687
veh3,18609,,5.82258,0,CAM_DROP_PHY,4,3,18609,7720
veh3,18592,,5.82483,0,CAM_DROP_PHY,5,3,18592,7701
veh3,18631,,5.84208,0,CAM_DROP_PHY,12,3,18631,7744
veh3,699722422600,,5.84483,0,CPM_DROP_PHY,5,3,699722422600,7701
veh3,18672,,5.85958,0,CAM_DROP_PHY,6,3,18672,7780
veh3,18668,,5.86183,0,CAM_DROP_PHY,9,3,18668,7778
veh3,699722422635,,5.86208,0,CPM_DROP_PHY,12,3,699722422635,7770
veh3,699722422661,,5.87958,0,CPM_DROP_PHY,6,3,699722422661,7803
veh3,699722422666,,5.88183,0,CPM_DROP_PHY,9,3,699722422666,7811
veh3,699722422672,,5.88258,0,CPM_DROP_PHY,4,3,699722422672,7822
veh3,699722422697,,5.90383,0,CPM_DROP_PHY,8,3,699722422697,7863
veh3,18736,,5.91608,0,CAM_DROP_PHY,2,3,18736,7882
veh3,699722422783,,5.91608,0,CPM_DROP_PHY,2,3,699722422783,7882
veh3,699722422707,,5.92083,0,CPM_DROP_PHY,11,3,699722422707,7879
veh3,699722422802,,5.92483,0,CPM_DROP_PHY,5,3,699722422802,7917
veh3,699722422572,,5.92533,0,CPM_DROP_PHY,10,3,699722422572,7703
veh3,699722422777,,5.92533,0,CPM_DROP_PHY,10,3,699722422777,7895
veh3,18863,,5.96183,0,CAM_DROP_PHY,9,3,18863,7956
veh3,699722422830,,5.96208,0,CPM_DROP_PHY,12,3,699722422830,7949
veh3,699722422822,,5.97333,0,CPM_DROP_PHY,7,3,699722422822,7942
veh3,699722422852,,5.97958,0,CPM_DROP_PHY,6,3,699722422852,7969
veh3,699722422856,,5.98183,0,CPM_DROP_PHY,9,3,699722422856,7976
veh3,699722422861,,5.98258,0,CPM_DROP_PHY,4,3,699722422861,7984
veh3,19001,,5.98883,0,CAM_DROP_PHY,10,3,19001,8000
veh3,699722422988,,6.00383,0,CPM_DROP_PHY,8,3,699722422988,8019
veh3,699722423068,,6.01608,0,CPM_DROP_PHY,2,3,699722423068,8055
veh3,699722422999,,6.02083,0,CPM_DROP_PHY,11,3,699722422999,8038
veh3,699722423086,,6.02483,0,CPM_DROP_PHY,5,3,699722423086,8076
veh3,699722423062,,6.02533,0,CPM_DROP_PHY,10,3,699722423062,8054
veh3,19125,6.03379,,0,CAM,3,,19125,-1
veh3,699722423109,,6.05333,0,CPM_DROP_PHY,7,3,699722423109,8102
veh3,19158,,6.05958,0,CAM_DROP_PHY,6,3,19158,8119
veh3,19154,,6.06183,0,CAM_DROP_PHY,9,3,19154,8116
veh3,699722423118,,6.06208,0,CPM_DROP_PHY,12,3,699722423118,8110
veh3,699722423147,,6.07958,0,CPM_DROP_PHY,6,3,699722423147,8134
veh3,699722423151,,6.08183,0,CPM_DROP_PHY,9,3,699722423151,8141
veh3,699722423156,,6.08258,0,CPM_DROP_PHY,4,3,699722423156,8149
veh3,699722423182,,6.10383,0,CPM_DROP_PHY,8,3,699722423182,8191
veh3,19222,,6.11608,0,CAM_DROP_PHY,2,3,19222,8209
veh3,699722423268,,6.11608,0,CPM_DROP_PHY,2,3,699722423268,8209
veh3,19282,,6.11958,0,CAM_DROP_PHY,5,3,19282,8221
veh3,699722423193,,6.12083,0,CPM_DROP_PHY,11,3,699722423193,8206
veh3,19301,,6.12133,0,CAM_DROP_PHY,4,3,19301,8242
veh3,699722423262,,6.12883,0,CPM_DROP_PHY,10,3,699722423262,8223
veh3,699722423291,,6.13958,0,CPM_DROP_PHY,5,3,699722423291,8251
veh3,19328,,6.14383,0,CAM_DROP_PHY,8,3,19328,8275
veh3,699722423314,,6.15333,0,CPM_DROP_PHY,7,3,699722423314,8279
veh3,19364,,6.15958,0,CAM_DROP_PHY,6,3,19364,8307
veh3,19360,,6.16183,0,CAM_DROP_PHY,9,3,19360,8304
veh3,699722423326,,6.16208,0,CPM_DROP_PHY,12,3,699722423326,8290
veh3,19346,,6.17333,0,CAM_DROP_PHY,7,3,19346,8279
veh3,699722423353,,6.17958,0,CPM_DROP_PHY,6,3,699722423353,8327
veh3,699722423363,,6.18133,0,CPM_DROP_PHY,4,3,699722423363,8341
veh3,699722423357,,6.18183,0,CPM_DROP_PHY,9,3,699722423357,8334
veh3,699722423390,,6.20383,0,CPM_DROP_PHY,8,3,699722423390,8383
veh3,699722423474,,6.21608,0,CPM_DROP_PHY,2,3,699722423474,8415
veh3,699722423400,,6.22083,0,CPM_DROP_PHY,11,3,699722423400,8398
veh3,19429,,6.22083,0,CAM_DROP_PHY,11,3,19429,8398
veh3,19506,,6.22133,0,CAM_DROP_PHY,4,3,19506,8431
veh3,699722423468,,6.22533,0,CPM_DROP_PHY,10,3,699722423468,8414
veh3,699722423496,,6.23958,0,CPM_DROP_PHY,5,3,699722423496,8440
veh3,699722423515,,6.25333,0,CPM_DROP_PHY,7,3,699722423515,8462
veh3,19562,,6.25958,0,CAM_DROP_PHY,6,3,19562,8485
veh3,699722423524,,6.26083,0,CPM_DROP_PHY,12,3,699722423524,8472
veh3,19557,,6.26183,0,CAM_DROP_PHY,9,3,19557,8482
veh3,699722423551,,6.27958,0,CPM_DROP_PHY,6,3,699722423551,8506
veh3,699722423561,,6.28133,0,CPM_DROP_PHY,4,3,699722423561,8518
veh3,699722423555,,6.28183,0,CPM_DROP_PHY,9,3,699722423555,8511
veh3,19600,,6.28533,0,CAM_DROP_PHY,10,3,19600,8535
veh3,19625,,6.29908,0,CAM_DROP_PHY,2,3,19625,8575
veh3,699722423670,,6.31908,0,CPM_DROP_PHY,2,3,699722423670,8594
veh3,699722423597,,6.32083,0,CPM_DROP_PHY,11,3,699722423597,8572
veh3,19629,,6.32083,0,CAM_DROP_PHY,11,3,19629,8572
veh3,19701,,6.32133,0,CAM_DROP_PHY,4,3,19701,8606
veh3,699722423664,,6.32883,0,CPM_DROP_PHY,10,3,699722423664,8593
veh3,19730,6.33379,,0,CAM,3,,19730,-1
veh3,699722423692,,6.33958,0,CPM_DROP_PHY,5,3,699722423692,8616
veh3,699722423713,,6.35333,0,CPM_DROP_PHY,7,3,699722423713,8639
veh3,19760,,6.35958,0,CAM_DROP_PHY,6,3,19760,8662
veh3,699722423722,,6.36083,0,CPM_DROP_PHY,12,3,699722423722,8649
veh3,19755,,6.36183,0,CAM_DROP_PHY,9,3,19755,8659
veh3,699722423750,,6.37958,0,CPM_DROP_PHY,6,3,699722423750,8683
veh3,699722423759,,6.38133,0,CPM_DROP_PHY,4,3,699722423759,8695
veh3,699722423754,,6.38183,0,CPM_DROP_PHY,9,3,699722423754,8688
veh3,699722423790,,6.41908,0,CPM_DROP_PHY,11,3,699722423790,8742
veh3,19820,,6.41908,0,CAM_DROP_PHY,11,3,19820,8742
veh3,699722423864,,6.41908,0,CPM_DROP_PHY,2,3,699722423864,8759
veh3,19878,,6.41958,0,CAM_DROP_PHY,5,3,19878,8754
veh3,19896,,6.42133,0,CAM_DROP_PHY,4,3,19896,8772
veh3,699722423858,,6.42533,0,CPM_DROP_PHY,10,3,699722423858,8755
veh3,699722423986,,6.43958,0,CPM_DROP_PHY,5,3,699722423986,8780
veh3,20017,,6.44083,0,CAM_DROP_PHY,12,3,20017,8798
veh3,699722424008,,6.45333,0,CPM_DROP_PHY,7,3,699722424008,8808
veh3,20060,,6.45958,0,CAM_DROP_PHY,6,3,20060,8839
veh3,699722424021,,6.46083,0,CPM_DROP_PHY,12,3,699722424021,8823
veh3,20056,,6.46183,0,CAM_DROP_PHY,9,3,20056,8837
veh3,20042,,6.47333,0,CAM_DROP_PHY,7,3,20042,8808
veh3,699722424050,,6.47958,0,CPM_DROP_PHY,6,3,699722424050,8860
veh3,699722424059,,6.48133,0,CPM_DROP_PHY,4,3,699722424059,8872
veh3,699722424053,,6.48183,0,CPM_DROP_PHY,9,3,699722424053,8865
veh3,20120,,6.49908,0,CAM_DROP_PHY,2,3,20120,8928
veh3,699722424092,,6.51908,0,CPM_DROP_PHY,11,3,699722424092,8926
veh3,20124,,6.51908,0,CAM_DROP_PHY,11,3,20124,8926
veh3,699722424167,,6.51908,0,CPM_DROP_PHY,2,3,699722424167,8950
veh3,20199,,6.52133,0,CAM_DROP_PHY,4,3,20199,8960
veh3,699722424160,,6.53308,0,CPM_DROP_PHY,10,3,699722424160,8946
veh3,699722424188,,6.53958,0,CPM_DROP_PHY,5,3,699722424188,8970
veh3,699722424207,,6.55333,0,CPM_DROP_PHY,7,3,699722424207,8991
veh3,699722424216,,6.56083,0,CPM_DROP_PHY,12,3,699722424216,9002
veh3,20253,,6.56183,0,CAM_DROP_PHY,9,3,20253,9012
veh3,699722424252,,6.58133,0,CPM_DROP_PHY,4,3,699722424252,9042
veh3,699722424243,,6.58158,0,CPM_DROP_PHY,6,3,699722424243,9032
veh3,699722424247,,6.58183,0,CPM_DROP_PHY,9,3,699722424247,9037
veh3,699722424283,,6.61908,0,CPM_DROP_PHY,11,3,699722424283,9086
veh3,20312,,6.61908,0,CAM_DROP_PHY,11,3,20312,9086
veh3,699722424352,,6.61908,0,CPM_DROP_PHY,2,3,699722424352,9102
veh3,20383,,6.62133,0,CAM_DROP_PHY,4,3,20383,9112
veh3,699722424345,,6.62333,0,CPM_DROP_PHY,10,3,699722424345,9098
veh3,20410,6.63379,,0,CAM,3,,20410,-1
veh3,699722424372,,6.63958,0,CPM_DROP_PHY,5,3,699722424372,9122
veh3,699722424393,,6.65333,0,CPM_DROP_PHY,7,3,699722424393,9144
veh3,699722424402,,6.66083,0,CPM_DROP_PHY,12,3,699722424402,9155
veh3,20440,,6.66158,0,CAM_DROP_PHY,6,3,20440,9167
veh3,20435,,6.66183,0,CAM_DROP_PHY,9,3,20435,9165
veh3,699722424438,,6.68133,0,CPM_DROP_PHY,4,3,699722424438,9200
veh3,699722424428,,6.68158,0,CPM_DROP_PHY,6,3,699722424428,9188
veh3,699722424433,,6.68183,0,CPM_DROP_PHY,9,3,699722424433,9194
veh3,20498,,6.69908,0,CAM_DROP_PHY,2,3,20498,9250
veh3,699722424461,,6.70058,0,CPM_DROP_PHY,8,3,699722424461,9234
veh3,699722424470,,6.71908,0,CPM_DROP_PHY,11,3,699722424470,9248
veh3,20501,,6.71908,0,CAM_DROP_PHY,11,3,20501,9248
veh3,699722424546,,6.71908,0,CPM_DROP_PHY,2,3,699722424546,9276
veh3,20560,,6.71958,0,CAM_DROP_PHY,5,3,20560,9271
veh3,20578,,6.72133,0,CAM_DROP_PHY,4,3,20578,9292
veh3,699722424540,,6.72333,0,CPM_DROP_PHY,10,3,699722424540,9272
veh3,699722424567,,6.73958,0,CPM_DROP_PHY,5,3,699722424567,9302
veh3,699722424585,,6.75333,0,CPM_DROP_PHY,7,3,699722424585,9328
veh3,699722424597,,6.76083,0,CPM_DROP_PHY,12,3,699722424597,9340
veh3,20630,,6.76183,0,CAM_DROP_PHY,9,3,20630,9350
veh3,20617,,6.77333,0,CAM_DROP_PHY,7,3,20617,9328
veh3,699722424628,,6.78133,0,CPM_DROP_PHY,4,3,699722424628,9380
veh3,699722424619,,6.78158,0,CPM_DROP_PHY,6,3,699722424619,9370
veh3,699722424623,,6.78183,0,CPM_DROP_PHY,9,3,699722424623,9375
veh3,699722424663,,6.81908,0,CPM_DROP_PHY,11,3,699722424663,9438
veh3,20692,,6.81908,0,CAM_DROP_PHY,11,3,20692,9438
veh3,699722424730,,6.81908,0,CPM_DROP_PHY,2,3,699722424730,9455
veh3,699722424747,,6.83958,0,CPM_DROP_PHY,5,3,699722424747,9472
veh3,20782,,6.84058,0,CAM_DROP_PHY,8,3,20782,9484
veh3,699722424768,,6.85333,0,CPM_DROP_PHY,7,3,699722424768,9489
veh3,20813,,6.85383,0,CAM_DROP_PHY,9,3,20813,9513
veh3,699722424779,,6.86083,0,CPM_DROP_PHY,12,3,699722424779,9503
veh3,699722424809,,6.87383,0,CPM_DROP_PHY,9,3,699722424809,9544
veh3,699722424816,,6.88133,0,CPM_DROP_PHY,4,3,699722424816,9551
veh3,699722424806,,6.88158,0,CPM_DROP_PHY,6,3,699722424806,9540
veh3,20876,,6.89908,0,CAM_DROP_PHY,2,3,20876,9594
veh3,699722424848,,6.91908,0,CPM_DROP_PHY,11,3,699722424848,9591
veh3,20881,,6.91908,0,CAM_DROP_PHY,11,3,20881,9591
veh3,699722425024,,6.91908,0,CPM_DROP_PHY,2,3,699722425024,9615
veh3,21056,,6.92133,0,CAM_DROP_PHY,4,3,21056,9626
veh3,21084,6.93379,,0,CAM,3,,21084,-1
veh3,699722425046,,6.93958,0,CPM_DROP_PHY,5,3,699722425046,9635
veh3,21112,,6.95383,0,CAM_DROP_PHY,9,3,21112,9678
veh3,699722425068,,6.95583,0,CPM_DROP_PHY,7,3,699722425068,9658
veh3,699722425078,,6.96083,0,CPM_DROP_PHY,12,3,699722425078,9668
veh3,21116,,6.96158,0,CAM_DROP_PHY,6,3,21116,9680
veh3,699722425110,,6.97383,0,CPM_DROP_PHY,9,3,699722425110,9708
veh3,699722425116,,6.98133,0,CPM_DROP_PHY,4,3,699722425116,9715
veh3,699722425107,,6.98158,0,CPM_DROP_PHY,6,3,699722425107,9703
veh3,699722425150,,7.01908,0,CPM_DROP_PHY,11,3,699722425150,9759
veh3,21181,,7.01908,0,CAM_DROP_PHY,11,3,21181,9759
veh3,699722425228,,7.01908,0,CPM_DROP_PHY,2,3,699722425228,9777
veh3,21240,,7.01958,0,CAM_DROP_PHY,5,3,21240,9772
veh3,699722425018,,7.02333,0,CPM_DROP_PHY,10,3,699722425018,9611
veh3,699722425220,,7.02333,0,CPM_DROP_PHY,10,3,699722425220,9773
veh3,699722425247,,7.03958,0,CPM_DROP_PHY,5,3,699722425247,9796
veh3,21280,,7.04083,0,CAM_DROP_PHY,12,3,21280,9811
veh3,21320,,7.05383,0,CAM_DROP_PHY,9,3,21320,9849
veh3,699722425270,,7.05583,0,CPM_DROP_PHY,7,3,699722425270,9819
veh3,699722425285,,7.06083,0,CPM_DROP_PHY,12,3,699722425285,9834
veh3,699722425317,,7.07383,0,CPM_DROP_PHY,9,3,699722425317,9874
veh3,21305,,7.07583,0,CAM_DROP_PHY,7,3,21305,9819
veh3,699722425322,,7.08133,0,CPM_DROP_PHY,4,3,699722425322,9879
veh3,699722425313,,7.08158,0,CPM_DROP_PHY,6,3,699722425313,9870
veh3,21385,,7.09908,0,CAM_DROP_PHY,2,3,21385,9931
veh3,699722425356,,7.11908,0,CPM_DROP_PHY,11,3,699722425356,9927
veh3,699722425428,,7.11908,0,CPM_DROP_PHY,2,3,699722425428,9951
veh3,699722425420,,7.13308,0,CPM_DROP_PHY,10,3,699722425420,9947
veh3,699722425447,,7.13958,0,CPM_DROP_PHY,5,3,699722425447,9968
veh3,699722425479,,7.15158,0,CPM_DROP_PHY,12,3,699722425479,9996
veh3,21513,,7.15383,0,CAM_DROP_PHY,9,3,21513,10008
veh3,699722425465,,7.15583,0,CPM_DROP_PHY,7,3,699722425465,9986
veh3,699722425509,,7.17383,0,CPM_DROP_PHY,9,3,699722425509,10035
veh3,21498,,7.17583,0,CAM_DROP_PHY,7,3,21498,9986
veh3,699722425505,,7.18058,0,CPM_DROP_PHY,6,3,699722425505,10032
veh3,699722425514,,7.18133,0,CPM_DROP_PHY,4,3,699722425514,10040
veh3,699722425539,,7.20058,0,CPM_DROP_PHY,8,3,699722425539,10074
veh3,699722425625,,7.21283,0,CPM_DROP_PHY,2,3,699722425625,10107
veh3,699722425550,,7.21908,0,CPM_DROP_PHY,11,3,699722425550,10088
veh3,21580,,7.21908,0,CAM_DROP_PHY,11,3,21580,10088
veh3,21659,,7.22008,0,CAM_DROP_PHY,4,3,21659,10125
veh3,699722425618,,7.22333,0,CPM_DROP_PHY,10,3,699722425618,10103
veh3,21687,7.23379,,0,CAM,3,,21687,-1
veh3,699722425649,,7.23958,0,CPM_DROP_PHY,5,3,699722425649,10131
veh3,699722425684,,7.25158,0,CPM_DROP_PHY,12,3,699722425684,10165
veh3,21718,,7.25383,0,CAM_DROP_PHY,9,3,21718,10177
veh3,699722425671,,7.25583,0,CPM_DROP_PHY,7,3,699722425671,10156
veh3,21704,,7.25583,0,CAM_DROP_PHY,7,3,21704,10156
veh3,21723,,7.26058,0,CAM_DROP_PHY,6,3,21723,10181
veh3,699722425717,,7.27383,0,CPM_DROP_PHY,9,3,699722425717,10207
veh3,699722425723,,7.28008,0,CPM_DROP_PHY,4,3,699722425723,10213
veh3,699722425714,,7.28058,0,CPM_DROP_PHY,6,3,699722425714,10204
veh3,21764,,7.28333,0,CAM_DROP_PHY,10,3,21764,10232
veh3,21789,,7.31283,0,CAM_DROP_PHY,2,3,21789,10269
veh3,699722425836,,7.31283,0,CPM_DROP_PHY,2,3,699722425836,10269
veh3,699722425761,,7.31908,0,CPM_DROP_PHY,11,3,699722425761,10265
veh3,21848,,7.31958,0,CAM_DROP_PHY,5,3,21848,10277
veh3,699722425829,,7.32333,0,CPM_DROP_PHY,10,3,699722425829,10278
veh3,21891,,7.33758,0,CAM_DROP_PHY,8,3,21891,10317
veh3,699722425855,,7.33958,0,CPM_DROP_PHY,5,3,699722425855,10301
veh3,699722425891,,7.35158,0,CPM_DROP_PHY,12,3,699722425891,10337
veh3,21925,,7.35383,0,CAM_DROP_PHY,9,3,21925,10351
veh3,699722425876,,7.35583,0,CPM_DROP_PHY,7,3,699722425876,10326
veh3,21910,,7.35583,0,CAM_DROP_PHY,7,3,21910,10326
veh3,699722426023,,7.37383,0,CPM_DROP_PHY,9,3,699722426023,10381
veh3,699722426029,,7.38008,0,CPM_DROP_PHY,4,3,699722426029,10386
veh3,699722426020,,7.38058,0,CPM_DROP_PHY,6,3,699722426020,10378
veh3,699722426136,,7.41283,0,CPM_DROP_PHY,2,3,699722426136,10443
veh3,699722426061,,7.41908,0,CPM_DROP_PHY,11,3,699722426061,10427
veh3,22091,,7.41908,0,CAM_DROP_PHY,11,3,22091,10427
veh3,22148,,7.41958,0,CAM_DROP_PHY,5,3,22148,10438
veh3,699722426129,,7.42333,0,CPM_DROP_PHY,10,3,699722426129,10439
veh3,699722426155,,7.44033,0,CPM_DROP_PHY,5,3,699722426155,10462
veh3,699722426187,,7.45158,0,CPM_DROP_PHY,12,3,699722426187,10497
veh3,22221,,7.45383,0,CAM_DROP_PHY,9,3,22221,10507
veh3,699722426174,,7.45583,0,CPM_DROP_PHY,7,3,699722426174,10486
veh3,22207,,7.45583,0,CAM_DROP_PHY,7,3,22207,10486
veh3,699722426218,,7.47383,0,CPM_DROP_PHY,9,3,699722426218,10534
veh3,699722426224,,7.48008,0,CPM_DROP_PHY,4,3,699722426224,10539
veh3,699722426214,,7.48058,0,CPM_DROP_PHY,6,3,699722426214,10531
veh3,22285,,7.51283,0,CAM_DROP_PHY,2,3,22285,10584
veh3,699722426328,,7.51283,0,CPM_DROP_PHY,2,3,699722426328,10584
veh3,699722426256,,7.51908,0,CPM_DROP_PHY,11,3,699722426256,10580
veh3,22360,,7.52008,0,CAM_DROP_PHY,4,3,22360,10610
veh3,22340,,7.52033,0,CAM_DROP_PHY,5,3,22340,10591
veh3,699722426321,,7.52333,0,CPM_DROP_PHY,10,3,699722426321,10592
veh3,22389,7.53379,,0,CAM,3,,22389,-1
veh3,699722426350,,7.54033,0,CPM_DROP_PHY,5,3,699722426350,10620
veh3,699722426382,,7.55158,0,CPM_DROP_PHY,12,3,699722426382,10658
veh3,22417,,7.55383,0,CAM_DROP_PHY,9,3,22417,10668
veh3,699722426372,,7.55583,0,CPM_DROP_PHY,7,3,699722426372,10648
veh3,22422,,7.56058,0,CAM_DROP_PHY,6,3,22422,10672
veh3,699722426419,,7.57383,0,CPM_DROP_PHY,9,3,699722426419,10698
veh3,699722426424,,7.58008,0,CPM_DROP_PHY,4,3,699722426424,10704
veh3,699722426416,,7.58058,0,CPM_DROP_PHY,6,3,699722426416,10695
veh3,699722426458,,7.61233,0,CPM_DROP_PHY,11,3,699722426458,10749
veh3,699722426526,,7.61283,0,CPM_DROP_PHY,2,3,699722426526,10761
veh3,22540,,7.62033,0,CAM_DROP_PHY,5,3,22540,10759
veh3,22578,,7.63158,0,CAM_DROP_PHY,12,3,22578,10798
veh3,699722426520,,7.63308,0,CPM_DROP_PHY,10,3,699722426520,10760
veh3,699722426547,,7.64033,0,CPM_DROP_PHY,5,3,699722426547,10786
veh3,699722426584,,7.65158,0,CPM_DROP_PHY,12,3,699722426584,10825
veh3,22618,,7.65383,0,CAM_DROP_PHY,9,3,22618,10835
veh3,699722426570,,7.65583,0,CPM_DROP_PHY,7,3,699722426570,10810
veh3,22605,,7.65583,0,CAM_DROP_PHY,7,3,22605,10810
veh3,699722426613,,7.67383,0,CPM_DROP_PHY,9,3,699722426613,10863
veh3,699722426619,,7.68008,0,CPM_DROP_PHY,4,3,699722426619,10868
veh3,699722426610,,7.68058,0,CPM_DROP_PHY,6,3,699722426610,10860
veh3,699722426642,,7.69758,0,CPM_DROP_PHY,8,3,699722426642,10897
veh3,699722426652,,7.71233,0,CPM_DROP_PHY,11,3,699722426652,10910
veh3,22680,,7.71283,0,CAM_DROP_PHY,2,3,22680,10914
veh3,699722426723,,7.71283,0,CPM_DROP_PHY,2,3,699722426723,10914
veh3,699722426717,,7.72333,0,CPM_DROP_PHY,10,3,699722426717,10924
veh3,699722426743,,7.74033,0,CPM_DROP_PHY,5,3,699722426743,10950
veh3,699722426771,,7.75158,0,CPM_DROP_PHY,12,3,699722426771,10978
veh3,22806,,7.75383,0,CAM_DROP_PHY,9,3,22806,10987
veh3,699722426761,,7.75583,0,CPM_DROP_PHY,7,3,699722426761,10968
veh3,699722426801,,7.77383,0,CPM_DROP_PHY,9,3,699722426801,11015
veh3,699722426806,,7.78008,0,CPM_DROP_PHY,4,3,699722426806,11020
veh3,699722426797,,7.78058,0,CPM_DROP_PHY,6,3,699722426797,11012
veh3,699722426838,,7.81233,0,CPM_DROP_PHY,11,3,699722426838,11061
veh3,699722426907,,7.81283,0,CPM_DROP_PHY,2,3,699722426907,11073
veh3,22939,,7.82008,0,CAM_DROP_PHY,4,3,22939,11088
veh3,22921,,7.82033,0,CAM_DROP_PHY,5,3,22921,11071
veh3,699722426901,,7.82333,0,CPM_DROP_PHY,10,3,699722426901,11072
veh3,23074,7.83379,,0,CAM,3,,23074,-1
veh3,23069,,7.83758,0,CAM_DROP_PHY,8,3,23069,11118
veh3,699722427032,,7.84033,0,CPM_DROP_PHY,5,3,699722427032,11101
veh3,699722427071,,7.85158,0,CPM_DROP_PHY,12,3,699722427071,11142
veh3,23106,,7.85383,0,CAM_DROP_PHY,9,3,23106,11153
veh3,699722427057,,7.85583,0,CPM_DROP_PHY,7,3,699722427057,11129
veh3,23091,,7.85583,0,CAM_DROP_PHY,7,3,23091,11129
veh3,23112,,7.86058,0,CAM_DROP_PHY,6,3,23112,11160
veh3,699722427106,,7.87383,0,CPM_DROP_PHY,9,3,699722427106,11187
veh3,699722427111,,7.88008,0,CPM_DROP_PHY,4,3,699722427111,11193
veh3,699722427102,,7.88058,0,CPM_DROP_PHY,6,3,699722427102,11184
veh3,23152,,7.89308,0,CAM_DROP_PHY,10,3,23152,11212
veh3,699722427148,,7.91233,0,CPM_DROP_PHY,11,3,699722427148,11245
veh3,23182,,7.91233,0,CAM_DROP_PHY,11,3,23182,11245
veh3,23176,,7.91283,0,CAM_DROP_PHY,2,3,23176,11249
veh3,699722427220,,7.91283,0,CPM_DROP_PHY,2,3,699722427220,11249
veh3,699722427214,,7.93308,0,CPM_DROP_PHY,10,3,699722427214,11258
veh3,699722427238,,7.94033,0,CPM_DROP_PHY,5,3,699722427238,11280
veh3,699722427266,,7.95158,0,CPM_DROP_PHY,12,3,699722427266,11308
veh3,23300,,7.95383,0,CAM_DROP_PHY,9,3,23300,11317
veh3,699722427256,,7.95583,0,CPM_DROP_PHY,7,3,699722427256,11298
veh3,699722427295,,7.97383,0,CPM_DROP_PHY,9,3,699722427295,11345
veh3,699722427291,,7.97783,0,CPM_DROP_PHY,6,3,699722427291,11342
veh3,699722427300,,7.98008,0,CPM_DROP_PHY,4,3,699722427300,11350
veh3,699722427331,,8.01233,0,CPM_DROP_PHY,11,3,699722427331,11391
veh3,699722427401,,8.01283,0,CPM_DROP_PHY,2,3,699722427401,11404
veh3,23414,,8.02033,0,CAM_DROP_PHY,5,3,23414,11401
veh3,699722427395,,8.02358,0,CPM_DROP_PHY,10,3,699722427395,11402
veh3,699722427420,,8.04033,0,CPM_DROP_PHY,5,3,699722427420,11428
veh3,699722427448,,8.05058,0,CPM_DROP_PHY,12,3,699722427448,11459
veh3,23483,,8.05383,0,CAM_DROP_PHY,9,3,23483,11471
veh3,699722427438,,8.05583,0,CPM_DROP_PHY,7,3,699722427438,11450
veh3,699722427480,,8.07383,0,CPM_DROP_PHY,9,3,699722427480,11496
veh3,699722427477,,8.07783,0,CPM_DROP_PHY,6,3,699722427477,11493
veh3,699722427486,,8.08008,0,CPM_DROP_PHY,4,3,699722427486,11501
veh3,699722427518,,8.11233,0,CPM_DROP_PHY,11,3,699722427518,11542
veh3,23547,,8.11283,0,CAM_DROP_PHY,2,3,23547,11546
veh3,699722427592,,8.11283,0,CPM_DROP_PHY,2,3,699722427592,11546
veh3,23625,,8.12008,0,CAM_DROP_PHY,4,3,23625,11570
veh3,699722427585,,8.13333,0,CPM_DROP_PHY,10,3,699722427585,11553
veh3,23653,8.13379,,0,CAM,3,,23653,-1
veh3,699722427614,,8.14058,0,CPM_DROP_PHY,5,3,699722427614,11578
veh3,699722427649,,8.15058,0,CPM_DROP_PHY,12,3,699722427649,11612
veh3,699722427636,,8.15133,0,CPM_DROP_PHY,7,3,699722427636,11603
veh3,23670,,8.15133,0,CAM_DROP_PHY,7,3,23670,11603
veh3,23685,,8.15333,0,CAM_DROP_PHY,9,3,23685,11623
veh3,23691,,8.15783,0,CAM_DROP_PHY,6,3,23691,11629
veh3,699722427684,,8.17333,0,CPM_DROP_PHY,9,3,699722427684,11654
veh3,699722427681,,8.17783,0,CPM_DROP_PHY,6,3,699722427681,11653
veh3,699722427689,,8.18008,0,CPM_DROP_PHY,4,3,699722427689,11659
veh3,699722427715,,8.19758,0,CPM_DROP_PHY,8,3,699722427715,11693
veh3,699722427725,,8.21233,0,CPM_DROP_PHY,11,3,699722427725,11707
veh3,699722427788,,8.22358,0,CPM_DROP_PHY,10,3,699722427788,11718
veh3,699722427794,,8.22983,0,CPM_DROP_PHY,2,3,699722427794,11722
veh3,23841,,8.23058,0,CAM_DROP_PHY,12,3,23841,11746
veh3,699722427811,,8.24058,0,CPM_DROP_PHY,5,3,699722427811,11741
veh3,699722427846,,8.25058,0,CPM_DROP_PHY,12,3,699722427846,11780
veh3,699722427834,,8.25133,0,CPM_DROP_PHY,7,3,699722427834,11765
veh3,23880,,8.25333,0,CAM_DROP_PHY,9,3,23880,11791
veh3,699722427875,,8.27333,0,CPM_DROP_PHY,9,3,699722427875,11818
veh3,699722427872,,8.27783,0,CPM_DROP_PHY,6,3,699722427872,11816
veh3,699722427881,,8.28008,0,CPM_DROP_PHY,4,3,699722427881,11823
veh3,23947,,8.30983,0,CAM_DROP_PHY,2,3,23947,11876
veh3,699722427918,,8.31583,0,CPM_DROP_PHY,11,3,699722427918,11872
veh3,24103,,8.32058,0,CAM_DROP_PHY,5,3,24103,11885
veh3,699722428090,,8.32983,0,CPM_DROP_PHY,2,3,699722428090,11894
veh3,699722428107,,8.34058,0,CPM_DROP_PHY,5,3,699722428107,11911
veh3,699722428138,,8.35058,0,CPM_DROP_PHY,12,3,699722428138,11948
veh3,699722428126,,8.35133,0,CPM_DROP_PHY,7,3,699722428126,11936
veh3,24172,,8.35333,0,CAM_DROP_PHY,9,3,24172,11959
veh3,24177,,8.35783,0,CAM_DROP_PHY,6,3,24177,11964
veh3,699722428170,,8.37333,0,CPM_DROP_PHY,9,3,699722428170,11989
veh3,699722428176,,8.37458,0,CPM_DROP_PHY,4,3,699722428176,11994
veh3,699722428167,,8.37783,0,CPM_DROP_PHY,6,3,699722428167,11987
veh3,699722428209,,8.41583,0,CPM_DROP_PHY,11,3,699722428209,12040
veh3,699722428083,,8.42358,0,CPM_DROP_PHY,10,3,699722428083,11888
veh3,699722428272,,8.42358,0,CPM_DROP_PHY,10,3,699722428272,12053
veh3,699722428278,,8.42983,0,CPM_DROP_PHY,2,3,699722428278,12056
veh3,24327,,8.43058,0,CAM_DROP_PHY,12,3,24327,12074
veh3,24342,8.43379,,0,CAM,3,,24342,-1
veh3,24309,,8.43458,0,CAM_DROP_PHY,4,3,24309,12065
veh3,24337,,8.43733,0,CAM_DROP_PHY,8,3,24337,12084
veh3,699722428298,,8.44058,0,CPM_DROP_PHY,5,3,699722428298,12068
veh3,699722428343,,8.45058,0,CPM_DROP_PHY,12,3,699722428343,12118
veh3,699722428328,,8.45133,0,CPM_DROP_PHY,7,3,699722428328,12098
veh3,24363,,8.45133,0,CAM_DROP_PHY,7,3,24363,12098
veh3,24378,,8.45333,0,CAM_DROP_PHY,9,3,24378,12133
veh3,24383,,8.45783,0,CAM_DROP_PHY,6,3,24383,12140
veh3,699722428377,,8.47333,0,CPM_DROP_PHY,9,3,699722428377,12166
veh3,699722428382,,8.47458,0,CPM_DROP_PHY,4,3,699722428382,12171
veh3,699722428374,,8.47783,0,CPM_DROP_PHY,6,3,699722428374,12164
veh3,24448,,8.50983,0,CAM_DROP_PHY,2,3,24448,12228
veh3,699722428419,,8.51583,0,CPM_DROP_PHY,11,3,699722428419,12224
veh3,24453,,8.51583,0,CAM_DROP_PHY,11,3,24453,12224
veh3,699722428493,,8.52983,0,CPM_DROP_PHY,2,3,699722428493,12246
veh3,24541,,8.53058,0,CAM_DROP_PHY,12,3,24541,12267
veh3,699722428511,,8.54058,0,CPM_DROP_PHY,5,3,699722428511,12260
veh3,699722428546,,8.55058,0,CPM_DROP_PHY,12,3,699722428546,12300
veh3,699722428534,,8.55133,0,CPM_DROP_PHY,7,3,699722428534,12286
veh3,24580,,8.55333,0,CAM_DROP_PHY,9,3,24580,12312
veh3,24586,,8.55783,0,CAM_DROP_PHY,6,3,24586,12317
veh3,699722428582,,8.57333,0,CPM_DROP_PHY,9,3,699722428582,12342
veh3,699722428587,,8.57458,0,CPM_DROP_PHY,4,3,699722428587,12347
veh3,699722428579,,8.57783,0,CPM_DROP_PHY,6,3,699722428579,12340
veh3,699722428621,,8.61583,0,CPM_DROP_PHY,11,3,699722428621,12393
veh3,24703,,8.62058,0,CAM_DROP_PHY,5,3,24703,12404
veh3,699722428486,,8.62358,0,CPM_DROP_PHY,10,3,699722428486,12240
veh3,699722428690,,8.62983,0,CPM_DROP_PHY,2,3,699722428690,12410
veh3,24736,,8.63058,0,CAM_DROP_PHY,12,3,24736,12430
veh3,699722428684,,8.63333,0,CPM_DROP_PHY,10,3,699722428684,12407
veh3,699722428707,,8.64058,0,CPM_DROP_PHY,5,3,699722428707,12424
veh3,699722428742,,8.65058,0,CPM_DROP_PHY,12,3,699722428742,12467
veh3,699722428730,,8.65133,0,CPM_DROP_PHY,7,3,699722428730,12453
veh3,24778,,8.65333,0,CAM_DROP_PHY,9,3,24778,12479
veh3,24783,,8.65783,0,CAM_DROP_PHY,6,3,24783,12484
veh3,699722428776,,8.67333,0,CPM_DROP_PHY,9,3,699722428776,12509
veh3,699722428782,,8.67458,0,CPM_DROP_PHY,4,3,699722428782,12514
veh3,699722428773,,8.67783,0,CPM_DROP_PHY,6,3,699722428773,12507
veh3,24824,,8.69333,0,CAM_DROP_PHY,10,3,24824,12540
veh3,699722428811,,8.69733,0,CPM_DROP_PHY,8,3,699722428811,12554
veh3,24850,,8.70958,0,CAM_DROP_PHY,2,3,24850,12572
veh3,699722428821,,8.71583,0,CPM_DROP_PHY,11,3,699722428821,12568
veh3,699722428885,,8.72358,0,CPM_DROP_PHY,10,3,699722428885,12587
veh3,699722428892,,8.72958,0,CPM_DROP_PHY,2,3,699722428892,12592
veh3,24941,,8.73058,0,CAM_DROP_PHY,12,3,24941,12618
veh3,24954,8.73379,,0,CAM,3,,24954,-1
veh3,24924,,8.73458,0,CAM_DROP_PHY,4,3,24924,12608
veh3,699722428912,,8.74058,0,CPM_DROP_PHY,5,3,699722428912,12612
veh3,699722428953,,8.75058,0,CPM_DROP_PHY,12,3,699722428953,12660
veh3,699722428938,,8.75133,0,CPM_DROP_PHY,7,3,699722428938,12641
veh3,24973,,8.75133,0,CAM_DROP_PHY,7,3,24973,12641
veh3,24988,,8.75333,0,CAM_DROP_PHY,9,3,24988,12672
veh3,24993,,8.75783,0,CAM_DROP_PHY,6,3,24993,12677
veh3,699722429089,,8.77333,0,CPM_DROP_PHY,9,3,699722429089,12702
veh3,699722429095,,8.77458,0,CPM_DROP_PHY,4,3,699722429095,12707
veh3,699722429086,,8.77783,0,CPM_DROP_PHY,6,3,699722429086,12700
veh3,699722429127,,8.81583,0,CPM_DROP_PHY,11,3,699722429127,12752
veh3,699722429187,,8.82358,0,CPM_DROP_PHY,10,3,699722429187,12766
veh3,699722429193,,8.82958,0,CPM_DROP_PHY,2,3,699722429193,12769
veh3,25239,,8.83058,0,CAM_DROP_PHY,12,3,25239,12786
veh3,699722429233,,8.83683,0,CPM_DROP_PHY,7,3,699722429233,12804
veh3,699722429209,,8.84058,0,CPM_DROP_PHY,5,3,699722429209,12780
veh3,699722429246,,8.85058,0,CPM_DROP_PHY,12,3,699722429246,12824
veh3,25280,,8.85333,0,CAM_DROP_PHY,9,3,25280,12838
veh3,25286,,8.85783,0,CAM_DROP_PHY,6,3,25286,12840
veh3,699722429278,,8.87333,0,CPM_DROP_PHY,9,3,699722429278,12864
veh3,699722429283,,8.87458,0,CPM_DROP_PHY,4,3,699722429283,12869
veh3,699722429275,,8.87783,0,CPM_DROP_PHY,6,3,699722429275,12862
veh3,25327,,8.89883,0,CAM_DROP_PHY,10,3,25327,12893
veh3,25348,,8.90958,0,CAM_DROP_PHY,2,3,25348,12916
veh3,699722429319,,8.91583,0,CPM_DROP_PHY,11,3,699722429319,12912
veh3,25407,,8.92058,0,CAM_DROP_PHY,5,3,25407,12931
veh3,699722429388,,8.92558,0,CPM_DROP_PHY,10,3,699722429388,12935
veh3,699722429395,,8.92958,0,CPM_DROP_PHY,2,3,699722429395,12940
veh3,25442,,8.93058,0,CAM_DROP_PHY,12,3,25442,12969
veh3,699722429438,,8.93683,0,CPM_DROP_PHY,7,3,699722429438,12988
veh3,25452,,8.93733,0,CAM_DROP_PHY,8,3,25452,12977
veh3,699722429413,,8.94058,0,CPM_DROP_PHY,5,3,699722429413,12963
veh3,699722429452,,8.95058,0,CPM_DROP_PHY,12,3,699722429452,13011
veh3,25487,,8.95333,0,CAM_DROP_PHY,9,3,25487,13026
veh3,699722429482,,8.97333,0,CPM_DROP_PHY,9,3,699722429482,13052
veh3,699722429487,,8.97458,0,CPM_DROP_PHY,4,3,699722429487,13056
veh3,699722429479,,8.97683,0,CPM_DROP_PHY,6,3,699722429479,13050
veh3,699722429519,,9.01583,0,CPM_DROP_PHY,11,3,699722429519,13094
veh3,699722429579,,9.02558,0,CPM_DROP_PHY,10,3,699722429579,13108
veh3,699722429585,,9.02958,0,CPM_DROP_PHY,2,3,699722429585,13111
veh3,25635,,9.03058,0,CAM_DROP_PHY,12,3,25635,13133
veh3,25647,9.03379,,0,CAM,3,,25647,-1
veh3,25617,,9.03458,0,CAM_DROP_PHY,4,3,25617,13123
veh3,699722429632,,9.03683,0,CPM_DROP_PHY,7,3,699722429632,13151
veh3,699722429605,,9.04058,0,CPM_DROP_PHY,5,3,699722429605,13127
veh3,699722429648,,9.05058,0,CPM_DROP_PHY,12,3,699722429648,13176
veh3,25683,,9.05333,0,CAM_DROP_PHY,9,3,25683,13190
veh3,25688,,9.05683,0,CAM_DROP_PHY,6,3,25688,13192
veh3,25668,,9.05683,0,CAM_DROP_PHY,7,3,25668,13175
veh3,699722429680,,9.07333,0,CPM_DROP_PHY,9,3,699722429680,13221
veh3,699722429678,,9.07683,0,CPM_DROP_PHY,6,3,699722429678,13219
veh3,699722429687,,9.07933,0,CPM_DROP_PHY,4,3,699722429687,13229
veh3,25753,,9.10958,0,CAM_DROP_PHY,2,3,25753,13274
veh3,699722429723,,9.11583,0,CPM_DROP_PHY,11,3,699722429723,13270
veh3,25757,,9.11583,0,CAM_DROP_PHY,11,3,25757,13270
veh3,699722429790,,9.12558,0,CPM_DROP_PHY,10,3,699722429790,13286
veh3,699722429797,,9.12958,0,CPM_DROP_PHY,2,3,699722429797,13291
veh3,25844,,9.13058,0,CAM_DROP_PHY,12,3,25844,13317
veh3,699722429836,,9.13683,0,CPM_DROP_PHY,7,3,699722429836,13330
veh3,699722429814,,9.14058,0,CPM_DROP_PHY,5,3,699722429814,13311
veh3,699722429850,,9.15058,0,CPM_DROP_PHY,12,3,699722429850,13352
veh3,25885,,9.15333,0,CAM_DROP_PHY,9,3,25885,13365
veh3,699722429880,,9.17333,0,CPM_DROP_PHY,9,3,699722429880,13388
veh3,699722429876,,9.17683,0,CPM_DROP_PHY,6,3,699722429876,13386
veh3,699722429885,,9.17933,0,CPM_DROP_PHY,4,3,699722429885,13392
veh3,699722429910,,9.19733,0,CPM_DROP_PHY,8,3,699722429910,13421
veh3,25924,,9.19883,0,CAM_DROP_PHY,10,3,25924,13411
veh3,699722429920,,9.21583,0,CPM_DROP_PHY,11,3,699722429920,13432
veh3,699722429987,,9.21883,0,CPM_DROP_PHY,10,3,699722429987,13458
veh3,26006,,9.22058,0,CAM_DROP_PHY,5,3,26006,13453
veh3,699722430094,,9.22958,0,CPM_DROP_PHY,2,3,699722430094,13461
veh3,26144,,9.23058,0,CAM_DROP_PHY,12,3,26144,13488
veh3,699722430136,,9.23683,0,CPM_DROP_PHY,7,3,699722430136,13505
veh3,699722430113,,9.24058,0,CPM_DROP_PHY,5,3,699722430113,13482
veh3,699722430149,,9.25058,0,CPM_DROP_PHY,12,3,699722430149,13527
veh3,26184,,9.25333,0,CAM_DROP_PHY,9,3,26184,13540
veh3,26188,,9.25683,0,CAM_DROP_PHY,6,3,26188,13542
veh3,699722430180,,9.27333,0,CPM_DROP_PHY,9,3,699722430180,13567
veh3,699722430177,,9.27683,0,CPM_DROP_PHY,6,3,699722430177,13565
veh3,699722430185,,9.27933,0,CPM_DROP_PHY,4,3,699722430185,13572
veh3,26247,,9.30958,0,CAM_DROP_PHY,2,3,26247,13617
veh3,699722430218,,9.31583,0,CPM_DROP_PHY,11,3,699722430218,13614
veh3,699722430282,,9.31883,0,CPM_DROP_PHY,10,3,699722430282,13629
veh3,699722430289,,9.32958,0,CPM_DROP_PHY,2,3,699722430289,13634
veh3,26349,9.33379,,0,CAM,3,,26349,-1
veh3,26322,,9.33933,0,CAM_DROP_PHY,4,3,26322,13649
veh3,699722430311,,9.34058,0,CPM_DROP_PHY,5,3,699722430311,13654
veh3,699722430332,,9.34708,0,CPM_DROP_PHY,7,3,699722430332,13670
veh3,26367,,9.34708,0,CAM_DROP_PHY,7,3,26367,13670
veh3,699722430348,,9.35058,0,CPM_DROP_PHY,12,3,699722430348,13689
veh3,26383,,9.37083,0,CAM_DROP_PHY,9,3,26383,13706
veh3,699722430377,,9.37083,0,CPM_DROP_PHY,9,3,699722430377,13706
veh3,699722430374,,9.37683,0,CPM_DROP_PHY,6,3,699722430374,13727
veh3,699722430381,,9.37933,0,CPM_DROP_PHY,4,3,699722430381,13730
veh3,699722430411,,9.41583,0,CPM_DROP_PHY,11,3,699722430411,13768
veh3,699722430472,,9.41883,0,CPM_DROP_PHY,10,3,699722430472,13782
veh3,699722430479,,9.42958,0,CPM_DROP_PHY,2,3,699722430479,13786
veh3,26526,,9.43058,0,CAM_DROP_PHY,12,3,26526,13806
veh3,699722430496,,9.43683,0,CPM_DROP_PHY,5,3,699722430496,13799
veh3,699722430518,,9.44708,0,CPM_DROP_PHY,7,3,699722430518,13819
veh3,26553,,9.44708,0,CAM_DROP_PHY,7,3,26553,13819
veh3,699722430533,,9.45058,0,CPM_DROP_PHY,12,3,699722430533,13837
veh3,26568,,9.47083,0,CAM_DROP_PHY,9,3,26568,13851
veh3,699722430561,,9.47083,0,CPM_DROP_PHY,9,3,699722430561,13851
veh3,699722430558,,9.47683,0,CPM_DROP_PHY,6,3,699722430558,13872
veh3,699722430567,,9.47933,0,CPM_DROP_PHY,4,3,699722430567,13876
veh3,26609,,9.49883,0,CAM_DROP_PHY,10,3,26609,13898
veh3,26631,,9.50508,0,CAM_DROP_PHY,2,3,26631,13918
veh3,699722430602,,9.51583,0,CPM_DROP_PHY,11,3,699722430602,13914
veh3,26693,,9.51683,0,CAM_DROP_PHY,5,3,26693,13936
veh3,699722430675,,9.51883,0,CPM_DROP_PHY,10,3,699722430675,13942
veh3,699722430680,,9.52508,0,CPM_DROP_PHY,2,3,699722430680,13944
veh3,699722430700,,9.53683,0,CPM_DROP_PHY,5,3,699722430700,13964
veh3,26735,,9.53933,0,CAM_DROP_PHY,8,3,26735,13978
veh3,699722430721,,9.54708,0,CPM_DROP_PHY,7,3,699722430721,13986
veh3,26756,,9.54708,0,CAM_DROP_PHY,7,3,26756,13986
veh3,699722430737,,9.54783,0,CPM_DROP_PHY,12,3,699722430737,14004
veh3,26777,,9.55683,0,CAM_DROP_PHY,6,3,26777,14023
veh3,26772,,9.57083,0,CAM_DROP_PHY,9,3,26772,14019
veh3,699722430769,,9.57083,0,CPM_DROP_PHY,9,3,699722430769,14019
veh3,699722430766,,9.57683,0,CPM_DROP_PHY,6,3,699722430766,14045
veh3,699722430774,,9.57933,0,CPM_DROP_PHY,4,3,699722430774,14051
veh3,699722430810,,9.61583,0,CPM_DROP_PHY,11,3,699722430810,14090
veh3,699722430878,,9.62508,0,CPM_DROP_PHY,2,3,699722430878,14108
veh3,699722430872,,9.62558,0,CPM_DROP_PHY,10,3,699722430872,14106
veh3,26938,9.63379,,0,CAM,3,,26938,-1
veh3,699722430900,,9.63683,0,CPM_DROP_PHY,5,3,699722430900,14122
veh3,26910,,9.63933,0,CAM_DROP_PHY,4,3,26910,14119
veh3,699722430921,,9.64708,0,CPM_DROP_PHY,7,3,699722430921,14140
veh3,26956,,9.64708,0,CAM_DROP_PHY,7,3,26956,14140
veh3,699722430936,,9.64783,0,CPM_DROP_PHY,12,3,699722430936,14157
veh3,26972,,9.67083,0,CAM_DROP_PHY,9,3,26972,14174
veh3,699722430965,,9.67083,0,CPM_DROP_PHY,9,3,699722430965,14174
veh3,699722430962,,9.67683,0,CPM_DROP_PHY,6,3,699722430962,14195
veh3,699722430970,,9.67933,0,CPM_DROP_PHY,4,3,699722430970,14200
veh3,699722430995,,9.69933,0,CPM_DROP_PHY,8,3,699722430995,14227
veh3,27135,,9.70508,0,CAM_DROP_PHY,2,3,27135,14241
veh3,699722431106,,9.71583,0,CPM_DROP_PHY,11,3,699722431106,14237
veh3,27140,,9.71583,0,CAM_DROP_PHY,11,3,27140,14237
veh3,699722431186,,9.72508,0,CPM_DROP_PHY,2,3,699722431186,14267
veh3,699722431180,,9.72858,0,CPM_DROP_PHY,10,3,699722431180,14265
veh3,699722431204,,9.73683,0,CPM_DROP_PHY,5,3,699722431204,14281
veh3,699722431223,,9.74708,0,CPM_DROP_PHY,7,3,699722431223,14300
veh3,27257,,9.74708,0,CAM_DROP_PHY,7,3,27257,14300
veh3,699722431238,,9.74783,0,CPM_DROP_PHY,12,3,699722431238,14316
veh3,699722431270,,9.76883,0,CPM_DROP_PHY,4,3,699722431270,14355
veh3,27272,,9.77083,0,CAM_DROP_PHY,9,3,27272,14332
veh3,699722431265,,9.77083,0,CPM_DROP_PHY,9,3,699722431265,14332
veh3,699722431262,,9.77533,0,CPM_DROP_PHY,6,3,699722431262,14350
veh3,699722431305,,9.80608,0,CPM_DROP_PHY,11,3,699722431305,14393
veh3,27391,,9.81683,0,CAM_DROP_PHY,5,3,27391,14403
veh3,699722431377,,9.82508,0,CPM_DROP_PHY,2,3,699722431377,14410
veh3,699722431372,,9.82858,0,CPM_DROP_PHY,10,3,699722431372,14407
veh3,699722431396,,9.83683,0,CPM_DROP_PHY,5,3,699722431396,14422
veh3,699722431415,,9.84708,0,CPM_DROP_PHY,7,3,699722431415,14446
veh3,699722431426,,9.84783,0,CPM_DROP_PHY,12,3,699722431426,14460
veh3,27465,,9.85533,0,CAM_DROP_PHY,6,3,27465,14479
veh3,699722431462,,9.86883,0,CPM_DROP_PHY,4,3,699722431462,14504
veh3,27461,,9.87083,0,CAM_DROP_PHY,9,3,27461,14476
veh3,699722431457,,9.87083,0,CPM_DROP_PHY,9,3,699722431457,14476
veh3,699722431454,,9.87533,0,CPM_DROP_PHY,6,3,699722431454,14499
veh3,27524,,9.90508,0,CAM_DROP_PHY,2,3,27524,14548
veh3,699722431496,,9.90608,0,CPM_DROP_PHY,11,3,699722431496,14545
veh3,699722431570,,9.92508,0,CPM_DROP_PHY,2,3,699722431570,14565
veh3,699722431564,,9.92858,0,CPM_DROP_PHY,10,3,699722431564,14562
veh3,27602,,9.92883,0,CAM_DROP_PHY,4,3,27602,14577
veh3,27633,9.93379,,0,CAM,3,,27633,-1
veh3,699722431592,,9.93683,0,CPM_DROP_PHY,5,3,699722431592,14579
veh3,699722431617,,9.94708,0,CPM_DROP_PHY,7,3,699722431617,14605
veh3,27652,,9.94708,0,CAM_DROP_PHY,7,3,27652,14605
veh3,27622,,9.94783,0,CAM_DROP_PHY,12,3,27622,14587
veh3,699722431632,,9.94783,0,CPM_DROP_PHY,12,3,699722431632,14587
veh3,699722431664,,9.96883,0,CPM_DROP_PHY,4,3,699722431664,14662
veh3,27668,,9.97083,0,CAM_DROP_PHY,9,3,27668,14639
veh3,699722431660,,9.97083,0,CPM_DROP_PHY,9,3,699722431660,14639
veh3,699722431657,,9.97533,0,CPM_DROP_PHY,6,3,699722431657,14657
veh3,27709,,10.0006,0,CAM_DROP_PHY,10,3,27709,14687
veh3,699722431702,,10.0171,0,CPM_DROP_PHY,11,3,699722431702,14705
veh3,699722431778,,10.0251,0,CPM_DROP_PHY,2,3,699722431778,14725
veh3,699722431772,,10.0286,0,CPM_DROP_PHY,10,3,699722431772,14722
veh3,699722431799,,10.0368,0,CPM_DROP_PHY,5,3,699722431799,14734
veh3,27732,,10.0371,0,CAM_DROP_PHY,11,3,27732,14705
veh3,699722431818,,10.0471,0,CPM_DROP_PHY,7,3,699722431818,14758
veh3,699722431831,,10.0478,0,CPM_DROP_PHY,12,3,699722431831,14775
veh3,699722431864,,10.0688,0,CPM_DROP_PHY,4,3,699722431864,14814
veh3,27865,,10.0708,0,CAM_DROP_PHY,9,3,27865,14791
veh3,699722431859,,10.0708,0,CPM_DROP_PHY,9,3,699722431859,14791
veh3,699722431856,,10.0753,0,CPM_DROP_PHY,6,3,699722431856,14809
veh3,27928,,10.1051,0,CAM_DROP_PHY,2,3,27928,14855
veh3,27992,,10.1168,0,CAM_DROP_PHY,5,3,27992,14865
veh3,699722431899,,10.1171,0,CPM_DROP_PHY,11,3,699722431899,14852
veh3,699722431978,,10.1251,0,CPM_DROP_PHY,2,3,699722431978,14873
veh3,699722431998,,10.1368,0,CPM_DROP_PHY,5,3,699722431998,14889
veh3,28137,,10.1393,0,CAM_DROP_PHY,8,3,28137,14904
veh3,699722431972,,10.1406,0,CPM_DROP_PHY,10,3,699722431972,14870
veh3,699722432142,,10.1466,0,CPM_DROP_PHY,12,3,699722432142,14933
veh3,699722432124,,10.1471,0,CPM_DROP_PHY,7,3,699722432124,14914
veh3,28161,,10.1471,0,CAM_DROP_PHY,7,3,28161,14914
veh3,28182,,10.1553,0,CAM_DROP_PHY,6,3,28182,14955
veh3,699722432180,,10.1688,0,CPM_DROP_PHY,4,3,699722432180,14981
veh3,28178,,10.1708,0,CAM_DROP_PHY,9,3,28178,14952
veh3,699722432172,,10.1753,0,CPM_DROP_PHY,6,3,699722432172,14976
veh3,699722432176,,10.1908,0,CPM_DROP_PHY,9,3,699722432176,14952
veh3,699722432210,,10.1993,0,CPM_DROP_PHY,8,3,699722432210,15013
veh3,699722432219,,10.2171,0,CPM_DROP_PHY,11,3,699722432219,15024
veh3,28250,,10.2261,0,CAM_DROP_PHY,11,3,28250,15024
veh3,28325,,10.2288,0,CAM_DROP_PHY,4,3,28325,15061
veh3,28354,10.2338,,0,CAM,3,,28354,-1
veh3,699722432315,,10.2368,0,CPM_DROP_PHY,5,3,699722432315,15062
veh3,699722432291,,10.2406,0,CPM_DROP_PHY,10,3,699722432291,15049
veh3,699722432350,,10.2466,0,CPM_DROP_PHY,12,3,699722432350,15103
veh3,699722432337,,10.2471,0,CPM_DROP_PHY,7,3,699722432337,15085
veh3,699722432383,,10.2688,0,CPM_DROP_PHY,4,3,699722432383,15144
veh3,28384,,10.2708,0,CAM_DROP_PHY,9,3,28384,15121
veh3,699722432375,,10.2753,0,CPM_DROP_PHY,6,3,699722432375,15139
veh3,699722432379,,10.2908,0,CPM_DROP_PHY,9,3,699722432379,15121
veh3,28448,,10.3051,0,CAM_DROP_PHY,2,3,28448,15190
veh3,699722432419,,10.3061,0,CPM_DROP_PHY,11,3,699722432419,15183
veh3,699722432487,,10.3286,0,CPM_DROP_PHY,10,3,699722432487,15205
veh3,699722432512,,10.3368,0,CPM_DROP_PHY,5,3,699722432512,15221
veh3,699722434191,,10.3466,0,CPM_DROP_PHY,12,3,699722434191,15248
veh3,699722434181,,10.3471,0,CPM_DROP_PHY,7,3,699722434181,15234
veh3,699722434220,,10.3688,0,CPM_DROP_PHY,4,3,699722434220,15287
veh3,30224,,10.3708,0,CAM_DROP_PHY,9,3,30224,15264
veh3,699722434212,,10.3753,0,CPM_DROP_PHY,6,3,699722434212,15282
veh3,699722434216,,10.3908,0,CPM_DROP_PHY,9,3,699722434216,15264
veh3,699722434254,,10.4148,0,CPM_DROP_PHY,11,3,699722434254,15326
veh3,30339,,10.4261,0,CAM_DROP_PHY,5,3,30339,15345
veh3,30285,,10.4348,0,CAM_DROP_PHY,11,3,30285,15326
veh3,699722434319,,10.4406,0,CPM_DROP_PHY,10,3,699722434319,15347
veh3,699722434344,,10.4461,0,CPM_DROP_PHY,5,3,699722434344,15345
veh3,30374,,10.4466,0,CAM_DROP_PHY,12,3,30374,15370
veh3,699722434366,,10.4471,0,CPM_DROP_PHY,7,3,699722434366,15385
veh3,30401,,10.4471,0,CAM_DROP_PHY,7,3,30401,15385
veh3,30422,,10.4553,0,CAM_DROP_PHY,6,3,30422,15421
veh3,30418,,10.4611,0,CAM_DROP_PHY,9,3,30418,15419
veh3,699722434381,,10.4666,0,CPM_DROP_PHY,12,3,699722434381,15370
veh3,699722434422,,10.4688,0,CPM_DROP_PHY,4,3,699722434422,15452
veh3,699722434413,,10.4753,0,CPM_DROP_PHY,6,3,699722434413,15442
veh3,699722434417,,10.4811,0,CPM_DROP_PHY,9,3,699722434417,15443
veh3,30471,,10.4886,0,CAM_DROP_PHY,10,3,30471,15479
veh3,30494,,10.5051,0,CAM_DROP_PHY,2,3,30494,15506
veh3,699722434465,,10.5148,0,CPM_DROP_PHY,11,3,699722434465,15504
veh3,699722434543,,10.5251,0,CPM_DROP_PHY,2,3,699722434543,15528
veh3,699722434566,,10.5261,0,CPM_DROP_PHY,5,3,699722434566,15542
veh3,699722434538,,10.5286,0,CPM_DROP_PHY,10,3,699722434538,15526
veh3,30575,,10.5288,0,CAM_DROP_PHY,4,3,30575,15538
veh3,30607,10.5338,,0,CAM,3,,30607,-1
veh3,699722434603,,10.5466,0,CPM_DROP_PHY,12,3,699722434603,15587
veh3,699722434591,,10.5471,0,CPM_DROP_PHY,7,3,699722434591,15573
veh3,30638,,10.5611,0,CAM_DROP_PHY,9,3,30638,15603
veh3,699722434638,,10.5688,0,CPM_DROP_PHY,4,3,699722434638,15628
veh3,699722434629,,10.5753,0,CPM_DROP_PHY,6,3,699722434629,15620
veh3,699722434633,,10.5811,0,CPM_DROP_PHY,9,3,699722434633,15621
veh3,699722434675,,10.6148,0,CPM_DROP_PHY,11,3,699722434675,15667
veh3,699722434768,,10.6261,0,CPM_DROP_PHY,5,3,699722434768,15693
veh3,699722434742,,10.6286,0,CPM_DROP_PHY,10,3,699722434742,15682
veh3,30806,,10.6406,0,CAM_DROP_PHY,8,3,30806,15708
veh3,699722434791,,10.6408,0,CPM_DROP_PHY,7,3,699722434791,15713
veh3,699722434806,,10.6466,0,CPM_DROP_PHY,12,3,699722434806,15730
veh3,30844,,10.6611,0,CAM_DROP_PHY,9,3,30844,15749
veh3,699722434844,,10.6686,0,CPM_DROP_PHY,4,3,699722434844,15772
veh3,699722434835,,10.6753,0,CPM_DROP_PHY,6,3,699722434835,15764
veh3,699722434839,,10.6811,0,CPM_DROP_PHY,9,3,699722434839,15765
veh3,699722434873,,10.7006,0,CPM_DROP_PHY,8,3,699722434873,15801
veh3,30911,,10.7051,0,CAM_DROP_PHY,2,3,30911,15813
veh3,699722434883,,10.7148,0,CPM_DROP_PHY,11,3,699722434883,15811
veh3,30980,,10.7261,0,CAM_DROP_PHY,5,3,30980,15833
veh3,699722434986,,10.7261,0,CPM_DROP_PHY,5,3,699722434986,15833
veh3,30917,,10.7348,0,CAM_DROP_PHY,11,3,30917,15811
veh3,699722434961,,10.7406,0,CPM_DROP_PHY,10,3,699722434961,15839
veh3,699722435005,,10.7408,0,CPM_DROP_PHY,7,3,699722435005,15879
veh3,699722435020,,10.7466,0,CPM_DROP_PHY,12,3,699722435020,15895
veh3,31060,,10.7553,0,CAM_DROP_PHY,6,3,31060,15912
veh3,31040,,10.7608,0,CAM_DROP_PHY,7,3,31040,15893
veh3,31056,,10.7611,0,CAM_DROP_PHY,9,3,31056,15911
veh3,699722435059,,10.7686,0,CPM_DROP_PHY,4,3,699722435059,15942
veh3,699722435051,,10.7753,0,CPM_DROP_PHY,6,3,699722435051,15932
veh3,699722435054,,10.7811,0,CPM_DROP_PHY,9,3,699722435054,15933
veh3,699722435203,,10.8148,0,CPM_DROP_PHY,11,3,699722435203,15986
veh3,699722435297,,10.8261,0,CPM_DROP_PHY,5,3,699722435297,16014
veh3,31306,,10.8286,0,CAM_DROP_PHY,4,3,31306,16008
veh3,699722435270,,10.8306,0,CPM_DROP_PHY,10,3,699722435270,16002
veh3,31338,10.8338,,0,CAM,3,,31338,-1
veh3,699722435321,,10.8408,0,CPM_DROP_PHY,7,3,699722435321,16038
veh3,31367,,10.8611,0,CAM_DROP_PHY,9,3,31367,16067
veh3,699722435333,,10.8616,0,CPM_DROP_PHY,12,3,699722435333,16055
veh3,699722435366,,10.8686,0,CPM_DROP_PHY,4,3,699722435366,16088
veh3,699722435356,,10.8753,0,CPM_DROP_PHY,6,3,699722435356,16080
veh3,699722435360,,10.8811,0,CPM_DROP_PHY,9,3,699722435360,16081
veh3,31432,,10.9051,0,CAM_DROP_PHY,2,3,31432,16132
veh3,699722435475,,10.9106,0,CPM_DROP_PHY,10,3,699722435475,16149
veh3,699722435404,,10.9148,0,CPM_DROP_PHY,11,3,699722435404,16130
veh3,699722435501,,10.9261,0,CPM_DROP_PHY,5,3,699722435501,16171
veh3,699722435519,,10.9408,0,CPM_DROP_PHY,7,3,699722435519,16186
veh3,31564,,10.9611,0,CAM_DROP_PHY,9,3,31564,16210
veh3,699722435531,,10.9616,0,CPM_DROP_PHY,12,3,699722435531,16199
veh3,699722435562,,10.9686,0,CPM_DROP_PHY,4,3,699722435562,16231
veh3,699722435553,,10.9753,0,CPM_DROP_PHY,6,3,699722435553,16223
veh3,699722435557,,10.9811,0,CPM_DROP_PHY,9,3,699722435557,16224
veh3,699722435672,,11.0106,0,CPM_DROP_PHY,10,3,699722435672,16290
veh3,699722435601,,11.0148,0,CPM_DROP_PHY,11,3,699722435601,16273
veh3,699722435678,,11.0253,0,CPM_DROP_PHY,2,3,699722435678,16294
veh3,31691,,11.0261,0,CAM_DROP_PHY,5,3,31691,16288
veh3,699722435700,,11.0261,0,CPM_DROP_PHY,5,3,699722435700,16288
veh3,31632,,11.0348,0,CAM_DROP_PHY,11,3,31632,16273
veh3,699722435724,,11.0408,0,CPM_DROP_PHY,7,3,699722435724,16337
veh3,31732,,11.0416,0,CAM_DROP_PHY,12,3,31732,16323
veh3,31779,,11.0553,0,CAM_DROP_PHY,6,3,31779,16372
veh3,31759,,11.0608,0,CAM_DROP_PHY,7,3,31759,16354
veh3,31774,,11.0611,0,CAM_DROP_PHY,9,3,31774,16369
veh3,699722435740,,11.0616,0,CPM_DROP_PHY,12,3,699722435740,16356
veh3,699722435778,,11.0686,0,CPM_DROP_PHY,4,3,699722435778,16401
veh3,699722435768,,11.0753,0,CPM_DROP_PHY,6,3,699722435768,16391
veh3,699722435772,,11.0811,0,CPM_DROP_PHY,9,3,699722435772,16392
veh3,31826,,11.0906,0,CAM_DROP_PHY,10,3,31826,16428
veh3,31850,,11.1053,0,CAM_DROP_PHY,2,3,31850,16455
veh3,699722435821,,11.1086,0,CPM_DROP_PHY,11,3,699722435821,16453
veh3,699722435889,,11.1188,0,CPM_DROP_PHY,10,3,699722435889,16473
veh3,699722435919,,11.1261,0,CPM_DROP_PHY,5,3,699722435919,16498
veh3,31928,,11.1286,0,CAM_DROP_PHY,4,3,31928,16493
veh3,31963,11.1338,,0,CAM,3,,31963,-1
veh3,31958,,11.1406,0,CAM_DROP_PHY,8,3,31958,16514
veh3,699722435947,,11.1408,0,CPM_DROP_PHY,7,3,699722435947,16522
veh3,31995,,11.1611,0,CAM_DROP_PHY,9,3,31995,16554
veh3,699722435960,,11.1616,0,CPM_DROP_PHY,12,3,699722435960,16538
veh3,699722435993,,11.1686,0,CPM_DROP_PHY,4,3,699722435993,16574
veh3,699722435985,,11.1786,0,CPM_DROP_PHY,6,3,699722435985,16567
veh3,699722435988,,11.1811,0,CPM_DROP_PHY,9,3,699722435988,16568
veh3,699722436024,,11.2006,0,CPM_DROP_PHY,8,3,699722436024,16607
veh3,699722436034,,11.2086,0,CPM_DROP_PHY,11,3,699722436034,16618
veh3,699722436211,,11.2106,0,CPM_DROP_PHY,10,3,699722436211,16637
veh3,699722436237,,11.2261,0,CPM_DROP_PHY,5,3,699722436237,16657
veh3,699722436255,,11.2408,0,CPM_DROP_PHY,7,3,699722436255,16672
veh3,32302,,11.2611,0,CAM_DROP_PHY,9,3,32302,16698
veh3,699722436267,,11.2616,0,CPM_DROP_PHY,12,3,699722436267,16685
veh3,699722436302,,11.2686,0,CPM_DROP_PHY,4,3,699722436302,16717
veh3,699722436292,,11.2786,0,CPM_DROP_PHY,6,3,699722436292,16710
veh3,699722436296,,11.2811,0,CPM_DROP_PHY,9,3,699722436296,16711
veh3,32369,,11.3053,0,CAM_DROP_PHY,2,3,32369,16761
veh3,699722436340,,11.3086,0,CPM_DROP_PHY,11,3,699722436340,16760
veh3,699722436417,,11.3106,0,CPM_DROP_PHY,10,3,699722436417,16778
veh3,32436,,11.3261,0,CAM_DROP_PHY,5,3,32436,16773
veh3,699722436444,,11.3261,0,CPM_DROP_PHY,5,3,699722436444,16773
veh3,32375,,11.3286,0,CAM_DROP_PHY,11,3,32375,16760
veh3,699722436464,,11.3408,0,CPM_DROP_PHY,7,3,699722436464,16821
veh3,32519,,11.3586,0,CAM_DROP_PHY,6,3,32519,16852
veh3,32500,,11.3608,0,CAM_DROP_PHY,7,3,32500,16837
veh3,32514,,11.3611,0,CAM_DROP_PHY,9,3,32514,16851
veh3,699722436480,,11.3616,0,CPM_DROP_PHY,12,3,699722436480,16838
veh3,699722436518,,11.3686,0,CPM_DROP_PHY,4,3,699722436518,16878
veh3,699722436509,,11.3786,0,CPM_DROP_PHY,6,3,699722436509,16868
veh3,699722436513,,11.3811,0,CPM_DROP_PHY,9,3,699722436513,16869
veh3,699722436555,,11.4086,0,CPM_DROP_PHY,11,3,699722436555,16928
veh3,699722436624,,11.4106,0,CPM_DROP_PHY,10,3,699722436624,16941
veh3,699722436631,,11.4253,0,CPM_DROP_PHY,2,3,699722436631,16946
veh3,699722436655,,11.4261,0,CPM_DROP_PHY,5,3,699722436655,16962
veh3,32664,,11.4286,0,CAM_DROP_PHY,4,3,32664,16958
veh3,32696,11.4338,,0,CAM,3,,32696,-1
veh3,699722436680,,11.4408,0,CPM_DROP_PHY,7,3,699722436680,16991
veh3,32726,,11.4546,0,CAM_DROP_PHY,9,3,32726,17018
veh3,699722436692,,11.4616,0,CPM_DROP_PHY,12,3,699722436692,17005
veh3,699722436724,,11.4686,0,CPM_DROP_PHY,4,3,699722436724,17037
veh3,699722436719,,11.4746,0,CPM_DROP_PHY,9,3,699722436719,17033
veh3,699722436715,,11.4786,0,CPM_DROP_PHY,6,3,699722436715,17031
veh3,32788,,11.5053,0,CAM_DROP_PHY,2,3,32788,17082
veh3,699722436760,,11.5086,0,CPM_DROP_PHY,11,3,699722436760,17080
veh3,699722436831,,11.5106,0,CPM_DROP_PHY,10,3,699722436831,17096
veh3,699722436838,,11.5253,0,CPM_DROP_PHY,2,3,699722436838,17102
veh3,699722436857,,11.5261,0,CPM_DROP_PHY,5,3,699722436857,17121
veh3,699722436877,,11.5408,0,CPM_DROP_PHY,7,3,699722436877,17143
veh3,32922,,11.5546,0,CAM_DROP_PHY,9,3,32922,17169
veh3,699722436888,,11.5616,0,CPM_DROP_PHY,12,3,699722436888,17156
veh3,699722436920,,11.5686,0,CPM_DROP_PHY,4,3,699722436920,17188
veh3,699722436916,,11.5746,0,CPM_DROP_PHY,9,3,699722436916,17184
veh3,699722436911,,11.5786,0,CPM_DROP_PHY,6,3,699722436911,17182
veh3,699722436956,,11.6086,0,CPM_DROP_PHY,11,3,699722436956,17231
veh3,699722437026,,11.6106,0,CPM_DROP_PHY,10,3,699722437026,17245
veh3,33045,,11.6261,0,CAM_DROP_PHY,5,3,33045,17240
veh3,699722437053,,11.6261,0,CPM_DROP_PHY,5,3,699722437053,17240
veh3,33086,,11.6416,0,CAM_DROP_PHY,12,3,33086,17272
veh3,33234,,11.6586,0,CAM_DROP_PHY,6,3,33234,17314
veh3,699722437093,,11.6616,0,CPM_DROP_PHY,12,3,699722437093,17298
veh3,33227,,11.6683,0,CAM_DROP_PHY,9,3,33227,17309
veh3,699722437235,,11.6686,0,CPM_DROP_PHY,4,3,699722437235,17341
veh3,699722437222,,11.6786,0,CPM_DROP_PHY,6,3,699722437222,17330
veh3,699722437228,,11.6883,0,CPM_DROP_PHY,9,3,699722437228,17335
veh3,33281,,11.6906,0,CAM_DROP_PHY,10,3,33281,17374
veh3,699722437266,,11.6966,0,CPM_DROP_PHY,8,3,699722437266,17382
veh3,33308,,11.7053,0,CAM_DROP_PHY,2,3,33308,17402
veh3,699722437278,,11.7086,0,CPM_DROP_PHY,11,3,699722437278,17396
veh3,699722437351,,11.7106,0,CPM_DROP_PHY,10,3,699722437351,17423
veh3,33391,,11.7286,0,CAM_DROP_PHY,4,3,33391,17446
veh3,33421,11.7338,,0,CAM,3,,33421,-1
veh3,699722437381,,11.7361,0,CPM_DROP_PHY,5,3,699722437381,17449
veh3,33417,,11.7366,0,CAM_DROP_PHY,8,3,33417,17458
veh3,699722437420,,11.7616,0,CPM_DROP_PHY,12,3,699722437420,17490
veh3,33112,,11.7623,0,CAM_DROP_PHY,7,3,33112,17296
veh3,33456,,11.7683,0,CAM_DROP_PHY,9,3,33456,17500
veh3,699722437457,,11.7693,0,CPM_DROP_PHY,4,3,699722437457,17524
veh3,699722437451,,11.7746,0,CPM_DROP_PHY,9,3,699722437451,17521
veh3,699722437446,,11.7786,0,CPM_DROP_PHY,6,3,699722437446,17518
veh3,33526,,11.8053,0,CAM_DROP_PHY,2,3,33526,17571
veh3,699722437497,,11.8086,0,CPM_DROP_PHY,11,3,699722437497,17567
veh3,699722437578,,11.8101,0,CPM_DROP_PHY,10,3,699722437578,17583
veh3,699722437586,,11.8253,0,CPM_DROP_PHY,2,3,699722437586,17590
veh3,33531,,11.8286,0,CAM_DROP_PHY,11,3,33531,17567
veh3,699722437607,,11.8361,0,CPM_DROP_PHY,5,3,699722437607,17609
veh3,33678,,11.8683,0,CAM_DROP_PHY,9,3,33678,17666
veh3,699722437675,,11.8693,0,CPM_DROP_PHY,4,3,699722437675,17687
veh3,699722437670,,11.8746,0,CPM_DROP_PHY,9,3,699722437670,17685
veh3,699722437666,,11.8786,0,CPM_DROP_PHY,6,3,699722437666,17682
veh3,33739,,11.9053,0,CAM_DROP_PHY,2,3,33739,17738
veh3,699722437710,,11.9086,0,CPM_DROP_PHY,11,3,699722437710,17734
veh3,699722437787,,11.9101,0,CPM_DROP_PHY,10,3,699722437787,17750
veh3,33806,,11.9161,0,CAM_DROP_PHY,5,3,33806,17745
veh3,699722437795,,11.9253,0,CPM_DROP_PHY,2,3,699722437795,17757
veh3,699722437817,,11.9361,0,CPM_DROP_PHY,5,3,699722437817,17780
veh3,33895,,11.9548,0,CAM_DROP_PHY,6,3,33895,17838
veh3,33889,,11.9683,0,CAM_DROP_PHY,9,3,33889,17833
veh3,699722437894,,11.9693,0,CPM_DROP_PHY,4,3,699722437894,17865
veh3,699722437884,,11.9748,0,CPM_DROP_PHY,6,3,699722437884,17854
veh3,699722437888,,11.9883,0,CPM_DROP_PHY,9,3,699722437888,17859
veh3,33958,,12.0053,0,CAM_DROP_PHY,2,3,33958,17914
veh3,699722437929,,12.0086,0,CPM_DROP_PHY,11,3,699722437929,17909
veh3,699722438005,,12.0223,0,CPM_DROP_PHY,10,3,699722438005,17924
veh3,699722438013,,12.0253,0,CPM_DROP_PHY,2,3,699722438013,17931
veh3,34045,,12.0293,0,CAM_DROP_PHY,4,3,34045,17946
veh3,34076,12.0338,,0,CAM,3,,34076,-1
veh3,699722438035,,12.0361,0,CPM_DROP_PHY,5,3,699722438035,17951
veh3,33872,,12.0623,0,CAM_DROP_PHY,7,3,33872,17815
veh3,34112,,12.0683,0,CAM_DROP_PHY,9,3,34112,18009
veh3,699722438112,,12.0693,0,CPM_DROP_PHY,4,3,699722438112,18030
veh3,699722438107,,12.0746,0,CPM_DROP_PHY,9,3,699722438107,18028
veh3,699722438103,,12.0748,0,CPM_DROP_PHY,6,3,699722438103,18025
veh3,34262,,12.0901,0,CAM_DROP_PHY,10,3,34262,18060
veh3,699722438258,,12.1001,0,CPM_DROP_PHY,11,3,699722438258,18081
veh3,34287,,12.1053,0,CAM_DROP_PHY,2,3,34287,18087
veh3,699722438343,,12.1101,0,CPM_DROP_PHY,10,3,699722438343,18101
veh3,699722438351,,12.1253,0,CPM_DROP_PHY,2,3,699722438351,18107
veh3,699722438371,,12.1361,0,CPM_DROP_PHY,5,3,699722438371,18127
veh3,699722438404,,12.1681,0,CPM_DROP_PHY,12,3,699722438404,18155
veh3,34440,,12.1683,0,CAM_DROP_PHY,9,3,34440,18168
veh3,699722438438,,12.1693,0,CPM_DROP_PHY,4,3,699722438438,18197
veh3,699722438434,,12.1746,0,CPM_DROP_PHY,9,3,699722438434,18195
veh3,699722438430,,12.1748,0,CPM_DROP_PHY,6,3,699722438430,18192
veh3,699722438466,,12.1966,0,CPM_DROP_PHY,8,3,699722438466,18230
veh3,699722438477,,12.2001,0,CPM_DROP_PHY,11,3,699722438477,18241
veh3,34479,,12.2023,0,CAM_DROP_PHY,10,3,34479,18219
veh3,699722438559,,12.2101,0,CPM_DROP_PHY,10,3,699722438559,18266
veh3,34579,,12.2141,0,CAM_DROP_PHY,5,3,34579,18263
veh3,699722438566,,12.2253,0,CPM_DROP_PHY,2,3,699722438566,18271
veh3,699722438589,,12.2341,0,CPM_DROP_PHY,5,3,699722438589,18290
veh3,34627,,12.2366,0,CAM_DROP_PHY,8,3,34627,18303
veh3,699722438389,,12.2423,0,CPM_DROP_PHY,7,3,699722438389,18143
veh3,699722438613,,12.2423,0,CPM_DROP_PHY,7,3,699722438613,18316
veh3,34619,,12.2481,0,CAM_DROP_PHY,12,3,34619,18297
veh3,34669,,12.2548,0,CAM_DROP_PHY,6,3,34669,18353
veh3,34648,,12.2623,0,CAM_DROP_PHY,7,3,34648,18330
veh3,699722438629,,12.2681,0,CPM_DROP_PHY,12,3,699722438629,18297
veh3,34664,,12.2683,0,CAM_DROP_PHY,9,3,34664,18347
veh3,699722438669,,12.2693,0,CPM_DROP_PHY,4,3,699722438669,18385
veh3,699722438660,,12.2748,0,CPM_DROP_PHY,6,3,699722438660,18374
veh3,699722438664,,12.2883,0,CPM_DROP_PHY,9,3,699722438664,18379
veh3,34712,,12.2901,0,CAM_DROP_PHY,10,3,34712,18418
veh3,699722438707,,12.3001,0,CPM_DROP_PHY,11,3,699722438707,18439
veh3,34736,,12.3053,0,CAM_DROP_PHY,2,3,34736,18445
veh3,699722438788,,12.3101,0,CPM_DROP_PHY,10,3,699722438788,18460
veh3,34741,,12.3201,0,CAM_DROP_PHY,11,3,34741,18439
veh3,699722438795,,12.3253,0,CPM_DROP_PHY,2,3,699722438795,18466
veh3,34828,,12.3293,0,CAM_DROP_PHY,4,3,34828,18481
veh3,34859,12.3338,,0,CAM,3,,34859,-1
veh3,699722438821,,12.3341,0,CPM_DROP_PHY,5,3,699722438821,18489
veh3,699722438844,,12.3423,0,CPM_DROP_PHY,7,3,699722438844,18517
veh3,699722438856,,12.3481,0,CPM_DROP_PHY,12,3,699722438856,18529
veh3,34893,,12.3683,0,CAM_DROP_PHY,9,3,34893,18545
veh3,699722438893,,12.3693,0,CPM_DROP_PHY,4,3,699722438893,18572
veh3,699722438888,,12.3746,0,CPM_DROP_PHY,9,3,699722438888,18570
veh3,699722438885,,12.3748,0,CPM_DROP_PHY,6,3,699722438885,18567
veh3,34935,,12.3901,0,CAM_DROP_PHY,10,3,34935,18595
veh3,699722438930,,12.4001,0,CPM_DROP_PHY,11,3,699722438930,18615
veh3,699722439005,,12.4101,0,CPM_DROP_PHY,10,3,699722439005,18632
veh3,699722439013,,12.4178,0,CPM_DROP_PHY,2,3,699722439013,18637
veh3,699722439036,,12.4341,0,CPM_DROP_PHY,5,3,699722439036,18658
veh3,699722439054,,12.4423,0,CPM_DROP_PHY,7,3,699722439054,18673
veh3,699722439066,,12.4566,0,CPM_DROP_PHY,12,3,699722439066,18682
veh3,35099,,12.4683,0,CAM_DROP_PHY,9,3,35099,18690
veh3,699722439103,,12.4693,0,CPM_DROP_PHY,4,3,699722439103,18720
veh3,699722439097,,12.4746,0,CPM_DROP_PHY,9,3,699722439097,18718
veh3,699722439093,,12.4748,0,CPM_DROP_PHY,6,3,699722439093,18715
veh3,35144,,12.4901,0,CAM_DROP_PHY,10,3,35144,18747
veh3,35272,,12.4978,0,CAM_DROP_PHY,2,3,35272,18773
veh3,699722439243,,12.5001,0,CPM_DROP_PHY,11,3,699722439243,18766
veh3,699722439322,,12.5101,0,CPM_DROP_PHY,10,3,699722439322,18789
veh3,35341,,12.5141,0,CAM_DROP_PHY,5,3,35341,18787
veh3,699722439329,,12.5178,0,CPM_DROP_PHY,2,3,699722439329,18794
veh3,699722439354,,12.5341,0,CPM_DROP_PHY,5,3,699722439354,18821
veh3,35385,,12.5366,0,CAM_DROP_PHY,12,3,35385,18826
veh3,699722439377,,12.5423,0,CPM_DROP_PHY,7,3,699722439377,18841
veh3,699722439393,,12.5566,0,CPM_DROP_PHY,12,3,699722439393,18853
veh3,35411,,12.5623,0,CAM_DROP_PHY,7,3,35411,18852
veh3,35428,,12.5683,0,CAM_DROP_PHY,9,3,35428,18866
veh3,699722439436,,12.5693,0,CPM_DROP_PHY,4,3,699722439436,18909
veh3,35478,,12.5856,0,CAM_DROP_PHY,10,3,35478,18937
veh3,699722439430,,12.5883,0,CPM_DROP_PHY,9,3,699722439430,18900
veh3,699722439475,,12.6001,0,CPM_DROP_PHY,11,3,699722439475,18959
veh3,699722439466,,12.6003,0,CPM_DROP_PHY,8,3,699722439466,18952
veh3,699722439562,,12.6178,0,CPM_DROP_PHY,2,3,699722439562,18986
veh3,699722439556,,12.6256,0,CPM_DROP_PHY,10,3,699722439556,18985
veh3,35594,,12.6268,0,CAM_DROP_PHY,4,3,35594,19000
veh3,35624,12.6338,,0,CAM,3,,35624,-1
veh3,699722439585,,12.6341,0,CPM_DROP_PHY,5,3,699722439585,19004
veh3,699722439608,,12.6423,0,CPM_DROP_PHY,7,3,699722439608,19024
veh3,699722439624,,12.6566,0,CPM_DROP_PHY,12,3,699722439624,19043
veh3,699722439659,,12.6668,0,CPM_DROP_PHY,4,3,699722439659,19081
veh3,35660,,12.6683,0,CAM_DROP_PHY,9,3,35660,19056
veh3,699722439654,,12.6746,0,CPM_DROP_PHY,9,3,699722439654,19077
veh3,699722439426,,12.6751,0,CPM_DROP_PHY,6,3,699722439426,18895
veh3,699722439650,,12.6751,0,CPM_DROP_PHY,6,3,699722439650,19074
veh3,35721,,12.6978,0,CAM_DROP_PHY,2,3,35721,19128
veh3,699722439692,,12.7136,0,CPM_DROP_PHY,11,3,699722439692,19122
veh3,699722439774,,12.7178,0,CPM_DROP_PHY,2,3,699722439774,19142
veh3,699722439798,,12.7348,0,CPM_DROP_PHY,5,3,699722439798,19162
veh3,699722439818,,12.7373,0,CPM_DROP_PHY,7,3,699722439818,19181
veh3,699722439769,,12.7426,0,CPM_DROP_PHY,10,3,699722439769,19141
veh3,35866,,12.7546,0,CAM_DROP_PHY,9,3,35866,19208
veh3,699722439831,,12.7566,0,CPM_DROP_PHY,12,3,699722439831,19198
veh3,699722439866,,12.7668,0,CPM_DROP_PHY,4,3,699722439866,19232
veh3,699722439860,,12.7746,0,CPM_DROP_PHY,9,3,699722439860,19228
veh3,699722439857,,12.7751,0,CPM_DROP_PHY,6,3,699722439857,19226
veh3,35909,,12.7856,0,CAM_DROP_PHY,10,3,35909,19260
veh3,699722439904,,12.8136,0,CPM_DROP_PHY,11,3,699722439904,19277
veh3,35999,,12.8148,0,CAM_DROP_PHY,5,3,35999,19295
veh3,699722439986,,12.8178,0,CPM_DROP_PHY,2,3,699722439986,19297
veh3,699722439980,,12.8256,0,CPM_DROP_PHY,10,3,699722439980,19296
veh3,699722440009,,12.8348,0,CPM_DROP_PHY,5,3,699722440009,19320
veh3,36043,,12.8366,0,CAM_DROP_PHY,8,3,36043,19328
veh3,699722440031,,12.8373,0,CPM_DROP_PHY,7,3,699722440031,19341
veh3,36085,,12.8518,0,CAM_DROP_PHY,9,3,36085,19376
veh3,36092,,12.8551,0,CAM_DROP_PHY,6,3,36092,19383
veh3,699722440049,,12.8566,0,CPM_DROP_PHY,12,3,699722440049,19366
veh3,36067,,12.8573,0,CAM_DROP_PHY,7,3,36067,19364
veh3,699722440090,,12.8668,0,CPM_DROP_PHY,4,3,699722440090,19414
veh3,699722440084,,12.8718,0,CPM_DROP_PHY,9,3,699722440084,19405
veh3,699722440081,,12.8751,0,CPM_DROP_PHY,6,3,699722440081,19404
veh3,36152,,12.8978,0,CAM_DROP_PHY,2,3,36152,19462
veh3,699722440123,,12.9136,0,CPM_DROP_PHY,11,3,699722440123,19457
veh3,699722440315,,12.9178,0,CPM_DROP_PHY,2,3,699722440315,19478
veh3,699722440308,,12.9256,0,CPM_DROP_PHY,10,3,699722440308,19477
veh3,36349,,12.9268,0,CAM_DROP_PHY,4,3,36349,19496
veh3,36158,,12.9336,0,CAM_DROP_PHY,11,3,36158,19457
veh3,36384,12.9338,,0,CAM,3,,36384,-1
veh3,699722440340,,12.9348,0,CPM_DROP_PHY,5,3,699722440340,19498
veh3,36373,,12.9366,0,CAM_DROP_PHY,12,3,36373,19510
veh3,699722440368,,12.9373,0,CPM_DROP_PHY,7,3,699722440368,19529
veh3,36418,,12.9518,0,CAM_DROP_PHY,9,3,36418,19568
veh3,699722440382,,12.9566,0,CPM_DROP_PHY,12,3,699722440382,19552
veh3,699722440417,,12.9668,0,CPM_DROP_PHY,4,3,699722440417,19594
veh3,699722440412,,12.9718,0,CPM_DROP_PHY,9,3,699722440412,19589
veh3,699722440409,,12.9751,0,CPM_DROP_PHY,6,3,699722440409,19588
veh3,36460,,13.0026,0,CAM_DROP_PHY,10,3,36460,19620
veh3,699722440455,,13.0136,0,CPM_DROP_PHY,11,3,699722440455,19638
veh3,699722440538,,13.0178,0,CPM_DROP_PHY,2,3,699722440538,19656
veh3,699722440532,,13.0256,0,CPM_DROP_PHY,10,3,699722440532,19655
veh3,699722440559,,13.0348,0,CPM_DROP_PHY,5,3,699722440559,19672
veh3,699722440579,,13.0373,0,CPM_DROP_PHY,7,3,699722440579,19692
veh3,36627,,13.0518,0,CAM_DROP_PHY,9,3,36627,19719
veh3,699722440592,,13.0583,0,CPM_DROP_PHY,12,3,699722440592,19708
veh3,699722440627,,13.0668,0,CPM_DROP_PHY,4,3,699722440627,19748
veh3,699722440621,,13.0718,0,CPM_DROP_PHY,9,3,699722440621,19741
veh3,699722440618,,13.0751,0,CPM_DROP_PHY,6,3,699722440618,19739
veh3,36689,,13.0978,0,CAM_DROP_PHY,2,3,36689,19789
veh3,699722440651,,13.1041,0,CPM_DROP_PHY,8,3,699722440651,19782
veh3,699722440660,,13.1136,0,CPM_DROP_PHY,11,3,699722440660,19786
veh3,36761,,13.1148,0,CAM_DROP_PHY,5,3,36761,19806
veh3,699722440748,,13.1178,0,CPM_DROP_PHY,2,3,699722440748,19808
veh3,699722440741,,13.1256,0,CPM_DROP_PHY,10,3,699722440741,19807
veh3,699722440770,,13.1348,0,CPM_DROP_PHY,5,3,699722440770,19838
veh3,699722440787,,13.1373,0,CPM_DROP_PHY,7,3,699722440787,19859
veh3,36838,,13.1518,0,CAM_DROP_PHY,9,3,36838,19887
veh3,36845,,13.1551,0,CAM_DROP_PHY,6,3,36845,19894
veh3,36823,,13.1573,0,CAM_DROP_PHY,7,3,36823,19874
veh3,699722440803,,13.1583,0,CPM_DROP_PHY,12,3,699722440803,19876
veh3,699722440843,,13.1668,0,CPM_DROP_PHY,4,3,699722440843,19928
veh3,699722440837,,13.1718,0,CPM_DROP_PHY,9,3,699722440837,19916
veh3,699722440834,,13.1751,0,CPM_DROP_PHY,6,3,699722440834,19914
veh3,699722440873,,13.2136,0,CPM_DROP_PHY,11,3,699722440873,19968
veh3,699722440949,,13.2178,0,CPM_DROP_PHY,2,3,699722440949,19982
veh3,699722440943,,13.2256,0,CPM_DROP_PHY,10,3,699722440943,19981
veh3,36982,,13.2268,0,CAM_DROP_PHY,4,3,36982,19997
veh3,37009,13.2338,,0,CAM,3,,37009,-1
veh3,699722440972,,13.2348,0,CPM_DROP_PHY,5,3,699722440972,19999
veh3,699722440993,,13.2373,0,CPM_DROP_PHY,7,3,699722440993,20022
veh3,37040,,13.2518,0,CAM_DROP_PHY,9,3,37040,20054
veh3,699722441006,,13.2583,0,CPM_DROP_PHY,12,3,699722441006,20043
veh3,699722441037,,13.2668,0,CPM_DROP_PHY,4,3,699722441037,20083
veh3,699722441032,,13.2718,0,CPM_DROP_PHY,9,3,699722441032,20076
veh3,699722441029,,13.2751,0,CPM_DROP_PHY,6,3,699722441029,20074
veh3,37078,,13.2856,0,CAM_DROP_PHY,10,3,37078,20106
veh3,37099,,13.2978,0,CAM_DROP_PHY,2,3,37099,20128
veh3,699722441071,,13.3136,0,CPM_DROP_PHY,11,3,699722441071,20125
veh3,699722441150,,13.3178,0,CPM_DROP_PHY,2,3,699722441150,20148
veh3,699722441143,,13.3256,0,CPM_DROP_PHY,10,3,699722441143,20147
veh3,699722441170,,13.3348,0,CPM_DROP_PHY,5,3,699722441170,20166
veh3,699722441188,,13.3373,0,CPM_DROP_PHY,7,3,699722441188,20186
veh3,37334,,13.3518,0,CAM_DROP_PHY,9,3,37334,20214
veh3,699722441200,,13.3583,0,CPM_DROP_PHY,12,3,699722441200,20202
veh3,699722441331,,13.3668,0,CPM_DROP_PHY,4,3,699722441331,20242
veh3,699722441323,,13.3678,0,CPM_DROP_PHY,6,3,699722441323,20233
veh3,699722441326,,13.3718,0,CPM_DROP_PHY,9,3,699722441326,20235
veh3,37389,,13.3978,0,CAM_DROP_PHY,2,3,37389,20282
veh3,699722441361,,13.4136,0,CPM_DROP_PHY,11,3,699722441361,20280
veh3,37453,,13.4148,0,CAM_DROP_PHY,5,3,37453,20297
veh3,699722441438,,13.4178,0,CPM_DROP_PHY,2,3,699722441438,20300
veh3,699722441433,,13.4256,0,CPM_DROP_PHY,10,3,699722441433,20299
veh3,699722441459,,13.4348,0,CPM_DROP_PHY,5,3,699722441459,20324
veh3,699722441482,,13.4373,0,CPM_DROP_PHY,7,3,699722441482,20347
veh3,37490,,13.4383,0,CAM_DROP_PHY,12,3,37490,20334
veh3,37496,,13.4441,0,CAM_DROP_PHY,8,3,37496,20335
veh3,37533,,13.4518,0,CAM_DROP_PHY,9,3,37533,20385
veh3,37517,,13.4573,0,CAM_DROP_PHY,7,3,37517,20366
veh3,699722441498,,13.4583,0,CPM_DROP_PHY,12,3,699722441498,20368
veh3,37540,,13.4678,0,CAM_DROP_PHY,6,3,37540,20393
veh3,699722441529,,13.4678,0,CPM_DROP_PHY,6,3,699722441529,20393
veh3,699722441532,,13.4718,0,CPM_DROP_PHY,9,3,699722441532,20416
veh3,699722441536,,13.4823,0,CPM_DROP_PHY,4,3,699722441536,20424
veh3,37594,,13.4983,0,CAM_DROP_PHY,2,3,37594,20466
veh3,699722441566,,13.5136,0,CPM_DROP_PHY,11,3,699722441566,20464
veh3,699722441647,,13.5183,0,CPM_DROP_PHY,2,3,699722441647,20484
veh3,37680,,13.5223,0,CAM_DROP_PHY,4,3,37680,20500
veh3,699722441641,,13.5256,0,CPM_DROP_PHY,10,3,699722441641,20483
veh3,37600,,13.5336,0,CAM_DROP_PHY,11,3,37600,20464
veh3,37709,13.5338,,0,CAM,3,,37709,-1
veh3,699722441671,,13.5348,0,CPM_DROP_PHY,5,3,699722441671,20507
veh3,699722441693,,13.5373,0,CPM_DROP_PHY,7,3,699722441693,20539
veh3,37738,,13.5518,0,CAM_DROP_PHY,9,3,37738,20566
veh3,699722441704,,13.5583,0,CPM_DROP_PHY,12,3,699722441704,20555
veh3,699722441728,,13.5678,0,CPM_DROP_PHY,6,3,699722441728,20585
veh3,699722441734,,13.5823,0,CPM_DROP_PHY,4,3,699722441734,20594
veh3,699722441754,,13.6041,0,CPM_DROP_PHY,8,3,699722441754,20617
veh3,699722441764,,13.6136,0,CPM_DROP_PHY,11,3,699722441764,20625
veh3,699722441835,,13.6183,0,CPM_DROP_PHY,2,3,699722441835,20641
veh3,699722441829,,13.6256,0,CPM_DROP_PHY,10,3,699722441829,20640
veh3,699722441855,,13.6348,0,CPM_DROP_PHY,5,3,699722441855,20663
veh3,699722441872,,13.6373,0,CPM_DROP_PHY,7,3,699722441872,20682
veh3,37920,,13.6518,0,CAM_DROP_PHY,9,3,37920,20709
veh3,699722441886,,13.6583,0,CPM_DROP_PHY,12,3,699722441886,20698
veh3,699722441910,,13.6678,0,CPM_DROP_PHY,6,3,699722441910,20728
veh3,699722441916,,13.6823,0,CPM_DROP_PHY,4,3,699722441916,20737
veh3,37971,,13.6983,0,CAM_DROP_PHY,2,3,37971,20769
veh3,699722441943,,13.7136,0,CPM_DROP_PHY,11,3,699722441943,20767
veh3,38035,,13.7148,0,CAM_DROP_PHY,5,3,38035,20784
veh3,699722442021,,13.7183,0,CPM_DROP_PHY,2,3,699722442021,20787
veh3,699722442015,,13.7256,0,CPM_DROP_PHY,10,3,699722442015,20786
veh3,699722442043,,13.7348,0,CPM_DROP_PHY,5,3,699722442043,20813
veh3,699722442060,,13.7373,0,CPM_DROP_PHY,7,3,699722442060,20833
veh3,38109,,13.7518,0,CAM_DROP_PHY,9,3,38109,20862
veh3,38095,,13.7573,0,CAM_DROP_PHY,7,3,38095,20852
veh3,699722442075,,13.7583,0,CPM_DROP_PHY,12,3,699722442075,20854
veh3,38114,,13.7678,0,CAM_DROP_PHY,6,3,38114,20869
veh3,699722442101,,13.7678,0,CPM_DROP_PHY,6,3,699722442101,20869
veh3,699722442104,,13.7718,0,CPM_DROP_PHY,9,3,699722442104,20887
veh3,699722442109,,13.7823,0,CPM_DROP_PHY,4,3,699722442109,20895
veh3,38149,,13.7856,0,CAM_DROP_PHY,10,3,38149,20915
veh3,699722442142,,13.8013,0,CPM_DROP_PHY,11,3,699722442142,20939
veh3,699722442315,,13.8183,0,CPM_DROP_PHY,2,3,699722442315,20958
veh3,38347,,13.8223,0,CAM_DROP_PHY,4,3,38347,20971
veh3,38376,13.8338,,0,CAM,3,,38376,-1
veh3,699722442338,,13.8348,0,CPM_DROP_PHY,5,3,699722442338,20978
veh3,699722442208,,13.8426,0,CPM_DROP_PHY,10,3,699722442208,20957
veh3,38403,,13.8518,0,CAM_DROP_PHY,9,3,38403,21026
veh3,699722442360,,13.8538,0,CPM_DROP_PHY,7,3,699722442360,21003
veh3,699722442371,,13.8583,0,CPM_DROP_PHY,12,3,699722442371,21019
veh3,699722442392,,13.8678,0,CPM_DROP_PHY,6,3,699722442392,21046
veh3,699722442398,,13.8823,0,CPM_DROP_PHY,4,3,699722442398,21054
veh3,38452,,13.8983,0,CAM_DROP_PHY,2,3,38452,21091
veh3,699722442424,,13.9013,0,CPM_DROP_PHY,11,3,699722442424,21088
veh3,699722442498,,13.9183,0,CPM_DROP_PHY,2,3,699722442498,21109
veh3,38457,,13.9213,0,CAM_DROP_PHY,11,3,38457,21088
veh3,699722442492,,13.9256,0,CPM_DROP_PHY,10,3,699722442492,21108
veh3,699722442518,,13.9278,0,CPM_DROP_PHY,5,3,699722442518,21130
veh3,38548,,13.9383,0,CAM_DROP_PHY,12,3,38548,21140
veh3,38582,,13.9518,0,CAM_DROP_PHY,9,3,38582,21186
veh3,699722442538,,13.9538,0,CPM_DROP_PHY,7,3,699722442538,21153
veh3,699722442549,,13.9583,0,CPM_DROP_PHY,12,3,699722442549,21172
veh3,699722442573,,13.9678,0,CPM_DROP_PHY,6,3,699722442573,21205
veh3,699722442578,,13.9823,0,CPM_DROP_PHY,4,3,699722442578,21213
veh3,699722442605,,14.0013,0,CPM_DROP_PHY,11,3,699722442605,21247
veh3,38694,,14.0078,0,CAM_DROP_PHY,5,3,38694,21259
veh3,699722442681,,14.0183,0,CPM_DROP_PHY,2,3,699722442681,21267
veh3,38634,,14.0213,0,CAM_DROP_PHY,11,3,38634,21247
veh3,699722442676,,14.0266,0,CPM_DROP_PHY,10,3,699722442676,21265
veh3,699722442701,,14.0278,0,CPM_DROP_PHY,5,3,699722442701,21286
veh3,699722442719,,14.0538,0,CPM_DROP_PHY,7,3,699722442719,21314
veh3,38752,,14.0538,0,CAM_DROP_PHY,7,3,38752,21314
veh3,699722442732,,14.0583,0,CPM_DROP_PHY,12,3,699722442732,21329
veh3,38770,,14.0678,0,CAM_DROP_PHY,6,3,38770,21341
veh3,699722442757,,14.0678,0,CPM_DROP_PHY,6,3,699722442757,21341
veh3,38766,,14.0696,0,CAM_DROP_PHY,9,3,38766,21340
veh3,699722442763,,14.0706,0,CPM_DROP_PHY,4,3,699722442763,21360
veh3,38821,,14.0983,0,CAM_DROP_PHY,2,3,38821,21405
veh3,699722442792,,14.1013,0,CPM_DROP_PHY,11,3,699722442792,21402
veh3,699722442785,,14.1041,0,CPM_DROP_PHY,8,3,699722442785,21396
veh3,699722442872,,14.1183,0,CPM_DROP_PHY,2,3,699722442872,21426
veh3,38825,,14.1213,0,CAM_DROP_PHY,11,3,38825,21402
veh3,699722442867,,14.1266,0,CPM_DROP_PHY,10,3,699722442867,21423
veh3,699722442897,,14.1278,0,CPM_DROP_PHY,5,3,699722442897,21451
veh3,38906,,14.1306,0,CAM_DROP_PHY,4,3,38906,21444
veh3,38936,14.1338,,0,CAM,3,,38936,-1
veh3,699722442919,,14.1538,0,CPM_DROP_PHY,7,3,699722442919,21483
veh3,699722442930,,14.1566,0,CPM_DROP_PHY,12,3,699722442930,21498
veh3,38963,,14.1696,0,CAM_DROP_PHY,9,3,38963,21508
veh3,699722442960,,14.1706,0,CPM_DROP_PHY,4,3,699722442960,21529
veh3,699722442955,,14.1738,0,CPM_DROP_PHY,6,3,699722442955,21523
veh3,699722442988,,14.2013,0,CPM_DROP_PHY,11,3,699722442988,21568
veh3,699722443065,,14.2183,0,CPM_DROP_PHY,2,3,699722443065,21585
veh3,39017,,14.2213,0,CAM_DROP_PHY,11,3,39017,21568
veh3,699722443059,,14.2266,0,CPM_DROP_PHY,10,3,699722443059,21582
veh3,699722443084,,14.2278,0,CPM_DROP_PHY,5,3,699722443084,21602
veh3,39119,,14.2441,0,CAM_DROP_PHY,8,3,39119,21617
veh3,699722443104,,14.2538,0,CPM_DROP_PHY,7,3,699722443104,21628
veh3,699722443115,,14.2566,0,CPM_DROP_PHY,12,3,699722443115,21642
veh3,39149,,14.2696,0,CAM_DROP_PHY,9,3,39149,21654
veh3,699722443141,,14.2696,0,CPM_DROP_PHY,9,3,699722443141,21654
veh3,699722443146,,14.2706,0,CPM_DROP_PHY,4,3,699722443146,21681
veh3,699722443139,,14.2738,0,CPM_DROP_PHY,6,3,699722443139,21674
veh3,39202,,14.2983,0,CAM_DROP_PHY,2,3,39202,21725
veh3,699722443174,,14.3013,0,CPM_DROP_PHY,11,3,699722443174,21720
veh3,39367,,14.3078,0,CAM_DROP_PHY,5,3,39367,21737
veh3,699722443353,,14.3183,0,CPM_DROP_PHY,2,3,699722443353,21745
veh3,39206,,14.3213,0,CAM_DROP_PHY,11,3,39206,21720
veh3,699722443348,,14.3266,0,CPM_DROP_PHY,10,3,699722443348,21742
veh3,699722443372,,14.3278,0,CPM_DROP_PHY,5,3,699722443372,21767
veh3,39440,,14.3538,0,CAM_DROP_PHY,6,3,39440,21821
veh3,699722443390,,14.3538,0,CPM_DROP_PHY,7,3,699722443390,21795
veh3,39423,,14.3538,0,CAM_DROP_PHY,7,3,39423,21795
veh3,699722443403,,14.3566,0,CPM_DROP_PHY,12,3,699722443403,21810
veh3,39436,,14.3696,0,CAM_DROP_PHY,9,3,39436,21820
veh3,699722443435,,14.3706,0,CPM_DROP_PHY,4,3,699722443435,21849
veh3,699722443429,,14.3738,0,CPM_DROP_PHY,6,3,699722443429,21843
veh3,39475,,14.3866,0,CAM_DROP_PHY,10,3,39475,21877
veh3,699722443467,,14.4016,0,CPM_DROP_PHY,11,3,699722443467,21895
veh3,699722443541,,14.4183,0,CPM_DROP_PHY,2,3,699722443541,21917
veh3,39496,,14.4216,0,CAM_DROP_PHY,11,3,39496,21895
veh3,699722443536,,14.4266,0,CPM_DROP_PHY,10,3,699722443536,21914
veh3,699722443563,,14.4278,0,CPM_DROP_PHY,5,3,699722443563,21933
veh3,39573,,14.4306,0,CAM_DROP_PHY,4,3,39573,21925
veh3,39601,14.4338,,0,CAM,3,,39601,-1
veh3,699722443584,,14.4538,0,CPM_DROP_PHY,7,3,699722443584,21964
veh3,699722443595,,14.4566,0,CPM_DROP_PHY,12,3,699722443595,21979
veh3,39628,,14.4696,0,CAM_DROP_PHY,9,3,39628,21988
veh3,699722443622,,14.4706,0,CPM_DROP_PHY,4,3,699722443622,22009
veh3,699722443617,,14.4738,0,CPM_DROP_PHY,6,3,699722443617,22003
veh3,39678,,14.4983,0,CAM_DROP_PHY,2,3,39678,22053
veh3,699722443650,,14.5016,0,CPM_DROP_PHY,11,3,699722443650,22048
veh3,699722443726,,14.5183,0,CPM_DROP_PHY,2,3,699722443726,22073
veh3,699722443721,,14.5266,0,CPM_DROP_PHY,10,3,699722443721,22070
veh3,699722443744,,14.5278,0,CPM_DROP_PHY,5,3,699722443744,22088
veh3,39774,,14.5366,0,CAM_DROP_PHY,12,3,39774,22097
veh3,699722443763,,14.5538,0,CPM_DROP_PHY,7,3,699722443763,22109
veh3,699722443775,,14.5566,0,CPM_DROP_PHY,12,3,699722443775,22127
veh3,39809,,14.5696,0,CAM_DROP_PHY,9,3,39809,22139
veh3,699722443803,,14.5706,0,CPM_DROP_PHY,4,3,699722443803,22160
veh3,699722443798,,14.5738,0,CPM_DROP_PHY,6,3,699722443798,22154
veh3,699722443834,,14.6016,0,CPM_DROP_PHY,11,3,699722443834,22200
veh3,699722443827,,14.6026,0,CPM_DROP_PHY,8,3,699722443827,22195
veh3,39925,,14.6078,0,CAM_DROP_PHY,5,3,39925,22219
veh3,39864,,14.6216,0,CAM_DROP_PHY,11,3,39864,22200
veh3,699722443911,,14.6226,0,CPM_DROP_PHY,2,3,699722443911,22228
veh3,699722443906,,14.6266,0,CPM_DROP_PHY,10,3,699722443906,22224
veh3,699722443930,,14.6278,0,CPM_DROP_PHY,5,3,699722443930,22246
veh3,39999,,14.6538,0,CAM_DROP_PHY,6,3,39999,22300
veh3,699722443948,,14.6538,0,CPM_DROP_PHY,7,3,699722443948,22275
veh3,39982,,14.6538,0,CAM_DROP_PHY,7,3,39982,22275
veh3,699722443962,,14.6566,0,CPM_DROP_PHY,12,3,699722443962,22290
veh3,39995,,14.6696,0,CAM_DROP_PHY,9,3,39995,22299
veh3,699722443997,,14.6696,0,CPM_DROP_PHY,4,3,699722443997,22328
veh3,699722443991,,14.6738,0,CPM_DROP_PHY,6,3,699722443991,22321
veh3,699722444024,,14.7016,0,CPM_DROP_PHY,11,3,699722444024,22367
veh3,40051,,14.7026,0,CAM_DROP_PHY,2,3,40051,22372
veh3,699722444096,,14.7226,0,CPM_DROP_PHY,2,3,699722444096,22391
veh3,699722444091,,14.7233,0,CPM_DROP_PHY,10,3,699722444091,22389
veh3,699722444118,,14.7278,0,CPM_DROP_PHY,5,3,699722444118,22406
veh3,40127,,14.7296,0,CAM_DROP_PHY,4,3,40127,22400
veh3,40160,14.7338,,0,CAM,3,,40160,-1
veh3,40154,,14.7426,0,CAM_DROP_PHY,8,3,40154,22420
veh3,699722444143,,14.7538,0,CPM_DROP_PHY,7,3,699722444143,22434
veh3,699722444154,,14.7566,0,CPM_DROP_PHY,12,3,699722444154,22454
veh3,40188,,14.7631,0,CAM_DROP_PHY,9,3,40188,22464
veh3,699722444181,,14.7631,0,CPM_DROP_PHY,9,3,699722444181,22464
veh3,699722444187,,14.7696,0,CPM_DROP_PHY,4,3,699722444187,22492
veh3,699722444178,,14.7738,0,CPM_DROP_PHY,6,3,699722444178,22481
veh3,699722444213,,14.8016,0,CPM_DROP_PHY,11,3,699722444213,22528
veh3,40240,,14.8026,0,CAM_DROP_PHY,2,3,40240,22533
veh3,40245,,14.8216,0,CAM_DROP_PHY,11,3,40245,22528
veh3,699722444390,,14.8226,0,CPM_DROP_PHY,2,3,699722444390,22553
veh3,699722444385,,14.8233,0,CPM_DROP_PHY,10,3,699722444385,22551
veh3,699722444410,,14.8286,0,CPM_DROP_PHY,5,3,699722444410,22570
veh3,699722444429,,14.8538,0,CPM_DROP_PHY,7,3,699722444429,22596
veh3,699722444440,,14.8566,0,CPM_DROP_PHY,12,3,699722444440,22614
veh3,40473,,14.8631,0,CAM_DROP_PHY,9,3,40473,22619
veh3,699722444470,,14.8696,0,CPM_DROP_PHY,4,3,699722444470,22643
veh3,699722444462,,14.8738,0,CPM_DROP_PHY,6,3,699722444462,22633
veh3,699722444496,,14.9016,0,CPM_DROP_PHY,11,3,699722444496,22679
veh3,40525,,14.9026,0,CAM_DROP_PHY,2,3,40525,22684
veh3,40585,,14.9086,0,CAM_DROP_PHY,5,3,40585,22699
veh3,699722444572,,14.9226,0,CPM_DROP_PHY,2,3,699722444572,22707
veh3,699722444567,,14.9233,0,CPM_DROP_PHY,10,3,699722444567,22704
veh3,699722444592,,14.9286,0,CPM_DROP_PHY,5,3,699722444592,22725
veh3,40659,,14.9538,0,CAM_DROP_PHY,6,3,40659,22773
veh3,699722444609,,14.9538,0,CPM_DROP_PHY,7,3,699722444609,22748
veh3,40643,,14.9538,0,CAM_DROP_PHY,7,3,40643,22748
veh3,699722444623,,14.9566,0,CPM_DROP_PHY,12,3,699722444623,22766
veh3,40655,,14.9631,0,CAM_DROP_PHY,9,3,40655,22772
veh3,699722444654,,14.9696,0,CPM_DROP_PHY,4,3,699722444654,22803
veh3,699722444648,,14.9738,0,CPM_DROP_PHY,6,3,699722444648,22793
veh3,40695,,14.9833,0,CAM_DROP_PHY,10,3,40695,22833
veh3,699722444685,,15.0088,0,CPM_DROP_PHY,11,3,699722444685,22845
veh3,699722444757,,15.0226,0,CPM_DROP_PHY,2,3,699722444757,22864
veh3,699722444750,,15.0233,0,CPM_DROP_PHY,10,3,699722444750,22859
veh3,699722444779,,15.0286,0,CPM_DROP_PHY,5,3,699722444779,22878
veh3,40716,,15.0288,0,CAM_DROP_PHY,11,3,40716,22845
veh3,40788,,15.0296,0,CAM_DROP_PHY,4,3,40788,22873
veh3,40818,15.0338,,0,CAM,3,,40818,-1
veh3,699722444801,,15.0538,0,CPM_DROP_PHY,7,3,699722444801,22911
veh3,699722444814,,15.0566,0,CPM_DROP_PHY,12,3,699722444814,22933
veh3,40846,,15.0631,0,CAM_DROP_PHY,9,3,40846,22940
veh3,699722444841,,15.0696,0,CPM_DROP_PHY,4,3,699722444841,22962
veh3,699722444834,,15.0738,0,CPM_DROP_PHY,6,3,699722444834,22953
veh3,699722444862,,15.0871,0,CPM_DROP_PHY,8,3,699722444862,22996
veh3,40900,,15.1026,0,CAM_DROP_PHY,2,3,40900,23013
veh3,699722444872,,15.1088,0,CPM_DROP_PHY,11,3,699722444872,23006
veh3,699722444942,,15.1226,0,CPM_DROP_PHY,2,3,699722444942,23027
veh3,699722444935,,15.1233,0,CPM_DROP_PHY,10,3,699722444935,23022
veh3,699722444962,,15.1286,0,CPM_DROP_PHY,5,3,699722444962,23044
veh3,40991,,15.1333,0,CAM_DROP_PHY,12,3,40991,23052
veh3,699722444995,,15.1533,0,CPM_DROP_PHY,12,3,699722444995,23089
veh3,699722444983,,15.1538,0,CPM_DROP_PHY,7,3,699722444983,23072
veh3,41028,,15.1631,0,CAM_DROP_PHY,9,3,41028,23099
veh3,699722445020,,15.1738,0,CPM_DROP_PHY,6,3,699722445020,23112
veh3,699722445027,,15.1836,0,CPM_DROP_PHY,4,3,699722445027,23122
veh3,41136,,15.2086,0,CAM_DROP_PHY,5,3,41136,23169
veh3,699722445054,,15.2088,0,CPM_DROP_PHY,11,3,699722445054,23161
veh3,699722445124,,15.2226,0,CPM_DROP_PHY,2,3,699722445124,23177
veh3,699722445117,,15.2233,0,CPM_DROP_PHY,10,3,699722445117,23173
veh3,699722445143,,15.2286,0,CPM_DROP_PHY,5,3,699722445143,23195
veh3,699722445173,,15.2533,0,CPM_DROP_PHY,12,3,699722445173,23230
veh3,41210,,15.2538,0,CAM_DROP_PHY,6,3,41210,23240
veh3,699722445160,,15.2538,0,CPM_DROP_PHY,7,3,699722445160,23221
veh3,41193,,15.2538,0,CAM_DROP_PHY,7,3,41193,23221
veh3,41206,,15.2616,0,CAM_DROP_PHY,9,3,41206,23236
veh3,699722445201,,15.2738,0,CPM_DROP_PHY,6,3,699722445201,23264
veh3,699722445204,,15.2816,0,CPM_DROP_PHY,9,3,699722445204,23265
veh3,699722445209,,15.2836,0,CPM_DROP_PHY,4,3,699722445209,23275
veh3,41266,,15.3026,0,CAM_DROP_PHY,2,3,41266,23324
veh3,699722445238,,15.3088,0,CPM_DROP_PHY,11,3,699722445238,23320
veh3,699722445402,,15.3226,0,CPM_DROP_PHY,2,3,699722445402,23338
veh3,699722445396,,15.3233,0,CPM_DROP_PHY,10,3,699722445396,23334
veh3,41434,,15.3236,0,CAM_DROP_PHY,4,3,41434,23351
veh3,699722445424,,15.3286,0,CPM_DROP_PHY,5,3,699722445424,23357
veh3,41467,15.3338,,0,CAM,3,,41467,-1
veh3,699722445450,,15.3438,0,CPM_DROP_PHY,7,3,699722445450,23390
veh3,41461,,15.3471,0,CAM_DROP_PHY,8,3,41461,23378
veh3,699722445459,,15.3533,0,CPM_DROP_PHY,12,3,699722445459,23402
veh3,41494,,15.3616,0,CAM_DROP_PHY,9,3,41494,23416
veh3,699722445484,,15.3738,0,CPM_DROP_PHY,6,3,699722445484,23435
veh3,699722445490,,15.3836,0,CPM_DROP_PHY,4,3,699722445490,23445
veh3,699722445516,,15.4088,0,CPM_DROP_PHY,11,3,699722445516,23481
veh3,699722445578,,15.4226,0,CPM_DROP_PHY,2,3,699722445578,23494
veh3,699722445571,,15.4233,0,CPM_DROP_PHY,10,3,699722445571,23490
veh3,699722445596,,15.4286,0,CPM_DROP_PHY,5,3,699722445596,23508
veh3,699722445613,,15.4438,0,CPM_DROP_PHY,7,3,699722445613,23532
veh3,699722445624,,15.4533,0,CPM_DROP_PHY,12,3,699722445624,23544
veh3,41657,,15.4616,0,CAM_DROP_PHY,9,3,41657,23554
veh3,699722445647,,15.4738,0,CPM_DROP_PHY,6,3,699722445647,23570
veh3,699722445654,,15.4836,0,CPM_DROP_PHY,4,3,699722445654,23580
veh3,41708,,15.5026,0,CAM_DROP_PHY,2,3,41708,23618
veh3,41761,,15.5086,0,CAM_DROP_PHY,5,3,41761,23629
veh3,699722445680,,15.5088,0,CPM_DROP_PHY,11,3,699722445680,23616
veh3,699722445749,,15.5226,0,CPM_DROP_PHY,2,3,699722445749,23637
veh3,699722445743,,15.5233,0,CPM_DROP_PHY,10,3,699722445743,23633
veh3,699722445767,,15.5286,0,CPM_DROP_PHY,5,3,699722445767,23660
veh3,699722445784,,15.5438,0,CPM_DROP_PHY,7,3,699722445784,23683
veh3,699722445796,,15.5533,0,CPM_DROP_PHY,12,3,699722445796,23697
veh3,41816,,15.5573,0,CAM_DROP_PHY,7,3,41816,23695
veh3,41829,,15.5616,0,CAM_DROP_PHY,9,3,41829,23707
veh3,41834,,15.5618,0,CAM_DROP_PHY,6,3,41834,23711
veh3,699722445822,,15.5618,0,CPM_DROP_PHY,6,3,699722445822,23711
veh3,41868,,15.5833,0,CAM_DROP_PHY,10,3,41868,23760
veh3,699722445830,,15.5836,0,CPM_DROP_PHY,4,3,699722445830,23742
veh3,699722445860,,15.6088,0,CPM_DROP_PHY,11,3,699722445860,23784
veh3,699722445924,,15.6228,0,CPM_DROP_PHY,2,3,699722445924,23799
veh3,699722445917,,15.6233,0,CPM_DROP_PHY,10,3,699722445917,23795
veh3,41954,,15.6236,0,CAM_DROP_PHY,4,3,41954,23807
veh3,699722445941,,15.6286,0,CPM_DROP_PHY,5,3,699722445941,23814
veh3,41890,,15.6288,0,CAM_DROP_PHY,11,3,41890,23784
veh3,41981,15.6338,,0,CAM,3,,41981,-1
veh3,699722445964,,15.6438,0,CPM_DROP_PHY,7,3,699722445964,23849
veh3,699722445974,,15.6533,0,CPM_DROP_PHY,12,3,699722445974,23865
veh3,42007,,15.6616,0,CAM_DROP_PHY,9,3,42007,23875
veh3,699722446000,,15.6618,0,CPM_DROP_PHY,6,3,699722446000,23892
veh3,699722446009,,15.6736,0,CPM_DROP_PHY,4,3,699722446009,23905
veh3,699722446029,,15.6953,0,CPM_DROP_PHY,8,3,699722446029,23931
veh3,699722446036,,15.7023,0,CPM_DROP_PHY,11,3,699722446036,23939
veh3,42066,,15.7028,0,CAM_DROP_PHY,2,3,42066,23945
veh3,699722446102,,15.7228,0,CPM_DROP_PHY,2,3,699722446102,23962
veh3,699722446096,,15.7233,0,CPM_DROP_PHY,10,3,699722446096,23961
veh3,699722446117,,15.7286,0,CPM_DROP_PHY,5,3,699722446117,23983
veh3,42148,,15.7333,0,CAM_DROP_PHY,12,3,42148,23989
veh3,699722446140,,15.7438,0,CPM_DROP_PHY,7,3,699722446140,24008
veh3,699722446150,,15.7533,0,CPM_DROP_PHY,12,3,699722446150,24024
veh3,42185,,15.7616,0,CAM_DROP_PHY,9,3,42185,24041
veh3,699722446172,,15.7618,0,CPM_DROP_PHY,6,3,699722446172,24053
veh3,699722446180,,15.7736,0,CPM_DROP_PHY,4,3,699722446180,24064
veh3,699722446205,,15.8023,0,CPM_DROP_PHY,11,3,699722446205,24097
veh3,42232,,15.8028,0,CAM_DROP_PHY,2,3,42232,24099
veh3,42285,,15.8086,0,CAM_DROP_PHY,5,3,42285,24112
veh3,699722446271,,15.8228,0,CPM_DROP_PHY,2,3,699722446271,24118
veh3,699722446265,,15.8281,0,CPM_DROP_PHY,10,3,699722446265,24117
veh3,699722446288,,15.8286,0,CPM_DROP_PHY,5,3,699722446288,24142
veh3,42317,,15.8333,0,CAM_DROP_PHY,12,3,42317,24147
veh3,699722446409,,15.8438,0,CPM_DROP_PHY,7,3,699722446409,24165
veh3,699722446421,,15.8533,0,CPM_DROP_PHY,12,3,699722446421,24184
veh3,42441,,15.8573,0,CAM_DROP_PHY,7,3,42441,24181
veh3,42456,,15.8616,0,CAM_DROP_PHY,9,3,42456,24201
veh3,42459,,15.8618,0,CAM_DROP_PHY,6,3,42459,24202
veh3,699722446446,,15.8618,0,CPM_DROP_PHY,6,3,699722446446,24202
veh3,699722446455,,15.8736,0,CPM_DROP_PHY,4,3,699722446455,24231
veh3,699722446450,,15.8816,0,CPM_DROP_PHY,9,3,699722446450,24221
veh3,699722446483,,15.9023,0,CPM_DROP_PHY,11,3,699722446483,24272
veh3,42510,,15.9028,0,CAM_DROP_PHY,2,3,42510,24275
veh3,699722446544,,15.9228,0,CPM_DROP_PHY,2,3,699722446544,24291
veh3,699722446562,,15.9253,0,CPM_DROP_PHY,5,3,699722446562,24311
veh3,42592,,15.9333,0,CAM_DROP_PHY,12,3,42592,24320
veh3,42575,,15.9336,0,CAM_DROP_PHY,4,3,42575,24303
veh3,42604,15.9338,,0,CAM,3,,42604,-1
veh3,699722446539,,15.9373,0,CPM_DROP_PHY,10,3,699722446539,24290
veh3,699722446587,,15.9373,0,CPM_DROP_PHY,7,3,699722446587,24340
veh3,699722446597,,15.9533,0,CPM_DROP_PHY,12,3,699722446597,24356
veh3,42633,,15.9616,0,CAM_DROP_PHY,9,3,42633,24377
veh3,699722446619,,15.9618,0,CPM_DROP_PHY,6,3,699722446619,24389
veh3,699722446627,,15.9736,0,CPM_DROP_PHY,4,3,699722446627,24400
veh3,699722446653,,16.0023,0,CPM_DROP_PHY,11,3,699722446653,24433
veh3,42681,,16.0028,0,CAM_DROP_PHY,2,3,42681,24435
veh3,699722446714,,16.0228,0,CPM_DROP_PHY,2,3,699722446714,24452
veh3,699722446730,,16.0253,0,CPM_DROP_PHY,5,3,699722446730,24470
veh3,699722446709,,16.0281,0,CPM_DROP_PHY,10,3,699722446709,24450
veh3,42760,,16.0301,0,CAM_DROP_PHY,12,3,42760,24479
veh3,699722446752,,16.0373,0,CPM_DROP_PHY,7,3,699722446752,24498
veh3,699722446762,,16.0501,0,CPM_DROP_PHY,12,3,699722446762,24511
veh3,42797,,16.0616,0,CAM_DROP_PHY,9,3,42797,24531
veh3,699722446784,,16.0618,0,CPM_DROP_PHY,6,3,699722446784,24540
veh3,699722446790,,16.0736,0,CPM_DROP_PHY,4,3,699722446790,24551
veh3,699722446816,,16.1023,0,CPM_DROP_PHY,11,3,699722446816,24584
veh3,699722446877,,16.1228,0,CPM_DROP_PHY,2,3,699722446877,24600
veh3,42892,,16.1253,0,CAM_DROP_PHY,5,3,42892,24595
veh3,699722446892,,16.1253,0,CPM_DROP_PHY,5,3,699722446892,24595
veh3,699722446871,,16.1281,0,CPM_DROP_PHY,10,3,699722446871,24598
veh3,42921,,16.1301,0,CAM_DROP_PHY,12,3,42921,24623
veh3,42929,,16.1353,0,CAM_DROP_PHY,8,3,42929,24630
veh3,699722446916,,16.1373,0,CPM_DROP_PHY,7,3,699722446916,24646
veh3,699722446930,,16.1501,0,CPM_DROP_PHY,12,3,699722446930,24663
veh3,42951,,16.1573,0,CAM_DROP_PHY,7,3,42951,24660
veh3,42971,,16.1618,0,CAM_DROP_PHY,6,3,42971,24686
veh3,699722446956,,16.1618,0,CPM_DROP_PHY,6,3,699722446956,24686
veh3,42967,,16.1621,0,CAM_DROP_PHY,9,3,42967,24683
veh3,699722446966,,16.1736,0,CPM_DROP_PHY,4,3,699722446966,24713
veh3,43006,,16.1881,0,CAM_DROP_PHY,10,3,43006,24732
veh3,699722446996,,16.2023,0,CPM_DROP_PHY,11,3,699722446996,24749
veh3,43024,,16.2028,0,CAM_DROP_PHY,2,3,43024,24752
veh3,43029,,16.2223,0,CAM_DROP_PHY,11,3,43029,24749
veh3,699722447063,,16.2228,0,CPM_DROP_PHY,2,3,699722447063,24773
veh3,699722447082,,16.2253,0,CPM_DROP_PHY,5,3,699722447082,24794
veh3,699722447058,,16.2281,0,CPM_DROP_PHY,10,3,699722447058,24771
veh3,43112,,16.2301,0,CAM_DROP_PHY,12,3,43112,24804
veh3,43094,,16.2336,0,CAM_DROP_PHY,4,3,43094,24784
veh3,43125,16.2338,,0,CAM,3,,43125,-1
veh3,699722447107,,16.2373,0,CPM_DROP_PHY,7,3,699722447107,24827
veh3,699722447117,,16.2501,0,CPM_DROP_PHY,12,3,699722447117,24844
veh3,699722447140,,16.2618,0,CPM_DROP_PHY,6,3,699722447140,24874
veh3,43154,,16.2621,0,CAM_DROP_PHY,9,3,43154,24868
veh3,699722447147,,16.2736,0,CPM_DROP_PHY,4,3,699722447147,24890
veh3,699722447167,,16.2953,0,CPM_DROP_PHY,8,3,699722447167,24914
veh3,699722447176,,16.3023,0,CPM_DROP_PHY,11,3,699722447176,24922
veh3,699722447236,,16.3228,0,CPM_DROP_PHY,2,3,699722447236,24943
veh3,699722447250,,16.3253,0,CPM_DROP_PHY,5,3,699722447250,24958
veh3,699722447230,,16.3281,0,CPM_DROP_PHY,10,3,699722447230,24941
veh3,699722447268,,16.3373,0,CPM_DROP_PHY,7,3,699722447268,24981
veh3,699722447278,,16.3501,0,CPM_DROP_PHY,12,3,699722447278,24994
veh3,699722447298,,16.3618,0,CPM_DROP_PHY,6,3,699722447298,25017
veh3,43313,,16.3621,0,CAM_DROP_PHY,9,3,43313,25011
veh3,699722447306,,16.3736,0,CPM_DROP_PHY,4,3,699722447306,25033
veh3,699722447430,,16.4023,0,CPM_DROP_PHY,11,3,699722447430,25064
veh3,43458,,16.4028,0,CAM_DROP_PHY,2,3,43458,25066
veh3,43509,,16.4173,0,CAM_DROP_PHY,5,3,43509,25079
veh3,699722447494,,16.4228,0,CPM_DROP_PHY,2,3,699722447494,25084
veh3,699722447489,,16.4281,0,CPM_DROP_PHY,10,3,699722447489,25082
veh3,43539,,16.4301,0,CAM_DROP_PHY,12,3,43539,25111
veh3,699722447510,,16.4373,0,CPM_DROP_PHY,5,3,699722447510,25105
veh3,699722447530,,16.4373,0,CPM_DROP_PHY,7,3,699722447530,25130
veh3,699722447543,,16.4501,0,CPM_DROP_PHY,12,3,699722447543,25147
veh3,43563,,16.4573,0,CAM_DROP_PHY,7,3,43563,25144
veh3,43585,,16.4618,0,CAM_DROP_PHY,6,3,43585,25172
veh3,699722447570,,16.4618,0,CPM_DROP_PHY,6,3,699722447570,25172
veh3,43580,,16.4621,0,CAM_DROP_PHY,9,3,43580,25168
veh3,699722447581,,16.4736,0,CPM_DROP_PHY,4,3,699722447581,25201
veh3,699722447575,,16.4821,0,CPM_DROP_PHY,9,3,699722447575,25189
veh3,699722447608,,16.5023,0,CPM_DROP_PHY,11,3,699722447608,25239
veh3,699722447666,,16.5228,0,CPM_DROP_PHY,2,3,699722447666,25255
veh3,699722447660,,16.5281,0,CPM_DROP_PHY,10,3,699722447660,25253
veh3,43696,,16.5336,0,CAM_DROP_PHY,4,3,43696,25263
veh3,43722,16.5338,,0,CAM,3,,43722,-1
veh3,699722447685,,16.5373,0,CPM_DROP_PHY,5,3,699722447685,25271
veh3,699722447704,,16.5373,0,CPM_DROP_PHY,7,3,699722447704,25289
veh3,699722447714,,16.5501,0,CPM_DROP_PHY,12,3,699722447714,25306
veh3,699722447736,,16.5618,0,CPM_DROP_PHY,6,3,699722447736,25338
veh3,43749,,16.5621,0,CAM_DROP_PHY,9,3,43749,25328
veh3,699722447743,,16.5736,0,CPM_DROP_PHY,4,3,699722447743,25353
veh3,43781,,16.5881,0,CAM_DROP_PHY,10,3,43781,25372
veh3,699722447772,,16.6023,0,CPM_DROP_PHY,11,3,699722447772,25388
veh3,43800,,16.6028,0,CAM_DROP_PHY,2,3,43800,25390
veh3,699722447840,,16.6228,0,CPM_DROP_PHY,2,3,699722447840,25411
veh3,699722447835,,16.6281,0,CPM_DROP_PHY,10,3,699722447835,25409
veh3,699722447856,,16.6373,0,CPM_DROP_PHY,5,3,699722447856,25430
veh3,699722447872,,16.6373,0,CPM_DROP_PHY,7,3,699722447872,25445
veh3,699722447882,,16.6501,0,CPM_DROP_PHY,12,3,699722447882,25461
veh3,699722447903,,16.6618,0,CPM_DROP_PHY,6,3,699722447903,25489
veh3,43917,,16.6621,0,CAM_DROP_PHY,9,3,43917,25479
veh3,699722447913,,16.6736,0,CPM_DROP_PHY,4,3,699722447913,25504
veh3,43951,,16.6881,0,CAM_DROP_PHY,10,3,43951,25523
veh3,699722447942,,16.7023,0,CPM_DROP_PHY,11,3,699722447942,25539
veh3,44021,,16.7173,0,CAM_DROP_PHY,5,3,44021,25555
veh3,699722448001,,16.7281,0,CPM_DROP_PHY,10,3,699722448001,25557
veh3,44050,,16.7301,0,CAM_DROP_PHY,12,3,44050,25579
veh3,699722448021,,16.7373,0,CPM_DROP_PHY,5,3,699722448021,25573
veh3,44059,,16.7391,0,CAM_DROP_PHY,8,3,44059,25587
veh3,699722448056,,16.7501,0,CPM_DROP_PHY,12,3,699722448056,25610
veh3,699722448044,,16.7558,0,CPM_DROP_PHY,7,3,699722448044,25594
veh3,44077,,16.7558,0,CAM_DROP_PHY,7,3,44077,25594
veh3,44096,,16.7618,0,CAM_DROP_PHY,6,3,44096,25636
veh3,699722448083,,16.7618,0,CPM_DROP_PHY,6,3,699722448083,25636
veh3,44091,,16.7621,0,CAM_DROP_PHY,9,3,44091,25629
veh3,699722448090,,16.7736,0,CPM_DROP_PHY,4,3,699722448090,25662
veh3,44128,,16.7881,0,CAM_DROP_PHY,10,3,44128,25684
veh3,699722448119,,16.8023,0,CPM_DROP_PHY,11,3,699722448119,25700
veh3,44152,,16.8023,0,CAM_DROP_PHY,11,3,44152,25700
veh3,44147,,16.8028,0,CAM_DROP_PHY,2,3,44147,25703
veh3,699722448181,,16.8281,0,CPM_DROP_PHY,10,3,699722448181,25723
veh3,44216,,16.8336,0,CAM_DROP_PHY,4,3,44216,25735
veh3,44239,16.8338,,0,CAM,3,,44239,-1
veh3,699722448204,,16.8373,0,CPM_DROP_PHY,5,3,699722448204,25741
veh3,699722448230,,16.8453,0,CPM_DROP_PHY,12,3,699722448230,25768
veh3,699722448221,,16.8558,0,CPM_DROP_PHY,7,3,699722448221,25755
veh3,44266,,16.8621,0,CAM_DROP_PHY,9,3,44266,25788
veh3,699722448254,,16.8631,0,CPM_DROP_PHY,6,3,699722448254,25803
veh3,699722448261,,16.8736,0,CPM_DROP_PHY,4,3,699722448261,25816
veh3,44299,,16.8881,0,CAM_DROP_PHY,10,3,44299,25837
veh3,699722448283,,16.8991,0,CPM_DROP_PHY,8,3,699722448283,25844
veh3,699722448292,,16.9023,0,CPM_DROP_PHY,11,3,699722448292,25854
veh3,699722448446,,16.9201,0,CPM_DROP_PHY,10,3,699722448446,25876
veh3,699722448466,,16.9373,0,CPM_DROP_PHY,5,3,699722448466,25894
veh3,699722448489,,16.9453,0,CPM_DROP_PHY,12,3,699722448489,25915
veh3,699722448481,,16.9558,0,CPM_DROP_PHY,7,3,699722448481,25906
veh3,44525,,16.9621,0,CAM_DROP_PHY,9,3,44525,25931
veh3,699722448513,,16.9631,0,CPM_DROP_PHY,6,3,699722448513,25947
veh3,699722448520,,16.9766,0,CPM_DROP_PHY,4,3,699722448520,25960
veh3,44559,,16.9801,0,CAM_DROP_PHY,10,3,44559,25980
veh3,44578,,17.0028,0,CAM_DROP_PHY,2,3,44578,26002
veh3,699722448550,,17.0051,0,CPM_DROP_PHY,11,3,699722448550,25998
veh3,44630,,17.0173,0,CAM_DROP_PHY,5,3,44630,26017
veh3,699722448611,,17.0201,0,CPM_DROP_PHY,10,3,699722448611,26019
veh3,699722448632,,17.0373,0,CPM_DROP_PHY,5,3,699722448632,26039
veh3,44661,,17.0453,0,CAM_DROP_PHY,12,3,44661,26046
veh3,699722448663,,17.0453,0,CPM_DROP_PHY,12,3,699722448663,26046
veh3,699722448651,,17.0558,0,CPM_DROP_PHY,7,3,699722448651,26056
veh3,44683,,17.0558,0,CAM_DROP_PHY,7,3,44683,26056
veh3,44698,,17.0621,0,CAM_DROP_PHY,9,3,44698,26084
veh3,44702,,17.0631,0,CAM_DROP_PHY,6,3,44702,26087
veh3,699722448689,,17.0631,0,CPM_DROP_PHY,6,3,699722448689,26087
veh3,699722448698,,17.0766,0,CPM_DROP_PHY,4,3,699722448698,26115
veh3,44738,,17.0801,0,CAM_DROP_PHY,10,3,44738,26135
veh3,699722448693,,17.0821,0,CPM_DROP_PHY,9,3,699722448693,26105
veh3,699722448731,,17.1051,0,CPM_DROP_PHY,11,3,699722448731,26159
veh3,699722448787,,17.1201,0,CPM_DROP_PHY,10,3,699722448787,26176
veh3,44846,17.1338,,0,CAM,3,,44846,-1
veh3,44821,,17.1366,0,CAM_DROP_PHY,4,3,44821,26185
veh3,699722448810,,17.1373,0,CPM_DROP_PHY,5,3,699722448810,26191
veh3,699722448837,,17.1453,0,CPM_DROP_PHY,12,3,699722448837,26217
veh3,699722448828,,17.1558,0,CPM_DROP_PHY,7,3,699722448828,26204
veh3,44873,,17.1621,0,CAM_DROP_PHY,9,3,44873,26237
veh3,699722448861,,17.1631,0,CPM_DROP_PHY,6,3,699722448861,26253
veh3,699722448871,,17.1766,0,CPM_DROP_PHY,4,3,699722448871,26267
veh3,699722448866,,17.1821,0,CPM_DROP_PHY,9,3,699722448866,26257
veh3,699722448895,,17.1991,0,CPM_DROP_PHY,8,3,699722448895,26298
veh3,44931,,17.2028,0,CAM_DROP_PHY,2,3,44931,26309
veh3,699722448903,,17.2051,0,CPM_DROP_PHY,11,3,699722448903,26305
veh3,699722448970,,17.2228,0,CPM_DROP_PHY,2,3,699722448970,26331
veh3,699722448964,,17.2311,0,CPM_DROP_PHY,10,3,699722448964,26328
veh3,699722448988,,17.2373,0,CPM_DROP_PHY,5,3,699722448988,26353
veh3,699722449013,,17.2453,0,CPM_DROP_PHY,12,3,699722449013,26380
veh3,699722449004,,17.2558,0,CPM_DROP_PHY,7,3,699722449004,26370
veh3,45048,,17.2621,0,CAM_DROP_PHY,9,3,45048,26396
veh3,699722449036,,17.2631,0,CPM_DROP_PHY,6,3,699722449036,26412
veh3,699722449043,,17.2766,0,CPM_DROP_PHY,4,3,699722449043,26425
veh3,45084,,17.2801,0,CAM_DROP_PHY,10,3,45084,26445
veh3,699722449069,,17.2991,0,CPM_DROP_PHY,8,3,699722449069,26456
veh3,45105,,17.3028,0,CAM_DROP_PHY,2,3,45105,26468
veh3,699722449078,,17.3051,0,CPM_DROP_PHY,11,3,699722449078,26464
veh3,45159,,17.3173,0,CAM_DROP_PHY,5,3,45159,26486
veh3,699722449139,,17.3201,0,CPM_DROP_PHY,10,3,699722449139,26488
veh3,699722449160,,17.3373,0,CPM_DROP_PHY,5,3,699722449160,26512
veh3,45194,,17.3391,0,CAM_DROP_PHY,8,3,45194,26525
veh3,699722449191,,17.3453,0,CPM_DROP_PHY,12,3,699722449191,26543
veh3,699722449179,,17.3558,0,CPM_DROP_PHY,7,3,699722449179,26529
veh3,45212,,17.3558,0,CAM_DROP_PHY,7,3,45212,26529
veh3,45225,,17.3621,0,CAM_DROP_PHY,9,3,45225,26561
veh3,45230,,17.3631,0,CAM_DROP_PHY,6,3,45230,26567
veh3,699722449218,,17.3631,0,CPM_DROP_PHY,6,3,699722449218,26567
veh3,699722449225,,17.3766,0,CPM_DROP_PHY,4,3,699722449225,26594
veh3,699722449247,,17.3991,0,CPM_DROP_PHY,8,3,699722449247,26621
veh3,45282,,17.4028,0,CAM_DROP_PHY,2,3,45282,26629
veh3,699722449254,,17.4051,0,CPM_DROP_PHY,11,3,699722449254,26626
veh3,45287,,17.4051,0,CAM_DROP_PHY,11,3,45287,26626
veh3,699722449318,,17.4201,0,CPM_DROP_PHY,10,3,699722449318,26649
veh3,45477,17.4338,,0,CAM,3,,45477,-1
veh3,45353,,17.4366,0,CAM_DROP_PHY,4,3,45353,26667
veh3,699722449342,,17.4386,0,CPM_DROP_PHY,5,3,699722449342,26672
veh3,699722449469,,17.4453,0,CPM_DROP_PHY,12,3,699722449469,26699
veh3,699722449460,,17.4508,0,CPM_DROP_PHY,7,3,699722449460,26685
veh3,699722449493,,17.4631,0,CPM_DROP_PHY,6,3,699722449493,26737
veh3,699722449501,,17.4766,0,CPM_DROP_PHY,4,3,699722449501,26749
veh3,45540,,17.4801,0,CAM_DROP_PHY,10,3,45540,26768
veh3,699722449524,,17.4991,0,CPM_DROP_PHY,8,3,699722449524,26778
veh3,45561,,17.5028,0,CAM_DROP_PHY,2,3,45561,26790
veh3,699722449533,,17.5051,0,CPM_DROP_PHY,11,3,699722449533,26787
veh3,699722449589,,17.5201,0,CPM_DROP_PHY,10,3,699722449589,26809
veh3,699722449611,,17.5386,0,CPM_DROP_PHY,5,3,699722449611,26831
veh3,699722449634,,17.5453,0,CPM_DROP_PHY,12,3,699722449634,26854
veh3,699722449625,,17.5508,0,CPM_DROP_PHY,7,3,699722449625,26843
veh3,699722449657,,17.5631,0,CPM_DROP_PHY,6,3,699722449657,26888
veh3,699722449664,,17.5766,0,CPM_DROP_PHY,4,3,699722449664,26900
veh3,699722449684,,17.5991,0,CPM_DROP_PHY,8,3,699722449684,26925
veh3,699722449692,,17.6051,0,CPM_DROP_PHY,11,3,699722449692,26931
veh3,45769,,17.6186,0,CAM_DROP_PHY,5,3,45769,26948
veh3,699722449749,,17.6201,0,CPM_DROP_PHY,10,3,699722449749,26950
veh3,699722449770,,17.6386,0,CPM_DROP_PHY,5,3,699722449770,26970
veh3,45798,,17.6453,0,CAM_DROP_PHY,12,3,45798,26976
veh3,699722449802,,17.6453,0,CPM_DROP_PHY,12,3,699722449802,26976
veh3,699722449789,,17.6508,0,CPM_DROP_PHY,7,3,699722449789,26987
veh3,45822,,17.6508,0,CAM_DROP_PHY,7,3,45822,26987
veh3,45841,,17.6631,0,CAM_DROP_PHY,6,3,45841,27016
veh3,699722449828,,17.6631,0,CPM_DROP_PHY,6,3,699722449828,27016
veh3,699722449840,,17.6766,0,CPM_DROP_PHY,4,3,699722449840,27047
veh3,699722449862,,17.6991,0,CPM_DROP_PHY,8,3,699722449862,27076
veh3,45899,,17.7028,0,CAM_DROP_PHY,2,3,45899,27087
veh3,699722449870,,17.7051,0,CPM_DROP_PHY,11,3,699722449870,27084
veh3,699722449930,,17.7201,0,CPM_DROP_PHY,10,3,699722449930,27105
veh3,45988,17.7338,,0,CAM,3,,45988,-1
veh3,45965,,17.7366,0,CAM_DROP_PHY,4,3,45965,27124
veh3,699722449953,,17.7386,0,CPM_DROP_PHY,5,3,699722449953,27130
veh3,699722449980,,17.7498,0,CPM_DROP_PHY,12,3,699722449980,27159
veh3,699722449970,,17.7508,0,CPM_DROP_PHY,7,3,699722449970,27142
veh3,45836,,17.7588,0,CAM_DROP_PHY,9,3,45836,27015
veh3,699722449831,,17.7588,0,CPM_DROP_PHY,9,3,699722449831,27036
veh3,46015,,17.7588,0,CAM_DROP_PHY,9,3,46015,27174
veh3,699722450004,,17.7631,0,CPM_DROP_PHY,6,3,699722450004,27196
veh3,699722450013,,17.7766,0,CPM_DROP_PHY,4,3,699722450013,27207
veh3,699722450007,,17.7788,0,CPM_DROP_PHY,9,3,699722450007,27197
veh3,46054,,17.7801,0,CAM_DROP_PHY,10,3,46054,27229
veh3,699722450039,,17.7991,0,CPM_DROP_PHY,8,3,699722450039,27240
veh3,699722450048,,17.8051,0,CPM_DROP_PHY,11,3,699722450048,27252
veh3,699722450107,,17.8201,0,CPM_DROP_PHY,10,3,699722450107,27270
veh3,699722450113,,17.8228,0,CPM_DROP_PHY,2,3,699722450113,27274
veh3,699722450131,,17.8386,0,CPM_DROP_PHY,5,3,699722450131,27293
veh3,699722450156,,17.8498,0,CPM_DROP_PHY,12,3,699722450156,27322
veh3,699722450147,,17.8508,0,CPM_DROP_PHY,7,3,699722450147,27309
veh3,46190,,17.8588,0,CAM_DROP_PHY,9,3,46190,27333
veh3,699722450179,,17.8733,0,CPM_DROP_PHY,6,3,699722450179,27356
veh3,699722450185,,17.8766,0,CPM_DROP_PHY,4,3,699722450185,27363
veh3,699722450207,,17.8941,0,CPM_DROP_PHY,8,3,699722450207,27389
veh3,699722450216,,17.8993,0,CPM_DROP_PHY,11,3,699722450216,27398
veh3,46245,,17.9028,0,CAM_DROP_PHY,2,3,46245,27402
veh3,46302,,17.9186,0,CAM_DROP_PHY,5,3,46302,27415
veh3,699722450283,,17.9201,0,CPM_DROP_PHY,10,3,699722450283,27419
veh3,46338,,17.9341,0,CAM_DROP_PHY,8,3,46338,27455
veh3,699722450304,,17.9386,0,CPM_DROP_PHY,5,3,699722450304,27446
veh3,699722450336,,17.9498,0,CPM_DROP_PHY,12,3,699722450336,27480
veh3,699722450323,,17.9508,0,CPM_DROP_PHY,7,3,699722450323,27465
veh3,46356,,17.9508,0,CAM_DROP_PHY,7,3,46356,27465
veh3,46374,,17.9533,0,CAM_DROP_PHY,6,3,46374,27496
veh3,46368,,17.9588,0,CAM_DROP_PHY,9,3,46368,27493
veh3,699722450467,,17.9703,0,CPM_DROP_PHY,4,3,699722450467,27530
veh3,699722450461,,17.9733,0,CPM_DROP_PHY,6,3,699722450461,27521
veh3,699722450490,,17.9941,0,CPM_DROP_PHY,8,3,699722450490,27560
veh3,699722450497,,17.9993,0,CPM_DROP_PHY,11,3,699722450497,27566
veh3,46527,,17.9993,0,CAM_DROP_PHY,11,3,46527,27566
veh3,699722450556,,18.0201,0,CPM_DROP_PHY,10,3,699722450556,27584
veh3,46591,,18.0303,0,CAM_DROP_PHY,4,3,46591,27597
veh3,46615,18.0338,,0,CAM,3,,46615,-1
veh3,699722450580,,18.0386,0,CPM_DROP_PHY,5,3,699722450580,27603
veh3,699722450606,,18.0498,0,CPM_DROP_PHY,12,3,699722450606,27630
veh3,699722450597,,18.0508,0,CPM_DROP_PHY,7,3,699722450597,27619
veh3,46640,,18.0683,0,CAM_DROP_PHY,9,3,46640,27647
veh3,699722450634,,18.0703,0,CPM_DROP_PHY,4,3,699722450634,27671
veh3,699722450629,,18.0733,0,CPM_DROP_PHY,6,3,699722450629,27667
veh3,699722450657,,18.0941,0,CPM_DROP_PHY,8,3,699722450657,27704
veh3,699722450664,,18.0993,0,CPM_DROP_PHY,11,3,699722450664,27711
veh3,46692,,18.1028,0,CAM_DROP_PHY,2,3,46692,27716
veh3,699722450726,,18.1158,0,CPM_DROP_PHY,10,3,699722450726,27731
veh3,699722450746,,18.1418,0,CPM_DROP_PHY,5,3,699722450746,27755
veh3,699722450770,,18.1498,0,CPM_DROP_PHY,12,3,699722450770,27778
veh3,699722450760,,18.1508,0,CPM_DROP_PHY,7,3,699722450760,27768
veh3,46802,,18.1683,0,CAM_DROP_PHY,9,3,46802,27790
veh3,699722450795,,18.1703,0,CPM_DROP_PHY,4,3,699722450795,27814
veh3,699722450790,,18.1733,0,CPM_DROP_PHY,6,3,699722450790,27809
veh3,699722450819,,18.1941,0,CPM_DROP_PHY,8,3,699722450819,27847
veh3,699722450827,,18.1993,0,CPM_DROP_PHY,11,3,699722450827,27854
veh3,699722450890,,18.2158,0,CPM_DROP_PHY,10,3,699722450890,27872
veh3,46909,,18.2218,0,CAM_DROP_PHY,5,3,46909,27867
veh3,46939,,18.2298,0,CAM_DROP_PHY,12,3,46939,27895
veh3,699722450911,,18.2418,0,CPM_DROP_PHY,5,3,699722450911,27894
veh3,699722450942,,18.2498,0,CPM_DROP_PHY,12,3,699722450942,27930
veh3,699722450929,,18.2508,0,CPM_DROP_PHY,7,3,699722450929,27914
veh3,46963,,18.2508,0,CAM_DROP_PHY,7,3,46963,27914
veh3,46980,,18.2533,0,CAM_DROP_PHY,6,3,46980,27946
veh3,46975,,18.2683,0,CAM_DROP_PHY,9,3,46975,27942
veh3,699722450970,,18.2683,0,CPM_DROP_PHY,9,3,699722450970,27942
veh3,699722450975,,18.2703,0,CPM_DROP_PHY,4,3,699722450975,27974
veh3,699722450967,,18.2733,0,CPM_DROP_PHY,6,3,699722450967,27965
veh3,699722450996,,18.2941,0,CPM_DROP_PHY,8,3,699722450996,28008
veh3,47033,,18.2988,0,CAM_DROP_PHY,2,3,47033,28020
veh3,699722451003,,18.2993,0,CPM_DROP_PHY,11,3,699722451003,28015
veh3,699722451069,,18.3158,0,CPM_DROP_PHY,10,3,699722451069,28037
veh3,47105,,18.3303,0,CAM_DROP_PHY,4,3,47105,28057
veh3,47127,18.3338,,0,CAM,3,,47127,-1
veh3,699722451091,,18.3418,0,CPM_DROP_PHY,5,3,699722451091,28060
veh3,699722451119,,18.3498,0,CPM_DROP_PHY,12,3,699722451119,28086
veh3,699722451109,,18.3508,0,CPM_DROP_PHY,7,3,699722451109,28076
veh3,47153,,18.3683,0,CAM_DROP_PHY,9,3,47153,28103
veh3,699722451143,,18.3683,0,CPM_DROP_PHY,9,3,699722451143,28103
veh3,699722451147,,18.3703,0,CPM_DROP_PHY,4,3,699722451147,28128
veh3,699722451141,,18.3733,0,CPM_DROP_PHY,6,3,699722451141,28123
veh3,699722451173,,18.3941,0,CPM_DROP_PHY,8,3,699722451173,28162
veh3,47187,,18.3958,0,CAM_DROP_PHY,10,3,47187,28150
veh3,699722451180,,18.3993,0,CPM_DROP_PHY,11,3,699722451180,28169
veh3,47211,,18.3993,0,CAM_DROP_PHY,11,3,47211,28169
veh3,699722451246,,18.4158,0,CPM_DROP_PHY,10,3,699722451246,28190
veh3,699722451251,,18.4188,0,CPM_DROP_PHY,2,3,699722451251,28196
veh3,699722451269,,18.4418,0,CPM_DROP_PHY,5,3,699722451269,28217
veh3,699722451294,,18.4498,0,CPM_DROP_PHY,12,3,699722451294,28244
veh3,699722451285,,18.4508,0,CPM_DROP_PHY,7,3,699722451285,28234
veh3,47327,,18.4683,0,CAM_DROP_PHY,9,3,47327,28256
veh3,699722451320,,18.4703,0,CPM_DROP_PHY,4,3,699722451320,28280
veh3,699722451315,,18.4733,0,CPM_DROP_PHY,6,3,699722451315,28276
veh3,699722451342,,18.4941,0,CPM_DROP_PHY,8,3,699722451342,28313
veh3,47378,,18.4988,0,CAM_DROP_PHY,2,3,47378,28325
veh3,699722451349,,18.4993,0,CPM_DROP_PHY,11,3,699722451349,28320
veh3,47383,,18.4993,0,CAM_DROP_PHY,11,3,47383,28320
veh3,699722451526,,18.5158,0,CPM_DROP_PHY,10,3,699722451526,28344
veh3,47545,,18.5218,0,CAM_DROP_PHY,5,3,47545,28339
veh3,47580,,18.5341,0,CAM_DROP_PHY,8,3,47580,28378
veh3,699722451578,,18.5498,0,CPM_DROP_PHY,12,3,699722451578,28404
veh3,699722451565,,18.5508,0,CPM_DROP_PHY,7,3,699722451565,28388
veh3,47599,,18.5508,0,CAM_DROP_PHY,7,3,47599,28388
veh3,47612,,18.5683,0,CAM_DROP_PHY,9,3,47612,28418
veh3,699722451611,,18.5703,0,CPM_DROP_PHY,4,3,699722451611,28448
veh3,699722451633,,18.5941,0,CPM_DROP_PHY,8,3,699722451633,28482
veh3,699722451641,,18.5993,0,CPM_DROP_PHY,11,3,699722451641,28489
veh3,699722451711,,18.6158,0,CPM_DROP_PHY,10,3,699722451711,28507
veh3,47671,,18.6193,0,CAM_DROP_PHY,11,3,47671,28489
veh3,47746,,18.6303,0,CAM_DROP_PHY,4,3,47746,28527
veh3,47769,18.6338,,0,CAM,3,,47769,-1
veh3,699722451761,,18.6498,0,CPM_DROP_PHY,12,3,699722451761,28562
veh3,699722451752,,18.6508,0,CPM_DROP_PHY,7,3,699722451752,28550
veh3,47795,,18.6683,0,CAM_DROP_PHY,9,3,47795,28579
veh3,699722451789,,18.6703,0,CPM_DROP_PHY,4,3,699722451789,28605
veh3,699722451605,,18.6733,0,CPM_DROP_PHY,6,3,699722451605,28441
veh3,699722451813,,18.6941,0,CPM_DROP_PHY,8,3,699722451813,28641
veh3,47851,,18.6988,0,CAM_DROP_PHY,2,3,47851,28653
veh3,699722451820,,18.6993,0,CPM_DROP_PHY,11,3,699722451820,28648
veh3,47855,,18.6993,0,CAM_DROP_PHY,11,3,47855,28648
veh3,699722451894,,18.7158,0,CPM_DROP_PHY,10,3,699722451894,28671
veh3,699722451940,,18.7498,0,CPM_DROP_PHY,12,3,699722451940,28718
veh3,699722451930,,18.7501,0,CPM_DROP_PHY,7,3,699722451930,28706
veh3,47973,,18.7683,0,CAM_DROP_PHY,9,3,47973,28730
veh3,699722451968,,18.7703,0,CPM_DROP_PHY,4,3,699722451968,28753
veh3,699722451991,,18.7941,0,CPM_DROP_PHY,8,3,699722451991,28785
veh3,699722451999,,18.7993,0,CPM_DROP_PHY,11,3,699722451999,28792
veh3,48029,,18.7993,0,CAM_DROP_PHY,11,3,48029,28792
veh3,699722452075,,18.8158,0,CPM_DROP_PHY,10,3,699722452075,28811
veh3,48123,,18.8298,0,CAM_DROP_PHY,12,3,48123,28834
veh3,699722452127,,18.8498,0,CPM_DROP_PHY,12,3,699722452127,28871
veh3,699722452114,,18.8501,0,CPM_DROP_PHY,7,3,699722452114,28853
veh3,48147,,18.8501,0,CAM_DROP_PHY,7,3,48147,28853
veh3,48160,,18.8683,0,CAM_DROP_PHY,9,3,48160,28883
veh3,699722452155,,18.8683,0,CPM_DROP_PHY,9,3,699722452155,28883
veh3,699722452160,,18.8703,0,CPM_DROP_PHY,4,3,699722452160,28914
veh3,699722451962,,18.8733,0,CPM_DROP_PHY,6,3,699722451962,28750
veh3,699722452182,,18.8941,0,CPM_DROP_PHY,8,3,699722452182,28947
veh3,48218,,18.8988,0,CAM_DROP_PHY,2,3,48218,28959
veh3,699722452190,,18.8993,0,CPM_DROP_PHY,11,3,699722452190,28954
veh3,699722452266,,18.9158,0,CPM_DROP_PHY,10,3,699722452266,28977
veh3,699722452272,,18.9188,0,CPM_DROP_PHY,2,3,699722452272,28985
veh3,48222,,18.9193,0,CAM_DROP_PHY,11,3,48222,28954
veh3,48094,,18.9218,0,CAM_DROP_PHY,5,3,48094,28806
veh3,48304,,18.9303,0,CAM_DROP_PHY,4,3,48304,29003
veh3,48329,18.9338,,0,CAM,3,,48329,-1
veh3,699722452321,,18.9498,0,CPM_DROP_PHY,12,3,699722452321,29043
veh3,699722452311,,18.9501,0,CPM_DROP_PHY,7,3,699722452311,29031
veh3,48355,,18.9683,0,CAM_DROP_PHY,9,3,48355,29060
veh3,699722452350,,18.9703,0,CPM_DROP_PHY,4,3,699722452350,29087
veh3,699722452153,,18.9733,0,CPM_DROP_PHY,6,3,699722452153,28907
veh3,699722452376,,18.9941,0,CPM_DROP_PHY,8,3,699722452376,29124
veh3,48390,,18.9986,0,CAM_DROP_PHY,10,3,48390,29112
veh3,699722452385,,18.9993,0,CPM_DROP_PHY,11,3,699722452385,29130
veh3,699722452554,,19.0186,0,CPM_DROP_PHY,10,3,699722452554,29152
veh3,699722452589,,19.0501,0,CPM_DROP_PHY,7,3,699722452589,29185
veh3,699722452599,,19.0606,0,CPM_DROP_PHY,12,3,699722452599,29199
veh3,48632,,19.0683,0,CAM_DROP_PHY,9,3,48632,29208
veh3,699722452626,,19.0703,0,CPM_DROP_PHY,4,3,699722452626,29230
veh3,699722452647,,19.0941,0,CPM_DROP_PHY,8,3,699722452647,29266
veh3,48683,,19.0988,0,CAM_DROP_PHY,2,3,48683,29276
veh3,699722452655,,19.0993,0,CPM_DROP_PHY,11,3,699722452655,29272
veh3,48688,,19.1146,0,CAM_DROP_PHY,11,3,48688,29272
veh3,699722452735,,19.1186,0,CPM_DROP_PHY,10,3,699722452735,29297
veh3,699722452776,,19.1501,0,CPM_DROP_PHY,7,3,699722452776,29344
veh3,48809,,19.1501,0,CAM_DROP_PHY,7,3,48809,29344
veh3,699722452789,,19.1606,0,CPM_DROP_PHY,12,3,699722452789,29359
veh3,48821,,19.1683,0,CAM_DROP_PHY,9,3,48821,29368
veh3,699722452820,,19.1703,0,CPM_DROP_PHY,4,3,699722452820,29397
veh3,699722452620,,19.1733,0,CPM_DROP_PHY,6,3,699722452620,29226
veh3,699722452844,,19.1941,0,CPM_DROP_PHY,8,3,699722452844,29434
veh3,699722452852,,19.1946,0,CPM_DROP_PHY,11,3,699722452852,29440
veh3,699722452937,,19.2186,0,CPM_DROP_PHY,10,3,699722452937,29462
veh3,48755,,19.2218,0,CAM_DROP_PHY,5,3,48755,29292
veh3,48972,,19.2303,0,CAM_DROP_PHY,4,3,48972,29474
veh3,49001,19.2338,,0,CAM,3,,49001,-1
veh3,48996,,19.2341,0,CAM_DROP_PHY,8,3,48996,29492
veh3,699722452984,,19.2501,0,CPM_DROP_PHY,7,3,699722452984,29500
veh3,699722452994,,19.2606,0,CPM_DROP_PHY,12,3,699722452994,29514
veh3,49029,,19.2683,0,CAM_DROP_PHY,9,3,49029,29530
veh3,699722453023,,19.2701,0,CPM_DROP_PHY,4,3,699722453023,29554
veh3,699722452813,,19.2733,0,CPM_DROP_PHY,6,3,699722452813,29390
veh3,699722453017,,19.2753,0,CPM_DROP_PHY,6,3,699722453017,29549
veh3,699722453046,,19.2943,0,CPM_DROP_PHY,8,3,699722453046,29592
veh3,699722453055,,19.2946,0,CPM_DROP_PHY,11,3,699722453055,29599
veh3,49084,,19.3148,0,CAM_DROP_PHY,2,3,49084,29609
veh3,699722453139,,19.3186,0,CPM_DROP_PHY,10,3,699722453139,29622
veh3,699722452960,,19.3253,0,CPM_DROP_PHY,5,3,699722452960,29477
veh3,699722453158,,19.3253,0,CPM_DROP_PHY,5,3,699722453158,29640
veh3,699722453176,,19.3501,0,CPM_DROP_PHY,7,3,699722453176,29662
veh3,49218,,19.3521,0,CAM_DROP_PHY,9,3,49218,29681
veh3,699722453185,,19.3606,0,CPM_DROP_PHY,12,3,699722453185,29673
veh3,699722453214,,19.3701,0,CPM_DROP_PHY,4,3,699722453214,29708
veh3,699722453209,,19.3721,0,CPM_DROP_PHY,9,3,699722453209,29702
veh3,699722453206,,19.3753,0,CPM_DROP_PHY,6,3,699722453206,29700
veh3,699722453236,,19.3943,0,CPM_DROP_PHY,8,3,699722453236,29743
veh3,699722453244,,19.3946,0,CPM_DROP_PHY,11,3,699722453244,29750
veh3,49275,,19.4146,0,CAM_DROP_PHY,11,3,49275,29763
veh3,699722453336,,19.4148,0,CPM_DROP_PHY,2,3,699722453336,29778
veh3,699722453332,,19.4186,0,CPM_DROP_PHY,10,3,699722453332,29774
veh3,49351,,19.4253,0,CAM_DROP_PHY,5,3,49351,29773
veh3,699722453354,,19.4253,0,CPM_DROP_PHY,5,3,699722453354,29773
veh3,49391,,19.4343,0,CAM_DROP_PHY,8,3,49391,29817
veh3,49384,,19.4406,0,CAM_DROP_PHY,12,3,49384,29810
veh3,699722453376,,19.4501,0,CPM_DROP_PHY,7,3,699722453376,29826
veh3,49410,,19.4501,0,CAM_DROP_PHY,7,3,49410,29826
veh3,49424,,19.4521,0,CAM_DROP_PHY,9,3,49424,29855
veh3,49429,,19.4553,0,CAM_DROP_PHY,6,3,49429,29861
veh3,699722453390,,19.4606,0,CPM_DROP_PHY,12,3,699722453390,29842
veh3,699722453424,,19.4701,0,CPM_DROP_PHY,4,3,699722453424,29891
veh3,699722453417,,19.4753,0,CPM_DROP_PHY,6,3,699722453417,29884
veh3,699722453443,,19.4943,0,CPM_DROP_PHY,8,3,699722453443,29921
veh3,699722453453,,19.4946,0,CPM_DROP_PHY,11,3,699722453453,29927
veh3,49482,,19.5148,0,CAM_DROP_PHY,2,3,49482,29937
veh3,699722453633,,19.5186,0,CPM_DROP_PHY,10,3,699722453633,29950
veh3,699722453656,,19.5253,0,CPM_DROP_PHY,5,3,699722453656,29969
veh3,49668,,19.5301,0,CAM_DROP_PHY,4,3,49668,29966
veh3,49693,19.5338,,0,CAM,3,,49693,-1
veh3,699722453676,,19.5501,0,CPM_DROP_PHY,7,3,699722453676,29995
veh3,49718,,19.5521,0,CAM_DROP_PHY,9,3,49718,30018
veh3,699722453686,,19.5606,0,CPM_DROP_PHY,12,3,699722453686,30009
veh3,699722453714,,19.5701,0,CPM_DROP_PHY,4,3,699722453714,30049
veh3,699722453707,,19.5753,0,CPM_DROP_PHY,6,3,699722453707,30040
veh3,699722453738,,19.5943,0,CPM_DROP_PHY,8,3,699722453738,30082
veh3,699722453746,,19.5946,0,CPM_DROP_PHY,11,3,699722453746,30087
veh3,49754,,19.5986,0,CAM_DROP_PHY,10,3,49754,30074
veh3,699722453825,,19.6186,0,CPM_DROP_PHY,10,3,699722453825,30114
veh3,699722453846,,19.6253,0,CPM_DROP_PHY,5,3,699722453846,30131
veh3,49880,,19.6343,0,CAM_DROP_PHY,8,3,49880,30143
veh3,699722453865,,19.6436,0,CPM_DROP_PHY,7,3,699722453865,30152
veh3,49907,,19.6521,0,CAM_DROP_PHY,9,3,49907,30176
veh3,699722453874,,19.6606,0,CPM_DROP_PHY,12,3,699722453874,30165
veh3,699722453901,,19.6701,0,CPM_DROP_PHY,4,3,699722453901,30203
veh3,699722453895,,19.6753,0,CPM_DROP_PHY,6,3,699722453895,30196
veh3,699722453923,,19.6943,0,CPM_DROP_PHY,8,3,699722453923,30232
veh3,699722453931,,19.6946,0,CPM_DROP_PHY,11,3,699722453931,30237
veh3,49966,,19.7146,0,CAM_DROP_PHY,11,3,49966,30251
veh3,49962,,19.7148,0,CAM_DROP_PHY,2,3,49962,30247
veh3,699722454022,,19.7186,0,CPM_DROP_PHY,10,3,699722454022,30263
veh3,50042,,19.7253,0,CAM_DROP_PHY,5,3,50042,30262
veh3,699722454061,,19.7436,0,CPM_DROP_PHY,7,3,699722454061,30309
veh3,50093,,19.7436,0,CAM_DROP_PHY,7,3,50093,30309
veh3,699722454044,,19.7453,0,CPM_DROP_PHY,5,3,699722454044,30262
veh3,50106,,19.7521,0,CAM_DROP_PHY,9,3,50106,30332
veh3,50111,,19.7553,0,CAM_DROP_PHY,6,3,50111,30338
veh3,699722454073,,19.7606,0,CPM_DROP_PHY,12,3,699722454073,30321
veh3,699722454106,,19.7701,0,CPM_DROP_PHY,4,3,699722454106,30370
veh3,699722454100,,19.7753,0,CPM_DROP_PHY,6,3,699722454100,30363
veh3,699722454126,,19.7943,0,CPM_DROP_PHY,8,3,699722454126,30400
veh3,699722454134,,19.7946,0,CPM_DROP_PHY,11,3,699722454134,30405
veh3,699722454219,,19.8186,0,CPM_DROP_PHY,10,3,699722454219,30428
veh3,699722454244,,19.8253,0,CPM_DROP_PHY,5,3,699722454244,30443
veh3,50253,,19.8301,0,CAM_DROP_PHY,4,3,50253,30440
veh3,50284,19.8338,,0,CAM,3,,50284,-1
veh3,50279,,19.8343,0,CAM_DROP_PHY,8,3,50279,30458
veh3,699722454267,,19.8436,0,CPM_DROP_PHY,7,3,699722454267,30468
veh3,699722454281,,19.8463,0,CPM_DROP_PHY,12,3,699722454281,30483
veh3,50316,,19.8521,0,CAM_DROP_PHY,9,3,50316,30499
veh3,699722454313,,19.8701,0,CPM_DROP_PHY,4,3,699722454313,30532
veh3,699722454308,,19.8721,0,CPM_DROP_PHY,9,3,699722454308,30524
veh3,699722454305,,19.8753,0,CPM_DROP_PHY,6,3,699722454305,30523
veh3,699722454334,,19.8943,0,CPM_DROP_PHY,8,3,699722454334,30566
veh3,699722454342,,19.8946,0,CPM_DROP_PHY,11,3,699722454342,30572
veh3,50371,,19.9148,0,CAM_DROP_PHY,2,3,50371,30582
veh3,699722454439,,19.9148,0,CPM_DROP_PHY,2,3,699722454439,30582
veh3,699722454434,,19.9186,0,CPM_DROP_PHY,10,3,699722454434,30596
veh3,699722454459,,19.9253,0,CPM_DROP_PHY,5,3,699722454459,30613
veh3,699722454475,,19.9436,0,CPM_DROP_PHY,7,3,699722454475,30636
veh3,699722454486,,19.9463,0,CPM_DROP_PHY,12,3,699722454486,30647
veh3,50518,,19.9521,0,CAM_DROP_PHY,9,3,50518,30658
veh3,699722454513,,19.9701,0,CPM_DROP_PHY,4,3,699722454513,30686
veh3,699722454507,,19.9753,0,CPM_DROP_PHY,6,3,699722454507,30680
veh3,699722454632,,19.9943,0,CPM_DROP_PHY,8,3,699722454632,30711
veh3,699722454640,,19.9946,0,CPM_DROP_PHY,11,3,699722454640,30716
veh3,699722454734,,20.0186,0,CPM_DROP_PHY,10,3,699722454734,30740
veh3,50754,,20.0208,0,CAM_DROP_PHY,5,3,50754,30739
veh3,50791,,20.0343,0,CAM_DROP_PHY,8,3,50791,30765
veh3,699722454756,,20.0408,0,CPM_DROP_PHY,5,3,699722454756,30756
veh3,699722454777,,20.0436,0,CPM_DROP_PHY,7,3,699722454777,30779
veh3,50810,,20.0436,0,CAM_DROP_PHY,7,3,50810,30779
veh3,50784,,20.0463,0,CAM_DROP_PHY,12,3,50784,30760
veh3,50823,,20.0521,0,CAM_DROP_PHY,9,3,50823,30806
veh3,50828,,20.0553,0,CAM_DROP_PHY,6,3,50828,30812
veh3,699722454789,,20.0663,0,CPM_DROP_PHY,12,3,699722454789,30760
veh3,699722454824,,20.0701,0,CPM_DROP_PHY,4,3,699722454824,30848
veh3,699722454816,,20.0753,0,CPM_DROP_PHY,6,3,699722454816,30840
veh3,699722454844,,20.0943,0,CPM_DROP_PHY,8,3,699722454844,30879
veh3,699722454851,,20.1101,0,CPM_DROP_PHY,11,3,699722454851,30885
veh3,50880,,20.1176,0,CAM_DROP_PHY,2,3,50880,30891
veh3,699722454946,,20.1186,0,CPM_DROP_PHY,10,3,699722454946,30901
veh3,50983,,20.1301,0,CAM_DROP_PHY,4,3,50983,30923
veh3,51011,20.1338,,0,CAM,3,,51011,-1
veh3,699722454975,,20.1408,0,CPM_DROP_PHY,5,3,699722454975,30929
veh3,699722454994,,20.1436,0,CPM_DROP_PHY,7,3,699722454994,30947
veh3,699722455005,,20.1463,0,CPM_DROP_PHY,12,3,699722455005,30961
veh3,51037,,20.1521,0,CAM_DROP_PHY,9,3,51037,30974
veh3,699722455034,,20.1701,0,CPM_DROP_PHY,4,3,699722455034,31010
veh3,699722455028,,20.1753,0,CPM_DROP_PHY,6,3,699722455028,31003
veh3,699722455059,,20.1943,0,CPM_DROP_PHY,8,3,699722455059,31039
veh3,51075,,20.1986,0,CAM_DROP_PHY,10,3,51075,31031
veh3,699722455067,,20.2101,0,CPM_DROP_PHY,11,3,699722455067,31045
veh3,699722455163,,20.2186,0,CPM_DROP_PHY,10,3,699722455163,31065
veh3,51100,,20.2301,0,CAM_DROP_PHY,11,3,51100,31045
veh3,51223,,20.2343,0,CAM_DROP_PHY,8,3,51223,31102
veh3,699722455187,,20.2408,0,CPM_DROP_PHY,5,3,699722455187,31089
veh3,699722455209,,20.2436,0,CPM_DROP_PHY,7,3,699722455209,31112
veh3,51215,,20.2463,0,CAM_DROP_PHY,12,3,51215,31093
veh3,699722455219,,20.2663,0,CPM_DROP_PHY,12,3,699722455219,31093
veh3,51253,,20.2696,0,CAM_DROP_PHY,9,3,51253,31142
veh3,699722455248,,20.2701,0,CPM_DROP_PHY,4,3,699722455248,31169
veh3,699722455241,,20.2753,0,CPM_DROP_PHY,6,3,699722455241,31164
veh3,699722455269,,20.2943,0,CPM_DROP_PHY,8,3,699722455269,31204
veh3,51306,,20.2976,0,CAM_DROP_PHY,2,3,51306,31216
veh3,699722455278,,20.3101,0,CPM_DROP_PHY,11,3,699722455278,31211
veh3,699722455375,,20.3186,0,CPM_DROP_PHY,10,3,699722455375,31235
veh3,51394,,20.3208,0,CAM_DROP_PHY,5,3,51394,31234
veh3,699722455399,,20.3408,0,CPM_DROP_PHY,5,3,699722455399,31258
veh3,699722455418,,20.3436,0,CPM_DROP_PHY,7,3,699722455418,31277
veh3,51450,,20.3436,0,CAM_DROP_PHY,7,3,51450,31277
veh3,51427,,20.3463,0,CAM_DROP_PHY,12,3,51427,31262
veh3,51468,,20.3553,0,CAM_DROP_PHY,6,3,51468,31305
veh3,699722455430,,20.3663,0,CPM_DROP_PHY,12,3,699722455430,31262
veh3,51464,,20.3696,0,CAM_DROP_PHY,9,3,51464,31302
veh3,699722455458,,20.3696,0,CPM_DROP_PHY,9,3,699722455458,31302
veh3,699722455464,,20.3701,0,CPM_DROP_PHY,4,3,699722455464,31337
veh3,699722455455,,20.3753,0,CPM_DROP_PHY,6,3,699722455455,31331
veh3,699722455485,,20.3898,0,CPM_DROP_PHY,8,3,699722455485,31373
veh3,699722455494,,20.4101,0,CPM_DROP_PHY,11,3,699722455494,31384
veh3,699722455684,,20.4153,0,CPM_DROP_PHY,10,3,699722455684,31396
veh3,699722455690,,20.4176,0,CPM_DROP_PHY,2,3,699722455690,31403
veh3,51722,,20.4301,0,CAM_DROP_PHY,4,3,51722,31419
veh3,51755,20.4338,,0,CAM,3,,51755,-1
veh3,699722455713,,20.4408,0,CPM_DROP_PHY,5,3,699722455713,31424
veh3,699722455737,,20.4436,0,CPM_DROP_PHY,7,3,699722455737,31445
veh3,51742,,20.4463,0,CAM_DROP_PHY,12,3,51742,31429
veh3,51750,,20.4498,0,CAM_DROP_PHY,8,3,51750,31440
veh3,699722455748,,20.4626,0,CPM_DROP_PHY,12,3,699722455748,31429
veh3,51782,,20.4696,0,CAM_DROP_PHY,9,3,51782,31475
veh3,699722455781,,20.4701,0,CPM_DROP_PHY,4,3,699722455781,31510
veh3,699722455773,,20.4753,0,CPM_DROP_PHY,6,3,699722455773,31503
veh3,699722455803,,20.4898,0,CPM_DROP_PHY,8,3,699722455803,31548
veh3,51840,,20.4976,0,CAM_DROP_PHY,2,3,51840,31563
veh3,699722455812,,20.5101,0,CPM_DROP_PHY,11,3,699722455812,31559
veh3,699722455919,,20.5153,0,CPM_DROP_PHY,10,3,699722455919,31579
veh3,699722455946,,20.5413,0,CPM_DROP_PHY,5,3,699722455946,31600
veh3,51974,,20.5426,0,CAM_DROP_PHY,12,3,51974,31603
veh3,699722455963,,20.5436,0,CPM_DROP_PHY,7,3,699722455963,31614
veh3,699722455974,,20.5626,0,CPM_DROP_PHY,12,3,699722455974,31627
veh3,52008,,20.5696,0,CAM_DROP_PHY,9,3,52008,31645
veh3,699722456000,,20.5701,0,CPM_DROP_PHY,4,3,699722456000,31664
veh3,699722455995,,20.5728,0,CPM_DROP_PHY,6,3,699722455995,31659
veh3,699722456022,,20.5898,0,CPM_DROP_PHY,8,3,699722456022,31700
veh3,699722456031,,20.6101,0,CPM_DROP_PHY,11,3,699722456031,31711
veh3,52162,,20.6213,0,CAM_DROP_PHY,5,3,52162,31722
veh3,699722456143,,20.6353,0,CPM_DROP_PHY,10,3,699722456143,31723
veh3,699722456169,,20.6413,0,CPM_DROP_PHY,5,3,699722456169,31746
veh3,52198,,20.6426,0,CAM_DROP_PHY,12,3,52198,31750
veh3,699722456192,,20.6436,0,CPM_DROP_PHY,7,3,699722456192,31769
veh3,52224,,20.6436,0,CAM_DROP_PHY,7,3,52224,31769
veh3,52206,,20.6498,0,CAM_DROP_PHY,8,3,52206,31761
veh3,52245,,20.6528,0,CAM_DROP_PHY,6,3,52245,31810
veh3,699722456205,,20.6626,0,CPM_DROP_PHY,12,3,699722456205,31783
veh3,52240,,20.6696,0,CAM_DROP_PHY,9,3,52240,31807
veh3,699722456232,,20.6728,0,CPM_DROP_PHY,6,3,699722456232,31832
veh3,699722456239,,20.6738,0,CPM_DROP_PHY,4,3,699722456239,31839
veh3,699722456263,,20.6898,0,CPM_DROP_PHY,8,3,699722456263,31876
veh3,52300,,20.6976,0,CAM_DROP_PHY,2,3,52300,31889
veh3,699722456272,,20.7101,0,CPM_DROP_PHY,11,3,699722456272,31885
veh3,699722456382,,20.7153,0,CPM_DROP_PHY,10,3,699722456382,31906
veh3,52307,,20.7301,0,CAM_DROP_PHY,11,3,52307,31885
veh3,52451,20.7338,,0,CAM,3,,52451,-1
veh3,52418,,20.7338,0,CAM_DROP_PHY,4,3,52418,31925
veh3,699722456411,,20.7413,0,CPM_DROP_PHY,5,3,699722456411,31928
veh3,52440,,20.7426,0,CAM_DROP_PHY,12,3,52440,31931
veh3,699722456435,,20.7436,0,CPM_DROP_PHY,7,3,699722456435,31952
veh3,699722456447,,20.7626,0,CPM_DROP_PHY,12,3,699722456447,31969
veh3,52481,,20.7696,0,CAM_DROP_PHY,9,3,52481,31987
veh3,699722456472,,20.7696,0,CPM_DROP_PHY,9,3,699722456472,31987
veh3,699722456469,,20.7728,0,CPM_DROP_PHY,6,3,699722456469,32005
veh3,699722456478,,20.7738,0,CPM_DROP_PHY,4,3,699722456478,32012
veh3,52518,,20.7953,0,CAM_DROP_PHY,10,3,52518,32040
veh3,699722456510,,20.8101,0,CPM_DROP_PHY,11,3,699722456510,32058
veh3,699722456712,,20.8153,0,CPM_DROP_PHY,10,3,699722456712,32072
veh3,699722456719,,20.8176,0,CPM_DROP_PHY,2,3,699722456719,32079
veh3,699722456743,,20.8413,0,CPM_DROP_PHY,5,3,699722456743,32101
veh3,52772,,20.8426,0,CAM_DROP_PHY,12,3,52772,32105
veh3,699722456763,,20.8436,0,CPM_DROP_PHY,7,3,699722456763,32117
veh3,52779,,20.8498,0,CAM_DROP_PHY,8,3,52779,32112
veh3,699722456775,,20.8626,0,CPM_DROP_PHY,12,3,699722456775,32130
veh3,52808,,20.8696,0,CAM_DROP_PHY,9,3,52808,32149
veh3,699722456798,,20.8728,0,CPM_DROP_PHY,6,3,699722456798,32168
veh3,699722456804,,20.8738,0,CPM_DROP_PHY,4,3,699722456804,32174
veh3,52861,,20.8976,0,CAM_DROP_PHY,2,3,52861,32219
veh3,699722456833,,20.9101,0,CPM_DROP_PHY,11,3,699722456833,32216
veh3,52963,,20.9213,0,CAM_DROP_PHY,5,3,52963,32232
veh3,699722456943,,20.9353,0,CPM_DROP_PHY,10,3,699722456943,32233
veh3,699722456970,,20.9413,0,CPM_DROP_PHY,5,3,699722456970,32257
veh3,699722456987,,20.9426,0,CPM_DROP_PHY,7,3,699722456987,32277
veh3,53040,,20.9528,0,CAM_DROP_PHY,6,3,53040,32313
veh3,699722457001,,20.9626,0,CPM_DROP_PHY,12,3,699722457001,32292
veh3,53021,,20.9626,0,CAM_DROP_PHY,7,3,53021,32290
veh3,53035,,20.9696,0,CAM_DROP_PHY,9,3,53035,32310
veh3,699722457027,,20.9728,0,CPM_DROP_PHY,6,3,699722457027,32327
veh3,699722457034,,20.9738,0,CPM_DROP_PHY,4,3,699722457034,32335
veh3,699722457064,,21.0101,0,CPM_DROP_PHY,11,3,699722457064,32382
veh3,53239,21.0338,,0,CAM,3,,53239,-1
veh3,53204,,21.0338,0,CAM_DROP_PHY,4,3,53204,32410
veh3,699722457168,,21.0353,0,CPM_DROP_PHY,10,3,699722457168,32390
veh3,53227,,21.0388,0,CAM_DROP_PHY,12,3,53227,32415
veh3,699722457198,,21.0413,0,CPM_DROP_PHY,5,3,699722457198,32413
veh3,699722457222,,21.0426,0,CPM_DROP_PHY,7,3,699722457222,32435
veh3,53234,,21.0498,0,CAM_DROP_PHY,8,3,53234,32422
veh3,699722457233,,21.0588,0,CPM_DROP_PHY,12,3,699722457233,32449
veh3,53268,,21.0696,0,CAM_DROP_PHY,9,3,53268,32472
veh3,699722457258,,21.0728,0,CPM_DROP_PHY,6,3,699722457258,32493
veh3,699722457287,,21.0898,0,CPM_DROP_PHY,8,3,699722457287,32542
veh3,53324,,21.0976,0,CAM_DROP_PHY,2,3,53324,32557
veh3,699722457296,,21.1101,0,CPM_DROP_PHY,11,3,699722457296,32552
veh3,699722457405,,21.1336,0,CPM_DROP_PHY,10,3,699722457405,32573
veh3,699722457431,,21.1413,0,CPM_DROP_PHY,5,3,699722457431,32594
veh3,699722457448,,21.1426,0,CPM_DROP_PHY,7,3,699722457448,32609
veh3,699722457458,,21.1588,0,CPM_DROP_PHY,12,3,699722457458,32619
veh3,699722457480,,21.1638,0,CPM_DROP_PHY,6,3,699722457480,32651
veh3,53492,,21.1696,0,CAM_DROP_PHY,9,3,53492,32636
veh3,699722457483,,21.1696,0,CPM_DROP_PHY,9,3,699722457483,32636
veh3,699722457517,,21.2101,0,CPM_DROP_PHY,11,3,699722457517,32700
veh3,699722457743,,21.2176,0,CPM_DROP_PHY,2,3,699722457743,32716
veh3,53755,,21.2213,0,CAM_DROP_PHY,5,3,53755,32709
veh3,53547,,21.2301,0,CAM_DROP_PHY,11,3,53547,32700
veh3,699722457736,,21.2336,0,CPM_DROP_PHY,10,3,699722457736,32710
veh3,53801,,21.2388,0,CAM_DROP_PHY,12,3,53801,32748
veh3,699722457770,,21.2413,0,CPM_DROP_PHY,5,3,699722457770,32740
veh3,699722457795,,21.2426,0,CPM_DROP_PHY,7,3,699722457795,32770
veh3,53809,,21.2498,0,CAM_DROP_PHY,8,3,53809,32758
veh3,699722457809,,21.2588,0,CPM_DROP_PHY,12,3,699722457809,32783
veh3,53828,,21.2626,0,CAM_DROP_PHY,7,3,53828,32782
veh3,53848,,21.2638,0,CAM_DROP_PHY,6,3,53848,32809
veh3,53844,,21.2696,0,CAM_DROP_PHY,9,3,53844,32807
veh3,699722457489,,21.2738,0,CPM_DROP_PHY,4,3,699722457489,32659
veh3,699722457845,,21.2738,0,CPM_DROP_PHY,4,3,699722457845,32837
veh3,699722457837,,21.2838,0,CPM_DROP_PHY,6,3,699722457837,32809
veh3,53903,,21.3071,0,CAM_DROP_PHY,2,3,53903,32893
veh3,699722457875,,21.3191,0,CPM_DROP_PHY,11,3,699722457875,32888
veh3,699722457988,,21.3336,0,CPM_DROP_PHY,10,3,699722457988,32902
veh3,54059,21.3338,,0,CAM,3,,54059,-1
veh3,54026,,21.3338,0,CAM_DROP_PHY,4,3,54026,32927
veh3,699722458023,,21.3413,0,CPM_DROP_PHY,5,3,699722458023,32930
veh3,699722458043,,21.3426,0,CPM_DROP_PHY,7,3,699722458043,32954
veh3,699722458055,,21.3588,0,CPM_DROP_PHY,12,3,699722458055,32968
veh3,699722458078,,21.3638,0,CPM_DROP_PHY,6,3,699722458078,33001
veh3,54089,,21.3696,0,CAM_DROP_PHY,9,3,54089,32985
veh3,54123,,21.3936,0,CAM_DROP_PHY,10,3,54123,33036
veh3,699722458117,,21.3991,0,CPM_DROP_PHY,11,3,699722458117,33059
veh3,54296,,21.4316,0,CAM_DROP_PHY,8,3,54296,33101
veh3,699722458234,,21.4336,0,CPM_DROP_PHY,10,3,699722458234,33075
veh3,699722458263,,21.4413,0,CPM_DROP_PHY,5,3,699722458263,33093
veh3,699722458283,,21.4426,0,CPM_DROP_PHY,7,3,699722458283,33115
veh3,699722458294,,21.4588,0,CPM_DROP_PHY,12,3,699722458294,33126
veh3,699722458316,,21.4638,0,CPM_DROP_PHY,6,3,699722458316,33158
veh3,54328,,21.4696,0,CAM_DROP_PHY,9,3,54328,33142
veh3,699722458344,,21.4916,0,CPM_DROP_PHY,8,3,699722458344,33201
veh3,699722458353,,21.4991,0,CPM_DROP_PHY,11,3,699722458353,33210
veh3,54382,,21.5071,0,CAM_DROP_PHY,2,3,54382,33216
veh3,54491,,21.5213,0,CAM_DROP_PHY,5,3,54491,33230
veh3,699722458472,,21.5336,0,CPM_DROP_PHY,10,3,699722458472,33231
veh3,699722458502,,21.5413,0,CPM_DROP_PHY,5,3,699722458502,33253
veh3,699722458519,,21.5426,0,CPM_DROP_PHY,7,3,699722458519,33274
veh3,699722458532,,21.5588,0,CPM_DROP_PHY,12,3,699722458532,33285
veh3,54552,,21.5626,0,CAM_DROP_PHY,7,3,54552,33284
veh3,54569,,21.5638,0,CAM_DROP_PHY,6,3,54569,33305
veh3,54565,,21.5696,0,CAM_DROP_PHY,9,3,54565,33302
veh3,699722458560,,21.5696,0,CPM_DROP_PHY,9,3,699722458560,33302
veh3,699722458323,,21.5738,0,CPM_DROP_PHY,4,3,699722458323,33165
veh3,699722458566,,21.5738,0,CPM_DROP_PHY,4,3,699722458566,33328
veh3,699722458557,,21.5838,0,CPM_DROP_PHY,6,3,699722458557,33305
veh3,699722458595,,21.5991,0,CPM_DROP_PHY,11,3,699722458595,33379
veh3,54625,,21.5991,0,CAM_DROP_PHY,11,3,54625,33379
veh3,699722458814,,21.6271,0,CPM_DROP_PHY,2,3,699722458814,33397
veh3,54846,,21.6271,0,CAM_DROP_PHY,4,3,54846,33410
veh3,54880,,21.6316,0,CAM_DROP_PHY,8,3,54880,33427
veh3,699722458810,,21.6336,0,CPM_DROP_PHY,10,3,699722458810,33395
veh3,54886,21.6338,,0,CAM,3,,54886,-1
veh3,54872,,21.6388,0,CAM_DROP_PHY,12,3,54872,33424
veh3,699722458842,,21.6413,0,CPM_DROP_PHY,5,3,699722458842,33413
veh3,699722458870,,21.6426,0,CPM_DROP_PHY,7,3,699722458870,33446
veh3,54916,,21.6528,0,CAM_DROP_PHY,9,3,54916,33484
veh3,699722458882,,21.6588,0,CPM_DROP_PHY,12,3,699722458882,33463
veh3,699722458905,,21.6638,0,CPM_DROP_PHY,6,3,699722458905,33505
veh3,699722458912,,21.6671,0,CPM_DROP_PHY,4,3,699722458912,33514
veh3,699722458940,,21.6991,0,CPM_DROP_PHY,11,3,699722458940,33557
veh3,54968,,21.7071,0,CAM_DROP_PHY,2,3,54968,33559
veh3,699722459057,,21.7336,0,CPM_DROP_PHY,10,3,699722459057,33572
veh3,699722459086,,21.7413,0,CPM_DROP_PHY,5,3,699722459086,33592
veh3,699722459105,,21.7426,0,CPM_DROP_PHY,7,3,699722459105,33608
veh3,55150,,21.7528,0,CAM_DROP_PHY,9,3,55150,33634
veh3,699722459116,,21.7588,0,CPM_DROP_PHY,12,3,699722459116,33618
veh3,699722459140,,21.7638,0,CPM_DROP_PHY,6,3,699722459140,33654
veh3,699722459147,,21.7671,0,CPM_DROP_PHY,4,3,699722459147,33663
veh3,699722459173,,21.7991,0,CPM_DROP_PHY,11,3,699722459173,33699
veh3,55311,,21.8128,0,CAM_DROP_PHY,5,3,55311,33711
veh3,699722459291,,21.8136,0,CPM_DROP_PHY,10,3,699722459291,33712
veh3,55359,,21.8316,0,CAM_DROP_PHY,8,3,55359,33743
veh3,699722459325,,21.8328,0,CPM_DROP_PHY,5,3,699722459325,33731
veh3,55365,21.8338,,0,CAM,3,,55365,-1
veh3,699722459349,,21.8426,0,CPM_DROP_PHY,7,3,699722459349,33760
veh3,55393,,21.8528,0,CAM_DROP_PHY,9,3,55393,33779
veh3,699722459360,,21.8588,0,CPM_DROP_PHY,12,3,699722459360,33768
veh3,55380,,21.8626,0,CAM_DROP_PHY,7,3,55380,33767
veh3,55397,,21.8638,0,CAM_DROP_PHY,6,3,55397,33782
veh3,699722459392,,21.8671,0,CPM_DROP_PHY,4,3,699722459392,33811
veh3,699722459385,,21.8838,0,CPM_DROP_PHY,6,3,699722459385,33782
veh3,699722459424,,21.8991,0,CPM_DROP_PHY,11,3,699722459424,33868
veh3,55453,,21.9071,0,CAM_DROP_PHY,2,3,55453,33875
veh3,699722459537,,21.9136,0,CPM_DROP_PHY,10,3,699722459537,33889
veh3,55572,,21.9271,0,CAM_DROP_PHY,4,3,55572,33908
veh3,55608,21.9338,,0,CAM,3,,55608,-1
veh3,699722459592,,21.9426,0,CPM_DROP_PHY,7,3,699722459592,33935
veh3,699722459571,,21.9501,0,CPM_DROP_PHY,5,3,699722459571,33910
veh3,55635,,21.9528,0,CAM_DROP_PHY,9,3,55635,33953
veh3,699722459601,,21.9588,0,CPM_DROP_PHY,12,3,699722459601,33942
veh3,699722459624,,21.9638,0,CPM_DROP_PHY,6,3,699722459624,33973
veh3,699722459633,,21.9671,0,CPM_DROP_PHY,4,3,699722459633,33983
veh3,699722459628,,21.9728,0,CPM_DROP_PHY,9,3,699722459628,33976
veh3,55674,,21.9936,0,CAM_DROP_PHY,10,3,55674,34017
veh3,699722459666,,21.9991,0,CPM_DROP_PHY,11,3,699722459666,34037
veh3,699722459873,,22.0136,0,CPM_DROP_PHY,10,3,699722459873,34052
veh3,699722459878,,22.0271,0,CPM_DROP_PHY,2,3,699722459878,34054
veh3,699722459906,,22.0328,0,CPM_DROP_PHY,5,3,699722459906,34070
veh3,55947,22.0338,,0,CAM,3,,55947,-1
veh3,699722459930,,22.0426,0,CPM_DROP_PHY,7,3,699722459930,34098
veh3,55974,,22.0528,0,CAM_DROP_PHY,9,3,55974,34120
veh3,699722459940,,22.0588,0,CPM_DROP_PHY,12,3,699722459940,34108
veh3,699722459963,,22.0638,0,CPM_DROP_PHY,6,3,699722459963,34140
veh3,699722459971,,22.0671,0,CPM_DROP_PHY,4,3,699722459971,34149
veh3,699722459998,,22.0991,0,CPM_DROP_PHY,11,3,699722459998,34193
veh3,56030,,22.0991,0,CAM_DROP_PHY,11,3,56030,34193
veh3,56026,,22.1071,0,CAM_DROP_PHY,2,3,56026,34195
veh3,56136,,22.1128,0,CAM_DROP_PHY,5,3,56136,34209
veh3,699722460116,,22.1136,0,CPM_DROP_PHY,10,3,699722460116,34210
veh3,55940,,22.1316,0,CAM_DROP_PHY,8,3,55940,34080
veh3,699722460150,,22.1328,0,CPM_DROP_PHY,5,3,699722460150,34232
veh3,56190,22.1338,,0,CAM,3,,56190,-1
veh3,56180,,22.1388,0,CAM_DROP_PHY,12,3,56180,34242
veh3,699722460173,,22.1426,0,CPM_DROP_PHY,7,3,699722460173,34256
veh3,56220,,22.1528,0,CAM_DROP_PHY,9,3,56220,34281
veh3,699722460187,,22.1588,0,CPM_DROP_PHY,12,3,699722460187,34265
veh3,56206,,22.1626,0,CAM_DROP_PHY,7,3,56206,34264
veh3,56224,,22.1638,0,CAM_DROP_PHY,6,3,56224,34283
veh3,699722460219,,22.1671,0,CPM_DROP_PHY,4,3,699722460219,34313
veh3,699722460212,,22.1838,0,CPM_DROP_PHY,6,3,699722460212,34283
veh3,699722460249,,22.1991,0,CPM_DROP_PHY,11,3,699722460249,34366
veh3,699722460362,,22.2271,0,CPM_DROP_PHY,10,3,699722460362,34381
veh3,56397,,22.2271,0,CAM_DROP_PHY,4,3,56397,34395
veh3,56437,22.2338,,0,CAM,3,,56437,-1
veh3,699722460420,,22.2426,0,CPM_DROP_PHY,7,3,699722460420,34422
veh3,56431,,22.2468,0,CAM_DROP_PHY,8,3,56431,34409
veh3,699722460397,,22.2501,0,CPM_DROP_PHY,5,3,699722460397,34397
veh3,56467,,22.2528,0,CAM_DROP_PHY,9,3,56467,34445
veh3,699722460432,,22.2588,0,CPM_DROP_PHY,12,3,699722460432,34429
veh3,699722460457,,22.2638,0,CPM_DROP_PHY,6,3,699722460457,34467
veh3,699722460464,,22.2671,0,CPM_DROP_PHY,4,3,699722460464,34476
veh3,699722460484,,22.2868,0,CPM_DROP_PHY,8,3,699722460484,34513
veh3,699722460494,,22.2991,0,CPM_DROP_PHY,11,3,699722460494,34525
veh3,56522,,22.3071,0,CAM_DROP_PHY,2,3,56522,34530
veh3,699722460604,,22.3136,0,CPM_DROP_PHY,10,3,699722460604,34543
veh3,699722460636,,22.3328,0,CPM_DROP_PHY,5,3,699722460636,34562
veh3,699722460653,,22.3406,0,CPM_DROP_PHY,7,3,699722460653,34580
veh3,56697,,22.3528,0,CAM_DROP_PHY,9,3,56697,34599
veh3,699722460663,,22.3588,0,CPM_DROP_PHY,12,3,699722460663,34587
veh3,699722460686,,22.3638,0,CPM_DROP_PHY,6,3,699722460686,34618
veh3,699722460695,,22.3671,0,CPM_DROP_PHY,4,3,699722460695,34627
veh3,699722460689,,22.3728,0,CPM_DROP_PHY,9,3,699722460689,34621
veh3,699722460722,,22.3991,0,CPM_DROP_PHY,11,3,699722460722,34671
veh3,56957,,22.4128,0,CAM_DROP_PHY,5,3,56957,34683
veh3,699722460938,,22.4136,0,CPM_DROP_PHY,10,3,699722460938,34684
veh3,699722460943,,22.4271,0,CPM_DROP_PHY,2,3,699722460943,34685
veh3,699722460972,,22.4328,0,CPM_DROP_PHY,5,3,699722460972,34703
veh3,57012,22.4338,,0,CAM,3,,57012,-1
veh3,699722460996,,22.4406,0,CPM_DROP_PHY,7,3,699722460996,34732
veh3,57006,,22.4468,0,CAM_DROP_PHY,8,3,57006,34718
veh3,57045,,22.4528,0,CAM_DROP_PHY,9,3,57045,34764
veh3,699722461011,,22.4543,0,CPM_DROP_PHY,12,3,699722461011,34746
veh3,57030,,22.4606,0,CAM_DROP_PHY,7,3,57030,34743
veh3,57049,,22.4638,0,CAM_DROP_PHY,6,3,57049,34766
veh3,699722461047,,22.4671,0,CPM_DROP_PHY,4,3,699722461047,34804
veh3,699722461039,,22.4838,0,CPM_DROP_PHY,6,3,699722461039,34766
veh3,699722461074,,22.4996,0,CPM_DROP_PHY,11,3,699722461074,34843
veh3,57102,,22.5068,0,CAM_DROP_PHY,2,3,57102,34848
veh3,699722461186,,22.5271,0,CPM_DROP_PHY,10,3,699722461186,34862
veh3,57221,,22.5271,0,CAM_DROP_PHY,4,3,57221,34879
veh3,699722461240,,22.5406,0,CPM_DROP_PHY,7,3,699722461240,34906
veh3,699722461222,,22.5501,0,CPM_DROP_PHY,5,3,699722461222,34881
veh3,57283,,22.5528,0,CAM_DROP_PHY,9,3,57283,34925
veh3,699722461249,,22.5543,0,CPM_DROP_PHY,12,3,699722461249,34913
veh3,699722461279,,22.5671,0,CPM_DROP_PHY,4,3,699722461279,34954
veh3,699722461273,,22.5698,0,CPM_DROP_PHY,6,3,699722461273,34946
veh3,57319,,22.5966,0,CAM_DROP_PHY,10,3,57319,34980
veh3,699722461309,,22.5996,0,CPM_DROP_PHY,11,3,699722461309,34989
veh3,699722461421,,22.6166,0,CPM_DROP_PHY,10,3,699722461421,35009
veh3,699722461454,,22.6328,0,CPM_DROP_PHY,5,3,699722461454,35025
veh3,699722461473,,22.6406,0,CPM_DROP_PHY,7,3,699722461473,35042
veh3,57487,,22.6468,0,CAM_DROP_PHY,8,3,57487,35033
veh3,57519,,22.6528,0,CAM_DROP_PHY,9,3,57519,35065
veh3,699722461484,,22.6543,0,CPM_DROP_PHY,12,3,699722461484,35049
veh3,699722461516,,22.6671,0,CPM_DROP_PHY,4,3,699722461516,35097
veh3,699722461509,,22.6698,0,CPM_DROP_PHY,6,3,699722461509,35089
veh3,699722461535,,22.6868,0,CPM_DROP_PHY,8,3,699722461535,35125
veh3,699722461545,,22.6996,0,CPM_DROP_PHY,11,3,699722461545,35136
veh3,57579,,22.6996,0,CAM_DROP_PHY,11,3,57579,35136
veh3,57574,,22.7068,0,CAM_DROP_PHY,2,3,57574,35143
veh3,57680,,22.7128,0,CAM_DROP_PHY,5,3,57680,35156
veh3,699722461661,,22.7166,0,CPM_DROP_PHY,10,3,699722461661,35157
veh3,699722461695,,22.7328,0,CPM_DROP_PHY,5,3,699722461695,35180
veh3,57737,22.7338,,0,CAM,3,,57737,-1
veh3,57725,,22.7343,0,CAM_DROP_PHY,12,3,57725,35189
veh3,699722461722,,22.7406,0,CPM_DROP_PHY,7,3,699722461722,35209
veh3,57732,,22.7468,0,CAM_DROP_PHY,8,3,57732,35194
veh3,57775,,22.7528,0,CAM_DROP_PHY,9,3,57775,35241
veh3,699722461737,,22.7543,0,CPM_DROP_PHY,12,3,699722461737,35222
veh3,57756,,22.7606,0,CAM_DROP_PHY,7,3,57756,35219
veh3,57779,,22.7698,0,CAM_DROP_PHY,6,3,57779,35244
veh3,699722461772,,22.7728,0,CPM_DROP_PHY,9,3,699722461772,35271
veh3,699722461778,,22.7856,0,CPM_DROP_PHY,4,3,699722461778,35281
veh3,699722461769,,22.7898,0,CPM_DROP_PHY,6,3,699722461769,35244
veh3,699722461808,,22.7996,0,CPM_DROP_PHY,11,3,699722461808,35327
veh3,699722462014,,22.8166,0,CPM_DROP_PHY,10,3,699722462014,35344
veh3,58050,,22.8256,0,CAM_DROP_PHY,4,3,58050,35359
veh3,699722462019,,22.8268,0,CPM_DROP_PHY,2,3,699722462019,35346
veh3,699722462050,,22.8328,0,CPM_DROP_PHY,5,3,699722462050,35362
veh3,699722462073,,22.8406,0,CPM_DROP_PHY,7,3,699722462073,35390
veh3,58087,,22.8468,0,CAM_DROP_PHY,8,3,58087,35379
veh3,58119,,22.8528,0,CAM_DROP_PHY,9,3,58119,35416
veh3,699722462084,,22.8543,0,CPM_DROP_PHY,12,3,699722462084,35399
veh3,699722462111,,22.8698,0,CPM_DROP_PHY,6,3,699722462111,35440
veh3,699722462118,,22.8856,0,CPM_DROP_PHY,4,3,699722462118,35449
veh3,699722462147,,22.8996,0,CPM_DROP_PHY,11,3,699722462147,35481
veh3,58175,,22.9068,0,CAM_DROP_PHY,2,3,58175,35485
veh3,699722462251,,22.9166,0,CPM_DROP_PHY,10,3,699722462251,35498
veh3,58286,,22.9256,0,CAM_DROP_PHY,4,3,58286,35515
veh3,699722462287,,22.9328,0,CPM_DROP_PHY,5,3,699722462287,35518
veh3,699722462308,,22.9406,0,CPM_DROP_PHY,7,3,699722462308,35543
veh3,699722462318,,22.9446,0,CPM_DROP_PHY,12,3,699722462318,35550
veh3,58322,,22.9468,0,CAM_DROP_PHY,8,3,58322,35535
veh3,58354,,22.9553,0,CAM_DROP_PHY,9,3,58354,35573
veh3,699722462343,,22.9698,0,CPM_DROP_PHY,6,3,699722462343,35592
veh3,699722462350,,22.9856,0,CPM_DROP_PHY,4,3,699722462350,35602
veh3,699722462376,,22.9996,0,CPM_DROP_PHY,11,3,699722462376,35632
veh3,58501,,23.0128,0,CAM_DROP_PHY,5,3,58501,35646
veh3,699722462482,,23.0248,0,CPM_DROP_PHY,10,3,699722462482,35647
veh3,58517,,23.0256,0,CAM_DROP_PHY,4,3,58517,35663
veh3,699722462518,,23.0328,0,CPM_DROP_PHY,5,3,699722462518,35666
veh3,58559,23.0338,,0,CAM,3,,58559,-1
veh3,699722462543,,23.0406,0,CPM_DROP_PHY,7,3,699722462543,35697
veh3,699722462556,,23.0446,0,CPM_DROP_PHY,12,3,699722462556,35709
veh3,58553,,23.0468,0,CAM_DROP_PHY,8,3,58553,35686
veh3,58592,,23.0553,0,CAM_DROP_PHY,9,3,58592,35733
veh3,58576,,23.0606,0,CAM_DROP_PHY,7,3,58576,35706
veh3,58596,,23.0698,0,CAM_DROP_PHY,6,3,58596,35736
veh3,699722462592,,23.0856,0,CPM_DROP_PHY,4,3,699722462592,35767
veh3,699722462611,,23.0868,0,CPM_DROP_PHY,8,3,699722462611,35792
veh3,699722462585,,23.0898,0,CPM_DROP_PHY,6,3,699722462585,35736
veh3,699722462622,,23.0996,0,CPM_DROP_PHY,11,3,699722462622,35808
veh3,58651,,23.1068,0,CAM_DROP_PHY,2,3,58651,35819
veh3,699722462734,,23.1166,0,CPM_DROP_PHY,10,3,699722462734,35832
veh3,58768,,23.1256,0,CAM_DROP_PHY,4,3,58768,35849
veh3,699722462768,,23.1328,0,CPM_DROP_PHY,5,3,699722462768,35853
veh3,699722462789,,23.1406,0,CPM_DROP_PHY,7,3,699722462789,35877
veh3,58804,,23.1411,0,CAM_DROP_PHY,8,3,58804,35869
veh3,699722462800,,23.1446,0,CPM_DROP_PHY,12,3,699722462800,35887
veh3,58835,,23.1553,0,CAM_DROP_PHY,9,3,58835,35910
veh3,699722462823,,23.1698,0,CPM_DROP_PHY,6,3,699722462823,35927
veh3,699722462826,,23.1753,0,CPM_DROP_PHY,9,3,699722462826,35928
veh3,699722462832,,23.1856,0,CPM_DROP_PHY,4,3,699722462832,35938
veh3,699722462862,,23.1996,0,CPM_DROP_PHY,11,3,699722462862,35975
veh3,58870,,23.2048,0,CAM_DROP_PHY,10,3,58870,35955
veh3,699722463070,,23.2166,0,CPM_DROP_PHY,10,3,699722463070,35996
veh3,59107,,23.2256,0,CAM_DROP_PHY,4,3,59107,36010
veh3,699722463075,,23.2268,0,CPM_DROP_PHY,2,3,699722463075,35998
veh3,699722463107,,23.2328,0,CPM_DROP_PHY,5,3,699722463107,36014
veh3,699722463128,,23.2406,0,CPM_DROP_PHY,7,3,699722463128,36041
veh3,59142,,23.2411,0,CAM_DROP_PHY,8,3,59142,36031
veh3,699722463139,,23.2446,0,CPM_DROP_PHY,12,3,699722463139,36053
veh3,59176,,23.2553,0,CAM_DROP_PHY,9,3,59176,36077
veh3,699722463168,,23.2698,0,CPM_DROP_PHY,6,3,699722463168,36094
veh3,699722463175,,23.2856,0,CPM_DROP_PHY,4,3,699722463175,36104
veh3,699722463202,,23.2978,0,CPM_DROP_PHY,11,3,699722463202,36133
veh3,59230,,23.3068,0,CAM_DROP_PHY,2,3,59230,36137
veh3,699722463309,,23.3166,0,CPM_DROP_PHY,10,3,699722463309,36155
veh3,59328,,23.3173,0,CAM_DROP_PHY,5,3,59328,36154
veh3,59235,,23.3178,0,CAM_DROP_PHY,11,3,59235,36143
veh3,59382,23.3338,,0,CAM,3,,59382,-1
veh3,699722463341,,23.3373,0,CPM_DROP_PHY,5,3,699722463341,36178
veh3,59372,,23.3446,0,CAM_DROP_PHY,12,3,59372,36191
veh3,699722463367,,23.3526,0,CPM_DROP_PHY,7,3,699722463367,36204
veh3,59415,,23.3553,0,CAM_DROP_PHY,9,3,59415,36233
veh3,699722463380,,23.3688,0,CPM_DROP_PHY,12,3,699722463380,36191
veh3,59419,,23.3698,0,CAM_DROP_PHY,6,3,59419,36235
veh3,699722463416,,23.3698,0,CPM_DROP_PHY,4,3,699722463416,36266
veh3,59399,,23.3726,0,CAM_DROP_PHY,7,3,59399,36204
veh3,699722463408,,23.3898,0,CPM_DROP_PHY,6,3,699722463408,36235
veh3,699722463446,,23.3978,0,CPM_DROP_PHY,11,3,699722463446,36313
veh3,699722463543,,23.4166,0,CPM_DROP_PHY,10,3,699722463543,36333
veh3,59578,,23.4298,0,CAM_DROP_PHY,4,3,59578,36345
veh3,699722463577,,23.4373,0,CPM_DROP_PHY,5,3,699722463577,36348
veh3,59615,,23.4411,0,CAM_DROP_PHY,8,3,59615,36360
veh3,699722463615,,23.4446,0,CPM_DROP_PHY,12,3,699722463615,36378
veh3,699722463601,,23.4526,0,CPM_DROP_PHY,7,3,699722463601,36367
veh3,59651,,23.4553,0,CAM_DROP_PHY,9,3,59651,36402
veh3,699722463641,,23.4698,0,CPM_DROP_PHY,6,3,699722463641,36419
veh3,699722463648,,23.4698,0,CPM_DROP_PHY,4,3,699722463648,36428
veh3,699722463678,,23.4978,0,CPM_DROP_PHY,11,3,699722463678,36462
veh3,699722463669,,23.5011,0,CPM_DROP_PHY,8,3,699722463669,36457
veh3,59706,,23.5058,0,CAM_DROP_PHY,2,3,59706,36465
veh3,699722463784,,23.5166,0,CPM_DROP_PHY,10,3,699722463784,36488
veh3,699722463815,,23.5373,0,CPM_DROP_PHY,5,3,699722463815,36506
veh3,699722463843,,23.5446,0,CPM_DROP_PHY,12,3,699722463843,36526
veh3,699722463831,,23.5526,0,CPM_DROP_PHY,7,3,699722463831,36518
veh3,59878,,23.5553,0,CAM_DROP_PHY,9,3,59878,36545
veh3,699722463869,,23.5698,0,CPM_DROP_PHY,6,3,699722463869,36563
veh3,699722463878,,23.5698,0,CPM_DROP_PHY,4,3,699722463878,36572
veh3,699722463872,,23.5753,0,CPM_DROP_PHY,9,3,699722463872,36564
veh3,699722463909,,23.5978,0,CPM_DROP_PHY,11,3,699722463909,36613
veh3,60123,,23.6173,0,CAM_DROP_PHY,5,3,60123,36628
veh3,699722464109,,23.6258,0,CPM_DROP_PHY,2,3,699722464109,36633
veh3,699722464103,,23.6271,0,CPM_DROP_PHY,10,3,699722464103,36629
veh3,60140,,23.6298,0,CAM_DROP_PHY,4,3,60140,36641
veh3,60177,23.6338,,0,CAM,3,,60177,-1
veh3,699722464138,,23.6373,0,CPM_DROP_PHY,5,3,699722464138,36644
veh3,699722464163,,23.6526,0,CPM_DROP_PHY,7,3,699722464163,36678
veh3,60210,,23.6553,0,CAM_DROP_PHY,9,3,60210,36701
veh3,60214,,23.6698,0,CAM_DROP_PHY,6,3,60214,36702
veh3,699722464210,,23.6698,0,CPM_DROP_PHY,4,3,699722464210,36732
veh3,60195,,23.6726,0,CAM_DROP_PHY,7,3,60195,36678
veh3,699722464203,,23.6783,0,CPM_DROP_PHY,6,3,699722464203,36702
veh3,699722464244,,23.6978,0,CPM_DROP_PHY,11,3,699722464244,36789
veh3,60273,,23.7058,0,CAM_DROP_PHY,2,3,60273,36791
veh3,699722464342,,23.7271,0,CPM_DROP_PHY,10,3,699722464342,36808
veh3,699722464372,,23.7373,0,CPM_DROP_PHY,5,3,699722464372,36822
veh3,60407,,23.7411,0,CAM_DROP_PHY,8,3,60407,36833
veh3,699722464393,,23.7526,0,CPM_DROP_PHY,7,3,699722464393,36838
veh3,60439,,23.7553,0,CAM_DROP_PHY,9,3,60439,36866
veh3,699722464439,,23.7698,0,CPM_DROP_PHY,4,3,699722464439,36897
veh3,699722464431,,23.7783,0,CPM_DROP_PHY,6,3,699722464431,36886
veh3,60480,,23.7871,0,CAM_DROP_PHY,10,3,60480,36921
veh3,699722464473,,23.7978,0,CPM_DROP_PHY,11,3,699722464473,36939
veh3,699722464566,,23.8271,0,CPM_DROP_PHY,10,3,699722464566,36955
veh3,699722464595,,23.8373,0,CPM_DROP_PHY,5,3,699722464595,36965
veh3,699722464613,,23.8526,0,CPM_DROP_PHY,7,3,699722464613,36980
veh3,60657,,23.8553,0,CAM_DROP_PHY,9,3,60657,37001
veh3,699722464656,,23.8698,0,CPM_DROP_PHY,4,3,699722464656,37032
veh3,699722464648,,23.8783,0,CPM_DROP_PHY,6,3,699722464648,37021
veh3,699722464689,,23.8978,0,CPM_DROP_PHY,11,3,699722464689,37068
veh3,699722464679,,23.9011,0,CPM_DROP_PHY,8,3,699722464679,37061
veh3,60718,,23.9058,0,CAM_DROP_PHY,2,3,60718,37070
veh3,60812,,23.9173,0,CAM_DROP_PHY,5,3,60812,37095
veh3,60724,,23.9178,0,CAM_DROP_PHY,11,3,60724,37077
veh3,699722464793,,23.9271,0,CPM_DROP_PHY,10,3,699722464793,37096
veh3,60828,,23.9298,0,CAM_DROP_PHY,4,3,60828,37114
veh3,60870,23.9338,,0,CAM,3,,60870,-1
veh3,699722464827,,23.9373,0,CPM_DROP_PHY,5,3,699722464827,37117
veh3,699722464854,,23.9526,0,CPM_DROP_PHY,7,3,699722464854,37151
veh3,60903,,23.9553,0,CAM_DROP_PHY,9,3,60903,37178
veh3,60907,,23.9583,0,CAM_DROP_PHY,6,3,60907,37179
veh3,699722464907,,23.9698,0,CPM_DROP_PHY,4,3,699722464907,37217
veh3,60887,,23.9726,0,CAM_DROP_PHY,7,3,60887,37151
veh3,699722464899,,23.9753,0,CPM_DROP_PHY,9,3,699722464899,37204
veh3,699722464896,,23.9783,0,CPM_DROP_PHY,6,3,699722464896,37202
veh3,699722464942,,23.9978,0,CPM_DROP_PHY,11,3,699722464942,37274
veh3,61153,,24.0173,0,CAM_DROP_PHY,5,3,61153,37289
veh3,699722465139,,24.0258,0,CPM_DROP_PHY,2,3,699722465139,37293
veh3,699722465134,,24.0271,0,CPM_DROP_PHY,10,3,699722465134,37290
veh3,60858,,24.0326,0,CAM_DROP_PHY,12,3,60858,37128
veh3,61200,,24.0411,0,CAM_DROP_PHY,8,3,61200,37322
veh3,699722465186,,24.0526,0,CPM_DROP_PHY,7,3,699722465186,37331
veh3,699722465163,,24.0573,0,CPM_DROP_PHY,5,3,699722465163,37304
veh3,61234,,24.0653,0,CAM_DROP_PHY,9,3,61234,37360
veh3,699722465233,,24.0698,0,CPM_DROP_PHY,4,3,699722465233,37390
veh3,699722465224,,24.0783,0,CPM_DROP_PHY,6,3,699722465224,37378
veh3,699722465264,,24.0978,0,CPM_DROP_PHY,11,3,699722465264,37433
veh3,61293,,24.1058,0,CAM_DROP_PHY,2,3,61293,37434
veh3,61382,,24.1173,0,CAM_DROP_PHY,5,3,61382,37453
veh3,699722465364,,24.1311,0,CPM_DROP_PHY,10,3,699722465364,37454
veh3,61428,24.1338,,0,CAM,3,,61428,-1
veh3,699722465391,,24.1373,0,CPM_DROP_PHY,5,3,699722465391,37469
veh3,699722465413,,24.1526,0,CPM_DROP_PHY,7,3,699722465413,37489
veh3,61457,,24.1653,0,CAM_DROP_PHY,9,3,61457,37510
veh3,699722465455,,24.1698,0,CPM_DROP_PHY,4,3,699722465455,37537
veh3,699722465446,,24.1783,0,CPM_DROP_PHY,6,3,699722465446,37527
veh3,699722465491,,24.1978,0,CPM_DROP_PHY,11,3,699722465491,37584
veh3,61605,,24.2173,0,CAM_DROP_PHY,5,3,61605,37601
veh3,61622,,24.2218,0,CAM_DROP_PHY,4,3,61622,37610
veh3,699722465588,,24.2271,0,CPM_DROP_PHY,10,3,699722465588,37602
veh3,61655,24.2338,,0,CAM,3,,61655,-1
veh3,699722465617,,24.2373,0,CPM_DROP_PHY,5,3,699722465617,37616
veh3,699722465640,,24.2526,0,CPM_DROP_PHY,7,3,699722465640,37640
veh3,61692,,24.2583,0,CAM_DROP_PHY,6,3,61692,37665
veh3,61688,,24.2653,0,CAM_DROP_PHY,9,3,61688,37663
veh3,699722465687,,24.2653,0,CPM_DROP_PHY,9,3,699722465687,37663
veh3,61672,,24.2726,0,CAM_DROP_PHY,7,3,61672,37640
veh3,699722465683,,24.2783,0,CPM_DROP_PHY,6,3,699722465683,37683
veh3,699722465695,,24.2818,0,CPM_DROP_PHY,4,3,699722465695,37698
veh3,699722465723,,24.3011,0,CPM_DROP_PHY,8,3,699722465723,37740
veh3,61762,,24.3058,0,CAM_DROP_PHY,2,3,61762,37755
veh3,699722465733,,24.3081,0,CPM_DROP_PHY,11,3,699722465733,37751
veh3,61845,,24.3173,0,CAM_DROP_PHY,5,3,61845,37774
veh3,699722465827,,24.3271,0,CPM_DROP_PHY,10,3,699722465827,37779
veh3,61895,24.3338,,0,CAM,3,,61895,-1
veh3,61890,,24.3411,0,CAM_DROP_PHY,8,3,61890,37813
veh3,699722465879,,24.3526,0,CPM_DROP_PHY,7,3,699722465879,37818
veh3,699722465855,,24.3573,0,CPM_DROP_PHY,5,3,699722465855,37796
veh3,61925,,24.3653,0,CAM_DROP_PHY,9,3,61925,37846
veh3,699722465920,,24.3653,0,CPM_DROP_PHY,9,3,699722465920,37846
veh3,699722465917,,24.3723,0,CPM_DROP_PHY,6,3,699722465917,37864
veh3,699722465927,,24.3818,0,CPM_DROP_PHY,4,3,699722465927,37878
veh3,61975,,24.3871,0,CAM_DROP_PHY,10,3,61975,37906
veh3,699722465970,,24.4081,0,CPM_DROP_PHY,11,3,699722465970,37933
veh3,62180,,24.4173,0,CAM_DROP_PHY,5,3,62180,37945
veh3,699722466169,,24.4258,0,CPM_DROP_PHY,2,3,699722466169,37951
veh3,699722466163,,24.4271,0,CPM_DROP_PHY,10,3,699722466163,37950
veh3,62235,24.4338,,0,CAM,3,,62235,-1
veh3,699722466220,,24.4526,0,CPM_DROP_PHY,7,3,699722466220,37993
veh3,699722466197,,24.4546,0,CPM_DROP_PHY,5,3,699722466197,37964
veh3,62264,,24.4653,0,CAM_DROP_PHY,9,3,62264,38013
veh3,699722466259,,24.4653,0,CPM_DROP_PHY,9,3,699722466259,38013
veh3,699722466256,,24.4723,0,CPM_DROP_PHY,6,3,699722466256,38031
veh3,699722466268,,24.4818,0,CPM_DROP_PHY,4,3,699722466268,38048
veh3,62333,,24.5058,0,CAM_DROP_PHY,2,3,62333,38098
veh3,699722466304,,24.5081,0,CPM_DROP_PHY,11,3,699722466304,38093
veh3,62338,,24.5081,0,CAM_DROP_PHY,11,3,62338,38093
veh3,63714,,24.5146,0,CAM_DROP_PHY,5,3,63714,38109
veh3,63732,,24.5218,0,CAM_DROP_PHY,4,3,63732,38128
veh3,699722467696,,24.5271,0,CPM_DROP_PHY,10,3,699722467696,38114
veh3,63775,24.5338,,0,CAM,3,,63775,-1
veh3,63769,,24.5411,0,CAM_DROP_PHY,8,3,63769,38153
veh3,699722467760,,24.5526,0,CPM_DROP_PHY,7,3,699722467760,38169
veh3,699722467730,,24.5546,0,CPM_DROP_PHY,5,3,699722467730,38134
veh3,63810,,24.5653,0,CAM_DROP_PHY,9,3,63810,38198
veh3,699722467806,,24.5653,0,CPM_DROP_PHY,9,3,699722467806,38198
veh3,63814,,24.5723,0,CAM_DROP_PHY,6,3,63814,38201
veh3,63794,,24.5726,0,CAM_DROP_PHY,7,3,63794,38169
veh3,699722467814,,24.5818,0,CPM_DROP_PHY,4,3,699722467814,38234
veh3,699722467803,,24.5923,0,CPM_DROP_PHY,6,3,699722467803,38201
veh3,699722467852,,24.6081,0,CPM_DROP_PHY,11,3,699722467852,38290
veh3,699722467946,,24.6271,0,CPM_DROP_PHY,10,3,699722467946,38308
veh3,63762,,24.6326,0,CAM_DROP_PHY,12,3,63762,38149
veh3,64007,,24.6498,0,CAM_DROP_PHY,8,3,64007,38332
veh3,699722467994,,24.6526,0,CPM_DROP_PHY,7,3,699722467994,38340
veh3,699722467972,,24.6546,0,CPM_DROP_PHY,5,3,699722467972,38318
veh3,64038,,24.6653,0,CAM_DROP_PHY,9,3,64038,38359
veh3,699722468033,,24.6653,0,CPM_DROP_PHY,9,3,699722468033,38359
veh3,699722468029,,24.6723,0,CPM_DROP_PHY,6,3,699722468029,38381
veh3,699722468040,,24.6818,0,CPM_DROP_PHY,4,3,699722468040,38398
veh3,699722468070,,24.6898,0,CPM_DROP_PHY,8,3,699722468070,38429
veh3,64111,,24.7058,0,CAM_DROP_PHY,2,3,64111,38449
veh3,699722468082,,24.7081,0,CPM_DROP_PHY,11,3,699722468082,38441
veh3,64197,,24.7146,0,CAM_DROP_PHY,5,3,64197,38459
veh3,699722468178,,24.7271,0,CPM_DROP_PHY,10,3,699722468178,38464
veh3,64249,24.7338,,0,CAM,3,,64249,-1
veh3,699722468208,,24.7346,0,CPM_DROP_PHY,5,3,699722468208,38481
veh3,699722468233,,24.7501,0,CPM_DROP_PHY,7,3,699722468233,38508
veh3,64244,,24.7558,0,CAM_DROP_PHY,8,3,64244,38501
veh3,64279,,24.7653,0,CAM_DROP_PHY,9,3,64279,38534
veh3,699722468273,,24.7653,0,CPM_DROP_PHY,9,3,699722468273,38534
veh3,699722468269,,24.7723,0,CPM_DROP_PHY,6,3,699722468269,38554
veh3,699722468281,,24.7818,0,CPM_DROP_PHY,4,3,699722468281,38563
veh3,699722468316,,24.8081,0,CPM_DROP_PHY,11,3,699722468316,38598
veh3,64434,,24.8218,0,CAM_DROP_PHY,4,3,64434,38622
veh3,699722468404,,24.8258,0,CPM_DROP_PHY,2,3,699722468404,38616
veh3,699722468399,,24.8271,0,CPM_DROP_PHY,10,3,699722468399,38612
veh3,699722468429,,24.8456,0,CPM_DROP_PHY,5,3,699722468429,38626
veh3,699722468450,,24.8501,0,CPM_DROP_PHY,7,3,699722468450,38659
veh3,699722468243,,24.8503,0,CPM_DROP_PHY,12,3,699722468243,38511
veh3,699722468462,,24.8503,0,CPM_DROP_PHY,12,3,699722468462,38663
veh3,64499,,24.8653,0,CAM_DROP_PHY,9,3,64499,38684
veh3,64482,,24.8701,0,CAM_DROP_PHY,7,3,64482,38659
veh3,64503,,24.8723,0,CAM_DROP_PHY,6,3,64503,38688
veh3,699722468500,,24.8818,0,CPM_DROP_PHY,4,3,699722468500,38709
veh3,699722468491,,24.8923,0,CPM_DROP_PHY,6,3,699722468491,38688
veh3,699722468494,,24.8946,0,CPM_DROP_PHY,9,3,699722468494,38684
