time_s,vehicle_id,event_type,source_id,msg_seq,pkt_uid,distance_m,heading_diff_deg,lane_before,lane_after,target_speed_mps
1.01233,veh8,cpm_drop_reaction,2,699722411827,26,-1,-1,0,0,15
1.01608,veh8,drop_decision_no_action,5,7844,25,-1,-1,-1,-1,-1
1.02333,veh8,drop_decision_no_action,4,7877,36,-1,-1,-1,-1,-1
1.08083,veh8,drop_decision_no_action,10,7943,60,-1,-1,-1,-1,-1
1.11233,veh8,drop_decision_no_action,2,699722412020,74,-1,-1,-1,-1,-1
1.13608,veh8,drop_decision_no_action,5,699722412033,85,-1,-1,-1,-1,-1
1.14158,veh8,drop_decision_no_action,3,8076,92,-1,-1,-1,-1,-1
1.15133,veh8,drop_decision_no_action,7,8092,102,-1,-1,-1,-1,-1
1.15458,veh8,drop_decision_no_action,6,8109,118,-1,-1,-1,-1,-1
1.17458,veh8,drop_decision_no_action,6,699722412101,138,-1,-1,-1,-1,-1
1.18333,veh8,drop_decision_no_action,4,699722412106,141,-1,-1,-1,-1,-1
1.21233,veh8,drop_decision_no_action,2,8171,179,-1,-1,-1,-1,-1
1.21233,veh8,drop_decision_no_action,2,699722412232,179,-1,-1,-1,-1,-1
1.21608,veh8,drop_decision_no_action,5,8250,188,-1,-1,-1,-1,-1
1.22333,veh8,drop_decision_no_action,4,8264,203,-1,-1,-1,-1,-1
1.23608,veh8,drop_decision_no_action,5,699722412249,210,-1,-1,-1,-1,-1
1.24158,veh8,drop_decision_no_action,3,699722412262,226,-1,-1,-1,-1,-1
1.27458,veh8,drop_decision_no_action,6,699722412287,252,-1,-1,-1,-1,-1
1.28333,veh8,drop_decision_no_action,4,699722412293,254,-1,-1,-1,-1,-1
1.31233,veh8,drop_decision_no_action,2,699722412408,301,-1,-1,-1,-1,-1
1.33608,veh8,drop_decision_no_action,5,699722412420,316,-1,-1,-1,-1,-1
1.34158,veh8,drop_decision_no_action,3,8457,324,-1,-1,-1,-1,-1
1.35133,veh8,drop_decision_no_action,7,8469,335,-1,-1,-1,-1,-1
1.35458,veh8,drop_decision_no_action,6,8480,351,-1,-1,-1,-1,-1
1.37458,veh8,drop_decision_no_action,6,699722412468,371,-1,-1,-1,-1,-1
1.38333,veh8,drop_decision_no_action,4,699722412474,374,-1,-1,-1,-1,-1
1.41233,veh8,drop_decision_no_action,2,8536,412,-1,-1,-1,-1,-1
1.41233,veh8,drop_decision_no_action,2,699722412598,412,-1,-1,-1,-1,-1
1.41608,veh8,drop_decision_no_action,5,8616,421,-1,-1,-1,-1,-1
1.42333,veh8,drop_decision_no_action,4,8630,436,-1,-1,-1,-1,-1
1.43608,veh8,drop_decision_no_action,5,699722412714,443,-1,-1,-1,-1,-1
1.44158,veh8,drop_decision_no_action,3,699722412728,459,-1,-1,-1,-1,-1
1.45458,veh8,drop_decision_no_action,9,8768,474,-1,-1,-1,-1,-1
1.48083,veh8,drop_decision_no_action,10,8515,384,-1,-1,-1,-1,-1
1.48083,veh8,drop_decision_no_action,10,8813,515,-1,-1,-1,-1,-1
1.48333,veh8,drop_decision_no_action,4,699722412770,503,-1,-1,-1,-1,-1
1.51233,veh8,cam_drop_reaction,2,8835,544,-1,-1,0,0,15
1.51233,veh8,drop_decision_no_action,2,699722412891,544,-1,-1,-1,-1,-1
1.53608,veh8,drop_decision_no_action,5,699722412907,570,-1,-1,-1,-1,-1
1.54158,veh8,drop_decision_no_action,3,8944,578,-1,-1,-1,-1,-1
1.55133,veh8,drop_decision_no_action,7,8957,591,-1,-1,-1,-1,-1
1.55458,veh8,drop_decision_no_action,9,8967,602,-1,-1,-1,-1,-1
1.56158,veh8,drop_decision_no_action,3,699722412923,578,-1,-1,-1,-1,-1
1.57458,veh8,drop_decision_no_action,6,699722412764,498,-1,-1,-1,-1,-1
1.58333,veh8,drop_decision_no_action,4,699722412968,641,-1,-1,-1,-1,-1
1.61233,veh8,drop_decision_no_action,2,9034,686,-1,-1,-1,-1,-1
1.61233,veh8,drop_decision_no_action,2,699722413099,686,-1,-1,-1,-1,-1
1.61608,veh8,drop_decision_no_action,5,9116,699,-1,-1,-1,-1,-1
1.62333,veh8,drop_decision_no_action,4,9132,720,-1,-1,-1,-1,-1
1.63608,veh8,drop_decision_no_action,5,699722413116,727,-1,-1,-1,-1,-1
1.64158,veh8,drop_decision_no_action,3,699722413130,745,-1,-1,-1,-1,-1
1.65458,veh8,drop_decision_no_action,9,9170,761,-1,-1,-1,-1,-1
1.67458,veh8,drop_decision_no_action,6,699722412961,635,-1,-1,-1,-1,-1
1.67633,veh8,drop_decision_no_action,4,699722413167,791,-1,-1,-1,-1,-1
1.71233,veh8,drop_decision_no_action,2,9234,834,-1,-1,-1,-1,-1
1.71233,veh8,drop_decision_no_action,2,699722413289,834,-1,-1,-1,-1,-1
1.73608,veh8,drop_decision_no_action,5,699722413301,861,-1,-1,-1,-1,-1
1.74158,veh8,drop_decision_no_action,3,9335,866,-1,-1,-1,-1,-1
1.75133,veh8,drop_decision_no_action,7,9348,880,-1,-1,-1,-1,-1
1.75458,veh8,drop_decision_no_action,9,9358,886,-1,-1,-1,-1,-1
1.76158,veh8,drop_decision_no_action,3,699722413315,866,-1,-1,-1,-1,-1
1.77458,veh8,drop_decision_no_action,6,699722413161,786,-1,-1,-1,-1,-1
1.77633,veh8,drop_decision_no_action,4,699722413358,926,-1,-1,-1,-1,-1
1.81608,veh8,drop_decision_no_action,5,9495,974,-1,-1,-1,-1,-1
1.82308,veh8,drop_decision_no_action,2,699722413478,976,-1,-1,-1,-1,-1
1.83608,veh8,drop_decision_no_action,5,699722413491,990,-1,-1,-1,-1,-1
1.83633,veh8,drop_decision_no_action,4,9508,987,-1,-1,-1,-1,-1
1.84158,veh8,drop_decision_no_action,3,699722413507,1007,-1,-1,-1,-1,-1
1.85133,veh8,drop_decision_no_action,7,699722413511,1008,-1,-1,-1,-1,-1
1.86358,veh8,drop_decision_no_action,9,9554,1040,-1,-1,-1,-1,-1
1.87458,veh8,drop_decision_no_action,6,699722413351,920,-1,-1,-1,-1,-1
1.87633,veh8,drop_decision_no_action,4,699722413553,1077,-1,-1,-1,-1,-1
1.90308,veh8,drop_decision_no_action,2,9616,1113,-1,-1,-1,-1,-1
1.92308,veh8,drop_decision_no_action,2,699722413772,1132,-1,-1,-1,-1,-1
1.93608,veh8,drop_decision_no_action,5,699722413783,1149,-1,-1,-1,-1,-1
1.94158,veh8,drop_decision_no_action,3,9818,1161,-1,-1,-1,-1,-1
1.95133,veh8,drop_decision_no_action,7,699722413802,1167,-1,-1,-1,-1,-1
1.95133,veh8,drop_decision_no_action,7,9836,1167,-1,-1,-1,-1,-1
1.95458,veh8,drop_decision_no_action,9,9844,1189,-1,-1,-1,-1,-1
1.96158,veh8,drop_decision_no_action,3,699722413799,1161,-1,-1,-1,-1,-1
1.97458,veh8,drop_decision_no_action,6,699722413548,1071,-1,-1,-1,-1,-1
1.97458,veh8,drop_decision_no_action,6,9850,1194,-1,-1,-1,-1,-1
1.97633,veh8,drop_decision_no_action,4,699722413843,1221,-1,-1,-1,-1,-1
1.98733,veh8,drop_decision_no_action,6,699722413837,1194,-1,-1,-1,-1,-1
2.01458,veh8,cam_drop_reaction,10,9597,1092,-1,-1,0,0,15
2.01458,veh8,drop_decision_no_action,10,699722413766,1129,-1,-1,-1,-1,-1
2.01608,veh8,drop_decision_no_action,5,9981,1276,-1,-1,-1,-1,-1
2.02308,veh8,drop_decision_no_action,2,699722413965,1279,-1,-1,-1,-1,-1
2.03458,veh8,drop_decision_no_action,10,699722413960,1278,-1,-1,-1,-1,-1
2.03608,veh8,drop_decision_no_action,5,699722413984,1294,-1,-1,-1,-1,-1
2.03633,veh8,drop_decision_no_action,4,10000,1291,-1,-1,-1,-1,-1
2.04158,veh8,drop_decision_no_action,3,699722413998,1313,-1,-1,-1,-1,-1
2.05133,veh8,drop_decision_no_action,7,699722414002,1314,-1,-1,-1,-1,-1
2.05458,veh8,drop_decision_no_action,9,10046,1342,-1,-1,-1,-1,-1
2.06733,veh8,drop_decision_no_action,6,699722414036,1365,-1,-1,-1,-1,-1
2.07633,veh8,drop_decision_no_action,4,699722414041,1370,-1,-1,-1,-1,-1
2.10308,veh8,drop_decision_no_action,2,10108,1406,-1,-1,-1,-1,-1
2.11458,veh8,drop_decision_no_action,10,10089,1385,-1,-1,-1,-1,-1
2.12308,veh8,drop_decision_no_action,2,699722414171,1425,-1,-1,-1,-1,-1
2.13608,veh8,drop_decision_no_action,5,699722414184,1442,-1,-1,-1,-1,-1
2.14608,veh8,drop_decision_no_action,3,10219,1454,-1,-1,-1,-1,-1
2.15133,veh8,drop_decision_no_action,7,699722414204,1460,-1,-1,-1,-1,-1
2.15458,veh8,drop_decision_no_action,9,10248,1483,-1,-1,-1,-1,-1
2.16608,veh8,drop_decision_no_action,3,699722414200,1454,-1,-1,-1,-1,-1
2.16733,veh8,drop_decision_no_action,6,10253,1489,-1,-1,-1,-1,-1
2.17133,veh8,drop_decision_no_action,7,10237,1460,-1,-1,-1,-1,-1
2.17633,veh8,drop_decision_no_action,4,699722414247,1513,-1,-1,-1,-1,-1
2.18733,veh8,drop_decision_no_action,6,699722414241,1489,-1,-1,-1,-1,-1
2.20833,veh8,drop_decision_no_action,5,10394,1576,-1,-1,-1,-1,-1
2.22308,veh8,drop_decision_no_action,2,699722414380,1583,-1,-1,-1,-1,-1
2.22833,veh8,drop_decision_no_action,5,699722414394,1596,-1,-1,-1,-1,-1
2.23633,veh8,drop_decision_no_action,4,10411,1594,-1,-1,-1,-1,-1
2.24608,veh8,drop_decision_no_action,3,699722414410,1618,-1,-1,-1,-1,-1
2.25458,veh8,drop_decision_no_action,9,10455,1648,-1,-1,-1,-1,-1
2.26733,veh8,drop_decision_no_action,6,699722414445,1671,-1,-1,-1,-1,-1
2.27458,veh8,drop_decision_no_action,9,699722414448,1672,-1,-1,-1,-1,-1
2.27633,veh8,drop_decision_no_action,4,699722414453,1679,-1,-1,-1,-1,-1
2.30308,veh8,drop_decision_no_action,2,10520,1723,-1,-1,-1,-1,-1
2.32308,veh8,drop_decision_no_action,2,699722414579,1738,-1,-1,-1,-1,-1
2.32833,veh8,drop_decision_no_action,5,699722414590,1749,-1,-1,-1,-1,-1
2.33458,veh8,drop_decision_no_action,10,699722414375,1581,-1,-1,-1,-1,-1
2.33458,veh8,drop_decision_no_action,10,699722414574,1735,-1,-1,-1,-1,-1
2.34608,veh8,drop_decision_no_action,3,10627,1765,-1,-1,-1,-1,-1
2.35458,veh8,drop_decision_no_action,9,10652,1793,-1,-1,-1,-1,-1
2.36608,veh8,drop_decision_no_action,3,699722414607,1765,-1,-1,-1,-1,-1
2.36733,veh8,drop_decision_no_action,6,10658,1799,-1,-1,-1,-1,-1
2.37008,veh8,drop_decision_no_action,4,699722414654,1822,-1,-1,-1,-1,-1
2.37458,veh8,drop_decision_no_action,9,699722414647,1814,-1,-1,-1,-1,-1
2.38733,veh8,drop_decision_no_action,6,699722414644,1799,-1,-1,-1,-1,-1
2.40833,veh8,drop_decision_no_action,5,10900,1897,-1,-1,-1,-1,-1
2.41458,veh8,drop_decision_no_action,10,10800,1856,-1,-1,-1,-1,-1
2.42308,veh8,drop_decision_no_action,2,699722414885,1906,-1,-1,-1,-1,-1
2.42833,veh8,drop_decision_no_action,5,699722414900,1920,-1,-1,-1,-1,-1
2.43008,veh8,drop_decision_no_action,4,10917,1918,-1,-1,-1,-1,-1
2.43458,veh8,drop_decision_no_action,10,699722414880,1901,-1,-1,-1,-1,-1
2.44608,veh8,drop_decision_no_action,3,699722414915,1945,-1,-1,-1,-1,-1
2.45133,veh8,drop_decision_no_action,7,699722414611,1772,-1,-1,-1,-1,-1
2.45133,veh8,drop_decision_no_action,7,10643,1772,-1,-1,-1,-1,-1
2.45133,veh8,drop_decision_no_action,7,699722414918,1947,-1,-1,-1,-1,-1
2.46733,veh8,drop_decision_no_action,6,699722414949,1984,-1,-1,-1,-1,-1
2.46883,veh8,drop_decision_no_action,9,10959,1971,-1,-1,-1,-1,-1
2.47008,veh8,drop_decision_no_action,4,699722414957,1989,-1,-1,-1,-1,-1
2.48883,veh8,drop_decision_no_action,9,699722414952,1971,-1,-1,-1,-1,-1
2.50308,veh8,drop_decision_no_action,2,11020,2036,-1,-1,-1,-1,-1
2.50483,veh8,drop_decision_no_action,11,699722414991,2033,-1,-1,-1,-1,-1
2.52308,veh8,cpm_drop_reaction,2,699722415086,2059,-1,-1,0,0,15
2.52833,veh8,drop_decision_no_action,5,699722415100,2073,-1,-1,-1,-1,-1
2.53458,veh8,drop_decision_no_action,10,699722415080,2054,-1,-1,-1,-1,-1
2.54158,veh8,drop_decision_no_action,7,699722415126,2098,-1,-1,-1,-1,-1
2.54608,veh8,drop_decision_no_action,3,11140,2092,-1,-1,-1,-1,-1
2.56158,veh8,drop_decision_no_action,7,11159,2110,-1,-1,-1,-1,-1
2.56608,veh8,drop_decision_no_action,3,699722415122,2092,-1,-1,-1,-1,-1
2.56733,veh8,drop_decision_no_action,6,11174,2131,-1,-1,-1,-1,-1
2.56883,veh8,drop_decision_no_action,9,11169,2126,-1,-1,-1,-1,-1
2.57008,veh8,drop_decision_no_action,4,699722415170,2151,-1,-1,-1,-1,-1
2.58733,veh8,drop_decision_no_action,6,699722415161,2131,-1,-1,-1,-1,-1
2.58883,veh8,drop_decision_no_action,9,699722415164,2126,-1,-1,-1,-1,-1
2.60483,veh8,drop_decision_no_action,11,11239,2211,-1,-1,-1,-1,-1
2.60833,veh8,drop_decision_no_action,5,11316,2229,-1,-1,-1,-1,-1
2.62308,veh8,drop_decision_no_action,2,699722415301,2237,-1,-1,-1,-1,-1
2.62383,veh8,drop_decision_no_action,10,699722415296,2233,-1,-1,-1,-1,-1
2.62833,veh8,drop_decision_no_action,5,699722415316,2250,-1,-1,-1,-1,-1
2.63008,veh8,drop_decision_no_action,4,11332,2247,-1,-1,-1,-1,-1
2.64158,veh8,drop_decision_no_action,7,699722415338,2280,-1,-1,-1,-1,-1
2.64608,veh8,drop_decision_no_action,3,11354,2276,-1,-1,-1,-1,-1
2.66608,veh8,drop_decision_no_action,3,699722415335,2276,-1,-1,-1,-1,-1
2.66733,veh8,drop_decision_no_action,6,699722415367,2317,-1,-1,-1,-1,-1
2.66883,veh8,drop_decision_no_action,9,11379,2308,-1,-1,-1,-1,-1
2.67008,veh8,drop_decision_no_action,4,699722415376,2325,-1,-1,-1,-1,-1
2.68883,veh8,drop_decision_no_action,9,699722415370,2308,-1,-1,-1,-1,-1
2.70308,veh8,drop_decision_no_action,2,11442,2375,-1,-1,-1,-1,-1
2.70833,veh8,drop_decision_no_action,5,11517,2391,-1,-1,-1,-1,-1
2.72383,veh8,drop_decision_no_action,10,699722415498,2395,-1,-1,-1,-1,-1
2.72833,veh8,drop_decision_no_action,5,699722415513,2410,-1,-1,-1,-1,-1
2.74158,veh8,drop_decision_no_action,7,699722415533,2432,-1,-1,-1,-1,-1
2.74608,veh8,drop_decision_no_action,3,11549,2429,-1,-1,-1,-1,-1
2.76158,veh8,drop_decision_no_action,7,11566,2440,-1,-1,-1,-1,-1
2.76608,veh8,drop_decision_no_action,3,699722415530,2429,-1,-1,-1,-1,-1
2.76733,veh8,drop_decision_no_action,6,11580,2459,-1,-1,-1,-1,-1
2.76883,veh8,drop_decision_no_action,9,11576,2455,-1,-1,-1,-1,-1
2.77008,veh8,drop_decision_no_action,4,699722415576,2475,-1,-1,-1,-1,-1
2.78733,veh8,drop_decision_no_action,6,699722415567,2459,-1,-1,-1,-1,-1
2.78883,veh8,drop_decision_no_action,9,699722415571,2455,-1,-1,-1,-1,-1
2.80833,veh8,drop_decision_no_action,5,11816,2550,-1,-1,-1,-1,-1
2.82383,veh8,drop_decision_no_action,5,699722415816,2565,-1,-1,-1,-1,-1
2.83008,veh8,drop_decision_no_action,4,11831,2562,-1,-1,-1,-1,-1
2.83083,veh8,drop_decision_no_action,10,699722415797,2554,-1,-1,-1,-1,-1
2.84158,veh8,drop_decision_no_action,7,699722415840,2593,-1,-1,-1,-1,-1
2.84608,veh8,drop_decision_no_action,3,11855,2590,-1,-1,-1,-1,-1
2.86608,veh8,drop_decision_no_action,3,699722415836,2590,-1,-1,-1,-1,-1
2.86733,veh8,drop_decision_no_action,6,699722415869,2632,-1,-1,-1,-1,-1
2.86883,veh8,drop_decision_no_action,9,11881,2619,-1,-1,-1,-1,-1
2.87008,veh8,drop_decision_no_action,4,699722415878,2642,-1,-1,-1,-1,-1
2.88883,veh8,drop_decision_no_action,9,699722415872,2619,-1,-1,-1,-1,-1
2.90308,veh8,drop_decision_no_action,2,11944,2699,-1,-1,-1,-1,-1
2.90483,veh8,drop_decision_no_action,11,11948,2701,-1,-1,-1,-1,-1
2.92383,veh8,drop_decision_no_action,5,12020,2719,-1,-1,-1,-1,-1
2.94158,veh8,drop_decision_no_action,7,699722416035,2758,-1,-1,-1,-1,-1
2.94383,veh8,drop_decision_no_action,5,699722416015,2719,-1,-1,-1,-1,-1
2.94608,veh8,drop_decision_no_action,3,12051,2756,-1,-1,-1,-1,-1
2.96158,veh8,drop_decision_no_action,7,12068,2765,-1,-1,-1,-1,-1
2.96608,veh8,drop_decision_no_action,3,699722416032,2756,-1,-1,-1,-1,-1
2.96733,veh8,drop_decision_no_action,6,12083,2788,-1,-1,-1,-1,-1
2.96883,veh8,drop_decision_no_action,9,12078,2784,-1,-1,-1,-1,-1
2.97008,veh8,drop_decision_no_action,4,699722416078,2808,-1,-1,-1,-1,-1
2.98733,veh8,drop_decision_no_action,6,699722416069,2788,-1,-1,-1,-1,-1
2.98883,veh8,drop_decision_no_action,9,699722416073,2784,-1,-1,-1,-1,-1
3.00483,veh8,drop_decision_no_action,11,699722416118,2862,-1,-1,-1,-1,-1
3.02308,veh8,cpm_drop_reaction,2,699722416203,2891,-1,-1,0,0,15
3.02383,veh8,drop_decision_no_action,10,699722416000,2720,-1,-1,-1,-1,-1
3.02383,veh8,drop_decision_no_action,10,699722416198,2887,-1,-1,-1,-1,-1
3.02383,veh8,drop_decision_no_action,5,12218,2886,-1,-1,-1,-1,-1
3.03008,veh8,drop_decision_no_action,4,12234,2897,-1,-1,-1,-1,-1
3.04158,veh8,drop_decision_no_action,7,699722416243,2930,-1,-1,-1,-1,-1
3.04383,veh8,drop_decision_no_action,5,699722416217,2886,-1,-1,-1,-1,-1
3.04608,veh8,drop_decision_no_action,3,12258,2927,-1,-1,-1,-1,-1
3.06608,veh8,drop_decision_no_action,3,699722416239,2927,-1,-1,-1,-1,-1
3.06733,veh8,drop_decision_no_action,6,699722416273,2973,-1,-1,-1,-1,-1
3.06883,veh8,drop_decision_no_action,9,12284,2961,-1,-1,-1,-1,-1
3.07008,veh8,drop_decision_no_action,4,699722416282,2982,-1,-1,-1,-1,-1
3.08883,veh8,drop_decision_no_action,9,699722416276,2961,-1,-1,-1,-1,-1
3.10183,veh8,drop_decision_no_action,11,699722416320,3029,-1,-1,-1,-1,-1
3.10308,veh8,drop_decision_no_action,2,12348,3032,-1,-1,-1,-1,-1
3.12383,veh8,drop_decision_no_action,10,699722416404,3054,-1,-1,-1,-1,-1
3.12383,veh8,drop_decision_no_action,5,12425,3053,-1,-1,-1,-1,-1
3.14158,veh8,drop_decision_no_action,7,699722416437,3089,-1,-1,-1,-1,-1
3.14383,veh8,drop_decision_no_action,5,699722416419,3053,-1,-1,-1,-1,-1
3.14608,veh8,drop_decision_no_action,3,699722416434,3088,-1,-1,-1,-1,-1
3.16158,veh8,drop_decision_no_action,7,12469,3097,-1,-1,-1,-1,-1
3.16733,veh8,drop_decision_no_action,6,12486,3119,-1,-1,-1,-1,-1
3.17008,veh8,drop_decision_no_action,4,699722416482,3137,-1,-1,-1,-1,-1
3.17133,veh8,drop_decision_no_action,9,12481,3115,-1,-1,-1,-1,-1
3.17133,veh8,drop_decision_no_action,9,699722416477,3115,-1,-1,-1,-1,-1
3.18733,veh8,drop_decision_no_action,6,699722416473,3119,-1,-1,-1,-1,-1
3.20183,veh8,drop_decision_no_action,11,699722416523,3184,-1,-1,-1,-1,-1
3.20183,veh8,drop_decision_no_action,11,12553,3184,-1,-1,-1,-1,-1
3.22383,veh8,drop_decision_no_action,10,699722416608,3205,-1,-1,-1,-1,-1
3.22383,veh8,drop_decision_no_action,5,699722416626,3216,-1,-1,-1,-1,-1
3.23008,veh8,drop_decision_no_action,4,12643,3212,-1,-1,-1,-1,-1
3.24158,veh8,drop_decision_no_action,7,699722416650,3242,-1,-1,-1,-1,-1
3.24608,veh8,drop_decision_no_action,3,12666,3239,-1,-1,-1,-1,-1
3.26158,veh8,drop_decision_no_action,7,12683,3254,-1,-1,-1,-1,-1
3.26608,veh8,drop_decision_no_action,3,699722416646,3239,-1,-1,-1,-1,-1
3.27983,veh8,drop_decision_no_action,6,699722416686,3294,-1,-1,-1,-1,-1
3.28608,veh8,drop_decision_no_action,4,699722416696,3303,-1,-1,-1,-1,-1
3.30058,veh8,drop_decision_no_action,2,12864,3353,-1,-1,-1,-1,-1
3.30183,veh8,drop_decision_no_action,11,699722416835,3350,-1,-1,-1,-1,-1
3.31433,veh8,drop_decision_no_action,10,699722416923,3373,-1,-1,-1,-1,-1
3.32383,veh8,drop_decision_no_action,5,12944,3372,-1,-1,-1,-1,-1
3.34383,veh8,drop_decision_no_action,5,699722416940,3372,-1,-1,-1,-1,-1
3.34608,veh8,drop_decision_no_action,3,699722416953,3406,-1,-1,-1,-1,-1
3.34658,veh8,drop_decision_no_action,7,699722416957,3407,-1,-1,-1,-1,-1
3.35983,veh8,drop_decision_no_action,6,13006,3441,-1,-1,-1,-1,-1
3.36658,veh8,drop_decision_no_action,7,12989,3417,-1,-1,-1,-1,-1
3.37133,veh8,drop_decision_no_action,9,699722416689,3296,-1,-1,-1,-1,-1
3.37133,veh8,drop_decision_no_action,9,13000,3434,-1,-1,-1,-1,-1
3.37133,veh8,drop_decision_no_action,9,699722416999,3462,-1,-1,-1,-1,-1
3.37983,veh8,drop_decision_no_action,6,699722416995,3460,-1,-1,-1,-1,-1
3.38608,veh8,drop_decision_no_action,4,699722417005,3473,-1,-1,-1,-1,-1
3.40183,veh8,drop_decision_no_action,11,699722417047,3513,-1,-1,-1,-1,-1
3.42383,veh8,drop_decision_no_action,5,699722417146,3556,-1,-1,-1,-1,-1
3.42608,veh8,drop_decision_no_action,4,13162,3547,-1,-1,-1,-1,-1
3.44608,veh8,drop_decision_no_action,3,13183,3573,-1,-1,-1,-1,-1
3.44658,veh8,drop_decision_no_action,7,699722417166,3576,-1,-1,-1,-1,-1
3.45133,veh8,drop_decision_no_action,9,13210,3600,-1,-1,-1,-1,-1
3.46058,veh8,drop_decision_no_action,7,13199,3587,-1,-1,-1,-1,-1
3.46608,veh8,drop_decision_no_action,3,699722417163,3573,-1,-1,-1,-1,-1
3.47133,veh8,drop_decision_no_action,9,699722417204,3621,-1,-1,-1,-1,-1
3.47983,veh8,drop_decision_no_action,6,699722417200,3619,-1,-1,-1,-1,-1
3.48608,veh8,drop_decision_no_action,4,699722417210,3631,-1,-1,-1,-1,-1
3.50058,veh8,drop_decision_no_action,2,13276,3677,-1,-1,-1,-1,-1
3.50183,veh8,drop_decision_no_action,11,699722417248,3674,-1,-1,-1,-1,-1
3.50183,veh8,drop_decision_no_action,11,13281,3674,-1,-1,-1,-1,-1
3.51433,veh8,drop_decision_no_action,10,699722417126,3538,-1,-1,-1,-1,-1
3.51433,veh8,drop_decision_no_action,10,699722417337,3699,-1,-1,-1,-1,-1
3.52058,veh8,drop_decision_no_action,2,699722417342,3701,-1,-1,-1,-1,-1
3.52383,veh8,cam_drop_reaction,5,13358,3698,-1,-1,0,0,15
3.53883,veh8,drop_decision_no_action,3,699722417377,3740,-1,-1,-1,-1,-1
3.54383,veh8,drop_decision_no_action,5,699722417357,3698,-1,-1,-1,-1,-1
3.54658,veh8,drop_decision_no_action,7,699722417380,3741,-1,-1,-1,-1,-1
3.55133,veh8,drop_decision_no_action,9,13427,3774,-1,-1,-1,-1,-1
3.55983,veh8,drop_decision_no_action,6,13432,3779,-1,-1,-1,-1,-1
3.56658,veh8,drop_decision_no_action,7,13415,3755,-1,-1,-1,-1,-1
3.57133,veh8,drop_decision_no_action,9,699722417425,3804,-1,-1,-1,-1,-1
3.57983,veh8,drop_decision_no_action,6,699722417422,3802,-1,-1,-1,-1,-1
3.58608,veh8,drop_decision_no_action,4,699722417431,3815,-1,-1,-1,-1,-1
3.60183,veh8,drop_decision_no_action,11,699722417468,3850,-1,-1,-1,-1,-1
3.61433,veh8,drop_decision_no_action,10,699722417547,3867,-1,-1,-1,-1,-1
3.62383,veh8,drop_decision_no_action,5,699722417568,3890,-1,-1,-1,-1,-1
3.62608,veh8,drop_decision_no_action,4,13584,3880,-1,-1,-1,-1,-1
3.63883,veh8,drop_decision_no_action,3,13605,3906,-1,-1,-1,-1,-1
3.64658,veh8,drop_decision_no_action,7,699722417589,3909,-1,-1,-1,-1,-1
3.65133,veh8,drop_decision_no_action,9,13630,3935,-1,-1,-1,-1,-1
3.65883,veh8,drop_decision_no_action,3,699722417586,3906,-1,-1,-1,-1,-1
3.67133,veh8,drop_decision_no_action,9,699722417623,3955,-1,-1,-1,-1,-1
3.67983,veh8,drop_decision_no_action,6,699722417620,3953,-1,-1,-1,-1,-1
3.68608,veh8,drop_decision_no_action,4,699722417629,3962,-1,-1,-1,-1,-1
3.70058,veh8,drop_decision_no_action,2,13695,3998,-1,-1,-1,-1,-1
3.70183,veh8,drop_decision_no_action,11,699722417666,3996,-1,-1,-1,-1,-1
3.71433,veh8,drop_decision_no_action,10,699722417852,4018,-1,-1,-1,-1,-1
3.72383,veh8,drop_decision_no_action,5,13873,4017,-1,-1,-1,-1,-1
3.73883,veh8,drop_decision_no_action,3,699722417883,4055,-1,-1,-1,-1,-1
3.74383,veh8,drop_decision_no_action,5,699722417870,4017,-1,-1,-1,-1,-1
3.74658,veh8,drop_decision_no_action,7,699722417887,4056,-1,-1,-1,-1,-1
3.75133,veh8,drop_decision_no_action,9,13933,4086,-1,-1,-1,-1,-1
3.75983,veh8,drop_decision_no_action,6,13938,4091,-1,-1,-1,-1,-1
3.76658,veh8,drop_decision_no_action,7,13921,4070,-1,-1,-1,-1,-1
3.77133,veh8,drop_decision_no_action,9,699722417929,4112,-1,-1,-1,-1,-1
3.77983,veh8,drop_decision_no_action,6,699722417926,4110,-1,-1,-1,-1,-1
3.78608,veh8,drop_decision_no_action,4,699722417936,4123,-1,-1,-1,-1,-1
3.80183,veh8,drop_decision_no_action,11,699722417973,4158,-1,-1,-1,-1,-1
3.80183,veh8,drop_decision_no_action,11,14003,4158,-1,-1,-1,-1,-1
3.81433,veh8,drop_decision_no_action,10,699722418054,4176,-1,-1,-1,-1,-1
3.82383,veh8,drop_decision_no_action,5,699722418083,4203,-1,-1,-1,-1,-1
3.82608,veh8,drop_decision_no_action,4,14091,4189,-1,-1,-1,-1,-1
3.83883,veh8,drop_decision_no_action,3,14121,4221,-1,-1,-1,-1,-1
3.84658,veh8,drop_decision_no_action,7,699722418104,4224,-1,-1,-1,-1,-1
3.85133,veh8,drop_decision_no_action,9,14147,4254,-1,-1,-1,-1,-1
3.85883,veh8,drop_decision_no_action,3,699722418101,4221,-1,-1,-1,-1,-1
3.87133,veh8,drop_decision_no_action,9,699722418142,4274,-1,-1,-1,-1,-1
3.87983,veh8,drop_decision_no_action,6,699722418138,4273,-1,-1,-1,-1,-1
3.88608,veh8,drop_decision_no_action,4,699722418147,4282,-1,-1,-1,-1,-1
3.89433,veh8,drop_decision_no_action,10,14189,4295,-1,-1,-1,-1,-1
3.89508,veh8,drop_decision_no_action,11,699722418183,4318,-1,-1,-1,-1,-1
3.90058,veh8,drop_decision_no_action,2,14213,4325,-1,-1,-1,-1,-1
3.91433,veh8,drop_decision_no_action,10,699722418270,4350,-1,-1,-1,-1,-1
3.92383,veh8,drop_decision_no_action,5,14290,4347,-1,-1,-1,-1,-1
3.92608,veh8,drop_decision_no_action,4,14307,4366,-1,-1,-1,-1,-1
3.93883,veh8,drop_decision_no_action,3,699722418314,4395,-1,-1,-1,-1,-1
3.94383,veh8,drop_decision_no_action,5,699722418297,4347,-1,-1,-1,-1,-1
3.94658,veh8,drop_decision_no_action,7,699722418317,4396,-1,-1,-1,-1,-1
3.95983,veh8,drop_decision_no_action,6,14368,4432,-1,-1,-1,-1,-1
3.96133,veh8,drop_decision_no_action,9,14363,4431,-1,-1,-1,-1,-1
3.96658,veh8,drop_decision_no_action,7,14352,4411,-1,-1,-1,-1,-1
3.97983,veh8,drop_decision_no_action,6,699722418357,4455,-1,-1,-1,-1,-1
3.98133,veh8,drop_decision_no_action,9,699722418360,4456,-1,-1,-1,-1,-1
3.98608,veh8,drop_decision_no_action,4,699722418367,4468,-1,-1,-1,-1,-1
3.99508,veh8,drop_decision_no_action,11,699722418401,4505,-1,-1,-1,-1,-1
4.02058,veh8,drop_decision_no_action,2,699722418484,4532,-1,-1,-1,-1,-1
4.02283,veh8,drop_decision_no_action,10,699722418478,4529,-1,-1,-1,-1,-1
4.02383,veh8,drop_decision_no_action,5,699722418505,4554,-1,-1,-1,-1,-1
4.02608,veh8,cam_drop_reaction,4,14515,4541,-1,-1,0,0,15
4.03883,veh8,drop_decision_no_action,3,699722418523,4576,-1,-1,-1,-1,-1
4.04658,veh8,drop_decision_no_action,7,699722418526,4577,-1,-1,-1,-1,-1
4.05983,veh8,drop_decision_no_action,6,14574,4605,-1,-1,-1,-1,-1
4.06133,veh8,drop_decision_no_action,9,14569,4604,-1,-1,-1,-1,-1
4.07983,veh8,drop_decision_no_action,6,699722418562,4619,-1,-1,-1,-1,-1
4.08133,veh8,drop_decision_no_action,9,699722418566,4620,-1,-1,-1,-1,-1
4.08608,veh8,drop_decision_no_action,4,699722418571,4628,-1,-1,-1,-1,-1
4.09508,veh8,drop_decision_no_action,11,699722418606,4664,-1,-1,-1,-1,-1
4.10058,veh8,drop_decision_no_action,2,14635,4672,-1,-1,-1,-1,-1
4.11508,veh8,drop_decision_no_action,11,14640,4674,-1,-1,-1,-1,-1
4.12383,veh8,drop_decision_no_action,5,14714,4691,-1,-1,-1,-1,-1
4.12608,veh8,drop_decision_no_action,4,14731,4711,-1,-1,-1,-1,-1
4.13883,veh8,drop_decision_no_action,3,14759,4742,-1,-1,-1,-1,-1
4.14383,veh8,drop_decision_no_action,5,699722418721,4691,-1,-1,-1,-1,-1
4.14658,veh8,drop_decision_no_action,7,699722418743,4746,-1,-1,-1,-1,-1
4.15883,veh8,drop_decision_no_action,3,699722418740,4742,-1,-1,-1,-1,-1
4.15983,veh8,drop_decision_no_action,6,14892,4779,-1,-1,-1,-1,-1
4.16133,veh8,drop_decision_no_action,9,14889,4778,-1,-1,-1,-1,-1
4.16658,veh8,drop_decision_no_action,7,14877,4761,-1,-1,-1,-1,-1
4.17983,veh8,drop_decision_no_action,6,699722418883,4801,-1,-1,-1,-1,-1
4.18133,veh8,drop_decision_no_action,9,699722418886,4802,-1,-1,-1,-1,-1
4.18608,veh8,drop_decision_no_action,4,699722418893,4817,-1,-1,-1,-1,-1
4.19508,veh8,drop_decision_no_action,11,699722418928,4855,-1,-1,-1,-1,-1
4.22383,veh8,drop_decision_no_action,5,699722419031,4901,-1,-1,-1,-1,-1
4.22608,veh8,drop_decision_no_action,4,15040,4888,-1,-1,-1,-1,-1
4.23883,veh8,drop_decision_no_action,3,699722419045,4919,-1,-1,-1,-1,-1
4.24658,veh8,drop_decision_no_action,7,699722419049,4920,-1,-1,-1,-1,-1
4.26133,veh8,drop_decision_no_action,9,15090,4947,-1,-1,-1,-1,-1
4.26858,veh8,drop_decision_no_action,6,15094,4948,-1,-1,-1,-1,-1
4.28133,veh8,drop_decision_no_action,9,699722419085,4960,-1,-1,-1,-1,-1
4.28608,veh8,drop_decision_no_action,4,699722419091,4964,-1,-1,-1,-1,-1
4.28858,veh8,drop_decision_no_action,6,699722419082,4948,-1,-1,-1,-1,-1
4.29508,veh8,drop_decision_no_action,11,699722419124,5003,-1,-1,-1,-1,-1
4.30058,veh8,drop_decision_no_action,2,15154,5015,-1,-1,-1,-1,-1
4.31433,veh8,drop_decision_no_action,10,699722419006,4880,-1,-1,-1,-1,-1
4.31433,veh8,drop_decision_no_action,10,699722419206,5036,-1,-1,-1,-1,-1
4.32058,veh8,drop_decision_no_action,2,699722419212,5039,-1,-1,-1,-1,-1
4.33883,veh8,drop_decision_no_action,3,699722419247,5082,-1,-1,-1,-1,-1
4.33908,veh8,drop_decision_no_action,7,699722419250,5083,-1,-1,-1,-1,-1
4.36133,veh8,drop_decision_no_action,9,15292,5109,-1,-1,-1,-1,-1
4.36858,veh8,drop_decision_no_action,6,699722419282,5125,-1,-1,-1,-1,-1
4.38133,veh8,drop_decision_no_action,9,699722419285,5127,-1,-1,-1,-1,-1
4.38208,veh8,drop_decision_no_action,4,699722419291,5130,-1,-1,-1,-1,-1
4.39508,veh8,drop_decision_no_action,11,699722419327,5166,-1,-1,-1,-1,-1
4.41508,veh8,drop_decision_no_action,11,15359,5180,-1,-1,-1,-1,-1
4.42058,veh8,drop_decision_no_action,2,699722419414,5202,-1,-1,-1,-1,-1
4.42208,veh8,drop_decision_no_action,4,15446,5212,-1,-1,-1,-1,-1
4.43908,veh8,drop_decision_no_action,7,699722419460,5252,-1,-1,-1,-1,-1
4.44133,veh8,drop_decision_no_action,5,699722419233,5068,-1,-1,-1,-1,-1
4.44133,veh8,drop_decision_no_action,5,699722419437,5228,-1,-1,-1,-1,-1
4.45083,veh8,drop_decision_no_action,3,15477,5249,-1,-1,-1,-1,-1
4.45908,veh8,drop_decision_no_action,7,15493,5265,-1,-1,-1,-1,-1
4.46858,veh8,drop_decision_no_action,6,15509,5283,-1,-1,-1,-1,-1
4.47083,veh8,drop_decision_no_action,3,699722419456,5249,-1,-1,-1,-1,-1
4.48208,veh8,drop_decision_no_action,4,699722419507,5312,-1,-1,-1,-1,-1
4.48858,veh8,drop_decision_no_action,6,699722419498,5283,-1,-1,-1,-1,-1
4.49508,veh8,drop_decision_no_action,11,699722419543,5360,-1,-1,-1,-1,-1
4.50058,veh8,drop_decision_no_action,2,15574,5375,-1,-1,-1,-1,-1
4.52058,veh8,drop_decision_no_action,2,699722419629,5397,-1,-1,-1,-1,-1
4.52483,veh8,drop_decision_no_action,10,699722419408,5199,-1,-1,-1,-1,-1
4.52483,veh8,drop_decision_no_action,10,699722419623,5393,-1,-1,-1,-1,-1
4.53908,veh8,cpm_drop_reaction,7,699722419665,5434,-1,-1,0,0,15
4.54133,veh8,drop_decision_no_action,5,699722419649,5419,-1,-1,-1,-1,-1
4.55083,veh8,drop_decision_no_action,3,699722419662,5433,-1,-1,-1,-1,-1
4.56858,veh8,drop_decision_no_action,6,699722419698,5472,-1,-1,-1,-1,-1
4.58133,veh8,drop_decision_no_action,9,699722419502,5306,-1,-1,-1,-1,-1
4.58133,veh8,drop_decision_no_action,9,15709,5455,-1,-1,-1,-1,-1
4.58133,veh8,drop_decision_no_action,9,699722419701,5476,-1,-1,-1,-1,-1
4.58208,veh8,drop_decision_no_action,4,699722419706,5480,-1,-1,-1,-1,-1
4.59508,veh8,drop_decision_no_action,11,699722419739,5515,-1,-1,-1,-1,-1
4.62058,veh8,drop_decision_no_action,2,699722419926,5544,-1,-1,-1,-1,-1
4.62208,veh8,drop_decision_no_action,4,15957,5552,-1,-1,-1,-1,-1
4.63908,veh8,drop_decision_no_action,7,699722419970,5592,-1,-1,-1,-1,-1
4.64283,veh8,drop_decision_no_action,12,15979,5577,-1,-1,-1,-1,-1
4.65083,veh8,drop_decision_no_action,3,699722419966,5591,-1,-1,-1,-1,-1
4.66133,veh8,drop_decision_no_action,9,16012,5619,-1,-1,-1,-1,-1
4.66858,veh8,drop_decision_no_action,6,16017,5625,-1,-1,-1,-1,-1
4.68133,veh8,drop_decision_no_action,9,699722420008,5644,-1,-1,-1,-1,-1
4.68208,veh8,drop_decision_no_action,4,699722420013,5648,-1,-1,-1,-1,-1
4.68858,veh8,drop_decision_no_action,6,699722420005,5625,-1,-1,-1,-1,-1
4.69508,veh8,drop_decision_no_action,11,699722420048,5686,-1,-1,-1,-1,-1
4.69933,veh8,drop_decision_no_action,2,16079,5701,-1,-1,-1,-1,-1
4.71508,veh8,drop_decision_no_action,11,16084,5702,-1,-1,-1,-1,-1
4.71933,veh8,drop_decision_no_action,2,699722420140,5724,-1,-1,-1,-1,-1
4.73908,veh8,drop_decision_no_action,7,699722420182,5769,-1,-1,-1,-1,-1
4.74133,veh8,drop_decision_no_action,5,699722419949,5569,-1,-1,-1,-1,-1
4.74133,veh8,drop_decision_no_action,5,699722420160,5751,-1,-1,-1,-1,-1
4.75083,veh8,drop_decision_no_action,3,16198,5766,-1,-1,-1,-1,-1
4.75908,veh8,drop_decision_no_action,7,16215,5781,-1,-1,-1,-1,-1
4.76133,veh8,drop_decision_no_action,9,16225,5791,-1,-1,-1,-1,-1
4.76858,veh8,drop_decision_no_action,6,699722420216,5809,-1,-1,-1,-1,-1
4.77083,veh8,drop_decision_no_action,3,699722420178,5766,-1,-1,-1,-1,-1
4.78133,veh8,drop_decision_no_action,9,699722420220,5813,-1,-1,-1,-1,-1
4.78208,veh8,drop_decision_no_action,4,699722420226,5820,-1,-1,-1,-1,-1
4.79508,veh8,drop_decision_no_action,11,699722420259,5865,-1,-1,-1,-1,-1
4.82308,veh8,drop_decision_no_action,5,699722420360,5912,-1,-1,-1,-1,-1
4.83158,veh8,drop_decision_no_action,2,699722420340,5893,-1,-1,-1,-1,-1
4.83908,veh8,drop_decision_no_action,7,699722420379,5934,-1,-1,-1,-1,-1
4.85083,veh8,drop_decision_no_action,3,699722420376,5933,-1,-1,-1,-1,-1
4.86133,veh8,drop_decision_no_action,9,16419,5951,-1,-1,-1,-1,-1
4.86858,veh8,drop_decision_no_action,6,699722420408,5964,-1,-1,-1,-1,-1
4.88133,veh8,drop_decision_no_action,9,699722420412,5968,-1,-1,-1,-1,-1
4.88208,veh8,drop_decision_no_action,4,699722420417,5973,-1,-1,-1,-1,-1
4.89508,veh8,drop_decision_no_action,11,699722420448,6008,-1,-1,-1,-1,-1
4.89933,veh8,drop_decision_no_action,2,16478,6019,-1,-1,-1,-1,-1
4.91933,veh8,drop_decision_no_action,2,699722420533,6042,-1,-1,-1,-1,-1
4.92208,veh8,drop_decision_no_action,4,16565,6056,-1,-1,-1,-1,-1
4.92308,veh8,drop_decision_no_action,5,16547,6035,-1,-1,-1,-1,-1
4.92483,veh8,drop_decision_no_action,10,699722420335,5890,-1,-1,-1,-1,-1
4.92483,veh8,drop_decision_no_action,10,699722420527,6039,-1,-1,-1,-1,-1
4.93908,veh8,drop_decision_no_action,7,699722420575,6093,-1,-1,-1,-1,-1
4.94308,veh8,drop_decision_no_action,5,699722420555,6035,-1,-1,-1,-1,-1
4.95083,veh8,drop_decision_no_action,3,699722420571,6092,-1,-1,-1,-1,-1
4.96133,veh8,drop_decision_no_action,9,16615,6114,-1,-1,-1,-1,-1
4.96858,veh8,drop_decision_no_action,6,16620,6119,-1,-1,-1,-1,-1
4.98133,veh8,drop_decision_no_action,9,699722420613,6136,-1,-1,-1,-1,-1
4.98208,veh8,drop_decision_no_action,4,699722420618,6141,-1,-1,-1,-1,-1
4.98858,veh8,drop_decision_no_action,6,699722420609,6119,-1,-1,-1,-1,-1
4.99508,veh8,drop_decision_no_action,11,699722420655,6180,-1,-1,-1,-1,-1
5.01508,veh8,drop_decision_no_action,11,16690,6198,-1,-1,-1,-1,-1
5.01933,veh8,drop_decision_no_action,2,699722420739,6223,-1,-1,-1,-1,-1
5.02308,veh8,drop_decision_no_action,5,16753,6215,-1,-1,-1,-1,-1
5.03908,veh8,cpm_drop_reaction,7,699722420784,6271,-1,-1,0,0,15
5.04308,veh8,drop_decision_no_action,5,699722420759,6215,-1,-1,-1,-1,-1
5.05083,veh8,drop_decision_no_action,3,16800,6267,-1,-1,-1,-1,-1
5.05908,veh8,drop_decision_no_action,7,16819,6279,-1,-1,-1,-1,-1
5.06133,veh8,drop_decision_no_action,9,16832,6296,-1,-1,-1,-1,-1
5.06858,veh8,drop_decision_no_action,6,699722420924,6318,-1,-1,-1,-1,-1
5.07083,veh8,drop_decision_no_action,3,699722420781,6267,-1,-1,-1,-1,-1
5.08133,veh8,drop_decision_no_action,9,699722420928,6322,-1,-1,-1,-1,-1
5.08208,veh8,drop_decision_no_action,4,699722420933,6329,-1,-1,-1,-1,-1
5.09508,veh8,drop_decision_no_action,11,699722420970,6375,-1,-1,-1,-1,-1
5.09933,veh8,drop_decision_no_action,2,17001,6389,-1,-1,-1,-1,-1
5.11933,veh8,drop_decision_no_action,2,699722421053,6418,-1,-1,-1,-1,-1
5.12308,veh8,drop_decision_no_action,5,17066,6410,-1,-1,-1,-1,-1
5.13908,veh8,drop_decision_no_action,7,699722421093,6461,-1,-1,-1,-1,-1
5.14308,veh8,drop_decision_no_action,5,699722421072,6410,-1,-1,-1,-1,-1
5.15083,veh8,drop_decision_no_action,3,17109,6457,-1,-1,-1,-1,-1
5.15908,veh8,drop_decision_no_action,7,17126,6470,-1,-1,-1,-1,-1
5.16133,veh8,drop_decision_no_action,9,17137,6483,-1,-1,-1,-1,-1
5.16858,veh8,drop_decision_no_action,6,699722421128,6501,-1,-1,-1,-1,-1
5.17083,veh8,drop_decision_no_action,3,699722421090,6457,-1,-1,-1,-1,-1
5.18133,veh8,drop_decision_no_action,9,699722421132,6506,-1,-1,-1,-1,-1
5.18208,veh8,drop_decision_no_action,4,699722421137,6512,-1,-1,-1,-1,-1
5.19508,veh8,drop_decision_no_action,11,699722421176,6563,-1,-1,-1,-1,-1
5.21933,veh8,drop_decision_no_action,2,699722421255,6597,-1,-1,-1,-1,-1
5.22208,veh8,drop_decision_no_action,4,17286,6605,-1,-1,-1,-1,-1
5.22308,veh8,drop_decision_no_action,5,17268,6588,-1,-1,-1,-1,-1
5.22483,veh8,drop_decision_no_action,10,699722421048,6415,-1,-1,-1,-1,-1
5.23908,veh8,drop_decision_no_action,7,699722421302,6642,-1,-1,-1,-1,-1
5.24208,veh8,drop_decision_no_action,12,17305,6620,-1,-1,-1,-1,-1
5.24308,veh8,drop_decision_no_action,5,699722421275,6588,-1,-1,-1,-1,-1
5.25083,veh8,drop_decision_no_action,3,17317,6638,-1,-1,-1,-1,-1
5.25683,veh8,drop_decision_no_action,9,17350,6671,-1,-1,-1,-1,-1
5.25908,veh8,drop_decision_no_action,7,17335,6656,-1,-1,-1,-1,-1
5.26208,veh8,drop_decision_no_action,12,699722421316,6661,-1,-1,-1,-1,-1
5.26858,veh8,drop_decision_no_action,6,17355,6676,-1,-1,-1,-1,-1
5.27083,veh8,drop_decision_no_action,3,699722421298,6638,-1,-1,-1,-1,-1
5.27683,veh8,drop_decision_no_action,9,699722421349,6702,-1,-1,-1,-1,-1
5.28208,veh8,drop_decision_no_action,4,699722421354,6708,-1,-1,-1,-1,-1
5.28858,veh8,drop_decision_no_action,6,699722421344,6676,-1,-1,-1,-1,-1
5.29508,veh8,drop_decision_no_action,11,699722421393,6769,-1,-1,-1,-1,-1
5.29933,veh8,drop_decision_no_action,2,17424,6781,-1,-1,-1,-1,-1
5.31508,veh8,drop_decision_no_action,11,17429,6784,-1,-1,-1,-1,-1
5.31933,veh8,drop_decision_no_action,2,699722421478,6809,-1,-1,-1,-1,-1
5.32308,veh8,drop_decision_no_action,5,17491,6801,-1,-1,-1,-1,-1
5.33733,veh8,drop_decision_no_action,10,699722421249,6594,-1,-1,-1,-1,-1
5.33733,veh8,drop_decision_no_action,10,17397,6742,-1,-1,-1,-1,-1
5.33908,veh8,drop_decision_no_action,7,699722421518,6857,-1,-1,-1,-1,-1
5.34308,veh8,drop_decision_no_action,5,699722421496,6801,-1,-1,-1,-1,-1
5.35333,veh8,drop_decision_no_action,3,17534,6854,-1,-1,-1,-1,-1
5.35683,veh8,drop_decision_no_action,9,17564,6879,-1,-1,-1,-1,-1
5.35908,veh8,drop_decision_no_action,7,17552,6868,-1,-1,-1,-1,-1
5.36208,veh8,drop_decision_no_action,12,699722421532,6873,-1,-1,-1,-1,-1
5.36858,veh8,drop_decision_no_action,6,699722421556,6900,-1,-1,-1,-1,-1
5.37683,veh8,drop_decision_no_action,9,699722421560,6906,-1,-1,-1,-1,-1
5.38208,veh8,drop_decision_no_action,4,699722421565,6914,-1,-1,-1,-1,-1
5.38283,veh8,drop_decision_no_action,3,699722421515,6854,-1,-1,-1,-1,-1
5.41133,veh8,drop_decision_no_action,11,699722421604,6973,-1,-1,-1,-1,-1
5.41933,veh8,drop_decision_no_action,2,699722421675,6994,-1,-1,-1,-1,-1
5.42308,veh8,drop_decision_no_action,5,699722421694,7014,-1,-1,-1,-1,-1
5.43908,veh8,drop_decision_no_action,7,699722421716,7039,-1,-1,-1,-1,-1
5.45333,veh8,drop_decision_no_action,3,17732,7036,-1,-1,-1,-1,-1
5.45683,veh8,drop_decision_no_action,9,17758,7057,-1,-1,-1,-1,-1
5.46208,veh8,drop_decision_no_action,12,699722421726,7052,-1,-1,-1,-1,-1
5.46858,veh8,drop_decision_no_action,6,699722421747,7072,-1,-1,-1,-1,-1
5.47683,veh8,drop_decision_no_action,9,699722421752,7078,-1,-1,-1,-1,-1
5.48258,veh8,drop_decision_no_action,4,699722421758,7084,-1,-1,-1,-1,-1
5.48283,veh8,drop_decision_no_action,3,699722421712,7036,-1,-1,-1,-1,-1
5.49933,veh8,drop_decision_no_action,2,17824,7145,-1,-1,-1,-1,-1
5.51133,veh8,drop_decision_no_action,11,699722421796,7143,-1,-1,-1,-1,-1
5.51933,veh8,drop_decision_no_action,2,699722421972,7167,-1,-1,-1,-1,-1
5.52258,veh8,drop_decision_no_action,4,18005,7184,-1,-1,-1,-1,-1
5.52483,veh8,drop_decision_no_action,5,17987,7162,-1,-1,-1,-1,-1
5.53733,veh8,drop_decision_no_action,10,699722421670,6993,-1,-1,-1,-1,-1
5.53733,veh8,drop_decision_no_action,10,17799,7114,-1,-1,-1,-1,-1
5.53733,veh8,drop_decision_no_action,10,699722421967,7166,-1,-1,-1,-1,-1
5.53908,veh8,cpm_drop_reaction,7,699722422022,7224,-1,-1,0,0,15
5.54483,veh8,drop_decision_no_action,5,699722421995,7162,-1,-1,-1,-1,-1
5.55333,veh8,drop_decision_no_action,3,18036,7221,-1,-1,-1,-1,-1
5.55683,veh8,drop_decision_no_action,9,18073,7250,-1,-1,-1,-1,-1
5.55908,veh8,drop_decision_no_action,7,18059,7236,-1,-1,-1,-1,-1
5.55958,veh8,drop_decision_no_action,6,18077,7254,-1,-1,-1,-1,-1
5.56208,veh8,drop_decision_no_action,12,699722422038,7238,-1,-1,-1,-1,-1
5.57683,veh8,drop_decision_no_action,9,699722422072,7284,-1,-1,-1,-1,-1
5.57958,veh8,drop_decision_no_action,6,699722422068,7279,-1,-1,-1,-1,-1
5.58258,veh8,drop_decision_no_action,4,699722422078,7294,-1,-1,-1,-1,-1
5.58283,veh8,drop_decision_no_action,3,699722422018,7221,-1,-1,-1,-1,-1
5.59733,veh8,drop_decision_no_action,10,18120,7322,-1,-1,-1,-1,-1
5.61133,veh8,drop_decision_no_action,11,699722422117,7357,-1,-1,-1,-1,-1
5.61933,veh8,drop_decision_no_action,2,699722422190,7376,-1,-1,-1,-1,-1
5.62483,veh8,drop_decision_no_action,5,699722422209,7397,-1,-1,-1,-1,-1
5.63733,veh8,drop_decision_no_action,10,699722422185,7375,-1,-1,-1,-1,-1
5.63908,veh8,drop_decision_no_action,7,699722422229,7420,-1,-1,-1,-1,-1
5.65333,veh8,drop_decision_no_action,3,699722422225,7419,-1,-1,-1,-1,-1
5.65683,veh8,drop_decision_no_action,9,18271,7438,-1,-1,-1,-1,-1
5.66208,veh8,drop_decision_no_action,12,699722422239,7433,-1,-1,-1,-1,-1
5.67683,veh8,drop_decision_no_action,9,699722422266,7459,-1,-1,-1,-1,-1
5.67958,veh8,drop_decision_no_action,6,699722422262,7454,-1,-1,-1,-1,-1
5.68258,veh8,drop_decision_no_action,4,699722422271,7466,-1,-1,-1,-1,-1
5.69933,veh8,drop_decision_no_action,2,18332,7514,-1,-1,-1,-1,-1
5.71133,veh8,drop_decision_no_action,11,699722422303,7511,-1,-1,-1,-1,-1
5.71133,veh8,drop_decision_no_action,11,18336,7511,-1,-1,-1,-1,-1
5.71608,veh8,drop_decision_no_action,2,699722422379,7533,-1,-1,-1,-1,-1
5.72483,veh8,drop_decision_no_action,5,699722422399,7558,-1,-1,-1,-1,-1
5.75683,veh8,drop_decision_no_action,9,18464,7595,-1,-1,-1,-1,-1
5.76208,veh8,drop_decision_no_action,12,699722422432,7591,-1,-1,-1,-1,-1
5.76408,veh8,drop_decision_no_action,7,699722422422,7582,-1,-1,-1,-1,-1
5.77683,veh8,drop_decision_no_action,9,699722422458,7617,-1,-1,-1,-1,-1
5.77958,veh8,drop_decision_no_action,6,699722422454,7612,-1,-1,-1,-1,-1
5.78258,veh8,drop_decision_no_action,4,699722422464,7627,-1,-1,-1,-1,-1
5.81133,veh8,drop_decision_no_action,11,699722422504,7687,-1,-1,-1,-1,-1
5.81608,veh8,drop_decision_no_action,2,699722422577,7704,-1,-1,-1,-1,-1
5.82258,veh8,drop_decision_no_action,4,18609,7720,-1,-1,-1,-1,-1
5.82483,veh8,drop_decision_no_action,5,18592,7701,-1,-1,-1,-1,-1
5.84208,veh8,drop_decision_no_action,12,18631,7744,-1,-1,-1,-1,-1
5.84483,veh8,drop_decision_no_action,5,699722422600,7701,-1,-1,-1,-1,-1
5.85958,veh8,drop_decision_no_action,6,18672,7780,-1,-1,-1,-1,-1
5.86183,veh8,drop_decision_no_action,9,18668,7778,-1,-1,-1,-1,-1
5.86208,veh8,drop_decision_no_action,12,699722422635,7770,-1,-1,-1,-1,-1
5.86408,veh8,drop_decision_no_action,7,699722422623,7760,-1,-1,-1,-1,-1
5.87958,veh8,drop_decision_no_action,6,699722422661,7803,-1,-1,-1,-1,-1
5.88183,veh8,drop_decision_no_action,9,699722422666,7811,-1,-1,-1,-1,-1
5.88258,veh8,drop_decision_no_action,4,699722422672,7822,-1,-1,-1,-1,-1
5.88408,veh8,drop_decision_no_action,7,18655,7760,-1,-1,-1,-1,-1
5.88533,veh8,drop_decision_no_action,10,18505,7649,-1,-1,-1,-1,-1
5.91133,veh8,drop_decision_no_action,11,699722422707,7879,-1,-1,-1,-1,-1
5.91608,veh8,drop_decision_no_action,2,18736,7882,-1,-1,-1,-1,-1
5.91608,veh8,drop_decision_no_action,2,699722422783,7882,-1,-1,-1,-1,-1
5.92483,veh8,drop_decision_no_action,5,699722422802,7917,-1,-1,-1,-1,-1
5.95333,veh8,drop_decision_no_action,7,699722422822,7942,-1,-1,-1,-1,-1
5.96183,veh8,drop_decision_no_action,9,18863,7956,-1,-1,-1,-1,-1
5.96208,veh8,drop_decision_no_action,12,699722422830,7949,-1,-1,-1,-1,-1
5.97958,veh8,drop_decision_no_action,6,699722422852,7969,-1,-1,-1,-1,-1
5.98183,veh8,drop_decision_no_action,9,699722422856,7976,-1,-1,-1,-1,-1
5.98258,veh8,drop_decision_no_action,4,699722422861,7984,-1,-1,-1,-1,-1
6.01133,veh8,drop_decision_no_action,11,699722422999,8038,-1,-1,-1,-1,-1
6.01608,veh8,drop_decision_no_action,2,699722423068,8055,-1,-1,-1,-1,-1
6.02483,veh8,drop_decision_no_action,5,699722423086,8076,-1,-1,-1,-1,-1
6.02883,veh8,drop_decision_no_action,10,699722422777,7895,-1,-1,-1,-1,-1
6.02883,veh8,drop_decision_no_action,10,19001,8000,-1,-1,-1,-1,-1
6.02883,veh8,drop_decision_no_action,10,699722423062,8054,-1,-1,-1,-1,-1
6.04733,veh8,cpm_drop_reaction,3,699722422818,7941,-1,-1,0,0,15
6.04733,veh8,drop_decision_no_action,3,19125,8099,-1,-1,-1,-1,-1
6.05333,veh8,drop_decision_no_action,7,699722423109,8102,-1,-1,-1,-1,-1
6.05958,veh8,drop_decision_no_action,6,19158,8119,-1,-1,-1,-1,-1
6.06183,veh8,drop_decision_no_action,9,19154,8116,-1,-1,-1,-1,-1
6.06208,veh8,drop_decision_no_action,12,699722423118,8110,-1,-1,-1,-1,-1
6.06733,veh8,drop_decision_no_action,3,699722423105,8099,-1,-1,-1,-1,-1
6.07958,veh8,drop_decision_no_action,6,699722423147,8134,-1,-1,-1,-1,-1
6.08183,veh8,drop_decision_no_action,9,699722423151,8141,-1,-1,-1,-1,-1
6.08258,veh8,drop_decision_no_action,4,699722423156,8149,-1,-1,-1,-1,-1
6.11133,veh8,drop_decision_no_action,11,699722423193,8206,-1,-1,-1,-1,-1
6.11608,veh8,drop_decision_no_action,2,19222,8209,-1,-1,-1,-1,-1
6.11608,veh8,drop_decision_no_action,2,699722423268,8209,-1,-1,-1,-1,-1
6.11958,veh8,drop_decision_no_action,5,19282,8221,-1,-1,-1,-1,-1
6.12133,veh8,drop_decision_no_action,4,19301,8242,-1,-1,-1,-1,-1
6.12883,veh8,drop_decision_no_action,10,699722423262,8223,-1,-1,-1,-1,-1
6.13958,veh8,drop_decision_no_action,5,699722423291,8251,-1,-1,-1,-1,-1
6.14733,veh8,drop_decision_no_action,3,699722423310,8278,-1,-1,-1,-1,-1
6.15333,veh8,drop_decision_no_action,7,699722423314,8279,-1,-1,-1,-1,-1
6.15958,veh8,drop_decision_no_action,6,19364,8307,-1,-1,-1,-1,-1
6.16183,veh8,drop_decision_no_action,9,19360,8304,-1,-1,-1,-1,-1
6.16208,veh8,drop_decision_no_action,12,699722423326,8290,-1,-1,-1,-1,-1
6.17958,veh8,drop_decision_no_action,6,699722423353,8327,-1,-1,-1,-1,-1
6.18133,veh8,drop_decision_no_action,4,699722423363,8341,-1,-1,-1,-1,-1
6.18183,veh8,drop_decision_no_action,9,699722423357,8334,-1,-1,-1,-1,-1
6.18408,veh8,drop_decision_no_action,7,19346,8279,-1,-1,-1,-1,-1
6.21133,veh8,drop_decision_no_action,11,699722423400,8398,-1,-1,-1,-1,-1
6.21133,veh8,drop_decision_no_action,11,19429,8398,-1,-1,-1,-1,-1
6.21608,veh8,drop_decision_no_action,2,699722423474,8415,-1,-1,-1,-1,-1
6.22133,veh8,drop_decision_no_action,4,19506,8431,-1,-1,-1,-1,-1
6.22883,veh8,drop_decision_no_action,10,699722423468,8414,-1,-1,-1,-1,-1
6.23958,veh8,drop_decision_no_action,5,699722423496,8440,-1,-1,-1,-1,-1
6.24733,veh8,drop_decision_no_action,3,699722423512,8461,-1,-1,-1,-1,-1
6.25333,veh8,drop_decision_no_action,7,699722423515,8462,-1,-1,-1,-1,-1
6.25958,veh8,drop_decision_no_action,6,19562,8485,-1,-1,-1,-1,-1
6.26083,veh8,drop_decision_no_action,12,699722423524,8472,-1,-1,-1,-1,-1
6.26183,veh8,drop_decision_no_action,9,19557,8482,-1,-1,-1,-1,-1
6.27958,veh8,drop_decision_no_action,6,699722423551,8506,-1,-1,-1,-1,-1
6.28133,veh8,drop_decision_no_action,4,699722423561,8518,-1,-1,-1,-1,-1
6.28183,veh8,drop_decision_no_action,9,699722423555,8511,-1,-1,-1,-1,-1
6.28533,veh8,drop_decision_no_action,10,19600,8535,-1,-1,-1,-1,-1
6.29908,veh8,drop_decision_no_action,2,19625,8575,-1,-1,-1,-1,-1
6.31133,veh8,drop_decision_no_action,11,699722423597,8572,-1,-1,-1,-1,-1
6.31133,veh8,drop_decision_no_action,11,19629,8572,-1,-1,-1,-1,-1
6.31908,veh8,drop_decision_no_action,2,699722423670,8594,-1,-1,-1,-1,-1
6.32133,veh8,drop_decision_no_action,4,19701,8606,-1,-1,-1,-1,-1
6.32883,veh8,drop_decision_no_action,10,699722423664,8593,-1,-1,-1,-1,-1
6.33958,veh8,drop_decision_no_action,5,699722423692,8616,-1,-1,-1,-1,-1
6.34733,veh8,drop_decision_no_action,3,19730,8637,-1,-1,-1,-1,-1
6.34733,veh8,drop_decision_no_action,3,699722423710,8637,-1,-1,-1,-1,-1
6.35333,veh8,drop_decision_no_action,7,699722423713,8639,-1,-1,-1,-1,-1
6.35958,veh8,drop_decision_no_action,6,19760,8662,-1,-1,-1,-1,-1
6.36083,veh8,drop_decision_no_action,12,699722423722,8649,-1,-1,-1,-1,-1
6.36183,veh8,drop_decision_no_action,9,19755,8659,-1,-1,-1,-1,-1
6.37958,veh8,drop_decision_no_action,6,699722423750,8683,-1,-1,-1,-1,-1
6.38133,veh8,drop_decision_no_action,4,699722423759,8695,-1,-1,-1,-1,-1
6.38183,veh8,drop_decision_no_action,9,699722423754,8688,-1,-1,-1,-1,-1
6.40983,veh8,drop_decision_no_action,11,699722423790,8742,-1,-1,-1,-1,-1
6.40983,veh8,drop_decision_no_action,11,19820,8742,-1,-1,-1,-1,-1
6.41908,veh8,drop_decision_no_action,2,699722423864,8759,-1,-1,-1,-1,-1
6.41958,veh8,drop_decision_no_action,5,19878,8754,-1,-1,-1,-1,-1
6.42133,veh8,drop_decision_no_action,4,19896,8772,-1,-1,-1,-1,-1
6.42883,veh8,drop_decision_no_action,10,699722423858,8755,-1,-1,-1,-1,-1
6.43958,veh8,drop_decision_no_action,5,699722423986,8780,-1,-1,-1,-1,-1
6.44083,veh8,drop_decision_no_action,12,20017,8798,-1,-1,-1,-1,-1
6.44733,veh8,drop_decision_no_action,3,699722424004,8807,-1,-1,-1,-1,-1
6.45333,veh8,drop_decision_no_action,7,699722424008,8808,-1,-1,-1,-1,-1
6.45958,veh8,drop_decision_no_action,6,20060,8839,-1,-1,-1,-1,-1
6.46083,veh8,drop_decision_no_action,12,699722424021,8823,-1,-1,-1,-1,-1
6.46183,veh8,drop_decision_no_action,9,20056,8837,-1,-1,-1,-1,-1
6.47333,veh8,drop_decision_no_action,7,20042,8808,-1,-1,-1,-1,-1
6.47958,veh8,drop_decision_no_action,6,699722424050,8860,-1,-1,-1,-1,-1
6.48133,veh8,drop_decision_no_action,4,699722424059,8872,-1,-1,-1,-1,-1
6.48183,veh8,drop_decision_no_action,9,699722424053,8865,-1,-1,-1,-1,-1
6.49908,veh8,drop_decision_no_action,2,20120,8928,-1,-1,-1,-1,-1
6.50983,veh8,drop_decision_no_action,11,699722424092,8926,-1,-1,-1,-1,-1
6.50983,veh8,drop_decision_no_action,11,20124,8926,-1,-1,-1,-1,-1
6.51908,veh8,drop_decision_no_action,2,699722424167,8950,-1,-1,-1,-1,-1
6.52133,veh8,drop_decision_no_action,4,20199,8960,-1,-1,-1,-1,-1
6.52333,veh8,drop_decision_no_action,10,699722424160,8946,-1,-1,-1,-1,-1
6.53958,veh8,drop_decision_no_action,5,699722424188,8970,-1,-1,-1,-1,-1
6.54733,veh8,cpm_drop_reaction,3,699722424203,8990,-1,-1,0,0,15
6.55333,veh8,drop_decision_no_action,7,699722424207,8991,-1,-1,-1,-1,-1
6.56083,veh8,drop_decision_no_action,12,699722424216,9002,-1,-1,-1,-1,-1
6.56183,veh8,drop_decision_no_action,9,20253,9012,-1,-1,-1,-1,-1
6.58133,veh8,drop_decision_no_action,4,699722424252,9042,-1,-1,-1,-1,-1
6.58158,veh8,drop_decision_no_action,6,699722424243,9032,-1,-1,-1,-1,-1
6.58183,veh8,drop_decision_no_action,9,699722424247,9037,-1,-1,-1,-1,-1
6.60983,veh8,drop_decision_no_action,11,699722424283,9086,-1,-1,-1,-1,-1
6.60983,veh8,drop_decision_no_action,11,20312,9086,-1,-1,-1,-1,-1
6.61908,veh8,drop_decision_no_action,2,699722424352,9102,-1,-1,-1,-1,-1
6.62133,veh8,drop_decision_no_action,4,20383,9112,-1,-1,-1,-1,-1
6.63308,veh8,drop_decision_no_action,10,699722424345,9098,-1,-1,-1,-1,-1
6.63958,veh8,drop_decision_no_action,5,699722424372,9122,-1,-1,-1,-1,-1
6.64733,veh8,drop_decision_no_action,3,20410,9142,-1,-1,-1,-1,-1
6.64733,veh8,drop_decision_no_action,3,699722424390,9142,-1,-1,-1,-1,-1
6.65333,veh8,drop_decision_no_action,7,699722424393,9144,-1,-1,-1,-1,-1
6.66083,veh8,drop_decision_no_action,12,699722424402,9155,-1,-1,-1,-1,-1
6.66158,veh8,drop_decision_no_action,6,20440,9167,-1,-1,-1,-1,-1
6.66183,veh8,drop_decision_no_action,9,20435,9165,-1,-1,-1,-1,-1
6.68133,veh8,drop_decision_no_action,4,699722424438,9200,-1,-1,-1,-1,-1
6.68158,veh8,drop_decision_no_action,6,699722424428,9188,-1,-1,-1,-1,-1
6.68183,veh8,drop_decision_no_action,9,699722424433,9194,-1,-1,-1,-1,-1
6.69908,veh8,drop_decision_no_action,2,20498,9250,-1,-1,-1,-1,-1
6.70983,veh8,drop_decision_no_action,11,699722424470,9248,-1,-1,-1,-1,-1
6.70983,veh8,drop_decision_no_action,11,20501,9248,-1,-1,-1,-1,-1
6.71958,veh8,drop_decision_no_action,5,20560,9271,-1,-1,-1,-1,-1
6.72133,veh8,drop_decision_no_action,4,20578,9292,-1,-1,-1,-1,-1
6.72458,veh8,drop_decision_no_action,2,699722424546,9276,-1,-1,-1,-1,-1
6.73308,veh8,drop_decision_no_action,10,699722424540,9272,-1,-1,-1,-1,-1
6.73958,veh8,drop_decision_no_action,5,699722424567,9302,-1,-1,-1,-1,-1
6.74733,veh8,drop_decision_no_action,3,699722424582,9327,-1,-1,-1,-1,-1
6.75333,veh8,drop_decision_no_action,7,699722424585,9328,-1,-1,-1,-1,-1
6.76083,veh8,drop_decision_no_action,12,699722424597,9340,-1,-1,-1,-1,-1
6.76183,veh8,drop_decision_no_action,9,20630,9350,-1,-1,-1,-1,-1
6.77333,veh8,drop_decision_no_action,7,20617,9328,-1,-1,-1,-1,-1
6.78133,veh8,drop_decision_no_action,4,699722424628,9380,-1,-1,-1,-1,-1
6.78158,veh8,drop_decision_no_action,6,699722424619,9370,-1,-1,-1,-1,-1
6.78183,veh8,drop_decision_no_action,9,699722424623,9375,-1,-1,-1,-1,-1
6.80983,veh8,drop_decision_no_action,11,699722424663,9438,-1,-1,-1,-1,-1
6.80983,veh8,drop_decision_no_action,11,20692,9438,-1,-1,-1,-1,-1
6.81908,veh8,drop_decision_no_action,2,699722424730,9455,-1,-1,-1,-1,-1
6.83958,veh8,drop_decision_no_action,5,699722424747,9472,-1,-1,-1,-1,-1
6.84733,veh8,drop_decision_no_action,3,699722424765,9488,-1,-1,-1,-1,-1
6.85383,veh8,drop_decision_no_action,9,20813,9513,-1,-1,-1,-1,-1
6.86083,veh8,drop_decision_no_action,12,699722424779,9503,-1,-1,-1,-1,-1
6.87383,veh8,drop_decision_no_action,9,699722424809,9544,-1,-1,-1,-1,-1
6.88133,veh8,drop_decision_no_action,4,699722424816,9551,-1,-1,-1,-1,-1
6.88158,veh8,drop_decision_no_action,6,699722424806,9540,-1,-1,-1,-1,-1
6.89908,veh8,drop_decision_no_action,2,20876,9594,-1,-1,-1,-1,-1
6.90983,veh8,drop_decision_no_action,11,699722424848,9591,-1,-1,-1,-1,-1
6.90983,veh8,drop_decision_no_action,11,20881,9591,-1,-1,-1,-1,-1
6.91908,veh8,drop_decision_no_action,2,699722425024,9615,-1,-1,-1,-1,-1
6.92133,veh8,drop_decision_no_action,4,21056,9626,-1,-1,-1,-1,-1
6.92333,veh8,drop_decision_no_action,10,699722424724,9451,-1,-1,-1,-1,-1
6.92333,veh8,drop_decision_no_action,10,699722425018,9611,-1,-1,-1,-1,-1
6.93958,veh8,drop_decision_no_action,5,699722425046,9635,-1,-1,-1,-1,-1
6.94733,veh8,drop_decision_no_action,3,21084,9656,-1,-1,-1,-1,-1
6.94733,veh8,drop_decision_no_action,3,699722425064,9656,-1,-1,-1,-1,-1
6.95383,veh8,drop_decision_no_action,9,21112,9678,-1,-1,-1,-1,-1
6.96083,veh8,drop_decision_no_action,12,699722425078,9668,-1,-1,-1,-1,-1
6.96158,veh8,drop_decision_no_action,6,21116,9680,-1,-1,-1,-1,-1
6.97383,veh8,drop_decision_no_action,9,699722425110,9708,-1,-1,-1,-1,-1
6.98133,veh8,drop_decision_no_action,4,699722425116,9715,-1,-1,-1,-1,-1
6.98158,veh8,drop_decision_no_action,6,699722425107,9703,-1,-1,-1,-1,-1
7.00983,veh8,drop_decision_no_action,11,699722425150,9759,-1,-1,-1,-1,-1
7.00983,veh8,drop_decision_no_action,11,21181,9759,-1,-1,-1,-1,-1
7.01908,veh8,drop_decision_no_action,2,699722425228,9777,-1,-1,-1,-1,-1
7.01958,veh8,drop_decision_no_action,5,21240,9772,-1,-1,-1,-1,-1
7.02333,veh8,drop_decision_no_action,10,699722425220,9773,-1,-1,-1,-1,-1
7.03958,veh8,drop_decision_no_action,5,699722425247,9796,-1,-1,-1,-1,-1
7.04083,veh8,drop_decision_no_action,12,21280,9811,-1,-1,-1,-1,-1
7.04683,veh8,drop_decision_no_action,3,699722425266,9817,-1,-1,-1,-1,-1
7.05383,veh8,cam_drop_reaction,9,21320,9849,-1,-1,0,0,15
7.05583,veh8,drop_decision_no_action,7,699722425068,9658,-1,-1,-1,-1,-1
7.05583,veh8,drop_decision_no_action,7,699722425270,9819,-1,-1,-1,-1,-1
7.06083,veh8,drop_decision_no_action,12,699722425285,9834,-1,-1,-1,-1,-1
7.07383,veh8,drop_decision_no_action,9,699722425317,9874,-1,-1,-1,-1,-1
7.07583,veh8,drop_decision_no_action,7,21305,9819,-1,-1,-1,-1,-1
7.08133,veh8,drop_decision_no_action,4,699722425322,9879,-1,-1,-1,-1,-1
7.08158,veh8,drop_decision_no_action,6,699722425313,9870,-1,-1,-1,-1,-1
7.09908,veh8,drop_decision_no_action,2,21385,9931,-1,-1,-1,-1,-1
7.10983,veh8,drop_decision_no_action,11,699722425356,9927,-1,-1,-1,-1,-1
7.11908,veh8,drop_decision_no_action,2,699722425428,9951,-1,-1,-1,-1,-1
7.13308,veh8,drop_decision_no_action,10,699722425420,9947,-1,-1,-1,-1,-1
7.13958,veh8,drop_decision_no_action,5,699722425447,9968,-1,-1,-1,-1,-1
7.14683,veh8,drop_decision_no_action,3,699722425462,9984,-1,-1,-1,-1,-1
7.15158,veh8,drop_decision_no_action,12,699722425479,9996,-1,-1,-1,-1,-1
7.15383,veh8,drop_decision_no_action,9,21513,10008,-1,-1,-1,-1,-1
7.15583,veh8,drop_decision_no_action,7,699722425465,9986,-1,-1,-1,-1,-1
7.17383,veh8,drop_decision_no_action,9,699722425509,10035,-1,-1,-1,-1,-1
7.17583,veh8,drop_decision_no_action,7,21498,9986,-1,-1,-1,-1,-1
7.18058,veh8,drop_decision_no_action,6,699722425505,10032,-1,-1,-1,-1,-1
7.18133,veh8,drop_decision_no_action,4,699722425514,10040,-1,-1,-1,-1,-1
7.20983,veh8,drop_decision_no_action,11,699722425550,10088,-1,-1,-1,-1,-1
7.20983,veh8,drop_decision_no_action,11,21580,10088,-1,-1,-1,-1,-1
7.21283,veh8,drop_decision_no_action,2,699722425625,10107,-1,-1,-1,-1,-1
7.22008,veh8,drop_decision_no_action,4,21659,10125,-1,-1,-1,-1,-1
7.23308,veh8,drop_decision_no_action,10,699722425618,10103,-1,-1,-1,-1,-1
7.23958,veh8,drop_decision_no_action,5,699722425649,10131,-1,-1,-1,-1,-1
7.24683,veh8,drop_decision_no_action,3,21687,10153,-1,-1,-1,-1,-1
7.24683,veh8,drop_decision_no_action,3,699722425667,10153,-1,-1,-1,-1,-1
7.25158,veh8,drop_decision_no_action,12,699722425684,10165,-1,-1,-1,-1,-1
7.25383,veh8,drop_decision_no_action,9,21718,10177,-1,-1,-1,-1,-1
7.25583,veh8,drop_decision_no_action,7,699722425671,10156,-1,-1,-1,-1,-1
7.25583,veh8,drop_decision_no_action,7,21704,10156,-1,-1,-1,-1,-1
7.26058,veh8,drop_decision_no_action,6,21723,10181,-1,-1,-1,-1,-1
7.27383,veh8,drop_decision_no_action,9,699722425717,10207,-1,-1,-1,-1,-1
7.28008,veh8,drop_decision_no_action,4,699722425723,10213,-1,-1,-1,-1,-1
7.28058,veh8,drop_decision_no_action,6,699722425714,10204,-1,-1,-1,-1,-1
7.29308,veh8,drop_decision_no_action,10,21764,10232,-1,-1,-1,-1,-1
7.30983,veh8,drop_decision_no_action,11,699722425761,10265,-1,-1,-1,-1,-1
7.31283,veh8,drop_decision_no_action,2,21789,10269,-1,-1,-1,-1,-1
7.31283,veh8,drop_decision_no_action,2,699722425836,10269,-1,-1,-1,-1,-1
7.31958,veh8,drop_decision_no_action,5,21848,10277,-1,-1,-1,-1,-1
7.32333,veh8,drop_decision_no_action,10,699722425829,10278,-1,-1,-1,-1,-1
7.33958,veh8,drop_decision_no_action,5,699722425855,10301,-1,-1,-1,-1,-1
7.34683,veh8,drop_decision_no_action,3,699722425873,10324,-1,-1,-1,-1,-1
7.35158,veh8,drop_decision_no_action,12,699722425891,10337,-1,-1,-1,-1,-1
7.35383,veh8,drop_decision_no_action,9,21925,10351,-1,-1,-1,-1,-1
7.35583,veh8,drop_decision_no_action,7,699722425876,10326,-1,-1,-1,-1,-1
7.35583,veh8,drop_decision_no_action,7,21910,10326,-1,-1,-1,-1,-1
7.37383,veh8,drop_decision_no_action,9,699722426023,10381,-1,-1,-1,-1,-1
7.38008,veh8,drop_decision_no_action,4,699722426029,10386,-1,-1,-1,-1,-1
7.38058,veh8,drop_decision_no_action,6,699722426020,10378,-1,-1,-1,-1,-1
7.40983,veh8,drop_decision_no_action,11,699722426061,10427,-1,-1,-1,-1,-1
7.40983,veh8,drop_decision_no_action,11,22091,10427,-1,-1,-1,-1,-1
7.41283,veh8,drop_decision_no_action,2,699722426136,10443,-1,-1,-1,-1,-1
7.41958,veh8,drop_decision_no_action,5,22148,10438,-1,-1,-1,-1,-1
7.42333,veh8,drop_decision_no_action,10,699722426129,10439,-1,-1,-1,-1,-1
7.44033,veh8,drop_decision_no_action,5,699722426155,10462,-1,-1,-1,-1,-1
7.44683,veh8,drop_decision_no_action,3,699722426171,10484,-1,-1,-1,-1,-1
7.45158,veh8,drop_decision_no_action,12,699722426187,10497,-1,-1,-1,-1,-1
7.45383,veh8,drop_decision_no_action,9,22221,10507,-1,-1,-1,-1,-1
7.45583,veh8,drop_decision_no_action,7,699722426174,10486,-1,-1,-1,-1,-1
7.45583,veh8,drop_decision_no_action,7,22207,10486,-1,-1,-1,-1,-1
7.47383,veh8,drop_decision_no_action,9,699722426218,10534,-1,-1,-1,-1,-1
7.48008,veh8,drop_decision_no_action,4,699722426224,10539,-1,-1,-1,-1,-1
7.48058,veh8,drop_decision_no_action,6,699722426214,10531,-1,-1,-1,-1,-1
7.50983,veh8,drop_decision_no_action,11,699722426256,10580,-1,-1,-1,-1,-1
7.51283,veh8,drop_decision_no_action,2,22285,10584,-1,-1,-1,-1,-1
7.51283,veh8,drop_decision_no_action,2,699722426328,10584,-1,-1,-1,-1,-1
7.52008,veh8,drop_decision_no_action,4,22360,10610,-1,-1,-1,-1,-1
7.52033,veh8,drop_decision_no_action,5,22340,10591,-1,-1,-1,-1,-1
7.53308,veh8,drop_decision_no_action,10,699722426321,10592,-1,-1,-1,-1,-1
7.54033,veh8,drop_decision_no_action,5,699722426350,10620,-1,-1,-1,-1,-1
7.54683,veh8,drop_decision_no_action,3,22389,10644,-1,-1,-1,-1,-1
7.54683,veh8,drop_decision_no_action,3,699722426369,10644,-1,-1,-1,-1,-1
7.55158,veh8,drop_decision_no_action,12,699722426382,10658,-1,-1,-1,-1,-1
7.55383,veh8,cam_drop_reaction,9,22417,10668,-1,-1,0,0,15
7.55583,veh8,drop_decision_no_action,7,699722426372,10648,-1,-1,-1,-1,-1
7.56058,veh8,drop_decision_no_action,6,22422,10672,-1,-1,-1,-1,-1
7.57383,veh8,drop_decision_no_action,9,699722426419,10698,-1,-1,-1,-1,-1
7.58008,veh8,drop_decision_no_action,4,699722426424,10704,-1,-1,-1,-1,-1
7.58058,veh8,drop_decision_no_action,6,699722426416,10695,-1,-1,-1,-1,-1
7.61233,veh8,drop_decision_no_action,11,699722426458,10749,-1,-1,-1,-1,-1
7.61283,veh8,drop_decision_no_action,2,699722426526,10761,-1,-1,-1,-1,-1
7.62033,veh8,drop_decision_no_action,5,22540,10759,-1,-1,-1,-1,-1
7.63158,veh8,drop_decision_no_action,12,22578,10798,-1,-1,-1,-1,-1
7.63308,veh8,drop_decision_no_action,10,699722426520,10760,-1,-1,-1,-1,-1
7.64033,veh8,drop_decision_no_action,5,699722426547,10786,-1,-1,-1,-1,-1
7.64683,veh8,drop_decision_no_action,3,699722426567,10807,-1,-1,-1,-1,-1
7.65158,veh8,drop_decision_no_action,12,699722426584,10825,-1,-1,-1,-1,-1
7.65383,veh8,drop_decision_no_action,9,22618,10835,-1,-1,-1,-1,-1
7.65583,veh8,drop_decision_no_action,7,699722426570,10810,-1,-1,-1,-1,-1
7.65583,veh8,drop_decision_no_action,7,22605,10810,-1,-1,-1,-1,-1
7.67383,veh8,drop_decision_no_action,9,699722426613,10863,-1,-1,-1,-1,-1
7.68008,veh8,drop_decision_no_action,4,699722426619,10868,-1,-1,-1,-1,-1
7.68058,veh8,drop_decision_no_action,6,699722426610,10860,-1,-1,-1,-1,-1
7.71233,veh8,drop_decision_no_action,11,699722426652,10910,-1,-1,-1,-1,-1
7.71283,veh8,drop_decision_no_action,2,22680,10914,-1,-1,-1,-1,-1
7.71283,veh8,drop_decision_no_action,2,699722426723,10914,-1,-1,-1,-1,-1
7.73308,veh8,drop_decision_no_action,10,699722426717,10924,-1,-1,-1,-1,-1
7.74033,veh8,drop_decision_no_action,5,699722426743,10950,-1,-1,-1,-1,-1
7.74683,veh8,drop_decision_no_action,3,699722426758,10966,-1,-1,-1,-1,-1
7.75158,veh8,drop_decision_no_action,12,699722426771,10978,-1,-1,-1,-1,-1
7.75383,veh8,drop_decision_no_action,9,22806,10987,-1,-1,-1,-1,-1
7.75583,veh8,drop_decision_no_action,7,699722426761,10968,-1,-1,-1,-1,-1
7.77383,veh8,drop_decision_no_action,9,699722426801,11015,-1,-1,-1,-1,-1
7.78008,veh8,drop_decision_no_action,4,699722426806,11020,-1,-1,-1,-1,-1
7.78058,veh8,drop_decision_no_action,6,699722426797,11012,-1,-1,-1,-1,-1
7.81233,veh8,drop_decision_no_action,11,699722426838,11061,-1,-1,-1,-1,-1
7.81283,veh8,drop_decision_no_action,2,699722426907,11073,-1,-1,-1,-1,-1
7.82008,veh8,drop_decision_no_action,4,22939,11088,-1,-1,-1,-1,-1
7.82033,veh8,drop_decision_no_action,5,22921,11071,-1,-1,-1,-1,-1
7.82333,veh8,drop_decision_no_action,10,699722426901,11072,-1,-1,-1,-1,-1
7.84033,veh8,drop_decision_no_action,5,699722427032,11101,-1,-1,-1,-1,-1
7.84683,veh8,drop_decision_no_action,3,23074,11125,-1,-1,-1,-1,-1
7.84683,veh8,drop_decision_no_action,3,699722427054,11125,-1,-1,-1,-1,-1
7.85158,veh8,drop_decision_no_action,12,699722427071,11142,-1,-1,-1,-1,-1
7.85383,veh8,drop_decision_no_action,9,23106,11153,-1,-1,-1,-1,-1
7.85583,veh8,drop_decision_no_action,7,699722427057,11129,-1,-1,-1,-1,-1
7.85583,veh8,drop_decision_no_action,7,23091,11129,-1,-1,-1,-1,-1
7.86058,veh8,drop_decision_no_action,6,23112,11160,-1,-1,-1,-1,-1
7.87383,veh8,drop_decision_no_action,9,699722427106,11187,-1,-1,-1,-1,-1
7.88008,veh8,drop_decision_no_action,4,699722427111,11193,-1,-1,-1,-1,-1
7.88058,veh8,drop_decision_no_action,6,699722427102,11184,-1,-1,-1,-1,-1
7.88333,veh8,drop_decision_no_action,10,23152,11212,-1,-1,-1,-1,-1
7.91233,veh8,drop_decision_no_action,11,699722427148,11245,-1,-1,-1,-1,-1
7.91233,veh8,drop_decision_no_action,11,23182,11245,-1,-1,-1,-1,-1
7.91283,veh8,drop_decision_no_action,2,23176,11249,-1,-1,-1,-1,-1
7.91283,veh8,drop_decision_no_action,2,699722427220,11249,-1,-1,-1,-1,-1
7.92333,veh8,drop_decision_no_action,10,699722427214,11258,-1,-1,-1,-1,-1
7.94033,veh8,drop_decision_no_action,5,699722427238,11280,-1,-1,-1,-1,-1
7.94683,veh8,drop_decision_no_action,3,699722427252,11296,-1,-1,-1,-1,-1
7.95158,veh8,drop_decision_no_action,12,699722427266,11308,-1,-1,-1,-1,-1
7.95383,veh8,drop_decision_no_action,9,23300,11317,-1,-1,-1,-1,-1
7.95583,veh8,drop_decision_no_action,7,699722427256,11298,-1,-1,-1,-1,-1
7.97383,veh8,drop_decision_no_action,9,699722427295,11345,-1,-1,-1,-1,-1
7.97783,veh8,drop_decision_no_action,6,699722427291,11342,-1,-1,-1,-1,-1
7.98008,veh8,drop_decision_no_action,4,699722427300,11350,-1,-1,-1,-1,-1
8.01233,veh8,drop_decision_no_action,11,699722427331,11391,-1,-1,-1,-1,-1
8.01283,veh8,drop_decision_no_action,2,699722427401,11404,-1,-1,-1,-1,-1
8.02033,veh8,drop_decision_no_action,5,23414,11401,-1,-1,-1,-1,-1
8.02358,veh8,drop_decision_no_action,10,699722427395,11402,-1,-1,-1,-1,-1
8.04033,veh8,drop_decision_no_action,5,699722427420,11428,-1,-1,-1,-1,-1
8.04683,veh8,drop_decision_no_action,3,699722427435,11447,-1,-1,-1,-1,-1
8.05058,veh8,drop_decision_no_action,12,699722427448,11459,-1,-1,-1,-1,-1
8.05383,veh8,cam_drop_reaction,9,23483,11471,-1,-1,0,0,15
8.05583,veh8,drop_decision_no_action,7,699722427438,11450,-1,-1,-1,-1,-1
8.07383,veh8,drop_decision_no_action,9,699722427480,11496,-1,-1,-1,-1,-1
8.07783,veh8,drop_decision_no_action,6,699722427477,11493,-1,-1,-1,-1,-1
8.08008,veh8,drop_decision_no_action,4,699722427486,11501,-1,-1,-1,-1,-1
8.11233,veh8,drop_decision_no_action,11,699722427518,11542,-1,-1,-1,-1,-1
8.11283,veh8,drop_decision_no_action,2,23547,11546,-1,-1,-1,-1,-1
8.11283,veh8,drop_decision_no_action,2,699722427592,11546,-1,-1,-1,-1,-1
8.12008,veh8,drop_decision_no_action,4,23625,11570,-1,-1,-1,-1,-1
8.13333,veh8,drop_decision_no_action,10,699722427585,11553,-1,-1,-1,-1,-1
8.14058,veh8,drop_decision_no_action,5,699722427614,11578,-1,-1,-1,-1,-1
8.14683,veh8,drop_decision_no_action,3,23653,11600,-1,-1,-1,-1,-1
8.14683,veh8,drop_decision_no_action,3,699722427633,11600,-1,-1,-1,-1,-1
8.15058,veh8,drop_decision_no_action,12,699722427649,11612,-1,-1,-1,-1,-1
8.15133,veh8,drop_decision_no_action,7,699722427636,11603,-1,-1,-1,-1,-1
8.15133,veh8,drop_decision_no_action,7,23670,11603,-1,-1,-1,-1,-1
8.15333,veh8,drop_decision_no_action,9,23685,11623,-1,-1,-1,-1,-1
8.15783,veh8,drop_decision_no_action,6,23691,11629,-1,-1,-1,-1,-1
8.17333,veh8,drop_decision_no_action,9,699722427684,11654,-1,-1,-1,-1,-1
8.17783,veh8,drop_decision_no_action,6,699722427681,11653,-1,-1,-1,-1,-1
8.18008,veh8,drop_decision_no_action,4,699722427689,11659,-1,-1,-1,-1,-1
8.21233,veh8,drop_decision_no_action,11,699722427725,11707,-1,-1,-1,-1,-1
8.22358,veh8,drop_decision_no_action,10,699722427788,11718,-1,-1,-1,-1,-1
8.22983,veh8,drop_decision_no_action,2,699722427794,11722,-1,-1,-1,-1,-1
8.23058,veh8,drop_decision_no_action,12,23841,11746,-1,-1,-1,-1,-1
8.24058,veh8,drop_decision_no_action,5,699722427811,11741,-1,-1,-1,-1,-1
8.24233,veh8,drop_decision_no_action,3,699722427831,11764,-1,-1,-1,-1,-1
8.25058,veh8,drop_decision_no_action,12,699722427846,11780,-1,-1,-1,-1,-1
8.25133,veh8,drop_decision_no_action,7,699722427834,11765,-1,-1,-1,-1,-1
8.25333,veh8,drop_decision_no_action,9,23880,11791,-1,-1,-1,-1,-1
8.27333,veh8,drop_decision_no_action,9,699722427875,11818,-1,-1,-1,-1,-1
8.27783,veh8,drop_decision_no_action,6,699722427872,11816,-1,-1,-1,-1,-1
8.28008,veh8,drop_decision_no_action,4,699722427881,11823,-1,-1,-1,-1,-1
8.29333,veh8,drop_decision_no_action,10,23922,11840,-1,-1,-1,-1,-1
8.30683,veh8,drop_decision_no_action,11,699722427918,11872,-1,-1,-1,-1,-1
8.30983,veh8,drop_decision_no_action,2,23947,11876,-1,-1,-1,-1,-1
8.32058,veh8,drop_decision_no_action,5,24103,11885,-1,-1,-1,-1,-1
8.32358,veh8,drop_decision_no_action,10,699722428083,11888,-1,-1,-1,-1,-1
8.32983,veh8,drop_decision_no_action,2,699722428090,11894,-1,-1,-1,-1,-1
8.34058,veh8,drop_decision_no_action,5,699722428107,11911,-1,-1,-1,-1,-1
8.34233,veh8,drop_decision_no_action,3,699722428123,11934,-1,-1,-1,-1,-1
8.35058,veh8,drop_decision_no_action,12,699722428138,11948,-1,-1,-1,-1,-1
8.35133,veh8,drop_decision_no_action,7,699722428126,11936,-1,-1,-1,-1,-1
8.35333,veh8,drop_decision_no_action,9,24172,11959,-1,-1,-1,-1,-1
8.35783,veh8,drop_decision_no_action,6,24177,11964,-1,-1,-1,-1,-1
8.37333,veh8,drop_decision_no_action,9,699722428170,11989,-1,-1,-1,-1,-1
8.37458,veh8,drop_decision_no_action,4,699722428176,11994,-1,-1,-1,-1,-1
8.37783,veh8,drop_decision_no_action,6,699722428167,11987,-1,-1,-1,-1,-1
8.40683,veh8,drop_decision_no_action,11,699722428209,12040,-1,-1,-1,-1,-1
8.42358,veh8,drop_decision_no_action,10,699722428272,12053,-1,-1,-1,-1,-1
8.42983,veh8,drop_decision_no_action,2,699722428278,12056,-1,-1,-1,-1,-1
8.43058,veh8,drop_decision_no_action,12,24327,12074,-1,-1,-1,-1,-1
8.43458,veh8,drop_decision_no_action,4,24309,12065,-1,-1,-1,-1,-1
8.44058,veh8,drop_decision_no_action,5,699722428298,12068,-1,-1,-1,-1,-1
8.44233,veh8,drop_decision_no_action,3,24342,12092,-1,-1,-1,-1,-1
8.44233,veh8,drop_decision_no_action,3,699722428324,12092,-1,-1,-1,-1,-1
8.45058,veh8,drop_decision_no_action,12,699722428343,12118,-1,-1,-1,-1,-1
8.45133,veh8,drop_decision_no_action,7,699722428328,12098,-1,-1,-1,-1,-1
8.45133,veh8,drop_decision_no_action,7,24363,12098,-1,-1,-1,-1,-1
8.45783,veh8,drop_decision_no_action,6,24383,12140,-1,-1,-1,-1,-1
8.47458,veh8,drop_decision_no_action,4,699722428382,12171,-1,-1,-1,-1,-1
8.47783,veh8,drop_decision_no_action,6,699722428374,12164,-1,-1,-1,-1,-1
8.50683,veh8,drop_decision_no_action,11,699722428419,12224,-1,-1,-1,-1,-1
8.50683,veh8,drop_decision_no_action,11,24453,12224,-1,-1,-1,-1,-1
8.50983,veh8,drop_decision_no_action,2,24448,12228,-1,-1,-1,-1,-1
8.52983,veh8,drop_decision_no_action,2,699722428493,12246,-1,-1,-1,-1,-1
8.53058,veh8,drop_decision_no_action,12,24541,12267,-1,-1,-1,-1,-1
8.54058,veh8,drop_decision_no_action,5,699722428511,12260,-1,-1,-1,-1,-1
8.54233,veh8,drop_decision_no_action,3,699722428531,12285,-1,-1,-1,-1,-1
8.55058,veh8,drop_decision_no_action,12,699722428546,12300,-1,-1,-1,-1,-1
8.55133,veh8,drop_decision_no_action,7,699722428534,12286,-1,-1,-1,-1,-1
8.55783,veh8,cam_drop_reaction,6,24586,12317,-1,-1,0,0,15
8.57333,veh8,drop_decision_no_action,9,699722428377,12166,-1,-1,-1,-1,-1
8.57333,veh8,drop_decision_no_action,9,24580,12312,-1,-1,-1,-1,-1
8.57333,veh8,drop_decision_no_action,9,699722428582,12342,-1,-1,-1,-1,-1
8.57458,veh8,drop_decision_no_action,4,699722428587,12347,-1,-1,-1,-1,-1
8.57783,veh8,drop_decision_no_action,6,699722428579,12340,-1,-1,-1,-1,-1
8.60683,veh8,drop_decision_no_action,11,699722428621,12393,-1,-1,-1,-1,-1
8.62058,veh8,drop_decision_no_action,5,24703,12404,-1,-1,-1,-1,-1
8.62983,veh8,drop_decision_no_action,2,699722428690,12410,-1,-1,-1,-1,-1
8.63058,veh8,drop_decision_no_action,12,24736,12430,-1,-1,-1,-1,-1
8.63333,veh8,drop_decision_no_action,10,699722428486,12240,-1,-1,-1,-1,-1
8.63333,veh8,drop_decision_no_action,10,699722428684,12407,-1,-1,-1,-1,-1
8.64058,veh8,drop_decision_no_action,5,699722428707,12424,-1,-1,-1,-1,-1
8.64233,veh8,drop_decision_no_action,3,699722428727,12451,-1,-1,-1,-1,-1
8.65058,veh8,drop_decision_no_action,12,699722428742,12467,-1,-1,-1,-1,-1
8.65133,veh8,drop_decision_no_action,7,699722428730,12453,-1,-1,-1,-1,-1
8.65333,veh8,drop_decision_no_action,9,24778,12479,-1,-1,-1,-1,-1
8.65783,veh8,drop_decision_no_action,6,24783,12484,-1,-1,-1,-1,-1
8.67333,veh8,drop_decision_no_action,9,699722428776,12509,-1,-1,-1,-1,-1
8.67458,veh8,drop_decision_no_action,4,699722428782,12514,-1,-1,-1,-1,-1
8.67783,veh8,drop_decision_no_action,6,699722428773,12507,-1,-1,-1,-1,-1
8.70683,veh8,drop_decision_no_action,11,699722428821,12568,-1,-1,-1,-1,-1
8.70958,veh8,drop_decision_no_action,2,24850,12572,-1,-1,-1,-1,-1
8.72958,veh8,drop_decision_no_action,2,699722428892,12592,-1,-1,-1,-1,-1
8.73058,veh8,drop_decision_no_action,12,24941,12618,-1,-1,-1,-1,-1
8.73458,veh8,drop_decision_no_action,4,24924,12608,-1,-1,-1,-1,-1
8.74058,veh8,drop_decision_no_action,5,699722428912,12612,-1,-1,-1,-1,-1
8.74233,veh8,drop_decision_no_action,3,24954,12634,-1,-1,-1,-1,-1
8.74233,veh8,drop_decision_no_action,3,699722428935,12634,-1,-1,-1,-1,-1
8.75058,veh8,drop_decision_no_action,12,699722428953,12660,-1,-1,-1,-1,-1
8.75133,veh8,drop_decision_no_action,7,699722428938,12641,-1,-1,-1,-1,-1
8.75133,veh8,drop_decision_no_action,7,24973,12641,-1,-1,-1,-1,-1
8.75333,veh8,drop_decision_no_action,9,24988,12672,-1,-1,-1,-1,-1
8.75783,veh8,drop_decision_no_action,6,24993,12677,-1,-1,-1,-1,-1
8.77333,veh8,drop_decision_no_action,9,699722429089,12702,-1,-1,-1,-1,-1
8.77458,veh8,drop_decision_no_action,4,699722429095,12707,-1,-1,-1,-1,-1
8.77783,veh8,drop_decision_no_action,6,699722429086,12700,-1,-1,-1,-1,-1
8.80683,veh8,drop_decision_no_action,11,699722429127,12752,-1,-1,-1,-1,-1
8.82958,veh8,drop_decision_no_action,2,699722429193,12769,-1,-1,-1,-1,-1
8.83058,veh8,drop_decision_no_action,12,25239,12786,-1,-1,-1,-1,-1
8.83333,veh8,drop_decision_no_action,10,699722428885,12587,-1,-1,-1,-1,-1
8.83333,veh8,drop_decision_no_action,10,699722429187,12766,-1,-1,-1,-1,-1
8.83683,veh8,drop_decision_no_action,7,699722429233,12804,-1,-1,-1,-1,-1
8.84058,veh8,drop_decision_no_action,5,699722429209,12780,-1,-1,-1,-1,-1
8.84233,veh8,drop_decision_no_action,3,699722429230,12803,-1,-1,-1,-1,-1
8.85058,veh8,drop_decision_no_action,12,699722429246,12824,-1,-1,-1,-1,-1
8.85333,veh8,drop_decision_no_action,9,25280,12838,-1,-1,-1,-1,-1
8.85783,veh8,drop_decision_no_action,6,25286,12840,-1,-1,-1,-1,-1
8.87333,veh8,drop_decision_no_action,9,699722429278,12864,-1,-1,-1,-1,-1
8.87458,veh8,drop_decision_no_action,4,699722429283,12869,-1,-1,-1,-1,-1
8.87783,veh8,drop_decision_no_action,6,699722429275,12862,-1,-1,-1,-1,-1
8.90558,veh8,drop_decision_no_action,10,25327,12893,-1,-1,-1,-1,-1
8.90683,veh8,drop_decision_no_action,11,699722429319,12912,-1,-1,-1,-1,-1
8.90958,veh8,drop_decision_no_action,2,25348,12916,-1,-1,-1,-1,-1
8.92058,veh8,drop_decision_no_action,5,25407,12931,-1,-1,-1,-1,-1
8.92958,veh8,drop_decision_no_action,2,699722429395,12940,-1,-1,-1,-1,-1
8.93058,veh8,drop_decision_no_action,12,25442,12969,-1,-1,-1,-1,-1
8.93683,veh8,drop_decision_no_action,7,699722429438,12988,-1,-1,-1,-1,-1
8.94058,veh8,drop_decision_no_action,5,699722429413,12963,-1,-1,-1,-1,-1
8.94233,veh8,drop_decision_no_action,3,699722429435,12986,-1,-1,-1,-1,-1
8.95058,veh8,drop_decision_no_action,12,699722429452,13011,-1,-1,-1,-1,-1
8.97458,veh8,drop_decision_no_action,4,699722429487,13056,-1,-1,-1,-1,-1
8.97683,veh8,drop_decision_no_action,6,699722429479,13050,-1,-1,-1,-1,-1
9.00683,veh8,drop_decision_no_action,11,699722429519,13094,-1,-1,-1,-1,-1
9.02958,veh8,drop_decision_no_action,2,699722429585,13111,-1,-1,-1,-1,-1
9.03058,veh8,drop_decision_no_action,12,25635,13133,-1,-1,-1,-1,-1
9.03458,veh8,drop_decision_no_action,4,25617,13123,-1,-1,-1,-1,-1
9.03683,veh8,drop_decision_no_action,7,699722429632,13151,-1,-1,-1,-1,-1
9.04058,veh8,drop_decision_no_action,5,699722429605,13127,-1,-1,-1,-1,-1
9.04233,veh8,drop_decision_no_action,3,25647,13144,-1,-1,-1,-1,-1
9.04233,veh8,drop_decision_no_action,3,699722429628,13144,-1,-1,-1,-1,-1
9.05058,veh8,drop_decision_no_action,12,699722429648,13176,-1,-1,-1,-1,-1
9.05683,veh8,drop_decision_no_action,6,25688,13192,-1,-1,-1,-1,-1
9.05683,veh8,drop_decision_no_action,7,25668,13175,-1,-1,-1,-1,-1
9.07333,veh8,cpm_drop_reaction,9,699722429482,13052,-1,-1,0,0,15
9.07333,veh8,drop_decision_no_action,9,25683,13190,-1,-1,-1,-1,-1
9.07333,veh8,drop_decision_no_action,9,699722429680,13221,-1,-1,-1,-1,-1
9.07683,veh8,drop_decision_no_action,6,699722429678,13219,-1,-1,-1,-1,-1
9.07933,veh8,drop_decision_no_action,4,699722429687,13229,-1,-1,-1,-1,-1
9.10683,veh8,drop_decision_no_action,11,699722429723,13270,-1,-1,-1,-1,-1
9.10683,veh8,drop_decision_no_action,11,25757,13270,-1,-1,-1,-1,-1
9.10958,veh8,drop_decision_no_action,2,25753,13274,-1,-1,-1,-1,-1
9.12558,veh8,drop_decision_no_action,10,699722429579,13108,-1,-1,-1,-1,-1
9.12558,veh8,drop_decision_no_action,10,699722429790,13286,-1,-1,-1,-1,-1
9.12958,veh8,drop_decision_no_action,2,699722429797,13291,-1,-1,-1,-1,-1
9.13058,veh8,drop_decision_no_action,12,25844,13317,-1,-1,-1,-1,-1
9.13683,veh8,drop_decision_no_action,7,699722429836,13330,-1,-1,-1,-1,-1
9.14058,veh8,drop_decision_no_action,5,699722429814,13311,-1,-1,-1,-1,-1
9.14233,veh8,drop_decision_no_action,3,699722429833,13329,-1,-1,-1,-1,-1
9.15058,veh8,drop_decision_no_action,12,699722429850,13352,-1,-1,-1,-1,-1
9.15333,veh8,drop_decision_no_action,9,25885,13365,-1,-1,-1,-1,-1
9.17333,veh8,drop_decision_no_action,9,699722429880,13388,-1,-1,-1,-1,-1
9.17683,veh8,drop_decision_no_action,6,699722429876,13386,-1,-1,-1,-1,-1
9.17933,veh8,drop_decision_no_action,4,699722429885,13392,-1,-1,-1,-1,-1
9.20558,veh8,drop_decision_no_action,10,25924,13411,-1,-1,-1,-1,-1
9.20683,veh8,drop_decision_no_action,11,699722429920,13432,-1,-1,-1,-1,-1
9.22058,veh8,drop_decision_no_action,5,26006,13453,-1,-1,-1,-1,-1
9.22958,veh8,drop_decision_no_action,2,699722430094,13461,-1,-1,-1,-1,-1
9.23058,veh8,drop_decision_no_action,12,26144,13488,-1,-1,-1,-1,-1
9.23683,veh8,drop_decision_no_action,7,699722430136,13505,-1,-1,-1,-1,-1
9.24058,veh8,drop_decision_no_action,5,699722430113,13482,-1,-1,-1,-1,-1
9.24233,veh8,drop_decision_no_action,3,699722430133,13503,-1,-1,-1,-1,-1
9.25058,veh8,drop_decision_no_action,12,699722430149,13527,-1,-1,-1,-1,-1
9.25333,veh8,drop_decision_no_action,9,26184,13540,-1,-1,-1,-1,-1
9.25683,veh8,drop_decision_no_action,6,26188,13542,-1,-1,-1,-1,-1
9.27333,veh8,drop_decision_no_action,9,699722430180,13567,-1,-1,-1,-1,-1
9.27683,veh8,drop_decision_no_action,6,699722430177,13565,-1,-1,-1,-1,-1
9.27933,veh8,drop_decision_no_action,4,699722430185,13572,-1,-1,-1,-1,-1
9.30683,veh8,drop_decision_no_action,11,699722430218,13614,-1,-1,-1,-1,-1
9.30958,veh8,drop_decision_no_action,2,26247,13617,-1,-1,-1,-1,-1
9.32958,veh8,drop_decision_no_action,2,699722430289,13634,-1,-1,-1,-1,-1
9.33933,veh8,drop_decision_no_action,4,26322,13649,-1,-1,-1,-1,-1
9.34058,veh8,drop_decision_no_action,5,699722430311,13654,-1,-1,-1,-1,-1
9.34233,veh8,drop_decision_no_action,3,26349,13667,-1,-1,-1,-1,-1
9.34233,veh8,drop_decision_no_action,3,699722430329,13667,-1,-1,-1,-1,-1
9.34708,veh8,drop_decision_no_action,7,699722430332,13670,-1,-1,-1,-1,-1
9.34708,veh8,drop_decision_no_action,7,26367,13670,-1,-1,-1,-1,-1
9.35058,veh8,drop_decision_no_action,12,699722430348,13689,-1,-1,-1,-1,-1
9.37083,veh8,drop_decision_no_action,9,26383,13706,-1,-1,-1,-1,-1
9.37083,veh8,drop_decision_no_action,9,699722430377,13706,-1,-1,-1,-1,-1
9.37683,veh8,drop_decision_no_action,6,699722430374,13727,-1,-1,-1,-1,-1
9.37933,veh8,drop_decision_no_action,4,699722430381,13730,-1,-1,-1,-1,-1
9.40683,veh8,drop_decision_no_action,11,699722430411,13768,-1,-1,-1,-1,-1
9.42558,veh8,drop_decision_no_action,10,699722430282,13629,-1,-1,-1,-1,-1
9.42558,veh8,drop_decision_no_action,10,699722430472,13782,-1,-1,-1,-1,-1
9.42958,veh8,drop_decision_no_action,2,699722430479,13786,-1,-1,-1,-1,-1
9.43058,veh8,drop_decision_no_action,12,26526,13806,-1,-1,-1,-1,-1
9.43683,veh8,drop_decision_no_action,5,699722430496,13799,-1,-1,-1,-1,-1
9.44233,veh8,drop_decision_no_action,3,699722430515,13818,-1,-1,-1,-1,-1
9.44708,veh8,drop_decision_no_action,7,699722430518,13819,-1,-1,-1,-1,-1
9.44708,veh8,drop_decision_no_action,7,26553,13819,-1,-1,-1,-1,-1
9.45058,veh8,drop_decision_no_action,12,699722430533,13837,-1,-1,-1,-1,-1
9.47083,veh8,drop_decision_no_action,9,26568,13851,-1,-1,-1,-1,-1
9.47083,veh8,drop_decision_no_action,9,699722430561,13851,-1,-1,-1,-1,-1
9.47683,veh8,drop_decision_no_action,6,699722430558,13872,-1,-1,-1,-1,-1
9.47933,veh8,drop_decision_no_action,4,699722430567,13876,-1,-1,-1,-1,-1
9.50508,veh8,drop_decision_no_action,2,26631,13918,-1,-1,-1,-1,-1
9.50558,veh8,drop_decision_no_action,10,26609,13898,-1,-1,-1,-1,-1
9.50683,veh8,drop_decision_no_action,11,699722430602,13914,-1,-1,-1,-1,-1
9.51683,veh8,drop_decision_no_action,5,26693,13936,-1,-1,-1,-1,-1
9.52508,veh8,drop_decision_no_action,2,699722430680,13944,-1,-1,-1,-1,-1
9.53683,veh8,drop_decision_no_action,5,699722430700,13964,-1,-1,-1,-1,-1
9.54233,veh8,drop_decision_no_action,3,699722430718,13984,-1,-1,-1,-1,-1
9.54708,veh8,drop_decision_no_action,7,699722430721,13986,-1,-1,-1,-1,-1
9.54708,veh8,drop_decision_no_action,7,26756,13986,-1,-1,-1,-1,-1
9.54783,veh8,drop_decision_no_action,12,699722430737,14004,-1,-1,-1,-1,-1
9.55683,veh8,drop_decision_no_action,6,26777,14023,-1,-1,-1,-1,-1
9.57083,veh8,drop_decision_no_action,9,26772,14019,-1,-1,-1,-1,-1
9.57083,veh8,drop_decision_no_action,9,699722430769,14019,-1,-1,-1,-1,-1
9.57683,veh8,cpm_drop_reaction,6,699722430766,14045,-1,-1,0,0,15
9.57933,veh8,drop_decision_no_action,4,699722430774,14051,-1,-1,-1,-1,-1
9.60683,veh8,drop_decision_no_action,11,699722430810,14090,-1,-1,-1,-1,-1
9.62508,veh8,drop_decision_no_action,2,699722430878,14108,-1,-1,-1,-1,-1
9.63683,veh8,drop_decision_no_action,5,699722430900,14122,-1,-1,-1,-1,-1
9.63933,veh8,drop_decision_no_action,4,26910,14119,-1,-1,-1,-1,-1
9.64233,veh8,drop_decision_no_action,3,26938,14136,-1,-1,-1,-1,-1
9.64233,veh8,drop_decision_no_action,3,699722430918,14136,-1,-1,-1,-1,-1
9.64708,veh8,drop_decision_no_action,7,699722430921,14140,-1,-1,-1,-1,-1
9.64708,veh8,drop_decision_no_action,7,26956,14140,-1,-1,-1,-1,-1
9.64783,veh8,drop_decision_no_action,12,699722430936,14157,-1,-1,-1,-1,-1
9.67083,veh8,drop_decision_no_action,9,26972,14174,-1,-1,-1,-1,-1
9.67083,veh8,drop_decision_no_action,9,699722430965,14174,-1,-1,-1,-1,-1
9.67683,veh8,drop_decision_no_action,6,699722430962,14195,-1,-1,-1,-1,-1
9.67933,veh8,drop_decision_no_action,4,699722430970,14200,-1,-1,-1,-1,-1
9.70508,veh8,drop_decision_no_action,2,27135,14241,-1,-1,-1,-1,-1
9.70683,veh8,drop_decision_no_action,11,699722431106,14237,-1,-1,-1,-1,-1
9.70683,veh8,drop_decision_no_action,11,27140,14237,-1,-1,-1,-1,-1
9.72508,veh8,drop_decision_no_action,2,699722431186,14267,-1,-1,-1,-1,-1
9.72558,veh8,drop_decision_no_action,10,699722430872,14106,-1,-1,-1,-1,-1
9.73683,veh8,drop_decision_no_action,5,699722431204,14281,-1,-1,-1,-1,-1
9.73783,veh8,drop_decision_no_action,3,699722431220,14299,-1,-1,-1,-1,-1
9.74708,veh8,drop_decision_no_action,7,699722431223,14300,-1,-1,-1,-1,-1
9.74708,veh8,drop_decision_no_action,7,27257,14300,-1,-1,-1,-1,-1
9.74783,veh8,drop_decision_no_action,12,699722431238,14316,-1,-1,-1,-1,-1
9.76883,veh8,drop_decision_no_action,4,699722431270,14355,-1,-1,-1,-1,-1
9.77083,veh8,drop_decision_no_action,9,27272,14332,-1,-1,-1,-1,-1
9.77083,veh8,drop_decision_no_action,9,699722431265,14332,-1,-1,-1,-1,-1
9.77533,veh8,drop_decision_no_action,6,699722431262,14350,-1,-1,-1,-1,-1
9.80608,veh8,drop_decision_no_action,11,699722431305,14393,-1,-1,-1,-1,-1
9.81683,veh8,drop_decision_no_action,5,27391,14403,-1,-1,-1,-1,-1
9.82508,veh8,drop_decision_no_action,2,699722431377,14410,-1,-1,-1,-1,-1
9.83683,veh8,drop_decision_no_action,5,699722431396,14422,-1,-1,-1,-1,-1
9.83783,veh8,drop_decision_no_action,3,699722431412,14444,-1,-1,-1,-1,-1
9.84708,veh8,drop_decision_no_action,7,699722431415,14446,-1,-1,-1,-1,-1
9.84783,veh8,drop_decision_no_action,12,699722431426,14460,-1,-1,-1,-1,-1
9.85533,veh8,drop_decision_no_action,6,27465,14479,-1,-1,-1,-1,-1
9.86883,veh8,drop_decision_no_action,4,699722431462,14504,-1,-1,-1,-1,-1
9.87083,veh8,drop_decision_no_action,9,27461,14476,-1,-1,-1,-1,-1
9.87083,veh8,drop_decision_no_action,9,699722431457,14476,-1,-1,-1,-1,-1
9.87533,veh8,drop_decision_no_action,6,699722431454,14499,-1,-1,-1,-1,-1
9.90508,veh8,drop_decision_no_action,2,27524,14548,-1,-1,-1,-1,-1
9.90608,veh8,drop_decision_no_action,11,699722431496,14545,-1,-1,-1,-1,-1
9.92508,veh8,drop_decision_no_action,2,699722431570,14565,-1,-1,-1,-1,-1
9.92883,veh8,drop_decision_no_action,4,27602,14577,-1,-1,-1,-1,-1
9.93683,veh8,drop_decision_no_action,5,699722431592,14579,-1,-1,-1,-1,-1
9.93783,veh8,drop_decision_no_action,3,27633,14600,-1,-1,-1,-1,-1
9.93783,veh8,drop_decision_no_action,3,699722431613,14600,-1,-1,-1,-1,-1
9.94058,veh8,drop_decision_no_action,10,699722431372,14407,-1,-1,-1,-1,-1
9.94058,veh8,drop_decision_no_action,10,699722431564,14562,-1,-1,-1,-1,-1
9.94708,veh8,drop_decision_no_action,7,699722431617,14605,-1,-1,-1,-1,-1
9.94708,veh8,drop_decision_no_action,7,27652,14605,-1,-1,-1,-1,-1
9.94783,veh8,drop_decision_no_action,12,27622,14587,-1,-1,-1,-1,-1
9.94783,veh8,drop_decision_no_action,12,699722431632,14587,-1,-1,-1,-1,-1
9.96883,veh8,drop_decision_no_action,4,699722431664,14662,-1,-1,-1,-1,-1
9.97083,veh8,drop_decision_no_action,9,27668,14639,-1,-1,-1,-1,-1
9.97083,veh8,drop_decision_no_action,9,699722431660,14639,-1,-1,-1,-1,-1
9.97533,veh8,drop_decision_no_action,6,699722431657,14657,-1,-1,-1,-1,-1
10.0006,veh8,drop_decision_no_action,10,27709,14687,-1,-1,-1,-1,-1
10.0061,veh8,drop_decision_no_action,11,699722431702,14705,-1,-1,-1,-1,-1
10.0251,veh8,drop_decision_no_action,2,699722431778,14725,-1,-1,-1,-1,-1
10.0261,veh8,drop_decision_no_action,11,27732,14705,-1,-1,-1,-1,-1
10.0286,veh8,drop_decision_no_action,10,699722431772,14722,-1,-1,-1,-1,-1
10.0368,veh8,drop_decision_no_action,5,699722431799,14734,-1,-1,-1,-1,-1
10.0378,veh8,drop_decision_no_action,3,699722431815,14757,-1,-1,-1,-1,-1
10.0471,veh8,drop_decision_no_action,7,699722431818,14758,-1,-1,-1,-1,-1
10.0478,veh8,drop_decision_no_action,12,699722431831,14775,-1,-1,-1,-1,-1
10.0688,veh8,drop_decision_no_action,4,699722431864,14814,-1,-1,-1,-1,-1
10.0708,veh8,drop_decision_no_action,9,27865,14791,-1,-1,-1,-1,-1
10.0708,veh8,drop_decision_no_action,9,699722431859,14791,-1,-1,-1,-1,-1
10.0753,veh8,drop_decision_no_action,6,699722431856,14809,-1,-1,-1,-1,-1
10.1051,veh8,cam_drop_reaction,2,27928,14855,-1,-1,0,0,15
10.1061,veh8,drop_decision_no_action,11,699722431899,14852,-1,-1,-1,-1,-1
10.1168,veh8,drop_decision_no_action,5,27992,14865,-1,-1,-1,-1,-1
10.1251,veh8,drop_decision_no_action,2,699722431978,14873,-1,-1,-1,-1,-1
10.1368,veh8,drop_decision_no_action,5,699722431998,14889,-1,-1,-1,-1,-1
10.1378,veh8,drop_decision_no_action,3,699722432121,14912,-1,-1,-1,-1,-1
10.1466,veh8,drop_decision_no_action,12,699722432142,14933,-1,-1,-1,-1,-1
10.1553,veh8,drop_decision_no_action,6,28182,14955,-1,-1,-1,-1,-1
10.1576,veh8,drop_decision_no_action,7,699722432124,14914,-1,-1,-1,-1,-1
10.1576,veh8,drop_decision_no_action,7,28161,14914,-1,-1,-1,-1,-1
10.1688,veh8,drop_decision_no_action,4,699722432180,14981,-1,-1,-1,-1,-1
10.1708,veh8,drop_decision_no_action,9,28178,14952,-1,-1,-1,-1,-1
10.1753,veh8,drop_decision_no_action,6,699722432172,14976,-1,-1,-1,-1,-1
10.1908,veh8,drop_decision_no_action,9,699722432176,14952,-1,-1,-1,-1,-1
10.2061,veh8,drop_decision_no_action,11,699722432219,15024,-1,-1,-1,-1,-1
10.2261,veh8,drop_decision_no_action,11,28250,15024,-1,-1,-1,-1,-1
10.2288,veh8,drop_decision_no_action,4,28325,15061,-1,-1,-1,-1,-1
10.2368,veh8,drop_decision_no_action,5,699722432315,15062,-1,-1,-1,-1,-1
10.2378,veh8,drop_decision_no_action,3,28354,15082,-1,-1,-1,-1,-1
10.2378,veh8,drop_decision_no_action,3,699722432334,15082,-1,-1,-1,-1,-1
10.2466,veh8,drop_decision_no_action,12,699722432350,15103,-1,-1,-1,-1,-1
10.2576,veh8,drop_decision_no_action,7,699722432337,15085,-1,-1,-1,-1,-1
10.2688,veh8,drop_decision_no_action,4,699722432383,15144,-1,-1,-1,-1,-1
10.2708,veh8,drop_decision_no_action,9,28384,15121,-1,-1,-1,-1,-1
10.2753,veh8,drop_decision_no_action,6,699722432375,15139,-1,-1,-1,-1,-1
10.2908,veh8,drop_decision_no_action,9,699722432379,15121,-1,-1,-1,-1,-1
10.3051,veh8,drop_decision_no_action,2,28448,15190,-1,-1,-1,-1,-1
10.3061,veh8,drop_decision_no_action,11,699722432419,15183,-1,-1,-1,-1,-1
10.3368,veh8,drop_decision_no_action,5,699722432512,15221,-1,-1,-1,-1,-1
10.3378,veh8,drop_decision_no_action,3,699722434178,15233,-1,-1,-1,-1,-1
10.3406,veh8,drop_decision_no_action,10,699722432291,15049,-1,-1,-1,-1,-1
10.3406,veh8,drop_decision_no_action,10,699722432487,15205,-1,-1,-1,-1,-1
10.3466,veh8,drop_decision_no_action,12,699722434191,15248,-1,-1,-1,-1,-1
10.3576,veh8,drop_decision_no_action,7,699722434181,15234,-1,-1,-1,-1,-1
10.3688,veh8,drop_decision_no_action,4,699722434220,15287,-1,-1,-1,-1,-1
10.3708,veh8,drop_decision_no_action,9,30224,15264,-1,-1,-1,-1,-1
10.3753,veh8,drop_decision_no_action,6,699722434212,15282,-1,-1,-1,-1,-1
10.3908,veh8,drop_decision_no_action,9,699722434216,15264,-1,-1,-1,-1,-1
10.4026,veh8,drop_decision_no_action,11,699722434254,15326,-1,-1,-1,-1,-1
10.4226,veh8,drop_decision_no_action,11,30285,15326,-1,-1,-1,-1,-1
10.4261,veh8,drop_decision_no_action,5,30339,15345,-1,-1,-1,-1,-1
10.4286,veh8,drop_decision_no_action,10,699722434319,15347,-1,-1,-1,-1,-1
10.4378,veh8,drop_decision_no_action,3,699722434363,15384,-1,-1,-1,-1,-1
10.4461,veh8,drop_decision_no_action,5,699722434344,15345,-1,-1,-1,-1,-1
10.4466,veh8,drop_decision_no_action,12,30374,15370,-1,-1,-1,-1,-1
10.4553,veh8,drop_decision_no_action,6,30422,15421,-1,-1,-1,-1,-1
10.4576,veh8,drop_decision_no_action,7,699722434366,15385,-1,-1,-1,-1,-1
10.4576,veh8,drop_decision_no_action,7,30401,15385,-1,-1,-1,-1,-1
10.4611,veh8,drop_decision_no_action,9,30418,15419,-1,-1,-1,-1,-1
10.4666,veh8,drop_decision_no_action,12,699722434381,15370,-1,-1,-1,-1,-1
10.4688,veh8,drop_decision_no_action,4,699722434422,15452,-1,-1,-1,-1,-1
10.4753,veh8,drop_decision_no_action,6,699722434413,15442,-1,-1,-1,-1,-1
10.4811,veh8,drop_decision_no_action,9,699722434417,15443,-1,-1,-1,-1,-1
10.5026,veh8,drop_decision_no_action,11,699722434465,15504,-1,-1,-1,-1,-1
10.5051,veh8,drop_decision_no_action,2,30494,15506,-1,-1,-1,-1,-1
10.5251,veh8,drop_decision_no_action,2,699722434543,15528,-1,-1,-1,-1,-1
10.5261,veh8,drop_decision_no_action,5,699722434566,15542,-1,-1,-1,-1,-1
10.5288,veh8,drop_decision_no_action,4,30575,15538,-1,-1,-1,-1,-1
10.5378,veh8,drop_decision_no_action,3,30607,15568,-1,-1,-1,-1,-1
10.5378,veh8,drop_decision_no_action,3,699722434587,15568,-1,-1,-1,-1,-1
10.5466,veh8,drop_decision_no_action,12,699722434603,15587,-1,-1,-1,-1,-1
10.5576,veh8,drop_decision_no_action,7,699722434591,15573,-1,-1,-1,-1,-1
10.5611,veh8,drop_decision_no_action,9,30638,15603,-1,-1,-1,-1,-1
10.5688,veh8,drop_decision_no_action,4,699722434638,15628,-1,-1,-1,-1,-1
10.5753,veh8,drop_decision_no_action,6,699722434629,15620,-1,-1,-1,-1,-1
10.5811,veh8,drop_decision_no_action,9,699722434633,15621,-1,-1,-1,-1,-1
10.6026,veh8,drop_decision_no_action,11,699722434675,15667,-1,-1,-1,-1,-1
10.6261,veh8,cpm_drop_reaction,5,699722434768,15693,-1,-1,0,0,15
10.6286,veh8,drop_decision_no_action,10,699722434538,15526,-1,-1,-1,-1,-1
10.6378,veh8,drop_decision_no_action,3,699722434788,15712,-1,-1,-1,-1,-1
10.6408,veh8,drop_decision_no_action,7,699722434791,15713,-1,-1,-1,-1,-1
10.6611,veh8,drop_decision_no_action,9,30844,15749,-1,-1,-1,-1,-1
10.6686,veh8,drop_decision_no_action,4,699722434844,15772,-1,-1,-1,-1,-1
10.6753,veh8,drop_decision_no_action,6,699722434835,15764,-1,-1,-1,-1,-1
10.6811,veh8,drop_decision_no_action,9,699722434839,15765,-1,-1,-1,-1,-1
10.7026,veh8,drop_decision_no_action,11,699722434883,15811,-1,-1,-1,-1,-1
10.7051,veh8,drop_decision_no_action,2,30911,15813,-1,-1,-1,-1,-1
10.7226,veh8,drop_decision_no_action,11,30917,15811,-1,-1,-1,-1,-1
10.7261,veh8,drop_decision_no_action,5,30980,15833,-1,-1,-1,-1,-1
10.7261,veh8,drop_decision_no_action,5,699722434986,15833,-1,-1,-1,-1,-1
10.7378,veh8,drop_decision_no_action,3,699722435002,15878,-1,-1,-1,-1,-1
10.7408,veh8,drop_decision_no_action,7,699722435005,15879,-1,-1,-1,-1,-1
10.7553,veh8,drop_decision_no_action,6,31060,15912,-1,-1,-1,-1,-1
10.7608,veh8,drop_decision_no_action,7,31040,15893,-1,-1,-1,-1,-1
10.7611,veh8,drop_decision_no_action,9,31056,15911,-1,-1,-1,-1,-1
10.7686,veh8,drop_decision_no_action,4,699722435059,15942,-1,-1,-1,-1,-1
10.7753,veh8,drop_decision_no_action,6,699722435051,15932,-1,-1,-1,-1,-1
10.7811,veh8,drop_decision_no_action,9,699722435054,15933,-1,-1,-1,-1,-1
10.8026,veh8,drop_decision_no_action,11,699722435203,15986,-1,-1,-1,-1,-1
10.8261,veh8,drop_decision_no_action,5,699722435297,16014,-1,-1,-1,-1,-1
10.8286,veh8,drop_decision_no_action,10,699722434961,15839,-1,-1,-1,-1,-1
10.8286,veh8,drop_decision_no_action,4,31306,16008,-1,-1,-1,-1,-1
10.8378,veh8,drop_decision_no_action,3,31338,16033,-1,-1,-1,-1,-1
10.8378,veh8,drop_decision_no_action,3,699722435318,16033,-1,-1,-1,-1,-1
10.8388,veh8,drop_decision_no_action,10,699722435270,16002,-1,-1,-1,-1,-1
10.8408,veh8,drop_decision_no_action,7,699722435321,16038,-1,-1,-1,-1,-1
10.8466,veh8,drop_decision_no_action,12,699722435020,15895,-1,-1,-1,-1,-1
10.8611,veh8,drop_decision_no_action,9,31367,16067,-1,-1,-1,-1,-1
10.8616,veh8,drop_decision_no_action,12,699722435333,16055,-1,-1,-1,-1,-1
10.8686,veh8,drop_decision_no_action,4,699722435366,16088,-1,-1,-1,-1,-1
10.8753,veh8,drop_decision_no_action,6,699722435356,16080,-1,-1,-1,-1,-1
10.8811,veh8,drop_decision_no_action,9,699722435360,16081,-1,-1,-1,-1,-1
10.9026,veh8,drop_decision_no_action,11,699722435404,16130,-1,-1,-1,-1,-1
10.9051,veh8,drop_decision_no_action,2,31432,16132,-1,-1,-1,-1,-1
10.9188,veh8,drop_decision_no_action,10,699722435475,16149,-1,-1,-1,-1,-1
10.9261,veh8,drop_decision_no_action,5,699722435501,16171,-1,-1,-1,-1,-1
10.9378,veh8,drop_decision_no_action,3,699722435516,16185,-1,-1,-1,-1,-1
10.9408,veh8,drop_decision_no_action,7,699722435519,16186,-1,-1,-1,-1,-1
10.9611,veh8,drop_decision_no_action,9,31564,16210,-1,-1,-1,-1,-1
10.9616,veh8,drop_decision_no_action,12,699722435531,16199,-1,-1,-1,-1,-1
10.9686,veh8,drop_decision_no_action,4,699722435562,16231,-1,-1,-1,-1,-1
10.9753,veh8,drop_decision_no_action,6,699722435553,16223,-1,-1,-1,-1,-1
10.9811,veh8,drop_decision_no_action,9,699722435557,16224,-1,-1,-1,-1,-1
11.0026,veh8,drop_decision_no_action,11,699722435601,16273,-1,-1,-1,-1,-1
11.0106,veh8,drop_decision_no_action,10,699722435672,16290,-1,-1,-1,-1,-1
11.0226,veh8,drop_decision_no_action,11,31632,16273,-1,-1,-1,-1,-1
11.0253,veh8,drop_decision_no_action,2,699722435678,16294,-1,-1,-1,-1,-1
11.0261,veh8,drop_decision_no_action,5,31691,16288,-1,-1,-1,-1,-1
11.0261,veh8,drop_decision_no_action,5,699722435700,16288,-1,-1,-1,-1,-1
11.0376,veh8,drop_decision_no_action,3,699722435720,16334,-1,-1,-1,-1,-1
11.0408,veh8,drop_decision_no_action,7,699722435724,16337,-1,-1,-1,-1,-1
11.0416,veh8,drop_decision_no_action,12,31732,16323,-1,-1,-1,-1,-1
11.0553,veh8,drop_decision_no_action,6,31779,16372,-1,-1,-1,-1,-1
11.0608,veh8,drop_decision_no_action,7,31759,16354,-1,-1,-1,-1,-1
11.0611,veh8,drop_decision_no_action,9,31774,16369,-1,-1,-1,-1,-1
11.0616,veh8,drop_decision_no_action,12,699722435740,16356,-1,-1,-1,-1,-1
11.0686,veh8,drop_decision_no_action,4,699722435778,16401,-1,-1,-1,-1,-1
11.0753,veh8,drop_decision_no_action,6,699722435768,16391,-1,-1,-1,-1,-1
11.0811,veh8,drop_decision_no_action,9,699722435772,16392,-1,-1,-1,-1,-1
11.1053,veh8,drop_decision_no_action,2,31850,16455,-1,-1,-1,-1,-1
11.1086,veh8,drop_decision_no_action,11,699722435821,16453,-1,-1,-1,-1,-1
11.1261,veh8,cpm_drop_reaction,5,699722435919,16498,-1,-1,0,0,15
11.1286,veh8,drop_decision_no_action,4,31928,16493,-1,-1,-1,-1,-1
11.1376,veh8,drop_decision_no_action,3,31963,16517,-1,-1,-1,-1,-1
11.1376,veh8,drop_decision_no_action,3,699722435943,16517,-1,-1,-1,-1,-1
11.1408,veh8,drop_decision_no_action,7,699722435947,16522,-1,-1,-1,-1,-1
11.1611,veh8,drop_decision_no_action,9,31995,16554,-1,-1,-1,-1,-1
11.1616,veh8,drop_decision_no_action,12,699722435960,16538,-1,-1,-1,-1,-1
11.1686,veh8,drop_decision_no_action,4,699722435993,16574,-1,-1,-1,-1,-1
11.1786,veh8,drop_decision_no_action,6,699722435985,16567,-1,-1,-1,-1,-1
11.1811,veh8,drop_decision_no_action,9,699722435988,16568,-1,-1,-1,-1,-1
11.2086,veh8,drop_decision_no_action,11,699722436034,16618,-1,-1,-1,-1,-1
11.2261,veh8,drop_decision_no_action,5,699722436237,16657,-1,-1,-1,-1,-1
11.2376,veh8,drop_decision_no_action,3,699722436252,16671,-1,-1,-1,-1,-1
11.2408,veh8,drop_decision_no_action,7,699722436255,16672,-1,-1,-1,-1,-1
11.2611,veh8,drop_decision_no_action,9,32302,16698,-1,-1,-1,-1,-1
11.2616,veh8,drop_decision_no_action,12,699722436267,16685,-1,-1,-1,-1,-1
11.2686,veh8,drop_decision_no_action,4,699722436302,16717,-1,-1,-1,-1,-1
11.2786,veh8,drop_decision_no_action,6,699722436292,16710,-1,-1,-1,-1,-1
11.2811,veh8,drop_decision_no_action,9,699722436296,16711,-1,-1,-1,-1,-1
11.3053,veh8,drop_decision_no_action,2,32369,16761,-1,-1,-1,-1,-1
11.3086,veh8,drop_decision_no_action,11,699722436340,16760,-1,-1,-1,-1,-1
11.3261,veh8,drop_decision_no_action,5,32436,16773,-1,-1,-1,-1,-1
11.3261,veh8,drop_decision_no_action,5,699722436444,16773,-1,-1,-1,-1,-1
11.3286,veh8,drop_decision_no_action,11,32375,16760,-1,-1,-1,-1,-1
11.3376,veh8,drop_decision_no_action,3,699722436461,16820,-1,-1,-1,-1,-1
11.3408,veh8,drop_decision_no_action,7,699722436464,16821,-1,-1,-1,-1,-1
11.3586,veh8,drop_decision_no_action,6,32519,16852,-1,-1,-1,-1,-1
11.3608,veh8,drop_decision_no_action,7,32500,16837,-1,-1,-1,-1,-1
11.3611,veh8,drop_decision_no_action,9,32514,16851,-1,-1,-1,-1,-1
11.3616,veh8,drop_decision_no_action,12,699722436480,16838,-1,-1,-1,-1,-1
11.3686,veh8,drop_decision_no_action,4,699722436518,16878,-1,-1,-1,-1,-1
11.3786,veh8,drop_decision_no_action,6,699722436509,16868,-1,-1,-1,-1,-1
11.3811,veh8,drop_decision_no_action,9,699722436513,16869,-1,-1,-1,-1,-1
11.4086,veh8,drop_decision_no_action,11,699722436555,16928,-1,-1,-1,-1,-1
11.4106,veh8,drop_decision_no_action,10,699722436417,16778,-1,-1,-1,-1,-1
11.4106,veh8,drop_decision_no_action,10,699722436624,16941,-1,-1,-1,-1,-1
11.4253,veh8,drop_decision_no_action,2,699722436631,16946,-1,-1,-1,-1,-1
11.4261,veh8,drop_decision_no_action,5,699722436655,16962,-1,-1,-1,-1,-1
11.4286,veh8,drop_decision_no_action,4,32664,16958,-1,-1,-1,-1,-1
11.4376,veh8,drop_decision_no_action,3,32696,16983,-1,-1,-1,-1,-1
11.4376,veh8,drop_decision_no_action,3,699722436676,16983,-1,-1,-1,-1,-1
11.4408,veh8,drop_decision_no_action,7,699722436680,16991,-1,-1,-1,-1,-1
11.4546,veh8,drop_decision_no_action,9,32726,17018,-1,-1,-1,-1,-1
11.4616,veh8,drop_decision_no_action,12,699722436692,17005,-1,-1,-1,-1,-1
11.4686,veh8,drop_decision_no_action,4,699722436724,17037,-1,-1,-1,-1,-1
11.4746,veh8,drop_decision_no_action,9,699722436719,17033,-1,-1,-1,-1,-1
11.4786,veh8,drop_decision_no_action,6,699722436715,17031,-1,-1,-1,-1,-1
11.5053,veh8,drop_decision_no_action,2,32788,17082,-1,-1,-1,-1,-1
11.5086,veh8,drop_decision_no_action,11,699722436760,17080,-1,-1,-1,-1,-1
11.5188,veh8,drop_decision_no_action,10,699722436831,17096,-1,-1,-1,-1,-1
11.5253,veh8,drop_decision_no_action,2,699722436838,17102,-1,-1,-1,-1,-1
11.5261,veh8,drop_decision_no_action,5,699722436857,17121,-1,-1,-1,-1,-1
11.5376,veh8,drop_decision_no_action,3,699722436873,17140,-1,-1,-1,-1,-1
11.5408,veh8,drop_decision_no_action,7,699722436877,17143,-1,-1,-1,-1,-1
11.5546,veh8,drop_decision_no_action,9,32922,17169,-1,-1,-1,-1,-1
11.5616,veh8,drop_decision_no_action,12,699722436888,17156,-1,-1,-1,-1,-1
11.5686,veh8,drop_decision_no_action,4,699722436920,17188,-1,-1,-1,-1,-1
11.5746,veh8,drop_decision_no_action,9,699722436916,17184,-1,-1,-1,-1,-1
11.5786,veh8,drop_decision_no_action,6,699722436911,17182,-1,-1,-1,-1,-1
11.6086,veh8,drop_decision_no_action,11,699722436956,17231,-1,-1,-1,-1,-1
11.6261,veh8,cam_drop_reaction,5,33045,17240,-1,-1,0,0,15
11.6261,veh8,drop_decision_no_action,5,699722437053,17240,-1,-1,-1,-1,-1
11.6376,veh8,drop_decision_no_action,3,699722437074,17280,-1,-1,-1,-1,-1
11.6416,veh8,drop_decision_no_action,12,33086,17272,-1,-1,-1,-1,-1
11.6423,veh8,drop_decision_no_action,7,699722437077,17281,-1,-1,-1,-1,-1
11.6586,veh8,drop_decision_no_action,6,33234,17314,-1,-1,-1,-1,-1
11.6616,veh8,drop_decision_no_action,12,699722437093,17298,-1,-1,-1,-1,-1
11.6623,veh8,drop_decision_no_action,7,33112,17296,-1,-1,-1,-1,-1
11.6683,veh8,drop_decision_no_action,9,33227,17309,-1,-1,-1,-1,-1
11.6686,veh8,drop_decision_no_action,4,699722437235,17341,-1,-1,-1,-1,-1
11.6786,veh8,drop_decision_no_action,6,699722437222,17330,-1,-1,-1,-1,-1
11.6883,veh8,drop_decision_no_action,9,699722437228,17335,-1,-1,-1,-1,-1
11.7053,veh8,drop_decision_no_action,2,33308,17402,-1,-1,-1,-1,-1
11.7086,veh8,drop_decision_no_action,11,699722437278,17396,-1,-1,-1,-1,-1
11.7286,veh8,drop_decision_no_action,4,33391,17446,-1,-1,-1,-1,-1
11.7361,veh8,drop_decision_no_action,5,699722437381,17449,-1,-1,-1,-1,-1
11.7376,veh8,drop_decision_no_action,3,33421,17460,-1,-1,-1,-1,-1
11.7376,veh8,drop_decision_no_action,3,699722437402,17460,-1,-1,-1,-1,-1
11.7423,veh8,drop_decision_no_action,7,699722437405,17465,-1,-1,-1,-1,-1
11.7616,veh8,drop_decision_no_action,12,699722437420,17490,-1,-1,-1,-1,-1
11.7683,veh8,drop_decision_no_action,9,33456,17500,-1,-1,-1,-1,-1
11.7693,veh8,drop_decision_no_action,4,699722437457,17524,-1,-1,-1,-1,-1
11.7746,veh8,drop_decision_no_action,9,699722437451,17521,-1,-1,-1,-1,-1
11.7786,veh8,drop_decision_no_action,6,699722437446,17518,-1,-1,-1,-1,-1
11.7906,veh8,drop_decision_no_action,10,33281,17374,-1,-1,-1,-1,-1
11.7906,veh8,drop_decision_no_action,10,699722437351,17423,-1,-1,-1,-1,-1
11.8053,veh8,drop_decision_no_action,2,33526,17571,-1,-1,-1,-1,-1
11.8086,veh8,drop_decision_no_action,11,699722437497,17567,-1,-1,-1,-1,-1
11.8101,veh8,drop_decision_no_action,10,699722437578,17583,-1,-1,-1,-1,-1
11.8253,veh8,drop_decision_no_action,2,699722437586,17590,-1,-1,-1,-1,-1
11.8286,veh8,drop_decision_no_action,11,33531,17567,-1,-1,-1,-1,-1
11.8361,veh8,drop_decision_no_action,5,699722437607,17609,-1,-1,-1,-1,-1
11.8376,veh8,drop_decision_no_action,3,699722437625,17626,-1,-1,-1,-1,-1
11.8423,veh8,drop_decision_no_action,7,699722437628,17629,-1,-1,-1,-1,-1
11.8481,veh8,drop_decision_no_action,12,33637,17615,-1,-1,-1,-1,-1
11.8681,veh8,drop_decision_no_action,12,699722437642,17615,-1,-1,-1,-1,-1
11.8683,veh8,drop_decision_no_action,9,33678,17666,-1,-1,-1,-1,-1
11.8693,veh8,drop_decision_no_action,4,699722437675,17687,-1,-1,-1,-1,-1
11.8746,veh8,drop_decision_no_action,9,699722437670,17685,-1,-1,-1,-1,-1
11.8786,veh8,drop_decision_no_action,6,699722437666,17682,-1,-1,-1,-1,-1
11.9053,veh8,drop_decision_no_action,2,33739,17738,-1,-1,-1,-1,-1
11.9086,veh8,drop_decision_no_action,11,699722437710,17734,-1,-1,-1,-1,-1
11.9161,veh8,drop_decision_no_action,5,33806,17745,-1,-1,-1,-1,-1
11.9223,veh8,drop_decision_no_action,10,699722437787,17750,-1,-1,-1,-1,-1
11.9253,veh8,drop_decision_no_action,2,699722437795,17757,-1,-1,-1,-1,-1
11.9361,veh8,drop_decision_no_action,5,699722437817,17780,-1,-1,-1,-1,-1
11.9376,veh8,drop_decision_no_action,3,699722437832,17795,-1,-1,-1,-1,-1
11.9423,veh8,drop_decision_no_action,7,699722437836,17798,-1,-1,-1,-1,-1
11.9481,veh8,drop_decision_no_action,12,699722437853,17816,-1,-1,-1,-1,-1
11.9548,veh8,drop_decision_no_action,6,33895,17838,-1,-1,-1,-1,-1
11.9623,veh8,drop_decision_no_action,7,33872,17815,-1,-1,-1,-1,-1
11.9683,veh8,drop_decision_no_action,9,33889,17833,-1,-1,-1,-1,-1
11.9693,veh8,drop_decision_no_action,4,699722437894,17865,-1,-1,-1,-1,-1
11.9748,veh8,drop_decision_no_action,6,699722437884,17854,-1,-1,-1,-1,-1
11.9883,veh8,drop_decision_no_action,9,699722437888,17859,-1,-1,-1,-1,-1
12.0053,veh8,drop_decision_no_action,2,33958,17914,-1,-1,-1,-1,-1
12.0086,veh8,drop_decision_no_action,11,699722437929,17909,-1,-1,-1,-1,-1
12.0223,veh8,drop_decision_no_action,10,699722438005,17924,-1,-1,-1,-1,-1
12.0253,veh8,drop_decision_no_action,2,699722438013,17931,-1,-1,-1,-1,-1
12.0293,veh8,drop_decision_no_action,4,34045,17946,-1,-1,-1,-1,-1
12.0361,veh8,drop_decision_no_action,5,699722438035,17951,-1,-1,-1,-1,-1
12.0376,veh8,drop_decision_no_action,3,34076,17964,-1,-1,-1,-1,-1
12.0376,veh8,drop_decision_no_action,3,699722438057,17964,-1,-1,-1,-1,-1
12.0423,veh8,drop_decision_no_action,7,699722438061,17972,-1,-1,-1,-1,-1
12.0481,veh8,drop_decision_no_action,12,34066,17957,-1,-1,-1,-1,-1
12.0681,veh8,drop_decision_no_action,12,699722438075,17957,-1,-1,-1,-1,-1
12.0683,veh8,drop_decision_no_action,9,34112,18009,-1,-1,-1,-1,-1
12.0693,veh8,drop_decision_no_action,4,699722438112,18030,-1,-1,-1,-1,-1
12.0746,veh8,drop_decision_no_action,9,699722438107,18028,-1,-1,-1,-1,-1
12.0748,veh8,drop_decision_no_action,6,699722438103,18025,-1,-1,-1,-1,-1
12.1001,veh8,drop_decision_no_action,11,699722438258,18081,-1,-1,-1,-1,-1
12.1023,veh8,drop_decision_no_action,10,34262,18060,-1,-1,-1,-1,-1
12.1053,veh8,drop_decision_no_action,2,34287,18087,-1,-1,-1,-1,-1
12.1223,veh8,drop_decision_no_action,10,699722438343,18101,-1,-1,-1,-1,-1
12.1253,veh8,drop_decision_no_action,2,699722438351,18107,-1,-1,-1,-1,-1
12.1361,veh8,cpm_drop_reaction,5,699722438371,18127,-1,-1,0,0,15
12.1423,veh8,drop_decision_no_action,7,699722438389,18143,-1,-1,-1,-1,-1
12.1481,veh8,drop_decision_no_action,12,699722438404,18155,-1,-1,-1,-1,-1
12.1523,veh8,drop_decision_no_action,3,699722438385,18140,-1,-1,-1,-1,-1
12.1683,veh8,drop_decision_no_action,9,34440,18168,-1,-1,-1,-1,-1
12.1693,veh8,drop_decision_no_action,4,699722438438,18197,-1,-1,-1,-1,-1
12.1746,veh8,drop_decision_no_action,9,699722438434,18195,-1,-1,-1,-1,-1
12.1748,veh8,drop_decision_no_action,6,699722438430,18192,-1,-1,-1,-1,-1
12.2001,veh8,drop_decision_no_action,11,699722438477,18241,-1,-1,-1,-1,-1
12.2023,veh8,drop_decision_no_action,10,34479,18219,-1,-1,-1,-1,-1
12.2141,veh8,drop_decision_no_action,5,34579,18263,-1,-1,-1,-1,-1
12.2223,veh8,drop_decision_no_action,10,699722438559,18266,-1,-1,-1,-1,-1
12.2253,veh8,drop_decision_no_action,2,699722438566,18271,-1,-1,-1,-1,-1
12.2341,veh8,drop_decision_no_action,5,699722438589,18290,-1,-1,-1,-1,-1
12.2423,veh8,drop_decision_no_action,7,699722438613,18316,-1,-1,-1,-1,-1
12.2481,veh8,drop_decision_no_action,12,34619,18297,-1,-1,-1,-1,-1
12.2523,veh8,drop_decision_no_action,3,699722438610,18313,-1,-1,-1,-1,-1
12.2548,veh8,drop_decision_no_action,6,34669,18353,-1,-1,-1,-1,-1
12.2623,veh8,drop_decision_no_action,7,34648,18330,-1,-1,-1,-1,-1
12.2681,veh8,drop_decision_no_action,12,699722438629,18297,-1,-1,-1,-1,-1
12.2683,veh8,drop_decision_no_action,9,34664,18347,-1,-1,-1,-1,-1
12.2693,veh8,drop_decision_no_action,4,699722438669,18385,-1,-1,-1,-1,-1
12.2748,veh8,drop_decision_no_action,6,699722438660,18374,-1,-1,-1,-1,-1
12.2883,veh8,drop_decision_no_action,9,699722438664,18379,-1,-1,-1,-1,-1
12.2901,veh8,drop_decision_no_action,10,34712,18418,-1,-1,-1,-1,-1
12.3001,veh8,drop_decision_no_action,11,699722438707,18439,-1,-1,-1,-1,-1
12.3053,veh8,drop_decision_no_action,2,34736,18445,-1,-1,-1,-1,-1
12.3101,veh8,drop_decision_no_action,10,699722438788,18460,-1,-1,-1,-1,-1
12.3201,veh8,drop_decision_no_action,11,34741,18439,-1,-1,-1,-1,-1
12.3253,veh8,drop_decision_no_action,2,699722438795,18466,-1,-1,-1,-1,-1
12.3293,veh8,drop_decision_no_action,4,34828,18481,-1,-1,-1,-1,-1
12.3341,veh8,drop_decision_no_action,5,699722438821,18489,-1,-1,-1,-1,-1
12.3423,veh8,drop_decision_no_action,7,699722438844,18517,-1,-1,-1,-1,-1
12.3481,veh8,drop_decision_no_action,12,699722438856,18529,-1,-1,-1,-1,-1
12.3523,veh8,drop_decision_no_action,3,34859,18506,-1,-1,-1,-1,-1
12.3523,veh8,drop_decision_no_action,3,699722438840,18506,-1,-1,-1,-1,-1
12.3683,veh8,drop_decision_no_action,9,34893,18545,-1,-1,-1,-1,-1
12.3693,veh8,drop_decision_no_action,4,699722438893,18572,-1,-1,-1,-1,-1
12.3746,veh8,drop_decision_no_action,9,699722438888,18570,-1,-1,-1,-1,-1
12.3748,veh8,drop_decision_no_action,6,699722438885,18567,-1,-1,-1,-1,-1
12.4001,veh8,drop_decision_no_action,11,699722438930,18615,-1,-1,-1,-1,-1
12.4023,veh8,drop_decision_no_action,10,34935,18595,-1,-1,-1,-1,-1
12.4178,veh8,drop_decision_no_action,2,699722439013,18637,-1,-1,-1,-1,-1
12.4223,veh8,drop_decision_no_action,10,699722439005,18632,-1,-1,-1,-1,-1
12.4341,veh8,drop_decision_no_action,5,699722439036,18658,-1,-1,-1,-1,-1
12.4423,veh8,drop_decision_no_action,7,699722439054,18673,-1,-1,-1,-1,-1
12.4523,veh8,drop_decision_no_action,3,699722439051,18672,-1,-1,-1,-1,-1
12.4566,veh8,drop_decision_no_action,12,699722439066,18682,-1,-1,-1,-1,-1
12.4683,veh8,drop_decision_no_action,9,35099,18690,-1,-1,-1,-1,-1
12.4693,veh8,drop_decision_no_action,4,699722439103,18720,-1,-1,-1,-1,-1
12.4746,veh8,drop_decision_no_action,9,699722439097,18718,-1,-1,-1,-1,-1
12.4748,veh8,drop_decision_no_action,6,699722439093,18715,-1,-1,-1,-1,-1
12.4901,veh8,drop_decision_no_action,10,35144,18747,-1,-1,-1,-1,-1
12.4978,veh8,drop_decision_no_action,2,35272,18773,-1,-1,-1,-1,-1
12.5001,veh8,drop_decision_no_action,11,699722439243,18766,-1,-1,-1,-1,-1
12.5101,veh8,drop_decision_no_action,10,699722439322,18789,-1,-1,-1,-1,-1
12.5141,veh8,drop_decision_no_action,5,35341,18787,-1,-1,-1,-1,-1
12.5178,veh8,drop_decision_no_action,2,699722439329,18794,-1,-1,-1,-1,-1
12.5341,veh8,drop_decision_no_action,5,699722439354,18821,-1,-1,-1,-1,-1
12.5366,veh8,drop_decision_no_action,12,35385,18826,-1,-1,-1,-1,-1
12.5423,veh8,drop_decision_no_action,7,699722439377,18841,-1,-1,-1,-1,-1
12.5523,veh8,drop_decision_no_action,3,699722439374,18840,-1,-1,-1,-1,-1
12.5551,veh8,drop_decision_no_action,6,35434,18872,-1,-1,-1,-1,-1
12.5566,veh8,drop_decision_no_action,12,699722439393,18853,-1,-1,-1,-1,-1
12.5623,veh8,drop_decision_no_action,7,35411,18852,-1,-1,-1,-1,-1
12.5683,veh8,drop_decision_no_action,9,35428,18866,-1,-1,-1,-1,-1
12.5693,veh8,drop_decision_no_action,4,699722439436,18909,-1,-1,-1,-1,-1
12.5751,veh8,drop_decision_no_action,6,699722439426,18895,-1,-1,-1,-1,-1
12.5856,veh8,drop_decision_no_action,10,35478,18937,-1,-1,-1,-1,-1
12.5883,veh8,drop_decision_no_action,9,699722439430,18900,-1,-1,-1,-1,-1
12.6001,veh8,drop_decision_no_action,11,699722439475,18959,-1,-1,-1,-1,-1
12.6178,veh8,drop_decision_no_action,2,699722439562,18986,-1,-1,-1,-1,-1
12.6268,veh8,drop_decision_no_action,4,35594,19000,-1,-1,-1,-1,-1
12.6341,veh8,drop_decision_no_action,5,699722439585,19004,-1,-1,-1,-1,-1
12.6398,veh8,cam_drop_reaction,3,35624,19018,-1,-1,0,0,15
12.6398,veh8,drop_decision_no_action,3,699722439605,19018,-1,-1,-1,-1,-1
12.6423,veh8,drop_decision_no_action,7,699722439608,19024,-1,-1,-1,-1,-1
12.6426,veh8,drop_decision_no_action,10,699722439556,18985,-1,-1,-1,-1,-1
12.6566,veh8,drop_decision_no_action,12,699722439624,19043,-1,-1,-1,-1,-1
12.6668,veh8,drop_decision_no_action,4,699722439659,19081,-1,-1,-1,-1,-1
12.6683,veh8,drop_decision_no_action,9,35660,19056,-1,-1,-1,-1,-1
12.6746,veh8,drop_decision_no_action,9,699722439654,19077,-1,-1,-1,-1,-1
12.6751,veh8,drop_decision_no_action,6,699722439650,19074,-1,-1,-1,-1,-1
12.6978,veh8,drop_decision_no_action,2,35721,19128,-1,-1,-1,-1,-1
12.7053,veh8,drop_decision_no_action,11,699722439692,19122,-1,-1,-1,-1,-1
12.7178,veh8,drop_decision_no_action,2,699722439774,19142,-1,-1,-1,-1,-1
12.7348,veh8,drop_decision_no_action,5,699722439798,19162,-1,-1,-1,-1,-1
12.7373,veh8,drop_decision_no_action,7,699722439818,19181,-1,-1,-1,-1,-1
12.7398,veh8,drop_decision_no_action,3,699722439815,19179,-1,-1,-1,-1,-1
12.7426,veh8,drop_decision_no_action,10,699722439769,19141,-1,-1,-1,-1,-1
12.7546,veh8,drop_decision_no_action,9,35866,19208,-1,-1,-1,-1,-1
12.7566,veh8,drop_decision_no_action,12,699722439831,19198,-1,-1,-1,-1,-1
12.7668,veh8,drop_decision_no_action,4,699722439866,19232,-1,-1,-1,-1,-1
12.7746,veh8,drop_decision_no_action,9,699722439860,19228,-1,-1,-1,-1,-1
12.7751,veh8,drop_decision_no_action,6,699722439857,19226,-1,-1,-1,-1,-1
12.7856,veh8,drop_decision_no_action,10,35909,19260,-1,-1,-1,-1,-1
12.8053,veh8,drop_decision_no_action,11,699722439904,19277,-1,-1,-1,-1,-1
12.8148,veh8,drop_decision_no_action,5,35999,19295,-1,-1,-1,-1,-1
12.8178,veh8,drop_decision_no_action,2,699722439986,19297,-1,-1,-1,-1,-1
12.8256,veh8,drop_decision_no_action,10,699722439980,19296,-1,-1,-1,-1,-1
12.8348,veh8,drop_decision_no_action,5,699722440009,19320,-1,-1,-1,-1,-1
12.8373,veh8,drop_decision_no_action,7,699722440031,19341,-1,-1,-1,-1,-1
12.8398,veh8,drop_decision_no_action,3,699722440027,19339,-1,-1,-1,-1,-1
12.8518,veh8,drop_decision_no_action,9,36085,19376,-1,-1,-1,-1,-1
12.8551,veh8,drop_decision_no_action,6,36092,19383,-1,-1,-1,-1,-1
12.8566,veh8,drop_decision_no_action,12,699722440049,19366,-1,-1,-1,-1,-1
12.8573,veh8,drop_decision_no_action,7,36067,19364,-1,-1,-1,-1,-1
12.8668,veh8,drop_decision_no_action,4,699722440090,19414,-1,-1,-1,-1,-1
12.8718,veh8,drop_decision_no_action,9,699722440084,19405,-1,-1,-1,-1,-1
12.8751,veh8,drop_decision_no_action,6,699722440081,19404,-1,-1,-1,-1,-1
12.8978,veh8,drop_decision_no_action,2,36152,19462,-1,-1,-1,-1,-1
12.9053,veh8,drop_decision_no_action,11,699722440123,19457,-1,-1,-1,-1,-1
12.9178,veh8,drop_decision_no_action,2,699722440315,19478,-1,-1,-1,-1,-1
12.9253,veh8,drop_decision_no_action,11,36158,19457,-1,-1,-1,-1,-1
12.9256,veh8,drop_decision_no_action,10,699722440308,19477,-1,-1,-1,-1,-1
12.9268,veh8,drop_decision_no_action,4,36349,19496,-1,-1,-1,-1,-1
12.9348,veh8,drop_decision_no_action,5,699722440340,19498,-1,-1,-1,-1,-1
12.9366,veh8,drop_decision_no_action,12,36373,19510,-1,-1,-1,-1,-1
12.9373,veh8,drop_decision_no_action,7,699722440368,19529,-1,-1,-1,-1,-1
12.9398,veh8,drop_decision_no_action,3,36384,19519,-1,-1,-1,-1,-1
12.9398,veh8,drop_decision_no_action,3,699722440365,19519,-1,-1,-1,-1,-1
12.9518,veh8,drop_decision_no_action,9,36418,19568,-1,-1,-1,-1,-1
12.9566,veh8,drop_decision_no_action,12,699722440382,19552,-1,-1,-1,-1,-1
12.9668,veh8,drop_decision_no_action,4,699722440417,19594,-1,-1,-1,-1,-1
12.9718,veh8,drop_decision_no_action,9,699722440412,19589,-1,-1,-1,-1,-1
12.9751,veh8,drop_decision_no_action,6,699722440409,19588,-1,-1,-1,-1,-1
13.0026,veh8,drop_decision_no_action,10,36460,19620,-1,-1,-1,-1,-1
13.0053,veh8,drop_decision_no_action,11,699722440455,19638,-1,-1,-1,-1,-1
13.0178,veh8,drop_decision_no_action,2,699722440538,19656,-1,-1,-1,-1,-1
13.0348,veh8,drop_decision_no_action,5,699722440559,19672,-1,-1,-1,-1,-1
13.0373,veh8,drop_decision_no_action,7,699722440579,19692,-1,-1,-1,-1,-1
13.0398,veh8,drop_decision_no_action,3,699722440576,19690,-1,-1,-1,-1,-1
13.0426,veh8,drop_decision_no_action,10,699722440532,19655,-1,-1,-1,-1,-1
13.0518,veh8,drop_decision_no_action,9,36627,19719,-1,-1,-1,-1,-1
13.0583,veh8,drop_decision_no_action,12,699722440592,19708,-1,-1,-1,-1,-1
13.0668,veh8,drop_decision_no_action,4,699722440627,19748,-1,-1,-1,-1,-1
13.0718,veh8,drop_decision_no_action,9,699722440621,19741,-1,-1,-1,-1,-1
13.0751,veh8,drop_decision_no_action,6,699722440618,19739,-1,-1,-1,-1,-1
13.0978,veh8,drop_decision_no_action,2,36689,19789,-1,-1,-1,-1,-1
13.1053,veh8,drop_decision_no_action,11,699722440660,19786,-1,-1,-1,-1,-1
13.1148,veh8,drop_decision_no_action,5,36761,19806,-1,-1,-1,-1,-1
13.1178,veh8,drop_decision_no_action,2,699722440748,19808,-1,-1,-1,-1,-1
13.1256,veh8,drop_decision_no_action,10,699722440741,19807,-1,-1,-1,-1,-1
13.1348,veh8,drop_decision_no_action,5,699722440770,19838,-1,-1,-1,-1,-1
13.1373,veh8,drop_decision_no_action,7,699722440787,19859,-1,-1,-1,-1,-1
13.1398,veh8,cpm_drop_reaction,3,699722440784,19857,-1,-1,0,0,15
13.1518,veh8,drop_decision_no_action,9,36838,19887,-1,-1,-1,-1,-1
13.1551,veh8,drop_decision_no_action,6,36845,19894,-1,-1,-1,-1,-1
13.1573,veh8,drop_decision_no_action,7,36823,19874,-1,-1,-1,-1,-1
13.1583,veh8,drop_decision_no_action,12,699722440803,19876,-1,-1,-1,-1,-1
13.1668,veh8,drop_decision_no_action,4,699722440843,19928,-1,-1,-1,-1,-1
13.1718,veh8,drop_decision_no_action,9,699722440837,19916,-1,-1,-1,-1,-1
13.1751,veh8,drop_decision_no_action,6,699722440834,19914,-1,-1,-1,-1,-1
13.2053,veh8,drop_decision_no_action,11,699722440873,19968,-1,-1,-1,-1,-1
13.2178,veh8,drop_decision_no_action,2,699722440949,19982,-1,-1,-1,-1,-1
13.2256,veh8,drop_decision_no_action,10,699722440943,19981,-1,-1,-1,-1,-1
13.2268,veh8,drop_decision_no_action,4,36982,19997,-1,-1,-1,-1,-1
13.2348,veh8,drop_decision_no_action,5,699722440972,19999,-1,-1,-1,-1,-1
13.2373,veh8,drop_decision_no_action,7,699722440993,20022,-1,-1,-1,-1,-1
13.2398,veh8,drop_decision_no_action,3,37009,20013,-1,-1,-1,-1,-1
13.2398,veh8,drop_decision_no_action,3,699722440990,20013,-1,-1,-1,-1,-1
13.2518,veh8,drop_decision_no_action,9,37040,20054,-1,-1,-1,-1,-1
13.2583,veh8,drop_decision_no_action,12,699722441006,20043,-1,-1,-1,-1,-1
13.2668,veh8,drop_decision_no_action,4,699722441037,20083,-1,-1,-1,-1,-1
13.2718,veh8,drop_decision_no_action,9,699722441032,20076,-1,-1,-1,-1,-1
13.2751,veh8,drop_decision_no_action,6,699722441029,20074,-1,-1,-1,-1,-1
13.2978,veh8,drop_decision_no_action,2,37099,20128,-1,-1,-1,-1,-1
13.3026,veh8,drop_decision_no_action,10,37078,20106,-1,-1,-1,-1,-1
13.3053,veh8,drop_decision_no_action,11,699722441071,20125,-1,-1,-1,-1,-1
13.3178,veh8,drop_decision_no_action,2,699722441150,20148,-1,-1,-1,-1,-1
13.3348,veh8,drop_decision_no_action,5,699722441170,20166,-1,-1,-1,-1,-1
13.3373,veh8,drop_decision_no_action,7,699722441188,20186,-1,-1,-1,-1,-1
13.3398,veh8,drop_decision_no_action,3,699722441186,20184,-1,-1,-1,-1,-1
13.3426,veh8,drop_decision_no_action,10,699722441143,20147,-1,-1,-1,-1,-1
13.3518,veh8,drop_decision_no_action,9,37334,20214,-1,-1,-1,-1,-1
13.3583,veh8,drop_decision_no_action,12,699722441200,20202,-1,-1,-1,-1,-1
13.3668,veh8,drop_decision_no_action,4,699722441331,20242,-1,-1,-1,-1,-1
13.3678,veh8,drop_decision_no_action,6,699722441323,20233,-1,-1,-1,-1,-1
13.3718,veh8,drop_decision_no_action,9,699722441326,20235,-1,-1,-1,-1,-1
13.3978,veh8,drop_decision_no_action,2,37389,20282,-1,-1,-1,-1,-1
13.4053,veh8,drop_decision_no_action,11,699722441361,20280,-1,-1,-1,-1,-1
13.4148,veh8,drop_decision_no_action,5,37453,20297,-1,-1,-1,-1,-1
13.4178,veh8,drop_decision_no_action,2,699722441438,20300,-1,-1,-1,-1,-1
13.4348,veh8,drop_decision_no_action,5,699722441459,20324,-1,-1,-1,-1,-1
13.4373,veh8,drop_decision_no_action,7,699722441482,20347,-1,-1,-1,-1,-1
13.4383,veh8,drop_decision_no_action,12,37490,20334,-1,-1,-1,-1,-1
13.4398,veh8,drop_decision_no_action,3,699722441479,20345,-1,-1,-1,-1,-1
13.4583,veh8,drop_decision_no_action,12,699722441498,20368,-1,-1,-1,-1,-1
13.4678,veh8,drop_decision_no_action,6,37540,20393,-1,-1,-1,-1,-1
13.4678,veh8,drop_decision_no_action,6,699722441529,20393,-1,-1,-1,-1,-1
13.4823,veh8,drop_decision_no_action,4,699722441536,20424,-1,-1,-1,-1,-1
13.4983,veh8,drop_decision_no_action,2,37594,20466,-1,-1,-1,-1,-1
13.5053,veh8,drop_decision_no_action,11,699722441566,20464,-1,-1,-1,-1,-1
13.5183,veh8,drop_decision_no_action,2,699722441647,20484,-1,-1,-1,-1,-1
13.5223,veh8,drop_decision_no_action,4,37680,20500,-1,-1,-1,-1,-1
13.5253,veh8,drop_decision_no_action,11,37600,20464,-1,-1,-1,-1,-1
13.5348,veh8,drop_decision_no_action,5,699722441671,20507,-1,-1,-1,-1,-1
13.5398,veh8,drop_decision_no_action,3,37709,20527,-1,-1,-1,-1,-1
13.5398,veh8,drop_decision_no_action,3,699722441690,20527,-1,-1,-1,-1,-1
13.5583,veh8,drop_decision_no_action,12,699722441704,20555,-1,-1,-1,-1,-1
13.5678,veh8,drop_decision_no_action,6,699722441728,20585,-1,-1,-1,-1,-1
13.5718,veh8,drop_decision_no_action,9,699722441532,20416,-1,-1,-1,-1,-1
13.5718,veh8,drop_decision_no_action,9,37738,20566,-1,-1,-1,-1,-1
13.5823,veh8,drop_decision_no_action,4,699722441734,20594,-1,-1,-1,-1,-1
13.6053,veh8,drop_decision_no_action,11,699722441764,20625,-1,-1,-1,-1,-1
13.6183,veh8,drop_decision_no_action,2,699722441835,20641,-1,-1,-1,-1,-1
13.6348,veh8,drop_decision_no_action,5,699722441855,20663,-1,-1,-1,-1,-1
13.6373,veh8,drop_decision_no_action,7,699722441693,20539,-1,-1,-1,-1,-1
13.6373,veh8,drop_decision_no_action,7,699722441872,20682,-1,-1,-1,-1,-1
13.6398,veh8,cpm_drop_reaction,3,699722441870,20680,-1,-1,0,0,15
13.6426,veh8,drop_decision_no_action,10,699722441641,20483,-1,-1,-1,-1,-1
13.6426,veh8,drop_decision_no_action,10,699722441829,20640,-1,-1,-1,-1,-1
13.6518,veh8,drop_decision_no_action,9,37920,20709,-1,-1,-1,-1,-1
13.6583,veh8,drop_decision_no_action,12,699722441886,20698,-1,-1,-1,-1,-1
13.6678,veh8,drop_decision_no_action,6,699722441910,20728,-1,-1,-1,-1,-1
13.6823,veh8,drop_decision_no_action,4,699722441916,20737,-1,-1,-1,-1,-1
13.6983,veh8,drop_decision_no_action,2,37971,20769,-1,-1,-1,-1,-1
13.7053,veh8,drop_decision_no_action,11,699722441943,20767,-1,-1,-1,-1,-1
13.7148,veh8,drop_decision_no_action,5,38035,20784,-1,-1,-1,-1,-1
13.7183,veh8,drop_decision_no_action,2,699722442021,20787,-1,-1,-1,-1,-1
13.7256,veh8,drop_decision_no_action,10,699722442015,20786,-1,-1,-1,-1,-1
13.7348,veh8,drop_decision_no_action,5,699722442043,20813,-1,-1,-1,-1,-1
13.7371,veh8,drop_decision_no_action,3,699722442057,20831,-1,-1,-1,-1,-1
13.7373,veh8,drop_decision_no_action,7,699722442060,20833,-1,-1,-1,-1,-1
13.7518,veh8,drop_decision_no_action,9,38109,20862,-1,-1,-1,-1,-1
13.7573,veh8,drop_decision_no_action,7,38095,20852,-1,-1,-1,-1,-1
13.7583,veh8,drop_decision_no_action,12,699722442075,20854,-1,-1,-1,-1,-1
13.7678,veh8,drop_decision_no_action,6,38114,20869,-1,-1,-1,-1,-1
13.7678,veh8,drop_decision_no_action,6,699722442101,20869,-1,-1,-1,-1,-1
13.7718,veh8,drop_decision_no_action,9,699722442104,20887,-1,-1,-1,-1,-1
13.7823,veh8,drop_decision_no_action,4,699722442109,20895,-1,-1,-1,-1,-1
13.8013,veh8,drop_decision_no_action,11,699722442142,20939,-1,-1,-1,-1,-1
13.8026,veh8,drop_decision_no_action,10,38149,20915,-1,-1,-1,-1,-1
13.8183,veh8,drop_decision_no_action,2,699722442315,20958,-1,-1,-1,-1,-1
13.8223,veh8,drop_decision_no_action,4,38347,20971,-1,-1,-1,-1,-1
13.8348,veh8,drop_decision_no_action,5,699722442338,20978,-1,-1,-1,-1,-1
13.8371,veh8,drop_decision_no_action,3,38376,20992,-1,-1,-1,-1,-1
13.8371,veh8,drop_decision_no_action,3,699722442357,20992,-1,-1,-1,-1,-1
13.8426,veh8,drop_decision_no_action,10,699722442208,20957,-1,-1,-1,-1,-1
13.8518,veh8,drop_decision_no_action,9,38403,21026,-1,-1,-1,-1,-1
13.8538,veh8,drop_decision_no_action,7,699722442360,21003,-1,-1,-1,-1,-1
13.8583,veh8,drop_decision_no_action,12,699722442371,21019,-1,-1,-1,-1,-1
13.8678,veh8,drop_decision_no_action,6,699722442392,21046,-1,-1,-1,-1,-1
13.8823,veh8,drop_decision_no_action,4,699722442398,21054,-1,-1,-1,-1,-1
13.8983,veh8,drop_decision_no_action,2,38452,21091,-1,-1,-1,-1,-1
13.9013,veh8,drop_decision_no_action,11,699722442424,21088,-1,-1,-1,-1,-1
13.9183,veh8,drop_decision_no_action,2,699722442498,21109,-1,-1,-1,-1,-1
13.9213,veh8,drop_decision_no_action,11,38457,21088,-1,-1,-1,-1,-1
13.9256,veh8,drop_decision_no_action,10,699722442492,21108,-1,-1,-1,-1,-1
13.9278,veh8,drop_decision_no_action,5,699722442518,21130,-1,-1,-1,-1,-1
13.9371,veh8,drop_decision_no_action,3,699722442535,21152,-1,-1,-1,-1,-1
13.9383,veh8,drop_decision_no_action,12,38548,21140,-1,-1,-1,-1,-1
13.9518,veh8,drop_decision_no_action,9,38582,21186,-1,-1,-1,-1,-1
13.9538,veh8,drop_decision_no_action,7,699722442538,21153,-1,-1,-1,-1,-1
13.9583,veh8,drop_decision_no_action,12,699722442549,21172,-1,-1,-1,-1,-1
13.9678,veh8,drop_decision_no_action,6,699722442573,21205,-1,-1,-1,-1,-1
13.9823,veh8,drop_decision_no_action,4,699722442578,21213,-1,-1,-1,-1,-1
14.0013,veh8,drop_decision_no_action,11,699722442605,21247,-1,-1,-1,-1,-1
14.0078,veh8,drop_decision_no_action,5,38694,21259,-1,-1,-1,-1,-1
14.0183,veh8,drop_decision_no_action,2,699722442681,21267,-1,-1,-1,-1,-1
14.0213,veh8,drop_decision_no_action,11,38634,21247,-1,-1,-1,-1,-1
14.0278,veh8,drop_decision_no_action,5,699722442701,21286,-1,-1,-1,-1,-1
14.0306,veh8,drop_decision_no_action,10,699722442676,21265,-1,-1,-1,-1,-1
14.0371,veh8,drop_decision_no_action,3,699722442716,21313,-1,-1,-1,-1,-1
14.0538,veh8,drop_decision_no_action,7,699722442719,21314,-1,-1,-1,-1,-1
14.0538,veh8,drop_decision_no_action,7,38752,21314,-1,-1,-1,-1,-1
14.0583,veh8,drop_decision_no_action,12,699722442732,21329,-1,-1,-1,-1,-1
14.0678,veh8,drop_decision_no_action,6,38770,21341,-1,-1,-1,-1,-1
14.0678,veh8,drop_decision_no_action,6,699722442757,21341,-1,-1,-1,-1,-1
14.0696,veh8,drop_decision_no_action,9,38766,21340,-1,-1,-1,-1,-1
14.0706,veh8,drop_decision_no_action,4,699722442763,21360,-1,-1,-1,-1,-1
14.0983,veh8,drop_decision_no_action,2,38821,21405,-1,-1,-1,-1,-1
14.1013,veh8,drop_decision_no_action,11,699722442792,21402,-1,-1,-1,-1,-1
14.1183,veh8,drop_decision_no_action,2,699722442872,21426,-1,-1,-1,-1,-1
14.1213,veh8,drop_decision_no_action,11,38825,21402,-1,-1,-1,-1,-1
14.1266,veh8,drop_decision_no_action,10,699722442867,21423,-1,-1,-1,-1,-1
14.1278,veh8,drop_decision_no_action,5,699722442897,21451,-1,-1,-1,-1,-1
14.1306,veh8,drop_decision_no_action,4,38906,21444,-1,-1,-1,-1,-1
14.1371,veh8,drop_decision_no_action,3,38936,21472,-1,-1,-1,-1,-1
14.1371,veh8,drop_decision_no_action,3,699722442917,21472,-1,-1,-1,-1,-1
14.1538,veh8,cpm_drop_reaction,7,699722442919,21483,-1,-1,0,0,15
14.1566,veh8,drop_decision_no_action,12,699722442930,21498,-1,-1,-1,-1,-1
14.1696,veh8,drop_decision_no_action,9,38963,21508,-1,-1,-1,-1,-1
14.1706,veh8,drop_decision_no_action,4,699722442960,21529,-1,-1,-1,-1,-1
14.1738,veh8,drop_decision_no_action,6,699722442955,21523,-1,-1,-1,-1,-1
14.2013,veh8,drop_decision_no_action,11,699722442988,21568,-1,-1,-1,-1,-1
14.2183,veh8,drop_decision_no_action,2,699722443065,21585,-1,-1,-1,-1,-1
14.2213,veh8,drop_decision_no_action,11,39017,21568,-1,-1,-1,-1,-1
14.2278,veh8,drop_decision_no_action,5,699722443084,21602,-1,-1,-1,-1,-1
14.2306,veh8,drop_decision_no_action,10,699722443059,21582,-1,-1,-1,-1,-1
14.2371,veh8,drop_decision_no_action,3,699722443102,21627,-1,-1,-1,-1,-1
14.2538,veh8,drop_decision_no_action,7,699722443104,21628,-1,-1,-1,-1,-1
14.2566,veh8,drop_decision_no_action,12,699722443115,21642,-1,-1,-1,-1,-1
14.2696,veh8,drop_decision_no_action,9,39149,21654,-1,-1,-1,-1,-1
14.2696,veh8,drop_decision_no_action,9,699722443141,21654,-1,-1,-1,-1,-1
14.2706,veh8,drop_decision_no_action,4,699722443146,21681,-1,-1,-1,-1,-1
14.2738,veh8,drop_decision_no_action,6,699722443139,21674,-1,-1,-1,-1,-1
14.2983,veh8,drop_decision_no_action,2,39202,21725,-1,-1,-1,-1,-1
14.3013,veh8,drop_decision_no_action,11,699722443174,21720,-1,-1,-1,-1,-1
14.3078,veh8,drop_decision_no_action,5,39367,21737,-1,-1,-1,-1,-1
14.3183,veh8,drop_decision_no_action,2,699722443353,21745,-1,-1,-1,-1,-1
14.3213,veh8,drop_decision_no_action,11,39206,21720,-1,-1,-1,-1,-1
14.3266,veh8,drop_decision_no_action,10,699722443348,21742,-1,-1,-1,-1,-1
14.3278,veh8,drop_decision_no_action,5,699722443372,21767,-1,-1,-1,-1,-1
14.3371,veh8,drop_decision_no_action,3,699722443387,21794,-1,-1,-1,-1,-1
14.3538,veh8,drop_decision_no_action,7,699722443390,21795,-1,-1,-1,-1,-1
14.3538,veh8,drop_decision_no_action,7,39423,21795,-1,-1,-1,-1,-1
14.3538,veh8,drop_decision_no_action,6,39440,21821,-1,-1,-1,-1,-1
14.3566,veh8,drop_decision_no_action,12,699722443403,21810,-1,-1,-1,-1,-1
14.3696,veh8,drop_decision_no_action,9,39436,21820,-1,-1,-1,-1,-1
14.3706,veh8,drop_decision_no_action,4,699722443435,21849,-1,-1,-1,-1,-1
14.3738,veh8,drop_decision_no_action,6,699722443429,21843,-1,-1,-1,-1,-1
14.3866,veh8,drop_decision_no_action,10,39475,21877,-1,-1,-1,-1,-1
14.4016,veh8,drop_decision_no_action,11,699722443467,21895,-1,-1,-1,-1,-1
14.4183,veh8,drop_decision_no_action,2,699722443541,21917,-1,-1,-1,-1,-1
14.4216,veh8,drop_decision_no_action,11,39496,21895,-1,-1,-1,-1,-1
14.4266,veh8,drop_decision_no_action,10,699722443536,21914,-1,-1,-1,-1,-1
14.4278,veh8,drop_decision_no_action,5,699722443563,21933,-1,-1,-1,-1,-1
14.4306,veh8,drop_decision_no_action,4,39573,21925,-1,-1,-1,-1,-1
14.4371,veh8,drop_decision_no_action,3,39601,21955,-1,-1,-1,-1,-1
14.4371,veh8,drop_decision_no_action,3,699722443582,21955,-1,-1,-1,-1,-1
14.4538,veh8,drop_decision_no_action,7,699722443584,21964,-1,-1,-1,-1,-1
14.4566,veh8,drop_decision_no_action,12,699722443595,21979,-1,-1,-1,-1,-1
14.4696,veh8,drop_decision_no_action,9,39628,21988,-1,-1,-1,-1,-1
14.4706,veh8,drop_decision_no_action,4,699722443622,22009,-1,-1,-1,-1,-1
14.4738,veh8,drop_decision_no_action,6,699722443617,22003,-1,-1,-1,-1,-1
14.4983,veh8,drop_decision_no_action,2,39678,22053,-1,-1,-1,-1,-1
14.5016,veh8,drop_decision_no_action,11,699722443650,22048,-1,-1,-1,-1,-1
14.5183,veh8,drop_decision_no_action,2,699722443726,22073,-1,-1,-1,-1,-1
14.5278,veh8,drop_decision_no_action,5,699722443744,22088,-1,-1,-1,-1,-1
14.5306,veh8,drop_decision_no_action,10,699722443721,22070,-1,-1,-1,-1,-1
14.5366,veh8,drop_decision_no_action,12,39774,22097,-1,-1,-1,-1,-1
14.5371,veh8,drop_decision_no_action,3,699722443761,22108,-1,-1,-1,-1,-1
14.5538,veh8,drop_decision_no_action,7,699722443763,22109,-1,-1,-1,-1,-1
14.5566,veh8,drop_decision_no_action,12,699722443775,22127,-1,-1,-1,-1,-1
14.5696,veh8,drop_decision_no_action,9,39809,22139,-1,-1,-1,-1,-1
14.5706,veh8,drop_decision_no_action,4,699722443803,22160,-1,-1,-1,-1,-1
14.5738,veh8,drop_decision_no_action,6,699722443798,22154,-1,-1,-1,-1,-1
14.6016,veh8,drop_decision_no_action,11,699722443834,22200,-1,-1,-1,-1,-1
14.6078,veh8,drop_decision_no_action,5,39925,22219,-1,-1,-1,-1,-1
14.6216,veh8,drop_decision_no_action,11,39864,22200,-1,-1,-1,-1,-1
14.6226,veh8,drop_decision_no_action,2,699722443911,22228,-1,-1,-1,-1,-1
14.6278,veh8,drop_decision_no_action,5,699722443930,22246,-1,-1,-1,-1,-1
14.6306,veh8,drop_decision_no_action,10,699722443906,22224,-1,-1,-1,-1,-1
14.6371,veh8,drop_decision_no_action,3,699722443946,22273,-1,-1,-1,-1,-1
14.6538,veh8,cpm_drop_reaction,7,699722443948,22275,-1,-1,0,0,15
14.6538,veh8,drop_decision_no_action,7,39982,22275,-1,-1,-1,-1,-1
14.6538,veh8,drop_decision_no_action,6,39999,22300,-1,-1,-1,-1,-1
14.6566,veh8,drop_decision_no_action,12,699722443962,22290,-1,-1,-1,-1,-1
14.6696,veh8,drop_decision_no_action,9,39995,22299,-1,-1,-1,-1,-1
14.6696,veh8,drop_decision_no_action,4,699722443997,22328,-1,-1,-1,-1,-1
14.6738,veh8,drop_decision_no_action,6,699722443991,22321,-1,-1,-1,-1,-1
14.7016,veh8,drop_decision_no_action,11,699722444024,22367,-1,-1,-1,-1,-1
14.7026,veh8,drop_decision_no_action,2,40051,22372,-1,-1,-1,-1,-1
14.7226,veh8,drop_decision_no_action,2,699722444096,22391,-1,-1,-1,-1,-1
14.7278,veh8,drop_decision_no_action,5,699722444118,22406,-1,-1,-1,-1,-1
14.7296,veh8,drop_decision_no_action,4,40127,22400,-1,-1,-1,-1,-1
14.7371,veh8,drop_decision_no_action,3,40160,22430,-1,-1,-1,-1,-1
14.7371,veh8,drop_decision_no_action,3,699722444140,22430,-1,-1,-1,-1,-1
14.7538,veh8,drop_decision_no_action,7,699722444143,22434,-1,-1,-1,-1,-1
14.7566,veh8,drop_decision_no_action,12,699722444154,22454,-1,-1,-1,-1,-1
14.7631,veh8,drop_decision_no_action,9,40188,22464,-1,-1,-1,-1,-1
14.7631,veh8,drop_decision_no_action,9,699722444181,22464,-1,-1,-1,-1,-1
14.7696,veh8,drop_decision_no_action,4,699722444187,22492,-1,-1,-1,-1,-1
14.7768,veh8,drop_decision_no_action,6,699722444178,22481,-1,-1,-1,-1,-1
14.8016,veh8,drop_decision_no_action,11,699722444213,22528,-1,-1,-1,-1,-1
14.8026,veh8,drop_decision_no_action,2,40240,22533,-1,-1,-1,-1,-1
14.8216,veh8,drop_decision_no_action,11,40245,22528,-1,-1,-1,-1,-1
14.8226,veh8,drop_decision_no_action,2,699722444390,22553,-1,-1,-1,-1,-1
14.8286,veh8,drop_decision_no_action,5,699722444410,22570,-1,-1,-1,-1,-1
14.8371,veh8,drop_decision_no_action,3,699722444426,22594,-1,-1,-1,-1,-1
14.8538,veh8,drop_decision_no_action,7,699722444429,22596,-1,-1,-1,-1,-1
14.8566,veh8,drop_decision_no_action,12,699722444440,22614,-1,-1,-1,-1,-1
14.8631,veh8,drop_decision_no_action,9,40473,22619,-1,-1,-1,-1,-1
14.8696,veh8,drop_decision_no_action,4,699722444470,22643,-1,-1,-1,-1,-1
14.8738,veh8,drop_decision_no_action,6,699722444462,22633,-1,-1,-1,-1,-1
14.9016,veh8,drop_decision_no_action,11,699722444496,22679,-1,-1,-1,-1,-1
14.9026,veh8,drop_decision_no_action,2,40525,22684,-1,-1,-1,-1,-1
14.9086,veh8,drop_decision_no_action,5,40585,22699,-1,-1,-1,-1,-1
14.9226,veh8,drop_decision_no_action,2,699722444572,22707,-1,-1,-1,-1,-1
14.9233,veh8,drop_decision_no_action,10,699722444385,22551,-1,-1,-1,-1,-1
14.9233,veh8,drop_decision_no_action,10,699722444567,22704,-1,-1,-1,-1,-1
14.9286,veh8,drop_decision_no_action,5,699722444592,22725,-1,-1,-1,-1,-1
14.9371,veh8,drop_decision_no_action,3,699722444606,22746,-1,-1,-1,-1,-1
14.9538,veh8,drop_decision_no_action,7,699722444609,22748,-1,-1,-1,-1,-1
14.9538,veh8,drop_decision_no_action,7,40643,22748,-1,-1,-1,-1,-1
14.9538,veh8,drop_decision_no_action,6,40659,22773,-1,-1,-1,-1,-1
14.9566,veh8,drop_decision_no_action,12,699722444623,22766,-1,-1,-1,-1,-1
14.9631,veh8,drop_decision_no_action,9,40655,22772,-1,-1,-1,-1,-1
14.9696,veh8,drop_decision_no_action,4,699722444654,22803,-1,-1,-1,-1,-1
14.9738,veh8,drop_decision_no_action,6,699722444648,22793,-1,-1,-1,-1,-1
14.9833,veh8,drop_decision_no_action,10,40695,22833,-1,-1,-1,-1,-1
15.0088,veh8,drop_decision_no_action,11,699722444685,22845,-1,-1,-1,-1,-1
15.0226,veh8,drop_decision_no_action,2,699722444757,22864,-1,-1,-1,-1,-1
15.0233,veh8,drop_decision_no_action,10,699722444750,22859,-1,-1,-1,-1,-1
15.0286,veh8,drop_decision_no_action,5,699722444779,22878,-1,-1,-1,-1,-1
15.0288,veh8,drop_decision_no_action,11,40716,22845,-1,-1,-1,-1,-1
15.0296,veh8,drop_decision_no_action,4,40788,22873,-1,-1,-1,-1,-1
15.0371,veh8,drop_decision_no_action,3,40818,22908,-1,-1,-1,-1,-1
15.0371,veh8,drop_decision_no_action,3,699722444798,22908,-1,-1,-1,-1,-1
15.0538,veh8,drop_decision_no_action,7,699722444801,22911,-1,-1,-1,-1,-1
15.0566,veh8,drop_decision_no_action,12,699722444814,22933,-1,-1,-1,-1,-1
15.0631,veh8,drop_decision_no_action,9,40846,22940,-1,-1,-1,-1,-1
15.0696,veh8,drop_decision_no_action,4,699722444841,22962,-1,-1,-1,-1,-1
15.0738,veh8,drop_decision_no_action,6,699722444834,22953,-1,-1,-1,-1,-1
15.1026,veh8,drop_decision_no_action,2,40900,23013,-1,-1,-1,-1,-1
15.1088,veh8,drop_decision_no_action,11,699722444872,23006,-1,-1,-1,-1,-1
15.1226,veh8,drop_decision_no_action,2,699722444942,23027,-1,-1,-1,-1,-1
15.1233,veh8,drop_decision_no_action,10,699722444935,23022,-1,-1,-1,-1,-1
15.1286,veh8,drop_decision_no_action,5,699722444962,23044,-1,-1,-1,-1,-1
15.1333,veh8,drop_decision_no_action,12,40991,23052,-1,-1,-1,-1,-1
15.1371,veh8,drop_decision_no_action,3,699722444980,23070,-1,-1,-1,-1,-1
15.1533,veh8,drop_decision_no_action,12,699722444995,23089,-1,-1,-1,-1,-1
15.1538,veh8,cpm_drop_reaction,7,699722444983,23072,-1,-1,0,0,15
15.1631,veh8,drop_decision_no_action,9,41028,23099,-1,-1,-1,-1,-1
15.1738,veh8,drop_decision_no_action,6,699722445020,23112,-1,-1,-1,-1,-1
15.1836,veh8,drop_decision_no_action,4,699722445027,23122,-1,-1,-1,-1,-1
15.2086,veh8,drop_decision_no_action,5,41136,23169,-1,-1,-1,-1,-1
15.2088,veh8,drop_decision_no_action,11,699722445054,23161,-1,-1,-1,-1,-1
15.2226,veh8,drop_decision_no_action,2,699722445124,23177,-1,-1,-1,-1,-1
15.2233,veh8,drop_decision_no_action,10,699722445117,23173,-1,-1,-1,-1,-1
15.2286,veh8,drop_decision_no_action,5,699722445143,23195,-1,-1,-1,-1,-1
15.2523,veh8,drop_decision_no_action,3,699722445158,23219,-1,-1,-1,-1,-1
15.2533,veh8,drop_decision_no_action,12,699722445173,23230,-1,-1,-1,-1,-1
15.2538,veh8,drop_decision_no_action,7,699722445160,23221,-1,-1,-1,-1,-1
15.2538,veh8,drop_decision_no_action,7,41193,23221,-1,-1,-1,-1,-1
15.2538,veh8,drop_decision_no_action,6,41210,23240,-1,-1,-1,-1,-1
15.2616,veh8,drop_decision_no_action,9,41206,23236,-1,-1,-1,-1,-1
15.2738,veh8,drop_decision_no_action,6,699722445201,23264,-1,-1,-1,-1,-1
15.2816,veh8,drop_decision_no_action,9,699722445204,23265,-1,-1,-1,-1,-1
15.2836,veh8,drop_decision_no_action,4,699722445209,23275,-1,-1,-1,-1,-1
15.3026,veh8,drop_decision_no_action,2,41266,23324,-1,-1,-1,-1,-1
15.3088,veh8,drop_decision_no_action,11,699722445238,23320,-1,-1,-1,-1,-1
15.3226,veh8,drop_decision_no_action,2,699722445402,23338,-1,-1,-1,-1,-1
15.3236,veh8,drop_decision_no_action,4,41434,23351,-1,-1,-1,-1,-1
15.3286,veh8,drop_decision_no_action,5,699722445424,23357,-1,-1,-1,-1,-1
15.3313,veh8,drop_decision_no_action,10,699722445396,23334,-1,-1,-1,-1,-1
15.3438,veh8,drop_decision_no_action,7,699722445450,23390,-1,-1,-1,-1,-1
15.3523,veh8,drop_decision_no_action,3,41467,23387,-1,-1,-1,-1,-1
15.3523,veh8,drop_decision_no_action,3,699722445447,23387,-1,-1,-1,-1,-1
15.3533,veh8,drop_decision_no_action,12,699722445459,23402,-1,-1,-1,-1,-1
15.3616,veh8,drop_decision_no_action,9,41494,23416,-1,-1,-1,-1,-1
15.3738,veh8,drop_decision_no_action,6,699722445484,23435,-1,-1,-1,-1,-1
15.3836,veh8,drop_decision_no_action,4,699722445490,23445,-1,-1,-1,-1,-1
15.4088,veh8,drop_decision_no_action,11,699722445516,23481,-1,-1,-1,-1,-1
15.4226,veh8,drop_decision_no_action,2,699722445578,23494,-1,-1,-1,-1,-1
15.4233,veh8,drop_decision_no_action,10,699722445571,23490,-1,-1,-1,-1,-1
15.4286,veh8,drop_decision_no_action,5,699722445596,23508,-1,-1,-1,-1,-1
15.4438,veh8,drop_decision_no_action,7,699722445613,23532,-1,-1,-1,-1,-1
15.4523,veh8,drop_decision_no_action,3,699722445610,23530,-1,-1,-1,-1,-1
15.4533,veh8,drop_decision_no_action,12,699722445624,23544,-1,-1,-1,-1,-1
15.4616,veh8,drop_decision_no_action,9,41657,23554,-1,-1,-1,-1,-1
15.4738,veh8,drop_decision_no_action,6,699722445647,23570,-1,-1,-1,-1,-1
15.4836,veh8,drop_decision_no_action,4,699722445654,23580,-1,-1,-1,-1,-1
15.5026,veh8,drop_decision_no_action,2,41708,23618,-1,-1,-1,-1,-1
15.5086,veh8,drop_decision_no_action,5,41761,23629,-1,-1,-1,-1,-1
15.5088,veh8,drop_decision_no_action,11,699722445680,23616,-1,-1,-1,-1,-1
15.5226,veh8,drop_decision_no_action,2,699722445749,23637,-1,-1,-1,-1,-1
15.5233,veh8,drop_decision_no_action,10,699722445743,23633,-1,-1,-1,-1,-1
15.5286,veh8,drop_decision_no_action,5,699722445767,23660,-1,-1,-1,-1,-1
15.5438,veh8,drop_decision_no_action,7,699722445784,23683,-1,-1,-1,-1,-1
15.5523,veh8,drop_decision_no_action,3,699722445781,23681,-1,-1,-1,-1,-1
15.5533,veh8,drop_decision_no_action,12,699722445796,23697,-1,-1,-1,-1,-1
15.5573,veh8,drop_decision_no_action,7,41816,23695,-1,-1,-1,-1,-1
15.5616,veh8,drop_decision_no_action,9,41829,23707,-1,-1,-1,-1,-1
15.5618,veh8,drop_decision_no_action,6,41834,23711,-1,-1,-1,-1,-1
15.5618,veh8,drop_decision_no_action,6,699722445822,23711,-1,-1,-1,-1,-1
15.5833,veh8,drop_decision_no_action,10,41868,23760,-1,-1,-1,-1,-1
15.5836,veh8,drop_decision_no_action,4,699722445830,23742,-1,-1,-1,-1,-1
15.6088,veh8,drop_decision_no_action,11,699722445860,23784,-1,-1,-1,-1,-1
15.6228,veh8,drop_decision_no_action,2,699722445924,23799,-1,-1,-1,-1,-1
15.6233,veh8,drop_decision_no_action,10,699722445917,23795,-1,-1,-1,-1,-1
15.6236,veh8,drop_decision_no_action,4,41954,23807,-1,-1,-1,-1,-1
15.6286,veh8,drop_decision_no_action,5,699722445941,23814,-1,-1,-1,-1,-1
15.6288,veh8,drop_decision_no_action,11,41890,23784,-1,-1,-1,-1,-1
15.6438,veh8,drop_decision_no_action,7,699722445964,23849,-1,-1,-1,-1,-1
15.6523,veh8,drop_decision_no_action,3,41981,23846,-1,-1,-1,-1,-1
15.6523,veh8,drop_decision_no_action,3,699722445961,23846,-1,-1,-1,-1,-1
15.6533,veh8,drop_decision_no_action,12,699722445974,23865,-1,-1,-1,-1,-1
15.6616,veh8,cam_drop_reaction,9,42007,23875,-1,-1,0,0,15
15.6618,veh8,drop_decision_no_action,6,699722446000,23892,-1,-1,-1,-1,-1
15.6736,veh8,drop_decision_no_action,4,699722446009,23905,-1,-1,-1,-1,-1
15.7023,veh8,drop_decision_no_action,11,699722446036,23939,-1,-1,-1,-1,-1
15.7028,veh8,drop_decision_no_action,2,42066,23945,-1,-1,-1,-1,-1
15.7228,veh8,drop_decision_no_action,2,699722446102,23962,-1,-1,-1,-1,-1
15.7286,veh8,drop_decision_no_action,5,699722446117,23983,-1,-1,-1,-1,-1
15.7313,veh8,drop_decision_no_action,10,699722446096,23961,-1,-1,-1,-1,-1
15.7333,veh8,drop_decision_no_action,12,42148,23989,-1,-1,-1,-1,-1
15.7438,veh8,drop_decision_no_action,7,699722446140,24008,-1,-1,-1,-1,-1
15.7486,veh8,drop_decision_no_action,3,699722446138,24007,-1,-1,-1,-1,-1
15.7533,veh8,drop_decision_no_action,12,699722446150,24024,-1,-1,-1,-1,-1
15.7616,veh8,drop_decision_no_action,9,42185,24041,-1,-1,-1,-1,-1
15.7618,veh8,drop_decision_no_action,6,699722446172,24053,-1,-1,-1,-1,-1
15.7736,veh8,drop_decision_no_action,4,699722446180,24064,-1,-1,-1,-1,-1
15.8023,veh8,drop_decision_no_action,11,699722446205,24097,-1,-1,-1,-1,-1
15.8028,veh8,drop_decision_no_action,2,42232,24099,-1,-1,-1,-1,-1
15.8086,veh8,drop_decision_no_action,5,42285,24112,-1,-1,-1,-1,-1
15.8228,veh8,drop_decision_no_action,2,699722446271,24118,-1,-1,-1,-1,-1
15.8281,veh8,drop_decision_no_action,10,699722446265,24117,-1,-1,-1,-1,-1
15.8286,veh8,drop_decision_no_action,5,699722446288,24142,-1,-1,-1,-1,-1
15.8333,veh8,drop_decision_no_action,12,42317,24147,-1,-1,-1,-1,-1
15.8438,veh8,drop_decision_no_action,7,699722446409,24165,-1,-1,-1,-1,-1
15.8486,veh8,drop_decision_no_action,3,699722446406,24164,-1,-1,-1,-1,-1
15.8533,veh8,drop_decision_no_action,12,699722446421,24184,-1,-1,-1,-1,-1
15.8573,veh8,drop_decision_no_action,7,42441,24181,-1,-1,-1,-1,-1
15.8616,veh8,drop_decision_no_action,9,42456,24201,-1,-1,-1,-1,-1
15.8618,veh8,drop_decision_no_action,6,42459,24202,-1,-1,-1,-1,-1
15.8618,veh8,drop_decision_no_action,6,699722446446,24202,-1,-1,-1,-1,-1
15.8736,veh8,drop_decision_no_action,4,699722446455,24231,-1,-1,-1,-1,-1
15.8816,veh8,drop_decision_no_action,9,699722446450,24221,-1,-1,-1,-1,-1
15.9023,veh8,drop_decision_no_action,11,699722446483,24272,-1,-1,-1,-1,-1
15.9028,veh8,drop_decision_no_action,2,42510,24275,-1,-1,-1,-1,-1
15.9228,veh8,drop_decision_no_action,2,699722446544,24291,-1,-1,-1,-1,-1
15.9253,veh8,drop_decision_no_action,5,699722446562,24311,-1,-1,-1,-1,-1
15.9281,veh8,drop_decision_no_action,10,699722446539,24290,-1,-1,-1,-1,-1
15.9333,veh8,drop_decision_no_action,12,42592,24320,-1,-1,-1,-1,-1
15.9336,veh8,drop_decision_no_action,4,42575,24303,-1,-1,-1,-1,-1
15.9373,veh8,drop_decision_no_action,7,699722446587,24340,-1,-1,-1,-1,-1
15.9486,veh8,drop_decision_no_action,3,42604,24335,-1,-1,-1,-1,-1
15.9486,veh8,drop_decision_no_action,3,699722446584,24335,-1,-1,-1,-1,-1
15.9533,veh8,drop_decision_no_action,12,699722446597,24356,-1,-1,-1,-1,-1
15.9616,veh8,drop_decision_no_action,9,42633,24377,-1,-1,-1,-1,-1
15.9618,veh8,drop_decision_no_action,6,699722446619,24389,-1,-1,-1,-1,-1
15.9736,veh8,drop_decision_no_action,4,699722446627,24400,-1,-1,-1,-1,-1
16.0023,veh8,drop_decision_no_action,11,699722446653,24433,-1,-1,-1,-1,-1
16.0028,veh8,drop_decision_no_action,2,42681,24435,-1,-1,-1,-1,-1
16.0228,veh8,drop_decision_no_action,2,699722446714,24452,-1,-1,-1,-1,-1
16.0253,veh8,drop_decision_no_action,5,699722446730,24470,-1,-1,-1,-1,-1
16.0281,veh8,drop_decision_no_action,10,699722446709,24450,-1,-1,-1,-1,-1
16.0301,veh8,drop_decision_no_action,12,42760,24479,-1,-1,-1,-1,-1
16.0373,veh8,drop_decision_no_action,7,699722446752,24498,-1,-1,-1,-1,-1
16.0486,veh8,drop_decision_no_action,3,699722446749,24497,-1,-1,-1,-1,-1
16.0501,veh8,drop_decision_no_action,12,699722446762,24511,-1,-1,-1,-1,-1
16.0616,veh8,drop_decision_no_action,9,42797,24531,-1,-1,-1,-1,-1
16.0618,veh8,drop_decision_no_action,6,699722446784,24540,-1,-1,-1,-1,-1
16.0736,veh8,drop_decision_no_action,4,699722446790,24551,-1,-1,-1,-1,-1
16.1023,veh8,drop_decision_no_action,11,699722446816,24584,-1,-1,-1,-1,-1
16.1228,veh8,drop_decision_no_action,2,699722446877,24600,-1,-1,-1,-1,-1
16.1253,veh8,drop_decision_no_action,5,42892,24595,-1,-1,-1,-1,-1
16.1253,veh8,drop_decision_no_action,5,699722446892,24595,-1,-1,-1,-1,-1
16.1281,veh8,drop_decision_no_action,10,699722446871,24598,-1,-1,-1,-1,-1
16.1301,veh8,drop_decision_no_action,12,42921,24623,-1,-1,-1,-1,-1
16.1486,veh8,drop_decision_no_action,3,699722446913,24644,-1,-1,-1,-1,-1
16.1501,veh8,drop_decision_no_action,12,699722446930,24663,-1,-1,-1,-1,-1
16.1618,veh8,cam_drop_reaction,6,42971,24686,-1,-1,0,0,15
16.1618,veh8,drop_decision_no_action,6,699722446956,24686,-1,-1,-1,-1,-1
16.1621,veh8,drop_decision_no_action,9,42967,24683,-1,-1,-1,-1,-1
16.1736,veh8,drop_decision_no_action,4,699722446966,24713,-1,-1,-1,-1,-1
16.1881,veh8,drop_decision_no_action,10,43006,24732,-1,-1,-1,-1,-1
16.2023,veh8,drop_decision_no_action,11,699722446996,24749,-1,-1,-1,-1,-1
16.2028,veh8,drop_decision_no_action,2,43024,24752,-1,-1,-1,-1,-1
16.2223,veh8,drop_decision_no_action,11,43029,24749,-1,-1,-1,-1,-1
16.2228,veh8,drop_decision_no_action,2,699722447063,24773,-1,-1,-1,-1,-1
16.2253,veh8,drop_decision_no_action,5,699722447082,24794,-1,-1,-1,-1,-1
16.2301,veh8,drop_decision_no_action,12,43112,24804,-1,-1,-1,-1,-1
16.2336,veh8,drop_decision_no_action,4,43094,24784,-1,-1,-1,-1,-1
16.2373,veh8,drop_decision_no_action,10,699722447058,24771,-1,-1,-1,-1,-1
16.2486,veh8,drop_decision_no_action,3,43125,24821,-1,-1,-1,-1,-1
16.2486,veh8,drop_decision_no_action,3,699722447104,24821,-1,-1,-1,-1,-1
16.2501,veh8,drop_decision_no_action,12,699722447117,24844,-1,-1,-1,-1,-1
16.2573,veh8,drop_decision_no_action,7,42951,24660,-1,-1,-1,-1,-1
16.2573,veh8,drop_decision_no_action,7,699722447107,24827,-1,-1,-1,-1,-1
16.2618,veh8,drop_decision_no_action,6,699722447140,24874,-1,-1,-1,-1,-1
16.2621,veh8,drop_decision_no_action,9,43154,24868,-1,-1,-1,-1,-1
16.2736,veh8,drop_decision_no_action,4,699722447147,24890,-1,-1,-1,-1,-1
16.3023,veh8,drop_decision_no_action,11,699722447176,24922,-1,-1,-1,-1,-1
16.3228,veh8,drop_decision_no_action,2,699722447236,24943,-1,-1,-1,-1,-1
16.3253,veh8,drop_decision_no_action,5,699722447250,24958,-1,-1,-1,-1,-1
16.3373,veh8,drop_decision_no_action,10,699722447230,24941,-1,-1,-1,-1,-1
16.3373,veh8,drop_decision_no_action,7,699722447268,24981,-1,-1,-1,-1,-1
16.3486,veh8,drop_decision_no_action,3,699722447265,24980,-1,-1,-1,-1,-1
16.3501,veh8,drop_decision_no_action,12,699722447278,24994,-1,-1,-1,-1,-1
16.3618,veh8,drop_decision_no_action,6,699722447298,25017,-1,-1,-1,-1,-1
16.3621,veh8,drop_decision_no_action,9,43313,25011,-1,-1,-1,-1,-1
16.3736,veh8,drop_decision_no_action,4,699722447306,25033,-1,-1,-1,-1,-1
16.4023,veh8,drop_decision_no_action,11,699722447430,25064,-1,-1,-1,-1,-1
16.4028,veh8,drop_decision_no_action,2,43458,25066,-1,-1,-1,-1,-1
16.4173,veh8,drop_decision_no_action,5,43509,25079,-1,-1,-1,-1,-1
16.4228,veh8,drop_decision_no_action,2,699722447494,25084,-1,-1,-1,-1,-1
16.4281,veh8,drop_decision_no_action,10,699722447489,25082,-1,-1,-1,-1,-1
16.4301,veh8,drop_decision_no_action,12,43539,25111,-1,-1,-1,-1,-1
16.4373,veh8,drop_decision_no_action,7,699722447530,25130,-1,-1,-1,-1,-1
16.4373,veh8,drop_decision_no_action,5,699722447510,25105,-1,-1,-1,-1,-1
16.4486,veh8,drop_decision_no_action,3,699722447527,25129,-1,-1,-1,-1,-1
16.4501,veh8,drop_decision_no_action,12,699722447543,25147,-1,-1,-1,-1,-1
16.4573,veh8,drop_decision_no_action,7,43563,25144,-1,-1,-1,-1,-1
16.4618,veh8,drop_decision_no_action,6,43585,25172,-1,-1,-1,-1,-1
16.4618,veh8,drop_decision_no_action,6,699722447570,25172,-1,-1,-1,-1,-1
16.4621,veh8,drop_decision_no_action,9,43580,25168,-1,-1,-1,-1,-1
16.4736,veh8,drop_decision_no_action,4,699722447581,25201,-1,-1,-1,-1,-1
16.4821,veh8,drop_decision_no_action,9,699722447575,25189,-1,-1,-1,-1,-1
16.5023,veh8,drop_decision_no_action,11,699722447608,25239,-1,-1,-1,-1,-1
16.5228,veh8,drop_decision_no_action,2,699722447666,25255,-1,-1,-1,-1,-1
16.5336,veh8,drop_decision_no_action,4,43696,25263,-1,-1,-1,-1,-1
16.5373,veh8,drop_decision_no_action,7,699722447704,25289,-1,-1,-1,-1,-1
16.5373,veh8,drop_decision_no_action,5,699722447685,25271,-1,-1,-1,-1,-1
16.5486,veh8,drop_decision_no_action,3,43722,25285,-1,-1,-1,-1,-1
16.5486,veh8,drop_decision_no_action,3,699722447701,25285,-1,-1,-1,-1,-1
16.5501,veh8,drop_decision_no_action,12,699722447714,25306,-1,-1,-1,-1,-1
16.5618,veh8,drop_decision_no_action,6,699722447736,25338,-1,-1,-1,-1,-1
16.5621,veh8,drop_decision_no_action,9,43749,25328,-1,-1,-1,-1,-1
16.5736,veh8,drop_decision_no_action,4,699722447743,25353,-1,-1,-1,-1,-1
16.6023,veh8,drop_decision_no_action,11,699722447772,25388,-1,-1,-1,-1,-1
16.6028,veh8,drop_decision_no_action,2,43800,25390,-1,-1,-1,-1,-1
16.6228,veh8,drop_decision_no_action,2,699722447840,25411,-1,-1,-1,-1,-1
16.6373,veh8,drop_decision_no_action,5,699722447856,25430,-1,-1,-1,-1,-1
16.6373,veh8,drop_decision_no_action,7,699722447872,25445,-1,-1,-1,-1,-1
16.6486,veh8,drop_decision_no_action,3,699722447869,25444,-1,-1,-1,-1,-1
16.6501,veh8,drop_decision_no_action,12,699722447882,25461,-1,-1,-1,-1,-1
16.6618,veh8,cpm_drop_reaction,6,699722447903,25489,-1,-1,0,0,15
16.6621,veh8,drop_decision_no_action,9,43917,25479,-1,-1,-1,-1,-1
16.6736,veh8,drop_decision_no_action,4,699722447913,25504,-1,-1,-1,-1,-1
16.6881,veh8,drop_decision_no_action,10,43781,25372,-1,-1,-1,-1,-1
16.6881,veh8,drop_decision_no_action,10,699722447835,25409,-1,-1,-1,-1,-1
16.6973,veh8,drop_decision_no_action,10,43951,25523,-1,-1,-1,-1,-1
16.7023,veh8,drop_decision_no_action,11,699722447942,25539,-1,-1,-1,-1,-1
16.7173,veh8,drop_decision_no_action,5,44021,25555,-1,-1,-1,-1,-1
16.7281,veh8,drop_decision_no_action,10,699722448001,25557,-1,-1,-1,-1,-1
16.7301,veh8,drop_decision_no_action,12,44050,25579,-1,-1,-1,-1,-1
16.7373,veh8,drop_decision_no_action,5,699722448021,25573,-1,-1,-1,-1,-1
16.7473,veh8,drop_decision_no_action,3,699722448041,25592,-1,-1,-1,-1,-1
16.7501,veh8,drop_decision_no_action,12,699722448056,25610,-1,-1,-1,-1,-1
16.7558,veh8,drop_decision_no_action,7,699722448044,25594,-1,-1,-1,-1,-1
16.7558,veh8,drop_decision_no_action,7,44077,25594,-1,-1,-1,-1,-1
16.7618,veh8,drop_decision_no_action,6,44096,25636,-1,-1,-1,-1,-1
16.7618,veh8,drop_decision_no_action,6,699722448083,25636,-1,-1,-1,-1,-1
16.7621,veh8,drop_decision_no_action,9,44091,25629,-1,-1,-1,-1,-1
16.7736,veh8,drop_decision_no_action,4,699722448090,25662,-1,-1,-1,-1,-1
16.7881,veh8,drop_decision_no_action,10,44128,25684,-1,-1,-1,-1,-1
16.8023,veh8,drop_decision_no_action,11,699722448119,25700,-1,-1,-1,-1,-1
16.8023,veh8,drop_decision_no_action,11,44152,25700,-1,-1,-1,-1,-1
16.8028,veh8,drop_decision_no_action,2,44147,25703,-1,-1,-1,-1,-1
16.8281,veh8,drop_decision_no_action,10,699722448181,25723,-1,-1,-1,-1,-1
16.8336,veh8,drop_decision_no_action,4,44216,25735,-1,-1,-1,-1,-1
16.8373,veh8,drop_decision_no_action,5,699722448204,25741,-1,-1,-1,-1,-1
16.8453,veh8,drop_decision_no_action,12,699722448230,25768,-1,-1,-1,-1,-1
16.8473,veh8,drop_decision_no_action,3,44239,25751,-1,-1,-1,-1,-1
16.8473,veh8,drop_decision_no_action,3,699722448219,25751,-1,-1,-1,-1,-1
16.8558,veh8,drop_decision_no_action,7,699722448221,25755,-1,-1,-1,-1,-1
16.8621,veh8,drop_decision_no_action,9,44266,25788,-1,-1,-1,-1,-1
16.8631,veh8,drop_decision_no_action,6,699722448254,25803,-1,-1,-1,-1,-1
16.8736,veh8,drop_decision_no_action,4,699722448261,25816,-1,-1,-1,-1,-1
16.8881,veh8,drop_decision_no_action,10,44299,25837,-1,-1,-1,-1,-1
16.9023,veh8,drop_decision_no_action,11,699722448292,25854,-1,-1,-1,-1,-1
16.9373,veh8,drop_decision_no_action,5,699722448466,25894,-1,-1,-1,-1,-1
16.9453,veh8,drop_decision_no_action,12,699722448489,25915,-1,-1,-1,-1,-1
16.9473,veh8,drop_decision_no_action,3,699722448478,25904,-1,-1,-1,-1,-1
16.9558,veh8,drop_decision_no_action,7,699722448481,25906,-1,-1,-1,-1,-1
16.9621,veh8,drop_decision_no_action,9,44525,25931,-1,-1,-1,-1,-1
16.9631,veh8,drop_decision_no_action,6,699722448513,25947,-1,-1,-1,-1,-1
16.9766,veh8,drop_decision_no_action,4,699722448520,25960,-1,-1,-1,-1,-1
17.0028,veh8,drop_decision_no_action,2,44578,26002,-1,-1,-1,-1,-1
17.0051,veh8,drop_decision_no_action,11,699722448550,25998,-1,-1,-1,-1,-1
17.0173,veh8,drop_decision_no_action,5,44630,26017,-1,-1,-1,-1,-1
17.0373,veh8,drop_decision_no_action,5,699722448632,26039,-1,-1,-1,-1,-1
17.0453,veh8,drop_decision_no_action,12,44661,26046,-1,-1,-1,-1,-1
17.0453,veh8,drop_decision_no_action,12,699722448663,26046,-1,-1,-1,-1,-1
17.0473,veh8,drop_decision_no_action,3,699722448648,26054,-1,-1,-1,-1,-1
17.0558,veh8,drop_decision_no_action,7,699722448651,26056,-1,-1,-1,-1,-1
17.0558,veh8,drop_decision_no_action,7,44683,26056,-1,-1,-1,-1,-1
17.0621,veh8,drop_decision_no_action,9,44698,26084,-1,-1,-1,-1,-1
17.0631,veh8,drop_decision_no_action,6,44702,26087,-1,-1,-1,-1,-1
17.0631,veh8,drop_decision_no_action,6,699722448689,26087,-1,-1,-1,-1,-1
17.0766,veh8,drop_decision_no_action,4,699722448698,26115,-1,-1,-1,-1,-1
17.0801,veh8,drop_decision_no_action,10,44559,25980,-1,-1,-1,-1,-1
17.0801,veh8,drop_decision_no_action,10,699722448611,26019,-1,-1,-1,-1,-1
17.0801,veh8,drop_decision_no_action,10,44738,26135,-1,-1,-1,-1,-1
17.0821,veh8,drop_decision_no_action,9,699722448693,26105,-1,-1,-1,-1,-1
17.1051,veh8,drop_decision_no_action,11,699722448731,26159,-1,-1,-1,-1,-1
17.1201,veh8,drop_decision_no_action,10,699722448787,26176,-1,-1,-1,-1,-1
17.1366,veh8,drop_decision_no_action,4,44821,26185,-1,-1,-1,-1,-1
17.1373,veh8,drop_decision_no_action,5,699722448810,26191,-1,-1,-1,-1,-1
17.1453,veh8,drop_decision_no_action,12,699722448837,26217,-1,-1,-1,-1,-1
17.1473,veh8,drop_decision_no_action,3,44846,26201,-1,-1,-1,-1,-1
17.1473,veh8,drop_decision_no_action,3,699722448825,26201,-1,-1,-1,-1,-1
17.1558,veh8,drop_decision_no_action,7,699722448828,26204,-1,-1,-1,-1,-1
17.1621,veh8,cam_drop_reaction,9,44873,26237,-1,-1,0,0,15
17.1631,veh8,drop_decision_no_action,6,699722448861,26253,-1,-1,-1,-1,-1
17.1766,veh8,drop_decision_no_action,4,699722448871,26267,-1,-1,-1,-1,-1
17.1821,veh8,drop_decision_no_action,9,699722448866,26257,-1,-1,-1,-1,-1
17.2028,veh8,drop_decision_no_action,2,44931,26309,-1,-1,-1,-1,-1
17.2051,veh8,drop_decision_no_action,11,699722448903,26305,-1,-1,-1,-1,-1
17.2201,veh8,drop_decision_no_action,10,699722448964,26328,-1,-1,-1,-1,-1
17.2228,veh8,drop_decision_no_action,2,699722448970,26331,-1,-1,-1,-1,-1
17.2373,veh8,drop_decision_no_action,5,699722448988,26353,-1,-1,-1,-1,-1
17.2453,veh8,drop_decision_no_action,12,699722449013,26380,-1,-1,-1,-1,-1
17.2473,veh8,drop_decision_no_action,3,699722449002,26368,-1,-1,-1,-1,-1
17.2558,veh8,drop_decision_no_action,7,699722449004,26370,-1,-1,-1,-1,-1
17.2621,veh8,drop_decision_no_action,9,45048,26396,-1,-1,-1,-1,-1
17.2631,veh8,drop_decision_no_action,6,699722449036,26412,-1,-1,-1,-1,-1
17.2766,veh8,drop_decision_no_action,4,699722449043,26425,-1,-1,-1,-1,-1
17.2801,veh8,drop_decision_no_action,10,45084,26445,-1,-1,-1,-1,-1
17.3028,veh8,drop_decision_no_action,2,45105,26468,-1,-1,-1,-1,-1
17.3051,veh8,drop_decision_no_action,11,699722449078,26464,-1,-1,-1,-1,-1
17.3173,veh8,drop_decision_no_action,5,45159,26486,-1,-1,-1,-1,-1
17.3373,veh8,drop_decision_no_action,5,699722449160,26512,-1,-1,-1,-1,-1
17.3453,veh8,drop_decision_no_action,12,699722449191,26543,-1,-1,-1,-1,-1
17.3473,veh8,drop_decision_no_action,3,699722449176,26527,-1,-1,-1,-1,-1
17.3558,veh8,drop_decision_no_action,7,699722449179,26529,-1,-1,-1,-1,-1
17.3558,veh8,drop_decision_no_action,7,45212,26529,-1,-1,-1,-1,-1
17.3621,veh8,drop_decision_no_action,9,45225,26561,-1,-1,-1,-1,-1
17.3631,veh8,drop_decision_no_action,6,45230,26567,-1,-1,-1,-1,-1
17.3631,veh8,drop_decision_no_action,6,699722449218,26567,-1,-1,-1,-1,-1
17.3766,veh8,drop_decision_no_action,4,699722449225,26594,-1,-1,-1,-1,-1
17.4028,veh8,drop_decision_no_action,2,45282,26629,-1,-1,-1,-1,-1
17.4051,veh8,drop_decision_no_action,11,699722449254,26626,-1,-1,-1,-1,-1
17.4051,veh8,drop_decision_no_action,11,45287,26626,-1,-1,-1,-1,-1
17.4366,veh8,drop_decision_no_action,4,45353,26667,-1,-1,-1,-1,-1
17.4386,veh8,drop_decision_no_action,5,699722449342,26672,-1,-1,-1,-1,-1
17.4453,veh8,drop_decision_no_action,12,699722449469,26699,-1,-1,-1,-1,-1
17.4473,veh8,drop_decision_no_action,3,45477,26683,-1,-1,-1,-1,-1
17.4473,veh8,drop_decision_no_action,3,699722449457,26683,-1,-1,-1,-1,-1
17.4508,veh8,drop_decision_no_action,7,699722449460,26685,-1,-1,-1,-1,-1
17.4588,veh8,drop_decision_no_action,9,45505,26721,-1,-1,-1,-1,-1
17.4631,veh8,drop_decision_no_action,6,699722449493,26737,-1,-1,-1,-1,-1
17.4766,veh8,drop_decision_no_action,4,699722449501,26749,-1,-1,-1,-1,-1
17.5028,veh8,drop_decision_no_action,2,45561,26790,-1,-1,-1,-1,-1
17.5051,veh8,drop_decision_no_action,11,699722449533,26787,-1,-1,-1,-1,-1
17.5201,veh8,drop_decision_no_action,10,699722449318,26649,-1,-1,-1,-1,-1
17.5201,veh8,drop_decision_no_action,10,45540,26768,-1,-1,-1,-1,-1
17.5201,veh8,drop_decision_no_action,10,699722449589,26809,-1,-1,-1,-1,-1
17.5386,veh8,drop_decision_no_action,5,699722449611,26831,-1,-1,-1,-1,-1
17.5453,veh8,drop_decision_no_action,12,699722449634,26854,-1,-1,-1,-1,-1
17.5473,veh8,drop_decision_no_action,3,699722449622,26842,-1,-1,-1,-1,-1
17.5508,veh8,drop_decision_no_action,7,699722449625,26843,-1,-1,-1,-1,-1
17.5588,veh8,drop_decision_no_action,9,45669,26872,-1,-1,-1,-1,-1
17.5631,veh8,drop_decision_no_action,6,699722449657,26888,-1,-1,-1,-1,-1
17.5766,veh8,drop_decision_no_action,4,699722449664,26900,-1,-1,-1,-1,-1
17.6051,veh8,drop_decision_no_action,11,699722449692,26931,-1,-1,-1,-1,-1
17.6186,veh8,drop_decision_no_action,5,45769,26948,-1,-1,-1,-1,-1
17.6386,veh8,drop_decision_no_action,5,699722449770,26970,-1,-1,-1,-1,-1
17.6403,veh8,drop_decision_no_action,3,699722449786,26985,-1,-1,-1,-1,-1
17.6453,veh8,drop_decision_no_action,12,45798,26976,-1,-1,-1,-1,-1
17.6453,veh8,drop_decision_no_action,12,699722449802,26976,-1,-1,-1,-1,-1
17.6508,veh8,drop_decision_no_action,7,699722449789,26987,-1,-1,-1,-1,-1
17.6508,veh8,drop_decision_no_action,7,45822,26987,-1,-1,-1,-1,-1
17.6588,veh8,drop_decision_no_action,9,45836,27015,-1,-1,-1,-1,-1
17.6631,veh8,cam_drop_reaction,6,45841,27016,-1,-1,0,0,15
17.6631,veh8,drop_decision_no_action,6,699722449828,27016,-1,-1,-1,-1,-1
17.6766,veh8,drop_decision_no_action,4,699722449840,27047,-1,-1,-1,-1,-1
17.6788,veh8,drop_decision_no_action,9,699722449831,27036,-1,-1,-1,-1,-1
17.7028,veh8,drop_decision_no_action,2,45899,27087,-1,-1,-1,-1,-1
17.7051,veh8,drop_decision_no_action,11,699722449870,27084,-1,-1,-1,-1,-1
17.7366,veh8,drop_decision_no_action,4,45965,27124,-1,-1,-1,-1,-1
17.7386,veh8,drop_decision_no_action,5,699722449953,27130,-1,-1,-1,-1,-1
17.7403,veh8,drop_decision_no_action,3,45988,27140,-1,-1,-1,-1,-1
17.7403,veh8,drop_decision_no_action,3,699722449967,27140,-1,-1,-1,-1,-1
17.7498,veh8,drop_decision_no_action,12,699722449980,27159,-1,-1,-1,-1,-1
17.7508,veh8,drop_decision_no_action,7,699722449970,27142,-1,-1,-1,-1,-1
17.7588,veh8,drop_decision_no_action,9,46015,27174,-1,-1,-1,-1,-1
17.7631,veh8,drop_decision_no_action,6,699722450004,27196,-1,-1,-1,-1,-1
17.7766,veh8,drop_decision_no_action,4,699722450013,27207,-1,-1,-1,-1,-1
17.7788,veh8,drop_decision_no_action,9,699722450007,27197,-1,-1,-1,-1,-1
17.8051,veh8,drop_decision_no_action,11,699722450048,27252,-1,-1,-1,-1,-1
17.8201,veh8,drop_decision_no_action,10,699722449930,27105,-1,-1,-1,-1,-1
17.8228,veh8,drop_decision_no_action,2,699722450113,27274,-1,-1,-1,-1,-1
17.8386,veh8,drop_decision_no_action,5,699722450131,27293,-1,-1,-1,-1,-1
17.8403,veh8,drop_decision_no_action,3,699722450144,27308,-1,-1,-1,-1,-1
17.8498,veh8,drop_decision_no_action,12,699722450156,27322,-1,-1,-1,-1,-1
17.8508,veh8,drop_decision_no_action,7,699722450147,27309,-1,-1,-1,-1,-1
17.8588,veh8,drop_decision_no_action,9,46190,27333,-1,-1,-1,-1,-1
17.8733,veh8,drop_decision_no_action,6,699722450179,27356,-1,-1,-1,-1,-1
17.8766,veh8,drop_decision_no_action,4,699722450185,27363,-1,-1,-1,-1,-1
17.8993,veh8,drop_decision_no_action,11,699722450216,27398,-1,-1,-1,-1,-1
17.9028,veh8,drop_decision_no_action,2,46245,27402,-1,-1,-1,-1,-1
17.9186,veh8,drop_decision_no_action,5,46302,27415,-1,-1,-1,-1,-1
17.9201,veh8,drop_decision_no_action,10,699722450107,27270,-1,-1,-1,-1,-1
17.9386,veh8,drop_decision_no_action,5,699722450304,27446,-1,-1,-1,-1,-1
17.9403,veh8,drop_decision_no_action,3,699722450321,27463,-1,-1,-1,-1,-1
17.9498,veh8,drop_decision_no_action,12,699722450336,27480,-1,-1,-1,-1,-1
17.9508,veh8,drop_decision_no_action,7,699722450323,27465,-1,-1,-1,-1,-1
17.9508,veh8,drop_decision_no_action,7,46356,27465,-1,-1,-1,-1,-1
17.9533,veh8,drop_decision_no_action,6,46374,27496,-1,-1,-1,-1,-1
17.9588,veh8,drop_decision_no_action,9,46368,27493,-1,-1,-1,-1,-1
17.9703,veh8,drop_decision_no_action,4,699722450467,27530,-1,-1,-1,-1,-1
17.9733,veh8,drop_decision_no_action,6,699722450461,27521,-1,-1,-1,-1,-1
17.9993,veh8,drop_decision_no_action,11,699722450497,27566,-1,-1,-1,-1,-1
17.9993,veh8,drop_decision_no_action,11,46527,27566,-1,-1,-1,-1,-1
18.0303,veh8,drop_decision_no_action,4,46591,27597,-1,-1,-1,-1,-1
18.0386,veh8,drop_decision_no_action,5,699722450580,27603,-1,-1,-1,-1,-1
18.0403,veh8,drop_decision_no_action,3,46615,27617,-1,-1,-1,-1,-1
18.0403,veh8,drop_decision_no_action,3,699722450594,27617,-1,-1,-1,-1,-1
18.0498,veh8,drop_decision_no_action,12,699722450606,27630,-1,-1,-1,-1,-1
18.0508,veh8,drop_decision_no_action,7,699722450597,27619,-1,-1,-1,-1,-1
18.0683,veh8,drop_decision_no_action,9,46640,27647,-1,-1,-1,-1,-1
18.0703,veh8,drop_decision_no_action,4,699722450634,27671,-1,-1,-1,-1,-1
18.0733,veh8,drop_decision_no_action,6,699722450629,27667,-1,-1,-1,-1,-1
18.0993,veh8,drop_decision_no_action,11,699722450664,27711,-1,-1,-1,-1,-1
18.1028,veh8,drop_decision_no_action,2,46692,27716,-1,-1,-1,-1,-1
18.1201,veh8,drop_decision_no_action,10,699722450556,27584,-1,-1,-1,-1,-1
18.1403,veh8,drop_decision_no_action,3,699722450757,27766,-1,-1,-1,-1,-1
18.1418,veh8,drop_decision_no_action,5,699722450746,27755,-1,-1,-1,-1,-1
18.1498,veh8,drop_decision_no_action,12,699722450770,27778,-1,-1,-1,-1,-1
18.1508,veh8,drop_decision_no_action,7,699722450760,27768,-1,-1,-1,-1,-1
18.1683,veh8,cam_drop_reaction,9,46802,27790,-1,-1,0,0,15
18.1703,veh8,drop_decision_no_action,4,699722450795,27814,-1,-1,-1,-1,-1
18.1733,veh8,drop_decision_no_action,6,699722450790,27809,-1,-1,-1,-1,-1
18.1993,veh8,drop_decision_no_action,11,699722450827,27854,-1,-1,-1,-1,-1
18.2218,veh8,drop_decision_no_action,5,46909,27867,-1,-1,-1,-1,-1
18.2298,veh8,drop_decision_no_action,12,46939,27895,-1,-1,-1,-1,-1
18.2403,veh8,drop_decision_no_action,3,699722450927,27912,-1,-1,-1,-1,-1
18.2418,veh8,drop_decision_no_action,5,699722450911,27894,-1,-1,-1,-1,-1
18.2498,veh8,drop_decision_no_action,12,699722450942,27930,-1,-1,-1,-1,-1
18.2508,veh8,drop_decision_no_action,7,699722450929,27914,-1,-1,-1,-1,-1
18.2508,veh8,drop_decision_no_action,7,46963,27914,-1,-1,-1,-1,-1
18.2533,veh8,drop_decision_no_action,6,46980,27946,-1,-1,-1,-1,-1
18.2683,veh8,drop_decision_no_action,9,46975,27942,-1,-1,-1,-1,-1
18.2683,veh8,drop_decision_no_action,9,699722450970,27942,-1,-1,-1,-1,-1
18.2703,veh8,drop_decision_no_action,4,699722450975,27974,-1,-1,-1,-1,-1
18.2733,veh8,drop_decision_no_action,6,699722450967,27965,-1,-1,-1,-1,-1
18.2988,veh8,drop_decision_no_action,2,47033,28020,-1,-1,-1,-1,-1
18.2993,veh8,drop_decision_no_action,11,699722451003,28015,-1,-1,-1,-1,-1
18.3303,veh8,drop_decision_no_action,4,47105,28057,-1,-1,-1,-1,-1
18.3403,veh8,drop_decision_no_action,3,47127,28073,-1,-1,-1,-1,-1
18.3403,veh8,drop_decision_no_action,3,699722451107,28073,-1,-1,-1,-1,-1
18.3418,veh8,drop_decision_no_action,5,699722451091,28060,-1,-1,-1,-1,-1
18.3498,veh8,drop_decision_no_action,12,699722451119,28086,-1,-1,-1,-1,-1
18.3508,veh8,drop_decision_no_action,7,699722451109,28076,-1,-1,-1,-1,-1
18.3683,veh8,drop_decision_no_action,9,47153,28103,-1,-1,-1,-1,-1
18.3683,veh8,drop_decision_no_action,9,699722451143,28103,-1,-1,-1,-1,-1
18.3703,veh8,drop_decision_no_action,4,699722451147,28128,-1,-1,-1,-1,-1
18.3733,veh8,drop_decision_no_action,6,699722451141,28123,-1,-1,-1,-1,-1
18.3993,veh8,drop_decision_no_action,11,699722451180,28169,-1,-1,-1,-1,-1
18.3993,veh8,drop_decision_no_action,11,47211,28169,-1,-1,-1,-1,-1
18.4188,veh8,drop_decision_no_action,2,699722451251,28196,-1,-1,-1,-1,-1
18.4403,veh8,drop_decision_no_action,3,699722451282,28232,-1,-1,-1,-1,-1
18.4418,veh8,drop_decision_no_action,5,699722451269,28217,-1,-1,-1,-1,-1
18.4498,veh8,drop_decision_no_action,12,699722451294,28244,-1,-1,-1,-1,-1
18.4508,veh8,drop_decision_no_action,7,699722451285,28234,-1,-1,-1,-1,-1
18.4683,veh8,drop_decision_no_action,9,47327,28256,-1,-1,-1,-1,-1
18.4703,veh8,drop_decision_no_action,4,699722451320,28280,-1,-1,-1,-1,-1
18.4733,veh8,drop_decision_no_action,6,699722451315,28276,-1,-1,-1,-1,-1
18.4988,veh8,drop_decision_no_action,2,47378,28325,-1,-1,-1,-1,-1
18.4993,veh8,drop_decision_no_action,11,699722451349,28320,-1,-1,-1,-1,-1
18.4993,veh8,drop_decision_no_action,11,47383,28320,-1,-1,-1,-1,-1
18.5218,veh8,drop_decision_no_action,5,47545,28339,-1,-1,-1,-1,-1
18.5316,veh8,drop_decision_no_action,10,699722451246,28190,-1,-1,-1,-1,-1
18.5383,veh8,drop_decision_no_action,3,699722451563,28386,-1,-1,-1,-1,-1
18.5418,veh8,drop_decision_no_action,5,699722451547,28369,-1,-1,-1,-1,-1
18.5498,veh8,drop_decision_no_action,12,699722451578,28404,-1,-1,-1,-1,-1
18.5508,veh8,drop_decision_no_action,7,699722451565,28388,-1,-1,-1,-1,-1
18.5508,veh8,drop_decision_no_action,7,47599,28388,-1,-1,-1,-1,-1
18.5658,veh8,drop_decision_no_action,6,47617,28423,-1,-1,-1,-1,-1
18.5683,veh8,drop_decision_no_action,9,47612,28418,-1,-1,-1,-1,-1
18.5703,veh8,drop_decision_no_action,4,699722451611,28448,-1,-1,-1,-1,-1
18.5733,veh8,drop_decision_no_action,6,699722451605,28441,-1,-1,-1,-1,-1
18.5993,veh8,drop_decision_no_action,11,699722451641,28489,-1,-1,-1,-1,-1
18.6193,veh8,drop_decision_no_action,11,47671,28489,-1,-1,-1,-1,-1
18.6303,veh8,drop_decision_no_action,4,47746,28527,-1,-1,-1,-1,-1
18.6383,veh8,drop_decision_no_action,3,47769,28547,-1,-1,-1,-1,-1
18.6418,veh8,drop_decision_no_action,5,699722451732,28529,-1,-1,-1,-1,-1
18.6498,veh8,drop_decision_no_action,12,699722451761,28562,-1,-1,-1,-1,-1
18.6508,veh8,drop_decision_no_action,7,699722451752,28550,-1,-1,-1,-1,-1
18.6583,veh8,drop_decision_no_action,3,699722451749,28547,-1,-1,-1,-1,-1
18.6683,veh8,cam_drop_reaction,9,47795,28579,-1,-1,0,0,15
18.6703,veh8,drop_decision_no_action,4,699722451789,28605,-1,-1,-1,-1,-1
18.6858,veh8,drop_decision_no_action,6,699722451784,28600,-1,-1,-1,-1,-1
18.6988,veh8,drop_decision_no_action,2,47851,28653,-1,-1,-1,-1,-1
18.6993,veh8,drop_decision_no_action,11,699722451820,28648,-1,-1,-1,-1,-1
18.6993,veh8,drop_decision_no_action,11,47855,28648,-1,-1,-1,-1,-1
18.7316,veh8,drop_decision_no_action,10,699722451711,28507,-1,-1,-1,-1,-1
18.7383,veh8,drop_decision_no_action,3,699722451927,28704,-1,-1,-1,-1,-1
18.7418,veh8,drop_decision_no_action,5,699722451914,28693,-1,-1,-1,-1,-1
18.7498,veh8,drop_decision_no_action,12,699722451940,28718,-1,-1,-1,-1,-1
18.7501,veh8,drop_decision_no_action,7,699722451930,28706,-1,-1,-1,-1,-1
18.7683,veh8,drop_decision_no_action,9,47973,28730,-1,-1,-1,-1,-1
18.7703,veh8,drop_decision_no_action,4,699722451968,28753,-1,-1,-1,-1,-1
18.7733,veh8,drop_decision_no_action,6,699722451962,28750,-1,-1,-1,-1,-1
18.7993,veh8,drop_decision_no_action,11,699722451999,28792,-1,-1,-1,-1,-1
18.7993,veh8,drop_decision_no_action,11,48029,28792,-1,-1,-1,-1,-1
18.8218,veh8,drop_decision_no_action,5,48094,28806,-1,-1,-1,-1,-1
18.8298,veh8,drop_decision_no_action,12,48123,28834,-1,-1,-1,-1,-1
18.8383,veh8,drop_decision_no_action,3,699722452111,28851,-1,-1,-1,-1,-1
18.8418,veh8,drop_decision_no_action,5,699722452095,28833,-1,-1,-1,-1,-1
18.8498,veh8,drop_decision_no_action,12,699722452127,28871,-1,-1,-1,-1,-1
18.8501,veh8,drop_decision_no_action,7,699722452114,28853,-1,-1,-1,-1,-1
18.8501,veh8,drop_decision_no_action,7,48147,28853,-1,-1,-1,-1,-1
18.8658,veh8,drop_decision_no_action,6,48165,28887,-1,-1,-1,-1,-1
18.8683,veh8,drop_decision_no_action,9,48160,28883,-1,-1,-1,-1,-1
18.8683,veh8,drop_decision_no_action,9,699722452155,28883,-1,-1,-1,-1,-1
18.8703,veh8,drop_decision_no_action,4,699722452160,28914,-1,-1,-1,-1,-1
18.8733,veh8,drop_decision_no_action,6,699722452153,28907,-1,-1,-1,-1,-1
18.8988,veh8,drop_decision_no_action,2,48218,28959,-1,-1,-1,-1,-1
18.8993,veh8,drop_decision_no_action,11,699722452190,28954,-1,-1,-1,-1,-1
18.9188,veh8,drop_decision_no_action,2,699722452272,28985,-1,-1,-1,-1,-1
18.9193,veh8,drop_decision_no_action,11,48222,28954,-1,-1,-1,-1,-1
18.9303,veh8,drop_decision_no_action,4,48304,29003,-1,-1,-1,-1,-1
18.9383,veh8,drop_decision_no_action,3,48329,29028,-1,-1,-1,-1,-1
18.9418,veh8,drop_decision_no_action,5,699722452292,29006,-1,-1,-1,-1,-1
18.9498,veh8,drop_decision_no_action,12,699722452321,29043,-1,-1,-1,-1,-1
18.9501,veh8,drop_decision_no_action,7,699722452311,29031,-1,-1,-1,-1,-1
18.9583,veh8,drop_decision_no_action,3,699722452309,29028,-1,-1,-1,-1,-1
18.9683,veh8,drop_decision_no_action,9,48355,29060,-1,-1,-1,-1,-1
18.9703,veh8,drop_decision_no_action,4,699722452350,29087,-1,-1,-1,-1,-1
18.9858,veh8,drop_decision_no_action,6,699722452344,29083,-1,-1,-1,-1,-1
18.9993,veh8,drop_decision_no_action,11,699722452385,29130,-1,-1,-1,-1,-1
19.0316,veh8,drop_decision_no_action,10,699722452266,28977,-1,-1,-1,-1,-1
19.0383,veh8,drop_decision_no_action,3,699722452587,29184,-1,-1,-1,-1,-1
19.0418,veh8,drop_decision_no_action,5,699722452575,29174,-1,-1,-1,-1,-1
19.0501,veh8,drop_decision_no_action,7,699722452589,29185,-1,-1,-1,-1,-1
19.0606,veh8,drop_decision_no_action,12,699722452599,29199,-1,-1,-1,-1,-1
19.0683,veh8,drop_decision_no_action,9,48632,29208,-1,-1,-1,-1,-1
19.0703,veh8,drop_decision_no_action,4,699722452626,29230,-1,-1,-1,-1,-1
19.0733,veh8,drop_decision_no_action,6,699722452620,29226,-1,-1,-1,-1,-1
19.0988,veh8,drop_decision_no_action,2,48683,29276,-1,-1,-1,-1,-1
19.0993,veh8,drop_decision_no_action,11,699722452655,29272,-1,-1,-1,-1,-1
19.1146,veh8,drop_decision_no_action,11,48688,29272,-1,-1,-1,-1,-1
19.1218,veh8,drop_decision_no_action,5,48755,29292,-1,-1,-1,-1,-1
19.1383,veh8,drop_decision_no_action,3,699722452773,29343,-1,-1,-1,-1,-1
19.1418,veh8,drop_decision_no_action,5,699722452760,29328,-1,-1,-1,-1,-1
19.1501,veh8,drop_decision_no_action,7,699722452776,29344,-1,-1,-1,-1,-1
19.1501,veh8,drop_decision_no_action,7,48809,29344,-1,-1,-1,-1,-1
19.1606,veh8,drop_decision_no_action,12,699722452789,29359,-1,-1,-1,-1,-1
19.1658,veh8,drop_decision_no_action,6,48825,29371,-1,-1,-1,-1,-1
19.1683,veh8,cam_drop_reaction,9,48821,29368,-1,-1,0,0,15
19.1703,veh8,drop_decision_no_action,4,699722452820,29397,-1,-1,-1,-1,-1
19.1733,veh8,drop_decision_no_action,6,699722452813,29390,-1,-1,-1,-1,-1
19.1946,veh8,drop_decision_no_action,11,699722452852,29440,-1,-1,-1,-1,-1
19.2253,veh8,drop_decision_no_action,5,699722452960,29477,-1,-1,-1,-1,-1
19.2293,veh8,drop_decision_no_action,10,699722452735,29297,-1,-1,-1,-1,-1
19.2303,veh8,drop_decision_no_action,4,48972,29474,-1,-1,-1,-1,-1
19.2383,veh8,drop_decision_no_action,3,49001,29496,-1,-1,-1,-1,-1
19.2501,veh8,drop_decision_no_action,7,699722452984,29500,-1,-1,-1,-1,-1
19.2583,veh8,drop_decision_no_action,3,699722452982,29496,-1,-1,-1,-1,-1
19.2606,veh8,drop_decision_no_action,12,699722452994,29514,-1,-1,-1,-1,-1
19.2683,veh8,drop_decision_no_action,9,49029,29530,-1,-1,-1,-1,-1
19.2701,veh8,drop_decision_no_action,4,699722453023,29554,-1,-1,-1,-1,-1
19.2753,veh8,drop_decision_no_action,6,699722453017,29549,-1,-1,-1,-1,-1
19.2946,veh8,drop_decision_no_action,11,699722453055,29599,-1,-1,-1,-1,-1
19.3148,veh8,drop_decision_no_action,2,49084,29609,-1,-1,-1,-1,-1
19.3361,veh8,drop_decision_no_action,5,699722453158,29640,-1,-1,-1,-1,-1
19.3383,veh8,drop_decision_no_action,3,699722453173,29661,-1,-1,-1,-1,-1
19.3501,veh8,drop_decision_no_action,7,699722453176,29662,-1,-1,-1,-1,-1
19.3521,veh8,drop_decision_no_action,9,49218,29681,-1,-1,-1,-1,-1
19.3606,veh8,drop_decision_no_action,12,699722453185,29673,-1,-1,-1,-1,-1
19.3701,veh8,drop_decision_no_action,4,699722453214,29708,-1,-1,-1,-1,-1
19.3721,veh8,drop_decision_no_action,9,699722453209,29702,-1,-1,-1,-1,-1
19.3753,veh8,drop_decision_no_action,6,699722453206,29700,-1,-1,-1,-1,-1
19.3946,veh8,drop_decision_no_action,11,699722453244,29750,-1,-1,-1,-1,-1
19.4146,veh8,drop_decision_no_action,11,49275,29763,-1,-1,-1,-1,-1
19.4148,veh8,drop_decision_no_action,2,699722453336,29778,-1,-1,-1,-1,-1
19.4361,veh8,drop_decision_no_action,5,49351,29773,-1,-1,-1,-1,-1
19.4361,veh8,drop_decision_no_action,5,699722453354,29773,-1,-1,-1,-1,-1
19.4406,veh8,drop_decision_no_action,12,49384,29810,-1,-1,-1,-1,-1
19.4501,veh8,drop_decision_no_action,7,699722453376,29826,-1,-1,-1,-1,-1
19.4501,veh8,drop_decision_no_action,7,49410,29826,-1,-1,-1,-1,-1
19.4521,veh8,drop_decision_no_action,9,49424,29855,-1,-1,-1,-1,-1
19.4553,veh8,drop_decision_no_action,6,49429,29861,-1,-1,-1,-1,-1
19.4606,veh8,drop_decision_no_action,12,699722453390,29842,-1,-1,-1,-1,-1
19.4701,veh8,drop_decision_no_action,4,699722453424,29891,-1,-1,-1,-1,-1
19.4753,veh8,drop_decision_no_action,6,699722453417,29884,-1,-1,-1,-1,-1
19.4946,veh8,drop_decision_no_action,11,699722453453,29927,-1,-1,-1,-1,-1
19.5148,veh8,drop_decision_no_action,2,49482,29937,-1,-1,-1,-1,-1
19.5293,veh8,drop_decision_no_action,10,699722453332,29774,-1,-1,-1,-1,-1
19.5301,veh8,drop_decision_no_action,4,49668,29966,-1,-1,-1,-1,-1
19.5501,veh8,drop_decision_no_action,7,699722453676,29995,-1,-1,-1,-1,-1
19.5521,veh8,drop_decision_no_action,9,49718,30018,-1,-1,-1,-1,-1
19.5606,veh8,drop_decision_no_action,12,699722453686,30009,-1,-1,-1,-1,-1
19.5701,veh8,drop_decision_no_action,4,699722453714,30049,-1,-1,-1,-1,-1
19.5753,veh8,drop_decision_no_action,6,699722453707,30040,-1,-1,-1,-1,-1
19.5946,veh8,drop_decision_no_action,11,699722453746,30087,-1,-1,-1,-1,-1
19.6386,veh8,drop_decision_no_action,3,49693,29989,-1,-1,-1,-1,-1
19.6386,veh8,drop_decision_no_action,3,699722453673,29989,-1,-1,-1,-1,-1
19.6386,veh8,drop_decision_no_action,3,699722453862,30151,-1,-1,-1,-1,-1
19.6436,veh8,drop_decision_no_action,7,699722453865,30152,-1,-1,-1,-1,-1
19.6521,veh8,drop_decision_no_action,9,49907,30176,-1,-1,-1,-1,-1
19.6606,veh8,drop_decision_no_action,12,699722453874,30165,-1,-1,-1,-1,-1
19.6701,veh8,cpm_drop_reaction,4,699722453901,30203,-1,-1,0,0,15
19.6753,veh8,drop_decision_no_action,6,699722453895,30196,-1,-1,-1,-1,-1
19.6946,veh8,drop_decision_no_action,11,699722453931,30237,-1,-1,-1,-1,-1
19.7146,veh8,drop_decision_no_action,11,49966,30251,-1,-1,-1,-1,-1
19.7148,veh8,drop_decision_no_action,2,49962,30247,-1,-1,-1,-1,-1
19.7253,veh8,drop_decision_no_action,5,699722453846,30131,-1,-1,-1,-1,-1
19.7386,veh8,drop_decision_no_action,3,699722454059,30308,-1,-1,-1,-1,-1
19.7436,veh8,drop_decision_no_action,7,699722454061,30309,-1,-1,-1,-1,-1
19.7436,veh8,drop_decision_no_action,7,50093,30309,-1,-1,-1,-1,-1
19.7521,veh8,drop_decision_no_action,9,50106,30332,-1,-1,-1,-1,-1
19.7553,veh8,drop_decision_no_action,6,50111,30338,-1,-1,-1,-1,-1
19.7606,veh8,drop_decision_no_action,12,699722454073,30321,-1,-1,-1,-1,-1
19.7701,veh8,drop_decision_no_action,4,699722454106,30370,-1,-1,-1,-1,-1
19.7753,veh8,drop_decision_no_action,6,699722454100,30363,-1,-1,-1,-1,-1
19.7946,veh8,drop_decision_no_action,11,699722454134,30405,-1,-1,-1,-1,-1
19.8293,veh8,drop_decision_no_action,10,699722454022,30263,-1,-1,-1,-1,-1
19.8293,veh8,drop_decision_no_action,10,699722454219,30428,-1,-1,-1,-1,-1
19.8301,veh8,drop_decision_no_action,4,50253,30440,-1,-1,-1,-1,-1
19.8386,veh8,drop_decision_no_action,3,50284,30460,-1,-1,-1,-1,-1
19.8436,veh8,drop_decision_no_action,7,699722454267,30468,-1,-1,-1,-1,-1
19.8453,veh8,drop_decision_no_action,5,699722454244,30443,-1,-1,-1,-1,-1
19.8463,veh8,drop_decision_no_action,12,699722454281,30483,-1,-1,-1,-1,-1
19.8521,veh8,drop_decision_no_action,9,50316,30499,-1,-1,-1,-1,-1
19.8586,veh8,drop_decision_no_action,3,699722454264,30460,-1,-1,-1,-1,-1
19.8701,veh8,drop_decision_no_action,4,699722454313,30532,-1,-1,-1,-1,-1
19.8721,veh8,drop_decision_no_action,9,699722454308,30524,-1,-1,-1,-1,-1
19.8753,veh8,drop_decision_no_action,6,699722454305,30523,-1,-1,-1,-1,-1
19.8946,veh8,drop_decision_no_action,11,699722454342,30572,-1,-1,-1,-1,-1
19.9148,veh8,drop_decision_no_action,2,50371,30582,-1,-1,-1,-1,-1
19.9148,veh8,drop_decision_no_action,2,699722454439,30582,-1,-1,-1,-1,-1
19.9293,veh8,drop_decision_no_action,10,699722454434,30596,-1,-1,-1,-1,-1
19.9361,veh8,drop_decision_no_action,5,699722454459,30613,-1,-1,-1,-1,-1
19.9386,veh8,drop_decision_no_action,3,699722454473,30635,-1,-1,-1,-1,-1
19.9436,veh8,drop_decision_no_action,7,699722454475,30636,-1,-1,-1,-1,-1
19.9463,veh8,drop_decision_no_action,12,699722454486,30647,-1,-1,-1,-1,-1
19.9521,veh8,drop_decision_no_action,9,50518,30658,-1,-1,-1,-1,-1
19.9701,veh8,drop_decision_no_action,4,699722454513,30686,-1,-1,-1,-1,-1
19.9753,veh8,drop_decision_no_action,6,699722454507,30680,-1,-1,-1,-1,-1
19.9946,veh8,drop_decision_no_action,11,699722454640,30716,-1,-1,-1,-1,-1
20.0208,veh8,drop_decision_no_action,5,50754,30739,-1,-1,-1,-1,-1
20.0386,veh8,drop_decision_no_action,3,699722454774,30778,-1,-1,-1,-1,-1
20.0408,veh8,drop_decision_no_action,5,699722454756,30756,-1,-1,-1,-1,-1
20.0436,veh8,drop_decision_no_action,7,699722454777,30779,-1,-1,-1,-1,-1
20.0436,veh8,drop_decision_no_action,7,50810,30779,-1,-1,-1,-1,-1
20.0463,veh8,drop_decision_no_action,12,50784,30760,-1,-1,-1,-1,-1
20.0521,veh8,drop_decision_no_action,9,50823,30806,-1,-1,-1,-1,-1
20.0553,veh8,drop_decision_no_action,6,50828,30812,-1,-1,-1,-1,-1
20.0663,veh8,drop_decision_no_action,12,699722454789,30760,-1,-1,-1,-1,-1
20.0701,veh8,drop_decision_no_action,4,699722454824,30848,-1,-1,-1,-1,-1
20.0753,veh8,drop_decision_no_action,6,699722454816,30840,-1,-1,-1,-1,-1
20.1101,veh8,drop_decision_no_action,11,699722454851,30885,-1,-1,-1,-1,-1
20.1176,veh8,drop_decision_no_action,2,50880,30891,-1,-1,-1,-1,-1
20.1301,veh8,drop_decision_no_action,4,50983,30923,-1,-1,-1,-1,-1
20.1408,veh8,drop_decision_no_action,5,699722454975,30929,-1,-1,-1,-1,-1
20.1436,veh8,drop_decision_no_action,7,699722454994,30947,-1,-1,-1,-1,-1
20.1463,veh8,drop_decision_no_action,12,699722455005,30961,-1,-1,-1,-1,-1
20.1488,veh8,drop_decision_no_action,3,51011,30943,-1,-1,-1,-1,-1
20.1521,veh8,drop_decision_no_action,9,51037,30974,-1,-1,-1,-1,-1
20.1586,veh8,drop_decision_no_action,3,699722454991,30943,-1,-1,-1,-1,-1
20.1701,veh8,cpm_drop_reaction,4,699722455034,31010,-1,-1,0,0,15
20.1753,veh8,drop_decision_no_action,6,699722455028,31003,-1,-1,-1,-1,-1
20.2101,veh8,drop_decision_no_action,11,699722455067,31045,-1,-1,-1,-1,-1
20.2301,veh8,drop_decision_no_action,11,51100,31045,-1,-1,-1,-1,-1
20.2386,veh8,drop_decision_no_action,3,699722455206,31111,-1,-1,-1,-1,-1
20.2408,veh8,drop_decision_no_action,5,699722455187,31089,-1,-1,-1,-1,-1
20.2436,veh8,drop_decision_no_action,7,699722455209,31112,-1,-1,-1,-1,-1
20.2463,veh8,drop_decision_no_action,12,51215,31093,-1,-1,-1,-1,-1
20.2663,veh8,drop_decision_no_action,12,699722455219,31093,-1,-1,-1,-1,-1
20.2696,veh8,drop_decision_no_action,9,51253,31142,-1,-1,-1,-1,-1
20.2701,veh8,drop_decision_no_action,4,699722455248,31169,-1,-1,-1,-1,-1
20.2753,veh8,drop_decision_no_action,6,699722455241,31164,-1,-1,-1,-1,-1
20.2976,veh8,drop_decision_no_action,2,51306,31216,-1,-1,-1,-1,-1
20.3101,veh8,drop_decision_no_action,11,699722455278,31211,-1,-1,-1,-1,-1
20.3208,veh8,drop_decision_no_action,5,51394,31234,-1,-1,-1,-1,-1
20.3386,veh8,drop_decision_no_action,3,699722455415,31276,-1,-1,-1,-1,-1
20.3408,veh8,drop_decision_no_action,5,699722455399,31258,-1,-1,-1,-1,-1
20.3436,veh8,drop_decision_no_action,7,699722455418,31277,-1,-1,-1,-1,-1
20.3436,veh8,drop_decision_no_action,7,51450,31277,-1,-1,-1,-1,-1
20.3463,veh8,drop_decision_no_action,12,51427,31262,-1,-1,-1,-1,-1
20.3553,veh8,drop_decision_no_action,6,51468,31305,-1,-1,-1,-1,-1
20.3663,veh8,drop_decision_no_action,12,699722455430,31262,-1,-1,-1,-1,-1
20.3696,veh8,drop_decision_no_action,9,51464,31302,-1,-1,-1,-1,-1
20.3696,veh8,drop_decision_no_action,9,699722455458,31302,-1,-1,-1,-1,-1
20.3701,veh8,drop_decision_no_action,4,699722455464,31337,-1,-1,-1,-1,-1
20.3753,veh8,drop_decision_no_action,6,699722455455,31331,-1,-1,-1,-1,-1
20.4101,veh8,drop_decision_no_action,11,699722455494,31384,-1,-1,-1,-1,-1
20.4176,veh8,drop_decision_no_action,2,699722455690,31403,-1,-1,-1,-1,-1
20.4301,veh8,drop_decision_no_action,4,51722,31419,-1,-1,-1,-1,-1
20.4386,veh8,drop_decision_no_action,3,51755,31441,-1,-1,-1,-1,-1
20.4408,veh8,drop_decision_no_action,5,699722455713,31424,-1,-1,-1,-1,-1
20.4436,veh8,drop_decision_no_action,7,699722455737,31445,-1,-1,-1,-1,-1
20.4463,veh8,drop_decision_no_action,12,51742,31429,-1,-1,-1,-1,-1
20.4586,veh8,drop_decision_no_action,3,699722455735,31441,-1,-1,-1,-1,-1
20.4626,veh8,drop_decision_no_action,12,699722455748,31429,-1,-1,-1,-1,-1
20.4696,veh8,drop_decision_no_action,9,51782,31475,-1,-1,-1,-1,-1
20.4701,veh8,drop_decision_no_action,4,699722455781,31510,-1,-1,-1,-1,-1
20.4753,veh8,drop_decision_no_action,6,699722455773,31503,-1,-1,-1,-1,-1
20.4976,veh8,drop_decision_no_action,2,51840,31563,-1,-1,-1,-1,-1
20.5101,veh8,drop_decision_no_action,11,699722455812,31559,-1,-1,-1,-1,-1
20.5153,veh8,drop_decision_no_action,10,699722455684,31396,-1,-1,-1,-1,-1
20.5283,veh8,drop_decision_no_action,10,699722455919,31579,-1,-1,-1,-1,-1
20.5386,veh8,drop_decision_no_action,3,699722455961,31613,-1,-1,-1,-1,-1
20.5413,veh8,drop_decision_no_action,5,699722455946,31600,-1,-1,-1,-1,-1
20.5426,veh8,drop_decision_no_action,12,51974,31603,-1,-1,-1,-1,-1
20.5436,veh8,drop_decision_no_action,7,699722455963,31614,-1,-1,-1,-1,-1
20.5626,veh8,drop_decision_no_action,12,699722455974,31627,-1,-1,-1,-1,-1
20.5696,veh8,drop_decision_no_action,9,52008,31645,-1,-1,-1,-1,-1
20.5701,veh8,drop_decision_no_action,4,699722456000,31664,-1,-1,-1,-1,-1
20.5728,veh8,drop_decision_no_action,6,699722455995,31659,-1,-1,-1,-1,-1
20.6101,veh8,drop_decision_no_action,11,699722456031,31711,-1,-1,-1,-1,-1
20.6213,veh8,drop_decision_no_action,5,52162,31722,-1,-1,-1,-1,-1
20.6386,veh8,drop_decision_no_action,3,699722456189,31767,-1,-1,-1,-1,-1
20.6413,veh8,drop_decision_no_action,5,699722456169,31746,-1,-1,-1,-1,-1
20.6426,veh8,drop_decision_no_action,12,52198,31750,-1,-1,-1,-1,-1
20.6436,veh8,drop_decision_no_action,7,699722456192,31769,-1,-1,-1,-1,-1
20.6436,veh8,drop_decision_no_action,7,52224,31769,-1,-1,-1,-1,-1
20.6483,veh8,drop_decision_no_action,10,699722456143,31723,-1,-1,-1,-1,-1
20.6528,veh8,drop_decision_no_action,6,52245,31810,-1,-1,-1,-1,-1
20.6626,veh8,drop_decision_no_action,12,699722456205,31783,-1,-1,-1,-1,-1
20.6696,veh8,drop_decision_no_action,9,52240,31807,-1,-1,-1,-1,-1
20.6728,veh8,cpm_drop_reaction,6,699722456232,31832,-1,-1,0,0,15
20.6738,veh8,drop_decision_no_action,4,699722456239,31839,-1,-1,-1,-1,-1
20.6976,veh8,drop_decision_no_action,2,52300,31889,-1,-1,-1,-1,-1
20.7101,veh8,drop_decision_no_action,11,699722456272,31885,-1,-1,-1,-1,-1
20.7153,veh8,drop_decision_no_action,10,699722456382,31906,-1,-1,-1,-1,-1
20.7301,veh8,drop_decision_no_action,11,52307,31885,-1,-1,-1,-1,-1
20.7338,veh8,drop_decision_no_action,4,52418,31925,-1,-1,-1,-1,-1
20.7386,veh8,drop_decision_no_action,3,52451,31946,-1,-1,-1,-1,-1
20.7413,veh8,drop_decision_no_action,5,699722456411,31928,-1,-1,-1,-1,-1
20.7426,veh8,drop_decision_no_action,12,52440,31931,-1,-1,-1,-1,-1
20.7436,veh8,drop_decision_no_action,7,699722456435,31952,-1,-1,-1,-1,-1
20.7586,veh8,drop_decision_no_action,3,699722456431,31946,-1,-1,-1,-1,-1
20.7626,veh8,drop_decision_no_action,12,699722456447,31969,-1,-1,-1,-1,-1
20.7696,veh8,drop_decision_no_action,9,52481,31987,-1,-1,-1,-1,-1
20.7696,veh8,drop_decision_no_action,9,699722456472,31987,-1,-1,-1,-1,-1
20.7728,veh8,drop_decision_no_action,6,699722456469,32005,-1,-1,-1,-1,-1
20.7738,veh8,drop_decision_no_action,4,699722456478,32012,-1,-1,-1,-1,-1
20.7953,veh8,drop_decision_no_action,10,52518,32040,-1,-1,-1,-1,-1
20.8101,veh8,drop_decision_no_action,11,699722456510,32058,-1,-1,-1,-1,-1
20.8176,veh8,drop_decision_no_action,2,699722456719,32079,-1,-1,-1,-1,-1
20.8283,veh8,drop_decision_no_action,10,699722456712,32072,-1,-1,-1,-1,-1
20.8386,veh8,drop_decision_no_action,3,699722456761,32116,-1,-1,-1,-1,-1
20.8413,veh8,drop_decision_no_action,5,699722456743,32101,-1,-1,-1,-1,-1
20.8426,veh8,drop_decision_no_action,12,52772,32105,-1,-1,-1,-1,-1
20.8436,veh8,drop_decision_no_action,7,699722456763,32117,-1,-1,-1,-1,-1
20.8626,veh8,drop_decision_no_action,12,699722456775,32130,-1,-1,-1,-1,-1
20.8696,veh8,drop_decision_no_action,9,52808,32149,-1,-1,-1,-1,-1
20.8728,veh8,drop_decision_no_action,6,699722456798,32168,-1,-1,-1,-1,-1
20.8738,veh8,drop_decision_no_action,4,699722456804,32174,-1,-1,-1,-1,-1
20.8976,veh8,drop_decision_no_action,2,52861,32219,-1,-1,-1,-1,-1
20.9101,veh8,drop_decision_no_action,11,699722456833,32216,-1,-1,-1,-1,-1
20.9213,veh8,drop_decision_no_action,5,52963,32232,-1,-1,-1,-1,-1
20.9353,veh8,drop_decision_no_action,10,699722456943,32233,-1,-1,-1,-1,-1
20.9386,veh8,drop_decision_no_action,3,699722456984,32275,-1,-1,-1,-1,-1
20.9413,veh8,drop_decision_no_action,5,699722456970,32257,-1,-1,-1,-1,-1
20.9426,veh8,drop_decision_no_action,7,699722456987,32277,-1,-1,-1,-1,-1
20.9528,veh8,drop_decision_no_action,6,53040,32313,-1,-1,-1,-1,-1
20.9626,veh8,drop_decision_no_action,7,53021,32290,-1,-1,-1,-1,-1
20.9626,veh8,drop_decision_no_action,12,699722457001,32292,-1,-1,-1,-1,-1
20.9696,veh8,drop_decision_no_action,9,53035,32310,-1,-1,-1,-1,-1
20.9728,veh8,drop_decision_no_action,6,699722457027,32327,-1,-1,-1,-1,-1
20.9738,veh8,drop_decision_no_action,4,699722457034,32335,-1,-1,-1,-1,-1
21.0101,veh8,drop_decision_no_action,11,699722457064,32382,-1,-1,-1,-1,-1
21.0338,veh8,drop_decision_no_action,4,53204,32410,-1,-1,-1,-1,-1
21.0353,veh8,drop_decision_no_action,10,699722457168,32390,-1,-1,-1,-1,-1
21.0388,veh8,drop_decision_no_action,12,53227,32415,-1,-1,-1,-1,-1
21.0413,veh8,drop_decision_no_action,5,699722457198,32413,-1,-1,-1,-1,-1
21.0426,veh8,drop_decision_no_action,7,699722457222,32435,-1,-1,-1,-1,-1
21.0538,veh8,drop_decision_no_action,3,53239,32428,-1,-1,-1,-1,-1
21.0588,veh8,drop_decision_no_action,12,699722457233,32449,-1,-1,-1,-1,-1
21.0696,veh8,drop_decision_no_action,9,53268,32472,-1,-1,-1,-1,-1
21.0728,veh8,drop_decision_no_action,6,699722457258,32493,-1,-1,-1,-1,-1
21.0738,veh8,drop_decision_no_action,4,699722457264,32498,-1,-1,-1,-1,-1
21.0976,veh8,drop_decision_no_action,2,53324,32557,-1,-1,-1,-1,-1
21.1101,veh8,drop_decision_no_action,11,699722457296,32552,-1,-1,-1,-1,-1
21.1336,veh8,drop_decision_no_action,10,699722457405,32573,-1,-1,-1,-1,-1
21.1413,veh8,drop_decision_no_action,5,699722457431,32594,-1,-1,-1,-1,-1
21.1426,veh8,drop_decision_no_action,7,699722457448,32609,-1,-1,-1,-1,-1
21.1588,veh8,drop_decision_no_action,12,699722457458,32619,-1,-1,-1,-1,-1
21.1638,veh8,drop_decision_no_action,6,699722457480,32651,-1,-1,-1,-1,-1
21.1696,veh8,drop_decision_no_action,9,53492,32636,-1,-1,-1,-1,-1
21.1696,veh8,drop_decision_no_action,9,699722457483,32636,-1,-1,-1,-1,-1
21.1738,veh8,cpm_drop_reaction,4,699722457489,32659,-1,-1,0,0,15
21.2101,veh8,drop_decision_no_action,11,699722457517,32700,-1,-1,-1,-1,-1
21.2176,veh8,drop_decision_no_action,2,699722457743,32716,-1,-1,-1,-1,-1
21.2213,veh8,drop_decision_no_action,5,53755,32709,-1,-1,-1,-1,-1
21.2301,veh8,drop_decision_no_action,11,53547,32700,-1,-1,-1,-1,-1
21.2388,veh8,drop_decision_no_action,12,53801,32748,-1,-1,-1,-1,-1
21.2413,veh8,drop_decision_no_action,5,699722457770,32740,-1,-1,-1,-1,-1
21.2426,veh8,drop_decision_no_action,7,699722457795,32770,-1,-1,-1,-1,-1
21.2471,veh8,drop_decision_no_action,10,699722457736,32710,-1,-1,-1,-1,-1
21.2538,veh8,drop_decision_no_action,3,699722457445,32608,-1,-1,-1,-1,-1
21.2588,veh8,drop_decision_no_action,12,699722457809,32783,-1,-1,-1,-1,-1
21.2621,veh8,drop_decision_no_action,3,699722457791,32769,-1,-1,-1,-1,-1
21.2626,veh8,drop_decision_no_action,7,53828,32782,-1,-1,-1,-1,-1
21.2638,veh8,drop_decision_no_action,6,53848,32809,-1,-1,-1,-1,-1
21.2696,veh8,drop_decision_no_action,9,53844,32807,-1,-1,-1,-1,-1
21.2738,veh8,drop_decision_no_action,4,699722457845,32837,-1,-1,-1,-1,-1
21.2838,veh8,drop_decision_no_action,6,699722457837,32809,-1,-1,-1,-1,-1
21.3071,veh8,drop_decision_no_action,2,53903,32893,-1,-1,-1,-1,-1
21.3191,veh8,drop_decision_no_action,11,699722457875,32888,-1,-1,-1,-1,-1
21.3338,veh8,drop_decision_no_action,4,54026,32927,-1,-1,-1,-1,-1
21.3413,veh8,drop_decision_no_action,5,699722458023,32930,-1,-1,-1,-1,-1
21.3426,veh8,drop_decision_no_action,7,699722458043,32954,-1,-1,-1,-1,-1
21.3538,veh8,drop_decision_no_action,3,54059,32949,-1,-1,-1,-1,-1
21.3588,veh8,drop_decision_no_action,12,699722458055,32968,-1,-1,-1,-1,-1
21.3638,veh8,drop_decision_no_action,6,699722458078,33001,-1,-1,-1,-1,-1
21.3696,veh8,drop_decision_no_action,9,54089,32985,-1,-1,-1,-1,-1
21.3738,veh8,drop_decision_no_action,4,699722458084,33008,-1,-1,-1,-1,-1
21.3991,veh8,drop_decision_no_action,11,699722458117,33059,-1,-1,-1,-1,-1
21.4413,veh8,drop_decision_no_action,5,699722458263,33093,-1,-1,-1,-1,-1
21.4426,veh8,drop_decision_no_action,7,699722458283,33115,-1,-1,-1,-1,-1
21.4588,veh8,drop_decision_no_action,12,699722458294,33126,-1,-1,-1,-1,-1
21.4638,veh8,drop_decision_no_action,6,699722458316,33158,-1,-1,-1,-1,-1
21.4696,veh8,drop_decision_no_action,9,54328,33142,-1,-1,-1,-1,-1
21.4738,veh8,drop_decision_no_action,4,699722458323,33165,-1,-1,-1,-1,-1
21.4936,veh8,drop_decision_no_action,10,54123,33036,-1,-1,-1,-1,-1
21.4936,veh8,drop_decision_no_action,10,699722458234,33075,-1,-1,-1,-1,-1
21.4991,veh8,drop_decision_no_action,11,699722458353,33210,-1,-1,-1,-1,-1
21.5071,veh8,drop_decision_no_action,2,54382,33216,-1,-1,-1,-1,-1
21.5213,veh8,drop_decision_no_action,5,54491,33230,-1,-1,-1,-1,-1
21.5336,veh8,drop_decision_no_action,10,699722458472,33231,-1,-1,-1,-1,-1
21.5413,veh8,drop_decision_no_action,5,699722458502,33253,-1,-1,-1,-1,-1
21.5426,veh8,drop_decision_no_action,7,699722458519,33274,-1,-1,-1,-1,-1
21.5538,veh8,drop_decision_no_action,3,699722458280,33114,-1,-1,-1,-1,-1
21.5538,veh8,drop_decision_no_action,3,699722458516,33273,-1,-1,-1,-1,-1
21.5588,veh8,drop_decision_no_action,12,699722458532,33285,-1,-1,-1,-1,-1
21.5626,veh8,drop_decision_no_action,7,54552,33284,-1,-1,-1,-1,-1
21.5638,veh8,drop_decision_no_action,6,54569,33305,-1,-1,-1,-1,-1
21.5671,veh8,drop_decision_no_action,4,699722458566,33328,-1,-1,-1,-1,-1
21.5696,veh8,drop_decision_no_action,9,54565,33302,-1,-1,-1,-1,-1
21.5696,veh8,drop_decision_no_action,9,699722458560,33302,-1,-1,-1,-1,-1
21.5838,veh8,drop_decision_no_action,6,699722458557,33305,-1,-1,-1,-1,-1
21.5991,veh8,drop_decision_no_action,11,699722458595,33379,-1,-1,-1,-1,-1
21.5991,veh8,drop_decision_no_action,11,54625,33379,-1,-1,-1,-1,-1
21.6271,veh8,drop_decision_no_action,4,54846,33410,-1,-1,-1,-1,-1
21.6271,veh8,drop_decision_no_action,2,699722458814,33397,-1,-1,-1,-1,-1
21.6336,veh8,drop_decision_no_action,10,699722458810,33395,-1,-1,-1,-1,-1
21.6388,veh8,drop_decision_no_action,12,54872,33424,-1,-1,-1,-1,-1
21.6413,veh8,drop_decision_no_action,5,699722458842,33413,-1,-1,-1,-1,-1
21.6426,veh8,drop_decision_no_action,7,699722458870,33446,-1,-1,-1,-1,-1
21.6528,veh8,drop_decision_no_action,9,54916,33484,-1,-1,-1,-1,-1
21.6538,veh8,drop_decision_no_action,3,54886,33442,-1,-1,-1,-1,-1
21.6588,veh8,drop_decision_no_action,12,699722458882,33463,-1,-1,-1,-1,-1
21.6638,veh8,drop_decision_no_action,6,699722458905,33505,-1,-1,-1,-1,-1
21.6671,veh8,drop_decision_no_action,4,699722458912,33514,-1,-1,-1,-1,-1
21.6738,veh8,cpm_drop_reaction,3,699722458867,33442,-1,-1,0,0,15
21.6991,veh8,drop_decision_no_action,11,699722458940,33557,-1,-1,-1,-1,-1
21.7071,veh8,drop_decision_no_action,2,54968,33559,-1,-1,-1,-1,-1
21.7336,veh8,drop_decision_no_action,10,699722459057,33572,-1,-1,-1,-1,-1
21.7413,veh8,drop_decision_no_action,5,699722459086,33592,-1,-1,-1,-1,-1
21.7426,veh8,drop_decision_no_action,7,699722459105,33608,-1,-1,-1,-1,-1
21.7528,veh8,drop_decision_no_action,9,55150,33634,-1,-1,-1,-1,-1
21.7538,veh8,drop_decision_no_action,3,699722459102,33607,-1,-1,-1,-1,-1
21.7588,veh8,drop_decision_no_action,12,699722459116,33618,-1,-1,-1,-1,-1
21.7638,veh8,drop_decision_no_action,6,699722459140,33654,-1,-1,-1,-1,-1
21.7671,veh8,drop_decision_no_action,4,699722459147,33663,-1,-1,-1,-1,-1
21.7991,veh8,drop_decision_no_action,11,699722459173,33699,-1,-1,-1,-1,-1
21.8128,veh8,drop_decision_no_action,5,55311,33711,-1,-1,-1,-1,-1
21.8271,veh8,drop_decision_no_action,10,699722459291,33712,-1,-1,-1,-1,-1
21.8328,veh8,drop_decision_no_action,5,699722459325,33731,-1,-1,-1,-1,-1
21.8426,veh8,drop_decision_no_action,7,699722459349,33760,-1,-1,-1,-1,-1
21.8528,veh8,drop_decision_no_action,9,55393,33779,-1,-1,-1,-1,-1
21.8538,veh8,drop_decision_no_action,3,55365,33756,-1,-1,-1,-1,-1
21.8588,veh8,drop_decision_no_action,12,699722459360,33768,-1,-1,-1,-1,-1
21.8626,veh8,drop_decision_no_action,7,55380,33767,-1,-1,-1,-1,-1
21.8638,veh8,drop_decision_no_action,6,55397,33782,-1,-1,-1,-1,-1
21.8671,veh8,drop_decision_no_action,4,699722459392,33811,-1,-1,-1,-1,-1
21.8738,veh8,drop_decision_no_action,3,699722459346,33756,-1,-1,-1,-1,-1
21.8838,veh8,drop_decision_no_action,6,699722459385,33782,-1,-1,-1,-1,-1
21.8991,veh8,drop_decision_no_action,11,699722459424,33868,-1,-1,-1,-1,-1
21.9071,veh8,drop_decision_no_action,2,55453,33875,-1,-1,-1,-1,-1
21.9271,veh8,drop_decision_no_action,4,55572,33908,-1,-1,-1,-1,-1
21.9426,veh8,drop_decision_no_action,7,699722459592,33935,-1,-1,-1,-1,-1
21.9501,veh8,drop_decision_no_action,5,699722459571,33910,-1,-1,-1,-1,-1
21.9528,veh8,drop_decision_no_action,9,55635,33953,-1,-1,-1,-1,-1
21.9538,veh8,drop_decision_no_action,3,55608,33933,-1,-1,-1,-1,-1
21.9588,veh8,drop_decision_no_action,12,699722459601,33942,-1,-1,-1,-1,-1
21.9638,veh8,drop_decision_no_action,6,699722459624,33973,-1,-1,-1,-1,-1
21.9671,veh8,drop_decision_no_action,4,699722459633,33983,-1,-1,-1,-1,-1
21.9728,veh8,drop_decision_no_action,9,699722459628,33976,-1,-1,-1,-1,-1
21.9738,veh8,drop_decision_no_action,3,699722459589,33933,-1,-1,-1,-1,-1
21.9991,veh8,drop_decision_no_action,11,699722459666,34037,-1,-1,-1,-1,-1
22.0271,veh8,drop_decision_no_action,2,699722459878,34054,-1,-1,-1,-1,-1
22.0328,veh8,drop_decision_no_action,5,699722459906,34070,-1,-1,-1,-1,-1
22.0426,veh8,drop_decision_no_action,7,699722459930,34098,-1,-1,-1,-1,-1
22.0528,veh8,drop_decision_no_action,9,55974,34120,-1,-1,-1,-1,-1
22.0538,veh8,drop_decision_no_action,3,55947,34094,-1,-1,-1,-1,-1
22.0588,veh8,drop_decision_no_action,12,699722459940,34108,-1,-1,-1,-1,-1
22.0638,veh8,drop_decision_no_action,6,699722459963,34140,-1,-1,-1,-1,-1
22.0671,veh8,drop_decision_no_action,4,699722459971,34149,-1,-1,-1,-1,-1
22.0738,veh8,drop_decision_no_action,3,699722459927,34094,-1,-1,-1,-1,-1
22.0936,veh8,drop_decision_no_action,10,55674,34017,-1,-1,-1,-1,-1
22.0936,veh8,drop_decision_no_action,10,699722459873,34052,-1,-1,-1,-1,-1
22.0991,veh8,drop_decision_no_action,11,699722459998,34193,-1,-1,-1,-1,-1
22.0991,veh8,drop_decision_no_action,11,56030,34193,-1,-1,-1,-1,-1
22.1071,veh8,drop_decision_no_action,2,56026,34195,-1,-1,-1,-1,-1
22.1128,veh8,drop_decision_no_action,5,56136,34209,-1,-1,-1,-1,-1
22.1271,veh8,drop_decision_no_action,10,699722460116,34210,-1,-1,-1,-1,-1
22.1328,veh8,drop_decision_no_action,5,699722460150,34232,-1,-1,-1,-1,-1
22.1388,veh8,drop_decision_no_action,12,56180,34242,-1,-1,-1,-1,-1
22.1426,veh8,drop_decision_no_action,7,699722460173,34256,-1,-1,-1,-1,-1
22.1528,veh8,drop_decision_no_action,9,56220,34281,-1,-1,-1,-1,-1
22.1538,veh8,drop_decision_no_action,3,56190,34254,-1,-1,-1,-1,-1
22.1588,veh8,drop_decision_no_action,12,699722460187,34265,-1,-1,-1,-1,-1
22.1626,veh8,drop_decision_no_action,7,56206,34264,-1,-1,-1,-1,-1
22.1638,veh8,drop_decision_no_action,6,56224,34283,-1,-1,-1,-1,-1
22.1671,veh8,drop_decision_no_action,4,699722460219,34313,-1,-1,-1,-1,-1
22.1738,veh8,cpm_drop_reaction,3,699722460170,34254,-1,-1,0,0,15
22.1838,veh8,drop_decision_no_action,6,699722460212,34283,-1,-1,-1,-1,-1
22.1991,veh8,drop_decision_no_action,11,699722460249,34366,-1,-1,-1,-1,-1
22.2271,veh8,drop_decision_no_action,10,699722460362,34381,-1,-1,-1,-1,-1
22.2271,veh8,drop_decision_no_action,4,56397,34395,-1,-1,-1,-1,-1
22.2426,veh8,drop_decision_no_action,7,699722460420,34422,-1,-1,-1,-1,-1
22.2501,veh8,drop_decision_no_action,5,699722460397,34397,-1,-1,-1,-1,-1
22.2528,veh8,drop_decision_no_action,9,56467,34445,-1,-1,-1,-1,-1
22.2538,veh8,drop_decision_no_action,3,56437,34420,-1,-1,-1,-1,-1
22.2588,veh8,drop_decision_no_action,12,699722460432,34429,-1,-1,-1,-1,-1
22.2638,veh8,drop_decision_no_action,6,699722460457,34467,-1,-1,-1,-1,-1
22.2671,veh8,drop_decision_no_action,4,699722460464,34476,-1,-1,-1,-1,-1
22.2738,veh8,drop_decision_no_action,3,699722460417,34420,-1,-1,-1,-1,-1
22.2991,veh8,drop_decision_no_action,11,699722460494,34525,-1,-1,-1,-1,-1
22.3071,veh8,drop_decision_no_action,2,56522,34530,-1,-1,-1,-1,-1
22.3271,veh8,drop_decision_no_action,10,699722460604,34543,-1,-1,-1,-1,-1
22.3328,veh8,drop_decision_no_action,5,699722460636,34562,-1,-1,-1,-1,-1
22.3406,veh8,drop_decision_no_action,7,699722460653,34580,-1,-1,-1,-1,-1
22.3528,veh8,drop_decision_no_action,9,56697,34599,-1,-1,-1,-1,-1
22.3538,veh8,drop_decision_no_action,3,699722460650,34579,-1,-1,-1,-1,-1
22.3588,veh8,drop_decision_no_action,12,699722460663,34587,-1,-1,-1,-1,-1
22.3638,veh8,drop_decision_no_action,6,699722460686,34618,-1,-1,-1,-1,-1
22.3671,veh8,drop_decision_no_action,4,699722460695,34627,-1,-1,-1,-1,-1
22.3728,veh8,drop_decision_no_action,9,699722460689,34621,-1,-1,-1,-1,-1
22.3991,veh8,drop_decision_no_action,11,699722460722,34671,-1,-1,-1,-1,-1
22.4128,veh8,drop_decision_no_action,5,56957,34683,-1,-1,-1,-1,-1
22.4271,veh8,drop_decision_no_action,2,699722460943,34685,-1,-1,-1,-1,-1
22.4328,veh8,drop_decision_no_action,5,699722460972,34703,-1,-1,-1,-1,-1
22.4351,veh8,drop_decision_no_action,3,57012,34726,-1,-1,-1,-1,-1
22.4406,veh8,drop_decision_no_action,7,699722460996,34732,-1,-1,-1,-1,-1
22.4528,veh8,drop_decision_no_action,9,57045,34764,-1,-1,-1,-1,-1
22.4543,veh8,drop_decision_no_action,12,699722461011,34746,-1,-1,-1,-1,-1
22.4606,veh8,drop_decision_no_action,7,57030,34743,-1,-1,-1,-1,-1
22.4638,veh8,drop_decision_no_action,6,57049,34766,-1,-1,-1,-1,-1
22.4671,veh8,drop_decision_no_action,4,699722461047,34804,-1,-1,-1,-1,-1
22.4838,veh8,drop_decision_no_action,6,699722461039,34766,-1,-1,-1,-1,-1
22.4996,veh8,drop_decision_no_action,11,699722461074,34843,-1,-1,-1,-1,-1
22.5068,veh8,drop_decision_no_action,2,57102,34848,-1,-1,-1,-1,-1
22.5271,veh8,drop_decision_no_action,4,57221,34879,-1,-1,-1,-1,-1
22.5406,veh8,drop_decision_no_action,7,699722461240,34906,-1,-1,-1,-1,-1
22.5501,veh8,drop_decision_no_action,5,699722461222,34881,-1,-1,-1,-1,-1
22.5528,veh8,drop_decision_no_action,9,57283,34925,-1,-1,-1,-1,-1
22.5543,veh8,drop_decision_no_action,12,699722461249,34913,-1,-1,-1,-1,-1
22.5671,veh8,drop_decision_no_action,4,699722461279,34954,-1,-1,-1,-1,-1
22.5698,veh8,drop_decision_no_action,6,699722461273,34946,-1,-1,-1,-1,-1
22.5996,veh8,drop_decision_no_action,11,699722461309,34989,-1,-1,-1,-1,-1
22.6328,veh8,drop_decision_no_action,5,699722461454,35025,-1,-1,-1,-1,-1
22.6406,veh8,drop_decision_no_action,7,699722461473,35042,-1,-1,-1,-1,-1
22.6528,veh8,drop_decision_no_action,9,57519,35065,-1,-1,-1,-1,-1
22.6543,veh8,drop_decision_no_action,12,699722461484,35049,-1,-1,-1,-1,-1
22.6551,veh8,drop_decision_no_action,3,699722461237,34905,-1,-1,-1,-1,-1
22.6671,veh8,drop_decision_no_action,4,699722461516,35097,-1,-1,-1,-1,-1
22.6698,veh8,drop_decision_no_action,6,699722461509,35089,-1,-1,-1,-1,-1
22.6966,veh8,cam_drop_reaction,10,57319,34980,-1,-1,0,0,15
22.6966,veh8,drop_decision_no_action,10,699722461421,35009,-1,-1,-1,-1,-1
22.6996,veh8,drop_decision_no_action,11,699722461545,35136,-1,-1,-1,-1,-1
22.6996,veh8,drop_decision_no_action,11,57579,35136,-1,-1,-1,-1,-1
22.7068,veh8,drop_decision_no_action,2,57574,35143,-1,-1,-1,-1,-1
22.7128,veh8,drop_decision_no_action,5,57680,35156,-1,-1,-1,-1,-1
22.7328,veh8,drop_decision_no_action,5,699722461695,35180,-1,-1,-1,-1,-1
22.7343,veh8,drop_decision_no_action,12,57725,35189,-1,-1,-1,-1,-1
22.7406,veh8,drop_decision_no_action,7,699722461722,35209,-1,-1,-1,-1,-1
22.7528,veh8,drop_decision_no_action,9,57775,35241,-1,-1,-1,-1,-1
22.7543,veh8,drop_decision_no_action,12,699722461737,35222,-1,-1,-1,-1,-1
22.7606,veh8,drop_decision_no_action,7,57756,35219,-1,-1,-1,-1,-1
22.7698,veh8,drop_decision_no_action,6,57779,35244,-1,-1,-1,-1,-1
22.7728,veh8,drop_decision_no_action,9,699722461772,35271,-1,-1,-1,-1,-1
22.7856,veh8,drop_decision_no_action,4,699722461778,35281,-1,-1,-1,-1,-1
22.7898,veh8,drop_decision_no_action,6,699722461769,35244,-1,-1,-1,-1,-1
22.7996,veh8,drop_decision_no_action,11,699722461808,35327,-1,-1,-1,-1,-1
22.8256,veh8,drop_decision_no_action,4,58050,35359,-1,-1,-1,-1,-1
22.8268,veh8,drop_decision_no_action,2,699722462019,35346,-1,-1,-1,-1,-1
22.8328,veh8,drop_decision_no_action,5,699722462050,35362,-1,-1,-1,-1,-1
22.8351,veh8,drop_decision_no_action,3,57737,35200,-1,-1,-1,-1,-1
22.8406,veh8,drop_decision_no_action,7,699722462073,35390,-1,-1,-1,-1,-1
22.8528,veh8,drop_decision_no_action,9,58119,35416,-1,-1,-1,-1,-1
22.8543,veh8,drop_decision_no_action,12,699722462084,35399,-1,-1,-1,-1,-1
22.8698,veh8,drop_decision_no_action,6,699722462111,35440,-1,-1,-1,-1,-1
22.8856,veh8,drop_decision_no_action,4,699722462118,35449,-1,-1,-1,-1,-1
22.8996,veh8,drop_decision_no_action,11,699722462147,35481,-1,-1,-1,-1,-1
22.9068,veh8,drop_decision_no_action,2,58175,35485,-1,-1,-1,-1,-1
22.9166,veh8,drop_decision_no_action,10,699722462014,35344,-1,-1,-1,-1,-1
22.9166,veh8,drop_decision_no_action,10,699722462251,35498,-1,-1,-1,-1,-1
22.9256,veh8,drop_decision_no_action,4,58286,35515,-1,-1,-1,-1,-1
22.9328,veh8,drop_decision_no_action,5,699722462287,35518,-1,-1,-1,-1,-1
22.9406,veh8,drop_decision_no_action,7,699722462308,35543,-1,-1,-1,-1,-1
22.9446,veh8,drop_decision_no_action,12,699722462318,35550,-1,-1,-1,-1,-1
22.9553,veh8,drop_decision_no_action,9,58354,35573,-1,-1,-1,-1,-1
22.9698,veh8,drop_decision_no_action,6,699722462343,35592,-1,-1,-1,-1,-1
22.9856,veh8,drop_decision_no_action,4,699722462350,35602,-1,-1,-1,-1,-1
22.9996,veh8,drop_decision_no_action,11,699722462376,35632,-1,-1,-1,-1,-1
23.0128,veh8,drop_decision_no_action,5,58501,35646,-1,-1,-1,-1,-1
23.0248,veh8,drop_decision_no_action,10,699722462482,35647,-1,-1,-1,-1,-1
23.0256,veh8,drop_decision_no_action,4,58517,35663,-1,-1,-1,-1,-1
23.0328,veh8,drop_decision_no_action,5,699722462518,35666,-1,-1,-1,-1,-1
23.0406,veh8,drop_decision_no_action,7,699722462543,35697,-1,-1,-1,-1,-1
23.0446,veh8,drop_decision_no_action,12,699722462556,35709,-1,-1,-1,-1,-1
23.0553,veh8,drop_decision_no_action,9,58592,35733,-1,-1,-1,-1,-1
23.0606,veh8,drop_decision_no_action,7,58576,35706,-1,-1,-1,-1,-1
23.0698,veh8,drop_decision_no_action,6,58596,35736,-1,-1,-1,-1,-1
23.0856,veh8,drop_decision_no_action,4,699722462592,35767,-1,-1,-1,-1,-1
23.0898,veh8,drop_decision_no_action,6,699722462585,35736,-1,-1,-1,-1,-1
23.0996,veh8,drop_decision_no_action,11,699722462622,35808,-1,-1,-1,-1,-1
23.1068,veh8,drop_decision_no_action,2,58651,35819,-1,-1,-1,-1,-1
23.1166,veh8,drop_decision_no_action,10,699722462734,35832,-1,-1,-1,-1,-1
23.1256,veh8,drop_decision_no_action,4,58768,35849,-1,-1,-1,-1,-1
23.1328,veh8,drop_decision_no_action,5,699722462768,35853,-1,-1,-1,-1,-1
23.1351,veh8,drop_decision_no_action,3,58559,35691,-1,-1,-1,-1,-1
23.1406,veh8,drop_decision_no_action,7,699722462789,35877,-1,-1,-1,-1,-1
23.1553,veh8,drop_decision_no_action,9,58835,35910,-1,-1,-1,-1,-1
23.1698,veh8,drop_decision_no_action,6,699722462823,35927,-1,-1,-1,-1,-1
23.1753,veh8,drop_decision_no_action,9,699722462826,35928,-1,-1,-1,-1,-1
23.1856,veh8,drop_decision_no_action,4,699722462832,35938,-1,-1,-1,-1,-1
23.1966,veh8,cam_drop_reaction,10,58870,35955,-1,-1,0,0,15
23.1996,veh8,drop_decision_no_action,11,699722462862,35975,-1,-1,-1,-1,-1
23.2166,veh8,drop_decision_no_action,10,699722463070,35996,-1,-1,-1,-1,-1
23.2256,veh8,drop_decision_no_action,4,59107,36010,-1,-1,-1,-1,-1
23.2268,veh8,drop_decision_no_action,2,699722463075,35998,-1,-1,-1,-1,-1
23.2328,veh8,drop_decision_no_action,5,699722463107,36014,-1,-1,-1,-1,-1
23.2406,veh8,drop_decision_no_action,7,699722463128,36041,-1,-1,-1,-1,-1
23.2551,veh8,drop_decision_no_action,3,699722462786,35876,-1,-1,-1,-1,-1
23.2551,veh8,drop_decision_no_action,3,699722463125,36040,-1,-1,-1,-1,-1
23.2553,veh8,drop_decision_no_action,9,59176,36077,-1,-1,-1,-1,-1
23.2698,veh8,drop_decision_no_action,6,699722463168,36094,-1,-1,-1,-1,-1
23.2856,veh8,drop_decision_no_action,4,699722463175,36104,-1,-1,-1,-1,-1
23.2978,veh8,drop_decision_no_action,11,699722463202,36133,-1,-1,-1,-1,-1
23.3068,veh8,drop_decision_no_action,2,59230,36137,-1,-1,-1,-1,-1
23.3166,veh8,drop_decision_no_action,10,699722463309,36155,-1,-1,-1,-1,-1
23.3173,veh8,drop_decision_no_action,5,59328,36154,-1,-1,-1,-1,-1
23.3178,veh8,drop_decision_no_action,11,59235,36143,-1,-1,-1,-1,-1
23.3351,veh8,drop_decision_no_action,3,59382,36198,-1,-1,-1,-1,-1
23.3373,veh8,drop_decision_no_action,5,699722463341,36178,-1,-1,-1,-1,-1
23.3526,veh8,drop_decision_no_action,7,699722463367,36204,-1,-1,-1,-1,-1
23.3551,veh8,drop_decision_no_action,3,699722463364,36203,-1,-1,-1,-1,-1
23.3553,veh8,drop_decision_no_action,9,59415,36233,-1,-1,-1,-1,-1
23.3698,veh8,drop_decision_no_action,6,59419,36235,-1,-1,-1,-1,-1
23.3698,veh8,drop_decision_no_action,4,699722463416,36266,-1,-1,-1,-1,-1
23.3726,veh8,drop_decision_no_action,7,59399,36204,-1,-1,-1,-1,-1
23.3898,veh8,drop_decision_no_action,6,699722463408,36235,-1,-1,-1,-1,-1
23.3978,veh8,drop_decision_no_action,11,699722463446,36313,-1,-1,-1,-1,-1
23.4248,veh8,drop_decision_no_action,10,699722463543,36333,-1,-1,-1,-1,-1
23.4298,veh8,drop_decision_no_action,4,59578,36345,-1,-1,-1,-1,-1
23.4373,veh8,drop_decision_no_action,5,699722463577,36348,-1,-1,-1,-1,-1
23.4446,veh8,drop_decision_no_action,12,59372,36191,-1,-1,-1,-1,-1
23.4446,veh8,drop_decision_no_action,12,699722463380,36191,-1,-1,-1,-1,-1
23.4493,veh8,drop_decision_no_action,3,699722463597,36364,-1,-1,-1,-1,-1
23.4526,veh8,drop_decision_no_action,7,699722463601,36367,-1,-1,-1,-1,-1
23.4553,veh8,drop_decision_no_action,9,59651,36402,-1,-1,-1,-1,-1
23.4698,veh8,drop_decision_no_action,6,699722463641,36419,-1,-1,-1,-1,-1
23.4698,veh8,drop_decision_no_action,4,699722463648,36428,-1,-1,-1,-1,-1
23.4978,veh8,drop_decision_no_action,11,699722463678,36462,-1,-1,-1,-1,-1
23.5058,veh8,drop_decision_no_action,2,59706,36465,-1,-1,-1,-1,-1
23.5166,veh8,drop_decision_no_action,10,699722463784,36488,-1,-1,-1,-1,-1
23.5373,veh8,drop_decision_no_action,5,699722463815,36506,-1,-1,-1,-1,-1
23.5493,veh8,drop_decision_no_action,3,699722463828,36517,-1,-1,-1,-1,-1
23.5526,veh8,drop_decision_no_action,7,699722463831,36518,-1,-1,-1,-1,-1
23.5553,veh8,drop_decision_no_action,9,59878,36545,-1,-1,-1,-1,-1
23.5698,veh8,drop_decision_no_action,6,699722463869,36563,-1,-1,-1,-1,-1
23.5698,veh8,drop_decision_no_action,4,699722463878,36572,-1,-1,-1,-1,-1
23.5753,veh8,drop_decision_no_action,9,699722463872,36564,-1,-1,-1,-1,-1
23.5978,veh8,drop_decision_no_action,11,699722463909,36613,-1,-1,-1,-1,-1
23.6173,veh8,drop_decision_no_action,5,60123,36628,-1,-1,-1,-1,-1
23.6258,veh8,drop_decision_no_action,2,699722464109,36633,-1,-1,-1,-1,-1
23.6271,veh8,drop_decision_no_action,10,699722464103,36629,-1,-1,-1,-1,-1
23.6298,veh8,drop_decision_no_action,4,60140,36641,-1,-1,-1,-1,-1
23.6373,veh8,drop_decision_no_action,5,699722464138,36644,-1,-1,-1,-1,-1
23.6446,veh8,drop_decision_no_action,12,699722463843,36526,-1,-1,-1,-1,-1
23.6493,veh8,drop_decision_no_action,3,60177,36669,-1,-1,-1,-1,-1
23.6526,veh8,drop_decision_no_action,12,699722464176,36687,-1,-1,-1,-1,-1
23.6553,veh8,drop_decision_no_action,9,60210,36701,-1,-1,-1,-1,-1
23.6693,veh8,drop_decision_no_action,3,699722464158,36669,-1,-1,-1,-1,-1
23.6698,veh8,drop_decision_no_action,6,60214,36702,-1,-1,-1,-1,-1
23.6698,veh8,drop_decision_no_action,4,699722464210,36732,-1,-1,-1,-1,-1
23.6783,veh8,drop_decision_no_action,6,699722464203,36702,-1,-1,-1,-1,-1
23.6978,veh8,cpm_drop_reaction,11,699722464244,36789,-1,-1,0,0,15
23.7058,veh8,drop_decision_no_action,2,60273,36791,-1,-1,-1,-1,-1
23.7271,veh8,drop_decision_no_action,10,699722464342,36808,-1,-1,-1,-1,-1
23.7373,veh8,drop_decision_no_action,5,699722464372,36822,-1,-1,-1,-1,-1
23.7493,veh8,drop_decision_no_action,3,699722464390,36837,-1,-1,-1,-1,-1
23.7526,veh8,drop_decision_no_action,12,699722464404,36848,-1,-1,-1,-1,-1
23.7553,veh8,drop_decision_no_action,9,60439,36866,-1,-1,-1,-1,-1
23.7698,veh8,drop_decision_no_action,4,699722464439,36897,-1,-1,-1,-1,-1
23.7783,veh8,drop_decision_no_action,6,699722464431,36886,-1,-1,-1,-1,-1
23.7871,veh8,drop_decision_no_action,10,60480,36921,-1,-1,-1,-1,-1
23.7978,veh8,drop_decision_no_action,11,699722464473,36939,-1,-1,-1,-1,-1
23.8311,veh8,drop_decision_no_action,10,699722464566,36955,-1,-1,-1,-1,-1
23.8373,veh8,drop_decision_no_action,5,699722464595,36965,-1,-1,-1,-1,-1
23.8493,veh8,drop_decision_no_action,3,699722464610,36979,-1,-1,-1,-1,-1
23.8526,veh8,drop_decision_no_action,12,699722464623,36988,-1,-1,-1,-1,-1
23.8553,veh8,drop_decision_no_action,9,60657,37001,-1,-1,-1,-1,-1
23.8698,veh8,drop_decision_no_action,4,699722464656,37032,-1,-1,-1,-1,-1
23.8783,veh8,drop_decision_no_action,6,699722464648,37021,-1,-1,-1,-1,-1
23.8978,veh8,drop_decision_no_action,11,699722464689,37068,-1,-1,-1,-1,-1
23.9058,veh8,drop_decision_no_action,2,60718,37070,-1,-1,-1,-1,-1
23.9173,veh8,drop_decision_no_action,5,60812,37095,-1,-1,-1,-1,-1
23.9178,veh8,drop_decision_no_action,11,60724,37077,-1,-1,-1,-1,-1
23.9271,veh8,drop_decision_no_action,10,699722464793,37096,-1,-1,-1,-1,-1
23.9298,veh8,drop_decision_no_action,4,60828,37114,-1,-1,-1,-1,-1
23.9326,veh8,drop_decision_no_action,12,60858,37128,-1,-1,-1,-1,-1
23.9373,veh8,drop_decision_no_action,5,699722464827,37117,-1,-1,-1,-1,-1
23.9493,veh8,drop_decision_no_action,3,60870,37145,-1,-1,-1,-1,-1
23.9526,veh8,drop_decision_no_action,12,699722464867,37162,-1,-1,-1,-1,-1
23.9553,veh8,drop_decision_no_action,9,60903,37178,-1,-1,-1,-1,-1
23.9583,veh8,drop_decision_no_action,6,60907,37179,-1,-1,-1,-1,-1
23.9693,veh8,drop_decision_no_action,3,699722464851,37145,-1,-1,-1,-1,-1
23.9698,veh8,drop_decision_no_action,4,699722464907,37217,-1,-1,-1,-1,-1
23.9753,veh8,drop_decision_no_action,9,699722464899,37204,-1,-1,-1,-1,-1
23.9783,veh8,drop_decision_no_action,6,699722464896,37202,-1,-1,-1,-1,-1
23.9978,veh8,drop_decision_no_action,11,699722464942,37274,-1,-1,-1,-1,-1
24.0173,veh8,drop_decision_no_action,5,61153,37289,-1,-1,-1,-1,-1
24.0258,veh8,drop_decision_no_action,2,699722465139,37293,-1,-1,-1,-1,-1
24.0271,veh8,drop_decision_no_action,10,699722465134,37290,-1,-1,-1,-1,-1
24.0493,veh8,drop_decision_no_action,3,699722465182,37327,-1,-1,-1,-1,-1
24.0526,veh8,drop_decision_no_action,12,699722465197,37341,-1,-1,-1,-1,-1
24.0573,veh8,drop_decision_no_action,5,699722465163,37304,-1,-1,-1,-1,-1
24.0653,veh8,drop_decision_no_action,9,61234,37360,-1,-1,-1,-1,-1
24.0698,veh8,drop_decision_no_action,4,699722465233,37390,-1,-1,-1,-1,-1
24.0858,veh8,drop_decision_no_action,6,699722465224,37378,-1,-1,-1,-1,-1
24.0978,veh8,drop_decision_no_action,11,699722465264,37433,-1,-1,-1,-1,-1
24.1058,veh8,drop_decision_no_action,2,61293,37434,-1,-1,-1,-1,-1
24.1173,veh8,drop_decision_no_action,5,61382,37453,-1,-1,-1,-1,-1
24.1271,veh8,drop_decision_no_action,10,699722465364,37454,-1,-1,-1,-1,-1
24.1373,veh8,drop_decision_no_action,5,699722465391,37469,-1,-1,-1,-1,-1
24.1473,veh8,drop_decision_no_action,3,61428,37487,-1,-1,-1,-1,-1
24.1526,veh8,drop_decision_no_action,12,699722465423,37497,-1,-1,-1,-1,-1
24.1653,veh8,drop_decision_no_action,9,61457,37510,-1,-1,-1,-1,-1
24.1673,veh8,drop_decision_no_action,3,699722465409,37487,-1,-1,-1,-1,-1
24.1698,veh8,drop_decision_no_action,4,699722465455,37537,-1,-1,-1,-1,-1
24.1783,veh8,drop_decision_no_action,6,699722465446,37527,-1,-1,-1,-1,-1
24.1978,veh8,cpm_drop_reaction,11,699722465491,37584,-1,-1,0,0,15
24.2173,veh8,drop_decision_no_action,5,61605,37601,-1,-1,-1,-1,-1
24.2218,veh8,drop_decision_no_action,4,61622,37610,-1,-1,-1,-1,-1
24.2271,veh8,drop_decision_no_action,10,699722465588,37602,-1,-1,-1,-1,-1
24.2373,veh8,drop_decision_no_action,5,699722465617,37616,-1,-1,-1,-1,-1
24.2473,veh8,drop_decision_no_action,3,61655,37635,-1,-1,-1,-1,-1
24.2526,veh8,drop_decision_no_action,12,699722465653,37650,-1,-1,-1,-1,-1
24.2583,veh8,drop_decision_no_action,6,61692,37665,-1,-1,-1,-1,-1
24.2653,veh8,drop_decision_no_action,9,61688,37663,-1,-1,-1,-1,-1
24.2653,veh8,drop_decision_no_action,9,699722465687,37663,-1,-1,-1,-1,-1
24.2673,veh8,drop_decision_no_action,3,699722465637,37635,-1,-1,-1,-1,-1
24.2783,veh8,drop_decision_no_action,6,699722465683,37683,-1,-1,-1,-1,-1
24.2818,veh8,drop_decision_no_action,4,699722465695,37698,-1,-1,-1,-1,-1
24.3058,veh8,drop_decision_no_action,2,61762,37755,-1,-1,-1,-1,-1
24.3081,veh8,drop_decision_no_action,11,699722465733,37751,-1,-1,-1,-1,-1
24.3173,veh8,drop_decision_no_action,5,61845,37774,-1,-1,-1,-1,-1
24.3271,veh8,drop_decision_no_action,10,699722465827,37779,-1,-1,-1,-1,-1
24.3473,veh8,drop_decision_no_action,3,61895,37816,-1,-1,-1,-1,-1
24.3526,veh8,drop_decision_no_action,12,699722465890,37828,-1,-1,-1,-1,-1
24.3573,veh8,drop_decision_no_action,5,699722465855,37796,-1,-1,-1,-1,-1
24.3653,veh8,drop_decision_no_action,9,61925,37846,-1,-1,-1,-1,-1
24.3653,veh8,drop_decision_no_action,9,699722465920,37846,-1,-1,-1,-1,-1
24.3673,veh8,drop_decision_no_action,3,699722465876,37816,-1,-1,-1,-1,-1
24.3723,veh8,drop_decision_no_action,6,699722465917,37864,-1,-1,-1,-1,-1
24.3818,veh8,drop_decision_no_action,4,699722465927,37878,-1,-1,-1,-1,-1
24.3871,veh8,drop_decision_no_action,10,61975,37906,-1,-1,-1,-1,-1
24.4081,veh8,drop_decision_no_action,11,699722465970,37933,-1,-1,-1,-1,-1
24.4173,veh8,drop_decision_no_action,5,62180,37945,-1,-1,-1,-1,-1
24.4258,veh8,drop_decision_no_action,2,699722466169,37951,-1,-1,-1,-1,-1
24.4311,veh8,drop_decision_no_action,10,699722466163,37950,-1,-1,-1,-1,-1
24.4473,veh8,drop_decision_no_action,3,62235,37987,-1,-1,-1,-1,-1
24.4526,veh8,drop_decision_no_action,12,699722466230,38000,-1,-1,-1,-1,-1
24.4546,veh8,drop_decision_no_action,5,699722466197,37964,-1,-1,-1,-1,-1
24.4653,veh8,drop_decision_no_action,9,62264,38013,-1,-1,-1,-1,-1
24.4653,veh8,drop_decision_no_action,9,699722466259,38013,-1,-1,-1,-1,-1
24.4673,veh8,drop_decision_no_action,3,699722466216,37987,-1,-1,-1,-1,-1
24.4723,veh8,drop_decision_no_action,6,699722466256,38031,-1,-1,-1,-1,-1
24.4818,veh8,drop_decision_no_action,4,699722466268,38048,-1,-1,-1,-1,-1
24.5058,veh8,drop_decision_no_action,2,62333,38098,-1,-1,-1,-1,-1
24.5081,veh8,drop_decision_no_action,11,699722466304,38093,-1,-1,-1,-1,-1
24.5081,veh8,drop_decision_no_action,11,62338,38093,-1,-1,-1,-1,-1
24.5218,veh8,drop_decision_no_action,4,63732,38128,-1,-1,-1,-1,-1
24.5256,veh8,drop_decision_no_action,5,63714,38109,-1,-1,-1,-1,-1
24.5271,veh8,drop_decision_no_action,10,699722467696,38114,-1,-1,-1,-1,-1
24.5326,veh8,drop_decision_no_action,12,63762,38149,-1,-1,-1,-1,-1
24.5473,veh8,drop_decision_no_action,3,63775,38160,-1,-1,-1,-1,-1
24.5526,veh8,drop_decision_no_action,12,699722467775,38177,-1,-1,-1,-1,-1
24.5653,veh8,drop_decision_no_action,9,63810,38198,-1,-1,-1,-1,-1
24.5653,veh8,drop_decision_no_action,9,699722467806,38198,-1,-1,-1,-1,-1
24.5673,veh8,drop_decision_no_action,3,699722467757,38160,-1,-1,-1,-1,-1
24.5723,veh8,drop_decision_no_action,6,63814,38201,-1,-1,-1,-1,-1
24.5818,veh8,drop_decision_no_action,4,699722467814,38234,-1,-1,-1,-1,-1
24.5923,veh8,drop_decision_no_action,6,699722467803,38201,-1,-1,-1,-1,-1
24.6081,veh8,drop_decision_no_action,11,699722467852,38290,-1,-1,-1,-1,-1
24.6271,veh8,drop_decision_no_action,10,699722467946,38308,-1,-1,-1,-1,-1
24.6526,veh8,drop_decision_no_action,12,699722468003,38343,-1,-1,-1,-1,-1
24.6546,veh8,drop_decision_no_action,5,699722467972,38318,-1,-1,-1,-1,-1
24.6568,veh8,drop_decision_no_action,3,699722467990,38339,-1,-1,-1,-1,-1
24.6653,veh8,drop_decision_no_action,9,64038,38359,-1,-1,-1,-1,-1
24.6653,veh8,drop_decision_no_action,9,699722468033,38359,-1,-1,-1,-1,-1
24.6723,veh8,drop_decision_no_action,6,699722468029,38381,-1,-1,-1,-1,-1
24.6818,veh8,drop_decision_no_action,4,699722468040,38398,-1,-1,-1,-1,-1
24.7058,veh8,cam_drop_reaction,2,64111,38449,-1,-1,0,0,15
24.7081,veh8,drop_decision_no_action,11,699722468082,38441,-1,-1,-1,-1,-1
24.7256,veh8,drop_decision_no_action,5,64197,38459,-1,-1,-1,-1,-1
24.7271,veh8,drop_decision_no_action,10,699722468178,38464,-1,-1,-1,-1,-1
24.7346,veh8,drop_decision_no_action,5,699722468208,38481,-1,-1,-1,-1,-1
24.7473,veh8,drop_decision_no_action,3,64249,38503,-1,-1,-1,-1,-1
24.7473,veh8,drop_decision_no_action,3,699722468230,38503,-1,-1,-1,-1,-1
24.7503,veh8,drop_decision_no_action,12,699722468243,38511,-1,-1,-1,-1,-1
24.7653,veh8,drop_decision_no_action,9,64279,38534,-1,-1,-1,-1,-1
24.7653,veh8,drop_decision_no_action,9,699722468273,38534,-1,-1,-1,-1,-1
24.7723,veh8,drop_decision_no_action,6,699722468269,38554,-1,-1,-1,-1,-1
24.7818,veh8,drop_decision_no_action,4,699722468281,38563,-1,-1,-1,-1,-1
24.8081,veh8,drop_decision_no_action,11,699722468316,38598,-1,-1,-1,-1,-1
24.8218,veh8,drop_decision_no_action,4,64434,38622,-1,-1,-1,-1,-1
24.8258,veh8,drop_decision_no_action,2,699722468404,38616,-1,-1,-1,-1,-1
24.8271,veh8,drop_decision_no_action,10,699722468399,38612,-1,-1,-1,-1,-1
24.8456,veh8,drop_decision_no_action,5,699722468429,38626,-1,-1,-1,-1,-1
24.8501,veh8,drop_decision_no_action,7,699722468233,38508,-1,-1,-1,-1,-1
24.8501,veh8,drop_decision_no_action,7,699722468450,38659,-1,-1,-1,-1,-1
24.8503,veh8,drop_decision_no_action,12,699722468462,38663,-1,-1,-1,-1,-1
24.8653,veh8,drop_decision_no_action,9,64499,38684,-1,-1,-1,-1,-1
24.8701,veh8,drop_decision_no_action,7,64482,38659,-1,-1,-1,-1,-1
24.8723,veh8,drop_decision_no_action,6,64503,38688,-1,-1,-1,-1,-1
24.8818,veh8,drop_decision_no_action,4,699722468500,38709,-1,-1,-1,-1,-1
24.8923,veh8,drop_decision_no_action,6,699722468491,38688,-1,-1,-1,-1,-1
24.8946,veh8,drop_decision_no_action,9,699722468494,38684,-1,-1,-1,-1,-1
