time_s,min_gap_m,min_ttc_s,vehicles
0.0,,,0
0.01,,,0
0.02,,,0
0.03,,,0
0.04,,,0
0.05,,,0
0.06,,,0
0.07,,,0
0.08,,,0
0.09,,,0
0.1,,,0
0.11,,,0
0.12,,,0
0.13,,,0
0.14,,,0
0.15,,,0
0.16,,,0
0.17,,,0
0.18,,,0
0.19,,,0
0.2,14.0,,7
0.21,14.0,,7
0.22,14.0,,7
0.23,14.0,,7
0.24,14.0,,7
0.25,14.000000000000002,,7
0.26,14.000000000000002,,7
0.27,14.000000000000002,,7
0.28,14.000000000000002,,7
0.29,14.0,,7
0.3,14.0,,7
0.31,14.0,,7
0.32,14.0,,7
0.33,14.0,,7
0.34,14.0,,7
0.35,14.0,,7
0.36,14.0,,7
0.37,14.0,,7
0.38,14.0,,7
0.39,13.999999999999998,,7
0.4,13.999999999999998,,7
0.41,14.0,,7
0.42,14.000000000000002,,7
0.43,14.0,,7
0.44,14.0,,7
0.45,14.0,,7
0.46,14.0,,7
0.47,13.999999999999998,,7
0.48,14.0,,7
0.49,14.000000000000002,,7
0.5,14.0,,7
0.51,14.0,,7
0.52,14.0,,7
0.53,14.0,,7
0.54,13.999999999999998,,7
0.55,14.0,,7
0.56,14.0,,7
0.57,14.0,,7
0.58,14.0,,7
0.59,14.0,,7
0.6,13.999999999999998,,7
0.61,14.0,,7
0.62,14.0,,7
0.63,14.0,,7
0.64,13.999999999999998,,7
0.65,14.0,,7
0.66,14.0,,7
0.67,14.0,,7
0.68,14.0,,7
0.69,13.999999999999998,,7
0.7,14.000000000000002,,7
0.71,14.0,,7
0.72,14.0,,7
0.73,14.0,,7
0.74,14.0,,7
0.75,14.0,,7
0.76,14.0,,7
0.77,14.0,,7
0.78,14.0,,7
0.79,14.0,,7
0.8,14.0,,8
0.81,14.000000000000002,,8
0.82,14.0,,8
0.83,14.0,,8
0.84,13.999999999999998,,8
0.85,14.0,,8
0.86,14.0,,8
0.87,14.0,,8
0.88,14.0,,8
0.89,14.0,,8
0.9,13.999999999999998,,8
0.91,14.0,,8
0.92,14.0,,8
0.93,13.999999999999998,,8
0.94,14.0,,8
0.95,14.0,,8
0.96,14.000000000000002,,8
0.97,5.2,,9
0.98,5.23,,9
0.99,5.26,,9
1.0,5.3,,9
1.01,5.33,,9
1.02,5.3500000000000005,,9
1.03,5.38,,9
1.04,5.42,,9
1.05,5.45,,9
1.06,5.48,,9
1.07,5.510000000000001,,9
1.08,5.54,,9
1.09,5.569999999999999,,9
1.1,5.6,,9
1.11,5.63,,9
1.12,5.66,,9
1.13,5.7,,9
1.14,5.73,,9
1.15,5.75,,9
1.16,5.78,,9
1.17,5.82,,9
1.18,5.8500000000000005,,9
1.19,5.880000000000001,,9
1.2,5.909999999999999,,9
1.21,5.9399999999999995,,9
1.22,5.97,,9
1.23,6.0,,9
1.24,6.029999999999999,,9
1.25,6.07,,9
1.26,6.1,,9
1.27,6.119999999999999,,9
1.28,6.1499999999999995,,9
1.29,6.19,,9
1.3,6.220000000000001,,9
1.31,6.25,,9
1.32,6.28,,9
1.33,6.3100000000000005,,9
1.34,6.34,,9
1.35,6.37,,9
1.36,6.4,,9
1.37,6.43,,9
1.38,6.47,,9
1.39,6.5,,9
1.4,6.5200000000000005,,9
1.41,6.55,,9
1.42,6.59,,9
1.43,6.62,,9
1.44,6.6499999999999995,,9
1.45,6.680000000000001,,9
1.46,6.71,,9
1.47,6.74,,9
1.48,6.77,,9
1.49,6.8,,9
1.5,6.84,,9
1.51,6.87,,9
1.52,6.89,,9
1.53,6.92,,9
1.54,6.96,,9
1.55,6.99,,9
1.56,7.0200000000000005,,9
1.57,7.050000000000001,,9
1.58,7.08,,9
1.59,7.109999999999999,,9
1.6,7.140000000000001,,10
1.61,7.17,,10
1.62,7.2,,10
1.63,7.239999999999999,,10
1.64,7.27,,10
1.65,7.290000000000001,,10
1.66,7.319999999999999,,10
1.67,7.359999999999999,,10
1.68,7.390000000000001,,10
1.69,7.420000000000001,,10
1.7,7.449999999999999,,10
1.71,7.4799999999999995,,10
1.72,7.510000000000001,,10
1.73,7.540000000000001,,10
1.74,7.569999999999999,,10
1.75,7.609999999999999,,10
1.76,7.640000000000001,,10
1.77,7.660000000000001,,10
1.78,7.6899999999999995,,10
1.79,7.7299999999999995,,10
1.8,7.760000000000001,,10
1.81,7.790000000000001,,10
1.82,7.819999999999999,,10
1.83,7.85,,10
1.84,7.88,,10
1.85,7.91,,10
1.86,7.9399999999999995,,10
1.87,7.97,,10
1.88,8.01,,10
1.89,8.04,,10
1.9,8.06,,10
1.91,8.09,,10
1.92,8.129999999999999,,10
1.93,8.16,,10
1.94,8.19,,10
1.95,8.22,,10
1.96,8.25,,10
1.97,8.280000000000001,,10
1.98,8.309999999999999,,10
1.99,8.34,,10
2.0,8.379999999999999,,10
2.01,8.41,,10
2.02,8.43,,10
2.03,8.46,,10
2.04,8.5,,10
2.05,8.530000000000001,,10
2.06,8.56,,10
2.07,8.59,,10
2.08,8.62,,10
2.09,8.65,,10
2.1,8.68,,10
2.11,8.71,,10
2.12,8.74,,10
2.13,8.780000000000001,,10
2.14,8.81,,10
2.15,8.83,,10
2.16,8.860000000000001,,10
2.17,8.9,,10
2.18,8.93,,10
2.19,8.96,,10
2.2,8.989999999999998,,10
2.21,9.02,,10
2.22,9.049999999999999,,10
2.23,9.079999999999998,,10
2.24,9.11,,10
2.25,9.149999999999999,,10
2.26,9.18,,10
2.27,9.2,,10
2.28,9.23,,10
2.29,9.27,,10
2.3,9.299999999999999,,10
2.31,9.329999999999998,,10
2.32,9.36,,10
2.33,9.389999999999999,,10
2.34,9.42,,10
2.35,9.45,,10
2.36,9.479999999999999,,10
2.37,9.510000000000002,,10
2.38,9.55,,10
2.39,9.580000000000002,,10
2.4,9.600000000000001,,11
2.41,9.63,,11
2.42,9.67,,11
2.43,9.7,,11
2.44,9.73,,11
2.45,9.76,,11
2.46,9.79,,11
2.47,9.82,,11
2.48,9.85,,11
2.49,9.879999999999999,,11
2.5,9.920000000000002,,11
2.51,9.950000000000001,,11
2.52,9.97,,11
2.53,10.0,,11
2.54,10.04,,11
2.55,10.07,,11
2.56,10.1,,11
2.57,10.129999999999999,,11
2.58,10.16,,11
2.59,10.190000000000001,,11
2.6,10.22,,11
2.61,10.25,,11
2.62,10.28,,11
2.63,10.32,,11
2.64,10.350000000000001,,11
2.65,10.370000000000001,,11
2.66,10.399999999999999,,11
2.67,10.440000000000001,,11
2.68,10.470000000000002,,11
2.69,10.5,,11
2.7,10.530000000000001,,11
2.71,10.559999999999999,,11
2.72,10.59,,11
2.73,10.620000000000001,,11
2.74,10.649999999999999,,11
2.75,10.689999999999998,,11
2.76,10.719999999999999,,11
2.77,10.740000000000002,,11
2.78,10.77,,11
2.79,10.809999999999999,,11
2.8,10.84,,11
2.81,10.870000000000001,,11
2.82,10.900000000000002,,11
2.83,10.93,,11
2.84,10.959999999999997,,11
2.85,10.990000000000002,,11
2.86,11.02,,11
2.87,11.049999999999999,,11
2.88,11.090000000000002,,11
2.89,11.120000000000001,,11
2.9,11.139999999999999,,11
2.91,11.169999999999998,,11
2.92,11.21,,11
2.93,11.240000000000002,,11
2.94,11.27,,11
2.95,11.3,,11
2.96,11.329999999999998,,11
2.97,11.36,,11
2.98,11.390000000000002,,11
2.99,11.420000000000002,,11
3.0,11.459999999999999,,11
3.01,11.490000000000002,,11
3.02,11.510000000000002,,11
3.03,11.540000000000001,,11
3.04,11.580000000000002,,11
3.05,11.610000000000001,,11
3.06,11.640000000000002,,11
3.07,11.670000000000002,,11
3.08,11.7,,11
3.09,11.730000000000002,,11
3.1,11.76,,11
3.11,11.79,,11
3.12,11.82,,11
3.13,11.860000000000001,,11
3.14,11.89,,11
3.15,11.91,,11
3.16,11.939999999999998,,11
3.17,11.979999999999999,,11
3.18,12.01,,11
3.19,12.040000000000001,,11
3.2,12.069999999999999,,11
3.21,12.1,,11
3.22,12.13,,11
3.23,12.160000000000002,,11
3.24,12.19,,11
3.25,12.230000000000002,,11
3.26,12.26,,11
3.27,12.28,,11
3.28,12.31,,11
3.29,12.35,,11
3.3,12.38,,11
3.31,12.41,,11
3.32,12.440000000000001,,11
3.33,12.47,,11
3.34,12.500000000000002,,11
3.35,12.53,,11
3.36,12.56,,11
3.37,12.59,,11
3.38,12.629999999999999,,11
3.39,12.660000000000002,,11
3.4,12.68,,11
3.41,12.71,,11
3.42,12.75,,11
3.43,12.78,,11
3.44,12.809999999999999,,11
3.45,12.840000000000002,,11
3.46,12.870000000000001,,11
3.47,12.899999999999999,,11
3.48,12.929999999999998,,11
3.49,12.96,,11
3.5,13.000000000000002,,11
3.51,13.030000000000001,,11
3.52,13.049999999999999,,11
3.53,13.079999999999998,,11
3.54,13.12,,11
3.55,13.150000000000002,,11
3.56,13.179999999999998,,11
3.57,13.21,,11
3.58,13.240000000000002,,11
3.59,13.270000000000001,,11
3.6,13.3,,11
3.61,13.33,,11
3.62,13.360000000000001,,11
3.63,13.400000000000002,,11
3.64,13.429999999999998,,11
3.65,13.450000000000001,,11
3.66,13.480000000000002,,11
3.67,13.519999999999998,,11
3.68,13.549999999999999,,11
3.69,13.58,,11
3.7,13.61,,11
3.71,13.64,,11
3.72,13.670000000000002,,11
3.73,13.7,,11
3.74,13.729999999999999,,11
3.75,13.770000000000001,,11
3.76,13.800000000000002,,11
3.77,13.819999999999999,,11
3.78,13.85,,11
3.79,13.89,,11
3.8,13.919999999999998,,11
3.81,13.95,,11
3.82,13.98,,11
3.83,14.0,,11
3.84,14.0,,11
3.85,14.0,,11
3.86,14.0,,11
3.87,13.999999999999996,,11
3.88,13.999999999999996,,11
3.89,14.000000000000004,,11
3.9,14.000000000000004,,11
3.91,14.0,,11
3.92,14.0,,11
3.93,14.0,,11
3.94,14.0,,11
3.95,14.0,2557.0000000000546,11
3.96,14.0,,11
3.97,14.0,,11
3.98,14.0,,11
3.99,14.0,,11
4.0,14.0,,11
4.01,14.0,,11
4.02,14.0,,11
4.03,14.0,,11
4.04,14.0,,11
4.05,14.0,,11
4.06,14.0,,11
4.07,14.0,,11
4.08,14.0,2557.0000000000546,11
4.09,14.0,,11
4.1,14.0,,11
4.11,14.0,,11
4.12,14.0,,11
4.13,14.0,,11
4.14,14.0,,11
4.15,14.0,,11
4.16,14.0,,11
4.17,14.0,,11
4.18,14.0,,11
4.19,14.0,,11
4.2,14.0,,11
4.21,14.0,,11
4.22,14.0,,11
4.23,14.0,,11
4.24,14.0,,11
4.25,14.0,,11
4.26,14.0,,11
4.27,14.0,,11
4.28,14.0,,11
4.29,14.0,,11
4.3,14.0,,11
4.31,14.0,,11
4.32,14.0,,11
4.33,14.0,,11
4.34,14.0,,11
4.35,14.0,,11
4.36,14.0,,11
4.37,14.0,,11
4.38,14.0,,11
4.39,14.0,,11
4.4,14.0,2557.000000000054,11
4.41,14.0,2557.0000000000546,11
4.42,14.0,,11
4.43,14.0,,11
4.44,14.0,2557.000000000054,11
4.45,14.0,,11
4.46,14.0,,11
4.47,14.0,,11
4.48,14.0,,11
4.49,14.0,2557.0000000000546,11
4.5,14.0,,11
4.51,14.0,,11
4.52,14.0,,11
4.53,14.0,,11
4.54,14.0,,11
4.55,14.0,,11
4.56,14.0,,11
4.57,14.0,,11
4.58,14.0,,11
4.59,14.0,,11
4.6,14.0,,11
4.61,14.0,,11
4.62,14.0,,11
4.63,14.0,,11
4.64,14.0,,11
4.65,14.0,,11
4.66,14.0,2556.0000000000546,11
4.67,14.0,2556.0000000000546,11
4.68,14.0,2556.0000000000546,11
4.69,14.0,533.3333333333131,11
4.7,14.0,266.66666666667237,11
4.71,14.0,160.0000000000034,11
4.72,14.0,114.28571428571672,11
4.73,14.0,94.11764705882258,11
4.74,14.0,76.19047619047588,11
4.75,14.0,66.62500000000041,11
4.76,14.0,57.10714285714333,11
4.77,14.0,51.58064516128993,11
4.78,14.0,45.685714285714084,11
4.79,14.0,42.05263157894745,11
4.8,14.0,38.04761904761922,11
4.81,14.0,35.48888888888866,11
4.82,14.0,33.95744680851045,11
4.83,14.0,34.6739130434782,11
4.84,14.0,33.936170212766015,11
4.85,14.0,33.914893617021356,11
4.86,14.0,33.936170212766044,11
4.87,14.0,33.936170212766044,11
4.88,14.0,34.652173913043406,11
4.89,14.0,33.914893617021384,11
4.9,14.0,34.63043478260888,11
4.91,14.0,33.89361702127669,11
4.92,14.0,34.60869565217385,11
4.93,14.0,34.60869565217385,11
4.94,14.0,34.58695652173906,11
4.95,14.0,34.58695652173906,11
4.96,14.0,33.82978723404262,11
4.97,14.0,34.565217391304294,11
4.98,14.0,34.543478260869506,11
4.99,14.0,36.25000000000019,11
5.0,14.000000000000007,35.422222222222274,11
5.01,14.000000000000007,36.22727272727262,11
5.02,14.0,36.20454545454537,11
5.03,14.0,35.40000000000007,11
5.04,14.0,36.18181818181834,11
5.05,14.0,36.18181818181837,11
5.06,14.0,36.15909090909079,11
5.07,14.0,36.15909090909079,11
5.08,14.000000000000007,36.13636363636354,11
5.09,14.0,36.13636363636354,11
5.1,14.000000000000007,36.13636363636354,11
5.11,14.0,36.95348837209274,11
5.12,14.000000000000007,36.11363636363626,11
5.13,13.999999999999993,36.09090909090897,11
5.14,14.0,36.93023255813955,11
5.15,13.999999999999993,36.09090909090901,11
5.16,14.0,36.06818181818172,11
5.17,14.0,36.906976744186046,11
5.18,14.0,36.04545454545473,11
5.19,14.000000000000007,36.883720930232585,11
5.2,13.999999999999993,36.04545454545444,11
5.21,14.0,36.02272727272719,11
5.22,13.989999999999995,36.860465116279116,11
5.23,13.989999999999995,36.00000000000016,11
5.24,13.990000000000002,36.83720930232558,11
5.25,13.980000000000004,36.83720930232561,11
5.26,13.980000000000004,35.97727272727262,11
5.27,13.979999999999997,36.813953488372114,11
5.28,13.979999999999997,36.79069767441861,11
5.29,13.980000000000004,36.76744186046515,11
5.3,13.980000000000004,36.76744186046515,11
5.31,13.980000000000004,36.74418604651168,11
5.32,13.96,36.74418604651164,11
5.33,13.960000000000008,36.74418604651164,11
5.34,13.959999999999994,36.72093023255818,11
5.35,13.96,36.72093023255818,11
5.36,13.96,36.72093023255818,11
5.37,13.950000000000003,37.57142857142842,11
5.38,13.95000000000001,36.69767441860468,11
5.39,13.949999999999996,36.67441860465121,11
5.4,13.949999999999996,37.5476190476192,11
5.41,13.950000000000003,36.651162790697676,11
5.42,13.950000000000003,37.52380952380938,11
5.43,13.940000000000005,37.52380952380938,11
5.44,13.939999999999998,36.627906976744214,11
5.45,13.929999999999993,37.50000000000016,11
5.46,13.929999999999993,37.50000000000016,11
5.47,13.93,36.58139534883724,11
5.48,13.920000000000002,37.45238095238081,11
5.49,13.920000000000002,37.45238095238078,11
5.5,13.919999999999995,37.45238095238113,11
5.51,13.919999999999995,37.428571428571594,11
5.52,13.920000000000002,37.428571428571594,11
5.53,13.910000000000004,37.428571428571274,11
5.54,13.910000000000004,37.40476190476177,11
5.55,13.909999999999997,37.38095238095224,11
5.56,13.909999999999997,37.38095238095224,11
5.57,13.899999999999999,37.3809523809522,11
5.58,13.899999999999999,38.292682926829265,11
5.59,13.900000000000006,37.35714285714302,11
5.6,13.899999999999991,37.33333333333348,11
5.61,13.899999999999999,38.24390243902436,11
5.62,13.89,37.3333333333332,11
5.63,13.89,37.30952380952366,11
5.64,13.890000000000008,38.21951219512194,11
5.65,13.889999999999993,37.28571428571444,11
5.66,13.879999999999995,38.19512195121953,11
5.67,13.879999999999995,38.19512195121953,11
5.68,13.880000000000003,37.26190476190459,11
5.69,13.880000000000003,38.17073170731704,11
5.7,13.86999999999999,38.14634146341462,11
5.71,13.86999999999999,37.238095238095404,11
5.72,13.870000000000005,38.14634146341462,11
5.73,13.870000000000005,38.12195121951217,11
5.74,13.86,38.09756097560975,11
5.75,13.86,38.09756097560975,11
5.76,13.86,38.09756097560975,11
5.77,13.849999999999994,38.09756097560975,11
5.78,13.850000000000009,38.073170731707336,11
5.79,13.850000000000009,38.04878048780488,11
5.8,13.849999999999994,38.04878048780488,11
5.81,13.83999999999999,38.04878048780485,11
5.82,13.840000000000003,39.00000000000013,11
5.83,13.840000000000003,38.0243902439024,11
5.84,13.840000000000003,37.82926829268291,11
5.85,13.829999999999998,36.928571428571594,11
5.86,13.829999999999998,36.928571428571594,11
5.87,13.829999999999998,37.80487804878047,11
5.88,13.820000000000007,36.904761904761756,11
5.89,13.820000000000007,37.780487804878035,11
5.9,13.819999999999993,36.88095238095255,11
5.91,13.820000000000007,37.7560975609756,11
5.92,13.820000000000007,37.780487804878035,11
5.93,13.820000000000007,36.857142857142705,11
5.94,13.819999999999993,37.73170731707315,11
5.95,13.810000000000002,37.73170731707315,11
5.96,13.810000000000002,37.707317073170714,11
5.97,13.810000000000002,37.70731707317072,11
5.98,13.800000000000011,37.68292682926828,11
5.99,13.799999999999997,37.682926829268276,11
6.0,13.799999999999997,37.658536585365844,11
6.01,13.790000000000006,37.65853658536584,11
6.02,13.790000000000006,37.6341463414634,11
6.03,13.790000000000006,37.658536585365844,11
6.04,13.780000000000001,37.6341463414634,11
6.05,13.790000000000006,37.634146341463406,11
6.06,13.790000000000006,38.57500000000014,11
6.07,13.780000000000001,37.60975609756096,11
6.08,13.780000000000001,37.60975609756096,11
6.09,13.780000000000001,38.52499999999979,11
6.1,13.77000000000001,37.58536585365852,11
6.11,13.77000000000001,38.500000000000135,11
6.12,13.769999999999996,38.500000000000135,11
6.13,13.759999999999991,37.53658536585365,11
6.14,13.77000000000001,38.474999999999795,11
6.15,13.769999999999996,37.5121951219512,11
6.16,13.759999999999991,38.45000000000014,11
6.17,13.760000000000005,38.450000000000145,11
6.18,13.760000000000005,37.48780487804877,11
6.19,13.75,37.59615384615388,11
6.2,13.75,35.52727272727267,11
6.21,13.739999999999995,33.118644067796616,11
6.22,13.75,32.01639344262299,11
6.23,13.75,32.00000000000002,11
6.24,13.739999999999995,31.48387096774207,11
6.25,13.739999999999995,31.983606557377087,11
6.26,13.740000000000009,31.967213114754117,11
6.27,13.730000000000004,31.967213114754127,11
6.28,13.72999999999999,31.950819672131182,11
6.29,13.730000000000004,32.48333333333344,11
6.3,13.730000000000004,31.934426229508233,11
6.31,13.72999999999999,31.918032786885284,11
6.32,13.719999999999999,31.918032786885274,11
6.33,13.719999999999999,31.901639344262325,11
6.34,13.710000000000008,32.433333333333245,11
6.35,13.710000000000008,31.88524590163918,11
6.36,13.719999999999999,31.868852459016235,11
6.37,13.710000000000008,31.86885245901622,11
6.38,13.710000000000008,31.852459016393276,11
6.39,13.700000000000003,32.38333333333327,11
6.4,13.699999999999989,32.3666666666666,11
6.41,13.710000000000008,31.819672131147566,11
6.42,13.700000000000003,31.819672131147577,11
6.43,13.699999999999989,32.33333333333346,11
6.44,13.689999999999998,32.33333333333345,11
6.45,13.689999999999998,32.316666666666784,11
6.46,13.689999999999998,32.30000000000012,11
6.47,13.689999999999998,31.770491803278723,11
6.48,13.689999999999998,32.28333333333327,11
6.49,13.680000000000007,32.28333333333325,11
6.5,13.680000000000007,32.26666666666659,11
6.51,13.669999999999987,32.2666666666666,11
6.52,13.680000000000007,32.249999999999915,11
6.53,13.680000000000007,32.23333333333344,11
6.54,13.669999999999987,32.233333333333455,11
6.55,13.670000000000002,32.216666666666775,11
6.56,13.659999999999997,32.21666666666679,11
6.57,13.669999999999987,32.74576271186443,11
6.58,13.659999999999997,32.745762711864415,11
6.59,13.659999999999997,32.1666666666666,11
6.6,13.650000000000006,32.166666666666586,11
6.61,13.659999999999997,32.14999999999992,11
6.62,13.649999999999991,32.69491525423731,11
6.63,13.650000000000006,32.67796610169491,11
6.64,13.650000000000006,32.66101694915255,11
6.65,13.649999999999991,32.116666666666795,11
6.66,13.650000000000006,32.1000000000001,11
6.67,13.64,32.64406779661019,11
6.68,13.64,32.62711864406781,11
6.69,13.629999999999995,32.62711864406781,11
6.7,13.64,32.61016949152545,11
6.71,13.63000000000001,33.17241379310354,11
6.72,13.629999999999995,32.593220338983066,11
6.73,13.61999999999999,32.593220338983066,11
6.74,13.63000000000001,32.576271186440685,11
6.75,13.61999999999999,32.576271186440685,11
6.76,13.61999999999999,33.10344827586197,11
6.77,13.620000000000005,33.10344827586197,11
6.78,13.61999999999999,32.525423728813564,11
6.79,13.61,32.525423728813564,11
6.8,13.61,32.50847457627118,11
6.81,13.610000000000014,33.068965517241466,11
6.82,13.61,33.05172413793113,11
6.83,13.599999999999994,33.05172413793113,11
6.84,13.599999999999994,32.474576271186464,11
6.85,13.599999999999994,33.03448275862078,11
6.86,13.599999999999994,33.01724137931045,11
6.87,13.590000000000003,33.01724137931043,11
6.88,13.599999999999994,32.982758620689744,11
6.89,13.590000000000003,32.982758620689744,11
6.9,13.590000000000003,32.96551724137919,11
6.91,13.579999999999998,32.96551724137921,11
6.92,13.590000000000003,32.94827586206886,11
6.93,13.579999999999998,32.94827586206886,11
6.94,13.579999999999998,32.931034482758534,11
6.95,13.579999999999998,33.50877192982453,11
6.96,13.579999999999998,32.91379310344838,11
6.97,13.570000000000007,32.913793103448356,11
6.98,13.579999999999998,32.87931034482767,11
6.99,13.569999999999993,32.879310344827694,11
7.0,13.570000000000007,33.43859649122803,11
7.01,13.569999999999993,33.438596491228054,11
7.02,13.560000000000002,32.86206896551714,11
7.03,13.560000000000002,32.84482758620679,11
7.04,13.559999999999988,32.84482758620681,11
7.05,13.560000000000002,33.40350877192979,11
7.06,13.549999999999997,33.385964912280684,11
7.07,13.559999999999988,33.36842105263158,11
7.08,13.549999999999997,32.79310344827595,11
7.09,13.549999999999997,33.35087719298245,11
7.1,13.549999999999997,33.35087719298242,11
7.11,13.549999999999997,33.333333333333314,11
7.12,13.539999999999992,33.333333333333314,11
7.13,13.540000000000006,33.333333333333314,11
7.14,13.539999999999992,33.892857142857224,11
7.15,13.530000000000001,33.298245614035075,11
7.16,13.540000000000006,33.280701754385944,11
7.17,13.530000000000001,33.280701754385944,11
7.18,13.530000000000001,33.263157894736814,11
7.19,13.530000000000001,33.85714285714273,11
7.2,13.519999999999996,33.85714285714271,11
7.21,13.519999999999996,33.228070175438575,11
7.22,13.52000000000001,33.228070175438575,11
7.23,13.519999999999996,33.210526315789444,11
7.24,13.519999999999996,33.803571428571516,11
7.25,13.510000000000005,33.803571428571495,11
7.26,13.509999999999991,33.78571428571436,11
7.27,13.510000000000005,33.192982456140335,11
7.28,13.510000000000005,33.157894736842096,11
7.29,13.5,33.750000000000085,11
7.3,13.510000000000005,33.73214285714293,11
7.31,13.5,33.73214285714293,11
7.32,13.5,33.73214285714293,11
7.33,13.5,33.122807017543835,11
7.34,13.490000000000009,33.69642857142842,11
7.35,13.489999999999995,33.69642857142844,11
7.36,13.489999999999995,33.67857142857129,11
7.37,13.489999999999995,33.67857142857129,11
7.38,13.489999999999995,33.660714285714135,11
7.39,13.480000000000004,34.27272727272722,11
7.4,13.480000000000004,33.642857142857224,11
7.41,13.47999999999999,33.6250000000001,11
7.42,13.480000000000004,33.62500000000007,11
7.43,13.480000000000004,33.60714285714295,11
7.44,13.469999999999999,34.21818181818176,11
7.45,13.469999999999999,34.19999999999996,11
7.46,13.469999999999999,33.571428571428456,11
7.47,13.469999999999999,33.57142857142843,11
7.48,13.460000000000008,33.57142857142843,11
7.49,13.469999999999999,34.16363636363631,11
7.5,13.459999999999994,34.16363636363633,11
7.51,13.450000000000003,34.145454545454506,11
7.52,13.459999999999994,33.51785714285721,11
7.53,13.450000000000003,33.51785714285721,11
7.54,13.460000000000008,34.109090909090874,11
7.55,13.449999999999989,34.109090909090874,11
7.56,13.450000000000003,34.090909090909044,11
7.57,13.450000000000003,34.07272727272724,11
7.58,13.439999999999998,34.07272727272722,11
7.59,13.439999999999998,34.07272727272724,11
7.6,13.440000000000012,34.05454545454539,11
7.61,13.439999999999998,34.03636363636359,11
7.62,13.430000000000007,34.03636363636359,11
7.63,13.439999999999998,34.018181818181766,11
7.64,13.429999999999993,34.648148148148216,11
7.65,13.430000000000007,34.00000000000018,11
7.66,13.429999999999993,33.981818181818355,11
7.67,13.430000000000007,33.981818181818355,11
7.68,13.420000000000002,33.981818181818355,11
7.69,13.429999999999993,34.59259259259266,11
7.7,13.420000000000002,34.57407407407413,11
7.71,13.420000000000002,34.574074074074105,11
7.72,13.420000000000002,33.92727272727268,11
7.73,13.409999999999997,33.9272727272727,11
7.74,13.409999999999997,34.5370370370371,11
7.75,13.399999999999991,34.5370370370371,11
7.76,13.41000000000001,34.518518518518576,11
7.77,13.399999999999991,34.518518518518576,11
7.78,13.400000000000006,33.89090909090927,11
7.79,13.400000000000006,34.481481481481545,11
7.8,13.400000000000006,34.48148148148152,11
7.81,13.39,34.481481481481545,11
7.82,13.399999999999991,34.46296296296302,11
7.83,13.39,34.444444444444485,11
7.84,13.39,35.094339622641684,11
7.85,13.39,34.42592592592596,11
7.86,13.39,34.42592592592599,11
7.87,13.38000000000001,34.40740740740746,11
7.88,13.379999999999995,34.40740740740746,11
7.89,13.38000000000001,35.03773584905652,11
7.9,13.379999999999995,35.037735849056546,11
7.91,13.370000000000005,34.370370370370175,11
7.92,13.36999999999999,34.3703703703702,11
7.93,13.379999999999995,34.3518518518517,11
7.94,13.370000000000005,34.99999999999992,11
7.95,13.370000000000005,34.981132075471606,11
7.96,13.370000000000005,34.96226415094333,11
7.97,13.36999999999999,34.96226415094333,11
7.98,13.36,34.29629629629634,11
7.99,13.36,34.94339622641504,11
8.0,13.36,34.9245283018867,11
8.01,13.36,34.924528301886724,11
8.02,13.350000000000009,34.905660377358416,11
8.03,13.349999999999994,34.905660377358416,11
8.04,13.349999999999994,34.88679245283013,11
8.05,13.349999999999994,34.88679245283011,11
8.06,13.340000000000003,33.59999999999994,11
8.07,13.340000000000003,33.599999999999966,11
8.08,13.33999999999999,34.20370370370375,11
8.09,13.340000000000003,34.20370370370375,11
8.1,13.329999999999998,33.563636363636334,11
8.11,13.340000000000003,33.545454545454696,11
8.12,13.329999999999998,34.16666666666673,11
8.13,13.329999999999998,34.1666666666665,11
8.14,13.329999999999998,33.52727272727268,11
8.15,14.659999999999997,33.50909090909085,11
8.16,14.660000000000004,34.11111111111117,11
8.17,14.649999999999999,34.11111111111117,11
8.18,14.649999999999999,33.49090909090905,11
8.19,14.64,33.47272727272723,11
8.2,14.64,34.09259259259242,11
8.21,14.64,33.454545454545396,11
8.22,14.64,33.45454545454564,11
8.23,14.630000000000003,33.418181818181765,11
8.24,14.629999999999995,34.03703703703708,11
8.25,14.630000000000003,33.39999999999996,11
8.26,14.630000000000003,33.39999999999996,11
8.27,14.61,33.38181818181814,11
8.28,14.61,33.38181818181814,11
8.29,14.61,33.36363636363652,11
8.3,14.61,33.36363636363655,11
8.31,14.61,33.34545454545448,11
8.32,14.600000000000001,33.32727272727268,11
8.33,14.590000000000003,33.34545454545451,11
8.34,14.590000000000003,33.32727272727268,11
8.35,14.589999999999996,33.3272727272729,11
8.36,14.579999999999998,33.30909090909088,11
8.37,14.580000000000005,33.290909090909025,11
8.38,14.579999999999998,32.6785714285715,11
8.39,14.579999999999998,33.27272727272725,11
8.4,14.57,32.66071428571435,11
8.41,14.57,33.254545454545614,11
8.42,14.559999999999995,32.660714285714164,11
8.43,14.56000000000001,33.2363636363636,11
8.44,14.560000000000002,32.625000000000064,11
8.45,14.549999999999997,33.21818181818177,11
8.46,14.549999999999997,32.60714285714294,11
8.47,14.54,33.20000000000015,11
8.48,14.54,32.58928571428558,11
8.49,14.540000000000006,33.18181818181814,11
8.5,14.540000000000006,33.163636363636336,11
8.51,14.529999999999994,32.5535714285713,11
8.52,14.529999999999994,33.1454545454547,11
8.53,14.520000000000003,32.53571428571415,11
8.54,14.519999999999996,33.10909090909085,11
8.55,14.520000000000003,32.51785714285723,11
8.56,14.509999999999998,33.09090909090905,11
8.57,14.509999999999998,32.50000000000006,11
8.58,14.5,33.07272727272744,11
8.59,14.499999999999993,32.48214285714272,11
8.6,14.499999999999993,33.054545454545426,11
8.61,14.490000000000002,32.44642857142865,11
8.62,14.490000000000009,32.44642857142844,11
8.63,14.490000000000002,32.428571428571495,11
8.64,14.479999999999997,32.428571428571495,11
8.65,14.480000000000004,32.42857142857129,11
8.66,14.469999999999999,32.41071428571437,11
8.67,14.479999999999997,32.41071428571434,11
8.68,14.469999999999999,32.39285714285701,11
8.69,14.469999999999992,32.375000000000064,11
8.7,14.46,32.35714285714273,11
8.71,14.459999999999994,32.35714285714273,11
8.72,14.450000000000003,32.35714285714294,11
8.73,14.45000000000001,31.77192982456141,11
8.74,14.450000000000003,32.32142857142866,11
8.75,14.449999999999996,32.32142857142863,11
8.76,14.440000000000005,32.30357142857128,11
8.77,14.439999999999998,32.30357142857151,11
8.78,14.430000000000007,32.285714285714356,11
8.79,14.429999999999993,32.28571428571415,11
8.8,14.43,32.26785714285723,11
8.81,14.419999999999995,32.25000000000008,11
8.82,13.18,38.972972972972876,11
8.83,13.17,38.972972972972855,11
8.84,13.17,37.92105263157906,11
8.85,13.17,38.94594594594621,11
8.86,13.16,37.894736842105004,11
8.87,13.17,38.89189189189179,11
8.88,13.16,38.89189189189214,11
8.89,13.16,37.86842105263168,11
8.9,13.16,38.89189189189177,11
8.91,13.16,37.86842105263168,11
8.92,13.149999999999999,37.84210526315798,11
8.93,13.15,37.81578947368395,11
8.94,13.15,37.81578947368432,11
8.95,13.149999999999999,38.8378378378381,11
8.96,13.139999999999999,37.81578947368397,11
8.97,13.14,37.789473684210286,11
8.98,13.13,37.78947368421063,11
8.99,13.14,37.78947368421064,11
9.0,13.139999999999999,37.76315789473696,11
9.01,13.129999999999999,37.73684210526325,11
9.02,13.13,37.736842105263264,11
9.03,13.129999999999999,37.71052631578923,11
9.04,13.120000000000001,37.710526315789565,11
9.05,13.120000000000001,37.710526315789586,11
9.06,13.12,37.710526315789195,11
9.07,13.11,37.71052631578922,11
9.08,13.110000000000001,36.717948717948666,11
9.09,13.11,37.68421052631587,11
9.1,13.11,37.65789473684219,11
9.11,13.100000000000001,37.65789473684221,11
9.12,13.1,37.63157894736853,11
9.13,13.100000000000001,36.66666666666661,11
9.14,13.099999999999998,37.60526315789483,11
9.15,13.1,36.66666666666662,11
9.16,13.09,36.641025641025564,11
9.17,13.09,36.804964539007116,11
9.18,13.09,36.15331010452963,11
9.19,13.090000000000002,35.4027303754266,11
9.2,13.080000000000002,34.68561872909699,11
9.21,13.079999999999998,33.87908496732026,11
9.22,13.08,33.006369426751604,11
9.23,13.080000000000002,32.2772585669782,11
9.24,13.079999999999998,31.48024316109422,11
9.25,13.069999999999999,30.815476190476176,11
9.26,13.07,30.177842565597658,11
9.27,13.070000000000002,29.478632478632477,11
9.28,13.069999999999999,28.891061452513966,11
9.29,13.059999999999999,28.32876712328767,11
9.3,13.06,27.71045576407508,11
9.31,13.06,27.192105263157906,11
9.32,13.059999999999999,26.61855670103091,11
9.33,13.049999999999999,26.136708860759498,11
9.34,13.05,25.671641791044777,11
9.35,13.04,25.16097560975609,11
9.36,13.040000000000001,24.72901678657073,11
9.37,13.049999999999999,24.31132075471699,11
9.38,13.04,23.85185185185185,11
9.39,13.04,23.46013667425968,11
9.4,13.03,23.031319910514547,11
9.41,13.030000000000001,22.667400881057272,11
9.42,13.030000000000001,22.31236442516269,11
9.43,13.030000000000001,21.92110874200428,11
9.44,13.03,21.588235294117656,11
9.45,13.02,21.223140495867764,11
9.46,13.02,20.910386965376773,11
9.47,13.02,20.606425702811233,11
9.48,13.01,20.268774703557312,11
9.49,13.020000000000001,19.982456140350877,11
9.5,13.010000000000002,19.779922779922774,11
9.51,13.009999999999998,19.541984732824428,11
9.52,13.009999999999998,19.349716446124766,11
9.53,13.000000000000002,19.121495327102807,11
9.54,13.0,18.93518518518519,11
9.55,12.999999999999998,18.750458715596334,11
9.56,12.989999999999998,18.53720508166969,11
9.57,13.0,18.3615107913669,11
9.58,12.99,18.154804270462638,11
9.59,12.99,17.984126984126984,11
9.6,12.979999999999999,17.785340314136132,11
9.61,12.99,17.592400690846283,11
9.62,12.98,17.431506849315067,11
9.63,12.98,17.242372881355934,11
9.64,12.969999999999999,17.060402684563755,11
9.65,12.98,16.908485856905166,11
9.66,12.969999999999999,16.72981878088962,11
9.67,12.969999999999999,16.584967320261438,11
9.68,12.96,16.4126213592233,11
9.69,12.96,16.246794871794865,11
9.7,12.96,16.106518282988876,11
9.71,12.95,15.89324960753532,11
9.72,12.96,15.7111801242236,11
9.73,12.96,15.507668711656443,11
9.74,12.95,15.333839150227615,11
9.75,12.95,15.13943028485757,11
9.76,12.95,14.973293768545998,11
9.77,12.939999999999998,14.807635829662265,11
9.78,12.939999999999998,14.62699564586357,11
9.79,12.939999999999998,14.4683908045977,11
9.8,12.930000000000003,14.295454545454547,11
9.81,12.93,14.144866385372717,11
9.82,12.93,13.9958217270195,11
9.83,12.93,13.833333333333334,11
9.84,12.93,13.69031377899045,11
9.85,12.920000000000002,13.53171390013495,11
9.86,12.920000000000002,13.39572192513369,11
9.87,12.91,13.260927152317882,11
9.88,12.91,13.112712975098294,11
9.89,12.91,12.983116883116883,11
9.9,12.91,12.840616966580976,11
9.91,12.91,12.714649681528662,11
9.92,12.91,12.57755359394704,11
9.93,12.899999999999999,12.457500000000001,11
9.94,12.89,12.339529120198268,11
9.95,12.89,12.207361963190182,11
9.96,12.89,12.093673965936736,11
9.97,12.89,11.967469879518072,11
9.98,12.880000000000003,11.857825567502985,11
9.99,12.880000000000003,11.73491124260355,11
10.0,12.880000000000003,11.656470588235294,11
10.01,12.869999999999997,11.564252336448595,11
10.02,12.870000000000005,11.487804878048783,11
10.03,12.880000000000003,11.397923875432525,11
10.04,12.869999999999997,11.322247706422019,11
10.05,12.869999999999997,11.234624145785878,11
10.06,12.869999999999997,11.14819004524887,11
10.07,12.86,11.075365579302586,11
10.08,12.86,10.991061452513968,11
10.09,12.850000000000001,10.90788013318535,11
10.1,12.850000000000001,10.83774834437086,11
10.11,12.86,10.75657894736842,11
10.12,12.850000000000001,10.677559912854033,11
10.13,12.850000000000001,10.608884073672805,11
10.14,12.840000000000003,10.530678148546826,11
10.15,12.840000000000003,10.464668094218416,11
10.16,12.839999999999996,10.38723404255319,11
10.17,12.839999999999996,10.310782241014799,11
10.18,12.829999999999998,10.247108307045217,11
10.19,12.84,10.172413793103447,11
10.2,12.829999999999998,10.098650051921082,11
10.21,12.82,10.016494845360826,11
10.22,12.82,9.924335378323107,11
10.23,12.820000000000004,9.843654822335028,11
10.24,12.820000000000004,9.754279959718028,11
10.25,12.809999999999999,9.675999999999998,11
10.26,12.809999999999999,9.590277777777777,11
10.27,12.809999999999999,9.513300492610837,11
10.28,12.810000000000002,9.429130009775172,11
10.29,12.8,9.355339805825245,11
10.3,12.8,9.272639691714836,11
10.31,12.799999999999997,9.200956937799043,11
10.32,12.79,9.12155745489079,11
10.33,12.799999999999997,9.050943396226414,11
10.34,12.79,8.972846441947565,11
10.35,12.790000000000003,8.905116279069766,11
10.36,12.780000000000005,8.82825484764543,11
10.37,12.779999999999998,8.762385321100917,11
10.38,12.779999999999998,8.688524590163935,11
10.39,12.779999999999998,8.62262443438914,11
10.4,12.77,8.551662174303685,11
10.41,12.770000000000003,8.4875,11
10.42,12.769999999999996,8.417553191489361,11
10.43,12.759999999999998,8.355066079295154,11
10.44,12.77,8.286964129483815,11
10.45,12.760000000000002,8.226086956521739,11
10.46,12.760000000000002,8.159758203799655,11
10.47,12.759999999999998,8.101287553648069,11
10.48,12.75,8.035805626598465,11
10.49,12.75,7.977966101694915,11
10.5,12.75,7.927487352445193,11
10.51,12.740000000000002,7.877516778523488,11
10.52,12.739999999999998,7.835421888053469,11
10.53,12.739999999999998,7.785536159600997,11
10.54,12.740000000000002,7.743377483443708,11
10.55,12.730000000000004,7.695222405271827,11
10.56,12.729999999999997,7.6467213114754085,11
10.57,12.729999999999997,7.606530612244899,11
10.58,12.730000000000004,7.558895207148661,11
10.59,12.720000000000006,7.511721907841552,11
10.6,12.719999999999999,7.471819645732689,11
10.61,12.71,7.42628205128205,11
10.62,12.71,7.38707102952913,11
10.63,12.71,7.3415409054805405,11
10.64,12.71,7.296442687747037,11
10.65,12.71,7.257480314960629,11
10.66,12.700000000000003,7.213949843260188,11
10.67,12.689999999999998,7.170046801872075,11
10.68,12.689999999999998,7.132090132090132,11
10.69,12.690000000000005,7.08971384377417,11
10.7,12.689999999999998,7.051617873651772,11
10.71,12.689999999999998,6.998468606431854,11
10.72,12.68,6.945966514459664,11
10.73,12.68,6.899318697956094,11
10.74,12.68,6.847253574115875,11
10.75,12.68,6.801646706586827,11
10.76,12.669999999999995,6.751488095238096,11
10.77,12.670000000000002,6.701183431952662,11
10.78,12.670000000000002,6.6563649742457685,11
10.79,12.659999999999997,6.607900512070227,11
10.8,12.659999999999997,6.564046579330422,11
10.81,12.660000000000004,6.515918958031839,11
10.82,12.659999999999997,6.468345323741008,11
10.83,12.659999999999997,6.4259126700071585,11
10.84,12.650000000000006,6.379359430604983,11
10.85,12.649999999999999,6.337818696883853,11
10.86,12.649999999999999,6.292957746478873,11
10.87,12.64,6.24719887955182,11
10.88,12.64,6.206968641114983,11
10.89,12.64,6.162162162162163,11
10.9,12.64,6.122068965517242,11
10.91,12.630000000000003,6.0788751714677645,11
10.92,12.630000000000003,6.035470668485676,11
10.93,12.619999999999997,6.013614703880191,11
10.94,12.630000000000003,6.0074931880108995,11
10.95,12.620000000000005,6.001363326516701,11
10.96,12.619999999999997,5.999317406143344,11
10.97,12.61,5.993852459016393,11
10.98,12.61,5.9876965140123035,11
10.99,12.61,5.985626283367556,11
11.0,12.600000000000001,5.9808219178082185,11
11.01,12.61,5.97464016449623,11
11.02,12.600000000000001,5.968449931412894,11
11.03,12.589999999999996,5.958161865569272,11
11.04,12.600000000000001,5.956730769230768,11
11.05,12.590000000000003,5.946428571428571,11
11.06,12.590000000000003,5.940893470790378,11
11.07,12.590000000000003,5.934662998624484,11
11.08,12.579999999999998,5.928423950447351,11
11.09,12.580000000000005,5.9187887130075705,11
11.1,12.57,5.916609235010338,11
11.11,12.579999999999998,5.90696071674707,11
11.12,12.57,5.904761904761904,11
11.13,12.57,5.895100069013112,11
11.14,12.559999999999995,5.888812154696132,11
11.15,12.560000000000002,5.883206634416033,11
11.16,12.560000000000002,5.872840359364201,11
11.17,12.560000000000002,5.867219917012447,11
11.18,12.550000000000004,5.8649584487534625,11
11.19,12.549999999999997,5.855263157894737,11
11.2,12.540000000000006,5.848925848925848,11
11.21,12.54,5.867688022284122,11
11.22,12.550000000000004,5.883216783216784,11
11.23,12.54,5.880952380952381,11
11.24,12.54,5.8752627890679765,11
11.25,12.530000000000001,5.868863955119216,11
11.26,12.530000000000001,5.867275280898877,11
11.27,12.530000000000001,5.861560084328883,11
11.28,12.520000000000003,5.855133614627286,11
11.29,12.519999999999996,5.8535211267605645,11
11.3,12.520000000000003,5.847780126849896,11
11.31,12.519999999999996,5.842031029619183,11
11.32,12.510000000000005,5.840395480225989,11
11.33,12.509999999999998,5.834628975265018,11
11.34,12.510000000000005,5.832979476291578,11
11.35,12.5,5.827195467422096,11
11.36,12.5,5.820694542877392,11
11.37,12.5,5.819020581973032,11
11.38,12.5,5.8132102272727275,11
11.39,12.5,5.807391613361763,11
11.4,12.479999999999997,5.805693950177936,11
11.41,12.480000000000004,5.79985754985755,11
11.42,12.479999999999997,5.794012829650748,11
11.43,12.480000000000004,5.792291220556745,11
11.44,12.479999999999997,5.786428571428571,11
11.45,12.480000000000004,5.7805575411007855,11
11.46,12.479999999999997,5.77881173944166,11
11.47,12.46,5.772922636103151,11
11.48,12.46,5.771162123385939,11
11.49,12.46,5.765254845656856,11
11.5,12.46,5.75933908045977,11
11.51,12.450000000000003,5.753414809489576,11
11.52,12.449999999999996,5.74820143884892,11
11.53,12.450000000000003,5.738129496402877,11
11.54,12.449999999999996,5.736311239193083,11
11.55,12.440000000000005,5.726224783861671,11
11.56,12.439999999999998,5.720259552992069,11
11.57,12.439999999999998,5.7142857142857135,11
11.58,12.43,5.708303249097472,11
11.59,12.43,5.698194945848375,11
11.6,12.43,5.69703543022415,11
11.61,12.420000000000002,5.686912509038322,11
11.62,12.43,5.6850108616944235,11
11.63,12.420000000000002,5.674873280231715,11
11.64,12.420000000000002,5.668840579710144,11
11.65,12.419999999999995,5.662799129804204,11
11.66,12.410000000000004,5.653372008701956,11
11.67,12.409999999999997,5.647314949201742,11
11.68,12.399999999999999,5.645348837209302,11
11.69,12.399999999999999,5.635174418604651,11
11.7,12.399999999999999,5.629090909090908,11
11.71,12.400000000000006,5.648391812865496,11
11.72,12.39,5.662995594713655,11
11.73,12.39,5.661029411764704,11
11.74,12.39,5.656364974245769,11
11.75,12.389999999999993,5.650220913107511,11
11.76,12.380000000000003,5.648230088495575,11
11.77,12.370000000000005,5.642804428044281,11
11.78,12.380000000000003,5.636632200886263,11
11.79,12.36999999999999,5.634615384615385,11
11.8,12.370000000000005,5.629163582531459,11
11.81,12.369999999999997,5.622962962962964,11
11.82,12.36,5.621661721068249,11
11.83,12.36,5.615441722345953,11
11.84,12.360000000000007,5.6099554234769675,11
11.85,12.349999999999994,5.6086309523809526,11
11.86,12.350000000000009,5.602382725241995,11
11.87,12.349999999999994,5.601043997017151,11
11.88,12.340000000000003,5.594776119402985,11
11.89,12.350000000000001,5.58924570575056,11
11.9,12.340000000000003,5.587135377711293,11
11.91,12.329999999999998,5.581586826347304,11
11.92,12.330000000000005,5.576029962546817,11
11.93,12.329999999999998,5.573893473368342,11
11.94,12.330000000000005,5.5690690690690685,11
11.95,12.319999999999993,5.562734785875281,11
11.96,12.32,5.561324303987959,11
11.97,12.309999999999995,5.554969879518071,11
11.98,12.310000000000002,5.549359457422757,11
11.99,12.309999999999995,5.547924528301886,11
12.0,12.310000000000002,5.541540785498489,11
12.01,12.31000000000001,5.535903250188963,11
12.02,12.299999999999997,5.530257186081693,11
12.03,12.300000000000004,5.5196671709531,11
12.04,12.289999999999992,5.518181818181818,11
12.05,12.29,5.509090909090911,11
12.06,12.290000000000006,5.503411675511752,11
12.07,12.280000000000001,5.496965098634295,11
12.08,12.280000000000001,5.4912680334092645,11
12.09,12.269999999999996,5.481397114654519,11
12.1,12.270000000000003,5.479847908745248,11
12.11,12.27000000000001,5.469961977186312,11
12.12,12.269999999999996,5.463470319634704,11
12.13,12.260000000000005,5.4577303884234585,11
12.14,12.259999999999998,5.451981707317072,11
12.15,12.259999999999998,5.446224256292906,11
12.16,12.250000000000007,5.43630816170862,11
12.17,12.25,5.430534351145038,11
12.18,12.250000000000007,5.428899082568807,11
12.19,12.249999999999993,5.418960244648319,11
12.2,12.25,5.413159908186687,11
12.21,12.240000000000009,5.431538461538462,11
12.22,12.239999999999995,5.446676970633694,11
12.23,12.229999999999997,5.440835266821346,11
12.24,12.230000000000004,5.439194422927963,11
12.25,12.229999999999997,5.433333333333334,11
12.26,12.230000000000004,5.432453416149068,11
12.27,12.22999999999999,5.426573426573427,11
12.28,12.219999999999999,5.4206842923794705,11
12.29,12.21,5.419781931464175,11
12.3,12.210000000000008,5.4138737334372555,11
12.31,12.209999999999994,5.4079563182527295,11
12.32,12.21,5.40625,11
12.33,12.200000000000003,5.400312744331508,11
12.34,12.199999999999996,5.394366197183098,11
12.35,12.200000000000003,5.3926332288401255,11
12.36,12.189999999999998,5.387450980392155,11
12.37,12.190000000000005,5.381475667189952,11
12.38,12.189999999999998,5.380503144654086,11
12.39,12.18,5.374508261211643,11
12.4,12.180000000000007,5.368503937007873,11
12.41,12.179999999999993,5.366719242902207,11
12.42,12.169999999999995,5.360694554064719,11
12.43,12.170000000000002,5.3596837944664015,11
12.44,12.160000000000004,5.353639240506328,11
12.45,12.169999999999995,5.347585114806017,11
12.46,12.170000000000002,5.347343378271213,11
12.47,12.159999999999997,5.341269841269843,11
12.48,12.160000000000004,5.335186656076251,11
12.49,12.150000000000006,5.333333333333334,11
12.5,12.149999999999999,5.328025477707007,11
12.51,12.14,5.3176751592356695,11
12.52,12.150000000000006,5.31658692185008,11
12.53,12.140000000000008,5.306220095693781,11
12.54,12.139999999999993,5.300079808459697,11
12.55,12.129999999999995,5.294728434504794,11
12.56,12.129999999999995,5.288569144684252,11
12.57,12.13000000000001,5.278976818545166,11
12.58,12.120000000000005,5.2778222578062435,11
12.59,12.11999999999999,5.267413931144916,11
12.6,12.11999999999999,5.266238973536487,11
12.61,12.120000000000005,5.255813953488371,11
12.62,12.11,5.250401284109148,11
12.63,12.100000000000009,5.244176706827308,11
12.64,12.11,5.238745980707394,11
12.65,12.099999999999994,5.229099678456592,11
12.66,12.08999999999999,5.222847948511665,11
12.67,12.099999999999994,5.217391304347827,11
12.68,12.090000000000003,5.211120064464141,11
12.69,12.090000000000003,5.205645161290323,11
12.7,12.079999999999998,5.1993543179983845,11
12.71,12.079999999999998,5.219155844155845,11
12.72,12.079999999999998,5.234910277324634,11
12.73,12.069999999999993,5.2285714285714295,11
12.74,12.069999999999993,5.227309893704007,11
12.75,12.070000000000007,5.2217675941080195,11
12.76,12.070000000000007,5.215397215397216,11
12.77,12.060000000000002,5.214109926168991,11
12.78,12.060000000000002,5.209359605911329,11
12.79,12.049999999999997,5.2037797863599,11
12.8,12.049999999999997,5.201646090534978,11
12.81,12.040000000000006,5.196046128500822,11
12.82,12.049999999999997,5.190436933223411,11
12.83,12.039999999999992,5.189099917423617,11
12.84,12.039999999999992,5.182644628099172,11
12.85,12.039999999999992,5.177005789909016,11
12.86,12.030000000000001,5.175642087821044,11
12.87,12.030000000000001,5.169983416252072,11
12.88,12.019999999999996,5.169435215946844,11
12.89,12.019999999999996,5.163757273482959,11
12.9,12.019999999999996,5.158069883527454,11
12.91,12.010000000000005,5.155833333333334,11
12.92,12.010000000000005,5.1501251042535445,11
12.93,12.010000000000005,5.144407345575959,11
12.94,12.0,5.1429765886287635,11
12.95,12.0,5.13723849372385,11
12.96,12.0,5.131490787269683,11
12.97,12.0,5.13003355704698,11
12.98,11.990000000000009,5.125104953820318,11
12.99,11.990000000000009,5.119327731092436,11
13.0,11.990000000000009,5.1178451178451185,11
13.01,11.980000000000004,5.107744107744108,11
13.02,11.980000000000004,5.101937657961247,11
13.03,11.969999999999999,5.096121416526138,11
13.04,11.969999999999999,5.090295358649788,11
13.05,11.969999999999999,5.080168776371307,11
13.06,11.969999999999999,5.07861369399831,11
13.07,11.959999999999994,5.069315300084531,11
13.08,11.959999999999994,5.0677392040643525,11
13.09,11.950000000000003,5.057578323454699,11
13.1,11.950000000000003,5.051694915254239,11
13.11,11.950000000000003,5.0458015267175576,11
13.12,11.939999999999998,5.040747028862478,11
13.13,11.939999999999998,5.031409168081492,11
13.14,11.939999999999998,5.029761904761903,11
13.15,11.939999999999998,5.019557823129252,11
13.16,11.929999999999993,5.009353741496598,11
13.17,11.929999999999993,5.007666098807495,11
13.18,11.929999999999993,5.002557544757031,11
13.19,11.920000000000002,4.9923273657289,11
13.2,11.920000000000002,4.99060631938514,11
13.21,11.909999999999997,5.006866952789699,11
13.22,11.909999999999997,5.02677029360967,11
13.23,11.909999999999997,5.020743301642178,11
13.24,11.899999999999991,5.015570934256054,11
13.25,11.900000000000006,5.0138648180242615,11
13.26,11.89,5.007805724197743,11
13.27,11.89,5.002604166666666,11
13.28,11.89,5.000869565217391,11
13.29,11.89,4.995648389904263,11
13.3,11.89,4.9904181184669,11
13.31,11.879999999999995,4.988656195462479,11
13.32,11.879999999999995,4.983406113537118,11
13.33,11.86999999999999,4.9772727272727275,11
13.34,11.870000000000005,4.976357267950965,11
13.35,11.86999999999999,4.970201577563541,11
13.36,11.86999999999999,4.964912280701756,11
13.37,11.86,4.963093145869949,11
13.38,11.849999999999994,4.95778364116095,11
13.39,11.849999999999994,4.951584507042253,11
13.4,11.849999999999994,4.951499118165786,11
13.41,11.849999999999994,4.945278022947926,11
13.42,11.840000000000003,4.944297082228116,11
13.43,11.840000000000003,4.9389380530973455,11
13.44,11.840000000000003,4.932683790965456,11
13.45,11.829999999999998,4.9316770186335415,11
13.46,11.830000000000013,4.926287744227354,11
13.47,11.830000000000013,4.92,11
13.48,11.820000000000007,4.9189670525378455,11
13.49,11.819999999999993,4.913547237076648,11
13.5,11.819999999999993,4.908117752007135,11
13.51,11.809999999999988,4.902678571428571,11
13.52,11.810000000000002,4.897229669347631,11
13.53,11.799999999999997,4.886505808757818,11
13.54,11.810000000000002,4.88540734109221,11
13.55,11.799999999999997,4.875559534467321,11
13.56,11.790000000000006,4.870071684587813,11
13.57,11.790000000000006,4.863677130044842,11
13.58,11.780000000000001,4.858168761220827,11
13.59,11.780000000000001,4.848294434470377,11
13.6,11.780000000000001,4.847122302158274,11
13.61,11.780000000000001,4.837230215827337,11
13.62,11.769999999999996,4.836036036036034,11
13.63,11.77000000000001,4.825225225225225,11
13.64,11.760000000000005,4.8196573489630286,11
13.65,11.759999999999991,4.8140794223826715,11
13.66,11.760000000000005,4.8041516245487355,11
13.67,11.75,4.798554652213189,11
13.68,11.75,4.797285067873302,11
13.69,11.739999999999995,4.787330316742081,11
13.7,11.75,4.781702898550725,11
13.71,11.75,4.80218778486782,11
13.72,11.739999999999995,4.819431714023833,11
13.73,11.739999999999995,4.813761467889908,11
13.74,11.740000000000009,4.812500000000001,11
13.75,11.719999999999999,4.806807727690892,11
13.76,11.719999999999999,4.801104972375692,11
13.77,11.719999999999999,4.799815498154982,11
13.78,11.709999999999994,4.794090489381349,11
13.79,11.710000000000008,4.792784458834412,11
13.8,11.709999999999994,4.787037037037038,11
13.81,11.709999999999994,4.781278962001854,11
13.82,11.700000000000003,4.7818012999071495,11
13.83,11.700000000000003,4.776022304832715,11
13.84,11.700000000000003,4.770232558139535,11
13.85,11.700000000000003,4.76887232059646,11
13.86,11.679999999999993,4.763059701492537,11
13.87,11.680000000000007,4.757236227824461,11
13.88,11.680000000000007,4.756782039289055,11
13.89,11.679999999999993,4.750936329588016,11
13.9,11.680000000000007,4.745079662605435,11
13.91,11.670000000000002,4.743661971830987,11
13.92,11.670000000000002,4.739661654135339,11
13.93,11.659999999999997,4.733772342427092,11
13.94,11.659999999999997,4.732327992459941,11
13.95,11.650000000000006,4.726415094339623,11
13.96,11.649999999999991,4.721435316336167,11
13.97,11.650000000000006,4.719962157048248,11
13.98,11.64,4.714015151515151,11
13.99,11.64,4.7090047393364936,11
14.0,11.64,4.70750237416904,11
14.01,11.63000000000001,4.697056030389362,11
14.02,11.629999999999995,4.692965779467682,11
14.03,11.629999999999995,4.686964795432923,11
14.04,11.620000000000005,4.6819047619047645,11
14.05,11.620000000000005,4.671428571428573,11
14.06,11.61999999999999,4.670801526717558,11
14.07,11.61,4.660305343511451,11
14.08,11.61,4.659655831739963,11
14.09,11.599999999999994,4.6491395793499075,11
14.1,11.599999999999994,4.644019138755981,11
14.11,11.599999999999994,4.63793103448276,11
14.12,11.599999999999994,4.632790028763185,11
14.13,11.590000000000003,4.622243528283797,11
14.14,11.58999999999999,4.62151777137368,11
14.15,11.579999999999998,4.610951008645533,11
14.16,11.579999999999998,4.601344860710856,11
14.17,11.569999999999993,4.59961501443696,11
14.18,11.579999999999998,4.594412331406553,11
14.19,11.569999999999993,4.5847784200385355,11
14.2,11.569999999999993,4.583011583011585,11
14.21,11.560000000000002,4.600000000000003,11
14.22,11.560000000000002,4.6171875,11
14.23,11.560000000000002,4.615459882583171,11
14.24,11.549999999999997,4.611165523996083,11
14.25,11.540000000000006,4.610402355250245,11
14.26,11.549999999999997,4.604125736738704,11
14.27,11.540000000000006,4.598820058997052,11
14.28,11.530000000000001,4.598029556650248,11
14.29,11.540000000000006,4.5927021696252455,11
14.3,11.530000000000001,4.586377097729517,11
14.31,11.519999999999996,4.585558852621168,11
14.32,11.530000000000001,4.58019801980198,11
14.33,11.519999999999996,4.574826560951437,11
14.34,11.510000000000005,4.574975173783515,11
14.35,11.509999999999991,4.568588469184891,11
14.36,11.510000000000005,4.563184079601989,11
14.37,11.509999999999991,4.562313060817546,11
14.38,11.5,4.5568862275449105,11
14.39,11.490000000000009,4.551448551448551,11
14.4,11.489999999999995,4.550550550550551,11
14.41,11.490000000000009,4.54509018036072,11
14.42,11.489999999999995,4.5396188565697075,11
14.43,11.480000000000004,4.5386934673366826,11
14.44,11.480000000000004,4.5342052313883325,11
14.45,11.469999999999999,4.5287009063444135,11
14.46,11.469999999999999,4.527749747729566,11
14.47,11.460000000000008,4.522222222222223,11
14.48,11.459999999999994,4.516683518705765,11
14.49,11.450000000000003,4.515704154002028,11
14.5,11.450000000000003,4.510141987829617,11
14.51,11.459999999999994,4.500000000000001,11
14.52,11.450000000000003,4.498983739837399,11
14.53,11.449999999999989,4.488821138211383,11
14.54,11.439999999999998,4.483214649033573,11
14.55,11.439999999999998,4.478615071283097,11
14.56,11.439999999999998,4.472986748216106,11
14.57,11.429999999999993,4.462793068297656,11
14.58,11.420000000000002,4.4616956077630245,11
14.59,11.420000000000002,4.45250255362615,11
14.6,11.41000000000001,4.446830265848672,11
14.61,11.409999999999997,4.441146366427842,11
14.62,11.409999999999997,4.43545081967213,11
14.63,11.41000000000001,4.429743589743589,11
14.64,11.399999999999991,4.425051334702258,11
14.65,11.400000000000006,4.414784394250513,11
14.66,11.400000000000006,4.409044193216856,11
14.67,11.399999999999991,4.4032921810699595,11
14.68,11.379999999999995,4.398558187435634,11
14.69,11.379999999999995,4.392783505154641,11
14.7,11.38000000000001,4.386996904024767,11
14.71,11.379999999999995,4.404984423676015,11
14.72,11.379999999999995,4.426778242677823,11
14.73,11.36,4.420942408376963,11
14.74,11.36,4.416142557651991,11
14.75,11.36,4.414915966386555,11
14.76,11.36,4.410094637223975,11
14.77,11.349999999999994,4.405263157894736,11
14.78,11.350000000000009,4.404008438818566,11
14.79,11.350000000000009,4.399155227032734,11
14.8,11.349999999999994,4.393234672304439,11
14.81,11.340000000000003,4.393008474576272,11
14.82,11.340000000000003,4.387062566277837,11
14.83,11.340000000000003,4.382165605095541,11
14.84,11.329999999999998,4.3808510638297875,11
14.85,11.329999999999998,4.3759318423855165,11
14.86,11.319999999999993,4.371002132196161,11
14.87,11.319999999999993,4.370726495726495,11
14.88,11.320000000000007,4.364705882352938,11
14.89,11.310000000000002,4.359743040685225,11
14.9,11.309999999999988,4.358369098712443,11
14.91,11.299999999999997,4.353383458646613,11
14.92,11.299999999999997,4.348387096774193,11
14.93,11.289999999999992,4.346982758620687,11
14.94,11.290000000000006,4.341963322545847,11
14.95,11.280000000000001,4.335853131749458,11
14.96,11.280000000000001,4.336580086580086,11
14.97,11.27000000000001,4.331527627302277,11
14.98,11.269999999999996,4.325379609544468,11
14.99,11.269999999999996,4.324999999999998,11
15.0,11.269999999999996,4.319912948857456,11
15.01,11.260000000000005,4.310119695321003,11
15.02,11.260000000000005,4.308615049073066,11
15.03,11.25,4.298800436205018,11
15.04,11.25,4.293668122270744,11
15.05,11.25,4.288524590163935,11
15.06,11.240000000000009,4.2822757111597385,11
15.07,11.239999999999995,4.277108433734941,11
15.08,11.22999999999999,4.273026315789474,11
15.09,11.22999999999999,4.263157894736842,11
15.1,11.230000000000004,4.262637362637362,11
15.11,11.219999999999999,4.252747252747251,11
15.12,11.219999999999999,4.246424642464245,11
15.13,11.219999999999999,4.241189427312774,11
15.14,11.210000000000008,4.235942668136713,11
15.15,11.210000000000008,4.226019845644982,11
15.16,11.200000000000003,4.220750551876381,11
15.17,11.200000000000003,4.2154696132596685,11
15.18,11.200000000000003,4.210176991150442,11
15.19,11.190000000000012,4.204872646733112,11
15.2,11.180000000000007,4.199556541019955,11
15.21,11.189999999999998,4.217633928571428,11
15.22,11.179999999999993,4.240719910011247,11
15.23,11.179999999999993,4.2353603603603585,11
15.24,11.169999999999987,4.2299887260428415,11
15.25,11.170000000000002,4.229378531073447,11
15.26,11.16000000000001,4.223981900452489,11
15.27,11.16000000000001,4.218573046432616,11
15.28,11.159999999999997,4.219069239500566,11
15.29,11.159999999999997,4.213636363636361,11
15.3,11.149999999999991,4.208191126279861,11
15.31,11.149999999999991,4.20866590649943,11
15.32,11.14,4.203196347031962,11
15.33,11.139999999999986,4.197714285714285,11
15.34,11.13000000000001,4.197021764032072,11
15.35,11.13000000000001,4.1915137614678875,11
15.36,11.120000000000005,4.185993111366243,11
15.37,11.120000000000005,4.1864211737629455,11
15.38,11.120000000000005,4.182027649769586,11
15.39,11.11,4.176470588235295,11
15.4,11.11,4.1757225433526015,11
15.41,11.11,4.1712962962962985,11
15.42,11.100000000000009,4.165701042873698,11
15.43,11.100000000000009,4.164924506387922,11
15.44,11.099999999999994,4.159302325581397,11
15.45,11.090000000000003,4.154831199068684,11
15.46,11.090000000000003,4.154025670945157,11
15.47,11.090000000000003,4.14836448598131,11
15.48,11.069999999999993,4.145029239766081,11
15.49,11.069999999999993,4.144196951934348,11
15.5,11.070000000000007,4.138497652582159,11
15.51,11.070000000000007,4.129107981220658,11
15.52,11.060000000000002,4.128235294117648,11
15.53,11.060000000000002,4.118823529411763,11
15.54,11.049999999999997,4.113074204946995,11
15.55,11.049999999999997,4.108490566037736,11
15.56,11.049999999999997,4.102715466351831,11
15.57,11.039999999999992,4.093270365997638,11
15.58,11.030000000000001,4.092307692307691,11
15.59,11.030000000000001,4.0828402366863905,11
15.6,11.030000000000001,4.077014218009478,11
15.61,11.030000000000001,4.0723606168446,11
15.62,11.019999999999996,4.067695961995248,11
15.63,11.019999999999996,4.058194774346792,11
15.64,11.019999999999996,4.057142857142855,11
15.65,11.0,4.0476190476190474,11
15.66,11.0,4.036904761904761,11
15.67,11.0,4.036992840095463,11
15.68,10.989999999999995,4.032258064516128,11
15.69,10.989999999999995,4.021505376344086,11
15.7,10.989999999999995,4.021556886227543,11
15.71,10.980000000000004,4.041013268998794,11
15.72,10.980000000000004,4.064476885644768,11
15.73,10.969999999999999,4.059683313032885,11
15.74,10.969999999999999,4.054878048780488,11
15.75,10.969999999999999,4.048840048840049,11
15.76,10.959999999999994,4.048959608323131,11
15.77,10.959999999999994,4.044117647058823,11
15.78,10.960000000000008,4.03926380368098,11
15.79,10.960000000000008,4.0381303813038105,11
15.8,10.949999999999989,4.034482758620691,11
15.81,10.949999999999989,4.029593094944513,11
15.82,10.939999999999998,4.029666254635352,11
15.83,10.939999999999998,4.024752475247526,11
15.84,10.929999999999993,4.018587360594796,11
15.85,10.920000000000002,4.01863354037267,11
15.86,10.930000000000007,4.013681592039802,11
15.87,10.920000000000002,4.008717310087173,11
15.88,10.920000000000002,4.008739076154808,11
15.89,10.909999999999997,4.00375,11
15.9,10.900000000000006,4.000000000000001,11
15.91,10.909999999999997,3.999999999999999,11
15.92,10.899999999999991,3.9949748743718603,11
15.93,10.89,3.9886792452830195,11
15.94,10.89,3.988650693568726,11
15.95,10.89,3.98358585858586,11
15.96,10.88000000000001,3.9785082174462705,11
15.97,10.88000000000001,3.9784537389100105,11
15.98,10.870000000000005,3.9733502538071064,11
15.99,10.86999999999999,3.96823379923761,11
16.0,10.86,3.970700636942673,11
16.01,10.86,3.9605095541401276,11
16.02,10.86,3.955357142857142,11
16.03,10.850000000000009,3.9501915708812234,11
16.04,10.849999999999994,3.945012787723784,11
16.05,10.849999999999994,3.93478260869565,11
16.06,10.83999999999999,3.9346153846153844,11
16.07,10.840000000000003,3.924358974358972,11
16.08,10.829999999999998,3.9191270860077023,11
16.09,10.829999999999998,3.9151670951156783,11
16.1,10.819999999999993,3.909909909909909,11
16.11,10.819999999999993,3.8996138996138976,11
16.12,10.820000000000007,3.8993548387096775,11
16.13,10.810000000000002,3.8890322580645145,11
16.14,10.810000000000002,3.8850129198966403,11
16.15,10.799999999999997,3.8796895213454046,11
16.16,10.799999999999997,3.86934023285899,11
16.17,10.790000000000006,3.8639896373056972,11
16.18,10.790000000000006,3.8649350649350636,11
16.19,10.789999999999992,3.854545454545452,11
16.2,10.780000000000001,3.849154746423926,11
16.21,10.780000000000001,3.8753280839895012,11
16.22,10.77000000000001,3.8968253968253976,11
16.23,10.769999999999996,3.89139072847682,11
16.24,10.759999999999991,3.8924302788844622,11
16.25,10.759999999999991,3.886968085106385,11
16.26,10.75,3.8814913448735022,11
16.27,10.740000000000009,3.8825100133511365,11
16.28,10.740000000000009,3.877005347593583,11
16.29,10.72999999999999,3.872824631860777,11
16.3,10.72999999999999,3.872483221476513,11
16.31,10.710000000000008,3.868279569892473,11
16.32,10.70999999999998,3.86406460296097,11
16.33,10.700000000000017,3.8650472334682844,11
16.34,10.699999999999989,3.8594594594594596,11
16.35,10.689999999999998,3.855209742895806,11
16.36,10.689999999999998,3.854816824966078,11
16.37,10.680000000000007,3.85054347826087,11
16.38,10.680000000000007,3.844897959183672,11
16.39,10.670000000000016,3.845839017735334,11
16.4,10.659999999999997,3.840163934426231,11
16.41,10.650000000000006,3.8358413132694924,11
16.42,10.640000000000015,3.8328767123287655,11
16.43,10.640000000000015,3.832417582417579,11
16.44,10.629999999999995,3.8280605226960085,11
16.45,10.629999999999995,3.8223140495867765,11
16.46,10.620000000000005,3.8232044198894997,11
16.47,10.610000000000014,3.8188105117565674,11
16.48,10.609999999999985,3.8130193905817173,11
16.49,10.600000000000023,3.813888888888886,11
16.5,10.599999999999994,3.8094575799721815,11
16.51,10.590000000000003,3.7997218358831697,11
16.52,10.590000000000003,3.800557880055788,11
16.53,10.580000000000013,3.790794979079499,11
16.54,10.569999999999993,3.786312849162013,11
16.55,10.560000000000002,3.781818181818185,11
16.56,10.560000000000002,3.7759103641456595,11
16.57,10.549999999999983,3.7661064425770325,11
16.58,10.549999999999983,3.7668539325842727,11
16.59,10.54000000000002,3.7570224719101124,11
16.6,10.530000000000001,3.752461322081576,11
16.61,10.52000000000001,3.747887323943664,11
16.62,10.52000000000001,3.741889985895628,11
16.63,10.52000000000001,3.732016925246828,11
16.64,10.509999999999991,3.732673267326735,11
16.65,10.5,3.7227722772277256,11
16.66,10.490000000000009,3.7128712871287126,11
16.67,10.490000000000009,3.7134751773049657,11
16.68,10.47999999999999,3.70880681818182,11
16.69,10.469999999999999,3.6988636363636394,11
16.7,10.469999999999999,3.6994301994301995,11
16.71,10.460000000000008,3.721264367816093,11
16.72,10.449999999999989,3.743478260869567,11
16.73,10.449999999999989,3.74418604651163,11
16.74,10.440000000000026,3.740902474526927,11
16.75,10.430000000000007,3.7361516034985414,11
16.76,10.430000000000007,3.736842105263158,11
16.77,10.419999999999987,3.7320644216691083,11
16.78,10.420000000000016,3.7272727272727253,11
16.79,10.409999999999997,3.722466960352422,11
16.8,10.409999999999997,3.723122238586156,11
16.81,10.400000000000006,3.718289085545724,11
16.82,10.379999999999995,3.714918759231906,11
16.83,10.379999999999995,3.7155555555555573,11
16.84,10.370000000000005,3.712166172106822,11
16.85,10.370000000000005,3.7072808320950945,11
16.86,10.370000000000005,3.7078986587183302,11
16.87,10.359999999999985,3.702985074626866,11
16.88,10.349999999999994,3.6995515695067263,11
16.89,10.340000000000003,3.700149925037478,11
16.9,10.340000000000003,3.695195195195193,11
16.91,10.330000000000013,3.690225563909773,11
16.92,10.319999999999993,3.6923076923076903,11
16.93,10.319999999999993,3.6873111782477337,11
16.94,10.310000000000002,3.6838124054462966,11
16.95,10.299999999999983,3.6858877086494717,11
16.96,10.29000000000002,3.680851063829787,11
16.97,10.289999999999992,3.6757990867579915,11
16.98,10.280000000000001,3.6722560975609757,11
16.99,10.280000000000001,3.6727828746177384,11
17.0,10.269999999999982,3.6676875957121005,11
17.01,10.259999999999991,3.658499234303218,11
17.02,10.259999999999991,3.658986175115211,11
17.03,10.25,3.6482334869431643,11
17.04,10.240000000000009,3.6446153846153844,11
17.05,10.240000000000009,3.640986132511556,11
17.06,10.230000000000018,3.637345679012345,11
17.07,10.219999999999999,3.626543209876543,11
17.08,10.210000000000008,3.6284829721362226,11
17.09,10.210000000000008,3.6176470588235303,11
17.1,10.199999999999989,3.6139534883720934,11
17.11,10.199999999999989,3.6086956521739144,11
17.12,10.189999999999998,3.604976671850701,11
17.13,10.189999999999998,3.5940902021772962,11
17.14,10.169999999999987,3.595943837753512,11
17.15,10.170000000000016,3.5850234009360356,11
17.16,10.159999999999997,3.575663026521063,11
17.17,10.149999999999977,3.5774647887323963,11
17.18,10.150000000000006,3.5721003134796225,11
17.19,10.140000000000015,3.562695924764889,11
17.2,10.140000000000015,3.5628930817610054,11
17.21,10.129999999999995,3.5873015873015865,11
17.22,10.120000000000005,3.612179487179486,11
17.23,10.120000000000005,3.6067415730337076,11
17.24,10.110000000000014,3.6086956521739126,11
17.25,10.099999999999994,3.604838709677418,11
17.26,10.090000000000003,3.6025848142164754,11
17.27,10.090000000000003,3.602917341977308,11
17.28,10.080000000000013,3.599025974025972,11
17.29,10.070000000000022,3.5951219512195096,11
17.3,10.060000000000002,3.597063621533439,11
17.31,10.060000000000002,3.5915032679738546,11
17.32,10.050000000000011,3.587561374795415,11
17.33,10.050000000000011,3.589490968801311,11
17.34,10.04000000000002,3.585526315789471,11
17.35,10.030000000000001,3.581548599670507,11
17.36,10.030000000000001,3.577557755775578,11
17.37,10.02000000000001,3.5794701986754975,11
17.38,10.01000000000002,3.5754560530679935,11
17.39,10.01000000000002,3.571428571428571,11
17.4,10.0,3.5733333333333377,11
17.41,9.98999999999998,3.5692821368948286,11
17.42,9.97999999999999,3.5652173913043512,11
17.43,9.969999999999999,3.5671140939597348,11
17.44,9.969999999999999,3.5630252100840365,11
17.45,9.960000000000008,3.558922558922561,11
17.46,9.949999999999989,3.5625000000000004,11
17.47,9.949999999999989,3.5583756345177666,11
17.48,9.939999999999998,3.554237288135593,11
17.49,9.930000000000007,3.5500848896434625,11
17.5,9.930000000000007,3.5519591141396925,11
17.51,9.920000000000016,3.541737649063031,11
17.52,9.910000000000025,3.537542662116039,11
17.53,9.909999999999997,3.5333333333333363,11
17.54,9.899999999999977,3.529109589041098,11
17.55,9.889999999999986,3.5188356164383583,11
17.56,9.889999999999986,3.520618556701033,11
17.57,9.879999999999995,3.5103092783505163,11
17.58,9.879999999999995,3.50774526678141,11
17.59,9.870000000000005,3.503448275862068,11
17.6,9.860000000000014,3.5008635578583736,11
17.61,9.849999999999994,3.49050086355786,11
17.62,9.849999999999994,3.4861591695501737,11
17.63,9.840000000000003,3.481802426343155,11
17.64,9.840000000000003,3.477430555555556,11
17.65,9.819999999999993,3.468749999999998,11
17.66,9.819999999999993,3.4643478260869545,11
17.67,9.810000000000002,3.4599303135888473,11
17.68,9.810000000000002,3.4554973821989496,11
17.69,9.789999999999992,3.452797202797203,11
17.7,9.789999999999992,3.4483362521891414,11
17.71,9.780000000000001,3.4743362831858398,11
17.72,9.780000000000001,3.5071684587813605,11
17.73,9.77000000000001,3.50448833034111,11
17.74,9.759999999999991,3.5000000000000013,11
17.75,9.75,3.5036101083032483,11
17.76,9.75,3.4990958408679917,11
17.77,9.740000000000009,3.4945652173913024,11
17.78,9.730000000000018,3.493647912885662,11
17.79,9.72999999999999,3.495446265938074,11
17.8,9.719999999999999,3.490875912408763,11
17.81,9.710000000000008,3.4881170018281553,11
17.82,9.710000000000008,3.4899082568807356,11
17.83,9.699999999999989,3.487132352941181,11
17.84,9.689999999999998,3.4825046040515697,11
17.85,9.680000000000007,3.479704797047973,11
17.86,9.680000000000007,3.481481481481483,11
17.87,9.670000000000016,3.478664192949907,11
17.88,9.669999999999987,3.4758364312267687,11
17.89,9.650000000000006,3.4794776119402995,11
17.9,9.650000000000006,3.4747663551401873,11
17.91,9.640000000000015,3.4719101123595486,11
17.92,9.629999999999995,3.4755639097744377,11
17.93,9.629999999999995,3.470809792843692,11
17.94,9.620000000000005,3.4679245283018854,11
17.95,9.620000000000005,3.4631379962192805,11
17.96,9.599999999999994,3.466793168880457,11
17.97,9.590000000000003,3.463878326996197,11
17.98,9.590000000000003,3.460952380952379,11
17.99,9.579999999999984,3.464627151051626,11
18.0,9.569999999999993,3.4616858237547876,11
18.01,9.569999999999993,3.4501915708812243,11
18.02,9.559999999999974,3.447216890595011,11
18.03,9.550000000000011,3.4442307692307685,11
18.04,9.550000000000011,3.439306358381502,11
18.05,9.54000000000002,3.4296724470134845,11
18.06,9.530000000000001,3.4332688588007736,11
18.07,9.52000000000001,3.423597678916825,11
18.08,9.509999999999991,3.420542635658916,11
18.09,9.509999999999991,3.415533980582525,11
18.1,9.5,3.4124513618677024,11
18.11,9.5,3.4027237354085624,11
18.12,9.490000000000009,3.401559454191031,11
18.13,9.480000000000018,3.3984374999999956,11
18.14,9.480000000000018,3.393346379647745,11
18.15,9.469999999999999,3.383561643835615,11
18.16,9.460000000000008,3.380392156862741,11
18.17,9.449999999999989,3.3772102161100195,11
18.18,9.449999999999989,3.374015748031493,11
18.19,9.439999999999998,3.370808678500981,11
18.2,9.430000000000007,3.367588932806323,11
18.21,9.420000000000016,3.397999999999996,11
18.22,9.409999999999997,3.436105476673427,11
18.23,9.409999999999997,3.43292682926829,11
18.24,9.400000000000006,3.429735234215881,11
18.25,9.389999999999986,3.426530612244896,11
18.26,9.379999999999995,3.4303278688524546,11
18.27,9.379999999999995,3.4271047227926075,11
18.28,9.370000000000005,3.4238683127571985,11
18.29,9.360000000000014,3.4276859504132173,11
18.3,9.359999999999985,3.4265010351966896,11
18.31,9.349999999999994,3.4232365145228214,11
18.32,9.339999999999975,3.419958419958423,11
18.33,9.340000000000003,3.4237995824634666,11
18.34,9.330000000000013,3.420502092050208,11
18.35,9.319999999999993,3.419287211740042,11
18.36,9.309999999999974,3.423157894736846,11
18.37,9.300000000000011,3.4198312236286936,11
18.38,9.300000000000011,3.4164904862579273,11
18.39,9.289999999999992,3.4131355932203413,11
18.4,9.289999999999992,3.419148936170211,11
18.41,9.269999999999982,3.417910447761194,11
18.42,9.27000000000001,3.4145299145299117,11
18.43,9.259999999999991,3.418454935622319,11
18.44,9.259999999999991,3.415053763440859,11
18.45,9.23999999999998,3.4137931034482762,11
18.46,9.240000000000009,3.4103671706263476,11
18.47,9.22999999999999,3.414316702819958,11
18.48,9.22999999999999,3.4108695652173906,11
18.49,9.20999999999998,3.409586056644881,11
18.5,9.210000000000008,3.408296943231438,11
18.51,9.210000000000008,3.4048140043763615,11
18.52,9.189999999999998,3.40350877192982,11
18.53,9.189999999999998,3.392543859649123,11
18.54,9.170000000000016,3.3986784140969113,11
18.55,9.169999999999987,3.3876651982378845,11
18.56,9.170000000000016,3.3841059602648977,11
18.57,9.150000000000006,3.3752759381898434,11
18.58,9.150000000000006,3.379157427937911,11
18.59,9.139999999999986,3.3702882483370264,11
18.6,9.130000000000024,3.366666666666662,11
18.61,9.120000000000005,3.3652561247216,11
18.62,9.120000000000005,3.3616071428571375,11
18.63,9.120000000000005,3.350446428571427,11
18.64,9.099999999999994,3.356502242152466,11
18.65,9.090000000000003,3.34753363228699,11
18.66,9.090000000000003,3.336322869955156,11
18.67,9.080000000000013,3.3348314606741516,11
18.68,9.069999999999993,3.3386004514672663,11
18.69,9.059999999999974,3.3295711060948086,11
18.7,9.060000000000002,3.3257918552036174,11
18.71,9.049999999999983,3.3701149425287342,11
18.72,9.050000000000011,3.407925407925409,11
18.73,9.039999999999992,3.4065420560747692,11
18.74,9.019999999999982,3.40515222482436,11
18.75,9.02000000000001,3.4094117647058844,11
18.76,9.009999999999991,3.408018867924532,11
18.77,9.0,3.4066193853427884,11
18.78,9.0,3.4028436018957375,11
18.79,8.990000000000009,3.4095238095238076,11
18.8,8.980000000000018,3.408114558472554,11
18.81,8.969999999999999,3.4066985645933032,11
18.82,8.969999999999999,3.4134615384615357,11
18.83,8.960000000000008,3.412048192771083,11
18.84,8.949999999999989,3.410628019323672,11
18.85,8.940000000000026,3.409200968522998,11
18.86,8.939999999999998,3.413625304136253,11
18.87,8.929999999999978,3.412195121951221,11
18.88,8.920000000000016,3.4107579462102655,11
18.89,8.909999999999997,3.409313725490195,11
18.9,8.900000000000006,3.416256157635469,11
18.91,8.900000000000006,3.4123456790123434,11
18.92,8.889999999999986,3.4133663366336613,11
18.93,8.879999999999995,3.4119106699751858,11
18.94,8.870000000000005,3.4189526184538597,11
18.95,8.860000000000014,3.4174999999999973,11
18.96,8.859999999999985,3.4160401002506258,11
18.97,8.850000000000023,3.423173803526442,11
18.98,8.840000000000003,3.4217171717171677,11
18.99,8.829999999999984,3.42025316455696,11
19.0,8.819999999999993,3.4187817258883246,11
19.01,8.810000000000002,3.417302798982183,11
19.02,8.810000000000002,3.418367346938777,11
19.03,8.799999999999983,3.408163265306126,11
19.04,8.789999999999992,3.4066496163682918,11
19.05,8.780000000000001,3.405128205128205,11
19.06,8.780000000000001,3.403598971722367,11
19.07,8.769999999999982,3.393316195372755,11
19.08,8.76000000000002,3.3917525773195867,11
19.09,8.75,3.3901808785529726,11
19.1,8.75,3.388601036269433,11
19.11,8.73999999999998,3.3782383419689173,11
19.12,8.730000000000018,3.385416666666667,11
19.13,8.72999999999999,3.3750000000000018,11
19.14,8.710000000000008,3.3759791122715423,11
19.15,8.699999999999989,3.365535248041779,11
19.16,8.700000000000017,3.3638743455497364,11
19.17,8.689999999999998,3.3622047244094495,11
19.18,8.689999999999998,3.360526315789476,11
19.19,8.679999999999978,3.3588390501319307,11
19.2,8.659999999999997,3.3597883597883644,11
19.21,8.660000000000025,3.4032258064516117,11
19.22,8.650000000000006,3.4480874316939905,11
19.23,8.650000000000006,3.4560439560439593,11
19.24,8.629999999999995,3.4600550964187335,11
19.25,8.629999999999995,3.458563535911605,11
19.26,8.620000000000005,3.4570637119113545,11
19.27,8.620000000000005,3.4651810584958214,11
19.28,8.599999999999994,3.466480446927373,11
19.29,8.599999999999994,3.4649859943977606,11
19.3,8.589999999999975,3.463483146067419,11
19.31,8.579999999999984,3.474576271186444,11
19.32,8.570000000000022,3.4730878186968814,11
19.33,8.560000000000002,3.4744318181818152,11
19.34,8.560000000000002,3.475783475783473,11
19.35,8.549999999999983,3.4842406876790823,11
19.36,8.539999999999992,3.4856321839080446,11
19.37,8.529999999999973,3.4841498559077824,11
19.38,8.519999999999982,3.4855491329479777,11
19.39,8.52000000000001,3.4941860465116226,11
19.4,8.5,3.495626822157429,11
19.41,8.5,3.4941520467836225,11
19.42,8.490000000000009,3.4956011730205243,11
19.43,8.47999999999999,3.5044247787610603,11
19.44,8.469999999999999,3.5088757396449743,11
19.45,8.469999999999999,3.507418397626119,11
19.46,8.45999999999998,3.508928571428578,11
19.47,8.450000000000017,3.507462686567164,11
19.48,8.439999999999998,3.5195195195195192,11
19.49,8.439999999999998,3.518072289156629,11
19.5,8.430000000000007,3.519637462235651,11
19.51,8.409999999999997,3.5105740181268894,11
19.52,8.409999999999997,3.5197568389057787,11
19.53,8.400000000000006,3.510638297872344,11
19.54,8.399999999999977,3.5091463414634205,11
19.55,8.389999999999986,3.5030487804878074,11
19.56,8.379999999999995,3.515337423312886,11
19.57,8.370000000000005,3.503067484662573,11
19.58,8.360000000000014,3.5046153846153802,11
19.59,8.349999999999994,3.4953846153846198,11
19.6,8.339999999999975,3.5077399380804994,11
19.61,8.340000000000003,3.4953560371517005,11
19.62,8.330000000000013,3.4968944099378856,11
19.63,8.320000000000022,3.4875776397515494,11
19.64,8.310000000000002,3.4999999999999964,11
19.65,8.310000000000002,3.487499999999999,11
19.66,8.300000000000011,3.4781249999999986,11
19.67,8.289999999999992,3.4796238244514086,11
19.68,8.280000000000001,3.492113564668767,11
19.69,8.27000000000001,3.482649842271291,11
19.7,8.27000000000001,3.481012658227848,11
19.71,8.259999999999991,3.5387096774193543,11
19.72,8.25,3.61056105610561,11
19.73,8.240000000000009,3.6125827814569527,11
19.74,8.230000000000018,3.6146179401993344,11
19.75,8.219999999999999,3.616666666666665,11
19.76,8.210000000000008,3.6342281879194576,11
19.77,8.200000000000017,3.636363636363631,11
19.78,8.189999999999998,3.6385135135135074,11
19.79,8.180000000000007,3.6406779661016886,11
19.8,8.180000000000007,3.642857142857136,11
19.81,8.180000000000007,3.6541095890410915,11
19.82,8.170000000000016,3.656357388316147,11
19.83,8.159999999999997,3.6586206896551676,11
19.84,8.139999999999986,3.6643598615916964,11
19.85,8.129999999999995,3.6794425087108023,11
19.86,8.129999999999995,3.6853146853146925,11
19.87,8.120000000000005,3.6877192982456206,11
19.88,8.109999999999985,3.690140845070429,11
19.89,8.099999999999994,3.692579505300359,11
19.9,8.099999999999994,3.7081850533807885,11
19.91,8.090000000000003,3.710714285714291,11
19.92,8.079999999999984,3.7132616487455246,11
19.93,8.069999999999993,3.7158273381295013,11
19.94,8.069999999999993,3.7184115523465744,11
19.95,8.060000000000002,3.7345454545454584,11
19.96,8.04000000000002,3.7445255474452526,11
19.97,8.04000000000002,3.7472527472527437,11
19.98,8.030000000000001,3.749999999999996,11
19.99,8.02000000000001,3.7666666666666626,11
20.0,8.019999999999982,3.769516728624541,11
20.01,8.0,3.762081784386619,11
20.02,7.990000000000009,3.7649253731343295,11
20.03,7.990000000000009,3.7537313432835835,11
20.04,7.97999999999999,3.7706766917293235,11
20.05,7.969999999999999,3.7631578947368385,11
20.06,7.960000000000008,3.766037735849052,11
20.07,7.950000000000017,3.7547169811320713,11
20.08,7.950000000000017,3.761363636363628,11
20.09,7.930000000000007,3.7680608365018995,11
20.1,7.930000000000007,3.770992366412212,11
20.11,7.9199999999999875,3.759541984732822,11
20.12,7.909999999999997,3.7662835249042086,11
20.13,7.900000000000006,3.7692307692307625,11
20.14,7.889999999999986,3.776061776061776,11
20.15,7.8799999999999955,3.7644787644787647,11
20.16,7.8799999999999955,3.752895752895752,11
20.17,7.8700000000000045,3.7596899224806157,11
20.18,7.860000000000014,3.777343749999995,11
20.19,7.849999999999994,3.769531250000002,11
20.2,7.839999999999975,3.7725490196078453,11
20.21,7.829999999999984,3.8554216867469853,11
20.22,7.8300000000000125,3.954545454545452,11
20.23,7.810000000000002,3.9626556016597445,11
20.24,7.810000000000002,3.9666666666666592,11
20.25,7.789999999999992,3.9748953974895396,11
20.26,7.789999999999992,3.978991596638655,11
20.27,7.780000000000001,4.004237288135589,11
20.28,7.77000000000001,4.0127659574468115,11
20.29,7.759999999999991,4.021367521367532,11
20.3,7.759999999999991,4.025751072961383,11
20.31,7.75,4.034482758620696,11
20.32,7.740000000000009,4.038961038961045,11
20.33,7.730000000000018,4.065502183406115,11
20.34,7.719999999999999,4.074561403508781,11
20.35,7.719999999999999,4.07929515418503,11
20.36,7.699999999999989,4.088495575221243,11
20.37,7.690000000000026,4.097777777777777,11
20.38,7.690000000000026,4.107142857142852,11
20.39,7.680000000000007,4.135135135135139,11
20.4,7.670000000000016,4.144796380090496,11
20.41,7.659999999999997,4.149999999999999,11
20.42,7.649999999999977,4.15981735159818,11
20.43,7.639999999999986,4.169724770642204,11
20.44,7.639999999999986,4.175115207373273,11
20.45,7.630000000000024,4.204651162790694,11
20.46,7.6200000000000045,4.214953271028042,11
20.47,7.610000000000014,4.225352112676057,11
20.48,7.590000000000003,4.24056603773584,11
20.49,7.590000000000003,4.246445497630322,11
20.5,7.579999999999984,4.257142857142856,11
20.51,7.569999999999993,4.267942583732051,11
20.52,7.559999999999974,4.278846153846157,11
20.53,7.550000000000011,4.2692307692307665,11
20.54,7.550000000000011,4.275362318840577,11
20.55,7.5400000000000205,4.265700483091779,11
20.56,7.530000000000001,4.276699029126215,11
20.57,7.52000000000001,4.287804878048777,11
20.58,7.510000000000019,4.299019607843128,11
20.59,7.5,4.28921568627451,11
20.6,7.490000000000009,4.300492610837433,11
20.61,7.480000000000018,4.29064039408866,11
20.62,7.469999999999999,4.328358208955233,11
20.63,7.460000000000008,4.318407960199008,11
20.64,7.4599999999999795,4.330000000000013,11
20.65,7.449999999999989,4.320000000000007,11
20.66,7.439999999999998,4.310000000000003,11
20.67,7.429999999999978,4.321608040201016,11
20.68,7.4199999999999875,4.355329949238585,11
20.69,7.409999999999997,4.345177664974621,11
20.7,7.400000000000006,4.357142857142867,11
20.71,7.390000000000015,4.484210526315795,11
20.72,7.390000000000015,4.619565217391305,11
20.73,7.3799999999999955,4.659340659340669,11
20.74,7.3700000000000045,4.674033149171276,11
20.75,7.359999999999985,4.688888888888904,11
20.76,7.349999999999994,4.7039106145251495,11
20.77,7.349999999999994,4.719101123595509,11
20.78,7.339999999999975,4.734463276836172,11
20.79,7.320000000000022,4.755681818181821,11
20.8,7.310000000000002,4.777142857142865,11
20.81,7.310000000000002,4.820809248554915,11
20.82,7.300000000000011,4.8372093023255776,11
20.83,7.289999999999992,4.85380116959065,11
20.84,7.289999999999992,4.870588235294118,11
20.85,7.269999999999982,4.893491124260361,11
20.86,7.259999999999991,4.910714285714286,11
20.87,7.260000000000019,4.928143712574844,11
20.88,7.25,4.945783132530125,11
20.89,7.22999999999999,4.96969696969698,11
20.9,7.22999999999999,5.0245398773006125,11
20.91,7.219999999999999,5.0432098765432025,11
20.92,7.2099999999999795,5.06211180124224,11
20.93,7.200000000000017,5.0874999999999915,11
20.94,7.189999999999998,5.106918238993714,11
20.95,7.189999999999998,5.12658227848101,11
20.96,7.1699999999999875,5.152866242038219,11
20.97,7.1699999999999875,5.173076923076919,11
20.98,7.160000000000025,5.193548387096763,11
20.99,7.140000000000015,5.2207792207792165,11
21.0,7.140000000000015,5.248366013071897,11
21.01,7.1200000000000045,5.276315789473691,11
21.02,7.1200000000000045,5.298013245033113,11
21.03,7.109999999999985,5.284768211920542,11
21.04,7.099999999999994,5.313333333333351,11
21.05,7.090000000000003,5.300000000000011,11
21.06,7.079999999999984,5.328859060402702,11
21.07,7.079999999999984,5.315436241610749,11
21.08,7.060000000000002,5.344594594594612,11
21.09,7.060000000000002,5.331081081081091,11
21.1,7.050000000000011,5.390410958904113,11
21.11,7.039999999999992,5.383561643835626,11
21.12,7.030000000000001,5.406896551724141,11
21.13,7.02000000000001,5.400000000000008,11
21.14,7.009999999999991,5.4305555555555705,11
21.15,7.0,5.416666666666675,11
21.16,6.989999999999981,5.4097222222222365,11
21.17,6.990000000000009,5.433566433566441,11
21.18,6.969999999999999,5.46478873239438,11
21.19,6.969999999999999,5.489361702127666,11
21.2,6.960000000000008,5.521428571428585,11
21.21,6.939999999999998,5.761194029850767,11
21.22,6.939999999999998,6.023437500000007,11
21.23,6.929999999999978,6.062992125984265,11
21.24,6.930000000000007,6.0952380952381,11
21.25,6.909999999999997,6.1360000000000126,11
21.26,6.900000000000006,6.177419354838707,11
21.27,6.899999999999977,6.21138211382115,11
21.28,6.890000000000015,6.2540983606557345,11
21.29,6.8700000000000045,6.297520661157029,11
21.3,6.8700000000000045,6.333333333333329,11
21.31,6.860000000000014,6.378151260504205,11
21.32,6.849999999999994,6.432203389830511,11
21.33,6.840000000000003,6.478632478632465,11
21.34,6.829999999999984,6.517241379310347,11
21.35,6.820000000000022,6.5652173913043335,11
21.36,6.810000000000002,6.614035087719292,11
21.37,6.799999999999983,6.663716814159294,11
21.38,6.800000000000011,6.705357142857135,11
21.39,6.789999999999992,6.756756756756758,11
21.4,6.779999999999973,6.809090909090918,11
21.41,6.77000000000001,6.862385321100909,11
21.42,6.75,6.925925925925918,11
21.43,6.739999999999981,6.981308411214953,11
21.44,6.740000000000009,7.028301886792443,11
21.45,6.72999999999999,7.0857142857142845,11
21.46,6.719999999999999,7.14423076923075,11
21.47,6.710000000000008,7.20388349514562,11
21.48,6.699999999999989,7.264705882352938,11
21.49,6.689999999999998,7.326732673267304,11
21.5,6.680000000000007,7.389999999999986,11
21.51,6.6699999999999875,7.3799999999999955,11
21.52,6.6699999999999875,7.411111111111098,11
21.53,6.659999999999997,7.399999999999997,11
21.54,6.650000000000006,7.3888888888888955,11
21.55,6.640000000000015,7.377777777777795,11
21.56,6.6299999999999955,7.366666666666663,11
21.57,6.6200000000000045,7.355555555555561,11
21.58,6.610000000000014,7.34444444444446,11
21.59,6.609999999999985,7.344444444444429,11
21.6,6.600000000000023,7.33333333333336,11
21.61,6.590000000000003,7.322222222222226,11
21.62,6.579999999999984,7.311111111111094,11
21.63,6.569999999999993,7.299999999999991,11
21.64,6.560000000000002,7.2888888888888905,11
21.65,6.549999999999983,7.277777777777758,11
21.66,6.539999999999992,7.266666666666657,11
21.67,6.530000000000001,7.255555555555556,11
21.68,6.52000000000001,7.244444444444456,11
21.69,6.509999999999991,7.233333333333323,11
21.7,6.5,7.222222222222222,11
21.71,6.490000000000009,7.211111111111121,11
21.72,6.490000000000009,7.211111111111121,11
21.73,6.47999999999999,7.199999999999989,11
21.74,6.469999999999999,7.188888888888887,11
21.75,6.460000000000008,7.177777777777786,11
21.76,6.449999999999989,7.166666666666654,11
21.77,6.439999999999998,7.155555555555553,11
21.78,6.430000000000007,7.224719101123603,11
21.79,6.4199999999999875,7.213483146067402,11
21.8,6.4199999999999875,7.213483146067403,11
21.81,6.400000000000006,7.111111111111118,11
21.82,6.390000000000015,7.100000000000017,11
21.83,6.390000000000015,7.100000000000017,11
21.84,6.3799999999999955,7.088888888888884,11
21.85,6.3700000000000045,7.157303370786523,11
21.86,6.360000000000014,7.146067415730353,11
21.87,6.349999999999994,7.134831460674151,11
21.88,6.340000000000003,7.123595505617982,11
21.89,6.340000000000003,7.12359550561798,11
21.9,6.320000000000022,7.1011235955056415,11
21.91,6.319999999999993,7.181818181818173,11
21.92,6.310000000000002,7.170454545454547,11
21.93,6.289999999999992,7.147727272727263,11
21.94,6.289999999999992,7.147727272727263,11
21.95,6.280000000000001,7.136363636363638,11
21.96,6.27000000000001,7.1250000000000115,11
21.97,6.259999999999991,7.195402298850564,11
21.98,6.259999999999991,7.195402298850564,11
21.99,6.239999999999981,7.090909090909069,11
22.0,6.240000000000009,7.0909090909091015,11
22.01,6.22999999999999,7.160919540229873,11
22.02,6.219999999999999,7.149425287356321,11
22.03,6.2099999999999795,7.137931034482735,11
22.04,6.210000000000008,7.137931034482768,11
22.05,6.189999999999998,7.11494252873563,11
22.06,6.189999999999998,7.197674418604649,11
22.07,6.1699999999999875,7.174418604651148,11
22.08,6.1699999999999875,7.174418604651148,11
22.09,6.159999999999997,7.1627906976744145,11
22.1,6.150000000000006,7.151162790697682,11
22.11,6.150000000000006,7.235294117647067,11
22.12,6.1299999999999955,7.211764705882349,11
22.13,6.1299999999999955,7.211764705882349,11
22.14,6.109999999999985,7.104651162790682,11
22.15,6.110000000000014,7.104651162790715,11
22.16,6.100000000000023,7.17647058823532,11
22.17,6.090000000000003,7.164705882352944,11
22.18,6.0800000000000125,7.152941176470602,11
22.19,6.079999999999984,7.152941176470569,11
22.2,6.060000000000002,7.129411764705885,11
22.21,6.060000000000002,7.129411764705885,11
22.22,6.050000000000011,7.202380952380965,11
22.23,6.039999999999992,7.19047619047618,11
22.24,6.030000000000001,7.178571428571429,11
22.25,6.030000000000001,7.265060240963856,11
22.26,6.009999999999991,7.2409638554216755,11
22.27,6.0,7.317073170731707,11
22.28,6.0,7.228915662650602,11
22.29,5.990000000000009,7.216867469879529,11
22.3,5.97999999999999,7.292682926829255,11
22.31,5.969999999999999,7.280487804878047,11
22.32,5.969999999999999,7.3703703703703685,11
22.33,5.960000000000008,7.358024691358035,11
22.34,5.949999999999989,7.3456790123456654,11
22.35,5.940000000000026,7.425000000000034,11
22.36,5.930000000000007,7.320987654320996,11
22.37,5.930000000000007,7.412500000000009,11
22.38,5.920000000000016,7.400000000000021,11
22.39,5.909999999999997,7.4810126582278444,11
22.4,5.909999999999997,7.4810126582278444,11
22.41,5.889999999999986,7.551282051282034,11
22.42,5.8799999999999955,7.538461538461534,11
22.43,5.8799999999999955,7.63636363636363,11
22.44,5.869999999999976,7.5256410256409945,11
22.45,5.859999999999985,7.610389610389591,11
22.46,5.860000000000014,7.610389610389628,11
22.47,5.849999999999994,7.697368421052624,11
22.48,5.840000000000003,7.684210526315794,11
22.49,5.840000000000003,7.7866666666666715,11
22.5,5.829999999999984,7.773333333333312,11
22.51,5.810000000000002,7.74666666666667,11
22.52,5.809999999999974,7.7466666666666315,11
22.53,5.799999999999983,7.837837837837815,11
22.54,5.789999999999992,7.824324324324314,11
22.55,5.780000000000001,7.917808219178084,11
22.56,5.780000000000001,7.917808219178084,11
22.57,5.77000000000001,8.013888888888903,11
22.58,5.760000000000019,7.890410958904137,11
22.59,5.759999999999991,7.999999999999988,11
22.6,5.75,7.986111111111112,11
22.61,5.740000000000009,8.084507042253534,11
22.62,5.72999999999999,8.070422535211254,11
22.63,5.72999999999999,8.153846153846134,11
22.64,5.719999999999999,8.141025641025633,11
22.65,5.719999999999999,8.17142857142857,11
22.66,5.7099999999999795,8.157142857142826,11
22.67,5.710000000000008,8.2077922077922,11
22.68,5.700000000000017,8.2077922077922,11
22.69,5.689999999999998,8.194805194805198,11
22.7,5.680000000000007,8.181818181818198,11
22.71,5.670000000000016,8.18181818181816,11
22.72,5.6699999999999875,8.168831168831197,11
22.73,5.659999999999997,8.155844155844159,11
22.74,5.659999999999997,8.142857142857157,11
22.75,5.650000000000006,8.129870129870117,11
22.76,5.639999999999986,8.129870129870154,11
22.77,5.639999999999986,8.116883116883116,11
22.78,5.6299999999999955,8.210526315789448,11
22.79,5.619999999999976,8.210526315789485,11
22.8,5.619999999999976,8.184210526315825,11
22.81,5.609999999999985,8.184210526315788,11
22.82,5.599999999999994,8.171052631578958,11
22.83,5.600000000000023,8.17105263157892,11
22.84,5.590000000000003,8.157894736842128,11
22.85,5.590000000000003,8.14473684210526,11
22.86,5.5800000000000125,8.13157894736843,11
22.87,5.570000000000022,8.22666666666665,11
22.88,5.560000000000002,8.226666666666688,11
22.89,5.569999999999993,8.200000000000008,11
22.9,5.560000000000002,8.200000000000008,11
22.91,5.550000000000011,8.199999999999969,11
22.92,5.539999999999992,8.186666666666687,11
22.93,5.539999999999992,8.173333333333327,11
22.94,5.530000000000001,8.160000000000005,11
22.95,5.530000000000001,8.159999999999968,11
22.96,5.530000000000001,8.243243243243235,11
22.97,5.519999999999982,8.243243243243276,11
22.98,5.509999999999991,8.229729729729735,11
22.99,5.509999999999991,8.216216216216235,11
23.0,5.5,8.216216216216196,11
23.01,5.5,8.202702702702734,11
23.02,5.5,8.189189189189193,11
23.03,5.490000000000009,8.189189189189191,11
23.04,5.480000000000018,8.287671232876688,11
23.05,5.480000000000018,8.273972602739715,11
23.06,5.469999999999999,8.26027397260274,11
23.07,5.469999999999999,8.246575342465766,11
23.08,5.460000000000008,8.246575342465766,11
23.09,5.460000000000008,8.232876712328753,11
23.1,5.460000000000008,8.21917808219178,11
23.11,5.449999999999989,8.333333333333332,11
23.12,5.449999999999989,8.319444444444455,11
23.13,5.439999999999998,8.305555555555541,11
23.14,5.439999999999998,8.291666666666666,11
23.15,5.430000000000007,8.40845070422535,11
23.16,5.4199999999999875,8.291666666666705,11
23.17,5.429999999999978,8.263888888888912,11
23.18,5.4199999999999875,8.380281690140869,11
23.19,5.4199999999999875,8.366197183098588,11
23.2,5.409999999999997,8.366197183098588,11
23.21,5.409999999999997,8.338028169014068,11
23.22,5.400000000000006,8.45714285714284,11
23.23,5.400000000000006,8.442857142857138,11
23.24,5.389999999999986,8.323943661971827,11
23.25,5.389999999999986,8.428571428571438,11
23.26,5.3799999999999955,8.414285714285695,11
23.27,5.390000000000015,8.399999999999993,11
23.28,5.390000000000015,8.507246376811601,11
23.29,5.380000000000024,8.50724637681156,11
23.3,5.380000000000024,8.492753623188385,11
23.31,5.3700000000000045,8.492753623188426,11
23.32,5.3700000000000045,8.478260869565206,11
23.33,5.360000000000014,8.58823529411765,11
23.34,5.360000000000014,8.57352941176468,11
23.35,5.360000000000014,8.558823529411752,11
23.36,5.350000000000023,8.686567164179092,11
23.37,5.350000000000023,8.544117647058826,11
23.38,5.349999999999994,8.67164179104478,11
23.39,5.349999999999994,8.656716417910465,11
23.4,5.349999999999994,8.772727272727304,11
23.41,5.340000000000003,8.772727272727261,11
23.42,5.340000000000003,8.626865671641792,11
23.43,5.3300000000000125,8.75757575757576,11
23.44,5.3300000000000125,8.742424242424214,11
23.45,5.3300000000000125,8.861538461538448,11
23.46,5.319999999999993,8.859154929577453,11
23.47,5.319999999999993,8.845070422535214,11
23.48,5.329999999999984,8.830769230769246,11
23.49,5.319999999999993,8.957142857142832,11
23.5,5.319999999999993,8.942857142857171,11
23.51,5.319999999999993,8.94285714285713,11
23.52,5.310000000000002,8.928571428571429,11
23.53,5.310000000000002,9.043478260869579,11
23.54,5.310000000000002,8.914285714285727,11
23.55,5.299999999999983,8.899999999999988,11
23.56,5.299999999999983,8.885714285714283,11
23.57,5.299999999999983,8.885714285714283,11
23.58,5.300000000000011,9.00000000000001,11
23.59,5.300000000000011,8.985507246376795,11
23.6,5.300000000000011,8.97101449275366,11
23.61,5.300000000000011,8.956521739130444,11
23.62,5.2900000000000205,8.828571428571438,11
23.63,5.2900000000000205,8.942028985507228,11
23.64,5.2900000000000205,8.94202898550727,11
23.65,5.2900000000000205,8.927536231884051,11
23.66,5.280000000000001,8.927536231884051,11
23.67,5.280000000000001,8.89855072463766,11
23.68,5.280000000000001,9.029411764705904,11
23.69,5.280000000000001,9.014705882352933,11
23.7,5.27000000000001,8.884057971014487,11
23.71,5.280000000000001,8.869565217391312,11
23.72,5.280000000000001,8.98529411764708,11
23.73,5.280000000000001,8.97058823529411,11
23.74,5.27000000000001,8.97058823529411,11
23.75,5.27000000000001,8.955882352941183,11
23.76,5.27000000000001,8.955882352941183,11
23.77,5.27000000000001,8.926470588235285,11
23.78,5.259999999999991,8.926470588235285,11
23.79,5.259999999999991,8.926470588235327,11
23.8,5.259999999999991,8.911764705882357,11
23.81,5.259999999999991,9.029850746268675,11
23.82,5.259999999999991,9.014925373134318,11
23.83,5.25,9.01492537313436,11
23.84,5.259999999999991,8.867647058823533,11
23.85,5.259999999999991,8.985074626865686,11
23.86,5.259999999999991,8.985074626865643,11
23.87,5.259999999999991,8.955223880597014,11
23.88,5.259999999999991,9.09090909090909,11
23.89,5.25,9.09090909090909,11
23.9,5.25,9.060606060606045,11
23.91,5.25,8.925373134328343,11
23.92,5.25,9.060606060606087,11
23.93,5.25,9.045454545454586,11
23.94,5.25,9.030303030303042,11
23.95,5.239999999999981,9.030303030303042,11
23.96,5.25,9.153846153846136,11
23.97,5.25,8.999999999999996,11
23.98,5.25,8.984848484848452,11
23.99,5.25,9.123076923076933,11
24.0,5.25,9.123076923076933,11
24.01,5.240000000000009,9.092307692307687,11
24.02,5.240000000000009,9.234374999999995,11
24.03,5.240000000000009,9.076923076923041,11
24.04,5.240000000000009,9.076923076923087,11
24.05,5.240000000000009,9.21875000000001,11
24.06,5.240000000000009,9.187499999999995,11
24.07,5.240000000000009,9.187499999999995,11
24.08,5.240000000000009,9.31746031746028,11
24.09,5.240000000000009,9.171875000000009,11
24.1,5.240000000000009,9.156250000000023,11
24.11,5.240000000000009,9.30158730158728,11
24.12,5.240000000000009,9.269841269841276,11
24.13,5.240000000000009,9.269841269841276,11
24.14,5.240000000000009,9.403225806451585,11
24.15,5.230000000000018,9.253968253968273,11
24.16,5.230000000000018,9.238095238095271,11
24.17,5.230000000000018,9.387096774193536,11
24.18,5.230000000000018,9.370967741935486,11
24.19,5.230000000000018,9.515151515151517,11
24.2,5.230000000000018,9.35483870967739,11
24.21,5.240000000000009,9.354838709677436,11
24.22,5.240000000000009,9.475409836065575,11
24.23,5.240000000000009,9.459016393442639,11
24.24,5.22999999999999,9.459016393442639,11
24.25,5.22999999999999,9.442622950819656,11
24.26,5.22999999999999,9.442622950819656,11
24.27,5.22999999999999,9.583333333333332,11
24.28,5.22999999999999,9.583333333333332,11
24.29,5.22999999999999,9.566666666666682,11
24.3,5.22999999999999,9.550000000000031,11
24.31,5.22999999999999,9.549999999999983,11
24.32,5.22999999999999,9.538461538461567,11
24.33,5.219999999999999,9.523076923076918,11
24.34,5.219999999999999,9.523076923076962,11
24.35,5.219999999999999,9.656250000000009,11
24.36,5.22999999999999,9.640625000000023,11
24.37,5.22999999999999,9.47692307692307,11
24.38,5.22999999999999,9.461538461538426,11
24.39,5.22999999999999,9.46153846153847,11
24.4,5.22999999999999,9.593749999999979,11
24.41,5.22999999999999,9.593749999999979,11
24.42,5.22999999999999,9.578124999999993,11
24.43,5.219999999999999,9.578124999999993,11
24.44,5.219999999999999,9.562499999999963,11
24.45,5.219999999999999,9.562500000000007,11
24.46,5.219999999999999,9.546874999999977,11
24.47,5.219999999999999,9.531249999999991,11
24.48,5.230000000000018,9.666666666666671,11
24.49,5.230000000000018,9.666666666666671,11
24.5,5.230000000000018,9.65079365079367,11
24.51,5.230000000000018,9.499999999999975,11
24.52,5.230000000000018,9.484375000000034,11
24.53,5.230000000000018,9.619047619047622,11
24.54,5.219999999999999,9.603174603174622,11
24.55,5.219999999999999,9.603174603174578,11
24.56,5.219999999999999,9.58730158730162,11
24.57,5.219999999999999,9.587301587301576,11
24.58,5.219999999999999,9.571428571428575,11
24.59,5.219999999999999,9.555555555555529,11
24.6,5.22999999999999,9.555555555555573,11
24.61,5.22999999999999,9.693548387096762,11
24.62,5.22999999999999,9.677419354838708,11
24.63,5.22999999999999,9.523809523809522,11
24.64,5.22999999999999,9.661290322580658,11
24.65,5.219999999999999,9.661290322580658,11
24.66,5.219999999999999,9.645161290322608,11
24.67,5.219999999999999,9.629032258064512,11
24.68,5.219999999999999,9.708333333333343,11
24.69,5.219999999999999,9.612903225806416,11
24.7,5.219999999999999,9.596774193548413,11
24.71,5.219999999999999,9.754098360655718,11
24.72,5.219999999999999,9.680555555555557,11
24.73,5.219999999999999,9.666666666666679,11
24.74,5.22999999999999,9.564516129032269,11
24.75,5.22999999999999,9.652777777777763,11
24.76,5.219999999999999,9.625000000000012,11
24.77,5.219999999999999,9.68852459016393,11
24.78,5.219999999999999,9.746478873239422,11
24.79,5.219999999999999,9.74647887323946,11
24.8,5.219999999999999,9.672131147540993,11
24.81,5.219999999999999,9.583333333333345,11
24.82,5.219999999999999,9.569444444444425,11
24.83,5.219999999999999,9.704225352112694,11
24.84,5.219999999999999,9.690140845070417,11
24.85,5.219999999999999,9.676056338028173,11
24.86,5.219999999999999,9.661971830985895,11
24.87,5.219999999999999,9.661971830985893,11
24.88,5.230000000000018,9.647887323943655,11
24.89,5.219999999999999,9.633802816901413,11
24.9,5.219999999999999,9.633802816901412,11
24.91,5.219999999999999,9.619718309859133,11
24.92,5.219999999999999,9.61971830985917,11
24.93,5.219999999999999,9.591549295774652,11
24.94,5.219999999999999,9.591549295774648,11
24.95,5.219999999999999,9.728571428571433,11
24.96,5.219999999999999,9.699999999999987,11
24.97,5.219999999999999,9.563380281690167,11
24.98,5.219999999999999,9.56338028169013,11
24.99,5.219999999999999,9.535211267605606,11
25.0,5.22999999999999,9.535211267605648,11
25.01,5.219999999999999,9.657142857142842,11
25.02,5.219999999999999,9.642857142857146,11
25.03,5.219999999999999,9.642857142857144,11
25.04,5.219999999999999,9.628571428571446,11
25.05,5.219999999999999,9.478873239436648,11
25.06,5.219999999999999,9.464788732394364,11
25.07,5.219999999999999,9.600000000000001,11
25.08,5.219999999999999,9.585714285714257,11
25.09,5.219999999999999,9.5714285714286,11
25.1,5.219999999999999,9.571428571428555,11
25.11,5.219999999999999,9.557142857142892,11
25.12,5.22999999999999,9.542857142857153,11
25.13,5.22999999999999,9.528571428571452,11
25.14,5.219999999999999,9.528571428571409,11
25.15,5.219999999999999,9.51428571428571,11
25.16,5.219999999999999,9.514285714285707,11
25.17,5.219999999999999,9.485714285714266,11
25.18,5.219999999999999,9.623188405797078,11
25.19,5.219999999999999,9.608695652173907,11
25.2,5.219999999999999,9.471428571428566,11
25.21,5.219999999999999,9.45714285714282,11
25.22,5.219999999999999,9.457142857142864,11
25.23,5.219999999999999,9.428571428571418,11
25.24,5.219999999999999,9.56521739130434,11
25.25,5.219999999999999,9.550724637681162,11
25.26,5.219999999999999,9.53623188405799,11
25.27,5.219999999999999,9.536231884057946,11
25.28,5.219999999999999,9.385714285714315,11
25.29,5.219999999999999,9.521739130434774,11
25.3,5.219999999999999,9.507246376811596,11
25.31,5.219999999999999,9.492753623188422,11
25.32,5.219999999999999,9.492753623188381,11
25.33,5.219999999999999,9.47826086956521,11
25.34,5.219999999999999,9.60294117647059,11
25.35,5.219999999999999,9.449275362318856,11
25.36,5.219999999999999,9.434782608695643,11
25.37,5.219999999999999,9.43478260869568,11
25.38,5.219999999999999,9.420289855072468,11
25.39,5.219999999999999,9.544117647058796,11
25.4,5.219999999999999,9.52941176470591,11
25.41,5.219999999999999,9.529411764705868,11
25.42,5.219999999999999,9.376811594202898,11
25.43,5.219999999999999,9.362318840579722,11
25.44,5.219999999999999,9.51470588235294,11
25.45,5.219999999999999,9.500000000000012,11
25.46,5.219999999999999,9.485294117647044,11
25.47,5.219999999999999,9.470588235294157,11
25.48,5.219999999999999,9.470588235294116,11
25.49,5.219999999999999,9.455882352941188,11
25.5,5.219999999999999,9.44117647058826,11
25.51,5.219999999999999,9.42647058823529,11
25.52,5.219999999999999,9.42647058823529,11
25.53,5.219999999999999,9.552238805970159,11
25.54,5.219999999999999,9.537313432835798,11
25.55,5.219999999999999,9.537313432835841,11
25.56,5.219999999999999,9.382352941176462,11
25.57,5.219999999999999,9.382352941176462,11
25.58,5.219999999999999,9.50746268656717,11
25.59,5.219999999999999,9.49253731343281,11
25.6,5.219999999999999,9.477611940298539,11
25.61,5.219999999999999,9.477611940298496,11
25.62,5.219999999999999,9.323529411764708,11
25.63,5.219999999999999,9.447761194029868,11
25.64,5.219999999999999,9.447761194029829,11
25.65,5.219999999999999,9.432835820895555,11
25.66,5.219999999999999,9.432835820895514,11
25.67,5.219999999999999,9.560606060606066,11
25.68,5.219999999999999,9.545454545454565,11
25.69,5.219999999999999,9.388059701492526,11
25.7,5.219999999999999,9.388059701492526,11
25.71,5.219999999999999,9.515151515151517,11
25.72,5.219999999999999,9.500000000000016,11
25.73,5.219999999999999,9.484848484848472,11
25.74,5.219999999999999,9.484848484848472,11
25.75,5.219999999999999,9.46969696969697,11
25.76,5.219999999999999,9.45454545454547,11
25.77,5.219999999999999,9.454545454545427,11
25.78,5.219999999999999,9.439393939393968,11
25.79,5.210000000000008,9.424242424242424,11
25.8,5.219999999999999,9.569230769230769,11
25.81,5.219999999999999,9.409090909090922,11
25.82,5.219999999999999,9.393939393939378,11
25.83,5.219999999999999,9.393939393939378,11
25.84,5.219999999999999,9.523076923076918,11
25.85,5.219999999999999,9.523076923076918,11
25.86,5.219999999999999,9.507692307692272,11
25.87,5.219999999999999,9.34848484848487,11
25.88,5.219999999999999,9.492307692307671,11
25.89,5.219999999999999,9.476923076923072,11
25.9,5.219999999999999,9.476923076923114,11
25.91,5.219999999999999,9.609375000000009,11
25.92,5.219999999999999,9.593749999999979,11
25.93,5.219999999999999,9.44615384615387,11
25.94,5.219999999999999,9.430769230769224,11
25.95,5.219999999999999,9.562500000000007,11
25.96,5.219999999999999,9.546874999999977,11
25.97,5.219999999999999,9.546875000000021,11
25.98,5.219999999999999,9.531249999999991,11
25.99,5.219999999999999,9.531249999999991,11
26.0,5.219999999999999,9.515624999999961,11
26.01,5.219999999999999,9.515625000000005,11
26.02,5.219999999999999,9.634920634920624,11
26.03,5.219999999999999,9.634920634920624,11
26.04,5.219999999999999,9.619047619047578,11
26.05,5.219999999999999,9.468750000000005,11
26.06,5.219999999999999,9.619047619047624,11
26.07,5.219999999999999,9.603174603174578,11
26.08,5.219999999999999,9.587301587301576,11
26.09,5.219999999999999,9.725806451612907,11
26.1,5.219999999999999,9.571428571428575,11
26.11,5.219999999999999,9.571428571428575,11
26.12,5.219999999999999,9.539682539682527,11
26.13,5.219999999999999,9.693548387096808,11
26.14,5.219999999999999,9.677419354838708,11
26.15,5.219999999999999,9.677419354838708,11
26.16,5.219999999999999,9.661290322580612,11
26.17,5.219999999999999,9.645161290322608,11
26.18,5.219999999999999,9.645161290322562,11
26.19,5.219999999999999,9.803278688524571,11
26.2,5.219999999999999,9.770491803278654,11
26.21,5.219999999999999,9.612903225806463,11
26.22,5.219999999999999,9.7704918032787,11
26.23,5.219999999999999,9.737704918032781,11
26.24,5.219999999999999,9.737704918032783,11
26.25,5.219999999999999,9.900000000000045,11
26.26,5.219999999999999,9.721311475409847,11
26.27,5.219999999999999,9.704918032786912,11
26.28,5.219999999999999,9.866666666666646,11
26.29,5.219999999999999,9.849999999999994,11
26.3,5.219999999999999,9.850000000000042,11
26.31,5.219999999999999,9.833333333333343,11
26.32,5.210000000000008,9.816666666666691,11
26.33,5.219999999999999,9.816666666666645,11
26.34,5.219999999999999,9.966101694915247,11
26.35,5.219999999999999,9.949152542372842,11
26.36,5.219999999999999,9.783333333333342,11
26.37,5.219999999999999,9.932203389830532,11
26.38,5.219999999999999,9.932203389830484,11
26.39,5.219999999999999,9.915254237288126,11
26.4,5.219999999999999,10.086206896551715,11
26.41,5.219999999999999,9.898305084745768,11
26.42,5.219999999999999,9.881355932203414,11
26.43,5.219999999999999,10.051724137931009,11
26.44,5.219999999999999,10.03448275862068,11
26.45,5.219999999999999,10.21052631578946,11
26.46,5.219999999999999,10.017241379310347,11
26.47,5.219999999999999,10.017241379310347,11
26.48,5.219999999999999,10.15789473684214,11
26.49,5.219999999999999,10.15789473684209,11
26.5,5.219999999999999,10.140350877192983,11
26.51,5.219999999999999,10.140350877192983,11
26.52,5.219999999999999,10.122807017543826,11
26.53,5.219999999999999,10.303571428571447,11
26.54,5.219999999999999,10.285714285714318,11
26.55,5.219999999999999,10.285714285714269,11
26.56,5.219999999999999,10.267857142857142,11
26.57,5.219999999999999,10.267857142857142,11
26.58,5.219999999999999,10.4363636363636,11
26.59,5.219999999999999,10.250000000000016,11
26.6,5.219999999999999,10.41818181818185,11
26.61,5.219999999999999,10.418181818181798,11
26.62,5.219999999999999,10.59259259259259,11
26.63,5.219999999999999,10.399999999999997,11
26.64,5.219999999999999,10.381818181818144,11
26.65,5.219999999999999,10.574074074074089,11
26.66,5.219999999999999,10.555555555555586,11
26.67,5.219999999999999,10.537037037037033,11
26.68,5.219999999999999,10.537037037037033,11
26.69,5.219999999999999,10.716981132075484,11
26.7,5.219999999999999,10.716981132075484,11
26.71,5.219999999999999,10.698113207547145,11
26.72,5.219999999999999,10.679245283018862,11
26.73,5.219999999999999,10.884615384615433,11
26.74,5.219999999999999,10.884615384615433,11
26.75,5.219999999999999,10.884615384615378,11
26.76,5.219999999999999,10.865384615384626,11
26.77,5.219999999999999,11.058823529411793,11
26.78,5.219999999999999,11.058823529411738,11
26.79,5.219999999999999,11.0392156862745,11
26.8,5.219999999999999,11.019607843137264,11
26.81,5.219999999999999,11.240000000000009,11
26.82,5.219999999999999,11.24000000000001,11
26.83,5.219999999999999,11.220000000000029,11
26.84,5.2099999999999795,11.220000000000029,11
26.85,5.219999999999999,11.428571428571418,11
26.86,5.219999999999999,11.40816326530613,11
26.87,5.219999999999999,11.40816326530613,11
26.88,5.219999999999999,11.40816326530613,11
26.89,5.219999999999999,11.624999999999966,11
26.9,5.219999999999999,11.387755102040783,11
26.91,5.219999999999999,11.604166666666652,11
26.92,5.219999999999999,11.851063829787218,11
26.93,5.219999999999999,11.829787234042497,11
26.94,5.219999999999999,11.829787234042557,11
26.95,5.219999999999999,11.808510638297896,11
26.96,5.219999999999999,12.065217391304374,11
26.97,5.219999999999999,12.065217391304312,11
26.98,5.219999999999999,12.043478260869549,11
26.99,5.219999999999999,12.288888888888893,11
27.0,5.219999999999999,12.021739130434787,11
27.01,5.219999999999999,12.288888888888893,11
27.02,5.219999999999999,12.545454545454506,11
27.03,5.219999999999999,12.545454545454506,11
27.04,5.219999999999999,12.522727272727254,11
27.05,5.219999999999999,12.522727272727314,11
27.06,5.219999999999999,12.790697674418603,11
27.07,5.219999999999999,12.790697674418603,11
27.08,5.219999999999999,12.767441860465135,11
27.09,5.219999999999999,13.095238095238093,11
27.1,5.219999999999999,13.071428571428592,11
27.11,5.219999999999999,13.047619047619023,11
27.12,5.219999999999999,13.36585365853656,11
27.13,5.219999999999999,13.341463414634143,11
27.14,5.219999999999999,13.341463414634143,11
27.15,5.219999999999999,13.674999999999997,11
27.16,5.219999999999999,13.649999999999949,11
27.17,5.219999999999999,13.64999999999995,11
27.18,5.219999999999999,13.974358974358946,11
27.19,5.219999999999999,13.974358974359019,11
27.2,5.219999999999999,14.342105263157942,11
27.21,5.219999999999999,14.315789473684207,11
27.22,5.219999999999999,14.315789473684207,11
27.23,5.210000000000008,14.675675675675691,11
27.24,5.219999999999999,14.702702702702695,11
27.25,5.219999999999999,14.675675675675691,11
27.26,5.219999999999999,15.05555555555552,11
27.27,5.219999999999999,15.05555555555552,11
27.28,5.219999999999999,15.02777777777777,11
27.29,5.219999999999999,15.48571428571425,11
27.3,5.219999999999999,15.457142857142848,11
27.31,5.219999999999999,15.911764705882344,11
27.32,5.219999999999999,15.882352941176405,11
27.33,5.219999999999999,15.882352941176405,11
27.34,5.219999999999999,16.333333333333293,11
27.35,5.219999999999999,16.36363636363638,11
27.36,5.219999999999999,16.84375000000005,11
27.37,5.210000000000008,16.33333333333338,11
27.38,5.219999999999999,16.81249999999999,11
27.39,5.219999999999999,17.354838709677402,11
27.4,5.219999999999999,17.322580645161302,11
27.41,5.219999999999999,17.900000000000013,11
27.42,5.219999999999999,17.354838709677406,11
27.43,5.219999999999999,17.900000000000016,11
27.44,5.219999999999999,18.517241379310363,11
27.45,5.219999999999999,18.482758620689705,11
27.46,5.219999999999999,19.142857142857192,11
27.47,5.219999999999999,19.10714285714284,11
27.48,5.219999999999999,19.10714285714284,11
27.49,5.219999999999999,19.142857142857093,11
27.5,5.219999999999999,19.814814814814792,11
27.51,5.219999999999999,19.814814814814792,11
27.52,5.219999999999999,20.53846153846155,11
27.53,5.219999999999999,20.53846153846155,11
27.54,5.219999999999999,21.360000000000014,11
27.55,5.219999999999999,20.49999999999994,11
27.56,5.219999999999999,21.319999999999936,11
27.57,5.219999999999999,21.360000000000014,11
27.58,5.219999999999999,22.208333333333385,11
27.59,5.219999999999999,22.208333333333385,11
27.6,5.219999999999999,23.13043478260879,11
27.61,5.219999999999999,23.13043478260879,11
27.62,5.219999999999999,24.181818181818276,11
27.63,5.219999999999999,23.086956521739136,11
27.64,5.219999999999999,24.136363636363644,11
27.65,5.219999999999999,24.136363636363644,11
27.66,5.219999999999999,25.285714285714295,11
27.67,5.219999999999999,25.285714285714295,11
27.68,5.219999999999999,26.55000000000001,11
27.69,5.219999999999999,26.55000000000001,11
27.7,5.219999999999999,27.894736842105324,11
27.71,5.219999999999999,27.894736842105324,11
27.72,5.219999999999999,29.44444444444451,11
27.73,5.219999999999999,27.84210526315786,11
27.74,5.219999999999999,27.84210526315786,11
27.75,5.219999999999999,29.444444444444347,11
27.76,5.2099999999999795,29.444444444444347,11
27.77,5.219999999999999,31.11764705882348,11
27.78,5.219999999999999,31.11764705882348,11
27.79,5.219999999999999,31.11764705882348,11
27.8,5.219999999999999,33.00000000000001,11
27.81,5.219999999999999,33.00000000000001,11
27.82,5.219999999999999,35.20000000000001,11
27.83,5.219999999999999,35.20000000000001,11
27.84,5.219999999999999,35.13333333333321,11
27.85,5.219999999999999,37.71428571428573,11
27.86,5.219999999999999,37.71428571428573,11
27.87,5.219999999999999,37.71428571428573,11
27.88,5.219999999999999,37.64285714285721,11
27.89,5.219999999999999,37.64285714285721,11
27.9,5.219999999999999,37.64285714285721,11
27.91,5.219999999999999,40.53846153846162,11
27.92,5.219999999999999,40.53846153846162,11
27.93,5.219999999999999,40.46153846153861,11
27.94,5.219999999999999,43.8333333333335,11
27.95,5.219999999999999,43.8333333333335,11
27.96,5.219999999999999,43.91666666666676,11
27.97,5.219999999999999,47.909090909091,11
27.98,5.219999999999999,47.81818181818173,11
27.99,5.219999999999999,47.81818181818173,11
28.0,5.219999999999999,52.59999999999991,11
28.01,5.219999999999999,52.59999999999991,11
28.02,5.219999999999999,52.59999999999991,11
28.03,5.219999999999999,52.5,11
28.04,5.219999999999999,58.333333333333336,11
28.05,5.219999999999999,58.333333333333336,11
28.06,5.219999999999999,58.333333333333336,11
28.07,5.219999999999999,58.44444444444434,11
28.08,5.219999999999999,65.62499999999999,11
28.09,5.219999999999999,65.62499999999999,11
28.1,5.219999999999999,65.62499999999999,11
28.11,5.219999999999999,65.62499999999999,11
28.12,5.219999999999999,65.625,11
28.13,5.219999999999999,65.625,11
28.14,5.219999999999999,65.49999999999976,11
28.15,5.219999999999999,65.49999999999976,11
28.16,5.219999999999999,65.49999999999976,11
28.17,5.219999999999999,74.85714285714259,11
28.18,5.219999999999999,74.85714285714259,11
28.19,5.219999999999999,75.00000000000001,11
28.2,5.219999999999999,75.00000000000001,11
28.21,5.219999999999999,74.85714285714299,11
28.22,5.219999999999999,104.80000000000015,11
28.23,5.219999999999999,104.80000000000015,11
28.24,5.219999999999999,104.80000000000015,11
28.25,5.219999999999999,104.80000000000015,11
28.26,5.219999999999999,104.80000000000015,11
28.27,5.219999999999999,104.80000000000015,11
28.28,5.219999999999999,104.60000000000034,11
28.29,5.219999999999999,130.75000000000043,11
28.3,5.219999999999999,174.66666666666697,11
28.31,5.219999999999999,174.66666666666697,11
28.32,5.219999999999999,174.66666666666697,11
28.33,5.219999999999999,262.0000000000004,11
28.34,5.219999999999999,262.0000000000004,11
28.35,5.22999999999999,524.0000000000005,11
28.36,5.22999999999999,522.9999999999985,11
28.37,5.22999999999999,,11
28.38,5.22999999999999,,11
28.39,5.22999999999999,,11
28.4,5.230000000000018,,11
28.41,5.230000000000018,,11
28.42,5.230000000000018,,11
28.43,5.22999999999999,,11
28.44,5.22999999999999,,11
28.45,5.22999999999999,,11
28.46,5.239999999999981,,11
28.47,5.239999999999981,,11
28.48,5.239999999999981,,11
28.49,5.240000000000009,,11
28.5,5.240000000000009,,11
28.51,5.240000000000009,,11
28.52,5.240000000000009,,11
28.53,5.240000000000009,,11
28.54,5.240000000000009,,11
28.55,5.25,,11
28.56,5.25,,11
28.57,5.239999999999981,,11
28.58,5.25,,11
28.59,5.25,,11
28.6,5.25,,11
28.61,5.25,,11
28.62,5.259999999999991,,11
28.63,5.25,,11
28.64,5.260000000000019,,11
28.65,5.259999999999991,,11
28.66,5.259999999999991,,11
28.67,5.269999999999982,,11
28.68,5.269999999999982,,11
28.69,5.27000000000001,,11
28.7,5.27000000000001,,11
28.71,5.269999999999982,,11
28.72,5.269999999999982,,11
28.73,5.27000000000001,,11
28.74,5.280000000000001,,11
28.75,5.280000000000001,,11
28.76,5.280000000000001,,11
28.77,5.289999999999992,,11
28.78,5.280000000000001,,11
28.79,5.280000000000001,,11
28.8,5.280000000000001,,11
28.81,5.289999999999992,,11
28.82,5.289999999999992,,11
28.83,5.2900000000000205,,11
28.84,5.289999999999992,,11
28.85,5.300000000000011,,11
28.86,5.300000000000011,,11
28.87,5.299999999999983,,11
28.88,5.309999999999974,,11
28.89,5.310000000000002,,11
28.9,5.310000000000002,,11
28.91,5.319999999999993,,11
28.92,5.310000000000002,,11
28.93,5.310000000000002,,11
28.94,5.310000000000002,,11
28.95,5.319999999999993,,11
28.96,5.320000000000022,,11
28.97,5.329999999999984,,11
28.98,5.3300000000000125,,11
28.99,5.329999999999984,,11
29.0,5.3300000000000125,,11
29.01,5.340000000000003,,11
29.02,5.3300000000000125,,11
29.03,5.340000000000003,,11
29.04,5.340000000000003,,11
29.05,5.340000000000003,,11
29.06,5.339999999999975,,11
29.07,5.349999999999994,,11
29.08,5.349999999999994,,11
29.09,5.359999999999985,,11
29.1,5.349999999999994,,11
29.11,5.349999999999994,,11
29.12,5.360000000000014,,11
29.13,5.360000000000014,,11
29.14,5.3700000000000045,,11
29.15,5.360000000000014,,11
29.16,5.359999999999985,,11
29.17,5.3700000000000045,,11
29.18,5.3700000000000045,,11
29.19,5.3700000000000045,,11
29.2,5.3700000000000045,,11
29.21,5.369999999999976,,11
29.22,5.3799999999999955,,11
29.23,5.389999999999986,,11
29.24,5.390000000000015,,11
29.25,5.389999999999986,,11
29.26,5.390000000000015,,11
29.27,5.390000000000015,,11
29.28,5.400000000000006,,11
29.29,5.400000000000006,,11
29.3,5.400000000000006,,11
29.31,5.399999999999977,,11
29.32,5.409999999999997,,11
29.33,5.400000000000006,,11
29.34,5.409999999999997,,11
29.35,5.409999999999997,,11
29.36,5.420000000000016,,11
29.37,5.4199999999999875,,11
29.38,5.4199999999999875,,11
29.39,5.420000000000016,,11
29.4,5.430000000000007,,11
29.41,5.4199999999999875,,11
29.42,5.429999999999978,,11
29.43,5.429999999999978,,11
29.44,5.430000000000007,,11
29.45,5.439999999999998,,11
29.46,5.439999999999998,,11
29.47,5.439999999999998,,11
29.48,5.440000000000026,,11
29.49,5.440000000000026,,11
29.5,5.449999999999989,,11
29.51,5.449999999999989,,11
29.52,5.449999999999989,,11
29.53,5.4599999999999795,,11
29.54,5.4599999999999795,,11
29.55,5.4599999999999795,,11
29.56,5.4599999999999795,,11
29.57,5.469999999999999,,11
29.58,5.469999999999999,,11
29.59,5.469999999999999,,11
29.6,5.469999999999999,,11
29.61,5.469999999999999,,11
29.62,5.47999999999999,,11
29.63,5.47999999999999,,11
29.64,5.47999999999999,,11
29.65,5.47999999999999,,11
29.66,5.489999999999981,,11
29.67,5.489999999999981,,11
29.68,5.489999999999981,,11
29.69,5.5,,11
29.7,5.490000000000009,,11
29.71,5.5,,11
29.72,5.5,,11
29.73,5.5,,11
29.74,5.509999999999991,,11
29.75,5.509999999999991,,11
29.76,5.509999999999991,,11
29.77,5.510000000000019,,11
29.78,5.510000000000019,,11
29.79,5.52000000000001,,11
29.8,5.519999999999982,,11
29.81,5.530000000000001,,11
29.82,5.519999999999982,,11
29.83,5.530000000000001,,11
29.84,5.530000000000001,,11
29.85,5.539999999999992,,11
29.86,5.5400000000000205,,11
29.87,5.529999999999973,,11
29.88,5.5400000000000205,,11
29.89,5.539999999999992,,11
29.9,5.539999999999992,,11
29.91,5.5400000000000205,,11
29.92,5.550000000000011,,11
29.93,5.549999999999983,,11
29.94,5.560000000000002,,11
29.95,5.560000000000002,,11
29.96,5.560000000000002,,11
29.97,5.560000000000002,,11
29.98,5.560000000000002,,11
29.99,5.560000000000002,,11
30.0,5.569999999999993,,11
30.01,5.569999999999993,,11
30.02,5.569999999999993,,11
30.03,5.5800000000000125,,11
30.04,5.579999999999984,,11
30.05,5.579999999999984,,11
30.06,5.590000000000003,,11
30.07,5.579999999999984,,11
30.08,5.590000000000003,,11
30.09,5.590000000000003,,11
30.1,5.599999999999994,,11
30.11,5.590000000000003,,11
30.12,5.599999999999994,,11
30.13,5.599999999999994,,11
30.14,5.600000000000023,,11
30.15,5.609999999999985,,11
30.16,5.610000000000014,,11
30.17,5.609999999999985,,11
30.18,5.610000000000014,,11
30.19,5.6200000000000045,,11
30.2,5.6200000000000045,,11
30.21,5.619999999999976,,11
30.22,5.6200000000000045,,11
30.23,5.619999999999976,,11
30.24,5.6200000000000045,,11
30.25,5.630000000000024,,11
30.26,5.6299999999999955,,11
30.27,5.6299999999999955,,11
30.28,5.6299999999999955,,11
30.29,5.640000000000015,,11
30.3,5.650000000000006,,11
30.31,5.649999999999977,,11
30.32,5.650000000000006,,11
30.33,5.650000000000006,,11
30.34,5.650000000000006,,11
30.35,5.650000000000006,,11
30.36,5.659999999999997,,11
30.37,5.659999999999997,,11
30.38,5.659999999999997,,11
30.39,5.670000000000016,,11
30.4,5.670000000000016,,11
30.41,5.6699999999999875,,11
30.42,5.6699999999999875,,11
30.43,5.670000000000016,,11
30.44,5.680000000000007,,11
30.45,5.6699999999999875,,11
30.46,5.680000000000007,,11
30.47,5.689999999999998,,11
30.48,5.680000000000007,,11
30.49,5.690000000000026,,11
30.5,5.699999999999989,,11
30.51,5.689999999999998,,11
30.52,5.699999999999989,,11
30.53,5.700000000000017,,11
30.54,5.710000000000008,,11
30.55,5.699999999999989,,11
30.56,5.7099999999999795,,11
30.57,5.7099999999999795,,11
30.58,5.710000000000008,,11
30.59,5.719999999999999,,11
30.6,5.719999999999999,,11
30.61,5.719999999999999,,11
30.62,5.719999999999999,,11
30.63,5.730000000000018,,11
30.64,5.730000000000018,,11
30.65,5.730000000000018,,11
30.66,5.730000000000018,,11
30.67,5.72999999999999,,11
30.68,5.72999999999999,,11
30.69,5.740000000000009,,11
30.7,5.740000000000009,,11
30.71,5.739999999999981,,11
30.72,5.739999999999981,,11
30.73,5.75,,11
30.74,5.75,,11
30.75,5.75,,11
30.76,5.760000000000019,,11
30.77,5.760000000000019,,11
30.78,5.759999999999991,,11
30.79,5.760000000000019,,11
30.8,5.77000000000001,,11
30.81,5.77000000000001,,11
30.82,5.769999999999982,,11
30.83,5.77000000000001,,11
30.84,5.780000000000001,,11
30.85,5.780000000000001,,11
30.86,5.779999999999973,,11
30.87,5.780000000000001,,11
30.88,5.789999999999992,,11
30.89,5.789999999999992,,11
30.9,5.789999999999992,,11
30.91,5.789999999999992,,11
30.92,5.7900000000000205,,11
30.93,5.800000000000011,,11
30.94,5.800000000000011,,11
30.95,5.799999999999983,,11
30.96,5.810000000000002,,11
30.97,5.810000000000002,,11
30.98,5.810000000000002,,11
30.99,5.810000000000002,,11
31.0,5.820000000000022,,11
31.01,5.819999999999993,,11
31.02,5.819999999999993,,11
31.03,5.819999999999993,,11
31.04,5.8300000000000125,,11
31.05,5.8300000000000125,,11
31.06,5.829999999999984,,11
31.07,5.8300000000000125,,11
31.08,5.840000000000003,,11
31.09,5.840000000000003,,11
31.1,5.840000000000003,,11
31.11,5.849999999999994,,11
31.12,5.840000000000003,,11
31.13,5.849999999999994,,11
31.14,5.849999999999994,,11
31.15,5.860000000000014,,11
31.16,5.849999999999994,,11
31.17,5.860000000000014,,11
31.18,5.860000000000014,,11
31.19,5.859999999999985,,11
31.2,5.8700000000000045,,11
31.21,5.8700000000000045,,11
31.22,5.8700000000000045,,11
31.23,5.8799999999999955,,11
31.24,5.869999999999976,,11
31.25,5.8799999999999955,,11
31.26,5.880000000000024,,11
31.27,5.8799999999999955,,11
31.28,5.890000000000015,,11
31.29,5.889999999999986,,11
31.3,5.900000000000006,,11
31.31,5.899999999999977,,11
31.32,5.900000000000006,,11
31.33,5.900000000000006,,11
31.34,5.909999999999997,,11
31.35,5.909999999999997,,11
31.36,5.909999999999997,,11
31.37,5.909999999999997,,11
31.38,5.909999999999997,,11
31.39,5.909999999999997,,11
31.4,5.909999999999997,,11
31.41,5.9199999999999875,,11
31.42,5.920000000000016,,11
31.43,5.9199999999999875,,11
31.44,5.929999999999978,,11
31.45,5.930000000000007,,11
31.46,5.929999999999978,,11
31.47,5.939999999999998,,11
31.48,5.930000000000007,,11
31.49,5.939999999999998,,11
31.5,5.939999999999998,,11
31.51,5.949999999999989,,11
31.52,5.939999999999998,,11
31.53,5.950000000000017,,11
31.54,5.949999999999989,,11
31.55,5.949999999999989,,11
31.56,5.960000000000008,,11
31.57,5.950000000000017,,11
31.58,5.9599999999999795,,11
31.59,5.9599999999999795,,11
31.6,5.969999999999999,,11
31.61,5.960000000000008,,11
31.62,5.969999999999999,,11
31.63,5.969999999999999,,11
31.64,5.97999999999999,,11
31.65,5.97999999999999,,11
31.66,5.97999999999999,,11
31.67,5.97999999999999,,11
31.68,5.990000000000009,,11
31.69,5.990000000000009,,11
31.7,5.990000000000009,,11
31.71,5.990000000000009,,11
31.72,5.989999999999981,,11
31.73,6.0,,11
31.74,6.009999999999991,,11
31.75,6.009999999999991,,11
31.76,6.009999999999991,,11
31.77,6.009999999999991,,11
31.78,6.019999999999982,,11
31.79,6.019999999999982,,11
31.8,6.009999999999991,,11
31.81,6.019999999999982,,11
31.82,6.019999999999982,,11
31.83,6.02000000000001,,11
31.84,6.030000000000001,,11
31.85,6.030000000000001,,11
31.86,6.030000000000001,,11
31.87,6.030000000000001,,11
31.88,6.039999999999992,,11
31.89,6.0400000000000205,,11
31.9,6.039999999999992,,11
31.91,6.050000000000011,,11
31.92,6.050000000000011,,11
31.93,6.050000000000011,,11
31.94,6.050000000000011,,11
31.95,6.060000000000002,,11
31.96,6.060000000000002,,11
31.97,6.060000000000002,,11
31.98,6.059999999999974,,11
31.99,6.060000000000002,,11
32.0,6.069999999999993,,11
32.01,6.069999999999993,,11
32.02,6.069999999999993,,11
32.03,6.069999999999993,,11
32.04,6.0800000000000125,,11
32.05,6.0800000000000125,,11
32.06,6.0800000000000125,,11
32.07,6.079999999999984,,11
32.08,6.079999999999984,,11
32.09,6.090000000000003,,11
32.1,6.090000000000003,,11
32.11,6.090000000000003,,11
32.12,6.090000000000003,,11
32.13,6.090000000000003,,11
32.14,6.099999999999994,,11
32.15,6.099999999999994,,11
32.16,6.100000000000023,,11
32.17,6.109999999999985,,11
32.18,6.109999999999985,,11
32.19,6.1200000000000045,,11
32.2,6.109999999999985,,11
32.21,6.1200000000000045,,11
32.22,6.1200000000000045,,11
32.23,6.1299999999999955,,11
32.24,6.1200000000000045,,11
32.25,6.1299999999999955,,11
32.26,6.140000000000015,,11
32.27,6.1299999999999955,,11
32.28,6.139999999999986,,11
32.29,6.140000000000015,,11
32.3,6.149999999999977,,11
32.31,6.140000000000015,,11
32.32,6.150000000000006,,11
32.33,6.150000000000006,,11
32.34,6.150000000000006,,11
32.35,6.159999999999997,,11
32.36,6.159999999999997,,11
32.37,6.159999999999997,,11
32.38,6.1699999999999875,,11
32.39,6.170000000000016,,11
32.4,6.1699999999999875,,11
32.41,6.170000000000016,,11
32.42,6.1699999999999875,,11
32.43,6.170000000000016,,11
32.44,6.179999999999978,,11
32.45,6.180000000000007,,11
32.46,6.189999999999998,,11
32.47,6.189999999999998,,11
32.48,6.189999999999998,,11
32.49,6.189999999999998,,11
32.5,6.199999999999989,,11
32.51,6.189999999999998,,11
32.52,6.189999999999998,,11
32.53,6.199999999999989,,11
32.54,6.199999999999989,,11
32.55,6.2099999999999795,,11
32.56,6.200000000000017,,11
32.57,6.210000000000008,,11
32.58,6.210000000000008,,11
32.59,6.219999999999999,,11
32.6,6.210000000000008,,11
32.61,6.219999999999999,,11
32.62,6.219999999999999,,11
32.63,6.219999999999999,,11
32.64,6.230000000000018,,11
32.65,6.22999999999999,,11
32.66,6.22999999999999,,11
32.67,6.240000000000009,,11
32.68,6.230000000000018,,11
32.69,6.239999999999981,,11
32.7,6.239999999999981,,11
32.71,6.240000000000009,,11
32.72,6.25,,11
32.73,6.25,,11
32.74,6.25,,11
32.75,6.25,,11
32.76,6.259999999999991,,11
32.77,6.259999999999991,,11
32.78,6.259999999999991,,11
32.79,6.259999999999991,,11
32.8,6.27000000000001,,11
32.81,6.27000000000001,,11
32.82,6.27000000000001,,11
32.83,6.27000000000001,,11
32.84,6.280000000000001,,11
32.85,6.280000000000001,,11
32.86,6.280000000000001,,11
32.87,6.280000000000001,,11
32.88,6.289999999999992,,11
32.89,6.289999999999992,,11
32.9,6.289999999999992,,11
32.91,6.299999999999983,,11
32.92,6.289999999999992,,11
32.93,6.299999999999983,,11
32.94,6.300000000000011,,11
32.95,6.300000000000011,,11
32.96,6.310000000000002,,11
32.97,6.310000000000002,,11
32.98,6.310000000000002,,11
32.99,6.310000000000002,,11
33.0,6.319999999999993,,11
33.01,6.319999999999993,,11
33.02,6.310000000000002,,11
33.03,6.319999999999993,,11
33.04,6.319999999999993,,11
33.05,6.3300000000000125,,11
33.06,6.319999999999993,,11
33.07,6.3300000000000125,,11
33.08,6.340000000000003,,11
33.09,6.3300000000000125,,11
33.1,6.340000000000003,,11
33.11,6.340000000000003,,11
33.12,6.340000000000003,,11
33.13,6.340000000000003,,11
33.14,6.349999999999994,,11
33.15,6.349999999999994,,11
33.16,6.349999999999994,,11
33.17,6.349999999999994,,11
33.18,6.359999999999985,,11
33.19,6.359999999999985,,11
33.2,6.359999999999985,,11
33.21,6.3700000000000045,,11
33.22,6.359999999999985,,11
33.23,6.3700000000000045,,11
33.24,6.3700000000000045,,11
33.25,6.3700000000000045,,11
33.26,6.3700000000000045,,11
33.27,6.3799999999999955,,11
33.28,6.3799999999999955,,11
33.29,6.3799999999999955,,11
33.3,6.3799999999999955,,11
33.31,6.389999999999986,,11
33.32,6.389999999999986,,11
33.33,6.390000000000015,,11
33.34,6.400000000000006,,11
33.35,6.390000000000015,,11
33.36,6.400000000000006,,11
33.37,6.400000000000006,,11
33.38,6.400000000000006,,11
33.39,6.409999999999997,,11
33.4,6.409999999999997,,11
33.41,6.409999999999997,,11
33.42,6.409999999999997,,11
33.43,6.409999999999997,,11
33.44,6.409999999999997,,11
33.45,6.409999999999997,,11
33.46,6.4199999999999875,,11
33.47,6.4199999999999875,,11
33.48,6.4199999999999875,,11
33.49,6.429999999999978,,11
33.5,6.430000000000007,,11
33.51,6.430000000000007,,11
33.52,6.430000000000007,,11
33.53,6.430000000000007,,11
33.54,6.439999999999998,,11
33.55,6.439999999999998,,11
33.56,6.440000000000026,,11
33.57,6.439999999999998,,11
33.58,6.439999999999998,,11
33.59,6.449999999999989,,11
33.6,6.450000000000017,,11
33.61,6.460000000000008,,11
33.62,6.460000000000008,,11
33.63,6.460000000000008,,11
33.64,6.460000000000008,,11
33.65,6.4599999999999795,,11
33.66,6.4599999999999795,,11
33.67,6.469999999999999,,11
33.68,6.469999999999999,,11
33.69,6.469999999999999,,11
33.7,6.469999999999999,,11
33.71,6.469999999999999,,11
33.72,6.47999999999999,,11
33.73,6.47999999999999,,11
33.74,6.47999999999999,,11
33.75,6.480000000000018,,11
33.76,6.490000000000009,,11
33.77,6.489999999999981,,11
33.78,6.489999999999981,,11
33.79,6.490000000000009,,11
33.8,6.5,,11
33.81,6.5,,11
33.82,6.5,,11
33.83,6.510000000000019,,11
33.84,6.509999999999991,,11
33.85,6.5,,11
33.86,6.510000000000019,,11
33.87,6.510000000000019,,11
33.88,6.509999999999991,,11
33.89,6.519999999999982,,11
33.9,6.52000000000001,,11
33.91,6.52000000000001,,11
33.92,6.519999999999982,,11
33.93,6.519999999999982,,11
33.94,6.530000000000001,,11
33.95,6.530000000000001,,11
33.96,6.529999999999973,,11
33.97,6.530000000000001,,11
33.98,6.539999999999992,,11
33.99,6.539999999999992,,11
34.0,6.5400000000000205,,11
34.01,6.539999999999992,,11
34.02,6.549999999999983,,11
34.03,6.5400000000000205,,11
34.04,6.550000000000011,,11
34.05,6.549999999999983,,11
34.06,6.560000000000002,,11
34.07,6.550000000000011,,11
34.08,6.560000000000002,,11
34.09,6.549999999999983,,11
34.1,6.560000000000002,,11
34.11,6.569999999999993,,11
34.12,6.560000000000002,,11
34.13,6.569999999999993,,11
34.14,6.569999999999993,,11
34.15,6.570000000000022,,11
34.16,6.579999999999984,,11
34.17,6.569999999999993,,11
34.18,6.5800000000000125,,11
34.19,6.579999999999984,,11
34.2,6.579999999999984,,11
34.21,6.5800000000000125,,11
34.22,6.589999999999975,,11
34.23,6.5800000000000125,,11
34.24,6.590000000000003,,11
34.25,6.590000000000003,,11
34.26,6.599999999999994,,11
34.27,6.590000000000003,,11
34.28,6.600000000000023,,11
34.29,6.599999999999994,,11
34.3,6.610000000000014,,11
34.31,6.599999999999994,,11
34.32,6.609999999999985,,11
34.33,6.610000000000014,,11
34.34,6.609999999999985,,11
34.35,6.6200000000000045,,11
34.36,6.610000000000014,,11
34.37,6.619999999999976,,11
34.38,6.6200000000000045,,11
34.39,6.6200000000000045,,11
34.4,6.6299999999999955,,11
34.41,6.6299999999999955,,11
34.42,6.619999999999976,,11
34.43,6.6299999999999955,,11
34.44,6.6299999999999955,,11
34.45,6.6299999999999955,,11
34.46,6.639999999999986,,11
34.47,6.640000000000015,,11
34.48,6.639999999999986,,11
34.49,6.650000000000006,,11
34.5,6.640000000000015,,11
34.51,6.639999999999986,,11
34.52,6.650000000000006,,11
34.53,6.649999999999977,,11
34.54,6.659999999999997,,11
34.55,6.659999999999997,,11
34.56,6.650000000000006,,11
34.57,6.659999999999997,,11
34.58,6.659999999999997,,11
34.59,6.6699999999999875,,11
34.6,6.659999999999997,,11
34.61,6.670000000000016,,11
34.62,6.6699999999999875,,11
34.63,6.6699999999999875,,11
34.64,6.670000000000016,,11
34.65,6.680000000000007,,11
34.66,6.6699999999999875,,11
34.67,6.680000000000007,,11
34.68,6.679999999999978,,11
34.69,6.679999999999978,,11
34.7,6.680000000000007,,11
34.71,6.680000000000007,,11
34.72,6.689999999999998,,11
34.73,6.680000000000007,,11
34.74,6.689999999999998,,11
34.75,6.700000000000017,,11
34.76,6.689999999999998,,11
34.77,6.699999999999989,,11
34.78,6.700000000000017,,11
34.79,6.699999999999989,,11
34.8,6.699999999999989,,11
34.81,6.710000000000008,,11
34.82,6.700000000000017,,11
34.83,6.699999999999989,,11
34.84,6.7099999999999795,,11
34.85,6.710000000000008,,11
34.86,6.710000000000008,,11
34.87,6.7099999999999795,,11
34.88,6.7099999999999795,,11
34.89,6.719999999999999,,11
34.9,6.719999999999999,,11
34.91,6.720000000000027,,11
34.92,6.719999999999999,,11
34.93,6.719999999999999,,11
34.94,6.72999999999999,,11
34.95,6.72999999999999,,11
34.96,6.730000000000018,,11
34.97,6.730000000000018,,11
34.98,6.739999999999981,,11
34.99,6.72999999999999,,11
35.0,6.730000000000018,,11
35.01,6.730000000000018,,11
35.02,6.739999999999981,,11
35.03,6.739999999999981,,11
35.04,6.740000000000009,,11
35.05,6.740000000000009,,11
35.06,6.740000000000009,,11
35.07,6.740000000000009,,11
35.08,6.75,,11
35.09,6.75,,11
35.1,6.75,,11
35.11,6.75,,11
35.12,6.759999999999991,,11
35.13,6.759999999999991,,11
35.14,6.759999999999991,,11
35.15,6.760000000000019,,11
35.16,6.760000000000019,,11
35.17,6.759999999999991,,11
35.18,6.759999999999991,,11
35.19,6.759999999999991,,11
35.2,6.769999999999982,,11
35.21,6.77000000000001,,11
35.22,6.77000000000001,,11
35.23,6.77000000000001,,11
35.24,6.77000000000001,,11
35.25,6.780000000000001,,11
35.26,6.780000000000001,,11
35.27,6.780000000000001,,11
35.28,6.780000000000001,,11
35.29,6.789999999999992,,11
35.3,6.789999999999992,,11
35.31,6.789999999999992,,11
35.32,6.780000000000001,,11
35.33,6.789999999999992,,11
35.34,6.789999999999992,,11
35.35,6.7900000000000205,,11
35.36,6.800000000000011,,11
35.37,6.7900000000000205,,11
35.38,6.800000000000011,,11
35.39,6.800000000000011,,11
35.4,6.800000000000011,,11
35.41,6.810000000000002,,11
35.42,6.800000000000011,,11
35.43,6.810000000000002,,11
35.44,6.810000000000002,,11
35.45,6.810000000000002,,11
35.46,6.810000000000002,,11
35.47,6.819999999999993,,11
35.48,6.810000000000002,,11
35.49,6.819999999999993,,11
35.5,6.820000000000022,,11
35.51,6.819999999999993,,11
35.52,6.820000000000022,,11
35.53,6.8300000000000125,,11
35.54,6.820000000000022,,11
35.55,6.8300000000000125,,11
35.56,6.820000000000022,,11
35.57,6.8300000000000125,,11
35.58,6.8300000000000125,,11
35.59,6.8300000000000125,,11
35.6,6.8300000000000125,,11
35.61,6.840000000000003,,11
35.62,6.8300000000000125,,11
35.63,6.840000000000003,,11
35.64,6.840000000000003,,11
35.65,6.840000000000003,,11
35.66,6.840000000000003,,11
35.67,6.849999999999994,,11
35.68,6.840000000000003,,11
35.69,6.849999999999994,,11
35.7,6.850000000000023,,11
35.71,6.849999999999994,,11
35.72,6.850000000000023,,11
35.73,6.849999999999994,,11
35.74,6.849999999999994,,11
35.75,6.859999999999985,,11
35.76,6.859999999999985,,11
35.77,6.849999999999994,,11
35.78,6.859999999999985,,11
35.79,6.859999999999985,,11
35.8,6.860000000000014,,11
35.81,6.8700000000000045,,11
35.82,6.8700000000000045,,11
35.83,6.8700000000000045,,11
35.84,6.8700000000000045,,11
35.85,6.860000000000014,,11
35.86,6.8700000000000045,,11
35.87,6.8700000000000045,,11
35.88,6.869999999999976,,11
35.89,6.8700000000000045,,11
35.9,6.8700000000000045,,11
35.91,6.8799999999999955,,11
35.92,6.8799999999999955,,11
35.93,6.8799999999999955,,11
35.94,6.8799999999999955,,11
35.95,6.880000000000024,,11
35.96,6.8799999999999955,,11
35.97,6.8799999999999955,,11
35.98,6.889999999999986,,11
35.99,6.890000000000015,,11
36.0,6.890000000000015,,11
36.01,6.890000000000015,934.3333333333256,11
36.02,6.889999999999986,509.6363636363663,11
36.03,6.889999999999986,329.70588235294133,11
36.04,6.889999999999986,254.7727272727265,11
36.05,6.890000000000015,200.1785714285719,11
36.06,6.900000000000006,164.82352941176475,11
36.07,6.900000000000006,143.69230769230748,11
36.08,6.899999999999977,124.53333333333352,11
36.09,6.899999999999977,109.86274509803927,11
36.1,6.900000000000006,100.05357142857135,11
36.11,6.909999999999997,90.35483870967752,11
36.12,6.909999999999997,82.38235294117649,11
36.13,6.909999999999997,76.71232876712324,11
36.14,6.910000000000025,70.88607594936717,11
36.15,6.9199999999999875,66.65476190476191,11
36.16,6.909999999999997,62.19999999999998,11
36.17,6.909999999999997,58.30208333333328,11
36.18,6.910000000000025,55.40594059405941,11
36.19,6.9199999999999875,52.289719626168214,11
36.2,6.9199999999999875,49.50442477876103,11
36.21,6.909999999999997,47.38983050847459,11
36.22,6.920000000000016,45.09677419354838,11
36.23,6.9199999999999875,42.99999999999998,11
36.24,6.929999999999978,41.40000000000001,11
36.25,6.930000000000007,39.63120567375886,11
36.26,6.920000000000016,38.26027397260276,11
36.27,6.929999999999978,36.736842105263165,11
36.28,6.929999999999978,35.329113924050624,11
36.29,6.930000000000007,34.23926380368096,11
36.3,6.930000000000007,33.01775147928995,11
36.31,6.930000000000007,31.874285714285715,11
36.32,6.930000000000007,30.9777777777778,11
36.33,6.930000000000007,29.96774193548388,11
36.34,6.939999999999998,29.02083333333334,11
36.35,6.930000000000007,28.274111675126896,11
36.36,6.939999999999998,27.428571428571438,11
36.37,6.939999999999998,26.63157894736842,11
36.38,6.939999999999998,25.999999999999993,11
36.39,6.939999999999998,25.28181818181819,11
36.4,6.939999999999998,24.706666666666667,11
36.41,6.950000000000017,24.05627705627705,11
36.42,6.939999999999998,23.438818565400833,11
36.43,6.949999999999989,22.94214876033058,11
36.44,6.940000000000026,22.379032258064516,11
36.45,6.949999999999989,21.842519685039377,11
36.46,6.950000000000017,21.40926640926641,11
36.47,6.950000000000017,20.913207547169808,11
36.48,6.949999999999989,20.439114391143907,11
36.49,6.960000000000008,20.057971014492754,11
36.5,6.950000000000017,19.620567375886523,11
36.51,6.9599999999999795,19.271777003484328,11
36.52,6.960000000000008,18.86689419795222,11
36.53,6.960000000000008,18.478260869565215,11
36.54,6.9599999999999795,18.16447368421052,11
36.55,6.960000000000008,17.8,11
36.56,6.960000000000008,17.452531645569618,11
36.57,6.960000000000008,17.171339563862936,11
36.58,6.969999999999999,16.847094801223246,11
36.59,6.969999999999999,16.53153153153153,11
36.6,6.969999999999999,16.28106508875739,11
36.61,6.969999999999999,15.985465116279075,11
36.62,6.969999999999999,15.747851002865326,11
36.63,6.969999999999999,15.47042253521127,11
36.64,6.969999999999999,15.202216066482,11
36.65,6.97999999999999,14.98360655737705,11
36.66,6.969999999999999,14.733870967741932,11
36.67,6.969999999999999,14.49206349206349,11
36.68,6.969999999999999,14.292428198433418,11
36.69,6.980000000000018,14.059125964010287,11
36.7,6.97999999999999,13.835443037974684,11
36.71,6.980000000000018,13.6525,11
36.72,6.97999999999999,13.443349753694582,11
36.73,6.980000000000018,13.267639902676398,11
36.74,6.990000000000009,13.067146282973617,11
36.75,6.990000000000009,12.869976359338061,11
36.76,6.990000000000009,12.71261682242991,11
36.77,6.989999999999981,12.525345622119817,11
36.78,6.990000000000009,12.343181818181817,11
36.79,6.989999999999981,12.197752808988763,11
36.8,6.990000000000009,12.024390243902436,11
36.81,6.989999999999981,11.857768052516409,11
36.82,7.0,11.71861471861472,11
36.83,7.0,11.557692307692308,11
36.84,7.0,11.400843881856542,11
36.85,7.0,11.271398747390396,11
36.86,7.0,11.123711340206182,11
36.87,7.0,11.000000000000002,11
36.88,7.0,10.85685483870968,11
36.89,7.0,10.717131474103587,11
36.9,7.0,10.601577909270217,11
36.91,7.0,10.46588693957115,11
36.92,7.009999999999991,10.337186897880537,11
36.93,7.009999999999991,10.227099236641218,11
36.94,7.009999999999991,10.101886792452833,11
36.95,7.0,9.977611940298509,11
36.96,7.0,9.876155268022183,11
36.97,7.010000000000019,9.756855575868375,11
36.98,7.009999999999991,9.65942028985507,11
36.99,7.010000000000019,9.546594982078851,11
37.0,7.009999999999991,9.434397163120568,11
37.01,7.010000000000019,9.340949033391915,11
37.02,7.019999999999982,9.234782608695651,11
37.03,7.009999999999991,9.127366609294318,11
37.04,7.009999999999991,9.040955631399317,11
37.05,7.019999999999982,8.939189189189188,11
37.06,7.02000000000001,8.837792642140471,11
37.07,7.019999999999982,8.756218905472638,11
37.08,7.02000000000001,8.66009852216749,11
37.09,7.019999999999982,8.565853658536586,11
37.1,7.02000000000001,8.485483870967741,11
37.11,7.030000000000001,8.394568690095845,11
37.12,7.019999999999982,8.318541996830428,11
37.13,7.02000000000001,8.230769230769234,11
37.14,7.029999999999973,8.14307931570762,11
37.15,7.030000000000001,8.069444444444443,11
37.16,7.030000000000001,7.986238532110092,11
37.17,7.030000000000001,7.9030303030303015,11
37.18,7.030000000000001,7.834586466165414,11
37.19,7.030000000000001,7.754098360655739,11
37.2,7.030000000000001,7.675036927621862,11
37.21,7.030000000000001,7.609970674486804,11
37.22,7.030000000000001,7.533430232558139,11
37.23,7.039999999999992,7.4689754689754695,11
37.24,7.030000000000001,7.393419170243204,11
37.25,7.039999999999992,7.320567375886526,11
37.26,7.030000000000001,7.259154929577466,11
37.27,7.0400000000000205,7.188547486033519,11
37.28,7.030000000000001,7.117728531855955,11
37.29,7.039999999999992,7.059147180192573,11
37.3,7.0400000000000205,6.993178717598908,11
37.31,7.039999999999992,6.925575101488499,11
37.32,7.039999999999992,6.86962365591398,11
37.33,7.039999999999992,6.804000000000001,11
37.34,7.039999999999992,6.74074074074074,11
37.35,7.050000000000011,6.6859395532194466,11
37.36,7.0400000000000205,6.623207301173402,11
37.37,7.049999999999983,6.5699481865284985,11
37.38,7.049999999999983,6.508997429305913,11
37.39,7.050000000000011,6.448979591836735,11
37.4,7.049999999999983,6.399239543726236,11
37.41,7.049999999999983,6.340880503144653,11
37.42,7.050000000000011,6.2833957553058655,11
37.43,7.050000000000011,6.234491315136476,11
37.44,7.049999999999983,6.17857142857143,11
37.45,7.060000000000002,6.123471882640588,11
37.46,7.050000000000011,6.075334143377885,11
37.47,7.049999999999983,6.021712907117008,11
37.48,7.060000000000002,5.9688622754491005,11
37.49,7.060000000000002,5.9226190476190474,11
37.5,7.049999999999983,5.871158392434988,11
37.51,7.060000000000002,5.82726204465335,11
37.52,7.060000000000002,5.775962660443407,11
37.53,7.060000000000002,5.7253765932792575,11
37.54,7.060000000000002,5.683179723502303,11
37.55,7.069999999999993,5.633867276887873,11
37.56,7.060000000000002,5.585227272727273,11
37.57,7.060000000000002,5.543502824858758,11
37.58,7.060000000000002,5.496071829405163,11
37.59,7.060000000000002,5.450390189520624,11
37.6,7.069999999999993,5.409090909090909,11
37.61,7.069999999999993,5.364537444933922,11
37.62,7.069999999999993,5.318380743982496,11
37.63,7.070000000000022,5.278563656147987,11
37.64,7.069999999999993,5.235675675675677,11
37.65,7.069999999999993,5.196774193548387,11
37.66,7.069999999999993,5.153846153846153,11
37.67,7.069999999999993,5.111464968152866,11
37.68,7.0800000000000125,5.073917634635692,11
37.69,7.079999999999984,5.0325288562434425,11
37.7,7.079999999999984,4.990615224191866,11
37.71,7.0800000000000125,4.954356846473027,11
37.72,7.0800000000000125,4.9134020618556695,11
37.73,7.0800000000000125,4.873975409836065,11
37.74,7.090000000000001,4.838939857288483,11
37.75,7.09,4.7993920972644375,11
37.76,7.09,4.760322255790533,11
37.77,7.09,4.726452905811622,11
37.78,7.09,4.688247011952191,11
37.79,7.1000000000000005,4.655104063429138,11
37.8,7.1,4.617733990147784,11
37.81,7.1000000000000005,4.580803134182175,11
37.82,7.1000000000000005,4.552195121951219,11
37.83,7.1,4.546875,11
37.84,7.1,4.5415444770283475,11
37.85,7.1,4.540646425073457,11
37.86,7.1000000000000005,4.534313725490196,11
37.87,7.1000000000000005,4.528949950932287,11
37.88,7.1,4.528023598820059,11
37.89,7.1,4.522637795275591,11
37.9,7.109999999999999,4.517241379310345,11
37.91,7.11,4.516288252714708,11
37.92,7.11,4.510869565217392,11
37.93,7.109999999999999,4.5044510385756675,11
37.94,7.1,4.503468780971258,11
37.95,7.109999999999999,4.4980158730158735,11
37.96,7.110000000000001,4.497017892644135,11
37.97,7.11,4.491542288557214,11
37.98,7.109999999999999,4.486055776892431,11
37.99,7.109999999999999,4.485029940119761,11
38.0,7.109999999999999,4.47952047952048,11
38.01,7.109999999999999,4.474,11
38.02,7.120000000000001,4.472945891783567,11
38.03,7.11,4.467402206619859,11
38.04,7.11,4.4618473895582325,11
38.05,7.119999999999999,4.460764587525151,11
38.06,7.119999999999999,4.455186304128903,11
38.07,7.109999999999999,4.449596774193548,11
38.08,7.120000000000001,4.448484848484848,11
38.09,7.120000000000001,4.443882709807887,11
38.1,7.12,4.442755825734549,11
38.11,7.119999999999999,4.4371196754563895,11
38.12,7.119999999999999,4.431472081218274,11
38.13,7.119999999999999,4.430315361139369,11
38.14,7.120000000000001,4.424643584521385,11
38.15,7.120000000000001,4.419979612640163,11
38.16,7.12,4.41879468845761,11
38.17,7.13,4.413087934560327,11
38.18,7.12,4.407369498464688,11
38.19,7.129999999999999,4.406153846153846,11
38.2,7.119999999999999,4.401437371663244,11
38.21,7.130000000000001,4.39568345323741,11
38.22,7.120000000000001,4.394438722966014,11
38.23,7.13,4.389690721649485,11
38.24,7.12,4.38390092879257,11
38.25,7.13,4.382626680455016,11
38.26,7.13,4.377846790890269,11
38.27,7.129999999999999,4.37655601659751,11
38.28,7.130000000000001,4.370716510903427,11
38.29,7.130000000000001,4.365904365904366,11
38.3,7.130000000000001,4.364583333333333,11
38.31,7.13,4.358706986444212,11
38.32,7.13,4.353862212943633,11
38.33,7.13,4.352510460251046,11
38.34,7.14,4.347643979057592,11
38.35,7.129999999999999,4.3417190775681345,11
38.36,7.130000000000001,4.341386554621849,11
38.37,7.140000000000001,4.335436382754994,11
38.38,7.130000000000001,4.330526315789474,11
38.39,7.13,4.329113924050633,11
38.4,7.14,4.324181626187962,11
38.41,7.14,4.318181818181818,11
38.42,7.13,4.317796610169491,11
38.43,7.129999999999999,4.311770943796394,11
38.44,7.140000000000001,4.311370882040382,11
38.45,7.140000000000001,4.306382978723404,11
38.46,7.140000000000001,4.300319488817891,11
38.47,7.130000000000001,4.299893276414088,11
38.48,7.12,4.293803418803419,11
38.49,7.12,4.288770053475936,11
38.5,7.12,4.288317256162915,11
38.51,7.12,4.282188841201716,11
38.52,7.12,4.277121374865736,11
38.53,7.119999999999999,4.276641550053822,11
38.54,7.13,4.2715517241379315,11
38.55,7.13,4.26537216828479,11
38.56,7.13,4.264864864864865,11
38.57,7.13,4.259740259740259,11
38.58,7.13,4.254604550379199,11
38.59,7.129999999999999,4.252985884907709,11
38.6,7.129999999999999,4.247826086956522,11
38.61,7.129999999999999,4.242655059847661,11
38.62,7.130000000000001,4.2420937840785164,11
38.63,7.130000000000001,4.236899563318778,11
38.64,7.130000000000001,4.236323851203501,11
38.65,7.130000000000001,4.230010952902519,11
38.66,7.130000000000001,4.224780701754386,11
38.67,7.13,4.224175824175824,11
38.68,7.13,4.218921892189219,11
38.69,7.13,4.213656387665198,11
38.7,7.13,4.213024282560706,11
38.71,7.129999999999999,4.2077348066298335,11
38.72,7.129999999999999,4.202433628318585,11
38.73,7.129999999999999,4.201773835920178,11
38.74,7.129999999999999,4.196448390677026,11
38.75,7.129999999999999,4.191111111111111,11
38.76,7.130000000000001,4.190423162583519,11
38.77,7.130000000000001,4.185061315496098,11
38.78,7.140000000000001,4.1796875,11
38.79,7.130000000000001,4.178970917225951,11
38.8,7.130000000000001,4.173572228443449,11
38.81,7.130000000000001,4.168161434977579,11
38.82,7.140000000000001,4.167415730337079,11
38.83,7.140000000000001,4.161979752530933,11
38.84,7.130000000000001,4.162344983089064,11
38.85,7.13,4.156884875846501,11
38.86,7.14,4.1514124293785315,11
38.87,7.14,4.1506228765571915,11
38.88,7.13,4.145124716553288,11
38.89,7.14,4.139614074914869,11
38.9,7.14,4.139931740614335,11
38.91,7.129999999999999,4.134396355353076,11
38.92,7.139999999999999,4.128848346636261,11
38.93,7.14,4.128,11
38.94,7.129999999999999,4.122425629290618,11
38.95,7.139999999999999,4.117983963344789,11
38.96,7.140000000000001,4.117106773823191,11
38.97,7.129999999999999,4.111494252873564,11
38.98,7.140000000000001,4.107019562715765,11
38.99,7.130000000000001,4.106113033448674,11
39.0,7.140000000000001,4.100461893764434,11
39.01,7.140000000000001,4.095953757225433,11
39.02,7.140000000000001,4.095017381228273,11
39.03,7.140000000000001,4.089327146171694,11
39.04,7.140000000000001,4.084785133565622,11
39.05,7.140000000000001,4.083818393480792,11
39.06,7.140000000000001,4.0792540792540795,11
39.07,7.140000000000001,4.078271028037382,11
39.08,7.140000000000001,4.073684210526316,11
39.09,7.140000000000001,4.067915690866511,11
39.1,7.140000000000001,4.066901408450704,11
39.11,7.140000000000001,4.0622796709753235,11
39.12,7.140000000000001,4.056470588235293,11
39.13,7.140000000000001,4.056603773584905,11
39.14,7.140000000000001,4.0519480519480515,11
39.15,7.140000000000001,4.046099290780141,11
39.16,7.140000000000001,4.046208530805687,11
39.17,7.140000000000001,4.0403321470937135,11
39.18,7.14,4.03562945368171,11
39.19,7.140000000000001,4.03452380952381,11
39.2,7.140000000000001,4.029797377830751,11
39.21,7.14,4.025059665871121,11
39.22,7.140000000000001,4.023923444976077,11
39.23,7.140000000000001,4.019161676646707,11
39.24,7.14,4.014388489208633,11
39.25,7.140000000000001,4.013221153846154,11
39.26,7.140000000000001,4.008423586040915,11
39.27,7.15,4.003614457831325,11
39.28,7.140000000000001,4.0024154589371985,11
39.29,7.140000000000001,3.99758162031439,11
39.3,7.140000000000001,3.997575757575757,11
39.31,7.149999999999999,3.9927184466019416,11
39.32,7.140000000000001,3.9866342648845685,11
39.33,7.140000000000001,3.9866017052375144,11
39.34,7.140000000000001,3.981707317073171,11
39.35,7.140000000000001,3.976800976800977,11
39.36,7.149999999999999,3.976744186046512,11
39.37,7.140000000000001,3.9705882352941173,11
39.38,7.140000000000001,3.965644171779141,11
39.39,7.140000000000001,3.965559655596556,11
39.4,7.140000000000001,3.960591133004926,11
39.41,7.140000000000001,3.9556103575832307,11
39.42,7.15,3.9555006180469716,11
39.43,7.149999999999999,3.9504950495049505,11
39.44,7.15,3.9454770755886,11
39.45,7.140000000000001,3.9453416149068317,11
39.46,7.140000000000001,3.940298507462687,11
39.47,7.140000000000001,3.935242839352429,11
39.48,7.139999999999999,3.935081148564295,11
39.49,7.139999999999999,3.9299999999999997,11
39.5,7.139999999999999,3.924906132665832,11
39.51,7.140000000000001,3.9247176913425346,11
39.52,7.139999999999999,3.9195979899497493,11
39.53,7.140000000000001,3.914465408805031,11
39.54,7.139999999999999,3.9142496847414883,11
39.55,7.140000000000001,3.909090909090909,11
39.56,7.140000000000001,3.903919089759798,11
39.57,7.140000000000002,3.903675538656527,11
39.58,7.140000000000001,3.898477157360406,11
39.59,7.140000000000002,3.8932655654383734,11
39.6,7.140000000000001,3.892993630573249,11
39.61,7.149999999999999,3.8890306122448983,11
39.62,7.149999999999999,3.8887468030690533,11
39.63,7.149999999999999,3.88348271446863,11
39.64,7.139999999999999,3.878205128205128,11
39.65,7.140000000000001,3.8778920308483293,11
39.66,7.139999999999999,3.8738738738738743,11
39.67,7.140000000000001,3.8685567010309283,11
39.68,7.139999999999999,3.8682170542635657,11
39.69,7.149999999999999,3.86287192755498,11
39.7,7.140000000000001,3.8588082901554404,11
39.71,7.139999999999999,3.8584415584415583,11
39.72,7.140000000000001,3.8530559167750327,11
39.73,7.139999999999999,3.848958333333334,11
39.74,7.149999999999999,3.8485639686684068,11
39.75,7.140000000000002,3.8431372549019605,11
39.76,7.140000000000001,3.839005235602094,11
39.77,7.139999999999999,3.838582677165354,11
39.78,7.149999999999999,3.83311432325887,11
39.79,7.140000000000001,3.828947368421053,11
39.8,7.139999999999999,3.828496042216359,11
39.81,7.140000000000001,3.824306472919419,11
39.82,7.140000000000001,3.818783068783069,11
39.83,7.139999999999999,3.8196286472148535,11
39.84,7.140000000000001,3.8140770252324034,11
39.85,7.140000000000001,3.809840425531915,11
39.86,7.139999999999999,3.8093333333333335,11
39.87,7.140000000000001,3.8050734312416554,11
39.88,7.140000000000002,3.799465240641711,11
39.89,7.140000000000001,3.8002680965147455,11
39.9,7.130000000000001,3.794630872483222,11
39.91,7.139999999999999,3.7903225806451615,11
39.92,7.140000000000001,3.7897574123989215,11
39.93,7.140000000000001,3.7854251012145745,11
39.94,7.139999999999999,3.779729729729729,11
39.95,7.139999999999999,3.7804878048780486,11
39.96,7.140000000000001,3.776119402985074,11
39.97,7.130000000000001,3.7703804347826084,11
39.98,7.140000000000001,3.7711171662125342,11
39.99,7.130000000000001,3.7667121418826737,11
40.0,7.139999999999999,3.760928961748634,11
40.01,7.129999999999999,3.7616438356164386,11
40.02,7.140000000000001,3.757201646090535,11
40.03,7.130000000000001,3.7513736263736264,11
40.04,7.139999999999999,3.7520661157024797,11
40.05,7.129999999999999,3.747586206896552,11
40.06,7.140000000000001,3.743093922651934,11
40.07,7.140000000000001,3.743767313019391,11
40.08,7.130000000000003,3.7378640776699035,11
40.09,7.140000000000001,3.7333333333333334,11
40.1,7.130000000000001,3.7339832869080785,11
40.11,7.139999999999999,3.729428172942818,11
40.12,7.139999999999999,4.69625520110957,11
40.13,7.129999999999999,4.660689655172414,11
40.14,7.140000000000001,4.625514403292181,11
40.15,7.130000000000001,4.590723055934515,11
40.16,7.130000000000001,4.554952510176391,11
40.17,7.140000000000001,4.520917678812416,11
40.18,7.130000000000001,4.485906040268456,11
40.19,7.130000000000001,4.45260347129506,11
40.2,7.139999999999999,4.418326693227092,11
40.21,7.129999999999999,4.385733157199472,11
40.22,7.140000000000001,4.3521681997371875,11
40.23,7.130000000000001,4.318954248366013,11
40.24,7.139999999999999,4.287386215864759,11
40.25,7.139999999999997,4.254851228978008,11
40.26,7.130000000000001,4.222651222651224,11
40.27,7.140000000000001,4.1920614596670935,11
40.28,7.140000000000002,4.160509554140127,11
40.29,7.129999999999999,4.1292775665399235,11
40.3,7.140000000000001,4.0983606557377055,11
40.31,7.139999999999999,4.06775407779172,11
40.32,7.140000000000001,4.0374531835206,11
40.33,7.139999999999999,4.007453416149068,11
40.34,7.140000000000001,3.977750309023486,11
40.35,7.139999999999999,3.9580764488286073,11
40.36,7.140000000000001,3.953086419753087,11
40.37,7.139999999999999,3.9517326732673266,11
40.38,7.140000000000001,3.9467162329615864,11
40.39,7.139999999999999,3.9416873449131513,11
40.4,7.140000000000001,3.9415422885572142,11
40.41,7.139999999999999,3.936488169364882,11
40.42,7.140000000000001,3.9314214463840402,11
40.43,7.139999999999999,3.9312500000000004,11
40.44,7.140000000000001,3.9261576971214014,11
40.45,7.140000000000001,3.921052631578947,11
40.46,7.140000000000001,3.920854271356784,11
40.47,7.140000000000001,3.915723270440252,11
40.48,7.140000000000001,3.9105793450881605,11
40.49,7.140000000000001,3.9116161616161613,11
40.5,7.140000000000001,3.9064475347661185,11
40.51,7.140000000000001,3.906210392902408,11
40.52,7.139999999999997,3.901015228426396,11
40.53,7.140000000000001,3.895806861499364,11
40.54,7.140000000000001,3.8955414012738854,11
40.55,7.139999999999997,3.8903061224489797,11
40.56,7.140000000000001,3.885057471264368,11
40.57,7.140000000000001,3.886043533930858,11
40.58,7.140000000000001,3.880769230769231,11
40.59,7.140000000000001,3.875481386392811,11
40.6,7.140000000000001,3.8751608751608755,11
40.61,7.130000000000003,3.8698453608247427,11
40.62,7.140000000000001,3.865806451612903,11
40.63,7.140000000000001,3.8654592496765847,11
40.64,7.140000000000001,3.860103626943005,11
40.65,7.140000000000001,3.856031128404669,11
40.66,7.130000000000003,3.855656697009102,11
40.67,7.140000000000001,3.850260416666667,11
40.68,7.139999999999997,3.8461538461538463,11
40.69,7.140000000000001,3.845751633986928,11
40.7,7.129999999999999,3.840314136125655,11
40.71,7.139999999999997,3.8361730013106166,11
40.72,7.140000000000001,3.8357424441524306,11
40.73,7.130000000000003,3.830263157894737,11
40.74,7.140000000000001,3.8260869565217392,11
40.75,7.140000000000001,3.8256274768824308,11
40.76,7.130000000000003,3.8214285714285716,11
40.77,7.140000000000001,3.8158940397350998,11
40.78,7.140000000000001,3.816733067729084,11
40.79,7.130000000000003,3.811170212765957,11
40.8,7.140000000000001,3.8069241011984025,11
40.81,7.139999999999997,3.806408544726301,11
40.82,7.139999999999997,3.8021390374331547,11
40.83,7.140000000000001,3.7965194109772424,11
40.84,7.129999999999999,3.7973154362416106,11
40.85,7.140000000000001,3.7916666666666665,11
40.86,7.129999999999999,3.787348586810229,11
40.87,7.140000000000001,3.7867746288798925,11
40.88,7.130000000000003,3.7824324324324325,11
40.89,7.140000000000001,3.7780784844384305,11
40.9,7.129999999999999,3.777476255088196,11
40.91,7.139999999999997,3.773097826086957,11
40.92,7.129999999999999,3.768707482993198,11
40.93,7.139999999999997,3.7680763983628918,11
40.94,7.129999999999999,3.763661202185792,11
40.95,7.140000000000001,3.7592339261285908,11
40.96,7.129999999999999,3.7585733882030175,11
40.97,7.140000000000001,3.7541208791208787,11
40.98,7.130000000000003,3.7548209366391183,11
40.99,7.130000000000003,3.750344827586207,11
41.0,7.129999999999999,3.7444751381215466,11
41.01,7.129999999999999,3.7451523545706373,11
41.02,7.139999999999997,3.7406380027739248,11
41.03,7.129999999999999,3.7361111111111107,11
41.04,7.129999999999999,3.735376044568245,11
41.05,7.139999999999997,3.730822873082287,11
41.06,7.130000000000003,3.7262569832402233,11
41.07,7.130000000000003,3.726890756302521,11
41.08,7.129999999999999,3.7223001402524543,11
41.09,7.129999999999999,3.7176966292134828,11
41.1,7.129999999999999,3.7183098591549295,11
41.11,7.129999999999999,3.713681241184767,11
41.12,7.129999999999999,3.707627118644068,11
41.13,7.129999999999999,3.708215297450425,11
41.14,7.129999999999999,3.7035460992907803,11
41.15,7.129999999999999,3.6988636363636362,11
41.16,7.120000000000001,3.6994301994301995,11
41.17,7.129999999999999,3.69472182596291,11
41.18,7.129999999999999,3.69,11
41.19,7.129999999999999,3.690544412607449,11
41.2,7.129999999999999,3.685796269727403,11
41.21,7.120000000000001,3.6810344827586206,11
41.22,7.120000000000001,3.6815561959654173,11
41.23,7.1299999999999955,3.6767676767676765,11
41.24,7.129999999999999,3.6734104046242777,11
41.25,7.129999999999999,3.6739130434782608,11
41.26,7.129999999999999,3.6690856313497826,11
41.27,7.120000000000001,3.6642441860465116,11
41.28,7.120000000000001,3.6647230320699706,11
41.29,7.120000000000001,3.6598540145985403,11
41.3,7.120000000000001,3.654970760233918,11
41.31,7.120000000000001,3.6568914956011724,11
41.32,7.120000000000001,3.6519823788546253,11
41.33,7.120000000000001,3.6470588235294112,11
41.34,7.120000000000001,3.6474926253687308,11
41.35,7.120000000000001,3.642540620384047,11
41.36,7.119999999999997,3.63905325443787,11
41.37,7.119999999999997,3.63946587537092,11
41.38,7.119999999999997,3.6344725111441307,11
41.39,7.119999999999997,3.629464285714286,11
41.4,7.120000000000001,3.631343283582089,11
41.41,7.120000000000001,3.6263079222720473,11
41.42,7.120000000000001,3.6212574850299397,11
41.43,7.119999999999997,3.6231231231231233,11
41.44,7.119999999999997,3.618045112781955,11
41.45,7.119999999999997,3.612951807228916,11
41.46,7.109999999999999,3.614803625377643,11
41.47,7.109999999999999,3.609682299546142,11
41.48,7.109999999999999,3.606060606060606,11
41.49,7.109999999999999,3.6063829787234036,11
41.5,7.120000000000001,3.601217656012176,11
41.51,7.120000000000001,3.5975609756097566,11
41.52,7.109999999999999,3.5978593272171255,11
41.53,7.109999999999999,3.594180704441041,11
41.54,7.109999999999999,3.588957055214724,11
41.55,7.109999999999999,3.590769230769231,11
41.56,7.109999999999999,3.585516178736518,11
41.57,7.109999999999999,3.58179012345679,11
41.58,7.109999999999999,3.582043343653251,11
41.59,7.109999999999999,3.5782945736434106,11
41.6,7.109999999999999,3.5729813664596266,11
41.61,7.109999999999999,3.5747663551401874,11
41.62,7.109999999999999,3.5709828393135727,11
41.63,7.109999999999999,3.565625,11
41.64,7.099999999999998,3.567398119122257,11
41.65,7.109999999999999,3.5620094191522758,11
41.66,7.109999999999999,3.558176100628931,11
41.67,7.099999999999998,3.5599369085173502,11
41.68,7.109999999999999,3.5545023696682465,11
41.69,7.100000000000001,3.5506329113924044,11
41.7,7.100000000000001,3.552380952380953,11
41.71,7.109999999999999,3.5468998410174883,11
41.72,7.100000000000001,3.5429936305732483,11
41.73,7.100000000000005,3.5447284345047922,11
41.74,7.099999999999998,3.5408000000000004,11
41.75,7.099999999999998,3.5352564102564106,11
41.76,7.099999999999998,3.536977491961415,11
41.77,7.100000000000001,3.5330112721417066,11
41.78,7.100000000000001,3.5290322580645164,11
41.79,7.099999999999998,3.5307443365695796,11
41.8,7.099999999999998,3.5251215559157214,11
41.81,7.09,3.5211038961038956,11
41.82,7.100000000000001,3.5170731707317073,11
41.83,7.090000000000003,3.5187601957585644,11
41.84,7.089999999999996,3.5147058823529407,11
41.85,7.089999999999996,3.5106382978723407,11
41.86,7.09,3.512315270935961,11
41.87,7.09,3.508223684210526,11
41.88,7.090000000000003,3.5041186161449756,11
41.89,7.089999999999996,3.5057851239669424,11
41.9,7.089999999999996,3.5,11
41.91,7.09,3.4958540630182418,11
41.92,7.089999999999996,3.4975041597337775,11
41.93,7.089999999999996,3.4933333333333336,11
41.94,7.079999999999998,3.4891485809682803,11
41.95,7.089999999999996,3.490787269681743,11
41.96,7.080000000000002,3.488255033557047,11
41.97,7.080000000000002,3.4840336134453773,11
41.98,7.089999999999996,3.48566610455312,11
41.99,7.079999999999998,3.481418918918919,11
42.0,7.080000000000002,3.477157360406091,11
42.01,7.079999999999998,3.4787775891341264,11
42.02,7.079999999999998,3.4744897959183674,11
42.03,7.079999999999998,3.470187393526405,11
42.04,7.080000000000002,3.4717948717948723,11
42.05,7.079999999999998,3.4674657534246576,11
42.06,7.079999999999998,3.4648370497427106,11
42.07,7.079999999999998,3.466437177280551,11
42.08,7.07,3.462068965517241,11
42.09,7.070000000000004,3.4576856649395515,11
42.1,7.07,3.4592720970537267,11
42.11,7.079999999999998,3.456597222222222,11
42.12,7.07,3.4521739130434783,11
42.13,7.070000000000004,3.4537521815008723,11
42.14,7.069999999999997,3.4510489510489517,11
42.15,7.07,3.446584938704028,11
42.16,7.070000000000004,3.4481546572934967,11
42.17,7.059999999999999,3.4436619718309864,11
42.18,7.069999999999997,3.440917107583774,11
42.19,7.07,3.436395759717315,11
42.2,7.07,3.437943262411348,11
42.21,7.069999999999997,3.4351687388987573,11
42.22,7.07,3.4306049822064058,11
42.23,7.060000000000002,3.4339285714285723,11
42.24,7.059999999999999,3.429338103756709,11
42.25,7.059999999999999,3.424731182795699,11
42.26,7.059999999999995,3.428057553956835,11
42.27,7.059999999999995,3.4234234234234235,11
42.28,7.059999999999995,3.4205776173285205,11
42.29,7.059999999999995,3.4221014492753628,11
42.3,7.059999999999995,3.4192377495462805,11
42.31,7.059999999999995,3.4145454545454546,11
42.32,7.059999999999995,3.4178832116788325,11
42.33,7.049999999999997,3.4131627056672764,11
42.34,7.050000000000004,3.410256410256411,11
42.35,7.050000000000004,3.4117647058823533,11
42.36,7.049999999999997,3.408839779005526,11
42.37,7.049999999999997,3.4059040590405893,11
42.38,7.049999999999997,3.4074074074074083,11
42.39,7.049999999999997,3.404452690166975,11
42.4,7.049999999999997,3.3996282527881054,11
42.41,7.049999999999997,3.4029850746268644,11
42.42,7.039999999999999,3.4,11
42.43,7.040000000000003,3.3951310861423214,11
42.44,7.039999999999996,3.392120075046904,11
42.45,7.039999999999999,3.395480225988701,11
42.46,7.039999999999999,3.390566037735849,11
42.47,7.039999999999999,3.3875236294896034,11
42.48,7.039999999999992,3.3908918406072117,11
42.49,7.039999999999999,3.3878326996197705,11
42.5,7.039999999999992,3.382857142857144,11
42.51,7.030000000000001,3.3862332695984687,11
42.52,7.029999999999998,3.383141762452107,11
42.53,7.030000000000001,3.380038387715931,11
42.54,7.029999999999994,3.3834296724470136,11
42.55,7.030000000000001,3.3783783783783785,11
42.56,7.029999999999994,3.3752417794970992,11
42.57,7.029999999999994,3.37864077669903,11
42.58,7.019999999999996,3.3754863813229563,11
42.59,7.020000000000003,3.3723196881091613,11
42.6,7.020000000000003,3.37573385518591,11
42.61,7.019999999999996,3.372549019607844,11
42.62,7.019999999999996,3.3673870333988214,11
42.63,7.019999999999996,3.3641732283464574,11
42.64,7.019999999999996,3.3675889328063255,11
42.65,7.019999999999996,3.3643564356435633,11
42.66,7.019999999999996,3.3611111111111107,11
42.67,7.010000000000005,3.3645418326693233,11
42.68,7.009999999999998,3.3612774451097813,11
42.69,7.009999999999991,3.3580000000000014,11
42.7,7.009999999999998,3.361445783132529,11
42.71,7.009999999999998,3.358148893360161,11
42.72,7.009999999999998,3.3548387096774195,11
42.73,7.009999999999998,3.358299595141701,11
42.74,5.859999999999999,3.3549695740365126,11
42.75,6.040000000000006,3.3516260162601617,11
42.76,6.219999999999999,3.3571428571428577,11
42.77,6.390000000000001,3.353783231083846,11
42.78,6.569999999999993,3.3504098360655727,11
42.79,6.75,3.3470225872689934,11
42.8,6.930000000000007,3.350515463917526,11
42.81,6.989999999999995,3.3471074380165295,11
42.82,6.989999999999995,3.3436853002070404,11
42.83,6.980000000000004,3.3492723492723493,11
42.84,6.979999999999997,3.345833333333334,11
42.85,6.979999999999997,3.342379958246348,11
42.86,6.980000000000004,3.3459119496855334,11
42.87,6.980000000000004,3.342436974789915,11
42.88,6.979999999999997,3.341052631578948,11
42.89,6.980000000000004,3.3446088794925988,11
42.9,6.979999999999997,3.3411016949152534,11
42.91,6.969999999999999,3.3397027600849265,11
42.92,6.969999999999992,3.3361702127659587,11
42.93,6.970000000000006,3.339743589743589,11
42.94,6.959999999999994,3.3383297644539622,11
42.95,6.969999999999992,3.3347639484978555,11
42.96,6.969999999999999,3.3383620689655165,11
42.97,6.959999999999994,3.336933045356372,11
42.98,6.959999999999994,3.3333333333333344,11
42.99,6.960000000000008,3.3369565217391295,11
43.0,6.959999999999994,3.335511982570807,11
43.01,6.959999999999994,3.331877729257643,11
43.02,6.950000000000003,3.337719298245614,11
43.03,6.949999999999996,3.3340659340659347,11
43.04,6.950000000000003,3.3325991189427304,11
43.05,6.950000000000003,3.328918322295805,11
43.06,6.939999999999991,3.3348115299334826,11
43.07,6.940000000000005,3.33111111111111,11
43.08,6.939999999999998,3.3296213808463255,11
43.09,6.939999999999998,3.333333333333335,11
43.1,6.93,3.3318385650224216,11
43.11,6.939999999999998,3.32808988764045,11
43.12,6.930000000000007,3.334085778781038,11
43.13,6.939999999999998,3.3303167420814477,11
43.14,6.929999999999993,3.3287981859410447,11
43.15,6.930000000000007,3.324999999999999,11
43.16,6.93,3.3310502283105032,11
43.17,6.920000000000002,3.3295194508009147,11
43.18,6.93,3.3256880733944953,11
43.19,6.920000000000009,3.33179723502304,11
43.2,6.920000000000002,3.330254041570439,11
43.21,6.919999999999995,3.3263888888888897,11
43.22,6.920000000000002,3.3325581395348833,11
43.23,6.909999999999997,3.3310023310023325,11
43.24,6.920000000000002,3.3271028037383164,11
43.25,6.909999999999997,3.32552693208431,11
43.26,6.910000000000004,3.3317647058823523,11
43.27,6.899999999999999,3.3301886792452837,11
43.28,6.899999999999999,3.328605200945626,11
43.29,6.899999999999999,3.332541567695962,11
43.3,6.900000000000006,3.3309523809523798,11
43.31,6.899999999999999,3.329355608591886,11
43.32,6.890000000000001,3.3357314148681048,11
43.33,6.8899999999999935,3.3341346153846163,11
43.34,6.890000000000008,3.330120481927709,11
43.35,6.890000000000001,3.3285024154589378,11
43.36,6.890000000000008,3.3349514563106784,11
43.37,6.8799999999999955,3.333333333333334,11
43.38,6.880000000000003,3.33170731707317,11
43.39,6.8799999999999955,3.338235294117648,11
43.4,6.880000000000003,3.336609336609336,11
43.41,6.86999999999999,3.33497536945813,11
43.42,6.869999999999997,3.3333333333333335,11
43.43,6.8700000000000045,3.339950372208435,11
43.44,6.869999999999997,3.3383084577114435,11
43.45,6.8600000000000065,3.336658354114712,11
43.46,6.859999999999999,3.3433583959899758,11
43.47,6.859999999999999,3.341708542713567,11
43.48,6.859999999999992,3.3400503778337542,11
43.49,6.859999999999999,3.3383838383838382,11
43.5,6.849999999999994,3.345177664974621,11
43.51,6.850000000000001,3.3435114503816794,11
43.52,6.8500000000000085,3.341836734693876,11
43.53,6.849999999999994,3.3487179487179493,11
43.54,6.850000000000001,3.3470437017994845,11
43.55,6.849999999999994,3.345360824742269,11
43.56,6.850000000000001,3.352331606217616,11
43.57,6.840000000000003,3.3532467532467525,11
43.58,6.829999999999998,3.3515625000000013,11
43.59,6.829999999999998,3.3498694516971272,11
43.6,6.829999999999991,3.3569553805774293,11
43.61,6.829999999999998,3.355263157894737,11
43.62,6.830000000000005,3.353562005277043,11
43.63,6.819999999999993,3.363395225464193,11
43.64,6.82,3.3617021276595747,11
43.65,6.820000000000007,3.3599999999999985,11
43.66,6.82,3.3582887700534765,11
43.67,6.810000000000002,3.3682795698924735,11
43.68,6.810000000000002,3.366576819407007,11
43.69,6.809999999999995,3.3648648648648654,11
43.7,6.810000000000002,3.3750000000000004,11
43.71,6.810000000000002,3.3732970027247946,11
43.72,6.810000000000002,3.3715846994535528,11
43.73,6.799999999999997,3.372602739726028,11
43.74,6.799999999999997,3.3801652892561975,11
43.75,6.799999999999997,3.378453038674034,11
43.76,6.789999999999992,3.3795013850415523,11
43.77,6.790000000000006,3.377777777777777,11
43.78,6.790000000000006,3.3882681564245796,11
43.79,6.789999999999992,3.386554621848741,11
43.8,6.780000000000001,3.387640449438203,11
43.81,6.780000000000001,3.3954802259886994,11
43.82,6.780000000000001,3.3937677053824378,11
43.83,6.780000000000001,3.3948863636363646,11
43.84,6.780000000000001,3.393162393162392,11
43.85,6.77000000000001,3.40401146131805,11
43.86,6.769999999999996,3.402298850574714,11
43.87,6.769999999999996,3.4034582132564846,11
43.88,6.760000000000005,3.4144927536231884,11
43.89,6.760000000000005,3.412790697674417,11
43.9,6.75,3.413994169096208,11
43.91,6.760000000000005,3.4122807017543866,11
43.92,6.75,3.423529411764706,11
43.93,6.75,3.4218289085545703,11
43.94,6.75,3.423076923076921,11
43.95,6.739999999999995,3.4243323442136515,11
43.96,6.75,3.432835820895522,11
43.97,6.739999999999995,3.434131736526946,11
43.98,6.730000000000004,3.435435435435435,11
43.99,6.739999999999995,3.4441087613293067,11
44.0,6.72999999999999,3.445454545454547,11
44.01,6.72999999999999,3.446808510638299,11
44.02,6.730000000000004,3.4451219512195115,11
44.03,6.719999999999999,3.4570552147239253,11
44.04,6.719999999999999,3.458461538461537,11
44.05,6.710000000000008,3.4598765432098744,11
44.06,6.709999999999994,3.4613003095975254,11
44.07,6.709999999999994,3.470404984423676,11
44.08,6.709999999999994,3.471875,11
44.09,6.710000000000008,3.473354231974921,11
44.1,6.700000000000003,3.4858044164037847,11
44.11,6.700000000000003,3.4873417721518973,11
44.12,6.700000000000003,3.485714285714287,11
44.13,6.700000000000003,3.487261146496816,11
44.14,6.689999999999998,3.5000000000000004,11
44.15,6.689999999999998,3.501607717041801,11
44.16,6.689999999999998,3.5032258064516126,11
44.17,6.680000000000007,3.5048543689320386,11
44.18,6.680000000000007,3.5179153094462534,11
44.19,6.670000000000002,3.5196078431372535,11
44.2,6.670000000000002,3.5213114754098345,11
44.21,6.670000000000002,3.5230263157894717,11
44.22,6.659999999999997,3.5364238410596047,11
44.23,6.659999999999997,3.538205980066447,11
44.24,6.659999999999997,3.5400000000000014,11
44.25,6.659999999999997,3.5418060200668906,11
44.26,6.6499999999999915,3.5555555555555562,11
44.27,6.650000000000006,3.557432432432433,11
44.28,6.650000000000006,3.559322033898305,11
44.29,6.650000000000006,3.561224489795918,11
44.3,6.640000000000001,3.575342465753424,11
44.31,6.640000000000001,3.577319587628865,11
44.32,6.640000000000001,3.5793103448275847,11
44.33,6.640000000000001,3.5813148788927314,11
44.34,6.640000000000001,3.595818815331008,11
44.35,6.6299999999999955,3.5979020979021,11
44.36,6.6200000000000045,3.603508771929823,11
44.37,6.6200000000000045,3.6056338028168997,11
44.38,6.6200000000000045,3.6205673758865227,11
44.39,6.61999999999999,3.622775800711746,11
44.4,6.61999999999999,3.625000000000002,11
44.41,6.609999999999999,3.630824372759855,11
44.42,6.6000000000000085,3.6462093862815865,11
44.43,6.6000000000000085,3.648550724637679,11
44.44,6.599999999999994,3.650909090909093,11
44.45,6.590000000000003,3.656934306569341,11
44.46,6.590000000000003,3.6727941176470567,11
44.47,6.590000000000003,3.6752767527675254,11
44.48,6.589999999999989,3.6777777777777803,11
44.49,6.579999999999998,3.6840148698884745,11
44.5,6.579999999999998,3.7003745318352044,11
44.51,6.5800000000000125,3.70300751879699,11
44.52,6.570000000000007,3.7094339622641503,11
44.53,6.570000000000007,3.712121212121211,11
44.54,6.570000000000007,3.7290076335877846,11
44.55,6.560000000000002,3.735632183908046,11
44.56,6.560000000000002,3.738461538461538,11
44.57,6.560000000000002,3.7451737451737466,11
44.58,6.560000000000002,3.762645914396888,11
44.59,6.549999999999997,3.769531250000002,11
44.6,6.549999999999997,3.7725490196078453,11
44.61,6.549999999999997,3.7755905511811036,11
44.62,6.540000000000006,3.797619047619045,11
44.63,6.539999999999992,3.800796812749007,11
44.64,6.530000000000001,3.8079999999999985,11
44.65,6.540000000000006,3.8112449799196764,11
44.66,6.530000000000001,3.834008097165991,11
44.67,6.519999999999996,3.8414634146341475,11
44.68,6.519999999999996,3.844897959183674,11
44.69,6.509999999999991,3.852459016393445,11
44.7,6.519999999999996,3.855967078189302,11
44.71,6.510000000000005,3.8796680497925284,11
44.72,6.510000000000005,3.8833333333333306,11
44.73,6.5,3.8912133891213374,11
44.74,6.5,3.899159663865547,11
44.75,6.5,3.919491525423729,11
44.76,6.489999999999995,3.9276595744680867,11
44.77,6.480000000000004,3.9358974358974335,11
44.78,6.489999999999995,3.9399141630901315,11
44.79,6.480000000000004,3.9482758620689644,11
44.8,6.469999999999999,3.9739130434782615,11
44.81,6.480000000000004,3.9781659388646284,11
44.82,6.469999999999999,3.9868421052631597,11
44.83,6.470000000000013,3.9955947136563847,11
44.84,6.460000000000008,4.022222222222221,11
44.85,6.460000000000008,4.026785714285712,11
44.86,6.459999999999994,4.0358744394618835,11
44.87,6.450000000000003,4.045045045045047,11
44.88,6.450000000000003,4.054298642533934,11
44.89,6.449999999999989,4.0776255707762585,11
44.9,6.439999999999998,4.0871559633027505,11
44.91,6.439999999999998,4.096774193548388,11
44.92,6.429999999999993,4.106481481481484,11
44.93,6.430000000000007,4.135514018691586,11
44.94,6.420000000000002,4.145539906103286,11
44.95,6.420000000000002,4.155660377358491,11
44.96,6.420000000000002,4.161137440758295,11
44.97,6.420000000000002,4.1714285714285735,11
44.98,6.410000000000011,4.201923076923074,11
44.99,6.409999999999997,4.21256038647343,11
