vehicle_id,msg_seq,tx_t_s,rx_t_s,rx_ok,msg_type,tx_id,rx_id,cam_gdt_ms,pkt_uid
veh4,50046,0.219323,,0,CAM,4,,50046,-1
veh4,51812,0.419323,,0,CAM,4,,51812,-1
veh4,51978,0.619323,,0,CAM,4,,51978,-1
veh4,52150,0.819323,,0,CAM,4,,52150,-1
veh4,52344,1.01932,,0,CAM,4,,52344,-1
veh4,52566,1.21932,,0,CAM,4,,52566,-1
veh4,52896,1.41932,,0,CAM,4,,52896,-1
veh4,53139,1.61932,,0,CAM,4,,53139,-1
veh4,53395,1.81932,,0,CAM,4,,53395,-1
veh4,53655,2.01932,,0,CAM,4,,53655,-1
veh4,54023,2.21932,,0,CAM,4,,54023,-1
veh4,54290,2.41932,,0,CAM,4,,54290,-1
veh4,54589,2.61932,,0,CAM,4,,54589,-1
veh4,54997,2.81932,,0,CAM,4,,54997,-1
veh4,55298,3.01932,,0,CAM,4,,55298,-1
veh4,55603,3.21932,,0,CAM,4,,55603,-1
veh4,56013,3.41932,,0,CAM,4,,56013,-1
veh4,56324,3.61932,,0,CAM,4,,56324,-1
veh4,56645,3.81932,,0,CAM,4,,56645,-1
veh4,56904,3.91932,,0,CAM,4,,56904,-1
veh4,57067,4.01932,,0,CAM,4,,57067,-1
veh4,57223,4.11932,,0,CAM,4,,57223,-1
veh4,57387,4.21932,,0,CAM,4,,57387,-1
veh4,57711,4.41932,,0,CAM,4,,57711,-1
veh4,58131,4.61932,,0,CAM,4,,58131,-1
veh4,58447,4.81932,,0,CAM,4,,58447,-1
veh4,59018,5.11932,,0,CAM,4,,59018,-1
veh4,59485,5.41932,,0,CAM,4,,59485,-1
veh4,60033,5.71932,,0,CAM,4,,60033,-1
veh4,60350,5.91932,,0,CAM,4,,60350,-1
veh4,60501,6.01932,,0,CAM,4,,60501,-1
veh4,60652,6.11932,,0,CAM,4,,60652,-1
veh4,60814,6.21932,,0,CAM,4,,60814,-1
veh4,61064,6.31932,,0,CAM,4,,61064,-1
veh4,61357,6.51932,,0,CAM,4,,61357,-1
veh4,61815,6.81932,,0,CAM,4,,61815,-1
veh4,62372,7.11932,,0,CAM,4,,62372,-1
veh4,62839,7.41932,,0,CAM,4,,62839,-1
veh4,63378,7.71932,,0,CAM,4,,63378,-1
veh4,63909,8.01932,,0,CAM,4,,63909,-1
veh4,64440,8.31932,,0,CAM,4,,64440,-1
veh4,64873,8.61932,,0,CAM,4,,64873,-1
veh4,65388,8.91932,,0,CAM,4,,65388,-1
veh4,275,9.21932,,0,CAM,4,,275,-1
veh4,794,9.51932,,0,CAM,4,,794,-1
veh4,1205,9.81932,,0,CAM,4,,1205,-1
veh4,699539166804,,10.0101,0,CPM_DROP_PHY,10,4,699539166804,1375
veh4,699539166838,,10.0316,0,CPM_DROP_PHY,5,4,699539166838,1381
veh4,1654,,10.0446,1,CAM,7,4,1654,-1
veh4,1677,,10.0546,0,CAM_DROP_PHY,9,4,1677,1404
veh4,1763,,10.0901,0,CAM_DROP_PHY,10,4,1763,1448
veh4,1793,,10.0986,1,CAM,2,4,1793,-1
veh4,1804,,10.1026,0,CAM_DROP_PHY,11,4,1804,1474
veh4,1899,,10.1116,0,CAM_DROP_PHY,5,4,1899,1495
veh4,1888,,10.1136,0,CAM_DROP_PHY,12,4,1888,1478
veh4,1928,10.1193,,0,CAM,4,,1928,-1
veh4,1960,,10.1416,1,CAM,3,4,1960,-1
veh4,1946,,10.1491,1,CAM,8,4,1946,-1
veh4,2001,,10.1546,0,CAM_DROP_PHY,9,4,2001,1586
veh4,2008,,10.1638,1,CAM,6,4,2008,-1
veh4,699539167384,,10.1891,0,CPM_DROP_PHY,8,4,699539167384,1655
veh4,2077,,10.1986,1,CAM,2,4,2077,-1
veh4,2083,,10.2026,1,CAM,11,4,2083,-1
veh4,699539167521,,10.2316,0,CPM_DROP_PHY,5,4,699539167521,1708
veh4,699539167541,,10.2416,0,CPM_DROP_PHY,3,4,699539167541,1728
veh4,699539167544,,10.2491,0,CPM_DROP_PHY,7,4,699539167544,1729
veh4,2238,,10.2491,1,CAM,7,4,2238,-1
veh4,699539167588,,10.2638,0,CPM_DROP_PHY,6,4,699539167588,1767
veh4,2303,,10.2901,0,CAM_DROP_PHY,10,4,2303,1797
veh4,2323,,10.2986,1,CAM,2,4,2323,-1
veh4,2328,,10.3026,0,CAM_DROP_PHY,11,4,2328,1817
veh4,699539167747,,10.3101,0,CPM_DROP_PHY,10,4,699539167747,1840
veh4,2423,,10.3116,0,CAM_DROP_PHY,5,4,2423,1839
veh4,2449,10.3193,,0,CAM,4,,2449,-1
veh4,699539167776,,10.3316,0,CPM_DROP_PHY,5,4,699539167776,1870
veh4,2465,,10.3491,1,CAM,8,4,2465,-1
veh4,699539167823,,10.3536,0,CPM_DROP_PHY,12,4,699539167823,1921
veh4,2499,,10.3546,0,CAM_DROP_PHY,9,4,2499,1919
veh4,2506,,10.3638,0,CAM_DROP_PHY,6,4,2506,1922
veh4,699539167979,,10.3891,0,CPM_DROP_PHY,8,4,699539167979,1977
veh4,2672,,10.3986,0,CAM_DROP_PHY,2,4,2672,1987
veh4,699539167988,,10.4026,0,CPM_DROP_PHY,11,4,699539167988,1985
veh4,2679,,10.4026,1,CAM,11,4,2679,-1
veh4,2766,,10.4136,0,CAM_DROP_PHY,12,4,2766,1994
veh4,2823,,10.4416,0,CAM_DROP_PHY,3,4,2823,2049
veh4,699539168147,,10.4416,0,CPM_DROP_PHY,3,4,699539168147,2049
veh4,699539168150,,10.4491,0,CPM_DROP_PHY,7,4,699539168150,2052
veh4,2842,,10.4491,0,CAM_DROP_PHY,7,4,2842,2052
veh4,2898,,10.4901,0,CAM_DROP_PHY,10,4,2898,2107
veh4,2916,,10.4986,1,CAM,2,4,2916,-1
veh4,2922,,10.5026,0,CAM_DROP_PHY,11,4,2922,2124
veh4,699539168340,,10.5101,0,CPM_DROP_PHY,10,4,699539168340,2147
veh4,3017,,10.5116,0,CAM_DROP_PHY,5,4,3017,2146
veh4,3038,10.5193,,0,CAM,4,,3038,-1
veh4,699539168384,,10.5416,0,CPM_DROP_PHY,3,4,699539168384,2200
veh4,3054,,10.5491,0,CAM_DROP_PHY,8,4,3054,2193
veh4,3095,,10.5546,1,CAM,9,4,3095,-1
veh4,3103,,10.5638,0,CAM_DROP_PHY,6,4,3103,2234
veh4,699539168437,,10.5838,0,CPM_DROP_PHY,6,4,699539168437,2234
veh4,699539168482,,10.5891,0,CPM_DROP_PHY,8,4,699539168482,2301
veh4,3176,,10.5986,0,CAM_DROP_PHY,2,4,3176,2317
veh4,3182,,10.6026,0,CAM_DROP_PHY,11,4,3182,2314
veh4,699539168602,,10.6101,0,CPM_DROP_PHY,10,4,699539168602,2339
veh4,3268,,10.6136,0,CAM_DROP_PHY,12,4,3268,2324
veh4,699539168643,,10.6446,0,CPM_DROP_PHY,7,4,699539168643,2380
veh4,699539168671,,10.6638,0,CPM_DROP_PHY,6,4,699539168671,2405
veh4,699539168674,,10.6746,0,CPM_DROP_PHY,9,4,699539168674,2406
veh4,3390,,10.6901,0,CAM_DROP_PHY,10,4,3390,2433
veh4,3408,,10.6986,0,CAM_DROP_PHY,2,4,3408,2454
veh4,3415,,10.7026,0,CAM_DROP_PHY,11,4,3415,2458
veh4,3512,,10.7116,1,CAM,5,4,3512,-1
veh4,3504,,10.7136,0,CAM_DROP_PHY,12,4,3504,2460
veh4,3539,10.7193,,0,CAM,4,,3539,-1
veh4,3565,,10.7416,0,CAM_DROP_PHY,3,4,3565,2534
veh4,699539168889,,10.7416,0,CPM_DROP_PHY,3,4,699539168889,2534
veh4,3556,,10.7491,0,CAM_DROP_PHY,8,4,3556,2528
veh4,699539169021,,10.7536,0,CPM_DROP_PHY,12,4,699539169021,2564
veh4,3697,,10.7546,1,CAM,9,4,3697,-1
veh4,699539168892,,10.7548,0,CPM_DROP_PHY,7,4,699539168892,2538
veh4,3705,,10.7638,1,CAM,6,4,3705,-1
veh4,3686,,10.7748,0,CAM_DROP_PHY,7,4,3686,2538
veh4,3772,,10.7986,0,CAM_DROP_PHY,2,4,3772,2643
veh4,3777,,10.8026,0,CAM_DROP_PHY,11,4,3777,2640
veh4,3863,,10.8136,0,CAM_DROP_PHY,12,4,3863,2648
veh4,699539169212,,10.8316,0,CPM_DROP_PHY,5,4,699539169212,2681
veh4,699539169263,,10.8638,0,CPM_DROP_PHY,6,4,699539169263,2730
veh4,699539169309,,10.8891,0,CPM_DROP_PHY,8,4,699539169309,2772
veh4,3980,,10.8901,0,CAM_DROP_PHY,10,4,3980,2761
veh4,4003,,10.8986,0,CAM_DROP_PHY,2,4,4003,2785
veh4,4009,,10.8996,1,CAM,11,4,4009,-1
veh4,4097,,10.9136,1,CAM,12,4,4097,-1
veh4,699539169435,,10.9186,0,CPM_DROP_PHY,2,4,699539169435,2821
veh4,4127,10.9193,,0,CAM,4,,4127,-1
veh4,4106,,10.9238,1,CAM,5,4,4106,-1
veh4,699539169453,,10.9238,0,CPM_DROP_PHY,5,4,699539169453,2813
veh4,699539169474,,10.9416,0,CPM_DROP_PHY,3,4,699539169474,2868
veh4,4148,,10.9491,1,CAM,8,4,4148,-1
veh4,4177,,10.9546,0,CAM_DROP_PHY,9,4,4177,2889
veh4,699539169477,,10.9548,0,CPM_DROP_PHY,7,4,699539169477,2869
veh4,4183,,10.9638,0,CAM_DROP_PHY,6,4,4183,2892
veh4,699539169521,,10.9838,0,CPM_DROP_PHY,6,4,699539169521,2892
veh4,699539169567,,10.9891,0,CPM_DROP_PHY,8,4,699539169567,2959
veh4,4260,,10.9986,0,CAM_DROP_PHY,2,4,4260,2973
veh4,4265,,10.9996,0,CAM_DROP_PHY,11,4,4265,2977
veh4,699539169686,,11.0101,0,CPM_DROP_PHY,10,4,699539169686,2997
veh4,4358,,11.0128,0,CAM_DROP_PHY,12,4,4358,2984
veh4,4412,,11.0416,0,CAM_DROP_PHY,3,4,4412,3045
veh4,699539169736,,11.0416,0,CPM_DROP_PHY,3,4,699539169736,3045
veh4,699539169739,,11.0548,0,CPM_DROP_PHY,7,4,699539169739,3049
veh4,4432,,11.0548,0,CAM_DROP_PHY,7,4,4432,3049
veh4,699539169777,,11.0746,0,CPM_DROP_PHY,9,4,699539169777,3077
veh4,4482,,11.0901,0,CAM_DROP_PHY,10,4,4482,3102
veh4,4502,,11.0996,1,CAM,11,4,4502,-1
veh4,699539170025,,11.1101,0,CPM_DROP_PHY,10,4,699539170025,3136
veh4,4694,,11.1128,0,CAM_DROP_PHY,12,4,4694,3127
veh4,4725,11.1193,,0,CAM,4,,4725,-1
veh4,4701,,11.1238,0,CAM_DROP_PHY,5,4,4701,3135
veh4,699539170051,,11.1238,0,CPM_DROP_PHY,5,4,699539170051,3135
veh4,4748,,11.1491,0,CAM_DROP_PHY,8,4,4748,3183
veh4,699539170107,,11.1528,0,CPM_DROP_PHY,12,4,699539170107,3213
veh4,4783,,11.1546,1,CAM,9,4,4783,-1
veh4,4790,,11.1638,0,CAM_DROP_PHY,6,4,4790,3216
veh4,4856,,11.1986,1,CAM,2,4,4856,-1
veh4,4862,,11.1996,0,CAM_DROP_PHY,11,4,4862,3290
veh4,699539170306,,11.2238,0,CPM_DROP_PHY,5,4,699539170306,3326
veh4,699539170284,,11.2276,0,CPM_DROP_PHY,10,4,699539170284,3312
veh4,699539170332,,11.2461,0,CPM_DROP_PHY,3,4,699539170332,3350
veh4,699539170334,,11.2538,0,CPM_DROP_PHY,7,4,699539170334,3351
veh4,5094,,11.2876,0,CAM_DROP_PHY,10,4,5094,3419
veh4,5201,,11.3128,1,CAM,12,4,5201,-1
veh4,5228,11.3193,,0,CAM,4,,5228,-1
veh4,5207,,11.3238,1,CAM,5,4,5207,-1
veh4,5255,,11.3461,0,CAM_DROP_PHY,3,4,5255,3497
veh4,5250,,11.3491,0,CAM_DROP_PHY,8,4,5250,3490
veh4,699539170584,,11.3538,0,CPM_DROP_PHY,7,4,699539170584,3500
veh4,5292,,11.3546,0,CAM_DROP_PHY,9,4,5292,3529
veh4,5300,,11.3566,1,CAM,6,4,5300,-1
veh4,5272,,11.3738,0,CAM_DROP_PHY,7,4,5272,3500
veh4,5375,,11.3996,0,CAM_DROP_PHY,11,4,5375,3617
veh4,699539170680,,11.4046,0,CPM_DROP_PHY,8,4,699539170680,3611
veh4,699539170797,,11.4276,0,CPM_DROP_PHY,10,4,699539170797,3637
veh4,699539170802,,11.4293,0,CPM_DROP_PHY,2,4,699539170802,3641
veh4,5578,,11.4876,1,CAM,10,4,5578,-1
veh4,5593,,11.5093,0,CAM_DROP_PHY,2,4,5593,3746
veh4,5806,11.5193,,0,CAM,4,,5806,-1
veh4,5789,,11.5238,1,CAM,5,4,5789,-1
veh4,5840,,11.5446,0,CAM_DROP_PHY,8,4,5840,3791
veh4,5885,,11.5566,1,CAM,6,4,5885,-1
veh4,5880,,11.5688,0,CAM_DROP_PHY,9,4,5880,3835
veh4,5945,,11.5996,1,CAM,11,4,5945,-1
veh4,6038,,11.6128,1,CAM,12,4,6038,-1
veh4,699539171380,,11.6238,0,CPM_DROP_PHY,5,4,699539171380,3921
veh4,6084,,11.6461,0,CAM_DROP_PHY,3,4,6084,3946
veh4,699539171411,,11.6538,0,CPM_DROP_PHY,7,4,699539171411,3949
veh4,6098,,11.6538,1,CAM,7,4,6098,-1
veh4,6161,,11.6876,1,CAM,10,4,6161,-1
veh4,6305,11.7193,,0,CAM,4,,6305,-1
veh4,6289,,11.7238,1,CAM,5,4,6289,-1
veh4,699539171613,,11.7276,0,CPM_DROP_PHY,10,4,699539171613,4051
veh4,6336,,11.7446,1,CAM,8,4,6336,-1
veh4,699539171663,,11.7461,0,CPM_DROP_PHY,3,4,699539171663,4093
veh4,699539171693,,11.7528,0,CPM_DROP_PHY,12,4,699539171693,4123
veh4,6376,,11.7566,1,CAM,6,4,6376,-1
veh4,6369,,11.7688,0,CAM_DROP_PHY,9,4,6369,4122
veh4,6427,,11.7876,0,CAM_DROP_PHY,10,4,6427,4177
veh4,699539171870,,11.8331,0,CPM_DROP_PHY,10,4,699539171870,4219
veh4,6661,,11.8931,0,CAM_DROP_PHY,10,4,6661,4311
veh4,6680,,11.9093,1,CAM,2,4,6680,-1
veh4,6881,,11.9128,1,CAM,12,4,6881,-1
veh4,6910,11.9193,,0,CAM,4,,6910,-1
veh4,6887,,11.9238,1,CAM,5,4,6887,-1
veh4,699539172237,,11.9438,0,CPM_DROP_PHY,5,4,699539172237,4348
veh4,6933,,11.9446,0,CAM_DROP_PHY,8,4,6933,4401
veh4,6938,,11.9461,0,CAM_DROP_PHY,3,4,6938,4409
veh4,699539172262,,11.9461,0,CPM_DROP_PHY,3,4,699539172262,4409
veh4,699539172265,,11.9538,0,CPM_DROP_PHY,7,4,699539172265,4412
veh4,6985,,11.9566,1,CAM,6,4,6985,-1
veh4,6977,,11.9688,1,CAM,9,4,6977,-1
veh4,6953,,11.9738,1,CAM,7,4,6953,-1
veh4,7029,,11.9931,0,CAM_DROP_PHY,10,4,7029,4497
veh4,7055,,11.9996,1,CAM,11,4,7055,-1
veh4,699539172478,,12.0131,0,CPM_DROP_PHY,10,4,699539172478,4540
veh4,699539172506,,12.0461,0,CPM_DROP_PHY,3,4,699539172506,4567
veh4,699539172540,,12.0528,0,CPM_DROP_PHY,12,4,699539172540,4585
veh4,699539172559,,12.0688,0,CPM_DROP_PHY,9,4,699539172559,4607
veh4,7261,,12.0931,0,CAM_DROP_PHY,10,4,7261,4629
veh4,7393,12.1193,,0,CAM,4,,7393,-1
veh4,7374,,12.1193,0,CAM_DROP_PHY,5,4,7374,4654
veh4,7414,,12.1446,1,CAM,8,4,7414,-1
veh4,699539172780,,12.1528,0,CPM_DROP_PHY,12,4,699539172780,4726
veh4,7463,,12.1566,0,CAM_DROP_PHY,6,4,7463,4729
veh4,7456,,12.1688,0,CAM_DROP_PHY,9,4,7456,4725
veh4,699539172802,,12.1766,0,CPM_DROP_PHY,6,4,699539172802,4754
veh4,7511,,12.1931,1,CAM,10,4,7511,-1
veh4,7630,,12.2128,0,CAM_DROP_PHY,12,4,7630,4817
veh4,699539172960,,12.2131,0,CPM_DROP_PHY,10,4,699539172960,4826
veh4,699539172965,,12.2268,0,CPM_DROP_PHY,2,4,699539172965,4829
veh4,699539172997,,12.2461,0,CPM_DROP_PHY,3,4,699539172997,4866
veh4,699539172999,,12.2538,0,CPM_DROP_PHY,7,4,699539172999,4867
veh4,7693,,12.2538,1,CAM,7,4,7693,-1
veh4,699539173031,,12.2716,0,CPM_DROP_PHY,12,4,699539173031,4889
veh4,699539173043,,12.2766,0,CPM_DROP_PHY,6,4,699539173043,4907
veh4,7755,,12.2931,0,CAM_DROP_PHY,10,4,7755,4935
veh4,7772,,12.3068,0,CAM_DROP_PHY,2,4,7772,4955
veh4,8000,12.3193,,0,CAM,4,,8000,-1
veh4,7980,,12.3193,0,CAM_DROP_PHY,5,4,7980,4968
veh4,699539173308,,12.3268,0,CPM_DROP_PHY,2,4,699539173308,4971
veh4,8021,,12.3446,0,CAM_DROP_PHY,8,4,8021,5010
veh4,8026,,12.3461,1,CAM,3,4,8026,-1
veh4,699539173350,,12.3461,0,CPM_DROP_PHY,3,4,699539173350,5018
veh4,8070,,12.3566,1,CAM,6,4,8070,-1
veh4,8063,,12.3688,0,CAM_DROP_PHY,9,4,8063,5045
veh4,8110,,12.3931,0,CAM_DROP_PHY,10,4,8110,5100
veh4,8223,,12.4116,1,CAM,12,4,8223,-1
veh4,699539173443,,12.4128,0,CPM_DROP_PHY,11,4,699539173443,5114
veh4,699539173549,,12.4131,0,CPM_DROP_PHY,10,4,699539173549,5127
veh4,8340,,12.4931,1,CAM,10,4,8340,-1
veh4,8456,,12.5116,1,CAM,12,4,8456,-1
veh4,8358,,12.5128,0,CAM_DROP_PHY,11,4,8358,5241
veh4,699539173785,,12.5131,0,CPM_DROP_PHY,10,4,699539173785,5256
veh4,8487,12.5193,,0,CAM,4,,8487,-1
veh4,8462,,12.5193,0,CAM_DROP_PHY,5,4,8462,5255
veh4,8505,,12.5408,1,CAM,8,4,8505,-1
veh4,699539173834,,12.5523,0,CPM_DROP_PHY,7,4,699539173834,5308
veh4,8562,,12.5566,0,CAM_DROP_PHY,6,4,8562,5353
veh4,8555,,12.5688,0,CAM_DROP_PHY,9,4,8555,5345
veh4,699539173878,,12.5716,0,CPM_DROP_PHY,12,4,699539173878,5349
veh4,8541,,12.5723,1,CAM,7,4,8541,-1
veh4,8616,,12.5836,1,CAM,10,4,8616,-1
veh4,8751,,12.6116,0,CAM_DROP_PHY,12,4,8751,5448
veh4,699539173959,,12.6128,0,CPM_DROP_PHY,11,4,699539173959,5436
veh4,699539174077,,12.6236,0,CPM_DROP_PHY,10,4,699539174077,5453
veh4,8867,,12.6836,1,CAM,10,4,8867,-1
veh4,8988,,12.7056,1,CAM,2,4,8988,-1
veh4,9098,,12.7116,0,CAM_DROP_PHY,12,4,9098,5575
veh4,699539174303,,12.7128,0,CPM_DROP_PHY,11,4,699539174303,5566
veh4,9127,12.7193,,0,CAM,4,,9127,-1
veh4,9106,,12.7193,0,CAM_DROP_PHY,5,4,9106,5582
veh4,9155,,12.7388,0,CAM_DROP_PHY,3,4,9155,5642
veh4,699539174478,,12.7388,0,CPM_DROP_PHY,3,4,699539174478,5642
veh4,699539174454,,12.7393,0,CPM_DROP_PHY,5,4,699539174454,5617
veh4,9149,,12.7408,0,CAM_DROP_PHY,8,4,9149,5634
veh4,9189,,12.7513,0,CAM_DROP_PHY,9,4,9189,5679
veh4,9194,,12.7691,0,CAM_DROP_PHY,6,4,9194,5690
veh4,9229,,12.7836,0,CAM_DROP_PHY,10,4,9229,5726
veh4,9348,,12.8116,1,CAM,12,4,9348,-1
veh4,699539174675,,12.8236,0,CPM_DROP_PHY,10,4,699539174675,5750
veh4,699539174680,,12.8256,0,CPM_DROP_PHY,2,4,699539174680,5752
veh4,699539174721,,12.8388,0,CPM_DROP_PHY,3,4,699539174721,5794
veh4,9430,,12.8466,0,CAM_DROP_PHY,7,4,9430,5795
veh4,9473,,12.8836,0,CAM_DROP_PHY,10,4,9473,5846
veh4,9594,,12.9116,0,CAM_DROP_PHY,12,4,9594,5866
veh4,9617,12.9193,,0,CAM,4,,9617,-1
veh4,9599,,12.9193,0,CAM_DROP_PHY,5,4,9599,5870
veh4,699539174928,,12.9256,0,CPM_DROP_PHY,2,4,699539174928,5873
veh4,699539174968,,12.9388,0,CPM_DROP_PHY,3,4,699539174968,5915
veh4,9641,,12.9408,0,CAM_DROP_PHY,8,4,9641,5907
veh4,699539174971,,12.9466,0,CPM_DROP_PHY,7,4,699539174971,5916
veh4,9688,,12.9513,1,CAM,9,4,9688,-1
veh4,9696,,12.9691,1,CAM,6,4,9696,-1
veh4,9742,,12.9836,0,CAM_DROP_PHY,10,4,9742,6008
veh4,699539175071,,13.0008,0,CPM_DROP_PHY,8,4,699539175071,6019
veh4,9762,,13.0091,1,CAM,11,4,9762,-1
veh4,9864,,13.0116,1,CAM,12,4,9864,-1
veh4,699539175198,,13.0256,0,CPM_DROP_PHY,2,4,699539175198,6050
veh4,699539176023,,13.0466,0,CPM_DROP_PHY,7,4,699539176023,6091
veh4,699539176073,,13.0713,0,CPM_DROP_PHY,9,4,699539176073,6131
veh4,10803,,13.1056,1,CAM,2,4,10803,-1
veh4,11005,,13.1116,1,CAM,12,4,11005,-1
veh4,11014,,13.1168,0,CAM_DROP_PHY,5,4,11014,6193
veh4,11033,13.1193,,0,CAM,4,,11033,-1
veh4,11062,,13.1388,0,CAM_DROP_PHY,3,4,11062,6241
veh4,11058,,13.1398,1,CAM,8,4,11058,-1
veh4,11089,,13.1466,0,CAM_DROP_PHY,7,4,11089,6244
veh4,11108,,13.1513,0,CAM_DROP_PHY,9,4,11108,6284
veh4,11115,,13.1691,0,CAM_DROP_PHY,6,4,11115,6292
veh4,11292,,13.2116,0,CAM_DROP_PHY,12,4,11292,6371
veh4,699539176625,,13.2256,0,CPM_DROP_PHY,2,4,699539176625,6381
veh4,699539176338,,13.2258,0,CPM_DROP_PHY,10,4,699539176338,6194
veh4,11171,,13.2258,1,CAM,10,4,11171,-1
veh4,699539176638,,13.2368,0,CPM_DROP_PHY,5,4,699539176638,6398
veh4,699539176656,,13.2388,0,CPM_DROP_PHY,3,4,699539176656,6418
veh4,11399,,13.2858,0,CAM_DROP_PHY,10,4,11399,6469
veh4,11525,,13.3116,0,CAM_DROP_PHY,12,4,11525,6489
veh4,11558,,13.3398,1,CAM,8,4,11558,-1
veh4,11605,,13.3513,0,CAM_DROP_PHY,9,4,11605,6554
veh4,699539176981,,13.3998,0,CPM_DROP_PHY,8,4,699539176981,6618
veh4,11674,,13.4091,0,CAM_DROP_PHY,11,4,11674,6632
veh4,11792,,13.4116,0,CAM_DROP_PHY,12,4,11792,6637
veh4,11797,,13.4168,0,CAM_DROP_PHY,5,4,11797,6641
veh4,11814,13.4193,,0,CAM,4,,11814,-1
veh4,699539177140,,13.4368,0,CPM_DROP_PHY,5,4,699539177140,6672
veh4,699539177154,,13.4466,0,CPM_DROP_PHY,7,4,699539177154,6685
veh4,11848,,13.4466,0,CAM_DROP_PHY,7,4,11848,6685
veh4,11876,,13.4691,0,CAM_DROP_PHY,6,4,11876,6719
veh4,699539177357,,13.4998,0,CPM_DROP_PHY,8,4,699539177357,6776
veh4,12167,,13.5023,0,CAM_DROP_PHY,12,4,12167,6798
veh4,12048,,13.5056,0,CAM_DROP_PHY,2,4,12048,6793
veh4,699539177503,,13.5256,0,CPM_DROP_PHY,2,4,699539177503,6817
veh4,12209,,13.5398,1,CAM,8,4,12209,-1
veh4,12214,,13.5508,0,CAM_DROP_PHY,3,4,12214,6850
veh4,699539177538,,13.5508,0,CPM_DROP_PHY,3,4,699539177538,6850
veh4,12250,,13.5613,0,CAM_DROP_PHY,9,4,12250,6881
veh4,699539177578,,13.5623,0,CPM_DROP_PHY,12,4,699539177578,6884
veh4,699539177590,,13.5691,0,CPM_DROP_PHY,6,4,699539177590,6900
veh4,699539177634,,13.5998,0,CPM_DROP_PHY,8,4,699539177634,6945
veh4,12442,,13.6023,1,CAM,12,4,12442,-1
veh4,699539177640,,13.6091,0,CPM_DROP_PHY,11,4,699539177640,6951
veh4,12326,,13.6091,0,CAM_DROP_PHY,11,4,12326,6951
veh4,699539177794,,13.6368,0,CPM_DROP_PHY,5,4,699539177794,6995
veh4,699539177857,,13.6691,0,CPM_DROP_PHY,6,4,699539177857,7048
veh4,12560,,13.6858,0,CAM_DROP_PHY,10,4,12560,7069
veh4,12694,,13.7023,0,CAM_DROP_PHY,12,4,12694,7090
veh4,12701,,13.7168,0,CAM_DROP_PHY,5,4,12701,7097
veh4,12717,13.7193,,0,CAM,4,,12717,-1
veh4,12761,,13.7508,1,CAM,7,4,12761,-1
veh4,699539178062,,13.7508,0,CPM_DROP_PHY,3,4,699539178062,7141
veh4,12773,,13.7613,1,CAM,9,4,12773,-1
veh4,699539178105,,13.7623,0,CPM_DROP_PHY,12,4,699539178105,7175
veh4,12789,,13.7691,1,CAM,6,4,12789,-1
veh4,699539178156,,13.7998,0,CPM_DROP_PHY,8,4,699539178156,7234
veh4,13073,,13.8023,0,CAM_DROP_PHY,12,4,13073,7247
veh4,12846,,13.8076,0,CAM_DROP_PHY,11,4,12846,7242
veh4,699539178406,,13.8223,0,CPM_DROP_PHY,2,4,699539178406,7264
veh4,699539178402,,13.8258,0,CPM_DROP_PHY,10,4,699539178402,7260
veh4,13116,,13.8398,1,CAM,8,4,13116,-1
veh4,699539178445,,13.8508,0,CPM_DROP_PHY,7,4,699539178445,7304
veh4,699539178442,,13.8508,0,CPM_DROP_PHY,3,4,699539178442,7303
veh4,699539178489,,13.8813,0,CPM_DROP_PHY,9,4,699539178489,7348
veh4,699539178667,,13.9223,0,CPM_DROP_PHY,2,4,699539178667,7394
veh4,699539178680,,13.9368,0,CPM_DROP_PHY,5,4,699539178680,7403
veh4,699539178703,,13.9508,0,CPM_DROP_PHY,7,4,699539178703,7424
veh4,13375,,13.9508,0,CAM_DROP_PHY,3,4,13375,7420
veh4,13402,,13.9613,0,CAM_DROP_PHY,9,4,13402,7445
veh4,699539178739,,13.9691,0,CPM_DROP_PHY,6,4,699539178739,7460
veh4,699539178743,,13.9813,0,CPM_DROP_PHY,9,4,699539178743,7467
veh4,13624,,14.0023,1,CAM,12,4,13624,-1
veh4,13480,,14.0023,1,CAM,2,4,13480,-1
veh4,13484,,14.0076,0,CAM_DROP_PHY,11,4,13484,7517
veh4,13633,,14.0168,0,CAM_DROP_PHY,5,4,13633,7535
veh4,13654,14.0193,,0,CAM,4,,13654,-1
veh4,699539178984,,14.0368,0,CPM_DROP_PHY,5,4,699539178984,7568
veh4,13700,,14.0508,0,CAM_DROP_PHY,7,4,13700,7595
veh4,699539179003,,14.0508,0,CPM_DROP_PHY,3,4,699539179003,7594
veh4,13724,,14.0691,0,CAM_DROP_PHY,6,4,13724,7623
veh4,13756,,14.0858,1,CAM,10,4,13756,-1
veh4,699539179240,,14.1223,0,CPM_DROP_PHY,2,4,699539179240,7690
veh4,13947,,14.1398,0,CAM_DROP_PHY,8,4,13947,7710
veh4,699539179274,,14.1508,0,CPM_DROP_PHY,3,4,699539179274,7719
veh4,14084,,14.1613,1,CAM,9,4,14084,-1
veh4,699539179429,,14.1778,0,CPM_DROP_PHY,6,4,699539179429,7764
veh4,699539179465,,14.1998,0,CPM_DROP_PHY,8,4,699539179465,7809
veh4,14300,,14.2023,1,CAM,12,4,14300,-1
veh4,14156,,14.2076,1,CAM,11,4,14156,-1
veh4,699539179668,,14.2508,0,CPM_DROP_PHY,7,4,699539179668,7878
veh4,699539179665,,14.2508,0,CPM_DROP_PHY,3,4,699539179665,7877
veh4,699539179703,,14.2778,0,CPM_DROP_PHY,6,4,699539179703,7912
veh4,699539179711,,14.2813,0,CPM_DROP_PHY,9,4,699539179711,7919
veh4,14581,,14.3186,1,CAM,5,4,14581,-1
veh4,14602,14.3193,,0,CAM,4,,14602,-1
veh4,699539179932,,14.3386,0,CPM_DROP_PHY,5,4,699539179932,7987
veh4,699539179951,,14.3508,0,CPM_DROP_PHY,7,4,699539179951,8011
veh4,14648,,14.3508,1,CAM,7,4,14648,-1
veh4,14625,,14.3533,0,CAM_DROP_PHY,3,4,14625,8007
veh4,14665,,14.3578,0,CAM_DROP_PHY,6,4,14665,8034
veh4,14721,,14.4023,0,CAM_DROP_PHY,2,4,14721,8087
veh4,699539180213,,14.4176,0,CPM_DROP_PHY,10,4,699539180213,8103
veh4,699539180241,,14.4386,0,CPM_DROP_PHY,5,4,699539180241,8128
veh4,14929,,14.4388,1,CAM,8,4,14929,-1
veh4,14965,,14.4613,0,CAM_DROP_PHY,9,4,14965,8166
veh4,699539180289,,14.4623,0,CPM_DROP_PHY,12,4,699539180289,8168
veh4,15114,,14.4976,0,CAM_DROP_PHY,10,4,15114,8218
veh4,15292,,14.5023,0,CAM_DROP_PHY,12,4,15292,8246
veh4,15136,,14.5076,1,CAM,11,4,15136,-1
veh4,699539180622,,14.5176,0,CPM_DROP_PHY,10,4,699539180622,8264
veh4,699539180662,,14.5448,0,CPM_DROP_PHY,7,4,699539180662,8301
veh4,699539180694,,14.5613,0,CPM_DROP_PHY,12,4,699539180694,8321
veh4,699539180714,,14.5778,0,CPM_DROP_PHY,6,4,699539180714,8339
veh4,699539180939,,14.6176,0,CPM_DROP_PHY,10,4,699539180939,8403
veh4,15615,,14.6186,0,CAM_DROP_PHY,5,4,15615,8401
veh4,15639,14.6193,,0,CAM,4,,15639,-1
veh4,699539180945,,14.6223,0,CPM_DROP_PHY,2,4,699539180945,8404
veh4,699539180971,,14.6386,0,CPM_DROP_PHY,5,4,699539180971,8426
veh4,15680,,14.6448,0,CAM_DROP_PHY,7,4,15680,8449
veh4,699539180985,,14.6533,0,CPM_DROP_PHY,3,4,699539180985,8448
veh4,15698,,14.6578,0,CAM_DROP_PHY,6,4,15698,8473
veh4,699539181034,,14.6778,0,CPM_DROP_PHY,6,4,699539181034,8491
veh4,699539181267,,14.7253,0,CPM_DROP_PHY,2,4,699539181267,8545
veh4,15983,,14.7388,0,CAM_DROP_PHY,8,4,15983,8576
veh4,15988,,14.7533,0,CAM_DROP_PHY,3,4,15988,8580
veh4,16120,,14.7571,1,CAM,9,4,16120,-1
veh4,699539181459,,14.7778,0,CPM_DROP_PHY,6,4,699539181459,8627
veh4,16181,,14.8053,0,CAM_DROP_PHY,2,4,16181,8661
veh4,16185,,14.8076,1,CAM,11,4,16185,-1
veh4,699539181694,,14.8176,0,CPM_DROP_PHY,10,4,699539181694,8678
veh4,16364,,14.8213,0,CAM_DROP_PHY,12,4,16364,8668
veh4,699539181700,,14.8253,0,CPM_DROP_PHY,2,4,699539181700,8681
veh4,699539181718,,14.8386,0,CPM_DROP_PHY,5,4,699539181718,8703
veh4,699539181739,,14.8448,0,CPM_DROP_PHY,7,4,699539181739,8723
veh4,16497,,14.8976,1,CAM,10,4,16497,-1
veh4,16723,14.9193,,0,CAM,4,,16723,-1
veh4,16701,,14.9203,0,CAM_DROP_PHY,5,4,16701,8832
veh4,16761,,14.9448,0,CAM_DROP_PHY,7,4,16761,8880
veh4,16784,,14.9578,0,CAM_DROP_PHY,6,4,16784,8908
veh4,699539182139,,14.9988,0,CPM_DROP_PHY,8,4,699539182139,8944
veh4,699539182146,,15.0076,0,CPM_DROP_PHY,11,4,699539182146,8948
veh4,17158,,15.0388,0,CAM_DROP_PHY,8,4,17158,9000
veh4,699539182487,,15.0448,0,CPM_DROP_PHY,7,4,699539182487,9004
veh4,699539182484,,15.0473,0,CPM_DROP_PHY,3,4,699539182484,9003
veh4,17195,,15.0571,0,CAM_DROP_PHY,9,4,17195,9030
veh4,17254,,15.1101,0,CAM_DROP_PHY,11,4,17254,9094
veh4,699539182762,,15.1176,0,CPM_DROP_PHY,10,4,699539182762,9100
veh4,699539182790,,15.1403,0,CPM_DROP_PHY,5,4,699539182790,9121
veh4,17491,,15.1473,1,CAM,3,4,17491,-1
veh4,699539182857,,15.1778,0,CPM_DROP_PHY,6,4,699539182857,9180
veh4,699539182894,,15.1988,0,CPM_DROP_PHY,8,4,699539182894,9217
veh4,17802,15.2193,,0,CAM,4,,17802,-1
veh4,17779,,15.2203,1,CAM,5,4,17779,-1
veh4,17774,,15.2213,0,CAM_DROP_PHY,12,4,17774,9236
veh4,17849,,15.2448,1,CAM,7,4,17849,-1
veh4,17873,,15.2578,1,CAM,6,4,17873,-1
veh4,17914,,15.2976,0,CAM_DROP_PHY,10,4,17914,9362
veh4,17931,,15.3053,0,CAM_DROP_PHY,2,4,17931,9381
veh4,699539183247,,15.3101,0,CPM_DROP_PHY,11,4,699539183247,9378
veh4,18275,,15.3388,0,CAM_DROP_PHY,8,4,18275,9440
veh4,699539183602,,15.3448,0,CPM_DROP_PHY,7,4,699539183602,9442
veh4,18307,,15.3571,1,CAM,9,4,18307,-1
veh4,18371,,15.4101,1,CAM,11,4,18371,-1
veh4,699539183900,,15.4176,0,CPM_DROP_PHY,10,4,699539183900,9536
veh4,699539183906,,15.4191,0,CPM_DROP_PHY,2,4,699539183906,9541
veh4,699539183946,,15.4473,0,CPM_DROP_PHY,3,4,699539183946,9576
veh4,699539183981,,15.4586,0,CPM_DROP_PHY,12,4,699539183981,9602
veh4,699539183996,,15.4771,0,CPM_DROP_PHY,9,4,699539183996,9620
veh4,699539184037,,15.4988,0,CPM_DROP_PHY,8,4,699539184037,9656
veh4,18939,,15.5151,1,CAM,5,4,18939,-1
veh4,699539184264,,15.5176,0,CPM_DROP_PHY,10,4,699539184264,9679
veh4,699539184270,,15.5191,0,CPM_DROP_PHY,2,4,699539184270,9683
veh4,18971,15.5193,,0,CAM,4,,18971,-1
veh4,19012,,15.5448,1,CAM,7,4,19012,-1
veh4,18989,,15.5473,0,CAM_DROP_PHY,3,4,18989,9724
veh4,699539184319,,15.5673,0,CPM_DROP_PHY,3,4,699539184319,9724
veh4,19026,,15.5688,0,CAM_DROP_PHY,6,4,19026,9755
veh4,19073,,15.5976,0,CAM_DROP_PHY,10,4,19073,9792
veh4,19395,,15.6186,1,CAM,12,4,19395,-1
veh4,699539184754,,15.6351,0,CPM_DROP_PHY,5,4,699539184754,9846
veh4,19444,,15.6356,0,CAM_DROP_PHY,8,4,19444,9860
veh4,699539184776,,15.6561,0,CPM_DROP_PHY,3,4,699539184776,9867
veh4,19477,,15.6571,1,CAM,9,4,19477,-1
veh4,699539184811,,15.6771,0,CPM_DROP_PHY,9,4,699539184811,9906
veh4,19542,,15.7101,0,CAM_DROP_PHY,11,4,19542,9945
veh4,699539185072,,15.7146,0,CPM_DROP_PHY,10,4,699539185072,9952
veh4,699539185081,,15.7191,0,CPM_DROP_PHY,2,4,699539185081,9959
veh4,699539185105,,15.7351,0,CPM_DROP_PHY,5,4,699539185105,9981
veh4,699539185123,,15.7418,0,CPM_DROP_PHY,7,4,699539185123,9997
veh4,699539185120,,15.7473,0,CPM_DROP_PHY,3,4,699539185120,9995
veh4,699539185207,,15.7956,0,CPM_DROP_PHY,8,4,699539185207,10072
veh4,19898,,15.7991,0,CAM_DROP_PHY,2,4,19898,10085
veh4,699539185444,,15.8146,0,CPM_DROP_PHY,10,4,699539185444,10101
veh4,20119,,15.8151,1,CAM,5,4,20119,-1
veh4,20149,15.8193,,0,CAM,4,,20149,-1
veh4,699539185476,,15.8351,0,CPM_DROP_PHY,5,4,699539185476,10132
veh4,20186,,15.8618,1,CAM,7,4,20186,-1
veh4,20199,,15.8688,1,CAM,6,4,20199,-1
veh4,699539185527,,15.8688,0,CPM_DROP_PHY,6,4,699539185527,10174
veh4,20237,,15.8946,0,CAM_DROP_PHY,10,4,20237,10207
veh4,699539185565,,15.8956,0,CPM_DROP_PHY,8,4,699539185565,10213
veh4,699539185572,,15.9046,0,CPM_DROP_PHY,11,4,699539185572,10217
veh4,699539185899,,15.9146,0,CPM_DROP_PHY,10,4,699539185899,10244
veh4,699539185925,,15.9351,0,CPM_DROP_PHY,5,4,699539185925,10268
veh4,20612,,15.9356,1,CAM,8,4,20612,-1
veh4,20617,,15.9561,1,CAM,3,4,20617,-1
veh4,20653,,15.9588,0,CAM_DROP_PHY,9,4,20653,10313
veh4,699539185945,,15.9673,0,CPM_DROP_PHY,3,4,699539185945,10279
veh4,699539185988,,15.9788,0,CPM_DROP_PHY,9,4,699539185988,10332
veh4,20724,,16.0046,0,CAM_DROP_PHY,11,4,20724,10379
veh4,699539186267,,16.0146,0,CPM_DROP_PHY,10,4,699539186267,10388
veh4,699539186338,,16.0586,0,CPM_DROP_PHY,12,4,699539186338,10441
veh4,699539186395,,16.0956,0,CPM_DROP_PHY,8,4,699539186395,10495
veh4,21299,,16.1151,0,CAM_DROP_PHY,5,4,21299,10516
veh4,21293,,16.1186,1,CAM,12,4,21293,-1
veh4,21330,16.1193,,0,CAM,4,,21330,-1
veh4,21373,,16.1618,0,CAM_DROP_PHY,7,4,21373,10587
veh4,21386,,16.1688,1,CAM,6,4,21386,-1
veh4,21418,,16.1946,0,CAM_DROP_PHY,10,4,21418,10628
veh4,699539186747,,16.1956,0,CPM_DROP_PHY,8,4,699539186747,10634
veh4,699539186754,,16.2046,0,CPM_DROP_PHY,11,4,699539186754,10638
veh4,21806,,16.2326,0,CAM_DROP_PHY,8,4,21806,10696
veh4,699539187138,,16.2418,0,CPM_DROP_PHY,7,4,699539187138,10708
veh4,21841,,16.2588,0,CAM_DROP_PHY,9,4,21841,10735
veh4,699539187211,,16.2926,0,CPM_DROP_PHY,8,4,699539187211,10776
veh4,21903,,16.2991,1,CAM,2,4,21903,-1
veh4,22179,,16.3468,1,CAM,3,4,22179,-1
veh4,699539187554,,16.3688,0,CPM_DROP_PHY,6,4,699539187554,10879
veh4,699539187557,,16.3788,0,CPM_DROP_PHY,9,4,699539187557,10880
veh4,22292,,16.4046,1,CAM,11,4,22292,-1
veh4,22536,,16.4158,1,CAM,5,4,22536,-1
veh4,699539187865,,16.4161,0,CPM_DROP_PHY,2,4,699539187865,10951
veh4,22527,,16.4186,0,CAM_DROP_PHY,12,4,22527,10935
veh4,22574,16.4193,,0,CAM,4,,22574,-1
veh4,22606,,16.4601,0,CAM_DROP_PHY,7,4,22606,11014
veh4,22626,,16.4688,1,CAM,6,4,22626,-1
veh4,699539188095,,16.4926,0,CPM_DROP_PHY,8,4,699539188095,11073
veh4,22767,,16.4946,1,CAM,10,4,22767,-1
veh4,699539188105,,16.5046,0,CPM_DROP_PHY,11,4,699539188105,11080
veh4,699539188356,,16.5146,0,CPM_DROP_PHY,10,4,699539188356,11104
veh4,699539188362,,16.5161,0,CPM_DROP_PHY,2,4,699539188362,11108
veh4,23075,,16.5326,0,CAM_DROP_PHY,8,4,23075,11138
veh4,699539188404,,16.5401,0,CPM_DROP_PHY,7,4,699539188404,11147
veh4,23125,,16.5563,1,CAM,9,4,23125,-1
veh4,699539188732,,16.6146,0,CPM_DROP_PHY,10,4,699539188732,11220
veh4,23172,,16.6161,0,CAM_DROP_PHY,2,4,23172,11215
veh4,699539188758,,16.6358,0,CPM_DROP_PHY,5,4,699539188758,11243
veh4,699539188809,,16.6586,0,CPM_DROP_PHY,12,4,699539188809,11287
veh4,699539188875,,16.6926,0,CPM_DROP_PHY,8,4,699539188875,11341
veh4,699539189232,,16.7146,0,CPM_DROP_PHY,10,4,699539189232,11363
veh4,23907,,16.7158,0,CAM_DROP_PHY,5,4,23907,11362
veh4,23901,,16.7186,1,CAM,12,4,23901,-1
veh4,23934,16.7193,,0,CAM,4,,23934,-1
veh4,699539189261,,16.7358,0,CPM_DROP_PHY,5,4,699539189261,11394
veh4,23953,,16.7468,0,CAM_DROP_PHY,3,4,23953,11412
veh4,699539189312,,16.7573,0,CPM_DROP_PHY,12,4,699539189312,11441
veh4,23973,,16.7601,0,CAM_DROP_PHY,7,4,23973,11429
veh4,23994,,16.7688,0,CAM_DROP_PHY,6,4,23994,11442
veh4,24063,,16.8038,0,CAM_DROP_PHY,11,4,24063,11491
veh4,699539189625,,16.8161,0,CPM_DROP_PHY,2,4,699539189625,11508
veh4,24340,,16.8326,1,CAM,8,4,24340,-1
veh4,699539189651,,16.8358,0,CPM_DROP_PHY,5,4,699539189651,11531
veh4,699539189666,,16.8468,0,CPM_DROP_PHY,3,4,699539189666,11543
veh4,24380,,16.8563,0,CAM_DROP_PHY,9,4,24380,11575
veh4,24422,,16.8946,0,CAM_DROP_PHY,10,4,24422,11610
veh4,699539190029,,16.9468,0,CPM_DROP_PHY,3,4,699539190029,11674
veh4,699539190074,,16.9708,0,CPM_DROP_PHY,6,4,699539190074,11710
veh4,25155,,17.0158,1,CAM,5,4,25155,-1
veh4,24914,,17.0161,0,CAM_DROP_PHY,2,4,24914,11761
veh4,25187,17.0193,,0,CAM,4,,25187,-1
veh4,25258,,17.0708,0,CAM_DROP_PHY,6,4,25258,11854
veh4,25311,,17.1038,0,CAM_DROP_PHY,11,4,25311,11890
veh4,699539190873,,17.1126,0,CPM_DROP_PHY,10,4,699539190873,11903
veh4,25544,,17.1173,0,CAM_DROP_PHY,12,4,25544,11897
veh4,25597,,17.1326,0,CAM_DROP_PHY,8,4,25597,11944
veh4,699539190908,,17.1358,0,CPM_DROP_PHY,5,4,699539190908,11933
veh4,25602,,17.1468,0,CAM_DROP_PHY,3,4,25602,11949
veh4,25637,,17.1558,0,CAM_DROP_PHY,9,4,25637,11976
veh4,25619,,17.1601,0,CAM_DROP_PHY,7,4,25619,11960
veh4,699539191368,,17.2126,0,CPM_DROP_PHY,10,4,699539191368,12041
veh4,699539191373,,17.2158,0,CPM_DROP_PHY,2,4,699539191373,12045
veh4,699539191404,,17.2423,0,CPM_DROP_PHY,3,4,699539191404,12074
veh4,699539191437,,17.2573,0,CPM_DROP_PHY,12,4,699539191437,12102
veh4,699539191511,,17.2923,0,CPM_DROP_PHY,8,4,699539191511,12156
veh4,26182,,17.2926,1,CAM,10,4,26182,-1
veh4,26429,,17.3158,0,CAM_DROP_PHY,5,4,26429,12184
veh4,699539191760,,17.3158,0,CPM_DROP_PHY,2,4,699539191760,12189
veh4,26464,17.3193,,0,CAM,4,,26464,-1
veh4,699539191804,,17.3423,0,CPM_DROP_PHY,3,4,699539191804,12230
veh4,26511,,17.3708,0,CAM_DROP_PHY,6,4,26511,12255
veh4,699539191844,,17.3758,0,CPM_DROP_PHY,9,4,699539191844,12268
veh4,26580,,17.4003,1,CAM,11,4,26580,-1
veh4,26822,,17.4173,0,CAM_DROP_PHY,12,4,26822,12308
veh4,26862,,17.4323,1,CAM,8,4,26862,-1
veh4,699539192173,,17.4358,0,CPM_DROP_PHY,5,4,699539192173,12341
veh4,699539192192,,17.4371,0,CPM_DROP_PHY,7,4,699539192192,12363
veh4,26907,,17.4558,0,CAM_DROP_PHY,9,4,26907,12389
veh4,699539192241,,17.4758,0,CPM_DROP_PHY,9,4,699539192241,12408
veh4,699539192389,,17.4923,0,CPM_DROP_PHY,8,4,699539192389,12435
veh4,27085,,17.5158,0,CAM_DROP_PHY,2,4,27085,12450
veh4,699539192680,,17.5371,0,CPM_DROP_PHY,7,4,699539192680,12504
veh4,27354,,17.5423,0,CAM_DROP_PHY,3,4,27354,12497
veh4,27385,,17.5571,0,CAM_DROP_PHY,7,4,27385,12517
veh4,699539192743,,17.5758,0,CPM_DROP_PHY,9,4,699539192743,12549
veh4,699539192800,,17.5923,0,CPM_DROP_PHY,8,4,699539192800,12588
veh4,27734,,17.6161,1,CAM,5,4,27734,-1
veh4,27761,17.6193,,0,CAM,4,,27761,-1
veh4,27820,,17.6708,0,CAM_DROP_PHY,6,4,27820,12695
veh4,27471,,17.6926,1,CAM,10,4,27471,-1
veh4,27886,,17.7003,0,CAM_DROP_PHY,11,4,27886,12737
veh4,699539193557,,17.7158,0,CPM_DROP_PHY,2,4,699539193557,12754
veh4,28224,,17.7173,0,CAM_DROP_PHY,12,4,28224,12747
veh4,28269,,17.7323,0,CAM_DROP_PHY,8,4,28269,12791
veh4,28310,,17.7558,0,CAM_DROP_PHY,9,4,28310,12828
veh4,28380,,17.8158,0,CAM_DROP_PHY,2,4,28380,12880
veh4,699539193940,,17.8358,0,CPM_DROP_PHY,2,4,699539193940,12880
veh4,699539194033,,17.8708,0,CPM_DROP_PHY,6,4,699539194033,12972
veh4,699539194036,,17.8758,0,CPM_DROP_PHY,9,4,699539194036,12974
veh4,699539194332,,17.9126,0,CPM_DROP_PHY,10,4,699539194332,13033
veh4,699539194337,,17.9158,0,CPM_DROP_PHY,2,4,699539194337,13035
veh4,29007,,17.9161,0,CAM_DROP_PHY,5,4,29007,13030
veh4,29046,17.9193,,0,CAM,4,,29046,-1
veh4,29063,,17.9423,0,CAM_DROP_PHY,3,4,29063,13075
veh4,699539194387,,17.9423,0,CPM_DROP_PHY,3,4,699539194387,13075
veh4,29076,,17.9571,0,CAM_DROP_PHY,7,4,29076,13089
veh4,29091,,17.9708,1,CAM,6,4,29091,-1
veh4,699539194422,,17.9708,0,CPM_DROP_PHY,6,4,699539194422,13095
veh4,29242,,17.9926,0,CAM_DROP_PHY,10,4,29242,13128
veh4,29270,,18.0003,1,CAM,11,4,29270,-1
veh4,699539194816,,18.0223,0,CPM_DROP_PHY,10,4,699539194816,13167
veh4,29528,,18.0323,0,CAM_DROP_PHY,8,4,29528,13199
veh4,699539194840,,18.0361,0,CPM_DROP_PHY,5,4,699539194840,13192
veh4,699539194854,,18.0423,0,CPM_DROP_PHY,3,4,699539194854,13205
veh4,699539194884,,18.0523,0,CPM_DROP_PHY,12,4,699539194884,13231
veh4,29561,,18.0558,0,CAM_DROP_PHY,9,4,29561,13229
veh4,29850,,18.1123,1,CAM,12,4,29850,-1
veh4,699539195221,,18.1371,0,CPM_DROP_PHY,7,4,699539195221,13348
veh4,29919,,18.1571,1,CAM,7,4,29919,-1
veh4,699539195326,,18.1923,0,CPM_DROP_PHY,8,4,699539195326,13433
veh4,30018,,18.2158,0,CAM_DROP_PHY,2,4,30018,13447
veh4,30332,,18.2161,0,CAM_DROP_PHY,5,4,30332,13455
veh4,30352,18.2193,,0,CAM,4,,30352,-1
veh4,699539195695,,18.2371,0,CPM_DROP_PHY,7,4,699539195695,13506
veh4,699539195692,,18.2423,0,CPM_DROP_PHY,3,4,699539195692,13502
veh4,699539195744,,18.2523,0,CPM_DROP_PHY,12,4,699539195744,13539
veh4,30427,,18.2698,1,CAM,6,4,30427,-1
veh4,699539195656,,18.3126,0,CPM_DROP_PHY,10,4,699539195656,13458
veh4,699539196025,,18.3158,0,CPM_DROP_PHY,2,4,699539196025,13598
veh4,30736,,18.3323,0,CAM_DROP_PHY,8,4,30736,13628
veh4,30742,,18.3423,1,CAM,3,4,30742,-1
veh4,30763,,18.3571,0,CAM_DROP_PHY,7,4,30763,13653
veh4,30779,,18.3591,0,CAM_DROP_PHY,9,4,30779,13667
veh4,699539196169,,18.3923,0,CPM_DROP_PHY,8,4,699539196169,13720
veh4,30864,,18.4063,1,CAM,11,4,30864,-1
veh4,699539196426,,18.4361,0,CPM_DROP_PHY,5,4,699539196426,13772
veh4,699539196439,,18.4371,0,CPM_DROP_PHY,7,4,699539196439,13785
veh4,699539196436,,18.4423,0,CPM_DROP_PHY,3,4,699539196436,13783
veh4,699539196468,,18.4523,0,CPM_DROP_PHY,12,4,699539196468,13810
veh4,31208,,18.4928,0,CAM_DROP_PHY,10,4,31208,13856
veh4,699539196654,,18.5063,0,CPM_DROP_PHY,11,4,699539196654,13877
veh4,31540,,18.5123,1,CAM,12,4,31540,-1
veh4,699539196878,,18.5158,0,CPM_DROP_PHY,2,4,699539196878,13902
veh4,31549,,18.5161,0,CAM_DROP_PHY,5,4,31549,13897
veh4,31578,18.5193,,0,CAM,4,,31578,-1
veh4,699539196916,,18.5423,0,CPM_DROP_PHY,3,4,699539196916,13954
veh4,31605,,18.5571,1,CAM,7,4,31605,-1
veh4,31627,,18.5698,0,CAM_DROP_PHY,6,4,31627,13976
veh4,699539197005,,18.5943,0,CPM_DROP_PHY,8,4,699539197005,14017
veh4,699539197012,,18.6063,0,CPM_DROP_PHY,11,4,699539197012,14023
veh4,31700,,18.6113,0,CAM_DROP_PHY,2,4,31700,14030
veh4,31939,,18.6343,0,CAM_DROP_PHY,8,4,31939,14078
veh4,31980,,18.6591,0,CAM_DROP_PHY,9,4,31980,14112
veh4,699539197659,,18.7113,0,CPM_DROP_PHY,2,4,699539197659,14166
veh4,32374,,18.7378,1,CAM,3,4,32374,-1
veh4,699539197697,,18.7378,0,CPM_DROP_PHY,3,4,699539197697,14196
veh4,32394,,18.7618,0,CAM_DROP_PHY,7,4,32394,14208
veh4,699539197744,,18.7741,0,CPM_DROP_PHY,9,4,699539197744,14237
veh4,32469,,18.7928,0,CAM_DROP_PHY,10,4,32469,14270
veh4,699539197799,,18.7943,0,CPM_DROP_PHY,8,4,699539197799,14281
veh4,32496,,18.8063,0,CAM_DROP_PHY,11,4,32496,14300
veh4,32691,,18.8161,0,CAM_DROP_PHY,5,4,32691,14312
veh4,32722,18.8193,,0,CAM,4,,32722,-1
veh4,699539198049,,18.8323,0,CPM_DROP_PHY,5,4,699539198049,14344
veh4,32768,,18.8698,1,CAM,6,4,32768,-1
veh4,699539198146,,18.9063,0,CPM_DROP_PHY,11,4,699539198146,14422
veh4,32830,,18.9113,1,CAM,2,4,32830,-1
veh4,699539198345,,18.9128,0,CPM_DROP_PHY,10,4,699539198345,14433
veh4,33057,,18.9343,0,CAM_DROP_PHY,8,4,33057,14469
veh4,33099,,18.9541,1,CAM,9,4,33099,-1
veh4,33088,,18.9618,0,CAM_DROP_PHY,7,4,33088,14491
veh4,699539198789,,19.0113,0,CPM_DROP_PHY,2,4,699539198789,14566
veh4,33457,,19.0123,1,CAM,12,4,33457,-1
veh4,699539198865,,19.0698,0,CPM_DROP_PHY,6,4,699539198865,14638
veh4,33612,,19.1063,0,CAM_DROP_PHY,11,4,33612,14694
veh4,699539199121,,19.1113,0,CPM_DROP_PHY,2,4,699539199121,14705
veh4,33792,,19.1123,0,CAM_DROP_PHY,5,4,33792,14702
veh4,699539199116,,19.1128,0,CPM_DROP_PHY,10,4,699539199116,14703
veh4,33819,19.1193,,0,CAM,4,,33819,-1
veh4,699539199146,,19.1323,0,CPM_DROP_PHY,5,4,699539199146,14735
veh4,33841,,19.1378,0,CAM_DROP_PHY,3,4,33841,14755
veh4,33860,,19.1618,1,CAM,7,4,33860,-1
veh4,33876,,19.1698,1,CAM,6,4,33876,-1
veh4,699539199213,,19.1741,0,CPM_DROP_PHY,9,4,699539199213,14796
veh4,33932,,19.1928,1,CAM,10,4,33932,-1
veh4,699539199267,,19.1978,0,CPM_DROP_PHY,11,4,699539199267,14839
veh4,699539199449,,19.2281,0,CPM_DROP_PHY,10,4,699539199449,14855
veh4,699539199471,,19.2323,0,CPM_DROP_PHY,5,4,699539199471,14876
veh4,34164,,19.2343,0,CAM_DROP_PHY,8,4,34164,14885
veh4,699539199494,,19.2378,0,CPM_DROP_PHY,3,4,699539199494,14898
veh4,34197,,19.2541,0,CAM_DROP_PHY,9,4,34197,14920
veh4,34260,,19.3113,0,CAM_DROP_PHY,2,4,34260,14964
veh4,699539199864,,19.3113,0,CPM_DROP_PHY,2,4,699539199864,14964
veh4,34532,,19.3188,1,CAM,12,4,34532,-1
veh4,699539199859,,19.3281,0,CPM_DROP_PHY,10,4,699539199859,14972
veh4,699539199905,,19.3418,0,CPM_DROP_PHY,7,4,699539199905,15015
veh4,699539199995,,19.3943,0,CPM_DROP_PHY,8,4,699539199995,15093
veh4,699539200003,,19.3978,0,CPM_DROP_PHY,11,4,699539200003,15098
veh4,699539200193,,19.4113,0,CPM_DROP_PHY,2,4,699539200193,15122
veh4,34888,19.4193,,0,CAM,4,,34888,-1
veh4,34862,,19.4216,1,CAM,5,4,34862,-1
veh4,699539200231,,19.4378,0,CPM_DROP_PHY,3,4,699539200231,15165
veh4,34925,,19.4618,0,CAM_DROP_PHY,7,4,34925,15178
veh4,34937,,19.4698,0,CAM_DROP_PHY,6,4,34937,15186
veh4,699539200306,,19.4943,0,CPM_DROP_PHY,8,4,699539200306,15220
veh4,699539200492,,19.5113,0,CPM_DROP_PHY,2,4,699539200492,15249
veh4,35007,,19.5178,1,CAM,11,4,35007,-1
veh4,35203,,19.5343,0,CAM_DROP_PHY,8,4,35203,15280
veh4,35208,,19.5378,0,CAM_DROP_PHY,3,4,35208,15286
veh4,699539200533,,19.5378,0,CPM_DROP_PHY,3,4,699539200533,15286
veh4,699539200512,,19.5416,0,CPM_DROP_PHY,5,4,699539200512,15269
veh4,35240,,19.5541,0,CAM_DROP_PHY,9,4,35240,15320
veh4,699539200897,,19.6281,0,CPM_DROP_PHY,10,4,699539200897,15378
veh4,35704,,19.6881,0,CAM_DROP_PHY,10,4,35704,15475
veh4,35728,,19.7113,0,CAM_DROP_PHY,2,4,35728,15509
veh4,35881,,19.7188,0,CAM_DROP_PHY,12,4,35881,15516
veh4,35906,19.7193,,0,CAM,4,,35906,-1
veh4,699539201217,,19.7313,0,CPM_DROP_PHY,2,4,699539201217,15509
veh4,35950,,19.7618,0,CAM_DROP_PHY,7,4,35950,15592
veh4,35964,,19.7671,1,CAM,6,4,35964,-1
veh4,699539201505,,19.8113,0,CPM_DROP_PHY,2,4,699539201505,15663
veh4,36215,,19.8343,1,CAM,8,4,36215,-1
veh4,699539201235,,19.8416,0,CPM_DROP_PHY,5,4,699539201235,15555
veh4,699539201524,,19.8416,0,CPM_DROP_PHY,5,4,699539201524,15681
veh4,36241,,19.8708,1,CAM,9,4,36241,-1
veh4,699539201623,,19.8978,0,CPM_DROP_PHY,11,4,699539201623,15759
veh4,36595,,19.9378,0,CAM_DROP_PHY,3,4,36595,15802
veh4,699539201975,,19.9956,0,CPM_DROP_PHY,8,4,699539201975,15842
veh4,36669,,20.0178,0,CAM_DROP_PHY,11,4,36669,15854
veh4,36838,20.0193,,0,CAM,4,,36838,-1
veh4,699539202184,,20.0376,0,CPM_DROP_PHY,3,4,699539202184,15915
veh4,699539202218,,20.0588,0,CPM_DROP_PHY,12,4,699539202218,15950
veh4,36884,,20.0618,0,CAM_DROP_PHY,7,4,36884,15936
veh4,36901,,20.0671,1,CAM,6,4,36901,-1
veh4,36956,,20.0978,0,CAM_DROP_PHY,10,4,36956,15995
veh4,37148,20.1193,,0,CAM,4,,37148,-1
veh4,37163,,20.1356,0,CAM_DROP_PHY,8,4,37163,16073
veh4,699539202167,,20.1416,0,CPM_DROP_PHY,5,4,699539202167,15892
veh4,699539202515,,20.1671,0,CPM_DROP_PHY,6,4,699539202515,16104
veh4,37185,,20.1708,0,CAM_DROP_PHY,9,4,37185,16094
veh4,699539202561,,20.1978,0,CPM_DROP_PHY,11,4,699539202561,16134
veh4,37245,,20.2116,1,CAM,2,4,37245,-1
veh4,37384,,20.2188,1,CAM,12,4,37384,-1
veh4,37410,20.2193,,0,CAM,4,,37410,-1
veh4,699539202761,,20.2376,0,CPM_DROP_PHY,3,4,699539202761,16204
veh4,699539202782,,20.2588,0,CPM_DROP_PHY,12,4,699539202782,16231
veh4,699539202928,,20.2956,0,CPM_DROP_PHY,8,4,699539202928,16257
veh4,699539202935,,20.2978,0,CPM_DROP_PHY,11,4,699539202935,16262
veh4,37759,,20.3116,0,CAM_DROP_PHY,5,4,37759,16281
veh4,37786,20.3193,,0,CAM,4,,37786,-1
veh4,699539203114,,20.3316,0,CPM_DROP_PHY,5,4,699539203114,16312
veh4,37816,,20.3563,0,CAM_DROP_PHY,7,4,37816,16335
veh4,37829,,20.3671,0,CAM_DROP_PHY,6,4,37829,16343
veh4,699539203158,,20.3671,0,CPM_DROP_PHY,6,4,699539203158,16343
veh4,699539203204,,20.4031,0,CPM_DROP_PHY,11,4,699539203204,16381
veh4,699539203354,,20.4116,0,CPM_DROP_PHY,2,4,699539203354,16395
veh4,38058,,20.4356,0,CAM_DROP_PHY,8,4,38058,16417
veh4,699539203390,,20.4363,0,CPM_DROP_PHY,7,4,699539203390,16425
veh4,38063,,20.4376,0,CAM_DROP_PHY,3,4,38063,16420
veh4,699539203386,,20.4376,0,CPM_DROP_PHY,3,4,699539203386,16420
veh4,38093,,20.4708,0,CAM_DROP_PHY,9,4,38093,16453
veh4,699539203644,,20.5116,0,CPM_DROP_PHY,2,4,699539203644,16535
veh4,38338,20.5193,,0,CAM,4,,38338,-1
veh4,699539203666,,20.5316,0,CPM_DROP_PHY,5,4,699539203666,16554
veh4,699539203681,,20.5363,0,CPM_DROP_PHY,7,4,699539203681,16569
veh4,38427,,20.5978,1,CAM,10,4,38427,-1
veh4,699539203760,,20.6031,0,CPM_DROP_PHY,11,4,699539203760,16622
veh4,38449,,20.6031,0,CAM_DROP_PHY,11,4,38449,16622
veh4,38444,,20.6116,0,CAM_DROP_PHY,2,4,38444,16625
veh4,38682,,20.6116,0,CAM_DROP_PHY,5,4,38682,16639
veh4,38744,,20.6563,1,CAM,7,4,38744,-1
veh4,38759,,20.6671,1,CAM,6,4,38759,-1
veh4,699539204076,,20.6673,0,CPM_DROP_PHY,12,4,699539204076,16712
veh4,38946,,20.7073,1,CAM,12,4,38946,-1
veh4,38973,20.7193,,0,CAM,4,,38973,-1
veh4,38986,,20.7316,0,CAM_DROP_PHY,8,4,38986,16800
veh4,699539204337,,20.7661,0,CPM_DROP_PHY,6,4,699539204337,16828
veh4,39007,,20.7708,1,CAM,9,4,39007,-1
veh4,699539204517,,20.8116,0,CPM_DROP_PHY,2,4,699539204517,16874
veh4,699539204632,,20.8916,0,CPM_DROP_PHY,8,4,699539204632,16973
veh4,39450,,20.9116,0,CAM_DROP_PHY,5,4,39450,16996
veh4,699539204778,,20.9241,0,CPM_DROP_PHY,2,4,699539204778,16998
veh4,39489,,20.9376,0,CAM_DROP_PHY,3,4,39489,17027
veh4,39508,,20.9561,0,CAM_DROP_PHY,7,4,39508,17040
veh4,39521,,20.9661,1,CAM,6,4,39521,-1
veh4,39787,,21.0096,1,CAM,5,4,39787,-1
veh4,39804,21.0193,,0,CAM,4,,39804,-1
veh4,699539205118,,21.0241,0,CPM_DROP_PHY,2,4,699539205118,17112
veh4,39851,,21.0708,0,CAM_DROP_PHY,9,4,39851,17180
veh4,39912,,21.1041,1,CAM,2,4,39912,-1
veh4,40056,,21.1523,0,CAM_DROP_PHY,3,4,40056,17272
veh4,40119,,21.1798,0,CAM_DROP_PHY,10,4,40119,17319
veh4,699539205215,,21.1916,0,CPM_DROP_PHY,8,4,699539205215,17208
veh4,699539205453,,21.2031,0,CPM_DROP_PHY,11,4,699539205453,17339
veh4,40139,,21.2031,0,CAM_DROP_PHY,11,4,40139,17339
veh4,40025,,21.2096,0,CAM_DROP_PHY,5,4,40025,17235
veh4,40249,,21.2096,0,CAM_DROP_PHY,5,4,40249,17351
veh4,40304,,21.2561,0,CAM_DROP_PHY,7,4,40304,17400
veh4,40319,,21.2661,1,CAM,6,4,40319,-1
veh4,40487,,21.3091,1,CAM,12,4,40487,-1
veh4,40493,,21.3096,1,CAM,5,4,40493,-1
veh4,40509,21.3193,,0,CAM,4,,40509,-1
veh4,699539205822,,21.3241,0,CPM_DROP_PHY,2,4,699539205822,17509
veh4,40543,,21.3523,1,CAM,3,4,40543,-1
veh4,40562,,21.3661,0,CAM_DROP_PHY,9,4,40562,17573
veh4,699539205932,,21.4031,0,CPM_DROP_PHY,11,4,699539205932,17620
veh4,699539206142,,21.4198,0,CPM_DROP_PHY,10,4,699539206142,17631
veh4,699539206215,,21.4661,0,CPM_DROP_PHY,9,4,699539206215,17703
veh4,40819,,21.5096,0,CAM_DROP_PHY,5,4,40819,17630
veh4,699539206162,,21.5096,0,CPM_DROP_PHY,5,4,699539206162,17651
veh4,699539206352,,21.5241,0,CPM_DROP_PHY,2,4,699539206352,17740
veh4,699539206387,,21.5361,0,CPM_DROP_PHY,7,4,699539206387,17764
veh4,41059,,21.5523,0,CAM_DROP_PHY,3,4,41059,17762
veh4,699539206383,,21.5523,0,CPM_DROP_PHY,3,4,699539206383,17762
veh4,41080,,21.5561,1,CAM,7,4,41080,-1
veh4,41093,,21.5646,0,CAM_DROP_PHY,6,4,41093,17793
veh4,699539206426,,21.5646,0,CPM_DROP_PHY,6,4,699539206426,17793
veh4,41248,,21.6096,0,CAM_DROP_PHY,5,4,41248,17849
veh4,41263,21.6193,,0,CAM,4,,41263,-1
veh4,699539206576,,21.6241,0,CPM_DROP_PHY,2,4,699539206576,17856
veh4,699539206613,,21.6398,0,CPM_DROP_PHY,3,4,699539206613,17892
veh4,41321,,21.6661,0,CAM_DROP_PHY,9,4,41321,17929
veh4,699539206656,,21.6661,0,CPM_DROP_PHY,9,4,699539206656,17929
veh4,41388,,21.7041,0,CAM_DROP_PHY,2,4,41388,17990
veh4,41287,,21.7391,1,CAM,8,4,41287,-1
veh4,41525,,21.7398,1,CAM,3,4,41525,-1
veh4,41547,,21.7646,1,CAM,6,4,41547,-1
veh4,41603,,21.7991,1,CAM,11,4,41603,-1
veh4,41584,,21.7993,0,CAM_DROP_PHY,10,4,41584,18089
veh4,699539207023,,21.8241,0,CPM_DROP_PHY,2,4,699539207023,18120
veh4,699539206823,,21.8296,0,CPM_DROP_PHY,5,4,699539206823,18021
veh4,41841,,21.8561,0,CAM_DROP_PHY,7,4,41841,18156
veh4,41853,,21.8646,0,CAM_DROP_PHY,6,4,41853,18165
veh4,41997,,21.9091,1,CAM,12,4,41997,-1
veh4,42003,,21.9096,0,CAM_DROP_PHY,5,4,42003,18224
veh4,42022,21.9193,,0,CAM,4,,42022,-1
veh4,42049,,21.9391,1,CAM,8,4,42049,-1
veh4,42094,,21.9646,0,CAM_DROP_PHY,6,4,42094,18323
veh4,42090,,21.9661,1,CAM,9,4,42090,-1
veh4,699539207557,,22.0296,0,CPM_DROP_PHY,5,4,699539207557,18380
veh4,42279,,22.0646,0,CAM_DROP_PHY,6,4,42279,18418
veh4,699539207741,,22.1246,0,CPM_DROP_PHY,2,4,699539207741,18461
veh4,42453,,22.1398,1,CAM,3,4,42453,-1
veh4,42472,,22.1498,1,CAM,7,4,42472,-1
veh4,42489,,22.1646,1,CAM,6,4,42489,-1
veh4,699539207822,,22.1661,0,CPM_DROP_PHY,9,4,699539207822,18525
veh4,699539207867,,22.1991,0,CPM_DROP_PHY,8,4,699539207867,18569
veh4,42557,,22.2046,0,CAM_DROP_PHY,2,4,42557,18575
veh4,42650,,22.2096,1,CAM,5,4,42650,-1
veh4,42664,22.2193,,0,CAM,4,,42664,-1
veh4,42689,,22.2391,1,CAM,8,4,42689,-1
veh4,42728,,22.2646,1,CAM,6,4,42728,-1
veh4,42723,,22.2661,0,CAM_DROP_PHY,9,4,42723,18669
veh4,699539208982,,22.3246,0,CPM_DROP_PHY,2,4,699539208982,18728
veh4,43710,,22.3646,1,CAM,6,4,43710,-1
veh4,43849,,22.3948,1,CAM,10,4,43849,-1
veh4,699539209184,,22.3993,0,CPM_DROP_PHY,11,4,699539209184,18806
veh4,43871,,22.3993,0,CAM_DROP_PHY,11,4,43871,18806
veh4,43976,22.4193,,0,CAM,4,,43976,-1
veh4,699539209302,,22.4303,0,CPM_DROP_PHY,5,4,699539209302,18844
veh4,43684,,22.4398,0,CAM_DROP_PHY,3,4,43684,18744
veh4,44016,,22.4498,0,CAM_DROP_PHY,7,4,44016,18868
veh4,44035,,22.4646,1,CAM,6,4,44035,-1
veh4,699539209363,,22.4646,0,CPM_DROP_PHY,6,4,699539209363,18898
veh4,44168,,22.5073,0,CAM_DROP_PHY,12,4,44168,18940
veh4,44174,,22.5103,0,CAM_DROP_PHY,5,4,44174,18947
veh4,44191,22.5193,,0,CAM,4,,44191,-1
veh4,699539209503,,22.5246,0,CPM_DROP_PHY,2,4,699539209503,18955
veh4,44211,,22.5391,1,CAM,8,4,44211,-1
veh4,699539209543,,22.5498,0,CPM_DROP_PHY,7,4,699539209543,18986
veh4,699539209571,,22.5641,0,CPM_DROP_PHY,12,4,699539209571,19017
veh4,699539209581,,22.5646,0,CPM_DROP_PHY,6,4,699539209581,19031
veh4,44248,,22.5661,1,CAM,9,4,44248,-1
veh4,699539209584,,22.5661,0,CPM_DROP_PHY,9,4,699539209584,19016
veh4,699539209627,,22.5991,0,CPM_DROP_PHY,8,4,699539209627,19077
veh4,44419,22.6193,,0,CAM,4,,44419,-1
veh4,699539209733,,22.6246,0,CPM_DROP_PHY,2,4,699539209733,19096
veh4,44504,,22.7088,0,CAM_DROP_PHY,2,4,44504,19169
veh4,44651,,22.7506,0,CAM_DROP_PHY,7,4,44651,19218
veh4,44665,,22.7646,0,CAM_DROP_PHY,6,4,44665,19229
veh4,44895,,22.8103,1,CAM,5,4,44895,-1
veh4,44910,22.8193,,0,CAM,4,,44910,-1
veh4,44632,,22.8371,0,CAM_DROP_PHY,3,4,44632,19201
veh4,44930,,22.8391,1,CAM,8,4,44930,-1
veh4,44952,,22.8698,0,CAM_DROP_PHY,9,4,44952,19325
veh4,699539210411,,22.9288,0,CPM_DROP_PHY,2,4,699539210411,19378
veh4,45118,,22.9371,0,CAM_DROP_PHY,3,4,45118,19405
veh4,699539210442,,22.9371,0,CPM_DROP_PHY,3,4,699539210442,19405
veh4,45172,,22.9948,1,CAM,10,4,45172,-1
veh4,45190,,22.9993,0,CAM_DROP_PHY,11,4,45190,19461
veh4,45311,,23.0506,0,CAM_DROP_PHY,7,4,45311,19499
veh4,45328,,23.0678,0,CAM_DROP_PHY,6,4,45328,19525
veh4,699539210659,,23.0698,0,CPM_DROP_PHY,9,4,699539210659,19533
veh4,45465,,23.1041,1,CAM,12,4,45465,-1
veh4,45473,,23.1103,0,CAM_DROP_PHY,5,4,45473,19597
veh4,45488,23.1193,,0,CAM,4,,45488,-1
veh4,45510,,23.1371,0,CAM_DROP_PHY,3,4,45510,19635
veh4,45505,,23.1376,0,CAM_DROP_PHY,8,4,45505,19634
veh4,699539210862,,23.1678,0,CPM_DROP_PHY,6,4,699539210862,19679
veh4,45531,,23.1698,0,CAM_DROP_PHY,9,4,45531,19669
veh4,45662,,23.2103,1,CAM,5,4,45662,-1
veh4,699539210990,,23.2288,0,CPM_DROP_PHY,2,4,699539210990,19725
veh4,45690,,23.2376,0,CAM_DROP_PHY,8,4,45690,19744
veh4,45926,,23.3233,0,CAM_DROP_PHY,5,4,45926,19796
veh4,699539211253,,23.3288,0,CPM_DROP_PHY,2,4,699539211253,19801
veh4,45957,,23.3371,0,CAM_DROP_PHY,3,4,45957,19821
veh4,45952,,23.3376,0,CAM_DROP_PHY,8,4,45952,19819
veh4,45971,,23.3506,0,CAM_DROP_PHY,7,4,45971,19844
veh4,45984,,23.3678,0,CAM_DROP_PHY,6,4,45984,19855
veh4,46028,,23.4088,1,CAM,2,4,46028,-1
veh4,46135,23.4193,,0,CAM,4,,46135,-1
veh4,46115,,23.4233,1,CAM,5,4,46115,-1
veh4,699539211462,,23.4233,0,CPM_DROP_PHY,5,4,699539211462,19908
veh4,46156,,23.4376,0,CAM_DROP_PHY,8,4,46156,19945
veh4,46188,,23.4698,1,CAM,9,4,46188,-1
veh4,46312,,23.5233,0,CAM_DROP_PHY,5,4,46312,20027
veh4,46344,,23.5371,1,CAM,3,4,46344,-1
veh4,46339,,23.5376,0,CAM_DROP_PHY,8,4,46339,20050
veh4,699539211671,,23.5506,0,CPM_DROP_PHY,7,4,699539211671,20056
veh4,699539211704,,23.5678,0,CPM_DROP_PHY,6,4,699539211704,20100
veh4,46421,,23.5958,0,CAM_DROP_PHY,10,4,46421,20134
veh4,699539211750,,23.5976,0,CPM_DROP_PHY,8,4,699539211750,20144
veh4,46446,,23.5993,1,CAM,11,4,46446,-1
veh4,46530,,23.6233,0,CAM_DROP_PHY,5,4,46530,20176
veh4,46556,,23.6376,0,CAM_DROP_PHY,8,4,46556,20203
veh4,46578,,23.6506,0,CAM_DROP_PHY,7,4,46578,20227
veh4,46594,,23.6678,0,CAM_DROP_PHY,6,4,46594,20239
veh4,46729,23.7193,,0,CAM,4,,46729,-1
veh4,46715,,23.7208,0,CAM_DROP_PHY,12,4,46715,20280
veh4,46744,,23.7371,1,CAM,3,4,46744,-1
veh4,699539212068,,23.7371,0,CPM_DROP_PHY,3,4,699539212068,20304
veh4,46770,,23.7688,0,CAM_DROP_PHY,9,4,46770,20334
veh4,47000,,23.8233,0,CAM_DROP_PHY,5,4,47000,20376
veh4,47021,,23.8421,0,CAM_DROP_PHY,8,4,47021,20398
veh4,47089,,23.9088,1,CAM,2,4,47089,-1
veh4,699539212492,,23.9158,0,CPM_DROP_PHY,10,4,699539212492,20463
veh4,47209,,23.9371,0,CAM_DROP_PHY,3,4,47209,20506
veh4,47228,,23.9506,1,CAM,7,4,47228,-1
veh4,47240,,23.9678,0,CAM_DROP_PHY,6,4,47240,20537
veh4,47361,24.0193,,0,CAM,4,,47361,-1
veh4,699539212727,,24.0608,0,CPM_DROP_PHY,12,4,699539212727,20625
veh4,47404,,24.0688,0,CAM_DROP_PHY,9,4,47404,20623
veh4,699539212741,,24.0688,0,CPM_DROP_PHY,9,4,699539212741,20623
veh4,699539212776,,24.1021,0,CPM_DROP_PHY,8,4,699539212776,20675
veh4,47544,,24.1241,0,CAM_DROP_PHY,5,4,47544,20695
veh4,47571,,24.1371,1,CAM,3,4,47571,-1
veh4,47566,,24.1421,0,CAM_DROP_PHY,8,4,47566,20717
veh4,47594,,24.1678,0,CAM_DROP_PHY,6,4,47594,20749
veh4,47620,,24.1958,0,CAM_DROP_PHY,10,4,47620,20767
veh4,699539212949,,24.2021,0,CPM_DROP_PHY,8,4,699539212949,20775
veh4,47640,,24.2066,1,CAM,11,4,47640,-1
veh4,47760,,24.2461,1,CAM,7,4,47760,-1
veh4,47775,,24.2641,0,CAM_DROP_PHY,6,4,47775,20849
veh4,47770,,24.2688,0,CAM_DROP_PHY,9,4,47770,20847
veh4,48011,24.3193,,0,CAM,4,,48011,-1
veh4,47995,,24.3208,0,CAM_DROP_PHY,12,4,47995,20894
veh4,48032,,24.3523,1,CAM,3,4,48032,-1
veh4,48057,,24.3641,1,CAM,6,4,48057,-1
veh4,48053,,24.3688,0,CAM_DROP_PHY,9,4,48053,20947
veh4,48187,,24.4241,0,CAM_DROP_PHY,5,4,48187,21005
veh4,699539213529,,24.4241,0,CPM_DROP_PHY,5,4,699539213529,21005
veh4,699539213516,,24.4291,0,CPM_DROP_PHY,2,4,699539213516,21009
veh4,48224,,24.4421,0,CAM_DROP_PHY,8,4,48224,21039
veh4,699539213551,,24.4523,0,CPM_DROP_PHY,3,4,699539213551,21045
veh4,48253,,24.4641,0,CAM_DROP_PHY,6,4,48253,21071
veh4,48248,,24.4688,0,CAM_DROP_PHY,9,4,48248,21067
veh4,48303,,24.5091,0,CAM_DROP_PHY,2,4,48303,21116
veh4,48391,24.5193,,0,CAM,4,,48391,-1
veh4,699539213704,,24.5291,0,CPM_DROP_PHY,2,4,699539213704,21127
veh4,48423,,24.5461,1,CAM,7,4,48423,-1
veh4,699539213732,,24.5523,0,CPM_DROP_PHY,3,4,699539213732,21149
veh4,699539213761,,24.5561,0,CPM_DROP_PHY,12,4,699539213761,21176
veh4,48437,,24.5688,0,CAM_DROP_PHY,9,4,48437,21175
veh4,699539213820,,24.6021,0,CPM_DROP_PHY,8,4,699539213820,21236
veh4,48591,24.6193,,0,CAM,4,,48591,-1
veh4,48604,,24.6523,1,CAM,3,4,48604,-1
veh4,699539213928,,24.6523,0,CPM_DROP_PHY,3,4,699539213928,21274
veh4,48627,,24.6641,1,CAM,6,4,48627,-1
veh4,48765,24.7193,,0,CAM,4,,48765,-1
veh4,48755,,24.7241,0,CAM_DROP_PHY,5,4,48755,21347
veh4,48779,,24.7421,1,CAM,8,4,48779,-1
veh4,699539214105,,24.7486,0,CPM_DROP_PHY,3,4,699539214105,21370
veh4,48809,,24.7646,1,CAM,9,4,48809,-1
veh4,48849,,24.7926,0,CAM_DROP_PHY,10,4,48849,21426
veh4,48866,,24.8001,0,CAM_DROP_PHY,11,4,48866,21441
veh4,49052,24.8193,,0,CAM,4,,49052,-1
veh4,49076,,24.8461,0,CAM_DROP_PHY,7,4,49076,21481
veh4,49095,,24.8641,0,CAM_DROP_PHY,6,4,49095,21502
veh4,699539214544,,24.9126,0,CPM_DROP_PHY,10,4,699539214544,21553
veh4,49215,,24.9161,0,CAM_DROP_PHY,12,4,49215,21541
veh4,699539214563,,24.9241,0,CPM_DROP_PHY,5,4,699539214563,21572
veh4,699539214550,,24.9291,0,CPM_DROP_PHY,2,4,699539214550,21557
veh4,49269,,24.9453,0,CAM_DROP_PHY,7,4,49269,21604
veh4,49259,,24.9486,1,CAM,3,4,49259,-1
veh4,49282,,24.9646,0,CAM_DROP_PHY,9,4,49282,21620
veh4,49423,25.0193,,0,CAM,4,,49423,-1
veh4,49411,,25.0241,1,CAM,5,4,49411,-1
veh4,49436,,25.0421,0,CAM_DROP_PHY,8,4,49436,21691
veh4,699539214764,,25.0453,0,CPM_DROP_PHY,7,4,699539214764,21697
veh4,49452,,25.0453,1,CAM,7,4,49452,-1
veh4,699539214806,,25.0646,0,CPM_DROP_PHY,9,4,699539214806,21747
veh4,699539214846,,25.1021,0,CPM_DROP_PHY,8,4,699539214846,21787
veh4,49536,,25.1091,1,CAM,2,4,49536,-1
veh4,49647,,25.1453,0,CAM_DROP_PHY,7,4,49647,21835
veh4,49665,,25.1641,1,CAM,6,4,49665,-1
veh4,49799,25.2193,,0,CAM,4,,49799,-1
veh4,49822,,25.2453,0,CAM_DROP_PHY,7,4,49822,21927
veh4,49811,,25.2486,1,CAM,3,4,49811,-1
veh4,49836,,25.2646,0,CAM_DROP_PHY,9,4,49836,21947
veh4,50060,,25.3208,0,CAM_DROP_PHY,5,4,50060,21992
veh4,50096,,25.3453,0,CAM_DROP_PHY,7,4,50096,22020
veh4,50083,,25.3503,1,CAM,8,4,50083,-1
veh4,50149,,25.3926,0,CAM_DROP_PHY,10,4,50149,22063
veh4,50168,,25.4028,0,CAM_DROP_PHY,11,4,50168,22075
veh4,50244,,25.4208,0,CAM_DROP_PHY,5,4,50244,22091
veh4,699539215573,,25.4291,0,CPM_DROP_PHY,2,4,699539215573,22100
veh4,699539215586,,25.4408,0,CPM_DROP_PHY,5,4,699539215586,22116
veh4,50298,,25.4643,0,CAM_DROP_PHY,6,4,50298,22153
veh4,50424,,25.5161,0,CAM_DROP_PHY,12,4,50424,22196
veh4,50442,25.5193,,0,CAM,4,,50442,-1
veh4,50429,,25.5208,1,CAM,5,4,50429,-1
veh4,50473,,25.5453,1,CAM,7,4,50473,-1
veh4,50458,,25.5486,0,CAM_DROP_PHY,3,4,50458,22234
veh4,699539215813,,25.5561,0,CPM_DROP_PHY,12,4,699539215813,22262
veh4,699539215826,,25.5643,0,CPM_DROP_PHY,6,4,699539215826,22276
veh4,50490,,25.5646,1,CAM,9,4,50490,-1
veh4,699539215828,,25.5646,0,CPM_DROP_PHY,9,4,699539215828,22261
veh4,699539215869,,25.5903,0,CPM_DROP_PHY,8,4,699539215869,22319
veh4,50560,,25.6091,0,CAM_DROP_PHY,2,4,50560,22332
veh4,50636,,25.6208,1,CAM,5,4,50636,-1
veh4,50658,,25.6503,1,CAM,8,4,50658,-1
veh4,50825,,25.7503,1,CAM,8,4,50825,-1
veh4,50854,,25.7643,0,CAM_DROP_PHY,6,4,50854,22472
veh4,51078,,25.8128,0,CAM_DROP_PHY,5,4,51078,22521
veh4,51090,25.8193,,0,CAM,4,,51090,-1
veh4,51102,,25.8341,1,CAM,8,4,51102,-1
veh4,51120,,25.8453,1,CAM,7,4,51120,-1
veh4,51108,,25.8473,0,CAM_DROP_PHY,3,4,51108,22551
veh4,699539216432,,25.8473,0,CPM_DROP_PHY,3,4,699539216432,22551
veh4,51138,,25.8646,0,CAM_DROP_PHY,9,4,51138,22579
veh4,699539216602,,25.9328,0,CPM_DROP_PHY,5,4,699539216602,22648
veh4,51294,,25.9341,0,CAM_DROP_PHY,8,4,51294,22657
veh4,699539216653,,25.9646,0,CPM_DROP_PHY,9,4,699539216653,22702
veh4,51360,,25.9926,0,CAM_DROP_PHY,10,4,51360,22720
veh4,51379,,26.0171,0,CAM_DROP_PHY,11,4,51379,22737
veh4,699539216797,,26.0473,0,CPM_DROP_PHY,3,4,699539216797,22768
veh4,699539216822,,26.0606,0,CPM_DROP_PHY,12,4,699539216822,22785
veh4,51504,,26.0643,0,CAM_DROP_PHY,6,4,51504,22786
veh4,699539216835,,26.0643,0,CPM_DROP_PHY,6,4,699539216835,22786
veh4,51651,,26.1128,0,CAM_DROP_PHY,5,4,51651,22865
veh4,51664,26.1193,,0,CAM,4,,51664,-1
veh4,51646,,26.1206,0,CAM_DROP_PHY,12,4,51646,22858
veh4,51678,,26.1341,0,CAM_DROP_PHY,8,4,51678,22892
veh4,51695,,26.1448,1,CAM,7,4,51695,-1
veh4,51683,,26.1473,1,CAM,3,4,51683,-1
veh4,699539217007,,26.1473,0,CPM_DROP_PHY,3,4,699539217007,22902
veh4,51712,,26.1563,1,CAM,9,4,51712,-1
veh4,51760,,26.2051,1,CAM,2,4,51760,-1
veh4,51855,26.2193,,0,CAM,4,,51855,-1
veh4,699539217190,,26.2473,0,CPM_DROP_PHY,3,4,699539217190,23003
veh4,51891,,26.2643,0,CAM_DROP_PHY,6,4,51891,23022
veh4,52117,26.3193,,0,CAM,4,,52117,-1
veh4,52131,,26.3341,1,CAM,8,4,52131,-1
veh4,699539217458,,26.3473,0,CPM_DROP_PHY,3,4,699539217458,23090
veh4,52160,,26.3643,0,CAM_DROP_PHY,6,4,52160,23111
veh4,699539217605,,26.4126,0,CPM_DROP_PHY,10,4,699539217605,23153
veh4,52282,,26.4128,0,CAM_DROP_PHY,5,4,52282,23152
veh4,52302,26.4193,,0,CAM,4,,52302,-1
veh4,52339,,26.4448,1,CAM,7,4,52339,-1
veh4,52324,,26.4473,0,CAM_DROP_PHY,3,4,52324,23203
veh4,699539217651,,26.4473,0,CPM_DROP_PHY,3,4,699539217651,23203
veh4,52354,,26.4563,0,CAM_DROP_PHY,9,4,52354,23232
veh4,52358,,26.4571,0,CAM_DROP_PHY,6,4,52358,23236
veh4,52485,26.5193,,0,CAM,4,,52485,-1
veh4,699539217845,,26.5713,0,CPM_DROP_PHY,12,4,699539217845,23329
veh4,52571,,26.5973,0,CAM_DROP_PHY,10,4,52571,23370
veh4,52592,,26.6123,1,CAM,11,4,52592,-1
veh4,52678,26.6193,,0,CAM,4,,52678,-1
veh4,699539218016,,26.6403,0,CPM_DROP_PHY,3,4,699539218016,23446
veh4,52690,,26.6491,0,CAM_DROP_PHY,8,4,52690,23439
veh4,52716,,26.6563,0,CAM_DROP_PHY,9,4,52716,23462
veh4,52721,,26.6571,1,CAM,6,4,52721,-1
veh4,699539218078,,26.6891,0,CPM_DROP_PHY,8,4,699539218078,23506
veh4,52846,,26.7113,1,CAM,12,4,52846,-1
veh4,52852,,26.7141,1,CAM,5,4,52852,-1
veh4,52877,,26.7403,0,CAM_DROP_PHY,3,4,52877,23557
veh4,699539218201,,26.7403,0,CPM_DROP_PHY,3,4,699539218201,23557
veh4,52894,,26.7448,0,CAM_DROP_PHY,7,4,52894,23565
veh4,52906,,26.7563,0,CAM_DROP_PHY,9,4,52906,23574
veh4,53146,26.8193,,0,CAM,4,,53146,-1
veh4,53160,,26.8403,1,CAM,3,4,53160,-1
veh4,53179,,26.8563,1,CAM,9,4,53179,-1
veh4,53183,,26.8571,1,CAM,6,4,53183,-1
veh4,53244,,26.9051,1,CAM,2,4,53244,-1
veh4,699539218559,,26.9203,0,CPM_DROP_PHY,11,4,699539218559,23719
veh4,699539218671,,26.9341,0,CPM_DROP_PHY,5,4,699539218671,23762
veh4,53368,,26.9403,0,CAM_DROP_PHY,3,4,53368,23781
veh4,53364,,26.9491,1,CAM,8,4,53364,-1
veh4,53395,,26.9563,0,CAM_DROP_PHY,9,4,53395,23806
veh4,699539218762,,26.9891,0,CPM_DROP_PHY,8,4,699539218762,23852
veh4,53538,,27.0141,1,CAM,5,4,53538,-1
veh4,53560,,27.0403,0,CAM_DROP_PHY,3,4,53560,23899
veh4,699539218887,,27.0448,0,CPM_DROP_PHY,7,4,699539218887,23901
veh4,53580,,27.0448,1,CAM,7,4,53580,-1
veh4,699539218932,,27.0771,0,CPM_DROP_PHY,6,4,699539218932,23936
veh4,699539218975,,27.0891,0,CPM_DROP_PHY,8,4,699539218975,23970
veh4,53748,,27.1141,1,CAM,5,4,53748,-1
veh4,53761,27.1193,,0,CAM,4,,53761,-1
veh4,53777,,27.1403,1,CAM,3,4,53777,-1
veh4,53801,,27.1563,0,CAM_DROP_PHY,9,4,53801,24044
veh4,53805,,27.1631,0,CAM_DROP_PHY,6,4,53805,24046
veh4,53853,,27.1973,0,CAM_DROP_PHY,10,4,53853,24088
veh4,53871,,27.2123,1,CAM,11,4,53871,-1
veh4,53951,,27.2141,0,CAM_DROP_PHY,5,4,53951,24117
veh4,699539219301,,27.2448,0,CPM_DROP_PHY,7,4,699539219301,24149
veh4,53987,,27.2448,1,CAM,7,4,53987,-1
veh4,53975,,27.2491,0,CAM_DROP_PHY,8,4,53975,24146
veh4,699539219332,,27.2631,0,CPM_DROP_PHY,6,4,699539219332,24176
veh4,54235,,27.3171,0,CAM_DROP_PHY,12,4,54235,24217
veh4,54240,,27.3173,0,CAM_DROP_PHY,5,4,54240,24221
veh4,54266,,27.3403,1,CAM,3,4,54266,-1
veh4,54282,,27.3448,1,CAM,7,4,54282,-1
veh4,54295,,27.3578,0,CAM_DROP_PHY,9,4,54295,24271
veh4,699539219628,,27.3631,0,CPM_DROP_PHY,6,4,699539219628,24288
veh4,699539219632,,27.3778,0,CPM_DROP_PHY,9,4,699539219632,24290
veh4,54369,,27.4011,0,CAM_DROP_PHY,2,4,54369,24332
veh4,699539219773,,27.4093,0,CPM_DROP_PHY,10,4,699539219773,24351
veh4,54448,,27.4173,0,CAM_DROP_PHY,5,4,54448,24347
veh4,54471,27.4193,,0,CAM,4,,54471,-1
veh4,699539219814,,27.4453,0,CPM_DROP_PHY,7,4,699539219814,24399
veh4,54509,,27.4453,0,CAM_DROP_PHY,7,4,54509,24399
veh4,54527,,27.4631,1,CAM,6,4,54527,-1
veh4,699539219857,,27.4778,0,CPM_DROP_PHY,9,4,699539219857,24447
veh4,54661,,27.5173,0,CAM_DROP_PHY,5,4,54661,24486
veh4,699539220013,,27.5453,0,CPM_DROP_PHY,7,4,699539220013,24510
veh4,54704,,27.5453,0,CAM_DROP_PHY,7,4,54704,24510
veh4,54682,,27.5491,1,CAM,8,4,54682,-1
veh4,699539220040,,27.5571,0,CPM_DROP_PHY,12,4,699539220040,24534
veh4,699539220052,,27.5631,0,CPM_DROP_PHY,6,4,699539220052,24551
veh4,699539220095,,27.5891,0,CPM_DROP_PHY,8,4,699539220095,24593
veh4,54887,,27.6383,0,CAM_DROP_PHY,3,4,54887,24628
veh4,54912,,27.6578,1,CAM,9,4,54912,-1
veh4,55149,,27.7173,0,CAM_DROP_PHY,5,4,55149,24709
veh4,55160,27.7193,,0,CAM,4,,55160,-1
veh4,55184,,27.7453,0,CAM_DROP_PHY,7,4,55184,24745
veh4,55171,,27.7491,0,CAM_DROP_PHY,8,4,55171,24731
veh4,55197,,27.7631,1,CAM,6,4,55197,-1
veh4,699539220559,,27.7891,0,CPM_DROP_PHY,8,4,699539220559,24794
veh4,55232,,27.7893,0,CAM_DROP_PHY,10,4,55232,24790
veh4,55253,,27.8078,1,CAM,11,4,55253,-1
veh4,699539220679,,27.8453,0,CPM_DROP_PHY,7,4,699539220679,24843
veh4,55352,,27.8491,0,CAM_DROP_PHY,8,4,55352,24842
veh4,699539220740,,27.9078,0,CPM_DROP_PHY,11,4,699539220740,24891
veh4,699539220824,,27.9093,0,CPM_DROP_PHY,10,4,699539220824,24904
veh4,55495,,27.9171,0,CAM_DROP_PHY,12,4,55495,24898
veh4,55539,,27.9383,0,CAM_DROP_PHY,3,4,55539,24947
veh4,699539220863,,27.9453,0,CPM_DROP_PHY,7,4,699539220863,24948
veh4,55533,,27.9491,1,CAM,8,4,55533,-1
veh4,55568,,27.9578,0,CAM_DROP_PHY,9,4,55568,24977
veh4,55573,,27.9631,0,CAM_DROP_PHY,6,4,55573,24980
veh4,699539220931,,27.9893,0,CPM_DROP_PHY,8,4,699539220931,25023
veh4,55625,,28.0011,0,CAM_DROP_PHY,2,4,55625,25031
veh4,55704,,28.0173,0,CAM_DROP_PHY,5,4,55704,25046
veh4,55716,28.0193,,0,CAM,4,,55716,-1
veh4,55728,,28.0493,0,CAM_DROP_PHY,8,4,55728,25072
veh4,55765,,28.0631,0,CAM_DROP_PHY,6,4,55765,25111
veh4,55750,,28.1576,0,CAM_DROP_PHY,7,4,55750,25097
veh4,55948,,28.1631,1,CAM,6,4,55948,-1
veh4,699539221277,,28.1778,0,CPM_DROP_PHY,9,4,699539221277,25235
veh4,55999,,28.2011,0,CAM_DROP_PHY,2,4,55999,25266
veh4,56203,,28.2383,0,CAM_DROP_PHY,3,4,56203,25296
veh4,56199,,28.2493,0,CAM_DROP_PHY,8,4,56199,25295
veh4,56235,,28.2631,1,CAM,6,4,56235,-1
veh4,56231,,28.2653,0,CAM_DROP_PHY,9,4,56231,25324
veh4,56282,,28.3011,1,CAM,2,4,56282,-1
veh4,56365,,28.3173,0,CAM_DROP_PHY,5,4,56365,25380
veh4,56378,28.3193,,0,CAM,4,,56378,-1
veh4,699539221714,,28.3376,0,CPM_DROP_PHY,7,4,699539221714,25407
veh4,56407,,28.3576,0,CAM_DROP_PHY,7,4,56407,25422
veh4,56447,,28.3851,0,CAM_DROP_PHY,10,4,56447,25457
veh4,699539221781,,28.4078,0,CPM_DROP_PHY,11,4,699539221781,25467
veh4,56466,,28.4078,0,CAM_DROP_PHY,11,4,56466,25467
veh4,699539221869,,28.4251,0,CPM_DROP_PHY,10,4,699539221869,25485
veh4,699539221900,,28.4376,0,CPM_DROP_PHY,7,4,699539221900,25515
veh4,699539221887,,28.4408,0,CPM_DROP_PHY,5,4,699539221887,25502
veh4,56603,,28.4711,0,CAM_DROP_PHY,6,4,56603,25546
veh4,699539221959,,28.4893,0,CPM_DROP_PHY,8,4,699539221959,25573
veh4,56650,,28.5011,0,CAM_DROP_PHY,2,4,56650,25582
veh4,56736,,28.5171,0,CAM_DROP_PHY,12,4,56736,25592
veh4,56752,28.5193,,0,CAM,4,,56752,-1
veh4,56770,,28.5386,0,CAM_DROP_PHY,3,4,56770,25624
veh4,699539222094,,28.5386,0,CPM_DROP_PHY,3,4,699539222094,25624
veh4,56766,,28.5493,0,CAM_DROP_PHY,8,4,56766,25623
veh4,56804,,28.5653,0,CAM_DROP_PHY,9,4,56804,25659
veh4,699539222183,,28.5893,0,CPM_DROP_PHY,8,4,699539222183,25718
veh4,56968,28.6193,,0,CAM,4,,56968,-1
veh4,56957,,28.6208,0,CAM_DROP_PHY,5,4,56957,25737
veh4,699539222306,,28.6376,0,CPM_DROP_PHY,7,4,699539222306,25761
veh4,56996,,28.6576,1,CAM,7,4,56996,-1
veh4,57010,,28.6711,1,CAM,6,4,57010,-1
veh4,57056,,28.7038,0,CAM_DROP_PHY,2,4,57056,25827
veh4,57252,28.7193,,0,CAM,4,,57252,-1
veh4,57288,,28.7653,1,CAM,9,4,57288,-1
veh4,57419,28.8193,,0,CAM,4,,57419,-1
veh4,699539222760,,28.8376,0,CPM_DROP_PHY,7,4,699539222760,25937
veh4,57436,,28.8386,0,CAM_DROP_PHY,3,4,57436,25936
veh4,57432,,28.8448,1,CAM,8,4,57432,-1
veh4,57462,,28.8653,1,CAM,9,4,57462,-1
veh4,57468,,28.8711,1,CAM,6,4,57468,-1
veh4,57517,,28.9038,0,CAM_DROP_PHY,2,4,57517,26020
veh4,57609,28.9193,,0,CAM,4,,57609,-1
veh4,57594,,28.9208,0,CAM_DROP_PHY,5,4,57594,26032
veh4,57641,,28.9576,1,CAM,7,4,57641,-1
veh4,57651,,28.9653,1,CAM,9,4,57651,-1
veh4,57686,,28.9851,1,CAM,10,4,57686,-1
veh4,57703,,29.0168,1,CAM,11,4,57703,-1
veh4,57800,,29.0386,1,CAM,3,4,57800,-1
veh4,699539223162,,29.0711,0,CPM_DROP_PHY,6,4,699539223162,26220
veh4,57893,,29.1038,0,CAM_DROP_PHY,2,4,57893,26265
veh4,699539223204,,29.1048,0,CPM_DROP_PHY,8,4,699539223204,26260
veh4,57965,,29.1133,1,CAM,12,4,57965,-1
veh4,57987,29.1193,,0,CAM,4,,57987,-1
veh4,58003,,29.1386,0,CAM_DROP_PHY,3,4,58003,26310
veh4,57999,,29.1448,1,CAM,8,4,57999,-1
veh4,58024,,29.1653,0,CAM_DROP_PHY,9,4,58024,26336
veh4,58029,,29.1711,0,CAM_DROP_PHY,6,4,58029,26340
veh4,58250,,29.2208,0,CAM_DROP_PHY,5,4,58250,26389
veh4,58272,,29.2386,1,CAM,3,4,58272,-1
veh4,58283,,29.2576,1,CAM,7,4,58283,-1
veh4,58335,,29.3038,0,CAM_DROP_PHY,2,4,58335,26462
veh4,58416,29.3193,,0,CAM,4,,58416,-1
veh4,58429,,29.3386,0,CAM_DROP_PHY,3,4,58429,26491
veh4,58441,,29.3576,0,CAM_DROP_PHY,7,4,58441,26504
veh4,58455,,29.3653,1,CAM,9,4,58455,-1
veh4,58567,,29.4208,0,CAM_DROP_PHY,5,4,58567,26563
veh4,58594,,29.4386,1,CAM,3,4,58594,-1
veh4,58589,,29.4448,1,CAM,8,4,58589,-1
veh4,58603,,29.4576,0,CAM_DROP_PHY,7,4,58603,26596
veh4,58616,,29.4723,0,CAM_DROP_PHY,6,4,58616,26610
veh4,699539223977,,29.4968,0,CPM_DROP_PHY,11,4,699539223977,26651
veh4,58663,,29.5038,0,CAM_DROP_PHY,2,4,58663,26657
veh4,58737,,29.5208,1,CAM,5,4,58737,-1
veh4,699539224067,,29.5238,0,CPM_DROP_PHY,2,4,699539224067,26675
veh4,58776,,29.5386,0,CAM_DROP_PHY,3,4,58776,26712
veh4,58771,,29.5448,0,CAM_DROP_PHY,8,4,58771,26706
veh4,58789,,29.5536,1,CAM,7,4,58789,-1
veh4,58832,,29.5878,1,CAM,10,4,58832,-1
veh4,58849,,29.6168,1,CAM,11,4,58849,-1
veh4,58936,29.6193,,0,CAM,4,,58936,-1
veh4,58923,,29.6208,0,CAM_DROP_PHY,5,4,58923,26794
veh4,58949,,29.6448,1,CAM,8,4,58949,-1
veh4,58976,,29.6571,1,CAM,9,4,58976,-1
veh4,699539224301,,29.6696,0,CPM_DROP_PHY,12,4,699539224301,26857
veh4,699539224316,,29.6771,0,CPM_DROP_PHY,9,4,699539224316,26874
veh4,59047,,29.7038,0,CAM_DROP_PHY,2,4,59047,26933
veh4,699539224357,,29.7048,0,CPM_DROP_PHY,8,4,699539224357,26921
veh4,59120,,29.7096,1,CAM,12,4,59120,-1
veh4,59131,,29.7163,0,CAM_DROP_PHY,5,4,59131,26945
veh4,59262,,29.7386,0,CAM_DROP_PHY,3,4,59262,26985
veh4,59257,,29.7448,1,CAM,8,4,59257,-1
veh4,59274,,29.7536,0,CAM_DROP_PHY,7,4,59274,26993
veh4,59287,,29.7723,0,CAM_DROP_PHY,6,4,59287,27008
veh4,59334,,29.8038,0,CAM_DROP_PHY,2,4,59334,27053
veh4,59418,,29.8163,0,CAM_DROP_PHY,5,4,59418,27063
veh4,59503,,29.9038,0,CAM_DROP_PHY,2,4,59503,27132
veh4,699539224813,,29.9048,0,CPM_DROP_PHY,8,4,699539224813,27124
veh4,59597,29.9193,,0,CAM,4,,59597,-1
veh4,59611,,29.9466,0,CAM_DROP_PHY,8,4,59611,27168
veh4,59632,,29.9571,1,CAM,9,4,59632,-1
veh4,59690,,30.0038,0,CAM_DROP_PHY,2,4,59690,27238
veh4,59766,,30.0163,1,CAM,5,4,59766,-1
veh4,699539225095,,30.0238,0,CPM_DROP_PHY,2,4,699539225095,27254
veh4,699539225090,,30.0246,0,CPM_DROP_PHY,10,4,699539225090,27250
veh4,59816,,30.0536,0,CAM_DROP_PHY,7,4,59816,27294
veh4,59802,,30.0538,0,CAM_DROP_PHY,3,4,59802,27293
veh4,59828,,30.0723,0,CAM_DROP_PHY,6,4,59828,27314
veh4,699539225191,,30.0866,0,CPM_DROP_PHY,8,4,699539225191,27354
veh4,59884,,30.1133,0,CAM_DROP_PHY,2,4,59884,27371
veh4,59980,,30.1466,0,CAM_DROP_PHY,8,4,59980,27395
veh4,60057,,30.1846,1,CAM,10,4,60057,-1
veh4,60082,,30.2133,0,CAM_DROP_PHY,2,4,60082,27503
veh4,60263,,30.2163,0,CAM_DROP_PHY,5,4,60263,27511
veh4,60086,,30.2173,1,CAM,11,4,60086,-1
veh4,60279,30.2193,,0,CAM,4,,60279,-1
veh4,60311,,30.2571,0,CAM_DROP_PHY,9,4,60311,27565
veh4,60314,,30.2723,0,CAM_DROP_PHY,6,4,60314,27567
veh4,60438,,30.3096,1,CAM,12,4,60438,-1
veh4,60369,,30.3133,0,CAM_DROP_PHY,2,4,60369,27617
veh4,60467,,30.3466,0,CAM_DROP_PHY,8,4,60467,27649
veh4,60480,,30.3536,0,CAM_DROP_PHY,7,4,60480,27659
veh4,60471,,30.3538,0,CAM_DROP_PHY,3,4,60471,27654
veh4,60492,,30.3723,0,CAM_DROP_PHY,6,4,60492,27670
veh4,60538,,30.4133,1,CAM,2,4,60538,-1
veh4,60649,,30.4531,0,CAM_DROP_PHY,9,4,60649,27756
veh4,699539225955,,30.4536,0,CPM_DROP_PHY,7,4,699539225955,27749
veh4,60653,,30.4723,0,CAM_DROP_PHY,6,4,60653,27758
veh4,60701,,30.5133,1,CAM,2,4,60701,-1
veh4,699539226105,,30.5133,0,CPM_DROP_PHY,2,4,699539226105,27808
veh4,60776,,30.5163,0,CAM_DROP_PHY,5,4,60776,27817
veh4,60796,30.5193,,0,CAM,4,,60796,-1
veh4,60838,,30.5531,0,CAM_DROP_PHY,9,4,60838,27884
veh4,699539226140,,30.5536,0,CPM_DROP_PHY,7,4,699539226140,27866
veh4,60842,,30.5723,0,CAM_DROP_PHY,6,4,60842,27886
veh4,60889,,30.6133,1,CAM,2,4,60889,-1
veh4,60983,,30.6466,0,CAM_DROP_PHY,8,4,60983,27959
veh4,61011,,30.6531,0,CAM_DROP_PHY,9,4,61011,27982
veh4,699539226314,,30.6536,0,CPM_DROP_PHY,7,4,699539226314,27967
veh4,61001,,30.6536,0,CAM_DROP_PHY,7,4,61001,27967
veh4,60988,,30.6538,0,CAM_DROP_PHY,3,4,60988,27965
veh4,61018,,30.6626,1,CAM,6,4,61018,-1
veh4,699539226354,,30.6626,0,CPM_DROP_PHY,6,4,699539226354,27984
veh4,699539226335,,30.6696,0,CPM_DROP_PHY,12,4,699539226335,27983
veh4,699539226357,,30.6731,0,CPM_DROP_PHY,9,4,699539226357,28007
veh4,699539226398,,30.6866,0,CPM_DROP_PHY,8,4,699539226398,28051
veh4,61092,,30.7133,0,CAM_DROP_PHY,2,4,61092,28073
veh4,61302,,30.7531,0,CAM_DROP_PHY,9,4,61302,28109
veh4,61306,,30.7626,0,CAM_DROP_PHY,6,4,61306,28110
veh4,61338,,30.7828,0,CAM_DROP_PHY,10,4,61338,28141
veh4,699539226666,,30.7866,0,CPM_DROP_PHY,8,4,699539226666,28149
veh4,61362,,30.8133,1,CAM,2,4,61362,-1
veh4,61366,,30.8173,0,CAM_DROP_PHY,11,4,61366,28170
veh4,61453,30.8193,,0,CAM,4,,61453,-1
veh4,61599,,30.9051,1,CAM,12,4,61599,-1
veh4,61529,,30.9133,0,CAM_DROP_PHY,2,4,61529,28263
veh4,61437,,30.9168,0,CAM_DROP_PHY,5,4,61437,28176
veh4,61627,,30.9466,0,CAM_DROP_PHY,8,4,61627,28297
veh4,699539226956,,30.9498,0,CPM_DROP_PHY,7,4,699539226956,28302
veh4,61643,,30.9498,0,CAM_DROP_PHY,7,4,61643,28302
veh4,61658,,30.9531,1,CAM,9,4,61658,-1
veh4,61632,,30.9538,0,CAM_DROP_PHY,3,4,61632,28301
veh4,61663,,30.9626,1,CAM,6,4,61663,-1
veh4,61714,,31.0131,0,CAM_DROP_PHY,2,4,61714,28379
veh4,699539227106,,31.0228,0,CPM_DROP_PHY,10,4,699539227106,28389
veh4,61886,,31.1131,0,CAM_DROP_PHY,2,4,61886,28480
veh4,61954,,31.1168,0,CAM_DROP_PHY,5,4,61954,28486
veh4,61969,31.1193,,0,CAM,4,,61969,-1
veh4,699539227307,,31.1498,0,CPM_DROP_PHY,7,4,699539227307,28524
veh4,61995,,31.1498,0,CAM_DROP_PHY,7,4,61995,28524
veh4,62048,,31.2131,0,CAM_DROP_PHY,2,4,62048,28568
veh4,62141,,31.2418,0,CAM_DROP_PHY,8,4,62141,28593
veh4,62160,,31.2498,1,CAM,7,4,62160,-1
veh4,62275,,31.2531,0,CAM_DROP_PHY,9,4,62275,28617
veh4,62145,,31.2538,0,CAM_DROP_PHY,3,4,62145,28597
veh4,699539227469,,31.2538,0,CPM_DROP_PHY,3,4,699539227469,28597
veh4,62282,,31.2626,0,CAM_DROP_PHY,6,4,62282,28620
veh4,62354,,31.3131,1,CAM,2,4,62354,-1
veh4,62459,,31.3498,0,CAM_DROP_PHY,7,4,62459,28740
veh4,62449,,31.3538,1,CAM,3,4,62449,-1
veh4,62500,,31.3858,0,CAM_DROP_PHY,10,4,62500,28774
veh4,699539227829,,31.4018,0,CPM_DROP_PHY,8,4,699539227829,28782
veh4,62520,,31.4131,0,CAM_DROP_PHY,2,4,62520,28794
veh4,62524,,31.4156,0,CAM_DROP_PHY,11,4,62524,28795
veh4,62597,,31.4168,0,CAM_DROP_PHY,5,4,62597,28805
veh4,62612,31.4193,,0,CAM,4,,62612,-1
veh4,62632,,31.4351,1,CAM,3,4,62632,-1
veh4,62758,,31.5051,1,CAM,12,4,62758,-1
veh4,62691,,31.5131,0,CAM_DROP_PHY,2,4,62691,28897
veh4,62793,,31.5418,1,CAM,8,4,62793,-1
veh4,62809,,31.5498,0,CAM_DROP_PHY,7,4,62809,28942
veh4,62823,,31.5531,0,CAM_DROP_PHY,9,4,62823,28959
veh4,62827,,31.5646,1,CAM,6,4,62827,-1
veh4,699539228193,,31.5956,0,CPM_DROP_PHY,11,4,699539228193,29006
veh4,62879,,31.6131,0,CAM_DROP_PHY,2,4,62879,29012
veh4,62987,,31.6351,1,CAM,3,4,62987,-1
veh4,699539228292,,31.6368,0,CPM_DROP_PHY,5,4,699539228292,29043
veh4,63049,,31.7131,0,CAM_DROP_PHY,2,4,63049,29113
veh4,63122,,31.7168,0,CAM_DROP_PHY,5,4,63122,29122
veh4,63137,31.7193,,0,CAM,4,,63137,-1
veh4,63151,,31.7418,0,CAM_DROP_PHY,8,4,63151,29156
veh4,699539228480,,31.7498,0,CPM_DROP_PHY,7,4,699539228480,29166
veh4,63169,,31.7498,1,CAM,7,4,63169,-1
veh4,699539228604,,31.7553,0,CPM_DROP_PHY,12,4,699539228604,29183
veh4,699539228622,,31.7731,0,CPM_DROP_PHY,9,4,699539228622,29209
veh4,63347,,31.8131,0,CAM_DROP_PHY,2,4,63347,29256
veh4,63441,,31.8351,0,CAM_DROP_PHY,3,4,63441,29283
veh4,63436,,31.8418,1,CAM,8,4,63436,-1
veh4,699539228766,,31.8436,0,CPM_DROP_PHY,7,4,699539228766,29289
veh4,63468,,31.8531,0,CAM_DROP_PHY,9,4,63468,29314
veh4,63473,,31.8646,0,CAM_DROP_PHY,6,4,63473,29316
veh4,699539228828,,31.9018,0,CPM_DROP_PHY,8,4,699539228828,29353
veh4,63517,,31.9131,1,CAM,2,4,63517,-1
veh4,63611,,31.9418,0,CAM_DROP_PHY,8,4,63611,29392
veh4,699539228937,,31.9436,0,CPM_DROP_PHY,7,4,699539228937,29398
veh4,63626,,31.9436,0,CAM_DROP_PHY,7,4,63626,29398
veh4,63674,,31.9858,0,CAM_DROP_PHY,10,4,63674,29439
veh4,63761,,32.0083,0,CAM_DROP_PHY,5,4,63761,29470
veh4,63692,,32.0121,0,CAM_DROP_PHY,2,4,63692,29463
veh4,63696,,32.0156,0,CAM_DROP_PHY,11,4,63696,29464
veh4,63776,32.0193,,0,CAM,4,,63776,-1
veh4,63790,,32.0418,1,CAM,8,4,63790,-1
veh4,63855,,32.1121,0,CAM_DROP_PHY,2,4,63855,29567
veh4,63920,,32.1153,1,CAM,12,4,63920,-1
veh4,63951,,32.1351,0,CAM_DROP_PHY,3,4,63951,29602
veh4,63946,,32.1418,0,CAM_DROP_PHY,8,4,63946,29599
veh4,63971,,32.1531,0,CAM_DROP_PHY,9,4,63971,29625
veh4,63975,,32.1646,0,CAM_DROP_PHY,6,4,63975,29628
veh4,64025,,32.2121,0,CAM_DROP_PHY,2,4,64025,29673
veh4,699539229421,,32.2121,0,CPM_DROP_PHY,2,4,699539229421,29673
veh4,699539229416,,32.2163,0,CPM_DROP_PHY,10,4,699539229416,29684
veh4,699539229438,,32.2283,0,CPM_DROP_PHY,5,4,699539229438,29706
veh4,64129,,32.2418,0,CAM_DROP_PHY,8,4,64129,29715
veh4,64140,,32.2436,0,CAM_DROP_PHY,7,4,64140,29727
veh4,699539229481,,32.2731,0,CPM_DROP_PHY,9,4,699539229481,29753
veh4,64367,,32.3083,1,CAM,5,4,64367,-1
veh4,64297,,32.3121,1,CAM,2,4,64297,-1
veh4,64383,32.3193,,0,CAM,4,,64383,-1
veh4,64396,,32.3418,1,CAM,8,4,64396,-1
veh4,699539229721,,32.3551,0,CPM_DROP_PHY,3,4,699539229721,29820
veh4,699539229745,,32.3633,0,CPM_DROP_PHY,12,4,699539229745,29849
veh4,64492,,32.4121,0,CAM_DROP_PHY,2,4,64492,29917
veh4,699539229909,,32.4436,0,CPM_DROP_PHY,7,4,699539229909,29947
veh4,64585,,32.4493,1,CAM,3,4,64585,-1
veh4,64610,,32.4531,1,CAM,9,4,64610,-1
veh4,64615,,32.4646,1,CAM,6,4,64615,-1
veh4,699539229971,,32.4961,0,CPM_DROP_PHY,8,4,699539229971,30007
veh4,64664,,32.5041,0,CAM_DROP_PHY,2,4,64664,30016
veh4,64753,,32.5361,0,CAM_DROP_PHY,8,4,64753,30047
veh4,64768,,32.5516,1,CAM,7,4,64768,-1
veh4,64810,,32.5963,0,CAM_DROP_PHY,10,4,64810,30092
veh4,64825,,32.6041,1,CAM,2,4,64825,-1
veh4,64900,,32.6083,0,CAM_DROP_PHY,5,4,64900,30118
veh4,64830,,32.6156,0,CAM_DROP_PHY,11,4,64830,30109
veh4,64915,32.6193,,0,CAM,4,,64915,-1
veh4,65053,,32.7033,0,CAM_DROP_PHY,12,4,65053,30207
veh4,64989,,32.7041,1,CAM,2,4,64989,-1
veh4,65082,,32.7493,1,CAM,3,4,65082,-1
veh4,65102,,32.7588,0,CAM_DROP_PHY,9,4,65102,30254
veh4,65110,,32.7646,1,CAM,6,4,65110,-1
veh4,65166,,32.8041,0,CAM_DROP_PHY,2,4,65166,30318
veh4,699539230659,,32.8163,0,CPM_DROP_PHY,10,4,699539230659,30331
veh4,699539230677,,32.8328,0,CPM_DROP_PHY,5,4,699539230677,30352
veh4,65368,,32.8361,0,CAM_DROP_PHY,8,4,65368,30361
veh4,65385,,32.8516,0,CAM_DROP_PHY,7,4,65385,30384
veh4,65395,,32.8588,1,CAM,9,4,65395,-1
veh4,699539230728,,32.8788,0,CPM_DROP_PHY,9,4,699539230728,30406
veh4,65445,,32.9041,0,CAM_DROP_PHY,2,4,65445,30442
veh4,65514,,32.9128,1,CAM,5,4,65514,-1
veh4,65527,32.9193,,0,CAM,4,,65527,-1
veh4,4,,32.9493,0,CAM_DROP_PHY,3,4,4,30478
veh4,699539230864,,32.9493,0,CPM_DROP_PHY,3,4,699539230864,30478
veh4,30,,32.9588,0,CAM_DROP_PHY,9,4,30,30496
veh4,699539230911,,32.9708,0,CPM_DROP_PHY,9,4,699539230911,30522
veh4,101,,33.0041,0,CAM_DROP_PHY,2,4,101,30579
veh4,187,,33.0493,0,CAM_DROP_PHY,3,4,187,30606
veh4,699539231048,,33.0516,0,CPM_DROP_PHY,7,4,699539231048,30608
veh4,215,,33.0621,0,CAM_DROP_PHY,6,4,215,30624
veh4,207,,33.0708,0,CAM_DROP_PHY,9,4,207,30620
veh4,264,,33.1041,0,CAM_DROP_PHY,2,4,264,30676
veh4,351,,33.1361,1,CAM,8,4,351,-1
veh4,355,,33.1473,0,CAM_DROP_PHY,3,4,355,30710
veh4,699539231216,,33.1516,0,CPM_DROP_PHY,7,4,699539231216,30712
veh4,368,,33.1516,0,CAM_DROP_PHY,7,4,368,30712
veh4,379,,33.1708,1,CAM,9,4,379,-1
veh4,415,,33.1986,0,CAM_DROP_PHY,10,4,415,30765
veh4,429,,33.2041,1,CAM,2,4,429,-1
veh4,507,,33.2128,0,CAM_DROP_PHY,5,4,507,30795
veh4,436,,33.2156,0,CAM_DROP_PHY,11,4,436,30783
veh4,522,33.2193,,0,CAM,4,,522,-1
veh4,536,,33.2473,0,CAM_DROP_PHY,3,4,536,30830
veh4,556,,33.2708,0,CAM_DROP_PHY,9,4,556,30846
veh4,670,,33.3033,0,CAM_DROP_PHY,12,4,670,30899
veh4,608,,33.3041,0,CAM_DROP_PHY,2,4,608,30896
veh4,804,,33.3473,0,CAM_DROP_PHY,3,4,804,30932
veh4,813,,33.3516,1,CAM,7,4,813,-1
veh4,830,,33.3621,0,CAM_DROP_PHY,6,4,830,30951
veh4,824,,33.3708,0,CAM_DROP_PHY,9,4,824,30946
veh4,886,,33.4041,0,CAM_DROP_PHY,2,4,886,31003
veh4,699539231810,,33.4186,0,CPM_DROP_PHY,10,4,699539231810,31017
veh4,699539231831,,33.4301,0,CPM_DROP_PHY,5,4,699539231831,31035
veh4,989,,33.4361,0,CAM_DROP_PHY,8,4,989,31051
veh4,1006,,33.4516,1,CAM,7,4,1006,-1
veh4,1060,,33.4983,1,CAM,2,4,1060,-1
veh4,1128,,33.5101,1,CAM,5,4,1128,-1
veh4,1141,33.5193,,0,CAM,4,,1141,-1
veh4,1155,,33.5473,1,CAM,3,4,1155,-1
veh4,1168,,33.5516,0,CAM_DROP_PHY,7,4,1168,31152
veh4,1183,,33.5708,1,CAM,9,4,1183,-1
veh4,699539232065,,33.5708,0,CPM_DROP_PHY,9,4,699539232065,31171
veh4,1252,,33.5983,1,CAM,2,4,1252,-1
veh4,1343,,33.6516,0,CAM_DROP_PHY,7,4,1343,31277
veh4,1357,,33.6621,1,CAM,6,4,1357,-1
veh4,699539232223,,33.6708,0,CPM_DROP_PHY,9,4,699539232223,31296
veh4,699539232252,,33.6961,0,CPM_DROP_PHY,8,4,699539232252,31320
veh4,1408,,33.6983,0,CAM_DROP_PHY,2,4,1408,31335
veh4,1494,,33.7361,0,CAM_DROP_PHY,8,4,1494,31365
veh4,699539232356,,33.7516,0,CPM_DROP_PHY,7,4,699539232356,31369
veh4,1508,,33.7516,1,CAM,7,4,1508,-1
veh4,1550,,33.7891,0,CAM_DROP_PHY,10,4,1550,31410
veh4,1567,,33.7983,0,CAM_DROP_PHY,2,4,1567,31425
veh4,1635,,33.8101,0,CAM_DROP_PHY,5,4,1635,31436
veh4,1574,,33.8141,1,CAM,11,4,1574,-1
veh4,1648,33.8193,,0,CAM,4,,1648,-1
veh4,1662,,33.8473,1,CAM,3,4,1662,-1
veh4,1687,,33.8708,1,CAM,9,4,1687,-1
veh4,1832,,33.8983,0,CAM_DROP_PHY,2,4,1832,31539
veh4,1890,,33.9211,0,CAM_DROP_PHY,12,4,1890,31544
veh4,699539232775,,33.9466,0,CPM_DROP_PHY,7,4,699539232775,31576
veh4,1926,,33.9466,1,CAM,7,4,1926,-1
veh4,1941,,33.9531,0,CAM_DROP_PHY,6,4,1941,31589
veh4,699539232836,,33.9941,0,CPM_DROP_PHY,11,4,699539232836,31625
veh4,1987,,33.9983,0,CAM_DROP_PHY,2,4,1987,31630
veh4,2084,,34.0448,0,CAM_DROP_PHY,8,4,2084,31677
veh4,699539232946,,34.0466,0,CPM_DROP_PHY,7,4,699539232946,31684
veh4,2149,,34.0983,0,CAM_DROP_PHY,2,4,2149,31738
veh4,2211,,34.1101,0,CAM_DROP_PHY,5,4,2211,31747
veh4,2224,34.1193,,0,CAM,4,,2224,-1
veh4,699539233101,,34.1466,0,CPM_DROP_PHY,7,4,699539233101,31779
veh4,2240,,34.1473,1,CAM,3,4,2240,-1
veh4,2270,,34.1551,1,CAM,9,4,2270,-1
veh4,699539233129,,34.1611,0,CPM_DROP_PHY,12,4,699539233129,31798
veh4,699539233143,,34.1731,0,CPM_DROP_PHY,6,4,699539233143,31818
veh4,699539233146,,34.1751,0,CPM_DROP_PHY,9,4,699539233146,31823
veh4,2336,,34.2146,0,CAM_DROP_PHY,2,4,2336,31875
veh4,2433,,34.2466,1,CAM,7,4,2433,-1
veh4,2447,,34.2531,0,CAM_DROP_PHY,6,4,2447,31915
veh4,2490,,34.3146,0,CAM_DROP_PHY,2,4,2490,31955
veh4,2575,,34.3448,1,CAM,8,4,2575,-1
veh4,2628,,34.3921,1,CAM,10,4,2628,-1
veh4,2646,,34.4016,0,CAM_DROP_PHY,11,4,2646,32044
veh4,2719,34.4193,,0,CAM,4,,2719,-1
veh4,2707,,34.4256,0,CAM_DROP_PHY,5,4,2707,32062
veh4,2833,,34.4493,1,CAM,3,4,2833,-1
veh4,2860,,34.4551,1,CAM,9,4,2860,-1
veh4,2903,,34.5146,0,CAM_DROP_PHY,2,4,2903,32151
veh4,2962,,34.5211,0,CAM_DROP_PHY,12,4,2962,32154
veh4,2998,,34.5466,1,CAM,7,4,2998,-1
veh4,3010,,34.5591,1,CAM,6,4,3010,-1
veh4,699539233878,,34.5751,0,CPM_DROP_PHY,9,4,699539233878,32214
veh4,699539233998,,34.6256,0,CPM_DROP_PHY,5,4,699539233998,32280
veh4,3152,,34.6448,0,CAM_DROP_PHY,8,4,3152,32291
veh4,3293,34.7193,,0,CAM,4,,3293,-1
veh4,3282,,34.7256,0,CAM_DROP_PHY,5,4,3282,32363
veh4,3307,,34.7493,1,CAM,3,4,3307,-1
veh4,699539234167,,34.7493,0,CPM_DROP_PHY,3,4,699539234167,32380
veh4,3335,,34.7551,0,CAM_DROP_PHY,9,4,3335,32408
veh4,699539234195,,34.7593,0,CPM_DROP_PHY,12,4,699539234195,32409
veh4,699539234206,,34.7791,0,CPM_DROP_PHY,6,4,699539234206,32431
veh4,3397,,34.8146,0,CAM_DROP_PHY,2,4,3397,32485
veh4,3486,,34.8466,0,CAM_DROP_PHY,7,4,3486,32518
veh4,3498,,34.8591,0,CAM_DROP_PHY,6,4,3498,32526
veh4,699539234399,,34.8983,0,CPM_DROP_PHY,8,4,699539234399,32567
veh4,3629,,34.9383,0,CAM_DROP_PHY,8,4,3629,32598
veh4,3679,,34.9921,1,CAM,10,4,3679,-1
veh4,3697,,35.0016,0,CAM_DROP_PHY,11,4,3697,32655
veh4,3871,35.0193,,0,CAM,4,,3871,-1
veh4,3861,,35.0256,1,CAM,5,4,3861,-1
veh4,699539234747,,35.0443,0,CPM_DROP_PHY,7,4,699539234747,32701
veh4,3887,,35.0451,1,CAM,3,4,3887,-1
veh4,3911,,35.0551,0,CAM_DROP_PHY,9,4,3911,32722
veh4,3961,,35.1146,0,CAM_DROP_PHY,2,4,3961,32769
veh4,4019,,35.1193,0,CAM_DROP_PHY,12,4,4019,32774
veh4,4061,,35.1443,0,CAM_DROP_PHY,7,4,4061,32807
veh4,4078,,35.1591,0,CAM_DROP_PHY,6,4,4078,32825
veh4,699539234972,,35.2016,0,CPM_DROP_PHY,11,4,699539234972,32856
veh4,4214,,35.2383,0,CAM_DROP_PHY,8,4,4214,32905
veh4,699539235078,,35.2443,0,CPM_DROP_PHY,7,4,699539235078,32909
veh4,4218,,35.2451,0,CAM_DROP_PHY,3,4,4218,32906
veh4,4346,35.3193,,0,CAM,4,,4346,-1
veh4,4336,,35.3256,1,CAM,5,4,4336,-1
veh4,4363,,35.3451,0,CAM_DROP_PHY,3,4,4363,33000
veh4,699539235223,,35.3451,0,CPM_DROP_PHY,3,4,699539235223,33000
veh4,4391,,35.3701,0,CAM_DROP_PHY,9,4,4391,33027
veh4,699539235262,,35.3791,0,CPM_DROP_PHY,6,4,699539235262,33044
veh4,699539235389,,35.4443,0,CPM_DROP_PHY,7,4,699539235389,33113
veh4,4540,,35.4443,1,CAM,7,4,4540,-1
veh4,4528,,35.4451,0,CAM_DROP_PHY,3,4,4528,33111
veh4,4555,,35.4591,0,CAM_DROP_PHY,6,4,4555,33133
veh4,4677,,35.5383,0,CAM_DROP_PHY,8,4,4677,33200
veh4,4682,,35.5451,0,CAM_DROP_PHY,3,4,4682,33202
veh4,4734,,35.5903,1,CAM,10,4,4734,-1
veh4,4751,,35.6016,1,CAM,11,4,4751,-1
veh4,4923,35.6193,,0,CAM,4,,4923,-1
veh4,4912,,35.6218,1,CAM,5,4,4912,-1
veh4,4939,,35.6451,1,CAM,3,4,4939,-1
veh4,4966,,35.6701,0,CAM_DROP_PHY,9,4,4966,33332
veh4,5064,,35.7093,1,CAM,12,4,5064,-1
veh4,5007,,35.7151,0,CAM_DROP_PHY,2,4,5007,33371
veh4,699539235953,,35.7443,0,CPM_DROP_PHY,7,4,699539235953,33409
veh4,5104,,35.7443,0,CAM_DROP_PHY,7,4,5104,33409
veh4,5119,,35.7676,0,CAM_DROP_PHY,6,4,5119,33426
veh4,5255,,35.8363,1,CAM,8,4,5255,-1
veh4,5261,,35.8451,0,CAM_DROP_PHY,3,4,5261,33506
veh4,5399,35.9193,,0,CAM,4,,5399,-1
veh4,5384,,35.9218,1,CAM,5,4,5384,-1
veh4,699539236311,,35.9676,0,CPM_DROP_PHY,6,4,699539236311,33638
veh4,5442,,35.9701,1,CAM,9,4,5442,-1
veh4,5592,,36.0623,0,CAM_DROP_PHY,7,4,5592,33718
veh4,5604,,36.0676,0,CAM_DROP_PHY,6,4,5604,33726
veh4,5633,,36.0903,0,CAM_DROP_PHY,10,4,5633,33758
veh4,5730,,36.1363,1,CAM,8,4,5730,-1
veh4,5735,,36.1451,1,CAM,3,4,5735,-1
veh4,5963,,36.2096,1,CAM,5,4,5963,-1
veh4,5800,,36.2106,0,CAM_DROP_PHY,11,4,5800,33865
veh4,5977,36.2193,,0,CAM,4,,5977,-1
veh4,6014,,36.2701,0,CAM_DROP_PHY,9,4,6014,33924
veh4,6043,,36.2903,0,CAM_DROP_PHY,10,4,6043,33947
veh4,6123,,36.3101,0,CAM_DROP_PHY,12,4,6123,33967
veh4,6063,,36.3151,0,CAM_DROP_PHY,2,4,6063,33964
veh4,6162,,36.3623,1,CAM,7,4,6162,-1
veh4,6174,,36.3676,0,CAM_DROP_PHY,6,4,6174,34017
veh4,699539237141,,36.4273,0,CPM_DROP_PHY,2,4,699539237141,34071
veh4,699539237155,,36.4296,0,CPM_DROP_PHY,5,4,699539237155,34085
veh4,6312,,36.4361,1,CAM,8,4,6312,-1
veh4,6317,,36.4386,1,CAM,3,4,6317,-1
veh4,6363,,36.4903,1,CAM,10,4,6363,-1
veh4,6439,,36.5096,1,CAM,5,4,6439,-1
veh4,6451,36.5193,,0,CAM,4,,6451,-1
veh4,699539237353,,36.5701,0,CPM_DROP_PHY,12,4,699539237353,34226
veh4,6494,,36.5701,1,CAM,9,4,6494,-1
veh4,699539237369,,36.5701,0,CPM_DROP_PHY,9,4,699539237369,34225
veh4,6657,,36.6618,0,CAM_DROP_PHY,6,4,6657,34319
veh4,6646,,36.6623,0,CAM_DROP_PHY,7,4,6646,34312
veh4,6684,,36.6876,0,CAM_DROP_PHY,10,4,6684,34347
veh4,699539237548,,36.6961,0,CPM_DROP_PHY,8,4,699539237548,34351
veh4,6786,,36.7361,0,CAM_DROP_PHY,8,4,6786,34394
veh4,6791,,36.7386,1,CAM,3,4,6791,-1
veh4,7011,,36.8096,1,CAM,5,4,7011,-1
veh4,6848,,36.8106,1,CAM,11,4,6848,-1
veh4,7025,36.8193,,0,CAM,4,,7025,-1
veh4,7055,,36.8671,0,CAM_DROP_PHY,9,4,7055,34500
veh4,7085,,36.8876,0,CAM_DROP_PHY,10,4,7085,34521
veh4,7156,,36.9101,0,CAM_DROP_PHY,12,4,7156,34540
veh4,7201,,36.9618,0,CAM_DROP_PHY,6,4,7201,34581
veh4,7190,,36.9623,1,CAM,7,4,7190,-1
veh4,7244,,37.0073,0,CAM_DROP_PHY,2,4,7244,34621
veh4,699539238169,,37.0273,0,CPM_DROP_PHY,2,4,699539238169,34640
veh4,699539238183,,37.0296,0,CPM_DROP_PHY,5,4,699539238183,34652
veh4,7342,,37.0361,0,CAM_DROP_PHY,8,4,7342,34669
veh4,7347,,37.0386,0,CAM_DROP_PHY,3,4,7347,34670
veh4,7466,,37.1096,0,CAM_DROP_PHY,5,4,7466,34736
veh4,7480,37.1193,,0,CAM,4,,7480,-1
veh4,699539238352,,37.1386,0,CPM_DROP_PHY,3,4,699539238352,34760
veh4,7521,,37.1623,0,CAM_DROP_PHY,9,4,7521,34789
veh4,699539238395,,37.1823,0,CPM_DROP_PHY,9,4,699539238395,34807
veh4,7568,,37.1876,0,CAM_DROP_PHY,10,4,7568,34835
veh4,7695,,37.2618,0,CAM_DROP_PHY,6,4,7695,34899
veh4,7685,,37.2623,1,CAM,7,4,7685,-1
veh4,699539238588,,37.2878,0,CPM_DROP_PHY,8,4,699539238588,34932
veh4,7825,,37.3386,0,CAM_DROP_PHY,3,4,7825,34967
veh4,7821,,37.3478,0,CAM_DROP_PHY,8,4,7821,34966
veh4,7884,,37.4026,0,CAM_DROP_PHY,11,4,7884,35018
veh4,8046,,37.4096,0,CAM_DROP_PHY,5,4,8046,35025
veh4,8059,37.4193,,0,CAM,4,,8059,-1
veh4,8090,,37.4623,0,CAM_DROP_PHY,9,4,8090,35072
veh4,8120,,37.4876,0,CAM_DROP_PHY,10,4,8120,35094
veh4,8193,,37.5111,0,CAM_DROP_PHY,12,4,8193,35112
veh4,8226,,37.5446,1,CAM,7,4,8226,-1
veh4,8238,,37.5618,0,CAM_DROP_PHY,6,4,8238,35154
veh4,8279,,37.5986,1,CAM,2,4,8279,-1
veh4,699539239131,,37.6026,0,CPM_DROP_PHY,11,4,699539239131,35189
veh4,8383,,37.6478,0,CAM_DROP_PHY,3,4,8383,35242
veh4,8377,,37.6478,1,CAM,8,4,8377,-1
veh4,8500,,37.7121,0,CAM_DROP_PHY,5,4,8500,35307
veh4,8513,37.7193,,0,CAM,4,,8513,-1
veh4,8551,,37.7591,0,CAM_DROP_PHY,9,4,8551,35357
veh4,699539239421,,37.7618,0,CPM_DROP_PHY,6,4,699539239421,35373
veh4,699539239410,,37.7711,0,CPM_DROP_PHY,12,4,699539239410,35359
veh4,8702,,37.8446,0,CAM_DROP_PHY,7,4,8702,35455
veh4,8714,,37.8583,0,CAM_DROP_PHY,6,4,8714,35463
veh4,8839,,37.9478,0,CAM_DROP_PHY,8,4,8839,35527
veh4,8903,,38.0023,0,CAM_DROP_PHY,11,4,8903,35581
veh4,9064,,38.0121,1,CAM,5,4,9064,-1
veh4,9077,38.0193,,0,CAM,4,,9077,-1
veh4,8844,,38.0368,1,CAM,3,4,8844,-1
veh4,9134,,38.0873,0,CAM_DROP_PHY,10,4,9134,35658
veh4,9207,,38.1111,0,CAM_DROP_PHY,12,4,9207,35676
veh4,9240,,38.1446,0,CAM_DROP_PHY,7,4,9240,35708
veh4,9251,,38.1583,1,CAM,6,4,9251,-1
veh4,9106,,38.1591,0,CAM_DROP_PHY,9,4,9106,35632
veh4,699539240215,,38.2273,0,CPM_DROP_PHY,10,4,699539240215,35765
veh4,699539240234,,38.2321,0,CPM_DROP_PHY,5,4,699539240234,35780
veh4,9397,,38.2391,1,CAM,3,4,9397,-1
veh4,9389,,38.2478,0,CAM_DROP_PHY,8,4,9389,35792
veh4,9456,,38.2986,0,CAM_DROP_PHY,2,4,9456,35855
veh4,9521,,38.3121,0,CAM_DROP_PHY,5,4,9521,35868
veh4,9534,38.3193,,0,CAM,4,,9534,-1
veh4,9571,,38.3603,0,CAM_DROP_PHY,9,4,9571,35921
veh4,699539240431,,38.3656,0,CPM_DROP_PHY,12,4,699539240431,35923
veh4,9724,,38.4446,1,CAM,7,4,9724,-1
veh4,9736,,38.4568,1,CAM,6,4,9736,-1
veh4,9861,,38.5391,0,CAM_DROP_PHY,3,4,9861,36092
veh4,9857,,38.5496,0,CAM_DROP_PHY,8,4,9857,36090
veh4,9917,,38.6023,0,CAM_DROP_PHY,11,4,9917,36142
veh4,10083,,38.6121,0,CAM_DROP_PHY,5,4,10083,36152
veh4,10096,38.6193,,0,CAM,4,,10096,-1
veh4,10127,,38.6603,0,CAM_DROP_PHY,9,4,10127,36195
veh4,10157,,38.6873,0,CAM_DROP_PHY,10,4,10157,36219
veh4,10232,,38.7056,0,CAM_DROP_PHY,12,4,10232,36238
veh4,10264,,38.7433,1,CAM,7,4,10264,-1
veh4,10276,,38.7568,0,CAM_DROP_PHY,6,4,10276,36279
veh4,699539241798,,38.8023,0,CPM_DROP_PHY,11,4,699539241798,36314
veh4,699539241969,,38.8148,0,CPM_DROP_PHY,2,4,699539241969,36328
veh4,11145,,38.8391,0,CAM_DROP_PHY,3,4,11145,36359
veh4,11138,,38.8496,0,CAM_DROP_PHY,8,4,11138,36353
veh4,11262,,38.9121,0,CAM_DROP_PHY,5,4,11262,36425
veh4,11275,38.9193,,0,CAM,4,,11275,-1
veh4,699539242150,,38.9433,0,CPM_DROP_PHY,7,4,699539242150,36453
veh4,11314,,38.9603,1,CAM,9,4,11314,-1
veh4,699539242173,,38.9656,0,CPM_DROP_PHY,12,4,699539242173,36478
veh4,11380,,39.0148,0,CAM_DROP_PHY,2,4,11380,36546
veh4,11471,,39.0433,0,CAM_DROP_PHY,7,4,11471,36579
veh4,11483,,39.0568,1,CAM,6,4,11483,-1
veh4,11614,,39.1391,0,CAM_DROP_PHY,3,4,11614,36654
veh4,11609,,39.1496,1,CAM,8,4,11609,-1
veh4,11730,,39.2016,0,CAM_DROP_PHY,12,4,11730,36708
veh4,11671,,39.2178,0,CAM_DROP_PHY,11,4,11671,36705
veh4,11751,39.2193,,0,CAM,4,,11751,-1
veh4,11738,,39.2241,1,CAM,5,4,11738,-1
veh4,11813,,39.2853,0,CAM_DROP_PHY,10,4,11813,36790
veh4,11915,,39.3433,1,CAM,7,4,11915,-1
veh4,11928,,39.3568,0,CAM_DROP_PHY,6,4,11928,36841
veh4,11782,,39.3603,0,CAM_DROP_PHY,9,4,11782,36766
veh4,12127,,39.4016,0,CAM_DROP_PHY,12,4,12127,36884
veh4,699539242997,,39.4148,0,CPM_DROP_PHY,2,4,699539242997,36900
veh4,699539243008,,39.4241,0,CPM_DROP_PHY,5,4,699539243008,36912
veh4,699539242992,,39.4253,0,CPM_DROP_PHY,10,4,699539242992,36897
veh4,12170,,39.4441,1,CAM,3,4,12170,-1
veh4,12165,,39.4481,0,CAM_DROP_PHY,8,4,12165,36931
veh4,12297,39.5193,,0,CAM,4,,12297,-1
veh4,12286,,39.5241,0,CAM_DROP_PHY,5,4,12286,36996
veh4,699539243172,,39.5441,0,CPM_DROP_PHY,3,4,699539243172,37026
veh4,12338,,39.5696,0,CAM_DROP_PHY,9,4,12338,37048
veh4,699539243211,,39.5696,0,CPM_DROP_PHY,9,4,699539243211,37048
veh4,12461,,39.6016,0,CAM_DROP_PHY,12,4,12461,37112
veh4,12401,,39.6148,0,CAM_DROP_PHY,2,4,12401,37110
veh4,12498,,39.6433,0,CAM_DROP_PHY,7,4,12498,37151
veh4,12511,,39.6571,0,CAM_DROP_PHY,6,4,12511,37162
veh4,12634,,39.7441,0,CAM_DROP_PHY,3,4,12634,37226
veh4,12630,,39.7481,0,CAM_DROP_PHY,8,4,12630,37225
veh4,12750,,39.8016,1,CAM,12,4,12750,-1
veh4,12691,,39.8178,0,CAM_DROP_PHY,11,4,12691,37277
veh4,12769,39.8193,,0,CAM,4,,12769,-1
veh4,12757,,39.8241,1,CAM,5,4,12757,-1
veh4,12799,,39.8696,0,CAM_DROP_PHY,9,4,12799,37339
veh4,12827,,39.8853,0,CAM_DROP_PHY,10,4,12827,37358
veh4,12927,,39.9433,0,CAM_DROP_PHY,7,4,12927,37404
veh4,12939,,39.9571,0,CAM_DROP_PHY,6,4,12939,37415
veh4,699539243834,,39.9978,0,CPM_DROP_PHY,11,4,699539243834,37449
veh4,699539244011,,40.0136,0,CPM_DROP_PHY,2,4,699539244011,37468
veh4,13143,,40.0191,1,CAM,12,4,13143,-1
veh4,13182,,40.0346,0,CAM_DROP_PHY,8,4,13182,37503
veh4,13188,,40.0441,1,CAM,3,4,13188,-1
veh4,13313,40.1193,,0,CAM,4,,13313,-1
veh4,13299,,40.1193,0,CAM_DROP_PHY,5,4,13299,37569
veh4,699539244190,,40.1433,0,CPM_DROP_PHY,7,4,699539244190,37598
veh4,699539244187,,40.1441,0,CPM_DROP_PHY,3,4,699539244187,37597
veh4,13355,,40.1696,0,CAM_DROP_PHY,9,4,13355,37620
veh4,699539244227,,40.1736,0,CPM_DROP_PHY,6,4,699539244227,37636
veh4,13507,,40.2433,0,CAM_DROP_PHY,7,4,13507,37710
veh4,13520,,40.2536,0,CAM_DROP_PHY,6,4,13520,37717
veh4,13566,,40.3136,0,CAM_DROP_PHY,2,4,13566,37758
veh4,13623,,40.3191,1,CAM,12,4,13623,-1
veh4,13649,,40.3346,0,CAM_DROP_PHY,8,4,13649,37793
veh4,13654,,40.3541,1,CAM,3,4,13654,-1
veh4,13712,,40.4001,0,CAM_DROP_PHY,11,4,13712,37849
veh4,13783,40.4193,,0,CAM,4,,13783,-1
veh4,13771,,40.4193,0,CAM_DROP_PHY,5,4,13771,37859
veh4,13815,,40.4696,0,CAM_DROP_PHY,9,4,13815,37902
veh4,13844,,40.4806,1,CAM,10,4,13844,-1
veh4,13944,,40.5433,0,CAM_DROP_PHY,7,4,13944,37970
veh4,13957,,40.5536,0,CAM_DROP_PHY,6,4,13957,37978
veh4,13984,,40.5806,0,CAM_DROP_PHY,10,4,13984,38006
veh4,699539244854,,40.6001,0,CPM_DROP_PHY,11,4,699539244854,38018
veh4,14162,,40.6191,1,CAM,12,4,14162,-1
veh4,699539245025,,40.6206,0,CPM_DROP_PHY,10,4,699539245025,38037
veh4,14199,,40.6346,0,CAM_DROP_PHY,8,4,14199,38068
veh4,14205,,40.6541,1,CAM,3,4,14205,-1
veh4,14255,,40.6806,0,CAM_DROP_PHY,10,4,14255,38125
veh4,14344,40.7193,,0,CAM,4,,14344,-1
veh4,14331,,40.7193,1,CAM,5,4,14331,-1
veh4,699539245242,,40.7591,0,CPM_DROP_PHY,12,4,699539245242,38198
veh4,14383,,40.7676,0,CAM_DROP_PHY,9,4,14383,38194
veh4,699539245256,,40.7786,0,CPM_DROP_PHY,6,4,699539245256,38211
veh4,14431,,40.7806,0,CAM_DROP_PHY,10,4,14431,38237
veh4,14538,,40.8433,0,CAM_DROP_PHY,7,4,14538,38296
veh4,14551,,40.8586,0,CAM_DROP_PHY,6,4,14551,38306
veh4,14579,,40.8806,1,CAM,10,4,14579,-1
veh4,14675,,40.9346,1,CAM,8,4,14675,-1
veh4,14680,,40.9518,0,CAM_DROP_PHY,3,4,14680,38378
veh4,14724,,40.9806,0,CAM_DROP_PHY,10,4,14724,38419
veh4,14745,,41.0001,0,CAM_DROP_PHY,11,4,14745,38437
veh4,14741,,41.0046,0,CAM_DROP_PHY,2,4,14741,38435
veh4,14826,41.0193,,0,CAM,4,,14826,-1
veh4,14811,,41.0193,0,CAM_DROP_PHY,5,4,14811,38450
veh4,14857,,41.0676,0,CAM_DROP_PHY,9,4,14857,38498
veh4,14885,,41.0806,0,CAM_DROP_PHY,10,4,14885,38518
veh4,15001,,41.1586,0,CAM_DROP_PHY,6,4,15001,38572
veh4,14990,,41.1598,0,CAM_DROP_PHY,7,4,14990,38566
veh4,15045,,41.2001,0,CAM_DROP_PHY,11,4,15045,38609
veh4,15206,,41.2166,0,CAM_DROP_PHY,12,4,15206,38620
veh4,699539246068,,41.2343,0,CPM_DROP_PHY,10,4,699539246068,38625
veh4,699539246090,,41.2393,0,CPM_DROP_PHY,5,4,699539246090,38650
veh4,15242,,41.2508,0,CAM_DROP_PHY,8,4,15242,38659
veh4,15248,,41.2518,0,CAM_DROP_PHY,3,4,15248,38662
veh4,15297,,41.2806,1,CAM,10,4,15297,-1
veh4,15383,41.3193,,0,CAM,4,,15383,-1
veh4,15370,,41.3193,0,CAM_DROP_PHY,5,4,15370,38737
veh4,699539246258,,41.3398,0,CPM_DROP_PHY,7,4,699539246258,38765
veh4,699539246256,,41.3518,0,CPM_DROP_PHY,3,4,699539246256,38764
veh4,15419,,41.3676,0,CAM_DROP_PHY,9,4,15419,38785
veh4,699539246295,,41.3676,0,CPM_DROP_PHY,9,4,699539246295,38785
veh4,15485,,41.4001,1,CAM,11,4,15485,-1
veh4,15584,,41.4586,0,CAM_DROP_PHY,6,4,15584,38891
veh4,15572,,41.4598,0,CAM_DROP_PHY,7,4,15572,38886
veh4,699539246472,,41.4908,0,CPM_DROP_PHY,8,4,699539246472,38925
veh4,15702,,41.5508,1,CAM,8,4,15702,-1
veh4,15707,,41.5518,1,CAM,3,4,15707,-1
veh4,15753,,41.5983,0,CAM_DROP_PHY,10,4,15753,39003
veh4,15771,,41.6001,0,CAM_DROP_PHY,11,4,15771,39017
veh4,15767,,41.6168,0,CAM_DROP_PHY,2,4,15767,39010
veh4,15832,,41.6191,1,CAM,5,4,15832,-1
veh4,15848,41.6193,,0,CAM,4,,15848,-1
veh4,15879,,41.6691,1,CAM,9,4,15879,-1
veh4,15920,,41.7158,0,CAM_DROP_PHY,11,4,15920,39117
veh4,16007,,41.7573,1,CAM,7,4,16007,-1
veh4,16017,,41.7583,0,CAM_DROP_PHY,6,4,16017,39152
veh4,699539246911,,41.7958,0,CPM_DROP_PHY,11,4,699539246911,39190
veh4,699539247084,,41.8168,0,CPM_DROP_PHY,2,4,699539247084,39209
veh4,16216,,41.8178,0,CAM_DROP_PHY,12,4,16216,39201
veh4,699539247079,,41.8183,0,CPM_DROP_PHY,10,4,699539247079,39207
veh4,16252,,41.8468,0,CAM_DROP_PHY,8,4,16252,39240
veh4,16258,,41.8513,0,CAM_DROP_PHY,3,4,16258,39245
veh4,16306,,41.8983,0,CAM_DROP_PHY,10,4,16306,39297
veh4,16323,,41.9158,0,CAM_DROP_PHY,11,4,16323,39310
veh4,16387,,41.9191,1,CAM,5,4,16387,-1
veh4,16400,41.9193,,0,CAM,4,,16400,-1
veh4,699539247277,,41.9506,0,CPM_DROP_PHY,7,4,699539247277,39353
veh4,16439,,41.9691,0,CAM_DROP_PHY,9,4,16439,39372
veh4,699539247315,,41.9783,0,CPM_DROP_PHY,6,4,699539247315,39394
veh4,16599,,42.0573,1,CAM,7,4,16599,-1
veh4,16611,,42.0583,0,CAM_DROP_PHY,6,4,16611,39470
veh4,16735,,42.1468,1,CAM,8,4,16735,-1
veh4,16740,,42.1513,0,CAM_DROP_PHY,3,4,16740,39539
veh4,16802,,42.2158,1,CAM,11,4,16802,-1
veh4,16798,,42.2168,1,CAM,2,4,16798,-1
veh4,16863,,42.2191,0,CAM_DROP_PHY,5,4,16863,39597
veh4,16878,42.2193,,0,CAM,4,,16878,-1
veh4,16908,,42.2691,0,CAM_DROP_PHY,9,4,16908,39650
veh4,17045,,42.3548,0,CAM_DROP_PHY,6,4,17045,39716
veh4,17033,,42.3618,0,CAM_DROP_PHY,7,4,17033,39711
veh4,699539248121,,42.4168,0,CPM_DROP_PHY,2,4,699539248121,39768
veh4,17250,,42.4178,0,CAM_DROP_PHY,12,4,17250,39759
veh4,699539248113,,42.4221,0,CPM_DROP_PHY,10,4,699539248113,39766
veh4,17292,,42.4468,0,CAM_DROP_PHY,8,4,17292,39807
veh4,17296,,42.4513,1,CAM,3,4,17296,-1
veh4,17344,,42.4821,0,CAM_DROP_PHY,10,4,17344,39858
veh4,17361,,42.5086,1,CAM,11,4,17361,-1
veh4,17420,,42.5191,0,CAM_DROP_PHY,5,4,17420,39881
veh4,17432,42.5193,,0,CAM,4,,17432,-1
veh4,699539248307,,42.5418,0,CPM_DROP_PHY,7,4,699539248307,39917
veh4,699539248330,,42.5578,0,CPM_DROP_PHY,12,4,699539248330,39938
veh4,17469,,42.5691,1,CAM,9,4,17469,-1
veh4,699539248346,,42.5691,0,CPM_DROP_PHY,9,4,699539248346,39934
veh4,699539248343,,42.5748,0,CPM_DROP_PHY,6,4,699539248343,39955
veh4,17629,,42.6548,0,CAM_DROP_PHY,6,4,17629,40034
veh4,17618,,42.6618,0,CAM_DROP_PHY,7,4,17618,40030
veh4,17755,,42.7316,0,CAM_DROP_PHY,8,4,17755,40101
veh4,17762,,42.7343,0,CAM_DROP_PHY,3,4,17762,40106
veh4,17875,,42.8191,1,CAM,5,4,17875,-1
veh4,17887,42.8193,,0,CAM,4,,17887,-1
veh4,17915,,42.8616,0,CAM_DROP_PHY,9,4,17915,40199
veh4,17960,,42.9086,0,CAM_DROP_PHY,11,4,17960,40235
veh4,17956,,42.9168,0,CAM_DROP_PHY,2,4,17956,40233
veh4,18062,,42.9548,0,CAM_DROP_PHY,6,4,18062,40280
veh4,18051,,42.9618,1,CAM,7,4,18051,-1
veh4,18262,,43.0108,0,CAM_DROP_PHY,12,4,18262,40322
veh4,699539249133,,43.0168,0,CPM_DROP_PHY,2,4,699539249133,40335
veh4,18303,,43.0316,0,CAM_DROP_PHY,8,4,18303,40371
veh4,18309,,43.0343,0,CAM_DROP_PHY,3,4,18309,40377
veh4,699539249150,,43.0383,0,CPM_DROP_PHY,5,4,699539249150,40355
veh4,18354,,43.0821,1,CAM,10,4,18354,-1
veh4,18430,,43.1183,0,CAM_DROP_PHY,5,4,18430,40444
veh4,18441,43.1193,,0,CAM,4,,18441,-1
veh4,18476,,43.1616,1,CAM,9,4,18476,-1
veh4,699539249349,,43.1681,0,CPM_DROP_PHY,6,4,699539249349,40507
veh4,699539249335,,43.1708,0,CPM_DROP_PHY,12,4,699539249335,40493
veh4,699539249352,,43.1816,0,CPM_DROP_PHY,9,4,699539249352,40510
veh4,18633,,43.2618,1,CAM,7,4,18633,-1
veh4,18645,,43.2681,0,CAM_DROP_PHY,6,4,18645,40598
veh4,699539249534,,43.2916,0,CPM_DROP_PHY,8,4,699539249534,40630
veh4,18693,,43.3086,1,CAM,11,4,18693,-1
veh4,18770,,43.3316,0,CAM_DROP_PHY,8,4,18770,40672
veh4,18775,,43.3343,1,CAM,3,4,18775,-1
veh4,18890,,43.4183,0,CAM_DROP_PHY,5,4,18890,40729
veh4,18903,43.4193,,0,CAM,4,,18903,-1
veh4,18932,,43.4616,0,CAM_DROP_PHY,9,4,18932,40769
veh4,18974,,43.4981,0,CAM_DROP_PHY,2,4,18974,40802
veh4,19067,,43.5448,0,CAM_DROP_PHY,7,4,19067,40836
veh4,19080,,43.5681,0,CAM_DROP_PHY,6,4,19080,40845
veh4,19278,,43.6108,0,CAM_DROP_PHY,12,4,19278,40884
veh4,699539250140,,43.6221,0,CPM_DROP_PHY,10,4,699539250140,40891
veh4,19320,,43.6436,1,CAM,8,4,19320,-1
veh4,19324,,43.6466,0,CAM_DROP_PHY,3,4,19324,40937
veh4,19374,,43.6821,1,CAM,10,4,19374,-1
veh4,19447,,43.7108,0,CAM_DROP_PHY,12,4,19447,41003
veh4,19452,,43.7183,1,CAM,5,4,19452,-1
veh4,19467,43.7193,,0,CAM,4,,19467,-1
veh4,699539250342,,43.7448,0,CPM_DROP_PHY,7,4,699539250342,41046
veh4,699539250340,,43.7466,0,CPM_DROP_PHY,3,4,699539250340,41045
veh4,19506,,43.7616,0,CAM_DROP_PHY,9,4,19506,41067
veh4,19625,,43.8108,0,CAM_DROP_PHY,12,4,19625,41138
veh4,19658,,43.8448,1,CAM,7,4,19658,-1
veh4,19671,,43.8681,1,CAM,6,4,19671,-1
veh4,19770,,43.9108,0,CAM_DROP_PHY,12,4,19770,41219
veh4,19714,,43.9136,0,CAM_DROP_PHY,11,4,19714,41218
veh4,19801,,43.9436,0,CAM_DROP_PHY,8,4,19801,41260
veh4,19806,,43.9466,1,CAM,3,4,19806,-1
veh4,19920,,44.0078,0,CAM_DROP_PHY,12,4,19920,41313
veh4,19925,,44.0183,0,CAM_DROP_PHY,5,4,19925,41319
veh4,19939,44.0193,,0,CAM,4,,19939,-1
veh4,19969,,44.0586,1,CAM,9,4,19969,-1
veh4,20068,,44.1078,0,CAM_DROP_PHY,12,4,20068,41401
veh4,20011,,44.1103,0,CAM_DROP_PHY,2,4,20011,41398
veh4,20107,,44.1448,0,CAM_DROP_PHY,7,4,20107,41439
veh4,20119,,44.1623,1,CAM,6,4,20119,-1
veh4,20320,,44.2078,1,CAM,12,4,20320,-1
veh4,699539251013,,44.2136,0,CPM_DROP_PHY,11,4,699539251013,41484
veh4,699539251184,,44.2166,0,CPM_DROP_PHY,10,4,699539251184,41498
veh4,20358,,44.2436,0,CAM_DROP_PHY,8,4,20358,41533
veh4,20363,,44.2466,1,CAM,3,4,20363,-1
veh4,20411,,44.2966,1,CAM,10,4,20411,-1
veh4,20484,,44.3183,1,CAM,5,4,20484,-1
veh4,20496,44.3193,,0,CAM,4,,20496,-1
veh4,699539251373,,44.3466,0,CPM_DROP_PHY,3,4,699539251373,41642
veh4,20540,,44.3586,0,CAM_DROP_PHY,9,4,20540,41662
veh4,699539251399,,44.3678,0,CPM_DROP_PHY,12,4,699539251399,41663
veh4,20663,,44.4078,0,CAM_DROP_PHY,12,4,20663,41734
veh4,20697,,44.4448,1,CAM,7,4,20697,-1
veh4,20709,,44.4623,1,CAM,6,4,20709,-1
veh4,20736,,44.4966,0,CAM_DROP_PHY,10,4,20736,41801
veh4,20757,,44.5023,0,CAM_DROP_PHY,11,4,20757,41820
veh4,20837,,44.5348,0,CAM_DROP_PHY,8,4,20837,41855
veh4,20842,,44.5466,0,CAM_DROP_PHY,3,4,20842,41856
veh4,20988,,44.6183,1,CAM,5,4,20988,-1
veh4,21000,44.6193,,0,CAM,4,,21000,-1
veh4,21029,,44.6596,0,CAM_DROP_PHY,9,4,21029,41953
veh4,21057,,44.6958,1,CAM,10,4,21057,-1
veh4,21132,,44.7078,0,CAM_DROP_PHY,12,4,21132,41993
veh4,21072,,44.7103,0,CAM_DROP_PHY,2,4,21072,41988
veh4,21168,,44.7583,0,CAM_DROP_PHY,7,4,21168,42036
veh4,21179,,44.7623,0,CAM_DROP_PHY,6,4,21179,42041
veh4,699539252242,,44.8158,0,CPM_DROP_PHY,10,4,699539252242,42095
veh4,699539252247,,44.8303,0,CPM_DROP_PHY,2,4,699539252247,42097
veh4,21414,,44.8348,0,CAM_DROP_PHY,8,4,21414,42120
veh4,21418,,44.8466,1,CAM,3,4,21418,-1
veh4,21468,,44.8958,1,CAM,10,4,21468,-1
