vehicle_id,msg_seq,tx_t_s,rx_t_s,rx_ok,msg_type,tx_id,rx_id,cam_gdt_ms,pkt_uid
veh7,41678,1.14229,,0,CAM,7,,41678,-1
veh7,41904,1.34229,,0,CAM,7,,41904,-1
veh7,42134,1.54229,,0,CAM,7,,42134,-1
veh7,42372,1.74229,,0,CAM,7,,42372,-1
veh7,42617,1.94229,,0,CAM,7,,42617,-1
veh7,42870,2.14229,,0,CAM,7,,42870,-1
veh7,43132,2.34229,,0,CAM,7,,43132,-1
veh7,43403,2.54229,,0,CAM,7,,43403,-1
veh7,43705,2.74229,,0,CAM,7,,43705,-1
veh7,43993,2.94229,,0,CAM,7,,43993,-1
veh7,44273,3.14229,,0,CAM,7,,44273,-1
veh7,44422,3.24229,,0,CAM,7,,44422,-1
veh7,44571,3.34229,,0,CAM,7,,44571,-1
veh7,44723,3.44229,,0,CAM,7,,44723,-1
veh7,45035,3.64229,,0,CAM,7,,45035,-1
veh7,45342,3.84229,,0,CAM,7,,45342,-1
veh7,45646,4.04229,,0,CAM,7,,45646,-1
veh7,45969,4.24229,,0,CAM,7,,45969,-1
veh7,46272,4.44229,,0,CAM,7,,46272,-1
veh7,46579,4.64229,,0,CAM,7,,46579,-1
veh7,46899,4.84229,,0,CAM,7,,46899,-1
veh7,47055,4.94229,,0,CAM,7,,47055,-1
veh7,47201,5.04229,,0,CAM,7,,47201,-1
veh7,47357,5.14229,,0,CAM,7,,47357,-1
veh7,47652,5.34229,,0,CAM,7,,47652,-1
veh7,47951,5.54229,,0,CAM,7,,47951,-1
veh7,48380,5.84229,,0,CAM,7,,48380,-1
veh7,48675,6.04229,,0,CAM,7,,48675,-1
veh7,48963,6.24229,,0,CAM,7,,48963,-1
veh7,49249,6.44229,,0,CAM,7,,49249,-1
veh7,49391,6.54229,,0,CAM,7,,49391,-1
veh7,49541,6.64229,,0,CAM,7,,49541,-1
veh7,49704,6.74229,,0,CAM,7,,49704,-1
veh7,50015,6.94229,,0,CAM,7,,50015,-1
veh7,50310,7.14229,,0,CAM,7,,50310,-1
veh7,50604,7.34229,,0,CAM,7,,50604,-1
veh7,50885,7.54229,,0,CAM,7,,50885,-1
veh7,51169,7.74229,,0,CAM,7,,51169,-1
veh7,51450,7.94229,,0,CAM,7,,51450,-1
veh7,53327,8.14229,,0,CAM,7,,53327,-1
veh7,53473,8.24229,,0,CAM,7,,53473,-1
veh7,53614,8.34229,,0,CAM,7,,53614,-1
veh7,53754,8.44229,,0,CAM,7,,53754,-1
veh7,54028,8.64229,,0,CAM,7,,54028,-1
veh7,54306,8.84229,,0,CAM,7,,54306,-1
veh7,54716,9.14229,,0,CAM,7,,54716,-1
veh7,55140,9.44229,,0,CAM,7,,55140,-1
veh7,55534,9.74229,,0,CAM,7,,55534,-1
veh7,699721345794,,10.0101,0,CPM_DROP_PHY,10,7,699721345794,1372
veh7,699721345811,,10.0123,0,CPM_DROP_PHY,2,7,699721345811,1377
veh7,699721345830,,10.0316,0,CPM_DROP_PHY,5,7,699721345830,1387
veh7,55976,,10.0341,0,CAM_DROP_PHY,8,7,55976,1392
veh7,55993,,10.0416,0,CAM_DROP_PHY,3,7,55993,1401
veh7,699721345862,,10.0416,0,CPM_DROP_PHY,3,7,699721345862,1401
veh7,56014,10.0423,,0,CAM,7,,56014,-1
veh7,699721345899,,10.0536,0,CPM_DROP_PHY,12,7,699721345899,1429
veh7,56030,,10.0546,0,CAM_DROP_PHY,9,7,56030,1426
veh7,699721345920,,10.0638,0,CPM_DROP_PHY,6,7,699721345920,1447
veh7,699721345934,,10.0703,0,CPM_DROP_PHY,4,7,699721345934,1458
veh7,699721345924,,10.0746,0,CPM_DROP_PHY,9,7,699721345924,1448
veh7,56091,,10.0901,0,CAM_DROP_PHY,10,7,56091,1486
veh7,699721345964,,10.0941,0,CPM_DROP_PHY,8,7,699721345964,1496
veh7,699721345972,,10.0973,0,CPM_DROP_PHY,11,7,699721345972,1506
veh7,699721346060,,10.1101,0,CPM_DROP_PHY,10,7,699721346060,1531
veh7,56192,,10.1116,0,CAM_DROP_PHY,5,7,56192,1529
veh7,56114,,10.1123,0,CAM_DROP_PHY,2,7,56114,1511
veh7,699721346067,,10.1123,0,CPM_DROP_PHY,2,7,699721346067,1511
veh7,56121,,10.1173,0,CAM_DROP_PHY,11,7,56121,1515
veh7,56211,,10.1303,0,CAM_DROP_PHY,4,7,56211,1558
veh7,699721346083,,10.1316,0,CPM_DROP_PHY,5,7,699721346083,1566
veh7,699721346096,,10.1416,0,CPM_DROP_PHY,3,7,699721346096,1589
veh7,699721346119,,10.1536,0,CPM_DROP_PHY,12,7,699721346119,1618
veh7,56251,,10.1546,0,CAM_DROP_PHY,9,7,56251,1615
veh7,56258,,10.1638,0,CAM_DROP_PHY,6,7,56258,1620
veh7,699721346140,,10.1703,0,CPM_DROP_PHY,4,7,699721346140,1646
veh7,699721346135,,10.1746,0,CPM_DROP_PHY,9,7,699721346135,1639
veh7,699721346132,,10.1838,0,CPM_DROP_PHY,6,7,699721346132,1620
veh7,699721346163,,10.1941,0,CPM_DROP_PHY,8,7,699721346163,1682
veh7,699721346171,,10.1973,0,CPM_DROP_PHY,11,7,699721346171,1693
veh7,699721346256,,10.2101,0,CPM_DROP_PHY,10,7,699721346256,1714
veh7,56312,,10.2123,0,CAM_DROP_PHY,2,7,56312,1699
veh7,699721346262,,10.2123,0,CPM_DROP_PHY,2,7,699721346262,1699
veh7,56384,,10.2136,0,CAM_DROP_PHY,12,7,56384,1703
veh7,699721346274,,10.2316,0,CPM_DROP_PHY,5,7,699721346274,1743
veh7,699721346285,,10.2416,0,CPM_DROP_PHY,3,7,699721346285,1762
veh7,699721346305,,10.2536,0,CPM_DROP_PHY,12,7,699721346305,1785
veh7,699721346315,,10.2638,0,CPM_DROP_PHY,6,7,699721346315,1800
veh7,699721346323,,10.2703,0,CPM_DROP_PHY,4,7,699721346323,1806
veh7,699721346318,,10.2746,0,CPM_DROP_PHY,9,7,699721346318,1801
veh7,699721346344,,10.2941,0,CPM_DROP_PHY,8,7,699721346344,1839
veh7,699721346351,,10.2973,0,CPM_DROP_PHY,11,7,699721346351,1846
veh7,699721346435,,10.3101,0,CPM_DROP_PHY,10,7,699721346435,1866
veh7,56492,,10.3123,0,CAM_DROP_PHY,2,7,56492,1851
veh7,699721346441,,10.3123,0,CPM_DROP_PHY,2,7,699721346441,1851
veh7,56497,,10.3173,0,CAM_DROP_PHY,11,7,56497,1855
veh7,699721346452,,10.3316,0,CPM_DROP_PHY,5,7,699721346452,1893
veh7,56597,,10.3341,0,CAM_DROP_PHY,8,7,56597,1905
veh7,56603,,10.3416,0,CAM_DROP_PHY,3,7,56603,1916
veh7,699721346471,,10.3416,0,CPM_DROP_PHY,3,7,699721346471,1916
veh7,56617,10.3423,,0,CAM,7,,56617,-1
veh7,699721346495,,10.3536,0,CPM_DROP_PHY,12,7,699721346495,1948
veh7,56628,,10.3546,0,CAM_DROP_PHY,9,7,56628,1945
veh7,699721346506,,10.3638,0,CPM_DROP_PHY,6,7,699721346506,1967
veh7,699721346514,,10.3703,0,CPM_DROP_PHY,4,7,699721346514,1978
veh7,699721346509,,10.3746,0,CPM_DROP_PHY,9,7,699721346509,1968
veh7,56667,,10.3901,0,CAM_DROP_PHY,10,7,56667,2007
veh7,699721346539,,10.3941,0,CPM_DROP_PHY,8,7,699721346539,2017
veh7,699721346547,,10.3973,0,CPM_DROP_PHY,11,7,699721346547,2027
veh7,699721346635,,10.4101,0,CPM_DROP_PHY,10,7,699721346635,2052
veh7,56767,,10.4116,0,CAM_DROP_PHY,5,7,56767,2050
veh7,56688,,10.4123,0,CAM_DROP_PHY,2,7,56688,2032
veh7,699721346641,,10.4123,0,CPM_DROP_PHY,2,7,699721346641,2032
veh7,56760,,10.4136,0,CAM_DROP_PHY,12,7,56760,2037
veh7,56787,,10.4303,0,CAM_DROP_PHY,4,7,56787,2079
veh7,699721346658,,10.4316,0,CPM_DROP_PHY,5,7,699721346658,2089
veh7,699721346670,,10.4416,0,CPM_DROP_PHY,3,7,699721346670,2110
veh7,699721346692,,10.4536,0,CPM_DROP_PHY,12,7,699721346692,2138
veh7,56831,,10.4638,0,CAM_DROP_PHY,6,7,56831,2140
veh7,699721346712,,10.4703,0,CPM_DROP_PHY,4,7,699721346712,2160
veh7,699721346708,,10.4746,0,CPM_DROP_PHY,9,7,699721346708,2155
veh7,699721346705,,10.4838,0,CPM_DROP_PHY,6,7,699721346705,2140
veh7,699721346735,,10.4941,0,CPM_DROP_PHY,8,7,699721346735,2195
veh7,699721346743,,10.4973,0,CPM_DROP_PHY,11,7,699721346743,2206
veh7,699721346826,,10.5101,0,CPM_DROP_PHY,10,7,699721346826,2227
veh7,56884,,10.5123,0,CAM_DROP_PHY,2,7,56884,2212
veh7,699721346832,,10.5123,0,CPM_DROP_PHY,2,7,699721346832,2212
veh7,56888,,10.5173,0,CAM_DROP_PHY,11,7,56888,2216
veh7,699721346843,,10.5316,0,CPM_DROP_PHY,5,7,699721346843,2254
veh7,699721346855,,10.5416,0,CPM_DROP_PHY,3,7,699721346855,2275
veh7,699721346876,,10.5536,0,CPM_DROP_PHY,12,7,699721346876,2299
veh7,57009,,10.5546,0,CAM_DROP_PHY,9,7,57009,2296
veh7,699721346887,,10.5638,0,CPM_DROP_PHY,6,7,699721346887,2318
veh7,699721346895,,10.5703,0,CPM_DROP_PHY,4,7,699721346895,2326
veh7,699721346891,,10.5746,0,CPM_DROP_PHY,9,7,699721346891,2319
veh7,699721346917,,10.5941,0,CPM_DROP_PHY,8,7,699721346917,2360
veh7,699721346924,,10.5973,0,CPM_DROP_PHY,11,7,699721346924,2367
veh7,699721347012,,10.6101,0,CPM_DROP_PHY,10,7,699721347012,2387
veh7,57065,,10.6123,0,CAM_DROP_PHY,2,7,57065,2372
veh7,699721347018,,10.6123,0,CPM_DROP_PHY,2,7,699721347018,2372
veh7,57139,,10.6136,0,CAM_DROP_PHY,12,7,57139,2376
veh7,699721347030,,10.6316,0,CPM_DROP_PHY,5,7,699721347030,2416
veh7,57174,,10.6341,0,CAM_DROP_PHY,8,7,57174,2427
veh7,57180,,10.6416,0,CAM_DROP_PHY,3,7,57180,2437
veh7,699721347048,,10.6416,0,CPM_DROP_PHY,3,7,699721347048,2437
veh7,57196,10.6423,,0,CAM,7,,57196,-1
veh7,699721347073,,10.6536,0,CPM_DROP_PHY,12,7,699721347073,2468
veh7,699721347083,,10.6638,0,CPM_DROP_PHY,6,7,699721347083,2483
veh7,699721347092,,10.6703,0,CPM_DROP_PHY,4,7,699721347092,2492
veh7,699721347086,,10.6746,0,CPM_DROP_PHY,9,7,699721347086,2484
veh7,57246,,10.6901,0,CAM_DROP_PHY,10,7,57246,2521
veh7,699721347118,,10.6941,0,CPM_DROP_PHY,8,7,699721347118,2530
veh7,699721347126,,10.6973,0,CPM_DROP_PHY,11,7,699721347126,2540
veh7,699721347224,,10.7101,0,CPM_DROP_PHY,10,7,699721347224,2565
veh7,57355,,10.7116,0,CAM_DROP_PHY,5,7,57355,2563
veh7,57268,,10.7123,0,CAM_DROP_PHY,2,7,57268,2546
veh7,699721347230,,10.7123,0,CPM_DROP_PHY,2,7,699721347230,2546
veh7,57348,,10.7136,0,CAM_DROP_PHY,12,7,57348,2551
veh7,57375,,10.7303,0,CAM_DROP_PHY,4,7,57375,2593
veh7,699721347246,,10.7316,0,CPM_DROP_PHY,5,7,699721347246,2603
veh7,699721347259,,10.7416,0,CPM_DROP_PHY,3,7,699721347259,2624
veh7,699721347279,,10.7536,0,CPM_DROP_PHY,12,7,699721347279,2645
veh7,57418,,10.7638,0,CAM_DROP_PHY,6,7,57418,2647
veh7,699721347293,,10.7638,0,CPM_DROP_PHY,6,7,699721347293,2647
veh7,699721347302,,10.7703,0,CPM_DROP_PHY,4,7,699721347302,2670
veh7,699721347296,,10.7746,0,CPM_DROP_PHY,9,7,699721347296,2665
veh7,699721347326,,10.7941,0,CPM_DROP_PHY,8,7,699721347326,2706
veh7,699721347333,,10.7973,0,CPM_DROP_PHY,11,7,699721347333,2713
veh7,57474,,10.8031,0,CAM_DROP_PHY,2,7,57474,2719
veh7,699721347430,,10.8101,0,CPM_DROP_PHY,10,7,699721347430,2737
veh7,57557,,10.8136,0,CAM_DROP_PHY,12,7,57557,2724
veh7,57479,,10.8173,0,CAM_DROP_PHY,11,7,57479,2723
veh7,699721347436,,10.8231,0,CPM_DROP_PHY,2,7,699721347436,2746
veh7,699721347448,,10.8316,0,CPM_DROP_PHY,5,7,699721347448,2766
veh7,699721347463,,10.8416,0,CPM_DROP_PHY,3,7,699721347463,2794
veh7,699721347486,,10.8536,0,CPM_DROP_PHY,12,7,699721347486,2815
veh7,57618,,10.8546,0,CAM_DROP_PHY,9,7,57618,2812
veh7,699721347498,,10.8638,0,CPM_DROP_PHY,6,7,699721347498,2835
veh7,699721347507,,10.8703,0,CPM_DROP_PHY,4,7,699721347507,2846
veh7,699721347501,,10.8746,0,CPM_DROP_PHY,9,7,699721347501,2837
veh7,699721347531,,10.8941,0,CPM_DROP_PHY,8,7,699721347531,2883
veh7,699721347538,,10.8973,0,CPM_DROP_PHY,11,7,699721347538,2888
veh7,57679,,10.9031,0,CAM_DROP_PHY,2,7,57679,2894
veh7,699721347631,,10.9101,0,CPM_DROP_PHY,10,7,699721347631,2912
veh7,57757,,10.9136,0,CAM_DROP_PHY,12,7,57757,2898
veh7,699721347637,,10.9231,0,CPM_DROP_PHY,2,7,699721347637,2921
veh7,699721347649,,10.9238,0,CPM_DROP_PHY,5,7,699721347649,2937
veh7,57795,,10.9341,0,CAM_DROP_PHY,8,7,57795,2956
veh7,57815,10.9423,,0,CAM,7,,57815,-1
veh7,57800,,10.9461,0,CAM_DROP_PHY,3,7,57800,2965
veh7,699721347668,,10.9461,0,CPM_DROP_PHY,3,7,699721347668,2965
veh7,699721347690,,10.9536,0,CPM_DROP_PHY,12,7,699721347690,2991
veh7,699721347701,,10.9638,0,CPM_DROP_PHY,6,7,699721347701,3006
veh7,699721347709,,10.9703,0,CPM_DROP_PHY,4,7,699721347709,3016
veh7,699721347704,,10.9746,0,CPM_DROP_PHY,9,7,699721347704,3008
veh7,57863,,10.9901,0,CAM_DROP_PHY,10,7,57863,3044
veh7,699721347735,,10.9941,0,CPM_DROP_PHY,8,7,699721347735,3057
veh7,699721347745,,10.9973,0,CPM_DROP_PHY,11,7,699721347745,3068
veh7,699721347829,,11.0101,0,CPM_DROP_PHY,10,7,699721347829,3094
veh7,57953,,11.0128,0,CAM_DROP_PHY,12,7,57953,3078
veh7,699721347835,,11.0231,0,CPM_DROP_PHY,2,7,699721347835,3102
veh7,57960,,11.0238,0,CAM_DROP_PHY,5,7,57960,3092
veh7,699721347847,,11.0238,0,CPM_DROP_PHY,5,7,699721347847,3092
veh7,57977,,11.0303,0,CAM_DROP_PHY,4,7,57977,3112
veh7,699721347861,,11.0461,0,CPM_DROP_PHY,3,7,699721347861,3144
veh7,699721347879,,11.0528,0,CPM_DROP_PHY,12,7,699721347879,3166
veh7,58018,,11.0638,0,CAM_DROP_PHY,6,7,58018,3169
veh7,699721347892,,11.0638,0,CPM_DROP_PHY,6,7,699721347892,3169
veh7,699721347901,,11.0703,0,CPM_DROP_PHY,4,7,699721347901,3195
veh7,699721347895,,11.0746,0,CPM_DROP_PHY,9,7,699721347895,3183
veh7,699721347923,,11.0941,0,CPM_DROP_PHY,8,7,699721347923,3228
veh7,699721347930,,11.0973,0,CPM_DROP_PHY,11,7,699721347930,3233
veh7,58071,,11.1031,0,CAM_DROP_PHY,2,7,58071,3239
veh7,699721348018,,11.1101,0,CPM_DROP_PHY,10,7,699721348018,3257
veh7,58075,,11.1173,0,CAM_DROP_PHY,11,7,58075,3243
veh7,699721348024,,11.1231,0,CPM_DROP_PHY,2,7,699721348024,3266
veh7,699721348035,,11.1238,0,CPM_DROP_PHY,5,7,699721348035,3280
veh7,699721348049,,11.1461,0,CPM_DROP_PHY,3,7,699721348049,3309
veh7,699721348070,,11.1528,0,CPM_DROP_PHY,12,7,699721348070,3327
veh7,58203,,11.1546,0,CAM_DROP_PHY,9,7,58203,3326
veh7,699721348081,,11.1638,0,CPM_DROP_PHY,6,7,699721348081,3345
veh7,699721348091,,11.1703,0,CPM_DROP_PHY,4,7,699721348091,3361
veh7,699721348085,,11.1746,0,CPM_DROP_PHY,9,7,699721348085,3347
veh7,699721348112,,11.1941,0,CPM_DROP_PHY,8,7,699721348112,3395
veh7,699721348118,,11.1943,0,CPM_DROP_PHY,11,7,699721348118,3400
veh7,58334,,11.2128,0,CAM_DROP_PHY,12,7,58334,3411
veh7,699721348212,,11.2231,0,CPM_DROP_PHY,2,7,699721348212,3427
veh7,699721348222,,11.2238,0,CPM_DROP_PHY,5,7,699721348222,3436
veh7,699721348207,,11.2276,0,CPM_DROP_PHY,10,7,699721348207,3425
veh7,58368,,11.2341,0,CAM_DROP_PHY,8,7,58368,3455
veh7,58388,11.2423,,0,CAM,7,,58388,-1
veh7,58374,,11.2461,0,CAM_DROP_PHY,3,7,58374,3466
veh7,699721348242,,11.2461,0,CPM_DROP_PHY,3,7,699721348242,3466
veh7,699721348264,,11.2528,0,CPM_DROP_PHY,12,7,699721348264,3495
veh7,699721348275,,11.2638,0,CPM_DROP_PHY,6,7,699721348275,3513
veh7,699721348284,,11.2703,0,CPM_DROP_PHY,4,7,699721348284,3525
veh7,699721348278,,11.2746,0,CPM_DROP_PHY,9,7,699721348278,3514
veh7,58435,,11.2876,0,CAM_DROP_PHY,10,7,58435,3546
veh7,699721348307,,11.2941,0,CPM_DROP_PHY,8,7,699721348307,3557
veh7,699721348315,,11.2943,0,CPM_DROP_PHY,11,7,699721348315,3565
veh7,58524,,11.3128,0,CAM_DROP_PHY,12,7,58524,3577
veh7,699721348404,,11.3231,0,CPM_DROP_PHY,2,7,699721348404,3597
veh7,58531,,11.3238,0,CAM_DROP_PHY,5,7,58531,3592
veh7,699721348417,,11.3238,0,CPM_DROP_PHY,5,7,699721348417,3592
veh7,699721348399,,11.3276,0,CPM_DROP_PHY,10,7,699721348399,3595
veh7,58547,,11.3303,0,CAM_DROP_PHY,4,7,58547,3606
veh7,699721348431,,11.3461,0,CPM_DROP_PHY,3,7,699721348431,3638
veh7,699721348451,,11.3528,0,CPM_DROP_PHY,12,7,699721348451,3663
veh7,58590,,11.3566,0,CAM_DROP_PHY,6,7,58590,3666
veh7,699721348472,,11.3703,0,CPM_DROP_PHY,4,7,699721348472,3696
veh7,699721348467,,11.3746,0,CPM_DROP_PHY,9,7,699721348467,3686
veh7,699721348464,,11.3766,0,CPM_DROP_PHY,6,7,699721348464,3685
veh7,699721348494,,11.3941,0,CPM_DROP_PHY,8,7,699721348494,3729
veh7,699721348501,,11.3943,0,CPM_DROP_PHY,11,7,699721348501,3734
veh7,58643,,11.4031,0,CAM_DROP_PHY,2,7,58643,3748
veh7,58646,,11.4143,0,CAM_DROP_PHY,11,7,58646,3750
veh7,699721348590,,11.4231,0,CPM_DROP_PHY,2,7,699721348590,3769
veh7,699721348600,,11.4238,0,CPM_DROP_PHY,5,7,699721348600,3783
veh7,699721348585,,11.4276,0,CPM_DROP_PHY,10,7,699721348585,3765
veh7,699721348613,,11.4461,0,CPM_DROP_PHY,3,7,699721348613,3810
veh7,699721348634,,11.4528,0,CPM_DROP_PHY,12,7,699721348634,3832
veh7,58766,,11.4546,0,CAM_DROP_PHY,9,7,58766,3831
veh7,699721348655,,11.4703,0,CPM_DROP_PHY,4,7,699721348655,3865
veh7,699721348649,,11.4746,0,CPM_DROP_PHY,9,7,699721348649,3855
veh7,699721348646,,11.4766,0,CPM_DROP_PHY,6,7,699721348646,3854
veh7,699721348676,,11.4896,0,CPM_DROP_PHY,8,7,699721348676,3896
veh7,699721348683,,11.4943,0,CPM_DROP_PHY,11,7,699721348683,3905
veh7,58897,,11.5128,0,CAM_DROP_PHY,12,7,58897,3920
veh7,699721348774,,11.5231,0,CPM_DROP_PHY,2,7,699721348774,3932
veh7,699721348784,,11.5238,0,CPM_DROP_PHY,5,7,699721348784,3941
veh7,699721348769,,11.5276,0,CPM_DROP_PHY,10,7,699721348769,3929
veh7,58950,11.5423,,0,CAM,7,,58950,-1
veh7,58936,,11.5461,0,CAM_DROP_PHY,3,7,58936,3969
veh7,699721348803,,11.5461,0,CPM_DROP_PHY,3,7,699721348803,3969
veh7,58931,,11.5496,0,CAM_DROP_PHY,8,7,58931,3961
veh7,699721348826,,11.5528,0,CPM_DROP_PHY,12,7,699721348826,3997
veh7,699721348841,,11.5688,0,CPM_DROP_PHY,9,7,699721348841,4018
veh7,699721348838,,11.5766,0,CPM_DROP_PHY,6,7,699721348838,4017
veh7,699721348846,,11.5833,0,CPM_DROP_PHY,4,7,699721348846,4028
veh7,58997,,11.5876,0,CAM_DROP_PHY,10,7,58997,4045
veh7,699721348869,,11.5896,0,CPM_DROP_PHY,8,7,699721348869,4054
veh7,699721348880,,11.5943,0,CPM_DROP_PHY,11,7,699721348880,4071
veh7,699721348975,,11.6231,0,CPM_DROP_PHY,2,7,699721348975,4102
veh7,59117,,11.6233,0,CAM_DROP_PHY,4,7,59117,4108
veh7,59102,,11.6238,0,CAM_DROP_PHY,5,7,59102,4097
veh7,699721348987,,11.6238,0,CPM_DROP_PHY,5,7,699721348987,4097
veh7,699721348970,,11.6276,0,CPM_DROP_PHY,10,7,699721348970,4099
veh7,699721349002,,11.6388,0,CPM_DROP_PHY,3,7,699721349002,4139
veh7,699721349023,,11.6528,0,CPM_DROP_PHY,12,7,699721349023,4164
veh7,59162,,11.6566,0,CAM_DROP_PHY,6,7,59162,4165
veh7,699721349039,,11.6688,0,CPM_DROP_PHY,9,7,699721349039,4183
veh7,699721349037,,11.6766,0,CPM_DROP_PHY,6,7,699721349037,4182
veh7,699721349044,,11.6833,0,CPM_DROP_PHY,4,7,699721349044,4193
veh7,699721349065,,11.6896,0,CPM_DROP_PHY,8,7,699721349065,4221
veh7,699721349074,,11.6943,0,CPM_DROP_PHY,11,7,699721349074,4235
veh7,59295,,11.7128,0,CAM_DROP_PHY,12,7,59295,4251
veh7,59218,,11.7143,0,CAM_DROP_PHY,11,7,59218,4248
veh7,699721349171,,11.7231,0,CPM_DROP_PHY,2,7,699721349171,4263
veh7,699721349182,,11.7238,0,CPM_DROP_PHY,5,7,699721349182,4276
veh7,699721349166,,11.7276,0,CPM_DROP_PHY,10,7,699721349166,4260
veh7,699721349196,,11.7388,0,CPM_DROP_PHY,3,7,699721349196,4306
veh7,699721349219,,11.7528,0,CPM_DROP_PHY,12,7,699721349219,4332
veh7,59351,,11.7688,0,CAM_DROP_PHY,9,7,59351,4331
veh7,699721349233,,11.7688,0,CPM_DROP_PHY,9,7,699721349233,4331
veh7,699721349230,,11.7766,0,CPM_DROP_PHY,6,7,699721349230,4347
veh7,699721349237,,11.7833,0,CPM_DROP_PHY,4,7,699721349237,4356
veh7,699721349258,,11.7896,0,CPM_DROP_PHY,8,7,699721349258,4381
veh7,699721349267,,11.7943,0,CPM_DROP_PHY,11,7,699721349267,4395
veh7,59409,,11.8031,0,CAM_DROP_PHY,2,7,59409,4406
veh7,699721349361,,11.8231,0,CPM_DROP_PHY,2,7,699721349361,4425
veh7,699721349372,,11.8238,0,CPM_DROP_PHY,5,7,699721349372,4435
veh7,699721349356,,11.8331,0,CPM_DROP_PHY,10,7,699721349356,4421
veh7,59523,,11.8388,0,CAM_DROP_PHY,3,7,59523,4457
veh7,699721349390,,11.8388,0,CPM_DROP_PHY,3,7,699721349390,4457
veh7,59538,11.8423,,0,CAM,7,,59538,-1
veh7,59517,,11.8496,0,CAM_DROP_PHY,8,7,59517,4447
veh7,699721349413,,11.8528,0,CPM_DROP_PHY,12,7,699721349413,4488
veh7,699721349427,,11.8688,0,CPM_DROP_PHY,9,7,699721349427,4508
veh7,699721349424,,11.8766,0,CPM_DROP_PHY,6,7,699721349424,4507
veh7,699721349432,,11.8833,0,CPM_DROP_PHY,4,7,699721349432,4517
veh7,699721349454,,11.8896,0,CPM_DROP_PHY,8,7,699721349454,4543
veh7,59583,,11.8931,0,CAM_DROP_PHY,10,7,59583,4535
veh7,699721349464,,11.8943,0,CPM_DROP_PHY,11,7,699721349464,4559
veh7,699721349550,,11.9131,0,CPM_DROP_PHY,10,7,699721349550,4587
veh7,699721349555,,11.9231,0,CPM_DROP_PHY,2,7,699721349555,4590
veh7,59699,,11.9233,0,CAM_DROP_PHY,4,7,59699,4600
veh7,59682,,11.9238,0,CAM_DROP_PHY,5,7,59682,4586
veh7,699721349569,,11.9238,0,CPM_DROP_PHY,5,7,699721349569,4586
veh7,699721349582,,11.9388,0,CPM_DROP_PHY,3,7,699721349582,4632
veh7,699721349601,,11.9528,0,CPM_DROP_PHY,12,7,699721349601,4652
veh7,59741,,11.9566,0,CAM_DROP_PHY,6,7,59741,4653
veh7,699721349620,,11.9688,0,CPM_DROP_PHY,9,7,699721349620,4672
veh7,699721349616,,11.9766,0,CPM_DROP_PHY,6,7,699721349616,4671
veh7,699721349626,,11.9833,0,CPM_DROP_PHY,4,7,699721349626,4682
veh7,699721349653,,11.9896,0,CPM_DROP_PHY,8,7,699721349653,4710
veh7,699721349663,,11.9943,0,CPM_DROP_PHY,11,7,699721349663,4724
veh7,59887,,12.0128,0,CAM_DROP_PHY,12,7,59887,4740
veh7,699721349759,,12.0131,0,CPM_DROP_PHY,10,7,699721349759,4748
veh7,59807,,12.0143,0,CAM_DROP_PHY,11,7,59807,4737
veh7,699721349764,,12.0231,0,CPM_DROP_PHY,2,7,699721349764,4751
veh7,699721349790,,12.0388,0,CPM_DROP_PHY,3,7,699721349790,4793
veh7,699721349778,,12.0393,0,CPM_DROP_PHY,5,7,699721349778,4773
veh7,699721349813,,12.0528,0,CPM_DROP_PHY,12,7,699721349813,4817
veh7,59945,,12.0688,0,CAM_DROP_PHY,9,7,59945,4816
veh7,699721349827,,12.0688,0,CPM_DROP_PHY,9,7,699721349827,4816
veh7,699721349824,,12.0766,0,CPM_DROP_PHY,6,7,699721349824,4837
veh7,699721349832,,12.0833,0,CPM_DROP_PHY,4,7,699721349832,4845
veh7,699721349855,,12.0896,0,CPM_DROP_PHY,8,7,699721349855,4870
veh7,699721349864,,12.0943,0,CPM_DROP_PHY,11,7,699721349864,4884
veh7,699721349957,,12.1131,0,CPM_DROP_PHY,10,7,699721349957,4906
veh7,699721349962,,12.1231,0,CPM_DROP_PHY,2,7,699721349962,4909
veh7,60123,,12.1388,0,CAM_DROP_PHY,3,7,60123,4937
veh7,699721349991,,12.1388,0,CPM_DROP_PHY,3,7,699721349991,4937
veh7,699721349973,,12.1393,0,CPM_DROP_PHY,5,7,699721349973,4924
veh7,60139,12.1423,,0,CAM,7,,60139,-1
veh7,60118,,12.1496,0,CAM_DROP_PHY,8,7,60118,4932
veh7,699721350016,,12.1528,0,CPM_DROP_PHY,12,7,699721350016,4966
veh7,699721350032,,12.1688,0,CPM_DROP_PHY,9,7,699721350032,4990
veh7,699721350029,,12.1766,0,CPM_DROP_PHY,6,7,699721350029,4989
veh7,699721350037,,12.1833,0,CPM_DROP_PHY,4,7,699721350037,4998
veh7,699721350061,,12.1896,0,CPM_DROP_PHY,8,7,699721350061,5024
veh7,60189,,12.1931,0,CAM_DROP_PHY,10,7,60189,5017
veh7,699721350071,,12.1943,0,CPM_DROP_PHY,11,7,699721350071,5040
veh7,699721350167,,12.2131,0,CPM_DROP_PHY,10,7,699721350167,5068
veh7,60299,,12.2193,0,CAM_DROP_PHY,5,7,60299,5067
veh7,699721350172,,12.2231,0,CPM_DROP_PHY,2,7,699721350172,5071
veh7,60316,,12.2233,0,CAM_DROP_PHY,4,7,60316,5084
veh7,699721350201,,12.2388,0,CPM_DROP_PHY,3,7,699721350201,5113
veh7,699721350187,,12.2393,0,CPM_DROP_PHY,5,7,699721350187,5090
veh7,60359,,12.2566,0,CAM_DROP_PHY,6,7,60359,5139
veh7,699721350237,,12.2688,0,CPM_DROP_PHY,9,7,699721350237,5159
veh7,699721350220,,12.2716,0,CPM_DROP_PHY,12,7,699721350220,5138
veh7,699721350235,,12.2766,0,CPM_DROP_PHY,6,7,699721350235,5158
veh7,699721350242,,12.2833,0,CPM_DROP_PHY,4,7,699721350242,5163
veh7,699721350264,,12.2896,0,CPM_DROP_PHY,8,7,699721350264,5198
veh7,699721350273,,12.2943,0,CPM_DROP_PHY,11,7,699721350273,5213
veh7,60414,,12.3006,0,CAM_DROP_PHY,2,7,60414,5223
veh7,699721350360,,12.3131,0,CPM_DROP_PHY,10,7,699721350360,5239
veh7,60419,,12.3143,0,CAM_DROP_PHY,11,7,60419,5226
veh7,699721350365,,12.3206,0,CPM_DROP_PHY,2,7,699721350365,5243
veh7,699721350389,,12.3388,0,CPM_DROP_PHY,3,7,699721350389,5284
veh7,699721350378,,12.3393,0,CPM_DROP_PHY,5,7,699721350378,5268
veh7,60542,,12.3688,0,CAM_DROP_PHY,9,7,60542,5304
veh7,699721350423,,12.3688,0,CPM_DROP_PHY,9,7,699721350423,5304
veh7,699721350410,,12.3716,0,CPM_DROP_PHY,12,7,699721350410,5306
veh7,699721350420,,12.3766,0,CPM_DROP_PHY,6,7,699721350420,5321
veh7,699721350428,,12.3833,0,CPM_DROP_PHY,4,7,699721350428,5327
veh7,699721350450,,12.3896,0,CPM_DROP_PHY,8,7,699721350450,5358
veh7,699721350458,,12.3943,0,CPM_DROP_PHY,11,7,699721350458,5373
veh7,60671,,12.4116,0,CAM_DROP_PHY,12,7,60671,5389
veh7,699721350542,,12.4131,0,CPM_DROP_PHY,10,7,699721350542,5395
veh7,699721350547,,12.4206,0,CPM_DROP_PHY,2,7,699721350547,5398
veh7,699721350573,,12.4388,0,CPM_DROP_PHY,3,7,699721350573,5437
veh7,699721350559,,12.4393,0,CPM_DROP_PHY,5,7,699721350559,5423
veh7,60720,12.4423,,0,CAM,7,,60720,-1
veh7,60703,,12.4496,0,CAM_DROP_PHY,8,7,60703,5431
veh7,699721350609,,12.4688,0,CPM_DROP_PHY,9,7,699721350609,5481
veh7,699721350596,,12.4716,0,CPM_DROP_PHY,12,7,699721350596,5463
veh7,699721350606,,12.4766,0,CPM_DROP_PHY,6,7,699721350606,5480
veh7,699721350614,,12.4833,0,CPM_DROP_PHY,4,7,699721350614,5487
veh7,699721350639,,12.4896,0,CPM_DROP_PHY,8,7,699721350639,5519
veh7,60766,,12.4931,0,CAM_DROP_PHY,10,7,60766,5511
veh7,699721350648,,12.5076,0,CPM_DROP_PHY,11,7,699721350648,5537
veh7,699721350732,,12.5131,0,CPM_DROP_PHY,10,7,699721350732,5559
veh7,60863,,12.5193,0,CAM_DROP_PHY,5,7,60863,5555
veh7,699721350736,,12.5206,0,CPM_DROP_PHY,2,7,699721350736,5562
veh7,60896,,12.5388,0,CAM_DROP_PHY,3,7,60896,5603
veh7,699721350764,,12.5388,0,CPM_DROP_PHY,3,7,699721350764,5603
veh7,699721350750,,12.5393,0,CPM_DROP_PHY,5,7,699721350750,5588
veh7,60922,,12.5566,0,CAM_DROP_PHY,6,7,60922,5632
veh7,699721350798,,12.5688,0,CPM_DROP_PHY,9,7,699721350798,5646
veh7,699721350783,,12.5716,0,CPM_DROP_PHY,12,7,699721350783,5628
veh7,699721350796,,12.5766,0,CPM_DROP_PHY,6,7,699721350796,5645
veh7,699721350804,,12.5771,0,CPM_DROP_PHY,4,7,699721350804,5653
veh7,699721350827,,12.6058,0,CPM_DROP_PHY,8,7,699721350827,5692
veh7,699721350833,,12.6076,0,CPM_DROP_PHY,11,7,699721350833,5699
veh7,699721350921,,12.6206,0,CPM_DROP_PHY,2,7,699721350921,5719
veh7,699721350916,,12.6236,0,CPM_DROP_PHY,10,7,699721350916,5716
veh7,60975,,12.6276,0,CAM_DROP_PHY,11,7,60975,5699
veh7,61063,,12.6371,0,CAM_DROP_PHY,4,7,61063,5731
veh7,699721350948,,12.6388,0,CPM_DROP_PHY,3,7,699721350948,5762
veh7,699721350935,,12.6393,0,CPM_DROP_PHY,5,7,699721350935,5739
veh7,61103,,12.6688,0,CAM_DROP_PHY,9,7,61103,5794
veh7,699721350984,,12.6688,0,CPM_DROP_PHY,9,7,699721350984,5794
veh7,699721350981,,12.6691,0,CPM_DROP_PHY,6,7,699721350981,5809
veh7,699721350971,,12.6716,0,CPM_DROP_PHY,12,7,699721350971,5796
veh7,699721350989,,12.6771,0,CPM_DROP_PHY,4,7,699721350989,5816
veh7,699721351013,,12.7058,0,CPM_DROP_PHY,8,7,699721351013,5854
veh7,699721351020,,12.7076,0,CPM_DROP_PHY,11,7,699721351020,5862
veh7,699721351106,,12.7206,0,CPM_DROP_PHY,2,7,699721351106,5877
veh7,699721351101,,12.7236,0,CPM_DROP_PHY,10,7,699721351101,5874
veh7,699721351132,,12.7388,0,CPM_DROP_PHY,3,7,699721351132,5917
veh7,699721351117,,12.7393,0,CPM_DROP_PHY,5,7,699721351117,5896
veh7,61279,12.7423,,0,CAM,7,,61279,-1
veh7,61262,,12.7458,0,CAM_DROP_PHY,8,7,61262,5910
veh7,699721351165,,12.7691,0,CPM_DROP_PHY,6,7,699721351165,5961
veh7,699721351167,,12.7713,0,CPM_DROP_PHY,9,7,699721351167,5962
veh7,699721351154,,12.7716,0,CPM_DROP_PHY,12,7,699721351154,5944
veh7,699721351172,,12.7771,0,CPM_DROP_PHY,4,7,699721351172,5968
veh7,61326,,12.7836,0,CAM_DROP_PHY,10,7,61326,5999
veh7,699721351198,,12.8058,0,CPM_DROP_PHY,8,7,699721351198,6010
veh7,699721351205,,12.8076,0,CPM_DROP_PHY,11,7,699721351205,6021
veh7,61416,,12.8116,0,CAM_DROP_PHY,12,7,61416,6027
veh7,61422,,12.8193,0,CAM_DROP_PHY,5,7,61422,6032
veh7,699721351295,,12.8206,0,CPM_DROP_PHY,2,7,699721351295,6039
veh7,699721351290,,12.8236,0,CPM_DROP_PHY,10,7,699721351290,6036
veh7,699721351322,,12.8388,0,CPM_DROP_PHY,3,7,699721351322,6091
veh7,699721351309,,12.8393,0,CPM_DROP_PHY,5,7,699721351309,6068
veh7,61481,,12.8691,0,CAM_DROP_PHY,6,7,61481,6120
veh7,699721351353,,12.8691,0,CPM_DROP_PHY,6,7,699721351353,6120
veh7,699721351356,,12.8713,0,CPM_DROP_PHY,9,7,699721351356,6132
veh7,699721351341,,12.8716,0,CPM_DROP_PHY,12,7,699721351341,6119
veh7,699721351360,,12.8771,0,CPM_DROP_PHY,4,7,699721351360,6137
veh7,61530,,12.9006,0,CAM_DROP_PHY,2,7,61530,6184
veh7,699721351383,,12.9058,0,CPM_DROP_PHY,8,7,699721351383,6175
veh7,699721351389,,12.9076,0,CPM_DROP_PHY,11,7,699721351389,6182
veh7,61534,,12.9076,0,CAM_DROP_PHY,11,7,61534,6182
veh7,699721351482,,12.9206,0,CPM_DROP_PHY,2,7,699721351482,6205
veh7,699721351494,,12.9393,0,CPM_DROP_PHY,5,7,699721351494,6225
veh7,61661,,12.9513,0,CAM_DROP_PHY,9,7,61661,6267
veh7,699721351541,,12.9691,0,CPM_DROP_PHY,6,7,699721351541,6289
veh7,699721351544,,12.9713,0,CPM_DROP_PHY,9,7,699721351544,6292
veh7,699721351531,,12.9716,0,CPM_DROP_PHY,12,7,699721351531,6274
veh7,699721351549,,12.9771,0,CPM_DROP_PHY,4,7,699721351549,6298
veh7,699721351571,,13.0058,0,CPM_DROP_PHY,8,7,699721351571,6336
veh7,699721351578,,13.0076,0,CPM_DROP_PHY,11,7,699721351578,6344
veh7,699721351671,,13.0206,0,CPM_DROP_PHY,2,7,699721351671,6360
veh7,699721351690,,13.0368,0,CPM_DROP_PHY,5,7,699721351690,6378
veh7,61814,,13.0371,0,CAM_DROP_PHY,4,7,61814,6370
veh7,61853,13.0423,,0,CAM,7,,61853,-1
veh7,61835,,13.0458,0,CAM_DROP_PHY,8,7,61835,6394
veh7,699721351741,,13.0691,0,CPM_DROP_PHY,6,7,699721351741,6449
veh7,699721351745,,13.0713,0,CPM_DROP_PHY,9,7,699721351745,6452
veh7,699721351731,,13.0716,0,CPM_DROP_PHY,12,7,699721351731,6436
veh7,699721351750,,13.0771,0,CPM_DROP_PHY,4,7,699721351750,6458
veh7,699721351777,,13.1058,0,CPM_DROP_PHY,8,7,699721351777,6500
veh7,699721351785,,13.1076,0,CPM_DROP_PHY,11,7,699721351785,6509
veh7,62010,,13.1168,0,CAM_DROP_PHY,5,7,62010,6521
veh7,699721351884,,13.1206,0,CPM_DROP_PHY,2,7,699721351884,6529
veh7,699721351665,,13.1236,0,CPM_DROP_PHY,10,7,699721351665,6356
veh7,61905,,13.1236,0,CAM_DROP_PHY,10,7,61905,6488
veh7,699721351879,,13.1258,0,CPM_DROP_PHY,10,7,699721351879,6525
veh7,699721351897,,13.1368,0,CPM_DROP_PHY,5,7,699721351897,6549
veh7,62069,,13.1691,0,CAM_DROP_PHY,6,7,62069,6600
veh7,699721351941,,13.1691,0,CPM_DROP_PHY,6,7,699721351941,6600
veh7,699721351944,,13.1713,0,CPM_DROP_PHY,9,7,699721351944,6612
veh7,699721351929,,13.1716,0,CPM_DROP_PHY,12,7,699721351929,6599
veh7,699721351949,,13.1771,0,CPM_DROP_PHY,4,7,699721351949,6618
veh7,699721351972,,13.2058,0,CPM_DROP_PHY,8,7,699721351972,6656
veh7,699721351979,,13.2076,0,CPM_DROP_PHY,11,7,699721351979,6664
veh7,62120,,13.2076,0,CAM_DROP_PHY,11,7,62120,6664
veh7,62201,,13.2116,0,CAM_DROP_PHY,12,7,62201,6669
veh7,699721352078,,13.2206,0,CPM_DROP_PHY,2,7,699721352078,6682
veh7,699721352073,,13.2258,0,CPM_DROP_PHY,10,7,699721352073,6678
veh7,699721352090,,13.2368,0,CPM_DROP_PHY,5,7,699721352090,6706
veh7,62255,,13.2513,0,CAM_DROP_PHY,9,7,62255,6749
veh7,699721352134,,13.2691,0,CPM_DROP_PHY,6,7,699721352134,6769
veh7,699721352137,,13.2713,0,CPM_DROP_PHY,9,7,699721352137,6772
veh7,699721352124,,13.2716,0,CPM_DROP_PHY,12,7,699721352124,6756
veh7,699721352141,,13.2771,0,CPM_DROP_PHY,4,7,699721352141,6778
veh7,699721352172,,13.3038,0,CPM_DROP_PHY,11,7,699721352172,6824
veh7,699721352165,,13.3058,0,CPM_DROP_PHY,8,7,699721352165,6817
veh7,699721352264,,13.3206,0,CPM_DROP_PHY,2,7,699721352264,6842
veh7,699721352259,,13.3258,0,CPM_DROP_PHY,10,7,699721352259,6837
veh7,699721352275,,13.3368,0,CPM_DROP_PHY,5,7,699721352275,6857
veh7,62439,13.3423,,0,CAM,7,,62439,-1
veh7,62420,,13.3458,0,CAM_DROP_PHY,8,7,62420,6872
veh7,699721352325,,13.3691,0,CPM_DROP_PHY,6,7,699721352325,6922
veh7,699721352328,,13.3713,0,CPM_DROP_PHY,9,7,699721352328,6925
veh7,699721352315,,13.3716,0,CPM_DROP_PHY,12,7,699721352315,6909
veh7,699721352332,,13.3771,0,CPM_DROP_PHY,4,7,699721352332,6932
veh7,62485,,13.3858,0,CAM_DROP_PHY,10,7,62485,6961
veh7,699721352365,,13.4038,0,CPM_DROP_PHY,11,7,699721352365,6982
veh7,699721352358,,13.4058,0,CPM_DROP_PHY,8,7,699721352358,6974
veh7,699721352463,,13.4206,0,CPM_DROP_PHY,2,7,699721352463,7004
veh7,699721352458,,13.4258,0,CPM_DROP_PHY,10,7,699721352458,6999
veh7,699721352477,,13.4368,0,CPM_DROP_PHY,5,7,699721352477,7020
veh7,62606,,13.4371,0,CAM_DROP_PHY,4,7,62606,7014
veh7,699721352512,,13.4623,0,CPM_DROP_PHY,12,7,699721352512,7072
veh7,699721352523,,13.4691,0,CPM_DROP_PHY,6,7,699721352523,7082
veh7,699721352532,,13.4771,0,CPM_DROP_PHY,4,7,699721352532,7095
veh7,699721352527,,13.4813,0,CPM_DROP_PHY,9,7,699721352527,7088
veh7,62702,,13.5006,0,CAM_DROP_PHY,2,7,62702,7139
veh7,62788,,13.5023,0,CAM_DROP_PHY,12,7,62788,7145
veh7,699721352562,,13.5038,0,CPM_DROP_PHY,11,7,699721352562,7135
veh7,62707,,13.5038,0,CAM_DROP_PHY,11,7,62707,7135
veh7,699721352554,,13.5048,0,CPM_DROP_PHY,8,7,699721352554,7126
veh7,62797,,13.5168,0,CAM_DROP_PHY,5,7,62797,7160
veh7,699721352670,,13.5206,0,CPM_DROP_PHY,2,7,699721352670,7169
veh7,699721352665,,13.5258,0,CPM_DROP_PHY,10,7,699721352665,7164
veh7,699721352683,,13.5368,0,CPM_DROP_PHY,5,7,699721352683,7192
veh7,62851,,13.5613,0,CAM_DROP_PHY,9,7,62851,7239
veh7,699721352719,,13.5623,0,CPM_DROP_PHY,12,7,699721352719,7241
veh7,62858,,13.5691,0,CAM_DROP_PHY,6,7,62858,7242
veh7,699721352732,,13.5691,0,CPM_DROP_PHY,6,7,699721352732,7242
veh7,699721352741,,13.5771,0,CPM_DROP_PHY,4,7,699721352741,7266
veh7,699721352736,,13.5813,0,CPM_DROP_PHY,9,7,699721352736,7260
veh7,699721352771,,13.6038,0,CPM_DROP_PHY,11,7,699721352771,7312
veh7,699721352763,,13.6048,0,CPM_DROP_PHY,8,7,699721352763,7303
veh7,699721352873,,13.6206,0,CPM_DROP_PHY,2,7,699721352873,7331
veh7,699721352868,,13.6258,0,CPM_DROP_PHY,10,7,699721352868,7327
veh7,699721352884,,13.6368,0,CPM_DROP_PHY,5,7,699721352884,7348
veh7,63047,13.6423,,0,CAM,7,,63047,-1
veh7,63029,,13.6448,0,CAM_DROP_PHY,8,7,63029,7361
veh7,699721352922,,13.6623,0,CPM_DROP_PHY,12,7,699721352922,7392
veh7,699721352932,,13.6691,0,CPM_DROP_PHY,6,7,699721352932,7408
veh7,699721352941,,13.6771,0,CPM_DROP_PHY,4,7,699721352941,7423
veh7,699721352936,,13.6813,0,CPM_DROP_PHY,9,7,699721352936,7415
veh7,63093,,13.6858,0,CAM_DROP_PHY,10,7,63093,7444
veh7,699721352975,,13.7038,0,CPM_DROP_PHY,11,7,699721352975,7469
veh7,699721352967,,13.7048,0,CPM_DROP_PHY,8,7,699721352967,7459
veh7,699721353070,,13.7193,0,CPM_DROP_PHY,2,7,699721353070,7491
veh7,699721353066,,13.7258,0,CPM_DROP_PHY,10,7,699721353066,7487
veh7,699721353081,,13.7368,0,CPM_DROP_PHY,5,7,699721353081,7509
veh7,699721352900,,13.7533,0,CPM_DROP_PHY,3,7,699721352900,7368
veh7,63229,,13.7533,0,CAM_DROP_PHY,3,7,63229,7526
veh7,699721353097,,13.7533,0,CPM_DROP_PHY,3,7,699721353097,7526
veh7,699721353115,,13.7623,0,CPM_DROP_PHY,12,7,699721353115,7549
veh7,699721353125,,13.7691,0,CPM_DROP_PHY,6,7,699721353125,7560
veh7,699721353134,,13.7771,0,CPM_DROP_PHY,4,7,699721353134,7575
veh7,699721353129,,13.7813,0,CPM_DROP_PHY,9,7,699721353129,7567
veh7,63394,,13.8023,0,CAM_DROP_PHY,12,7,63394,7623
veh7,699721353163,,13.8038,0,CPM_DROP_PHY,11,7,699721353163,7616
veh7,63305,,13.8038,0,CAM_DROP_PHY,11,7,63305,7616
veh7,699721353155,,13.8048,0,CPM_DROP_PHY,8,7,699721353155,7607
veh7,699721353273,,13.8193,0,CPM_DROP_PHY,2,7,699721353273,7643
veh7,699721353268,,13.8258,0,CPM_DROP_PHY,10,7,699721353268,7639
veh7,699721353287,,13.8368,0,CPM_DROP_PHY,5,7,699721353287,7663
veh7,63416,,13.8371,0,CAM_DROP_PHY,4,7,63416,7655
veh7,699721353299,,13.8533,0,CPM_DROP_PHY,3,7,699721353299,7681
veh7,63454,,13.8613,0,CAM_DROP_PHY,9,7,63454,7708
veh7,699721353322,,13.8623,0,CPM_DROP_PHY,12,7,699721353322,7710
veh7,699721353332,,13.8691,0,CPM_DROP_PHY,6,7,699721353332,7723
veh7,699721353341,,13.8731,0,CPM_DROP_PHY,4,7,699721353341,7738
veh7,699721353335,,13.8813,0,CPM_DROP_PHY,9,7,699721353335,7730
veh7,699721353371,,13.9038,0,CPM_DROP_PHY,11,7,699721353371,7785
veh7,699721353363,,13.9048,0,CPM_DROP_PHY,8,7,699721353363,7775
veh7,63612,,13.9168,0,CAM_DROP_PHY,5,7,63612,7799
veh7,699721353486,,13.9193,0,CPM_DROP_PHY,2,7,699721353486,7804
veh7,699721353480,,13.9258,0,CPM_DROP_PHY,10,7,699721353480,7800
veh7,699721353498,,13.9368,0,CPM_DROP_PHY,5,7,699721353498,7825
veh7,63660,13.9423,,0,CAM,7,,63660,-1
veh7,63643,,13.9448,0,CAM_DROP_PHY,8,7,63643,7838
veh7,699721353514,,13.9533,0,CPM_DROP_PHY,3,7,699721353514,7848
veh7,699721353535,,13.9623,0,CPM_DROP_PHY,12,7,699721353535,7872
veh7,63674,,13.9691,0,CAM_DROP_PHY,6,7,63674,7873
veh7,699721353548,,13.9691,0,CPM_DROP_PHY,6,7,699721353548,7873
veh7,699721353557,,13.9731,0,CPM_DROP_PHY,4,7,699721353557,7904
veh7,699721353552,,13.9813,0,CPM_DROP_PHY,9,7,699721353552,7896
veh7,63710,,13.9858,0,CAM_DROP_PHY,10,7,63710,7927
veh7,63731,,13.9993,0,CAM_DROP_PHY,2,7,63731,7957
veh7,699721353591,,14.0038,0,CPM_DROP_PHY,11,7,699721353591,7951
veh7,699721353583,,14.0048,0,CPM_DROP_PHY,8,7,699721353583,7940
veh7,699721353708,,14.0193,0,CPM_DROP_PHY,2,7,699721353708,7977
veh7,699721353703,,14.0258,0,CPM_DROP_PHY,10,7,699721353703,7973
veh7,699721353720,,14.0368,0,CPM_DROP_PHY,5,7,699721353720,7998
veh7,699721353733,,14.0533,0,CPM_DROP_PHY,3,7,699721353733,8017
veh7,699721353751,,14.0623,0,CPM_DROP_PHY,12,7,699721353751,8037
veh7,699721353761,,14.0691,0,CPM_DROP_PHY,6,7,699721353761,8048
veh7,699721353770,,14.0731,0,CPM_DROP_PHY,4,7,699721353770,8063
veh7,699721353764,,14.0813,0,CPM_DROP_PHY,9,7,699721353764,8055
veh7,64044,,14.1023,0,CAM_DROP_PHY,12,7,64044,8111
veh7,699721353801,,14.1038,0,CPM_DROP_PHY,11,7,699721353801,8105
veh7,63942,,14.1038,0,CAM_DROP_PHY,11,7,63942,8105
veh7,699721353793,,14.1048,0,CPM_DROP_PHY,8,7,699721353793,8095
veh7,699721353923,,14.1193,0,CPM_DROP_PHY,2,7,699721353923,8131
veh7,699721353918,,14.1258,0,CPM_DROP_PHY,10,7,699721353918,8127
veh7,699721353935,,14.1368,0,CPM_DROP_PHY,5,7,699721353935,8151
veh7,64082,,14.1533,0,CAM_DROP_PHY,3,7,64082,8168
veh7,64103,,14.1613,0,CAM_DROP_PHY,9,7,64103,8189
veh7,699721353971,,14.1623,0,CPM_DROP_PHY,12,7,699721353971,8191
veh7,699721353990,,14.1731,0,CPM_DROP_PHY,4,7,699721353990,8220
veh7,699721353951,,14.1733,0,CPM_DROP_PHY,3,7,699721353951,8168
veh7,699721353980,,14.1778,0,CPM_DROP_PHY,6,7,699721353980,8205
veh7,699721353984,,14.1813,0,CPM_DROP_PHY,9,7,699721353984,8212
veh7,699721354022,,14.2038,0,CPM_DROP_PHY,11,7,699721354022,8273
veh7,699721354014,,14.2048,0,CPM_DROP_PHY,8,7,699721354014,8264
veh7,699721354142,,14.2193,0,CPM_DROP_PHY,2,7,699721354142,8291
veh7,699721354137,,14.2258,0,CPM_DROP_PHY,10,7,699721354137,8288
veh7,64286,,14.2331,0,CAM_DROP_PHY,4,7,64286,8303
veh7,699721354157,,14.2386,0,CPM_DROP_PHY,5,7,699721354157,8311
veh7,64319,14.2423,,0,CAM,7,,64319,-1
veh7,64302,,14.2448,0,CAM_DROP_PHY,8,7,64302,8320
veh7,699721354174,,14.2533,0,CPM_DROP_PHY,3,7,699721354174,8334
veh7,699721354195,,14.2623,0,CPM_DROP_PHY,12,7,699721354195,8361
veh7,699721354214,,14.2731,0,CPM_DROP_PHY,4,7,699721354214,8392
veh7,699721354206,,14.2778,0,CPM_DROP_PHY,6,7,699721354206,8377
veh7,699721354209,,14.2813,0,CPM_DROP_PHY,9,7,699721354209,8384
veh7,64365,,14.2858,0,CAM_DROP_PHY,10,7,64365,8410
veh7,699721354247,,14.3038,0,CPM_DROP_PHY,11,7,699721354247,8438
veh7,699721354239,,14.3038,0,CPM_DROP_PHY,8,7,699721354239,8428
veh7,699721354374,,14.3176,0,CPM_DROP_PHY,10,7,699721354374,8459
veh7,64505,,14.3186,0,CAM_DROP_PHY,5,7,64505,8457
veh7,699721354379,,14.3193,0,CPM_DROP_PHY,2,7,699721354379,8462
veh7,699721354393,,14.3386,0,CPM_DROP_PHY,5,7,699721354393,8486
veh7,699721354407,,14.3533,0,CPM_DROP_PHY,3,7,699721354407,8504
veh7,64564,,14.3578,0,CAM_DROP_PHY,6,7,64564,8526
veh7,699721354425,,14.3623,0,CPM_DROP_PHY,12,7,699721354425,8525
veh7,699721354448,,14.3731,0,CPM_DROP_PHY,4,7,699721354448,8559
veh7,699721354437,,14.3778,0,CPM_DROP_PHY,6,7,699721354437,8540
veh7,699721354441,,14.3813,0,CPM_DROP_PHY,9,7,699721354441,8548
veh7,64731,,14.4023,0,CAM_DROP_PHY,12,7,64731,8608
veh7,699721354478,,14.4038,0,CPM_DROP_PHY,11,7,699721354478,8600
veh7,699721354470,,14.4038,0,CPM_DROP_PHY,8,7,699721354470,8592
veh7,699721354605,,14.4176,0,CPM_DROP_PHY,10,7,699721354605,8626
veh7,699721354610,,14.4193,0,CPM_DROP_PHY,2,7,699721354610,8628
veh7,64619,,14.4238,0,CAM_DROP_PHY,11,7,64619,8600
veh7,699721354623,,14.4386,0,CPM_DROP_PHY,5,7,699721354623,8651
veh7,699721354635,,14.4533,0,CPM_DROP_PHY,3,7,699721354635,8670
veh7,64789,,14.4613,0,CAM_DROP_PHY,9,7,64789,8692
veh7,699721354657,,14.4623,0,CPM_DROP_PHY,12,7,699721354657,8694
veh7,699721354676,,14.4731,0,CPM_DROP_PHY,4,7,699721354676,8722
veh7,699721354667,,14.4778,0,CPM_DROP_PHY,6,7,699721354667,8710
veh7,699721354671,,14.4813,0,CPM_DROP_PHY,9,7,699721354671,8715
veh7,64847,,14.4993,0,CAM_DROP_PHY,2,7,64847,8769
veh7,699721354706,,14.5038,0,CPM_DROP_PHY,11,7,699721354706,8767
veh7,699721354699,,14.5038,0,CPM_DROP_PHY,8,7,699721354699,8759
veh7,699721354841,,14.5176,0,CPM_DROP_PHY,10,7,699721354841,8790
veh7,699721354846,,14.5193,0,CPM_DROP_PHY,2,7,699721354846,8792
veh7,699721354859,,14.5386,0,CPM_DROP_PHY,5,7,699721354859,8817
veh7,65003,,14.5438,0,CAM_DROP_PHY,8,7,65003,8825
veh7,65008,,14.5533,0,CAM_DROP_PHY,3,7,65008,8831
veh7,699721354897,,14.5613,0,CPM_DROP_PHY,12,7,699721354897,8858
veh7,699721354921,,14.5731,0,CPM_DROP_PHY,4,7,699721354921,8889
veh7,699721354876,,14.5733,0,CPM_DROP_PHY,3,7,699721354876,8831
veh7,699721354912,,14.5778,0,CPM_DROP_PHY,6,7,699721354912,8878
veh7,699721354915,,14.5813,0,CPM_DROP_PHY,9,7,699721354915,8880
veh7,65074,,14.5976,0,CAM_DROP_PHY,10,7,65074,8908
veh7,699721354956,,14.6038,0,CPM_DROP_PHY,11,7,699721354956,8935
veh7,699721354948,,14.6038,0,CPM_DROP_PHY,8,7,699721354948,8927
veh7,699721355089,,14.6176,0,CPM_DROP_PHY,10,7,699721355089,8960
veh7,699721355094,,14.6193,0,CPM_DROP_PHY,2,7,699721355094,8962
veh7,65238,,14.6331,0,CAM_DROP_PHY,4,7,65238,8978
veh7,699721355109,,14.6386,0,CPM_DROP_PHY,5,7,699721355109,8985
veh7,65268,14.6423,,0,CAM,7,,65268,-1
veh7,699721355121,,14.6533,0,CPM_DROP_PHY,3,7,699721355121,9002
veh7,699721355144,,14.6613,0,CPM_DROP_PHY,12,7,699721355144,9028
veh7,699721355163,,14.6731,0,CPM_DROP_PHY,4,7,699721355163,9056
veh7,699721355155,,14.6778,0,CPM_DROP_PHY,6,7,699721355155,9045
veh7,699721355158,,14.6813,0,CPM_DROP_PHY,9,7,699721355158,9047
veh7,699721355194,,14.7038,0,CPM_DROP_PHY,11,7,699721355194,9094
veh7,699721355185,,14.7038,0,CPM_DROP_PHY,8,7,699721355185,9086
veh7,699721355356,,14.7161,0,CPM_DROP_PHY,2,7,699721355356,9117
veh7,699721355350,,14.7176,0,CPM_DROP_PHY,10,7,699721355350,9115
veh7,65481,,14.7186,0,CAM_DROP_PHY,5,7,65481,9113
veh7,65473,,14.7213,0,CAM_DROP_PHY,12,7,65473,9103
veh7,65336,,14.7238,0,CAM_DROP_PHY,11,7,65336,9094
veh7,699721355372,,14.7386,0,CPM_DROP_PHY,5,7,699721355372,9145
veh7,699721355389,,14.7533,0,CPM_DROP_PHY,3,7,699721355389,9171
veh7,8,,14.7571,0,CAM_DROP_PHY,9,7,8,9194
veh7,14,,14.7578,0,CAM_DROP_PHY,6,7,14,9197
veh7,699721355412,,14.7613,0,CPM_DROP_PHY,12,7,699721355412,9196
veh7,699721355435,,14.7731,0,CPM_DROP_PHY,4,7,699721355435,9234
veh7,699721355429,,14.7771,0,CPM_DROP_PHY,9,7,699721355429,9221
veh7,699721355426,,14.7778,0,CPM_DROP_PHY,6,7,699721355426,9218
veh7,699721355468,,14.8023,0,CPM_DROP_PHY,11,7,699721355468,9277
veh7,699721355458,,14.8038,0,CPM_DROP_PHY,8,7,699721355458,9269
veh7,699721355618,,14.8161,0,CPM_DROP_PHY,2,7,699721355618,9297
veh7,699721355612,,14.8176,0,CPM_DROP_PHY,10,7,699721355612,9295
veh7,699721355631,,14.8386,0,CPM_DROP_PHY,5,7,699721355631,9321
veh7,699721355642,,14.8533,0,CPM_DROP_PHY,3,7,699721355642,9332
veh7,699721355662,,14.8613,0,CPM_DROP_PHY,12,7,699721355662,9354
veh7,699721355681,,14.8731,0,CPM_DROP_PHY,4,7,699721355681,9382
veh7,699721355675,,14.8771,0,CPM_DROP_PHY,9,7,699721355675,9374
veh7,699721355673,,14.8778,0,CPM_DROP_PHY,6,7,699721355673,9371
veh7,298,,14.8976,0,CAM_DROP_PHY,10,7,298,9401
veh7,699721355715,,14.9023,0,CPM_DROP_PHY,11,7,699721355715,9421
veh7,699721355706,,14.9038,0,CPM_DROP_PHY,8,7,699721355706,9413
veh7,699721355867,,14.9161,0,CPM_DROP_PHY,2,7,699721355867,9448
veh7,699721355862,,14.9176,0,CPM_DROP_PHY,10,7,699721355862,9446
veh7,699721355881,,14.9403,0,CPM_DROP_PHY,5,7,699721355881,9472
veh7,489,,14.9438,0,CAM_DROP_PHY,8,7,489,9481
veh7,493,,14.9473,0,CAM_DROP_PHY,3,7,493,9484
veh7,699721355898,,14.9473,0,CPM_DROP_PHY,3,7,699721355898,9484
veh7,699721355920,,14.9613,0,CPM_DROP_PHY,12,7,699721355920,9514
veh7,699721355940,,14.9731,0,CPM_DROP_PHY,4,7,699721355940,9542
veh7,699721355935,,14.9771,0,CPM_DROP_PHY,9,7,699721355935,9536
veh7,699721355932,,14.9778,0,CPM_DROP_PHY,6,7,699721355932,9534
veh7,699721355970,,15.0023,0,CPM_DROP_PHY,11,7,699721355970,9580
veh7,699721355962,,15.0038,0,CPM_DROP_PHY,8,7,699721355962,9572
veh7,575,,15.0161,0,CAM_DROP_PHY,2,7,575,9584
veh7,699721356131,,15.0176,0,CPM_DROP_PHY,10,7,699721356131,9602
veh7,720,,15.0213,0,CAM_DROP_PHY,12,7,720,9590
veh7,579,,15.0223,0,CAM_DROP_PHY,11,7,579,9580
veh7,745,,15.0331,0,CAM_DROP_PHY,4,7,745,9621
veh7,699721356136,,15.0361,0,CPM_DROP_PHY,2,7,699721356136,9584
veh7,699721356154,,15.0403,0,CPM_DROP_PHY,5,7,699721356154,9633
veh7,780,15.0423,,0,CAM,7,,780,-1
veh7,699721356168,,15.0473,0,CPM_DROP_PHY,3,7,699721356168,9655
veh7,794,,15.0571,0,CAM_DROP_PHY,9,7,794,9692
veh7,699721356198,,15.0613,0,CPM_DROP_PHY,12,7,699721356198,9694
veh7,699721356217,,15.0731,0,CPM_DROP_PHY,4,7,699721356217,9721
veh7,699721356212,,15.0771,0,CPM_DROP_PHY,9,7,699721356212,9715
veh7,699721356209,,15.0778,0,CPM_DROP_PHY,6,7,699721356209,9713
veh7,699721356242,,15.1006,0,CPM_DROP_PHY,8,7,699721356242,9756
veh7,699721356250,,15.1023,0,CPM_DROP_PHY,11,7,699721356250,9764
veh7,699721356408,,15.1161,0,CPM_DROP_PHY,2,7,699721356408,9785
veh7,699721356402,,15.1176,0,CPM_DROP_PHY,10,7,699721356402,9783
veh7,998,,15.1203,0,CAM_DROP_PHY,5,7,998,9782
veh7,699721356421,,15.1403,0,CPM_DROP_PHY,5,7,699721356421,9813
veh7,699721356434,,15.1473,0,CPM_DROP_PHY,3,7,699721356434,9827
veh7,1057,,15.1578,0,CAM_DROP_PHY,6,7,1057,9854
veh7,699721356454,,15.1613,0,CPM_DROP_PHY,12,7,699721356454,9852
veh7,699721356477,,15.1731,0,CPM_DROP_PHY,4,7,699721356477,9885
veh7,699721356471,,15.1771,0,CPM_DROP_PHY,9,7,699721356471,9876
veh7,699721356468,,15.1778,0,CPM_DROP_PHY,6,7,699721356468,9873
veh7,1092,,15.1976,0,CAM_DROP_PHY,10,7,1092,9903
veh7,699721356501,,15.2006,0,CPM_DROP_PHY,8,7,699721356501,9916
veh7,699721356509,,15.2023,0,CPM_DROP_PHY,11,7,699721356509,9924
veh7,699721356673,,15.2161,0,CPM_DROP_PHY,2,7,699721356673,9951
veh7,699721356668,,15.2176,0,CPM_DROP_PHY,10,7,699721356668,9949
veh7,699721356686,,15.2403,0,CPM_DROP_PHY,5,7,699721356686,9976
veh7,699721356697,,15.2473,0,CPM_DROP_PHY,3,7,699721356697,9986
veh7,699721356719,,15.2586,0,CPM_DROP_PHY,12,7,699721356719,10011
veh7,699721356738,,15.2731,0,CPM_DROP_PHY,4,7,699721356738,10035
veh7,699721356732,,15.2771,0,CPM_DROP_PHY,9,7,699721356732,10031
veh7,699721356730,,15.2778,0,CPM_DROP_PHY,6,7,699721356730,10029
veh7,699721356759,,15.3006,0,CPM_DROP_PHY,8,7,699721356759,10066
veh7,1531,,15.3186,0,CAM_DROP_PHY,12,7,1531,10086
veh7,699721356945,,15.3191,0,CPM_DROP_PHY,2,7,699721356945,10096
veh7,699721356768,,15.3223,0,CPM_DROP_PHY,11,7,699721356768,10074
veh7,1374,,15.3223,0,CAM_DROP_PHY,11,7,1374,10074
veh7,699721356939,,15.3376,0,CPM_DROP_PHY,10,7,699721356939,10094
veh7,699721356959,,15.3403,0,CPM_DROP_PHY,5,7,699721356959,10125
veh7,1569,,15.3406,0,CAM_DROP_PHY,8,7,1569,10141
veh7,1574,,15.3473,0,CAM_DROP_PHY,3,7,1574,10144
veh7,699721356978,,15.3473,0,CPM_DROP_PHY,3,7,699721356978,10144
veh7,699721357001,,15.3586,0,CPM_DROP_PHY,12,7,699721357001,10183
veh7,699721357022,,15.3691,0,CPM_DROP_PHY,4,7,699721357022,10210
veh7,699721357016,,15.3771,0,CPM_DROP_PHY,9,7,699721357016,10206
veh7,699721357013,,15.3778,0,CPM_DROP_PHY,6,7,699721357013,10204
veh7,1658,,15.3991,0,CAM_DROP_PHY,2,7,1658,10252
veh7,699721357045,,15.4006,0,CPM_DROP_PHY,8,7,699721357045,10242
veh7,699721357053,,15.4023,0,CPM_DROP_PHY,11,7,699721357053,10249
veh7,699721357239,,15.4176,0,CPM_DROP_PHY,10,7,699721357239,10275
veh7,699721357245,,15.4191,0,CPM_DROP_PHY,2,7,699721357245,10278
veh7,1854,,15.4291,0,CAM_DROP_PHY,4,7,1854,10295
veh7,699721357261,,15.4403,0,CPM_DROP_PHY,5,7,699721357261,10303
veh7,1884,15.4423,,0,CAM,7,,1884,-1
veh7,699721357273,,15.4473,0,CPM_DROP_PHY,3,7,699721357273,10316
veh7,1897,,15.4571,0,CAM_DROP_PHY,9,7,1897,10347
veh7,699721357301,,15.4586,0,CPM_DROP_PHY,12,7,699721357301,10349
veh7,699721357312,,15.4688,0,CPM_DROP_PHY,6,7,699721357312,10367
veh7,699721357322,,15.4691,0,CPM_DROP_PHY,4,7,699721357322,10375
veh7,699721357315,,15.4771,0,CPM_DROP_PHY,9,7,699721357315,10369
veh7,1940,,15.4976,0,CAM_DROP_PHY,10,7,1940,10405
veh7,699721357349,,15.5006,0,CPM_DROP_PHY,8,7,699721357349,10418
veh7,699721357357,,15.5023,0,CPM_DROP_PHY,11,7,699721357357,10426
veh7,2136,,15.5151,0,CAM_DROP_PHY,5,7,2136,10449
veh7,699721357541,,15.5176,0,CPM_DROP_PHY,10,7,699721357541,10451
veh7,699721357547,,15.5246,0,CPM_DROP_PHY,2,7,699721357547,10455
veh7,699721357561,,15.5351,0,CPM_DROP_PHY,5,7,699721357561,10484
veh7,699721357574,,15.5473,0,CPM_DROP_PHY,3,7,699721357574,10499
veh7,699721357595,,15.5586,0,CPM_DROP_PHY,12,7,699721357595,10522
veh7,2198,,15.5688,0,CAM_DROP_PHY,6,7,2198,10524
veh7,699721357616,,15.5691,0,CPM_DROP_PHY,4,7,699721357616,10545
veh7,699721357611,,15.5771,0,CPM_DROP_PHY,9,7,699721357611,10541
veh7,699721357609,,15.5888,0,CPM_DROP_PHY,6,7,699721357609,10524
veh7,699721357640,,15.6006,0,CPM_DROP_PHY,8,7,699721357640,10577
veh7,699721357648,,15.6023,0,CPM_DROP_PHY,11,7,699721357648,10588
veh7,2414,,15.6186,0,CAM_DROP_PHY,12,7,2414,10602
veh7,699721357828,,15.6191,0,CPM_DROP_PHY,2,7,699721357828,10615
veh7,2254,,15.6223,0,CAM_DROP_PHY,11,7,2254,10588
veh7,699721357842,,15.6351,0,CPM_DROP_PHY,5,7,699721357842,10642
veh7,699721357823,,15.6376,0,CPM_DROP_PHY,10,7,699721357823,10611
veh7,699721357855,,15.6473,0,CPM_DROP_PHY,3,7,699721357855,10664
veh7,699721357878,,15.6586,0,CPM_DROP_PHY,12,7,699721357878,10696
veh7,699721357888,,15.6688,0,CPM_DROP_PHY,6,7,699721357888,10712
veh7,699721357897,,15.6691,0,CPM_DROP_PHY,4,7,699721357897,10718
veh7,699721357892,,15.6771,0,CPM_DROP_PHY,9,7,699721357892,10714
veh7,699721357919,,15.7006,0,CPM_DROP_PHY,8,7,699721357919,10750
veh7,699721358105,,15.7191,0,CPM_DROP_PHY,2,7,699721358105,10779
veh7,699721357928,,15.7223,0,CPM_DROP_PHY,11,7,699721357928,10758
veh7,699721358100,,15.7346,0,CPM_DROP_PHY,10,7,699721358100,10774
veh7,699721358119,,15.7351,0,CPM_DROP_PHY,5,7,699721358119,10806
veh7,2727,,15.7406,0,CAM_DROP_PHY,8,7,2727,10817
veh7,2732,,15.7473,0,CAM_DROP_PHY,3,7,2732,10820
veh7,699721358138,,15.7473,0,CPM_DROP_PHY,3,7,699721358138,10820
veh7,699721358159,,15.7586,0,CPM_DROP_PHY,12,7,699721358159,10857
veh7,699721358171,,15.7688,0,CPM_DROP_PHY,6,7,699721358171,10878
veh7,699721358179,,15.7691,0,CPM_DROP_PHY,4,7,699721358179,10883
veh7,699721358174,,15.7788,0,CPM_DROP_PHY,9,7,699721358174,10880
veh7,2797,,15.7946,0,CAM_DROP_PHY,10,7,2797,10908
veh7,2821,,15.7991,0,CAM_DROP_PHY,2,7,2821,10933
veh7,699721358205,,15.8006,0,CPM_DROP_PHY,8,7,699721358205,10918
veh7,699721358214,,15.8023,0,CPM_DROP_PHY,11,7,699721358214,10925
veh7,699721358403,,15.8191,0,CPM_DROP_PHY,2,7,699721358403,10961
veh7,3012,,15.8291,0,CAM_DROP_PHY,4,7,3012,10982
veh7,699721358397,,15.8346,0,CPM_DROP_PHY,10,7,699721358397,10956
veh7,699721358419,,15.8351,0,CPM_DROP_PHY,5,7,699721358419,10987
veh7,3044,15.8423,,0,CAM,7,,3044,-1
veh7,699721358433,,15.8473,0,CPM_DROP_PHY,3,7,699721358433,11005
veh7,699721358459,,15.8586,0,CPM_DROP_PHY,12,7,699721358459,11037
veh7,3055,,15.8588,0,CAM_DROP_PHY,9,7,3055,11036
veh7,699721358471,,15.8688,0,CPM_DROP_PHY,6,7,699721358471,11057
veh7,699721358474,,15.8788,0,CPM_DROP_PHY,9,7,699721358474,11059
veh7,699721358506,,15.8976,0,CPM_DROP_PHY,8,7,699721358506,11107
veh7,699721358514,,15.9023,0,CPM_DROP_PHY,11,7,699721358514,11114
veh7,3286,,15.9186,0,CAM_DROP_PHY,12,7,3286,11125
veh7,3292,,15.9216,0,CAM_DROP_PHY,5,7,3292,11131
veh7,3121,,15.9223,0,CAM_DROP_PHY,11,7,3121,11114
veh7,699721358702,,15.9246,0,CPM_DROP_PHY,2,7,699721358702,11139
veh7,699721358697,,15.9346,0,CPM_DROP_PHY,10,7,699721358697,11133
veh7,699721358717,,15.9351,0,CPM_DROP_PHY,5,7,699721358717,11173
veh7,699721358733,,15.9473,0,CPM_DROP_PHY,3,7,699721358733,11197
veh7,699721358754,,15.9586,0,CPM_DROP_PHY,12,7,699721358754,11225
veh7,3358,,15.9688,0,CAM_DROP_PHY,6,7,3358,11227
veh7,699721358772,,15.9788,0,CPM_DROP_PHY,9,7,699721358772,11244
veh7,699721358769,,15.9888,0,CPM_DROP_PHY,6,7,699721358769,11227
veh7,699721358803,,15.9976,0,CPM_DROP_PHY,8,7,699721358803,11282
veh7,699721358812,,16.0048,0,CPM_DROP_PHY,11,7,699721358812,11292
veh7,699721359014,,16.0191,0,CPM_DROP_PHY,2,7,699721359014,11318
veh7,699721359009,,16.0346,0,CPM_DROP_PHY,10,7,699721359009,11311
veh7,699721359029,,16.0351,0,CPM_DROP_PHY,5,7,699721359029,11341
veh7,699721359045,,16.0473,0,CPM_DROP_PHY,3,7,699721359045,11357
veh7,699721359065,,16.0586,0,CPM_DROP_PHY,12,7,699721359065,11383
veh7,699721359075,,16.0688,0,CPM_DROP_PHY,6,7,699721359075,11400
veh7,699721358777,,16.0691,0,CPM_DROP_PHY,4,7,699721358777,11248
veh7,699721359083,,16.0691,0,CPM_DROP_PHY,4,7,699721359083,11405
veh7,699721359078,,16.0788,0,CPM_DROP_PHY,9,7,699721359078,11401
veh7,3701,,16.0946,0,CAM_DROP_PHY,10,7,3701,11431
veh7,699721359109,,16.0976,0,CPM_DROP_PHY,8,7,699721359109,11440
veh7,699721359307,,16.1191,0,CPM_DROP_PHY,2,7,699721359307,11476
veh7,699721359117,,16.1248,0,CPM_DROP_PHY,11,7,699721359117,11447
veh7,699721359302,,16.1346,0,CPM_DROP_PHY,10,7,699721359302,11469
veh7,699721359320,,16.1351,0,CPM_DROP_PHY,5,7,699721359320,11499
veh7,3928,,16.1376,0,CAM_DROP_PHY,8,7,3928,11513
veh7,3933,,16.1473,0,CAM_DROP_PHY,3,7,3933,11516
veh7,699721359339,,16.1473,0,CPM_DROP_PHY,3,7,699721359339,11516
veh7,699721359359,,16.1586,0,CPM_DROP_PHY,12,7,699721359359,11556
veh7,699721359370,,16.1688,0,CPM_DROP_PHY,6,7,699721359370,11574
veh7,699721359378,,16.1691,0,CPM_DROP_PHY,4,7,699721359378,11579
veh7,699721359372,,16.1788,0,CPM_DROP_PHY,9,7,699721359372,11575
veh7,699721359403,,16.1976,0,CPM_DROP_PHY,8,7,699721359403,11613
veh7,4016,,16.1991,0,CAM_DROP_PHY,2,7,4016,11624
veh7,699721359618,,16.2128,0,CPM_DROP_PHY,2,7,699721359618,11652
veh7,4202,,16.2186,0,CAM_DROP_PHY,12,7,4202,11636
veh7,699721359411,,16.2248,0,CPM_DROP_PHY,11,7,699721359411,11620
veh7,4020,,16.2248,0,CAM_DROP_PHY,11,7,4020,11620
veh7,4228,,16.2291,0,CAM_DROP_PHY,4,7,4228,11677
veh7,699721359612,,16.2346,0,CPM_DROP_PHY,10,7,699721359612,11645
veh7,699721359634,,16.2351,0,CPM_DROP_PHY,5,7,699721359634,11678
veh7,4263,16.2423,,0,CAM,7,,4263,-1
veh7,699721359651,,16.2473,0,CPM_DROP_PHY,3,7,699721359651,11709
veh7,699721359681,,16.2586,0,CPM_DROP_PHY,12,7,699721359681,11741
veh7,4275,,16.2588,0,CAM_DROP_PHY,9,7,4275,11740
veh7,699721359693,,16.2688,0,CPM_DROP_PHY,6,7,699721359693,11761
veh7,699721359696,,16.2788,0,CPM_DROP_PHY,9,7,699721359696,11762
veh7,699721359729,,16.2976,0,CPM_DROP_PHY,8,7,699721359729,11812
veh7,699721359942,,16.3128,0,CPM_DROP_PHY,2,7,699721359942,11841
veh7,4532,,16.3158,0,CAM_DROP_PHY,5,7,4532,11833
veh7,699721359737,,16.3248,0,CPM_DROP_PHY,11,7,699721359737,11819
veh7,699721359937,,16.3346,0,CPM_DROP_PHY,10,7,699721359937,11835
veh7,699721359955,,16.3358,0,CPM_DROP_PHY,5,7,699721359955,11869
veh7,699721359968,,16.3473,0,CPM_DROP_PHY,3,7,699721359968,11892
veh7,699721359989,,16.3586,0,CPM_DROP_PHY,12,7,699721359989,11923
veh7,4592,,16.3688,0,CAM_DROP_PHY,6,7,4592,11925
veh7,699721360004,,16.3788,0,CPM_DROP_PHY,9,7,699721360004,11940
veh7,699721360001,,16.3888,0,CPM_DROP_PHY,6,7,699721360001,11925
veh7,4627,,16.3946,0,CAM_DROP_PHY,10,7,4627,11969
veh7,699721360036,,16.3976,0,CPM_DROP_PHY,8,7,699721360036,11979
veh7,699721360234,,16.4128,0,CPM_DROP_PHY,2,7,699721360234,12021
veh7,699721360044,,16.4248,0,CPM_DROP_PHY,11,7,699721360044,11989
veh7,699721360228,,16.4346,0,CPM_DROP_PHY,10,7,699721360228,12015
veh7,699721360246,,16.4358,0,CPM_DROP_PHY,5,7,699721360246,12045
veh7,699721360259,,16.4468,0,CPM_DROP_PHY,3,7,699721360259,12065
veh7,699721360291,,16.4688,0,CPM_DROP_PHY,6,7,699721360291,12112
veh7,699721360009,,16.4691,0,CPM_DROP_PHY,4,7,699721360009,11944
veh7,699721360298,,16.4691,0,CPM_DROP_PHY,4,7,699721360298,12116
veh7,699721360281,,16.4786,0,CPM_DROP_PHY,12,7,699721360281,12098
veh7,699721360294,,16.4788,0,CPM_DROP_PHY,9,7,699721360294,12113
veh7,699721360324,,16.4973,0,CPM_DROP_PHY,8,7,699721360324,12153
veh7,699721360535,,16.5128,0,CPM_DROP_PHY,2,7,699721360535,12187
veh7,5120,,16.5186,0,CAM_DROP_PHY,12,7,5120,12175
veh7,699721360333,,16.5248,0,CPM_DROP_PHY,11,7,699721360333,12163
veh7,4939,,16.5248,0,CAM_DROP_PHY,11,7,4939,12163
veh7,699721360530,,16.5346,0,CPM_DROP_PHY,10,7,699721360530,12182
veh7,699721360547,,16.5358,0,CPM_DROP_PHY,5,7,699721360547,12213
veh7,5156,,16.5373,0,CAM_DROP_PHY,8,7,5156,12230
veh7,5161,,16.5468,0,CAM_DROP_PHY,3,7,5161,12234
veh7,699721360589,,16.5586,0,CPM_DROP_PHY,12,7,699721360589,12277
veh7,699721360566,,16.5668,0,CPM_DROP_PHY,3,7,699721360566,12234
veh7,699721360599,,16.5688,0,CPM_DROP_PHY,6,7,699721360599,12294
veh7,699721360606,,16.5696,0,CPM_DROP_PHY,4,7,699721360606,12298
veh7,699721360602,,16.5763,0,CPM_DROP_PHY,9,7,699721360602,12295
veh7,699721360634,,16.5973,0,CPM_DROP_PHY,8,7,699721360634,12341
veh7,5246,,16.6128,0,CAM_DROP_PHY,2,7,5246,12351
veh7,699721360642,,16.6248,0,CPM_DROP_PHY,11,7,699721360642,12347
veh7,699721360840,,16.6328,0,CPM_DROP_PHY,2,7,699721360840,12351
veh7,699721360835,,16.6346,0,CPM_DROP_PHY,10,7,699721360835,12363
veh7,699721360854,,16.6358,0,CPM_DROP_PHY,5,7,699721360854,12393
veh7,5448,,16.6378,0,CAM_DROP_PHY,4,7,5448,12391
veh7,699721360868,,16.6468,0,CPM_DROP_PHY,3,7,699721360868,12420
veh7,5488,,16.6563,0,CAM_DROP_PHY,9,7,5488,12459
veh7,699721360893,,16.6586,0,CPM_DROP_PHY,12,7,699721360893,12461
veh7,699721360904,,16.6688,0,CPM_DROP_PHY,6,7,699721360904,12478
veh7,699721360913,,16.6696,0,CPM_DROP_PHY,4,7,699721360913,12485
veh7,699721360907,,16.6763,0,CPM_DROP_PHY,9,7,699721360907,12479
veh7,5535,,16.6946,0,CAM_DROP_PHY,10,7,5535,12514
veh7,699721360944,,16.6973,0,CPM_DROP_PHY,8,7,699721360944,12523
veh7,699721361166,,16.7128,0,CPM_DROP_PHY,2,7,699721361166,12556
veh7,699721360953,,16.7248,0,CPM_DROP_PHY,11,7,699721360953,12529
veh7,699721361160,,16.7346,0,CPM_DROP_PHY,10,7,699721361160,12551
veh7,699721361179,,16.7358,0,CPM_DROP_PHY,5,7,699721361179,12580
veh7,5804,16.7423,,0,CAM,7,,5804,-1
veh7,699721361192,,16.7468,0,CPM_DROP_PHY,3,7,699721361192,12600
veh7,699721361216,,16.7573,0,CPM_DROP_PHY,12,7,699721361216,12634
veh7,699721361227,,16.7688,0,CPM_DROP_PHY,6,7,699721361227,12651
veh7,699721361235,,16.7696,0,CPM_DROP_PHY,4,7,699721361235,12656
veh7,699721361230,,16.7763,0,CPM_DROP_PHY,9,7,699721361230,12652
veh7,699721361262,,16.7973,0,CPM_DROP_PHY,8,7,699721361262,12695
veh7,699721361483,,16.8128,0,CPM_DROP_PHY,2,7,699721361483,12724
veh7,6073,,16.8158,0,CAM_DROP_PHY,5,7,6073,12717
veh7,6067,,16.8173,0,CAM_DROP_PHY,12,7,6067,12711
veh7,699721361270,,16.8248,0,CPM_DROP_PHY,11,7,699721361270,12701
veh7,5876,,16.8248,0,CAM_DROP_PHY,11,7,5876,12701
veh7,699721361478,,16.8346,0,CPM_DROP_PHY,10,7,699721361478,12719
veh7,699721361497,,16.8358,0,CPM_DROP_PHY,5,7,699721361497,12755
veh7,699721361510,,16.8468,0,CPM_DROP_PHY,3,7,699721361510,12782
veh7,6135,,16.8688,0,CAM_DROP_PHY,6,7,6135,12816
veh7,699721361552,,16.8696,0,CPM_DROP_PHY,4,7,699721361552,12835
veh7,699721361547,,16.8763,0,CPM_DROP_PHY,9,7,699721361547,12832
veh7,699721361532,,16.8773,0,CPM_DROP_PHY,12,7,699721361532,12815
veh7,699721361544,,16.8888,0,CPM_DROP_PHY,6,7,699721361544,12816
veh7,699721361581,,16.8973,0,CPM_DROP_PHY,8,7,699721361581,12874
veh7,699721361797,,16.9128,0,CPM_DROP_PHY,2,7,699721361797,12910
veh7,699721361590,,16.9248,0,CPM_DROP_PHY,11,7,699721361590,12886
veh7,699721361792,,16.9346,0,CPM_DROP_PHY,10,7,699721361792,12905
veh7,699721361810,,16.9358,0,CPM_DROP_PHY,5,7,699721361810,12934
veh7,6420,,16.9373,0,CAM_DROP_PHY,8,7,6420,12947
veh7,6424,,16.9468,0,CAM_DROP_PHY,3,7,6424,12951
veh7,699721361851,,16.9573,0,CPM_DROP_PHY,12,7,699721361851,12993
veh7,699721361829,,16.9668,0,CPM_DROP_PHY,3,7,699721361829,12951
veh7,699721361869,,16.9696,0,CPM_DROP_PHY,4,7,699721361869,13015
veh7,699721361862,,16.9708,0,CPM_DROP_PHY,6,7,699721361862,13011
veh7,699721361865,,16.9763,0,CPM_DROP_PHY,9,7,699721361865,13012
veh7,6492,,16.9946,0,CAM_DROP_PHY,10,7,6492,13049
veh7,699721361902,,16.9973,0,CPM_DROP_PHY,8,7,699721361902,13058
veh7,6514,,17.0128,0,CAM_DROP_PHY,2,7,6514,13072
veh7,699721361909,,17.0248,0,CPM_DROP_PHY,11,7,699721361909,13064
veh7,699721362115,,17.0328,0,CPM_DROP_PHY,2,7,699721362115,13072
veh7,699721362110,,17.0346,0,CPM_DROP_PHY,10,7,699721362110,13087
veh7,699721362130,,17.0358,0,CPM_DROP_PHY,5,7,699721362130,13117
veh7,6724,,17.0378,0,CAM_DROP_PHY,4,7,6724,13115
veh7,699721362147,,17.0468,0,CPM_DROP_PHY,3,7,699721362147,13144
veh7,6769,,17.0563,0,CAM_DROP_PHY,9,7,6769,13183
veh7,699721362174,,17.0573,0,CPM_DROP_PHY,12,7,699721362174,13185
veh7,699721362192,,17.0696,0,CPM_DROP_PHY,4,7,699721362192,13210
veh7,699721362184,,17.0708,0,CPM_DROP_PHY,6,7,699721362184,13203
veh7,699721362187,,17.0763,0,CPM_DROP_PHY,9,7,699721362187,13204
veh7,699721362219,,17.0973,0,CPM_DROP_PHY,8,7,699721362219,13246
veh7,699721362427,,17.1128,0,CPM_DROP_PHY,2,7,699721362427,13274
veh7,7014,,17.1173,0,CAM_DROP_PHY,12,7,7014,13262
veh7,699721362227,,17.1248,0,CPM_DROP_PHY,11,7,699721362227,13253
veh7,6833,,17.1248,0,CAM_DROP_PHY,11,7,6833,13253
veh7,699721362441,,17.1358,0,CPM_DROP_PHY,5,7,699721362441,13301
veh7,699721362455,,17.1468,0,CPM_DROP_PHY,3,7,699721362455,13326
veh7,699721362477,,17.1573,0,CPM_DROP_PHY,12,7,699721362477,13358
veh7,699721362494,,17.1696,0,CPM_DROP_PHY,4,7,699721362494,13377
veh7,699721362487,,17.1708,0,CPM_DROP_PHY,6,7,699721362487,13373
veh7,699721362490,,17.1758,0,CPM_DROP_PHY,9,7,699721362490,13374
veh7,699721362521,,17.1973,0,CPM_DROP_PHY,8,7,699721362521,13410
veh7,699721362529,,17.2193,0,CPM_DROP_PHY,11,7,699721362529,13419
veh7,699721362725,,17.2298,0,CPM_DROP_PHY,2,7,699721362725,13439
veh7,699721362738,,17.2358,0,CPM_DROP_PHY,5,7,699721362738,13463
veh7,7364,17.2423,,0,CAM,7,,7364,-1
veh7,699721362751,,17.2468,0,CPM_DROP_PHY,3,7,699721362751,13480
veh7,699721362795,,17.2696,0,CPM_DROP_PHY,4,7,699721362795,13538
veh7,699721362790,,17.2758,0,CPM_DROP_PHY,9,7,699721362790,13535
veh7,699721362776,,17.2773,0,CPM_DROP_PHY,12,7,699721362776,13517
veh7,699721362827,,17.2973,0,CPM_DROP_PHY,8,7,699721362827,13580
veh7,7630,,17.3158,0,CAM_DROP_PHY,5,7,7630,13614
veh7,699721362837,,17.3193,0,CPM_DROP_PHY,11,7,699721362837,13594
veh7,699721363040,,17.3298,0,CPM_DROP_PHY,2,7,699721363040,13622
veh7,7418,,17.3326,0,CAM_DROP_PHY,10,7,7418,13572
veh7,699721363035,,17.3326,0,CPM_DROP_PHY,10,7,699721363035,13618
veh7,699721363052,,17.3358,0,CPM_DROP_PHY,5,7,699721363052,13648
veh7,7664,,17.3468,0,CAM_DROP_PHY,3,7,7664,13668
veh7,699721363067,,17.3668,0,CPM_DROP_PHY,3,7,699721363067,13668
veh7,699721363110,,17.3696,0,CPM_DROP_PHY,4,7,699721363110,13723
veh7,699721363104,,17.3758,0,CPM_DROP_PHY,9,7,699721363104,13719
veh7,699721363088,,17.3773,0,CPM_DROP_PHY,12,7,699721363088,13699
veh7,699721363142,,17.3973,0,CPM_DROP_PHY,8,7,699721363142,13769
veh7,7947,,17.4173,0,CAM_DROP_PHY,12,7,7947,13798
veh7,699721363152,,17.4193,0,CPM_DROP_PHY,11,7,699721363152,13784
veh7,7758,,17.4193,0,CAM_DROP_PHY,11,7,7758,13784
veh7,7969,,17.4296,0,CAM_DROP_PHY,4,7,7969,13832
veh7,699721363361,,17.4298,0,CPM_DROP_PHY,2,7,699721363361,13811
veh7,699721363356,,17.4326,0,CPM_DROP_PHY,10,7,699721363356,13807
veh7,699721363376,,17.4358,0,CPM_DROP_PHY,5,7,699721363376,13838
veh7,7986,,17.4373,0,CAM_DROP_PHY,8,7,7986,13855
veh7,699721363393,,17.4526,0,CPM_DROP_PHY,3,7,699721363393,13864
veh7,699721363434,,17.4696,0,CPM_DROP_PHY,4,7,699721363434,13927
veh7,7691,,17.4708,0,CAM_DROP_PHY,6,7,7691,13700
veh7,699721363101,,17.4708,0,CPM_DROP_PHY,6,7,699721363101,13700
veh7,699721363426,,17.4708,0,CPM_DROP_PHY,6,7,699721363426,13921
veh7,699721363430,,17.4758,0,CPM_DROP_PHY,9,7,699721363430,13923
veh7,699721363415,,17.4773,0,CPM_DROP_PHY,12,7,699721363415,13900
veh7,699721363465,,17.4973,0,CPM_DROP_PHY,8,7,699721363465,13965
veh7,8079,,17.5098,0,CAM_DROP_PHY,2,7,8079,13980
veh7,699721363474,,17.5193,0,CPM_DROP_PHY,11,7,699721363474,13976
veh7,699721363663,,17.5298,0,CPM_DROP_PHY,2,7,699721363663,14002
veh7,699721363658,,17.5326,0,CPM_DROP_PHY,10,7,699721363658,13995
veh7,699721363676,,17.5358,0,CPM_DROP_PHY,5,7,699721363676,14028
veh7,699721363688,,17.5423,0,CPM_DROP_PHY,3,7,699721363688,14046
veh7,8307,,17.5558,0,CAM_DROP_PHY,9,7,8307,14074
veh7,699721363732,,17.5683,0,CPM_DROP_PHY,4,7,699721363732,14104
veh7,699721363723,,17.5708,0,CPM_DROP_PHY,6,7,699721363723,14096
veh7,699721363727,,17.5758,0,CPM_DROP_PHY,9,7,699721363727,14099
veh7,699721363712,,17.5773,0,CPM_DROP_PHY,12,7,699721363712,14076
veh7,8357,,17.5926,0,CAM_DROP_PHY,10,7,8357,14138
veh7,699721363765,,17.5993,0,CPM_DROP_PHY,8,7,699721363765,14146
veh7,699721363775,,17.6193,0,CPM_DROP_PHY,11,7,699721363775,14159
veh7,699721363969,,17.6298,0,CPM_DROP_PHY,2,7,699721363969,14188
veh7,699721363964,,17.6326,0,CPM_DROP_PHY,10,7,699721363964,14185
veh7,699721363982,,17.6361,0,CPM_DROP_PHY,5,7,699721363982,14209
veh7,699721363994,,17.6423,0,CPM_DROP_PHY,3,7,699721363994,14226
veh7,699721364035,,17.6683,0,CPM_DROP_PHY,4,7,699721364035,14279
veh7,699721364027,,17.6708,0,CPM_DROP_PHY,6,7,699721364027,14273
veh7,699721364030,,17.6758,0,CPM_DROP_PHY,9,7,699721364030,14275
veh7,699721364016,,17.6773,0,CPM_DROP_PHY,12,7,699721364016,14255
veh7,699721364067,,17.6993,0,CPM_DROP_PHY,8,7,699721364067,14317
veh7,8868,,17.7173,0,CAM_DROP_PHY,12,7,8868,14342
veh7,699721364076,,17.7193,0,CPM_DROP_PHY,11,7,699721364076,14328
veh7,8681,,17.7193,0,CAM_DROP_PHY,11,7,8681,14328
veh7,699721364277,,17.7326,0,CPM_DROP_PHY,10,7,699721364277,14351
veh7,699721364295,,17.7361,0,CPM_DROP_PHY,5,7,699721364295,14378
veh7,699721364282,,17.7383,0,CPM_DROP_PHY,2,7,699721364282,14354
veh7,8924,17.7423,,0,CAM,7,,8924,-1
veh7,8907,,17.7423,0,CAM_DROP_PHY,3,7,8907,14397
veh7,699721364311,,17.7623,0,CPM_DROP_PHY,3,7,699721364311,14397
veh7,699721364357,,17.7683,0,CPM_DROP_PHY,4,7,699721364357,14457
veh7,699721364348,,17.7708,0,CPM_DROP_PHY,6,7,699721364348,14448
veh7,699721364351,,17.7758,0,CPM_DROP_PHY,9,7,699721364351,14452
veh7,699721364337,,17.7773,0,CPM_DROP_PHY,12,7,699721364337,14430
veh7,699721364390,,17.7993,0,CPM_DROP_PHY,8,7,699721364390,14505
veh7,9189,,17.8161,0,CAM_DROP_PHY,5,7,9189,14535
veh7,699721364399,,17.8193,0,CPM_DROP_PHY,11,7,699721364399,14517
veh7,9207,,17.8283,0,CAM_DROP_PHY,4,7,9207,14561
veh7,699721364599,,17.8296,0,CPM_DROP_PHY,2,7,699721364599,14542
veh7,699721364594,,17.8326,0,CPM_DROP_PHY,10,7,699721364594,14539
veh7,699721364614,,17.8361,0,CPM_DROP_PHY,5,7,699721364614,14567
veh7,699721364628,,17.8423,0,CPM_DROP_PHY,3,7,699721364628,14592
veh7,699721364672,,17.8683,0,CPM_DROP_PHY,4,7,699721364672,14649
veh7,9254,,17.8708,0,CAM_DROP_PHY,6,7,9254,14625
veh7,699721364667,,17.8758,0,CPM_DROP_PHY,9,7,699721364667,14645
veh7,699721364651,,17.8773,0,CPM_DROP_PHY,12,7,699721364651,14624
veh7,699721364664,,17.8908,0,CPM_DROP_PHY,6,7,699721364664,14625
veh7,9298,,17.8926,0,CAM_DROP_PHY,10,7,9298,14680
veh7,699721364707,,17.8993,0,CPM_DROP_PHY,8,7,699721364707,14688
veh7,9322,,17.9096,0,CAM_DROP_PHY,2,7,9322,14711
veh7,699721364717,,17.9193,0,CPM_DROP_PHY,11,7,699721364717,14705
veh7,699721364917,,17.9296,0,CPM_DROP_PHY,2,7,699721364917,14740
veh7,699721364912,,17.9326,0,CPM_DROP_PHY,10,7,699721364912,14735
veh7,699721364932,,17.9361,0,CPM_DROP_PHY,5,7,699721364932,14766
veh7,9540,,17.9393,0,CAM_DROP_PHY,8,7,9540,14775
veh7,699721364947,,17.9423,0,CPM_DROP_PHY,3,7,699721364947,14784
veh7,699721364991,,17.9683,0,CPM_DROP_PHY,4,7,699721364991,14844
veh7,699721364982,,17.9708,0,CPM_DROP_PHY,6,7,699721364982,14838
veh7,699721364985,,17.9758,0,CPM_DROP_PHY,9,7,699721364985,14840
veh7,699721364971,,17.9773,0,CPM_DROP_PHY,12,7,699721364971,14820
veh7,699721365024,,17.9993,0,CPM_DROP_PHY,8,7,699721365024,14882
veh7,9824,,18.0123,0,CAM_DROP_PHY,12,7,9824,14907
veh7,699721365034,,18.0193,0,CPM_DROP_PHY,11,7,699721365034,14893
veh7,9639,,18.0193,0,CAM_DROP_PHY,11,7,9639,14893
veh7,699721365239,,18.0296,0,CPM_DROP_PHY,2,7,699721365239,14919
veh7,699721365233,,18.0326,0,CPM_DROP_PHY,10,7,699721365233,14916
veh7,699721365253,,18.0361,0,CPM_DROP_PHY,5,7,699721365253,14944
veh7,699721365266,,18.0423,0,CPM_DROP_PHY,3,7,699721365266,14965
veh7,9887,,18.0558,0,CAM_DROP_PHY,9,7,9887,14992
veh7,699721365313,,18.0683,0,CPM_DROP_PHY,4,7,699721365313,15024
veh7,699721365304,,18.0708,0,CPM_DROP_PHY,6,7,699721365304,15015
veh7,699721365292,,18.0723,0,CPM_DROP_PHY,12,7,699721365292,14994
veh7,699721365307,,18.0758,0,CPM_DROP_PHY,9,7,699721365307,15018
veh7,699721365347,,18.0993,0,CPM_DROP_PHY,8,7,699721365347,15065
veh7,699721365358,,18.1186,0,CPM_DROP_PHY,11,7,699721365358,15075
veh7,699721365554,,18.1296,0,CPM_DROP_PHY,2,7,699721365554,15098
veh7,699721365548,,18.1326,0,CPM_DROP_PHY,10,7,699721365548,15093
veh7,699721365565,,18.1361,0,CPM_DROP_PHY,5,7,699721365565,15118
veh7,10177,,18.1423,0,CAM_DROP_PHY,3,7,10177,15135
veh7,699721365581,,18.1623,0,CPM_DROP_PHY,3,7,699721365581,15135
veh7,699721365624,,18.1683,0,CPM_DROP_PHY,4,7,699721365624,15195
veh7,699721365614,,18.1708,0,CPM_DROP_PHY,6,7,699721365614,15185
veh7,699721365603,,18.1723,0,CPM_DROP_PHY,12,7,699721365603,15166
veh7,699721365618,,18.1791,0,CPM_DROP_PHY,9,7,699721365618,15189
veh7,10251,,18.1926,0,CAM_DROP_PHY,10,7,10251,15230
veh7,699721365661,,18.1993,0,CPM_DROP_PHY,8,7,699721365661,15238
veh7,699721365670,,18.2186,0,CPM_DROP_PHY,11,7,699721365670,15250
veh7,10473,,18.2283,0,CAM_DROP_PHY,4,7,10473,15294
veh7,699721365865,,18.2296,0,CPM_DROP_PHY,2,7,699721365865,15278
veh7,699721365859,,18.2326,0,CPM_DROP_PHY,10,7,699721365859,15273
veh7,699721365879,,18.2361,0,CPM_DROP_PHY,5,7,699721365879,15299
veh7,10507,18.2423,,0,CAM,7,,10507,-1
veh7,699721365893,,18.2423,0,CPM_DROP_PHY,3,7,699721365893,15322
veh7,699721365939,,18.2683,0,CPM_DROP_PHY,4,7,699721365939,15380
veh7,699721365930,,18.2698,0,CPM_DROP_PHY,6,7,699721365930,15373
veh7,699721365919,,18.2723,0,CPM_DROP_PHY,12,7,699721365919,15354
veh7,699721365934,,18.2791,0,CPM_DROP_PHY,9,7,699721365934,15375
veh7,699721365975,,18.2993,0,CPM_DROP_PHY,8,7,699721365975,15424
veh7,10589,,18.3096,0,CAM_DROP_PHY,2,7,10589,15438
veh7,10764,,18.3123,0,CAM_DROP_PHY,12,7,10764,15448
veh7,10771,,18.3161,0,CAM_DROP_PHY,5,7,10771,15455
veh7,699721365985,,18.3186,0,CPM_DROP_PHY,11,7,699721365985,15435
veh7,10593,,18.3186,0,CAM_DROP_PHY,11,7,10593,15435
veh7,699721366182,,18.3296,0,CPM_DROP_PHY,2,7,699721366182,15464
veh7,699721366176,,18.3326,0,CPM_DROP_PHY,10,7,699721366176,15457
veh7,699721366197,,18.3361,0,CPM_DROP_PHY,5,7,699721366197,15496
veh7,699721366212,,18.3423,0,CPM_DROP_PHY,3,7,699721366212,15522
veh7,699721366257,,18.3683,0,CPM_DROP_PHY,4,7,699721366257,15577
veh7,10838,,18.3698,0,CAM_DROP_PHY,6,7,10838,15554
veh7,699721366234,,18.3723,0,CPM_DROP_PHY,12,7,699721366234,15550
veh7,699721366252,,18.3791,0,CPM_DROP_PHY,9,7,699721366252,15572
veh7,699721366248,,18.3898,0,CPM_DROP_PHY,6,7,699721366248,15554
veh7,699721366293,,18.3993,0,CPM_DROP_PHY,8,7,699721366293,15615
veh7,699721366302,,18.4186,0,CPM_DROP_PHY,11,7,699721366302,15628
veh7,699721366479,,18.4296,0,CPM_DROP_PHY,2,7,699721366479,15655
veh7,699721366474,,18.4328,0,CPM_DROP_PHY,10,7,699721366474,15650
veh7,699721366492,,18.4361,0,CPM_DROP_PHY,5,7,699721366492,15675
veh7,11101,,18.4393,0,CAM_DROP_PHY,8,7,11101,15685
veh7,699721366508,,18.4423,0,CPM_DROP_PHY,3,7,699721366508,15695
veh7,699721366551,,18.4683,0,CPM_DROP_PHY,4,7,699721366551,15757
veh7,699721366541,,18.4698,0,CPM_DROP_PHY,6,7,699721366541,15749
veh7,699721366531,,18.4723,0,CPM_DROP_PHY,12,7,699721366531,15730
veh7,699721366545,,18.4791,0,CPM_DROP_PHY,9,7,699721366545,15751
veh7,11176,,18.4928,0,CAM_DROP_PHY,10,7,11176,15786
veh7,699721366586,,18.4993,0,CPM_DROP_PHY,8,7,699721366586,15796
veh7,699721366595,,18.5186,0,CPM_DROP_PHY,11,7,699721366595,15807
veh7,699721366759,,18.5251,0,CPM_DROP_PHY,2,7,699721366759,15835
veh7,699721366755,,18.5328,0,CPM_DROP_PHY,10,7,699721366755,15831
veh7,699721366771,,18.5361,0,CPM_DROP_PHY,5,7,699721366771,15855
veh7,11382,,18.5423,0,CAM_DROP_PHY,3,7,11382,15873
veh7,11406,,18.5591,0,CAM_DROP_PHY,9,7,11406,15902
veh7,699721366786,,18.5623,0,CPM_DROP_PHY,3,7,699721366786,15873
veh7,699721366832,,18.5683,0,CPM_DROP_PHY,4,7,699721366832,15938
veh7,699721366823,,18.5698,0,CPM_DROP_PHY,6,7,699721366823,15926
veh7,699721366811,,18.5723,0,CPM_DROP_PHY,12,7,699721366811,15904
veh7,699721366826,,18.5791,0,CPM_DROP_PHY,9,7,699721366826,15930
veh7,699721366868,,18.5993,0,CPM_DROP_PHY,8,7,699721366868,15983
veh7,11643,,18.6123,0,CAM_DROP_PHY,12,7,11643,16004
veh7,699721366876,,18.6186,0,CPM_DROP_PHY,11,7,699721366876,15992
veh7,11482,,18.6186,0,CAM_DROP_PHY,11,7,11482,15992
veh7,699721367057,,18.6251,0,CPM_DROP_PHY,2,7,699721367057,16017
veh7,699721367051,,18.6328,0,CPM_DROP_PHY,10,7,699721367051,16013
veh7,699721367070,,18.6361,0,CPM_DROP_PHY,5,7,699721367070,16041
veh7,699721367085,,18.6423,0,CPM_DROP_PHY,3,7,699721367085,16065
veh7,699721367128,,18.6671,0,CPM_DROP_PHY,4,7,699721367128,16118
veh7,699721367120,,18.6698,0,CPM_DROP_PHY,6,7,699721367120,16110
veh7,699721367108,,18.6723,0,CPM_DROP_PHY,12,7,699721367108,16091
veh7,699721367123,,18.6791,0,CPM_DROP_PHY,9,7,699721367123,16112
veh7,699721367164,,18.6993,0,CPM_DROP_PHY,8,7,699721367164,16156
veh7,699721367173,,18.7186,0,CPM_DROP_PHY,11,7,699721367173,16165
veh7,699721367343,,18.7251,0,CPM_DROP_PHY,2,7,699721367343,16188
veh7,11951,,18.7271,0,CAM_DROP_PHY,4,7,11951,16204
veh7,699721367337,,18.7328,0,CPM_DROP_PHY,10,7,699721367337,16184
veh7,699721367358,,18.7361,0,CPM_DROP_PHY,5,7,699721367358,16209
veh7,11986,18.7423,,0,CAM,7,,11986,-1
veh7,699721367373,,18.7423,0,CPM_DROP_PHY,3,7,699721367373,16234
veh7,699721367419,,18.7671,0,CPM_DROP_PHY,4,7,699721367419,16291
veh7,699721367411,,18.7698,0,CPM_DROP_PHY,6,7,699721367411,16284
veh7,699721367398,,18.7723,0,CPM_DROP_PHY,12,7,699721367398,16264
veh7,699721367414,,18.7741,0,CPM_DROP_PHY,9,7,699721367414,16285
veh7,12048,,18.7928,0,CAM_DROP_PHY,10,7,12048,16325
veh7,699721367458,,18.8006,0,CPM_DROP_PHY,8,7,699721367458,16339
veh7,12072,,18.8051,0,CAM_DROP_PHY,2,7,12072,16353
veh7,699721367636,,18.8128,0,CPM_DROP_PHY,10,7,699721367636,16377
veh7,12231,,18.8161,0,CAM_DROP_PHY,5,7,12231,16373
veh7,699721367467,,18.8186,0,CPM_DROP_PHY,11,7,699721367467,16348
veh7,699721367642,,18.8251,0,CPM_DROP_PHY,2,7,699721367642,16381
veh7,699721367656,,18.8323,0,CPM_DROP_PHY,5,7,699721367656,16408
veh7,699721367670,,18.8378,0,CPM_DROP_PHY,3,7,699721367670,16434
veh7,699721367712,,18.8671,0,CPM_DROP_PHY,4,7,699721367712,16480
veh7,12293,,18.8698,0,CAM_DROP_PHY,6,7,12293,16459
veh7,699721367690,,18.8723,0,CPM_DROP_PHY,12,7,699721367690,16454
veh7,699721367706,,18.8741,0,CPM_DROP_PHY,9,7,699721367706,16474
veh7,699721367703,,18.8898,0,CPM_DROP_PHY,6,7,699721367703,16459
veh7,699721367749,,18.9006,0,CPM_DROP_PHY,8,7,699721367749,16521
veh7,12519,,18.9123,0,CAM_DROP_PHY,12,7,12519,16545
veh7,699721367929,,18.9128,0,CPM_DROP_PHY,10,7,699721367929,16555
veh7,699721367758,,18.9186,0,CPM_DROP_PHY,11,7,699721367758,16531
veh7,12364,,18.9186,0,CAM_DROP_PHY,11,7,12364,16531
veh7,699721367936,,18.9251,0,CPM_DROP_PHY,2,7,699721367936,16559
veh7,699721367951,,18.9323,0,CPM_DROP_PHY,5,7,699721367951,16583
veh7,12585,,18.9378,0,CAM_DROP_PHY,3,7,12585,16607
veh7,12563,,18.9406,0,CAM_DROP_PHY,8,7,12563,16597
veh7,699721367990,,18.9578,0,CPM_DROP_PHY,3,7,699721367990,16607
veh7,699721368037,,18.9671,0,CPM_DROP_PHY,4,7,699721368037,16666
veh7,699721368027,,18.9698,0,CPM_DROP_PHY,6,7,699721368027,16657
veh7,699721368014,,18.9723,0,CPM_DROP_PHY,12,7,699721368014,16637
veh7,699721368030,,18.9741,0,CPM_DROP_PHY,9,7,699721368030,16659
veh7,699721368077,,19.0006,0,CPM_DROP_PHY,8,7,699721368077,16710
veh7,699721368243,,19.0128,0,CPM_DROP_PHY,10,7,699721368243,16735
veh7,699721368085,,19.0186,0,CPM_DROP_PHY,11,7,699721368085,16717
veh7,699721368249,,19.0251,0,CPM_DROP_PHY,2,7,699721368249,16739
veh7,699721368263,,19.0323,0,CPM_DROP_PHY,5,7,699721368263,16759
veh7,699721368279,,19.0378,0,CPM_DROP_PHY,3,7,699721368279,16781
veh7,12901,,19.0541,0,CAM_DROP_PHY,9,7,12901,16800
veh7,699721368331,,19.0671,0,CPM_DROP_PHY,4,7,699721368331,16834
veh7,699721368321,,19.0698,0,CPM_DROP_PHY,6,7,699721368321,16823
veh7,699721368307,,19.0723,0,CPM_DROP_PHY,12,7,699721368307,16802
veh7,699721368325,,19.0741,0,CPM_DROP_PHY,9,7,699721368325,16824
veh7,12960,,19.0928,0,CAM_DROP_PHY,10,7,12960,16863
veh7,699721368370,,19.1006,0,CPM_DROP_PHY,8,7,699721368370,16876
veh7,699721368533,,19.1128,0,CPM_DROP_PHY,10,7,699721368533,16908
veh7,699721368380,,19.1186,0,CPM_DROP_PHY,11,7,699721368380,16885
veh7,699721368539,,19.1251,0,CPM_DROP_PHY,2,7,699721368539,16912
veh7,699721368551,,19.1323,0,CPM_DROP_PHY,5,7,699721368551,16932
veh7,699721368565,,19.1378,0,CPM_DROP_PHY,3,7,699721368565,16954
veh7,699721368608,,19.1671,0,CPM_DROP_PHY,4,7,699721368608,16999
veh7,699721368599,,19.1698,0,CPM_DROP_PHY,6,7,699721368599,16992
veh7,699721368588,,19.1723,0,CPM_DROP_PHY,12,7,699721368588,16974
veh7,699721368602,,19.1741,0,CPM_DROP_PHY,9,7,699721368602,16993
veh7,699721368646,,19.2006,0,CPM_DROP_PHY,8,7,699721368646,17040
veh7,13260,,19.2051,0,CAM_DROP_PHY,2,7,13260,17050
veh7,13520,,19.2123,0,CAM_DROP_PHY,12,7,13520,17061
veh7,699721368655,,19.2186,0,CPM_DROP_PHY,11,7,699721368655,17047
veh7,13268,,19.2186,0,CAM_DROP_PHY,11,7,13268,17047
veh7,699721368936,,19.2251,0,CPM_DROP_PHY,2,7,699721368936,17076
veh7,13544,,19.2271,0,CAM_DROP_PHY,4,7,13544,17094
veh7,699721368930,,19.2281,0,CPM_DROP_PHY,10,7,699721368930,17072
veh7,699721368951,,19.2323,0,CPM_DROP_PHY,5,7,699721368951,17098
veh7,699721368967,,19.2378,0,CPM_DROP_PHY,3,7,699721368967,17132
veh7,13579,19.2423,,0,CAM,7,,13579,-1
veh7,699721369011,,19.2671,0,CPM_DROP_PHY,4,7,699721369011,17183
veh7,699721369003,,19.2698,0,CPM_DROP_PHY,6,7,699721369003,17177
veh7,699721369006,,19.2741,0,CPM_DROP_PHY,9,7,699721369006,17178
veh7,699721368991,,19.2788,0,CPM_DROP_PHY,12,7,699721368991,17158
veh7,699721369048,,19.3006,0,CPM_DROP_PHY,8,7,699721369048,17229
veh7,13795,,19.3123,0,CAM_DROP_PHY,5,7,13795,17253
veh7,699721369056,,19.3186,0,CPM_DROP_PHY,11,7,699721369056,17236
veh7,699721369204,,19.3251,0,CPM_DROP_PHY,2,7,699721369204,17261
veh7,699721369200,,19.3281,0,CPM_DROP_PHY,10,7,699721369200,17257
veh7,699721369217,,19.3323,0,CPM_DROP_PHY,5,7,699721369217,17278
veh7,13830,,19.3378,0,CAM_DROP_PHY,3,7,13830,17303
veh7,699721369235,,19.3378,0,CPM_DROP_PHY,3,7,699721369235,17303
veh7,699721369278,,19.3671,0,CPM_DROP_PHY,4,7,699721369278,17357
veh7,13858,,19.3698,0,CAM_DROP_PHY,6,7,13858,17333
veh7,699721369272,,19.3741,0,CPM_DROP_PHY,9,7,699721369272,17352
veh7,699721369255,,19.3788,0,CPM_DROP_PHY,12,7,699721369255,17331
veh7,13906,,19.3881,0,CAM_DROP_PHY,10,7,13906,17383
veh7,699721369269,,19.3898,0,CPM_DROP_PHY,6,7,699721369269,17333
veh7,699721369316,,19.4006,0,CPM_DROP_PHY,8,7,699721369316,17398
veh7,699721369326,,19.4186,0,CPM_DROP_PHY,11,7,699721369326,17410
veh7,699721369463,,19.4251,0,CPM_DROP_PHY,2,7,699721369463,17442
veh7,699721369458,,19.4281,0,CPM_DROP_PHY,10,7,699721369458,17438
veh7,699721369490,,19.4378,0,CPM_DROP_PHY,3,7,699721369490,17478
veh7,14083,,19.4406,0,CAM_DROP_PHY,8,7,14083,17469
veh7,699721369474,,19.4416,0,CPM_DROP_PHY,5,7,699721369474,17455
veh7,699721369530,,19.4671,0,CPM_DROP_PHY,4,7,699721369530,17537
veh7,699721369522,,19.4698,0,CPM_DROP_PHY,6,7,699721369522,17531
veh7,699721369526,,19.4741,0,CPM_DROP_PHY,9,7,699721369526,17532
veh7,699721369511,,19.4788,0,CPM_DROP_PHY,12,7,699721369511,17512
veh7,699721369564,,19.5006,0,CPM_DROP_PHY,8,7,699721369564,17577
veh7,699721369572,,19.5151,0,CPM_DROP_PHY,11,7,699721369572,17582
veh7,14178,,19.5151,0,CAM_DROP_PHY,11,7,14178,17582
veh7,14293,,19.5188,0,CAM_DROP_PHY,12,7,14293,17596
veh7,699721369706,,19.5251,0,CPM_DROP_PHY,2,7,699721369706,17609
veh7,699721369700,,19.5281,0,CPM_DROP_PHY,10,7,699721369700,17605
veh7,699721369732,,19.5378,0,CPM_DROP_PHY,3,7,699721369732,17652
veh7,699721369718,,19.5416,0,CPM_DROP_PHY,5,7,699721369718,17629
veh7,14351,,19.5541,0,CAM_DROP_PHY,9,7,14351,17678
veh7,699721369768,,19.5671,0,CPM_DROP_PHY,6,7,699721369768,17702
veh7,699721369771,,19.5741,0,CPM_DROP_PHY,9,7,699721369771,17703
veh7,699721369756,,19.5788,0,CPM_DROP_PHY,12,7,699721369756,17679
veh7,699721369778,,19.5816,0,CPM_DROP_PHY,4,7,699721369778,17712
veh7,699721369813,,19.6006,0,CPM_DROP_PHY,8,7,699721369813,17749
veh7,699721369821,,19.6151,0,CPM_DROP_PHY,11,7,699721369821,17755
veh7,699721369955,,19.6251,0,CPM_DROP_PHY,2,7,699721369955,17781
veh7,699721369950,,19.6281,0,CPM_DROP_PHY,10,7,699721369950,17780
veh7,699721369978,,19.6378,0,CPM_DROP_PHY,3,7,699721369978,17817
veh7,699721369965,,19.6416,0,CPM_DROP_PHY,5,7,699721369965,17796
veh7,699721370011,,19.6671,0,CPM_DROP_PHY,6,7,699721370011,17863
veh7,699721370014,,19.6741,0,CPM_DROP_PHY,9,7,699721370014,17864
veh7,699721370000,,19.6788,0,CPM_DROP_PHY,12,7,699721370000,17843
veh7,699721370019,,19.6816,0,CPM_DROP_PHY,4,7,699721370019,17869
veh7,14645,,19.6881,0,CAM_DROP_PHY,10,7,14645,17888
veh7,699721370055,,19.7006,0,CPM_DROP_PHY,8,7,699721370055,17907
veh7,14670,,19.7051,0,CAM_DROP_PHY,2,7,14670,17928
veh7,699721370065,,19.7151,0,CPM_DROP_PHY,11,7,699721370065,17917
veh7,14807,,19.7216,0,CAM_DROP_PHY,4,7,14807,17965
veh7,699721370199,,19.7251,0,CPM_DROP_PHY,2,7,699721370199,17950
veh7,699721370194,,19.7281,0,CPM_DROP_PHY,10,7,699721370194,17949
veh7,699721370229,,19.7378,0,CPM_DROP_PHY,3,7,699721370229,17997
veh7,699721370214,,19.7416,0,CPM_DROP_PHY,5,7,699721370214,17973
veh7,14842,19.7423,,0,CAM,7,,14842,-1
veh7,699721370265,,19.7671,0,CPM_DROP_PHY,6,7,699721370265,18045
veh7,699721370268,,19.7741,0,CPM_DROP_PHY,9,7,699721370268,18046
veh7,699721370253,,19.7788,0,CPM_DROP_PHY,12,7,699721370253,18025
veh7,699721370273,,19.7816,0,CPM_DROP_PHY,4,7,699721370273,18051
veh7,699721370311,,19.7966,0,CPM_DROP_PHY,8,7,699721370311,18094
veh7,699721370321,,19.8151,0,CPM_DROP_PHY,11,7,699721370321,18102
veh7,14929,,19.8151,0,CAM_DROP_PHY,11,7,14929,18102
veh7,15043,,19.8188,0,CAM_DROP_PHY,12,7,15043,18121
veh7,15050,,19.8216,0,CAM_DROP_PHY,5,7,15050,18128
veh7,699721370459,,19.8251,0,CPM_DROP_PHY,2,7,699721370459,18132
veh7,699721370454,,19.8281,0,CPM_DROP_PHY,10,7,699721370454,18130
veh7,15085,,19.8378,0,CAM_DROP_PHY,3,7,15085,18175
veh7,699721370489,,19.8378,0,CPM_DROP_PHY,3,7,699721370489,18175
veh7,699721370472,,19.8416,0,CPM_DROP_PHY,5,7,699721370472,18155
veh7,15112,,19.8671,0,CAM_DROP_PHY,6,7,15112,18209
veh7,699721370526,,19.8708,0,CPM_DROP_PHY,9,7,699721370526,18229
veh7,699721370509,,19.8788,0,CPM_DROP_PHY,12,7,699721370509,18208
veh7,699721370530,,19.8816,0,CPM_DROP_PHY,4,7,699721370530,18234
veh7,699721370523,,19.8871,0,CPM_DROP_PHY,6,7,699721370523,18209
veh7,699721370560,,19.8966,0,CPM_DROP_PHY,8,7,699721370560,18271
veh7,699721370568,,19.9151,0,CPM_DROP_PHY,11,7,699721370568,18281
veh7,699721370680,,19.9251,0,CPM_DROP_PHY,2,7,699721370680,18312
veh7,699721370675,,19.9281,0,CPM_DROP_PHY,10,7,699721370675,18310
veh7,15299,,19.9366,0,CAM_DROP_PHY,8,7,15299,18338
veh7,699721370706,,19.9378,0,CPM_DROP_PHY,3,7,699721370706,18347
veh7,699721370690,,19.9416,0,CPM_DROP_PHY,5,7,699721370690,18325
veh7,699721370738,,19.9671,0,CPM_DROP_PHY,6,7,699721370738,18400
veh7,699721370741,,19.9708,0,CPM_DROP_PHY,9,7,699721370741,18401
veh7,699721370728,,19.9788,0,CPM_DROP_PHY,12,7,699721370728,18381
veh7,699721370746,,19.9816,0,CPM_DROP_PHY,4,7,699721370746,18406
veh7,15369,,19.9881,0,CAM_DROP_PHY,10,7,15369,18426
veh7,699721370779,,19.9966,0,CPM_DROP_PHY,8,7,699721370779,18444
veh7,699721370787,,20.0151,0,CPM_DROP_PHY,11,7,699721370787,18455
veh7,699721370898,,20.0253,0,CPM_DROP_PHY,2,7,699721370898,18485
veh7,699721370893,,20.0281,0,CPM_DROP_PHY,10,7,699721370893,18483
veh7,699721370921,,20.0376,0,CPM_DROP_PHY,3,7,699721370921,18517
veh7,699721370909,,20.0416,0,CPM_DROP_PHY,5,7,699721370909,18498
veh7,699721370956,,20.0671,0,CPM_DROP_PHY,6,7,699721370956,18567
veh7,15541,,20.0708,0,CAM_DROP_PHY,9,7,15541,18547
veh7,699721370945,,20.0788,0,CPM_DROP_PHY,12,7,699721370945,18549
veh7,699721370963,,20.0816,0,CPM_DROP_PHY,4,7,699721370963,18573
veh7,699721370959,,20.0908,0,CPM_DROP_PHY,9,7,699721370959,18547
veh7,699721370993,,20.0966,0,CPM_DROP_PHY,8,7,699721370993,18610
veh7,699721371002,,20.1151,0,CPM_DROP_PHY,11,7,699721371002,18620
veh7,15609,,20.1151,0,CAM_DROP_PHY,11,7,15609,18620
veh7,699721371118,,20.1178,0,CPM_DROP_PHY,10,7,699721371118,18650
veh7,15710,,20.1188,0,CAM_DROP_PHY,12,7,15710,18643
veh7,699721371123,,20.1253,0,CPM_DROP_PHY,2,7,699721371123,18653
veh7,699721371135,,20.1316,0,CPM_DROP_PHY,5,7,699721371135,18676
veh7,699721371148,,20.1376,0,CPM_DROP_PHY,3,7,699721371148,18698
veh7,699721371178,,20.1671,0,CPM_DROP_PHY,6,7,699721371178,18740
veh7,699721371182,,20.1708,0,CPM_DROP_PHY,9,7,699721371182,18741
veh7,699721371168,,20.1788,0,CPM_DROP_PHY,12,7,699721371168,18725
veh7,699721371187,,20.1816,0,CPM_DROP_PHY,4,7,699721371187,18747
veh7,699721371224,,20.1951,0,CPM_DROP_PHY,11,7,699721371224,18791
veh7,699721371216,,20.1966,0,CPM_DROP_PHY,8,7,699721371216,18783
veh7,699721371330,,20.2178,0,CPM_DROP_PHY,10,7,699721371330,18814
veh7,15941,,20.2216,0,CAM_DROP_PHY,4,7,15941,18827
veh7,699721371334,,20.2253,0,CPM_DROP_PHY,2,7,699721371334,18817
veh7,699721371348,,20.2316,0,CPM_DROP_PHY,5,7,699721371348,18834
veh7,699721371361,,20.2376,0,CPM_DROP_PHY,3,7,699721371361,18855
veh7,15972,20.2423,,0,CAM,7,,15972,-1
veh7,699721371394,,20.2671,0,CPM_DROP_PHY,6,7,699721371394,18899
veh7,699721371397,,20.2708,0,CPM_DROP_PHY,9,7,699721371397,18900
veh7,699721371384,,20.2788,0,CPM_DROP_PHY,12,7,699721371384,18884
veh7,699721371401,,20.2816,0,CPM_DROP_PHY,4,7,699721371401,18906
veh7,699721371435,,20.2966,0,CPM_DROP_PHY,8,7,699721371435,18950
veh7,16024,,20.2978,0,CAM_DROP_PHY,10,7,16024,18930
veh7,699721371443,,20.3011,0,CPM_DROP_PHY,11,7,699721371443,18958
veh7,16147,,20.3116,0,CAM_DROP_PHY,5,7,16147,18983
veh7,699721371550,,20.3178,0,CPM_DROP_PHY,10,7,699721371550,18984
veh7,699721371555,,20.3253,0,CPM_DROP_PHY,2,7,699721371555,18992
veh7,699721371567,,20.3316,0,CPM_DROP_PHY,5,7,699721371567,19009
veh7,16179,,20.3376,0,CAM_DROP_PHY,3,7,16179,19026
veh7,699721371583,,20.3376,0,CPM_DROP_PHY,3,7,699721371583,19026
veh7,16207,,20.3671,0,CAM_DROP_PHY,6,7,16207,19059
veh7,699721371620,,20.3708,0,CPM_DROP_PHY,9,7,699721371620,19075
veh7,699721371604,,20.3788,0,CPM_DROP_PHY,12,7,699721371604,19058
veh7,699721371625,,20.3816,0,CPM_DROP_PHY,4,7,699721371625,19081
veh7,699721371617,,20.3871,0,CPM_DROP_PHY,6,7,699721371617,19059
veh7,699721371654,,20.3966,0,CPM_DROP_PHY,8,7,699721371654,19117
veh7,699721371663,,20.4011,0,CPM_DROP_PHY,11,7,699721371663,19128
veh7,16269,,20.4053,0,CAM_DROP_PHY,2,7,16269,19134
veh7,699721371775,,20.4178,0,CPM_DROP_PHY,10,7,699721371775,19158
veh7,16368,,20.4188,0,CAM_DROP_PHY,12,7,16368,19149
veh7,16273,,20.4211,0,CAM_DROP_PHY,11,7,16273,19128
veh7,699721371780,,20.4253,0,CPM_DROP_PHY,2,7,699721371780,19165
veh7,699721371794,,20.4316,0,CPM_DROP_PHY,5,7,699721371794,19190
veh7,16404,,20.4366,0,CAM_DROP_PHY,8,7,16404,19205
veh7,699721371810,,20.4376,0,CPM_DROP_PHY,3,7,699721371810,19213
veh7,699721371842,,20.4671,0,CPM_DROP_PHY,6,7,699721371842,19263
veh7,699721371846,,20.4708,0,CPM_DROP_PHY,9,7,699721371846,19264
veh7,699721371832,,20.4788,0,CPM_DROP_PHY,12,7,699721371832,19248
veh7,699721371851,,20.4816,0,CPM_DROP_PHY,4,7,699721371851,19270
veh7,699721371880,,20.4966,0,CPM_DROP_PHY,8,7,699721371880,19306
veh7,699721371888,,20.5011,0,CPM_DROP_PHY,11,7,699721371888,19314
veh7,699721371993,,20.5178,0,CPM_DROP_PHY,10,7,699721371993,19336
veh7,699721371998,,20.5253,0,CPM_DROP_PHY,2,7,699721371998,19342
veh7,699721372007,,20.5316,0,CPM_DROP_PHY,5,7,699721372007,19353
veh7,699721372020,,20.5376,0,CPM_DROP_PHY,3,7,699721372020,19371
veh7,699721372051,,20.5671,0,CPM_DROP_PHY,6,7,699721372051,19408
veh7,16639,,20.5708,0,CAM_DROP_PHY,9,7,16639,19398
veh7,699721372060,,20.5816,0,CPM_DROP_PHY,4,7,699721372060,19414
veh7,699721372043,,20.5873,0,CPM_DROP_PHY,12,7,699721372043,19400
veh7,699721372055,,20.5908,0,CPM_DROP_PHY,9,7,699721372055,19398
veh7,699721372090,,20.5966,0,CPM_DROP_PHY,8,7,699721372090,19452
veh7,16680,,20.5978,0,CAM_DROP_PHY,10,7,16680,19436
veh7,699721372100,,20.6011,0,CPM_DROP_PHY,11,7,699721372100,19465
veh7,699721372202,,20.6178,0,CPM_DROP_PHY,10,7,699721372202,19499
veh7,699721372208,,20.6253,0,CPM_DROP_PHY,2,7,699721372208,19507
veh7,699721372218,,20.6316,0,CPM_DROP_PHY,5,7,699721372218,19519
veh7,699721372232,,20.6376,0,CPM_DROP_PHY,3,7,699721372232,19537
veh7,699721372263,,20.6671,0,CPM_DROP_PHY,6,7,699721372263,19573
veh7,699721372266,,20.6708,0,CPM_DROP_PHY,9,7,699721372266,19574
veh7,699721372272,,20.6816,0,CPM_DROP_PHY,4,7,699721372272,19579
veh7,699721372253,,20.6873,0,CPM_DROP_PHY,12,7,699721372253,19565
veh7,699721372299,,20.6966,0,CPM_DROP_PHY,8,7,699721372299,19616
veh7,699721372307,,20.7011,0,CPM_DROP_PHY,11,7,699721372307,19626
veh7,17009,,20.7073,0,CAM_DROP_PHY,12,7,17009,19647
veh7,699721372418,,20.7198,0,CPM_DROP_PHY,10,7,699721372418,19657
veh7,16915,,20.7211,0,CAM_DROP_PHY,11,7,16915,19626
veh7,17030,,20.7216,0,CAM_DROP_PHY,4,7,17030,19670
veh7,699721372424,,20.7253,0,CPM_DROP_PHY,2,7,699721372424,19662
veh7,699721372439,,20.7316,0,CPM_DROP_PHY,5,7,699721372439,19684
veh7,17063,20.7423,,0,CAM,7,,17063,-1
veh7,699721372452,,20.7523,0,CPM_DROP_PHY,3,7,699721372452,19711
veh7,699721372485,,20.7661,0,CPM_DROP_PHY,6,7,699721372485,19750
veh7,699721372488,,20.7708,0,CPM_DROP_PHY,9,7,699721372488,19751
veh7,699721372493,,20.7816,0,CPM_DROP_PHY,4,7,699721372493,19758
veh7,699721372474,,20.7873,0,CPM_DROP_PHY,12,7,699721372474,19735
veh7,699721372522,,20.7966,0,CPM_DROP_PHY,8,7,699721372522,19799
veh7,699721372531,,20.8011,0,CPM_DROP_PHY,11,7,699721372531,19809
veh7,17227,,20.8116,0,CAM_DROP_PHY,5,7,17227,19835
veh7,699721372631,,20.8198,0,CPM_DROP_PHY,10,7,699721372631,19836
veh7,699721372637,,20.8253,0,CPM_DROP_PHY,2,7,699721372637,19841
veh7,699721372647,,20.8316,0,CPM_DROP_PHY,5,7,699721372647,19855
veh7,17259,,20.8523,0,CAM_DROP_PHY,3,7,17259,19877
veh7,699721372663,,20.8523,0,CPM_DROP_PHY,3,7,699721372663,19877
veh7,17285,,20.8661,0,CAM_DROP_PHY,6,7,17285,19905
veh7,699721372698,,20.8708,0,CPM_DROP_PHY,9,7,699721372698,19918
veh7,699721372703,,20.8816,0,CPM_DROP_PHY,4,7,699721372703,19925
veh7,699721372695,,20.8861,0,CPM_DROP_PHY,6,7,699721372695,19905
veh7,699721372682,,20.8873,0,CPM_DROP_PHY,12,7,699721372682,19901
veh7,17322,,20.8881,0,CAM_DROP_PHY,10,7,17322,19943
veh7,699721372734,,20.8966,0,CPM_DROP_PHY,8,7,699721372734,19966
veh7,17348,,20.9053,0,CAM_DROP_PHY,2,7,17348,19988
veh7,699721372742,,20.9126,0,CPM_DROP_PHY,11,7,699721372742,19980
veh7,699721372839,,20.9198,0,CPM_DROP_PHY,10,7,699721372839,20009
veh7,699721372843,,20.9253,0,CPM_DROP_PHY,2,7,699721372843,20012
veh7,699721372855,,20.9316,0,CPM_DROP_PHY,5,7,699721372855,20029
veh7,699721372868,,20.9523,0,CPM_DROP_PHY,3,7,699721372868,20054
veh7,699721372898,,20.9661,0,CPM_DROP_PHY,6,7,699721372898,20089
veh7,699721372888,,20.9673,0,CPM_DROP_PHY,12,7,699721372888,20075
veh7,699721372901,,20.9708,0,CPM_DROP_PHY,9,7,699721372901,20090
veh7,699721372907,,20.9863,0,CPM_DROP_PHY,4,7,699721372907,20098
veh7,699721372933,,20.9966,0,CPM_DROP_PHY,8,7,699721372933,20130
veh7,17635,,21.0073,0,CAM_DROP_PHY,12,7,17635,20153
veh7,699721372942,,21.0126,0,CPM_DROP_PHY,11,7,699721372942,20141
veh7,699721373042,,21.0198,0,CPM_DROP_PHY,10,7,699721373042,20161
veh7,699721373046,,21.0253,0,CPM_DROP_PHY,2,7,699721373046,20164
veh7,699721373058,,21.0296,0,CPM_DROP_PHY,5,7,699721373058,20180
veh7,17549,,21.0326,0,CAM_DROP_PHY,11,7,17549,20141
veh7,17668,,21.0366,0,CAM_DROP_PHY,8,7,17668,20201
veh7,699721373074,,21.0523,0,CPM_DROP_PHY,3,7,699721373074,20208
veh7,699721373109,,21.0661,0,CPM_DROP_PHY,6,7,699721373109,20256
veh7,699721373098,,21.0673,0,CPM_DROP_PHY,12,7,699721373098,20242
veh7,699721373112,,21.0708,0,CPM_DROP_PHY,9,7,699721373112,20257
veh7,699721373117,,21.0863,0,CPM_DROP_PHY,4,7,699721373117,20265
veh7,699721373144,,21.0966,0,CPM_DROP_PHY,8,7,699721373144,20297
veh7,699721373152,,21.1126,0,CPM_DROP_PHY,11,7,699721373152,20308
veh7,699721373254,,21.1198,0,CPM_DROP_PHY,10,7,699721373254,20324
veh7,699721373259,,21.1253,0,CPM_DROP_PHY,2,7,699721373259,20327
veh7,699721373270,,21.1296,0,CPM_DROP_PHY,5,7,699721373270,20338
veh7,699721373283,,21.1523,0,CPM_DROP_PHY,3,7,699721373283,20363
veh7,699721373315,,21.1661,0,CPM_DROP_PHY,6,7,699721373315,20400
veh7,699721373305,,21.1691,0,CPM_DROP_PHY,12,7,699721373305,20387
veh7,17900,,21.1708,0,CAM_DROP_PHY,9,7,17900,20384
veh7,699721373324,,21.1863,0,CPM_DROP_PHY,4,7,699721373324,20410
veh7,17943,,21.1881,0,CAM_DROP_PHY,10,7,17943,20428
veh7,699721373318,,21.1908,0,CPM_DROP_PHY,9,7,699721373318,20384
veh7,699721373352,,21.2041,0,CPM_DROP_PHY,8,7,699721373352,20446
veh7,699721373362,,21.2126,0,CPM_DROP_PHY,11,7,699721373362,20463
veh7,699721373453,,21.2198,0,CPM_DROP_PHY,10,7,699721373453,20479
veh7,699721373457,,21.2253,0,CPM_DROP_PHY,2,7,699721373457,20482
veh7,18065,,21.2263,0,CAM_DROP_PHY,4,7,18065,20491
veh7,699721373472,,21.2296,0,CPM_DROP_PHY,5,7,699721373472,20498
veh7,18096,21.2423,,0,CAM,7,,18096,-1
veh7,699721373486,,21.2523,0,CPM_DROP_PHY,3,7,699721373486,20531
veh7,699721373520,,21.2661,0,CPM_DROP_PHY,9,7,699721373520,20568
veh7,699721373517,,21.2661,0,CPM_DROP_PHY,6,7,699721373517,20567
veh7,699721373507,,21.2691,0,CPM_DROP_PHY,12,7,699721373507,20554
veh7,699721373526,,21.2863,0,CPM_DROP_PHY,4,7,699721373526,20580
veh7,699721373552,,21.3041,0,CPM_DROP_PHY,8,7,699721373552,20617
veh7,18245,,21.3091,0,CAM_DROP_PHY,12,7,18245,20631
veh7,18251,,21.3096,0,CAM_DROP_PHY,5,7,18251,20640
veh7,699721373560,,21.3126,0,CPM_DROP_PHY,11,7,699721373560,20627
veh7,699721373654,,21.3198,0,CPM_DROP_PHY,10,7,699721373654,20641
veh7,699721373660,,21.3253,0,CPM_DROP_PHY,2,7,699721373660,20649
veh7,699721373673,,21.3296,0,CPM_DROP_PHY,5,7,699721373673,20670
veh7,18166,,21.3326,0,CAM_DROP_PHY,11,7,18166,20627
veh7,18286,,21.3523,0,CAM_DROP_PHY,3,7,18286,20700
veh7,699721373689,,21.3523,0,CPM_DROP_PHY,3,7,699721373689,20700
veh7,699721373724,,21.3661,0,CPM_DROP_PHY,9,7,699721373724,20744
veh7,18311,,21.3661,0,CAM_DROP_PHY,6,7,18311,20733
veh7,699721373708,,21.3691,0,CPM_DROP_PHY,12,7,699721373708,20729
veh7,699721373721,,21.3861,0,CPM_DROP_PHY,6,7,699721373721,20733
veh7,699721373730,,21.3936,0,CPM_DROP_PHY,4,7,699721373730,20756
veh7,699721373754,,21.4041,0,CPM_DROP_PHY,8,7,699721373754,20789
veh7,699721373762,,21.4126,0,CPM_DROP_PHY,11,7,699721373762,20799
veh7,699721373852,,21.4178,0,CPM_DROP_PHY,2,7,699721373852,20817
veh7,699721373848,,21.4198,0,CPM_DROP_PHY,10,7,699721373848,20814
veh7,699721373864,,21.4296,0,CPM_DROP_PHY,5,7,699721373864,20836
veh7,699721373876,,21.4523,0,CPM_DROP_PHY,3,7,699721373876,20860
veh7,699721373909,,21.4661,0,CPM_DROP_PHY,9,7,699721373909,20895
veh7,699721373905,,21.4661,0,CPM_DROP_PHY,6,7,699721373905,20894
veh7,699721373895,,21.4691,0,CPM_DROP_PHY,12,7,699721373895,20880
veh7,18534,,21.4798,0,CAM_DROP_PHY,10,7,18534,20925
veh7,699721373914,,21.4863,0,CPM_DROP_PHY,4,7,699721373914,20906
veh7,18560,,21.4978,0,CAM_DROP_PHY,2,7,18560,20956
veh7,699721373946,,21.5041,0,CPM_DROP_PHY,8,7,699721373946,20941
veh7,699721373956,,21.5126,0,CPM_DROP_PHY,11,7,699721373956,20953
veh7,699721374054,,21.5178,0,CPM_DROP_PHY,2,7,699721374054,20974
veh7,699721374050,,21.5198,0,CPM_DROP_PHY,10,7,699721374050,20971
veh7,699721374067,,21.5296,0,CPM_DROP_PHY,5,7,699721374067,20996
veh7,699721374080,,21.5398,0,CPM_DROP_PHY,3,7,699721374080,21019
veh7,699721374109,,21.5646,0,CPM_DROP_PHY,6,7,699721374109,21054
veh7,699721374112,,21.5661,0,CPM_DROP_PHY,9,7,699721374112,21055
veh7,699721374100,,21.5691,0,CPM_DROP_PHY,12,7,699721374100,21046
veh7,699721374117,,21.5863,0,CPM_DROP_PHY,4,7,699721374117,21065
veh7,699721374142,,21.6041,0,CPM_DROP_PHY,8,7,699721374142,21096
veh7,18837,,21.6091,0,CAM_DROP_PHY,12,7,18837,21111
veh7,699721374150,,21.6126,0,CPM_DROP_PHY,11,7,699721374150,21105
veh7,699721374249,,21.6178,0,CPM_DROP_PHY,2,7,699721374249,21124
veh7,699721374244,,21.6193,0,CPM_DROP_PHY,10,7,699721374244,21119
veh7,699721374262,,21.6296,0,CPM_DROP_PHY,5,7,699721374262,21147
veh7,18755,,21.6326,0,CAM_DROP_PHY,11,7,18755,21105
veh7,699721374278,,21.6398,0,CPM_DROP_PHY,3,7,699721374278,21174
veh7,18871,,21.6441,0,CAM_DROP_PHY,8,7,18871,21165
veh7,699721374310,,21.6646,0,CPM_DROP_PHY,6,7,699721374310,21221
veh7,699721374313,,21.6661,0,CPM_DROP_PHY,9,7,699721374313,21222
veh7,699721374300,,21.6691,0,CPM_DROP_PHY,12,7,699721374300,21209
veh7,699721374319,,21.6863,0,CPM_DROP_PHY,4,7,699721374319,21232
veh7,699721374342,,21.7041,0,CPM_DROP_PHY,8,7,699721374342,21263
veh7,699721374350,,21.7126,0,CPM_DROP_PHY,11,7,699721374350,21272
veh7,699721374442,,21.7178,0,CPM_DROP_PHY,2,7,699721374442,21287
veh7,699721374437,,21.7193,0,CPM_DROP_PHY,10,7,699721374437,21284
veh7,19051,,21.7263,0,CAM_DROP_PHY,4,7,19051,21302
veh7,699721374457,,21.7296,0,CPM_DROP_PHY,5,7,699721374457,21306
veh7,699721374472,,21.7398,0,CPM_DROP_PHY,3,7,699721374472,21337
veh7,699721374505,,21.7646,0,CPM_DROP_PHY,6,7,699721374505,21373
veh7,19091,,21.7661,0,CAM_DROP_PHY,9,7,19091,21362
veh7,699721374495,,21.7691,0,CPM_DROP_PHY,12,7,699721374495,21365
veh7,699721374514,,21.7758,0,CPM_DROP_PHY,4,7,699721374514,21384
veh7,699721374508,,21.7861,0,CPM_DROP_PHY,9,7,699721374508,21362
veh7,19132,,21.7993,0,CAM_DROP_PHY,10,7,19132,21408
veh7,699721374541,,21.8041,0,CPM_DROP_PHY,8,7,699721374541,21422
veh7,699721374548,,21.8126,0,CPM_DROP_PHY,11,7,699721374548,21430
veh7,699721374640,,21.8178,0,CPM_DROP_PHY,2,7,699721374640,21451
veh7,699721374635,,21.8193,0,CPM_DROP_PHY,10,7,699721374635,21447
veh7,699721374652,,21.8296,0,CPM_DROP_PHY,5,7,699721374652,21473
veh7,699721374665,,21.8398,0,CPM_DROP_PHY,3,7,699721374665,21496
veh7,19277,21.8423,,0,CAM,7,,19277,-1
veh7,699721374698,,21.8646,0,CPM_DROP_PHY,6,7,699721374698,21533
veh7,699721374701,,21.8661,0,CPM_DROP_PHY,9,7,699721374701,21534
veh7,699721374689,,21.8691,0,CPM_DROP_PHY,12,7,699721374689,21524
veh7,699721374707,,21.8758,0,CPM_DROP_PHY,4,7,699721374707,21543
veh7,699721374733,,21.9026,0,CPM_DROP_PHY,8,7,699721374733,21585
veh7,19426,,21.9091,0,CAM_DROP_PHY,12,7,19426,21597
veh7,19433,,21.9096,0,CAM_DROP_PHY,5,7,19433,21605
veh7,699721374739,,21.9126,0,CPM_DROP_PHY,11,7,699721374739,21591
veh7,699721374842,,21.9178,0,CPM_DROP_PHY,2,7,699721374842,21615
veh7,699721374836,,21.9193,0,CPM_DROP_PHY,10,7,699721374836,21606
veh7,699721374855,,21.9296,0,CPM_DROP_PHY,5,7,699721374855,21639
veh7,19345,,21.9326,0,CAM_DROP_PHY,11,7,19345,21591
veh7,19468,,21.9398,0,CAM_DROP_PHY,3,7,19468,21666
veh7,699721374871,,21.9398,0,CPM_DROP_PHY,3,7,699721374871,21666
veh7,19494,,21.9646,0,CAM_DROP_PHY,6,7,19494,21700
veh7,699721374903,,21.9646,0,CPM_DROP_PHY,6,7,699721374903,21700
veh7,699721374907,,21.9661,0,CPM_DROP_PHY,9,7,699721374907,21710
veh7,699721374891,,21.9673,0,CPM_DROP_PHY,12,7,699721374891,21699
veh7,699721374913,,21.9758,0,CPM_DROP_PHY,4,7,699721374913,21719
veh7,699721374938,,22.0026,0,CPM_DROP_PHY,8,7,699721374938,21754
veh7,699721374945,,22.0126,0,CPM_DROP_PHY,11,7,699721374945,21760
veh7,699721375032,,22.0178,0,CPM_DROP_PHY,2,7,699721375032,21776
veh7,699721375028,,22.0193,0,CPM_DROP_PHY,10,7,699721375028,21773
veh7,699721375044,,22.0296,0,CPM_DROP_PHY,5,7,699721375044,21794
veh7,699721375056,,22.0398,0,CPM_DROP_PHY,3,7,699721375056,21816
veh7,699721375088,,22.0646,0,CPM_DROP_PHY,6,7,699721375088,21852
veh7,699721375091,,22.0661,0,CPM_DROP_PHY,9,7,699721375091,21853
veh7,699721375080,,22.0673,0,CPM_DROP_PHY,12,7,699721375080,21843
veh7,699721375098,,22.0758,0,CPM_DROP_PHY,4,7,699721375098,21862
veh7,19715,,22.0993,0,CAM_DROP_PHY,10,7,19715,21886
veh7,699721375123,,22.1026,0,CPM_DROP_PHY,8,7,699721375123,21898
veh7,699721375130,,22.1126,0,CPM_DROP_PHY,11,7,699721375130,21904
veh7,699721375221,,22.1178,0,CPM_DROP_PHY,2,7,699721375221,21924
veh7,699721375217,,22.1193,0,CPM_DROP_PHY,10,7,699721375217,21920
veh7,699721375233,,22.1296,0,CPM_DROP_PHY,5,7,699721375233,21945
veh7,699721375247,,22.1398,0,CPM_DROP_PHY,3,7,699721375247,21967
veh7,699721375275,,22.1646,0,CPM_DROP_PHY,6,7,699721375275,22003
veh7,699721375277,,22.1661,0,CPM_DROP_PHY,9,7,699721375277,22004
veh7,699721375266,,22.1673,0,CPM_DROP_PHY,12,7,699721375266,21992
veh7,699721375283,,22.1758,0,CPM_DROP_PHY,4,7,699721375283,22013
veh7,19918,,22.1978,0,CAM_DROP_PHY,2,7,19918,22056
veh7,699721375307,,22.2026,0,CPM_DROP_PHY,8,7,699721375307,22048
veh7,21470,,22.2073,0,CAM_DROP_PHY,12,7,21470,22064
veh7,699721375314,,22.2126,0,CPM_DROP_PHY,11,7,699721375314,22054
veh7,19923,,22.2126,0,CAM_DROP_PHY,11,7,19923,22054
veh7,699721376883,,22.2178,0,CPM_DROP_PHY,2,7,699721376883,22081
veh7,699721376878,,22.2193,0,CPM_DROP_PHY,10,7,699721376878,22076
veh7,699721376895,,22.2296,0,CPM_DROP_PHY,5,7,699721376895,22105
veh7,699721376911,,22.2398,0,CPM_DROP_PHY,3,7,699721376911,22128
veh7,21505,,22.2426,0,CAM_DROP_PHY,8,7,21505,22121
veh7,699721376939,,22.2646,0,CPM_DROP_PHY,6,7,699721376939,22171
veh7,699721376941,,22.2661,0,CPM_DROP_PHY,9,7,699721376941,22172
veh7,699721376930,,22.2673,0,CPM_DROP_PHY,12,7,699721376930,22157
veh7,699721376947,,22.2758,0,CPM_DROP_PHY,4,7,699721376947,22181
veh7,699721376972,,22.3026,0,CPM_DROP_PHY,8,7,699721376972,22216
veh7,699721376979,,22.3178,0,CPM_DROP_PHY,11,7,699721376979,22222
veh7,699721377070,,22.3178,0,CPM_DROP_PHY,2,7,699721377070,22238
veh7,699721377065,,22.3193,0,CPM_DROP_PHY,10,7,699721377065,22234
veh7,699721377084,,22.3303,0,CPM_DROP_PHY,5,7,699721377084,22256
veh7,21678,,22.3358,0,CAM_DROP_PHY,4,7,21678,22252
veh7,699721377097,,22.3398,0,CPM_DROP_PHY,3,7,699721377097,22279
veh7,699721377129,,22.3646,0,CPM_DROP_PHY,6,7,699721377129,22323
veh7,21716,,22.3661,0,CAM_DROP_PHY,9,7,21716,22311
veh7,699721377132,,22.3661,0,CPM_DROP_PHY,9,7,699721377132,22311
veh7,699721377120,,22.3673,0,CPM_DROP_PHY,12,7,699721377120,22312
veh7,699721377138,,22.3758,0,CPM_DROP_PHY,4,7,699721377138,22333
veh7,21755,,22.3948,0,CAM_DROP_PHY,10,7,21755,22357
veh7,699721377170,,22.3978,0,CPM_DROP_PHY,11,7,699721377170,22374
veh7,699721377163,,22.4026,0,CPM_DROP_PHY,8,7,699721377163,22369
veh7,699721377257,,22.4148,0,CPM_DROP_PHY,10,7,699721377257,22398
veh7,699721377262,,22.4178,0,CPM_DROP_PHY,2,7,699721377262,22402
veh7,699721377273,,22.4303,0,CPM_DROP_PHY,5,7,699721377273,22421
veh7,699721377285,,22.4398,0,CPM_DROP_PHY,3,7,699721377285,22439
veh7,21895,22.4423,,0,CAM,7,,21895,-1
veh7,699721377315,,22.4646,0,CPM_DROP_PHY,6,7,699721377315,22475
veh7,699721377317,,22.4661,0,CPM_DROP_PHY,9,7,699721377317,22476
veh7,699721377306,,22.4673,0,CPM_DROP_PHY,12,7,699721377306,22464
veh7,699721377323,,22.4758,0,CPM_DROP_PHY,4,7,699721377323,22485
veh7,699721377354,,22.4978,0,CPM_DROP_PHY,11,7,699721377354,22525
veh7,699721377347,,22.5026,0,CPM_DROP_PHY,8,7,699721377347,22520
veh7,22040,,22.5073,0,CAM_DROP_PHY,12,7,22040,22534
veh7,22047,,22.5103,0,CAM_DROP_PHY,5,7,22047,22548
veh7,699721377451,,22.5148,0,CPM_DROP_PHY,10,7,699721377451,22551
veh7,21960,,22.5178,0,CAM_DROP_PHY,11,7,21960,22532
veh7,699721377457,,22.5183,0,CPM_DROP_PHY,2,7,699721377457,22559
veh7,699721377470,,22.5303,0,CPM_DROP_PHY,5,7,699721377470,22585
veh7,699721377483,,22.5398,0,CPM_DROP_PHY,3,7,699721377483,22608
veh7,699721377502,,22.5641,0,CPM_DROP_PHY,12,7,699721377502,22631
veh7,22106,,22.5646,0,CAM_DROP_PHY,6,7,22106,22632
veh7,699721377514,,22.5646,0,CPM_DROP_PHY,6,7,699721377514,22632
veh7,699721377517,,22.5661,0,CPM_DROP_PHY,9,7,699721377517,22644
veh7,699721377523,,22.5758,0,CPM_DROP_PHY,4,7,699721377523,22656
veh7,699721377553,,22.5978,0,CPM_DROP_PHY,11,7,699721377553,22693
veh7,699721377547,,22.6026,0,CPM_DROP_PHY,8,7,699721377547,22689
veh7,699721377643,,22.6148,0,CPM_DROP_PHY,10,7,699721377643,22712
veh7,699721377647,,22.6183,0,CPM_DROP_PHY,2,7,699721377647,22717
veh7,699721377659,,22.6303,0,CPM_DROP_PHY,5,7,699721377659,22734
veh7,22270,,22.6398,0,CAM_DROP_PHY,3,7,22270,22748
veh7,699721377674,,22.6398,0,CPM_DROP_PHY,3,7,699721377674,22748
veh7,699721377693,,22.6641,0,CPM_DROP_PHY,12,7,699721377693,22777
veh7,699721377702,,22.6646,0,CPM_DROP_PHY,6,7,699721377702,22788
veh7,699721377706,,22.6698,0,CPM_DROP_PHY,9,7,699721377706,22789
veh7,699721377711,,22.6758,0,CPM_DROP_PHY,4,7,699721377711,22797
veh7,22330,,22.6948,0,CAM_DROP_PHY,10,7,22330,22821
veh7,699721377745,,22.6978,0,CPM_DROP_PHY,11,7,699721377745,22838
veh7,699721377738,,22.7026,0,CPM_DROP_PHY,8,7,699721377738,22833
veh7,699721377835,,22.7148,0,CPM_DROP_PHY,10,7,699721377835,22861
veh7,699721377840,,22.7183,0,CPM_DROP_PHY,2,7,699721377840,22866
veh7,699721377851,,22.7303,0,CPM_DROP_PHY,5,7,699721377851,22886
veh7,699721377863,,22.7398,0,CPM_DROP_PHY,3,7,699721377863,22904
veh7,699721377882,,22.7641,0,CPM_DROP_PHY,12,7,699721377882,22928
veh7,699721377891,,22.7646,0,CPM_DROP_PHY,6,7,699721377891,22939
veh7,699721377894,,22.7698,0,CPM_DROP_PHY,9,7,699721377894,22940
veh7,699721377900,,22.7756,0,CPM_DROP_PHY,4,7,699721377900,22948
veh7,699721377932,,22.7978,0,CPM_DROP_PHY,11,7,699721377932,22988
veh7,22537,,22.7983,0,CAM_DROP_PHY,2,7,22537,22991
veh7,699721377925,,22.8026,0,CPM_DROP_PHY,8,7,699721377925,22983
veh7,22624,,22.8041,0,CAM_DROP_PHY,12,7,22624,23002
veh7,22542,,22.8178,0,CAM_DROP_PHY,11,7,22542,22998
veh7,699721378039,,22.8183,0,CPM_DROP_PHY,2,7,699721378039,23023
veh7,699721378051,,22.8303,0,CPM_DROP_PHY,5,7,699721378051,23048
veh7,699721378067,,22.8398,0,CPM_DROP_PHY,3,7,699721378067,23072
veh7,22660,,22.8426,0,CAM_DROP_PHY,8,7,22660,23064
veh7,699721378087,,22.8641,0,CPM_DROP_PHY,12,7,699721378087,23100
veh7,699721378097,,22.8678,0,CPM_DROP_PHY,6,7,699721378097,23114
veh7,699721378100,,22.8698,0,CPM_DROP_PHY,9,7,699721378100,23115
veh7,699721378105,,22.8756,0,CPM_DROP_PHY,4,7,699721378105,23120
veh7,699721378136,,22.8978,0,CPM_DROP_PHY,11,7,699721378136,23163
veh7,699721378129,,22.9026,0,CPM_DROP_PHY,8,7,699721378129,23157
veh7,699721378227,,22.9183,0,CPM_DROP_PHY,2,7,699721378227,23187
veh7,699721378241,,22.9303,0,CPM_DROP_PHY,5,7,699721378241,23204
veh7,22834,,22.9356,0,CAM_DROP_PHY,4,7,22834,23199
veh7,699721378253,,22.9371,0,CPM_DROP_PHY,3,7,699721378253,23223
veh7,699721378276,,22.9641,0,CPM_DROP_PHY,12,7,699721378276,23256
veh7,699721378285,,22.9678,0,CPM_DROP_PHY,6,7,699721378285,23266
veh7,22873,,22.9698,0,CAM_DROP_PHY,9,7,22873,23255
veh7,699721378288,,22.9698,0,CPM_DROP_PHY,9,7,699721378288,23255
veh7,699721378293,,22.9756,0,CPM_DROP_PHY,4,7,699721378293,23271
veh7,699721378321,,22.9871,0,CPM_DROP_PHY,8,7,699721378321,23309
veh7,699721378328,,22.9978,0,CPM_DROP_PHY,11,7,699721378328,23320
veh7,699721378222,,23.0148,0,CPM_DROP_PHY,10,7,699721378222,23182
veh7,22912,,23.0148,0,CAM_DROP_PHY,10,7,22912,23300
veh7,699721378419,,23.0148,0,CPM_DROP_PHY,10,7,699721378419,23343
veh7,699721378424,,23.0183,0,CPM_DROP_PHY,2,7,699721378424,23347
veh7,699721378436,,23.0303,0,CPM_DROP_PHY,5,7,699721378436,23363
veh7,699721378448,,23.0371,0,CPM_DROP_PHY,3,7,699721378448,23382
veh7,23060,23.0423,,0,CAM,7,,23060,-1
veh7,699721378470,,23.0641,0,CPM_DROP_PHY,12,7,699721378470,23408
veh7,699721378479,,23.0678,0,CPM_DROP_PHY,6,7,699721378479,23418
veh7,699721378482,,23.0698,0,CPM_DROP_PHY,9,7,699721378482,23419
veh7,699721378486,,23.0756,0,CPM_DROP_PHY,4,7,699721378486,23423
veh7,699721378511,,23.0871,0,CPM_DROP_PHY,8,7,699721378511,23460
veh7,699721378518,,23.0978,0,CPM_DROP_PHY,11,7,699721378518,23471
veh7,23203,,23.1041,0,CAM_DROP_PHY,12,7,23203,23483
veh7,23209,,23.1103,0,CAM_DROP_PHY,5,7,23209,23492
veh7,699721378613,,23.1148,0,CPM_DROP_PHY,10,7,699721378613,23497
veh7,23125,,23.1178,0,CAM_DROP_PHY,11,7,23125,23482
veh7,699721378618,,23.1183,0,CPM_DROP_PHY,2,7,699721378618,23504
veh7,699721378630,,23.1303,0,CPM_DROP_PHY,5,7,699721378630,23526
veh7,699721378643,,23.1371,0,CPM_DROP_PHY,3,7,699721378643,23550
veh7,699721378660,,23.1608,0,CPM_DROP_PHY,12,7,699721378660,23575
veh7,23263,,23.1678,0,CAM_DROP_PHY,6,7,23263,23576
veh7,699721378673,,23.1678,0,CPM_DROP_PHY,6,7,699721378673,23576
veh7,699721378676,,23.1698,0,CPM_DROP_PHY,9,7,699721378676,23590
veh7,699721378680,,23.1756,0,CPM_DROP_PHY,4,7,699721378680,23593
veh7,699721378704,,23.1871,0,CPM_DROP_PHY,8,7,699721378704,23628
veh7,699721378711,,23.1978,0,CPM_DROP_PHY,11,7,699721378711,23639
veh7,699721378797,,23.2148,0,CPM_DROP_PHY,10,7,699721378797,23658
veh7,699721378802,,23.2183,0,CPM_DROP_PHY,2,7,699721378802,23662
veh7,699721378813,,23.2303,0,CPM_DROP_PHY,5,7,699721378813,23676
veh7,699721378825,,23.2371,0,CPM_DROP_PHY,3,7,699721378825,23694
veh7,699721378844,,23.2608,0,CPM_DROP_PHY,12,7,699721378844,23719
veh7,699721378853,,23.2678,0,CPM_DROP_PHY,6,7,699721378853,23732
veh7,699721378856,,23.2698,0,CPM_DROP_PHY,9,7,699721378856,23733
veh7,699721378860,,23.2756,0,CPM_DROP_PHY,4,7,699721378860,23737
veh7,699721378888,,23.2871,0,CPM_DROP_PHY,8,7,699721378888,23773
veh7,23478,,23.2948,0,CAM_DROP_PHY,10,7,23478,23763
veh7,699721378896,,23.2978,0,CPM_DROP_PHY,11,7,699721378896,23783
veh7,699721378982,,23.3148,0,CPM_DROP_PHY,10,7,699721378982,23807
veh7,699721378986,,23.3183,0,CPM_DROP_PHY,2,7,699721378986,23810
veh7,699721378997,,23.3233,0,CPM_DROP_PHY,5,7,699721378997,23827
veh7,23608,,23.3371,0,CAM_DROP_PHY,3,7,23608,23841
veh7,699721379012,,23.3371,0,CPM_DROP_PHY,3,7,699721379012,23841
veh7,699721379031,,23.3608,0,CPM_DROP_PHY,12,7,699721379031,23871
veh7,699721379040,,23.3678,0,CPM_DROP_PHY,6,7,699721379040,23884
veh7,699721379043,,23.3698,0,CPM_DROP_PHY,9,7,699721379043,23885
veh7,699721379047,,23.3756,0,CPM_DROP_PHY,4,7,699721379047,23889
veh7,699721379071,,23.3871,0,CPM_DROP_PHY,8,7,699721379071,23924
veh7,699721379079,,23.3938,0,CPM_DROP_PHY,11,7,699721379079,23934
veh7,23686,,23.4138,0,CAM_DROP_PHY,11,7,23686,23945
veh7,699721379170,,23.4148,0,CPM_DROP_PHY,10,7,699721379170,23955
veh7,699721379174,,23.4183,0,CPM_DROP_PHY,2,7,699721379174,23959
veh7,23763,,23.4208,0,CAM_DROP_PHY,12,7,23763,23948
veh7,699721379187,,23.4233,0,CPM_DROP_PHY,5,7,699721379187,23979
veh7,699721379203,,23.4371,0,CPM_DROP_PHY,3,7,699721379203,24006
veh7,23796,,23.4471,0,CAM_DROP_PHY,8,7,23796,23994
veh7,699721379223,,23.4608,0,CPM_DROP_PHY,12,7,699721379223,24035
veh7,699721379233,,23.4678,0,CPM_DROP_PHY,6,7,699721379233,24051
veh7,699721379236,,23.4698,0,CPM_DROP_PHY,9,7,699721379236,24052
veh7,699721379240,,23.4756,0,CPM_DROP_PHY,4,7,699721379240,24056
veh7,699721379264,,23.4871,0,CPM_DROP_PHY,8,7,699721379264,24091
veh7,699721379272,,23.4938,0,CPM_DROP_PHY,11,7,699721379272,24101
veh7,23877,,23.4983,0,CAM_DROP_PHY,2,7,23877,24111
veh7,699721379365,,23.5158,0,CPM_DROP_PHY,10,7,699721379365,24125
veh7,699721379370,,23.5183,0,CPM_DROP_PHY,2,7,699721379370,24129
veh7,699721379382,,23.5233,0,CPM_DROP_PHY,5,7,699721379382,24149
veh7,699721379394,,23.5371,0,CPM_DROP_PHY,3,7,699721379394,24164
veh7,699721379415,,23.5608,0,CPM_DROP_PHY,12,7,699721379415,24190
veh7,699721379425,,23.5678,0,CPM_DROP_PHY,6,7,699721379425,24203
veh7,24012,,23.5698,0,CAM_DROP_PHY,9,7,24012,24189
veh7,699721379428,,23.5698,0,CPM_DROP_PHY,9,7,699721379428,24189
veh7,699721379432,,23.5756,0,CPM_DROP_PHY,4,7,699721379432,24208
veh7,699721379465,,23.5871,0,CPM_DROP_PHY,8,7,699721379465,24244
veh7,699721379473,,23.5938,0,CPM_DROP_PHY,11,7,699721379473,24254
veh7,24055,,23.5958,0,CAM_DROP_PHY,10,7,24055,24233
veh7,699721379563,,23.6158,0,CPM_DROP_PHY,10,7,699721379563,24279
veh7,699721379568,,23.6226,0,CPM_DROP_PHY,2,7,699721379568,24283
veh7,699721379583,,23.6233,0,CPM_DROP_PHY,5,7,699721379583,24300
veh7,24175,,23.6356,0,CAM_DROP_PHY,4,7,24175,24293
veh7,699721379595,,23.6371,0,CPM_DROP_PHY,3,7,699721379595,24316
veh7,24209,23.6423,,0,CAM,7,,24209,-1
veh7,699721379618,,23.6608,0,CPM_DROP_PHY,12,7,699721379618,24350
veh7,699721379628,,23.6678,0,CPM_DROP_PHY,6,7,699721379628,24362
veh7,699721379631,,23.6688,0,CPM_DROP_PHY,9,7,699721379631,24363
veh7,699721379635,,23.6756,0,CPM_DROP_PHY,4,7,699721379635,24368
veh7,699721379659,,23.6871,0,CPM_DROP_PHY,8,7,699721379659,24403
veh7,699721379666,,23.6938,0,CPM_DROP_PHY,11,7,699721379666,24413
veh7,24273,,23.7138,0,CAM_DROP_PHY,11,7,24273,24423
veh7,699721379757,,23.7158,0,CPM_DROP_PHY,10,7,699721379757,24434
veh7,24350,,23.7208,0,CAM_DROP_PHY,12,7,24350,24426
veh7,699721379771,,23.7233,0,CPM_DROP_PHY,5,7,699721379771,24456
veh7,699721379784,,23.7371,0,CPM_DROP_PHY,3,7,699721379784,24476
veh7,699721379803,,23.7608,0,CPM_DROP_PHY,12,7,699721379803,24501
veh7,24406,,23.7678,0,CAM_DROP_PHY,6,7,24406,24502
veh7,699721379815,,23.7678,0,CPM_DROP_PHY,6,7,699721379815,24502
veh7,699721379818,,23.7688,0,CPM_DROP_PHY,9,7,699721379818,24515
veh7,699721379822,,23.7756,0,CPM_DROP_PHY,4,7,699721379822,24520
veh7,699721379849,,23.7871,0,CPM_DROP_PHY,8,7,699721379849,24555
veh7,699721379857,,23.7938,0,CPM_DROP_PHY,11,7,699721379857,24565
veh7,699721379953,,23.8158,0,CPM_DROP_PHY,10,7,699721379953,24585
veh7,24549,,23.8233,0,CAM_DROP_PHY,5,7,24549,24581
veh7,699721379968,,23.8233,0,CPM_DROP_PHY,5,7,699721379968,24581
veh7,699721379980,,23.8371,0,CPM_DROP_PHY,3,7,699721379980,24613
veh7,699721379998,,23.8608,0,CPM_DROP_PHY,12,7,699721379998,24638
veh7,699721380008,,23.8678,0,CPM_DROP_PHY,6,7,699721380008,24650
veh7,699721380011,,23.8688,0,CPM_DROP_PHY,9,7,699721380011,24651
veh7,699721380016,,23.8763,0,CPM_DROP_PHY,4,7,699721380016,24656
veh7,699721380046,,23.8871,0,CPM_DROP_PHY,8,7,699721380046,24690
veh7,699721380055,,23.8938,0,CPM_DROP_PHY,11,7,699721380055,24702
veh7,24638,,23.8958,0,CAM_DROP_PHY,10,7,24638,24681
veh7,699721380151,,23.9158,0,CPM_DROP_PHY,10,7,699721380151,24727
veh7,699721380155,,23.9226,0,CPM_DROP_PHY,2,7,699721380155,24731
veh7,699721380167,,23.9233,0,CPM_DROP_PHY,5,7,699721380167,24747
veh7,699721380179,,23.9523,0,CPM_DROP_PHY,3,7,699721380179,24764
veh7,699721380197,,23.9608,0,CPM_DROP_PHY,12,7,699721380197,24782
veh7,699721380208,,23.9678,0,CPM_DROP_PHY,6,7,699721380208,24798
veh7,699721380210,,23.9688,0,CPM_DROP_PHY,9,7,699721380210,24799
veh7,699721380215,,23.9763,0,CPM_DROP_PHY,4,7,699721380215,24807
veh7,699721380242,,23.9871,0,CPM_DROP_PHY,8,7,699721380242,24840
veh7,699721380251,,23.9941,0,CPM_DROP_PHY,11,7,699721380251,24853
veh7,24858,,24.0141,0,CAM_DROP_PHY,11,7,24858,24865
veh7,699721380345,,24.0158,0,CPM_DROP_PHY,10,7,699721380345,24874
veh7,24939,,24.0208,0,CAM_DROP_PHY,12,7,24939,24870
veh7,699721380361,,24.0233,0,CPM_DROP_PHY,5,7,699721380361,24900
veh7,24969,,24.0353,0,CAM_DROP_PHY,8,7,24969,24909
veh7,24974,,24.0523,0,CAM_DROP_PHY,3,7,24974,24914
veh7,699721380379,,24.0523,0,CPM_DROP_PHY,3,7,699721380379,24914
veh7,699721380397,,24.0608,0,CPM_DROP_PHY,12,7,699721380397,24941
veh7,699721380408,,24.0678,0,CPM_DROP_PHY,6,7,699721380408,24959
veh7,699721380410,,24.0688,0,CPM_DROP_PHY,9,7,699721380410,24960
veh7,699721380416,,24.0763,0,CPM_DROP_PHY,4,7,699721380416,24968
veh7,699721380447,,24.0941,0,CPM_DROP_PHY,11,7,699721380447,25009
veh7,699721380440,,24.0953,0,CPM_DROP_PHY,8,7,699721380440,25001
veh7,699721380535,,24.1158,0,CPM_DROP_PHY,10,7,699721380535,25031
veh7,699721380540,,24.1226,0,CPM_DROP_PHY,2,7,699721380540,25034
veh7,699721380553,,24.1241,0,CPM_DROP_PHY,5,7,699721380553,25051
veh7,699721380565,,24.1523,0,CPM_DROP_PHY,3,7,699721380565,25070
veh7,699721380585,,24.1608,0,CPM_DROP_PHY,12,7,699721380585,25086
veh7,699721380595,,24.1678,0,CPM_DROP_PHY,6,7,699721380595,25103
veh7,25182,,24.1688,0,CAM_DROP_PHY,9,7,25182,25085
veh7,699721380598,,24.1688,0,CPM_DROP_PHY,9,7,699721380598,25085
veh7,699721380603,,24.1763,0,CPM_DROP_PHY,4,7,699721380603,25113
veh7,699721380637,,24.1941,0,CPM_DROP_PHY,11,7,699721380637,25154
veh7,699721380630,,24.1953,0,CPM_DROP_PHY,8,7,699721380630,25147
veh7,25222,,24.1998,0,CAM_DROP_PHY,10,7,25222,25137
veh7,25243,,24.2026,0,CAM_DROP_PHY,2,7,25243,25170
veh7,699721380729,,24.2158,0,CPM_DROP_PHY,10,7,699721380729,25187
veh7,699721380733,,24.2226,0,CPM_DROP_PHY,2,7,699721380733,25189
veh7,699721380746,,24.2241,0,CPM_DROP_PHY,5,7,699721380746,25211
veh7,25369,24.2423,,0,CAM,7,,25369,-1
veh7,699721380758,,24.2523,0,CPM_DROP_PHY,3,7,699721380758,25230
veh7,699721380779,,24.2608,0,CPM_DROP_PHY,12,7,699721380779,25246
veh7,699721380790,,24.2641,0,CPM_DROP_PHY,6,7,699721380790,25263
veh7,699721380792,,24.2688,0,CPM_DROP_PHY,9,7,699721380792,25264
veh7,699721380798,,24.2763,0,CPM_DROP_PHY,4,7,699721380798,25276
veh7,699721380829,,24.2941,0,CPM_DROP_PHY,11,7,699721380829,25313
veh7,699721380821,,24.2953,0,CPM_DROP_PHY,8,7,699721380821,25307
veh7,25436,,24.3141,0,CAM_DROP_PHY,11,7,25436,25328
veh7,699721380921,,24.3158,0,CPM_DROP_PHY,10,7,699721380921,25338
veh7,25514,,24.3208,0,CAM_DROP_PHY,12,7,25514,25333
veh7,699721380939,,24.3241,0,CPM_DROP_PHY,5,7,699721380939,25365
veh7,25532,,24.3363,0,CAM_DROP_PHY,4,7,25532,25356
veh7,699721380951,,24.3523,0,CPM_DROP_PHY,3,7,699721380951,25384
veh7,699721380970,,24.3608,0,CPM_DROP_PHY,12,7,699721380970,25405
veh7,25574,,24.3641,0,CAM_DROP_PHY,6,7,25574,25409
veh7,699721380984,,24.3641,0,CPM_DROP_PHY,6,7,699721380984,25409
veh7,699721380987,,24.3688,0,CPM_DROP_PHY,9,7,699721380987,25424
veh7,699721380993,,24.3763,0,CPM_DROP_PHY,4,7,699721380993,25436
veh7,699721381025,,24.3941,0,CPM_DROP_PHY,11,7,699721381025,25474
veh7,699721381018,,24.3953,0,CPM_DROP_PHY,8,7,699721381018,25467
veh7,699721381117,,24.4126,0,CPM_DROP_PHY,10,7,699721381117,25496
veh7,699721381130,,24.4241,0,CPM_DROP_PHY,5,7,699721381130,25510
veh7,699721381143,,24.4523,0,CPM_DROP_PHY,3,7,699721381143,25528
veh7,699721381160,,24.4561,0,CPM_DROP_PHY,12,7,699721381160,25541
veh7,699721381172,,24.4641,0,CPM_DROP_PHY,6,7,699721381172,25560
veh7,699721381174,,24.4688,0,CPM_DROP_PHY,9,7,699721381174,25561
veh7,699721381180,,24.4763,0,CPM_DROP_PHY,4,7,699721381180,25573
veh7,25799,,24.4926,0,CAM_DROP_PHY,10,7,25799,25595
veh7,699721381216,,24.4941,0,CPM_DROP_PHY,11,7,699721381216,25612
veh7,699721381207,,24.4953,0,CPM_DROP_PHY,8,7,699721381207,25603
veh7,699721381304,,24.5126,0,CPM_DROP_PHY,10,7,699721381304,25639
veh7,25900,,24.5241,0,CAM_DROP_PHY,5,7,25900,25638
veh7,699721381316,,24.5241,0,CPM_DROP_PHY,5,7,699721381316,25638
veh7,699721381329,,24.5523,0,CPM_DROP_PHY,3,7,699721381329,25672
veh7,699721381346,,24.5561,0,CPM_DROP_PHY,12,7,699721381346,25685
veh7,699721381358,,24.5641,0,CPM_DROP_PHY,6,7,699721381358,25705
veh7,699721381360,,24.5688,0,CPM_DROP_PHY,9,7,699721381360,25706
veh7,699721381366,,24.5763,0,CPM_DROP_PHY,4,7,699721381366,25718
veh7,699721381389,,24.5953,0,CPM_DROP_PHY,8,7,699721381389,25747
veh7,699721381396,,24.6013,0,CPM_DROP_PHY,11,7,699721381396,25754
veh7,26004,,24.6013,0,CAM_DROP_PHY,11,7,26004,25754
veh7,699721381489,,24.6126,0,CPM_DROP_PHY,10,7,699721381489,25775
veh7,26082,,24.6161,0,CAM_DROP_PHY,12,7,26082,25768
veh7,699721381494,,24.6228,0,CPM_DROP_PHY,2,7,699721381494,25779
veh7,699721381506,,24.6241,0,CPM_DROP_PHY,5,7,699721381506,25799
veh7,26116,,24.6353,0,CAM_DROP_PHY,8,7,26116,25813
veh7,26121,,24.6523,0,CAM_DROP_PHY,3,7,26121,25822
veh7,699721381525,,24.6523,0,CPM_DROP_PHY,3,7,699721381525,25822
veh7,699721381543,,24.6561,0,CPM_DROP_PHY,12,7,699721381543,25846
veh7,699721381554,,24.6641,0,CPM_DROP_PHY,6,7,699721381554,25866
veh7,699721381557,,24.6646,0,CPM_DROP_PHY,9,7,699721381557,25867
veh7,699721381564,,24.6763,0,CPM_DROP_PHY,4,7,699721381564,25883
veh7,26181,,24.6926,0,CAM_DROP_PHY,10,7,26181,25900
veh7,699721381589,,24.6953,0,CPM_DROP_PHY,8,7,699721381589,25910
veh7,699721381597,,24.7013,0,CPM_DROP_PHY,11,7,699721381597,25918
veh7,699721381688,,24.7126,0,CPM_DROP_PHY,10,7,699721381688,25942
veh7,699721381694,,24.7228,0,CPM_DROP_PHY,2,7,699721381694,25946
veh7,699721381705,,24.7241,0,CPM_DROP_PHY,5,7,699721381705,25962
veh7,699721381719,,24.7523,0,CPM_DROP_PHY,3,7,699721381719,25984
veh7,699721381739,,24.7561,0,CPM_DROP_PHY,12,7,699721381739,25999
veh7,699721381750,,24.7641,0,CPM_DROP_PHY,6,7,699721381750,26018
veh7,26336,,24.7646,0,CAM_DROP_PHY,9,7,26336,25998
veh7,699721381753,,24.7646,0,CPM_DROP_PHY,9,7,699721381753,25998
veh7,699721381760,,24.7763,0,CPM_DROP_PHY,4,7,699721381760,26035
veh7,26377,,24.7926,0,CAM_DROP_PHY,10,7,26377,26052
veh7,699721381785,,24.7953,0,CPM_DROP_PHY,8,7,699721381785,26062
veh7,699721381793,,24.8013,0,CPM_DROP_PHY,11,7,699721381793,26070
veh7,26399,,24.8028,0,CAM_DROP_PHY,2,7,26399,26079
veh7,699721381892,,24.8126,0,CPM_DROP_PHY,10,7,699721381892,26098
veh7,699721381907,,24.8241,0,CPM_DROP_PHY,5,7,699721381907,26119
veh7,26530,24.8423,,0,CAM,7,,26530,-1
veh7,699721381920,,24.8523,0,CPM_DROP_PHY,3,7,699721381920,26136
veh7,699721381940,,24.8561,0,CPM_DROP_PHY,12,7,699721381940,26151
veh7,699721381951,,24.8641,0,CPM_DROP_PHY,6,7,699721381951,26170
veh7,699721381954,,24.8646,0,CPM_DROP_PHY,9,7,699721381954,26171
veh7,699721381961,,24.8763,0,CPM_DROP_PHY,4,7,699721381961,26187
veh7,26579,,24.8926,0,CAM_DROP_PHY,10,7,26579,26204
veh7,699721381989,,24.8953,0,CPM_DROP_PHY,8,7,699721381989,26214
veh7,699721381998,,24.9013,0,CPM_DROP_PHY,11,7,699721381998,26222
veh7,26605,,24.9013,0,CAM_DROP_PHY,11,7,26605,26222
veh7,699721382100,,24.9126,0,CPM_DROP_PHY,10,7,699721382100,26249
veh7,26691,,24.9161,0,CAM_DROP_PHY,12,7,26691,26238
veh7,699721382105,,24.9228,0,CPM_DROP_PHY,2,7,699721382105,26253
veh7,699721382117,,24.9241,0,CPM_DROP_PHY,5,7,699721382117,26272
veh7,699721382147,,24.9561,0,CPM_DROP_PHY,12,7,699721382147,26312
veh7,26750,,24.9641,0,CAM_DROP_PHY,6,7,26750,26313
veh7,699721382160,,24.9641,0,CPM_DROP_PHY,6,7,699721382160,26313
veh7,699721382163,,24.9646,0,CPM_DROP_PHY,9,7,699721382163,26327
veh7,699721382169,,24.9763,0,CPM_DROP_PHY,4,7,699721382169,26340
veh7,699721382195,,24.9953,0,CPM_DROP_PHY,8,7,699721382195,26367
veh7,699721382203,,25.0013,0,CPM_DROP_PHY,11,7,699721382203,26375
veh7,26787,,25.0033,0,CAM_DROP_PHY,10,7,26787,26357
veh7,699721382292,,25.0126,0,CPM_DROP_PHY,10,7,699721382292,26400
veh7,699721382308,,25.0241,0,CPM_DROP_PHY,5,7,699721382308,26417
veh7,26902,,25.0363,0,CAM_DROP_PHY,4,7,26902,26413
veh7,699721382340,,25.0561,0,CPM_DROP_PHY,12,7,699721382340,26456
veh7,699721382351,,25.0641,0,CPM_DROP_PHY,6,7,699721382351,26469
veh7,699721382354,,25.0646,0,CPM_DROP_PHY,9,7,699721382354,26470
veh7,699721382360,,25.0763,0,CPM_DROP_PHY,4,7,699721382360,26483
veh7,699721382383,,25.0953,0,CPM_DROP_PHY,8,7,699721382383,26509
veh7,699721382390,,25.1013,0,CPM_DROP_PHY,11,7,699721382390,26515
veh7,699721382483,,25.1126,0,CPM_DROP_PHY,10,7,699721382483,26536
veh7,699721382497,,25.1241,0,CPM_DROP_PHY,5,7,699721382497,26551
veh7,699721382509,,25.1486,0,CPM_DROP_PHY,3,7,699721382509,26568
veh7,699721382528,,25.1561,0,CPM_DROP_PHY,12,7,699721382528,26590
veh7,699721382539,,25.1641,0,CPM_DROP_PHY,6,7,699721382539,26603
veh7,699721382541,,25.1646,0,CPM_DROP_PHY,9,7,699721382541,26604
veh7,699721382548,,25.1763,0,CPM_DROP_PHY,4,7,699721382548,26618
veh7,27166,,25.1926,0,CAM_DROP_PHY,10,7,27166,26635
veh7,699721382574,,25.1953,0,CPM_DROP_PHY,8,7,699721382574,26645
veh7,699721382582,,25.2013,0,CPM_DROP_PHY,11,7,699721382582,26653
veh7,27190,,25.2013,0,CAM_DROP_PHY,11,7,27190,26653
veh7,699721382689,,25.2126,0,CPM_DROP_PHY,10,7,699721382689,26681
veh7,27279,,25.2161,0,CAM_DROP_PHY,12,7,27279,26669
veh7,699721382695,,25.2228,0,CPM_DROP_PHY,2,7,699721382695,26685
veh7,27286,,25.2241,0,CAM_DROP_PHY,5,7,27286,26679
veh7,699721382707,,25.2241,0,CPM_DROP_PHY,5,7,699721382707,26679
veh7,27320,,25.2391,0,CAM_DROP_PHY,8,7,27320,26719
veh7,27328,,25.2486,0,CAM_DROP_PHY,3,7,27328,26727
veh7,699721382732,,25.2486,0,CPM_DROP_PHY,3,7,699721382732,26727
veh7,699721382753,,25.2561,0,CPM_DROP_PHY,12,7,699721382753,26757
veh7,699721382764,,25.2641,0,CPM_DROP_PHY,6,7,699721382764,26774
veh7,699721382767,,25.2646,0,CPM_DROP_PHY,9,7,699721382767,26775
veh7,699721382797,,25.2991,0,CPM_DROP_PHY,8,7,699721382797,26817
veh7,699721382805,,25.3013,0,CPM_DROP_PHY,11,7,699721382805,26820
veh7,699721382903,,25.3126,0,CPM_DROP_PHY,10,7,699721382903,26839
veh7,699721382918,,25.3408,0,CPM_DROP_PHY,5,7,699721382918,26859
veh7,699721382949,,25.3561,0,CPM_DROP_PHY,12,7,699721382949,26889
veh7,699721382960,,25.3643,0,CPM_DROP_PHY,6,7,699721382960,26903
veh7,27545,,25.3646,0,CAM_DROP_PHY,9,7,27545,26887
veh7,699721382964,,25.3646,0,CPM_DROP_PHY,9,7,699721382964,26887
veh7,27589,,25.3926,0,CAM_DROP_PHY,10,7,27589,26934
veh7,699721383004,,25.3948,0,CPM_DROP_PHY,11,7,699721383004,26951
veh7,699721382997,,25.3991,0,CPM_DROP_PHY,8,7,699721382997,26946
veh7,27610,,25.4028,0,CAM_DROP_PHY,2,7,27610,26958
veh7,699721383102,,25.4126,0,CPM_DROP_PHY,10,7,699721383102,26978
veh7,699721383107,,25.4228,0,CPM_DROP_PHY,2,7,699721383107,26982
veh7,699721383119,,25.4408,0,CPM_DROP_PHY,5,7,699721383119,27006
veh7,27740,25.4423,,0,CAM,7,,27740,-1
veh7,699721383151,,25.4561,0,CPM_DROP_PHY,12,7,699721383151,27041
veh7,699721383161,,25.4643,0,CPM_DROP_PHY,6,7,699721383161,27055
veh7,699721383163,,25.4646,0,CPM_DROP_PHY,9,7,699721383163,27056
veh7,699721382971,,25.4738,0,CPM_DROP_PHY,4,7,699721382971,26916
veh7,699721383169,,25.4738,0,CPM_DROP_PHY,4,7,699721383169,27068
veh7,699721383200,,25.4948,0,CPM_DROP_PHY,11,7,699721383200,27100
veh7,699721383193,,25.4991,0,CPM_DROP_PHY,8,7,699721383193,27097
veh7,699721383297,,25.5126,0,CPM_DROP_PHY,10,7,699721383297,27121
veh7,27807,,25.5148,0,CAM_DROP_PHY,11,7,27807,27107
veh7,27890,,25.5161,0,CAM_DROP_PHY,12,7,27890,27112
veh7,27909,,25.5338,0,CAM_DROP_PHY,4,7,27909,27143
veh7,699721383316,,25.5408,0,CPM_DROP_PHY,5,7,699721383316,27149
veh7,699721383347,,25.5561,0,CPM_DROP_PHY,12,7,699721383347,27192
veh7,27951,,25.5643,0,CAM_DROP_PHY,6,7,27951,27193
veh7,699721383360,,25.5643,0,CPM_DROP_PHY,6,7,699721383360,27193
veh7,699721383363,,25.5646,0,CPM_DROP_PHY,9,7,699721383363,27208
veh7,699721383369,,25.5738,0,CPM_DROP_PHY,4,7,699721383369,27220
veh7,699721383399,,25.5948,0,CPM_DROP_PHY,11,7,699721383399,27252
veh7,699721383393,,25.5991,0,CPM_DROP_PHY,8,7,699721383393,27249
veh7,699721383490,,25.6126,0,CPM_DROP_PHY,10,7,699721383490,27271
veh7,699721383504,,25.6408,0,CPM_DROP_PHY,5,7,699721383504,27291
veh7,699721383515,,25.6486,0,CPM_DROP_PHY,3,7,699721383515,27300
veh7,699721383536,,25.6561,0,CPM_DROP_PHY,12,7,699721383536,27327
veh7,699721383546,,25.6643,0,CPM_DROP_PHY,6,7,699721383546,27341
veh7,699721383549,,25.6646,0,CPM_DROP_PHY,9,7,699721383549,27342
veh7,699721383555,,25.6738,0,CPM_DROP_PHY,4,7,699721383555,27355
veh7,28173,,25.6926,0,CAM_DROP_PHY,10,7,28173,27374
veh7,699721383588,,25.6948,0,CPM_DROP_PHY,11,7,699721383588,27390
veh7,699721383581,,25.6991,0,CPM_DROP_PHY,8,7,699721383581,27385
veh7,699721383684,,25.7126,0,CPM_DROP_PHY,10,7,699721383684,27413
veh7,699721383699,,25.7408,0,CPM_DROP_PHY,5,7,699721383699,27434
veh7,699721383726,,25.7606,0,CPM_DROP_PHY,12,7,699721383726,27463
veh7,699721383737,,25.7643,0,CPM_DROP_PHY,6,7,699721383737,27475
veh7,699721383740,,25.7646,0,CPM_DROP_PHY,9,7,699721383740,27477
veh7,699721383746,,25.7738,0,CPM_DROP_PHY,4,7,699721383746,27487
veh7,699721383777,,25.7948,0,CPM_DROP_PHY,11,7,699721383777,27523
veh7,699721383771,,25.7991,0,CPM_DROP_PHY,8,7,699721383771,27519
veh7,699721383878,,25.8126,0,CPM_DROP_PHY,10,7,699721383878,27543
veh7,28384,,25.8148,0,CAM_DROP_PHY,11,7,28384,27529
veh7,28470,,25.8206,0,CAM_DROP_PHY,12,7,28470,27534
veh7,699721383883,,25.8228,0,CPM_DROP_PHY,2,7,699721383883,27546
veh7,699721383897,,25.8328,0,CPM_DROP_PHY,5,7,699721383897,27572
veh7,699721383911,,25.8486,0,CPM_DROP_PHY,3,7,699721383911,27597
veh7,699721383931,,25.8606,0,CPM_DROP_PHY,12,7,699721383931,27620
veh7,699721383941,,25.8643,0,CPM_DROP_PHY,6,7,699721383941,27633
veh7,699721383944,,25.8646,0,CPM_DROP_PHY,9,7,699721383944,27635
veh7,699721383950,,25.8738,0,CPM_DROP_PHY,4,7,699721383950,27646
veh7,699721383982,,25.8948,0,CPM_DROP_PHY,11,7,699721383982,27682
veh7,699721383975,,25.8991,0,CPM_DROP_PHY,8,7,699721383975,27678
veh7,699721384074,,25.9126,0,CPM_DROP_PHY,10,7,699721384074,27700
veh7,699721384088,,25.9328,0,CPM_DROP_PHY,5,7,699721384088,27720
veh7,28696,,25.9391,0,CAM_DROP_PHY,8,7,28696,27726
veh7,28701,,25.9486,0,CAM_DROP_PHY,3,7,28701,27732
veh7,699721384126,,25.9606,0,CPM_DROP_PHY,12,7,699721384126,27761
veh7,699721384137,,25.9643,0,CPM_DROP_PHY,6,7,699721384137,27777
veh7,28722,,25.9646,0,CAM_DROP_PHY,9,7,28722,27760
veh7,699721384139,,25.9646,0,CPM_DROP_PHY,9,7,699721384139,27760
veh7,699721384145,,25.9738,0,CPM_DROP_PHY,4,7,699721384145,27790
veh7,28765,,25.9926,0,CAM_DROP_PHY,10,7,28765,27812
veh7,699721384180,,25.9948,0,CPM_DROP_PHY,11,7,699721384180,27829
veh7,699721384172,,25.9991,0,CPM_DROP_PHY,8,7,699721384172,27823
veh7,699721384278,,26.0126,0,CPM_DROP_PHY,10,7,699721384278,27852
veh7,28874,,26.0128,0,CAM_DROP_PHY,5,7,28874,27850
veh7,699721384283,,26.0228,0,CPM_DROP_PHY,2,7,699721384283,27856
veh7,699721384296,,26.0328,0,CPM_DROP_PHY,5,7,699721384296,27881
veh7,699721384325,,26.0606,0,CPM_DROP_PHY,12,7,699721384325,27918
veh7,699721384334,,26.0643,0,CPM_DROP_PHY,6,7,699721384334,27931
veh7,699721384342,,26.0738,0,CPM_DROP_PHY,4,7,699721384342,27938
veh7,699721384337,,26.0763,0,CPM_DROP_PHY,9,7,699721384337,27933
veh7,699721384375,,26.0948,0,CPM_DROP_PHY,11,7,699721384375,27976
veh7,699721384367,,26.0991,0,CPM_DROP_PHY,8,7,699721384367,27970
veh7,28980,,26.1028,0,CAM_DROP_PHY,2,7,28980,27984
veh7,699721384477,,26.1126,0,CPM_DROP_PHY,10,7,699721384477,28000
veh7,28984,,26.1148,0,CAM_DROP_PHY,11,7,28984,27986
veh7,29069,,26.1206,0,CAM_DROP_PHY,12,7,29069,27991
veh7,699721384496,,26.1328,0,CPM_DROP_PHY,5,7,699721384496,28034
veh7,29090,,26.1338,0,CAM_DROP_PHY,4,7,29090,28026
veh7,29119,26.1423,,0,CAM,7,,29119,-1
veh7,699721384530,,26.1606,0,CPM_DROP_PHY,12,7,699721384530,28078
veh7,29133,,26.1643,0,CAM_DROP_PHY,6,7,29133,28080
veh7,699721384543,,26.1643,0,CPM_DROP_PHY,6,7,699721384543,28080
veh7,699721384545,,26.1763,0,CPM_DROP_PHY,9,7,699721384545,28096
veh7,699721384579,,26.1948,0,CPM_DROP_PHY,11,7,699721384579,28136
veh7,699721384571,,26.1991,0,CPM_DROP_PHY,8,7,699721384571,28130
veh7,699721384673,,26.2126,0,CPM_DROP_PHY,10,7,699721384673,28156
veh7,29185,,26.2148,0,CAM_DROP_PHY,11,7,29185,28145
veh7,699721384688,,26.2328,0,CPM_DROP_PHY,5,7,699721384688,28181
veh7,699721384699,,26.2486,0,CPM_DROP_PHY,3,7,699721384699,28195
veh7,699721384718,,26.2606,0,CPM_DROP_PHY,12,7,699721384718,28220
veh7,699721384728,,26.2643,0,CPM_DROP_PHY,6,7,699721384728,28233
veh7,699721384736,,26.2693,0,CPM_DROP_PHY,4,7,699721384736,28241
veh7,699721384730,,26.2763,0,CPM_DROP_PHY,9,7,699721384730,28235
veh7,29355,,26.2926,0,CAM_DROP_PHY,10,7,29355,28268
veh7,699721384769,,26.2948,0,CPM_DROP_PHY,11,7,699721384769,28283
veh7,699721384762,,26.2991,0,CPM_DROP_PHY,8,7,699721384762,28274
veh7,699721384866,,26.3126,0,CPM_DROP_PHY,10,7,699721384866,28306
veh7,29376,,26.3148,0,CAM_DROP_PHY,11,7,29376,28293
veh7,699721384881,,26.3328,0,CPM_DROP_PHY,5,7,699721384881,28332
veh7,699721384909,,26.3606,0,CPM_DROP_PHY,12,7,699721384909,28365
veh7,699721384919,,26.3643,0,CPM_DROP_PHY,6,7,699721384919,28377
veh7,699721384922,,26.3763,0,CPM_DROP_PHY,9,7,699721384922,28379
veh7,699721384954,,26.3948,0,CPM_DROP_PHY,11,7,699721384954,28415
veh7,699721384947,,26.3991,0,CPM_DROP_PHY,8,7,699721384947,28408
veh7,699721385049,,26.4126,0,CPM_DROP_PHY,10,7,699721385049,28435
veh7,29560,,26.4148,0,CAM_DROP_PHY,11,7,29560,28423
veh7,29642,,26.4206,0,CAM_DROP_PHY,12,7,29642,28428
veh7,699721385053,,26.4228,0,CPM_DROP_PHY,2,7,699721385053,28439
veh7,699721385067,,26.4341,0,CPM_DROP_PHY,5,7,699721385067,28466
veh7,699721385082,,26.4473,0,CPM_DROP_PHY,3,7,699721385082,28489
veh7,699721385101,,26.4713,0,CPM_DROP_PHY,12,7,699721385101,28517
veh7,699721385113,,26.4763,0,CPM_DROP_PHY,9,7,699721385113,28528
veh7,699721385111,,26.4771,0,CPM_DROP_PHY,6,7,699721385111,28527
veh7,699721385147,,26.4948,0,CPM_DROP_PHY,11,7,699721385147,28564
veh7,699721385138,,26.4991,0,CPM_DROP_PHY,8,7,699721385138,28554
veh7,29754,,26.5148,0,CAM_DROP_PHY,11,7,29754,28576
veh7,699721385242,,26.5173,0,CPM_DROP_PHY,10,7,699721385242,28585
veh7,699721385257,,26.5341,0,CPM_DROP_PHY,5,7,699721385257,28608
veh7,29869,,26.5473,0,CAM_DROP_PHY,3,7,29869,28623
veh7,699721385291,,26.5713,0,CPM_DROP_PHY,12,7,699721385291,28652
veh7,699721385303,,26.5763,0,CPM_DROP_PHY,9,7,699721385303,28663
veh7,699721385300,,26.5771,0,CPM_DROP_PHY,6,7,699721385300,28662
veh7,699721385332,,26.5941,0,CPM_DROP_PHY,8,7,699721385332,28690
veh7,699721385341,,26.5948,0,CPM_DROP_PHY,11,7,699721385341,28700
veh7,29924,,26.5973,0,CAM_DROP_PHY,10,7,29924,28682
veh7,30039,,26.6141,0,CAM_DROP_PHY,5,7,30039,28727
veh7,699721385443,,26.6173,0,CPM_DROP_PHY,10,7,699721385443,28730
veh7,699721385448,,26.6228,0,CPM_DROP_PHY,2,7,699721385448,28734
veh7,699721385458,,26.6341,0,CPM_DROP_PHY,5,7,699721385458,28754
veh7,30086,,26.6563,0,CAM_DROP_PHY,9,7,30086,28791
veh7,699721385505,,26.6693,0,CPM_DROP_PHY,4,7,699721385505,28813
veh7,699721385490,,26.6713,0,CPM_DROP_PHY,12,7,699721385490,28797
veh7,699721385501,,26.6763,0,CPM_DROP_PHY,9,7,699721385501,28811
veh7,699721385498,,26.6771,0,CPM_DROP_PHY,6,7,699721385498,28809
veh7,699721385527,,26.6941,0,CPM_DROP_PHY,8,7,699721385527,28848
veh7,699721385535,,26.6976,0,CPM_DROP_PHY,11,7,699721385535,28858
veh7,30216,,26.7113,0,CAM_DROP_PHY,12,7,30216,28875
veh7,699721385623,,26.7173,0,CPM_DROP_PHY,10,7,699721385623,28885
veh7,30142,,26.7176,0,CAM_DROP_PHY,11,7,30142,28872
veh7,30244,,26.7341,0,CAM_DROP_PHY,8,7,30244,28921
veh7,699721385664,,26.7713,0,CPM_DROP_PHY,12,7,699721385664,28946
veh7,699721385675,,26.7763,0,CPM_DROP_PHY,9,7,699721385675,28957
veh7,699721385672,,26.7771,0,CPM_DROP_PHY,6,7,699721385672,28956
veh7,699721385698,,26.7941,0,CPM_DROP_PHY,8,7,699721385698,28983
veh7,699721385705,,26.7976,0,CPM_DROP_PHY,11,7,699721385705,28993
veh7,699721385788,,26.8173,0,CPM_DROP_PHY,10,7,699721385788,29018
veh7,699721385792,,26.8228,0,CPM_DROP_PHY,2,7,699721385792,29020
veh7,30398,,26.8293,0,CAM_DROP_PHY,4,7,30398,29033
veh7,699721385804,,26.8341,0,CPM_DROP_PHY,5,7,699721385804,29037
veh7,699721385817,,26.8473,0,CPM_DROP_PHY,3,7,699721385817,29060
veh7,30438,,26.8571,0,CAM_DROP_PHY,6,7,30438,29090
veh7,699721385853,,26.8693,0,CPM_DROP_PHY,4,7,699721385853,29106
veh7,699721385835,,26.8713,0,CPM_DROP_PHY,12,7,699721385835,29089
veh7,699721385849,,26.8763,0,CPM_DROP_PHY,9,7,699721385849,29103
veh7,699721385847,,26.8771,0,CPM_DROP_PHY,6,7,699721385847,29102
veh7,699721385878,,26.8941,0,CPM_DROP_PHY,8,7,699721385878,29143
veh7,30471,,26.8973,0,CAM_DROP_PHY,10,7,30471,29135
veh7,699721385885,,26.8976,0,CPM_DROP_PHY,11,7,699721385885,29153
veh7,30490,,26.9028,0,CAM_DROP_PHY,2,7,30490,29163
veh7,699721385973,,26.9173,0,CPM_DROP_PHY,10,7,699721385973,29188
veh7,30602,26.9423,,0,CAM,7,,30602,-1
veh7,699721386022,,26.9763,0,CPM_DROP_PHY,9,7,699721386022,29246
veh7,699721386019,,26.9771,0,CPM_DROP_PHY,6,7,699721386019,29245
veh7,699721386048,,26.9941,0,CPM_DROP_PHY,8,7,699721386048,29278
veh7,30640,,26.9973,0,CAM_DROP_PHY,10,7,30640,29270
veh7,699721386055,,26.9976,0,CPM_DROP_PHY,11,7,699721386055,29288
veh7,699721386145,,27.0173,0,CPM_DROP_PHY,10,7,699721386145,29322
veh7,30662,,27.0176,0,CAM_DROP_PHY,11,7,30662,29304
veh7,699721386150,,27.0228,0,CPM_DROP_PHY,2,7,699721386150,29324
veh7,699721386171,,27.0473,0,CPM_DROP_PHY,3,7,699721386171,29368
veh7,699721386201,,27.0763,0,CPM_DROP_PHY,9,7,699721386201,29405
veh7,699721386198,,27.0771,0,CPM_DROP_PHY,6,7,699721386198,29404
veh7,699721386227,,27.0941,0,CPM_DROP_PHY,8,7,699721386227,29430
veh7,30819,,27.0973,0,CAM_DROP_PHY,10,7,30819,29425
veh7,699721386234,,27.0976,0,CPM_DROP_PHY,11,7,699721386234,29438
veh7,30737,,27.1113,0,CAM_DROP_PHY,12,7,30737,29308
veh7,699721386189,,27.1113,0,CPM_DROP_PHY,12,7,699721386189,29390
veh7,699721386323,,27.1173,0,CPM_DROP_PHY,10,7,699721386323,29471
veh7,699721386334,,27.1341,0,CPM_DROP_PHY,5,7,699721386334,29486
veh7,699721386361,,27.1571,0,CPM_DROP_PHY,12,7,699721386361,29519
veh7,699721386370,,27.1631,0,CPM_DROP_PHY,6,7,699721386370,29530
veh7,699721386372,,27.1763,0,CPM_DROP_PHY,9,7,699721386372,29531
veh7,699721386399,,27.1941,0,CPM_DROP_PHY,8,7,699721386399,29561
veh7,30992,,27.1973,0,CAM_DROP_PHY,10,7,30992,29556
veh7,699721386493,,27.2093,0,CPM_DROP_PHY,10,7,699721386493,29591
veh7,699721386406,,27.2118,0,CPM_DROP_PHY,11,7,699721386406,29567
veh7,31114,,27.2473,0,CAM_DROP_PHY,3,7,31114,29623
veh7,699721386533,,27.2571,0,CPM_DROP_PHY,12,7,699721386533,29646
veh7,699721386541,,27.2631,0,CPM_DROP_PHY,6,7,699721386541,29657
veh7,699721386549,,27.2693,0,CPM_DROP_PHY,4,7,699721386549,29668
veh7,699721386544,,27.2763,0,CPM_DROP_PHY,9,7,699721386544,29658
veh7,699721386571,,27.2941,0,CPM_DROP_PHY,8,7,699721386571,29695
veh7,699721386668,,27.3093,0,CPM_DROP_PHY,10,7,699721386668,29721
veh7,699721386578,,27.3118,0,CPM_DROP_PHY,11,7,699721386578,29702
veh7,31184,,27.3118,0,CAM_DROP_PHY,11,7,31184,29702
veh7,31258,,27.3171,0,CAM_DROP_PHY,12,7,31258,29714
veh7,31263,,27.3173,0,CAM_DROP_PHY,5,7,31263,29718
veh7,699721386707,,27.3571,0,CPM_DROP_PHY,12,7,699721386707,29783
veh7,699721386717,,27.3631,0,CPM_DROP_PHY,6,7,699721386717,29795
veh7,699721386719,,27.3778,0,CPM_DROP_PHY,9,7,699721386719,29796
veh7,31339,,27.3893,0,CAM_DROP_PHY,10,7,31339,29821
veh7,699721386746,,27.3941,0,CPM_DROP_PHY,8,7,699721386746,29827
veh7,699721386835,,27.4093,0,CPM_DROP_PHY,10,7,699721386835,29855
veh7,699721386753,,27.4118,0,CPM_DROP_PHY,11,7,699721386753,29833
veh7,699721386840,,27.4188,0,CPM_DROP_PHY,2,7,699721386840,29859
veh7,699721386853,,27.4373,0,CPM_DROP_PHY,5,7,699721386853,29881
veh7,31447,,27.4376,0,CAM_DROP_PHY,4,7,31447,29875
veh7,699721386864,,27.4473,0,CPM_DROP_PHY,3,7,699721386864,29895
veh7,699721386885,,27.4571,0,CPM_DROP_PHY,12,7,699721386885,29928
veh7,31481,,27.4578,0,CAM_DROP_PHY,9,7,31481,29925
veh7,699721386895,,27.4631,0,CPM_DROP_PHY,6,7,699721386895,29946
veh7,699721386904,,27.4776,0,CPM_DROP_PHY,4,7,699721386904,29962
veh7,699721386898,,27.4778,0,CPM_DROP_PHY,9,7,699721386898,29948
veh7,699721386926,,27.4943,0,CPM_DROP_PHY,8,7,699721386926,29992
veh7,31537,,27.4988,0,CAM_DROP_PHY,2,7,31537,30004
veh7,699721387023,,27.5093,0,CPM_DROP_PHY,10,7,699721387023,30020
veh7,699721386933,,27.5118,0,CPM_DROP_PHY,11,7,699721386933,29997
veh7,31616,,27.5171,0,CAM_DROP_PHY,12,7,31616,30012
veh7,699721387047,,27.5473,0,CPM_DROP_PHY,3,7,699721387047,30060
veh7,699721387062,,27.5571,0,CPM_DROP_PHY,12,7,699721387062,30078
veh7,699721387072,,27.5631,0,CPM_DROP_PHY,6,7,699721387072,30094
veh7,699721387075,,27.5778,0,CPM_DROP_PHY,9,7,699721387075,30095
veh7,31695,,27.5893,0,CAM_DROP_PHY,10,7,31695,30123
veh7,699721387102,,27.5943,0,CPM_DROP_PHY,8,7,699721387102,30129
veh7,699721387197,,27.6093,0,CPM_DROP_PHY,10,7,699721387197,30159
veh7,699721387109,,27.6118,0,CPM_DROP_PHY,11,7,699721387109,30135
veh7,31714,,27.6118,0,CAM_DROP_PHY,11,7,31714,30135
veh7,31790,,27.6171,0,CAM_DROP_PHY,12,7,31790,30152
veh7,699721387203,,27.6188,0,CPM_DROP_PHY,2,7,699721387203,30164
veh7,31821,,27.6343,0,CAM_DROP_PHY,8,7,31821,30202
veh7,699721387241,,27.6571,0,CPM_DROP_PHY,12,7,699721387241,30223
veh7,31844,,27.6631,0,CAM_DROP_PHY,6,7,31844,30224
veh7,699721387255,,27.6778,0,CPM_DROP_PHY,9,7,699721387255,30240
veh7,699721387280,,27.6943,0,CPM_DROP_PHY,8,7,699721387280,30273
veh7,699721387372,,27.7093,0,CPM_DROP_PHY,10,7,699721387372,30294
veh7,699721387287,,27.7118,0,CPM_DROP_PHY,11,7,699721387287,30276
veh7,31965,,27.7171,0,CAM_DROP_PHY,12,7,31965,30289
veh7,699721387387,,27.7373,0,CPM_DROP_PHY,5,7,699721387387,30320
veh7,699721387397,,27.7403,0,CPM_DROP_PHY,3,7,699721387397,30332
veh7,699721387414,,27.7571,0,CPM_DROP_PHY,12,7,699721387414,30355
veh7,699721387424,,27.7778,0,CPM_DROP_PHY,9,7,699721387424,30374
veh7,699721387448,,27.7943,0,CPM_DROP_PHY,8,7,699721387448,30400
veh7,699721387543,,27.8093,0,CPM_DROP_PHY,10,7,699721387543,30420
veh7,699721387455,,27.8118,0,CPM_DROP_PHY,11,7,699721387455,30403
veh7,699721387549,,27.8188,0,CPM_DROP_PHY,2,7,699721387549,30425
veh7,32177,27.8423,,0,CAM,7,,32177,-1
veh7,699721387585,,27.8571,0,CPM_DROP_PHY,12,7,699721387585,30470
veh7,699721387595,,27.8631,0,CPM_DROP_PHY,6,7,699721387595,30486
veh7,699721387601,,27.8776,0,CPM_DROP_PHY,4,7,699721387601,30497
veh7,32217,,27.8893,0,CAM_DROP_PHY,10,7,32217,30514
veh7,699721387624,,27.8943,0,CPM_DROP_PHY,8,7,699721387624,30521
veh7,699721387719,,27.9093,0,CPM_DROP_PHY,10,7,699721387719,30550
veh7,699721387631,,27.9118,0,CPM_DROP_PHY,11,7,699721387631,30527
veh7,32237,,27.9118,0,CAM_DROP_PHY,11,7,32237,30527
veh7,32313,,27.9171,0,CAM_DROP_PHY,12,7,32313,30544
veh7,699721387756,,27.9571,0,CPM_DROP_PHY,12,7,699721387756,30598
veh7,699721387766,,27.9631,0,CPM_DROP_PHY,6,7,699721387766,30614
veh7,699721387768,,27.9778,0,CPM_DROP_PHY,9,7,699721387768,30615
veh7,699721387793,,27.9943,0,CPM_DROP_PHY,8,7,699721387793,30648
veh7,699721387885,,28.0093,0,CPM_DROP_PHY,10,7,699721387885,30668
veh7,699721387801,,28.0118,0,CPM_DROP_PHY,11,7,699721387801,30651
veh7,699721387898,,28.0373,0,CPM_DROP_PHY,5,7,699721387898,30690
veh7,32508,,28.0403,0,CAM_DROP_PHY,3,7,32508,30699
veh7,699721387911,,28.0403,0,CPM_DROP_PHY,3,7,699721387911,30699
veh7,699721387929,,28.0571,0,CPM_DROP_PHY,12,7,699721387929,30723
veh7,699721387946,,28.0776,0,CPM_DROP_PHY,4,7,699721387946,30747
veh7,699721387967,,28.0943,0,CPM_DROP_PHY,8,7,699721387967,30768
veh7,699721388059,,28.1093,0,CPM_DROP_PHY,10,7,699721388059,30789
veh7,699721387973,,28.1118,0,CPM_DROP_PHY,11,7,699721387973,30772
veh7,32655,,28.1173,0,CAM_DROP_PHY,5,7,32655,30788
veh7,32669,,28.1376,0,CAM_DROP_PHY,4,7,32669,30809
veh7,699721388096,,28.1571,0,CPM_DROP_PHY,12,7,699721388096,30844
veh7,699721388105,,28.1778,0,CPM_DROP_PHY,9,7,699721388105,30856
veh7,32723,,28.1893,0,CAM_DROP_PHY,10,7,32723,30873
veh7,699721388130,,28.1943,0,CPM_DROP_PHY,8,7,699721388130,30880
veh7,32741,,28.1988,0,CAM_DROP_PHY,2,7,32741,30893
veh7,699721388232,,28.2093,0,CPM_DROP_PHY,10,7,699721388232,30914
veh7,699721388136,,28.2118,0,CPM_DROP_PHY,11,7,699721388136,30885
veh7,32745,,28.2118,0,CAM_DROP_PHY,11,7,32745,30885
veh7,32825,,28.2171,0,CAM_DROP_PHY,12,7,32825,30906
veh7,699721388237,,28.2188,0,CPM_DROP_PHY,2,7,699721388237,30922
veh7,699721388249,,28.2373,0,CPM_DROP_PHY,5,7,699721388249,30947
veh7,699721388260,,28.2403,0,CPM_DROP_PHY,3,7,699721388260,30964
veh7,699721388279,,28.2571,0,CPM_DROP_PHY,12,7,699721388279,30986
veh7,699721388290,,28.2653,0,CPM_DROP_PHY,9,7,699721388290,31006
veh7,699721388312,,28.2898,0,CPM_DROP_PHY,8,7,699721388312,31032
veh7,699721388412,,28.3093,0,CPM_DROP_PHY,10,7,699721388412,31054
veh7,699721388320,,28.3118,0,CPM_DROP_PHY,11,7,699721388320,31039
veh7,32927,,28.3118,0,CAM_DROP_PHY,11,7,32927,31039
veh7,32924,,28.3148,0,CAM_DROP_PHY,2,7,32924,31045
veh7,699721388426,,28.3373,0,CPM_DROP_PHY,5,7,699721388426,31077
veh7,33037,,28.3403,0,CAM_DROP_PHY,3,7,33037,31092
veh7,699721388441,,28.3403,0,CPM_DROP_PHY,3,7,699721388441,31092
veh7,699721388459,,28.3571,0,CPM_DROP_PHY,12,7,699721388459,31116
veh7,33055,,28.3653,0,CAM_DROP_PHY,9,7,33055,31114
veh7,699721388490,,28.3898,0,CPM_DROP_PHY,8,7,699721388490,31154
veh7,699721388498,,28.4071,0,CPM_DROP_PHY,11,7,699721388498,31160
veh7,33103,,28.4071,0,CAM_DROP_PHY,11,7,33103,31160
veh7,699721388590,,28.4148,0,CPM_DROP_PHY,2,7,699721388590,31181
veh7,699721388585,,28.4251,0,CPM_DROP_PHY,10,7,699721388585,31178
veh7,33197,,28.4366,0,CAM_DROP_PHY,4,7,33197,31193
veh7,699721388613,,28.4403,0,CPM_DROP_PHY,3,7,699721388613,31211
veh7,699721388602,,28.4408,0,CPM_DROP_PHY,5,7,699721388602,31196
veh7,33222,28.4423,,0,CAM,7,,33222,-1
veh7,699721388633,,28.4571,0,CPM_DROP_PHY,12,7,699721388633,31244
veh7,699721388643,,28.4711,0,CPM_DROP_PHY,6,7,699721388643,31264
veh7,699721388648,,28.4766,0,CPM_DROP_PHY,4,7,699721388648,31269
veh7,33265,,28.4851,0,CAM_DROP_PHY,10,7,33265,31290
veh7,699721388673,,28.4898,0,CPM_DROP_PHY,8,7,699721388673,31301
veh7,699721388680,,28.5071,0,CPM_DROP_PHY,11,7,699721388680,31309
veh7,33287,,28.5071,0,CAM_DROP_PHY,11,7,33287,31309
veh7,33284,,28.5148,0,CAM_DROP_PHY,2,7,33284,31315
veh7,699721388778,,28.5148,0,CPM_DROP_PHY,2,7,699721388778,31315
veh7,33364,,28.5171,0,CAM_DROP_PHY,12,7,33364,31324
veh7,33370,,28.5208,0,CAM_DROP_PHY,5,7,33370,31332
veh7,699721388773,,28.5251,0,CPM_DROP_PHY,10,7,699721388773,31333
veh7,33400,,28.5403,0,CAM_DROP_PHY,3,7,33400,31379
veh7,699721388804,,28.5403,0,CPM_DROP_PHY,3,7,699721388804,31379
veh7,699721388789,,28.5408,0,CPM_DROP_PHY,5,7,699721388789,31357
veh7,699721388822,,28.5533,0,CPM_DROP_PHY,12,7,699721388822,31406
veh7,33425,,28.5711,0,CAM_DROP_PHY,6,7,33425,31408
veh7,699721388835,,28.5711,0,CPM_DROP_PHY,6,7,699721388835,31408
veh7,699721388840,,28.5766,0,CPM_DROP_PHY,4,7,699721388840,31435
veh7,699721388861,,28.5898,0,CPM_DROP_PHY,8,7,699721388861,31461
veh7,699721388868,,28.6071,0,CPM_DROP_PHY,11,7,699721388868,31469
veh7,33473,,28.6071,0,CAM_DROP_PHY,11,7,33473,31469
veh7,699721388960,,28.6148,0,CPM_DROP_PHY,2,7,699721388960,31488
veh7,699721388956,,28.6251,0,CPM_DROP_PHY,10,7,699721388956,31485
veh7,33568,,28.6366,0,CAM_DROP_PHY,4,7,33568,31501
veh7,699721388987,,28.6403,0,CPM_DROP_PHY,3,7,699721388987,31521
veh7,699721388973,,28.6408,0,CPM_DROP_PHY,5,7,699721388973,31504
veh7,33582,,28.6498,0,CAM_DROP_PHY,8,7,33582,31517
veh7,699721389007,,28.6533,0,CPM_DROP_PHY,12,7,699721389007,31554
veh7,699721389019,,28.6711,0,CPM_DROP_PHY,6,7,699721389019,31581
veh7,699721389024,,28.6766,0,CPM_DROP_PHY,4,7,699721389024,31587
veh7,699721389046,,28.6898,0,CPM_DROP_PHY,8,7,699721389046,31613
veh7,699721389052,,28.7071,0,CPM_DROP_PHY,11,7,699721389052,31621
veh7,33657,,28.7148,0,CAM_DROP_PHY,2,7,33657,31626
veh7,699721389145,,28.7148,0,CPM_DROP_PHY,2,7,699721389145,31626
veh7,33738,,28.7208,0,CAM_DROP_PHY,5,7,33738,31637
veh7,699721389141,,28.7251,0,CPM_DROP_PHY,10,7,699721389141,31638
veh7,33766,,28.7383,0,CAM_DROP_PHY,3,7,33766,31678
veh7,699721389169,,28.7383,0,CPM_DROP_PHY,3,7,699721389169,31678
veh7,699721389155,,28.7408,0,CPM_DROP_PHY,5,7,699721389155,31658
veh7,33780,28.7423,,0,CAM,7,,33780,-1
veh7,699721389192,,28.7533,0,CPM_DROP_PHY,12,7,699721389192,31708
veh7,33788,,28.7653,0,CAM_DROP_PHY,9,7,33788,31704
veh7,699721389208,,28.7653,0,CPM_DROP_PHY,9,7,699721389208,31704
veh7,33795,,28.7711,0,CAM_DROP_PHY,6,7,33795,31710
veh7,699721389205,,28.7711,0,CPM_DROP_PHY,6,7,699721389205,31710
veh7,699721389213,,28.7766,0,CPM_DROP_PHY,4,7,699721389213,31739
veh7,33831,,28.7851,0,CAM_DROP_PHY,10,7,33831,31762
veh7,699721389239,,28.7898,0,CPM_DROP_PHY,8,7,699721389239,31772
veh7,699721389246,,28.8071,0,CPM_DROP_PHY,11,7,699721389246,31781
veh7,33851,,28.8071,0,CAM_DROP_PHY,11,7,33851,31781
veh7,33930,,28.8133,0,CAM_DROP_PHY,12,7,33930,31794
veh7,699721389342,,28.8148,0,CPM_DROP_PHY,2,7,699721389342,31805
veh7,699721389338,,28.8251,0,CPM_DROP_PHY,10,7,699721389338,31802
veh7,33950,,28.8366,0,CAM_DROP_PHY,4,7,33950,31825
veh7,699721389366,,28.8383,0,CPM_DROP_PHY,3,7,699721389366,31844
veh7,699721389356,,28.8408,0,CPM_DROP_PHY,5,7,699721389356,31827
veh7,699721389385,,28.8533,0,CPM_DROP_PHY,12,7,699721389385,31877
veh7,699721389398,,28.8653,0,CPM_DROP_PHY,9,7,699721389398,31899
veh7,699721389396,,28.8711,0,CPM_DROP_PHY,6,7,699721389396,31898
veh7,699721389403,,28.8766,0,CPM_DROP_PHY,4,7,699721389403,31907
veh7,34020,,28.8851,0,CAM_DROP_PHY,10,7,34020,31930
veh7,699721389428,,28.8898,0,CPM_DROP_PHY,8,7,699721389428,31940
veh7,699721389435,,28.9026,0,CPM_DROP_PHY,11,7,699721389435,31949
veh7,34040,,28.9148,0,CAM_DROP_PHY,2,7,34040,31954
veh7,699721389530,,28.9148,0,CPM_DROP_PHY,2,7,699721389530,31954
veh7,34122,,28.9208,0,CAM_DROP_PHY,5,7,34122,31971
veh7,699721389526,,28.9251,0,CPM_DROP_PHY,10,7,699721389526,31974
veh7,34153,,28.9383,0,CAM_DROP_PHY,3,7,34153,32011
veh7,699721389556,,28.9383,0,CPM_DROP_PHY,3,7,699721389556,32011
veh7,699721389540,,28.9408,0,CPM_DROP_PHY,5,7,699721389540,31991
veh7,34168,28.9423,,0,CAM,7,,34168,-1
veh7,34148,,28.9498,0,CAM_DROP_PHY,8,7,34148,32005
veh7,699721389577,,28.9533,0,CPM_DROP_PHY,12,7,699721389577,32042
veh7,699721389593,,28.9653,0,CPM_DROP_PHY,9,7,699721389593,32069
veh7,34180,,28.9711,0,CAM_DROP_PHY,6,7,34180,32044
veh7,699721389591,,28.9711,0,CPM_DROP_PHY,6,7,699721389591,32044
veh7,699721389598,,28.9766,0,CPM_DROP_PHY,4,7,699721389598,32079
veh7,34216,,28.9851,0,CAM_DROP_PHY,10,7,34216,32101
veh7,699721389624,,28.9898,0,CPM_DROP_PHY,8,7,699721389624,32112
veh7,699721389632,,29.0026,0,CPM_DROP_PHY,11,7,699721389632,32120
veh7,34237,,29.0026,0,CAM_DROP_PHY,11,7,34237,32120
veh7,699721389728,,29.0148,0,CPM_DROP_PHY,2,7,699721389728,32147
veh7,699721389723,,29.0251,0,CPM_DROP_PHY,10,7,699721389723,32144
veh7,34334,,29.0366,0,CAM_DROP_PHY,4,7,34334,32157
veh7,699721389752,,29.0383,0,CPM_DROP_PHY,3,7,699721389752,32175
veh7,699721389741,,29.0408,0,CPM_DROP_PHY,5,7,699721389741,32160
veh7,699721389775,,29.0533,0,CPM_DROP_PHY,12,7,699721389775,32209
veh7,34371,,29.0653,0,CAM_DROP_PHY,9,7,34371,32205
veh7,699721389789,,29.0653,0,CPM_DROP_PHY,9,7,699721389789,32205
veh7,699721389786,,29.0711,0,CPM_DROP_PHY,6,7,699721389786,32230
veh7,699721389794,,29.0766,0,CPM_DROP_PHY,4,7,699721389794,32240
veh7,34412,,29.0851,0,CAM_DROP_PHY,10,7,34412,32262
veh7,699721389821,,29.0898,0,CPM_DROP_PHY,8,7,699721389821,32273
veh7,699721389828,,29.1026,0,CPM_DROP_PHY,11,7,699721389828,32281
veh7,34519,,29.1133,0,CAM_DROP_PHY,12,7,34519,32294
veh7,34432,,29.1176,0,CAM_DROP_PHY,2,7,34432,32286
veh7,699721389937,,29.1176,0,CPM_DROP_PHY,2,7,699721389937,32286
veh7,34528,,29.1208,0,CAM_DROP_PHY,5,7,34528,32304
veh7,699721389932,,29.1251,0,CPM_DROP_PHY,10,7,699721389932,32307
veh7,34565,,29.1383,0,CAM_DROP_PHY,3,7,34565,32351
veh7,699721389969,,29.1383,0,CPM_DROP_PHY,3,7,699721389969,32351
veh7,699721389950,,29.1408,0,CPM_DROP_PHY,5,7,699721389950,32333
veh7,34581,29.1423,,0,CAM,7,,34581,-1
veh7,34560,,29.1498,0,CAM_DROP_PHY,8,7,34560,32345
veh7,699721389992,,29.1533,0,CPM_DROP_PHY,12,7,699721389992,32382
veh7,699721390009,,29.1653,0,CPM_DROP_PHY,9,7,699721390009,32409
veh7,34595,,29.1711,0,CAM_DROP_PHY,6,7,34595,32384
veh7,699721390006,,29.1711,0,CPM_DROP_PHY,6,7,699721390006,32384
veh7,699721390015,,29.1766,0,CPM_DROP_PHY,4,7,699721390015,32418
veh7,34633,,29.1878,0,CAM_DROP_PHY,10,7,34633,32441
veh7,699721390040,,29.1898,0,CPM_DROP_PHY,8,7,699721390040,32449
veh7,699721390049,,29.2026,0,CPM_DROP_PHY,11,7,699721390049,32460
veh7,34655,,29.2026,0,CAM_DROP_PHY,11,7,34655,32460
veh7,699721390142,,29.2176,0,CPM_DROP_PHY,2,7,699721390142,32487
veh7,699721390138,,29.2278,0,CPM_DROP_PHY,10,7,699721390138,32484
veh7,34749,,29.2366,0,CAM_DROP_PHY,4,7,34749,32497
veh7,699721390165,,29.2383,0,CPM_DROP_PHY,3,7,699721390165,32515
veh7,699721390155,,29.2408,0,CPM_DROP_PHY,5,7,699721390155,32503
veh7,699721390189,,29.2533,0,CPM_DROP_PHY,12,7,699721390189,32549
veh7,34784,,29.2653,0,CAM_DROP_PHY,9,7,34784,32545
veh7,699721390202,,29.2653,0,CPM_DROP_PHY,9,7,699721390202,32545
veh7,699721390199,,29.2711,0,CPM_DROP_PHY,6,7,699721390199,32570
veh7,699721390208,,29.2766,0,CPM_DROP_PHY,4,7,699721390208,32579
veh7,699721390231,,29.2898,0,CPM_DROP_PHY,8,7,699721390231,32609
veh7,34842,,29.2976,0,CAM_DROP_PHY,2,7,34842,32621
veh7,699721390238,,29.3026,0,CPM_DROP_PHY,11,7,699721390238,32617
veh7,699721390334,,29.3176,0,CPM_DROP_PHY,2,7,699721390334,32648
veh7,34926,,29.3208,0,CAM_DROP_PHY,5,7,34926,32641
veh7,699721390329,,29.3278,0,CPM_DROP_PHY,10,7,699721390329,32645
veh7,34957,,29.3383,0,CAM_DROP_PHY,3,7,34957,32682
veh7,699721390361,,29.3383,0,CPM_DROP_PHY,3,7,699721390361,32682
veh7,699721390344,,29.3408,0,CPM_DROP_PHY,5,7,699721390344,32665
veh7,34972,29.3423,,0,CAM,7,,34972,-1
veh7,34952,,29.3498,0,CAM_DROP_PHY,8,7,34952,32676
veh7,699721390401,,29.3653,0,CPM_DROP_PHY,9,7,699721390401,32734
veh7,699721390384,,29.3696,0,CPM_DROP_PHY,12,7,699721390384,32714
veh7,34988,,29.3711,0,CAM_DROP_PHY,6,7,34988,32716
veh7,699721390398,,29.3711,0,CPM_DROP_PHY,6,7,699721390398,32716
veh7,699721390406,,29.3766,0,CPM_DROP_PHY,4,7,699721390406,32742
veh7,35025,,29.3878,0,CAM_DROP_PHY,10,7,35025,32767
veh7,699721390434,,29.3916,0,CPM_DROP_PHY,8,7,699721390434,32780
veh7,699721390443,,29.4026,0,CPM_DROP_PHY,11,7,699721390443,32791
veh7,35131,,29.4096,0,CAM_DROP_PHY,12,7,35131,32806
veh7,699721390547,,29.4176,0,CPM_DROP_PHY,2,7,699721390547,32820
veh7,699721390541,,29.4278,0,CPM_DROP_PHY,10,7,699721390541,32815
veh7,35154,,29.4366,0,CAM_DROP_PHY,4,7,35154,32831
veh7,699721390572,,29.4383,0,CPM_DROP_PHY,3,7,699721390572,32853
veh7,699721390561,,29.4408,0,CPM_DROP_PHY,5,7,699721390561,32841
veh7,35191,,29.4571,0,CAM_DROP_PHY,9,7,35191,32883
veh7,699721390595,,29.4696,0,CPM_DROP_PHY,12,7,699721390595,32887
veh7,699721390606,,29.4723,0,CPM_DROP_PHY,6,7,699721390606,32905
veh7,699721390614,,29.4766,0,CPM_DROP_PHY,4,7,699721390614,32911
veh7,699721390609,,29.4771,0,CPM_DROP_PHY,9,7,699721390609,32906
veh7,699721390641,,29.4916,0,CPM_DROP_PHY,8,7,699721390641,32951
veh7,35254,,29.4976,0,CAM_DROP_PHY,2,7,35254,32969
veh7,699721390649,,29.5026,0,CPM_DROP_PHY,11,7,699721390649,32963
veh7,35259,,29.5026,0,CAM_DROP_PHY,11,7,35259,32963
veh7,699721390758,,29.5176,0,CPM_DROP_PHY,2,7,699721390758,32996
veh7,35348,,29.5208,0,CAM_DROP_PHY,5,7,35348,32988
veh7,699721390753,,29.5278,0,CPM_DROP_PHY,10,7,699721390753,32992
veh7,35377,,29.5316,0,CAM_DROP_PHY,8,7,35377,33023
veh7,35382,,29.5383,0,CAM_DROP_PHY,3,7,35382,33033
veh7,699721390786,,29.5383,0,CPM_DROP_PHY,3,7,699721390786,33033
veh7,699721390768,,29.5408,0,CPM_DROP_PHY,5,7,699721390768,33012
veh7,35398,29.5423,,0,CAM,7,,35398,-1
veh7,699721390808,,29.5696,0,CPM_DROP_PHY,12,7,699721390808,33069
veh7,699721390827,,29.5706,0,CPM_DROP_PHY,4,7,699721390827,33086
veh7,35412,,29.5723,0,CAM_DROP_PHY,6,7,35412,33072
veh7,699721390820,,29.5723,0,CPM_DROP_PHY,6,7,699721390820,33072
veh7,699721390823,,29.5771,0,CPM_DROP_PHY,9,7,699721390823,33083
veh7,35446,,29.5878,0,CAM_DROP_PHY,10,7,35446,33108
veh7,699721390854,,29.5916,0,CPM_DROP_PHY,8,7,699721390854,33123
veh7,699721390863,,29.6026,0,CPM_DROP_PHY,11,7,699721390863,33139
veh7,699721390961,,29.6176,0,CPM_DROP_PHY,2,7,699721390961,33165
veh7,699721390956,,29.6278,0,CPM_DROP_PHY,10,7,699721390956,33161
veh7,35568,,29.6306,0,CAM_DROP_PHY,4,7,35568,33174
veh7,699721390988,,29.6386,0,CPM_DROP_PHY,3,7,699721390988,33198
veh7,699721390974,,29.6408,0,CPM_DROP_PHY,5,7,699721390974,33180
veh7,35607,,29.6571,0,CAM_DROP_PHY,9,7,35607,33226
veh7,699721391011,,29.6696,0,CPM_DROP_PHY,12,7,699721391011,33231
veh7,699721391029,,29.6706,0,CPM_DROP_PHY,4,7,699721391029,33249
veh7,699721391022,,29.6723,0,CPM_DROP_PHY,6,7,699721391022,33243
veh7,699721391024,,29.6771,0,CPM_DROP_PHY,9,7,699721391024,33245
veh7,699721391055,,29.6916,0,CPM_DROP_PHY,8,7,699721391055,33289
veh7,35668,,29.6976,0,CAM_DROP_PHY,2,7,35668,33307
veh7,699721391063,,29.7026,0,CPM_DROP_PHY,11,7,699721391063,33302
veh7,35753,,29.7096,0,CAM_DROP_PHY,12,7,35753,33315
veh7,35761,,29.7163,0,CAM_DROP_PHY,5,7,35761,33327
veh7,699721391171,,29.7176,0,CPM_DROP_PHY,2,7,699721391171,33336
veh7,699721391166,,29.7246,0,CPM_DROP_PHY,10,7,699721391166,33330
veh7,35793,,29.7316,0,CAM_DROP_PHY,8,7,35793,33371
veh7,699721391183,,29.7363,0,CPM_DROP_PHY,5,7,699721391183,33356
veh7,35799,,29.7386,0,CAM_DROP_PHY,3,7,35799,33379
veh7,699721391202,,29.7386,0,CPM_DROP_PHY,3,7,699721391202,33379
veh7,35814,29.7423,,0,CAM,7,,35814,-1
veh7,699721391225,,29.7696,0,CPM_DROP_PHY,12,7,699721391225,33416
veh7,699721391243,,29.7706,0,CPM_DROP_PHY,4,7,699721391243,33432
veh7,35828,,29.7723,0,CAM_DROP_PHY,6,7,35828,33418
veh7,699721391236,,29.7723,0,CPM_DROP_PHY,6,7,699721391236,33418
veh7,699721391239,,29.7771,0,CPM_DROP_PHY,9,7,699721391239,33428
veh7,699721391268,,29.7916,0,CPM_DROP_PHY,8,7,699721391268,33468
veh7,35880,,29.7976,0,CAM_DROP_PHY,2,7,35880,33486
veh7,699721391276,,29.8026,0,CPM_DROP_PHY,11,7,699721391276,33480
veh7,35885,,29.8026,0,CAM_DROP_PHY,11,7,35885,33480
veh7,35967,,29.8096,0,CAM_DROP_PHY,12,7,35967,33494
veh7,699721391382,,29.8176,0,CPM_DROP_PHY,2,7,699721391382,33514
veh7,699721391377,,29.8246,0,CPM_DROP_PHY,10,7,699721391377,33508
veh7,35989,,29.8306,0,CAM_DROP_PHY,4,7,35989,33524
veh7,699721391396,,29.8363,0,CPM_DROP_PHY,5,7,699721391396,33533
veh7,699721391409,,29.8386,0,CPM_DROP_PHY,3,7,699721391409,33552
veh7,36028,,29.8571,0,CAM_DROP_PHY,9,7,36028,33583
veh7,699721391432,,29.8696,0,CPM_DROP_PHY,12,7,699721391432,33586
veh7,699721391449,,29.8706,0,CPM_DROP_PHY,4,7,699721391449,33604
veh7,699721391442,,29.8723,0,CPM_DROP_PHY,6,7,699721391442,33597
veh7,699721391444,,29.8771,0,CPM_DROP_PHY,9,7,699721391444,33599
veh7,36069,,29.8846,0,CAM_DROP_PHY,10,7,36069,33630
veh7,699721391479,,29.8916,0,CPM_DROP_PHY,8,7,699721391479,33648
veh7,36093,,29.8976,0,CAM_DROP_PHY,2,7,36093,33667
veh7,699721391488,,29.9026,0,CPM_DROP_PHY,11,7,699721391488,33661
veh7,36172,,29.9096,0,CAM_DROP_PHY,12,7,36172,33677
veh7,36179,,29.9163,0,CAM_DROP_PHY,5,7,36179,33689
veh7,699721391588,,29.9176,0,CPM_DROP_PHY,2,7,699721391588,33698
veh7,699721391583,,29.9246,0,CPM_DROP_PHY,10,7,699721391583,33692
veh7,36209,,29.9316,0,CAM_DROP_PHY,8,7,36209,33733
veh7,699721391600,,29.9363,0,CPM_DROP_PHY,5,7,699721391600,33718
veh7,36214,,29.9386,0,CAM_DROP_PHY,3,7,36214,33741
veh7,699721391618,,29.9386,0,CPM_DROP_PHY,3,7,699721391618,33741
veh7,36230,29.9423,,0,CAM,7,,36230,-1
veh7,699721391641,,29.9696,0,CPM_DROP_PHY,12,7,699721391641,33778
veh7,699721391660,,29.9706,0,CPM_DROP_PHY,4,7,699721391660,33794
veh7,36244,,29.9723,0,CAM_DROP_PHY,6,7,36244,33780
veh7,699721391653,,29.9723,0,CPM_DROP_PHY,6,7,699721391653,33780
veh7,699721391656,,29.9771,0,CPM_DROP_PHY,9,7,699721391656,33790
veh7,699721391684,,29.9868,0,CPM_DROP_PHY,8,7,699721391684,33830
veh7,36297,,29.9976,0,CAM_DROP_PHY,2,7,36297,33849
veh7,699721391692,,30.0026,0,CPM_DROP_PHY,11,7,699721391692,33843
veh7,36375,,30.0096,0,CAM_DROP_PHY,12,7,36375,33855
veh7,699721391790,,30.0176,0,CPM_DROP_PHY,2,7,699721391790,33876
veh7,699721391784,,30.0246,0,CPM_DROP_PHY,10,7,699721391784,33870
veh7,36397,,30.0306,0,CAM_DROP_PHY,4,7,36397,33885
veh7,699721391804,,30.0363,0,CPM_DROP_PHY,5,7,699721391804,33894
veh7,699721391817,,30.0386,0,CPM_DROP_PHY,3,7,699721391817,33913
veh7,36437,,30.0571,0,CAM_DROP_PHY,9,7,36437,33945
veh7,699721391841,,30.0696,0,CPM_DROP_PHY,12,7,699721391841,33947
veh7,699721391858,,30.0706,0,CPM_DROP_PHY,4,7,699721391858,33965
veh7,699721391850,,30.0723,0,CPM_DROP_PHY,6,7,699721391850,33958
veh7,699721391853,,30.0771,0,CPM_DROP_PHY,9,7,699721391853,33960
veh7,699721391885,,30.0868,0,CPM_DROP_PHY,8,7,699721391885,34005
veh7,36498,,30.0976,0,CAM_DROP_PHY,2,7,36498,34025
veh7,36588,,30.1096,0,CAM_DROP_PHY,12,7,36588,34032
veh7,699721391893,,30.1116,0,CPM_DROP_PHY,11,7,699721391893,34019
veh7,36503,,30.1116,0,CAM_DROP_PHY,11,7,36503,34019
veh7,36594,,30.1163,0,CAM_DROP_PHY,5,7,36594,34040
veh7,699721392004,,30.1176,0,CPM_DROP_PHY,2,7,699721392004,34046
veh7,699721391998,,30.1246,0,CPM_DROP_PHY,10,7,699721391998,34041
veh7,699721392016,,30.1363,0,CPM_DROP_PHY,5,7,699721392016,34068
veh7,36631,,30.1386,0,CAM_DROP_PHY,3,7,36631,34092
veh7,699721392035,,30.1386,0,CPM_DROP_PHY,3,7,699721392035,34092
veh7,36646,30.1423,,0,CAM,7,,36646,-1
veh7,36627,,30.1468,0,CAM_DROP_PHY,8,7,36627,34088
veh7,699721392059,,30.1696,0,CPM_DROP_PHY,12,7,699721392059,34130
veh7,699721392077,,30.1706,0,CPM_DROP_PHY,4,7,699721392077,34148
veh7,36662,,30.1723,0,CAM_DROP_PHY,6,7,36662,34132
veh7,699721392070,,30.1723,0,CPM_DROP_PHY,6,7,699721392070,34132
veh7,699721392073,,30.1771,0,CPM_DROP_PHY,9,7,699721392073,34145
veh7,36697,,30.1846,0,CAM_DROP_PHY,10,7,36697,34171
veh7,699721392107,,30.1868,0,CPM_DROP_PHY,8,7,699721392107,34188
veh7,36721,,30.1976,0,CAM_DROP_PHY,2,7,36721,34209
veh7,36806,,30.2096,0,CAM_DROP_PHY,12,7,36806,34218
veh7,699721392115,,30.2116,0,CPM_DROP_PHY,11,7,699721392115,34203
veh7,699721392218,,30.2176,0,CPM_DROP_PHY,2,7,699721392218,34231
veh7,699721392213,,30.2246,0,CPM_DROP_PHY,10,7,699721392213,34226
veh7,36826,,30.2306,0,CAM_DROP_PHY,4,7,36826,34244
veh7,699721392233,,30.2363,0,CPM_DROP_PHY,5,7,699721392233,34252
veh7,699721392247,,30.2386,0,CPM_DROP_PHY,3,7,699721392247,34277
veh7,36867,,30.2571,0,CAM_DROP_PHY,9,7,36867,34308
veh7,699721392270,,30.2696,0,CPM_DROP_PHY,12,7,699721392270,34311
veh7,699721392279,,30.2723,0,CPM_DROP_PHY,6,7,699721392279,34322
veh7,699721392282,,30.2771,0,CPM_DROP_PHY,9,7,699721392282,34324
veh7,699721392286,,30.2806,0,CPM_DROP_PHY,4,7,699721392286,34328
veh7,699721392311,,30.2868,0,CPM_DROP_PHY,8,7,699721392311,34364
veh7,36925,,30.3071,0,CAM_DROP_PHY,2,7,36925,34388
veh7,699721392319,,30.3116,0,CPM_DROP_PHY,11,7,699721392319,34379
veh7,36928,,30.3116,0,CAM_DROP_PHY,11,7,36928,34379
veh7,37007,,30.3163,0,CAM_DROP_PHY,5,7,37007,34398
veh7,699721392415,,30.3271,0,CPM_DROP_PHY,2,7,699721392415,34401
veh7,699721392426,,30.3363,0,CPM_DROP_PHY,5,7,699721392426,34417
veh7,699721392411,,30.3376,0,CPM_DROP_PHY,10,7,699721392411,34399
veh7,37041,,30.3386,0,CAM_DROP_PHY,3,7,37041,34443
veh7,699721392444,,30.3386,0,CPM_DROP_PHY,3,7,699721392444,34443
veh7,37056,30.3423,,0,CAM,7,,37056,-1
veh7,37036,,30.3468,0,CAM_DROP_PHY,8,7,37036,34438
veh7,699721392468,,30.3696,0,CPM_DROP_PHY,12,7,699721392468,34485
veh7,37071,,30.3723,0,CAM_DROP_PHY,6,7,37071,34487
veh7,699721392481,,30.3723,0,CPM_DROP_PHY,6,7,699721392481,34487
veh7,699721392484,,30.3771,0,CPM_DROP_PHY,9,7,699721392484,34500
veh7,699721392488,,30.3806,0,CPM_DROP_PHY,4,7,699721392488,34503
veh7,699721392513,,30.3868,0,CPM_DROP_PHY,8,7,699721392513,34535
veh7,37127,,30.4071,0,CAM_DROP_PHY,2,7,37127,34559
veh7,37207,,30.4096,0,CAM_DROP_PHY,12,7,37207,34563
veh7,699721392521,,30.4116,0,CPM_DROP_PHY,11,7,699721392521,34550
veh7,37130,,30.4116,0,CAM_DROP_PHY,11,7,37130,34550
veh7,37228,,30.4206,0,CAM_DROP_PHY,4,7,37228,34587
veh7,699721392614,,30.4228,0,CPM_DROP_PHY,10,7,699721392614,34570
veh7,699721392621,,30.4271,0,CPM_DROP_PHY,2,7,699721392621,34574
veh7,699721392636,,30.4363,0,CPM_DROP_PHY,5,7,699721392636,34598
veh7,699721392650,,30.4386,0,CPM_DROP_PHY,3,7,699721392650,34621
veh7,37269,,30.4531,0,CAM_DROP_PHY,9,7,37269,34655
veh7,699721392673,,30.4696,0,CPM_DROP_PHY,12,7,699721392673,34658
veh7,699721392682,,30.4723,0,CPM_DROP_PHY,6,7,699721392682,34669
veh7,699721392685,,30.4731,0,CPM_DROP_PHY,9,7,699721392685,34672
veh7,699721392689,,30.4806,0,CPM_DROP_PHY,4,7,699721392689,34676
veh7,37306,,30.4828,0,CAM_DROP_PHY,10,7,37306,34695
veh7,699721392717,,30.4868,0,CPM_DROP_PHY,8,7,699721392717,34715
veh7,37331,,30.5071,0,CAM_DROP_PHY,2,7,37331,34742
veh7,699721392725,,30.5116,0,CPM_DROP_PHY,11,7,699721392725,34732
veh7,37335,,30.5116,0,CAM_DROP_PHY,11,7,37335,34732
veh7,37418,,30.5163,0,CAM_DROP_PHY,5,7,37418,34753
veh7,699721392822,,30.5228,0,CPM_DROP_PHY,10,7,699721392822,34754
veh7,699721392826,,30.5271,0,CPM_DROP_PHY,2,7,699721392826,34756
veh7,699721392837,,30.5363,0,CPM_DROP_PHY,5,7,699721392837,34775
veh7,37452,,30.5386,0,CAM_DROP_PHY,3,7,37452,34799
veh7,699721392856,,30.5386,0,CPM_DROP_PHY,3,7,699721392856,34799
veh7,37468,30.5423,,0,CAM,7,,37468,-1
veh7,37447,,30.5468,0,CAM_DROP_PHY,8,7,37447,34793
veh7,699721392880,,30.5696,0,CPM_DROP_PHY,12,7,699721392880,34840
veh7,37483,,30.5723,0,CAM_DROP_PHY,6,7,37483,34842
veh7,699721392891,,30.5723,0,CPM_DROP_PHY,6,7,699721392891,34842
veh7,699721392894,,30.5731,0,CPM_DROP_PHY,9,7,699721392894,34855
veh7,699721392898,,30.5806,0,CPM_DROP_PHY,4,7,699721392898,34858
veh7,37515,,30.5828,0,CAM_DROP_PHY,10,7,37515,34874
veh7,699721392926,,30.5868,0,CPM_DROP_PHY,8,7,699721392926,34894
veh7,37540,,30.6071,0,CAM_DROP_PHY,2,7,37540,34921
veh7,699721392934,,30.6116,0,CPM_DROP_PHY,11,7,699721392934,34911
veh7,37544,,30.6116,0,CAM_DROP_PHY,11,7,37544,34911
veh7,37640,,30.6206,0,CAM_DROP_PHY,4,7,37640,34947
veh7,699721393028,,30.6228,0,CPM_DROP_PHY,10,7,699721393028,34932
veh7,699721393032,,30.6271,0,CPM_DROP_PHY,2,7,699721393032,34934
veh7,699721393047,,30.6363,0,CPM_DROP_PHY,5,7,699721393047,34954
veh7,699721393059,,30.6386,0,CPM_DROP_PHY,3,7,699721393059,34976
veh7,37680,,30.6531,0,CAM_DROP_PHY,9,7,37680,35011
veh7,699721393093,,30.6626,0,CPM_DROP_PHY,6,7,699721393093,35025
veh7,699721393084,,30.6696,0,CPM_DROP_PHY,12,7,699721393084,35014
veh7,699721393096,,30.6731,0,CPM_DROP_PHY,9,7,699721393096,35028
veh7,699721393101,,30.6806,0,CPM_DROP_PHY,4,7,699721393101,35035
veh7,37718,,30.6828,0,CAM_DROP_PHY,10,7,37718,35053
veh7,699721393129,,30.7011,0,CPM_DROP_PHY,8,7,699721393129,35072
veh7,37741,,30.7071,0,CAM_DROP_PHY,2,7,37741,35090
veh7,37820,,30.7096,0,CAM_DROP_PHY,12,7,37820,35097
veh7,699721393136,,30.7116,0,CPM_DROP_PHY,11,7,699721393136,35083
veh7,37827,,30.7168,0,CAM_DROP_PHY,5,7,37827,35109
veh7,699721393230,,30.7228,0,CPM_DROP_PHY,10,7,699721393230,35110
veh7,699721393235,,30.7271,0,CPM_DROP_PHY,2,7,699721393235,35114
veh7,699721393247,,30.7368,0,CPM_DROP_PHY,5,7,699721393247,35139
veh7,37862,,30.7386,0,CAM_DROP_PHY,3,7,37862,35161
veh7,699721393265,,30.7386,0,CPM_DROP_PHY,3,7,699721393265,35161
veh7,37858,,30.7411,0,CAM_DROP_PHY,8,7,37858,35156
veh7,37878,30.7423,,0,CAM,7,,37878,-1
veh7,37893,,30.7626,0,CAM_DROP_PHY,6,7,37893,35207
veh7,699721393301,,30.7626,0,CPM_DROP_PHY,6,7,699721393301,35207
veh7,699721393290,,30.7696,0,CPM_DROP_PHY,12,7,699721393290,35206
veh7,699721393303,,30.7731,0,CPM_DROP_PHY,9,7,699721393303,35218
veh7,699721393308,,30.7806,0,CPM_DROP_PHY,4,7,699721393308,35224
veh7,37925,,30.7828,0,CAM_DROP_PHY,10,7,37925,35239
veh7,699721393335,,30.8011,0,CPM_DROP_PHY,8,7,699721393335,35259
veh7,37948,,30.8071,0,CAM_DROP_PHY,2,7,37948,35276
veh7,699721393343,,30.8116,0,CPM_DROP_PHY,11,7,699721393343,35269
veh7,37952,,30.8116,0,CAM_DROP_PHY,11,7,37952,35269
veh7,38047,,30.8206,0,CAM_DROP_PHY,4,7,38047,35309
veh7,699721393440,,30.8271,0,CPM_DROP_PHY,2,7,699721393440,35297
veh7,699721393436,,30.8363,0,CPM_DROP_PHY,10,7,699721393436,35296
veh7,699721393454,,30.8368,0,CPM_DROP_PHY,5,7,699721393454,35318
veh7,699721393466,,30.8386,0,CPM_DROP_PHY,3,7,699721393466,35338
veh7,699721393498,,30.8626,0,CPM_DROP_PHY,6,7,699721393498,35388
veh7,699721393489,,30.8651,0,CPM_DROP_PHY,12,7,699721393489,35377
veh7,699721393508,,30.8806,0,CPM_DROP_PHY,4,7,699721393508,35401
veh7,699721393529,,30.9011,0,CPM_DROP_PHY,8,7,699721393529,35432
veh7,38141,,30.9071,0,CAM_DROP_PHY,2,7,38141,35445
veh7,699721393536,,30.9116,0,CPM_DROP_PHY,11,7,699721393536,35440
veh7,38228,,30.9168,0,CAM_DROP_PHY,5,7,38228,35463
veh7,699721393632,,30.9228,0,CPM_DROP_PHY,10,7,699721393632,35464
veh7,699721393637,,30.9271,0,CPM_DROP_PHY,2,7,699721393637,35465
veh7,699721393648,,30.9368,0,CPM_DROP_PHY,5,7,699721393648,35486
veh7,38263,,30.9386,0,CAM_DROP_PHY,3,7,38263,35507
veh7,699721393667,,30.9386,0,CPM_DROP_PHY,3,7,699721393667,35507
veh7,38258,,30.9411,0,CAM_DROP_PHY,8,7,38258,35502
veh7,38280,30.9423,,0,CAM,7,,38280,-1
veh7,38296,,30.9626,0,CAM_DROP_PHY,6,7,38296,35556
veh7,699721393704,,30.9626,0,CPM_DROP_PHY,6,7,699721393704,35556
veh7,699721393692,,30.9651,0,CPM_DROP_PHY,12,7,699721393692,35553
veh7,699721393501,,30.9731,0,CPM_DROP_PHY,9,7,699721393501,35390
veh7,699721393706,,30.9731,0,CPM_DROP_PHY,9,7,699721393706,35564
veh7,699721393712,,30.9806,0,CPM_DROP_PHY,4,7,699721393712,35574
veh7,38328,,30.9828,0,CAM_DROP_PHY,10,7,38328,35589
veh7,699721393737,,31.0011,0,CPM_DROP_PHY,8,7,699721393737,35605
veh7,38428,,31.0051,0,CAM_DROP_PHY,12,7,38428,35629
veh7,38349,,31.0071,0,CAM_DROP_PHY,2,7,38349,35622
veh7,699721393744,,31.0116,0,CPM_DROP_PHY,11,7,699721393744,35615
veh7,38448,,31.0206,0,CAM_DROP_PHY,4,7,38448,35661
veh7,699721393836,,31.0228,0,CPM_DROP_PHY,10,7,699721393836,35645
veh7,699721393840,,31.0271,0,CPM_DROP_PHY,2,7,699721393840,35647
veh7,699721393855,,31.0368,0,CPM_DROP_PHY,5,7,699721393855,35671
veh7,699721393867,,31.0386,0,CPM_DROP_PHY,3,7,699721393867,35691
veh7,699721393902,,31.0626,0,CPM_DROP_PHY,6,7,699721393902,35741
veh7,699721393892,,31.0651,0,CPM_DROP_PHY,12,7,699721393892,35730
veh7,699721393914,,31.0806,0,CPM_DROP_PHY,4,7,699721393914,35754
veh7,699721393938,,31.1011,0,CPM_DROP_PHY,8,7,699721393938,35785
veh7,38550,,31.1071,0,CAM_DROP_PHY,2,7,38550,35799
veh7,699721393945,,31.1116,0,CPM_DROP_PHY,11,7,699721393945,35793
veh7,38554,,31.1116,0,CAM_DROP_PHY,11,7,38554,35793
veh7,38639,,31.1168,0,CAM_DROP_PHY,5,7,38639,35817
veh7,699721394047,,31.1271,0,CPM_DROP_PHY,2,7,699721394047,35819
veh7,699721394043,,31.1363,0,CPM_DROP_PHY,10,7,699721394043,35818
veh7,699721394059,,31.1368,0,CPM_DROP_PHY,5,7,699721394059,35840
veh7,38669,,31.1411,0,CAM_DROP_PHY,8,7,38669,35856
veh7,38691,31.1423,,0,CAM,7,,38691,-1
veh7,38674,,31.1538,0,CAM_DROP_PHY,3,7,38674,35862
veh7,699721394078,,31.1538,0,CPM_DROP_PHY,3,7,699721394078,35862
veh7,38705,,31.1626,0,CAM_DROP_PHY,6,7,38705,35903
veh7,699721394114,,31.1626,0,CPM_DROP_PHY,6,7,699721394114,35903
veh7,699721394102,,31.1651,0,CPM_DROP_PHY,12,7,699721394102,35900
veh7,699721393905,,31.1731,0,CPM_DROP_PHY,9,7,699721393905,35743
veh7,699721394117,,31.1731,0,CPM_DROP_PHY,9,7,699721394117,35917
veh7,699721394124,,31.1806,0,CPM_DROP_PHY,4,7,699721394124,35927
veh7,38740,,31.1828,0,CAM_DROP_PHY,10,7,38740,35943
veh7,699721394149,,31.2011,0,CPM_DROP_PHY,8,7,699721394149,35959
veh7,38762,,31.2071,0,CAM_DROP_PHY,2,7,38762,35977
veh7,699721394157,,31.2116,0,CPM_DROP_PHY,11,7,699721394157,35969
veh7,38861,,31.2206,0,CAM_DROP_PHY,4,7,38861,36008
veh7,699721394249,,31.2228,0,CPM_DROP_PHY,10,7,699721394249,35995
veh7,699721394253,,31.2271,0,CPM_DROP_PHY,2,7,699721394253,35996
veh7,699721394267,,31.2368,0,CPM_DROP_PHY,5,7,699721394267,36017
veh7,699721394280,,31.2538,0,CPM_DROP_PHY,3,7,699721394280,36038
veh7,699721394314,,31.2626,0,CPM_DROP_PHY,6,7,699721394314,36084
veh7,699721394304,,31.2651,0,CPM_DROP_PHY,12,7,699721394304,36069
veh7,699721394323,,31.2806,0,CPM_DROP_PHY,4,7,699721394323,36099
veh7,699721394347,,31.3011,0,CPM_DROP_PHY,8,7,699721394347,36131
veh7,39039,,31.3051,0,CAM_DROP_PHY,12,7,39039,36150
veh7,38959,,31.3071,0,CAM_DROP_PHY,2,7,38959,36145
veh7,699721394354,,31.3116,0,CPM_DROP_PHY,11,7,699721394354,36139
veh7,39047,,31.3168,0,CAM_DROP_PHY,5,7,39047,36166
veh7,699721394451,,31.3258,0,CPM_DROP_PHY,10,7,699721394451,36167
veh7,699721394455,,31.3271,0,CPM_DROP_PHY,2,7,699721394455,36169
veh7,699721394467,,31.3368,0,CPM_DROP_PHY,5,7,699721394467,36190
veh7,39078,,31.3411,0,CAM_DROP_PHY,8,7,39078,36209
veh7,39099,31.3423,,0,CAM,7,,39099,-1
veh7,39083,,31.3538,0,CAM_DROP_PHY,3,7,39083,36217
veh7,699721394486,,31.3538,0,CPM_DROP_PHY,3,7,699721394486,36217
veh7,39114,,31.3626,0,CAM_DROP_PHY,6,7,39114,36256
veh7,699721394523,,31.3626,0,CPM_DROP_PHY,6,7,699721394523,36256
veh7,699721394510,,31.3651,0,CPM_DROP_PHY,12,7,699721394510,36253
veh7,699721394317,,31.3731,0,CPM_DROP_PHY,9,7,699721394317,36088
veh7,699721394526,,31.3731,0,CPM_DROP_PHY,9,7,699721394526,36270
veh7,699721394532,,31.3806,0,CPM_DROP_PHY,4,7,699721394532,36280
veh7,699721394555,,31.4011,0,CPM_DROP_PHY,8,7,699721394555,36309
veh7,39168,,31.4071,0,CAM_DROP_PHY,2,7,39168,36323
veh7,699721394562,,31.4116,0,CPM_DROP_PHY,11,7,699721394562,36317
veh7,39172,,31.4116,0,CAM_DROP_PHY,11,7,39172,36317
veh7,39275,,31.4236,0,CAM_DROP_PHY,4,7,39275,36354
veh7,699721394663,,31.4258,0,CPM_DROP_PHY,10,7,699721394663,36341
veh7,699721394667,,31.4271,0,CPM_DROP_PHY,2,7,699721394667,36342
veh7,699721394680,,31.4368,0,CPM_DROP_PHY,5,7,699721394680,36357
veh7,699721394695,,31.4538,0,CPM_DROP_PHY,3,7,699721394695,36387
veh7,699721394729,,31.4626,0,CPM_DROP_PHY,6,7,699721394729,36429
veh7,699721394718,,31.4651,0,CPM_DROP_PHY,12,7,699721394718,36415
veh7,699721394737,,31.4836,0,CPM_DROP_PHY,4,7,699721394737,36445
veh7,39354,,31.4858,0,CAM_DROP_PHY,10,7,39354,36464
veh7,699721394764,,31.5011,0,CPM_DROP_PHY,8,7,699721394764,36480
veh7,39377,,31.5068,0,CAM_DROP_PHY,2,7,39377,36499
veh7,699721394772,,31.5121,0,CPM_DROP_PHY,11,7,699721394772,36490
veh7,39463,,31.5168,0,CAM_DROP_PHY,5,7,39463,36516
veh7,699721394866,,31.5258,0,CPM_DROP_PHY,10,7,699721394866,36517
veh7,699721394872,,31.5268,0,CPM_DROP_PHY,2,7,699721394872,36518
veh7,699721394883,,31.5368,0,CPM_DROP_PHY,5,7,699721394883,36536
veh7,39493,,31.5411,0,CAM_DROP_PHY,8,7,39493,36555
veh7,39518,31.5423,,0,CAM,7,,39518,-1
veh7,39498,,31.5538,0,CAM_DROP_PHY,3,7,39498,36563
veh7,699721394903,,31.5538,0,CPM_DROP_PHY,3,7,699721394903,36563
veh7,39533,,31.5646,0,CAM_DROP_PHY,6,7,39533,36602
veh7,699721394942,,31.5646,0,CPM_DROP_PHY,6,7,699721394942,36602
veh7,699721394929,,31.5651,0,CPM_DROP_PHY,12,7,699721394929,36598
veh7,699721394732,,31.5731,0,CPM_DROP_PHY,9,7,699721394732,36433
veh7,699721394945,,31.5731,0,CPM_DROP_PHY,9,7,699721394945,36615
veh7,699721394952,,31.5836,0,CPM_DROP_PHY,4,7,699721394952,36628
veh7,699721394975,,31.6011,0,CPM_DROP_PHY,8,7,699721394975,36655
veh7,39672,,31.6051,0,CAM_DROP_PHY,12,7,39672,36673
veh7,39587,,31.6068,0,CAM_DROP_PHY,2,7,39587,36669
veh7,699721394982,,31.6121,0,CPM_DROP_PHY,11,7,699721394982,36663
veh7,39696,,31.6236,0,CAM_DROP_PHY,4,7,39696,36708
veh7,699721395083,,31.6258,0,CPM_DROP_PHY,10,7,699721395083,36690
veh7,699721395088,,31.6268,0,CPM_DROP_PHY,2,7,699721395088,36693
veh7,699721395101,,31.6368,0,CPM_DROP_PHY,5,7,699721395101,36710
veh7,699721395117,,31.6538,0,CPM_DROP_PHY,3,7,699721395117,36742
veh7,699721395139,,31.6553,0,CPM_DROP_PHY,12,7,699721395139,36767
veh7,699721395151,,31.6646,0,CPM_DROP_PHY,6,7,699721395151,36788
veh7,699721395159,,31.6836,0,CPM_DROP_PHY,4,7,699721395159,36803
veh7,699721395181,,31.6898,0,CPM_DROP_PHY,8,7,699721395181,36829
veh7,39794,,31.7068,0,CAM_DROP_PHY,2,7,39794,36851
veh7,699721395189,,31.7121,0,CPM_DROP_PHY,11,7,699721395189,36841
veh7,39798,,31.7121,0,CAM_DROP_PHY,11,7,39798,36841
veh7,39874,,31.7153,0,CAM_DROP_PHY,12,7,39874,36854
veh7,39881,,31.7168,0,CAM_DROP_PHY,5,7,39881,36862
veh7,699721395284,,31.7258,0,CPM_DROP_PHY,10,7,699721395284,36863
veh7,699721395288,,31.7268,0,CPM_DROP_PHY,2,7,699721395288,36865
veh7,699721395302,,31.7368,0,CPM_DROP_PHY,5,7,699721395302,36889
veh7,39931,31.7423,,0,CAM,7,,39931,-1
veh7,39912,,31.7498,0,CAM_DROP_PHY,8,7,39912,36909
veh7,39917,,31.7538,0,CAM_DROP_PHY,3,7,39917,36917
veh7,699721395321,,31.7538,0,CPM_DROP_PHY,3,7,699721395321,36917
veh7,699721395342,,31.7553,0,CPM_DROP_PHY,12,7,699721395342,36947
veh7,39945,,31.7646,0,CAM_DROP_PHY,6,7,39945,36952
veh7,699721395357,,31.7646,0,CPM_DROP_PHY,6,7,699721395357,36952
veh7,699721395154,,31.7731,0,CPM_DROP_PHY,9,7,699721395154,36793
veh7,699721395360,,31.7731,0,CPM_DROP_PHY,9,7,699721395360,36976
veh7,699721395366,,31.7836,0,CPM_DROP_PHY,4,7,699721395366,36985
veh7,39982,,31.7858,0,CAM_DROP_PHY,10,7,39982,37000
veh7,699721395392,,31.7898,0,CPM_DROP_PHY,8,7,699721395392,37011
veh7,40007,,31.8068,0,CAM_DROP_PHY,2,7,40007,37038
veh7,699721395401,,31.8121,0,CPM_DROP_PHY,11,7,699721395401,37025
veh7,40011,,31.8121,0,CAM_DROP_PHY,11,7,40011,37025
veh7,40092,,31.8153,0,CAM_DROP_PHY,12,7,40092,37042
veh7,40114,,31.8236,0,CAM_DROP_PHY,4,7,40114,37072
veh7,699721395500,,31.8258,0,CPM_DROP_PHY,10,7,699721395500,37049
veh7,699721395505,,31.8268,0,CPM_DROP_PHY,2,7,699721395505,37051
veh7,699721395520,,31.8368,0,CPM_DROP_PHY,5,7,699721395520,37074
veh7,40153,,31.8531,0,CAM_DROP_PHY,9,7,40153,37132
veh7,699721395534,,31.8538,0,CPM_DROP_PHY,3,7,699721395534,37105
veh7,699721395557,,31.8553,0,CPM_DROP_PHY,12,7,699721395557,37133
veh7,699721395568,,31.8646,0,CPM_DROP_PHY,6,7,699721395568,37152
veh7,699721395572,,31.8731,0,CPM_DROP_PHY,9,7,699721395572,37156
veh7,699721395577,,31.8836,0,CPM_DROP_PHY,4,7,699721395577,37166
veh7,699721395599,,31.8898,0,CPM_DROP_PHY,8,7,699721395599,37192
veh7,40214,,31.9068,0,CAM_DROP_PHY,2,7,40214,37214
veh7,699721395608,,31.9121,0,CPM_DROP_PHY,11,7,699721395608,37204
veh7,40217,,31.9121,0,CAM_DROP_PHY,11,7,40217,37204
veh7,40300,,31.9153,0,CAM_DROP_PHY,12,7,40300,37218
veh7,40307,,31.9168,0,CAM_DROP_PHY,5,7,40307,37225
veh7,699721395711,,31.9258,0,CPM_DROP_PHY,10,7,699721395711,37226
veh7,699721395716,,31.9268,0,CPM_DROP_PHY,2,7,699721395716,37228
veh7,699721395730,,31.9283,0,CPM_DROP_PHY,5,7,699721395730,37253
veh7,40363,31.9423,,0,CAM,7,,40363,-1
veh7,40341,,31.9498,0,CAM_DROP_PHY,8,7,40341,37276
veh7,40347,,31.9538,0,CAM_DROP_PHY,3,7,40347,37284
veh7,699721395751,,31.9538,0,CPM_DROP_PHY,3,7,699721395751,37284
veh7,699721395775,,31.9553,0,CPM_DROP_PHY,12,7,699721395775,37314
veh7,40378,,31.9646,0,CAM_DROP_PHY,6,7,40378,37317
veh7,699721395789,,31.9646,0,CPM_DROP_PHY,6,7,699721395789,37317
veh7,699721395792,,31.9731,0,CPM_DROP_PHY,9,7,699721395792,37344
veh7,699721395798,,31.9836,0,CPM_DROP_PHY,4,7,699721395798,37355
veh7,699721395820,,31.9898,0,CPM_DROP_PHY,8,7,699721395820,37378
veh7,40434,,32.0068,0,CAM_DROP_PHY,2,7,40434,37400
veh7,699721395828,,32.0121,0,CPM_DROP_PHY,11,7,699721395828,37391
veh7,40437,,32.0121,0,CAM_DROP_PHY,11,7,40437,37391
veh7,40516,,32.0153,0,CAM_DROP_PHY,12,7,40516,37404
veh7,40536,,32.0236,0,CAM_DROP_PHY,4,7,40536,37434
veh7,699721395922,,32.0258,0,CPM_DROP_PHY,10,7,699721395922,37412
veh7,699721395927,,32.0268,0,CPM_DROP_PHY,2,7,699721395927,37414
veh7,699721395942,,32.0283,0,CPM_DROP_PHY,5,7,699721395942,37436
veh7,40576,,32.0531,0,CAM_DROP_PHY,9,7,40576,37495
veh7,699721395957,,32.0538,0,CPM_DROP_PHY,3,7,699721395957,37471
veh7,699721395979,,32.0553,0,CPM_DROP_PHY,12,7,699721395979,37496
veh7,699721395990,,32.0646,0,CPM_DROP_PHY,6,7,699721395990,37515
veh7,699721395993,,32.0731,0,CPM_DROP_PHY,9,7,699721395993,37519
veh7,699721395999,,32.0836,0,CPM_DROP_PHY,4,7,699721395999,37528
veh7,699721396023,,32.0898,0,CPM_DROP_PHY,8,7,699721396023,37555
veh7,40616,,32.0963,0,CAM_DROP_PHY,10,7,40616,37547
veh7,40637,,32.1068,0,CAM_DROP_PHY,2,7,40637,37581
veh7,40719,,32.1083,0,CAM_DROP_PHY,5,7,40719,37593
veh7,699721396031,,32.1121,0,CPM_DROP_PHY,11,7,699721396031,37568
veh7,40641,,32.1121,0,CAM_DROP_PHY,11,7,40641,37568
veh7,699721396123,,32.1163,0,CPM_DROP_PHY,10,7,699721396123,37597
veh7,699721396128,,32.1268,0,CPM_DROP_PHY,2,7,699721396128,37600
veh7,699721396140,,32.1283,0,CPM_DROP_PHY,5,7,699721396140,37623
veh7,40769,32.1423,,0,CAM,7,,40769,-1
veh7,40750,,32.1498,0,CAM_DROP_PHY,8,7,40750,37641
veh7,40754,,32.1538,0,CAM_DROP_PHY,3,7,40754,37646
veh7,699721396158,,32.1538,0,CPM_DROP_PHY,3,7,699721396158,37646
veh7,699721396179,,32.1553,0,CPM_DROP_PHY,12,7,699721396179,37676
veh7,40783,,32.1646,0,CAM_DROP_PHY,6,7,40783,37679
veh7,699721396194,,32.1646,0,CPM_DROP_PHY,6,7,699721396194,37679
veh7,699721396198,,32.1731,0,CPM_DROP_PHY,9,7,699721396198,37707
veh7,699721396204,,32.1836,0,CPM_DROP_PHY,4,7,699721396204,37718
veh7,699721396226,,32.1898,0,CPM_DROP_PHY,8,7,699721396226,37741
veh7,40915,,32.2033,0,CAM_DROP_PHY,12,7,40915,37766
veh7,40839,,32.2068,0,CAM_DROP_PHY,2,7,40839,37763
veh7,699721396234,,32.2121,0,CPM_DROP_PHY,11,7,699721396234,37754
veh7,699721396323,,32.2163,0,CPM_DROP_PHY,10,7,699721396323,37777
veh7,40936,,32.2236,0,CAM_DROP_PHY,4,7,40936,37801
veh7,699721396327,,32.2268,0,CPM_DROP_PHY,2,7,699721396327,37779
veh7,699721396341,,32.2283,0,CPM_DROP_PHY,5,7,699721396341,37804
veh7,40972,,32.2531,0,CAM_DROP_PHY,9,7,40972,37857
veh7,699721396355,,32.2551,0,CPM_DROP_PHY,3,7,699721396355,37832
veh7,699721396375,,32.2633,0,CPM_DROP_PHY,12,7,699721396375,37858
veh7,699721396385,,32.2646,0,CPM_DROP_PHY,6,7,699721396385,37870
veh7,699721396388,,32.2731,0,CPM_DROP_PHY,9,7,699721396388,37871
veh7,699721396395,,32.2836,0,CPM_DROP_PHY,4,7,699721396395,37887
veh7,699721396417,,32.2898,0,CPM_DROP_PHY,8,7,699721396417,37916
veh7,41031,,32.3068,0,CAM_DROP_PHY,2,7,41031,37938
veh7,41117,,32.3083,0,CAM_DROP_PHY,5,7,41117,37948
veh7,699721396426,,32.3121,0,CPM_DROP_PHY,11,7,699721396426,37929
veh7,41035,,32.3121,0,CAM_DROP_PHY,11,7,41035,37929
veh7,699721396521,,32.3163,0,CPM_DROP_PHY,10,7,699721396521,37952
veh7,699721396527,,32.3268,0,CPM_DROP_PHY,2,7,699721396527,37955
veh7,699721396540,,32.3283,0,CPM_DROP_PHY,5,7,699721396540,37977
veh7,41155,,32.3351,0,CAM_DROP_PHY,3,7,41155,37999
veh7,41171,32.3423,,0,CAM,7,,41171,-1
veh7,41150,,32.3498,0,CAM_DROP_PHY,8,7,41150,37995
veh7,699721396559,,32.3551,0,CPM_DROP_PHY,3,7,699721396559,38005
veh7,699721396582,,32.3633,0,CPM_DROP_PHY,12,7,699721396582,38037
veh7,41185,,32.3646,0,CAM_DROP_PHY,6,7,41185,38040
veh7,699721396596,,32.3646,0,CPM_DROP_PHY,6,7,699721396596,38040
veh7,699721396598,,32.3731,0,CPM_DROP_PHY,9,7,699721396598,38059
veh7,699721396606,,32.3773,0,CPM_DROP_PHY,4,7,699721396606,38075
veh7,699721396634,,32.3898,0,CPM_DROP_PHY,8,7,699721396634,38101
veh7,41224,,32.3963,0,CAM_DROP_PHY,10,7,41224,38095
veh7,41325,,32.4033,0,CAM_DROP_PHY,12,7,41325,38134
veh7,41249,,32.4068,0,CAM_DROP_PHY,2,7,41249,38127
veh7,699721396643,,32.4121,0,CPM_DROP_PHY,11,7,699721396643,38118
veh7,699721396732,,32.4163,0,CPM_DROP_PHY,10,7,699721396732,38144
veh7,699721396737,,32.4258,0,CPM_DROP_PHY,2,7,699721396737,38146
veh7,699721396752,,32.4283,0,CPM_DROP_PHY,5,7,699721396752,38173
veh7,41346,,32.4373,0,CAM_DROP_PHY,4,7,41346,38170
veh7,41384,,32.4531,0,CAM_DROP_PHY,9,7,41384,38221
veh7,699721396766,,32.4551,0,CPM_DROP_PHY,3,7,699721396766,38194
veh7,699721396788,,32.4633,0,CPM_DROP_PHY,12,7,699721396788,38225
veh7,699721396797,,32.4646,0,CPM_DROP_PHY,6,7,699721396797,38239
veh7,699721396807,,32.4773,0,CPM_DROP_PHY,4,7,699721396807,38256
veh7,699721396800,,32.4788,0,CPM_DROP_PHY,9,7,699721396800,38240
veh7,699721396829,,32.4898,0,CPM_DROP_PHY,8,7,699721396829,38283
veh7,41443,,32.5058,0,CAM_DROP_PHY,2,7,41443,38306
veh7,41523,,32.5083,0,CAM_DROP_PHY,5,7,41523,38318
veh7,699721396838,,32.5121,0,CPM_DROP_PHY,11,7,699721396838,38300
veh7,41447,,32.5121,0,CAM_DROP_PHY,11,7,41447,38300
veh7,699721396927,,32.5163,0,CPM_DROP_PHY,10,7,699721396927,38322
veh7,699721396932,,32.5258,0,CPM_DROP_PHY,2,7,699721396932,38325
veh7,699721396945,,32.5283,0,CPM_DROP_PHY,5,7,699721396945,38346
veh7,41559,,32.5351,0,CAM_DROP_PHY,3,7,41559,38367
veh7,41574,32.5423,,0,CAM,7,,41574,-1
veh7,41555,,32.5498,0,CAM_DROP_PHY,8,7,41555,38365
veh7,699721396964,,32.5551,0,CPM_DROP_PHY,3,7,699721396964,38373
veh7,699721396986,,32.5633,0,CPM_DROP_PHY,12,7,699721396986,38403
veh7,41589,,32.5646,0,CAM_DROP_PHY,6,7,41589,38406
veh7,699721396998,,32.5646,0,CPM_DROP_PHY,6,7,699721396998,38406
veh7,699721397008,,32.5773,0,CPM_DROP_PHY,4,7,699721397008,38438
veh7,699721397001,,32.5788,0,CPM_DROP_PHY,9,7,699721397001,38423
veh7,699721397029,,32.5898,0,CPM_DROP_PHY,8,7,699721397029,38461
veh7,41643,,32.6058,0,CAM_DROP_PHY,2,7,41643,38484
veh7,699721397038,,32.6121,0,CPM_DROP_PHY,11,7,699721397038,38478
veh7,699721397122,,32.6203,0,CPM_DROP_PHY,10,7,699721397122,38496
veh7,699721397126,,32.6258,0,CPM_DROP_PHY,2,7,699721397126,38498
veh7,699721397141,,32.6283,0,CPM_DROP_PHY,5,7,699721397141,38519
veh7,41736,,32.6373,0,CAM_DROP_PHY,4,7,41736,38516
veh7,699721397154,,32.6551,0,CPM_DROP_PHY,3,7,699721397154,38539
veh7,41771,,32.6588,0,CAM_DROP_PHY,9,7,41771,38563
veh7,699721397176,,32.6633,0,CPM_DROP_PHY,12,7,699721397176,38568
veh7,699721397186,,32.6646,0,CPM_DROP_PHY,6,7,699721397186,38584
veh7,699721397195,,32.6773,0,CPM_DROP_PHY,4,7,699721397195,38601
veh7,699721397189,,32.6788,0,CPM_DROP_PHY,9,7,699721397189,38585
veh7,699721397221,,32.6898,0,CPM_DROP_PHY,8,7,699721397221,38629
veh7,41813,,32.6963,0,CAM_DROP_PHY,10,7,41813,38623
veh7,41920,,32.7033,0,CAM_DROP_PHY,12,7,41920,38662
veh7,41835,,32.7058,0,CAM_DROP_PHY,2,7,41835,38655
veh7,41927,,32.7083,0,CAM_DROP_PHY,5,7,41927,38673
veh7,699721397230,,32.7121,0,CPM_DROP_PHY,11,7,699721397230,38646
veh7,699721397332,,32.7163,0,CPM_DROP_PHY,10,7,699721397332,38677
veh7,699721397337,,32.7258,0,CPM_DROP_PHY,2,7,699721397337,38680
veh7,699721397351,,32.7283,0,CPM_DROP_PHY,5,7,699721397351,38706
veh7,41965,,32.7351,0,CAM_DROP_PHY,3,7,41965,38727
veh7,41980,32.7423,,0,CAM,7,,41980,-1
veh7,41961,,32.7498,0,CAM_DROP_PHY,8,7,41961,38725
veh7,699721397370,,32.7551,0,CPM_DROP_PHY,3,7,699721397370,38733
veh7,699721397392,,32.7633,0,CPM_DROP_PHY,12,7,699721397392,38763
veh7,41996,,32.7646,0,CAM_DROP_PHY,6,7,41996,38766
veh7,699721397406,,32.7646,0,CPM_DROP_PHY,6,7,699721397406,38766
veh7,699721397415,,32.7773,0,CPM_DROP_PHY,4,7,699721397415,38799
veh7,699721397409,,32.7788,0,CPM_DROP_PHY,9,7,699721397409,38783
veh7,42032,,32.7963,0,CAM_DROP_PHY,10,7,42032,38816
veh7,699721397440,,32.8033,0,CPM_DROP_PHY,8,7,699721397440,38823
veh7,42053,,32.8058,0,CAM_DROP_PHY,2,7,42053,38842
veh7,699721397449,,32.8121,0,CPM_DROP_PHY,11,7,699721397449,38836
veh7,42058,,32.8121,0,CAM_DROP_PHY,11,7,42058,38836
veh7,699721397543,,32.8163,0,CPM_DROP_PHY,10,7,699721397543,38861
veh7,699721397548,,32.8258,0,CPM_DROP_PHY,2,7,699721397548,38863
veh7,699721397564,,32.8328,0,CPM_DROP_PHY,5,7,699721397564,38888
veh7,42158,,32.8373,0,CAM_DROP_PHY,4,7,42158,38885
veh7,699721397576,,32.8493,0,CPM_DROP_PHY,3,7,699721397576,38907
veh7,42197,,32.8588,0,CAM_DROP_PHY,9,7,42197,38935
veh7,699721397601,,32.8633,0,CPM_DROP_PHY,12,7,699721397601,38940
veh7,699721397611,,32.8646,0,CPM_DROP_PHY,6,7,699721397611,38955
veh7,699721397621,,32.8773,0,CPM_DROP_PHY,4,7,699721397621,38971
veh7,699721397614,,32.8788,0,CPM_DROP_PHY,9,7,699721397614,38956
veh7,42239,,32.8963,0,CAM_DROP_PHY,10,7,42239,38992
veh7,699721397648,,32.9033,0,CPM_DROP_PHY,8,7,699721397648,38999
veh7,42261,,32.9058,0,CAM_DROP_PHY,2,7,42261,39018
veh7,699721397656,,32.9121,0,CPM_DROP_PHY,11,7,699721397656,39013
veh7,42345,,32.9128,0,CAM_DROP_PHY,5,7,42345,39034
veh7,699721397749,,32.9163,0,CPM_DROP_PHY,10,7,699721397749,39037
veh7,699721397754,,32.9258,0,CPM_DROP_PHY,2,7,699721397754,39039
veh7,699721397767,,32.9328,0,CPM_DROP_PHY,5,7,699721397767,39068
veh7,42395,32.9423,,0,CAM,7,,42395,-1
veh7,42376,,32.9433,0,CAM_DROP_PHY,8,7,42376,39083
veh7,42381,,32.9493,0,CAM_DROP_PHY,3,7,42381,39088
veh7,699721397785,,32.9493,0,CPM_DROP_PHY,3,7,699721397785,39088
veh7,42411,,32.9621,0,CAM_DROP_PHY,6,7,42411,39124
veh7,699721397820,,32.9621,0,CPM_DROP_PHY,6,7,699721397820,39124
veh7,699721397808,,32.9633,0,CPM_DROP_PHY,12,7,699721397808,39122
veh7,699721397823,,32.9708,0,CPM_DROP_PHY,9,7,699721397823,39142
veh7,699721397829,,32.9773,0,CPM_DROP_PHY,4,7,699721397829,39155
veh7,42447,,32.9963,0,CAM_DROP_PHY,10,7,42447,39172
veh7,42540,,33.0033,0,CAM_DROP_PHY,12,7,42540,39202
veh7,699721397854,,33.0033,0,CPM_DROP_PHY,8,7,699721397854,39178
veh7,42466,,33.0058,0,CAM_DROP_PHY,2,7,42466,39197
veh7,699721397862,,33.0103,0,CPM_DROP_PHY,11,7,699721397862,39192
veh7,699721397948,,33.0163,0,CPM_DROP_PHY,10,7,699721397948,39218
veh7,699721397954,,33.0258,0,CPM_DROP_PHY,2,7,699721397954,39224
veh7,699721397967,,33.0328,0,CPM_DROP_PHY,5,7,699721397967,39251
veh7,699721397978,,33.0493,0,CPM_DROP_PHY,3,7,699721397978,39268
veh7,699721398008,,33.0621,0,CPM_DROP_PHY,6,7,699721398008,39305
veh7,699721397998,,33.0633,0,CPM_DROP_PHY,12,7,699721397998,39295
veh7,699721398012,,33.0708,0,CPM_DROP_PHY,9,7,699721398012,39309
veh7,699721398018,,33.0773,0,CPM_DROP_PHY,4,7,699721398018,39322
veh7,699721398040,,33.1033,0,CPM_DROP_PHY,8,7,699721398040,39344
veh7,699721398048,,33.1103,0,CPM_DROP_PHY,11,7,699721398048,39358
veh7,42653,,33.1103,0,CAM_DROP_PHY,11,7,42653,39358
veh7,699721398134,,33.1186,0,CPM_DROP_PHY,10,7,699721398134,39371
veh7,699721398139,,33.1258,0,CPM_DROP_PHY,2,7,699721398139,39377
veh7,699721398152,,33.1328,0,CPM_DROP_PHY,5,7,699721398152,39392
veh7,42747,,33.1373,0,CAM_DROP_PHY,4,7,42747,39390
veh7,699721398165,,33.1493,0,CPM_DROP_PHY,3,7,699721398165,39413
veh7,699721398198,,33.1621,0,CPM_DROP_PHY,6,7,699721398198,39458
veh7,699721398188,,33.1633,0,CPM_DROP_PHY,12,7,699721398188,39447
veh7,42784,,33.1708,0,CAM_DROP_PHY,9,7,42784,39442
veh7,699721398201,,33.1708,0,CPM_DROP_PHY,9,7,699721398201,39442
veh7,699721398207,,33.1773,0,CPM_DROP_PHY,4,7,699721398207,39475
veh7,42825,,33.1986,0,CAM_DROP_PHY,10,7,42825,39492
veh7,42917,,33.2033,0,CAM_DROP_PHY,12,7,42917,39518
veh7,699721398231,,33.2033,0,CPM_DROP_PHY,8,7,699721398231,39498
veh7,42843,,33.2058,0,CAM_DROP_PHY,2,7,42843,39513
veh7,699721398239,,33.2103,0,CPM_DROP_PHY,11,7,699721398239,39512
veh7,42925,,33.2128,0,CAM_DROP_PHY,5,7,42925,39536
veh7,699721398329,,33.2186,0,CPM_DROP_PHY,10,7,699721398329,39540
veh7,699721398334,,33.2258,0,CPM_DROP_PHY,2,7,699721398334,39546
veh7,699721398348,,33.2328,0,CPM_DROP_PHY,5,7,699721398348,39572
veh7,42976,33.2423,,0,CAM,7,,42976,-1
veh7,42957,,33.2433,0,CAM_DROP_PHY,8,7,42957,39592
veh7,42962,,33.2493,0,CAM_DROP_PHY,3,7,42962,39596
veh7,699721398366,,33.2493,0,CPM_DROP_PHY,3,7,699721398366,39596
veh7,42992,,33.2621,0,CAM_DROP_PHY,6,7,42992,39631
veh7,699721398402,,33.2621,0,CPM_DROP_PHY,6,7,699721398402,39631
veh7,699721398389,,33.2633,0,CPM_DROP_PHY,12,7,699721398389,39630
veh7,699721398406,,33.2708,0,CPM_DROP_PHY,9,7,699721398406,39648
veh7,699721398412,,33.2773,0,CPM_DROP_PHY,4,7,699721398412,39661
veh7,43121,,33.3033,0,CAM_DROP_PHY,12,7,43121,39700
veh7,699721398434,,33.3033,0,CPM_DROP_PHY,8,7,699721398434,39683
veh7,699721398441,,33.3103,0,CPM_DROP_PHY,11,7,699721398441,39697
veh7,699721398531,,33.3186,0,CPM_DROP_PHY,10,7,699721398531,39713
veh7,699721398537,,33.3258,0,CPM_DROP_PHY,2,7,699721398537,39719
veh7,699721398549,,33.3301,0,CPM_DROP_PHY,5,7,699721398549,39737
veh7,699721398563,,33.3493,0,CPM_DROP_PHY,3,7,699721398563,39758
veh7,699721398584,,33.3611,0,CPM_DROP_PHY,12,7,699721398584,39786
veh7,699721398595,,33.3621,0,CPM_DROP_PHY,6,7,699721398595,39799
veh7,699721398599,,33.3708,0,CPM_DROP_PHY,9,7,699721398599,39804
veh7,699721398604,,33.3773,0,CPM_DROP_PHY,4,7,699721398604,39813
veh7,43221,,33.3986,0,CAM_DROP_PHY,10,7,43221,39830
veh7,699721398628,,33.4033,0,CPM_DROP_PHY,8,7,699721398628,39835
veh7,43239,,33.4058,0,CAM_DROP_PHY,2,7,43239,39850
veh7,699721398635,,33.4103,0,CPM_DROP_PHY,11,7,699721398635,39849
veh7,43244,,33.4103,0,CAM_DROP_PHY,11,7,43244,39849
veh7,699721398728,,33.4186,0,CPM_DROP_PHY,10,7,699721398728,39874
veh7,43318,,33.4211,0,CAM_DROP_PHY,12,7,43318,39857
veh7,699721398734,,33.4258,0,CPM_DROP_PHY,2,7,699721398734,39881
veh7,699721398748,,33.4301,0,CPM_DROP_PHY,5,7,699721398748,39904
veh7,43342,,33.4373,0,CAM_DROP_PHY,4,7,43342,39897
veh7,699721398761,,33.4493,0,CPM_DROP_PHY,3,7,699721398761,39926
veh7,699721398784,,33.4611,0,CPM_DROP_PHY,12,7,699721398784,39962
veh7,699721398795,,33.4621,0,CPM_DROP_PHY,6,7,699721398795,39976
veh7,43380,,33.4708,0,CAM_DROP_PHY,9,7,43380,39957
veh7,699721398798,,33.4708,0,CPM_DROP_PHY,9,7,699721398798,39957
veh7,699721398803,,33.4773,0,CPM_DROP_PHY,4,7,699721398803,39990
veh7,699721398828,,33.5013,0,CPM_DROP_PHY,8,7,699721398828,40011
veh7,43515,,33.5101,0,CAM_DROP_PHY,5,7,43515,40037
veh7,699721398837,,33.5103,0,CPM_DROP_PHY,11,7,699721398837,40025
veh7,699721398918,,33.5186,0,CPM_DROP_PHY,10,7,699721398918,40038
veh7,699721398925,,33.5258,0,CPM_DROP_PHY,2,7,699721398925,40047
veh7,699721398939,,33.5301,0,CPM_DROP_PHY,5,7,699721398939,40072
veh7,43549,,33.5413,0,CAM_DROP_PHY,8,7,43549,40090
veh7,43569,33.5423,,0,CAM,7,,43569,-1
veh7,43553,,33.5493,0,CAM_DROP_PHY,3,7,43553,40093
veh7,699721398957,,33.5493,0,CPM_DROP_PHY,3,7,699721398957,40093
veh7,43583,,33.5621,0,CAM_DROP_PHY,6,7,43583,40130
veh7,699721398994,,33.5621,0,CPM_DROP_PHY,6,7,699721398994,40130
veh7,699721398998,,33.5708,0,CPM_DROP_PHY,9,7,699721398998,40152
veh7,699721399004,,33.5771,0,CPM_DROP_PHY,4,7,699721399004,40160
veh7,699721399025,,33.6013,0,CPM_DROP_PHY,8,7,699721399025,40183
veh7,43636,,33.6058,0,CAM_DROP_PHY,2,7,43636,40197
veh7,699721399032,,33.6103,0,CPM_DROP_PHY,11,7,699721399032,40195
veh7,699721399120,,33.6186,0,CPM_DROP_PHY,10,7,699721399120,40211
veh7,699721399125,,33.6258,0,CPM_DROP_PHY,2,7,699721399125,40218
veh7,699721399137,,33.6301,0,CPM_DROP_PHY,5,7,699721399137,40242
veh7,699721399151,,33.6493,0,CPM_DROP_PHY,3,7,699721399151,40263
veh7,699721398980,,33.6611,0,CPM_DROP_PHY,12,7,699721398980,40129
veh7,43712,,33.6611,0,CAM_DROP_PHY,12,7,43712,40203
veh7,699721399171,,33.6611,0,CPM_DROP_PHY,12,7,699721399171,40293
veh7,699721399181,,33.6621,0,CPM_DROP_PHY,6,7,699721399181,40306
veh7,699721399184,,33.6708,0,CPM_DROP_PHY,9,7,699721399184,40311
veh7,699721399190,,33.6771,0,CPM_DROP_PHY,4,7,699721399190,40319
veh7,43807,,33.6891,0,CAM_DROP_PHY,10,7,43807,40338
veh7,699721399214,,33.7013,0,CPM_DROP_PHY,8,7,699721399214,40343
veh7,699721399308,,33.7091,0,CPM_DROP_PHY,10,7,699721399308,40374
veh7,699721399223,,33.7103,0,CPM_DROP_PHY,11,7,699721399223,40360
veh7,43828,,33.7103,0,CAM_DROP_PHY,11,7,43828,40360
veh7,699721399315,,33.7258,0,CPM_DROP_PHY,2,7,699721399315,40385
veh7,699721399329,,33.7301,0,CPM_DROP_PHY,5,7,699721399329,40402
veh7,43922,,33.7371,0,CAM_DROP_PHY,4,7,43922,40397
veh7,699721399341,,33.7473,0,CPM_DROP_PHY,3,7,699721399341,40419
veh7,699721399363,,33.7611,0,CPM_DROP_PHY,12,7,699721399363,40452
veh7,699721399376,,33.7708,0,CPM_DROP_PHY,9,7,699721399376,40469
veh7,699721399373,,33.7731,0,CPM_DROP_PHY,6,7,699721399373,40467
veh7,699721399380,,33.7771,0,CPM_DROP_PHY,4,7,699721399380,40473
veh7,699721399402,,33.8013,0,CPM_DROP_PHY,8,7,699721399402,40501
veh7,44014,,33.8058,0,CAM_DROP_PHY,2,7,44014,40518
veh7,699721399501,,33.8091,0,CPM_DROP_PHY,10,7,699721399501,40532
veh7,44096,,33.8101,0,CAM_DROP_PHY,5,7,44096,40531
veh7,699721399410,,33.8103,0,CPM_DROP_PHY,11,7,699721399410,40516
veh7,699721399508,,33.8258,0,CPM_DROP_PHY,2,7,699721399508,40544
veh7,699721399522,,33.8301,0,CPM_DROP_PHY,5,7,699721399522,40573
veh7,44150,33.8423,,0,CAM,7,,44150,-1
veh7,44133,,33.8473,0,CAM_DROP_PHY,3,7,44133,40591
veh7,699721399537,,33.8473,0,CPM_DROP_PHY,3,7,699721399537,40591
veh7,44166,,33.8531,0,CAM_DROP_PHY,6,7,44166,40626
veh7,44159,,33.8708,0,CAM_DROP_PHY,9,7,44159,40621
veh7,699721399579,,33.8708,0,CPM_DROP_PHY,9,7,699721399579,40621
veh7,699721399576,,33.8731,0,CPM_DROP_PHY,6,7,699721399576,40645
veh7,699721399584,,33.8771,0,CPM_DROP_PHY,4,7,699721399584,40652
veh7,699721399607,,33.9013,0,CPM_DROP_PHY,8,7,699721399607,40687
veh7,699721399691,,33.9091,0,CPM_DROP_PHY,10,7,699721399691,40711
veh7,699721399615,,33.9103,0,CPM_DROP_PHY,11,7,699721399615,40701
veh7,699721399697,,33.9178,0,CPM_DROP_PHY,2,7,699721399697,40721
veh7,699721399709,,33.9301,0,CPM_DROP_PHY,5,7,699721399709,40743
veh7,699721399723,,33.9473,0,CPM_DROP_PHY,3,7,699721399723,40758
veh7,699721399563,,33.9611,0,CPM_DROP_PHY,12,7,699721399563,40625
veh7,699721399744,,33.9611,0,CPM_DROP_PHY,12,7,699721399744,40788
veh7,699721399757,,33.9708,0,CPM_DROP_PHY,9,7,699721399757,40807
veh7,699721399755,,33.9731,0,CPM_DROP_PHY,6,7,699721399755,40805
veh7,699721399761,,33.9771,0,CPM_DROP_PHY,4,7,699721399761,40809
veh7,44380,,33.9891,0,CAM_DROP_PHY,10,7,44380,40830
veh7,44401,,33.9978,0,CAM_DROP_PHY,2,7,44401,40859
veh7,699721399883,,34.0091,0,CPM_DROP_PHY,10,7,699721399883,40880
veh7,699721399797,,34.0103,0,CPM_DROP_PHY,11,7,699721399797,40856
veh7,44406,,34.0103,0,CAM_DROP_PHY,11,7,44406,40856
veh7,699721399891,,34.0178,0,CPM_DROP_PHY,2,7,699721399891,40889
veh7,44476,,34.0211,0,CAM_DROP_PHY,12,7,44476,40872
veh7,699721399906,,34.0301,0,CPM_DROP_PHY,5,7,699721399906,40917
veh7,44499,,34.0371,0,CAM_DROP_PHY,4,7,44499,40905
veh7,699721399918,,34.0473,0,CPM_DROP_PHY,3,7,699721399918,40933
veh7,699721399940,,34.0611,0,CPM_DROP_PHY,12,7,699721399940,40965
veh7,699721399950,,34.0731,0,CPM_DROP_PHY,6,7,699721399950,40981
veh7,699721399953,,34.0751,0,CPM_DROP_PHY,9,7,699721399953,40983
veh7,699721399958,,34.0771,0,CPM_DROP_PHY,4,7,699721399958,40985
veh7,699721399788,,34.1013,0,CPM_DROP_PHY,8,7,699721399788,40839
veh7,699721399985,,34.1013,0,CPM_DROP_PHY,8,7,699721399985,41016
veh7,699721400073,,34.1091,0,CPM_DROP_PHY,10,7,699721400073,41040
veh7,44669,,34.1101,0,CAM_DROP_PHY,5,7,44669,41039
veh7,699721399992,,34.1103,0,CPM_DROP_PHY,11,7,699721399992,41027
veh7,44597,,34.1103,0,CAM_DROP_PHY,11,7,44597,41027
veh7,699721400080,,34.1178,0,CPM_DROP_PHY,2,7,699721400080,41051
veh7,699721400092,,34.1301,0,CPM_DROP_PHY,5,7,699721400092,41079
veh7,44718,34.1423,,0,CAM,7,,44718,-1
veh7,44703,,34.1473,0,CAM_DROP_PHY,3,7,44703,41092
veh7,699721400107,,34.1473,0,CPM_DROP_PHY,3,7,699721400107,41092
veh7,44732,,34.1531,0,CAM_DROP_PHY,6,7,44732,41121
veh7,699721400130,,34.1611,0,CPM_DROP_PHY,12,7,699721400130,41119
veh7,699721400143,,34.1731,0,CPM_DROP_PHY,6,7,699721400143,41142
veh7,699721400146,,34.1751,0,CPM_DROP_PHY,9,7,699721400146,41144
veh7,699721400150,,34.1771,0,CPM_DROP_PHY,4,7,699721400150,41148
veh7,44786,,34.1978,0,CAM_DROP_PHY,2,7,44786,41199
veh7,699721400174,,34.2013,0,CPM_DROP_PHY,8,7,699721400174,41185
veh7,699721400182,,34.2103,0,CPM_DROP_PHY,11,7,699721400182,41196
veh7,44791,,34.2103,0,CAM_DROP_PHY,11,7,44791,41196
veh7,699721400266,,34.2121,0,CPM_DROP_PHY,10,7,699721400266,41216
veh7,699721400271,,34.2178,0,CPM_DROP_PHY,2,7,699721400271,41221
veh7,699721400284,,34.2256,0,CPM_DROP_PHY,5,7,699721400284,41248
veh7,699721400298,,34.2473,0,CPM_DROP_PHY,3,7,699721400298,41264
veh7,44915,,34.2551,0,CAM_DROP_PHY,9,7,44915,41287
veh7,699721400319,,34.2611,0,CPM_DROP_PHY,12,7,699721400319,41292
veh7,699721400330,,34.2731,0,CPM_DROP_PHY,6,7,699721400330,41314
veh7,699721400333,,34.2751,0,CPM_DROP_PHY,9,7,699721400333,41317
veh7,699721400338,,34.2771,0,CPM_DROP_PHY,4,7,699721400338,41322
veh7,44956,,34.2921,0,CAM_DROP_PHY,10,7,44956,41342
veh7,44975,,34.2978,0,CAM_DROP_PHY,2,7,44975,41371
veh7,699721400372,,34.3103,0,CPM_DROP_PHY,11,7,699721400372,41367
veh7,44980,,34.3103,0,CAM_DROP_PHY,11,7,44980,41367
veh7,699721400457,,34.3121,0,CPM_DROP_PHY,10,7,699721400457,41394
veh7,699721400463,,34.3178,0,CPM_DROP_PHY,2,7,699721400463,41398
veh7,45049,,34.3211,0,CAM_DROP_PHY,12,7,45049,41383
veh7,699721400479,,34.3256,0,CPM_DROP_PHY,5,7,699721400479,41430
veh7,45071,,34.3371,0,CAM_DROP_PHY,4,7,45071,41414
veh7,699721400492,,34.3473,0,CPM_DROP_PHY,3,7,699721400492,41446
veh7,699721400513,,34.3611,0,CPM_DROP_PHY,12,7,699721400513,41477
veh7,699721400525,,34.3751,0,CPM_DROP_PHY,9,7,699721400525,41496
veh7,699721400529,,34.3771,0,CPM_DROP_PHY,4,7,699721400529,41499
veh7,699721400522,,34.3791,0,CPM_DROP_PHY,6,7,699721400522,41494
veh7,45164,,34.3978,0,CAM_DROP_PHY,2,7,45164,41542
veh7,699721400364,,34.4013,0,CPM_DROP_PHY,8,7,699721400364,41355
veh7,699721400552,,34.4013,0,CPM_DROP_PHY,8,7,699721400552,41531
veh7,699721400560,,34.4103,0,CPM_DROP_PHY,11,7,699721400560,41539
veh7,699721400642,,34.4121,0,CPM_DROP_PHY,10,7,699721400642,41564
veh7,699721400648,,34.4178,0,CPM_DROP_PHY,2,7,699721400648,41569
veh7,45238,,34.4256,0,CAM_DROP_PHY,5,7,45238,41563
veh7,699721400660,,34.4256,0,CPM_DROP_PHY,5,7,699721400660,41563
veh7,45284,34.4423,,0,CAM,7,,45284,-1
veh7,45270,,34.4473,0,CAM_DROP_PHY,3,7,45270,41604
veh7,699721400674,,34.4473,0,CPM_DROP_PHY,3,7,699721400674,41604
veh7,45298,,34.4591,0,CAM_DROP_PHY,6,7,45298,41634
veh7,699721400696,,34.4611,0,CPM_DROP_PHY,12,7,699721400696,41632
veh7,699721400712,,34.4751,0,CPM_DROP_PHY,9,7,699721400712,41656
veh7,699721400717,,34.4771,0,CPM_DROP_PHY,4,7,699721400717,41663
veh7,699721400709,,34.4791,0,CPM_DROP_PHY,6,7,699721400709,41654
veh7,45354,,34.4978,0,CAM_DROP_PHY,2,7,45354,41711
veh7,699721400741,,34.5011,0,CPM_DROP_PHY,8,7,699721400741,41700
veh7,699721400749,,34.5103,0,CPM_DROP_PHY,11,7,699721400749,41708
veh7,45359,,34.5103,0,CAM_DROP_PHY,11,7,45359,41708
veh7,699721400835,,34.5121,0,CPM_DROP_PHY,10,7,699721400835,41733
veh7,699721400840,,34.5178,0,CPM_DROP_PHY,2,7,699721400840,41738
veh7,699721400852,,34.5256,0,CPM_DROP_PHY,5,7,699721400852,41761
veh7,45461,,34.5411,0,CAM_DROP_PHY,8,7,45461,41772
veh7,699721400866,,34.5473,0,CPM_DROP_PHY,3,7,699721400866,41776
veh7,45484,,34.5551,0,CAM_DROP_PHY,9,7,45484,41804
veh7,699721400888,,34.5593,0,CPM_DROP_PHY,12,7,699721400888,41808
veh7,699721400902,,34.5751,0,CPM_DROP_PHY,9,7,699721400902,41829
veh7,699721400908,,34.5771,0,CPM_DROP_PHY,4,7,699721400908,41837
veh7,699721400899,,34.5791,0,CPM_DROP_PHY,6,7,699721400899,41827
veh7,45526,,34.5921,0,CAM_DROP_PHY,10,7,45526,41856
veh7,45546,,34.5978,0,CAM_DROP_PHY,2,7,45546,41883
veh7,699721400934,,34.6011,0,CPM_DROP_PHY,8,7,699721400934,41869
veh7,699721400942,,34.6103,0,CPM_DROP_PHY,11,7,699721400942,41879
veh7,699721401026,,34.6121,0,CPM_DROP_PHY,10,7,699721401026,41908
veh7,699721401032,,34.6178,0,CPM_DROP_PHY,2,7,699721401032,41914
veh7,45618,,34.6193,0,CAM_DROP_PHY,12,7,45618,41895
veh7,699721401047,,34.6256,0,CPM_DROP_PHY,5,7,699721401047,41941
veh7,45640,,34.6371,0,CAM_DROP_PHY,4,7,45640,41929
veh7,699721401059,,34.6493,0,CPM_DROP_PHY,3,7,699721401059,41959
veh7,699721401078,,34.6593,0,CPM_DROP_PHY,12,7,699721401078,41988
veh7,699721401091,,34.6751,0,CPM_DROP_PHY,9,7,699721401091,42008
veh7,699721401096,,34.6771,0,CPM_DROP_PHY,4,7,699721401096,42013
veh7,699721401089,,34.6791,0,CPM_DROP_PHY,6,7,699721401089,42007
veh7,45730,,34.6978,0,CAM_DROP_PHY,2,7,45730,42054
veh7,699721401119,,34.7011,0,CPM_DROP_PHY,8,7,699721401119,42043
veh7,699721401126,,34.7103,0,CPM_DROP_PHY,11,7,699721401126,42051
veh7,699721401208,,34.7121,0,CPM_DROP_PHY,10,7,699721401208,42075
veh7,699721401214,,34.7178,0,CPM_DROP_PHY,2,7,699721401214,42081
veh7,45804,,34.7256,0,CAM_DROP_PHY,5,7,45804,42074
veh7,699721401225,,34.7256,0,CPM_DROP_PHY,5,7,699721401225,42074
veh7,45851,34.7423,,0,CAM,7,,45851,-1
veh7,45836,,34.7493,0,CAM_DROP_PHY,3,7,45836,42116
veh7,699721401240,,34.7493,0,CPM_DROP_PHY,3,7,699721401240,42116
veh7,45864,,34.7591,0,CAM_DROP_PHY,6,7,45864,42145
veh7,699721401261,,34.7593,0,CPM_DROP_PHY,12,7,699721401261,42143
veh7,699721401278,,34.7751,0,CPM_DROP_PHY,9,7,699721401278,42168
veh7,699721401283,,34.7771,0,CPM_DROP_PHY,4,7,699721401283,42177
veh7,699721401275,,34.7791,0,CPM_DROP_PHY,6,7,699721401275,42167
veh7,45917,,34.7978,0,CAM_DROP_PHY,2,7,45917,42223
veh7,699721401306,,34.8011,0,CPM_DROP_PHY,8,7,699721401306,42212
veh7,699721401313,,34.8103,0,CPM_DROP_PHY,11,7,699721401313,42220
veh7,45922,,34.8103,0,CAM_DROP_PHY,11,7,45922,42220
veh7,699721401397,,34.8121,0,CPM_DROP_PHY,10,7,699721401397,42244
veh7,699721401402,,34.8178,0,CPM_DROP_PHY,2,7,699721401402,42250
veh7,699721401414,,34.8256,0,CPM_DROP_PHY,5,7,699721401414,42273
veh7,46023,,34.8411,0,CAM_DROP_PHY,8,7,46023,42284
veh7,699721401429,,34.8493,0,CPM_DROP_PHY,3,7,699721401429,42288
veh7,46048,,34.8551,0,CAM_DROP_PHY,9,7,46048,42316
veh7,699721401452,,34.8593,0,CPM_DROP_PHY,12,7,699721401452,42319
veh7,699721401467,,34.8751,0,CPM_DROP_PHY,9,7,699721401467,42342
veh7,699721401464,,34.8791,0,CPM_DROP_PHY,6,7,699721401464,42340
veh7,699721401472,,34.8808,0,CPM_DROP_PHY,4,7,699721401472,42349
veh7,46090,,34.8921,0,CAM_DROP_PHY,10,7,46090,42365
veh7,46113,,34.8978,0,CAM_DROP_PHY,2,7,46113,42394
veh7,699721401499,,34.9011,0,CPM_DROP_PHY,8,7,699721401499,42380
veh7,699721401508,,34.9103,0,CPM_DROP_PHY,11,7,699721401508,42391
veh7,699721401600,,34.9121,0,CPM_DROP_PHY,10,7,699721401600,42420
veh7,699721401605,,34.9178,0,CPM_DROP_PHY,2,7,699721401605,42426
veh7,46191,,34.9193,0,CAM_DROP_PHY,12,7,46191,42407
veh7,46214,,34.9208,0,CAM_DROP_PHY,4,7,46214,42441
veh7,699721401626,,34.9256,0,CPM_DROP_PHY,5,7,699721401626,42456
veh7,46239,,34.9493,0,CAM_DROP_PHY,3,7,46239,42476
veh7,699721401663,,34.9593,0,CPM_DROP_PHY,12,7,699721401663,42502
veh7,699721401644,,34.9693,0,CPM_DROP_PHY,3,7,699721401644,42476
veh7,699721401676,,34.9751,0,CPM_DROP_PHY,9,7,699721401676,42521
veh7,699721401673,,34.9791,0,CPM_DROP_PHY,6,7,699721401673,42520
veh7,699721401680,,34.9808,0,CPM_DROP_PHY,4,7,699721401680,42526
veh7,46318,,34.9978,0,CAM_DROP_PHY,2,7,46318,42573
veh7,699721401705,,35.0011,0,CPM_DROP_PHY,8,7,699721401705,42562
veh7,699721401714,,35.0103,0,CPM_DROP_PHY,11,7,699721401714,42571
veh7,699721401810,,35.0121,0,CPM_DROP_PHY,10,7,699721401810,42595
veh7,699721401815,,35.0178,0,CPM_DROP_PHY,2,7,699721401815,42601
veh7,46406,,35.0256,0,CAM_DROP_PHY,5,7,46406,42594
veh7,699721401827,,35.0256,0,CPM_DROP_PHY,5,7,699721401827,42594
veh7,46454,35.0423,,0,CAM,7,,46454,-1
veh7,46437,,35.0493,0,CAM_DROP_PHY,3,7,46437,42636
veh7,699721401843,,35.0493,0,CPM_DROP_PHY,3,7,699721401843,42636
veh7,46467,,35.0591,0,CAM_DROP_PHY,6,7,46467,42665
veh7,699721401864,,35.0593,0,CPM_DROP_PHY,12,7,699721401864,42663
veh7,699721401881,,35.0751,0,CPM_DROP_PHY,9,7,699721401881,42692
veh7,699721401879,,35.0791,0,CPM_DROP_PHY,6,7,699721401879,42691
veh7,699721401887,,35.0808,0,CPM_DROP_PHY,4,7,699721401887,42701
veh7,46525,,35.0978,0,CAM_DROP_PHY,2,7,46525,42742
veh7,699721401912,,35.1011,0,CPM_DROP_PHY,8,7,699721401912,42731
veh7,699721402022,,35.1103,0,CPM_DROP_PHY,10,7,699721402022,42764
veh7,699721401921,,35.1103,0,CPM_DROP_PHY,11,7,699721401921,42740
veh7,46530,,35.1103,0,CAM_DROP_PHY,11,7,46530,42740
veh7,699721402028,,35.1178,0,CPM_DROP_PHY,2,7,699721402028,42774
veh7,699721402039,,35.1256,0,CPM_DROP_PHY,5,7,699721402039,42793
veh7,46648,,35.1411,0,CAM_DROP_PHY,8,7,46648,42806
veh7,46652,,35.1493,0,CAM_DROP_PHY,3,7,46652,42807
veh7,699721402080,,35.1593,0,CPM_DROP_PHY,12,7,699721402080,42842
veh7,699721402057,,35.1693,0,CPM_DROP_PHY,3,7,699721402057,42807
veh7,46677,,35.1701,0,CAM_DROP_PHY,9,7,46677,42841
veh7,699721402093,,35.1701,0,CPM_DROP_PHY,9,7,699721402093,42841
veh7,699721402090,,35.1791,0,CPM_DROP_PHY,6,7,699721402090,42858
veh7,699721402098,,35.1808,0,CPM_DROP_PHY,4,7,699721402098,42864
veh7,46715,,35.1903,0,CAM_DROP_PHY,10,7,46715,42887
veh7,46738,,35.1978,0,CAM_DROP_PHY,2,7,46738,42914
veh7,699721402125,,35.2011,0,CPM_DROP_PHY,8,7,699721402125,42902
veh7,699721402227,,35.2103,0,CPM_DROP_PHY,10,7,699721402227,42941
veh7,699721402133,,35.2103,0,CPM_DROP_PHY,11,7,699721402133,42913
veh7,699721402233,,35.2178,0,CPM_DROP_PHY,2,7,699721402233,42951
veh7,46818,,35.2193,0,CAM_DROP_PHY,12,7,46818,42928
veh7,46841,,35.2208,0,CAM_DROP_PHY,4,7,46841,42963
veh7,699721402249,,35.2256,0,CPM_DROP_PHY,5,7,699721402249,42977
veh7,46860,,35.2493,0,CAM_DROP_PHY,3,7,46860,42998
veh7,699721402266,,35.2493,0,CPM_DROP_PHY,3,7,699721402266,42998
veh7,699721402284,,35.2593,0,CPM_DROP_PHY,12,7,699721402284,43025
veh7,699721402296,,35.2701,0,CPM_DROP_PHY,9,7,699721402296,43042
veh7,699721402294,,35.2791,0,CPM_DROP_PHY,6,7,699721402294,43041
veh7,699721402301,,35.2808,0,CPM_DROP_PHY,4,7,699721402301,43047
veh7,46937,,35.2978,0,CAM_DROP_PHY,2,7,46937,43087
veh7,699721402325,,35.3011,0,CPM_DROP_PHY,8,7,699721402325,43077
veh7,699721402333,,35.3103,0,CPM_DROP_PHY,11,7,699721402333,43086
veh7,699721402425,,35.3218,0,CPM_DROP_PHY,10,7,699721402425,43109
veh7,47021,,35.3256,0,CAM_DROP_PHY,5,7,47021,43108
veh7,47064,35.3423,,0,CAM,7,,47064,-1
veh7,699721402440,,35.3456,0,CPM_DROP_PHY,5,7,699721402440,43108
veh7,699721402453,,35.3493,0,CPM_DROP_PHY,3,7,699721402453,43145
veh7,47076,,35.3591,0,CAM_DROP_PHY,6,7,47076,43174
veh7,699721402473,,35.3593,0,CPM_DROP_PHY,12,7,699721402473,43172
veh7,699721402491,,35.3701,0,CPM_DROP_PHY,9,7,699721402491,43204
veh7,699721402488,,35.3791,0,CPM_DROP_PHY,6,7,699721402488,43203
veh7,699721402522,,35.4011,0,CPM_DROP_PHY,8,7,699721402522,43248
veh7,699721402623,,35.4103,0,CPM_DROP_PHY,10,7,699721402623,43269
veh7,699721402528,,35.4103,0,CPM_DROP_PHY,11,7,699721402528,43254
veh7,47136,,35.4103,0,CAM_DROP_PHY,11,7,47136,43254
veh7,47132,,35.4121,0,CAM_DROP_PHY,2,7,47132,43256
veh7,699721402641,,35.4418,0,CPM_DROP_PHY,5,7,699721402641,43298
veh7,47252,,35.4493,0,CAM_DROP_PHY,3,7,47252,43313
veh7,699721402676,,35.4593,0,CPM_DROP_PHY,12,7,699721402676,43345
veh7,699721402686,,35.4676,0,CPM_DROP_PHY,6,7,699721402686,43361
veh7,699721402656,,35.4693,0,CPM_DROP_PHY,3,7,699721402656,43313
veh7,699721402688,,35.4701,0,CPM_DROP_PHY,9,7,699721402688,43363
veh7,47314,,35.4903,0,CAM_DROP_PHY,10,7,47314,43399
veh7,699721402723,,35.4928,0,CPM_DROP_PHY,8,7,699721402723,43409
veh7,699721402732,,35.5088,0,CPM_DROP_PHY,11,7,699721402732,43423
veh7,47417,,35.5093,0,CAM_DROP_PHY,12,7,47417,43429
veh7,699721402826,,35.5103,0,CPM_DROP_PHY,10,7,699721402826,43436
veh7,47336,,35.5121,0,CAM_DROP_PHY,2,7,47336,43425
veh7,47456,,35.5328,0,CAM_DROP_PHY,8,7,47456,43486
veh7,47233,,35.5341,0,CAM_DROP_PHY,4,7,47233,43289
veh7,699721402694,,35.5341,0,CPM_DROP_PHY,4,7,699721402694,43367
veh7,47439,,35.5341,0,CAM_DROP_PHY,4,7,47439,43463
veh7,699721402847,,35.5418,0,CPM_DROP_PHY,5,7,699721402847,43470
veh7,699721402863,,35.5493,0,CPM_DROP_PHY,3,7,699721402863,43495
veh7,699721402895,,35.5676,0,CPM_DROP_PHY,6,7,699721402895,43541
veh7,699721402886,,35.5693,0,CPM_DROP_PHY,12,7,699721402886,43530
veh7,47483,,35.5701,0,CAM_DROP_PHY,9,7,47483,43529
veh7,699721402898,,35.5701,0,CPM_DROP_PHY,9,7,699721402898,43529
veh7,699721402903,,35.5741,0,CPM_DROP_PHY,4,7,699721402903,43544
veh7,699721402927,,35.5928,0,CPM_DROP_PHY,8,7,699721402927,43583
veh7,699721402935,,35.6088,0,CPM_DROP_PHY,11,7,699721402935,43596
veh7,47613,,35.6093,0,CAM_DROP_PHY,12,7,47613,43600
veh7,699721403020,,35.6103,0,CPM_DROP_PHY,10,7,699721403020,43604
veh7,47539,,35.6121,0,CAM_DROP_PHY,2,7,47539,43598
veh7,47632,,35.6341,0,CAM_DROP_PHY,4,7,47632,43631
veh7,699721403040,,35.6418,0,CPM_DROP_PHY,5,7,699721403040,43638
veh7,47651,,35.6493,0,CAM_DROP_PHY,3,7,47651,43659
veh7,699721403086,,35.6676,0,CPM_DROP_PHY,6,7,699721403086,43701
veh7,699721403076,,35.6693,0,CPM_DROP_PHY,12,7,699721403076,43690
veh7,699721403056,,35.6693,0,CPM_DROP_PHY,3,7,699721403056,43659
veh7,699721403089,,35.6701,0,CPM_DROP_PHY,9,7,699721403089,43703
veh7,699721403093,,35.6741,0,CPM_DROP_PHY,4,7,699721403093,43704
veh7,699721403119,,35.6928,0,CPM_DROP_PHY,8,7,699721403119,43750
veh7,699721403127,,35.7088,0,CPM_DROP_PHY,11,7,699721403127,43763
veh7,47735,,35.7088,0,CAM_DROP_PHY,11,7,47735,43763
veh7,47809,,35.7093,0,CAM_DROP_PHY,12,7,47809,43768
veh7,699721403218,,35.7103,0,CPM_DROP_PHY,10,7,699721403218,43773
veh7,47731,,35.7121,0,CAM_DROP_PHY,2,7,47731,43765
veh7,47815,,35.7218,0,CAM_DROP_PHY,5,7,47815,43771
veh7,47832,,35.7341,0,CAM_DROP_PHY,4,7,47832,43800
veh7,699721403239,,35.7418,0,CPM_DROP_PHY,5,7,699721403239,43809
veh7,47865,35.7423,,0,CAM,7,,47865,-1
veh7,699721403253,,35.7493,0,CPM_DROP_PHY,3,7,699721403253,43835
veh7,47878,,35.7676,0,CAM_DROP_PHY,6,7,47878,43868
veh7,699721403275,,35.7693,0,CPM_DROP_PHY,12,7,699721403275,43866
veh7,699721403291,,35.7701,0,CPM_DROP_PHY,9,7,699721403291,43886
veh7,699721403288,,35.7876,0,CPM_DROP_PHY,6,7,699721403288,43868
veh7,47914,,35.7903,0,CAM_DROP_PHY,10,7,47914,43917
veh7,699721403323,,35.7928,0,CPM_DROP_PHY,8,7,699721403323,43928
veh7,699721403332,,35.8088,0,CPM_DROP_PHY,11,7,699721403332,43946
veh7,48013,,35.8093,0,CAM_DROP_PHY,12,7,48013,43956
veh7,699721403420,,35.8103,0,CPM_DROP_PHY,10,7,699721403420,43963
veh7,47936,,35.8121,0,CAM_DROP_PHY,2,7,47936,43951
veh7,699721403427,,35.8121,0,CPM_DROP_PHY,2,7,699721403427,43951
veh7,699721403442,,35.8418,0,CPM_DROP_PHY,5,7,699721403442,43998
veh7,699721403455,,35.8493,0,CPM_DROP_PHY,3,7,699721403455,44019
veh7,699721403484,,35.8676,0,CPM_DROP_PHY,6,7,699721403484,44060
veh7,699721403474,,35.8693,0,CPM_DROP_PHY,12,7,699721403474,44049
veh7,699721403486,,35.8701,0,CPM_DROP_PHY,9,7,699721403486,44062
veh7,699721403516,,35.8928,0,CPM_DROP_PHY,8,7,699721403516,44102
veh7,699721403524,,35.9088,0,CPM_DROP_PHY,11,7,699721403524,44115
veh7,699721403610,,35.9103,0,CPM_DROP_PHY,10,7,699721403610,44123
veh7,48127,,35.9121,0,CAM_DROP_PHY,2,7,48127,44117
veh7,48206,,35.9218,0,CAM_DROP_PHY,5,7,48206,44121
veh7,48236,,35.9328,0,CAM_DROP_PHY,8,7,48236,44172
veh7,48035,,35.9341,0,CAM_DROP_PHY,4,7,48035,43991
veh7,699721403491,,35.9341,0,CPM_DROP_PHY,4,7,699721403491,44063
veh7,699721403628,,35.9418,0,CPM_DROP_PHY,5,7,699721403628,44154
veh7,48242,,35.9493,0,CAM_DROP_PHY,3,7,48242,44179
veh7,699721403646,,35.9651,0,CPM_DROP_PHY,3,7,699721403646,44179
veh7,699721403679,,35.9676,0,CPM_DROP_PHY,6,7,699721403679,44221
veh7,699721403668,,35.9693,0,CPM_DROP_PHY,12,7,699721403668,44210
veh7,48265,,35.9701,0,CAM_DROP_PHY,9,7,48265,44209
veh7,699721403682,,35.9701,0,CPM_DROP_PHY,9,7,699721403682,44209
veh7,699721403687,,35.9741,0,CPM_DROP_PHY,4,7,699721403687,44227
veh7,699721403713,,35.9928,0,CPM_DROP_PHY,8,7,699721403713,44271
veh7,699721403721,,36.0088,0,CPM_DROP_PHY,11,7,699721403721,44283
veh7,48329,,36.0088,0,CAM_DROP_PHY,11,7,48329,44283
veh7,48406,,36.0093,0,CAM_DROP_PHY,12,7,48406,44288
veh7,699721403813,,36.0103,0,CPM_DROP_PHY,10,7,699721403813,44293
veh7,48325,,36.0121,0,CAM_DROP_PHY,2,7,48325,44285
veh7,48426,,36.0341,0,CAM_DROP_PHY,4,7,48426,44319
veh7,699721403833,,36.0418,0,CPM_DROP_PHY,5,7,699721403833,44326
veh7,699721403845,,36.0451,0,CPM_DROP_PHY,3,7,699721403845,44347
veh7,699721403874,,36.0676,0,CPM_DROP_PHY,6,7,699721403874,44388
veh7,699721403865,,36.0693,0,CPM_DROP_PHY,12,7,699721403865,44378
veh7,699721403877,,36.0701,0,CPM_DROP_PHY,9,7,699721403877,44390
veh7,699721403881,,36.0741,0,CPM_DROP_PHY,4,7,699721403881,44392
veh7,48500,,36.0903,0,CAM_DROP_PHY,10,7,48500,44420
veh7,699721403909,,36.0928,0,CPM_DROP_PHY,8,7,699721403909,44432
veh7,699721403917,,36.1088,0,CPM_DROP_PHY,11,7,699721403917,44446
veh7,699721404005,,36.1103,0,CPM_DROP_PHY,10,7,699721404005,44460
veh7,48521,,36.1121,0,CAM_DROP_PHY,2,7,48521,44448
veh7,48600,,36.1218,0,CAM_DROP_PHY,5,7,48600,44458
veh7,699721404022,,36.1418,0,CPM_DROP_PHY,5,7,699721404022,44490
veh7,48646,36.1423,,0,CAM,7,,48646,-1
veh7,699721404035,,36.1451,0,CPM_DROP_PHY,3,7,699721404035,44511
veh7,48660,,36.1676,0,CAM_DROP_PHY,6,7,48660,44541
veh7,699721404057,,36.1701,0,CPM_DROP_PHY,12,7,699721404057,44538
veh7,699721404072,,36.1701,0,CPM_DROP_PHY,9,7,699721404072,44553
veh7,699721404077,,36.1726,0,CPM_DROP_PHY,4,7,699721404077,44557
veh7,699721404069,,36.1876,0,CPM_DROP_PHY,6,7,699721404069,44541
veh7,699721404103,,36.1928,0,CPM_DROP_PHY,8,7,699721404103,44600
veh7,699721404111,,36.2088,0,CPM_DROP_PHY,11,7,699721404111,44615
veh7,699721404195,,36.2103,0,CPM_DROP_PHY,10,7,699721404195,44626
veh7,48716,,36.2121,0,CAM_DROP_PHY,2,7,48716,44619
veh7,699721404211,,36.2296,0,CPM_DROP_PHY,5,7,699721404211,44654
veh7,699721404224,,36.2451,0,CPM_DROP_PHY,3,7,699721404224,44674
veh7,699721404252,,36.2676,0,CPM_DROP_PHY,6,7,699721404252,44707
veh7,699721404242,,36.2701,0,CPM_DROP_PHY,12,7,699721404242,44697
veh7,699721404255,,36.2701,0,CPM_DROP_PHY,9,7,699721404255,44708
veh7,699721404260,,36.2726,0,CPM_DROP_PHY,4,7,699721404260,44710
veh7,699721404285,,36.2928,0,CPM_DROP_PHY,8,7,699721404285,44750
veh7,699721404292,,36.3088,0,CPM_DROP_PHY,11,7,699721404292,44763
veh7,48899,,36.3088,0,CAM_DROP_PHY,11,7,48899,44763
veh7,48974,,36.3101,0,CAM_DROP_PHY,12,7,48974,44767
veh7,699721404384,,36.3103,0,CPM_DROP_PHY,10,7,699721404384,44772
veh7,48896,,36.3121,0,CAM_DROP_PHY,2,7,48896,44764
veh7,48980,,36.3216,0,CAM_DROP_PHY,5,7,48980,44770
veh7,699721404405,,36.3296,0,CPM_DROP_PHY,5,7,699721404405,44813
veh7,48997,,36.3326,0,CAM_DROP_PHY,4,7,48997,44803
veh7,49014,,36.3346,0,CAM_DROP_PHY,8,7,49014,44831
veh7,49020,,36.3451,0,CAM_DROP_PHY,3,7,49020,44837
veh7,699721404425,,36.3651,0,CPM_DROP_PHY,3,7,699721404425,44837
veh7,699721404458,,36.3676,0,CPM_DROP_PHY,6,7,699721404458,44885
veh7,699721404449,,36.3701,0,CPM_DROP_PHY,12,7,699721404449,44875
veh7,49045,,36.3701,0,CAM_DROP_PHY,9,7,49045,44873
veh7,699721404461,,36.3701,0,CPM_DROP_PHY,9,7,699721404461,44873
veh7,699721404466,,36.3726,0,CPM_DROP_PHY,4,7,699721404466,44890
veh7,49086,,36.3903,0,CAM_DROP_PHY,10,7,49086,44928
veh7,699721404495,,36.3946,0,CPM_DROP_PHY,8,7,699721404495,44936
veh7,699721404503,,36.4088,0,CPM_DROP_PHY,11,7,699721404503,44947
veh7,699721404587,,36.4103,0,CPM_DROP_PHY,10,7,699721404587,44965
veh7,49108,,36.4121,0,CAM_DROP_PHY,2,7,49108,44952
veh7,699721404593,,36.4121,0,CPM_DROP_PHY,2,7,699721404593,44952
veh7,699721404605,,36.4296,0,CPM_DROP_PHY,5,7,699721404605,44991
veh7,699721404619,,36.4451,0,CPM_DROP_PHY,3,7,699721404619,45011
veh7,49242,,36.4618,0,CAM_DROP_PHY,6,7,49242,45037
veh7,699721404639,,36.4701,0,CPM_DROP_PHY,12,7,699721404639,45034
veh7,699721404654,,36.4701,0,CPM_DROP_PHY,9,7,699721404654,45049
veh7,699721404659,,36.4726,0,CPM_DROP_PHY,4,7,699721404659,45051
veh7,699721404651,,36.4818,0,CPM_DROP_PHY,6,7,699721404651,45037
veh7,699721404684,,36.4946,0,CPM_DROP_PHY,8,7,699721404684,45091
veh7,49378,,36.5096,0,CAM_DROP_PHY,5,7,49378,45117
veh7,699721404781,,36.5103,0,CPM_DROP_PHY,10,7,699721404781,45118
veh7,49296,,36.5121,0,CAM_DROP_PHY,2,7,49296,45109
veh7,699721404691,,36.5163,0,CPM_DROP_PHY,11,7,699721404691,45101
veh7,699721404798,,36.5296,0,CPM_DROP_PHY,5,7,699721404798,45151
veh7,49423,36.5423,,0,CAM,7,,49423,-1
veh7,699721404812,,36.5451,0,CPM_DROP_PHY,3,7,699721404812,45169
veh7,699721404844,,36.5618,0,CPM_DROP_PHY,6,7,699721404844,45206
veh7,699721404834,,36.5701,0,CPM_DROP_PHY,12,7,699721404834,45194
veh7,699721404847,,36.5701,0,CPM_DROP_PHY,9,7,699721404847,45210
veh7,699721404852,,36.5726,0,CPM_DROP_PHY,4,7,699721404852,45214
veh7,699721404877,,36.5946,0,CPM_DROP_PHY,8,7,699721404877,45255
veh7,699721404884,,36.5963,0,CPM_DROP_PHY,11,7,699721404884,45262
veh7,49490,,36.6083,0,CAM_DROP_PHY,2,7,49490,45270
veh7,49569,,36.6101,0,CAM_DROP_PHY,12,7,49569,45277
veh7,49494,,36.6163,0,CAM_DROP_PHY,11,7,49494,45273
veh7,699721404978,,36.6276,0,CPM_DROP_PHY,10,7,699721404978,45290
veh7,699721404996,,36.6296,0,CPM_DROP_PHY,5,7,699721404996,45317
veh7,49589,,36.6326,0,CAM_DROP_PHY,4,7,49589,45308
veh7,699721405010,,36.6451,0,CPM_DROP_PHY,3,7,699721405010,45339
veh7,49633,,36.6618,0,CAM_DROP_PHY,6,7,49633,45370
veh7,699721405046,,36.6671,0,CPM_DROP_PHY,9,7,699721405046,45383
veh7,699721405030,,36.6701,0,CPM_DROP_PHY,12,7,699721405030,45368
veh7,699721405051,,36.6726,0,CPM_DROP_PHY,4,7,699721405051,45385
veh7,699721405043,,36.6818,0,CPM_DROP_PHY,6,7,699721405043,45370
veh7,49671,,36.6876,0,CAM_DROP_PHY,10,7,49671,45417
veh7,699721405080,,36.6946,0,CPM_DROP_PHY,8,7,699721405080,45426
veh7,699721405087,,36.7011,0,CPM_DROP_PHY,11,7,699721405087,45437
veh7,49693,,36.7083,0,CAM_DROP_PHY,2,7,49693,45448
veh7,699721405174,,36.7276,0,CPM_DROP_PHY,10,7,699721405174,45471
veh7,699721405187,,36.7296,0,CPM_DROP_PHY,5,7,699721405187,45484
veh7,49795,,36.7346,0,CAM_DROP_PHY,8,7,49795,45495
veh7,49800,,36.7451,0,CAM_DROP_PHY,3,7,49800,45497
veh7,699721405204,,36.7451,0,CPM_DROP_PHY,3,7,699721405204,45497
veh7,699721405237,,36.7618,0,CPM_DROP_PHY,6,7,699721405237,45547
veh7,49824,,36.7671,0,CAM_DROP_PHY,9,7,49824,45535
veh7,699721405241,,36.7671,0,CPM_DROP_PHY,9,7,699721405241,45535
veh7,699721405228,,36.7701,0,CPM_DROP_PHY,12,7,699721405228,45537
veh7,699721405245,,36.7726,0,CPM_DROP_PHY,4,7,699721405245,45553
veh7,699721405271,,36.7946,0,CPM_DROP_PHY,8,7,699721405271,45591
veh7,699721405278,,36.7963,0,CPM_DROP_PHY,11,7,699721405278,45598
veh7,49883,,36.8083,0,CAM_DROP_PHY,2,7,49883,45606
veh7,49964,,36.8096,0,CAM_DROP_PHY,5,7,49964,45620
veh7,699721405368,,36.8276,0,CPM_DROP_PHY,10,7,699721405368,45625
veh7,699721405383,,36.8296,0,CPM_DROP_PHY,5,7,699721405383,45644
veh7,699721405394,,36.8451,0,CPM_DROP_PHY,3,7,699721405394,45659
veh7,50016,,36.8618,0,CAM_DROP_PHY,6,7,50016,45690
veh7,699721405429,,36.8671,0,CPM_DROP_PHY,9,7,699721405429,45703
veh7,699721405413,,36.8701,0,CPM_DROP_PHY,12,7,699721405413,45688
veh7,699721405434,,36.8726,0,CPM_DROP_PHY,4,7,699721405434,45705
veh7,699721405426,,36.8818,0,CPM_DROP_PHY,6,7,699721405426,45690
veh7,699721405460,,36.8946,0,CPM_DROP_PHY,8,7,699721405460,45745
veh7,699721405466,,36.9011,0,CPM_DROP_PHY,11,7,699721405466,45754
veh7,50073,,36.9083,0,CAM_DROP_PHY,2,7,50073,45765
veh7,50148,,36.9101,0,CAM_DROP_PHY,12,7,50148,45772
veh7,50076,,36.9163,0,CAM_DROP_PHY,11,7,50076,45768
veh7,699721405556,,36.9276,0,CPM_DROP_PHY,10,7,699721405556,45785
veh7,699721405573,,36.9296,0,CPM_DROP_PHY,5,7,699721405573,45811
veh7,50198,36.9423,,0,CAM,7,,50198,-1
veh7,699721405585,,36.9451,0,CPM_DROP_PHY,3,7,699721405585,45826
veh7,50212,,36.9618,0,CAM_DROP_PHY,6,7,50212,45859
veh7,699721405626,,36.9671,0,CPM_DROP_PHY,9,7,699721405626,45874
veh7,699721405609,,36.9701,0,CPM_DROP_PHY,12,7,699721405609,45857
veh7,699721405632,,36.9768,0,CPM_DROP_PHY,4,7,699721405632,45878
veh7,699721405623,,36.9818,0,CPM_DROP_PHY,6,7,699721405623,45859
veh7,699721405665,,36.9946,0,CPM_DROP_PHY,8,7,699721405665,45922
veh7,50255,,36.9996,0,CAM_DROP_PHY,10,7,50255,45910
veh7,699721405672,,37.0011,0,CPM_DROP_PHY,11,7,699721405672,45932
veh7,50278,,37.0083,0,CAM_DROP_PHY,2,7,50278,45944
veh7,699721405760,,37.0276,0,CPM_DROP_PHY,10,7,699721405760,45967
veh7,699721405765,,37.0283,0,CPM_DROP_PHY,2,7,699721405765,45970
veh7,699721405780,,37.0296,0,CPM_DROP_PHY,5,7,699721405780,45982
veh7,50372,,37.0368,0,CAM_DROP_PHY,4,7,50372,45979
veh7,699721405793,,37.0451,0,CPM_DROP_PHY,3,7,699721405793,45998
veh7,50420,,37.0618,0,CAM_DROP_PHY,6,7,50420,46041
veh7,699721405833,,37.0671,0,CPM_DROP_PHY,9,7,699721405833,46054
veh7,699721405816,,37.0701,0,CPM_DROP_PHY,12,7,699721405816,46039
veh7,699721405838,,37.0768,0,CPM_DROP_PHY,4,7,699721405838,46056
veh7,699721405829,,37.0818,0,CPM_DROP_PHY,6,7,699721405829,46041
veh7,699721405875,,37.0931,0,CPM_DROP_PHY,8,7,699721405875,46096
veh7,699721405883,,37.1011,0,CPM_DROP_PHY,11,7,699721405883,46107
veh7,50489,,37.1083,0,CAM_DROP_PHY,2,7,50489,46119
veh7,50574,,37.1096,0,CAM_DROP_PHY,5,7,50574,46130
veh7,699721405979,,37.1276,0,CPM_DROP_PHY,10,7,699721405979,46135
veh7,699721405994,,37.1296,0,CPM_DROP_PHY,5,7,699721405994,46155
veh7,50603,,37.1331,0,CAM_DROP_PHY,8,7,50603,46166
veh7,50625,37.1423,,0,CAM,7,,50625,-1
veh7,50609,,37.1451,0,CAM_DROP_PHY,3,7,50609,46171
veh7,699721406012,,37.1451,0,CPM_DROP_PHY,3,7,699721406012,46171
veh7,50642,,37.1618,0,CAM_DROP_PHY,6,7,50642,46211
veh7,50635,,37.1623,0,CAM_DROP_PHY,9,7,50635,46207
veh7,699721406039,,37.1701,0,CPM_DROP_PHY,12,7,699721406039,46209
veh7,699721406062,,37.1768,0,CPM_DROP_PHY,4,7,699721406062,46233
veh7,699721406052,,37.1818,0,CPM_DROP_PHY,6,7,699721406052,46211
veh7,699721406057,,37.1823,0,CPM_DROP_PHY,9,7,699721406057,46230
veh7,699721406094,,37.1931,0,CPM_DROP_PHY,8,7,699721406094,46276
veh7,699721406103,,37.2011,0,CPM_DROP_PHY,11,7,699721406103,46288
veh7,50710,,37.2088,0,CAM_DROP_PHY,2,7,50710,46303
veh7,50787,,37.2101,0,CAM_DROP_PHY,12,7,50787,46312
veh7,50714,,37.2163,0,CAM_DROP_PHY,11,7,50714,46308
veh7,699721406194,,37.2276,0,CPM_DROP_PHY,10,7,699721406194,46317
veh7,699721406210,,37.2296,0,CPM_DROP_PHY,5,7,699721406210,46348
veh7,699721406222,,37.2386,0,CPM_DROP_PHY,3,7,699721406222,46360
veh7,699721406252,,37.2618,0,CPM_DROP_PHY,6,7,699721406252,46401
veh7,699721406243,,37.2701,0,CPM_DROP_PHY,12,7,699721406243,46394
veh7,699721406260,,37.2768,0,CPM_DROP_PHY,4,7,699721406260,46407
veh7,699721406256,,37.2823,0,CPM_DROP_PHY,9,7,699721406256,46406
veh7,50884,,37.2876,0,CAM_DROP_PHY,10,7,50884,46430
veh7,699721406294,,37.2931,0,CPM_DROP_PHY,8,7,699721406294,46441
veh7,699721406302,,37.2963,0,CPM_DROP_PHY,11,7,699721406302,46453
veh7,50908,,37.3088,0,CAM_DROP_PHY,2,7,50908,46465
veh7,699721406383,,37.3276,0,CPM_DROP_PHY,10,7,699721406383,46482
veh7,699721406397,,37.3296,0,CPM_DROP_PHY,5,7,699721406397,46500
veh7,699721406409,,37.3386,0,CPM_DROP_PHY,3,7,699721406409,46511
veh7,51022,37.3423,,0,CAM,7,,51022,-1
veh7,51035,,37.3618,0,CAM_DROP_PHY,6,7,51035,46540
veh7,699721406452,,37.3768,0,CPM_DROP_PHY,4,7,699721406452,46555
veh7,699721406444,,37.3818,0,CPM_DROP_PHY,6,7,699721406444,46540
veh7,699721406448,,37.3823,0,CPM_DROP_PHY,9,7,699721406448,46554
veh7,699721406485,,37.3931,0,CPM_DROP_PHY,8,7,699721406485,46597
veh7,699721406494,,37.4011,0,CPM_DROP_PHY,11,7,699721406494,46614
veh7,51101,,37.4088,0,CAM_DROP_PHY,2,7,51101,46630
veh7,699721406579,,37.4276,0,CPM_DROP_PHY,10,7,699721406579,46641
veh7,699721406596,,37.4296,0,CPM_DROP_PHY,5,7,699721406596,46660
veh7,51189,,37.4368,0,CAM_DROP_PHY,4,7,51189,46657
veh7,699721406606,,37.4386,0,CPM_DROP_PHY,3,7,699721406606,46671
veh7,699721406636,,37.4618,0,CPM_DROP_PHY,6,7,699721406636,46714
veh7,699721406644,,37.4768,0,CPM_DROP_PHY,4,7,699721406644,46720
veh7,699721406640,,37.4823,0,CPM_DROP_PHY,9,7,699721406640,46719
veh7,699721406679,,37.4931,0,CPM_DROP_PHY,8,7,699721406679,46758
veh7,699721406687,,37.4963,0,CPM_DROP_PHY,11,7,699721406687,46768
veh7,51293,,37.5088,0,CAM_DROP_PHY,2,7,51293,46781
veh7,51370,,37.5096,0,CAM_DROP_PHY,5,7,51370,46793
veh7,51297,,37.5163,0,CAM_DROP_PHY,11,7,51297,46785
veh7,699721406774,,37.5276,0,CPM_DROP_PHY,10,7,699721406774,46795
veh7,699721406780,,37.5288,0,CPM_DROP_PHY,2,7,699721406780,46804
veh7,699721406794,,37.5296,0,CPM_DROP_PHY,5,7,699721406794,46833
veh7,51404,,37.5331,0,CAM_DROP_PHY,8,7,51404,46850
veh7,51409,,37.5386,0,CAM_DROP_PHY,3,7,51409,46855
veh7,699721406813,,37.5386,0,CPM_DROP_PHY,3,7,699721406813,46855
veh7,51426,37.5423,,0,CAM,7,,51426,-1
veh7,699721406849,,37.5618,0,CPM_DROP_PHY,6,7,699721406849,46900
veh7,51435,,37.5623,0,CAM_DROP_PHY,9,7,51435,46889
veh7,699721406858,,37.5768,0,CPM_DROP_PHY,4,7,699721406858,46908
veh7,699721406854,,37.5823,0,CPM_DROP_PHY,9,7,699721406854,46907
veh7,51489,,37.5876,0,CAM_DROP_PHY,10,7,51489,46945
veh7,699721406899,,37.5931,0,CPM_DROP_PHY,8,7,699721406899,46954
veh7,699721406909,,37.5963,0,CPM_DROP_PHY,11,7,699721406909,46971
veh7,51515,,37.6088,0,CAM_DROP_PHY,2,7,51515,46984
veh7,51364,,37.6111,0,CAM_DROP_PHY,12,7,51364,46789
veh7,699721406839,,37.6111,0,CPM_DROP_PHY,12,7,699721406839,46891
veh7,699721406999,,37.6276,0,CPM_DROP_PHY,10,7,699721406999,47000
veh7,699721407013,,37.6296,0,CPM_DROP_PHY,5,7,699721407013,47018
veh7,699721407024,,37.6386,0,CPM_DROP_PHY,3,7,699721407024,47029
veh7,699721407053,,37.6618,0,CPM_DROP_PHY,6,7,699721407053,47065
veh7,699721407044,,37.6711,0,CPM_DROP_PHY,12,7,699721407044,47056
veh7,699721407062,,37.6768,0,CPM_DROP_PHY,4,7,699721407062,47071
veh7,699721407058,,37.6823,0,CPM_DROP_PHY,9,7,699721407058,47070
veh7,699721407097,,37.6931,0,CPM_DROP_PHY,8,7,699721407097,47109
veh7,699721407104,,37.6963,0,CPM_DROP_PHY,11,7,699721407104,47119
veh7,51711,,37.7088,0,CAM_DROP_PHY,2,7,51711,47132
veh7,699721407191,,37.7276,0,CPM_DROP_PHY,10,7,699721407191,47143
veh7,699721407197,,37.7288,0,CPM_DROP_PHY,2,7,699721407197,47149
veh7,699721407207,,37.7321,0,CPM_DROP_PHY,5,7,699721407207,47162
veh7,51820,,37.7386,0,CAM_DROP_PHY,3,7,51820,47178
veh7,699721407224,,37.7386,0,CPM_DROP_PHY,3,7,699721407224,47178
veh7,51838,37.7423,,0,CAM,7,,51838,-1
veh7,51852,,37.7618,0,CAM_DROP_PHY,6,7,51852,47211
veh7,699721407249,,37.7711,0,CPM_DROP_PHY,12,7,699721407249,47209
veh7,699721407270,,37.7768,0,CPM_DROP_PHY,4,7,699721407270,47226
veh7,699721407261,,37.7783,0,CPM_DROP_PHY,6,7,699721407261,47211
veh7,699721407266,,37.7791,0,CPM_DROP_PHY,9,7,699721407266,47224
veh7,699721407306,,37.7931,0,CPM_DROP_PHY,8,7,699721407306,47269
veh7,699721407315,,37.8048,0,CPM_DROP_PHY,11,7,699721407315,47290
veh7,51924,,37.8048,0,CAM_DROP_PHY,11,7,51924,47290
veh7,51920,,37.8088,0,CAM_DROP_PHY,2,7,51920,47298
veh7,51994,,37.8111,0,CAM_DROP_PHY,12,7,51994,47304
veh7,699721407401,,37.8273,0,CPM_DROP_PHY,10,7,699721407401,47310
veh7,699721407407,,37.8288,0,CPM_DROP_PHY,2,7,699721407407,47317
veh7,699721407422,,37.8321,0,CPM_DROP_PHY,5,7,699721407422,47339
veh7,52031,,37.8331,0,CAM_DROP_PHY,8,7,52031,47353
veh7,52017,,37.8368,0,CAM_DROP_PHY,4,7,52017,47337
veh7,52037,,37.8386,0,CAM_DROP_PHY,3,7,52037,47361
veh7,699721407441,,37.8386,0,CPM_DROP_PHY,3,7,699721407441,47361
veh7,699721407463,,37.8711,0,CPM_DROP_PHY,12,7,699721407463,47401
veh7,699721407480,,37.8768,0,CPM_DROP_PHY,4,7,699721407480,47415
veh7,699721407472,,37.8783,0,CPM_DROP_PHY,6,7,699721407472,47412
veh7,699721407476,,37.8791,0,CPM_DROP_PHY,9,7,699721407476,47413
veh7,52103,,37.8873,0,CAM_DROP_PHY,10,7,52103,47445
veh7,699721407512,,37.8931,0,CPM_DROP_PHY,8,7,699721407512,47452
veh7,699721407521,,37.9048,0,CPM_DROP_PHY,11,7,699721407521,47470
veh7,52196,,37.9121,0,CAM_DROP_PHY,5,7,52196,47492
veh7,699721407599,,37.9273,0,CPM_DROP_PHY,10,7,699721407599,47493
veh7,699721407604,,37.9288,0,CPM_DROP_PHY,2,7,699721407604,47496
veh7,699721407615,,37.9321,0,CPM_DROP_PHY,5,7,699721407615,47515
veh7,52227,,37.9386,0,CAM_DROP_PHY,3,7,52227,47532
veh7,699721407631,,37.9386,0,CPM_DROP_PHY,3,7,699721407631,47532
veh7,52250,,37.9591,0,CAM_DROP_PHY,9,7,52250,47560
veh7,699721407653,,37.9711,0,CPM_DROP_PHY,12,7,699721407653,47562
veh7,699721407671,,37.9768,0,CPM_DROP_PHY,4,7,699721407671,47578
veh7,699721407663,,37.9783,0,CPM_DROP_PHY,6,7,699721407663,47575
veh7,699721407667,,37.9791,0,CPM_DROP_PHY,9,7,699721407667,47576
veh7,699721407701,,37.9931,0,CPM_DROP_PHY,8,7,699721407701,47619
veh7,699721407710,,38.0048,0,CPM_DROP_PHY,11,7,699721407710,47635
veh7,52315,,38.0088,0,CAM_DROP_PHY,2,7,52315,47643
veh7,699721407794,,38.0273,0,CPM_DROP_PHY,10,7,699721407794,47653
veh7,699721407800,,38.0288,0,CPM_DROP_PHY,2,7,699721407800,47660
veh7,699721407811,,38.0321,0,CPM_DROP_PHY,5,7,699721407811,47675
veh7,52419,,38.0331,0,CAM_DROP_PHY,8,7,52419,47688
veh7,52425,,38.0386,0,CAM_DROP_PHY,3,7,52425,47696
veh7,699721407829,,38.0386,0,CPM_DROP_PHY,3,7,699721407829,47696
veh7,52442,38.0423,,0,CAM,7,,52442,-1
veh7,699721407852,,38.0711,0,CPM_DROP_PHY,12,7,699721407852,47730
veh7,699721407861,,38.0783,0,CPM_DROP_PHY,6,7,699721407861,47741
veh7,699721407865,,38.0791,0,CPM_DROP_PHY,9,7,699721407865,47742
veh7,699721407897,,38.0931,0,CPM_DROP_PHY,8,7,699721407897,47782
veh7,699721407907,,38.1048,0,CPM_DROP_PHY,11,7,699721407907,47804
veh7,52514,,38.1048,0,CAM_DROP_PHY,11,7,52514,47804
veh7,52596,,38.1111,0,CAM_DROP_PHY,12,7,52596,47816
veh7,699721408003,,38.1273,0,CPM_DROP_PHY,10,7,699721408003,47822
veh7,699721408008,,38.1288,0,CPM_DROP_PHY,2,7,699721408008,47826
veh7,699721408019,,38.1321,0,CPM_DROP_PHY,5,7,699721408019,47843
veh7,52631,,38.1368,0,CAM_DROP_PHY,3,7,52631,47862
veh7,699721408036,,38.1368,0,CPM_DROP_PHY,3,7,699721408036,47862
veh7,699721408056,,38.1656,0,CPM_DROP_PHY,12,7,699721408056,47891
veh7,699721408066,,38.1783,0,CPM_DROP_PHY,6,7,699721408066,47902
veh7,699721408070,,38.1791,0,CPM_DROP_PHY,9,7,699721408070,47903
veh7,52694,,38.1873,0,CAM_DROP_PHY,10,7,52694,47934
veh7,699721408103,,38.1996,0,CPM_DROP_PHY,8,7,699721408103,47943
veh7,699721408111,,38.2048,0,CPM_DROP_PHY,11,7,699721408111,47958
veh7,52716,,38.2088,0,CAM_DROP_PHY,2,7,52716,47963
veh7,699721408197,,38.2273,0,CPM_DROP_PHY,10,7,699721408197,47983
veh7,699721408203,,38.2288,0,CPM_DROP_PHY,2,7,699721408203,47991
veh7,699721408216,,38.2321,0,CPM_DROP_PHY,5,7,699721408216,48006
veh7,699721408232,,38.2368,0,CPM_DROP_PHY,3,7,699721408232,48028
veh7,52825,,38.2396,0,CAM_DROP_PHY,8,7,52825,48022
veh7,52856,,38.2583,0,CAM_DROP_PHY,6,7,52856,48069
veh7,699721408253,,38.2656,0,CPM_DROP_PHY,12,7,699721408253,48067
veh7,699721408266,,38.2783,0,CPM_DROP_PHY,6,7,699721408266,48080
veh7,699721408269,,38.2803,0,CPM_DROP_PHY,9,7,699721408269,48081
veh7,699721408300,,38.2996,0,CPM_DROP_PHY,8,7,699721408300,48130
veh7,699721408308,,38.3048,0,CPM_DROP_PHY,11,7,699721408308,48138
veh7,53004,,38.3121,0,CAM_DROP_PHY,5,7,53004,48155
veh7,699721408413,,38.3211,0,CPM_DROP_PHY,2,7,699721408413,48162
veh7,699721408408,,38.3273,0,CPM_DROP_PHY,10,7,699721408408,48158
veh7,52810,,38.3288,0,CAM_DROP_PHY,4,7,52810,48004
veh7,699721408426,,38.3321,0,CPM_DROP_PHY,5,7,699721408426,48183
veh7,53041,,38.3368,0,CAM_DROP_PHY,3,7,53041,48199
veh7,53036,,38.3396,0,CAM_DROP_PHY,8,7,53036,48195
veh7,53060,38.3423,,0,CAM,7,,53060,-1
veh7,699721408446,,38.3568,0,CPM_DROP_PHY,3,7,699721408446,48199
veh7,53069,,38.3603,0,CAM_DROP_PHY,9,7,53069,48235
veh7,699721408472,,38.3656,0,CPM_DROP_PHY,12,7,699721408472,48237
veh7,699721408483,,38.3768,0,CPM_DROP_PHY,6,7,699721408483,48254
veh7,699721408487,,38.3803,0,CPM_DROP_PHY,9,7,699721408487,48255
veh7,699721408526,,38.3996,0,CPM_DROP_PHY,8,7,699721408526,48310
veh7,53140,,38.4011,0,CAM_DROP_PHY,2,7,53140,48326
veh7,699721408535,,38.4048,0,CPM_DROP_PHY,11,7,699721408535,48321
veh7,53144,,38.4048,0,CAM_DROP_PHY,11,7,53144,48321
veh7,53234,,38.4056,0,CAM_DROP_PHY,12,7,53234,48336
veh7,699721408649,,38.4211,0,CPM_DROP_PHY,2,7,699721408649,48356
veh7,699721408644,,38.4273,0,CPM_DROP_PHY,10,7,699721408644,48352
veh7,699721408663,,38.4321,0,CPM_DROP_PHY,5,7,699721408663,48376
veh7,699721408680,,38.4368,0,CPM_DROP_PHY,3,7,699721408680,48396
veh7,53273,,38.4396,0,CAM_DROP_PHY,8,7,53273,48390
veh7,699721408701,,38.4656,0,CPM_DROP_PHY,12,7,699721408701,48434
veh7,699721408710,,38.4768,0,CPM_DROP_PHY,6,7,699721408710,48445
veh7,699721408714,,38.4803,0,CPM_DROP_PHY,9,7,699721408714,48446
veh7,53337,,38.4873,0,CAM_DROP_PHY,10,7,53337,48474
veh7,699721408747,,38.4996,0,CPM_DROP_PHY,8,7,699721408747,48492
veh7,699721408755,,38.5048,0,CPM_DROP_PHY,11,7,699721408755,48500
veh7,699721408852,,38.5211,0,CPM_DROP_PHY,2,7,699721408852,48528
veh7,699721408847,,38.5273,0,CPM_DROP_PHY,10,7,699721408847,48525
veh7,53256,,38.5288,0,CAM_DROP_PHY,4,7,53256,48370
veh7,699721408866,,38.5321,0,CPM_DROP_PHY,5,7,699721408866,48543
veh7,53479,,38.5368,0,CAM_DROP_PHY,3,7,53479,48561
veh7,699721408884,,38.5368,0,CPM_DROP_PHY,3,7,699721408884,48561
veh7,53503,,38.5603,0,CAM_DROP_PHY,9,7,53503,48594
veh7,699721408907,,38.5656,0,CPM_DROP_PHY,12,7,699721408907,48595
veh7,699721408917,,38.5768,0,CPM_DROP_PHY,6,7,699721408917,48609
veh7,699721408920,,38.5803,0,CPM_DROP_PHY,9,7,699721408920,48610
veh7,699721408952,,38.5996,0,CPM_DROP_PHY,8,7,699721408952,48659
veh7,699721408959,,38.6048,0,CPM_DROP_PHY,11,7,699721408959,48665
veh7,699721409055,,38.6211,0,CPM_DROP_PHY,2,7,699721409055,48688
veh7,699721409050,,38.6273,0,CPM_DROP_PHY,10,7,699721409050,48685
veh7,53459,,38.6288,0,CAM_DROP_PHY,4,7,53459,48537
veh7,699721410683,,38.6321,0,CPM_DROP_PHY,5,7,699721410683,48703
veh7,699721410699,,38.6368,0,CPM_DROP_PHY,3,7,699721410699,48723
veh7,55291,,38.6396,0,CAM_DROP_PHY,8,7,55291,48714
veh7,699721410729,,38.6768,0,CPM_DROP_PHY,6,7,699721410729,48772
veh7,699721410733,,38.6803,0,CPM_DROP_PHY,9,7,699721410733,48773
veh7,699721410765,,38.6958,0,CPM_DROP_PHY,8,7,699721410765,48818
veh7,55377,,38.7011,0,CAM_DROP_PHY,2,7,55377,48832
veh7,699721410772,,38.7048,0,CPM_DROP_PHY,11,7,699721410772,48824
veh7,55381,,38.7048,0,CAM_DROP_PHY,11,7,55381,48824
veh7,55463,,38.7121,0,CAM_DROP_PHY,5,7,55463,48855
veh7,699721410871,,38.7211,0,CPM_DROP_PHY,2,7,699721410871,48860
veh7,699721410866,,38.7273,0,CPM_DROP_PHY,10,7,699721410866,48857
veh7,699721410888,,38.7321,0,CPM_DROP_PHY,5,7,699721410888,48887
veh7,55275,,38.7333,0,CAM_DROP_PHY,4,7,55275,48697
veh7,699721410738,,38.7333,0,CPM_DROP_PHY,4,7,699721410738,48780
veh7,55480,,38.7333,0,CAM_DROP_PHY,4,7,55480,48880
veh7,699721410901,,38.7368,0,CPM_DROP_PHY,3,7,699721410901,48907
veh7,55527,,38.7568,0,CAM_DROP_PHY,6,7,55527,48939
veh7,55520,,38.7603,0,CAM_DROP_PHY,9,7,55520,48936
veh7,699721410946,,38.7733,0,CPM_DROP_PHY,4,7,699721410946,48969
veh7,699721410937,,38.7768,0,CPM_DROP_PHY,6,7,699721410937,48956
veh7,699721410940,,38.7803,0,CPM_DROP_PHY,9,7,699721410940,48957
veh7,55566,,38.7873,0,CAM_DROP_PHY,10,7,55566,48997
veh7,699721410975,,38.7958,0,CPM_DROP_PHY,8,7,699721410975,49011
veh7,699721410982,,38.8048,0,CPM_DROP_PHY,11,7,699721410982,49019
veh7,55454,,38.8056,0,CAM_DROP_PHY,12,7,55454,48839
veh7,699721411068,,38.8211,0,CPM_DROP_PHY,2,7,699721411068,49047
veh7,699721411063,,38.8273,0,CPM_DROP_PHY,10,7,699721411063,49045
veh7,699721411082,,38.8321,0,CPM_DROP_PHY,5,7,699721411082,49062
veh7,55675,,38.8333,0,CAM_DROP_PHY,4,7,55675,49056
veh7,55694,,38.8391,0,CAM_DROP_PHY,3,7,55694,49079
veh7,55712,38.8423,,0,CAM,7,,55712,-1
veh7,699721411099,,38.8591,0,CPM_DROP_PHY,3,7,699721411099,49079
veh7,699721411140,,38.8733,0,CPM_DROP_PHY,4,7,699721411140,49136
veh7,699721411131,,38.8768,0,CPM_DROP_PHY,6,7,699721411131,49128
veh7,699721411135,,38.8803,0,CPM_DROP_PHY,9,7,699721411135,49129
veh7,699721411167,,38.8958,0,CPM_DROP_PHY,8,7,699721411167,49182
veh7,699721411175,,38.9048,0,CPM_DROP_PHY,11,7,699721411175,49191
veh7,699721411262,,38.9211,0,CPM_DROP_PHY,2,7,699721411262,49214
veh7,699721411277,,38.9241,0,CPM_DROP_PHY,5,7,699721411277,49229
veh7,699721411257,,38.9273,0,CPM_DROP_PHY,10,7,699721411257,49212
veh7,55869,,38.9333,0,CAM_DROP_PHY,4,7,55869,49223
veh7,55887,,38.9358,0,CAM_DROP_PHY,8,7,55887,49247
veh7,699721411295,,38.9391,0,CPM_DROP_PHY,3,7,699721411295,49254
veh7,55915,,38.9603,0,CAM_DROP_PHY,9,7,55915,49287
veh7,699721411339,,38.9733,0,CPM_DROP_PHY,4,7,699721411339,49315
veh7,699721411330,,38.9768,0,CPM_DROP_PHY,6,7,699721411330,49302
veh7,699721411333,,38.9803,0,CPM_DROP_PHY,9,7,699721411333,49303
veh7,699721411364,,38.9958,0,CPM_DROP_PHY,8,7,699721411364,49353
veh7,699721411371,,39.0048,0,CPM_DROP_PHY,11,7,699721411371,49358
veh7,55978,,39.0048,0,CAM_DROP_PHY,11,7,55978,49358
veh7,699721411464,,39.0211,0,CPM_DROP_PHY,2,7,699721411464,49386
veh7,699721411478,,39.0241,0,CPM_DROP_PHY,5,7,699721411478,49405
veh7,699721411459,,39.0273,0,CPM_DROP_PHY,10,7,699721411459,49384
veh7,56071,,39.0333,0,CAM_DROP_PHY,4,7,56071,49399
veh7,699721411492,,39.0391,0,CPM_DROP_PHY,3,7,699721411492,49429
veh7,56110,,39.0603,0,CAM_DROP_PHY,9,7,56110,49455
veh7,699721411533,,39.0733,0,CPM_DROP_PHY,4,7,699721411533,49483
veh7,699721411524,,39.0768,0,CPM_DROP_PHY,6,7,699721411524,49470
veh7,699721411527,,39.0803,0,CPM_DROP_PHY,9,7,699721411527,49471
veh7,56151,,39.0853,0,CAM_DROP_PHY,10,7,56151,49507
veh7,699721411562,,39.0958,0,CPM_DROP_PHY,8,7,699721411562,49525
veh7,699721411568,,39.1048,0,CPM_DROP_PHY,11,7,699721411568,49529
veh7,56050,,39.1056,0,CAM_DROP_PHY,12,7,56050,49370
veh7,699721411668,,39.1211,0,CPM_DROP_PHY,2,7,699721411668,49559
veh7,56259,,39.1241,0,CAM_DROP_PHY,5,7,56259,49555
veh7,699721411679,,39.1241,0,CPM_DROP_PHY,5,7,699721411679,49555
veh7,699721411662,,39.1253,0,CPM_DROP_PHY,10,7,699721411662,49557
veh7,699721411693,,39.1391,0,CPM_DROP_PHY,3,7,699721411693,49593
veh7,56311,,39.1603,0,CAM_DROP_PHY,9,7,56311,49615
veh7,699721411735,,39.1733,0,CPM_DROP_PHY,4,7,699721411735,49644
veh7,699721411725,,39.1768,0,CPM_DROP_PHY,6,7,699721411725,49630
veh7,699721411728,,39.1803,0,CPM_DROP_PHY,9,7,699721411728,49631
veh7,699721411761,,39.1958,0,CPM_DROP_PHY,8,7,699721411761,49682
veh7,699721411768,,39.2053,0,CPM_DROP_PHY,11,7,699721411768,49686
veh7,699721411872,,39.2211,0,CPM_DROP_PHY,2,7,699721411872,49710
veh7,699721411886,,39.2241,0,CPM_DROP_PHY,5,7,699721411886,49725
veh7,699721411867,,39.2253,0,CPM_DROP_PHY,10,7,699721411867,49708
veh7,56479,,39.2333,0,CAM_DROP_PHY,4,7,56479,49719
veh7,56499,,39.2391,0,CAM_DROP_PHY,3,7,56499,49745
veh7,56529,,39.2568,0,CAM_DROP_PHY,6,7,56529,49778
veh7,699721411904,,39.2591,0,CPM_DROP_PHY,3,7,699721411904,49745
veh7,56523,,39.2603,0,CAM_DROP_PHY,9,7,56523,49775
veh7,699721411951,,39.2733,0,CPM_DROP_PHY,4,7,699721411951,49813
veh7,699721411941,,39.2768,0,CPM_DROP_PHY,6,7,699721411941,49800
veh7,699721411944,,39.2803,0,CPM_DROP_PHY,9,7,699721411944,49801
veh7,699721411978,,39.2958,0,CPM_DROP_PHY,8,7,699721411978,49857
veh7,56590,,39.3011,0,CAM_DROP_PHY,2,7,56590,49868
veh7,699721411985,,39.3053,0,CPM_DROP_PHY,11,7,699721411985,49861
veh7,56594,,39.3053,0,CAM_DROP_PHY,11,7,56594,49861
veh7,699721412100,,39.3211,0,CPM_DROP_PHY,2,7,699721412100,49900
veh7,56690,,39.3241,0,CAM_DROP_PHY,5,7,56690,49894
veh7,699721412111,,39.3241,0,CPM_DROP_PHY,5,7,699721412111,49894
veh7,699721412095,,39.3253,0,CPM_DROP_PHY,10,7,699721412095,49896
veh7,56737,39.3423,,0,CAM,7,,56737,-1
veh7,699721412126,,39.3591,0,CPM_DROP_PHY,3,7,699721412126,49937
veh7,56747,,39.3603,0,CAM_DROP_PHY,9,7,56747,49960
veh7,699721411926,,39.3616,0,CPM_DROP_PHY,12,7,699721411926,49777
veh7,56681,,39.3616,0,CAM_DROP_PHY,12,7,56681,49876
veh7,699721412151,,39.3616,0,CPM_DROP_PHY,12,7,699721412151,49962
veh7,699721412172,,39.3733,0,CPM_DROP_PHY,4,7,699721412172,49993
veh7,699721412162,,39.3768,0,CPM_DROP_PHY,6,7,699721412162,49981
veh7,699721412166,,39.3803,0,CPM_DROP_PHY,9,7,699721412166,49982
veh7,56792,,39.3853,0,CAM_DROP_PHY,10,7,56792,50021
veh7,699721412203,,39.3958,0,CPM_DROP_PHY,8,7,699721412203,50041
veh7,699721412210,,39.4053,0,CPM_DROP_PHY,11,7,699721412210,50048
veh7,699721412309,,39.4123,0,CPM_DROP_PHY,2,7,699721412309,50079
veh7,56900,,39.4241,0,CAM_DROP_PHY,5,7,56900,50074
veh7,699721412323,,39.4241,0,CPM_DROP_PHY,5,7,699721412323,50074
veh7,699721412304,,39.4253,0,CPM_DROP_PHY,10,7,699721412304,50076
veh7,56917,,39.4333,0,CAM_DROP_PHY,4,7,56917,50091
veh7,56933,,39.4358,0,CAM_DROP_PHY,8,7,56933,50111
veh7,699721412340,,39.4391,0,CPM_DROP_PHY,3,7,699721412340,50119
veh7,699721412362,,39.4616,0,CPM_DROP_PHY,12,7,699721412362,50152
veh7,699721412375,,39.4696,0,CPM_DROP_PHY,9,7,699721412375,50165
veh7,699721412380,,39.4733,0,CPM_DROP_PHY,4,7,699721412380,50172
veh7,699721412371,,39.4768,0,CPM_DROP_PHY,6,7,699721412371,50164
veh7,699721412405,,39.4958,0,CPM_DROP_PHY,8,7,699721412405,50208
veh7,699721412412,,39.5053,0,CPM_DROP_PHY,11,7,699721412412,50215
veh7,699721412507,,39.5123,0,CPM_DROP_PHY,2,7,699721412507,50239
veh7,57098,,39.5241,0,CAM_DROP_PHY,5,7,57098,50234
veh7,699721412519,,39.5241,0,CPM_DROP_PHY,5,7,699721412519,50234
veh7,699721412502,,39.5253,0,CPM_DROP_PHY,10,7,699721412502,50236
veh7,699721412534,,39.5391,0,CPM_DROP_PHY,3,7,699721412534,50274
veh7,699721412553,,39.5616,0,CPM_DROP_PHY,12,7,699721412553,50297
veh7,699721412565,,39.5696,0,CPM_DROP_PHY,9,7,699721412565,50309
veh7,699721412562,,39.5771,0,CPM_DROP_PHY,6,7,699721412562,50308
veh7,699721412571,,39.5826,0,CPM_DROP_PHY,4,7,699721412571,50317
veh7,699721412596,,39.5958,0,CPM_DROP_PHY,8,7,699721412596,50352
veh7,57292,,39.6016,0,CAM_DROP_PHY,12,7,57292,50369
veh7,699721412604,,39.6053,0,CPM_DROP_PHY,11,7,699721412604,50361
veh7,57211,,39.6053,0,CAM_DROP_PHY,11,7,57211,50361
veh7,699721412710,,39.6123,0,CPM_DROP_PHY,2,7,699721412710,50390
veh7,57300,,39.6241,0,CAM_DROP_PHY,5,7,57300,50384
veh7,699721412722,,39.6241,0,CPM_DROP_PHY,5,7,699721412722,50384
veh7,699721412705,,39.6253,0,CPM_DROP_PHY,10,7,699721412705,50386
veh7,57334,,39.6391,0,CAM_DROP_PHY,3,7,57334,50426
veh7,699721412739,,39.6591,0,CPM_DROP_PHY,3,7,699721412739,50426
veh7,699721412758,,39.6616,0,CPM_DROP_PHY,12,7,699721412758,50451
veh7,699721412773,,39.6696,0,CPM_DROP_PHY,9,7,699721412773,50470
veh7,699721412770,,39.6771,0,CPM_DROP_PHY,6,7,699721412770,50469
veh7,699721412778,,39.6826,0,CPM_DROP_PHY,4,7,699721412778,50476
veh7,57397,,39.6853,0,CAM_DROP_PHY,10,7,57397,50497
veh7,699721412807,,39.6958,0,CPM_DROP_PHY,8,7,699721412807,50516
veh7,699721412815,,39.7053,0,CPM_DROP_PHY,11,7,699721412815,50525
veh7,699721412911,,39.7123,0,CPM_DROP_PHY,2,7,699721412911,50553
veh7,57502,,39.7241,0,CAM_DROP_PHY,5,7,57502,50548
veh7,699721412921,,39.7241,0,CPM_DROP_PHY,5,7,699721412921,50548
veh7,699721412906,,39.7253,0,CPM_DROP_PHY,10,7,699721412906,50550
veh7,699721412936,,39.7441,0,CPM_DROP_PHY,3,7,699721412936,50587
veh7,57558,,39.7571,0,CAM_DROP_PHY,6,7,57558,50612
veh7,699721412955,,39.7616,0,CPM_DROP_PHY,12,7,699721412955,50610
veh7,699721412971,,39.7696,0,CPM_DROP_PHY,9,7,699721412971,50628
veh7,699721412968,,39.7771,0,CPM_DROP_PHY,6,7,699721412968,50627
veh7,699721412976,,39.7826,0,CPM_DROP_PHY,4,7,699721412976,50637
veh7,699721413001,,39.7958,0,CPM_DROP_PHY,8,7,699721413001,50673
veh7,699721413009,,39.8053,0,CPM_DROP_PHY,11,7,699721413009,50682
veh7,699721413111,,39.8123,0,CPM_DROP_PHY,2,7,699721413111,50705
veh7,57719,,39.8226,0,CAM_DROP_PHY,4,7,57719,50715
veh7,57701,,39.8241,0,CAM_DROP_PHY,5,7,57701,50700
veh7,699721413126,,39.8241,0,CPM_DROP_PHY,5,7,699721413126,50700
veh7,699721413105,,39.8253,0,CPM_DROP_PHY,10,7,699721413105,50702
veh7,57750,39.8423,,0,CAM,7,,57750,-1
veh7,699721413140,,39.8441,0,CPM_DROP_PHY,3,7,699721413140,50747
veh7,699721413164,,39.8616,0,CPM_DROP_PHY,12,7,699721413164,50772
veh7,57761,,39.8696,0,CAM_DROP_PHY,9,7,57761,50770
veh7,699721413177,,39.8696,0,CPM_DROP_PHY,9,7,699721413177,50770
veh7,699721413174,,39.8771,0,CPM_DROP_PHY,6,7,699721413174,50786
veh7,699721413182,,39.8826,0,CPM_DROP_PHY,4,7,699721413182,50794
veh7,699721413206,,39.8958,0,CPM_DROP_PHY,8,7,699721413206,50827
veh7,57896,,39.9016,0,CAM_DROP_PHY,12,7,57896,50844
veh7,699721413214,,39.9053,0,CPM_DROP_PHY,11,7,699721413214,50836
veh7,57823,,39.9053,0,CAM_DROP_PHY,11,7,57823,50836
veh7,57819,,39.9123,0,CAM_DROP_PHY,2,7,57819,50841
veh7,699721413322,,39.9241,0,CPM_DROP_PHY,5,7,699721413322,50882
veh7,699721413305,,39.9253,0,CPM_DROP_PHY,10,7,699721413305,50861
veh7,57932,,39.9318,0,CAM_DROP_PHY,8,7,57932,50899
veh7,699721413311,,39.9323,0,CPM_DROP_PHY,2,7,699721413311,50841
veh7,699721413339,,39.9441,0,CPM_DROP_PHY,3,7,699721413339,50908
veh7,699721413358,,39.9616,0,CPM_DROP_PHY,12,7,699721413358,50941
veh7,699721413373,,39.9696,0,CPM_DROP_PHY,9,7,699721413373,50957
veh7,699721413370,,39.9771,0,CPM_DROP_PHY,6,7,699721413370,50956
veh7,57995,,39.9806,0,CAM_DROP_PHY,10,7,57995,50980
veh7,699721413378,,39.9826,0,CPM_DROP_PHY,4,7,699721413378,50962
veh7,699721413405,,39.9918,0,CPM_DROP_PHY,8,7,699721413405,50999
veh7,699721413413,,39.9973,0,CPM_DROP_PHY,11,7,699721413413,51012
veh7,699721413511,,40.0123,0,CPM_DROP_PHY,2,7,699721413511,51035
veh7,699721413507,,40.0206,0,CPM_DROP_PHY,10,7,699721413507,51033
veh7,58103,,40.0241,0,CAM_DROP_PHY,5,7,58103,51032
veh7,58135,,40.0441,0,CAM_DROP_PHY,3,7,58135,51071
veh7,699721413523,,40.0441,0,CPM_DROP_PHY,5,7,699721413523,51032
veh7,699721413559,,40.0591,0,CPM_DROP_PHY,12,7,699721413559,51101
veh7,699721413539,,40.0641,0,CPM_DROP_PHY,3,7,699721413539,51071
veh7,699721413572,,40.0696,0,CPM_DROP_PHY,9,7,699721413572,51117
veh7,699721413569,,40.0736,0,CPM_DROP_PHY,6,7,699721413569,51116
veh7,699721413578,,40.0826,0,CPM_DROP_PHY,4,7,699721413578,51125
veh7,699721413608,,40.0918,0,CPM_DROP_PHY,8,7,699721413608,51160
veh7,699721413617,,40.0973,0,CPM_DROP_PHY,11,7,699721413617,51175
veh7,699721413713,,40.1206,0,CPM_DROP_PHY,10,7,699721413713,51192
veh7,699721413719,,40.1286,0,CPM_DROP_PHY,2,7,699721413719,51194
veh7,699721413731,,40.1393,0,CPM_DROP_PHY,5,7,699721413731,51209
veh7,699721413743,,40.1441,0,CPM_DROP_PHY,3,7,699721413743,51221
veh7,699721413764,,40.1591,0,CPM_DROP_PHY,12,7,699721413764,51249
veh7,699721413781,,40.1696,0,CPM_DROP_PHY,9,7,699721413781,51271
veh7,699721413787,,40.1826,0,CPM_DROP_PHY,4,7,699721413787,51276
veh7,699721413811,,40.1918,0,CPM_DROP_PHY,8,7,699721413811,51311
veh7,699721413820,,40.1973,0,CPM_DROP_PHY,11,7,699721413820,51326
veh7,58426,,40.2173,0,CAM_DROP_PHY,11,7,58426,51331
veh7,58524,,40.2191,0,CAM_DROP_PHY,12,7,58524,51338
veh7,58530,,40.2193,0,CAM_DROP_PHY,5,7,58530,51344
veh7,699721413933,,40.2206,0,CPM_DROP_PHY,10,7,699721413933,51346
veh7,58548,,40.2226,0,CAM_DROP_PHY,4,7,58548,51364
veh7,699721413939,,40.2286,0,CPM_DROP_PHY,2,7,699721413939,51348
veh7,699721413955,,40.2393,0,CPM_DROP_PHY,5,7,699721413955,51373
veh7,699721413970,,40.2441,0,CPM_DROP_PHY,3,7,699721413970,51400
veh7,699721413993,,40.2591,0,CPM_DROP_PHY,12,7,699721413993,51432
veh7,699721414010,,40.2696,0,CPM_DROP_PHY,9,7,699721414010,51454
veh7,699721413778,,40.2736,0,CPM_DROP_PHY,6,7,699721413778,51270
veh7,58634,,40.2806,0,CAM_DROP_PHY,10,7,58634,51483
veh7,699721414016,,40.2826,0,CPM_DROP_PHY,4,7,699721414016,51459
veh7,699721414044,,40.2918,0,CPM_DROP_PHY,8,7,699721414044,51498
veh7,699721414052,,40.2973,0,CPM_DROP_PHY,11,7,699721414052,51514
veh7,699721414161,,40.3206,0,CPM_DROP_PHY,10,7,699721414161,51534
veh7,699721414166,,40.3286,0,CPM_DROP_PHY,2,7,699721414166,51536
veh7,699721414177,,40.3393,0,CPM_DROP_PHY,5,7,699721414177,51551
veh7,58804,40.3423,,0,CAM,7,,58804,-1
veh7,58788,,40.3441,0,CAM_DROP_PHY,3,7,58788,51561
veh7,699721414193,,40.3441,0,CPM_DROP_PHY,3,7,699721414193,51561
veh7,699721414219,,40.3591,0,CPM_DROP_PHY,12,7,699721414219,51594
veh7,58816,,40.3696,0,CAM_DROP_PHY,9,7,58816,51591
veh7,699721414237,,40.3696,0,CPM_DROP_PHY,9,7,699721414237,51591
veh7,699721414008,,40.3736,0,CPM_DROP_PHY,6,7,699721414008,51453
veh7,699721414242,,40.3861,0,CPM_DROP_PHY,4,7,699721414242,51621
veh7,699721414267,,40.3918,0,CPM_DROP_PHY,8,7,699721414267,51652
veh7,699721414277,,40.3973,0,CPM_DROP_PHY,11,7,699721414277,51671
veh7,58989,,40.4193,0,CAM_DROP_PHY,5,7,58989,51687
veh7,699721414393,,40.4206,0,CPM_DROP_PHY,10,7,699721414393,51689
veh7,699721414398,,40.4286,0,CPM_DROP_PHY,2,7,699721414398,51691
veh7,59020,,40.4318,0,CAM_DROP_PHY,8,7,59020,51717
veh7,699721414411,,40.4393,0,CPM_DROP_PHY,5,7,699721414411,51708
veh7,699721414428,,40.4441,0,CPM_DROP_PHY,3,7,699721414428,51725
veh7,699721414452,,40.4591,0,CPM_DROP_PHY,12,7,699721414452,51761
veh7,699721414470,,40.4696,0,CPM_DROP_PHY,9,7,699721414470,51783
veh7,699721414234,,40.4736,0,CPM_DROP_PHY,6,7,699721414234,51615
veh7,699721414476,,40.4861,0,CPM_DROP_PHY,4,7,699721414476,51788
veh7,699721414501,,40.4918,0,CPM_DROP_PHY,8,7,699721414501,51819
veh7,699721414511,,40.4973,0,CPM_DROP_PHY,11,7,699721414511,51838
veh7,59116,,40.5086,0,CAM_DROP_PHY,2,7,59116,51840
veh7,59120,,40.5173,0,CAM_DROP_PHY,11,7,59120,51844
veh7,59217,,40.5191,0,CAM_DROP_PHY,12,7,59217,51851
veh7,699721414625,,40.5206,0,CPM_DROP_PHY,10,7,699721414625,51860
veh7,699721414630,,40.5286,0,CPM_DROP_PHY,2,7,699721414630,51862
veh7,699721414643,,40.5393,0,CPM_DROP_PHY,5,7,699721414643,51882
veh7,59256,,40.5441,0,CAM_DROP_PHY,3,7,59256,51901
veh7,699721414683,,40.5591,0,CPM_DROP_PHY,12,7,699721414683,51936
veh7,699721414661,,40.5641,0,CPM_DROP_PHY,3,7,699721414661,51901
veh7,699721414700,,40.5696,0,CPM_DROP_PHY,9,7,699721414700,51959
veh7,699721414467,,40.5736,0,CPM_DROP_PHY,6,7,699721414467,51782
veh7,59327,,40.5806,0,CAM_DROP_PHY,10,7,59327,51995
veh7,699721414708,,40.5861,0,CPM_DROP_PHY,4,7,699721414708,51966
veh7,699721414737,,40.5966,0,CPM_DROP_PHY,8,7,699721414737,52006
veh7,699721414747,,40.5973,0,CPM_DROP_PHY,11,7,699721414747,52023
veh7,59459,,40.6193,0,CAM_DROP_PHY,5,7,59459,52046
veh7,699721414862,,40.6206,0,CPM_DROP_PHY,10,7,699721414862,52048
veh7,59475,,40.6261,0,CAM_DROP_PHY,4,7,59475,52062
veh7,699721414867,,40.6273,0,CPM_DROP_PHY,2,7,699721414867,52049
veh7,699721414883,,40.6393,0,CPM_DROP_PHY,5,7,699721414883,52068
veh7,699721414899,,40.6541,0,CPM_DROP_PHY,3,7,699721414899,52089
veh7,699721414918,,40.6591,0,CPM_DROP_PHY,12,7,699721414918,52111
veh7,699721414937,,40.6676,0,CPM_DROP_PHY,9,7,699721414937,52138
veh7,699721414697,,40.6736,0,CPM_DROP_PHY,6,7,699721414697,51958
veh7,59521,,40.6736,0,CAM_DROP_PHY,6,7,59521,52112
veh7,699721414933,,40.6786,0,CPM_DROP_PHY,6,7,699721414933,52136
veh7,699721414943,,40.6861,0,CPM_DROP_PHY,4,7,699721414943,52146
veh7,699721414968,,40.6966,0,CPM_DROP_PHY,8,7,699721414968,52178
veh7,699721414976,,40.6973,0,CPM_DROP_PHY,11,7,699721414976,52192
veh7,699721415086,,40.7206,0,CPM_DROP_PHY,10,7,699721415086,52214
veh7,699721415091,,40.7273,0,CPM_DROP_PHY,2,7,699721415091,52215
veh7,699721415103,,40.7393,0,CPM_DROP_PHY,5,7,699721415103,52230
veh7,59713,,40.7541,0,CAM_DROP_PHY,3,7,59713,52241
veh7,59741,,40.7586,0,CAM_DROP_PHY,6,7,59741,52264
veh7,699721415138,,40.7591,0,CPM_DROP_PHY,12,7,699721415138,52263
veh7,699721415156,,40.7676,0,CPM_DROP_PHY,9,7,699721415156,52290
veh7,699721415119,,40.7741,0,CPM_DROP_PHY,3,7,699721415119,52241
veh7,699721415153,,40.7786,0,CPM_DROP_PHY,6,7,699721415153,52288
veh7,699721415162,,40.7861,0,CPM_DROP_PHY,4,7,699721415162,52298
veh7,699721415188,,40.7966,0,CPM_DROP_PHY,8,7,699721415188,52334
veh7,699721415197,,40.7971,0,CPM_DROP_PHY,11,7,699721415197,52351
veh7,59806,,40.8171,0,CAM_DROP_PHY,11,7,59806,52362
veh7,59898,,40.8191,0,CAM_DROP_PHY,12,7,59898,52369
veh7,699721415305,,40.8206,0,CPM_DROP_PHY,10,7,699721415305,52374
veh7,699721415311,,40.8273,0,CPM_DROP_PHY,2,7,699721415311,52378
veh7,699721415323,,40.8393,0,CPM_DROP_PHY,5,7,699721415323,52396
veh7,59950,40.8423,,0,CAM,7,,59950,-1
veh7,699721415338,,40.8541,0,CPM_DROP_PHY,3,7,699721415338,52417
veh7,59966,,40.8586,0,CAM_DROP_PHY,6,7,59966,52440
veh7,699721415362,,40.8591,0,CPM_DROP_PHY,12,7,699721415362,52439
veh7,59959,,40.8676,0,CAM_DROP_PHY,9,7,59959,52438
veh7,699721415381,,40.8676,0,CPM_DROP_PHY,9,7,699721415381,52438
veh7,699721415378,,40.8786,0,CPM_DROP_PHY,6,7,699721415378,52464
veh7,60006,,40.8806,0,CAM_DROP_PHY,10,7,60006,52502
veh7,699721415387,,40.8861,0,CPM_DROP_PHY,4,7,699721415387,52474
veh7,699721415416,,40.8966,0,CPM_DROP_PHY,8,7,699721415416,52516
veh7,699721415425,,40.8971,0,CPM_DROP_PHY,11,7,699721415425,52532
veh7,60128,,40.9193,0,CAM_DROP_PHY,5,7,60128,52555
veh7,699721415531,,40.9206,0,CPM_DROP_PHY,10,7,699721415531,52557
veh7,699721415537,,40.9273,0,CPM_DROP_PHY,2,7,699721415537,52561
veh7,60157,,40.9366,0,CAM_DROP_PHY,8,7,60157,52587
veh7,699721415548,,40.9393,0,CPM_DROP_PHY,5,7,699721415548,52577
veh7,60163,,40.9541,0,CAM_DROP_PHY,3,7,60163,52590
veh7,699721415588,,40.9591,0,CPM_DROP_PHY,12,7,699721415588,52622
veh7,699721415602,,40.9676,0,CPM_DROP_PHY,9,7,699721415602,52646
veh7,699721415567,,40.9741,0,CPM_DROP_PHY,3,7,699721415567,52590
veh7,699721415599,,40.9786,0,CPM_DROP_PHY,6,7,699721415599,52644
veh7,699721415607,,40.9861,0,CPM_DROP_PHY,4,7,699721415607,52653
veh7,699721415632,,40.9966,0,CPM_DROP_PHY,8,7,699721415632,52685
veh7,699721415641,,40.9971,0,CPM_DROP_PHY,11,7,699721415641,52702
veh7,60246,,41.0073,0,CAM_DROP_PHY,2,7,60246,52710
veh7,699721415752,,41.0206,0,CPM_DROP_PHY,10,7,699721415752,52726
veh7,60365,,41.0261,0,CAM_DROP_PHY,4,7,60365,52744
veh7,699721415757,,41.0273,0,CPM_DROP_PHY,2,7,699721415757,52732
veh7,699721415786,,41.0541,0,CPM_DROP_PHY,3,7,699721415786,52769
veh7,699721415805,,41.0566,0,CPM_DROP_PHY,12,7,699721415805,52788
veh7,60408,,41.0586,0,CAM_DROP_PHY,6,7,60408,52789
veh7,699721415772,,41.0593,0,CPM_DROP_PHY,5,7,699721415772,52749
veh7,699721415825,,41.0676,0,CPM_DROP_PHY,9,7,699721415825,52820
veh7,699721415822,,41.0786,0,CPM_DROP_PHY,6,7,699721415822,52818
veh7,699721415830,,41.0861,0,CPM_DROP_PHY,4,7,699721415830,52826
veh7,699721415854,,41.0966,0,CPM_DROP_PHY,8,7,699721415854,52862
veh7,699721415862,,41.0971,0,CPM_DROP_PHY,11,7,699721415862,52876
veh7,60564,,41.1166,0,CAM_DROP_PHY,12,7,60564,52894
veh7,60470,,41.1171,0,CAM_DROP_PHY,11,7,60470,52888
veh7,699721415971,,41.1206,0,CPM_DROP_PHY,10,7,699721415971,52899
veh7,699721415977,,41.1273,0,CPM_DROP_PHY,2,7,699721415977,52903
veh7,699721415989,,41.1393,0,CPM_DROP_PHY,5,7,699721415989,52923
veh7,60617,41.1423,,0,CAM,7,,60617,-1
veh7,60602,,41.1541,0,CAM_DROP_PHY,3,7,60602,52941
veh7,699721416028,,41.1566,0,CPM_DROP_PHY,12,7,699721416028,52964
veh7,699721416042,,41.1676,0,CPM_DROP_PHY,9,7,699721416042,52990
veh7,699721416007,,41.1741,0,CPM_DROP_PHY,3,7,699721416007,52941
veh7,699721416040,,41.1786,0,CPM_DROP_PHY,6,7,699721416040,52988
veh7,699721416047,,41.1861,0,CPM_DROP_PHY,4,7,699721416047,52995
veh7,60667,,41.1943,0,CAM_DROP_PHY,10,7,60667,53023
veh7,699721416077,,41.1966,0,CPM_DROP_PHY,8,7,699721416077,53037
veh7,699721416087,,41.1971,0,CPM_DROP_PHY,11,7,699721416087,53056
veh7,60802,,41.2193,0,CAM_DROP_PHY,5,7,60802,53079
veh7,699721416206,,41.2206,0,CPM_DROP_PHY,10,7,699721416206,53082
veh7,699721416212,,41.2273,0,CPM_DROP_PHY,2,7,699721416212,53086
veh7,699721416224,,41.2393,0,CPM_DROP_PHY,5,7,699721416224,53101
veh7,60849,41.2423,,0,CAM,7,,60849,-1
veh7,699721416237,,41.2541,0,CPM_DROP_PHY,3,7,699721416237,53116
veh7,699721416261,,41.2566,0,CPM_DROP_PHY,12,7,699721416261,53139
veh7,60864,,41.2586,0,CAM_DROP_PHY,6,7,60864,53140
veh7,699721416280,,41.2676,0,CPM_DROP_PHY,9,7,699721416280,53167
veh7,699721416277,,41.2786,0,CPM_DROP_PHY,6,7,699721416277,53165
veh7,699721416286,,41.2861,0,CPM_DROP_PHY,4,7,699721416286,53173
veh7,699721416313,,41.2886,0,CPM_DROP_PHY,8,7,699721416313,53211
veh7,699721416322,,41.2971,0,CPM_DROP_PHY,11,7,699721416322,53230
veh7,699721416429,,41.3183,0,CPM_DROP_PHY,10,7,699721416429,53248
veh7,699721416434,,41.3273,0,CPM_DROP_PHY,2,7,699721416434,53252
veh7,699721416446,,41.3393,0,CPM_DROP_PHY,5,7,699721416446,53264
veh7,61071,41.3423,,0,CAM,7,,61071,-1
veh7,61056,,41.3541,0,CAM_DROP_PHY,3,7,61056,53279
veh7,699721416485,,41.3566,0,CPM_DROP_PHY,12,7,699721416485,53300
veh7,61082,,41.3676,0,CAM_DROP_PHY,9,7,61082,53299
veh7,699721416501,,41.3676,0,CPM_DROP_PHY,9,7,699721416501,53299
veh7,699721416461,,41.3741,0,CPM_DROP_PHY,3,7,699721416461,53279
veh7,699721416498,,41.3786,0,CPM_DROP_PHY,6,7,699721416498,53323
veh7,699721416505,,41.3861,0,CPM_DROP_PHY,4,7,699721416505,53330
veh7,699721416532,,41.3886,0,CPM_DROP_PHY,8,7,699721416532,53368
veh7,699721416543,,41.3971,0,CPM_DROP_PHY,11,7,699721416543,53390
veh7,61244,,41.4166,0,CAM_DROP_PHY,12,7,61244,53405
veh7,61150,,41.4171,0,CAM_DROP_PHY,11,7,61150,53403
veh7,699721416650,,41.4183,0,CPM_DROP_PHY,10,7,699721416650,53409
veh7,61266,,41.4261,0,CAM_DROP_PHY,4,7,61266,53432
veh7,699721416657,,41.4273,0,CPM_DROP_PHY,2,7,699721416657,53414
veh7,699721416672,,41.4393,0,CPM_DROP_PHY,5,7,699721416672,53434
veh7,61306,41.4423,,0,CAM,7,,61306,-1
veh7,61284,,41.4486,0,CAM_DROP_PHY,8,7,61284,53456
veh7,61289,,41.4541,0,CAM_DROP_PHY,3,7,61289,53464
veh7,699721416717,,41.4566,0,CPM_DROP_PHY,12,7,699721416717,53487
veh7,699721416740,,41.4726,0,CPM_DROP_PHY,4,7,699721416740,53521
veh7,699721416695,,41.4741,0,CPM_DROP_PHY,3,7,699721416695,53464
veh7,699721416732,,41.4786,0,CPM_DROP_PHY,6,7,699721416732,53515
veh7,699721416771,,41.4886,0,CPM_DROP_PHY,8,7,699721416771,53566
veh7,699721416781,,41.4971,0,CPM_DROP_PHY,11,7,699721416781,53583
veh7,61363,,41.4983,0,CAM_DROP_PHY,10,7,61363,53558
veh7,61386,,41.5073,0,CAM_DROP_PHY,2,7,61386,53590
veh7,699721416897,,41.5183,0,CPM_DROP_PHY,10,7,699721416897,53606
veh7,699721416904,,41.5273,0,CPM_DROP_PHY,2,7,699721416904,53613
veh7,699721416916,,41.5393,0,CPM_DROP_PHY,5,7,699721416916,53632
veh7,61543,41.5423,,0,CAM,7,,61543,-1
veh7,61526,,41.5541,0,CAM_DROP_PHY,3,7,61526,53647
veh7,699721416954,,41.5566,0,CPM_DROP_PHY,12,7,699721416954,53666
veh7,699721416977,,41.5726,0,CPM_DROP_PHY,4,7,699721416977,53696
veh7,699721416932,,41.5741,0,CPM_DROP_PHY,3,7,699721416932,53647
veh7,699721416968,,41.5786,0,CPM_DROP_PHY,6,7,699721416968,53690
veh7,699721417006,,41.5886,0,CPM_DROP_PHY,8,7,699721417006,53738
veh7,699721417016,,41.5971,0,CPM_DROP_PHY,11,7,699721417016,53757
veh7,699721417124,,41.6183,0,CPM_DROP_PHY,10,7,699721417124,53774
veh7,61720,,41.6191,0,CAM_DROP_PHY,5,7,61720,53772
veh7,699721417131,,41.6273,0,CPM_DROP_PHY,2,7,699721417131,53779
veh7,699721417142,,41.6391,0,CPM_DROP_PHY,5,7,699721417142,53794
veh7,61767,41.6423,,0,CAM,7,,61767,-1
veh7,699721417179,,41.6578,0,CPM_DROP_PHY,12,7,699721417179,53832
veh7,699721417201,,41.6726,0,CPM_DROP_PHY,4,7,699721417201,53862
veh7,699721417156,,41.6741,0,CPM_DROP_PHY,3,7,699721417156,53813
veh7,699721417192,,41.6783,0,CPM_DROP_PHY,6,7,699721417192,53856
veh7,699721417228,,41.6886,0,CPM_DROP_PHY,8,7,699721417228,53905
veh7,699721417238,,41.6971,0,CPM_DROP_PHY,11,7,699721417238,53923
veh7,61845,,41.7171,0,CAM_DROP_PHY,11,7,61845,53936
veh7,61941,,41.7178,0,CAM_DROP_PHY,12,7,61941,53938
veh7,699721417347,,41.7183,0,CPM_DROP_PHY,10,7,699721417347,53941
veh7,699721417352,,41.7273,0,CPM_DROP_PHY,2,7,699721417352,53946
veh7,699721417364,,41.7391,0,CPM_DROP_PHY,5,7,699721417364,53968
veh7,61991,41.7423,,0,CAM,7,,61991,-1
veh7,61976,,41.7541,0,CAM_DROP_PHY,3,7,61976,53988
veh7,699721417401,,41.7578,0,CPM_DROP_PHY,12,7,699721417401,54007
veh7,62003,,41.7583,0,CAM_DROP_PHY,6,7,62003,54008
veh7,699721417196,,41.7691,0,CPM_DROP_PHY,9,7,699721417196,53858
veh7,699721417420,,41.7691,0,CPM_DROP_PHY,9,7,699721417420,54038
veh7,699721417425,,41.7726,0,CPM_DROP_PHY,4,7,699721417425,54042
veh7,699721417381,,41.7741,0,CPM_DROP_PHY,3,7,699721417381,53988
veh7,699721417417,,41.7783,0,CPM_DROP_PHY,6,7,699721417417,54035
veh7,699721417454,,41.7886,0,CPM_DROP_PHY,8,7,699721417454,54089
veh7,699721417463,,41.7971,0,CPM_DROP_PHY,11,7,699721417463,54107
veh7,62046,,41.7983,0,CAM_DROP_PHY,10,7,62046,54079
veh7,699721417571,,41.8183,0,CPM_DROP_PHY,2,7,699721417571,54132
veh7,62179,,41.8326,0,CAM_DROP_PHY,4,7,62179,54150
veh7,699721417585,,41.8391,0,CPM_DROP_PHY,5,7,699721417585,54153
veh7,699721417598,,41.8541,0,CPM_DROP_PHY,3,7,699721417598,54171
veh7,699721417619,,41.8578,0,CPM_DROP_PHY,12,7,699721417619,54189
veh7,62216,,41.8691,0,CAM_DROP_PHY,9,7,62216,54188
veh7,699721417634,,41.8691,0,CPM_DROP_PHY,9,7,699721417634,54188
veh7,699721417638,,41.8726,0,CPM_DROP_PHY,4,7,699721417638,54220
veh7,699721417631,,41.8783,0,CPM_DROP_PHY,6,7,699721417631,54214
veh7,699721417663,,41.8886,0,CPM_DROP_PHY,8,7,699721417663,54255
veh7,699721417670,,41.8971,0,CPM_DROP_PHY,11,7,699721417670,54266
veh7,699721417775,,41.9183,0,CPM_DROP_PHY,2,7,699721417775,54287
veh7,699721417786,,41.9391,0,CPM_DROP_PHY,5,7,699721417786,54304
veh7,62413,41.9423,,0,CAM,7,,62413,-1
veh7,62394,,41.9486,0,CAM_DROP_PHY,8,7,62394,54312
veh7,62398,,41.9518,0,CAM_DROP_PHY,3,7,62398,54319
veh7,699721417824,,41.9578,0,CPM_DROP_PHY,12,7,699721417824,54341
veh7,699721417840,,41.9691,0,CPM_DROP_PHY,9,7,699721417840,54369
veh7,699721417803,,41.9718,0,CPM_DROP_PHY,3,7,699721417803,54319
veh7,699721417844,,41.9726,0,CPM_DROP_PHY,4,7,699721417844,54371
veh7,699721417837,,41.9783,0,CPM_DROP_PHY,6,7,699721417837,54368
veh7,699721417872,,41.9886,0,CPM_DROP_PHY,8,7,699721417872,54416
veh7,699721417881,,41.9971,0,CPM_DROP_PHY,11,7,699721417881,54434
veh7,62488,,42.0171,0,CAM_DROP_PHY,11,7,62488,54447
veh7,62582,,42.0178,0,CAM_DROP_PHY,12,7,62582,54449
veh7,699721417997,,42.0183,0,CPM_DROP_PHY,2,7,699721417997,54457
veh7,62587,,42.0191,0,CAM_DROP_PHY,5,7,62587,54450
veh7,699721418011,,42.0391,0,CPM_DROP_PHY,5,7,699721418011,54485
veh7,699721418025,,42.0518,0,CPM_DROP_PHY,3,7,699721418025,54508
veh7,699721418042,,42.0578,0,CPM_DROP_PHY,12,7,699721418042,54526
veh7,699721418058,,42.0691,0,CPM_DROP_PHY,9,7,699721418058,54550
veh7,699721418063,,42.0726,0,CPM_DROP_PHY,4,7,699721418063,54552
veh7,699721418055,,42.0783,0,CPM_DROP_PHY,6,7,699721418055,54549
veh7,699721418093,,42.0886,0,CPM_DROP_PHY,8,7,699721418093,54590
veh7,62706,,42.0983,0,CAM_DROP_PHY,2,7,62706,54605
veh7,699721418101,,42.1126,0,CPM_DROP_PHY,11,7,699721418101,54603
veh7,699721418225,,42.1183,0,CPM_DROP_PHY,2,7,699721418225,54628
veh7,699721418237,,42.1391,0,CPM_DROP_PHY,5,7,699721418237,54651
veh7,62867,42.1423,,0,CAM,7,,62867,-1
veh7,62846,,42.1486,0,CAM_DROP_PHY,8,7,62846,54662
veh7,62852,,42.1518,0,CAM_DROP_PHY,3,7,62852,54670
veh7,699721418280,,42.1578,0,CPM_DROP_PHY,12,7,699721418280,54691
veh7,699721418296,,42.1691,0,CPM_DROP_PHY,9,7,699721418296,54719
veh7,699721418256,,42.1718,0,CPM_DROP_PHY,3,7,699721418256,54670
veh7,699721418300,,42.1726,0,CPM_DROP_PHY,4,7,699721418300,54721
veh7,699721418293,,42.1783,0,CPM_DROP_PHY,6,7,699721418293,54718
veh7,699721418327,,42.1886,0,CPM_DROP_PHY,8,7,699721418327,54766
veh7,699721418336,,42.2126,0,CPM_DROP_PHY,11,7,699721418336,54785
veh7,699721418453,,42.2183,0,CPM_DROP_PHY,2,7,699721418453,54798
veh7,63061,,42.2326,0,CAM_DROP_PHY,4,7,63061,54815
veh7,699721418467,,42.2391,0,CPM_DROP_PHY,5,7,699721418467,54819
veh7,63075,,42.2486,0,CAM_DROP_PHY,8,7,63075,54830
veh7,699721418484,,42.2518,0,CPM_DROP_PHY,3,7,699721418484,54842
veh7,699721418503,,42.2578,0,CPM_DROP_PHY,12,7,699721418503,54864
veh7,63106,,42.2583,0,CAM_DROP_PHY,6,7,63106,54865
veh7,699721418521,,42.2691,0,CPM_DROP_PHY,9,7,699721418521,54897
veh7,699721418526,,42.2726,0,CPM_DROP_PHY,4,7,699721418526,54899
veh7,699721418518,,42.2783,0,CPM_DROP_PHY,6,7,699721418518,54895
veh7,699721418552,,42.2886,0,CPM_DROP_PHY,8,7,699721418552,54939
veh7,699721418559,,42.3126,0,CPM_DROP_PHY,11,7,699721418559,54952
veh7,63166,,42.3126,0,CAM_DROP_PHY,11,7,63166,54952
veh7,63262,,42.3178,0,CAM_DROP_PHY,12,7,63262,54962
veh7,699721418674,,42.3183,0,CPM_DROP_PHY,2,7,699721418674,54967
veh7,699721418687,,42.3391,0,CPM_DROP_PHY,5,7,699721418687,54992
veh7,63296,,42.3398,0,CAM_DROP_PHY,8,7,63296,55008
veh7,63301,,42.3518,0,CAM_DROP_PHY,3,7,63301,55013
veh7,699721418728,,42.3578,0,CPM_DROP_PHY,12,7,699721418728,55034
veh7,699721418706,,42.3718,0,CPM_DROP_PHY,3,7,699721418706,55013
veh7,699721418748,,42.3726,0,CPM_DROP_PHY,4,7,699721418748,55065
veh7,699721418740,,42.3748,0,CPM_DROP_PHY,6,7,699721418740,55060
veh7,699721418776,,42.3998,0,CPM_DROP_PHY,8,7,699721418776,55114
veh7,699721418784,,42.4126,0,CPM_DROP_PHY,11,7,699721418784,55126
veh7,699721418913,,42.4183,0,CPM_DROP_PHY,2,7,699721418913,55139
veh7,63503,,42.4191,0,CAM_DROP_PHY,5,7,63503,55136
veh7,699721418668,,42.4221,0,CPM_DROP_PHY,10,7,699721418668,54965
veh7,63367,,42.4221,0,CAM_DROP_PHY,10,7,63367,55098
veh7,699721418907,,42.4221,0,CPM_DROP_PHY,10,7,699721418907,55137
veh7,699721418927,,42.4391,0,CPM_DROP_PHY,5,7,699721418927,55165
veh7,63536,,42.4398,0,CAM_DROP_PHY,8,7,63536,55181
veh7,63556,42.4423,,0,CAM,7,,63556,-1
veh7,699721418944,,42.4518,0,CPM_DROP_PHY,3,7,699721418944,55189
veh7,699721418967,,42.4578,0,CPM_DROP_PHY,12,7,699721418967,55209
veh7,699721418980,,42.4748,0,CPM_DROP_PHY,6,7,699721418980,55235
veh7,699721419016,,42.4998,0,CPM_DROP_PHY,8,7,699721419016,55284
veh7,699721419023,,42.5126,0,CPM_DROP_PHY,11,7,699721419023,55293
veh7,699721419131,,42.5221,0,CPM_DROP_PHY,10,7,699721419131,55303
veh7,699721419137,,42.5306,0,CPM_DROP_PHY,2,7,699721419137,55306
veh7,699721419148,,42.5391,0,CPM_DROP_PHY,5,7,699721419148,55326
veh7,63757,,42.5398,0,CAM_DROP_PHY,8,7,63757,55340
veh7,63762,,42.5513,0,CAM_DROP_PHY,3,7,63762,55344
veh7,699721419187,,42.5578,0,CPM_DROP_PHY,12,7,699721419187,55369
veh7,699721419167,,42.5713,0,CPM_DROP_PHY,3,7,699721419167,55344
veh7,699721419198,,42.5748,0,CPM_DROP_PHY,6,7,699721419198,55395
veh7,699721419232,,42.5998,0,CPM_DROP_PHY,8,7,699721419232,55446
veh7,63843,,42.6106,0,CAM_DROP_PHY,2,7,63843,55455
veh7,699721419238,,42.6126,0,CPM_DROP_PHY,11,7,699721419238,55453
veh7,63846,,42.6126,0,CAM_DROP_PHY,11,7,63846,55453
veh7,63945,,42.6178,0,CAM_DROP_PHY,12,7,63945,55462
veh7,699721419351,,42.6221,0,CPM_DROP_PHY,10,7,699721419351,55466
veh7,699721419357,,42.6306,0,CPM_DROP_PHY,2,7,699721419357,55470
veh7,699721419374,,42.6391,0,CPM_DROP_PHY,5,7,699721419374,55500
veh7,63983,,42.6398,0,CAM_DROP_PHY,8,7,63983,55517
veh7,699721419411,,42.6578,0,CPM_DROP_PHY,12,7,699721419411,55552
veh7,699721419391,,42.6713,0,CPM_DROP_PHY,3,7,699721419391,55528
veh7,699721419206,,42.6726,0,CPM_DROP_PHY,4,7,699721419206,55401
veh7,63966,,42.6726,0,CAM_DROP_PHY,4,7,63966,55490
veh7,699721419432,,42.6726,0,CPM_DROP_PHY,4,7,699721419432,55585
veh7,699721419423,,42.6748,0,CPM_DROP_PHY,6,7,699721419423,55579
veh7,64050,,42.6821,0,CAM_DROP_PHY,10,7,64050,55612
veh7,699721419470,,42.6948,0,CPM_DROP_PHY,11,7,699721419470,55643
veh7,699721419461,,42.6998,0,CPM_DROP_PHY,8,7,699721419461,55630
veh7,699721419583,,42.7221,0,CPM_DROP_PHY,10,7,699721419583,55662
veh7,699721419588,,42.7306,0,CPM_DROP_PHY,2,7,699721419588,55665
veh7,699721419599,,42.7391,0,CPM_DROP_PHY,5,7,699721419599,55680
veh7,64208,,42.7398,0,CAM_DROP_PHY,8,7,64208,55692
veh7,64213,,42.7513,0,CAM_DROP_PHY,3,7,64213,55694
veh7,64241,,42.7548,0,CAM_DROP_PHY,6,7,64241,55722
veh7,699721419660,,42.7668,0,CPM_DROP_PHY,4,7,699721419660,55754
veh7,699721419637,,42.7708,0,CPM_DROP_PHY,12,7,699721419637,55721
veh7,699721419618,,42.7713,0,CPM_DROP_PHY,3,7,699721419618,55694
veh7,699721419651,,42.7748,0,CPM_DROP_PHY,6,7,699721419651,55745
veh7,699721419426,,42.7816,0,CPM_DROP_PHY,9,7,699721419426,55581
veh7,699721419655,,42.7816,0,CPM_DROP_PHY,9,7,699721419655,55747
veh7,699721419694,,42.7948,0,CPM_DROP_PHY,11,7,699721419694,55811
veh7,699721419686,,42.7998,0,CPM_DROP_PHY,8,7,699721419686,55800
veh7,699721419794,,42.8221,0,CPM_DROP_PHY,10,7,699721419794,55829
veh7,699721419799,,42.8306,0,CPM_DROP_PHY,2,7,699721419799,55832
veh7,699721419810,,42.8391,0,CPM_DROP_PHY,5,7,699721419810,55847
veh7,64419,,42.8398,0,CAM_DROP_PHY,8,7,64419,55859
veh7,699721419826,,42.8513,0,CPM_DROP_PHY,3,7,699721419826,55865
veh7,64445,,42.8616,0,CAM_DROP_PHY,9,7,64445,55884
veh7,699721419869,,42.8668,0,CPM_DROP_PHY,4,7,699721419869,55916
veh7,699721419849,,42.8708,0,CPM_DROP_PHY,12,7,699721419849,55888
veh7,699721419861,,42.8748,0,CPM_DROP_PHY,6,7,699721419861,55909
veh7,699721419864,,42.8816,0,CPM_DROP_PHY,9,7,699721419864,55911
veh7,699721419902,,42.8948,0,CPM_DROP_PHY,11,7,699721419902,55970
veh7,699721419894,,42.8978,0,CPM_DROP_PHY,8,7,699721419894,55960
veh7,64599,,42.9108,0,CAM_DROP_PHY,12,7,64599,55982
veh7,64509,,42.9148,0,CAM_DROP_PHY,11,7,64509,55980
veh7,64606,,42.9183,0,CAM_DROP_PHY,5,7,64606,55992
veh7,699721420009,,42.9221,0,CPM_DROP_PHY,10,7,699721420009,55994
veh7,64623,,42.9268,0,CAM_DROP_PHY,4,7,64623,56015
veh7,699721420015,,42.9306,0,CPM_DROP_PHY,2,7,699721420015,55999
veh7,64641,,42.9378,0,CAM_DROP_PHY,8,7,64641,56043
veh7,699721420031,,42.9383,0,CPM_DROP_PHY,5,7,699721420031,56022
veh7,64664,42.9423,,0,CAM,7,,64664,-1
veh7,64647,,42.9513,0,CAM_DROP_PHY,3,7,64647,56050
veh7,699721420094,,42.9668,0,CPM_DROP_PHY,4,7,699721420094,56105
veh7,699721420076,,42.9708,0,CPM_DROP_PHY,12,7,699721420076,56083
veh7,699721420052,,42.9713,0,CPM_DROP_PHY,3,7,699721420052,56050
veh7,699721420087,,42.9748,0,CPM_DROP_PHY,6,7,699721420087,56099
veh7,699721420090,,42.9816,0,CPM_DROP_PHY,9,7,699721420090,56101
veh7,64715,,42.9821,0,CAM_DROP_PHY,10,7,64715,56140
veh7,699721420135,,42.9948,0,CPM_DROP_PHY,11,7,699721420135,56177
veh7,699721420125,,42.9978,0,CPM_DROP_PHY,8,7,699721420125,56160
veh7,699721420241,,43.0221,0,CPM_DROP_PHY,10,7,699721420241,56199
veh7,699721420246,,43.0306,0,CPM_DROP_PHY,2,7,699721420246,56202
veh7,699721420256,,43.0383,0,CPM_DROP_PHY,5,7,699721420256,56213
veh7,64866,,43.0513,0,CAM_DROP_PHY,3,7,64866,56227
veh7,699721420310,,43.0668,0,CPM_DROP_PHY,4,7,699721420310,56271
veh7,699721420302,,43.0681,0,CPM_DROP_PHY,6,7,699721420302,56265
veh7,699721420291,,43.0708,0,CPM_DROP_PHY,12,7,699721420291,56251
veh7,699721420272,,43.0713,0,CPM_DROP_PHY,3,7,699721420272,56227
veh7,699721420305,,43.0816,0,CPM_DROP_PHY,9,7,699721420305,56267
veh7,699721420343,,43.0948,0,CPM_DROP_PHY,11,7,699721420343,56329
veh7,699721420336,,43.0978,0,CPM_DROP_PHY,8,7,699721420336,56317
veh7,699721420449,,43.1221,0,CPM_DROP_PHY,10,7,699721420449,56350
veh7,699721420455,,43.1306,0,CPM_DROP_PHY,2,7,699721420455,56353
veh7,65075,,43.1378,0,CAM_DROP_PHY,8,7,65075,56377
veh7,699721420466,,43.1383,0,CPM_DROP_PHY,5,7,699721420466,56364
veh7,65078,,43.1513,0,CAM_DROP_PHY,3,7,65078,56379
veh7,699721420521,,43.1668,0,CPM_DROP_PHY,4,7,699721420521,56430
veh7,699721420514,,43.1681,0,CPM_DROP_PHY,6,7,699721420514,56424
veh7,699721420504,,43.1708,0,CPM_DROP_PHY,12,7,699721420504,56409
veh7,699721420484,,43.1713,0,CPM_DROP_PHY,3,7,699721420484,56379
veh7,699721420516,,43.1816,0,CPM_DROP_PHY,9,7,699721420516,56426
veh7,699721420554,,43.1948,0,CPM_DROP_PHY,11,7,699721420554,56488
veh7,699721420546,,43.1978,0,CPM_DROP_PHY,8,7,699721420546,56476
veh7,65158,,43.2106,0,CAM_DROP_PHY,2,7,65158,56492
veh7,65259,,43.2108,0,CAM_DROP_PHY,12,7,65259,56500
veh7,65163,,43.2148,0,CAM_DROP_PHY,11,7,65163,56498
veh7,699721420666,,43.2221,0,CPM_DROP_PHY,10,7,699721420666,56512
veh7,65280,,43.2268,0,CAM_DROP_PHY,4,7,65280,56534
veh7,699721420672,,43.2306,0,CPM_DROP_PHY,2,7,699721420672,56519
veh7,699721420687,,43.2383,0,CPM_DROP_PHY,5,7,699721420687,56541
veh7,65300,,43.2513,0,CAM_DROP_PHY,3,7,65300,56568
veh7,699721420743,,43.2668,0,CPM_DROP_PHY,4,7,699721420743,56614
veh7,65326,,43.2681,0,CAM_DROP_PHY,6,7,65326,56594
veh7,699721420723,,43.2708,0,CPM_DROP_PHY,12,7,699721420723,56593
veh7,699721420705,,43.2713,0,CPM_DROP_PHY,3,7,699721420705,56568
veh7,699721420738,,43.2816,0,CPM_DROP_PHY,9,7,699721420738,56610
veh7,65364,,43.2821,0,CAM_DROP_PHY,10,7,65364,56651
veh7,699721420735,,43.2881,0,CPM_DROP_PHY,6,7,699721420735,56594
veh7,699721420774,,43.2978,0,CPM_DROP_PHY,8,7,699721420774,56665
veh7,699721420783,,43.3106,0,CPM_DROP_PHY,11,7,699721420783,56685
veh7,699721420883,,43.3221,0,CPM_DROP_PHY,10,7,699721420883,56701
veh7,699721420888,,43.3306,0,CPM_DROP_PHY,2,7,699721420888,56707
veh7,699721420900,,43.3383,0,CPM_DROP_PHY,5,7,699721420900,56722
veh7,699721420912,,43.3513,0,CPM_DROP_PHY,3,7,699721420912,56739
veh7,699721420949,,43.3668,0,CPM_DROP_PHY,4,7,699721420949,56779
veh7,699721420941,,43.3681,0,CPM_DROP_PHY,6,7,699721420941,56773
veh7,699721420931,,43.3708,0,CPM_DROP_PHY,12,7,699721420931,56760
veh7,699721420944,,43.3816,0,CPM_DROP_PHY,9,7,699721420944,56775
veh7,699721420975,,43.3978,0,CPM_DROP_PHY,8,7,699721420975,56819
veh7,699721420982,,43.4106,0,CPM_DROP_PHY,11,7,699721420982,56831
veh7,156,,43.4183,0,CAM_DROP_PHY,5,7,156,56843
veh7,699721421095,,43.4221,0,CPM_DROP_PHY,10,7,699721421095,56845
veh7,188,,43.4378,0,CAM_DROP_PHY,8,7,188,56884
veh7,699721421115,,43.4383,0,CPM_DROP_PHY,5,7,699721421115,56868
veh7,210,43.4423,,0,CAM,7,,210,-1
veh7,699721421103,,43.4506,0,CPM_DROP_PHY,2,7,699721421103,56851
veh7,193,,43.4513,0,CAM_DROP_PHY,3,7,193,56887
veh7,224,,43.4616,0,CAM_DROP_PHY,9,7,224,56926
veh7,699721421175,,43.4681,0,CPM_DROP_PHY,6,7,699721421175,56944
veh7,699721421164,,43.4708,0,CPM_DROP_PHY,12,7,699721421164,56930
veh7,699721421134,,43.4713,0,CPM_DROP_PHY,3,7,699721421134,56887
veh7,699721421179,,43.4816,0,CPM_DROP_PHY,9,7,699721421179,56949
veh7,699721421216,,43.4978,0,CPM_DROP_PHY,8,7,699721421216,57008
veh7,699721421223,,43.5106,0,CPM_DROP_PHY,11,7,699721421223,57020
veh7,293,,43.5106,0,CAM_DROP_PHY,11,7,293,57020
veh7,396,,43.5108,0,CAM_DROP_PHY,12,7,396,57027
veh7,699721421339,,43.5221,0,CPM_DROP_PHY,10,7,699721421339,57036
veh7,699721421361,,43.5383,0,CPM_DROP_PHY,5,7,699721421361,57064
veh7,699721421346,,43.5506,0,CPM_DROP_PHY,2,7,699721421346,57044
veh7,699721421375,,43.5513,0,CPM_DROP_PHY,3,7,699721421375,57087
veh7,461,,43.5616,0,CAM_DROP_PHY,9,7,461,57116
veh7,699721421411,,43.5681,0,CPM_DROP_PHY,6,7,699721421411,57133
veh7,699721421401,,43.5708,0,CPM_DROP_PHY,12,7,699721421401,57120
veh7,699721421414,,43.5816,0,CPM_DROP_PHY,9,7,699721421414,57136
veh7,503,,43.5821,0,CAM_DROP_PHY,10,7,503,57176
veh7,699721421448,,43.5978,0,CPM_DROP_PHY,8,7,699721421448,57189
veh7,699721421456,,43.6106,0,CPM_DROP_PHY,11,7,699721421456,57203
veh7,699721421557,,43.6221,0,CPM_DROP_PHY,10,7,699721421557,57217
veh7,417,,43.6268,0,CAM_DROP_PHY,4,7,417,57057
veh7,699721421419,,43.6268,0,CPM_DROP_PHY,4,7,699721421419,57142
veh7,699721421575,,43.6383,0,CPM_DROP_PHY,5,7,699721421575,57238
veh7,699721421563,,43.6506,0,CPM_DROP_PHY,2,7,699721421563,57223
veh7,648,,43.6513,0,CAM_DROP_PHY,3,7,648,57252
veh7,674,,43.6616,0,CAM_DROP_PHY,9,7,674,57283
veh7,699721421634,,43.6668,0,CPM_DROP_PHY,4,7,699721421634,57309
veh7,699721421626,,43.6681,0,CPM_DROP_PHY,6,7,699721421626,57300
veh7,699721421614,,43.6708,0,CPM_DROP_PHY,12,7,699721421614,57287
veh7,699721421589,,43.6713,0,CPM_DROP_PHY,3,7,699721421589,57252
veh7,699721421629,,43.6816,0,CPM_DROP_PHY,9,7,699721421629,57303
veh7,699721421662,,43.6978,0,CPM_DROP_PHY,8,7,699721421662,57357
veh7,699721421670,,43.7106,0,CPM_DROP_PHY,11,7,699721421670,57369
veh7,699721421772,,43.7166,0,CPM_DROP_PHY,10,7,699721421772,57383
veh7,862,,43.7378,0,CAM_DROP_PHY,8,7,862,57418
veh7,699721421790,,43.7383,0,CPM_DROP_PHY,5,7,699721421790,57408
veh7,699721421778,,43.7506,0,CPM_DROP_PHY,2,7,699721421778,57389
veh7,699721421804,,43.7513,0,CPM_DROP_PHY,3,7,699721421804,57421
veh7,889,,43.7616,0,CAM_DROP_PHY,9,7,889,57457
veh7,699721421850,,43.7668,0,CPM_DROP_PHY,4,7,699721421850,57483
veh7,896,,43.7681,0,CAM_DROP_PHY,6,7,896,57462
veh7,699721421829,,43.7708,0,CPM_DROP_PHY,12,7,699721421829,57461
veh7,699721421845,,43.7816,0,CPM_DROP_PHY,9,7,699721421845,57477
veh7,699721421841,,43.7881,0,CPM_DROP_PHY,6,7,699721421841,57462
veh7,699721421875,,43.7978,0,CPM_DROP_PHY,8,7,699721421875,57525
veh7,699721421883,,43.8106,0,CPM_DROP_PHY,11,7,699721421883,57540
veh7,957,,43.8106,0,CAM_DROP_PHY,11,7,957,57540
veh7,952,,43.8106,0,CAM_DROP_PHY,2,7,952,57544
veh7,1056,,43.8108,0,CAM_DROP_PHY,12,7,1056,57552
veh7,699721421998,,43.8166,0,CPM_DROP_PHY,10,7,699721421998,57560
veh7,1079,,43.8268,0,CAM_DROP_PHY,4,7,1079,57590
veh7,699721422022,,43.8383,0,CPM_DROP_PHY,5,7,699721422022,57598
veh7,699721422006,,43.8506,0,CPM_DROP_PHY,2,7,699721422006,57570
veh7,1097,,43.8513,0,CAM_DROP_PHY,3,7,1097,57617
veh7,1123,,43.8616,0,CAM_DROP_PHY,9,7,1123,57650
veh7,699721422082,,43.8668,0,CPM_DROP_PHY,4,7,699721422082,57675
veh7,699721422074,,43.8681,0,CPM_DROP_PHY,6,7,699721422074,57668
veh7,699721422064,,43.8708,0,CPM_DROP_PHY,12,7,699721422064,57654
veh7,699721422038,,43.8713,0,CPM_DROP_PHY,3,7,699721422038,57617
veh7,699721422078,,43.8816,0,CPM_DROP_PHY,9,7,699721422078,57670
veh7,1168,,43.8966,0,CAM_DROP_PHY,10,7,1168,57713
veh7,699721422113,,43.8978,0,CPM_DROP_PHY,8,7,699721422113,57723
veh7,699721422122,,43.9106,0,CPM_DROP_PHY,11,7,699721422122,57734
veh7,699721422223,,43.9166,0,CPM_DROP_PHY,10,7,699721422223,57756
veh7,1284,,43.9183,0,CAM_DROP_PHY,5,7,1284,57754
veh7,699721422241,,43.9383,0,CPM_DROP_PHY,5,7,699721422241,57785
veh7,1330,43.9423,,0,CAM,7,,1330,-1
veh7,699721422229,,43.9506,0,CPM_DROP_PHY,2,7,699721422229,57763
veh7,699721422254,,43.9543,0,CPM_DROP_PHY,3,7,699721422254,57800
veh7,1342,,43.9586,0,CAM_DROP_PHY,9,7,1342,57832
veh7,699721422294,,43.9623,0,CPM_DROP_PHY,6,7,699721422294,57851
veh7,699721422282,,43.9708,0,CPM_DROP_PHY,12,7,699721422282,57833
veh7,699721422298,,43.9786,0,CPM_DROP_PHY,9,7,699721422298,57858
veh7,699721422330,,43.9996,0,CPM_DROP_PHY,8,7,699721422330,57908
veh7,699721422338,,44.0033,0,CPM_DROP_PHY,11,7,699721422338,57915
veh7,699721422437,,44.0166,0,CPM_DROP_PHY,10,7,699721422437,57930
veh7,1530,,44.0343,0,CAM_DROP_PHY,3,7,1530,57965
veh7,699721422456,,44.0383,0,CPM_DROP_PHY,5,7,699721422456,57956
veh7,699721422443,,44.0506,0,CPM_DROP_PHY,2,7,699721422443,57932
veh7,699721422471,,44.0543,0,CPM_DROP_PHY,3,7,699721422471,57970
veh7,1558,,44.0586,0,CAM_DROP_PHY,9,7,1558,58005
veh7,699721422509,,44.0623,0,CPM_DROP_PHY,6,7,699721422509,58024
veh7,699721422498,,44.0678,0,CPM_DROP_PHY,12,7,699721422498,58006
veh7,699721422512,,44.0786,0,CPM_DROP_PHY,9,7,699721422512,58029
veh7,699721422543,,44.0996,0,CPM_DROP_PHY,8,7,699721422543,58074
veh7,699721422550,,44.1033,0,CPM_DROP_PHY,11,7,699721422550,58081
veh7,1620,,44.1033,0,CAM_DROP_PHY,11,7,1620,58081
veh7,1712,,44.1078,0,CAM_DROP_PHY,12,7,1712,58090
veh7,699721422657,,44.1166,0,CPM_DROP_PHY,10,7,699721422657,58101
veh7,699721422675,,44.1383,0,CPM_DROP_PHY,5,7,699721422675,58130
veh7,699721422662,,44.1506,0,CPM_DROP_PHY,2,7,699721422662,58104
veh7,699721422686,,44.1543,0,CPM_DROP_PHY,3,7,699721422686,58141
veh7,1772,,44.1586,0,CAM_DROP_PHY,9,7,1772,58172
veh7,699721422724,,44.1623,0,CPM_DROP_PHY,6,7,699721422724,58191
veh7,699721422518,,44.1668,0,CPM_DROP_PHY,4,7,699721422518,58037
veh7,699721422712,,44.1678,0,CPM_DROP_PHY,12,7,699721422712,58173
veh7,699721422727,,44.1786,0,CPM_DROP_PHY,9,7,699721422727,58196
veh7,699721422733,,44.1828,0,CPM_DROP_PHY,4,7,699721422733,58205
veh7,1814,,44.1966,0,CAM_DROP_PHY,10,7,1814,58227
veh7,699721422758,,44.1996,0,CPM_DROP_PHY,8,7,699721422758,58238
veh7,699721422767,,44.2033,0,CPM_DROP_PHY,11,7,699721422767,58249
veh7,699721422861,,44.2166,0,CPM_DROP_PHY,10,7,699721422861,58270
veh7,1940,,44.2228,0,CAM_DROP_PHY,4,7,1940,58292
veh7,1960,,44.2343,0,CAM_DROP_PHY,3,7,1960,58315
veh7,699721422882,,44.2383,0,CPM_DROP_PHY,5,7,699721422882,58301
veh7,1955,,44.2396,0,CAM_DROP_PHY,8,7,1955,58310
veh7,699721422867,,44.2506,0,CPM_DROP_PHY,2,7,699721422867,58273
veh7,699721422902,,44.2543,0,CPM_DROP_PHY,3,7,699721422902,58320
veh7,1993,,44.2623,0,CAM_DROP_PHY,6,7,1993,58359
veh7,699721422926,,44.2678,0,CPM_DROP_PHY,12,7,699721422926,58357
veh7,699721422943,,44.2786,0,CPM_DROP_PHY,9,7,699721422943,58383
veh7,699721422939,,44.2823,0,CPM_DROP_PHY,6,7,699721422939,58359
veh7,699721422948,,44.2828,0,CPM_DROP_PHY,4,7,699721422948,58391
veh7,699721422971,,44.2996,0,CPM_DROP_PHY,8,7,699721422971,58423
veh7,699721422979,,44.3033,0,CPM_DROP_PHY,11,7,699721422979,58437
veh7,2048,,44.3106,0,CAM_DROP_PHY,2,7,2048,58441
veh7,699721423077,,44.3166,0,CPM_DROP_PHY,10,7,699721423077,58454
veh7,699721423096,,44.3383,0,CPM_DROP_PHY,5,7,699721423096,58487
veh7,699721423083,,44.3506,0,CPM_DROP_PHY,2,7,699721423083,58458
veh7,699721423107,,44.3543,0,CPM_DROP_PHY,3,7,699721423107,58497
veh7,2192,,44.3586,0,CAM_DROP_PHY,9,7,2192,58528
veh7,699721423143,,44.3623,0,CPM_DROP_PHY,6,7,699721423143,58547
veh7,699721423132,,44.3678,0,CPM_DROP_PHY,12,7,699721423132,58529
veh7,699721423145,,44.3786,0,CPM_DROP_PHY,9,7,699721423145,58552
veh7,699721423151,,44.3828,0,CPM_DROP_PHY,4,7,699721423151,58561
veh7,699721423173,,44.3996,0,CPM_DROP_PHY,8,7,699721423173,58593
veh7,699721423182,,44.4033,0,CPM_DROP_PHY,11,7,699721423182,58604
veh7,2251,,44.4033,0,CAM_DROP_PHY,11,7,2251,58604
veh7,2334,,44.4078,0,CAM_DROP_PHY,12,7,2334,58613
veh7,699721423280,,44.4166,0,CPM_DROP_PHY,10,7,699721423280,58625
veh7,2340,,44.4183,0,CAM_DROP_PHY,5,7,2340,58620
veh7,2374,,44.4343,0,CAM_DROP_PHY,3,7,2374,58671
veh7,699721423299,,44.4383,0,CPM_DROP_PHY,5,7,699721423299,58658
veh7,2391,44.4423,,0,CAM,7,,2391,-1
veh7,699721423285,,44.4506,0,CPM_DROP_PHY,2,7,699721423285,58628
veh7,699721423315,,44.4543,0,CPM_DROP_PHY,3,7,699721423315,58676
veh7,699721423351,,44.4623,0,CPM_DROP_PHY,6,7,699721423351,58727
veh7,699721423340,,44.4678,0,CPM_DROP_PHY,12,7,699721423340,58712
veh7,699721423354,,44.4796,0,CPM_DROP_PHY,9,7,699721423354,58734
veh7,699721423360,,44.4828,0,CPM_DROP_PHY,4,7,699721423360,58743
veh7,2441,,44.4966,0,CAM_DROP_PHY,10,7,2441,58763
veh7,699721423386,,44.4996,0,CPM_DROP_PHY,8,7,699721423386,58777
veh7,699721423394,,44.5033,0,CPM_DROP_PHY,11,7,699721423394,58788
veh7,699721423491,,44.5166,0,CPM_DROP_PHY,10,7,699721423491,58809
veh7,699721423509,,44.5383,0,CPM_DROP_PHY,5,7,699721423509,58837
veh7,699721423496,,44.5506,0,CPM_DROP_PHY,2,7,699721423496,58812
veh7,699721423521,,44.5543,0,CPM_DROP_PHY,3,7,699721423521,58846
veh7,699721423554,,44.5623,0,CPM_DROP_PHY,6,7,699721423554,58892
veh7,699721423544,,44.5678,0,CPM_DROP_PHY,12,7,699721423544,58877
veh7,699721423557,,44.5796,0,CPM_DROP_PHY,9,7,699721423557,58897
veh7,699721423589,,44.5996,0,CPM_DROP_PHY,8,7,699721423589,58934
veh7,699721423564,,44.6028,0,CPM_DROP_PHY,4,7,699721423564,58905
veh7,699721423597,,44.6033,0,CPM_DROP_PHY,11,7,699721423597,58945
veh7,699721423695,,44.6158,0,CPM_DROP_PHY,10,7,699721423695,58963
veh7,2786,,44.6343,0,CAM_DROP_PHY,3,7,2786,59002
veh7,699721423712,,44.6383,0,CPM_DROP_PHY,5,7,699721423712,58992
veh7,699721423700,,44.6506,0,CPM_DROP_PHY,2,7,699721423700,58965
veh7,2814,,44.6596,0,CAM_DROP_PHY,9,7,2814,59035
veh7,699721423753,,44.6678,0,CPM_DROP_PHY,12,7,699721423753,59036
veh7,699721423768,,44.6796,0,CPM_DROP_PHY,9,7,699721423768,59065
veh7,699721423775,,44.6828,0,CPM_DROP_PHY,4,7,699721423775,59076
veh7,699721423797,,44.6996,0,CPM_DROP_PHY,8,7,699721423797,59107
veh7,699721423805,,44.7033,0,CPM_DROP_PHY,11,7,699721423805,59118
veh7,2874,,44.7033,0,CAM_DROP_PHY,11,7,2874,59118
veh7,2955,,44.7078,0,CAM_DROP_PHY,12,7,2955,59128
veh7,699721423899,,44.7158,0,CPM_DROP_PHY,10,7,699721423899,59138
veh7,2977,,44.7228,0,CAM_DROP_PHY,4,7,2977,59162
veh7,699721423919,,44.7383,0,CPM_DROP_PHY,5,7,699721423919,59169
veh7,699721423904,,44.7506,0,CPM_DROP_PHY,2,7,699721423904,59141
veh7,699721423957,,44.7678,0,CPM_DROP_PHY,12,7,699721423957,59218
veh7,699721423973,,44.7796,0,CPM_DROP_PHY,9,7,699721423973,59245
veh7,699721423979,,44.7828,0,CPM_DROP_PHY,4,7,699721423979,59253
veh7,3060,,44.7958,0,CAM_DROP_PHY,10,7,3060,59271
veh7,699721424007,,44.7996,0,CPM_DROP_PHY,8,7,699721424007,59287
veh7,699721424015,,44.8033,0,CPM_DROP_PHY,11,7,699721424015,59301
veh7,699721424115,,44.8158,0,CPM_DROP_PHY,10,7,699721424115,59325
veh7,3175,,44.8183,0,CAM_DROP_PHY,5,7,3175,59323
veh7,2994,,44.8343,0,CAM_DROP_PHY,3,7,2994,59185
veh7,699721424133,,44.8383,0,CPM_DROP_PHY,5,7,699721424133,59353
veh7,3206,,44.8396,0,CAM_DROP_PHY,8,7,3206,59365
veh7,699721424120,,44.8518,0,CPM_DROP_PHY,2,7,699721424120,59327
veh7,699721424172,,44.8678,0,CPM_DROP_PHY,12,7,699721424172,59403
veh7,699721424189,,44.8796,0,CPM_DROP_PHY,9,7,699721424189,59436
veh7,699721424194,,44.8816,0,CPM_DROP_PHY,4,7,699721424194,59442
veh7,699721424217,,44.8996,0,CPM_DROP_PHY,8,7,699721424217,59473
