vehicle_id,msg_seq,tx_t_s,rx_t_s,rx_ok,msg_type,tx_id,rx_id,cam_gdt_ms,pkt_uid
veh12,17550,3.00117,,0,CAM,12,,17550,-1
veh12,17867,3.20117,,0,CAM,12,,17867,-1
veh12,18187,3.40117,,0,CAM,12,,18187,-1
veh12,18603,3.60117,,0,CAM,12,,18603,-1
veh12,18924,3.80117,,0,CAM,12,,18924,-1
veh12,19409,4.10117,,0,CAM,12,,19409,-1
veh12,20003,4.40117,,0,CAM,12,,20003,-1
veh12,20493,4.70117,,0,CAM,12,,20493,-1
veh12,20912,4.90117,,0,CAM,12,,20912,-1
veh12,21068,5.00117,,0,CAM,12,,21068,-1
veh12,21232,5.10117,,0,CAM,12,,21232,-1
veh12,21555,5.30117,,0,CAM,12,,21555,-1
veh12,21967,5.50117,,0,CAM,12,,21967,-1
veh12,22421,5.80117,,0,CAM,12,,22421,-1
veh12,22982,6.10117,,0,CAM,12,,22982,-1
veh12,23447,6.40117,,0,CAM,12,,23447,-1
veh12,23597,6.50117,,0,CAM,12,,23597,-1
veh12,23845,6.60117,,0,CAM,12,,23845,-1
veh12,23994,6.70117,,0,CAM,12,,23994,-1
veh12,24154,6.80117,,0,CAM,12,,24154,-1
veh12,24462,7.00117,,0,CAM,12,,24462,-1
veh12,24869,7.20117,,0,CAM,12,,24869,-1
veh12,25326,7.50117,,0,CAM,12,,25326,-1
veh12,25872,7.80117,,0,CAM,12,,25872,-1
veh12,26307,8.10117,,0,CAM,12,,26307,-1
veh12,26735,8.40117,,0,CAM,12,,26735,-1
veh12,26987,8.50117,,0,CAM,12,,26987,-1
veh12,27125,8.60117,,0,CAM,12,,27125,-1
veh12,27261,8.70117,,0,CAM,12,,27261,-1
veh12,27406,8.80117,,0,CAM,12,,27406,-1
veh12,27671,9.00117,,0,CAM,12,,27671,-1
veh12,28055,9.20117,,0,CAM,12,,28055,-1
veh12,28462,9.50117,,0,CAM,12,,28462,-1
veh12,28976,9.80117,,0,CAM,12,,28976,-1
veh12,699720729303,,10.0101,0,CPM_DROP_PHY,10,12,699720729303,1371
veh12,29293,,10.0233,0,CAM_DROP_PHY,4,12,29293,1377
veh12,29335,,10.0416,0,CAM_DROP_PHY,3,12,29335,1394
veh12,699720729379,,10.0416,0,CPM_DROP_PHY,3,12,699720729379,1394
veh12,699720729382,,10.0491,0,CPM_DROP_PHY,7,12,699720729382,1397
veh12,29377,,10.0546,1,CAM,9,12,29377,-1
veh12,699720729515,,10.0973,0,CPM_DROP_PHY,11,12,699720729515,1479
veh12,29481,,10.0986,0,CAM_DROP_PHY,2,12,29481,1484
veh12,29583,10.1012,,0,CAM,12,,29583,-1
veh12,29499,,10.1173,1,CAM,11,12,29499,-1
veh12,699720729646,,10.1186,0,CPM_DROP_PHY,2,12,699720729646,1517
veh12,699720729693,,10.1416,0,CPM_DROP_PHY,3,12,699720729693,1563
veh12,29634,,10.1491,0,CAM_DROP_PHY,8,12,29634,1555
veh12,29667,,10.1491,0,CAM_DROP_PHY,7,12,29667,1564
veh12,29685,,10.1546,1,CAM,9,12,29685,-1
veh12,29691,,10.1638,0,CAM_DROP_PHY,6,12,29691,1593
veh12,699720729757,,10.1833,0,CPM_DROP_PHY,4,12,699720729757,1625
veh12,699720729791,,10.1891,0,CPM_DROP_PHY,8,12,699720729791,1655
veh12,29740,,10.1901,0,CAM_DROP_PHY,10,12,29740,1646
veh12,29765,,10.1986,0,CAM_DROP_PHY,2,12,29765,1672
veh12,29864,,10.2116,1,CAM,5,12,29864,-1
veh12,29772,,10.2173,1,CAM,11,12,29772,-1
veh12,29889,,10.2233,1,CAM,4,12,29889,-1
veh12,699720730036,,10.2316,0,CPM_DROP_PHY,5,12,699720730036,1723
veh12,30015,,10.2416,0,CAM_DROP_PHY,3,12,30015,1753
veh12,30043,,10.2546,1,CAM,9,12,30043,-1
veh12,699720730100,,10.2638,0,CPM_DROP_PHY,6,12,699720730100,1799
veh12,699720730142,,10.2891,0,CPM_DROP_PHY,8,12,699720730142,1837
veh12,30119,,10.2986,0,CAM_DROP_PHY,2,12,30119,1852
veh12,30216,10.3012,,0,CAM,12,,30216,-1
veh12,699720730265,,10.3101,0,CPM_DROP_PHY,10,12,699720730265,1877
veh12,30130,,10.3173,0,CAM_DROP_PHY,11,12,30130,1859
veh12,699720730274,,10.3186,0,CPM_DROP_PHY,2,12,699720730274,1885
veh12,30261,,10.3491,1,CAM,8,12,30261,-1
veh12,30320,,10.3638,0,CAM_DROP_PHY,6,12,30320,1960
veh12,699720730374,,10.3638,0,CPM_DROP_PHY,6,12,699720730374,1960
veh12,30296,,10.3646,0,CAM_DROP_PHY,7,12,30296,1932
veh12,30369,,10.3901,0,CAM_DROP_PHY,10,12,30369,2013
veh12,30393,,10.3986,1,CAM,2,12,30393,-1
veh12,30493,,10.4116,1,CAM,5,12,30493,-1
veh12,30404,,10.4173,0,CAM_DROP_PHY,11,12,30404,2044
veh12,30521,,10.4233,0,CAM_DROP_PHY,4,12,30521,2085
veh12,699720730568,,10.4316,0,CPM_DROP_PHY,5,12,699720730568,2090
veh12,699720730588,,10.4446,0,CPM_DROP_PHY,7,12,699720730588,2122
veh12,30570,,10.4546,0,CAM_DROP_PHY,9,12,30570,2141
veh12,699720730621,,10.4638,0,CPM_DROP_PHY,6,12,699720730621,2153
veh12,699720730624,,10.4746,0,CPM_DROP_PHY,9,12,699720730624,2154
veh12,699720730658,,10.4891,0,CPM_DROP_PHY,8,12,699720730658,2185
veh12,699720730667,,10.4973,0,CPM_DROP_PHY,11,12,699720730667,2193
veh12,30632,,10.4986,0,CAM_DROP_PHY,2,12,30632,2195
veh12,30642,,10.5173,0,CAM_DROP_PHY,11,12,30642,2202
veh12,699720730781,,10.5186,0,CPM_DROP_PHY,2,12,699720730781,2227
veh12,30784,,10.5416,1,CAM,3,12,30784,-1
veh12,699720730827,,10.5416,0,CPM_DROP_PHY,3,12,699720730827,2265
veh12,699720730830,,10.5491,0,CPM_DROP_PHY,7,12,699720730830,2268
veh12,30767,,10.5491,0,CAM_DROP_PHY,8,12,30767,2258
veh12,30816,,10.5638,0,CAM_DROP_PHY,6,12,30816,2295
veh12,699720730870,,10.5638,0,CPM_DROP_PHY,6,12,699720730870,2295
veh12,699720730880,,10.5833,0,CPM_DROP_PHY,4,12,699720730880,2320
veh12,30858,,10.5901,0,CAM_DROP_PHY,10,12,30858,2336
veh12,30885,,10.5986,1,CAM,2,12,30885,-1
veh12,31081,10.6012,,0,CAM,12,,31081,-1
veh12,31090,,10.6116,0,CAM_DROP_PHY,5,12,31090,2389
veh12,30896,,10.6173,0,CAM_DROP_PHY,11,12,30896,2367
veh12,31116,,10.6233,1,CAM,4,12,31116,-1
veh12,699720731163,,10.6316,0,CPM_DROP_PHY,5,12,699720731163,2423
veh12,699720731191,,10.6491,0,CPM_DROP_PHY,7,12,699720731191,2459
veh12,31165,,10.6491,0,CAM_DROP_PHY,7,12,31165,2459
veh12,31182,,10.6546,0,CAM_DROP_PHY,9,12,31182,2482
veh12,699720731239,,10.6638,0,CPM_DROP_PHY,6,12,699720731239,2504
veh12,699720731241,,10.6746,0,CPM_DROP_PHY,9,12,699720731241,2505
veh12,31243,,10.6986,0,CAM_DROP_PHY,2,12,31243,2546
veh12,31334,10.7012,,0,CAM,12,,31334,-1
veh12,31249,,10.7173,0,CAM_DROP_PHY,11,12,31249,2551
veh12,699720731401,,10.7316,0,CPM_DROP_PHY,5,12,699720731401,2579
veh12,699720731422,,10.7416,0,CPM_DROP_PHY,3,12,699720731422,2604
veh12,31371,,10.7491,0,CAM_DROP_PHY,8,12,31371,2595
veh12,699720731425,,10.7548,0,CPM_DROP_PHY,7,12,699720731425,2605
veh12,31410,,10.7638,0,CAM_DROP_PHY,6,12,31410,2625
veh12,699720731466,,10.7638,0,CPM_DROP_PHY,6,12,699720731466,2625
veh12,699720731469,,10.7746,0,CPM_DROP_PHY,9,12,699720731469,2648
veh12,31460,,10.7901,0,CAM_DROP_PHY,10,12,31460,2681
veh12,31479,,10.7986,0,CAM_DROP_PHY,2,12,31479,2703
veh12,31574,10.8012,,0,CAM,12,,31574,-1
veh12,31582,,10.8116,1,CAM,5,12,31582,-1
veh12,31488,,10.8173,1,CAM,11,12,31488,-1
veh12,699720731634,,10.8186,0,CPM_DROP_PHY,2,12,699720731634,2734
veh12,31607,,10.8363,0,CAM_DROP_PHY,4,12,31607,2754
veh12,31633,,10.8416,0,CAM_DROP_PHY,3,12,31633,2786
veh12,31655,,10.8546,1,CAM,9,12,31655,-1
veh12,31731,,10.8986,0,CAM_DROP_PHY,2,12,31731,2882
veh12,31825,10.9012,,0,CAM,12,,31825,-1
veh12,699720731872,,10.9101,0,CPM_DROP_PHY,10,12,699720731872,2901
veh12,31740,,10.9173,0,CAM_DROP_PHY,11,12,31740,2889
veh12,699720731882,,10.9186,0,CPM_DROP_PHY,2,12,699720731882,2909
veh12,699720731900,,10.9238,0,CPM_DROP_PHY,5,12,699720731900,2926
veh12,699720731925,,10.9461,0,CPM_DROP_PHY,3,12,699720731925,2958
veh12,31879,,10.9491,0,CAM_DROP_PHY,8,12,31879,2950
veh12,31895,,10.9548,0,CAM_DROP_PHY,7,12,31895,2959
veh12,31916,,10.9638,0,CAM_DROP_PHY,6,12,31916,2979
veh12,699720731973,,10.9638,0,CPM_DROP_PHY,6,12,699720731973,2979
veh12,699720731981,,10.9763,0,CPM_DROP_PHY,4,12,699720731981,3006
veh12,31965,,10.9901,1,CAM,10,12,31965,-1
veh12,32089,,10.9986,0,CAM_DROP_PHY,2,12,32089,3049
veh12,32189,11.0012,,0,CAM,12,,32189,-1
veh12,32095,,11.0173,1,CAM,11,12,32095,-1
veh12,699720732250,,11.0186,0,CPM_DROP_PHY,2,12,699720732250,3080
veh12,32197,,11.0238,1,CAM,5,12,32197,-1
veh12,32221,,11.0363,1,CAM,4,12,32221,-1
veh12,699720732268,,11.0438,0,CPM_DROP_PHY,5,12,699720732268,3073
veh12,32275,,11.0546,0,CAM_DROP_PHY,9,12,32275,3153
veh12,699720732338,,11.0638,0,CPM_DROP_PHY,6,12,699720732338,3177
veh12,32348,,11.1173,0,CAM_DROP_PHY,11,12,32348,3230
veh12,699720732493,,11.1186,0,CPM_DROP_PHY,2,12,699720732493,3244
veh12,699720732509,,11.1238,0,CPM_DROP_PHY,5,12,699720732509,3257
veh12,32490,,11.1461,1,CAM,3,12,32490,-1
veh12,699720732533,,11.1461,0,CPM_DROP_PHY,3,12,699720732533,3284
veh12,32485,,11.1491,1,CAM,8,12,32485,-1
veh12,32522,,11.1638,1,CAM,6,12,32522,-1
veh12,32567,,11.1901,0,CAM_DROP_PHY,10,12,32567,3357
veh12,32584,,11.1986,1,CAM,2,12,32584,-1
veh12,32686,11.2012,,0,CAM,12,,32686,-1
veh12,699720732744,,11.2186,0,CPM_DROP_PHY,2,12,699720732744,3395
veh12,32694,,11.2238,0,CAM_DROP_PHY,5,12,32694,3391
veh12,32715,,11.2363,1,CAM,4,12,32715,-1
veh12,699720732786,,11.2461,0,CPM_DROP_PHY,3,12,699720732786,3436
veh12,699720732789,,11.2538,0,CPM_DROP_PHY,7,12,699720732789,3437
veh12,32758,,11.2538,0,CAM_DROP_PHY,7,12,32758,3437
veh12,32775,,11.2546,1,CAM,9,12,32775,-1
veh12,32844,,11.3143,1,CAM,11,12,32844,-1
veh12,699720732986,,11.3186,0,CPM_DROP_PHY,2,12,699720732986,3539
veh12,32983,,11.3491,1,CAM,8,12,32983,-1
veh12,33118,,11.3566,1,CAM,6,12,33118,-1
veh12,699720733182,,11.3746,0,CPM_DROP_PHY,9,12,699720733182,3628
veh12,33176,,11.3876,1,CAM,10,12,33176,-1
veh12,33295,11.4012,,0,CAM,12,,33295,-1
veh12,699720733225,,11.4046,0,CPM_DROP_PHY,8,12,699720733225,3673
veh12,33203,,11.4093,1,CAM,2,12,33203,-1
veh12,33304,,11.4238,1,CAM,5,12,33304,-1
veh12,33320,,11.4301,0,CAM_DROP_PHY,4,12,33320,3729
veh12,33350,,11.4461,0,CAM_DROP_PHY,3,12,33350,3758
veh12,33377,,11.4546,0,CAM_DROP_PHY,9,12,33377,3783
veh12,33445,,11.5143,1,CAM,11,12,33445,-1
veh12,699720733583,,11.5276,0,CPM_DROP_PHY,10,12,699720733583,3862
veh12,699720733590,,11.5293,0,CPM_DROP_PHY,2,12,699720733590,3866
veh12,33581,,11.5446,0,CAM_DROP_PHY,8,12,33581,3893
veh12,699720733629,,11.5538,0,CPM_DROP_PHY,7,12,699720733629,3900
veh12,33597,,11.5538,0,CAM_DROP_PHY,7,12,33597,3900
veh12,33620,,11.5566,0,CAM_DROP_PHY,6,12,33620,3929
veh12,33769,,11.6238,0,CAM_DROP_PHY,5,12,33769,3988
veh12,33784,,11.6301,1,CAM,4,12,33784,-1
veh12,699720733854,,11.6453,0,CPM_DROP_PHY,3,12,699720733854,4028
veh12,699720733857,,11.6538,0,CPM_DROP_PHY,7,12,699720733857,4031
veh12,33837,,11.6688,0,CAM_DROP_PHY,9,12,33837,4059
veh12,699720733893,,11.6766,0,CPM_DROP_PHY,6,12,699720733893,4071
veh12,33876,,11.6876,1,CAM,10,12,33876,-1
veh12,699720733932,,11.6943,0,CPM_DROP_PHY,11,12,699720733932,4107
veh12,33994,11.7012,,0,CAM,12,,33994,-1
veh12,34153,,11.7388,0,CAM_DROP_PHY,3,12,34153,4175
veh12,34147,,11.7446,0,CAM_DROP_PHY,8,12,34147,4168
veh12,699720734199,,11.7538,0,CPM_DROP_PHY,7,12,699720734199,4179
veh12,34184,,11.7566,1,CAM,6,12,34184,-1
veh12,699720734245,,11.7701,0,CPM_DROP_PHY,4,12,699720734245,4231
veh12,34233,,11.7876,0,CAM_DROP_PHY,10,12,34233,4259
veh12,699720734281,,11.8046,0,CPM_DROP_PHY,8,12,699720734281,4265
veh12,34252,,11.8093,1,CAM,2,12,34252,-1
veh12,34256,,11.8143,0,CAM_DROP_PHY,11,12,34256,4283
veh12,34357,,11.8238,0,CAM_DROP_PHY,5,12,34357,4293
veh12,699720734424,,11.8238,0,CPM_DROP_PHY,5,12,699720734424,4293
veh12,699720734410,,11.8293,0,CPM_DROP_PHY,2,12,699720734410,4302
veh12,34378,,11.8301,0,CAM_DROP_PHY,4,12,34378,4317
veh12,34428,,11.8538,1,CAM,7,12,34428,-1
veh12,34440,,11.8688,0,CAM_DROP_PHY,9,12,34440,4379
veh12,699720734509,,11.8701,0,CPM_DROP_PHY,4,12,699720734509,4403
veh12,34491,,11.8931,0,CAM_DROP_PHY,10,12,34491,4426
veh12,699720734545,,11.8943,0,CPM_DROP_PHY,11,12,699720734545,4438
veh12,699720734653,,11.9131,0,CPM_DROP_PHY,10,12,699720734653,4457
veh12,699720734659,,11.9293,0,CPM_DROP_PHY,2,12,699720734659,4461
veh12,34650,,11.9446,0,CAM_DROP_PHY,8,12,34650,4486
veh12,34684,,11.9566,0,CAM_DROP_PHY,6,12,34684,4521
veh12,34737,,11.9931,0,CAM_DROP_PHY,10,12,34737,4573
veh12,34850,12.0012,,0,CAM,12,,34850,-1
veh12,699720734900,,12.0131,0,CPM_DROP_PHY,10,12,699720734900,4603
veh12,34856,,12.0193,1,CAM,5,12,34856,-1
veh12,34877,,12.0301,0,CAM_DROP_PHY,4,12,34877,4621
veh12,34900,,12.0453,0,CAM_DROP_PHY,3,12,34900,4649
veh12,699720734947,,12.0538,0,CPM_DROP_PHY,7,12,699720734947,4653
veh12,34938,,12.0688,0,CAM_DROP_PHY,9,12,34938,4680
veh12,699720735005,,12.0701,0,CPM_DROP_PHY,4,12,699720735005,4707
veh12,34990,,12.0931,0,CAM_DROP_PHY,10,12,34990,4733
veh12,699720735292,,12.1388,0,CPM_DROP_PHY,3,12,699720735292,4800
veh12,699720735273,,12.1393,0,CPM_DROP_PHY,5,12,699720735273,4787
veh12,35247,,12.1446,0,CAM_DROP_PHY,8,12,35247,4795
veh12,699720735295,,12.1538,0,CPM_DROP_PHY,7,12,699720735295,4801
veh12,35285,,12.1566,0,CAM_DROP_PHY,6,12,35285,4829
veh12,699720735347,,12.1701,0,CPM_DROP_PHY,4,12,699720735347,4855
veh12,35270,,12.1738,0,CAM_DROP_PHY,7,12,35270,4801
veh12,35330,,12.1931,1,CAM,10,12,35330,-1
veh12,699720735379,,12.2046,0,CPM_DROP_PHY,8,12,699720735379,4889
veh12,35351,,12.2068,1,CAM,2,12,35351,-1
veh12,699720735507,,12.2131,0,CPM_DROP_PHY,10,12,699720735507,4921
veh12,35355,,12.2143,0,CAM_DROP_PHY,11,12,35355,4907
veh12,35463,,12.2193,0,CAM_DROP_PHY,5,12,35463,4920
veh12,35484,,12.2301,0,CAM_DROP_PHY,4,12,35484,4949
veh12,699720735533,,12.2393,0,CPM_DROP_PHY,5,12,699720735533,4956
veh12,699720735552,,12.2453,0,CPM_DROP_PHY,3,12,699720735552,4977
veh12,699720735555,,12.2538,0,CPM_DROP_PHY,7,12,699720735555,4979
veh12,35547,,12.2688,0,CAM_DROP_PHY,9,12,35547,5006
veh12,35596,,12.2931,1,CAM,10,12,35596,-1
veh12,699720735655,,12.2943,0,CPM_DROP_PHY,11,12,699720735655,5068
veh12,35718,12.3012,,0,CAM,12,,35718,-1
veh12,699720735765,,12.3131,0,CPM_DROP_PHY,10,12,699720735765,5090
veh12,699720735770,,12.3268,0,CPM_DROP_PHY,2,12,699720735770,5092
veh12,35764,,12.3388,1,CAM,3,12,35764,-1
veh12,35760,,12.3446,0,CAM_DROP_PHY,8,12,35760,5122
veh12,699720735810,,12.3523,0,CPM_DROP_PHY,7,12,699720735810,5129
veh12,35799,,12.3566,1,CAM,6,12,35799,-1
veh12,699720735808,,12.3588,0,CPM_DROP_PHY,3,12,699720735808,5126
veh12,699720735860,,12.3861,0,CPM_DROP_PHY,4,12,699720735860,5189
veh12,35836,,12.3931,1,CAM,10,12,35836,-1
veh12,35953,12.4012,,0,CAM,12,,35953,-1
veh12,35958,,12.4193,1,CAM,5,12,35958,-1
veh12,35980,,12.4261,0,CAM_DROP_PHY,4,12,35980,5256
veh12,699720736008,,12.4268,0,CPM_DROP_PHY,2,12,699720736008,5236
veh12,36034,,12.4523,1,CAM,7,12,36034,-1
veh12,36047,,12.4688,0,CAM_DROP_PHY,9,12,36047,5311
veh12,36080,,12.4931,1,CAM,10,12,36080,-1
veh12,36295,12.5012,,0,CAM,12,,36295,-1
veh12,699720736384,,12.5388,0,CPM_DROP_PHY,3,12,699720736384,5414
veh12,699720736365,,12.5393,0,CPM_DROP_PHY,5,12,699720736365,5402
veh12,36338,,12.5408,1,CAM,8,12,36338,-1
veh12,37481,,12.5566,1,CAM,6,12,37481,-1
veh12,37640,,12.5836,0,CAM_DROP_PHY,10,12,37640,5485
veh12,699720737692,,12.6008,0,CPM_DROP_PHY,8,12,699720737692,5497
veh12,37771,12.6012,,0,CAM,12,,37771,-1
veh12,37664,,12.6056,0,CAM_DROP_PHY,2,12,37664,5514
veh12,37668,,12.6076,1,CAM,11,12,37668,-1
veh12,37779,,12.6193,1,CAM,5,12,37779,-1
veh12,37796,,12.6261,0,CAM_DROP_PHY,4,12,37796,5560
veh12,37819,,12.6388,1,CAM,3,12,37819,-1
veh12,699720737844,,12.6393,0,CPM_DROP_PHY,5,12,699720737844,5566
veh12,699720737866,,12.6523,0,CPM_DROP_PHY,7,12,699720737866,5592
veh12,37856,,12.6688,1,CAM,9,12,37856,-1
veh12,699720737915,,12.6688,0,CPM_DROP_PHY,9,12,699720737915,5615
veh12,37901,,12.6836,1,CAM,10,12,37901,-1
veh12,38020,12.7012,,0,CAM,12,,38020,-1
veh12,38059,,12.7408,1,CAM,8,12,38059,-1
veh12,38088,,12.7523,0,CAM_DROP_PHY,7,12,38088,5720
veh12,38102,,12.7691,0,CAM_DROP_PHY,6,12,38102,5755
veh12,38142,,12.7836,0,CAM_DROP_PHY,10,12,38142,5787
veh12,38267,12.8012,,0,CAM,12,,38267,-1
veh12,38272,,12.8193,0,CAM_DROP_PHY,5,12,38272,5818
veh12,699720738316,,12.8236,0,CPM_DROP_PHY,10,12,699720738316,5820
veh12,38289,,12.8261,1,CAM,4,12,38289,-1
veh12,699720738359,,12.8388,0,CPM_DROP_PHY,3,12,699720738359,5869
veh12,38353,,12.8513,0,CAM_DROP_PHY,9,12,38353,5899
veh12,38385,,12.8836,0,CAM_DROP_PHY,10,12,38385,5930
veh12,38616,12.9012,,0,CAM,12,,38616,-1
veh12,699720738665,,12.9236,0,CPM_DROP_PHY,10,12,699720738665,5966
veh12,699720738671,,12.9256,0,CPM_DROP_PHY,2,12,699720738671,5969
veh12,38660,,12.9408,0,CAM_DROP_PHY,8,12,38660,6003
veh12,699720738708,,12.9466,0,CPM_DROP_PHY,7,12,699720738708,6009
veh12,699720738706,,12.9508,0,CPM_DROP_PHY,3,12,699720738706,6008
veh12,38699,,12.9691,1,CAM,6,12,38699,-1
veh12,699720738749,,12.9691,0,CPM_DROP_PHY,6,12,699720738749,6041
veh12,38738,,12.9836,0,CAM_DROP_PHY,10,12,38738,6081
veh12,38763,,13.0056,0,CAM_DROP_PHY,2,12,38763,6107
veh12,38880,,13.0193,0,CAM_DROP_PHY,5,12,38880,6121
veh12,699720738924,,13.0236,0,CPM_DROP_PHY,10,12,699720738924,6124
veh12,38897,,13.0261,1,CAM,4,12,38897,-1
veh12,38948,,13.0466,1,CAM,7,12,38948,-1
veh12,38922,,13.0508,0,CAM_DROP_PHY,3,12,38922,6172
veh12,699720738966,,13.0508,0,CPM_DROP_PHY,3,12,699720738966,6172
veh12,38966,,13.0513,1,CAM,9,12,38966,-1
veh12,699720739026,,13.0713,0,CPM_DROP_PHY,9,12,699720739026,6223
veh12,39011,,13.0858,1,CAM,10,12,39011,-1
veh12,39129,13.1012,,0,CAM,12,,39129,-1
veh12,39029,,13.1076,1,CAM,11,12,39029,-1
veh12,699720739182,,13.1256,0,CPM_DROP_PHY,2,12,699720739182,6282
veh12,699720739195,,13.1368,0,CPM_DROP_PHY,5,12,699720739195,6299
veh12,39173,,13.1398,0,CAM_DROP_PHY,8,12,39173,6315
veh12,39217,,13.1691,0,CAM_DROP_PHY,6,12,39217,6352
veh12,39248,,13.1858,0,CAM_DROP_PHY,10,12,39248,6385
veh12,39367,13.2012,,0,CAM,12,,39367,-1
veh12,699720739419,,13.2256,0,CPM_DROP_PHY,2,12,699720739419,6414
veh12,699720739413,,13.2258,0,CPM_DROP_PHY,10,12,699720739413,6411
veh12,699720739430,,13.2368,0,CPM_DROP_PHY,5,12,699720739430,6426
veh12,39439,,13.2513,0,CAM_DROP_PHY,9,12,39439,6472
veh12,699720739499,,13.2713,0,CPM_DROP_PHY,9,12,699720739499,6493
veh12,39484,,13.2858,1,CAM,10,12,39484,-1
veh12,39711,13.3012,,0,CAM,12,,39711,-1
veh12,39720,,13.3168,0,CAM_DROP_PHY,5,12,39720,6550
veh12,39738,,13.3221,0,CAM_DROP_PHY,4,12,39738,6572
veh12,699720739769,,13.3256,0,CPM_DROP_PHY,2,12,699720739769,6555
veh12,39767,,13.3398,0,CAM_DROP_PHY,8,12,39767,6597
veh12,39795,,13.3466,1,CAM,7,12,39795,-1
veh12,39816,,13.3691,1,CAM,6,12,39816,-1
veh12,39854,,13.3858,0,CAM_DROP_PHY,10,12,39854,6674
veh12,40000,13.4012,,0,CAM,12,,40000,-1
veh12,39881,,13.4038,1,CAM,11,12,39881,-1
veh12,39877,,13.4056,0,CAM_DROP_PHY,2,12,39877,6701
veh12,699720740050,,13.4258,0,CPM_DROP_PHY,10,12,699720740050,6719
veh12,40045,,13.4508,0,CAM_DROP_PHY,3,12,40045,6761
veh12,40070,,13.4613,1,CAM,9,12,40070,-1
veh12,699720740128,,13.4813,0,CPM_DROP_PHY,9,12,699720740128,6799
veh12,40244,13.5012,,0,CAM,12,,40244,-1
veh12,40278,,13.5398,1,CAM,8,12,40278,-1
veh12,40349,,13.5858,1,CAM,10,12,40349,-1
veh12,40486,13.6012,,0,CAM,12,,40486,-1
veh12,40371,,13.6038,0,CAM_DROP_PHY,11,12,40371,6956
veh12,40495,,13.6168,0,CAM_DROP_PHY,5,12,40495,6973
veh12,40514,,13.6221,0,CAM_DROP_PHY,4,12,40514,6996
veh12,699720740539,,13.6258,0,CPM_DROP_PHY,10,12,699720740539,6977
veh12,40560,,13.6491,0,CAM_DROP_PHY,7,12,40560,7032
veh12,699720740584,,13.6533,0,CPM_DROP_PHY,3,12,699720740584,7031
veh12,40575,,13.6613,0,CAM_DROP_PHY,9,12,40575,7054
veh12,40580,,13.6691,1,CAM,6,12,40580,-1
veh12,40853,13.7012,,0,CAM,12,,40853,-1
veh12,699720740911,,13.7223,0,CPM_DROP_PHY,2,12,699720740911,7137
veh12,699720740924,,13.7368,0,CPM_DROP_PHY,5,12,699720740924,7151
veh12,40903,,13.7398,0,CAM_DROP_PHY,8,12,40903,7161
veh12,699720740992,,13.7691,0,CPM_DROP_PHY,6,12,699720740992,7207
veh12,40977,,13.7858,0,CAM_DROP_PHY,10,12,40977,7232
veh12,699720741028,,13.7998,0,CPM_DROP_PHY,8,12,699720741028,7246
veh12,41000,,13.8023,0,CAM_DROP_PHY,2,12,41000,7259
veh12,41004,,13.8038,0,CAM_DROP_PHY,11,12,41004,7260
veh12,699720741180,,13.8258,0,CPM_DROP_PHY,10,12,699720741180,7277
veh12,41183,,13.8533,1,CAM,3,12,41183,-1
veh12,41211,,13.8613,0,CAM_DROP_PHY,9,12,41211,7338
veh12,41424,13.9012,,0,CAM,12,,41424,-1
veh12,41431,,13.9168,0,CAM_DROP_PHY,5,12,41431,7421
veh12,41449,,13.9221,0,CAM_DROP_PHY,4,12,41449,7435
veh12,41502,,13.9491,0,CAM_DROP_PHY,7,12,41502,7482
veh12,41517,,13.9691,1,CAM,6,12,41517,-1
veh12,41845,,14.0398,0,CAM_DROP_PHY,8,12,41845,7567
veh12,41874,,14.0613,0,CAM_DROP_PHY,9,12,41874,7595
veh12,699720741935,,14.0821,0,CPM_DROP_PHY,4,12,699720741935,7620
veh12,42080,14.1012,,0,CAM,12,,42080,-1
veh12,699720741966,,14.1038,0,CPM_DROP_PHY,11,12,699720741966,7644
veh12,41932,,14.1038,0,CAM_DROP_PHY,11,12,41932,7644
veh12,699720742137,,14.1223,0,CPM_DROP_PHY,2,12,699720742137,7671
veh12,699720742131,,14.1258,0,CPM_DROP_PHY,10,12,699720742131,7667
veh12,699720742178,,14.1491,0,CPM_DROP_PHY,7,12,699720742178,7704
veh12,699720742175,,14.1533,0,CPM_DROP_PHY,3,12,699720742175,7703
veh12,699720742217,,14.1778,0,CPM_DROP_PHY,6,12,699720742217,7735
veh12,699720742227,,14.1821,0,CPM_DROP_PHY,4,12,699720742227,7750
veh12,42207,,14.1858,1,CAM,10,12,42207,-1
veh12,42230,,14.2023,0,CAM_DROP_PHY,2,12,42230,7793
veh12,42374,,14.2186,0,CAM_DROP_PHY,5,12,42374,7808
veh12,42392,,14.2221,0,CAM_DROP_PHY,4,12,42392,7825
veh12,699720742418,,14.2258,0,CPM_DROP_PHY,10,12,699720742418,7809
veh12,42442,,14.2491,0,CAM_DROP_PHY,7,12,42442,7863
veh12,42420,,14.2533,0,CAM_DROP_PHY,3,12,42420,7859
veh12,699720742464,,14.2533,0,CPM_DROP_PHY,3,12,699720742464,7859
veh12,42461,,14.2578,0,CAM_DROP_PHY,6,12,42461,7887
veh12,699720742700,,14.3176,0,CPM_DROP_PHY,10,12,699720742700,7961
veh12,699720742729,,14.3386,0,CPM_DROP_PHY,5,12,699720742729,7979
veh12,42699,,14.3398,1,CAM,8,12,42699,-1
veh12,42832,,14.3613,1,CAM,9,12,42832,-1
veh12,43032,14.4012,,0,CAM,12,,43032,-1
veh12,42881,,14.4038,0,CAM_DROP_PHY,11,12,42881,8066
veh12,699720743087,,14.4223,0,CPM_DROP_PHY,2,12,699720743087,8086
veh12,699720743111,,14.4386,0,CPM_DROP_PHY,5,12,699720743111,8106
veh12,699720743165,,14.4826,0,CPM_DROP_PHY,4,12,699720743165,8158
veh12,699720743204,,14.5038,0,CPM_DROP_PHY,11,12,699720743204,8190
veh12,43353,,14.5226,0,CAM_DROP_PHY,4,12,43353,8220
veh12,43327,,14.5288,1,CAM,5,12,43327,-1
veh12,699720743406,,14.5386,0,CPM_DROP_PHY,5,12,699720743406,8232
veh12,699720743423,,14.5446,0,CPM_DROP_PHY,7,12,699720743423,8254
veh12,43394,,14.5446,0,CAM_DROP_PHY,7,12,43394,8254
veh12,699720743420,,14.5533,0,CPM_DROP_PHY,3,12,699720743420,8253
veh12,43410,,14.5578,0,CAM_DROP_PHY,6,12,43410,8277
veh12,43450,,14.5976,0,CAM_DROP_PHY,10,12,43450,8315
veh12,43472,,14.6023,0,CAM_DROP_PHY,2,12,43472,8336
veh12,699720743682,,14.6176,0,CPM_DROP_PHY,10,12,699720743682,8362
veh12,699720743688,,14.6223,0,CPM_DROP_PHY,2,12,699720743688,8363
veh12,699720743708,,14.6386,0,CPM_DROP_PHY,5,12,699720743708,8385
veh12,43677,,14.6388,0,CAM_DROP_PHY,8,12,43677,8393
veh12,43682,,14.6533,1,CAM,3,12,43682,-1
veh12,699720743726,,14.6533,0,CPM_DROP_PHY,3,12,699720743726,8397
veh12,44060,14.7012,,0,CAM,12,,44060,-1
veh12,43893,,14.7038,0,CAM_DROP_PHY,11,12,43893,8506
veh12,699720744108,,14.7176,0,CPM_DROP_PHY,10,12,699720744108,8517
veh12,699720744134,,14.7386,0,CPM_DROP_PHY,5,12,699720744134,8538
veh12,699720743880,,14.7813,0,CPM_DROP_PHY,9,12,699720743880,8451
veh12,699720744414,,14.8176,0,CPM_DROP_PHY,10,12,699720744414,8628
veh12,44370,,14.8186,0,CAM_DROP_PHY,5,12,44370,8627
veh12,44396,,14.8226,0,CAM_DROP_PHY,4,12,44396,8644
veh12,44439,,14.8446,0,CAM_DROP_PHY,7,12,44439,8677
veh12,44455,,14.8578,0,CAM_DROP_PHY,6,12,44455,8700
veh12,699720744509,,14.8778,0,CPM_DROP_PHY,6,12,699720744509,8716
veh12,699720744546,,14.8988,0,CPM_DROP_PHY,8,12,699720744546,8752
veh12,699720744555,,14.9023,0,CPM_DROP_PHY,11,12,699720744555,8758
veh12,44841,,14.9388,1,CAM,8,12,44841,-1
veh12,699720744765,,14.9403,0,CPM_DROP_PHY,5,12,699720744765,8798
veh12,699720744890,,14.9446,0,CPM_DROP_PHY,7,12,699720744890,8814
veh12,44882,,14.9571,0,CAM_DROP_PHY,9,12,44882,8842
veh12,44925,,14.9976,0,CAM_DROP_PHY,10,12,44925,8888
veh12,45120,15.0012,,0,CAM,12,,45120,-1
veh12,44945,,15.0023,0,CAM_DROP_PHY,11,12,44945,8908
veh12,44940,,15.0053,0,CAM_DROP_PHY,2,12,44940,8902
veh12,45172,,15.0473,0,CAM_DROP_PHY,3,12,45172,8970
veh12,45446,,15.1203,0,CAM_DROP_PHY,5,12,45446,9056
veh12,45472,,15.1213,0,CAM_DROP_PHY,4,12,45472,9072
veh12,699720745520,,15.1403,0,CPM_DROP_PHY,5,12,699720745520,9084
veh12,45512,,15.1446,0,CAM_DROP_PHY,7,12,45512,9108
veh12,699720745539,,15.1473,0,CPM_DROP_PHY,3,12,699720745539,9107
veh12,45539,,15.1578,0,CAM_DROP_PHY,6,12,45539,9135
veh12,699720745623,,15.1988,0,CPM_DROP_PHY,8,12,699720745623,9184
veh12,699720745924,,15.2176,0,CPM_DROP_PHY,10,12,699720745924,9204
veh12,699720745931,,15.2253,0,CPM_DROP_PHY,2,12,699720745931,9205
veh12,45921,,15.2388,0,CAM_DROP_PHY,8,12,45921,9234
veh12,699720745970,,15.2446,0,CPM_DROP_PHY,7,12,699720745970,9237
veh12,45960,,15.2571,0,CAM_DROP_PHY,9,12,45960,9265
veh12,699720746018,,15.2771,0,CPM_DROP_PHY,9,12,699720746018,9290
veh12,46003,,15.2976,1,CAM,10,12,46003,-1
veh12,46217,15.3012,,0,CAM,12,,46217,-1
veh12,46022,,15.3023,1,CAM,11,12,46022,-1
veh12,699720746387,,15.3988,0,CPM_DROP_PHY,8,12,699720746387,9441
veh12,699720746394,,15.4023,0,CPM_DROP_PHY,11,12,699720746394,9443
veh12,46559,,15.4203,0,CAM_DROP_PHY,5,12,46559,9462
veh12,46595,,15.4213,0,CAM_DROP_PHY,4,12,46595,9482
veh12,699720746662,,15.4446,0,CPM_DROP_PHY,7,12,699720746662,9515
veh12,46633,,15.4446,1,CAM,7,12,46633,-1
veh12,46616,,15.4473,0,CAM_DROP_PHY,3,12,46616,9513
veh12,46655,,15.4688,1,CAM,6,12,46655,-1
veh12,699720746741,,15.4988,0,CPM_DROP_PHY,8,12,699720746741,9584
veh12,46711,,15.4991,0,CAM_DROP_PHY,2,12,46711,9592
veh12,699720747059,,15.5176,0,CPM_DROP_PHY,10,12,699720747059,9609
veh12,699720747078,,15.5351,0,CPM_DROP_PHY,5,12,699720747078,9629
veh12,47046,,15.5356,0,CAM_DROP_PHY,8,12,47046,9636
veh12,47085,,15.5571,0,CAM_DROP_PHY,9,12,47085,9669
veh12,699720747151,,15.5771,0,CPM_DROP_PHY,9,12,699720747151,9691
veh12,47138,,15.5976,1,CAM,10,12,47138,-1
veh12,47368,15.6012,,0,CAM,12,,47368,-1
veh12,47164,,15.6023,0,CAM_DROP_PHY,11,12,47164,9736
veh12,699720747423,,15.6191,0,CPM_DROP_PHY,2,12,699720747423,9758
veh12,699720747449,,15.6351,0,CPM_DROP_PHY,5,12,699720747449,9779
veh12,699720747466,,15.6473,0,CPM_DROP_PHY,3,12,699720747466,9797
veh12,699720747501,,15.6688,0,CPM_DROP_PHY,6,12,699720747501,9835
veh12,699720747504,,15.6771,0,CPM_DROP_PHY,9,12,699720747504,9837
veh12,47726,,15.7151,1,CAM,5,12,47726,-1
veh12,47764,,15.7213,0,CAM_DROP_PHY,4,12,47764,9907
veh12,699720747827,,15.7473,0,CPM_DROP_PHY,3,12,699720747827,9934
veh12,699720747830,,15.7501,0,CPM_DROP_PHY,7,12,699720747830,9936
veh12,47798,,15.7501,0,CAM_DROP_PHY,7,12,47798,9936
veh12,47820,,15.7688,0,CAM_DROP_PHY,6,12,47820,9957
veh12,699720747870,,15.7688,0,CPM_DROP_PHY,6,12,699720747870,9957
veh12,699720748269,,15.8191,0,CPM_DROP_PHY,2,12,699720748269,10037
veh12,699720748300,,15.8351,0,CPM_DROP_PHY,5,12,699720748300,10058
veh12,48268,,15.8356,1,CAM,8,12,48268,-1
veh12,48273,,15.8473,0,CAM_DROP_PHY,3,12,48273,10068
veh12,48305,,15.8588,1,CAM,9,12,48305,-1
veh12,48363,,15.8946,0,CAM_DROP_PHY,10,12,48363,10151
veh12,48602,15.9012,,0,CAM,12,,48602,-1
veh12,48382,,15.9023,1,CAM,11,12,48382,-1
veh12,699720748696,,15.9501,0,CPM_DROP_PHY,7,12,699720748696,10228
veh12,699720748774,,15.9956,0,CPM_DROP_PHY,8,12,699720748774,10284
veh12,48750,,15.9991,0,CAM_DROP_PHY,2,12,48750,10297
veh12,699720749021,,16.0146,0,CPM_DROP_PHY,10,12,699720749021,10315
veh12,48976,,16.0151,0,CAM_DROP_PHY,5,12,48976,10312
veh12,699720749027,,16.0191,0,CPM_DROP_PHY,2,12,699720749027,10321
veh12,49006,,16.0213,0,CAM_DROP_PHY,4,12,49006,10346
veh12,699720749055,,16.0351,0,CPM_DROP_PHY,5,12,699720749055,10353
veh12,699720749078,,16.0501,0,CPM_DROP_PHY,7,12,699720749078,10375
veh12,49079,,16.0688,1,CAM,6,12,49079,-1
veh12,49047,,16.0701,0,CAM_DROP_PHY,7,12,49047,10375
veh12,699720749139,,16.0813,0,CPM_DROP_PHY,4,12,699720749139,10418
veh12,699720749533,,16.1146,0,CPM_DROP_PHY,10,12,699720749533,10474
veh12,699720749540,,16.1191,0,CPM_DROP_PHY,2,12,699720749540,10478
veh12,49537,,16.1356,0,CAM_DROP_PHY,8,12,49537,10502
veh12,699720749588,,16.1473,0,CPM_DROP_PHY,3,12,699720749588,10510
veh12,49576,,16.1588,0,CAM_DROP_PHY,9,12,49576,10538
veh12,699720749644,,16.1688,0,CPM_DROP_PHY,6,12,699720749644,10560
veh12,699720749647,,16.1788,0,CPM_DROP_PHY,9,12,699720749647,10561
veh12,49647,,16.1946,0,CAM_DROP_PHY,10,12,49647,10590
veh12,49920,16.2012,,0,CAM,12,,49920,-1
veh12,49672,,16.2048,0,CAM_DROP_PHY,11,12,49672,10621
veh12,699720749968,,16.2146,0,CPM_DROP_PHY,10,12,699720749968,10630
veh12,699720750005,,16.2351,0,CPM_DROP_PHY,5,12,699720750005,10657
veh12,49978,,16.2473,0,CAM_DROP_PHY,3,12,49978,10672
veh12,699720750028,,16.2473,0,CPM_DROP_PHY,3,12,699720750028,10672
veh12,699720750127,,16.3048,0,CPM_DROP_PHY,11,12,699720750127,10748
veh12,50445,,16.3158,1,CAM,5,12,50445,-1
veh12,50485,,16.3201,0,CAM_DROP_PHY,4,12,50485,10795
veh12,699720750533,,16.3358,0,CPM_DROP_PHY,5,12,699720750533,10802
veh12,699720750549,,16.3403,0,CPM_DROP_PHY,7,12,699720750549,10822
veh12,50525,,16.3603,1,CAM,7,12,50525,-1
veh12,50544,,16.3688,0,CAM_DROP_PHY,6,12,50544,10846
veh12,699720750599,,16.3801,0,CPM_DROP_PHY,4,12,699720750599,10865
veh12,699720750899,,16.4146,0,CPM_DROP_PHY,10,12,699720750899,10914
veh12,50898,,16.4326,1,CAM,8,12,50898,-1
veh12,699720750931,,16.4358,0,CPM_DROP_PHY,5,12,699720750931,10938
veh12,50932,,16.4588,0,CAM_DROP_PHY,9,12,50932,10974
veh12,699720750999,,16.4788,0,CPM_DROP_PHY,9,12,699720750999,10994
veh12,50996,,16.4946,0,CAM_DROP_PHY,10,12,50996,11020
veh12,51260,16.5012,,0,CAM,12,,51260,-1
veh12,51025,,16.5048,0,CAM_DROP_PHY,11,12,51025,11049
veh12,699720751309,,16.5146,0,CPM_DROP_PHY,10,12,699720751309,11062
veh12,51020,,16.5161,0,CAM_DROP_PHY,2,12,51020,11045
veh12,699720751337,,16.5358,0,CPM_DROP_PHY,5,12,699720751337,11093
veh12,699720751353,,16.5403,0,CPM_DROP_PHY,7,12,699720751353,11109
veh12,699720751558,,16.6048,0,CPM_DROP_PHY,11,12,699720751558,11171
veh12,51760,,16.6158,0,CAM_DROP_PHY,5,12,51760,11187
veh12,51806,,16.6201,0,CAM_DROP_PHY,4,12,51806,11217
veh12,699720751853,,16.6358,0,CPM_DROP_PHY,5,12,699720751853,11224
veh12,699720751871,,16.6403,0,CPM_DROP_PHY,7,12,699720751871,11245
veh12,51825,,16.6468,0,CAM_DROP_PHY,3,12,51825,11239
veh12,699720751869,,16.6468,0,CPM_DROP_PHY,3,12,699720751869,11239
veh12,51859,,16.6688,1,CAM,6,12,51859,-1
veh12,699720751912,,16.6688,0,CPM_DROP_PHY,6,12,699720751912,11270
veh12,699720752203,,16.7146,0,CPM_DROP_PHY,10,12,699720752203,11337
veh12,52204,,16.7326,1,CAM,8,12,52204,-1
veh12,699720752250,,16.7468,0,CPM_DROP_PHY,3,12,699720752250,11372
veh12,52243,,16.7563,0,CAM_DROP_PHY,9,12,52243,11398
veh12,52224,,16.7603,1,CAM,7,12,52224,-1
veh12,699720752305,,16.7688,0,CPM_DROP_PHY,6,12,699720752305,11420
veh12,699720752307,,16.7763,0,CPM_DROP_PHY,9,12,699720752307,11421
veh12,52650,16.8012,,0,CAM,12,,52650,-1
veh12,699720752698,,16.8146,0,CPM_DROP_PHY,10,12,699720752698,11483
veh12,52322,,16.8161,0,CAM_DROP_PHY,2,12,52322,11476
veh12,699720752859,,16.8926,0,CPM_DROP_PHY,8,12,699720752859,11593
veh12,52802,,16.8946,0,CAM_DROP_PHY,10,12,52802,11586
veh12,52840,,16.9048,0,CAM_DROP_PHY,11,12,52840,11603
veh12,53093,,16.9158,1,CAM,5,12,53093,-1
veh12,53133,,16.9201,0,CAM_DROP_PHY,4,12,53133,11657
veh12,699720753181,,16.9358,0,CPM_DROP_PHY,5,12,699720753181,11664
veh12,53190,,16.9708,1,CAM,6,12,53190,-1
veh12,53658,,17.0326,0,CAM_DROP_PHY,8,12,53658,11798
veh12,53664,,17.0468,0,CAM_DROP_PHY,3,12,53664,11802
veh12,53702,,17.0563,0,CAM_DROP_PHY,9,12,53702,11836
veh12,699720753762,,17.0763,0,CPM_DROP_PHY,9,12,699720753762,11858
veh12,54015,17.1012,,0,CAM,12,,54015,-1
veh12,53778,,17.1161,1,CAM,2,12,53778,-1
veh12,699720754103,,17.1468,0,CPM_DROP_PHY,3,12,699720754103,11945
veh12,54099,,17.1603,1,CAM,7,12,54099,-1
veh12,699720754211,,17.2048,0,CPM_DROP_PHY,11,12,699720754211,12016
veh12,54423,,17.2158,0,CAM_DROP_PHY,5,12,54423,12027
veh12,54456,,17.2201,1,CAM,4,12,54456,-1
veh12,699720754520,,17.2403,0,CPM_DROP_PHY,7,12,699720754520,12085
veh12,54510,,17.2708,0,CAM_DROP_PHY,6,12,54510,12107
veh12,54697,,17.2993,0,CAM_DROP_PHY,11,12,54697,12170
veh12,54963,,17.3323,0,CAM_DROP_PHY,8,12,54963,12213
veh12,699720754994,,17.3358,0,CPM_DROP_PHY,5,12,699720754994,12206
veh12,699720755009,,17.3468,0,CPM_DROP_PHY,3,12,699720755009,12220
veh12,55001,,17.3558,0,CAM_DROP_PHY,9,12,55001,12244
veh12,699720755072,,17.3746,0,CPM_DROP_PHY,4,12,699720755072,12275
veh12,699720754967,,17.4126,0,CPM_DROP_PHY,10,12,699720754967,12183
veh12,55076,,17.4126,1,CAM,10,12,55076,-1
veh12,55377,,17.4423,1,CAM,3,12,55377,-1
veh12,699720755421,,17.4623,0,CPM_DROP_PHY,3,12,699720755421,12367
veh12,699720755465,,17.4758,0,CPM_DROP_PHY,9,12,699720755465,12409
veh12,699720755540,,17.4993,0,CPM_DROP_PHY,11,12,699720755540,12457
veh12,55829,17.5012,,0,CAM,12,,55829,-1
veh12,55504,,17.5158,0,CAM_DROP_PHY,2,12,55504,12463
veh12,55835,,17.5158,1,CAM,5,12,55835,-1
veh12,55859,,17.5346,0,CAM_DROP_PHY,4,12,55859,12507
veh12,699720755907,,17.5358,0,CPM_DROP_PHY,5,12,699720755907,12512
veh12,699720755920,,17.5423,0,CPM_DROP_PHY,3,12,699720755920,12532
veh12,699720755924,,17.5541,0,CPM_DROP_PHY,7,12,699720755924,12540
veh12,55917,,17.5541,0,CAM_DROP_PHY,7,12,55917,12540
veh12,55936,,17.5708,1,CAM,6,12,55936,-1
veh12,699720756044,,17.5923,0,CPM_DROP_PHY,8,12,699720756044,12611
veh12,56293,,17.6323,1,CAM,8,12,56293,-1
veh12,699720756324,,17.6361,0,CPM_DROP_PHY,5,12,699720756324,12654
veh12,56324,,17.6558,0,CAM_DROP_PHY,9,12,56324,12690
veh12,699720756388,,17.6746,0,CPM_DROP_PHY,4,12,699720756388,12716
veh12,699720756383,,17.6758,0,CPM_DROP_PHY,9,12,699720756383,12713
veh12,56397,,17.6926,0,CAM_DROP_PHY,10,12,56397,12743
veh12,699720756893,,17.7708,0,CPM_DROP_PHY,6,12,699720756893,12851
veh12,699720756951,,17.7923,0,CPM_DROP_PHY,8,12,699720756951,12881
veh12,56931,,17.7993,0,CAM_DROP_PHY,11,12,56931,12888
veh12,56927,,17.8158,0,CAM_DROP_PHY,2,12,56927,12894
veh12,57169,,17.8161,1,CAM,5,12,57169,-1
veh12,57199,,17.8346,1,CAM,4,12,57199,-1
veh12,57217,,17.8423,0,CAM_DROP_PHY,3,12,57217,12952
veh12,699720757262,,17.8623,0,CPM_DROP_PHY,3,12,699720757262,12952
veh12,57271,,17.8708,0,CAM_DROP_PHY,6,12,57271,12989
veh12,699720757387,,17.8923,0,CPM_DROP_PHY,8,12,699720757387,13042
veh12,699720757398,,17.8993,0,CPM_DROP_PHY,11,12,699720757398,13049
veh12,57655,,17.9323,0,CAM_DROP_PHY,8,12,57655,13099
veh12,699720757703,,17.9423,0,CPM_DROP_PHY,3,12,699720757703,13106
veh12,57702,,17.9558,0,CAM_DROP_PHY,9,12,57702,13130
veh12,699720757773,,17.9746,0,CPM_DROP_PHY,4,12,699720757773,13161
veh12,699720757768,,17.9758,0,CPM_DROP_PHY,9,12,699720757768,13156
veh12,57875,,17.9926,0,CAM_DROP_PHY,10,12,57875,13185
veh12,58123,18.0012,,0,CAM,12,,58123,-1
veh12,699720758179,,18.0158,0,CPM_DROP_PHY,2,12,699720758179,13216
veh12,58201,,18.0541,0,CAM_DROP_PHY,7,12,58201,13258
veh12,699720758327,,18.0986,0,CPM_DROP_PHY,11,12,699720758327,13318
veh12,58505,,18.1161,1,CAM,5,12,58505,-1
veh12,699720758582,,18.1361,0,CPM_DROP_PHY,5,12,699720758582,13361
veh12,58535,,18.1393,0,CAM_DROP_PHY,4,12,58535,13356
veh12,58591,,18.1708,1,CAM,6,12,58591,-1
veh12,699720758650,,18.1708,0,CPM_DROP_PHY,6,12,699720758650,13407
veh12,699720758658,,18.1793,0,CPM_DROP_PHY,4,12,699720758658,13431
veh12,699720758710,,18.1923,0,CPM_DROP_PHY,8,12,699720758710,13460
veh12,58685,,18.2158,0,CAM_DROP_PHY,2,12,58685,13477
veh12,59047,,18.2323,0,CAM_DROP_PHY,8,12,59047,13523
veh12,699720759078,,18.2361,0,CPM_DROP_PHY,5,12,699720759078,13517
veh12,59052,,18.2423,0,CAM_DROP_PHY,3,12,59052,13530
veh12,699720759096,,18.2423,0,CPM_DROP_PHY,3,12,699720759096,13530
veh12,699720759099,,18.2541,0,CPM_DROP_PHY,7,12,699720759099,13535
veh12,59086,,18.2541,1,CAM,7,12,59086,-1
veh12,59103,,18.2591,1,CAM,9,12,59103,-1
veh12,699720759435,,18.3126,0,CPM_DROP_PHY,10,12,699720759435,13631
veh12,699720759441,,18.3158,0,CPM_DROP_PHY,2,12,699720759441,13633
veh12,59182,,18.3186,0,CAM_DROP_PHY,11,12,59182,13627
veh12,699720759461,,18.3361,0,CPM_DROP_PHY,5,12,699720759461,13657
veh12,699720759473,,18.3423,0,CPM_DROP_PHY,3,12,699720759473,13671
veh12,59526,,18.3928,1,CAM,10,12,59526,-1
veh12,699720759589,,18.3986,0,CPM_DROP_PHY,11,12,699720759589,13753
veh12,59771,,18.4161,1,CAM,5,12,59771,-1
veh12,699720759850,,18.4361,0,CPM_DROP_PHY,5,12,699720759850,13801
veh12,59803,,18.4393,0,CAM_DROP_PHY,4,12,59803,13796
veh12,699720759862,,18.4423,0,CPM_DROP_PHY,3,12,699720759862,13815
veh12,699720759866,,18.4541,0,CPM_DROP_PHY,7,12,699720759866,13817
veh12,59839,,18.4541,1,CAM,7,12,59839,-1
veh12,59858,,18.4698,0,CAM_DROP_PHY,6,12,59858,13848
veh12,699720759924,,18.4793,0,CPM_DROP_PHY,4,12,699720759924,13872
veh12,60303,,18.5323,0,CAM_DROP_PHY,8,12,60303,13961
veh12,699720760350,,18.5423,0,CPM_DROP_PHY,3,12,699720760350,13968
veh12,60339,,18.5591,0,CAM_DROP_PHY,9,12,60339,13986
veh12,699720760400,,18.5698,0,CPM_DROP_PHY,6,12,699720760400,14011
veh12,699720760403,,18.5791,0,CPM_DROP_PHY,9,12,699720760403,14013
veh12,60640,18.6012,,0,CAM,12,,60640,-1
veh12,60439,,18.6186,1,CAM,11,12,60439,-1
veh12,699720760726,,18.6361,0,CPM_DROP_PHY,5,12,699720760726,14110
veh12,60697,,18.6423,1,CAM,3,12,60697,-1
veh12,60716,,18.6541,0,CAM_DROP_PHY,7,12,60716,14127
veh12,60807,,18.7113,0,CAM_DROP_PHY,2,12,60807,14205
veh12,699720761146,,18.7128,0,CPM_DROP_PHY,10,12,699720761146,14219
veh12,61102,,18.7161,0,CAM_DROP_PHY,5,12,61102,14218
veh12,61127,,18.7288,0,CAM_DROP_PHY,4,12,61127,14244
veh12,699720761152,,18.7313,0,CPM_DROP_PHY,2,12,699720761152,14205
veh12,699720761202,,18.7556,0,CPM_DROP_PHY,7,12,699720761202,14274
veh12,61196,,18.7698,1,CAM,6,12,61196,-1
veh12,699720761255,,18.7698,0,CPM_DROP_PHY,6,12,699720761255,14303
veh12,61260,,18.7928,0,CAM_DROP_PHY,10,12,61260,14348
veh12,699720761511,,18.8128,0,CPM_DROP_PHY,10,12,699720761511,14380
veh12,61511,,18.8343,0,CAM_DROP_PHY,8,12,61511,14411
veh12,61544,,18.8541,0,CAM_DROP_PHY,9,12,61544,14436
veh12,61532,,18.8556,0,CAM_DROP_PHY,7,12,61532,14430
veh12,699720761604,,18.8698,0,CPM_DROP_PHY,6,12,699720761604,14459
veh12,699720761662,,18.8943,0,CPM_DROP_PHY,8,12,699720761662,14504
veh12,699720761875,,18.9113,0,CPM_DROP_PHY,2,12,699720761875,14526
veh12,699720761868,,18.9128,0,CPM_DROP_PHY,10,12,699720761868,14523
veh12,699720761906,,18.9323,0,CPM_DROP_PHY,5,12,699720761906,14548
veh12,61987,,19.0113,1,CAM,2,12,61987,-1
veh12,62279,,19.0123,1,CAM,5,12,62279,-1
veh12,61994,,19.0186,1,CAM,11,12,61994,-1
veh12,62349,,19.0378,1,CAM,3,12,62349,-1
veh12,699720762395,,19.0556,0,CPM_DROP_PHY,7,12,699720762395,14709
veh12,62369,,19.0556,0,CAM_DROP_PHY,7,12,62369,14709
veh12,62383,,19.0698,0,CAM_DROP_PHY,6,12,62383,14735
veh12,62450,,19.0928,1,CAM,10,12,62450,-1
veh12,699720762715,,19.1113,0,CPM_DROP_PHY,2,12,699720762715,14822
veh12,62305,,19.1288,0,CAM_DROP_PHY,4,12,62305,14670
veh12,699720762742,,19.1323,0,CPM_DROP_PHY,5,12,699720762742,14845
veh12,62711,,19.1343,1,CAM,8,12,62711,-1
veh12,62741,,19.1541,0,CAM_DROP_PHY,9,12,62741,14876
veh12,63007,19.2012,,0,CAM,12,,63007,-1
veh12,699720763206,,19.2986,0,CPM_DROP_PHY,11,12,699720763206,15069
veh12,63175,,19.3113,0,CAM_DROP_PHY,2,12,63175,15076
veh12,63456,,19.3123,1,CAM,5,12,63456,-1
veh12,699720763523,,19.3323,0,CPM_DROP_PHY,5,12,699720763523,15116
veh12,699720763571,,19.3556,0,CPM_DROP_PHY,7,12,699720763571,15146
veh12,63542,,19.3556,0,CAM_DROP_PHY,7,12,63542,15146
veh12,63558,,19.3698,0,CAM_DROP_PHY,6,12,63558,15175
veh12,63645,,19.4186,1,CAM,11,12,63645,-1
veh12,63475,,19.4288,0,CAM_DROP_PHY,4,12,63475,15111
veh12,63862,,19.4343,0,CAM_DROP_PHY,8,12,63862,15278
veh12,63867,,19.4378,1,CAM,3,12,63867,-1
veh12,699720763913,,19.4378,0,CPM_DROP_PHY,3,12,699720763913,15282
veh12,63906,,19.4541,0,CAM_DROP_PHY,9,12,63906,15317
veh12,699720763916,,19.4556,0,CPM_DROP_PHY,7,12,699720763916,15290
veh12,63975,,19.4881,0,CAM_DROP_PHY,10,12,63975,15367
veh12,699720764030,,19.4986,0,CPM_DROP_PHY,11,12,699720764030,15385
veh12,699720764212,,19.5113,0,CPM_DROP_PHY,2,12,699720764212,15406
veh12,699720764250,,19.5378,0,CPM_DROP_PHY,3,12,699720764250,15437
veh12,699720764253,,19.5556,0,CPM_DROP_PHY,7,12,699720764253,15439
veh12,699720764296,,19.5671,0,CPM_DROP_PHY,6,12,699720764296,15480
veh12,699720764629,,19.6113,0,CPM_DROP_PHY,2,12,699720764629,15526
veh12,64579,,19.6216,0,CAM_DROP_PHY,5,12,64579,15522
veh12,64609,,19.6288,1,CAM,4,12,64609,-1
veh12,699720764678,,19.6378,0,CPM_DROP_PHY,3,12,699720764678,15569
veh12,64653,,19.6556,1,CAM,7,12,64653,-1
veh12,64671,,19.6671,0,CAM_DROP_PHY,6,12,64671,15598
veh12,699720764777,,19.6943,0,CPM_DROP_PHY,8,12,699720764777,15648
veh12,699720764784,,19.6951,0,CPM_DROP_PHY,11,12,699720764784,15653
veh12,64755,,19.7113,1,CAM,2,12,64755,-1
veh12,64760,,19.7151,0,CAM_DROP_PHY,11,12,64760,15670
veh12,64963,,19.7343,1,CAM,8,12,64963,-1
veh12,699720764988,,19.7416,0,CPM_DROP_PHY,5,12,699720764988,15700
veh12,65000,,19.7541,0,CAM_DROP_PHY,9,12,65000,15748
veh12,699720765059,,19.7671,0,CPM_DROP_PHY,6,12,699720765059,15767
veh12,65229,19.8012,,0,CAM,12,,65229,-1
veh12,699720765276,,19.8281,0,CPM_DROP_PHY,10,12,699720765276,15822
veh12,699720765299,,19.8416,0,CPM_DROP_PHY,5,12,699720765299,15844
veh12,699720765420,,19.8951,0,CPM_DROP_PHY,11,12,699720765420,15939
veh12,98,,19.9216,0,CAM_DROP_PHY,5,12,98,15953
veh12,699720765678,,19.9281,0,CPM_DROP_PHY,10,12,699720765678,15956
veh12,120,,19.9286,0,CAM_DROP_PHY,4,12,120,15969
veh12,144,,19.9378,1,CAM,3,12,144,-1
veh12,189,,19.9671,1,CAM,6,12,189,-1
veh12,699720765787,,19.9671,0,CPM_DROP_PHY,6,12,699720765787,16031
veh12,171,,19.9756,0,CAM_DROP_PHY,7,12,171,16005
veh12,264,,19.9881,1,CAM,10,12,264,-1
veh12,699720765850,,19.9956,0,CPM_DROP_PHY,8,12,699720765850,16095
veh12,288,,20.0113,1,CAM,2,12,288,-1
veh12,699720766024,,20.0313,0,CPM_DROP_PHY,2,12,699720766024,16115
veh12,474,,20.0356,1,CAM,8,12,474,-1
veh12,699720766068,,20.0556,0,CPM_DROP_PHY,7,12,699720766068,16165
veh12,699720766119,,20.0671,0,CPM_DROP_PHY,6,12,699720766119,16217
veh12,522,,20.0708,0,CAM_DROP_PHY,9,12,522,16197
veh12,699720766122,,20.0708,0,CPM_DROP_PHY,9,12,699720766122,16197
veh12,699720766179,,20.0956,0,CPM_DROP_PHY,8,12,699720766179,16256
veh12,699720766343,,20.1116,0,CPM_DROP_PHY,2,12,699720766343,16281
veh12,619,,20.1151,0,CAM_DROP_PHY,11,12,619,16271
veh12,786,,20.1286,0,CAM_DROP_PHY,4,12,786,16298
veh12,699720766431,,20.1671,0,CPM_DROP_PHY,6,12,699720766431,16368
veh12,1149,,20.2116,0,CAM_DROP_PHY,5,12,1149,16410
veh12,1175,,20.2286,0,CAM_DROP_PHY,4,12,1175,16433
veh12,1239,,20.2671,1,CAM,6,12,1239,-1
veh12,1218,,20.2706,1,CAM,7,12,1218,-1
veh12,699720766880,,20.2956,0,CPM_DROP_PHY,8,12,699720766880,16536
veh12,1294,,20.2978,1,CAM,10,12,1294,-1
veh12,1480,,20.3286,1,CAM,4,12,1480,-1
veh12,1494,,20.3356,0,CAM_DROP_PHY,8,12,1494,16597
veh12,699720767078,,20.3376,0,CPM_DROP_PHY,3,12,699720767078,16603
veh12,699720767125,,20.3671,0,CPM_DROP_PHY,6,12,699720767125,16648
veh12,1535,,20.3708,0,CAM_DROP_PHY,9,12,1535,16631
veh12,699720767128,,20.3708,0,CPM_DROP_PHY,9,12,699720767128,16631
veh12,1745,20.4012,,0,CAM,12,,1745,-1
veh12,1608,,20.4116,0,CAM_DROP_PHY,2,12,1608,16687
veh12,1767,,20.4286,0,CAM_DROP_PHY,4,12,1767,16717
veh12,699720767332,,20.4316,0,CPM_DROP_PHY,2,12,699720767332,16687
veh12,1791,,20.4376,0,CAM_DROP_PHY,3,12,1791,16739
veh12,699720767374,,20.4506,0,CPM_DROP_PHY,7,12,699720767374,16745
veh12,699720767481,,20.5011,0,CPM_DROP_PHY,11,12,699720767481,16828
veh12,2051,,20.5116,1,CAM,5,12,2051,-1
veh12,2177,,20.5286,1,CAM,4,12,2177,-1
veh12,699720767761,,20.5316,0,CPM_DROP_PHY,5,12,699720767761,16866
veh12,699720767780,,20.5506,0,CPM_DROP_PHY,7,12,699720767780,16889
veh12,2218,,20.5506,0,CAM_DROP_PHY,7,12,2218,16889
veh12,2239,,20.5671,0,CAM_DROP_PHY,6,12,2239,16915
veh12,699720767826,,20.5671,0,CPM_DROP_PHY,6,12,699720767826,16915
veh12,699720767828,,20.5708,0,CPM_DROP_PHY,9,12,699720767828,16923
veh12,2321,,20.6011,0,CAM_DROP_PHY,11,12,2321,16975
veh12,699720768048,,20.6116,0,CPM_DROP_PHY,2,12,699720768048,17001
veh12,699720768042,,20.6178,0,CPM_DROP_PHY,10,12,699720768042,16995
veh12,2497,,20.6356,1,CAM,8,12,2497,-1
veh12,699720768080,,20.6376,0,CPM_DROP_PHY,3,12,699720768080,17030
veh12,699720768084,,20.6506,0,CPM_DROP_PHY,7,12,699720768084,17034
veh12,699720768131,,20.6686,0,CPM_DROP_PHY,4,12,699720768131,17072
veh12,2533,,20.6708,1,CAM,9,12,2533,-1
veh12,699720768126,,20.6708,0,CPM_DROP_PHY,9,12,699720768126,17057
veh12,2607,,20.6881,0,CAM_DROP_PHY,10,12,2607,17101
veh12,2783,,20.7286,1,CAM,4,12,2783,-1
veh12,699720768408,,20.7661,0,CPM_DROP_PHY,6,12,699720768408,17188
veh12,3024,,20.8116,1,CAM,5,12,3024,-1
veh12,3173,,20.8471,0,CAM_DROP_PHY,7,12,3173,17289
veh12,699720768741,,20.8523,0,CPM_DROP_PHY,3,12,699720768741,17287
veh12,3189,,20.8661,0,CAM_DROP_PHY,6,12,3189,17306
veh12,3249,,20.9041,1,CAM,2,12,3249,-1
veh12,3381,,20.9116,0,CAM_DROP_PHY,5,12,3381,17362
veh12,699720768821,,20.9126,0,CPM_DROP_PHY,11,12,699720768821,17352
veh12,3399,,20.9293,0,CAM_DROP_PHY,4,12,3399,17379
veh12,3425,,20.9316,1,CAM,8,12,3425,-1
veh12,3434,,20.9523,0,CAM_DROP_PHY,3,12,3434,17415
veh12,699720769048,,20.9661,0,CPM_DROP_PHY,6,12,699720769048,17452
veh12,3458,,20.9708,0,CAM_DROP_PHY,9,12,3458,17438
veh12,3650,21.0012,,0,CAM,12,,3650,-1
veh12,3655,,21.0096,0,CAM_DROP_PHY,5,12,3655,17520
veh12,699720769243,,21.0241,0,CPM_DROP_PHY,2,12,699720769243,17528
veh12,699720769276,,21.0471,0,CPM_DROP_PHY,7,12,699720769276,17564
veh12,3893,,21.1096,1,CAM,5,12,3893,-1
veh12,699720769354,,21.1126,0,CPM_DROP_PHY,11,12,699720769354,17623
veh12,3941,,21.1471,0,CAM_DROP_PHY,7,12,3941,17666
veh12,3960,,21.1661,1,CAM,6,12,3960,-1
veh12,699720769547,,21.1708,0,CPM_DROP_PHY,9,12,699720769547,17691
veh12,4004,,21.1881,1,CAM,10,12,4004,-1
veh12,5349,,21.2096,0,CAM_DROP_PHY,5,12,5349,17749
veh12,4023,,21.2126,1,CAM,11,12,4023,-1
veh12,5465,,21.2293,0,CAM_DROP_PHY,4,12,5465,17762
veh12,5488,,21.2316,1,CAM,8,12,5488,-1
veh12,5495,,21.2523,0,CAM_DROP_PHY,3,12,5495,17794
veh12,5520,,21.2661,0,CAM_DROP_PHY,9,12,5520,17817
veh12,5692,,21.3096,0,CAM_DROP_PHY,5,12,5692,17868
veh12,699720771278,,21.3241,0,CPM_DROP_PHY,2,12,699720771278,17875
veh12,699720771320,,21.3523,0,CPM_DROP_PHY,3,12,699720771320,17909
veh12,699720771362,,21.3661,0,CPM_DROP_PHY,6,12,699720771362,17943
veh12,699720771534,,21.4241,0,CPM_DROP_PHY,2,12,699720771534,17999
veh12,6003,,21.4471,1,CAM,7,12,6003,-1
veh12,5989,,21.4523,0,CAM_DROP_PHY,3,12,5989,18032
veh12,6024,,21.4661,0,CAM_DROP_PHY,6,12,6024,18056
veh12,699720771653,,21.4916,0,CPM_DROP_PHY,8,12,699720771653,18096
veh12,6090,,21.5041,0,CAM_DROP_PHY,2,12,6090,18110
veh12,6197,,21.5096,0,CAM_DROP_PHY,5,12,6197,18120
veh12,6216,,21.5293,1,CAM,4,12,6216,-1
veh12,6242,,21.5316,1,CAM,8,12,6242,-1
veh12,6272,,21.5661,1,CAM,9,12,6272,-1
veh12,6316,,21.5993,0,CAM_DROP_PHY,10,12,6316,18220
veh12,6532,21.6012,,0,CAM,12,,6532,-1
veh12,699720772120,,21.6241,0,CPM_DROP_PHY,2,12,699720772120,18249
veh12,699720771905,,21.6283,0,CPM_DROP_PHY,11,12,699720771905,18231
veh12,6575,,21.6398,0,CAM_DROP_PHY,3,12,6575,18281
veh12,6744,,21.7096,0,CAM_DROP_PHY,5,12,6744,18342
veh12,6791,,21.7471,1,CAM,7,12,6791,-1
veh12,6811,,21.7646,1,CAM,6,12,6811,-1
veh12,699720772396,,21.7646,0,CPM_DROP_PHY,6,12,699720772396,18403
veh12,699720772399,,21.7661,0,CPM_DROP_PHY,9,12,699720772399,18411
veh12,699720772410,,21.7668,0,CPM_DROP_PHY,4,12,699720772410,18420
veh12,6875,,21.8126,1,CAM,11,12,6875,-1
veh12,699720772545,,21.8193,0,CPM_DROP_PHY,10,12,699720772545,18468
veh12,699720772552,,21.8241,0,CPM_DROP_PHY,2,12,699720772552,18472
veh12,6986,,21.8268,0,CAM_DROP_PHY,4,12,6986,18483
veh12,7009,,21.8391,0,CAM_DROP_PHY,8,12,7009,18504
veh12,7015,,21.8398,0,CAM_DROP_PHY,3,12,7015,18510
veh12,7054,,21.8646,0,CAM_DROP_PHY,6,12,7054,18548
veh12,7050,,21.8661,0,CAM_DROP_PHY,9,12,7050,18543
veh12,7110,,21.9041,1,CAM,2,12,7110,-1
veh12,7264,,21.9646,0,CAM_DROP_PHY,6,12,7264,18645
veh12,699720772849,,21.9646,0,CPM_DROP_PHY,6,12,699720772849,18645
veh12,7403,,22.0096,0,CAM_DROP_PHY,5,12,7403,18689
veh12,7539,,22.0398,0,CAM_DROP_PHY,3,12,7539,18715
veh12,7552,,22.0471,0,CAM_DROP_PHY,7,12,7552,18716
veh12,7573,,22.0646,1,CAM,6,12,7573,-1
veh12,7614,,22.0993,0,CAM_DROP_PHY,10,12,7614,18779
veh12,7731,,22.1268,0,CAM_DROP_PHY,4,12,7731,18814
veh12,7752,,22.1391,0,CAM_DROP_PHY,8,12,7752,18829
veh12,699720773333,,22.1398,0,CPM_DROP_PHY,3,12,699720773333,18831
veh12,7785,,22.1646,0,CAM_DROP_PHY,6,12,7785,18863
veh12,7780,,22.1661,0,CAM_DROP_PHY,9,12,7780,18860
veh12,699720773372,,22.1661,0,CPM_DROP_PHY,9,12,699720773372,18860
veh12,7934,22.2012,,0,CAM,12,,7934,-1
veh12,699720773411,,22.2126,0,CPM_DROP_PHY,11,12,699720773411,18905
veh12,699720773524,,22.2246,0,CPM_DROP_PHY,2,12,699720773524,18925
veh12,699720773537,,22.2296,0,CPM_DROP_PHY,5,12,699720773537,18939
veh12,7980,,22.2398,1,CAM,3,12,7980,-1
veh12,699720773559,,22.2398,0,CPM_DROP_PHY,3,12,699720773559,18959
veh12,8010,,22.2646,0,CAM_DROP_PHY,6,12,8010,18985
veh12,699720773594,,22.2646,0,CPM_DROP_PHY,6,12,699720773594,18985
veh12,699720773601,,22.2668,0,CPM_DROP_PHY,4,12,699720773601,18997
veh12,8159,,22.3103,0,CAM_DROP_PHY,5,12,8159,19046
veh12,699720773747,,22.3246,0,CPM_DROP_PHY,2,12,699720773747,19054
veh12,699720773788,,22.3398,0,CPM_DROP_PHY,3,12,699720773788,19091
veh12,8226,,22.3506,1,CAM,7,12,8226,-1
veh12,8244,,22.3646,1,CAM,6,12,8244,-1
veh12,8294,,22.4046,0,CAM_DROP_PHY,2,12,8294,19161
veh12,8298,,22.4178,1,CAM,11,12,8298,-1
veh12,8397,,22.4268,0,CAM_DROP_PHY,4,12,8397,19183
veh12,8418,,22.4391,1,CAM,8,12,8418,-1
veh12,8423,,22.4398,0,CAM_DROP_PHY,3,12,8423,19207
veh12,699720774002,,22.4398,0,CPM_DROP_PHY,3,12,699720774002,19207
veh12,8558,,22.4646,0,CAM_DROP_PHY,6,12,8558,19241
veh12,699720774143,,22.4646,0,CPM_DROP_PHY,6,12,699720774143,19241
veh12,8553,,22.4661,1,CAM,9,12,8553,-1
veh12,8728,,22.5223,0,CAM_DROP_PHY,4,12,8728,19304
veh12,699720774331,,22.5506,0,CPM_DROP_PHY,7,12,699720774331,19326
veh12,699720774370,,22.5646,0,CPM_DROP_PHY,6,12,699720774370,19358
veh12,8942,,22.6103,0,CAM_DROP_PHY,5,12,8942,19415
veh12,8958,,22.6223,0,CAM_DROP_PHY,4,12,8958,19430
veh12,8989,,22.6398,0,CAM_DROP_PHY,3,12,8989,19456
veh12,9003,,22.6491,1,CAM,7,12,9003,-1
veh12,699720774608,,22.6698,0,CPM_DROP_PHY,9,12,699720774608,19496
veh12,699720774614,,22.6823,0,CPM_DROP_PHY,4,12,699720774614,19501
veh12,9060,,22.6948,0,CAM_DROP_PHY,10,12,9060,19517
veh12,9196,,22.7223,0,CAM_DROP_PHY,4,12,9196,19570
veh12,9213,,22.7391,1,CAM,8,12,9213,-1
veh12,699720774795,,22.7398,0,CPM_DROP_PHY,3,12,699720774795,19596
veh12,699720774762,,22.7403,0,CPM_DROP_PHY,2,12,699720774762,19558
veh12,699720774798,,22.7491,0,CPM_DROP_PHY,7,12,699720774798,19597
veh12,9259,,22.7646,0,CAM_DROP_PHY,6,12,9259,19629
veh12,9252,,22.7698,0,CAM_DROP_PHY,9,12,9252,19625
veh12,699720774856,,22.7823,0,CPM_DROP_PHY,4,12,699720774856,19648
veh12,9406,22.8012,,0,CAM,12,,9406,-1
veh12,9546,,22.8398,0,CAM_DROP_PHY,3,12,9546,19722
veh12,699720775162,,22.8678,0,CPM_DROP_PHY,6,12,699720775162,19757
veh12,9626,,22.9088,0,CAM_DROP_PHY,2,12,9626,19785
veh12,9717,,22.9103,1,CAM,5,12,9717,-1
veh12,9736,,22.9223,1,CAM,4,12,9736,-1
veh12,699720775305,,22.9403,0,CPM_DROP_PHY,2,12,699720775305,19802
veh12,9766,,22.9491,0,CAM_DROP_PHY,7,12,9766,19842
veh12,699720775369,,22.9698,0,CPM_DROP_PHY,9,12,699720775369,19863
veh12,699720775414,,22.9976,0,CPM_DROP_PHY,8,12,699720775414,19897
veh12,699720775421,,22.9978,0,CPM_DROP_PHY,11,12,699720775421,19903
veh12,9858,,23.0178,0,CAM_DROP_PHY,11,12,9858,19912
veh12,9967,,23.0371,0,CAM_DROP_PHY,3,12,9967,19954
veh12,9962,,23.0376,0,CAM_DROP_PHY,8,12,9962,19953
veh12,10001,,23.0678,1,CAM,6,12,10001,-1
veh12,9994,,23.0698,1,CAM,9,12,9994,-1
veh12,699720775589,,23.0698,0,CPM_DROP_PHY,9,12,699720775589,19985
veh12,699720775596,,23.0706,0,CPM_DROP_PHY,4,12,699720775596,20004
veh12,699720775777,,23.1678,0,CPM_DROP_PHY,6,12,699720775777,20105
veh12,10329,,23.2103,1,CAM,5,12,10329,-1
veh12,699720775909,,23.2148,0,CPM_DROP_PHY,10,12,699720775909,20155
veh12,10348,,23.2306,1,CAM,4,12,10348,-1
veh12,10371,,23.2371,0,CAM_DROP_PHY,3,12,10371,20198
veh12,699720775950,,23.2371,0,CPM_DROP_PHY,3,12,699720775950,20198
veh12,10365,,23.2376,1,CAM,8,12,10365,-1
veh12,10389,,23.2491,1,CAM,7,12,10389,-1
veh12,10446,,23.2948,1,CAM,10,12,10446,-1
veh12,10638,,23.3233,1,CAM,5,12,10638,-1
veh12,699720776221,,23.3288,0,CPM_DROP_PHY,2,12,699720776221,20297
veh12,10664,,23.3376,1,CAM,8,12,10664,-1
veh12,10702,,23.3678,0,CAM_DROP_PHY,6,12,10702,20348
veh12,10695,,23.3698,0,CAM_DROP_PHY,9,12,10695,20346
veh12,699720776292,,23.3698,0,CPM_DROP_PHY,9,12,699720776292,20346
veh12,10836,23.4012,,0,CAM,12,,10836,-1
veh12,10756,,23.4088,1,CAM,2,12,10756,-1
veh12,10842,,23.4233,0,CAM_DROP_PHY,5,12,10842,20413
veh12,699720776428,,23.4288,0,CPM_DROP_PHY,2,12,699720776428,20422
veh12,10881,,23.4371,1,CAM,3,12,10881,-1
veh12,699720776461,,23.4371,0,CPM_DROP_PHY,3,12,699720776461,20454
veh12,10875,,23.4376,0,CAM_DROP_PHY,8,12,10875,20451
veh12,699720776498,,23.4678,0,CPM_DROP_PHY,6,12,699720776498,20498
veh12,699720776533,,23.4938,0,CPM_DROP_PHY,11,12,699720776533,20528
veh12,11041,,23.5233,1,CAM,5,12,11041,-1
veh12,699720776626,,23.5288,0,CPM_DROP_PHY,2,12,699720776626,20548
veh12,11055,,23.5306,1,CAM,4,12,11055,-1
veh12,11074,,23.5376,0,CAM_DROP_PHY,8,12,11074,20569
veh12,11091,,23.5491,0,CAM_DROP_PHY,7,12,11091,20577
veh12,699720776696,,23.5698,0,CPM_DROP_PHY,9,12,699720776696,20618
veh12,11158,,23.6138,0,CAM_DROP_PHY,11,12,11158,20652
veh12,11235,,23.6233,1,CAM,5,12,11235,-1
veh12,699720776829,,23.6233,0,CPM_DROP_PHY,5,12,699720776829,20655
veh12,11275,,23.6371,0,CAM_DROP_PHY,3,12,11275,20690
veh12,11270,,23.6376,1,CAM,8,12,11270,-1
veh12,699720776855,,23.6491,0,CPM_DROP_PHY,7,12,699720776855,20692
veh12,11310,,23.6678,0,CAM_DROP_PHY,6,12,11310,20725
veh12,11304,,23.6688,0,CAM_DROP_PHY,9,12,11304,20723
veh12,699720776902,,23.6688,0,CPM_DROP_PHY,9,12,699720776902,20723
veh12,699720776906,,23.6696,0,CPM_DROP_PHY,4,12,699720776906,20745
veh12,699720777140,,23.7158,0,CPM_DROP_PHY,10,12,699720777140,20799
veh12,11560,,23.7233,0,CAM_DROP_PHY,5,12,11560,20797
veh12,699720777145,,23.7288,0,CPM_DROP_PHY,2,12,699720777145,20807
veh12,699720777184,,23.7371,0,CPM_DROP_PHY,3,12,699720777184,20836
veh12,11603,,23.7421,0,CAM_DROP_PHY,8,12,11603,20832
veh12,11775,,23.8296,0,CAM_DROP_PHY,4,12,11775,20929
veh12,11795,,23.8371,0,CAM_DROP_PHY,3,12,11795,20946
veh12,699720777377,,23.8491,0,CPM_DROP_PHY,7,12,699720777377,20949
veh12,11815,,23.8491,0,CAM_DROP_PHY,7,12,11815,20949
veh12,11864,,23.8958,0,CAM_DROP_PHY,10,12,11864,21003
veh12,11956,,23.9233,1,CAM,5,12,11956,-1
veh12,11986,,23.9421,0,CAM_DROP_PHY,8,12,11986,21049
veh12,12022,,23.9678,1,CAM,6,12,12022,-1
veh12,699720777614,,23.9678,0,CPM_DROP_PHY,6,12,699720777614,21086
veh12,12016,,23.9688,1,CAM,9,12,12016,-1
veh12,12154,24.0012,,0,CAM,12,,12154,-1
veh12,12082,,24.0088,0,CAM_DROP_PHY,2,12,12082,21147
veh12,12196,,24.0523,1,CAM,3,12,12196,-1
veh12,12356,,24.1241,0,CAM_DROP_PHY,5,12,12356,21277
veh12,699720777952,,24.1241,0,CPM_DROP_PHY,5,12,699720777952,21277
veh12,12368,,24.1296,1,CAM,4,12,12368,-1
veh12,12394,,24.1421,1,CAM,8,12,12394,-1
veh12,699720777977,,24.1441,0,CPM_DROP_PHY,7,12,699720777977,21317
veh12,12410,,24.1441,1,CAM,7,12,12410,-1
veh12,12427,,24.1678,0,CAM_DROP_PHY,6,12,12427,21347
veh12,699720778147,,24.2021,0,CPM_DROP_PHY,8,12,699720778147,21390
veh12,12581,,24.2141,1,CAM,11,12,12581,-1
veh12,699720778240,,24.2158,0,CPM_DROP_PHY,10,12,699720778240,21411
veh12,699720778259,,24.2241,0,CPM_DROP_PHY,5,12,699720778259,21436
veh12,12703,,24.2523,1,CAM,3,12,12703,-1
veh12,12732,,24.2641,1,CAM,6,12,12732,-1
veh12,12727,,24.2688,0,CAM_DROP_PHY,9,12,12727,21475
veh12,699720778484,,24.3523,0,CPM_DROP_PHY,3,12,699720778484,21568
veh12,12928,,24.3641,0,CAM_DROP_PHY,6,12,12928,21587
veh12,12924,,24.3688,0,CAM_DROP_PHY,9,12,12924,21583
veh12,13078,,24.4236,0,CAM_DROP_PHY,4,12,13078,21653
veh12,13066,,24.4241,0,CAM_DROP_PHY,5,12,13066,21646
veh12,699720778660,,24.4241,0,CPM_DROP_PHY,5,12,699720778660,21646
veh12,13101,,24.4421,0,CAM_DROP_PHY,8,12,13101,21675
veh12,699720778687,,24.4441,0,CPM_DROP_PHY,7,12,699720778687,21684
veh12,13120,,24.4441,0,CAM_DROP_PHY,7,12,13120,21684
veh12,13141,,24.4641,0,CAM_DROP_PHY,6,12,13141,21713
veh12,13136,,24.4688,1,CAM,9,12,13136,-1
veh12,13179,,24.4926,0,CAM_DROP_PHY,10,12,13179,21750
veh12,699720778770,,24.4941,0,CPM_DROP_PHY,11,12,699720778770,21764
veh12,13287,,24.5236,1,CAM,4,12,13287,-1
veh12,699720778858,,24.5291,0,CPM_DROP_PHY,2,12,699720778858,21793
veh12,13311,,24.5523,0,CAM_DROP_PHY,3,12,13311,21826
veh12,13334,,24.5688,1,CAM,9,12,13334,-1
veh12,13561,24.6012,,0,CAM,12,,13561,-1
veh12,13575,,24.6236,0,CAM_DROP_PHY,4,12,13575,21914
veh12,699720779158,,24.6241,0,CPM_DROP_PHY,5,12,699720779158,21918
veh12,699720779178,,24.6441,0,CPM_DROP_PHY,7,12,699720779178,21944
veh12,13625,,24.6641,0,CAM_DROP_PHY,6,12,13625,21962
veh12,13620,,24.6646,0,CAM_DROP_PHY,9,12,13620,21958
veh12,13693,,24.7091,0,CAM_DROP_PHY,2,12,13693,22022
veh12,13767,,24.7241,1,CAM,5,12,13767,-1
veh12,699720779369,,24.7241,0,CPM_DROP_PHY,5,12,699720779369,22033
veh12,13787,,24.7336,0,CAM_DROP_PHY,4,12,13787,22053
veh12,13807,,24.7421,1,CAM,8,12,13807,-1
veh12,13824,,24.7441,0,CAM_DROP_PHY,7,12,13824,22083
veh12,13891,,24.8013,0,CAM_DROP_PHY,11,12,13891,22158
veh12,699720779556,,24.8241,0,CPM_DROP_PHY,5,12,699720779556,22181
veh12,699720779545,,24.8291,0,CPM_DROP_PHY,2,12,699720779545,22172
veh12,13974,,24.8336,1,CAM,4,12,13974,-1
veh12,14011,,24.8441,0,CAM_DROP_PHY,7,12,14011,22212
veh12,13999,,24.8523,1,CAM,3,12,13999,-1
veh12,699720779578,,24.8523,0,CPM_DROP_PHY,3,12,699720779578,22201
veh12,14023,,24.8646,0,CAM_DROP_PHY,9,12,14023,22225
veh12,699720779628,,24.8736,0,CPM_DROP_PHY,4,12,699720779628,22251
veh12,699720779752,,24.9241,0,CPM_DROP_PHY,5,12,699720779752,22294
veh12,699720779740,,24.9291,0,CPM_DROP_PHY,2,12,699720779740,22287
veh12,14170,,24.9336,1,CAM,4,12,14170,-1
veh12,699720779775,,24.9433,0,CPM_DROP_PHY,7,12,699720779775,22315
veh12,14206,,24.9433,1,CAM,7,12,14206,-1
veh12,699720779772,,24.9486,0,CPM_DROP_PHY,3,12,699720779772,22313
veh12,14227,,24.9641,0,CAM_DROP_PHY,6,12,14227,22346
veh12,14361,,25.0241,1,CAM,5,12,14361,-1
veh12,699720779956,,25.0241,0,CPM_DROP_PHY,5,12,699720779956,22407
veh12,699720779945,,25.0291,0,CPM_DROP_PHY,2,12,699720779945,22415
veh12,14375,,25.0336,1,CAM,4,12,14375,-1
veh12,14395,,25.0421,0,CAM_DROP_PHY,8,12,14395,22435
veh12,14409,,25.0433,0,CAM_DROP_PHY,7,12,14409,22455
veh12,14462,,25.0926,1,CAM,10,12,14462,-1
veh12,699720780230,,25.1291,0,CPM_DROP_PHY,2,12,699720780230,22535
veh12,14660,,25.1336,0,CAM_DROP_PHY,4,12,14660,22539
veh12,14697,,25.1433,0,CAM_DROP_PHY,7,12,14697,22573
veh12,14684,,25.1486,1,CAM,3,12,14684,-1
veh12,699720780303,,25.1641,0,CPM_DROP_PHY,6,12,699720780303,22602
veh12,14718,,25.1646,0,CAM_DROP_PHY,9,12,14718,22594
veh12,14853,25.2012,,0,CAM,12,,14853,-1
veh12,14779,,25.2091,0,CAM_DROP_PHY,2,12,14779,22655
veh12,699720780435,,25.2126,0,CPM_DROP_PHY,10,12,699720780435,22664
veh12,699720780471,,25.2433,0,CPM_DROP_PHY,7,12,699720780471,22706
veh12,14902,,25.2433,0,CAM_DROP_PHY,7,12,14902,22706
veh12,699720780468,,25.2486,0,CPM_DROP_PHY,3,12,699720780468,22704
veh12,14920,,25.2641,0,CAM_DROP_PHY,6,12,14920,22731
veh12,15045,,25.3208,0,CAM_DROP_PHY,5,12,15045,22789
veh12,699720780649,,25.3433,0,CPM_DROP_PHY,7,12,699720780649,22815
veh12,699720780647,,25.3486,0,CPM_DROP_PHY,3,12,699720780647,22814
veh12,15065,,25.3503,0,CAM_DROP_PHY,8,12,15065,22810
veh12,699720780685,,25.3736,0,CPM_DROP_PHY,4,12,699720780685,22853
veh12,15146,,25.4148,0,CAM_DROP_PHY,11,12,15146,22880
veh12,15217,,25.4208,1,CAM,5,12,15217,-1
veh12,699720780800,,25.4291,0,CPM_DROP_PHY,2,12,699720780800,22889
veh12,15230,,25.4336,1,CAM,4,12,15230,-1
veh12,15263,,25.4433,1,CAM,7,12,15263,-1
veh12,15251,,25.4486,1,CAM,3,12,15251,-1
veh12,15281,,25.4646,0,CAM_DROP_PHY,9,12,15281,22954
veh12,15420,,25.5208,0,CAM_DROP_PHY,5,12,15420,23010
veh12,15583,,25.5643,0,CAM_DROP_PHY,6,12,15583,23062
veh12,699720781174,,25.5646,0,CPM_DROP_PHY,9,12,699720781174,23073
veh12,15721,,25.6208,0,CAM_DROP_PHY,5,12,15721,23117
veh12,699720781314,,25.6408,0,CPM_DROP_PHY,5,12,699720781314,23130
veh12,15770,,25.6433,0,CAM_DROP_PHY,7,12,15770,23157
veh12,699720781334,,25.6486,0,CPM_DROP_PHY,3,12,699720781334,23147
veh12,15752,,25.6503,1,CAM,8,12,15752,-1
veh12,699720781372,,25.6643,0,CPM_DROP_PHY,6,12,699720781372,23193
veh12,699720781421,,25.6903,0,CPM_DROP_PHY,8,12,699720781421,23231
veh12,15837,,25.6926,1,CAM,10,12,15837,-1
veh12,699720781512,,25.7126,0,CPM_DROP_PHY,10,12,699720781512,23260
veh12,699720781517,,25.7291,0,CPM_DROP_PHY,2,12,699720781517,23264
veh12,15950,,25.7336,0,CAM_DROP_PHY,4,12,15950,23272
veh12,699720781532,,25.7408,0,CPM_DROP_PHY,5,12,699720781532,23277
veh12,15974,,25.7486,0,CAM_DROP_PHY,3,12,15974,23292
veh12,15968,,25.7503,1,CAM,8,12,15968,-1
veh12,699720781599,,25.7643,0,CPM_DROP_PHY,6,12,699720781599,23346
veh12,16011,,25.7646,0,CAM_DROP_PHY,9,12,16011,23333
veh12,699720781602,,25.7646,0,CPM_DROP_PHY,9,12,699720781602,23333
veh12,16144,25.8012,,0,CAM,12,,16144,-1
veh12,16068,,25.8091,1,CAM,2,12,16068,-1
veh12,16150,,25.8128,1,CAM,5,12,16150,-1
veh12,16186,,25.8341,1,CAM,8,12,16186,-1
veh12,16222,,25.8643,1,CAM,6,12,16222,-1
veh12,16374,,25.9341,0,CAM_DROP_PHY,8,12,16374,23533
veh12,16394,,25.9433,0,CAM_DROP_PHY,7,12,16394,23553
veh12,699720781960,,25.9486,0,CPM_DROP_PHY,3,12,699720781960,23543
veh12,699720782000,,25.9643,0,CPM_DROP_PHY,6,12,699720782000,23585
veh12,699720782003,,25.9646,0,CPM_DROP_PHY,9,12,699720782003,23586
veh12,16653,,26.0128,0,CAM_DROP_PHY,5,12,16653,23633
veh12,16477,,26.0148,0,CAM_DROP_PHY,11,12,16477,23628
veh12,699720782236,,26.0291,0,CPM_DROP_PHY,2,12,699720782236,23638
veh12,699720782252,,26.0328,0,CPM_DROP_PHY,5,12,699720782252,23655
veh12,16689,,26.0341,1,CAM,8,12,16689,-1
veh12,16669,,26.0366,0,CAM_DROP_PHY,4,12,16669,23652
veh12,16699,,26.0486,0,CAM_DROP_PHY,3,12,16699,23677
veh12,16730,,26.0563,0,CAM_DROP_PHY,9,12,16730,23717
veh12,699720782321,,26.0643,0,CPM_DROP_PHY,6,12,699720782321,23737
veh12,699720782483,,26.1486,0,CPM_DROP_PHY,3,12,699720782483,23809
veh12,16933,,26.1643,1,CAM,6,12,16933,-1
veh12,699720782518,,26.1643,0,CPM_DROP_PHY,6,12,699720782518,23833
veh12,699720782557,,26.1941,0,CPM_DROP_PHY,8,12,699720782557,23869
veh12,17106,,26.2341,0,CAM_DROP_PHY,8,12,17106,23916
veh12,17131,,26.2568,0,CAM_DROP_PHY,7,12,17131,23940
veh12,17148,,26.2643,1,CAM,6,12,17148,-1
veh12,17189,,26.2926,0,CAM_DROP_PHY,10,12,17189,23997
veh12,17282,,26.3128,1,CAM,5,12,17282,-1
veh12,699720782866,,26.3251,0,CPM_DROP_PHY,2,12,699720782866,24021
veh12,699720782879,,26.3328,0,CPM_DROP_PHY,5,12,699720782879,24034
veh12,17296,,26.3366,0,CAM_DROP_PHY,4,12,17296,24031
veh12,17322,,26.3473,1,CAM,3,12,17322,-1
veh12,17349,,26.3563,0,CAM_DROP_PHY,9,12,17349,24081
veh12,17353,,26.3643,1,CAM,6,12,17353,-1
veh12,699720782940,,26.3763,0,CPM_DROP_PHY,9,12,699720782940,24097
veh12,17482,26.4012,,0,CAM,12,,17482,-1
veh12,17404,,26.4051,0,CAM_DROP_PHY,2,12,17404,24136
veh12,699720783071,,26.4251,0,CPM_DROP_PHY,2,12,699720783071,24145
veh12,699720783112,,26.4368,0,CPM_DROP_PHY,7,12,699720783112,24184
veh12,699720783108,,26.4473,0,CPM_DROP_PHY,3,12,699720783108,24182
veh12,17501,,26.4476,0,CAM_DROP_PHY,4,12,17501,24157
veh12,17665,,26.4571,0,CAM_DROP_PHY,6,12,17665,24217
veh12,699720783251,,26.4771,0,CPM_DROP_PHY,6,12,699720783251,24230
veh12,699720783298,,26.4948,0,CPM_DROP_PHY,11,12,699720783298,24263
veh12,699720783388,,26.5251,0,CPM_DROP_PHY,2,12,699720783388,24282
veh12,699720783401,,26.5341,0,CPM_DROP_PHY,5,12,699720783401,24294
veh12,699720783422,,26.5368,0,CPM_DROP_PHY,7,12,699720783422,24314
veh12,17818,,26.5476,0,CAM_DROP_PHY,4,12,17818,24293
veh12,17859,,26.5568,0,CAM_DROP_PHY,7,12,17859,24328
veh12,699720783467,,26.5763,0,CPM_DROP_PHY,9,12,699720783467,24367
veh12,699720783465,,26.5771,0,CPM_DROP_PHY,6,12,699720783465,24366
veh12,18026,,26.6141,0,CAM_DROP_PHY,5,12,18026,24435
veh12,17948,,26.6148,1,CAM,11,12,17948,-1
veh12,699720783650,,26.6368,0,CPM_DROP_PHY,7,12,699720783650,24478
veh12,18065,,26.6473,0,CAM_DROP_PHY,3,12,18065,24473
veh12,699720783647,,26.6473,0,CPM_DROP_PHY,3,12,699720783647,24473
veh12,18101,,26.6563,0,CAM_DROP_PHY,9,12,18101,24508
veh12,18106,,26.6571,1,CAM,6,12,18106,-1
veh12,699720783729,,26.6941,0,CPM_DROP_PHY,8,12,699720783729,24559
veh12,699720783822,,26.7173,0,CPM_DROP_PHY,10,12,699720783822,24586
veh12,18279,,26.7473,0,CAM_DROP_PHY,3,12,18279,24616
veh12,699720783863,,26.7473,0,CPM_DROP_PHY,3,12,699720783863,24616
veh12,18040,,26.7476,1,CAM,4,12,18040,-1
veh12,18315,,26.7563,1,CAM,9,12,18315,-1
veh12,699720784020,,26.8251,0,CPM_DROP_PHY,2,12,699720784020,24699
veh12,699720784031,,26.8341,0,CPM_DROP_PHY,5,12,699720784031,24709
veh12,18470,,26.8473,1,CAM,3,12,18470,-1
veh12,18450,,26.8476,0,CAM_DROP_PHY,4,12,18450,24708
veh12,18466,,26.8491,1,CAM,8,12,18466,-1
veh12,18503,,26.8563,0,CAM_DROP_PHY,9,12,18503,24756
veh12,18486,,26.8568,0,CAM_DROP_PHY,7,12,18486,24737
veh12,18541,,26.8973,0,CAM_DROP_PHY,10,12,18541,24801
veh12,18557,,26.9051,0,CAM_DROP_PHY,2,12,18557,24815
veh12,18741,,26.9141,0,CAM_DROP_PHY,5,12,18741,24829
veh12,699720784324,,26.9251,0,CPM_DROP_PHY,2,12,699720784324,24833
veh12,18769,,26.9473,0,CAM_DROP_PHY,3,12,18769,24862
veh12,699720784349,,26.9473,0,CPM_DROP_PHY,3,12,699720784349,24862
veh12,18800,,26.9563,0,CAM_DROP_PHY,9,12,18800,24886
veh12,18805,,26.9571,1,CAM,6,12,18805,-1
veh12,699720784391,,26.9771,0,CPM_DROP_PHY,6,12,699720784391,24905
veh12,18930,27.0012,,0,CAM,12,,18930,-1
veh12,18945,,27.0303,0,CAM_DROP_PHY,4,12,18945,24967
veh12,18962,,27.0473,1,CAM,3,12,18962,-1
veh12,699720784545,,27.0473,0,CPM_DROP_PHY,3,12,699720784545,24983
veh12,699720784718,,27.1341,0,CPM_DROP_PHY,5,12,699720784718,25083
veh12,19150,,27.1491,0,CAM_DROP_PHY,8,12,19150,25088
veh12,19184,,27.1563,0,CAM_DROP_PHY,9,12,19184,25116
veh12,19168,,27.1568,0,CAM_DROP_PHY,7,12,19168,25099
veh12,699720784782,,27.1703,0,CPM_DROP_PHY,4,12,699720784782,25145
veh12,699720784818,,27.1891,0,CPM_DROP_PHY,8,12,699720784818,25178
veh12,699720784913,,27.2093,0,CPM_DROP_PHY,10,12,699720784913,25203
veh12,19255,,27.2118,1,CAM,11,12,19255,-1
veh12,19333,,27.2141,1,CAM,5,12,19333,-1
veh12,699720784920,,27.2251,0,CPM_DROP_PHY,2,12,699720784920,25209
veh12,19371,,27.2473,1,CAM,3,12,19371,-1
veh12,19388,,27.2568,0,CAM_DROP_PHY,7,12,19388,25261
veh12,19408,,27.2631,1,CAM,6,12,19408,-1
veh12,19534,,27.3173,0,CAM_DROP_PHY,5,12,19534,25330
veh12,19546,,27.3303,1,CAM,4,12,19546,-1
veh12,699720785127,,27.3373,0,CPM_DROP_PHY,5,12,699720785127,25343
veh12,19576,,27.3568,0,CAM_DROP_PHY,7,12,19576,25365
veh12,19592,,27.3578,0,CAM_DROP_PHY,9,12,19592,25386
veh12,19740,,27.4011,0,CAM_DROP_PHY,2,12,19740,25428
veh12,19817,,27.4173,0,CAM_DROP_PHY,5,12,19817,25437
veh12,19846,,27.4473,1,CAM,3,12,19846,-1
veh12,19842,,27.4491,0,CAM_DROP_PHY,8,12,19842,25463
veh12,19861,,27.4558,0,CAM_DROP_PHY,7,12,19861,25476
veh12,699720785426,,27.4673,0,CPM_DROP_PHY,3,12,699720785426,25466
veh12,19920,,27.4893,0,CAM_DROP_PHY,10,12,19920,25533
veh12,20051,,27.5558,0,CAM_DROP_PHY,7,12,20051,25593
veh12,20069,,27.5578,0,CAM_DROP_PHY,9,12,20069,25608
veh12,20075,,27.5631,0,CAM_DROP_PHY,6,12,20075,25612
veh12,20202,27.6012,,0,CAM,12,,20202,-1
veh12,20208,,27.6173,1,CAM,5,12,20208,-1
veh12,20222,,27.6303,1,CAM,4,12,20222,-1
veh12,20257,,27.6558,0,CAM_DROP_PHY,7,12,20257,25726
veh12,699720785864,,27.6703,0,CPM_DROP_PHY,4,12,699720785864,25766
veh12,699720785893,,27.6891,0,CPM_DROP_PHY,8,12,699720785893,25787
veh12,699720786003,,27.7373,0,CPM_DROP_PHY,5,12,699720786003,25827
veh12,20439,,27.7403,1,CAM,3,12,20439,-1
veh12,20434,,27.7491,1,CAM,8,12,20434,-1
veh12,20516,,27.8118,0,CAM_DROP_PHY,11,12,20516,25907
veh12,20614,,27.8491,0,CAM_DROP_PHY,8,12,20614,25933
veh12,20630,,27.8558,0,CAM_DROP_PHY,7,12,20630,25944
veh12,20741,,27.8578,0,CAM_DROP_PHY,9,12,20741,25954
veh12,20747,,27.8631,1,CAM,6,12,20747,-1
veh12,20870,,27.9173,0,CAM_DROP_PHY,5,12,20870,26013
veh12,20882,,27.9303,0,CAM_DROP_PHY,4,12,20882,26025
veh12,20895,,27.9491,0,CAM_DROP_PHY,8,12,20895,26037
veh12,699720786497,,27.9631,0,CPM_DROP_PHY,6,12,699720786497,26066
veh12,699720786505,,27.9703,0,CPM_DROP_PHY,4,12,699720786505,26076
veh12,20970,,28.0011,1,CAM,2,12,20970,-1
veh12,21069,,28.0403,0,CAM_DROP_PHY,3,12,21069,26141
veh12,21087,,28.0538,0,CAM_DROP_PHY,7,12,21087,26153
veh12,21100,,28.0631,1,CAM,6,12,21100,-1
veh12,699720786696,,28.0703,0,CPM_DROP_PHY,4,12,699720786696,26195
veh12,699720786690,,28.0778,0,CPM_DROP_PHY,9,12,699720786690,26185
veh12,21147,,28.0893,0,CAM_DROP_PHY,10,12,21147,26212
veh12,699720786838,,28.1403,0,CPM_DROP_PHY,3,12,699720786838,26262
veh12,21257,,28.1493,1,CAM,8,12,21257,-1
veh12,21285,,28.1578,0,CAM_DROP_PHY,9,12,21285,26284
veh12,21290,,28.1631,0,CAM_DROP_PHY,6,12,21290,26287
veh12,699720786885,,28.1703,0,CPM_DROP_PHY,4,12,699720786885,26316
veh12,21349,,28.2011,0,CAM_DROP_PHY,2,12,21349,26347
veh12,21429,28.2012,,0,CAM,12,,21429,-1
veh12,21435,,28.2173,1,CAM,5,12,21435,-1
veh12,699720787021,,28.2211,0,CPM_DROP_PHY,2,12,699720787021,26369
veh12,21454,,28.2303,1,CAM,4,12,21454,-1
veh12,699720787057,,28.2538,0,CPM_DROP_PHY,7,12,699720787057,26417
veh12,21506,,28.2631,1,CAM,6,12,21506,-1
veh12,699720787121,,28.2893,0,CPM_DROP_PHY,8,12,699720787121,26480
veh12,21559,,28.3011,1,CAM,2,12,21559,-1
veh12,699720787325,,28.3373,0,CPM_DROP_PHY,5,12,699720787325,26516
veh12,21761,,28.3403,0,CAM_DROP_PHY,3,12,21761,26525
veh12,21757,,28.3493,0,CAM_DROP_PHY,8,12,21757,26523
veh12,21780,,28.3538,1,CAM,7,12,21780,-1
veh12,21793,,28.3631,0,CAM_DROP_PHY,6,12,21793,26551
veh12,699720787380,,28.3631,0,CPM_DROP_PHY,6,12,699720787380,26551
veh12,21843,,28.4011,0,CAM_DROP_PHY,2,12,21843,26599
veh12,21847,,28.4071,1,CAM,11,12,21847,-1
veh12,699720787514,,28.4408,0,CPM_DROP_PHY,5,12,699720787514,26629
veh12,21974,,28.4653,1,CAM,9,12,21974,-1
veh12,22104,,28.5208,0,CAM_DROP_PHY,5,12,22104,26712
veh12,22115,,28.5301,0,CAM_DROP_PHY,4,12,22115,26723
veh12,699720787712,,28.5538,0,CPM_DROP_PHY,7,12,699720787712,26746
veh12,699720787759,,28.5653,0,CPM_DROP_PHY,9,12,699720787759,26795
veh12,22164,,28.5711,1,CAM,6,12,22164,-1
veh12,22231,,28.6038,1,CAM,2,12,22231,-1
veh12,22321,,28.6301,0,CAM_DROP_PHY,4,12,22321,26858
veh12,22340,,28.6403,0,CAM_DROP_PHY,3,12,22340,26875
veh12,699720787920,,28.6403,0,CPM_DROP_PHY,3,12,699720787920,26875
veh12,22336,,28.6493,0,CAM_DROP_PHY,8,12,22336,26872
veh12,22360,,28.6538,1,CAM,7,12,22360,-1
veh12,699720787959,,28.6711,0,CPM_DROP_PHY,6,12,699720787959,26921
veh12,22414,,28.6851,0,CAM_DROP_PHY,10,12,22414,26945
veh12,699720788098,,28.7251,0,CPM_DROP_PHY,10,12,699720788098,26978
veh12,22532,,28.7301,1,CAM,4,12,22532,-1
veh12,22577,,28.7653,0,CAM_DROP_PHY,9,12,22577,27037
veh12,22582,,28.7711,0,CAM_DROP_PHY,6,12,22582,27039
veh12,22811,28.8012,,0,CAM,12,,22811,-1
veh12,22636,,28.8038,0,CAM_DROP_PHY,2,12,22636,27095
veh12,22823,,28.8208,1,CAM,5,12,22823,-1
veh12,22836,,28.8301,0,CAM_DROP_PHY,4,12,22836,27130
veh12,699720788419,,28.8408,0,CPM_DROP_PHY,5,12,699720788419,27134
veh12,22883,,28.8653,0,CAM_DROP_PHY,9,12,22883,27177
veh12,23012,,28.9301,0,CAM_DROP_PHY,4,12,23012,27233
veh12,23031,,28.9383,1,CAM,3,12,23031,-1
veh12,23027,,28.9448,0,CAM_DROP_PHY,8,12,23027,27246
veh12,23056,,28.9538,0,CAM_DROP_PHY,7,12,23056,27251
veh12,23067,,28.9653,1,CAM,9,12,23067,-1
veh12,699720788694,,29.0026,0,CPM_DROP_PHY,11,12,699720788694,27326
veh12,23127,,29.0026,0,CAM_DROP_PHY,11,12,23127,27326
veh12,23123,,29.0038,1,CAM,2,12,23123,-1
veh12,23225,,29.0301,0,CAM_DROP_PHY,4,12,23225,27356
veh12,23262,,29.0653,0,CAM_DROP_PHY,9,12,23262,27387
veh12,23269,,29.0711,0,CAM_DROP_PHY,6,12,23269,27393
veh12,699720788856,,29.0711,0,CPM_DROP_PHY,6,12,699720788856,27393
veh12,23410,,29.1208,0,CAM_DROP_PHY,5,12,23410,27451
veh12,23435,,29.1383,1,CAM,3,12,23435,-1
veh12,23463,,29.1653,1,CAM,9,12,23463,-1
veh12,699720789057,,29.1653,0,CPM_DROP_PHY,9,12,699720789057,27500
veh12,699720789066,,29.1701,0,CPM_DROP_PHY,4,12,699720789066,27526
veh12,23534,,29.2038,0,CAM_DROP_PHY,2,12,23534,27562
veh12,699720789205,,29.2238,0,CPM_DROP_PHY,2,12,699720789205,27582
veh12,23636,,29.2301,0,CAM_DROP_PHY,4,12,23636,27591
veh12,23661,,29.2383,0,CAM_DROP_PHY,3,12,23661,27617
veh12,23656,,29.2448,0,CAM_DROP_PHY,8,12,23656,27614
veh12,23684,,29.2538,0,CAM_DROP_PHY,7,12,23684,27620
veh12,23696,,29.2653,0,CAM_DROP_PHY,9,12,23696,27650
veh12,699720789287,,29.2711,0,CPM_DROP_PHY,6,12,699720789287,27670
veh12,23848,,29.2878,0,CAM_DROP_PHY,10,12,23848,27696
veh12,23967,,29.3383,0,CAM_DROP_PHY,3,12,23967,27746
veh12,699720789548,,29.3383,0,CPM_DROP_PHY,3,12,699720789548,27746
veh12,699720789535,,29.3408,0,CPM_DROP_PHY,5,12,699720789535,27737
veh12,23988,,29.3538,0,CAM_DROP_PHY,7,12,23988,27757
veh12,24004,,29.3711,0,CAM_DROP_PHY,6,12,24004,27772
veh12,24121,29.4012,,0,CAM,12,,24121,-1
veh12,24053,,29.4038,0,CAM_DROP_PHY,2,12,24053,27812
veh12,24130,,29.4208,0,CAM_DROP_PHY,5,12,24130,27822
veh12,24143,,29.4301,1,CAM,4,12,24143,-1
veh12,24179,,29.4538,1,CAM,7,12,24179,-1
veh12,699720789778,,29.4771,0,CPM_DROP_PHY,9,12,699720789778,27902
veh12,699720789815,,29.5026,0,CPM_DROP_PHY,11,12,699720789815,27930
veh12,24315,,29.5208,0,CAM_DROP_PHY,5,12,24315,27942
veh12,24345,,29.5383,1,CAM,3,12,24345,-1
veh12,699720789925,,29.5383,0,CPM_DROP_PHY,3,12,699720789925,27970
veh12,24339,,29.5448,1,CAM,8,12,24339,-1
veh12,24363,,29.5458,1,CAM,7,12,24363,-1
veh12,24376,,29.5571,1,CAM,9,12,24376,-1
veh12,699720789970,,29.5771,0,CPM_DROP_PHY,9,12,699720789970,28020
veh12,24445,,29.6026,0,CAM_DROP_PHY,11,12,24445,28069
veh12,24441,,29.6038,1,CAM,2,12,24441,-1
veh12,24526,,29.6208,0,CAM_DROP_PHY,5,12,24526,28082
veh12,699720790135,,29.6386,0,CPM_DROP_PHY,3,12,699720790135,28114
veh12,24551,,29.6448,0,CAM_DROP_PHY,8,12,24551,28109
veh12,699720790138,,29.6458,0,CPM_DROP_PHY,7,12,699720790138,28115
veh12,24577,,29.6458,1,CAM,7,12,24577,-1
veh12,24594,,29.6723,0,CAM_DROP_PHY,6,12,24594,28149
veh12,699720790186,,29.6738,0,CPM_DROP_PHY,4,12,699720790186,28166
veh12,699720790182,,29.6771,0,CPM_DROP_PHY,9,12,699720790182,28161
veh12,24658,,29.7038,0,CAM_DROP_PHY,2,12,24658,28205
veh12,24748,,29.7163,0,CAM_DROP_PHY,5,12,24748,28218
veh12,699720790435,,29.7238,0,CPM_DROP_PHY,2,12,699720790435,28226
veh12,24867,,29.7338,1,CAM,4,12,24867,-1
veh12,24896,,29.7386,1,CAM,3,12,24896,-1
veh12,24890,,29.7448,0,CAM_DROP_PHY,8,12,24890,28261
veh12,699720790479,,29.7458,0,CPM_DROP_PHY,7,12,699720790479,28270
veh12,24922,,29.7458,1,CAM,7,12,24922,-1
veh12,24981,,29.8038,1,CAM,2,12,24981,-1
veh12,25067,,29.8163,0,CAM_DROP_PHY,5,12,25067,28352
veh12,25122,,29.8571,0,CAM_DROP_PHY,9,12,25122,28402
veh12,25153,,29.8846,0,CAM_DROP_PHY,10,12,25153,28427
veh12,25170,,29.9038,0,CAM_DROP_PHY,2,12,25170,28442
veh12,699720790848,,29.9363,0,CPM_DROP_PHY,5,12,699720790848,28466
veh12,25304,,29.9458,0,CAM_DROP_PHY,7,12,25304,28476
veh12,25280,,29.9466,0,CAM_DROP_PHY,8,12,25280,28472
veh12,25323,,29.9723,0,CAM_DROP_PHY,6,12,25323,28511
veh12,25464,30.0012,,0,CAM,12,,25464,-1
veh12,25385,,30.0038,0,CAM_DROP_PHY,2,12,25385,28566
veh12,25475,,30.0163,1,CAM,5,12,25475,-1
veh12,25489,,30.0338,0,CAM_DROP_PHY,4,12,25489,28599
veh12,699720791072,,30.0363,0,CPM_DROP_PHY,5,12,699720791072,28605
veh12,25508,,30.0386,1,CAM,3,12,25508,-1
veh12,699720791088,,30.0386,0,CPM_DROP_PHY,3,12,699720791088,28622
veh12,699720791091,,30.0458,0,CPM_DROP_PHY,7,12,699720791091,28625
veh12,25610,,30.1133,0,CAM_DROP_PHY,2,12,25610,28711
veh12,25720,,30.1466,1,CAM,8,12,25720,-1
veh12,25861,,30.1571,0,CAM_DROP_PHY,9,12,25861,28772
veh12,699720791455,,30.1738,0,CPM_DROP_PHY,4,12,699720791455,28793
veh12,25929,,30.2116,0,CAM_DROP_PHY,11,12,25929,28840
veh12,25925,,30.2133,1,CAM,2,12,25925,-1
veh12,26011,,30.2163,1,CAM,5,12,26011,-1
veh12,699720791626,,30.2458,0,CPM_DROP_PHY,7,12,699720791626,28889
veh12,26062,,30.2458,1,CAM,7,12,26062,-1
veh12,26077,,30.2723,1,CAM,6,12,26077,-1
veh12,26119,,30.3133,0,CAM_DROP_PHY,2,12,26119,28951
veh12,26209,,30.3338,0,CAM_DROP_PHY,4,12,26209,28967
veh12,26226,,30.3386,0,CAM_DROP_PHY,3,12,26226,28983
veh12,26221,,30.3466,0,CAM_DROP_PHY,8,12,26221,28976
veh12,26262,,30.3723,0,CAM_DROP_PHY,6,12,26262,29016
veh12,699720791847,,30.3723,0,CPM_DROP_PHY,6,12,699720791847,29016
veh12,26316,,30.4133,0,CAM_DROP_PHY,2,12,26316,29064
veh12,26453,,30.4531,0,CAM_DROP_PHY,9,12,26453,29118
veh12,26457,,30.4723,0,CAM_DROP_PHY,6,12,26457,29122
veh12,699720792043,,30.4723,0,CPM_DROP_PHY,6,12,699720792043,29122
veh12,699720792046,,30.4731,0,CPM_DROP_PHY,9,12,699720792046,29136
veh12,26499,,30.4828,0,CAM_DROP_PHY,10,12,26499,29157
veh12,26519,,30.5133,0,CAM_DROP_PHY,2,12,26519,29184
veh12,26598,,30.5163,1,CAM,5,12,26598,-1
veh12,26649,,30.5458,0,CAM_DROP_PHY,7,12,26649,29231
veh12,26664,,30.5531,0,CAM_DROP_PHY,9,12,26664,29256
veh12,26670,,30.5723,0,CAM_DROP_PHY,6,12,26670,29261
veh12,26899,30.6012,,0,CAM,12,,26899,-1
veh12,26727,,30.6133,1,CAM,2,12,26727,-1
veh12,26916,,30.6271,0,CAM_DROP_PHY,4,12,26916,29347
veh12,699720792499,,30.6363,0,CPM_DROP_PHY,5,12,699720792499,29353
veh12,26937,,30.6386,1,CAM,3,12,26937,-1
veh12,699720792520,,30.6458,0,CPM_DROP_PHY,7,12,699720792520,29376
veh12,26933,,30.6466,1,CAM,8,12,26933,-1
veh12,26974,,30.6531,0,CAM_DROP_PHY,9,12,26974,29408
veh12,26978,,30.6626,1,CAM,6,12,26978,-1
veh12,699720792600,,30.6866,0,CPM_DROP_PHY,8,12,699720792600,29458
veh12,27038,,30.7133,0,CAM_DROP_PHY,2,12,27038,29473
veh12,699720792694,,30.7228,0,CPM_DROP_PHY,10,12,699720792694,29480
veh12,699720792728,,30.7458,0,CPM_DROP_PHY,7,12,699720792728,29510
veh12,27179,,30.7531,0,CAM_DROP_PHY,9,12,27179,29538
veh12,27238,,30.8116,0,CAM_DROP_PHY,11,12,27238,29587
veh12,27234,,30.8133,1,CAM,2,12,27234,-1
veh12,27317,,30.8168,1,CAM,5,12,27317,-1
veh12,27365,,30.8433,1,CAM,7,12,27365,-1
veh12,27380,,30.8626,0,CAM_DROP_PHY,6,12,27380,29662
veh12,27426,,30.9133,1,CAM,2,12,27426,-1
veh12,27507,,30.9271,0,CAM_DROP_PHY,4,12,27507,29720
veh12,27528,,30.9386,0,CAM_DROP_PHY,3,12,27528,29742
veh12,699720793107,,30.9386,0,CPM_DROP_PHY,3,12,699720793107,29742
veh12,27523,,30.9466,0,CAM_DROP_PHY,8,12,27523,29735
veh12,27567,,30.9531,0,CAM_DROP_PHY,9,12,27567,29776
veh12,699720793156,,30.9731,0,CPM_DROP_PHY,9,12,699720793156,29791
veh12,27621,,31.0131,0,CAM_DROP_PHY,2,12,27621,29825
veh12,27788,,31.0828,0,CAM_DROP_PHY,10,12,27788,29903
veh12,27907,,31.1131,0,CAM_DROP_PHY,2,12,27907,29927
veh12,27975,,31.1168,0,CAM_DROP_PHY,5,12,27975,29935
veh12,28016,,31.1433,0,CAM_DROP_PHY,7,12,28016,29973
veh12,28028,,31.1531,0,CAM_DROP_PHY,9,12,28028,29985
veh12,28033,,31.1626,1,CAM,6,12,28033,-1
veh12,28166,31.2012,,0,CAM,12,,28166,-1
veh12,28099,,31.2131,0,CAM_DROP_PHY,2,12,28099,30049
veh12,699720793759,,31.2131,0,CPM_DROP_PHY,2,12,699720793759,30049
veh12,28195,,31.2271,1,CAM,4,12,28195,-1
veh12,28215,,31.2418,0,CAM_DROP_PHY,8,12,28215,30099
veh12,28240,,31.2433,1,CAM,7,12,28240,-1
veh12,28220,,31.2538,0,CAM_DROP_PHY,3,12,28220,30108
veh12,699720793800,,31.2538,0,CPM_DROP_PHY,3,12,699720793800,30108
veh12,28309,,31.3131,0,CAM_DROP_PHY,2,12,28309,30186
veh12,28414,,31.3433,0,CAM_DROP_PHY,7,12,28414,30224
veh12,28400,,31.3538,0,CAM_DROP_PHY,3,12,28400,30216
veh12,699720793979,,31.3538,0,CPM_DROP_PHY,3,12,699720793979,30216
veh12,699720794015,,31.3626,0,CPM_DROP_PHY,6,12,699720794015,30249
veh12,28490,,31.4116,0,CAM_DROP_PHY,11,12,28490,30291
veh12,28486,,31.4131,0,CAM_DROP_PHY,2,12,28486,30290
veh12,28556,,31.4168,1,CAM,5,12,28556,-1
veh12,699720794150,,31.4368,0,CPM_DROP_PHY,5,12,699720794150,30316
veh12,28599,,31.4433,0,CAM_DROP_PHY,7,12,28599,30344
veh12,28610,,31.4531,1,CAM,9,12,28610,-1
veh12,28585,,31.4538,0,CAM_DROP_PHY,3,12,28585,30336
veh12,28615,,31.4626,1,CAM,6,12,28615,-1
veh12,699720794247,,31.5121,0,CPM_DROP_PHY,11,12,699720794247,30416
veh12,28676,,31.5131,0,CAM_DROP_PHY,2,12,28676,30419
veh12,28760,,31.5271,0,CAM_DROP_PHY,4,12,28760,30437
veh12,699720794343,,31.5368,0,CPM_DROP_PHY,5,12,699720794343,30442
veh12,28776,,31.5418,0,CAM_DROP_PHY,8,12,28776,30456
veh12,28797,,31.5433,0,CAM_DROP_PHY,7,12,28797,30475
veh12,28781,,31.5538,0,CAM_DROP_PHY,3,12,28781,30464
veh12,699720794506,,31.5731,0,CPM_DROP_PHY,9,12,699720794506,30510
veh12,28976,,31.6131,1,CAM,2,12,28976,-1
veh12,699720794636,,31.6368,0,CPM_DROP_PHY,5,12,699720794636,30571
veh12,29087,,31.6433,1,CAM,7,12,29087,-1
veh12,29070,,31.6538,0,CAM_DROP_PHY,3,12,29070,30584
veh12,699720794687,,31.6646,0,CPM_DROP_PHY,6,12,699720794687,30617
veh12,29142,,31.6858,0,CAM_DROP_PHY,10,12,29142,30647
veh12,29160,,31.7131,0,CAM_DROP_PHY,2,12,29160,30667
veh12,29230,,31.7168,0,CAM_DROP_PHY,5,12,29230,30677
veh12,29267,,31.7418,1,CAM,8,12,29267,-1
veh12,29302,,31.7531,0,CAM_DROP_PHY,9,12,29302,30746
veh12,699720794850,,31.7538,0,CPM_DROP_PHY,3,12,699720794850,30722
veh12,29307,,31.7646,1,CAM,6,12,29307,-1
veh12,29435,31.8012,,0,CAM,12,,29435,-1
veh12,29367,,31.8131,0,CAM_DROP_PHY,2,12,29367,30803
veh12,29452,,31.8256,0,CAM_DROP_PHY,4,12,29452,30825
veh12,29466,,31.8418,0,CAM_DROP_PHY,8,12,29466,30843
veh12,29471,,31.8538,0,CAM_DROP_PHY,3,12,29471,30848
veh12,699720795050,,31.8538,0,CPM_DROP_PHY,3,12,699720795050,30848
veh12,699720795087,,31.8731,0,CPM_DROP_PHY,9,12,699720795087,30886
veh12,29547,,31.9131,1,CAM,2,12,29547,-1
veh12,29639,,31.9418,0,CAM_DROP_PHY,8,12,29639,30940
veh12,29654,,31.9576,0,CAM_DROP_PHY,7,12,29654,30952
veh12,699720795255,,31.9731,0,CPM_DROP_PHY,9,12,699720795255,30979
veh12,29801,,32.0083,0,CAM_DROP_PHY,5,12,29801,31026
veh12,29729,,32.0121,0,CAM_DROP_PHY,2,12,29729,31019
veh12,699720795301,,32.0121,0,CPM_DROP_PHY,11,12,699720795301,31016
veh12,29734,,32.0121,1,CAM,11,12,29734,-1
veh12,29930,,32.0418,0,CAM_DROP_PHY,8,12,29930,31060
veh12,29962,,32.0531,0,CAM_DROP_PHY,9,12,29962,31087
veh12,699720795511,,32.0538,0,CPM_DROP_PHY,3,12,699720795511,31066
veh12,29969,,32.0646,1,CAM,6,12,29969,-1
veh12,30034,,32.1121,0,CAM_DROP_PHY,2,12,30034,31156
veh12,30112,,32.1256,0,CAM_DROP_PHY,4,12,30112,31172
veh12,30130,,32.1418,0,CAM_DROP_PHY,8,12,30130,31192
veh12,30134,,32.1538,0,CAM_DROP_PHY,3,12,30134,31197
veh12,699720795714,,32.1538,0,CPM_DROP_PHY,3,12,699720795714,31197
veh12,699720795752,,32.1731,0,CPM_DROP_PHY,9,12,699720795752,31232
veh12,699720795759,,32.1856,0,CPM_DROP_PHY,4,12,699720795759,31240
veh12,699720795796,,32.2018,0,CPM_DROP_PHY,8,12,699720795796,31263
veh12,30230,,32.2121,0,CAM_DROP_PHY,2,12,30230,31277
veh12,699720795884,,32.2121,0,CPM_DROP_PHY,2,12,699720795884,31277
veh12,699720795912,,32.2376,0,CPM_DROP_PHY,7,12,699720795912,31323
veh12,30348,,32.2576,1,CAM,7,12,30348,-1
veh12,30401,,32.2963,0,CAM_DROP_PHY,10,12,30401,31378
veh12,30485,,32.3083,0,CAM_DROP_PHY,5,12,30485,31401
veh12,30417,,32.3121,1,CAM,2,12,30417,-1
veh12,30511,,32.3418,1,CAM,8,12,30511,-1
veh12,30537,,32.3531,0,CAM_DROP_PHY,9,12,30537,31456
veh12,30541,,32.3646,1,CAM,6,12,30541,-1
veh12,30657,32.4012,,0,CAM,12,,30657,-1
veh12,699720796159,,32.4018,0,CPM_DROP_PHY,8,12,699720796159,31494
veh12,30592,,32.4121,0,CAM_DROP_PHY,2,12,30592,31502
veh12,30677,,32.4298,0,CAM_DROP_PHY,4,12,30677,31533
veh12,30695,,32.4351,0,CAM_DROP_PHY,3,12,30695,31550
veh12,699720796305,,32.4788,0,CPM_DROP_PHY,9,12,699720796305,31584
veh12,30771,,32.5041,1,CAM,2,12,30771,-1
veh12,699720796342,,32.5121,0,CPM_DROP_PHY,11,12,699720796342,31610
veh12,30962,,32.5361,0,CAM_DROP_PHY,8,12,30962,31647
veh12,699720796543,,32.5466,0,CPM_DROP_PHY,7,12,699720796543,31650
veh12,30977,,32.5466,1,CAM,7,12,30977,-1
veh12,699720796575,,32.5646,0,CPM_DROP_PHY,6,12,699720796575,31681
veh12,699720796577,,32.5788,0,CPM_DROP_PHY,9,12,699720796577,31682
veh12,31047,,32.6041,0,CAM_DROP_PHY,2,12,31047,31725
veh12,31119,,32.6083,1,CAM,5,12,31119,-1
veh12,31051,,32.6121,0,CAM_DROP_PHY,11,12,31051,31727
veh12,699720796712,,32.6283,0,CPM_DROP_PHY,5,12,699720796712,31755
veh12,699720796727,,32.6466,0,CPM_DROP_PHY,7,12,699720796727,31773
veh12,31168,,32.6588,0,CAM_DROP_PHY,9,12,31168,31790
veh12,31173,,32.6646,0,CAM_DROP_PHY,6,12,31173,31793
veh12,31233,,32.7041,1,CAM,2,12,31233,-1
veh12,699720796885,,32.7163,0,CPM_DROP_PHY,10,12,699720796885,31863
veh12,699720796891,,32.7241,0,CPM_DROP_PHY,2,12,699720796891,31866
veh12,31324,,32.7298,1,CAM,4,12,31324,-1
veh12,31344,,32.7351,0,CAM_DROP_PHY,3,12,31344,31900
veh12,31431,,32.8041,0,CAM_DROP_PHY,2,12,31431,31972
veh12,31523,,32.8361,1,CAM,8,12,31523,-1
veh12,31537,,32.8466,1,CAM,7,12,31537,-1
veh12,31554,,32.8588,0,CAM_DROP_PHY,9,12,31554,32022
veh12,31588,,32.8963,0,CAM_DROP_PHY,10,12,31588,32050
veh12,31603,,32.9041,1,CAM,2,12,31603,-1
veh12,31677,,32.9128,1,CAM,5,12,31677,-1
veh12,699720797280,,32.9466,0,CPM_DROP_PHY,7,12,699720797280,32105
veh12,31699,,32.9493,0,CAM_DROP_PHY,3,12,31699,32104
veh12,31723,,32.9588,1,CAM,9,12,31723,-1
veh12,31729,,32.9621,0,CAM_DROP_PHY,6,12,31729,32124
veh12,31945,33.0012,,0,CAM,12,,31945,-1
veh12,31778,,33.0041,0,CAM_DROP_PHY,2,12,31778,32173
veh12,31967,,33.0298,0,CAM_DROP_PHY,4,12,31967,32206
veh12,31982,,33.0493,1,CAM,3,12,31982,-1
veh12,699720797598,,33.0621,0,CPM_DROP_PHY,6,12,699720797598,32254
veh12,32007,,33.0708,1,CAM,9,12,32007,-1
veh12,699720797604,,33.0708,0,CPM_DROP_PHY,9,12,699720797604,32242
veh12,32074,,33.1041,0,CAM_DROP_PHY,2,12,32074,32299
veh12,32166,,33.1361,0,CAM_DROP_PHY,8,12,32166,32328
veh12,32185,,33.1466,0,CAM_DROP_PHY,7,12,32185,32333
veh12,32172,,33.1493,0,CAM_DROP_PHY,3,12,32172,32332
veh12,699720797799,,33.1698,0,CPM_DROP_PHY,4,12,699720797799,32386
veh12,32202,,33.1708,0,CAM_DROP_PHY,9,12,32202,32363
veh12,699720797828,,33.1961,0,CPM_DROP_PHY,8,12,699720797828,32410
veh12,32267,,33.2103,1,CAM,11,12,32267,-1
veh12,32343,,33.2128,1,CAM,5,12,32343,-1
veh12,699720797923,,33.2186,0,CPM_DROP_PHY,10,12,699720797923,32435
veh12,32379,,33.2493,0,CAM_DROP_PHY,3,12,32379,32480
veh12,32415,,33.2621,1,CAM,6,12,32415,-1
veh12,32411,,33.2708,0,CAM_DROP_PHY,9,12,32411,32499
veh12,32461,,33.3041,1,CAM,2,12,32461,-1
veh12,32540,,33.3218,0,CAM_DROP_PHY,4,12,32540,32567
veh12,699720798134,,33.3466,0,CPM_DROP_PHY,7,12,699720798134,32584
veh12,32699,,33.4361,0,CAM_DROP_PHY,8,12,32699,32647
veh12,32717,,33.4466,1,CAM,7,12,32717,-1
veh12,32705,,33.4493,0,CAM_DROP_PHY,3,12,32705,32648
veh12,32733,,33.4708,0,CAM_DROP_PHY,9,12,32733,32675
veh12,32793,,33.4983,1,CAM,2,12,32793,-1
veh12,32775,,33.4986,1,CAM,10,12,32775,-1
veh12,32962,,33.5101,0,CAM_DROP_PHY,5,12,32962,32740
veh12,32998,,33.5466,1,CAM,7,12,32998,-1
veh12,33011,,33.5621,1,CAM,6,12,33011,-1
veh12,33125,33.6012,,0,CAM,12,,33125,-1
veh12,33166,,33.6466,0,CAM_DROP_PHY,7,12,33166,32878
veh12,33156,,33.6493,0,CAM_DROP_PHY,3,12,33156,32867
veh12,33180,,33.6708,0,CAM_DROP_PHY,9,12,33180,32891
veh12,33239,,33.6983,1,CAM,2,12,33239,-1
veh12,699720798894,,33.7301,0,CPM_DROP_PHY,5,12,699720798894,32969
veh12,33329,,33.7361,0,CAM_DROP_PHY,8,12,33329,32978
veh12,33343,,33.7466,0,CAM_DROP_PHY,7,12,33343,32996
veh12,699720798983,,33.8048,0,CPM_DROP_PHY,8,12,699720798983,33043
veh12,33485,,33.8101,1,CAM,5,12,33485,-1
veh12,33420,,33.8103,0,CAM_DROP_PHY,11,12,33420,33060
veh12,699720799103,,33.8413,0,CPM_DROP_PHY,7,12,699720799103,33121
veh12,699720799100,,33.8473,0,CPM_DROP_PHY,3,12,699720799100,33120
veh12,33550,,33.8531,1,CAM,6,12,33550,-1
veh12,33537,,33.8613,1,CAM,7,12,33537,-1
veh12,699720798944,,33.8818,0,CPM_DROP_PHY,4,12,699720798944,33018
veh12,33603,,33.8983,0,CAM_DROP_PHY,2,12,33603,33193
veh12,33680,,33.9218,1,CAM,4,12,33680,-1
veh12,33696,,33.9473,1,CAM,3,12,33696,-1
veh12,33715,,33.9708,0,CAM_DROP_PHY,9,12,33715,33244
veh12,33853,,34.0448,1,CAM,8,12,33853,-1
veh12,33965,,34.0613,0,CAM_DROP_PHY,7,12,33965,33314
veh12,699720799561,,34.0731,0,CPM_DROP_PHY,6,12,699720799561,33335
veh12,34013,,34.0891,1,CAM,10,12,34013,-1
veh12,34031,,34.0983,1,CAM,2,12,34031,-1
veh12,34095,,34.1101,0,CAM_DROP_PHY,5,12,34095,33385
veh12,34142,,34.1531,0,CAM_DROP_PHY,6,12,34142,33430
veh12,699720799728,,34.1731,0,CPM_DROP_PHY,6,12,699720799728,33440
veh12,34255,34.2012,,0,CAM,12,,34255,-1
veh12,34194,,34.2146,0,CAM_DROP_PHY,2,12,34194,33479
veh12,34273,,34.2263,0,CAM_DROP_PHY,4,12,34273,33495
veh12,34293,,34.2473,0,CAM_DROP_PHY,3,12,34293,33522
veh12,34312,,34.2551,0,CAM_DROP_PHY,9,12,34312,33535
veh12,699720799904,,34.2731,0,CPM_DROP_PHY,6,12,699720799904,33553
veh12,34375,,34.3146,0,CAM_DROP_PHY,2,12,34375,33598
veh12,699720800029,,34.3256,0,CPM_DROP_PHY,5,12,699720800029,33616
veh12,34465,,34.3448,1,CAM,8,12,34465,-1
veh12,34476,,34.3613,1,CAM,7,12,34476,-1
veh12,34548,,34.4103,0,CAM_DROP_PHY,11,12,34548,33702
veh12,699720800189,,34.4121,0,CPM_DROP_PHY,10,12,699720800189,33714
veh12,34543,,34.4146,1,CAM,2,12,34543,-1
veh12,34610,,34.4256,0,CAM_DROP_PHY,5,12,34610,33713
veh12,699720800227,,34.4413,0,CPM_DROP_PHY,7,12,699720800227,33760
veh12,34674,,34.4591,0,CAM_DROP_PHY,6,12,34674,33783
veh12,34727,,34.5146,0,CAM_DROP_PHY,2,12,34727,33828
veh12,34797,,34.5263,0,CAM_DROP_PHY,4,12,34797,33844
veh12,34814,,34.5473,0,CAM_DROP_PHY,3,12,34814,33864
veh12,34831,,34.5551,0,CAM_DROP_PHY,9,12,34831,33877
veh12,34983,,34.6146,0,CAM_DROP_PHY,2,12,34983,33923
veh12,35065,,34.6448,1,CAM,8,12,35065,-1
veh12,35076,,34.6613,0,CAM_DROP_PHY,7,12,35076,33957
veh12,699720800672,,34.6791,0,CPM_DROP_PHY,6,12,699720800672,33978
veh12,35120,,34.6921,0,CAM_DROP_PHY,10,12,35120,33996
veh12,35142,,34.7146,0,CAM_DROP_PHY,2,12,35142,34015
veh12,35205,,34.7256,0,CAM_DROP_PHY,5,12,35205,34026
veh12,35250,,34.7591,1,CAM,6,12,35250,-1
veh12,699720800838,,34.7751,0,CPM_DROP_PHY,9,12,699720800838,34083
veh12,699720800836,,34.7791,0,CPM_DROP_PHY,6,12,699720800836,34082
veh12,35363,34.8012,,0,CAM,12,,35363,-1
veh12,35304,,34.8146,0,CAM_DROP_PHY,2,12,35304,34121
veh12,35379,,34.8263,0,CAM_DROP_PHY,4,12,35379,34141
veh12,35397,,34.8493,0,CAM_DROP_PHY,3,12,35397,34165
veh12,35415,,34.8551,0,CAM_DROP_PHY,9,12,35415,34178
veh12,35474,,34.9146,0,CAM_DROP_PHY,2,12,35474,34232
veh12,699720801126,,34.9256,0,CPM_DROP_PHY,5,12,699720801126,34252
veh12,35562,,34.9383,0,CAM_DROP_PHY,8,12,35562,34262
veh12,35575,,34.9578,1,CAM,7,12,35575,-1
veh12,699720801200,,34.9983,0,CPM_DROP_PHY,8,12,699720801200,34325
veh12,35644,,35.0103,0,CAM_DROP_PHY,11,12,35644,34341
veh12,699720801285,,35.0121,0,CPM_DROP_PHY,10,12,699720801285,34351
veh12,35637,,35.0146,1,CAM,2,12,35637,-1
veh12,35705,,35.0256,0,CAM_DROP_PHY,5,12,35705,34348
veh12,699720801319,,35.0493,0,CPM_DROP_PHY,3,12,699720801319,34394
veh12,35768,,35.0591,0,CAM_DROP_PHY,6,12,35768,34417
veh12,35821,,35.1146,1,CAM,2,12,35821,-1
veh12,35994,,35.1263,1,CAM,4,12,35994,-1
veh12,36009,,35.1493,0,CAM_DROP_PHY,3,12,36009,34508
veh12,36027,,35.1701,1,CAM,9,12,36027,-1
veh12,36079,,35.2146,0,CAM_DROP_PHY,2,12,36079,34567
veh12,36160,,35.2383,1,CAM,8,12,36160,-1
veh12,36165,,35.2493,0,CAM_DROP_PHY,3,12,36165,34597
veh12,36175,,35.2578,0,CAM_DROP_PHY,7,12,36175,34606
veh12,36217,,35.2903,0,CAM_DROP_PHY,10,12,36217,34651
veh12,36238,,35.3146,0,CAM_DROP_PHY,2,12,36238,34667
veh12,36300,,35.3256,1,CAM,5,12,36300,-1
veh12,36330,,35.3493,0,CAM_DROP_PHY,3,12,36330,34710
veh12,36350,,35.3591,0,CAM_DROP_PHY,6,12,36350,34729
veh12,699720801935,,35.3791,0,CPM_DROP_PHY,6,12,699720801935,34744
veh12,36458,35.4012,,0,CAM,12,,36458,-1
veh12,36403,,35.4151,0,CAM_DROP_PHY,2,12,36403,34782
veh12,36475,,35.4356,1,CAM,4,12,36475,-1
veh12,36489,,35.4493,0,CAM_DROP_PHY,3,12,36489,34819
veh12,699720802098,,35.4676,0,CPM_DROP_PHY,6,12,699720802098,34856
veh12,36507,,35.4701,0,CAM_DROP_PHY,9,12,36507,34840
veh12,699720802101,,35.4701,0,CPM_DROP_PHY,9,12,699720802101,34840
veh12,36567,,35.5151,0,CAM_DROP_PHY,2,12,36567,34896
veh12,36647,,35.5383,1,CAM,8,12,36647,-1
veh12,36652,,35.5493,1,CAM,3,12,36652,-1
veh12,36665,,35.5578,1,CAM,7,12,36665,-1
veh12,699720802263,,35.5676,0,CPM_DROP_PHY,6,12,699720802263,34970
veh12,699720802267,,35.5756,0,CPM_DROP_PHY,4,12,699720802267,34972
veh12,36738,,35.6088,0,CAM_DROP_PHY,11,12,36738,35013
veh12,699720802378,,35.6103,0,CPM_DROP_PHY,10,12,699720802378,35021
veh12,36731,,35.6151,0,CAM_DROP_PHY,2,12,36731,35008
veh12,36798,,35.6218,0,CAM_DROP_PHY,5,12,36798,35017
veh12,699720802418,,35.6378,0,CPM_DROP_PHY,7,12,699720802418,35072
veh12,36836,,35.6493,0,CAM_DROP_PHY,3,12,36836,35068
veh12,36864,,35.6676,1,CAM,6,12,36864,-1
veh12,37015,,35.7151,1,CAM,2,12,37015,-1
veh12,37087,,35.7356,1,CAM,4,12,37087,-1
veh12,37101,,35.7493,0,CAM_DROP_PHY,3,12,37101,35166
veh12,37122,,35.7701,0,CAM_DROP_PHY,9,12,37122,35187
veh12,37177,,35.8151,0,CAM_DROP_PHY,2,12,37177,35233
veh12,37257,,35.8363,0,CAM_DROP_PHY,8,12,37257,35261
veh12,37269,,35.8578,0,CAM_DROP_PHY,7,12,37269,35270
veh12,699720802864,,35.8701,0,CPM_DROP_PHY,9,12,699720802864,35292
veh12,37311,,35.8903,0,CAM_DROP_PHY,10,12,37311,35308
veh12,699720802901,,35.9088,0,CPM_DROP_PHY,11,12,699720802901,35321
veh12,37329,,35.9151,0,CAM_DROP_PHY,2,12,37329,35325
veh12,37390,,35.9218,0,CAM_DROP_PHY,5,12,37390,35333
veh12,37421,,35.9493,0,CAM_DROP_PHY,3,12,37421,35372
veh12,37439,,35.9676,0,CAM_DROP_PHY,6,12,37439,35386
veh12,699720803024,,35.9676,0,CPM_DROP_PHY,6,12,699720803024,35386
veh12,699720803027,,35.9701,0,CPM_DROP_PHY,9,12,699720803027,35398
veh12,37479,,35.9903,0,CAM_DROP_PHY,10,12,37479,35420
veh12,37556,36.0012,,0,CAM,12,,37556,-1
veh12,37496,,36.0151,1,CAM,2,12,37496,-1
veh12,38854,,36.0356,0,CAM_DROP_PHY,4,12,38854,35465
veh12,38889,,36.0701,0,CAM_DROP_PHY,9,12,38889,35503
veh12,38940,,36.0903,0,CAM_DROP_PHY,10,12,38940,35544
veh12,699720804602,,36.1103,0,CPM_DROP_PHY,10,12,699720804602,35581
veh12,38962,,36.1151,1,CAM,2,12,38962,-1
veh12,699720804610,,36.1151,0,CPM_DROP_PHY,2,12,699720804610,35567
veh12,39055,,36.1363,0,CAM_DROP_PHY,8,12,39055,35613
veh12,699720804636,,36.1451,0,CPM_DROP_PHY,3,12,699720804636,35615
veh12,39073,,36.1581,0,CAM_DROP_PHY,7,12,39073,35626
veh12,39141,,36.2088,0,CAM_DROP_PHY,11,12,39141,35698
veh12,39207,,36.2096,1,CAM,5,12,39207,-1
veh12,39137,,36.2151,0,CAM_DROP_PHY,2,12,39137,35696
veh12,39236,,36.2451,0,CAM_DROP_PHY,3,12,39236,35741
veh12,39255,,36.2676,1,CAM,6,12,39255,-1
veh12,39293,,36.2903,0,CAM_DROP_PHY,10,12,39293,35789
veh12,39309,,36.3151,0,CAM_DROP_PHY,2,12,39309,35804
veh12,39386,,36.3391,0,CAM_DROP_PHY,4,12,39386,35829
veh12,699720805000,,36.3676,0,CPM_DROP_PHY,6,12,699720805000,35861
veh12,39414,,36.3701,0,CAM_DROP_PHY,9,12,39414,35857
veh12,39468,,36.4073,0,CAM_DROP_PHY,2,12,39468,35897
veh12,39552,,36.4361,0,CAM_DROP_PHY,8,12,39552,35926
veh12,39567,,36.4581,1,CAM,7,12,39567,-1
veh12,699720805162,,36.4701,0,CPM_DROP_PHY,9,12,699720805162,35952
veh12,39610,,36.4903,1,CAM,10,12,39610,-1
veh12,39628,,36.5073,0,CAM_DROP_PHY,2,12,39628,35988
veh12,39692,,36.5096,1,CAM,5,12,39692,-1
veh12,699720805200,,36.5163,0,CPM_DROP_PHY,11,12,699720805200,35986
veh12,39723,,36.5451,0,CAM_DROP_PHY,3,12,39723,36036
veh12,39743,,36.5618,0,CAM_DROP_PHY,6,12,39743,36051
veh12,39956,36.6012,,0,CAM,12,,39956,-1
veh12,39895,,36.6073,0,CAM_DROP_PHY,2,12,39895,36096
veh12,39974,,36.6391,0,CAM_DROP_PHY,4,12,39974,36122
veh12,40010,,36.6671,1,CAM,9,12,40010,-1
veh12,699720805604,,36.6671,0,CPM_DROP_PHY,9,12,699720805604,36159
veh12,40058,,36.6876,0,CAM_DROP_PHY,10,12,40058,36198
veh12,40083,,36.7073,0,CAM_DROP_PHY,2,12,40083,36223
veh12,699720805732,,36.7273,0,CPM_DROP_PHY,2,12,699720805732,36249
veh12,699720805726,,36.7276,0,CPM_DROP_PHY,10,12,699720805726,36242
veh12,40177,,36.7361,0,CAM_DROP_PHY,8,12,40177,36270
veh12,699720805758,,36.7451,0,CPM_DROP_PHY,3,12,699720805758,36271
veh12,40197,,36.7581,1,CAM,7,12,40197,-1
veh12,40256,,36.8073,0,CAM_DROP_PHY,2,12,40256,36351
veh12,40323,,36.8096,0,CAM_DROP_PHY,5,12,40323,36361
veh12,40260,,36.8163,1,CAM,11,12,40260,-1
veh12,40350,,36.8451,1,CAM,3,12,40350,-1
veh12,40370,,36.8618,0,CAM_DROP_PHY,6,12,40370,36410
veh12,40421,,36.9073,0,CAM_DROP_PHY,2,12,40421,36455
veh12,40493,,36.9391,1,CAM,4,12,40493,-1
veh12,699720806108,,36.9618,0,CPM_DROP_PHY,6,12,699720806108,36507
veh12,40522,,36.9671,0,CAM_DROP_PHY,9,12,40522,36502
veh12,40558,,36.9876,1,CAM,10,12,40558,-1
veh12,40574,,37.0073,1,CAM,2,12,40574,-1
veh12,40662,,37.0361,1,CAM,8,12,40662,-1
veh12,40676,,37.0581,1,CAM,7,12,40676,-1
veh12,40743,,37.1073,0,CAM_DROP_PHY,2,12,40743,36649
veh12,40909,,37.1096,1,CAM,5,12,40909,-1
veh12,40936,,37.1451,0,CAM_DROP_PHY,3,12,40936,36690
veh12,40956,,37.1618,1,CAM,6,12,40956,-1
veh12,699720806549,,37.1823,0,CPM_DROP_PHY,9,12,699720806549,36719
veh12,41074,37.2012,,0,CAM,12,,41074,-1
veh12,41011,,37.2073,0,CAM_DROP_PHY,2,12,41011,36750
veh12,41092,,37.2256,0,CAM_DROP_PHY,4,12,41092,36776
veh12,699720806718,,37.2618,0,CPM_DROP_PHY,6,12,699720806718,36820
veh12,41129,,37.2623,1,CAM,9,12,41129,-1
veh12,41175,,37.2876,0,CAM_DROP_PHY,10,12,41175,36851
veh12,41201,,37.2986,0,CAM_DROP_PHY,2,12,41201,36876
veh12,699720806849,,37.3186,0,CPM_DROP_PHY,2,12,699720806849,36901
veh12,699720806875,,37.3386,0,CPM_DROP_PHY,3,12,699720806875,36926
veh12,41293,,37.3478,1,CAM,8,12,41293,-1
veh12,699720806878,,37.3556,0,CPM_DROP_PHY,7,12,699720806878,36928
veh12,41314,,37.3556,0,CAM_DROP_PHY,7,12,41314,36928
veh12,41374,,37.3986,0,CAM_DROP_PHY,2,12,41374,36998
veh12,41443,,37.4096,0,CAM_DROP_PHY,5,12,41443,37009
veh12,41381,,37.4163,1,CAM,11,12,41381,-1
veh12,41470,,37.4386,0,CAM_DROP_PHY,3,12,41470,37042
veh12,41490,,37.4618,0,CAM_DROP_PHY,6,12,41490,37060
veh12,699720807074,,37.4618,0,CPM_DROP_PHY,6,12,699720807074,37060
veh12,41537,,37.4986,0,CAM_DROP_PHY,2,12,41537,37094
veh12,41611,,37.5256,0,CAM_DROP_PHY,4,12,41611,37115
veh12,41639,,37.5623,0,CAM_DROP_PHY,9,12,41639,37140
veh12,41688,,37.5986,0,CAM_DROP_PHY,2,12,41688,37181
veh12,41772,,37.6478,0,CAM_DROP_PHY,8,12,41772,37209
veh12,41783,,37.6556,0,CAM_DROP_PHY,7,12,41783,37216
veh12,699720807383,,37.6823,0,CPM_DROP_PHY,9,12,699720807383,37237
veh12,41930,,37.6876,1,CAM,10,12,41930,-1
veh12,699720807524,,37.6963,0,CPM_DROP_PHY,11,12,699720807524,37274
veh12,41955,,37.6986,1,CAM,2,12,41955,-1
veh12,42024,,37.7121,0,CAM_DROP_PHY,5,12,42024,37302
veh12,42048,,37.7386,0,CAM_DROP_PHY,3,12,42048,37328
veh12,42072,,37.7618,1,CAM,6,12,42072,-1
veh12,699720807657,,37.7618,0,CPM_DROP_PHY,6,12,699720807657,37347
veh12,699720807662,,37.7791,0,CPM_DROP_PHY,9,12,699720807662,37357
veh12,42127,,37.7986,1,CAM,2,12,42127,-1
veh12,42191,37.8012,,0,CAM,12,,42191,-1
veh12,42210,,37.8256,1,CAM,4,12,42210,-1
veh12,699720807792,,37.8321,0,CPM_DROP_PHY,5,12,699720807792,37419
veh12,42244,,37.8591,0,CAM_DROP_PHY,9,12,42244,37450
veh12,699720807833,,37.8783,0,CPM_DROP_PHY,6,12,699720807833,37461
veh12,699720807880,,37.8878,0,CPM_DROP_PHY,8,12,699720807880,37497
veh12,42318,,37.8986,1,CAM,2,12,42318,-1
veh12,699720807995,,37.9386,0,CPM_DROP_PHY,3,12,699720807995,37565
veh12,42413,,37.9478,0,CAM_DROP_PHY,8,12,42413,37561
veh12,699720807997,,37.9556,0,CPM_DROP_PHY,7,12,699720807997,37567
veh12,42432,,37.9556,0,CAM_DROP_PHY,7,12,42432,37567
veh12,42495,,38.0048,0,CAM_DROP_PHY,11,12,42495,37638
veh12,42559,,38.0121,1,CAM,5,12,42559,-1
veh12,42585,,38.0386,1,CAM,3,12,42585,-1
veh12,42604,,38.0583,1,CAM,6,12,42604,-1
veh12,699720808190,,38.0783,0,CPM_DROP_PHY,6,12,699720808190,37699
veh12,42653,,38.0986,1,CAM,2,12,42653,-1
veh12,42730,,38.1256,0,CAM_DROP_PHY,4,12,42730,37753
veh12,42995,,38.2478,1,CAM,8,12,42995,-1
veh12,43006,,38.2556,0,CAM_DROP_PHY,7,12,43006,37844
veh12,42762,,38.2591,0,CAM_DROP_PHY,9,12,42762,37777
veh12,43054,,38.2873,0,CAM_DROP_PHY,10,12,43054,37884
veh12,43077,,38.2986,0,CAM_DROP_PHY,2,12,43077,37910
veh12,699720808649,,38.3048,0,CPM_DROP_PHY,11,12,699720808649,37905
veh12,43144,,38.3121,0,CAM_DROP_PHY,5,12,43144,37929
veh12,43167,,38.3368,0,CAM_DROP_PHY,3,12,43167,37957
veh12,43186,,38.3583,0,CAM_DROP_PHY,6,12,43186,37975
veh12,699720808773,,38.3803,0,CPM_DROP_PHY,9,12,699720808773,37986
veh12,43289,38.4012,,0,CAM,12,,43289,-1
veh12,43304,,38.4198,0,CAM_DROP_PHY,4,12,43304,38045
veh12,699720808886,,38.4321,0,CPM_DROP_PHY,5,12,699720808886,38051
veh12,43337,,38.4603,0,CAM_DROP_PHY,9,12,43337,38078
veh12,699720809070,,38.5368,0,CPM_DROP_PHY,3,12,699720809070,38184
veh12,43488,,38.5496,0,CAM_DROP_PHY,8,12,43488,38180
veh12,43507,,38.5556,0,CAM_DROP_PHY,7,12,43507,38186
veh12,43568,,38.6048,1,CAM,11,12,43568,-1
veh12,43628,,38.6121,0,CAM_DROP_PHY,5,12,43628,38266
veh12,43652,,38.6368,0,CAM_DROP_PHY,3,12,43652,38291
veh12,43672,,38.6768,1,CAM,6,12,43672,-1
veh12,43784,,38.7198,0,CAM_DROP_PHY,4,12,43784,38363
veh12,43812,,38.7603,0,CAM_DROP_PHY,9,12,43812,38388
veh12,699720809399,,38.7768,0,CPM_DROP_PHY,6,12,699720809399,38399
veh12,44045,,38.8546,0,CAM_DROP_PHY,7,12,44045,38456
veh12,44034,,38.8583,0,CAM_DROP_PHY,8,12,44034,38448
veh12,699720809641,,38.8768,0,CPM_DROP_PHY,6,12,699720809641,38477
veh12,44089,,38.8873,0,CAM_DROP_PHY,10,12,44089,38496
veh12,44170,,38.9121,0,CAM_DROP_PHY,5,12,44170,38528
veh12,44106,,38.9148,1,CAM,2,12,44106,-1
veh12,44199,,38.9391,0,CAM_DROP_PHY,3,12,44199,38560
veh12,44218,,38.9568,0,CAM_DROP_PHY,6,12,44218,38579
veh12,699720809806,,38.9803,0,CPM_DROP_PHY,9,12,699720809806,38590
veh12,44324,39.0012,,0,CAM,12,,44324,-1
veh12,44339,,39.0358,1,CAM,4,12,44339,-1
veh12,44370,,39.0603,0,CAM_DROP_PHY,9,12,44370,38682
veh12,699720810001,,39.0803,0,CPM_DROP_PHY,9,12,699720810001,38694
veh12,699720810042,,39.0896,0,CPM_DROP_PHY,8,12,699720810042,38739
veh12,699720810114,,39.1253,0,CPM_DROP_PHY,10,12,699720810114,38762
veh12,44564,,39.1496,0,CAM_DROP_PHY,8,12,44564,38784
veh12,699720810148,,39.1546,0,CPM_DROP_PHY,7,12,699720810148,38791
veh12,44582,,39.1546,0,CAM_DROP_PHY,7,12,44582,38791
veh12,44700,39.2012,,0,CAM,12,,44700,-1
veh12,44642,,39.2053,0,CAM_DROP_PHY,11,12,44642,38860
veh12,44709,,39.2241,1,CAM,5,12,44709,-1
veh12,44732,,39.2391,0,CAM_DROP_PHY,3,12,44732,38901
veh12,699720810337,,39.2803,0,CPM_DROP_PHY,9,12,699720810337,38933
veh12,44863,,39.3358,0,CAM_DROP_PHY,4,12,44863,38983
veh12,44750,,39.3568,0,CAM_DROP_PHY,6,12,44750,38921
veh12,44889,,39.3603,0,CAM_DROP_PHY,9,12,44889,39008
veh12,45093,39.4012,,0,CAM,12,,45093,-1
veh12,45118,,39.4481,1,CAM,8,12,45118,-1
veh12,45129,,39.4546,1,CAM,7,12,45129,-1
veh12,45165,,39.4853,0,CAM_DROP_PHY,10,12,45165,39120
veh12,45182,,39.5148,1,CAM,2,12,45182,-1
veh12,45245,,39.5241,0,CAM_DROP_PHY,5,12,45245,39148
veh12,45270,,39.5391,1,CAM,3,12,45270,-1
veh12,45290,,39.5571,1,CAM,6,12,45290,-1
veh12,699720810875,,39.5696,0,CPM_DROP_PHY,9,12,699720810875,39208
veh12,45391,39.6012,,0,CAM,12,,45391,-1
veh12,45405,,39.6346,1,CAM,4,12,45405,-1
veh12,45438,,39.6696,0,CAM_DROP_PHY,9,12,45438,39294
veh12,699720811032,,39.6746,0,CPM_DROP_PHY,4,12,699720811032,39309
veh12,699720811026,,39.6771,0,CPM_DROP_PHY,6,12,699720811026,39304
veh12,699720811065,,39.6881,0,CPM_DROP_PHY,8,12,699720811065,39341
veh12,699720811135,,39.7253,0,CPM_DROP_PHY,10,12,699720811135,39366
veh12,699720811165,,39.7441,0,CPM_DROP_PHY,3,12,699720811165,39394
veh12,45584,,39.7481,1,CAM,8,12,45584,-1
veh12,45599,,39.7536,0,CAM_DROP_PHY,7,12,45599,39395
veh12,45708,39.8012,,0,CAM,12,,45708,-1
veh12,45652,,39.8053,0,CAM_DROP_PHY,11,12,45652,39456
veh12,45716,,39.8241,0,CAM_DROP_PHY,5,12,45716,39469
veh12,45739,,39.8441,0,CAM_DROP_PHY,3,12,45739,39499
veh12,45757,,39.8571,1,CAM,6,12,45757,-1
veh12,45857,,39.9346,0,CAM_DROP_PHY,4,12,45857,39562
veh12,45884,,39.9696,1,CAM,9,12,45884,-1
veh12,46082,40.0012,,0,CAM,12,,46082,-1
veh12,46104,,40.0346,0,CAM_DROP_PHY,8,12,46104,39645
veh12,46117,,40.0536,0,CAM_DROP_PHY,7,12,46117,39661
veh12,46152,,40.0806,0,CAM_DROP_PHY,10,12,46152,39693
veh12,46222,,40.1193,0,CAM_DROP_PHY,5,12,46222,39715
veh12,46245,,40.1441,0,CAM_DROP_PHY,3,12,46245,39735
veh12,46266,,40.1536,0,CAM_DROP_PHY,6,12,46266,39754
veh12,46306,,40.2136,1,CAM,2,12,46306,-1
veh12,46379,,40.2306,0,CAM_DROP_PHY,4,12,46379,39816
veh12,46406,,40.2696,0,CAM_DROP_PHY,9,12,46406,39842
veh12,46501,40.3012,,0,CAM,12,,46501,-1
veh12,46526,,40.3346,0,CAM_DROP_PHY,8,12,46526,39901
veh12,46542,,40.3536,1,CAM,7,12,46542,-1
veh12,699720812174,,40.3946,0,CPM_DROP_PHY,8,12,699720812174,39977
veh12,46613,,40.4173,1,CAM,11,12,46613,-1
veh12,46671,,40.4193,1,CAM,5,12,46671,-1
veh12,46705,,40.4441,1,CAM,3,12,46705,-1
veh12,46733,,40.4536,0,CAM_DROP_PHY,6,12,46733,40067
veh12,46763,,40.4806,0,CAM_DROP_PHY,10,12,46763,40100
veh12,46844,,40.5306,1,CAM,4,12,46844,-1
veh12,46872,,40.5696,0,CAM_DROP_PHY,9,12,46872,40153
veh12,46900,,40.5806,0,CAM_DROP_PHY,10,12,46900,40176
veh12,47071,40.6012,,0,CAM,12,,47071,-1
veh12,47095,,40.6346,0,CAM_DROP_PHY,8,12,47095,40219
veh12,47110,,40.6536,0,CAM_DROP_PHY,7,12,47110,40235
veh12,47144,,40.6806,0,CAM_DROP_PHY,10,12,47144,40267
veh12,47217,,40.7193,0,CAM_DROP_PHY,5,12,47217,40288
veh12,47239,,40.7541,0,CAM_DROP_PHY,3,12,47239,40308
veh12,47257,,40.7586,0,CAM_DROP_PHY,6,12,47257,40321
veh12,47284,,40.7806,0,CAM_DROP_PHY,10,12,47284,40354
veh12,47363,,40.8306,1,CAM,4,12,47363,-1
veh12,47393,,40.8676,1,CAM,9,12,47393,-1
veh12,47420,,40.8806,0,CAM_DROP_PHY,10,12,47420,40429
veh12,699720813011,,40.8971,0,CPM_DROP_PHY,11,12,699720813011,40443
veh12,47440,,40.9046,0,CAM_DROP_PHY,2,12,47440,40452
veh12,47519,,40.9346,0,CAM_DROP_PHY,8,12,47519,40483
veh12,47531,,40.9536,1,CAM,7,12,47531,-1
veh12,47570,,40.9806,0,CAM_DROP_PHY,10,12,47570,40532
veh12,47588,,41.0171,0,CAM_DROP_PHY,11,12,47588,40553
veh12,47649,,41.0193,1,CAM,5,12,47649,-1
veh12,47676,,41.0541,0,CAM_DROP_PHY,3,12,47676,40586
veh12,47700,,41.0586,0,CAM_DROP_PHY,6,12,47700,40604
veh12,47747,,41.0806,1,CAM,10,12,47747,-1
veh12,699720813331,,41.0908,0,CPM_DROP_PHY,8,12,699720813331,40665
veh12,699720813406,,41.1206,0,CPM_DROP_PHY,10,12,699720813406,40694
veh12,699720813411,,41.1246,0,CPM_DROP_PHY,2,12,699720813411,40696
veh12,47841,,41.1273,0,CAM_DROP_PHY,4,12,47841,40703
veh12,699720813443,,41.1533,0,CPM_DROP_PHY,7,12,699720813443,40733
veh12,699720813441,,41.1541,0,CPM_DROP_PHY,3,12,699720813441,40731
veh12,47882,,41.1676,1,CAM,9,12,47882,-1
veh12,48098,41.2012,,0,CAM,12,,48098,-1
veh12,47936,,41.2171,1,CAM,11,12,47936,-1
veh12,48129,,41.2508,1,CAM,8,12,48129,-1
veh12,48146,,41.2533,0,CAM_DROP_PHY,7,12,48146,40843
veh12,48136,,41.2541,0,CAM_DROP_PHY,3,12,48136,40833
veh12,48159,,41.2586,1,CAM,6,12,48159,-1
veh12,48192,,41.2806,0,CAM_DROP_PHY,10,12,48192,40894
veh12,48343,,41.4171,0,CAM_DROP_PHY,11,12,48343,40968
veh12,48418,,41.4273,0,CAM_DROP_PHY,4,12,48418,40984
veh12,48448,,41.4691,0,CAM_DROP_PHY,9,12,48448,41010
veh12,48579,,41.5508,0,CAM_DROP_PHY,8,12,48579,41075
veh12,48593,,41.5533,0,CAM_DROP_PHY,7,12,48593,41088
veh12,48583,,41.5541,0,CAM_DROP_PHY,3,12,48583,41078
veh12,48605,,41.5586,0,CAM_DROP_PHY,6,12,48605,41095
veh12,699720814197,,41.5691,0,CPM_DROP_PHY,9,12,699720814197,41118
veh12,48647,,41.5983,0,CAM_DROP_PHY,10,12,48647,41147
veh12,48663,,41.6168,0,CAM_DROP_PHY,2,12,48663,41156
veh12,48667,,41.6171,0,CAM_DROP_PHY,11,12,48667,41162
veh12,48556,,41.6193,1,CAM,5,12,48556,-1
veh12,699720814323,,41.6391,0,CPM_DROP_PHY,5,12,699720814323,41187
veh12,48840,,41.7171,0,CAM_DROP_PHY,11,12,48840,41276
veh12,699720814480,,41.7183,0,CPM_DROP_PHY,10,12,699720814480,41281
veh12,48921,,41.7273,0,CAM_DROP_PHY,4,12,48921,41299
veh12,48960,,41.7691,0,CAM_DROP_PHY,9,12,48960,41337
veh12,49181,41.8012,,0,CAM,12,,49181,-1
veh12,49117,,41.8171,0,CAM_DROP_PHY,11,12,49117,41388
veh12,49214,,41.8468,1,CAM,8,12,49214,-1
veh12,49229,,41.8528,0,CAM_DROP_PHY,7,12,49229,41438
veh12,49219,,41.8541,1,CAM,3,12,49219,-1
veh12,49241,,41.8583,0,CAM_DROP_PHY,6,12,49241,41444
veh12,49454,,42.0171,0,CAM_DROP_PHY,11,12,49454,41554
veh12,49526,,42.0206,0,CAM_DROP_PHY,4,12,49526,41570
veh12,49559,,42.0691,1,CAM,9,12,49559,-1
veh12,49691,,42.1468,0,CAM_DROP_PHY,8,12,49691,41661
veh12,49696,,42.1518,0,CAM_DROP_PHY,3,12,49696,41665
veh12,49706,,42.1528,0,CAM_DROP_PHY,7,12,49706,41675
veh12,49721,,42.1583,0,CAM_DROP_PHY,6,12,49721,41684
veh12,49760,,42.1983,0,CAM_DROP_PHY,10,12,49760,41733
veh12,49665,,42.2191,0,CAM_DROP_PHY,5,12,49665,41637
veh12,49947,,42.3126,0,CAM_DROP_PHY,11,12,49947,41846
veh12,49943,,42.3168,0,CAM_DROP_PHY,2,12,49943,41843
veh12,699720815693,,42.3168,0,CPM_DROP_PHY,2,12,699720815693,41843
veh12,50127,,42.3206,0,CAM_DROP_PHY,4,12,50127,41868
veh12,50167,,42.3743,0,CAM_DROP_PHY,9,12,50167,41908
veh12,50276,42.4012,,0,CAM,12,,50276,-1
veh12,50305,,42.4468,0,CAM_DROP_PHY,8,12,50305,41987
veh12,50310,,42.4518,1,CAM,3,12,50310,-1
veh12,50320,,42.4526,0,CAM_DROP_PHY,7,12,50320,42001
veh12,50333,,42.4548,0,CAM_DROP_PHY,6,12,50333,42010
veh12,50585,,42.6201,0,CAM_DROP_PHY,4,12,50585,42128
veh12,50616,,42.6616,0,CAM_DROP_PHY,9,12,50616,42150
veh12,699720816232,,42.6948,0,CPM_DROP_PHY,11,12,699720816232,42183
veh12,50748,,42.7316,0,CAM_DROP_PHY,8,12,50748,42217
veh12,50754,,42.7513,0,CAM_DROP_PHY,3,12,50754,42223
veh12,50765,,42.7526,0,CAM_DROP_PHY,7,12,50765,42238
veh12,50778,,42.7548,0,CAM_DROP_PHY,6,12,50778,42244
veh12,50812,,42.7821,0,CAM_DROP_PHY,10,12,50812,42281
veh12,50726,,42.8191,0,CAM_DROP_PHY,5,12,50726,42198
veh12,699720816532,,42.8801,0,CPM_DROP_PHY,4,12,699720816532,42353
veh12,699720816566,,42.8916,0,CPM_DROP_PHY,8,12,699720816566,42383
veh12,51005,,42.9148,0,CAM_DROP_PHY,11,12,51005,42402
veh12,51184,,42.9201,1,CAM,4,12,51184,-1
veh12,51203,,42.9316,0,CAM_DROP_PHY,8,12,51203,42448
veh12,51208,,42.9513,0,CAM_DROP_PHY,3,12,51208,42456
veh12,699720816790,,42.9526,0,CPM_DROP_PHY,7,12,699720816790,42461
veh12,51222,,42.9526,0,CAM_DROP_PHY,7,12,51222,42461
veh12,51238,,42.9548,0,CAM_DROP_PHY,6,12,51238,42477
veh12,51231,,42.9616,0,CAM_DROP_PHY,9,12,51231,42472
veh12,51341,43.0012,,0,CAM,12,,51341,-1
veh12,51282,,43.0168,0,CAM_DROP_PHY,2,12,51282,42530
veh12,51348,,43.0183,1,CAM,5,12,51348,-1
veh12,51614,,43.2201,0,CAM_DROP_PHY,4,12,51614,42676
veh12,51628,,43.2316,1,CAM,8,12,51628,-1
veh12,51634,,43.2513,1,CAM,3,12,51634,-1
veh12,51643,,43.2526,0,CAM_DROP_PHY,7,12,51643,42707
veh12,51652,,43.2616,0,CAM_DROP_PHY,9,12,51652,42710
veh12,51658,,43.2681,0,CAM_DROP_PHY,6,12,51658,42715
veh12,51823,,43.3821,1,CAM,10,12,51823,-1
veh12,51981,,43.5106,0,CAM_DROP_PHY,11,12,51981,42925
veh12,52048,,43.5201,0,CAM_DROP_PHY,4,12,52048,42943
veh12,52061,,43.5316,0,CAM_DROP_PHY,8,12,52061,42959
veh12,699720817491,,43.5383,0,CPM_DROP_PHY,5,12,699720817491,42869
veh12,52066,,43.5513,1,CAM,3,12,52066,-1
veh12,52187,,43.5616,0,CAM_DROP_PHY,9,12,52187,42980
veh12,52177,,43.5621,0,CAM_DROP_PHY,7,12,52177,42976
veh12,52195,,43.5681,0,CAM_DROP_PHY,6,12,52195,42985
veh12,52307,43.6012,,0,CAM,12,,52307,-1
veh12,699720817899,,43.6181,0,CPM_DROP_PHY,2,12,699720817899,43063
veh12,52315,,43.6183,0,CAM_DROP_PHY,5,12,52315,43055
veh12,699720817927,,43.6513,0,CPM_DROP_PHY,3,12,699720817927,43106
veh12,52412,,43.6981,0,CAM_DROP_PHY,2,12,52412,43156
veh12,52475,43.7012,,0,CAM,12,,52475,-1
veh12,52490,,43.7331,0,CAM_DROP_PHY,4,12,52490,43184
veh12,52501,,43.7436,1,CAM,8,12,52501,-1
veh12,52506,,43.7513,1,CAM,3,12,52506,-1
veh12,52618,43.8012,,0,CAM,12,,52618,-1
veh12,52660,,43.8616,0,CAM_DROP_PHY,9,12,52660,43290
veh12,52650,,43.8621,1,CAM,7,12,52650,-1
veh12,52664,,43.8681,0,CAM_DROP_PHY,6,12,52664,43292
veh12,52764,43.9012,,0,CAM,12,,52764,-1
veh12,699720818281,,43.9106,0,CPM_DROP_PHY,11,12,699720818281,43337
veh12,52770,,43.9183,0,CAM_DROP_PHY,5,12,52770,43345
veh12,699720818394,,43.9786,0,CPM_DROP_PHY,9,12,699720818394,43400
veh12,52839,,43.9966,1,CAM,10,12,52839,-1
veh12,52914,44.0012,,0,CAM,12,,52914,-1
veh12,52929,,44.0331,0,CAM_DROP_PHY,4,12,52929,43454
veh12,52947,,44.0343,0,CAM_DROP_PHY,3,12,52947,43468
veh12,52942,,44.0436,1,CAM,8,12,52942,-1
veh12,53069,44.1012,,0,CAM,12,,53069,-1
veh12,53012,,44.1033,0,CAM_DROP_PHY,11,12,53012,43539
veh12,53212,,44.1586,0,CAM_DROP_PHY,9,12,53212,43584
veh12,53203,,44.1621,0,CAM_DROP_PHY,7,12,53203,43579
veh12,53216,,44.1623,0,CAM_DROP_PHY,6,12,53216,43585
veh12,699720818801,,44.1623,0,CPM_DROP_PHY,6,12,699720818801,43585
veh12,699720818809,,44.1731,0,CPM_DROP_PHY,4,12,699720818809,43606
veh12,53330,44.2012,,0,CAM,12,,53330,-1
veh12,699720818920,,44.2166,0,CPM_DROP_PHY,10,12,699720818920,43657
veh12,53340,,44.2183,0,CAM_DROP_PHY,5,12,53340,43652
veh12,699720818951,,44.2421,0,CPM_DROP_PHY,7,12,699720818951,43699
veh12,699720818949,,44.2543,0,CPM_DROP_PHY,3,12,699720818949,43698
veh12,53496,,44.3331,0,CAM_DROP_PHY,4,12,53496,43766
veh12,53512,,44.3343,0,CAM_DROP_PHY,3,12,53512,43777
veh12,53507,,44.3348,0,CAM_DROP_PHY,8,12,53507,43772
veh12,53625,44.4012,,0,CAM,12,,53625,-1
veh12,53568,,44.4103,1,CAM,2,12,53568,-1
veh12,53668,,44.4596,0,CAM_DROP_PHY,9,12,53668,43878
veh12,53672,,44.4623,1,CAM,6,12,53672,-1
veh12,53659,,44.4673,0,CAM_DROP_PHY,7,12,53659,43874
veh12,53702,,44.4966,1,CAM,10,12,53702,-1
veh12,699720819290,,44.5033,0,CPM_DROP_PHY,11,12,699720819290,43925
veh12,53778,,44.5183,1,CAM,5,12,53778,-1
veh12,699720819397,,44.5796,0,CPM_DROP_PHY,9,12,699720819397,43988
veh12,53921,,44.6331,1,CAM,4,12,53921,-1
veh12,53938,,44.6343,1,CAM,3,12,53938,-1
veh12,53933,,44.6348,0,CAM_DROP_PHY,8,12,53933,44033
veh12,53983,,44.6958,1,CAM,10,12,53983,-1
veh12,54063,44.7012,,0,CAM,12,,54063,-1
veh12,54001,,44.7033,0,CAM_DROP_PHY,11,12,54001,44099
veh12,54203,,44.7543,0,CAM_DROP_PHY,7,12,54203,44147
veh12,54213,,44.7596,1,CAM,9,12,54213,-1
veh12,54218,,44.7623,1,CAM,6,12,54218,-1
veh12,54334,,44.8183,0,CAM_DROP_PHY,5,12,54334,44230
veh12,54394,,44.8958,1,CAM,10,12,54394,-1
veh12,699720820054,,44.9158,0,CPM_DROP_PHY,10,12,699720820054,44306
veh12,54492,,44.9288,0,CAM_DROP_PHY,4,12,54492,44319
veh12,54509,,44.9328,1,CAM,8,12,54509,-1
veh12,54514,,44.9343,0,CAM_DROP_PHY,3,12,54514,44339
veh12,699720820097,,44.9623,0,CPM_DROP_PHY,7,12,699720820097,44347
veh12,54635,45.0012,,0,CAM,12,,54635,-1
veh12,54667,,45.0543,1,CAM,7,12,54667,-1
veh12,54676,,45.0596,0,CAM_DROP_PHY,9,12,54676,44450
veh12,54680,,45.0623,0,CAM_DROP_PHY,6,12,54680,44451
veh12,54786,,45.1151,1,CAM,5,12,54786,-1
veh12,54851,,45.1958,0,CAM_DROP_PHY,10,12,54851,44568
veh12,54867,,45.2053,0,CAM_DROP_PHY,2,12,54867,44583
veh12,54939,,45.2288,0,CAM_DROP_PHY,4,12,54939,44604
veh12,54952,,45.2328,1,CAM,8,12,54952,-1
veh12,55018,,45.3033,1,CAM,11,12,55018,-1
veh12,55194,,45.3288,0,CAM_DROP_PHY,4,12,55194,44693
veh12,54957,,45.3343,1,CAM,3,12,54957,-1
veh12,699720820777,,45.3351,0,CPM_DROP_PHY,5,12,699720820777,44696
veh12,55222,,45.3508,1,CAM,7,12,55222,-1
veh12,55233,,45.3511,0,CAM_DROP_PHY,9,12,55233,44730
veh12,55242,,45.3608,1,CAM,6,12,55242,-1
veh12,699720820868,,45.3928,0,CPM_DROP_PHY,8,12,699720820868,44789
veh12,55374,,45.4151,1,CAM,5,12,55374,-1
veh12,55401,,45.4328,0,CAM_DROP_PHY,8,12,55401,44840
veh12,55406,,45.4466,1,CAM,3,12,55406,-1
veh12,55454,,45.4958,0,CAM_DROP_PHY,10,12,55454,44886
veh12,55470,,45.5083,1,CAM,11,12,55470,-1
veh12,55386,,45.5288,1,CAM,4,12,55386,-1
veh12,55557,,45.5293,1,CAM,4,12,55557,-1
veh12,55708,45.6012,,0,CAM,12,,55708,-1
veh12,55644,,45.6083,0,CAM_DROP_PHY,11,12,55644,45008
veh12,55723,,45.6293,1,CAM,4,12,55723,-1
veh12,55758,,45.6511,0,CAM_DROP_PHY,9,12,55758,45061
veh12,55747,,45.6553,0,CAM_DROP_PHY,7,12,55747,45054
veh12,55764,,45.6608,0,CAM_DROP_PHY,6,12,55764,45065
veh12,55811,,45.7083,1,CAM,11,12,55811,-1
veh12,55878,,45.7101,1,CAM,5,12,55878,-1
veh12,55895,,45.7293,1,CAM,4,12,55895,-1
veh12,55908,,45.7328,0,CAM_DROP_PHY,8,12,55908,45150
veh12,55914,,45.7466,0,CAM_DROP_PHY,3,12,55914,45156
veh12,55980,,45.8053,0,CAM_DROP_PHY,2,12,55980,45215
veh12,55984,,45.8083,0,CAM_DROP_PHY,11,12,55984,45216
veh12,56069,,45.8293,0,CAM_DROP_PHY,4,12,56069,45239
veh12,56230,,45.8873,0,CAM_DROP_PHY,10,12,56230,45283
veh12,56249,,45.9083,0,CAM_DROP_PHY,11,12,56249,45298
veh12,56339,,45.9293,0,CAM_DROP_PHY,4,12,56339,45321
veh12,56366,,45.9553,1,CAM,7,12,56366,-1
veh12,56383,,45.9608,0,CAM_DROP_PHY,6,12,56383,45360
veh12,699720821975,,45.9693,0,CPM_DROP_PHY,4,12,699720821975,45377
veh12,56376,,45.9698,0,CAM_DROP_PHY,9,12,56376,45358
veh12,56451,,46.0083,0,CAM_DROP_PHY,11,12,56451,45432
veh12,56527,,46.0101,0,CAM_DROP_PHY,5,12,56527,45438
veh12,56553,,46.0346,0,CAM_DROP_PHY,8,12,56553,45473
veh12,56557,,46.0466,0,CAM_DROP_PHY,3,12,56557,45474
veh12,56697,,46.1101,1,CAM,5,12,56697,-1
veh12,699720822283,,46.1253,0,CPM_DROP_PHY,2,12,699720822283,45537
veh12,56897,46.2012,,0,CAM,12,,56897,-1
veh12,56814,,46.2083,0,CAM_DROP_PHY,11,12,56814,45633
veh12,56904,,46.2101,1,CAM,5,12,56904,-1
veh12,56921,,46.2293,1,CAM,4,12,56921,-1
veh12,56947,,46.2553,0,CAM_DROP_PHY,7,12,56947,45691
veh12,56961,,46.2603,0,CAM_DROP_PHY,6,12,56961,45701
veh12,56957,,46.2698,1,CAM,9,12,56957,-1
veh12,699720822551,,46.2698,0,CPM_DROP_PHY,9,12,699720822551,45700
veh12,699720822548,,46.2803,0,CPM_DROP_PHY,6,12,699720822548,45714
veh12,57200,,46.3101,1,CAM,5,12,57200,-1
veh12,57222,,46.3346,0,CAM_DROP_PHY,8,12,57222,45784
veh12,57226,,46.3466,1,CAM,3,12,57226,-1
veh12,57275,,46.3873,0,CAM_DROP_PHY,10,12,57275,45825
veh12,57292,,46.4031,0,CAM_DROP_PHY,2,12,57292,45840
veh12,57381,,46.4093,0,CAM_DROP_PHY,5,12,57381,45854
veh12,57296,,46.4171,0,CAM_DROP_PHY,11,12,57296,45841
veh12,699720823019,,46.4678,0,CPM_DROP_PHY,4,12,699720823019,45914
veh12,57573,,46.5093,0,CAM_DROP_PHY,5,12,57573,45962
veh12,57587,,46.5278,1,CAM,4,12,57587,-1
veh12,57615,,46.5553,0,CAM_DROP_PHY,7,12,57615,46004
veh12,57633,,46.5603,0,CAM_DROP_PHY,6,12,57633,46019
veh12,699720823227,,46.5678,0,CPM_DROP_PHY,4,12,699720823227,46040
veh12,57627,,46.5698,0,CAM_DROP_PHY,9,12,57627,46017
veh12,699720823222,,46.5803,0,CPM_DROP_PHY,6,12,699720823222,46032
veh12,57775,,46.6093,0,CAM_DROP_PHY,5,12,57775,46085
veh12,699720823355,,46.6101,0,CPM_DROP_PHY,10,12,699720823355,46087
veh12,57816,,46.6371,1,CAM,8,12,57816,-1
veh12,57821,,46.6448,0,CAM_DROP_PHY,3,12,57821,46127
veh12,699720823401,,46.6448,0,CPM_DROP_PHY,3,12,699720823401,46127
veh12,57998,,46.7093,0,CAM_DROP_PHY,5,12,57998,46221
veh12,57913,,46.7171,0,CAM_DROP_PHY,11,12,57913,46214
veh12,699720823591,,46.7293,0,CPM_DROP_PHY,5,12,699720823591,46240
veh12,58299,46.8012,,0,CAM,12,,58299,-1
veh12,58305,,46.8093,0,CAM_DROP_PHY,5,12,58305,46333
veh12,58319,,46.8278,1,CAM,4,12,58319,-1
veh12,58350,,46.8553,0,CAM_DROP_PHY,7,12,58350,46378
veh12,58366,,46.8571,0,CAM_DROP_PHY,6,12,58366,46393
veh12,58361,,46.8698,0,CAM_DROP_PHY,9,12,58361,46391
veh12,58399,,46.8901,0,CAM_DROP_PHY,10,12,58399,46429
veh12,58534,,46.9371,0,CAM_DROP_PHY,8,12,58534,46471
veh12,58539,,46.9448,1,CAM,3,12,58539,-1
veh12,58564,,46.9571,0,CAM_DROP_PHY,6,12,58564,46500
veh12,699720824150,,46.9771,0,CPM_DROP_PHY,6,12,699720824150,46509
veh12,58627,,47.0031,0,CAM_DROP_PHY,2,12,58627,46563
veh12,699720824313,,47.0293,0,CPM_DROP_PHY,5,12,699720824313,46587
veh12,58769,,47.0571,1,CAM,6,12,58769,-1
veh12,58906,,47.1093,0,CAM_DROP_PHY,5,12,58906,46650
veh12,699720824486,,47.1101,0,CPM_DROP_PHY,10,12,699720824486,46651
veh12,699720824495,,47.1231,0,CPM_DROP_PHY,2,12,699720824495,46660
veh12,58926,,47.1273,0,CAM_DROP_PHY,4,12,58926,46671
veh12,699720824531,,47.1518,0,CPM_DROP_PHY,7,12,699720824531,46700
veh12,58963,,47.1518,0,CAM_DROP_PHY,7,12,58963,46700
veh12,58978,,47.1536,1,CAM,9,12,58978,-1
veh12,58985,,47.1571,0,CAM_DROP_PHY,6,12,58985,46725
veh12,699720824577,,47.1736,0,CPM_DROP_PHY,9,12,699720824577,46748
veh12,699720824622,,47.1971,0,CPM_DROP_PHY,11,12,699720824622,46788
veh12,59055,,47.2171,0,CAM_DROP_PHY,11,12,59055,46795
veh12,59272,,47.2348,0,CAM_DROP_PHY,8,12,59272,46827
veh12,59276,,47.2441,0,CAM_DROP_PHY,3,12,59276,46831
veh12,59299,,47.2571,0,CAM_DROP_PHY,6,12,59299,46857
veh12,699720824890,,47.2673,0,CPM_DROP_PHY,4,12,699720824890,46872
veh12,699720824886,,47.2736,0,CPM_DROP_PHY,9,12,699720824886,46868
veh12,59483,,47.3571,0,CAM_DROP_PHY,6,12,59483,46963
veh12,699720825069,,47.3771,0,CPM_DROP_PHY,6,12,699720825069,46970
veh12,699720825112,,47.3971,0,CPM_DROP_PHY,11,12,699720825112,47010
veh12,59629,47.4012,,0,CAM,12,,59629,-1
veh12,59635,,47.4093,0,CAM_DROP_PHY,5,12,59635,47024
veh12,59649,,47.4273,1,CAM,4,12,59649,-1
veh12,699720825231,,47.4293,0,CPM_DROP_PHY,5,12,699720825231,47045
veh12,59677,,47.4518,0,CAM_DROP_PHY,7,12,59677,47071
veh12,59688,,47.4536,1,CAM,9,12,59688,-1
veh12,59695,,47.4628,0,CAM_DROP_PHY,6,12,59695,47087
veh12,699720825282,,47.4628,0,CPM_DROP_PHY,6,12,699720825282,47087
veh12,699720825293,,47.4673,0,CPM_DROP_PHY,4,12,699720825293,47111
veh12,59741,,47.4901,0,CAM_DROP_PHY,10,12,59741,47131
veh12,699720825326,,47.4948,0,CPM_DROP_PHY,8,12,699720825326,47141
veh12,59764,,47.5031,0,CAM_DROP_PHY,2,12,59764,47159
veh12,59877,,47.5348,1,CAM,8,12,59877,-1
veh12,59882,,47.5441,1,CAM,3,12,59882,-1
veh12,60052,47.6012,,0,CAM,12,,60052,-1
veh12,699720825643,,47.6231,0,CPM_DROP_PHY,2,12,699720825643,47282
veh12,60073,,47.6246,1,CAM,4,12,60073,-1
veh12,699720825672,,47.6441,0,CPM_DROP_PHY,3,12,699720825672,47316
veh12,699720825674,,47.6518,0,CPM_DROP_PHY,7,12,699720825674,47317
veh12,60120,,47.6628,0,CAM_DROP_PHY,6,12,60120,47337
veh12,699720825705,,47.6628,0,CPM_DROP_PHY,6,12,699720825705,47337
veh12,60261,,47.6901,0,CAM_DROP_PHY,10,12,60261,47373
veh12,699720825852,,47.6948,0,CPM_DROP_PHY,11,12,699720825852,47389
veh12,60387,,47.7088,0,CAM_DROP_PHY,5,12,60387,47407
veh12,60286,,47.7148,0,CAM_DROP_PHY,11,12,60286,47399
veh12,60400,,47.7246,0,CAM_DROP_PHY,4,12,60400,47426
veh12,60431,,47.7518,1,CAM,7,12,60431,-1
veh12,60441,,47.7536,0,CAM_DROP_PHY,9,12,60441,47465
veh12,699720826032,,47.7736,0,CPM_DROP_PHY,9,12,699720826032,47484
veh12,699720826040,,47.7846,0,CPM_DROP_PHY,4,12,699720826040,47494
veh12,60485,,47.7901,1,CAM,10,12,60485,-1
veh12,60607,47.8012,,0,CAM,12,,60607,-1
veh12,60622,,47.8246,1,CAM,4,12,60622,-1
veh12,60641,,47.8348,1,CAM,8,12,60641,-1
veh12,60646,,47.8446,1,CAM,3,12,60646,-1
veh12,60668,,47.8628,1,CAM,6,12,60668,-1
veh12,699720826252,,47.8628,0,CPM_DROP_PHY,6,12,699720826252,47605
veh12,60701,,47.8901,0,CAM_DROP_PHY,10,12,60701,47631
veh12,60824,,47.9246,0,CAM_DROP_PHY,4,12,60824,47661
veh12,699720826445,,47.9628,0,CPM_DROP_PHY,6,12,699720826445,47700
veh12,699720826448,,47.9736,0,CPM_DROP_PHY,9,12,699720826448,47701
veh12,60907,,47.9831,1,CAM,10,12,60907,-1
veh12,61035,48.0012,,0,CAM,12,,61035,-1
veh12,60931,,48.0063,0,CAM_DROP_PHY,2,12,60931,47757
veh12,61044,,48.0088,1,CAM,5,12,61044,-1
veh12,61058,,48.0246,1,CAM,4,12,61058,-1
veh12,61089,,48.0518,0,CAM_DROP_PHY,7,12,61089,47831
veh12,699720826688,,48.0628,0,CPM_DROP_PHY,6,12,699720826688,47850
veh12,61101,,48.0668,0,CAM_DROP_PHY,9,12,61101,47840
veh12,699720826691,,48.0668,0,CPM_DROP_PHY,9,12,699720826691,47840
veh12,61144,,48.0831,0,CAM_DROP_PHY,10,12,61144,47878
veh12,61374,,48.1246,1,CAM,4,12,61374,-1
veh12,699720826956,,48.1288,0,CPM_DROP_PHY,5,12,699720826956,47912
veh12,61399,,48.1348,0,CAM_DROP_PHY,8,12,61399,47931
veh12,61403,,48.1446,1,CAM,3,12,61403,-1
veh12,699720826983,,48.1446,0,CPM_DROP_PHY,3,12,699720826983,47937
veh12,61439,,48.1533,0,CAM_DROP_PHY,6,12,61439,47978
veh12,699720827028,,48.1668,0,CPM_DROP_PHY,9,12,699720827028,47993
veh12,61487,,48.1831,0,CAM_DROP_PHY,10,12,61487,48024
veh12,61622,48.2012,,0,CAM,12,,61622,-1
veh12,699720827081,,48.2126,0,CPM_DROP_PHY,11,12,699720827081,48049
veh12,699720827204,,48.2231,0,CPM_DROP_PHY,10,12,699720827204,48065
veh12,699720827264,,48.2668,0,CPM_DROP_PHY,9,12,699720827264,48117
veh12,699720827261,,48.2733,0,CPM_DROP_PHY,6,12,699720827261,48116
veh12,61846,,48.3088,0,CAM_DROP_PHY,5,12,61846,48168
veh12,699720827304,,48.3126,0,CPM_DROP_PHY,11,12,699720827304,48160
veh12,61733,,48.3126,0,CAM_DROP_PHY,11,12,61733,48160
veh12,699720827425,,48.3231,0,CPM_DROP_PHY,10,12,699720827425,48169
veh12,61863,,48.3246,0,CAM_DROP_PHY,4,12,61863,48184
veh12,61898,,48.3491,0,CAM_DROP_PHY,7,12,61898,48224
veh12,61909,,48.3668,0,CAM_DROP_PHY,9,12,61909,48236
veh12,61961,,48.3831,0,CAM_DROP_PHY,10,12,61961,48272
veh12,699720827504,,48.3846,0,CPM_DROP_PHY,4,12,699720827504,48251
veh12,699720827676,,48.4231,0,CPM_DROP_PHY,10,12,699720827676,48319
veh12,62122,,48.4348,0,CAM_DROP_PHY,8,12,62122,48337
veh12,62126,,48.4446,1,CAM,3,12,62126,-1
veh12,62157,,48.4533,1,CAM,6,12,62157,-1
veh12,62435,48.5012,,0,CAM,12,,62435,-1
veh12,62219,,48.5063,0,CAM_DROP_PHY,2,12,62219,48429
veh12,62442,,48.5088,1,CAM,5,12,62442,-1
veh12,699720828042,,48.5288,0,CPM_DROP_PHY,5,12,699720828042,48469
veh12,62481,,48.5348,0,CAM_DROP_PHY,8,12,62481,48487
veh12,62563,,48.5831,0,CAM_DROP_PHY,10,12,62563,48558
veh12,62711,,48.6088,1,CAM,5,12,62711,-1
veh12,699720828164,,48.6126,0,CPM_DROP_PHY,11,12,699720828164,48588
veh12,62727,,48.6246,0,CAM_DROP_PHY,4,12,62727,48621
veh12,62754,,48.6491,1,CAM,7,12,62754,-1
veh12,62742,,48.6493,1,CAM,8,12,62742,-1
veh12,62767,,48.6668,0,CAM_DROP_PHY,9,12,62767,48663
veh12,62934,,48.7256,0,CAM_DROP_PHY,5,12,62934,48726
veh12,62966,,48.7438,1,CAM,3,12,62966,-1
veh12,699720828546,,48.7491,0,CPM_DROP_PHY,7,12,699720828546,48750
veh12,62962,,48.7493,1,CAM,8,12,62962,-1
veh12,62996,,48.7533,1,CAM,6,12,62996,-1
veh12,699720828588,,48.7846,0,CPM_DROP_PHY,4,12,699720828588,48798
veh12,699720828753,,48.8098,0,CPM_DROP_PHY,10,12,699720828753,48854
veh12,63174,,48.8256,1,CAM,5,12,63174,-1
veh12,63209,,48.8493,1,CAM,8,12,63209,-1
veh12,699720828813,,48.8733,0,CPM_DROP_PHY,6,12,699720828813,48906
veh12,63262,,48.8898,0,CAM_DROP_PHY,10,12,63262,48921
veh12,63507,48.9012,,0,CAM,12,,63507,-1
veh12,699720829095,,48.9098,0,CPM_DROP_PHY,10,12,699720829095,48962
veh12,63280,,48.9171,1,CAM,2,12,63280,-1
veh12,63539,,48.9243,0,CAM_DROP_PHY,4,12,63539,48983
veh12,63514,,48.9256,0,CAM_DROP_PHY,5,12,63514,48956
veh12,699720829122,,48.9256,0,CPM_DROP_PHY,5,12,699720829122,48956
veh12,63578,,48.9491,0,CAM_DROP_PHY,7,12,63578,49014
veh12,63561,,48.9493,1,CAM,8,12,63561,-1
veh12,63598,,48.9668,1,CAM,9,12,63598,-1
veh12,699720829212,,48.9893,0,CPM_DROP_PHY,8,12,699720829212,49075
veh12,699720829373,,49.0098,0,CPM_DROP_PHY,10,12,699720829373,49101
veh12,63824,,49.0438,1,CAM,3,12,63824,-1
veh12,63854,,49.0533,0,CAM_DROP_PHY,6,12,63854,49151
veh12,699720829476,,49.0893,0,CPM_DROP_PHY,8,12,699720829476,49194
veh12,699720829224,,49.1081,0,CPM_DROP_PHY,11,12,699720829224,49086
veh12,64053,,49.1256,1,CAM,5,12,64053,-1
veh12,699720829652,,49.1256,0,CPM_DROP_PHY,5,12,699720829652,49215
veh12,64087,,49.1493,1,CAM,8,12,64087,-1
veh12,699720829708,,49.1756,0,CPM_DROP_PHY,6,12,699720829708,49277
veh12,699720829714,,49.1843,0,CPM_DROP_PHY,4,12,699720829714,49284
veh12,699720829752,,49.1893,0,CPM_DROP_PHY,8,12,699720829752,49306
veh12,699720829763,,49.2081,0,CPM_DROP_PHY,11,12,699720829763,49321
veh12,64349,,49.2243,0,CAM_DROP_PHY,4,12,64349,49348
veh12,699720829943,,49.2431,0,CPM_DROP_PHY,7,12,699720829943,49366
veh12,64377,,49.2431,1,CAM,7,12,64377,-1
veh12,64393,,49.2581,0,CAM_DROP_PHY,9,12,64393,49383
veh12,64538,,49.2898,0,CAM_DROP_PHY,10,12,64538,49417
veh12,64694,49.3012,,0,CAM,12,,64694,-1
veh12,64560,,49.3171,0,CAM_DROP_PHY,2,12,64560,49438
veh12,64737,,49.3416,0,CAM_DROP_PHY,8,12,64737,49487
veh12,699720830324,,49.3431,0,CPM_DROP_PHY,7,12,699720830324,49491
veh12,64741,,49.3438,0,CAM_DROP_PHY,3,12,64741,49488
veh12,699720830321,,49.3438,0,CPM_DROP_PHY,3,12,699720830321,49488
veh12,64777,,49.3556,0,CAM_DROP_PHY,6,12,64777,49517
veh12,699720830364,,49.3756,0,CPM_DROP_PHY,6,12,699720830364,49531
veh12,64840,,49.4081,1,CAM,11,12,64840,-1
veh12,64970,,49.4093,1,CAM,5,12,64970,-1
veh12,64988,,49.4383,1,CAM,4,12,64988,-1
veh12,699720830581,,49.4431,0,CPM_DROP_PHY,7,12,699720830581,49610
veh12,65036,,49.4556,0,CAM_DROP_PHY,6,12,65036,49634
veh12,65029,,49.4581,0,CAM_DROP_PHY,9,12,65029,49632
veh12,699720830624,,49.4756,0,CPM_DROP_PHY,6,12,699720830624,49647
veh12,699720830627,,49.4781,0,CPM_DROP_PHY,9,12,699720830627,49649
veh12,699720830673,,49.5016,0,CPM_DROP_PHY,8,12,699720830673,49686
veh12,699720830828,,49.5098,0,CPM_DROP_PHY,10,12,699720830828,49710
veh12,65266,,49.5383,0,CAM_DROP_PHY,4,12,65266,49727
veh12,65296,,49.5431,1,CAM,7,12,65296,-1
veh12,65316,,49.5556,0,CAM_DROP_PHY,6,12,65316,49769
veh12,65309,,49.5581,0,CAM_DROP_PHY,9,12,65309,49767
veh12,699720830907,,49.5781,0,CPM_DROP_PHY,9,12,699720830907,49784
veh12,699720830911,,49.5783,0,CPM_DROP_PHY,4,12,699720830911,49792
veh12,699720830960,,49.6016,0,CPM_DROP_PHY,8,12,699720830960,49828
veh12,65398,,49.6096,1,CAM,11,12,65398,-1
veh12,135,,49.6383,0,CAM_DROP_PHY,4,12,135,49878
veh12,157,,49.6416,1,CAM,8,12,157,-1
veh12,162,,49.6438,1,CAM,3,12,162,-1
veh12,191,,49.6556,0,CAM_DROP_PHY,6,12,191,49927
veh12,186,,49.6581,1,CAM,9,12,186,-1
veh12,374,49.7012,,0,CAM,12,,374,-1
veh12,699720831510,,49.7171,0,CPM_DROP_PHY,2,12,699720831510,49999
veh12,699720831549,,49.7441,0,CPM_DROP_PHY,3,12,699720831549,50037
veh12,459,,49.7581,0,CAM_DROP_PHY,9,12,459,50059
veh12,510,,49.7898,1,CAM,10,12,510,-1
veh12,699720831635,,49.8096,0,CPM_DROP_PHY,11,12,699720831635,50106
veh12,532,,49.8096,0,CAM_DROP_PHY,11,12,532,50106
veh12,528,,49.8171,1,CAM,2,12,528,-1
veh12,693,,49.8383,0,CAM_DROP_PHY,4,12,693,50143
veh12,726,,49.8431,0,CAM_DROP_PHY,7,12,726,50175
veh12,743,,49.8556,1,CAM,6,12,743,-1
veh12,738,,49.8616,0,CAM_DROP_PHY,9,12,738,50190
veh12,699720831868,,49.8816,0,CPM_DROP_PHY,9,12,699720831868,50204
veh12,699720832052,,49.9251,0,CPM_DROP_PHY,10,12,699720832052,50248
veh12,970,,49.9416,1,CAM,8,12,970,-1
veh12,975,,49.9441,0,CAM_DROP_PHY,3,12,975,50274
veh12,699720832091,,49.9441,0,CPM_DROP_PHY,3,12,699720832091,50274
veh12,699720832283,,50.0016,0,CPM_DROP_PHY,8,12,699720832283,50353
veh12,1184,,50.0096,0,CAM_DROP_PHY,11,12,1184,50364
veh12,1331,,50.0166,0,CAM_DROP_PHY,5,12,1331,50374
veh12,1348,,50.0383,0,CAM_DROP_PHY,4,12,1348,50394
veh12,699720832485,,50.0431,0,CPM_DROP_PHY,7,12,699720832485,50416
veh12,1381,,50.0431,1,CAM,7,12,1381,-1
veh12,1406,,50.0556,0,CAM_DROP_PHY,6,12,1406,50444
veh12,1401,,50.0616,0,CAM_DROP_PHY,9,12,1401,50443
veh12,1606,50.1012,,0,CAM,12,,1606,-1
veh12,699720832740,,50.1138,0,CPM_DROP_PHY,2,12,699720832740,50515
veh12,699720832773,,50.1431,0,CPM_DROP_PHY,7,12,699720832773,50552
veh12,1669,,50.1431,1,CAM,7,12,1669,-1
veh12,1914,,50.2416,0,CAM_DROP_PHY,8,12,1914,50641
veh12,699720833036,,50.2431,0,CPM_DROP_PHY,7,12,699720833036,50650
veh12,1939,,50.2431,1,CAM,7,12,1939,-1
veh12,1919,,50.2558,0,CAM_DROP_PHY,3,12,1919,50645
veh12,2009,,50.3096,0,CAM_DROP_PHY,11,12,2009,50724
veh12,2244,,50.3166,1,CAM,5,12,2244,-1
veh12,699720833380,,50.3366,0,CPM_DROP_PHY,5,12,699720833380,50752
veh12,2262,,50.3383,0,CAM_DROP_PHY,4,12,2262,50747
veh12,699720833403,,50.3431,0,CPM_DROP_PHY,7,12,699720833403,50770
veh12,2304,,50.3431,0,CAM_DROP_PHY,7,12,2304,50770
veh12,699720833399,,50.3441,0,CPM_DROP_PHY,3,12,699720833399,50769
veh12,2324,,50.3616,1,CAM,9,12,2324,-1
veh12,2331,,50.3718,0,CAM_DROP_PHY,6,12,2331,50806
veh12,2375,,50.3851,0,CAM_DROP_PHY,10,12,2375,50853
veh12,2395,,50.4138,0,CAM_DROP_PHY,2,12,2395,50877
veh12,2537,,50.4166,0,CAM_DROP_PHY,5,12,2537,50888
veh12,699720833653,,50.4251,0,CPM_DROP_PHY,10,12,699720833653,50889
veh12,699720833670,,50.4366,0,CPM_DROP_PHY,5,12,699720833670,50909
veh12,2592,,50.4431,1,CAM,7,12,2592,-1
veh12,2796,,50.5166,0,CAM_DROP_PHY,5,12,2796,51002
veh12,699720833912,,50.5251,0,CPM_DROP_PHY,10,12,699720833912,51003
veh12,2839,,50.5398,0,CAM_DROP_PHY,8,12,2839,51042
veh12,2844,,50.5441,0,CAM_DROP_PHY,3,12,2844,51047
veh12,3065,50.6012,,0,CAM,12,,3065,-1
veh12,699720834048,,50.6096,0,CPM_DROP_PHY,11,12,699720834048,51122
veh12,2942,,50.6096,0,CAM_DROP_PHY,11,12,2942,51122
veh12,3071,,50.6166,0,CAM_DROP_PHY,5,12,3071,51137
veh12,3090,,50.6288,1,CAM,4,12,3090,-1
veh12,3128,,50.6431,0,CAM_DROP_PHY,7,12,3128,51190
veh12,699720834225,,50.6441,0,CPM_DROP_PHY,3,12,699720834225,51189
veh12,3248,,50.6616,0,CAM_DROP_PHY,9,12,3248,51220
veh12,3252,,50.6718,1,CAM,6,12,3252,-1
veh12,3441,,50.7166,1,CAM,5,12,3441,-1
veh12,699720834574,,50.7366,0,CPM_DROP_PHY,5,12,699720834574,51311
veh12,699720834585,,50.7441,0,CPM_DROP_PHY,3,12,699720834585,51323
veh12,699720834684,,50.7998,0,CPM_DROP_PHY,8,12,699720834684,51397
veh12,699720834692,,50.8006,0,CPM_DROP_PHY,11,12,699720834692,51403
veh12,3715,50.8012,,0,CAM,12,,3715,-1
veh12,3585,,50.8121,0,CAM_DROP_PHY,2,12,3585,51405
veh12,3753,,50.8398,0,CAM_DROP_PHY,8,12,3753,51457
veh12,3758,,50.8441,0,CAM_DROP_PHY,3,12,3758,51463
veh12,3778,,50.8688,0,CAM_DROP_PHY,7,12,3778,51468
veh12,699720834974,,50.9006,0,CPM_DROP_PHY,11,12,699720834974,51546
veh12,3992,50.9012,,0,CAM,12,,3992,-1
veh12,3998,,50.9178,0,CAM_DROP_PHY,5,12,3998,51557
veh12,4018,,50.9288,0,CAM_DROP_PHY,4,12,4018,51580
veh12,4037,,50.9398,0,CAM_DROP_PHY,8,12,4037,51604
veh12,699720835159,,50.9488,0,CPM_DROP_PHY,7,12,699720835159,51610
veh12,4082,,50.9563,0,CAM_DROP_PHY,9,12,4082,51644
veh12,4089,,50.9718,0,CAM_DROP_PHY,6,12,4089,51648
veh12,4141,,50.9876,0,CAM_DROP_PHY,10,12,4141,51696
veh12,4261,,51.0006,0,CAM_DROP_PHY,11,12,4261,51708
veh12,4399,51.0012,,0,CAM,12,,4399,-1
veh12,4432,,51.0398,0,CAM_DROP_PHY,8,12,4432,51753
veh12,4455,,51.0488,0,CAM_DROP_PHY,7,12,4455,51759
veh12,699720835601,,51.0763,0,CPM_DROP_PHY,9,12,699720835601,51809
veh12,4667,51.1012,,0,CAM,12,,4667,-1
veh12,4705,,51.1458,0,CAM_DROP_PHY,3,12,4705,51876
veh12,699720835823,,51.1488,0,CPM_DROP_PHY,7,12,699720835823,51879
veh12,4749,,51.1718,0,CAM_DROP_PHY,6,12,4749,51907
veh12,699720835915,,51.1998,0,CPM_DROP_PHY,8,12,699720835915,51957
veh12,4953,51.2012,,0,CAM,12,,4953,-1
veh12,4813,,51.2121,0,CAM_DROP_PHY,2,12,4813,51966
veh12,4959,,51.2178,0,CAM_DROP_PHY,5,12,4959,51976
veh12,699720836075,,51.2276,0,CPM_DROP_PHY,10,12,699720836075,51978
veh12,4977,,51.2321,0,CAM_DROP_PHY,4,12,4977,51997
veh12,699720836096,,51.2378,0,CPM_DROP_PHY,5,12,699720836096,52001
veh12,5000,,51.2398,1,CAM,8,12,5000,-1
veh12,5042,,51.2563,1,CAM,9,12,5042,-1
veh12,5046,,51.2618,0,CAM_DROP_PHY,6,12,5046,52064
veh12,5334,51.3012,,0,CAM,12,,5334,-1
veh12,699720836459,,51.3121,0,CPM_DROP_PHY,2,12,699720836459,52131
veh12,699720836453,,51.3276,0,CPM_DROP_PHY,10,12,699720836453,52128
veh12,699720836496,,51.3458,0,CPM_DROP_PHY,3,12,699720836496,52169
veh12,5396,,51.3488,1,CAM,7,12,5396,-1
veh12,5412,,51.3618,1,CAM,6,12,5412,-1
veh12,6812,,51.4006,1,CAM,11,12,6812,-1
veh12,6955,51.4012,,0,CAM,12,,6955,-1
veh12,699720838075,,51.4276,0,CPM_DROP_PHY,10,12,699720838075,52269
veh12,699720838090,,51.4303,0,CPM_DROP_PHY,5,12,699720838090,52285
veh12,6999,,51.4418,1,CAM,8,12,6999,-1
veh12,7003,,51.4458,0,CAM_DROP_PHY,3,12,7003,52299
veh12,699720838120,,51.4458,0,CPM_DROP_PHY,3,12,699720838120,52299
veh12,699720838123,,51.4488,0,CPM_DROP_PHY,7,12,699720838123,52304
veh12,7040,,51.4618,0,CAM_DROP_PHY,6,12,7040,52331
veh12,699720838163,,51.4618,0,CPM_DROP_PHY,6,12,699720838163,52331
veh12,699720838169,,51.4793,0,CPM_DROP_PHY,9,12,699720838169,52352
veh12,699720838212,,51.5018,0,CPM_DROP_PHY,8,12,699720838212,52392
veh12,7252,,51.5103,0,CAM_DROP_PHY,5,12,7252,52407
veh12,699720838387,,51.5303,0,CPM_DROP_PHY,5,12,699720838387,52431
veh12,699720838410,,51.5458,0,CPM_DROP_PHY,3,12,699720838410,52449
veh12,699720838414,,51.5488,0,CPM_DROP_PHY,7,12,699720838414,52452
veh12,7329,,51.5593,0,CAM_DROP_PHY,9,12,7329,52475
veh12,7364,,51.5876,0,CAM_DROP_PHY,10,12,7364,52507
veh12,7524,51.6012,,0,CAM,12,,7524,-1
veh12,7267,,51.6321,0,CAM_DROP_PHY,4,12,7267,52427
veh12,7543,,51.6321,0,CAM_DROP_PHY,4,12,7543,52550
veh12,7580,,51.6488,1,CAM,7,12,7580,-1
veh12,7594,,51.6618,1,CAM,6,12,7594,-1
veh12,699720838750,,51.7006,0,CPM_DROP_PHY,11,12,699720838750,52636
veh12,699720838995,,51.7276,0,CPM_DROP_PHY,10,12,699720838995,52648
veh12,7896,,51.7326,1,CAM,4,12,7896,-1
veh12,7923,,51.7418,0,CAM_DROP_PHY,8,12,7923,52680
veh12,7929,,51.7458,0,CAM_DROP_PHY,3,12,7929,52685
veh12,699720839045,,51.7458,0,CPM_DROP_PHY,3,12,699720839045,52685
veh12,699720839083,,51.7618,0,CPM_DROP_PHY,6,12,699720839083,52736
veh12,8146,51.8012,,0,CAM,12,,8146,-1
veh12,8153,,51.8103,0,CAM_DROP_PHY,5,12,8153,52778
veh12,8218,,51.8593,0,CAM_DROP_PHY,9,12,8218,52835
veh12,8226,,51.8618,0,CAM_DROP_PHY,6,12,8226,52837
veh12,8324,,51.9006,0,CAM_DROP_PHY,11,12,8324,52901
veh12,699720839424,,51.9126,0,CPM_DROP_PHY,8,12,699720839424,52894
veh12,699720839596,,51.9276,0,CPM_DROP_PHY,10,12,699720839596,52915
veh12,699720839615,,51.9303,0,CPM_DROP_PHY,5,12,699720839615,52932
veh12,8496,,51.9326,1,CAM,4,12,8496,-1
veh12,8530,,51.9458,1,CAM,3,12,8530,-1
veh12,8544,,51.9488,1,CAM,7,12,8544,-1
veh12,8563,,51.9593,0,CAM_DROP_PHY,9,12,8563,52978
veh12,8612,,51.9876,0,CAM_DROP_PHY,10,12,8612,53018
veh12,8630,,52.0151,0,CAM_DROP_PHY,2,12,8630,53033
veh12,8894,,52.0418,0,CAM_DROP_PHY,8,12,8894,53068
veh12,8898,,52.0458,1,CAM,3,12,8898,-1
veh12,8928,,52.0593,1,CAM,9,12,8928,-1
veh12,699720840057,,52.0631,0,CPM_DROP_PHY,6,12,699720840057,53117
veh12,699720840015,,52.0658,0,CPM_DROP_PHY,3,12,699720840015,53070
veh12,9127,52.1012,,0,CAM,12,,9127,-1
veh12,9134,,52.1103,0,CAM_DROP_PHY,5,12,9134,53174
veh12,699720840256,,52.1151,0,CPM_DROP_PHY,2,12,699720840256,53182
veh12,9154,,52.1326,1,CAM,4,12,9154,-1
veh12,699720840298,,52.1411,0,CPM_DROP_PHY,7,12,699720840298,53225
veh12,9178,,52.1458,0,CAM_DROP_PHY,3,12,9178,53218
veh12,699720840294,,52.1458,0,CPM_DROP_PHY,3,12,699720840294,53218
veh12,9212,,52.1631,1,CAM,6,12,9212,-1
veh12,699720840335,,52.1631,0,CPM_DROP_PHY,6,12,699720840335,53252
veh12,699720840350,,52.1726,0,CPM_DROP_PHY,4,12,699720840350,53276
veh12,9266,,52.1876,1,CAM,10,12,9266,-1
veh12,699720840392,,52.2018,0,CPM_DROP_PHY,8,12,699720840392,53312
veh12,699720840401,,52.2063,0,CPM_DROP_PHY,11,12,699720840401,53319
veh12,699720840536,,52.2276,0,CPM_DROP_PHY,10,12,699720840536,53338
veh12,9455,,52.2371,0,CAM_DROP_PHY,3,12,9455,53368
veh12,699720840571,,52.2371,0,CPM_DROP_PHY,3,12,699720840571,53368
veh12,9485,,52.2593,1,CAM,9,12,9485,-1
veh12,9474,,52.2611,1,CAM,7,12,9474,-1
veh12,699720840874,,52.3631,0,CPM_DROP_PHY,6,12,699720840874,53552
veh12,9906,,52.3903,0,CAM_DROP_PHY,10,12,9906,53573
veh12,9933,,52.4063,1,CAM,11,12,9933,-1
veh12,9929,,52.4151,1,CAM,2,12,9929,-1
veh12,699720840822,,52.4236,0,CPM_DROP_PHY,5,12,699720840822,53507
veh12,10043,,52.4236,0,CAM_DROP_PHY,5,12,10043,53607
veh12,699720841182,,52.4236,0,CPM_DROP_PHY,5,12,699720841182,53607
veh12,10063,,52.4326,1,CAM,4,12,10063,-1
veh12,10090,,52.4371,0,CAM_DROP_PHY,3,12,10090,53651
veh12,10119,,52.4593,0,CAM_DROP_PHY,9,12,10119,53674
veh12,10108,,52.4611,0,CAM_DROP_PHY,7,12,10108,53663
veh12,10125,,52.4631,0,CAM_DROP_PHY,6,12,10125,53676
veh12,10310,52.5012,,0,CAM,12,,10310,-1
veh12,10320,,52.5236,0,CAM_DROP_PHY,5,12,10320,53755
veh12,10382,,52.5611,0,CAM_DROP_PHY,7,12,10382,53814
veh12,699720841516,,52.5631,0,CPM_DROP_PHY,6,12,699720841516,53836
veh12,10446,,52.5903,0,CAM_DROP_PHY,10,12,10446,53864
veh12,10591,,52.6236,0,CAM_DROP_PHY,5,12,10591,53902
veh12,699720841720,,52.6236,0,CPM_DROP_PHY,5,12,699720841720,53902
veh12,699720841741,,52.6371,0,CPM_DROP_PHY,3,12,699720841741,53932
veh12,10645,,52.6611,0,CAM_DROP_PHY,7,12,10645,53946
veh12,699720841796,,52.6726,0,CPM_DROP_PHY,4,12,699720841796,53985
veh12,10740,,52.7176,0,CAM_DROP_PHY,11,12,10740,54035
veh12,10966,,52.7236,0,CAM_DROP_PHY,5,12,10966,54047
veh12,699720842102,,52.7236,0,CPM_DROP_PHY,5,12,699720842102,54047
veh12,10984,,52.7326,0,CAM_DROP_PHY,4,12,10984,54071
veh12,11006,,52.7371,0,CAM_DROP_PHY,3,12,11006,54093
veh12,11040,,52.7593,1,CAM,9,12,11040,-1
veh12,11029,,52.7611,1,CAM,7,12,11029,-1
veh12,11047,,52.7631,0,CAM_DROP_PHY,6,12,11047,54127
veh12,699720842170,,52.7631,0,CPM_DROP_PHY,6,12,699720842170,54127
veh12,11093,,52.7903,0,CAM_DROP_PHY,10,12,11093,54182
veh12,11110,,52.8176,0,CAM_DROP_PHY,11,12,11110,54199
veh12,699720842355,,52.8236,0,CPM_DROP_PHY,5,12,699720842355,54227
veh12,699720842397,,52.8631,0,CPM_DROP_PHY,6,12,699720842397,54268
veh12,11343,,52.9176,1,CAM,2,12,11343,-1
veh12,11352,,52.9176,0,CAM_DROP_PHY,11,12,11352,54321
veh12,11464,,52.9236,0,CAM_DROP_PHY,5,12,11464,54330
veh12,699720842623,,52.9411,0,CPM_DROP_PHY,7,12,699720842623,54382
veh12,11255,,52.9418,0,CAM_DROP_PHY,8,12,11255,54240
veh12,11526,,52.9611,0,CAM_DROP_PHY,7,12,11526,54393
veh12,699720842659,,52.9631,0,CPM_DROP_PHY,6,12,699720842659,54417
veh12,699720842661,,52.9746,0,CPM_DROP_PHY,9,12,699720842661,54418
veh12,11701,53.0012,,0,CAM,12,,11701,-1
veh12,11608,,53.0176,1,CAM,11,12,11608,-1
veh12,11726,,53.0326,0,CAM_DROP_PHY,4,12,11726,54506
veh12,11746,,53.0371,0,CAM_DROP_PHY,3,12,11746,54520
veh12,11740,,53.0381,0,CAM_DROP_PHY,8,12,11740,54515
veh12,699720842862,,53.0411,0,CPM_DROP_PHY,7,12,699720842862,54523
veh12,11777,,53.0546,0,CAM_DROP_PHY,9,12,11777,54556
veh12,11783,,53.0631,0,CAM_DROP_PHY,6,12,11783,54558
veh12,699720842906,,53.0631,0,CPM_DROP_PHY,6,12,699720842906,54558
veh12,699720842917,,53.0726,0,CPM_DROP_PHY,4,12,699720842917,54591
veh12,11833,,53.0903,0,CAM_DROP_PHY,10,12,11833,54616
veh12,699720842954,,53.0981,0,CPM_DROP_PHY,8,12,699720842954,54627
veh12,699720843177,,53.1103,0,CPM_DROP_PHY,10,12,699720843177,54652
veh12,11855,,53.1176,1,CAM,11,12,11855,-1
veh12,12062,,53.1193,0,CAM_DROP_PHY,5,12,12062,54651
veh12,699720843210,,53.1393,0,CPM_DROP_PHY,7,12,699720843210,54694
veh12,12117,,53.1593,0,CAM_DROP_PHY,7,12,12117,54713
veh12,12131,,53.1631,1,CAM,6,12,12131,-1
veh12,699720843287,,53.2166,0,CPM_DROP_PHY,8,12,699720843287,54770
veh12,12193,,53.2176,0,CAM_DROP_PHY,11,12,12193,54785
veh12,699720843414,,53.2223,0,CPM_DROP_PHY,10,12,699720843414,54794
veh12,12331,,53.2381,0,CAM_DROP_PHY,8,12,12331,54825
veh12,699720843434,,53.2393,0,CPM_DROP_PHY,5,12,699720843434,54815
veh12,12365,,53.2631,0,CAM_DROP_PHY,6,12,12365,54859
veh12,699720843486,,53.2631,0,CPM_DROP_PHY,6,12,699720843486,54859
veh12,12425,,53.2976,0,CAM_DROP_PHY,2,12,12425,54902
veh12,12559,,53.3308,0,CAM_DROP_PHY,4,12,12559,54940
veh12,12580,,53.3376,1,CAM,3,12,12580,-1
veh12,699720843698,,53.3393,0,CPM_DROP_PHY,7,12,699720843698,54962
veh12,12622,,53.3546,0,CAM_DROP_PHY,9,12,12622,54997
veh12,12628,,53.3601,0,CAM_DROP_PHY,6,12,12628,55000
veh12,12676,,53.3823,1,CAM,10,12,12676,-1
veh12,699720843803,,53.3976,0,CPM_DROP_PHY,11,12,699720843803,55059
veh12,12698,,53.4176,0,CAM_DROP_PHY,11,12,12698,55069
veh12,12801,,53.4193,1,CAM,5,12,12801,-1
veh12,12853,,53.4593,0,CAM_DROP_PHY,7,12,12853,55130
veh12,12868,,53.4601,1,CAM,6,12,12868,-1
veh12,699720843995,,53.4746,0,CPM_DROP_PHY,9,12,699720843995,55161
veh12,13140,53.5012,,0,CAM,12,,13140,-1
veh12,13166,,53.5508,0,CAM_DROP_PHY,8,12,13166,55250
veh12,13210,,53.5601,1,CAM,6,12,13210,-1
veh12,13270,,53.6176,1,CAM,11,12,13270,-1
veh12,699720844483,,53.6223,0,CPM_DROP_PHY,10,12,699720844483,55347
veh12,13381,,53.6308,0,CAM_DROP_PHY,4,12,13381,55360
veh12,13404,,53.6376,0,CAM_DROP_PHY,3,12,13404,55382
veh12,699720844520,,53.6376,0,CPM_DROP_PHY,3,12,699720844520,55382
veh12,699720844522,,53.6393,0,CPM_DROP_PHY,7,12,699720844522,55385
veh12,13439,,53.6546,0,CAM_DROP_PHY,9,12,13439,55420
veh12,13604,,53.7193,0,CAM_DROP_PHY,5,12,13604,55467
veh12,699720844720,,53.7223,0,CPM_DROP_PHY,10,12,699720844720,55468
veh12,699720844739,,53.7393,0,CPM_DROP_PHY,5,12,699720844739,55486
veh12,13673,,53.7546,1,CAM,9,12,13673,-1
veh12,13663,,53.7593,0,CAM_DROP_PHY,7,12,13663,55529
veh12,13680,,53.7601,0,CAM_DROP_PHY,6,12,13680,55543
veh12,13722,,53.7823,1,CAM,10,12,13722,-1
veh12,699720844851,,53.7946,0,CPM_DROP_PHY,11,12,699720844851,55604
veh12,13747,,53.8108,0,CAM_DROP_PHY,2,12,13747,55616
veh12,13865,,53.8308,0,CAM_DROP_PHY,4,12,13865,55642
veh12,699720844987,,53.8393,0,CPM_DROP_PHY,5,12,699720844987,55649
veh12,13884,,53.8508,0,CAM_DROP_PHY,8,12,13884,55660
veh12,13917,,53.8546,1,CAM,9,12,13917,-1
veh12,699720845003,,53.8556,0,CPM_DROP_PHY,7,12,699720845003,55666
veh12,699720845051,,53.8746,0,CPM_DROP_PHY,9,12,699720845051,55723
veh12,699720845049,,53.8801,0,CPM_DROP_PHY,6,12,699720845049,55721
veh12,699720845090,,53.8908,0,CPM_DROP_PHY,8,12,699720845090,55761
veh12,14191,53.9012,,0,CAM,12,,14191,-1
veh12,13993,,53.9146,0,CAM_DROP_PHY,11,12,13993,55781
veh12,14206,,53.9308,0,CAM_DROP_PHY,4,12,14206,55799
veh12,14234,,53.9376,0,CAM_DROP_PHY,3,12,14234,55833
veh12,14261,,53.9546,0,CAM_DROP_PHY,9,12,14261,55860
veh12,14265,,53.9601,0,CAM_DROP_PHY,6,12,14265,55862
veh12,14426,,54.0123,1,CAM,5,12,14426,-1
veh12,14437,,54.0308,0,CAM_DROP_PHY,4,12,14437,55942
veh12,14469,,54.0556,1,CAM,7,12,14469,-1
veh12,699720845614,,54.0708,0,CPM_DROP_PHY,4,12,699720845614,55998
veh12,699720845752,,54.1223,0,CPM_DROP_PHY,10,12,699720845752,56041
veh12,14650,,54.1308,0,CAM_DROP_PHY,4,12,14650,56051
veh12,699720845794,,54.1376,0,CPM_DROP_PHY,3,12,699720845794,56083
veh12,14669,,54.1508,0,CAM_DROP_PHY,8,12,14669,56071
veh12,14707,,54.1546,1,CAM,9,12,14707,-1
veh12,699720845796,,54.1556,0,CPM_DROP_PHY,7,12,699720845796,56085
veh12,699720845874,,54.1946,0,CPM_DROP_PHY,11,12,699720845874,56161
veh12,14772,,54.2146,0,CAM_DROP_PHY,11,12,14772,56169
veh12,14877,,54.2263,1,CAM,4,12,14877,-1
veh12,699720845999,,54.2323,0,CPM_DROP_PHY,5,12,699720845999,56195
veh12,14899,,54.2376,0,CAM_DROP_PHY,3,12,14899,56216
veh12,699720846018,,54.2556,0,CPM_DROP_PHY,7,12,699720846018,56222
veh12,14918,,54.2556,1,CAM,7,12,14918,-1
veh12,14932,,54.2601,1,CAM,6,12,14932,-1
veh12,699720846061,,54.2801,0,CPM_DROP_PHY,6,12,699720846061,56261
veh12,14984,,54.2823,1,CAM,10,12,14984,-1
veh12,699720846111,,54.2908,0,CPM_DROP_PHY,8,12,699720846111,56306
veh12,15197,,54.3123,0,CAM_DROP_PHY,5,12,15197,56340
veh12,15210,,54.3263,1,CAM,4,12,15210,-1
veh12,15236,,54.3376,1,CAM,3,12,15236,-1
veh12,699720846353,,54.3376,0,CPM_DROP_PHY,3,12,699720846353,56378
veh12,15255,,54.3528,0,CAM_DROP_PHY,7,12,15255,56383
veh12,15267,,54.3646,0,CAM_DROP_PHY,9,12,15267,56406
veh12,15415,54.4012,,0,CAM,12,,15415,-1
veh12,15332,,54.4066,1,CAM,2,12,15332,-1
veh12,699720846553,,54.4323,0,CPM_DROP_PHY,5,12,699720846553,56493
veh12,15458,,54.4376,1,CAM,3,12,15458,-1
veh12,699720846574,,54.4376,0,CPM_DROP_PHY,3,12,699720846574,56513
veh12,15450,,54.4508,0,CAM_DROP_PHY,8,12,15450,56506
veh12,699720846576,,54.4528,0,CPM_DROP_PHY,7,12,699720846576,56516
veh12,15475,,54.4528,1,CAM,7,12,15475,-1
veh12,15640,,54.5263,1,CAM,4,12,15640,-1
veh12,699720846763,,54.5323,0,CPM_DROP_PHY,5,12,699720846763,56602
veh12,15664,,54.5506,1,CAM,3,12,15664,-1
veh12,699720846783,,54.5528,0,CPM_DROP_PHY,7,12,699720846783,56626
veh12,15696,,54.5601,0,CAM_DROP_PHY,6,12,15696,56644
veh12,699720846861,,54.5956,0,CPM_DROP_PHY,11,12,699720846861,56691
veh12,15834,,54.6123,0,CAM_DROP_PHY,5,12,15834,56711
veh12,699720846743,,54.6226,0,CPM_DROP_PHY,10,12,699720846743,56590
veh12,699720846970,,54.6323,0,CPM_DROP_PHY,5,12,699720846970,56730
veh12,15869,,54.6393,1,CAM,8,12,15869,-1
veh12,15877,,54.6506,0,CAM_DROP_PHY,3,12,15877,56752
veh12,15895,,54.6528,1,CAM,7,12,15895,-1
veh12,15910,,54.6646,1,CAM,9,12,15910,-1
veh12,16055,,54.7096,0,CAM_DROP_PHY,5,12,16055,56841
veh12,15969,,54.7156,0,CAM_DROP_PHY,11,12,15969,56830
veh12,699720847171,,54.7226,0,CPM_DROP_PHY,10,12,699720847171,56842
veh12,699720847192,,54.7296,0,CPM_DROP_PHY,5,12,699720847192,56865
veh12,16092,,54.7393,1,CAM,8,12,16092,-1
veh12,16097,,54.7506,0,CAM_DROP_PHY,3,12,16097,56883
veh12,699720847213,,54.7506,0,CPM_DROP_PHY,3,12,699720847213,56883
veh12,16283,,54.7826,0,CAM_DROP_PHY,10,12,16283,56953
veh12,699720847372,,54.7863,0,CPM_DROP_PHY,4,12,699720847372,56935
veh12,16397,,54.8096,1,CAM,5,12,16397,-1
veh12,16413,,54.8263,0,CAM_DROP_PHY,4,12,16413,57006
veh12,16435,,54.8393,1,CAM,8,12,16435,-1
veh12,16441,,54.8506,0,CAM_DROP_PHY,3,12,16441,57031
veh12,699720847557,,54.8506,0,CPM_DROP_PHY,3,12,699720847557,57031
veh12,699720847559,,54.8528,0,CPM_DROP_PHY,7,12,699720847559,57035
veh12,16457,,54.8528,0,CAM_DROP_PHY,7,12,16457,57035
veh12,16478,,54.8656,0,CAM_DROP_PHY,6,12,16478,57062
veh12,16625,,54.9096,0,CAM_DROP_PHY,5,12,16625,57121
veh12,699720847741,,54.9226,0,CPM_DROP_PHY,10,12,699720847741,57122
veh12,16654,,54.9393,0,CAM_DROP_PHY,8,12,16654,57150
veh12,699720847775,,54.9528,0,CPM_DROP_PHY,7,12,699720847775,57154
veh12,16683,,54.9646,0,CAM_DROP_PHY,9,12,16683,57172
veh12,16834,55.0012,,0,CAM,12,,16834,-1
veh12,16839,,55.0096,1,CAM,5,12,16839,-1
veh12,699720847961,,55.0266,0,CPM_DROP_PHY,2,12,699720847961,57240
veh12,699720847979,,55.0296,0,CPM_DROP_PHY,5,12,699720847979,57259
veh12,16883,,55.0393,0,CAM_DROP_PHY,8,12,16883,57278
veh12,699720848001,,55.0506,0,CPM_DROP_PHY,3,12,699720848001,57281
veh12,699720848080,,55.0956,0,CPM_DROP_PHY,11,12,699720848080,57356
veh12,16976,,55.1066,1,CAM,2,12,16976,-1
veh12,17075,,55.1096,0,CAM_DROP_PHY,5,12,17075,57379
veh12,699720848190,,55.1226,0,CPM_DROP_PHY,10,12,699720848190,57381
veh12,17091,,55.1263,0,CAM_DROP_PHY,4,12,17091,57397
veh12,699720848214,,55.1296,0,CPM_DROP_PHY,5,12,699720848214,57403
veh12,17216,,55.1393,0,CAM_DROP_PHY,8,12,17216,57420
veh12,17221,,55.1506,1,CAM,3,12,17221,-1
veh12,699720848338,,55.1506,0,CPM_DROP_PHY,3,12,699720848338,57423
veh12,699720848340,,55.1518,0,CPM_DROP_PHY,7,12,699720848340,57427
veh12,17239,,55.1518,0,CAM_DROP_PHY,7,12,17239,57427
veh12,17268,,55.1656,0,CAM_DROP_PHY,6,12,17268,57457
veh12,699720848399,,55.1656,0,CPM_DROP_PHY,6,12,699720848399,57457
veh12,17324,,55.1826,0,CAM_DROP_PHY,10,12,17324,57504
veh12,699720848445,,55.1993,0,CPM_DROP_PHY,8,12,699720848445,57514
veh12,17459,55.2012,,0,CAM,12,,17459,-1
veh12,17350,,55.2088,0,CAM_DROP_PHY,11,12,17350,57533
veh12,17469,,55.2096,0,CAM_DROP_PHY,5,12,17469,57545
veh12,699720848610,,55.2296,0,CPM_DROP_PHY,5,12,699720848610,57581
veh12,699720848631,,55.2506,0,CPM_DROP_PHY,3,12,699720848631,57598
veh12,17544,,55.2588,1,CAM,9,12,17544,-1
veh12,699720848836,,55.3296,0,CPM_DROP_PHY,5,12,699720848836,57692
veh12,17737,,55.3393,0,CAM_DROP_PHY,8,12,17737,57707
veh12,699720848900,,55.3816,0,CPM_DROP_PHY,4,12,699720848900,57751
veh12,17920,55.4012,,0,CAM,12,,17920,-1
veh12,17926,,55.4096,0,CAM_DROP_PHY,5,12,17926,57793
veh12,17949,,55.4216,0,CAM_DROP_PHY,4,12,17949,57817
veh12,699720849042,,55.4226,0,CPM_DROP_PHY,10,12,699720849042,57794
veh12,17979,,55.4506,1,CAM,3,12,17979,-1
veh12,17995,,55.4518,0,CAM_DROP_PHY,7,12,17995,57852
veh12,18023,,55.4656,0,CAM_DROP_PHY,6,12,18023,57876
veh12,18083,,55.5036,0,CAM_DROP_PHY,2,12,18083,57925
veh12,699720849398,,55.5133,0,CPM_DROP_PHY,10,12,699720849398,57934
veh12,699720849423,,55.5296,0,CPM_DROP_PHY,5,12,699720849423,57958
veh12,699720849439,,55.5506,0,CPM_DROP_PHY,3,12,699720849439,57974
veh12,699720849442,,55.5518,0,CPM_DROP_PHY,7,12,699720849442,57975
veh12,18350,,55.5588,0,CAM_DROP_PHY,9,12,18350,57990
veh12,18362,,55.5656,1,CAM,6,12,18362,-1
veh12,699720849485,,55.5656,0,CPM_DROP_PHY,6,12,699720849485,57996
veh12,699720849487,,55.5788,0,CPM_DROP_PHY,9,12,699720849487,58008
veh12,18412,,55.5933,1,CAM,10,12,18412,-1
veh12,18522,55.6012,,0,CAM,12,,18522,-1
veh12,699720849535,,55.6053,0,CPM_DROP_PHY,8,12,699720849535,58056
veh12,699720849544,,55.6088,0,CPM_DROP_PHY,11,12,699720849544,58068
veh12,18532,,55.6096,0,CAM_DROP_PHY,5,12,18532,58087
veh12,699720849648,,55.6133,0,CPM_DROP_PHY,10,12,699720849648,58090
veh12,18575,,55.6453,1,CAM,8,12,18575,-1
veh12,699720849693,,55.6506,0,CPM_DROP_PHY,3,12,699720849693,58143
veh12,699720849696,,55.6518,0,CPM_DROP_PHY,7,12,699720849696,58144
veh12,18606,,55.6588,0,CAM_DROP_PHY,9,12,18606,58165
veh12,18617,,55.6656,0,CAM_DROP_PHY,6,12,18617,58171
veh12,699720849782,,55.7088,0,CPM_DROP_PHY,11,12,699720849782,58227
veh12,18790,,55.7216,0,CAM_DROP_PHY,4,12,18790,58251
veh12,18815,,55.7506,1,CAM,3,12,18815,-1
veh12,18826,,55.7518,1,CAM,7,12,18826,-1
veh12,18843,,55.7656,0,CAM_DROP_PHY,6,12,18843,58298
veh12,18838,,55.7668,0,CAM_DROP_PHY,9,12,18838,58293
veh12,18973,55.8012,,0,CAM,12,,18973,-1
veh12,18895,,55.8088,0,CAM_DROP_PHY,11,12,18895,58347
veh12,699720850095,,55.8133,0,CPM_DROP_PHY,10,12,699720850095,58362
veh12,699720850105,,55.8236,0,CPM_DROP_PHY,2,12,699720850105,58369
veh12,699720850121,,55.8276,0,CPM_DROP_PHY,5,12,699720850121,58389
veh12,699720850137,,55.8503,0,CPM_DROP_PHY,3,12,699720850137,58411
veh12,19055,,55.8656,0,CAM_DROP_PHY,6,12,19055,58435
veh12,19046,,55.8668,0,CAM_DROP_PHY,9,12,19046,58429
veh12,699720850210,,55.9053,0,CPM_DROP_PHY,8,12,699720850210,58483
veh12,19292,,55.9076,0,CAM_DROP_PHY,5,12,19292,58501
veh12,699720850217,,55.9088,0,CPM_DROP_PHY,11,12,699720850217,58491
veh12,699720850409,,55.9133,0,CPM_DROP_PHY,10,12,699720850409,58507
veh12,699720850431,,55.9276,0,CPM_DROP_PHY,5,12,699720850431,58532
veh12,19329,,55.9453,1,CAM,8,12,19329,-1
veh12,19362,,55.9631,1,CAM,6,12,19362,-1
veh12,19355,,55.9668,0,CAM_DROP_PHY,9,12,19355,58570
veh12,19418,,55.9991,0,CAM_DROP_PHY,2,12,19418,58626
veh12,19499,56.0012,,0,CAM,12,,19499,-1
veh12,19520,,56.0216,0,CAM_DROP_PHY,4,12,19520,58656
veh12,19542,,56.0503,1,CAM,3,12,19542,-1
veh12,699720850658,,56.0503,0,CPM_DROP_PHY,3,12,699720850658,58684
veh12,19554,,56.0518,1,CAM,7,12,19554,-1
veh12,19618,,56.0933,0,CAM_DROP_PHY,10,12,19618,58750
veh12,19750,,56.1503,0,CAM_DROP_PHY,3,12,19750,58820
veh12,19775,,56.1631,0,CAM_DROP_PHY,6,12,19775,58839
veh12,19769,,56.1668,0,CAM_DROP_PHY,9,12,19769,58835
veh12,19896,,56.2076,0,CAM_DROP_PHY,5,12,19896,58895
veh12,19928,,56.2453,0,CAM_DROP_PHY,8,12,19928,58929
veh12,19932,,56.2503,1,CAM,3,12,19932,-1
veh12,19941,,56.2531,0,CAM_DROP_PHY,7,12,19941,58939
veh12,20067,56.3012,,0,CAM,12,,20067,-1
veh12,699720851187,,56.3133,0,CPM_DROP_PHY,10,12,699720851187,59012
veh12,699720851192,,56.3191,0,CPM_DROP_PHY,2,12,699720851192,59015
veh12,20092,,56.3216,1,CAM,4,12,20092,-1
veh12,20125,,56.3531,0,CAM_DROP_PHY,7,12,20125,59059
veh12,699720851402,,56.4081,0,CPM_DROP_PHY,11,12,699720851402,59120
veh12,20295,,56.4081,0,CAM_DROP_PHY,11,12,20295,59120
veh12,20398,,56.4503,1,CAM,3,12,20398,-1
veh12,20407,,56.4531,0,CAM_DROP_PHY,7,12,20407,59170
veh12,20424,,56.4631,0,CAM_DROP_PHY,6,12,20424,59182
veh12,20418,,56.4668,0,CAM_DROP_PHY,9,12,20418,59180
veh12,20543,,56.5076,1,CAM,5,12,20543,-1
veh12,20578,,56.5453,1,CAM,8,12,20578,-1
veh12,20589,,56.5531,1,CAM,7,12,20589,-1
veh12,20648,,56.5933,0,CAM_DROP_PHY,10,12,20648,59347
veh12,20734,56.6012,,0,CAM,12,,20734,-1
veh12,699720851769,,56.6053,0,CPM_DROP_PHY,8,12,699720851769,59356
veh12,20759,,56.6348,1,CAM,4,12,20759,-1
veh12,699720851887,,56.6503,0,CPM_DROP_PHY,3,12,699720851887,59425
veh12,20782,,56.6531,0,CAM_DROP_PHY,7,12,20782,59430
veh12,699720851953,,56.7081,0,CPM_DROP_PHY,11,12,699720851953,59486
veh12,20845,,56.7098,1,CAM,2,12,20845,-1
veh12,699720852051,,56.7418,0,CPM_DROP_PHY,5,12,699720852051,59521
veh12,20949,,56.7503,0,CAM_DROP_PHY,3,12,20949,59533
veh12,20976,,56.7621,1,CAM,9,12,20976,-1
veh12,20983,,56.7631,0,CAM_DROP_PHY,6,12,20983,59555
veh12,699720852219,,56.8103,0,CPM_DROP_PHY,10,12,699720852219,59617
veh12,21100,,56.8218,1,CAM,5,12,21100,-1
veh12,21138,,56.8368,1,CAM,8,12,21138,-1
veh12,21158,,56.8531,1,CAM,7,12,21158,-1
veh12,21414,,56.9348,0,CAM_DROP_PHY,4,12,21414,59766
veh12,21428,,56.9368,0,CAM_DROP_PHY,8,12,21428,59781
veh12,699720852581,,56.9631,0,CPM_DROP_PHY,6,12,699720852581,59822
veh12,21514,,57.0081,0,CAM_DROP_PHY,11,12,21514,59861
veh12,21600,,57.0368,0,CAM_DROP_PHY,8,12,21600,59890
veh12,21605,,57.0518,1,CAM,3,12,21605,-1
veh12,699720852721,,57.0533,0,CPM_DROP_PHY,7,12,699720852721,59895
veh12,21616,,57.0533,0,CAM_DROP_PHY,7,12,21616,59895
veh12,21626,,57.0621,0,CAM_DROP_PHY,9,12,21626,59912
veh12,21634,,57.0631,1,CAM,6,12,21634,-1
veh12,21686,,57.0903,1,CAM,10,12,21686,-1
veh12,21772,57.1012,,0,CAM,12,,21772,-1
veh12,21780,,57.1218,1,CAM,5,12,21780,-1
veh12,21812,,57.1368,0,CAM_DROP_PHY,8,12,21812,60056
veh12,21886,,57.2003,0,CAM_DROP_PHY,2,12,21886,60121
veh12,21978,,57.2348,1,CAM,4,12,21978,-1
veh12,21991,,57.2368,0,CAM_DROP_PHY,8,12,21991,60164
veh12,699720853135,,57.2803,0,CPM_DROP_PHY,9,12,699720853135,60199
veh12,21890,,57.3081,0,CAM_DROP_PHY,11,12,21890,60118
veh12,699720853258,,57.3203,0,CPM_DROP_PHY,2,12,699720853258,60247
veh12,22164,,57.3368,0,CAM_DROP_PHY,8,12,22164,60273
veh12,22168,,57.3518,1,CAM,3,12,22168,-1
veh12,699720853283,,57.3518,0,CPM_DROP_PHY,3,12,699720853283,60276
veh12,22181,,57.3533,0,CAM_DROP_PHY,7,12,22181,60279
veh12,22198,,57.3583,0,CAM_DROP_PHY,6,12,22198,60301
veh12,22191,,57.3603,0,CAM_DROP_PHY,9,12,22191,60297
veh12,699720853457,,57.4081,0,CPM_DROP_PHY,11,12,699720853457,60351
veh12,22351,,57.4081,0,CAM_DROP_PHY,11,12,22351,60351
veh12,22417,,57.4188,0,CAM_DROP_PHY,5,12,22417,60360
veh12,22446,,57.4368,0,CAM_DROP_PHY,8,12,22446,60389
veh12,699720853549,,57.4388,0,CPM_DROP_PHY,5,12,699720853549,60381
veh12,699720853589,,57.4783,0,CPM_DROP_PHY,6,12,699720853589,60424
veh12,699720853713,,57.5103,0,CPM_DROP_PHY,10,12,699720853713,60471
veh12,22615,,57.5348,0,CAM_DROP_PHY,4,12,22615,60482
veh12,699720853778,,57.5803,0,CPM_DROP_PHY,9,12,699720853778,60525
veh12,699720853828,,57.5968,0,CPM_DROP_PHY,8,12,699720853828,60560
veh12,22732,,57.6081,0,CAM_DROP_PHY,11,12,22732,60581
veh12,22826,,57.6368,0,CAM_DROP_PHY,8,12,22826,60610
veh12,22830,,57.6518,0,CAM_DROP_PHY,3,12,22830,60613
veh12,699720853946,,57.6533,0,CPM_DROP_PHY,7,12,699720853946,60615
veh12,22843,,57.6533,0,CAM_DROP_PHY,7,12,22843,60615
veh12,22863,,57.6583,1,CAM,6,12,22863,-1
veh12,22854,,57.6603,0,CAM_DROP_PHY,9,12,22854,60632
veh12,22909,,57.6906,0,CAM_DROP_PHY,10,12,22909,60688
veh12,22934,,57.7003,0,CAM_DROP_PHY,2,12,22934,60711
veh12,23004,57.7012,,0,CAM,12,,23004,-1
veh12,23011,,57.7188,0,CAM_DROP_PHY,5,12,23011,60725
veh12,699720854151,,57.7533,0,CPM_DROP_PHY,7,12,699720854151,60758
veh12,699720854289,,57.8106,0,CPM_DROP_PHY,10,12,699720854289,60813
veh12,23193,,57.8341,0,CAM_DROP_PHY,4,12,23193,60828
veh12,23210,,57.8496,1,CAM,8,12,23210,-1
veh12,699720854470,,57.8783,0,CPM_DROP_PHY,6,12,699720854470,60889
veh12,23412,,57.9041,0,CAM_DROP_PHY,11,12,23412,60925
veh12,699720854610,,57.9388,0,CPM_DROP_PHY,5,12,699720854610,60950
veh12,23522,,57.9456,1,CAM,7,12,23522,-1
veh12,23507,,57.9518,1,CAM,3,12,23507,-1
veh12,23548,,57.9583,0,CAM_DROP_PHY,6,12,23548,60986
veh12,23539,,57.9603,0,CAM_DROP_PHY,9,12,23539,60980
veh12,23600,,58.0003,1,CAM,2,12,23600,-1
veh12,23678,,58.0188,1,CAM,5,12,23678,-1
veh12,23727,,58.0603,0,CAM_DROP_PHY,9,12,23727,61091
veh12,699720854857,,58.0803,0,CPM_DROP_PHY,9,12,699720854857,61106
veh12,23805,,58.1003,1,CAM,2,12,23805,-1
veh12,23892,,58.1341,1,CAM,4,12,23892,-1
veh12,699720855027,,58.1456,0,CPM_DROP_PHY,7,12,699720855027,61202
veh12,23904,,58.1496,0,CAM_DROP_PHY,8,12,23904,61195
veh12,23909,,58.1518,1,CAM,3,12,23909,-1
veh12,23937,,58.1603,0,CAM_DROP_PHY,9,12,23937,61224
veh12,24005,,58.2003,0,CAM_DROP_PHY,2,12,24005,61285
veh12,699720855219,,58.2456,0,CPM_DROP_PHY,7,12,699720855219,61316
veh12,24117,,58.2456,1,CAM,7,12,24117,-1
veh12,24103,,58.2518,0,CAM_DROP_PHY,3,12,24103,61315
veh12,24131,,58.2603,1,CAM,9,12,24131,-1
veh12,24139,,58.2648,1,CAM,6,12,24139,-1
veh12,24188,,58.2906,0,CAM_DROP_PHY,10,12,24188,61380
veh12,24372,58.3012,,0,CAM,12,,24372,-1
veh12,24206,,58.3041,0,CAM_DROP_PHY,11,12,24206,61398
veh12,24382,,58.3188,1,CAM,5,12,24382,-1
veh12,24419,,58.3518,0,CAM_DROP_PHY,3,12,24419,61459
veh12,24445,,58.3603,0,CAM_DROP_PHY,9,12,24445,61476
veh12,699720855577,,58.3648,0,CPM_DROP_PHY,6,12,699720855577,61494
veh12,24514,,58.4023,0,CAM_DROP_PHY,2,12,24514,61535
veh12,24600,,58.4341,0,CAM_DROP_PHY,4,12,24600,61562
veh12,24620,,58.4443,1,CAM,3,12,24620,-1
veh12,699720855738,,58.4456,0,CPM_DROP_PHY,7,12,699720855738,61580
veh12,24614,,58.4496,0,CAM_DROP_PHY,8,12,24614,61573
veh12,24797,,58.5456,1,CAM,7,12,24797,-1
veh12,24810,,58.5603,1,CAM,9,12,24810,-1
veh12,24816,,58.5648,1,CAM,6,12,24816,-1
veh12,699720855959,,58.5741,0,CPM_DROP_PHY,4,12,699720855959,61718
veh12,24895,,58.6023,0,CAM_DROP_PHY,2,12,24895,61767
veh12,24965,,58.6126,0,CAM_DROP_PHY,5,12,24965,61776
veh12,24991,,58.6443,0,CAM_DROP_PHY,3,12,24991,61805
veh12,25000,,58.6456,0,CAM_DROP_PHY,7,12,25000,61808
veh12,25084,,58.7156,1,CAM,11,12,25084,-1
veh12,25162,,58.7341,0,CAM_DROP_PHY,4,12,25162,61894
veh12,25175,,58.7361,0,CAM_DROP_PHY,8,12,25175,61907
veh12,25190,,58.7456,0,CAM_DROP_PHY,7,12,25190,61921
veh12,25204,,58.7696,0,CAM_DROP_PHY,9,12,25204,61936
veh12,25263,,58.8023,1,CAM,2,12,25263,-1
veh12,699720856550,,58.8223,0,CPM_DROP_PHY,2,12,699720856550,61994
veh12,25463,,58.8443,0,CAM_DROP_PHY,3,12,25463,62027
veh12,699720856579,,58.8443,0,CPM_DROP_PHY,3,12,699720856579,62027
veh12,25476,,58.8456,0,CAM_DROP_PHY,7,12,25476,62030
veh12,25499,,58.8648,0,CAM_DROP_PHY,6,12,25499,62050
veh12,699720856621,,58.8648,0,CPM_DROP_PHY,6,12,699720856621,62050
veh12,699720856624,,58.8696,0,CPM_DROP_PHY,9,12,699720856624,62063
veh12,25548,,58.8923,0,CAM_DROP_PHY,10,12,25548,62094
veh12,25628,58.9012,,0,CAM,12,,25628,-1
veh12,25636,,58.9126,0,CAM_DROP_PHY,5,12,25636,62131
veh12,699720856764,,58.9326,0,CPM_DROP_PHY,5,12,699720856764,62147
veh12,25672,,58.9456,0,CAM_DROP_PHY,7,12,25672,62166
veh12,699720856811,,58.9648,0,CPM_DROP_PHY,6,12,699720856811,62189
veh12,25686,,58.9696,1,CAM,9,12,25686,-1
veh12,699720856814,,58.9696,0,CPM_DROP_PHY,9,12,699720856814,62179
veh12,25753,,59.0023,0,CAM_DROP_PHY,2,12,25753,62234
veh12,25831,,59.0341,0,CAM_DROP_PHY,4,12,25831,62253
veh12,25842,,59.0361,0,CAM_DROP_PHY,8,12,25842,62260
veh12,699720857041,,59.0961,0,CPM_DROP_PHY,8,12,699720857041,62337
veh12,26027,,59.1388,1,CAM,3,12,26027,-1
veh12,26038,,59.1456,1,CAM,7,12,26038,-1
veh12,26054,,59.1648,0,CAM_DROP_PHY,6,12,26054,62393
veh12,26122,,59.2023,1,CAM,2,12,26122,-1
veh12,26200,,59.2126,0,CAM_DROP_PHY,5,12,26200,62458
veh12,26127,,59.2156,0,CAM_DROP_PHY,11,12,26127,62451
veh12,26242,,59.2696,0,CAM_DROP_PHY,9,12,26242,62501
veh12,26493,,59.3313,0,CAM_DROP_PHY,4,12,26493,62573
veh12,26509,,59.3361,0,CAM_DROP_PHY,8,12,26509,62584
veh12,699720857629,,59.3388,0,CPM_DROP_PHY,3,12,699720857629,62596
veh12,26534,,59.3601,0,CAM_DROP_PHY,7,12,26534,62613
veh12,699720857673,,59.3738,0,CPM_DROP_PHY,9,12,699720857673,62643
veh12,26619,,59.4023,1,CAM,2,12,26619,-1
veh12,26714,,59.4388,0,CAM_DROP_PHY,3,12,26714,62727
veh12,26738,,59.4548,0,CAM_DROP_PHY,6,12,26738,62746
veh12,699720857861,,59.4748,0,CPM_DROP_PHY,6,12,699720857861,62761
veh12,26789,,59.4828,1,CAM,10,12,26789,-1
veh12,26868,59.5012,,0,CAM,12,,26868,-1
veh12,26809,,59.5023,0,CAM_DROP_PHY,2,12,26809,62815
veh12,26879,,59.5126,1,CAM,5,12,26879,-1
veh12,26916,,59.5538,0,CAM_DROP_PHY,9,12,26916,62867
veh12,26983,,59.6023,0,CAM_DROP_PHY,2,12,26983,62930
veh12,27061,,59.6313,1,CAM,4,12,27061,-1
veh12,27073,,59.6371,0,CAM_DROP_PHY,8,12,27073,62963
veh12,27086,,59.6601,0,CAM_DROP_PHY,7,12,27086,62978
veh12,27145,,59.7023,0,CAM_DROP_PHY,2,12,27145,63030
veh12,27149,,59.7101,1,CAM,11,12,27149,-1
veh12,27235,,59.7388,1,CAM,3,12,27235,-1
veh12,27256,,59.7548,0,CAM_DROP_PHY,6,12,27256,63079
veh12,699720858382,,59.7738,0,CPM_DROP_PHY,9,12,699720858382,63097
veh12,27316,,59.8023,0,CAM_DROP_PHY,2,12,27316,63134
veh12,27487,,59.8103,0,CAM_DROP_PHY,5,12,27487,63146
veh12,699720858634,,59.8388,0,CPM_DROP_PHY,3,12,699720858634,63186
veh12,27542,,59.8538,0,CAM_DROP_PHY,9,12,27542,63199
veh12,27595,,59.9023,0,CAM_DROP_PHY,2,12,27595,63253
veh12,27667,,59.9313,0,CAM_DROP_PHY,4,12,27667,63274
veh12,27681,,59.9371,1,CAM,8,12,27681,-1
veh12,27694,,59.9518,0,CAM_DROP_PHY,7,12,27694,63297
veh12,27749,,60.0023,0,CAM_DROP_PHY,2,12,27749,63341
veh12,27843,,60.0388,1,CAM,3,12,27843,-1
veh12,27866,,60.0548,0,CAM_DROP_PHY,6,12,27866,63399
veh12,27905,,60.0821,1,CAM,10,12,27905,-1
veh12,27981,60.1012,,0,CAM,12,,27981,-1
veh12,27923,,60.1101,1,CAM,2,12,27923,-1
veh12,27988,,60.1103,1,CAM,5,12,27988,-1
veh12,28032,,60.1538,0,CAM_DROP_PHY,9,12,28032,63513
veh12,699720859162,,60.1858,0,CPM_DROP_PHY,4,12,699720859162,63531
veh12,28095,,60.2101,1,CAM,2,12,28095,-1
veh12,28171,,60.2258,0,CAM_DROP_PHY,4,12,28171,63597
veh12,28185,,60.2371,0,CAM_DROP_PHY,8,12,28185,63609
veh12,28198,,60.2518,0,CAM_DROP_PHY,7,12,28198,63623
veh12,699720859331,,60.2748,0,CPM_DROP_PHY,6,12,699720859331,63645
veh12,28256,,60.3101,1,CAM,2,12,28256,-1
veh12,28260,,60.3101,0,CAM_DROP_PHY,11,12,28260,63677
veh12,28347,,60.3381,1,CAM,3,12,28347,-1
veh12,28367,,60.3548,1,CAM,6,12,28367,-1
veh12,699720859491,,60.3738,0,CPM_DROP_PHY,9,12,699720859491,63740
veh12,28518,,60.4101,0,CAM_DROP_PHY,2,12,28518,63777
veh12,28581,,60.4103,0,CAM_DROP_PHY,5,12,28581,63782
veh12,699720859697,,60.4221,0,CPM_DROP_PHY,10,12,699720859697,63783
veh12,699720859704,,60.4301,0,CPM_DROP_PHY,2,12,699720859704,63791
veh12,28616,,60.4381,0,CAM_DROP_PHY,3,12,28616,63822
veh12,699720859734,,60.4518,0,CPM_DROP_PHY,7,12,699720859734,63825
veh12,28641,,60.4538,0,CAM_DROP_PHY,9,12,28641,63845
veh12,28697,,60.5101,0,CAM_DROP_PHY,2,12,28697,63897
veh12,28770,,60.5258,1,CAM,4,12,28770,-1
veh12,28783,,60.5356,0,CAM_DROP_PHY,8,12,28783,63928
veh12,28787,,60.5381,1,CAM,3,12,28787,-1
veh12,28799,,60.5518,0,CAM_DROP_PHY,7,12,28799,63944
veh12,699720859932,,60.5673,0,CPM_DROP_PHY,6,12,699720859932,63971
veh12,699720859966,,60.6098,0,CPM_DROP_PHY,11,12,699720859966,63998
veh12,28859,,60.6101,0,CAM_DROP_PHY,2,12,28859,64001
veh12,28950,,60.6381,1,CAM,3,12,28950,-1
veh12,28972,,60.6673,0,CAM_DROP_PHY,6,12,28972,64061
veh12,29009,,60.6821,0,CAM_DROP_PHY,10,12,29009,64091
veh12,29086,60.7012,,0,CAM,12,,29086,-1
veh12,29026,,60.7101,0,CAM_DROP_PHY,2,12,29026,64109
veh12,29092,,60.7103,0,CAM_DROP_PHY,5,12,29092,64119
veh12,29121,,60.7381,1,CAM,3,12,29121,-1
veh12,699720860261,,60.7673,0,CPM_DROP_PHY,6,12,699720860261,64180
veh12,29139,,60.7683,0,CAM_DROP_PHY,9,12,29139,64172
veh12,29202,,60.8101,0,CAM_DROP_PHY,2,12,29202,64227
veh12,29271,,60.8258,1,CAM,4,12,29271,-1
veh12,29285,,60.8356,1,CAM,8,12,29285,-1
veh12,29297,,60.8518,0,CAM_DROP_PHY,7,12,29297,64276
veh12,699720860431,,60.8683,0,CPM_DROP_PHY,9,12,699720860431,64300
veh12,29358,,60.9098,1,CAM,11,12,29358,-1
veh12,29354,,60.9111,1,CAM,2,12,29354,-1
veh12,29539,,60.9381,0,CAM_DROP_PHY,3,12,29539,64364
veh12,29558,,60.9673,0,CAM_DROP_PHY,6,12,29558,64380
veh12,699720860683,,60.9683,0,CPM_DROP_PHY,9,12,699720860683,64389
veh12,29672,,61.0091,0,CAM_DROP_PHY,5,12,29672,64429
veh12,29613,,61.0111,0,CAM_DROP_PHY,2,12,29613,64423
veh12,699720860787,,61.0208,0,CPM_DROP_PHY,10,12,699720860787,64431
veh12,29731,,61.0683,0,CAM_DROP_PHY,9,12,29731,64487
veh12,29785,,61.1111,0,CAM_DROP_PHY,2,12,29785,64536
veh12,29854,,61.1258,0,CAM_DROP_PHY,4,12,29854,64556
veh12,29866,,61.1356,0,CAM_DROP_PHY,8,12,29866,64569
veh12,29879,,61.1496,0,CAM_DROP_PHY,7,12,29879,64579
veh12,29945,,61.2111,0,CAM_DROP_PHY,2,12,29945,64640
veh12,699720861134,,61.2291,0,CPM_DROP_PHY,5,12,699720861134,64668
veh12,30034,,61.2438,0,CAM_DROP_PHY,3,12,30034,64679
veh12,30056,,61.2673,1,CAM,6,12,30056,-1
veh12,30094,,61.2808,1,CAM,10,12,30094,-1
veh12,30168,61.3012,,0,CAM,12,,30168,-1
veh12,30173,,61.3091,1,CAM,5,12,30173,-1
veh12,30112,,61.3111,0,CAM_DROP_PHY,2,12,30112,64760
veh12,699720861338,,61.3673,0,CPM_DROP_PHY,6,12,699720861338,64819
veh12,30216,,61.3683,0,CAM_DROP_PHY,9,12,30216,64815
veh12,699720861341,,61.3683,0,CPM_DROP_PHY,9,12,699720861341,64815
veh12,30284,,61.4111,1,CAM,2,12,30284,-1
veh12,30360,,61.4258,0,CAM_DROP_PHY,4,12,30360,64891
veh12,30375,,61.4353,1,CAM,8,12,30375,-1
veh12,30388,,61.4496,0,CAM_DROP_PHY,7,12,30388,64915
veh12,30551,,61.5071,0,CAM_DROP_PHY,11,12,30551,64969
veh12,30547,,61.5111,0,CAM_DROP_PHY,2,12,30547,64968
veh12,30637,,61.5438,1,CAM,3,12,30637,-1
veh12,30658,,61.5673,1,CAM,6,12,30658,-1
veh12,699720861781,,61.5683,0,CPM_DROP_PHY,9,12,699720861781,65027
veh12,30777,,61.6091,1,CAM,5,12,30777,-1
veh12,30713,,61.6111,0,CAM_DROP_PHY,2,12,30713,65065
veh12,30843,,61.6683,0,CAM_DROP_PHY,9,12,30843,65130
veh12,699720861971,,61.6683,0,CPM_DROP_PHY,9,12,699720861971,65130
veh12,30903,,61.7111,0,CAM_DROP_PHY,2,12,30903,65178
veh12,30996,,61.7353,0,CAM_DROP_PHY,8,12,30996,65207
veh12,30981,,61.7368,0,CAM_DROP_PHY,4,12,30981,65197
veh12,31011,,61.7496,0,CAM_DROP_PHY,7,12,31011,65216
veh12,699720862146,,61.7658,0,CPM_DROP_PHY,6,12,699720862146,65244
veh12,31075,,61.8111,0,CAM_DROP_PHY,2,12,31075,65275
veh12,31175,,61.8513,0,CAM_DROP_PHY,3,12,31175,65313
veh12,31201,,61.8658,0,CAM_DROP_PHY,6,12,31201,65332
veh12,31241,,61.8936,1,CAM,10,12,31241,-1
veh12,31321,61.9012,,0,CAM,12,,31321,-1
veh12,31260,,61.9111,0,CAM_DROP_PHY,2,12,31260,65382
veh12,31327,,61.9271,0,CAM_DROP_PHY,5,12,31327,65390
veh12,31373,,61.9633,0,CAM_DROP_PHY,9,12,31373,65438
veh12,699720862497,,61.9633,0,CPM_DROP_PHY,9,12,699720862497,65438
veh12,699720862495,,61.9658,0,CPM_DROP_PHY,6,12,699720862495,65444
veh12,31438,,62.0111,0,CAM_DROP_PHY,2,12,31438,65494
veh12,31628,,62.0353,1,CAM,8,12,31628,-1
veh12,31616,,62.0368,1,CAM,4,12,31616,-1
veh12,31643,,62.0496,0,CAM_DROP_PHY,7,12,31643,65535
veh12,699720862776,,62.0658,0,CPM_DROP_PHY,6,12,699720862776,65563
veh12,31708,,62.1088,0,CAM_DROP_PHY,11,12,31708,65594
veh12,31702,,62.1111,0,CAM_DROP_PHY,2,12,31702,65593
veh12,31796,,62.1513,0,CAM_DROP_PHY,3,12,31796,65629
veh12,31816,,62.1658,0,CAM_DROP_PHY,6,12,31816,65642
veh12,699720862937,,62.1658,0,CPM_DROP_PHY,6,12,699720862937,65642
veh12,31866,,62.2111,0,CAM_DROP_PHY,2,12,31866,65681
veh12,699720863058,,62.2111,0,CPM_DROP_PHY,2,12,699720863058,65681
veh12,31937,,62.2271,0,CAM_DROP_PHY,5,12,31937,65685
veh12,31995,,62.2633,1,CAM,9,12,31995,-1
veh12,699720863124,,62.2633,0,CPM_DROP_PHY,9,12,699720863124,65738
veh12,699720863121,,62.2658,0,CPM_DROP_PHY,6,12,699720863121,65752
veh12,32057,,62.3006,0,CAM_DROP_PHY,2,12,32057,65794
veh12,32150,,62.3353,0,CAM_DROP_PHY,8,12,32150,65822
veh12,32137,,62.3368,0,CAM_DROP_PHY,4,12,32137,65813
veh12,32163,,62.3483,0,CAM_DROP_PHY,7,12,32163,65832
veh12,699720863297,,62.3658,0,CPM_DROP_PHY,6,12,699720863297,65860
veh12,32230,,62.4006,0,CAM_DROP_PHY,2,12,32230,65898
veh12,699720863426,,62.4271,0,CPM_DROP_PHY,5,12,699720863426,65925
veh12,32327,,62.4513,1,CAM,3,12,32327,-1
veh12,699720863474,,62.4633,0,CPM_DROP_PHY,9,12,699720863474,65962
veh12,32350,,62.4658,1,CAM,6,12,32350,-1
veh12,32398,,62.4951,1,CAM,10,12,32398,-1
veh12,32416,,62.5006,0,CAM_DROP_PHY,2,12,32416,66012
veh12,32483,62.5012,,0,CAM,12,,32483,-1
veh12,32490,,62.5271,0,CAM_DROP_PHY,5,12,32490,66027
veh12,32632,,62.5633,0,CAM_DROP_PHY,9,12,32632,66069
veh12,699720863773,,62.5768,0,CPM_DROP_PHY,4,12,699720863773,66086
veh12,699720863799,,62.5953,0,CPM_DROP_PHY,8,12,699720863799,66108
veh12,32702,,62.6006,1,CAM,2,12,32702,-1
veh12,32796,,62.6353,0,CAM_DROP_PHY,8,12,32796,66157
veh12,32784,,62.6368,0,CAM_DROP_PHY,4,12,32784,66148
veh12,32810,,62.6483,0,CAM_DROP_PHY,7,12,32810,66167
veh12,699720863944,,62.6633,0,CPM_DROP_PHY,9,12,699720863944,66195
veh12,32871,,62.7088,1,CAM,11,12,32871,-1
veh12,32959,,62.7513,1,CAM,3,12,32959,-1
veh12,32979,,62.7658,1,CAM,6,12,32979,-1
veh12,33031,,62.8006,0,CAM_DROP_PHY,2,12,33031,66311
veh12,699720864218,,62.8151,0,CPM_DROP_PHY,10,12,699720864218,66323
veh12,699720864225,,62.8206,0,CPM_DROP_PHY,2,12,699720864225,66329
veh12,33103,,62.8271,1,CAM,5,12,33103,-1
veh12,699720864253,,62.8513,0,CPM_DROP_PHY,3,12,699720864253,66361
veh12,33161,,62.8633,0,CAM_DROP_PHY,9,12,33161,66377
veh12,699720864288,,62.8633,0,CPM_DROP_PHY,9,12,699720864288,66377
veh12,33288,,62.9361,1,CAM,4,12,33288,-1
veh12,33301,,62.9473,1,CAM,8,12,33301,-1
veh12,33316,,62.9483,0,CAM_DROP_PHY,7,12,33316,66452
veh12,699720864489,,63.0088,0,CPM_DROP_PHY,11,12,699720864489,66506
veh12,33382,,63.0113,0,CAM_DROP_PHY,2,12,33382,66512
veh12,33477,,63.0513,0,CAM_DROP_PHY,3,12,33477,66552
veh12,33500,,63.0648,0,CAM_DROP_PHY,6,12,33500,66570
veh12,699720864723,,63.0821,0,CPM_DROP_PHY,9,12,699720864723,66576
veh12,33641,,63.0951,0,CAM_DROP_PHY,10,12,33641,66604
veh12,33723,63.1012,,0,CAM,12,,33723,-1
veh12,33732,,63.1256,1,CAM,5,12,33732,-1
veh12,33780,,63.1621,0,CAM_DROP_PHY,9,12,33780,66676
veh12,699720864907,,63.1648,0,CPM_DROP_PHY,6,12,699720864907,66681
veh12,699720864914,,63.1821,0,CPM_DROP_PHY,9,12,699720864914,66685
veh12,33859,,63.2113,0,CAM_DROP_PHY,2,12,33859,66738
veh12,33944,,63.2361,0,CAM_DROP_PHY,4,12,33944,66758
veh12,33957,,63.2473,0,CAM_DROP_PHY,8,12,33957,66770
veh12,33970,,63.2483,0,CAM_DROP_PHY,7,12,33970,66779
veh12,699720865105,,63.2821,0,CPM_DROP_PHY,9,12,699720865105,66805
veh12,34037,,63.3023,0,CAM_DROP_PHY,11,12,34037,66837
veh12,699720865225,,63.3113,0,CPM_DROP_PHY,2,12,699720865225,66850
veh12,699720865219,,63.3151,0,CPM_DROP_PHY,10,12,699720865219,66849
veh12,34139,,63.3351,0,CAM_DROP_PHY,3,12,34139,66880
veh12,34167,,63.3648,0,CAM_DROP_PHY,6,12,34167,66903
veh12,699720865295,,63.3821,0,CPM_DROP_PHY,9,12,699720865295,66918
veh12,34232,,63.4113,1,CAM,2,12,34232,-1
veh12,34300,,63.4256,0,CAM_DROP_PHY,5,12,34300,66964
veh12,34345,,63.4621,1,CAM,9,12,34345,-1
veh12,699720865467,,63.4648,0,CPM_DROP_PHY,6,12,699720865467,67007
veh12,699720865595,,63.5256,0,CPM_DROP_PHY,5,12,699720865595,67074
veh12,34477,,63.5336,0,CAM_DROP_PHY,4,12,34477,67071
veh12,34507,,63.5431,1,CAM,7,12,34507,-1
veh12,34494,,63.5473,1,CAM,8,12,34494,-1
veh12,34678,,63.6113,0,CAM_DROP_PHY,2,12,34678,67163
veh12,34766,,63.6351,1,CAM,3,12,34766,-1
veh12,34787,,63.6648,0,CAM_DROP_PHY,6,12,34787,67209
veh12,699720865907,,63.6648,0,CPM_DROP_PHY,6,12,699720865907,67209
veh12,699720865910,,63.6821,0,CPM_DROP_PHY,9,12,699720865910,67216
veh12,34823,,63.6951,1,CAM,10,12,34823,-1
veh12,34896,63.7012,,0,CAM,12,,34896,-1
veh12,34903,,63.7256,0,CAM_DROP_PHY,5,12,34903,67268
veh12,34940,,63.7621,0,CAM_DROP_PHY,9,12,34940,67304
veh12,699720866066,,63.7821,0,CPM_DROP_PHY,9,12,699720866066,67316
veh12,35006,,63.8113,1,CAM,2,12,35006,-1
veh12,35089,,63.8323,0,CAM_DROP_PHY,8,12,35089,67398
veh12,35077,,63.8336,0,CAM_DROP_PHY,4,12,35077,67388
veh12,35102,,63.8431,1,CAM,7,12,35102,-1
veh12,35172,,63.9023,0,CAM_DROP_PHY,11,12,35172,67475
veh12,699720866344,,63.9106,0,CPM_DROP_PHY,10,12,699720866344,67484
veh12,699720866349,,63.9118,0,CPM_DROP_PHY,2,12,699720866349,67488
veh12,35260,,63.9351,0,CAM_DROP_PHY,3,12,35260,67518
veh12,35286,,63.9583,0,CAM_DROP_PHY,6,12,35286,67540
veh12,699720866411,,63.9783,0,CPM_DROP_PHY,6,12,699720866411,67557
veh12,699720866414,,63.9821,0,CPM_DROP_PHY,9,12,699720866414,67560
veh12,35343,,64.0118,1,CAM,2,12,35343,-1
veh12,35400,,64.0176,1,CAM,5,12,35400,-1
veh12,35439,,64.0621,1,CAM,9,12,35439,-1
veh12,35671,,64.1323,0,CAM_DROP_PHY,8,12,35671,67715
veh12,35658,,64.1336,1,CAM,4,12,35658,-1
veh12,35686,,64.1431,1,CAM,7,12,35686,-1
veh12,35740,,64.2118,0,CAM_DROP_PHY,2,12,35740,67790
veh12,35823,,64.2501,0,CAM_DROP_PHY,3,12,35823,67820
veh12,35841,,64.2583,1,CAM,6,12,35841,-1
veh12,699720866964,,64.2783,0,CPM_DROP_PHY,6,12,699720866964,67847
veh12,35878,,64.2906,1,CAM,10,12,35878,-1
veh12,35954,64.3012,,0,CAM,12,,35954,-1
veh12,35960,,64.3176,0,CAM_DROP_PHY,5,12,35960,67900
veh12,35998,,64.3606,0,CAM_DROP_PHY,9,12,35998,67939
veh12,699720867122,,64.3806,0,CPM_DROP_PHY,9,12,699720867122,67951
veh12,36059,,64.4118,0,CAM_DROP_PHY,2,12,36059,67996
veh12,36139,,64.4323,0,CAM_DROP_PHY,8,12,36139,68024
veh12,36126,,64.4336,0,CAM_DROP_PHY,4,12,36126,68014
veh12,36151,,64.4606,1,CAM,7,12,36151,-1
veh12,36199,,64.5006,0,CAM_DROP_PHY,11,12,36199,68086
veh12,699720867369,,64.5106,0,CPM_DROP_PHY,10,12,699720867369,68093
veh12,699720867405,,64.5406,0,CPM_DROP_PHY,7,12,699720867405,68130
veh12,36287,,64.5501,0,CAM_DROP_PHY,3,12,36287,68128
veh12,699720867403,,64.5501,0,CPM_DROP_PHY,3,12,699720867403,68128
veh12,36313,,64.5583,0,CAM_DROP_PHY,6,12,36313,68147
veh12,36355,,64.6118,0,CAM_DROP_PHY,2,12,36355,68188
veh12,36413,,64.6186,0,CAM_DROP_PHY,5,12,36413,68194
veh12,36450,,64.6606,0,CAM_DROP_PHY,9,12,36450,68233
veh12,36677,,64.7323,0,CAM_DROP_PHY,8,12,36677,68295
veh12,36664,,64.7366,1,CAM,4,12,36664,-1
veh12,699720867782,,64.7386,0,CPM_DROP_PHY,5,12,699720867782,68292
veh12,36693,,64.7606,0,CAM_DROP_PHY,7,12,36693,68319
veh12,36746,,64.8118,1,CAM,2,12,36746,-1
veh12,36825,,64.8501,0,CAM_DROP_PHY,3,12,36825,68398
veh12,36845,,64.8696,0,CAM_DROP_PHY,6,12,36845,68413
veh12,699720867965,,64.8696,0,CPM_DROP_PHY,6,12,699720867965,68413
veh12,36876,,64.8891,1,CAM,10,12,36876,-1
veh12,36944,64.9012,,0,CAM,12,,36944,-1
veh12,36952,,64.9186,0,CAM_DROP_PHY,5,12,36952,68465
veh12,36989,,64.9606,0,CAM_DROP_PHY,9,12,36989,68505
veh12,37032,,65.0118,1,CAM,2,12,37032,-1
veh12,37099,,65.0366,0,CAM_DROP_PHY,4,12,37099,68554
veh12,37111,,65.0463,1,CAM,8,12,37111,-1
veh12,37123,,65.0606,0,CAM_DROP_PHY,7,12,37123,68578
veh12,37187,,65.1006,0,CAM_DROP_PHY,11,12,37187,68643
veh12,699720868287,,65.1063,0,CPM_DROP_PHY,8,12,699720868287,68629
veh12,37266,,65.1466,0,CAM_DROP_PHY,3,12,37266,68677
veh12,37284,,65.1696,0,CAM_DROP_PHY,6,12,37284,68692
veh12,37325,,65.2078,0,CAM_DROP_PHY,2,12,37325,68728
veh12,37385,,65.2186,0,CAM_DROP_PHY,5,12,37385,68736
veh12,37443,,65.2606,0,CAM_DROP_PHY,9,12,37443,68798
veh12,37547,,65.3366,0,CAM_DROP_PHY,4,12,37547,68851
veh12,37659,,65.3463,1,CAM,8,12,37659,-1
veh12,37672,,65.3606,0,CAM_DROP_PHY,7,12,37672,68870
veh12,699720868831,,65.4043,0,CPM_DROP_PHY,11,12,699720868831,68916
veh12,37723,,65.4078,0,CAM_DROP_PHY,2,12,37723,68919
veh12,699720868910,,65.4431,0,CPM_DROP_PHY,5,12,699720868910,68948
veh12,37808,,65.4466,1,CAM,3,12,37808,-1
veh12,37833,,65.4696,0,CAM_DROP_PHY,6,12,37833,68975
veh12,37865,,65.4851,0,CAM_DROP_PHY,10,12,37865,69007
veh12,37931,65.5012,,0,CAM,12,,37931,-1
veh12,37937,,65.5231,1,CAM,5,12,37937,-1
veh12,37978,,65.5606,0,CAM_DROP_PHY,9,12,37978,69076
veh12,699720869101,,65.5696,0,CPM_DROP_PHY,6,12,699720869101,69083
veh12,38027,,65.6078,0,CAM_DROP_PHY,2,12,38027,69117
veh12,38098,,65.6366,1,CAM,4,12,38098,-1
veh12,38110,,65.6463,0,CAM_DROP_PHY,8,12,38110,69146
veh12,38122,,65.6553,0,CAM_DROP_PHY,7,12,38122,69154
veh12,38174,,65.7043,0,CAM_DROP_PHY,11,12,38174,69205
veh12,38258,,65.7466,0,CAM_DROP_PHY,3,12,38258,69233
veh12,38279,,65.7696,1,CAM,6,12,38279,-1
veh12,699720869404,,65.7711,0,CPM_DROP_PHY,4,12,699720869404,69260
veh12,699720869434,,65.8063,0,CPM_DROP_PHY,8,12,699720869434,69289
veh12,38332,,65.8078,1,CAM,2,12,38332,-1
veh12,38402,,65.8231,0,CAM_DROP_PHY,5,12,38402,69309
veh12,699720869521,,65.8281,0,CPM_DROP_PHY,10,12,699720869521,69316
veh12,699720869553,,65.8466,0,CPM_DROP_PHY,3,12,699720869553,69352
veh12,38463,,65.8588,1,CAM,9,12,38463,-1
veh12,38680,,65.9311,0,CAM_DROP_PHY,4,12,38680,69431
veh12,38692,,65.9436,1,CAM,8,12,38692,-1
veh12,38703,,65.9553,0,CAM_DROP_PHY,7,12,38703,69450
veh12,38756,,66.0126,0,CAM_DROP_PHY,2,12,38756,69498
veh12,38847,,66.0466,1,CAM,3,12,38847,-1
veh12,38867,,66.0681,1,CAM,6,12,38867,-1
veh12,38899,,66.0881,0,CAM_DROP_PHY,10,12,38899,69585
veh12,40493,66.1012,,0,CAM,12,,40493,-1
veh12,40499,,66.1231,0,CAM_DROP_PHY,5,12,40499,69614
veh12,40537,,66.1588,0,CAM_DROP_PHY,9,12,40537,69654
veh12,699720871660,,66.1681,0,CPM_DROP_PHY,6,12,699720871660,69663
veh12,40590,,66.1996,1,CAM,11,12,40590,-1
veh12,40585,,66.2126,0,CAM_DROP_PHY,2,12,40585,69695
veh12,40674,,66.2278,1,CAM,4,12,40674,-1
veh12,40688,,66.2436,1,CAM,8,12,40688,-1
veh12,40700,,66.2553,1,CAM,7,12,40700,-1
veh12,699720871836,,66.2788,0,CPM_DROP_PHY,9,12,699720871836,69767
veh12,699720871957,,66.3126,0,CPM_DROP_PHY,2,12,699720871957,69820
veh12,40870,,66.3466,1,CAM,3,12,40870,-1
veh12,699720871988,,66.3553,0,CPM_DROP_PHY,7,12,699720871988,69849
veh12,40899,,66.3681,1,CAM,6,12,40899,-1
veh12,40950,,66.4126,1,CAM,2,12,40950,-1
veh12,41025,,66.4231,1,CAM,5,12,41025,-1
veh12,41072,,66.4588,0,CAM_DROP_PHY,9,12,41072,69957
veh12,41211,,66.5278,1,CAM,4,12,41211,-1
veh12,41237,,66.5436,1,CAM,8,12,41237,-1
veh12,41250,,66.5553,0,CAM_DROP_PHY,7,12,41250,70022
veh12,41329,,66.6126,1,CAM,2,12,41329,-1
veh12,699720872658,,66.6126,0,CPM_DROP_PHY,2,12,699720872658,70069
veh12,41578,,66.6383,1,CAM,3,12,41578,-1
veh12,41601,,66.6681,1,CAM,6,12,41601,-1
veh12,699720872727,,66.6681,0,CPM_DROP_PHY,6,12,699720872727,70129
veh12,41640,,66.6881,1,CAM,10,12,41640,-1
veh12,41659,,66.6996,0,CAM_DROP_PHY,11,12,41659,70180
veh12,41726,66.7012,,0,CAM,12,,41726,-1
veh12,41733,,66.7231,0,CAM_DROP_PHY,5,12,41733,70191
veh12,41781,,66.7691,0,CAM_DROP_PHY,9,12,41781,70237
veh12,699720872947,,66.7996,0,CPM_DROP_PHY,11,12,699720872947,70277
veh12,41840,,66.8021,0,CAM_DROP_PHY,2,12,41840,70280
veh12,699720873041,,66.8221,0,CPM_DROP_PHY,2,12,699720873041,70308
veh12,41937,,66.8278,0,CAM_DROP_PHY,4,12,41937,70324
veh12,699720873072,,66.8383,0,CPM_DROP_PHY,3,12,699720873072,70347
veh12,41952,,66.8436,1,CAM,8,12,41952,-1
veh12,699720873075,,66.8541,0,CPM_DROP_PHY,7,12,699720873075,70348
veh12,41974,,66.8541,0,CAM_DROP_PHY,7,12,41974,70348
veh12,42120,,66.9383,0,CAM_DROP_PHY,3,12,42120,70428
veh12,42143,,66.9681,0,CAM_DROP_PHY,6,12,42143,70442
veh12,42186,,67.0021,1,CAM,2,12,42186,-1
veh12,42258,,67.0163,0,CAM_DROP_PHY,5,12,42258,70485
veh12,42298,,67.0691,1,CAM,9,12,42298,-1
veh12,699720873452,,67.0958,0,CPM_DROP_PHY,11,12,699720873452,70554
veh12,42426,,67.1278,0,CAM_DROP_PHY,4,12,42426,70578
veh12,42541,,67.1436,0,CAM_DROP_PHY,8,12,42541,70587
veh12,42553,,67.1541,1,CAM,7,12,42553,-1
veh12,42605,,67.2021,1,CAM,2,12,42605,-1
veh12,699720873817,,67.2363,0,CPM_DROP_PHY,5,12,699720873817,70669
veh12,42716,,67.2381,0,CAM_DROP_PHY,3,12,42716,70681
veh12,42743,,67.2701,0,CAM_DROP_PHY,6,12,42743,70707
veh12,42781,,67.2888,0,CAM_DROP_PHY,10,12,42781,70738
veh12,42870,67.3012,,0,CAM,12,,42870,-1
veh12,42876,,67.3163,1,CAM,5,12,42876,-1
veh12,42928,,67.3691,0,CAM_DROP_PHY,9,12,42928,70818
veh12,42983,,67.4021,1,CAM,2,12,42983,-1
veh12,699720874085,,67.4036,0,CPM_DROP_PHY,8,12,699720874085,70854
veh12,699720874178,,67.4088,0,CPM_DROP_PHY,10,12,699720874178,70876
veh12,43081,,67.4313,1,CAM,4,12,43081,-1
veh12,43100,,67.4436,0,CAM_DROP_PHY,8,12,43100,70910
veh12,43122,,67.4461,0,CAM_DROP_PHY,7,12,43122,70923
veh12,43290,,67.5381,1,CAM,3,12,43290,-1
veh12,43311,,67.5701,0,CAM_DROP_PHY,6,12,43311,71027
veh12,43359,,67.6021,1,CAM,2,12,43359,-1
veh12,43435,,67.6163,1,CAM,5,12,43435,-1
veh12,699720874655,,67.6221,0,CPM_DROP_PHY,2,12,699720874655,71079
veh12,43586,,67.6621,0,CAM_DROP_PHY,9,12,43586,71122
veh12,699720874464,,67.6958,0,CPM_DROP_PHY,11,12,699720874464,71058
veh12,699720874820,,67.7246,0,CPM_DROP_PHY,2,12,699720874820,71163
veh12,43715,,67.7313,0,CAM_DROP_PHY,4,12,43715,71168
veh12,43754,,67.7461,0,CAM_DROP_PHY,7,12,43754,71204
veh12,43735,,67.7488,0,CAM_DROP_PHY,8,12,43735,71182
veh12,43817,,67.8046,1,CAM,2,12,43817,-1
veh12,699720875006,,67.8088,0,CPM_DROP_PHY,10,12,699720875006,71274
veh12,43929,,67.8381,1,CAM,3,12,43929,-1
veh12,43951,,67.8701,0,CAM_DROP_PHY,6,12,43951,71329
veh12,43988,,67.8888,0,CAM_DROP_PHY,10,12,43988,71359
veh12,44083,67.9012,,0,CAM,12,,44083,-1
veh12,44017,,67.9016,0,CAM_DROP_PHY,11,12,44017,71393
veh12,44090,,67.9128,1,CAM,5,12,44090,-1
veh12,44157,,67.9621,1,CAM,9,12,44157,-1
veh12,44203,,68.0046,0,CAM_DROP_PHY,2,12,44203,71512
veh12,44297,,68.0313,0,CAM_DROP_PHY,4,12,44297,71540
veh12,44324,,68.0461,1,CAM,7,12,44324,-1
veh12,44574,,68.1381,1,CAM,3,12,44574,-1
veh12,44310,,68.1406,1,CAM,8,12,44310,-1
veh12,44596,,68.1701,0,CAM_DROP_PHY,6,12,44596,71662
veh12,44645,,68.2046,0,CAM_DROP_PHY,2,12,44645,71695
veh12,44728,,68.2128,1,CAM,5,12,44728,-1
veh12,44780,,68.2646,1,CAM,9,12,44780,-1
veh12,44915,,68.3208,1,CAM,4,12,44915,-1
veh12,44938,,68.3406,0,CAM_DROP_PHY,8,12,44938,71850
veh12,44952,,68.3461,0,CAM_DROP_PHY,7,12,44952,71868
veh12,45016,,68.4046,0,CAM_DROP_PHY,2,12,45016,71926
veh12,45127,,68.4381,1,CAM,3,12,45127,-1
veh12,699720876242,,68.4381,0,CPM_DROP_PHY,3,12,699720876242,71977
veh12,45154,,68.4718,0,CAM_DROP_PHY,6,12,45154,72001
veh12,45265,68.5012,,0,CAM,12,,45265,-1
veh12,45270,,68.5086,0,CAM_DROP_PHY,5,12,45270,72054
veh12,45201,,68.5126,0,CAM_DROP_PHY,11,12,45201,72046
veh12,45321,,68.5646,1,CAM,9,12,45321,-1
veh12,45183,,68.5811,1,CAM,10,12,45183,-1
veh12,45362,,68.6011,0,CAM_DROP_PHY,2,12,45362,72148
veh12,45446,,68.6208,1,CAM,4,12,45446,-1
veh12,45562,,68.6406,1,CAM,8,12,45562,-1
veh12,45576,,68.6456,1,CAM,7,12,45576,-1
veh12,699720876737,,68.7126,0,CPM_DROP_PHY,11,12,699720876737,72243
veh12,45729,,68.7373,0,CAM_DROP_PHY,3,12,45729,72280
veh12,45752,,68.7718,0,CAM_DROP_PHY,6,12,45752,72299
veh12,45793,,68.8011,0,CAM_DROP_PHY,2,12,45793,72330
veh12,45866,,68.8086,1,CAM,5,12,45866,-1
veh12,699720876988,,68.8211,0,CPM_DROP_PHY,2,12,699720876988,72349
veh12,699720876983,,68.8216,0,CPM_DROP_PHY,10,12,699720876983,72345
veh12,45922,,68.8646,0,CAM_DROP_PHY,9,12,45922,72401
veh12,699720877084,,68.9126,0,CPM_DROP_PHY,11,12,699720877084,72449
veh12,46061,,68.9208,0,CAM_DROP_PHY,4,12,46061,72466
veh12,699720877163,,68.9211,0,CPM_DROP_PHY,2,12,699720877163,72460
veh12,699720877158,,68.9216,0,CPM_DROP_PHY,10,12,699720877158,72458
veh12,46080,,68.9406,1,CAM,8,12,46080,-1
veh12,46098,,68.9456,0,CAM_DROP_PHY,7,12,46098,72512
veh12,46162,,69.0011,0,CAM_DROP_PHY,2,12,46162,72569
veh12,699720877353,,69.0211,0,CPM_DROP_PHY,2,12,699720877353,72591
veh12,46269,,69.0373,0,CAM_DROP_PHY,3,12,46269,72618
veh12,699720877385,,69.0373,0,CPM_DROP_PHY,3,12,699720877385,72618
veh12,699720877388,,69.0456,0,CPM_DROP_PHY,7,12,699720877388,72624
veh12,46300,,69.0656,1,CAM,6,12,46300,-1
veh12,46329,,69.0816,0,CAM_DROP_PHY,10,12,46329,72670
veh12,46412,69.1012,,0,CAM,12,,46412,-1
veh12,46417,,69.1086,0,CAM_DROP_PHY,5,12,46417,72698
veh12,46348,,69.1111,0,CAM_DROP_PHY,11,12,46348,72689
veh12,699720877540,,69.1211,0,CPM_DROP_PHY,2,12,699720877540,72707
veh12,699720877534,,69.1216,0,CPM_DROP_PHY,10,12,699720877534,72702
veh12,46571,,69.1646,0,CAM_DROP_PHY,9,12,46571,72760
veh12,46613,,69.2066,1,CAM,2,12,46613,-1
veh12,46698,,69.2208,1,CAM,4,12,46698,-1
veh12,46721,,69.2406,1,CAM,8,12,46721,-1
veh12,46736,,69.2441,0,CAM_DROP_PHY,7,12,46736,72853
veh12,699720877967,,69.3216,0,CPM_DROP_PHY,10,12,699720877967,72904
veh12,46892,,69.3373,0,CAM_DROP_PHY,3,12,46892,72936
veh12,46914,,69.3656,0,CAM_DROP_PHY,6,12,46914,72959
veh12,46954,,69.4066,0,CAM_DROP_PHY,2,12,46954,72989
veh12,47025,,69.4086,0,CAM_DROP_PHY,5,12,47025,73001
veh12,699720878163,,69.4286,0,CPM_DROP_PHY,5,12,699720878163,73020
veh12,47085,,69.4646,0,CAM_DROP_PHY,9,12,47085,73061
veh12,699720878209,,69.4656,0,CPM_DROP_PHY,6,12,699720878209,73068
veh12,47214,,69.5208,1,CAM,4,12,47214,-1
veh12,699720878315,,69.5216,0,CPM_DROP_PHY,10,12,699720878315,73117
veh12,699720878321,,69.5266,0,CPM_DROP_PHY,2,12,699720878321,73119
veh12,47235,,69.5396,0,CAM_DROP_PHY,8,12,47235,73148
veh12,47252,,69.5441,1,CAM,7,12,47252,-1
veh12,47321,,69.6066,0,CAM_DROP_PHY,2,12,47321,73222
veh12,699720878428,,69.6078,0,CPM_DROP_PHY,11,12,699720878428,73218
veh12,699720878512,,69.6216,0,CPM_DROP_PHY,10,12,699720878512,73242
veh12,47425,,69.6373,0,CAM_DROP_PHY,3,12,47425,73271
veh12,47456,,69.6656,1,CAM,6,12,47456,-1
veh12,47585,,69.6816,0,CAM_DROP_PHY,10,12,47585,73322
veh12,47670,69.7012,,0,CAM,12,,47670,-1
veh12,47607,,69.7078,0,CAM_DROP_PHY,11,12,47607,73337
veh12,47675,,69.7086,0,CAM_DROP_PHY,5,12,47675,73350
veh12,699720878796,,69.7216,0,CPM_DROP_PHY,10,12,699720878796,73358
veh12,699720878802,,69.7261,0,CPM_DROP_PHY,2,12,699720878802,73363
veh12,47732,,69.7596,0,CAM_DROP_PHY,9,12,47732,73414
veh12,47775,,69.8061,0,CAM_DROP_PHY,2,12,47775,73444
veh12,47852,,69.8276,0,CAM_DROP_PHY,4,12,47852,73467
veh12,47868,,69.8396,1,CAM,8,12,47868,-1
veh12,47883,,69.8441,0,CAM_DROP_PHY,7,12,47883,73499
veh12,699720879114,,69.9216,0,CPM_DROP_PHY,10,12,699720879114,73552
veh12,48025,,69.9373,0,CAM_DROP_PHY,3,12,48025,73574
veh12,48049,,69.9626,0,CAM_DROP_PHY,6,12,48049,73597
veh12,48090,,70.0061,0,CAM_DROP_PHY,2,12,48090,73627
veh12,48154,,70.0121,1,CAM,5,12,48154,-1
veh12,699720879288,,70.0321,0,CPM_DROP_PHY,5,12,699720879288,73658
veh12,48204,,70.0596,0,CAM_DROP_PHY,9,12,48204,73690
veh12,699720879432,,70.1208,0,CPM_DROP_PHY,10,12,699720879432,73747
veh12,48331,,70.1276,0,CAM_DROP_PHY,4,12,48331,73752
veh12,48348,,70.1396,0,CAM_DROP_PHY,8,12,48348,73769
veh12,48361,,70.1441,0,CAM_DROP_PHY,7,12,48361,73785
veh12,699720879493,,70.1776,0,CPM_DROP_PHY,9,12,699720879493,73807
veh12,48425,,70.1991,1,CAM,2,12,48425,-1
veh12,48619,,70.2521,1,CAM,3,12,48619,-1
veh12,699720879735,,70.2521,0,CPM_DROP_PHY,3,12,699720879735,73887
veh12,48644,,70.2626,0,CAM_DROP_PHY,6,12,48644,73907
veh12,48677,,70.2808,0,CAM_DROP_PHY,10,12,48677,73937
veh12,48755,70.3012,,0,CAM,12,,48755,-1
veh12,48699,,70.3091,1,CAM,11,12,48699,-1
veh12,48762,,70.3121,0,CAM_DROP_PHY,5,12,48762,73965
veh12,699720879878,,70.3208,0,CPM_DROP_PHY,10,12,699720879878,73968
veh12,48819,,70.3576,0,CAM_DROP_PHY,9,12,48819,74025
veh12,48862,,70.3991,0,CAM_DROP_PHY,2,12,48862,74057
veh12,699720880037,,70.4208,0,CPM_DROP_PHY,10,12,699720880037,74072
veh12,48934,,70.4276,0,CAM_DROP_PHY,4,12,48934,74080
veh12,48953,,70.4376,0,CAM_DROP_PHY,8,12,48953,74096
veh12,48966,,70.4441,0,CAM_DROP_PHY,7,12,48966,74111
veh12,699720880128,,70.5091,0,CPM_DROP_PHY,11,12,699720880128,74152
veh12,699720880191,,70.5208,0,CPM_DROP_PHY,10,12,699720880191,74161
veh12,49091,,70.5226,1,CAM,4,12,49091,-1
veh12,49113,,70.5521,1,CAM,3,12,49113,-1
veh12,49132,,70.5611,0,CAM_DROP_PHY,6,12,49132,74212
veh12,49175,,70.5991,1,CAM,2,12,49175,-1
veh12,49239,,70.6121,1,CAM,5,12,49239,-1
veh12,49252,,70.6343,1,CAM,4,12,49252,-1
veh12,49292,,70.6576,0,CAM_DROP_PHY,9,12,49292,74318
veh12,699720880456,,70.7091,0,CPM_DROP_PHY,11,12,699720880456,74365
veh12,699720880520,,70.7208,0,CPM_DROP_PHY,10,12,699720880520,74375
veh12,49423,,70.7226,1,CAM,4,12,49423,-1
veh12,49441,,70.7376,0,CAM_DROP_PHY,8,12,49441,74406
veh12,49454,,70.7593,0,CAM_DROP_PHY,7,12,49454,74422
veh12,699720880590,,70.7826,0,CPM_DROP_PHY,4,12,699720880590,74447
veh12,49616,,70.8158,1,CAM,2,12,49616,-1
veh12,49692,,70.8226,0,CAM_DROP_PHY,4,12,49692,74506
veh12,49715,,70.8558,1,CAM,3,12,49715,-1
veh12,699720880831,,70.8558,0,CPM_DROP_PHY,3,12,699720880831,74528
veh12,49742,,70.8611,1,CAM,6,12,49742,-1
veh12,49777,,70.8808,0,CAM_DROP_PHY,10,12,49777,74582
veh12,49854,70.9012,,0,CAM,12,,49854,-1
veh12,49795,,70.9091,1,CAM,11,12,49795,-1
veh12,49860,,70.9093,1,CAM,5,12,49860,-1
veh12,49909,,70.9576,0,CAM_DROP_PHY,9,12,49909,74661
veh12,49952,,71.0158,0,CAM_DROP_PHY,2,12,49952,74693
veh12,50024,,71.0226,1,CAM,4,12,50024,-1
veh12,50037,,71.0396,0,CAM_DROP_PHY,8,12,50037,74725
veh12,50050,,71.0593,0,CAM_DROP_PHY,7,12,50050,74740
veh12,50183,,71.1358,0,CAM_DROP_PHY,3,12,50183,74808
veh12,50203,,71.1576,0,CAM_DROP_PHY,6,12,50203,74827
veh12,50305,,71.2093,0,CAM_DROP_PHY,5,12,50305,74867
veh12,50242,,71.2158,0,CAM_DROP_PHY,2,12,50242,74859
veh12,50349,,71.2576,0,CAM_DROP_PHY,9,12,50349,74914
veh12,50467,,71.3093,0,CAM_DROP_PHY,5,12,50467,74969
veh12,50480,,71.3226,1,CAM,4,12,50480,-1
veh12,50493,,71.3396,0,CAM_DROP_PHY,8,12,50493,74994
veh12,50605,,71.3593,0,CAM_DROP_PHY,7,12,50605,75009
veh12,699720881768,,71.3996,0,CPM_DROP_PHY,8,12,699720881768,75053
veh12,50736,,71.4093,1,CAM,5,12,50736,-1
veh12,50667,,71.4158,0,CAM_DROP_PHY,2,12,50667,75065
veh12,50770,,71.4358,1,CAM,3,12,50770,-1
veh12,50799,,71.4706,1,CAM,9,12,50799,-1
veh12,50833,,71.4808,0,CAM_DROP_PHY,10,12,50833,75177
veh12,50912,71.5012,,0,CAM,12,,50912,-1
veh12,50850,,71.5091,1,CAM,11,12,50850,-1
veh12,50918,,71.5093,0,CAM_DROP_PHY,5,12,50918,75205
veh12,50939,,71.5226,0,CAM_DROP_PHY,4,12,50939,75233
veh12,50955,,71.5396,0,CAM_DROP_PHY,8,12,50955,75249
veh12,51076,,71.6093,1,CAM,5,12,51076,-1
veh12,51012,,71.6231,1,CAM,2,12,51012,-1
veh12,51111,,71.6496,0,CAM_DROP_PHY,7,12,51111,75337
veh12,51242,,71.7358,0,CAM_DROP_PHY,3,12,51242,75404
veh12,51260,,71.7638,0,CAM_DROP_PHY,9,12,51260,75423
veh12,51310,,71.8031,0,CAM_DROP_PHY,2,12,51310,75463
veh12,51376,,71.8093,1,CAM,5,12,51376,-1
veh12,51389,,71.8226,0,CAM_DROP_PHY,4,12,51389,75487
veh12,51409,,71.8358,0,CAM_DROP_PHY,8,12,51409,75506
veh12,51265,,71.8576,1,CAM,6,12,51265,-1
veh12,51666,,71.9496,0,CAM_DROP_PHY,7,12,51666,75598
veh12,699720882797,,71.9638,0,CPM_DROP_PHY,9,12,699720882797,75617
veh12,699720882829,,71.9958,0,CPM_DROP_PHY,8,12,699720882829,75645
veh12,51730,,72.0031,0,CAM_DROP_PHY,2,12,51730,75655
veh12,51802,,72.0086,0,CAM_DROP_PHY,5,12,51802,75671
veh12,699720882918,,72.0233,0,CPM_DROP_PHY,10,12,699720882918,75676
veh12,51831,,72.0483,1,CAM,3,12,51831,-1
veh12,51861,,72.0598,0,CAM_DROP_PHY,6,12,51861,75727
veh12,51856,,72.0638,1,CAM,9,12,51856,-1
veh12,51894,,72.0833,1,CAM,10,12,51894,-1
veh12,51974,72.1012,,0,CAM,12,,51974,-1
veh12,51912,,72.1056,0,CAM_DROP_PHY,11,12,51912,75781
veh12,51994,,72.1208,1,CAM,4,12,51994,-1
veh12,699720883100,,72.1231,0,CPM_DROP_PHY,2,12,699720883100,75802
veh12,52011,,72.1358,0,CAM_DROP_PHY,8,12,52011,75833
veh12,52033,,72.1598,0,CAM_DROP_PHY,6,12,52033,75851
veh12,52075,,72.2031,1,CAM,2,12,52075,-1
veh12,52185,,72.2598,1,CAM,6,12,52185,-1
veh12,52174,,72.2626,0,CAM_DROP_PHY,7,12,52174,75918
veh12,52298,,72.3086,0,CAM_DROP_PHY,5,12,52298,75975
veh12,52322,,72.3483,0,CAM_DROP_PHY,3,12,52322,76001
veh12,52343,,72.3598,0,CAM_DROP_PHY,6,12,52343,76017
veh12,52338,,72.3638,1,CAM,9,12,52338,-1
veh12,52386,,72.4031,0,CAM_DROP_PHY,2,12,52386,76059
veh12,52459,,72.4208,0,CAM_DROP_PHY,4,12,52459,76078
veh12,52477,,72.4358,1,CAM,8,12,52477,-1
veh12,52500,,72.4598,1,CAM,6,12,52500,-1
veh12,52649,,72.5031,0,CAM_DROP_PHY,2,12,52649,76171
veh12,52749,,72.5598,0,CAM_DROP_PHY,6,12,52749,76211
veh12,52736,,72.5626,1,CAM,7,12,52736,-1
veh12,699720883876,,72.5808,0,CPM_DROP_PHY,4,12,699720883876,76232
veh12,699720883904,,72.5958,0,CPM_DROP_PHY,8,12,699720883904,76252
veh12,52804,,72.6031,0,CAM_DROP_PHY,2,12,52804,76268
veh12,52864,,72.6086,0,CAM_DROP_PHY,5,12,52864,76283
veh12,699720883981,,72.6121,0,CPM_DROP_PHY,10,12,699720883981,76287
veh12,699720884012,,72.6426,0,CPM_DROP_PHY,7,12,699720884012,76321
veh12,52893,,72.6498,0,CAM_DROP_PHY,3,12,52893,76318
veh12,52920,,72.6568,0,CAM_DROP_PHY,9,12,52920,76340
veh12,52951,,72.6921,0,CAM_DROP_PHY,10,12,52951,76367
veh12,53023,72.7012,,0,CAM,12,,53023,-1
veh12,52966,,72.7031,0,CAM_DROP_PHY,2,12,52966,76383
veh12,52970,,72.7056,0,CAM_DROP_PHY,11,12,52970,76384
veh12,53044,,72.7208,0,CAM_DROP_PHY,4,12,53044,76421
veh12,699720884150,,72.7231,0,CPM_DROP_PHY,2,12,699720884150,76413
veh12,53060,,72.7358,0,CAM_DROP_PHY,8,12,53060,76444
veh12,53081,,72.7598,1,CAM,6,12,53081,-1
veh12,53120,,72.8031,0,CAM_DROP_PHY,2,12,53120,76497
veh12,53191,,72.8208,1,CAM,4,12,53191,-1
veh12,53213,,72.8626,0,CAM_DROP_PHY,7,12,53213,76538
veh12,699720884369,,72.9056,0,CPM_DROP_PHY,11,12,699720884369,76574
veh12,53322,,72.9086,1,CAM,5,12,53322,-1
veh12,53334,,72.9208,0,CAM_DROP_PHY,4,12,53334,76602
veh12,53350,,72.9498,0,CAM_DROP_PHY,3,12,53350,76619
veh12,53369,,72.9568,0,CAM_DROP_PHY,9,12,53369,76633
veh12,53410,,73.0121,0,CAM_DROP_PHY,2,12,53410,76672
veh12,53484,,73.0213,1,CAM,4,12,53484,-1
veh12,53501,,73.0358,1,CAM,8,12,53501,-1
veh12,53525,,73.0598,0,CAM_DROP_PHY,6,12,53525,76732
veh12,53743,,73.1213,0,CAM_DROP_PHY,4,12,53743,76797
veh12,53764,,73.1626,0,CAM_DROP_PHY,7,12,53764,76818
veh12,699720884924,,73.1958,0,CPM_DROP_PHY,8,12,699720884924,76859
veh12,53826,,73.2121,1,CAM,2,12,53826,-1
veh12,699720885007,,73.2121,0,CPM_DROP_PHY,10,12,699720885007,76883
veh12,53892,,73.2191,1,CAM,5,12,53892,-1
veh12,53924,,73.2498,0,CAM_DROP_PHY,3,12,53924,76922
veh12,53951,,73.2556,0,CAM_DROP_PHY,9,12,53951,76943
veh12,53981,,73.2921,1,CAM,10,12,53981,-1
veh12,54061,73.3012,,0,CAM,12,,54061,-1
veh12,53998,,73.3121,1,CAM,11,12,53998,-1
veh12,54081,,73.3213,0,CAM_DROP_PHY,4,12,54081,77016
veh12,54096,,73.3358,1,CAM,8,12,54096,-1
veh12,54117,,73.3663,1,CAM,6,12,54117,-1
veh12,54156,,73.4121,0,CAM_DROP_PHY,2,12,54156,77094
veh12,54249,,73.4626,0,CAM_DROP_PHY,7,12,54249,77128
veh12,54361,,73.5191,1,CAM,5,12,54361,-1
veh12,54388,,73.5498,1,CAM,3,12,54388,-1
veh12,54405,,73.5556,0,CAM_DROP_PHY,9,12,54405,77214
veh12,54448,,73.6121,1,CAM,2,12,54448,-1
veh12,54527,,73.6306,1,CAM,4,12,54527,-1
veh12,54542,,73.6358,1,CAM,8,12,54542,-1
veh12,54669,,73.6663,0,CAM_DROP_PHY,6,12,54669,77316
veh12,54784,,73.7191,0,CAM_DROP_PHY,5,12,54784,77361
veh12,54806,,73.7358,0,CAM_DROP_PHY,8,12,54806,77383
veh12,54819,,73.7536,0,CAM_DROP_PHY,7,12,54819,77395
veh12,54885,,73.8076,1,CAM,2,12,54885,-1
veh12,54955,,73.8191,0,CAM_DROP_PHY,5,12,54955,77462
veh12,699720886074,,73.8276,0,CPM_DROP_PHY,10,12,699720886074,77467
veh12,54987,,73.8358,1,CAM,8,12,54987,-1
veh12,54993,,73.8521,0,CAM_DROP_PHY,3,12,54993,77504
veh12,699720886111,,73.8536,0,CPM_DROP_PHY,7,12,699720886111,77511
veh12,55014,,73.8556,0,CAM_DROP_PHY,9,12,55014,77524
veh12,55052,,73.8876,1,CAM,10,12,55052,-1
veh12,55137,73.9012,,0,CAM,12,,55137,-1
veh12,55071,,73.9121,0,CAM_DROP_PHY,11,12,55071,77581
veh12,55158,,73.9306,1,CAM,4,12,55158,-1
veh12,55175,,73.9361,1,CAM,8,12,55175,-1
veh12,55198,,73.9663,0,CAM_DROP_PHY,6,12,55198,77659
veh12,55237,,74.0076,0,CAM_DROP_PHY,2,12,55237,77692
veh12,55335,,74.0536,0,CAM_DROP_PHY,7,12,55335,77724
veh12,55383,,74.1076,0,CAM_DROP_PHY,2,12,55383,77765
veh12,55482,,74.1361,0,CAM_DROP_PHY,8,12,55482,77804
veh12,55487,,74.1521,0,CAM_DROP_PHY,3,12,55487,77808
veh12,55505,,74.1526,0,CAM_DROP_PHY,9,12,55505,77825
veh12,55547,,74.2076,0,CAM_DROP_PHY,2,12,55547,77867
veh12,55459,,74.2191,0,CAM_DROP_PHY,5,12,55459,77771
veh12,55729,,74.2306,1,CAM,4,12,55729,-1
veh12,55767,,74.2616,1,CAM,6,12,55767,-1
veh12,55816,,74.3076,1,CAM,2,12,55816,-1
veh12,55882,,74.3183,1,CAM,5,12,55882,-1
veh12,55907,,74.3361,1,CAM,8,12,55907,-1
veh12,55920,,74.3536,0,CAM_DROP_PHY,7,12,55920,78015
veh12,699720887055,,74.3706,0,CPM_DROP_PHY,4,12,699720887055,78039
veh12,699720887083,,74.3961,0,CPM_DROP_PHY,8,12,699720887083,78064
veh12,56069,,74.4521,0,CAM_DROP_PHY,3,12,56069,78109
veh12,56088,,74.4526,0,CAM_DROP_PHY,9,12,56088,78120
veh12,699720887187,,74.4536,0,CPM_DROP_PHY,7,12,699720887187,78112
veh12,56123,,74.4796,0,CAM_DROP_PHY,10,12,56123,78159
veh12,56204,74.5012,,0,CAM,12,,56204,-1
veh12,56143,,74.5066,0,CAM_DROP_PHY,11,12,56143,78179
veh12,56139,,74.5076,0,CAM_DROP_PHY,2,12,56139,78177
veh12,56224,,74.5306,0,CAM_DROP_PHY,4,12,56224,78209
veh12,56261,,74.5616,0,CAM_DROP_PHY,6,12,56261,78248
veh12,56364,,74.6183,0,CAM_DROP_PHY,5,12,56364,78285
veh12,56387,,74.6466,0,CAM_DROP_PHY,8,12,56387,78307
veh12,56398,,74.6536,0,CAM_DROP_PHY,7,12,56398,78314
veh12,56414,,74.6616,1,CAM,6,12,56414,-1
veh12,56409,,74.6683,1,CAM,9,12,56409,-1
veh12,56466,,74.7078,0,CAM_DROP_PHY,2,12,56466,78376
veh12,56570,,74.7521,0,CAM_DROP_PHY,3,12,56570,78413
veh12,56593,,74.7616,0,CAM_DROP_PHY,6,12,56593,78427
veh12,56588,,74.7683,1,CAM,9,12,56588,-1
veh12,56827,,74.8316,1,CAM,4,12,56827,-1
veh12,56868,,74.8616,0,CAM_DROP_PHY,6,12,56868,78520
veh12,56861,,74.8683,0,CAM_DROP_PHY,9,12,56861,78515
veh12,56922,,74.9078,1,CAM,2,12,56922,-1
veh12,56993,,74.9183,1,CAM,5,12,56993,-1
veh12,57009,,74.9316,0,CAM_DROP_PHY,4,12,57009,78597
veh12,57022,,74.9466,0,CAM_DROP_PHY,8,12,57022,78609
veh12,57035,,74.9498,1,CAM,7,12,57035,-1
veh12,57047,,74.9683,1,CAM,9,12,57047,-1
veh12,699720888178,,74.9716,0,CPM_DROP_PHY,4,12,699720888178,78652
veh12,57189,,75.0316,0,CAM_DROP_PHY,4,12,57189,78709
veh12,699720888325,,75.0498,0,CPM_DROP_PHY,7,12,699720888325,78729
veh12,57208,,75.0521,0,CAM_DROP_PHY,3,12,57208,78727
veh12,699720888323,,75.0521,0,CPM_DROP_PHY,3,12,699720888323,78727
veh12,57234,,75.0616,1,CAM,6,12,57234,-1
veh12,57268,,75.0796,0,CAM_DROP_PHY,10,12,57268,78779
veh12,57354,75.1012,,0,CAM,12,,57354,-1
veh12,57288,,75.1066,0,CAM_DROP_PHY,11,12,57288,78799
veh12,57284,,75.1078,1,CAM,2,12,57284,-1
veh12,57376,,75.1316,0,CAM_DROP_PHY,4,12,57376,78832
veh12,57413,,75.1683,1,CAM,9,12,57413,-1
veh12,57460,,75.2078,0,CAM_DROP_PHY,2,12,57460,78900
veh12,57534,,75.2183,0,CAM_DROP_PHY,5,12,57534,78907
veh12,57560,,75.2466,1,CAM,8,12,57560,-1
veh12,57571,,75.2498,0,CAM_DROP_PHY,7,12,57571,78943
veh12,57628,,75.3078,1,CAM,2,12,57628,-1
veh12,57818,,75.3316,0,CAM_DROP_PHY,4,12,57818,79017
veh12,57833,,75.3438,1,CAM,3,12,57833,-1
veh12,57843,,75.3498,0,CAM_DROP_PHY,7,12,57843,79034
veh12,57861,,75.3603,1,CAM,6,12,57861,-1
veh12,57856,,75.3683,1,CAM,9,12,57856,-1
veh12,57911,,75.4078,0,CAM_DROP_PHY,2,12,57911,79098
veh12,58020,,75.4498,1,CAM,7,12,58020,-1
veh12,58158,,75.5183,0,CAM_DROP_PHY,5,12,58158,79199
veh12,58180,,75.5468,1,CAM,8,12,58180,-1
veh12,58191,,75.5498,0,CAM_DROP_PHY,7,12,58191,79228
veh12,58268,,75.6078,0,CAM_DROP_PHY,2,12,58268,79296
veh12,699720889462,,75.6196,0,CPM_DROP_PHY,10,12,699720889462,79307
veh12,58360,,75.6316,0,CAM_DROP_PHY,4,12,58360,79321
veh12,58379,,75.6438,0,CAM_DROP_PHY,3,12,58379,79338
veh12,699720889498,,75.6498,0,CPM_DROP_PHY,7,12,699720889498,79340
veh12,58392,,75.6498,0,CAM_DROP_PHY,7,12,58392,79340
veh12,58415,,75.6603,0,CAM_DROP_PHY,6,12,58415,79363
veh12,58410,,75.6683,1,CAM,9,12,58410,-1
veh12,58451,,75.6796,1,CAM,10,12,58451,-1
veh12,58470,,75.6993,0,CAM_DROP_PHY,11,12,58470,79418
veh12,58543,75.7012,,0,CAM,12,,58543,-1
veh12,699720889746,,75.7993,0,CPM_DROP_PHY,11,12,699720889746,79496
veh12,58639,,75.8078,0,CAM_DROP_PHY,2,12,58639,79498
veh12,58819,,75.8163,0,CAM_DROP_PHY,5,12,58819,79510
veh12,58845,,75.8468,0,CAM_DROP_PHY,8,12,58845,79540
veh12,58856,,75.8498,0,CAM_DROP_PHY,7,12,58856,79547
veh12,58977,,75.9163,0,CAM_DROP_PHY,5,12,58977,79597
veh12,58990,,75.9296,1,CAM,4,12,58990,-1
veh12,59006,,75.9438,0,CAM_DROP_PHY,3,12,59006,79625
veh12,59028,,75.9603,0,CAM_DROP_PHY,6,12,59028,79644
veh12,59023,,75.9683,1,CAM,9,12,59023,-1
veh12,59077,,76.0018,1,CAM,2,12,59077,-1
veh12,59151,,76.0163,0,CAM_DROP_PHY,5,12,59151,79697
veh12,59177,,76.0468,0,CAM_DROP_PHY,8,12,59177,79723
veh12,699720890327,,76.0803,0,CPM_DROP_PHY,6,12,699720890327,79762
veh12,699720890369,,76.0933,0,CPM_DROP_PHY,8,12,699720890369,79795
veh12,59340,,76.1163,1,CAM,5,12,59340,-1
veh12,59362,,76.1468,0,CAM_DROP_PHY,8,12,59362,79841
veh12,59374,,76.1498,0,CAM_DROP_PHY,7,12,59374,79849
veh12,59428,,76.2018,1,CAM,2,12,59428,-1
veh12,59518,,76.2296,1,CAM,4,12,59518,-1
veh12,59538,,76.2438,0,CAM_DROP_PHY,3,12,59538,79935
veh12,59566,,76.2513,1,CAM,9,12,59566,-1
veh12,59533,,76.2533,0,CAM_DROP_PHY,8,12,59533,79933
veh12,59571,,76.2603,0,CAM_DROP_PHY,6,12,59571,79966
veh12,59608,,76.2816,0,CAM_DROP_PHY,10,12,59608,80003
veh12,59629,,76.2993,0,CAM_DROP_PHY,11,12,59629,80021
veh12,59701,76.3012,,0,CAM,12,,59701,-1
veh12,59709,,76.3151,0,CAM_DROP_PHY,5,12,59709,80035
veh12,699720890928,,76.3218,0,CPM_DROP_PHY,2,12,699720890928,80038
veh12,59840,,76.3468,0,CAM_DROP_PHY,8,12,59840,80069
veh12,60009,,76.4481,0,CAM_DROP_PHY,7,12,60009,80159
veh12,60136,,76.5151,1,CAM,5,12,60136,-1
veh12,60150,,76.5296,0,CAM_DROP_PHY,4,12,60150,80220
veh12,60168,,76.5413,0,CAM_DROP_PHY,3,12,60168,80237
veh12,60187,,76.5513,0,CAM_DROP_PHY,9,12,60187,80258
veh12,60164,,76.5533,0,CAM_DROP_PHY,8,12,60164,80236
veh12,60193,,76.5603,0,CAM_DROP_PHY,6,12,60193,80263
veh12,60061,,76.6018,0,CAM_DROP_PHY,2,12,60061,80196
veh12,60241,,76.6018,0,CAM_DROP_PHY,2,12,60241,80307
veh12,699720891440,,76.6351,0,CPM_DROP_PHY,5,12,699720891440,80330
veh12,60357,,76.6603,0,CAM_DROP_PHY,6,12,60357,80355
veh12,699720891486,,76.6696,0,CPM_DROP_PHY,4,12,699720891486,80367
veh12,699720891479,,76.6803,0,CPM_DROP_PHY,6,12,699720891479,80363
veh12,60425,,76.7018,0,CAM_DROP_PHY,2,12,60425,80426
veh12,60511,,76.7296,0,CAM_DROP_PHY,4,12,60511,80445
veh12,60536,,76.7481,0,CAM_DROP_PHY,7,12,60536,80468
veh12,60524,,76.7533,0,CAM_DROP_PHY,8,12,60524,80458
veh12,60549,,76.7603,0,CAM_DROP_PHY,6,12,60549,80483
veh12,60666,,76.8151,0,CAM_DROP_PHY,5,12,60666,80526
veh12,60680,,76.8296,0,CAM_DROP_PHY,4,12,60680,80538
veh12,60700,,76.8413,1,CAM,3,12,60700,-1
veh12,60826,,76.8513,1,CAM,9,12,60826,-1
veh12,60832,,76.8603,1,CAM,6,12,60832,-1
veh12,60864,,76.8816,0,CAM_DROP_PHY,10,12,60864,80622
veh12,60959,76.9012,,0,CAM,12,,60959,-1
veh12,60882,,76.9153,1,CAM,2,12,60882,-1
veh12,60887,,76.9156,0,CAM_DROP_PHY,11,12,60887,80643
veh12,60983,,76.9296,1,CAM,4,12,60983,-1
veh12,699720892164,,76.9956,0,CPM_DROP_PHY,11,12,699720892164,80727
veh12,61151,,77.0398,0,CAM_DROP_PHY,8,12,61151,80757
veh12,61165,,77.0481,0,CAM_DROP_PHY,7,12,61165,80767
veh12,61176,,77.0511,0,CAM_DROP_PHY,9,12,61176,80779
veh12,61183,,77.0603,0,CAM_DROP_PHY,6,12,61183,80784
veh12,61307,,77.1151,0,CAM_DROP_PHY,5,12,61307,80830
veh12,61228,,77.1153,1,CAM,2,12,61228,-1
veh12,61325,,77.1296,0,CAM_DROP_PHY,4,12,61325,80848
veh12,699720892443,,77.1351,0,CPM_DROP_PHY,5,12,699720892443,80853
veh12,61342,,77.1413,0,CAM_DROP_PHY,3,12,61342,80865
veh12,61364,,77.1511,0,CAM_DROP_PHY,9,12,61364,80889
veh12,699720892498,,77.1696,0,CPM_DROP_PHY,4,12,699720892498,80913
veh12,699720892495,,77.1711,0,CPM_DROP_PHY,9,12,699720892495,80911
veh12,699720892492,,77.1803,0,CPM_DROP_PHY,6,12,699720892492,80910
veh12,61540,,77.2413,1,CAM,3,12,61540,-1
veh12,61558,,77.2511,1,CAM,9,12,61558,-1
veh12,61564,,77.2603,1,CAM,6,12,61564,-1
veh12,61611,,77.3153,0,CAM_DROP_PHY,2,12,61611,81047
veh12,61725,,77.3321,0,CAM_DROP_PHY,8,12,61725,81081
veh12,61711,,77.3341,1,CAM,4,12,61711,-1
veh12,61731,,77.3413,1,CAM,3,12,61731,-1
veh12,699720892847,,77.3413,0,CPM_DROP_PHY,3,12,699720892847,81090
veh12,699720892850,,77.3481,0,CPM_DROP_PHY,7,12,699720892850,81096
veh12,61849,,77.3481,1,CAM,7,12,61849,-1
veh12,61864,,77.3511,0,CAM_DROP_PHY,9,12,61864,81117
veh12,61994,,77.4086,0,CAM_DROP_PHY,5,12,61994,81165
veh12,62023,,77.4413,1,CAM,3,12,62023,-1
veh12,62043,,77.4603,0,CAM_DROP_PHY,6,12,62043,81210
veh12,62078,,77.4993,1,CAM,10,12,62078,-1
veh12,62179,77.5012,,0,CAM,12,,62179,-1
veh12,62186,,77.5086,0,CAM_DROP_PHY,5,12,62186,81273
veh12,62103,,77.5148,0,CAM_DROP_PHY,11,12,62103,81255
veh12,62099,,77.5153,1,CAM,2,12,62099,-1
veh12,62204,,77.5341,1,CAM,4,12,62204,-1
veh12,62235,,77.5511,0,CAM_DROP_PHY,9,12,62235,81332
veh12,62360,,77.6086,0,CAM_DROP_PHY,5,12,62360,81371
veh12,62388,,77.6321,0,CAM_DROP_PHY,8,12,62388,81398
veh12,62394,,77.6413,0,CAM_DROP_PHY,3,12,62394,81404
veh12,62404,,77.6481,0,CAM_DROP_PHY,7,12,62404,81413
veh12,699720893542,,77.6701,0,CPM_DROP_PHY,9,12,699720893542,81444
veh12,62569,,77.7086,1,CAM,5,12,62569,-1
veh12,62491,,77.7153,1,CAM,2,12,62491,-1
veh12,62604,,77.7471,0,CAM_DROP_PHY,7,12,62604,81543
veh12,62620,,77.7571,0,CAM_DROP_PHY,6,12,62620,81554
veh12,62616,,77.7701,1,CAM,9,12,62616,-1
veh12,62849,,77.8086,0,CAM_DROP_PHY,5,12,62849,81602
veh12,62867,,77.8341,0,CAM_DROP_PHY,4,12,62867,81621
veh12,62883,,77.8378,0,CAM_DROP_PHY,3,12,62883,81637
veh12,62900,,77.8591,0,CAM_DROP_PHY,7,12,62900,81642
veh12,62958,,77.9153,0,CAM_DROP_PHY,2,12,62958,81696
veh12,63065,,77.9321,0,CAM_DROP_PHY,8,12,63065,81720
veh12,63079,,77.9471,0,CAM_DROP_PHY,7,12,63079,81733
veh12,63092,,77.9701,0,CAM_DROP_PHY,9,12,63092,81744
veh12,699720894250,,77.9948,0,CPM_DROP_PHY,11,12,699720894250,81780
veh12,63143,,77.9988,0,CAM_DROP_PHY,2,12,63143,81786
veh12,63233,,78.0086,0,CAM_DROP_PHY,5,12,63233,81802
veh12,63264,,78.0471,0,CAM_DROP_PHY,7,12,63264,81831
veh12,63276,,78.0571,0,CAM_DROP_PHY,6,12,63276,81841
veh12,63311,,78.0921,0,CAM_DROP_PHY,10,12,63311,81869
veh12,63328,,78.0988,1,CAM,2,12,63328,-1
veh12,63415,78.1012,,0,CAM,12,,63415,-1
veh12,63333,,78.1148,0,CAM_DROP_PHY,11,12,63333,81888
veh12,699720894553,,78.1286,0,CPM_DROP_PHY,5,12,699720894553,81924
veh12,63451,,78.1321,0,CAM_DROP_PHY,8,12,63451,81933
veh12,63434,,78.1341,1,CAM,4,12,63434,-1
veh12,63459,,78.1378,0,CAM_DROP_PHY,3,12,63459,81942
veh12,63471,,78.1591,0,CAM_DROP_PHY,7,12,63471,81954
veh12,699720894655,,78.1921,0,CPM_DROP_PHY,8,12,699720894655,82027
veh12,63555,,78.1988,0,CAM_DROP_PHY,2,12,63555,82041
veh12,63640,,78.2086,0,CAM_DROP_PHY,5,12,63640,82056
veh12,63662,,78.2321,0,CAM_DROP_PHY,8,12,63662,82078
veh12,63684,,78.2701,1,CAM,9,12,63684,-1
veh12,63930,,78.3321,1,CAM,8,12,63930,-1
veh12,699720895048,,78.3378,0,CPM_DROP_PHY,3,12,699720895048,82165
veh12,63964,,78.3571,0,CAM_DROP_PHY,6,12,63964,82191
veh12,63949,,78.3591,0,CAM_DROP_PHY,7,12,63949,82166
veh12,64013,,78.3988,1,CAM,2,12,64013,-1
veh12,64106,,78.4091,1,CAM,5,12,64106,-1
veh12,64131,,78.4341,1,CAM,4,12,64131,-1
veh12,64148,,78.4378,0,CAM_DROP_PHY,3,12,64148,82283
veh12,64171,,78.4571,0,CAM_DROP_PHY,6,12,64171,82306
veh12,64332,,78.5316,0,CAM_DROP_PHY,8,12,64332,82368
veh12,64362,,78.5571,1,CAM,6,12,64362,-1
veh12,64357,,78.5651,1,CAM,9,12,64357,-1
veh12,64413,,78.6168,0,CAM_DROP_PHY,2,12,64413,82436
veh12,699720895622,,78.6291,0,CPM_DROP_PHY,5,12,699720895622,82452
veh12,64530,,78.6471,0,CAM_DROP_PHY,7,12,64530,82471
veh12,64548,,78.6548,0,CAM_DROP_PHY,6,12,64548,82486
veh12,699720895675,,78.6651,0,CPM_DROP_PHY,9,12,699720895675,82500
veh12,699720895686,,78.6741,0,CPM_DROP_PHY,4,12,699720895686,82511
veh12,64604,,78.6881,1,CAM,10,12,64604,-1
veh12,64717,78.7012,,0,CAM,12,,64717,-1
veh12,64633,,78.7036,1,CAM,11,12,64633,-1
veh12,64726,,78.7091,0,CAM_DROP_PHY,5,12,64726,82584
veh12,699720895842,,78.7281,0,CPM_DROP_PHY,10,12,699720895842,82586
veh12,64759,,78.7316,0,CAM_DROP_PHY,8,12,64759,82616
veh12,64741,,78.7341,0,CAM_DROP_PHY,4,12,64741,82603
veh12,64765,,78.7358,0,CAM_DROP_PHY,3,12,64765,82623
veh12,64790,,78.7548,1,CAM,6,12,64790,-1
veh12,64933,,78.8168,1,CAM,2,12,64933,-1
veh12,699720896158,,78.8358,0,CPM_DROP_PHY,3,12,699720896158,82722
veh12,699720896161,,78.8416,0,CPM_DROP_PHY,7,12,699720896161,82726
veh12,65074,,78.8548,0,CAM_DROP_PHY,6,12,65074,82749
veh12,65069,,78.8651,0,CAM_DROP_PHY,9,12,65069,82746
veh12,699720896320,,78.9281,0,CPM_DROP_PHY,10,12,699720896320,82798
veh12,699720896342,,78.9291,0,CPM_DROP_PHY,5,12,699720896342,82812
veh12,65247,,78.9316,1,CAM,8,12,65247,-1
veh12,65222,,78.9341,0,CAM_DROP_PHY,4,12,65222,82809
veh12,65264,,78.9616,1,CAM,7,12,65264,-1
veh12,65418,,79.0091,1,CAM,5,12,65418,-1
veh12,65321,,79.0168,0,CAM_DROP_PHY,2,12,65321,82897
veh12,699720896534,,79.0281,0,CPM_DROP_PHY,10,12,699720896534,82908
veh12,65436,,79.0341,0,CAM_DROP_PHY,4,12,65436,82924
veh12,65463,,79.0358,0,CAM_DROP_PHY,3,12,65463,82948
veh12,65488,,79.0548,0,CAM_DROP_PHY,6,12,65488,82981
veh12,115,,79.1233,1,CAM,4,12,115,-1
veh12,699720896770,,79.1291,0,CPM_DROP_PHY,5,12,699720896770,83045
veh12,157,,79.1611,1,CAM,9,12,157,-1
veh12,699720896820,,79.1748,0,CPM_DROP_PHY,6,12,699720896820,83094
veh12,699720896823,,79.1811,0,CPM_DROP_PHY,9,12,699720896823,83095
veh12,699720896869,,79.1911,0,CPM_DROP_PHY,8,12,699720896869,83132
veh12,236,,79.2168,0,CAM_DROP_PHY,2,12,236,83154
veh12,443,,79.2233,1,CAM,4,12,443,-1
veh12,699720897080,,79.2281,0,CPM_DROP_PHY,10,12,699720897080,83165
veh12,466,,79.2511,0,CAM_DROP_PHY,8,12,466,83195
veh12,490,,79.2611,0,CAM_DROP_PHY,9,12,490,83221
veh12,480,,79.2616,1,CAM,7,12,480,-1
veh12,528,,79.2881,0,CAM_DROP_PHY,10,12,528,83256
veh12,632,79.3012,,0,CAM,12,,632,-1
veh12,548,,79.3056,0,CAM_DROP_PHY,11,12,548,83276
veh12,640,,79.3091,0,CAM_DROP_PHY,5,12,640,83289
veh12,656,,79.3233,1,CAM,4,12,656,-1
veh12,699720897310,,79.3291,0,CPM_DROP_PHY,5,12,699720897310,83313
veh12,681,,79.3358,1,CAM,3,12,681,-1
veh12,699720897333,,79.3358,0,CPM_DROP_PHY,3,12,699720897333,83333
veh12,699720897337,,79.3416,0,CPM_DROP_PHY,7,12,699720897337,83342
veh12,715,,79.3548,0,CAM_DROP_PHY,6,12,715,83370
veh12,710,,79.3611,1,CAM,9,12,710,-1
veh12,763,,79.4168,1,CAM,2,12,763,-1
veh12,892,,79.4358,1,CAM,3,12,892,-1
veh12,699720897616,,79.5056,0,CPM_DROP_PHY,11,12,699720897616,83506
veh12,699720897718,,79.5228,0,CPM_DROP_PHY,10,12,699720897718,83520
veh12,1082,,79.5233,0,CAM_DROP_PHY,4,12,1082,83529
veh12,1107,,79.5358,1,CAM,3,12,1107,-1
veh12,1122,,79.5436,1,CAM,7,12,1122,-1
veh12,1102,,79.5511,0,CAM_DROP_PHY,8,12,1102,83545
veh12,1136,,79.5611,0,CAM_DROP_PHY,9,12,1136,83582
veh12,1286,,79.6166,0,CAM_DROP_PHY,5,12,1286,83634
veh12,1187,,79.6168,0,CAM_DROP_PHY,2,12,1187,83628
veh12,1323,,79.6358,0,CAM_DROP_PHY,3,12,1323,83668
veh12,1453,,79.6548,0,CAM_DROP_PHY,6,12,1453,83698
veh12,699720898113,,79.6811,0,CPM_DROP_PHY,9,12,699720898113,83709
veh12,1627,,79.7233,1,CAM,4,12,1627,-1
veh12,1647,,79.7358,0,CAM_DROP_PHY,3,12,1647,83802
veh12,699720898281,,79.7366,0,CPM_DROP_PHY,5,12,699720898281,83788
veh12,1664,,79.7436,0,CAM_DROP_PHY,7,12,1664,83820
veh12,1677,,79.7611,1,CAM,9,12,1677,-1
veh12,1818,,79.8166,1,CAM,5,12,1818,-1
veh12,1732,,79.8168,1,CAM,2,12,1732,-1
veh12,699720898488,,79.8366,0,CPM_DROP_PHY,5,12,699720898488,83909
veh12,1877,,79.8436,0,CAM_DROP_PHY,7,12,1877,83931
veh12,1852,,79.8473,1,CAM,8,12,1852,-1
veh12,1930,,79.8828,0,CAM_DROP_PHY,10,12,1930,83993
veh12,2037,79.9012,,0,CAM,12,,2037,-1
veh12,1949,,79.9151,0,CAM_DROP_PHY,11,12,1949,84009
veh12,2042,,79.9166,0,CAM_DROP_PHY,5,12,2042,84018
veh12,699720898697,,79.9228,0,CPM_DROP_PHY,10,12,699720898697,84022
veh12,2090,,79.9358,0,CAM_DROP_PHY,3,12,2090,84067
veh12,2105,,79.9436,1,CAM,7,12,2105,-1
veh12,2085,,79.9473,0,CAM_DROP_PHY,8,12,2085,84066
veh12,2122,,79.9591,0,CAM_DROP_PHY,6,12,2122,84105
veh12,699720898786,,79.9791,0,CPM_DROP_PHY,4,12,699720898786,84127
veh12,699720898833,,79.9951,0,CPM_DROP_PHY,11,12,699720898833,84165
veh12,2295,,80.0166,0,CAM_DROP_PHY,5,12,2295,84181
veh12,2192,,80.0168,0,CAM_DROP_PHY,2,12,2192,84172
veh12,699720898970,,80.0366,0,CPM_DROP_PHY,5,12,699720898970,84205
veh12,2314,,80.0391,0,CAM_DROP_PHY,4,12,2314,84199
veh12,2454,,80.0436,0,CAM_DROP_PHY,7,12,2454,84236
veh12,2336,,80.0473,0,CAM_DROP_PHY,8,12,2336,84218
veh12,2468,,80.0648,0,CAM_DROP_PHY,9,12,2468,84255
veh12,2644,,80.1166,1,CAM,5,12,2644,-1
veh12,2683,,80.1361,0,CAM_DROP_PHY,3,12,2683,84362
veh12,2768,,80.2161,0,CAM_DROP_PHY,2,12,2768,84440
veh12,699720899542,,80.2366,0,CPM_DROP_PHY,5,12,699720899542,84461
veh12,699720899562,,80.2436,0,CPM_DROP_PHY,7,12,699720899562,84476
veh12,2928,,80.2436,1,CAM,7,12,2928,-1
veh12,2947,,80.2591,0,CAM_DROP_PHY,6,12,2947,84508
veh12,699720899772,,80.3161,0,CPM_DROP_PHY,2,12,699720899772,84569
veh12,3115,,80.3166,0,CAM_DROP_PHY,5,12,3115,84566
veh12,699720899767,,80.3228,0,CPM_DROP_PHY,10,12,699720899767,84568
veh12,699720899788,,80.3366,0,CPM_DROP_PHY,5,12,699720899788,84587
veh12,3133,,80.3391,0,CAM_DROP_PHY,4,12,3133,84581
veh12,3181,,80.3648,0,CAM_DROP_PHY,9,12,3181,84633
veh12,699720899883,,80.3951,0,CPM_DROP_PHY,11,12,699720899883,84675
veh12,3455,80.4012,,0,CAM,12,,3455,-1
veh12,3244,,80.4161,1,CAM,2,12,3244,-1
veh12,3497,,80.4361,0,CAM_DROP_PHY,3,12,3497,84727
veh12,3516,,80.4436,1,CAM,7,12,3516,-1
veh12,3154,,80.4473,0,CAM_DROP_PHY,8,12,3154,84601
veh12,3574,,80.4828,0,CAM_DROP_PHY,10,12,3574,84803
veh12,699720900235,,80.4873,0,CPM_DROP_PHY,8,12,699720900235,84816
veh12,3612,,80.5151,0,CAM_DROP_PHY,11,12,3612,84839
veh12,3729,,80.5166,1,CAM,5,12,3729,-1
veh12,699720900381,,80.5228,0,CPM_DROP_PHY,10,12,699720900381,84852
veh12,699720900397,,80.5366,0,CPM_DROP_PHY,5,12,699720900397,84871
veh12,3763,,80.5471,0,CAM_DROP_PHY,8,12,3763,84886
veh12,3796,,80.5591,1,CAM,6,12,3796,-1
veh12,3853,,80.6161,1,CAM,2,12,3853,-1
veh12,4050,,80.6591,0,CAM_DROP_PHY,6,12,4050,85042
veh12,4046,,80.6648,0,CAM_DROP_PHY,9,12,4046,85040
veh12,699720900709,,80.6791,0,CPM_DROP_PHY,6,12,699720900709,85054
veh12,699720900874,,80.7161,0,CPM_DROP_PHY,2,12,699720900874,85100
veh12,3986,,80.7318,0,CAM_DROP_PHY,4,12,3986,84983
veh12,4268,,80.7436,1,CAM,7,12,4268,-1
veh12,4257,,80.7526,0,CAM_DROP_PHY,3,12,4257,85125
veh12,4284,,80.7591,1,CAM,6,12,4284,-1
veh12,699720900953,,80.7718,0,CPM_DROP_PHY,4,12,699720900953,85175
veh12,699720900987,,80.7951,0,CPM_DROP_PHY,11,12,699720900987,85202
veh12,4571,,80.8098,0,CAM_DROP_PHY,5,12,4571,85216
veh12,4348,,80.8161,0,CAM_DROP_PHY,2,12,4348,85208
veh12,699720901240,,80.8298,0,CPM_DROP_PHY,5,12,699720901240,85240
veh12,4609,,80.8471,1,CAM,8,12,4609,-1
veh12,4633,,80.8578,0,CAM_DROP_PHY,9,12,4633,85278
veh12,4640,,80.8591,1,CAM,6,12,4640,-1
veh12,699720901306,,80.8778,0,CPM_DROP_PHY,9,12,699720901306,85302
veh12,699720901487,,80.9271,0,CPM_DROP_PHY,10,12,699720901487,85374
veh12,699720901508,,80.9298,0,CPM_DROP_PHY,5,12,699720901508,85388
veh12,4853,,80.9318,0,CAM_DROP_PHY,4,12,4853,85386
veh12,4896,,80.9578,1,CAM,9,12,4896,-1
veh12,4903,,80.9591,1,CAM,6,12,4903,-1
veh12,699720901571,,80.9718,0,CPM_DROP_PHY,4,12,699720901571,85449
veh12,699720901608,,80.9951,0,CPM_DROP_PHY,11,12,699720901608,85481
veh12,5086,81.0012,,0,CAM,12,,5086,-1
veh12,699720901741,,81.0271,0,CPM_DROP_PHY,10,12,699720901741,85495
veh12,5128,,81.0526,0,CAM_DROP_PHY,3,12,5128,85535
veh12,5165,,81.0526,1,CAM,6,12,5165,-1
veh12,5158,,81.0578,0,CAM_DROP_PHY,9,12,5158,85561
veh12,5147,,81.0601,1,CAM,7,12,5147,-1
veh12,5215,,81.0871,0,CAM_DROP_PHY,10,12,5215,85618
veh12,5234,,81.1151,0,CAM_DROP_PHY,11,12,5234,85637
veh12,5395,,81.1471,0,CAM_DROP_PHY,8,12,5395,85680
veh12,5417,,81.1578,0,CAM_DROP_PHY,9,12,5417,85701
veh12,699720902217,,81.1871,0,CPM_DROP_PHY,8,12,699720902217,85738
veh12,699720902228,,81.1983,0,CPM_DROP_PHY,11,12,699720902228,85752
veh12,5359,,81.2098,1,CAM,5,12,5359,-1
veh12,699720902029,,81.2098,0,CPM_DROP_PHY,5,12,699720902029,85663
veh12,5584,,81.2161,0,CAM_DROP_PHY,2,12,5584,85755
veh12,699720902368,,81.2271,0,CPM_DROP_PHY,10,12,699720902368,85768
veh12,5732,,81.2318,1,CAM,4,12,5732,-1
veh12,5783,,81.2526,1,CAM,6,12,5783,-1
veh12,5778,,81.2578,0,CAM_DROP_PHY,9,12,5778,85823
veh12,699720902448,,81.2778,0,CPM_DROP_PHY,9,12,699720902448,85848
veh12,699720902493,,81.2871,0,CPM_DROP_PHY,8,12,699720902493,85885
veh12,699720902630,,81.3271,0,CPM_DROP_PHY,10,12,699720902630,85910
veh12,699720902643,,81.3298,0,CPM_DROP_PHY,5,12,699720902643,85920
veh12,6016,,81.3526,0,CAM_DROP_PHY,3,12,6016,85934
veh12,6027,,81.3601,1,CAM,7,12,6027,-1
veh12,6220,,81.4098,0,CAM_DROP_PHY,5,12,6220,86014
veh12,6101,,81.4108,0,CAM_DROP_PHY,2,12,6101,86008
veh12,699720902872,,81.4271,0,CPM_DROP_PHY,10,12,699720902872,86015
veh12,699720902919,,81.4401,0,CPM_DROP_PHY,7,12,699720902919,86056
veh12,6264,,81.4471,0,CAM_DROP_PHY,8,12,6264,86050
veh12,6295,,81.4578,1,CAM,9,12,6295,-1
veh12,6282,,81.4601,0,CAM_DROP_PHY,7,12,6282,86069
veh12,6591,,81.5318,0,CAM_DROP_PHY,4,12,6591,86158
veh12,6652,,81.5526,0,CAM_DROP_PHY,6,12,6652,86206
veh12,6638,,81.5601,0,CAM_DROP_PHY,7,12,6638,86195
veh12,699720903313,,81.5673,0,CPM_DROP_PHY,9,12,699720903313,86221
veh12,699720903349,,81.5871,0,CPM_DROP_PHY,8,12,699720903349,86245
veh12,6851,81.6012,,0,CAM,12,,6851,-1
veh12,6720,,81.6108,0,CAM_DROP_PHY,2,12,6720,86263
veh12,699720903507,,81.6271,0,CPM_DROP_PHY,10,12,699720903507,86277
veh12,6898,,81.6511,1,CAM,3,12,6898,-1
veh12,6909,,81.6601,0,CAM_DROP_PHY,7,12,6909,86326
veh12,6921,,81.6673,1,CAM,9,12,6921,-1
veh12,699720903644,,81.6871,0,CPM_DROP_PHY,8,12,699720903644,86399
veh12,6988,,81.6871,0,CAM_DROP_PHY,10,12,6988,86395
veh12,7019,,81.7183,0,CAM_DROP_PHY,11,12,7019,86426
veh12,699720905355,,81.7271,0,CPM_DROP_PHY,10,12,699720905355,86439
veh12,8734,,81.7376,0,CAM_DROP_PHY,8,12,8734,86470
veh12,8738,,81.7511,0,CAM_DROP_PHY,3,12,8738,86472
veh12,8760,,81.7601,0,CAM_DROP_PHY,7,12,8760,86489
veh12,699720905477,,81.7976,0,CPM_DROP_PHY,8,12,699720905477,86551
veh12,8838,,81.8153,0,CAM_DROP_PHY,2,12,8838,86559
veh12,8703,,81.8268,0,CAM_DROP_PHY,5,12,8703,86438
veh12,699720905370,,81.8268,0,CPM_DROP_PHY,5,12,699720905370,86438
veh12,699720905643,,81.8268,0,CPM_DROP_PHY,5,12,699720905643,86585
veh12,699720905624,,81.8271,0,CPM_DROP_PHY,10,12,699720905624,86572
veh12,8988,,81.8318,1,CAM,4,12,8988,-1
veh12,9021,,81.8511,1,CAM,3,12,9021,-1
veh12,699720905899,,81.9153,0,CPM_DROP_PHY,2,12,699720905899,86691
veh12,9287,,81.9573,0,CAM_DROP_PHY,7,12,9287,86727
veh12,9298,,81.9673,0,CAM_DROP_PHY,9,12,9298,86734
veh12,699720905967,,81.9853,0,CPM_DROP_PHY,4,12,699720905967,86751
veh12,699720906000,,81.9976,0,CPM_DROP_PHY,8,12,699720906000,86779
veh12,9365,,82.0153,1,CAM,2,12,9365,-1
veh12,9501,,82.0268,0,CAM_DROP_PHY,5,12,9501,86806
veh12,9542,,82.0376,0,CAM_DROP_PHY,8,12,9542,86847
veh12,9546,,82.0511,0,CAM_DROP_PHY,3,12,9546,86848
veh12,699720905957,,82.0646,0,CPM_DROP_PHY,6,12,699720905957,86743
veh12,699720906531,,82.1216,0,CPM_DROP_PHY,10,12,699720906531,86954
veh12,9895,,82.1253,0,CAM_DROP_PHY,4,12,9895,86963
veh12,9922,,82.1376,0,CAM_DROP_PHY,8,12,9922,86989
veh12,9943,,82.1573,1,CAM,7,12,9943,-1
veh12,10170,82.2012,,0,CAM,12,,10170,-1
veh12,10026,,82.2076,0,CAM_DROP_PHY,2,12,10026,87085
veh12,10214,,82.2376,0,CAM_DROP_PHY,8,12,10214,87137
veh12,10219,,82.2461,0,CAM_DROP_PHY,3,12,10219,87138
veh12,10239,,82.2551,1,CAM,9,12,10239,-1
veh12,10286,,82.2816,0,CAM_DROP_PHY,10,12,10286,87192
veh12,699720906906,,82.2853,0,CPM_DROP_PHY,4,12,699720906906,87180
veh12,10313,,82.3073,1,CAM,11,12,10313,-1
veh12,10453,,82.3268,0,CAM_DROP_PHY,5,12,10453,87231
veh12,10499,,82.3376,1,CAM,8,12,10499,-1
veh12,10566,,82.4076,0,CAM_DROP_PHY,2,12,10566,87317
veh12,10825,,82.4253,1,CAM,4,12,10825,-1
veh12,699720907509,,82.4373,0,CPM_DROP_PHY,7,12,699720907509,87377
veh12,10854,,82.4376,0,CAM_DROP_PHY,8,12,10854,87372
veh12,10873,,82.4573,0,CAM_DROP_PHY,7,12,10873,87390
veh12,699720907778,,82.5268,0,CPM_DROP_PHY,5,12,699720907778,87495
veh12,11143,,82.5376,0,CAM_DROP_PHY,8,12,11143,87512
veh12,11150,,82.5461,0,CAM_DROP_PHY,3,12,11150,87513
veh12,699720907801,,82.5461,0,CPM_DROP_PHY,3,12,699720907801,87513
veh12,11176,,82.5551,0,CAM_DROP_PHY,9,12,11176,87536
veh12,699720907804,,82.5553,0,CPM_DROP_PHY,7,12,699720907804,87517
veh12,10888,,82.5621,1,CAM,6,12,10888,-1
veh12,699720907547,,82.5621,0,CPM_DROP_PHY,6,12,699720907547,87404
veh12,699720907847,,82.5621,0,CPM_DROP_PHY,6,12,699720907847,87560
veh12,11241,,82.6076,0,CAM_DROP_PHY,2,12,11241,87598
veh12,11398,,82.6111,0,CAM_DROP_PHY,5,12,11398,87605
veh12,699720908052,,82.6216,0,CPM_DROP_PHY,10,12,699720908052,87609
veh12,699720908300,,82.7216,0,CPM_DROP_PHY,10,12,699720908300,87692
veh12,11663,,82.7253,0,CAM_DROP_PHY,4,12,11663,87699
veh12,11687,,82.7376,0,CAM_DROP_PHY,8,12,11687,87722
veh12,11709,,82.7553,1,CAM,7,12,11709,-1
veh12,11822,,82.7621,0,CAM_DROP_PHY,6,12,11822,87756
veh12,12022,82.8012,,0,CAM,12,,12022,-1
veh12,11875,,82.8076,0,CAM_DROP_PHY,2,12,11875,87797
veh12,699720908705,,82.8311,0,CPM_DROP_PHY,5,12,699720908705,87835
veh12,12071,,82.8441,0,CAM_DROP_PHY,3,12,12071,87850
veh12,12092,,82.8551,0,CAM_DROP_PHY,9,12,12092,87870
veh12,699720908759,,82.8621,0,CPM_DROP_PHY,6,12,699720908759,87890
veh12,699720908766,,82.8751,0,CPM_DROP_PHY,9,12,699720908766,87894
veh12,12152,,82.8816,1,CAM,10,12,12152,-1
veh12,699720908823,,82.9073,0,CPM_DROP_PHY,11,12,699720908823,87943
veh12,12185,,82.9073,0,CAM_DROP_PHY,11,12,12185,87943
veh12,12335,,82.9111,0,CAM_DROP_PHY,5,12,12335,87961
veh12,12374,,82.9418,0,CAM_DROP_PHY,8,12,12374,88003
veh12,699720909034,,82.9441,0,CPM_DROP_PHY,3,12,699720909034,88006
veh12,12475,,83.0076,0,CAM_DROP_PHY,2,12,12475,88075
veh12,12636,,83.0253,0,CAM_DROP_PHY,4,12,12636,88091
veh12,12677,,83.0553,0,CAM_DROP_PHY,7,12,12677,88131
veh12,12690,,83.0618,1,CAM,6,12,12690,-1
veh12,699720909658,,83.1216,0,CPM_DROP_PHY,10,12,699720909658,88193
veh12,699720909677,,83.1311,0,CPM_DROP_PHY,5,12,699720909677,88205
veh12,13048,,83.1441,1,CAM,3,12,13048,-1
veh12,13069,,83.1551,0,CAM_DROP_PHY,9,12,13069,88245
veh12,699720909732,,83.1618,0,CPM_DROP_PHY,6,12,699720909732,88260
veh12,699720909795,,83.2018,0,CPM_DROP_PHY,8,12,699720909795,88302
veh12,13159,,83.2076,0,CAM_DROP_PHY,2,12,13159,88315
veh12,13319,,83.2111,0,CAM_DROP_PHY,5,12,13319,88325
veh12,699720909973,,83.2216,0,CPM_DROP_PHY,10,12,699720909973,88334
veh12,13355,,83.2418,0,CAM_DROP_PHY,8,12,13355,88376
veh12,13386,,83.2546,0,CAM_DROP_PHY,9,12,13386,88400
veh12,699720910054,,83.2618,0,CPM_DROP_PHY,6,12,699720910054,88415
veh12,13454,,83.2816,1,CAM,10,12,13454,-1
veh12,13643,,83.3253,0,CAM_DROP_PHY,4,12,13643,88500
veh12,699720910305,,83.3311,0,CPM_DROP_PHY,5,12,699720910305,88508
veh12,13677,,83.3441,1,CAM,3,12,13677,-1
veh12,13711,,83.3546,0,CAM_DROP_PHY,9,12,13711,88550
veh12,13695,,83.3553,0,CAM_DROP_PHY,7,12,13695,88530
veh12,13716,,83.3618,1,CAM,6,12,13716,-1
veh12,14038,83.4012,,0,CAM,12,,14038,-1
veh12,13888,,83.4026,0,CAM_DROP_PHY,2,12,13888,88609
veh12,699720910723,,83.4311,0,CPM_DROP_PHY,5,12,699720910723,88648
veh12,14086,,83.4441,1,CAM,3,12,14086,-1
veh12,699720910738,,83.4441,0,CPM_DROP_PHY,3,12,699720910738,88661
veh12,14113,,83.4546,1,CAM,9,12,14113,-1
veh12,699720910741,,83.4553,0,CPM_DROP_PHY,7,12,699720910741,88666
veh12,699720910790,,83.4831,0,CPM_DROP_PHY,4,12,699720910790,88715
veh12,14180,,83.4946,0,CAM_DROP_PHY,10,12,14180,88736
veh12,14205,,83.5086,0,CAM_DROP_PHY,11,12,14205,88752
veh12,14358,,83.5111,1,CAM,5,12,14358,-1
veh12,699720911011,,83.5146,0,CPM_DROP_PHY,10,12,699720911011,88773
veh12,14394,,83.5418,0,CAM_DROP_PHY,8,12,14394,88809
veh12,14402,,83.5441,1,CAM,3,12,14402,-1
veh12,14430,,83.5546,0,CAM_DROP_PHY,9,12,14430,88839
veh12,699720911103,,83.5746,0,CPM_DROP_PHY,9,12,699720911103,88862
veh12,699720911108,,83.5831,0,CPM_DROP_PHY,4,12,699720911108,88869
veh12,699720911153,,83.6018,0,CPM_DROP_PHY,8,12,699720911153,88904
veh12,14518,,83.6026,0,CAM_DROP_PHY,2,12,14518,88916
veh12,699720911331,,83.6146,0,CPM_DROP_PHY,10,12,699720911331,88935
veh12,14702,,83.6231,0,CAM_DROP_PHY,4,12,14702,88952
veh12,699720911382,,83.6383,0,CPM_DROP_PHY,7,12,699720911382,88981
veh12,14726,,83.6441,1,CAM,3,12,14726,-1
veh12,699720911379,,83.6441,0,CPM_DROP_PHY,3,12,699720911379,88977
veh12,14866,,83.6546,0,CAM_DROP_PHY,9,12,14866,89007
veh12,14848,,83.6583,0,CAM_DROP_PHY,7,12,14848,88994
veh12,14873,,83.6588,0,CAM_DROP_PHY,6,12,14873,89010
veh12,14926,,83.6946,1,CAM,10,12,14926,-1
veh12,699720911582,,83.7018,0,CPM_DROP_PHY,8,12,699720911582,89062
veh12,699720911796,,83.7383,0,CPM_DROP_PHY,7,12,699720911796,89119
veh12,15143,,83.7441,1,CAM,3,12,15143,-1
veh12,699720911794,,83.7441,0,CPM_DROP_PHY,3,12,699720911794,89115
veh12,15162,,83.7583,0,CAM_DROP_PHY,7,12,15162,89131
veh12,699720911837,,83.7788,0,CPM_DROP_PHY,6,12,699720911837,89154
veh12,15243,,83.8026,1,CAM,2,12,15243,-1
veh12,699720911886,,83.8078,0,CPM_DROP_PHY,11,12,699720911886,89181
veh12,15396,,83.8078,0,CAM_DROP_PHY,5,12,15396,89196
veh12,15440,,83.8418,1,CAM,8,12,15440,-1
veh12,699720912094,,83.8441,0,CPM_DROP_PHY,3,12,699720912094,89248
veh12,15482,,83.8546,1,CAM,9,12,15482,-1
veh12,15466,,83.8583,0,CAM_DROP_PHY,7,12,15466,89260
veh12,699720912148,,83.8746,0,CPM_DROP_PHY,9,12,699720912148,89299
veh12,15541,,83.8946,1,CAM,10,12,15541,-1
veh12,699720912200,,83.9018,0,CPM_DROP_PHY,8,12,699720912200,89339
veh12,699720912209,,83.9078,0,CPM_DROP_PHY,11,12,699720912209,89350
veh12,15729,,83.9231,0,CAM_DROP_PHY,4,12,15729,89394
veh12,15858,,83.9441,0,CAM_DROP_PHY,3,12,15858,89418
veh12,15876,,83.9583,1,CAM,7,12,15876,-1
veh12,15893,,83.9588,0,CAM_DROP_PHY,6,12,15893,89447
veh12,16108,84.0012,,0,CAM,12,,16108,-1
veh12,15968,,84.0026,0,CAM_DROP_PHY,2,12,15968,89502
veh12,699720912808,,84.0438,0,CPM_DROP_PHY,3,12,699720912808,89564
veh12,16192,,84.0546,1,CAM,9,12,16192,-1
veh12,16174,,84.0583,0,CAM_DROP_PHY,7,12,16174,89576
veh12,699720912858,,84.0831,0,CPM_DROP_PHY,4,12,699720912858,89617
veh12,16239,,84.0946,0,CAM_DROP_PHY,10,12,16239,89625
veh12,699720912906,,84.1078,0,CPM_DROP_PHY,11,12,699720912906,89639
veh12,16265,,84.1078,0,CAM_DROP_PHY,11,12,16265,89639
veh12,16406,,84.1078,0,CAM_DROP_PHY,5,12,16406,89657
veh12,699720913062,,84.1146,0,CPM_DROP_PHY,10,12,699720913062,89664
veh12,16450,,84.1343,0,CAM_DROP_PHY,8,12,16450,89698
veh12,699720913108,,84.1383,0,CPM_DROP_PHY,7,12,699720913108,89708
veh12,16474,,84.1583,0,CAM_DROP_PHY,7,12,16474,89720
veh12,699720913154,,84.1746,0,CPM_DROP_PHY,9,12,699720913154,89751
veh12,16573,,84.2026,1,CAM,2,12,16573,-1
veh12,699720913212,,84.2078,0,CPM_DROP_PHY,11,12,699720913212,89797
veh12,699720913401,,84.2278,0,CPM_DROP_PHY,5,12,699720913401,89847
veh12,16745,,84.2316,0,CAM_DROP_PHY,4,12,16745,89840
veh12,699720913527,,84.2383,0,CPM_DROP_PHY,7,12,699720913527,89869
veh12,16871,,84.2438,0,CAM_DROP_PHY,3,12,16871,89861
veh12,699720913523,,84.2438,0,CPM_DROP_PHY,3,12,699720913523,89861
veh12,16891,,84.2583,1,CAM,7,12,16891,-1
veh12,16911,,84.2588,0,CAM_DROP_PHY,6,12,16911,89898
veh12,16959,,84.2946,0,CAM_DROP_PHY,10,12,16959,89937
veh12,17173,,84.3546,0,CAM_DROP_PHY,9,12,17173,90006
veh12,17238,,84.4026,0,CAM_DROP_PHY,2,12,17238,90050
veh12,699720914033,,84.4146,0,CPM_DROP_PHY,10,12,699720914033,90062
veh12,17381,,84.4248,1,CAM,5,12,17381,-1
veh12,17415,,84.4343,1,CAM,8,12,17415,-1
veh12,699720914070,,84.4438,0,CPM_DROP_PHY,3,12,699720914070,90103
veh12,699720914072,,84.4458,0,CPM_DROP_PHY,7,12,699720914072,90105
veh12,17433,,84.4458,1,CAM,7,12,17433,-1
veh12,699720914115,,84.4788,0,CPM_DROP_PHY,6,12,699720914115,90144
veh12,699720914172,,84.5078,0,CPM_DROP_PHY,11,12,699720914172,90180
veh12,17684,,84.5316,0,CAM_DROP_PHY,4,12,17684,90210
veh12,17706,,84.5438,0,CAM_DROP_PHY,3,12,17706,90229
veh12,699720914358,,84.5438,0,CPM_DROP_PHY,3,12,699720914358,90229
veh12,699720914361,,84.5458,0,CPM_DROP_PHY,7,12,699720914361,90237
veh12,17743,,84.5588,0,CAM_DROP_PHY,6,12,17743,90261
veh12,17905,,84.5946,0,CAM_DROP_PHY,10,12,17905,90308
veh12,18072,84.6012,,0,CAM,12,,18072,-1
veh12,17931,,84.6041,1,CAM,2,12,17931,-1
veh12,699720914732,,84.6146,0,CPM_DROP_PHY,10,12,699720914732,90358
veh12,699720914756,,84.6248,0,CPM_DROP_PHY,5,12,699720914756,90375
veh12,699720914775,,84.6458,0,CPM_DROP_PHY,7,12,699720914775,90400
veh12,18140,,84.6458,0,CAM_DROP_PHY,7,12,18140,90400
veh12,18158,,84.6546,0,CAM_DROP_PHY,9,12,18158,90419
veh12,18216,,84.7078,1,CAM,11,12,18216,-1
veh12,699720915002,,84.7146,0,CPM_DROP_PHY,10,12,699720915002,90469
veh12,18348,,84.7248,0,CAM_DROP_PHY,5,12,18348,90465
veh12,18380,,84.7343,0,CAM_DROP_PHY,8,12,18380,90497
veh12,699720915076,,84.7746,0,CPM_DROP_PHY,9,12,699720915076,90540
veh12,18475,,84.8041,1,CAM,2,12,18475,-1
veh12,18625,,84.8206,0,CAM_DROP_PHY,4,12,18625,90593
veh12,699720915267,,84.8241,0,CPM_DROP_PHY,2,12,699720915267,90584
veh12,699720915281,,84.8248,0,CPM_DROP_PHY,5,12,699720915281,90598
veh12,18652,,84.8381,0,CAM_DROP_PHY,3,12,18652,90621
veh12,18686,,84.8638,1,CAM,6,12,18686,-1
veh12,699720915629,,84.9248,0,CPM_DROP_PHY,5,12,699720915629,90714
veh12,19012,,84.9458,0,CAM_DROP_PHY,7,12,19012,90734
veh12,19027,,84.9546,1,CAM,9,12,19027,-1
veh12,699720915691,,84.9638,0,CPM_DROP_PHY,6,12,699720915691,90772
veh12,19088,,84.9891,0,CAM_DROP_PHY,10,12,19088,90803
veh12,19114,,85.0041,0,CAM_DROP_PHY,2,12,19114,90832
veh12,19234,,85.0248,0,CAM_DROP_PHY,5,12,19234,90851
veh12,19265,,85.0483,0,CAM_DROP_PHY,8,12,19265,90882
veh12,699720916003,,85.1061,0,CPM_DROP_PHY,11,12,699720916003,90945
veh12,699720916136,,85.1091,0,CPM_DROP_PHY,10,12,699720916136,90963
veh12,19503,,85.1206,1,CAM,4,12,19503,-1
veh12,19519,,85.1381,0,CAM_DROP_PHY,3,12,19519,90996
veh12,19549,,85.1638,0,CAM_DROP_PHY,6,12,19549,91016
veh12,19729,85.2012,,0,CAM,12,,19729,-1
veh12,19612,,85.2041,0,CAM_DROP_PHY,2,12,19612,91056
veh12,699720916391,,85.2091,0,CPM_DROP_PHY,10,12,699720916391,91073
veh12,699720916428,,85.2381,0,CPM_DROP_PHY,3,12,699720916428,91113
veh12,19795,,85.2458,0,CAM_DROP_PHY,7,12,19795,91124
veh12,19807,,85.2683,0,CAM_DROP_PHY,9,12,19807,91139
veh12,699720916472,,85.2683,0,CPM_DROP_PHY,9,12,699720916472,91139
veh12,699720916620,,85.3061,0,CPM_DROP_PHY,11,12,699720916620,91183
veh12,19978,,85.3061,0,CAM_DROP_PHY,11,12,19978,91183
veh12,699720916748,,85.3091,0,CPM_DROP_PHY,10,12,699720916748,91198
veh12,20097,,85.3228,1,CAM,5,12,20097,-1
veh12,699720916783,,85.3381,0,CPM_DROP_PHY,3,12,699720916783,91232
veh12,699720916767,,85.3428,0,CPM_DROP_PHY,5,12,699720916767,91214
veh12,20129,,85.3483,0,CAM_DROP_PHY,8,12,20129,91227
veh12,699720916830,,85.3638,0,CPM_DROP_PHY,6,12,699720916830,91278
veh12,20227,,85.3891,0,CAM_DROP_PHY,10,12,20227,91308
veh12,20254,,85.4041,1,CAM,2,12,20254,-1
veh12,699720917020,,85.4091,0,CPM_DROP_PHY,10,12,699720917020,91357
veh12,20388,,85.4206,1,CAM,4,12,20388,-1
veh12,20405,,85.4381,1,CAM,3,12,20405,-1
veh12,699720917057,,85.4381,0,CPM_DROP_PHY,3,12,699720917057,91389
veh12,20438,,85.4638,0,CAM_DROP_PHY,6,12,20438,91412
veh12,20649,,85.5658,0,CAM_DROP_PHY,7,12,20649,91479
veh12,20668,,85.5683,1,CAM,9,12,20668,-1
veh12,20722,,85.6061,0,CAM_DROP_PHY,2,12,20722,91544
veh12,20832,,85.6228,0,CAM_DROP_PHY,5,12,20832,91553
veh12,20974,,85.6381,0,CAM_DROP_PHY,3,12,20974,91593
veh12,699720917628,,85.6381,0,CPM_DROP_PHY,3,12,699720917628,91593
veh12,699720917631,,85.6481,0,CPM_DROP_PHY,7,12,699720917631,91598
veh12,20969,,85.6551,0,CAM_DROP_PHY,8,12,20969,91590
veh12,699720917707,,85.7056,0,CPM_DROP_PHY,11,12,699720917707,91664
veh12,21195,,85.7298,0,CAM_DROP_PHY,4,12,21195,91690
veh12,21212,,85.7381,0,CAM_DROP_PHY,3,12,21212,91707
veh12,699720917849,,85.7428,0,CPM_DROP_PHY,5,12,699720917849,91692
veh12,21245,,85.7573,0,CAM_DROP_PHY,6,12,21245,91734
veh12,699720917909,,85.7683,0,CPM_DROP_PHY,9,12,699720917909,91750
veh12,699720917907,,85.7773,0,CPM_DROP_PHY,6,12,699720917907,91749
veh12,21421,85.8012,,0,CAM,12,,21421,-1
veh12,21323,,85.8061,1,CAM,2,12,21323,-1
veh12,699720918084,,85.8091,0,CPM_DROP_PHY,10,12,699720918084,91824
veh12,21468,,85.8381,0,CAM_DROP_PHY,3,12,21468,91862
veh12,699720918120,,85.8381,0,CPM_DROP_PHY,3,12,699720918120,91862
veh12,21486,,85.8481,1,CAM,7,12,21486,-1
veh12,21501,,85.8683,1,CAM,9,12,21501,-1
veh12,21548,,85.8896,1,CAM,10,12,21548,-1
veh12,21567,,85.9056,1,CAM,11,12,21567,-1
veh12,21664,,85.9163,0,CAM_DROP_PHY,5,12,21664,91947
veh12,21703,,85.9381,1,CAM,3,12,21703,-1
veh12,699720918355,,85.9381,0,CPM_DROP_PHY,3,12,699720918355,91984
veh12,21698,,85.9383,0,CAM_DROP_PHY,8,12,21698,91982
veh12,21780,,86.0061,1,CAM,2,12,21780,-1
veh12,699720918635,,86.0096,0,CPM_DROP_PHY,10,12,699720918635,92048
veh12,699720918645,,86.0261,0,CPM_DROP_PHY,2,12,699720918645,92056
veh12,22026,,86.0383,0,CAM_DROP_PHY,3,12,22026,92088
veh12,699720918678,,86.0383,0,CPM_DROP_PHY,3,12,699720918678,92088
veh12,22057,,86.0573,0,CAM_DROP_PHY,6,12,22057,92116
veh12,699720918749,,86.0983,0,CPM_DROP_PHY,8,12,699720918749,92149
veh12,699720918756,,86.1056,0,CPM_DROP_PHY,11,12,699720918756,92154
veh12,699720918862,,86.1096,0,CPM_DROP_PHY,10,12,699720918862,92168
veh12,22004,,86.1298,1,CAM,4,12,22004,-1
veh12,699720918880,,86.1363,0,CPM_DROP_PHY,5,12,699720918880,92190
veh12,22262,,86.1481,1,CAM,7,12,22262,-1
veh12,22278,,86.1683,1,CAM,9,12,22278,-1
veh12,699720918952,,86.1698,0,CPM_DROP_PHY,4,12,699720918952,92252
veh12,699720918946,,86.1773,0,CPM_DROP_PHY,6,12,699720918946,92249
veh12,22355,,86.2013,1,CAM,2,12,22355,-1
veh12,22459,,86.2163,0,CAM_DROP_PHY,5,12,22459,92304
veh12,22499,,86.2383,0,CAM_DROP_PHY,3,12,22499,92345
veh12,22684,,86.3298,0,CAM_DROP_PHY,4,12,22684,92422
veh12,22725,,86.3573,0,CAM_DROP_PHY,6,12,22725,92459
veh12,22873,86.4012,,0,CAM,12,,22873,-1
veh12,22777,,86.4013,1,CAM,2,12,22777,-1
veh12,699720919530,,86.4096,0,CPM_DROP_PHY,10,12,699720919530,92510
veh12,23014,,86.4383,1,CAM,3,12,23014,-1
veh12,699720919667,,86.4383,0,CPM_DROP_PHY,3,12,699720919667,92543
veh12,23046,,86.4511,1,CAM,9,12,23046,-1
veh12,23035,,86.4611,0,CAM_DROP_PHY,7,12,23035,92559
veh12,23091,,86.4896,0,CAM_DROP_PHY,10,12,23091,92603
veh12,699720919849,,86.5096,0,CPM_DROP_PHY,10,12,699720919849,92627
veh12,23197,,86.5163,1,CAM,5,12,23197,-1
veh12,23109,,86.5183,0,CAM_DROP_PHY,11,12,23109,92618
veh12,699720919887,,86.5383,0,CPM_DROP_PHY,3,12,699720919887,92670
veh12,23402,86.6012,,0,CAM,12,,23402,-1
veh12,23314,,86.6013,0,CAM_DROP_PHY,2,12,23314,92731
veh12,23428,,86.6298,0,CAM_DROP_PHY,4,12,23428,92770
veh12,699720920083,,86.6363,0,CPM_DROP_PHY,5,12,699720920083,92776
veh12,699720920097,,86.6383,0,CPM_DROP_PHY,3,12,699720920097,92788
veh12,23673,,86.7383,0,CAM_DROP_PHY,3,12,23673,92917
veh12,699720920328,,86.7411,0,CPM_DROP_PHY,7,12,699720920328,92920
veh12,23708,,86.7511,0,CAM_DROP_PHY,9,12,23708,92944
veh12,699720920325,,86.7583,0,CPM_DROP_PHY,3,12,699720920325,92917
veh12,23696,,86.7611,0,CAM_DROP_PHY,7,12,23696,92936
veh12,699720920186,,86.7983,0,CPM_DROP_PHY,8,12,699720920186,92875
veh12,23859,86.8012,,0,CAM,12,,23859,-1
veh12,23772,,86.8013,0,CAM_DROP_PHY,2,12,23772,93001
veh12,23869,,86.8163,0,CAM_DROP_PHY,5,12,23869,93018
veh12,24005,,86.8383,0,CAM_DROP_PHY,8,12,24005,93059
veh12,699720920719,,86.8983,0,CPM_DROP_PHY,11,12,699720920719,93109
veh12,24175,,86.9298,0,CAM_DROP_PHY,4,12,24175,93138
veh12,699720920840,,86.9383,0,CPM_DROP_PHY,3,12,699720920840,93152
veh12,24344,87.0012,,0,CAM,12,,24344,-1
veh12,24269,,87.0013,0,CAM_DROP_PHY,2,12,24269,93214
veh12,24386,,87.0383,0,CAM_DROP_PHY,3,12,24386,93262
veh12,24410,,87.0511,1,CAM,9,12,24410,-1
veh12,24398,,87.0611,1,CAM,7,12,24398,-1
veh12,24450,,87.0896,1,CAM,10,12,24450,-1
veh12,24547,87.1012,,0,CAM,12,,24547,-1
veh12,24555,,87.1163,0,CAM_DROP_PHY,5,12,24555,93357
veh12,24472,,87.1183,0,CAM_DROP_PHY,11,12,24472,93344
veh12,699720921245,,87.1383,0,CPM_DROP_PHY,3,12,699720921245,93404
veh12,24591,,87.1563,0,CAM_DROP_PHY,8,12,24591,93401
veh12,699720921293,,87.1833,0,CPM_DROP_PHY,4,12,699720921293,93454
veh12,699720921325,,87.1988,0,CPM_DROP_PHY,8,12,699720921325,93482
veh12,24763,87.2012,,0,CAM,12,,24763,-1
veh12,24688,,87.2013,0,CAM_DROP_PHY,2,12,24688,93490
veh12,24789,,87.2233,0,CAM_DROP_PHY,4,12,24789,93536
veh12,699720921286,,87.2796,0,CPM_DROP_PHY,6,12,699720921286,93451
veh12,24836,,87.2796,0,CAM_DROP_PHY,6,12,24836,93578
veh12,25051,87.3012,,0,CAM,12,,25051,-1
veh12,25079,,87.3383,0,CAM_DROP_PHY,3,12,25079,93641
veh12,699720921731,,87.3383,0,CPM_DROP_PHY,3,12,699720921731,93641
veh12,699720921734,,87.3411,0,CPM_DROP_PHY,7,12,699720921734,93644
veh12,25113,,87.3511,1,CAM,9,12,25113,-1
veh12,25102,,87.3611,0,CAM_DROP_PHY,7,12,25102,93658
veh12,25168,,87.4013,0,CAM_DROP_PHY,2,12,25168,93716
veh12,25248,,87.4141,1,CAM,5,12,25248,-1
veh12,25271,,87.4388,0,CAM_DROP_PHY,8,12,25271,93751
veh12,699720921926,,87.4541,0,CPM_DROP_PHY,3,12,699720921926,93755
veh12,25418,87.5012,,0,CAM,12,,25418,-1
veh12,25439,,87.5233,0,CAM_DROP_PHY,4,12,25439,93835
veh12,699720922109,,87.5541,0,CPM_DROP_PHY,3,12,699720922109,93854
veh12,25490,,87.5713,0,CAM_DROP_PHY,6,12,25490,93874
veh12,25638,,87.6541,1,CAM,3,12,25638,-1
veh12,699720922293,,87.6541,0,CPM_DROP_PHY,3,12,699720922293,93955
veh12,25663,,87.6588,0,CAM_DROP_PHY,7,12,25663,93970
veh12,699720922346,,87.6866,0,CPM_DROP_PHY,6,12,699720922346,94002
veh12,25731,,87.6921,0,CAM_DROP_PHY,10,12,25731,94037
veh12,25539,,87.6978,1,CAM,2,12,25539,-1
veh12,699720922390,,87.6988,0,CPM_DROP_PHY,8,12,699720922390,94043
veh12,25830,,87.7141,0,CAM_DROP_PHY,5,12,25830,94078
veh12,25758,,87.7188,1,CAM,11,12,25758,-1
veh12,25862,,87.7388,0,CAM_DROP_PHY,8,12,25862,94117
veh12,699720922518,,87.7388,0,CPM_DROP_PHY,7,12,699720922518,94123
veh12,699720922349,,87.7778,0,CPM_DROP_PHY,9,12,699720922349,94004
veh12,25923,,87.7921,0,CAM_DROP_PHY,10,12,25923,94171
veh12,25941,,87.7978,1,CAM,2,12,25941,-1
veh12,26123,,87.8233,0,CAM_DROP_PHY,4,12,26123,94209
veh12,26160,,87.8713,0,CAM_DROP_PHY,6,12,26160,94233
veh12,26196,,87.8921,0,CAM_DROP_PHY,10,12,26196,94262
veh12,26304,,87.9541,0,CAM_DROP_PHY,3,12,26304,94303
veh12,699720922955,,87.9541,0,CPM_DROP_PHY,3,12,699720922955,94303
veh12,26315,,87.9588,0,CAM_DROP_PHY,7,12,26315,94309
veh12,26370,,87.9921,0,CAM_DROP_PHY,10,12,26370,94362
veh12,26387,,87.9978,0,CAM_DROP_PHY,2,12,26387,94377
veh12,26456,88.0012,,0,CAM,12,,26456,-1
veh12,26461,,88.0136,0,CAM_DROP_PHY,5,12,26461,94389
veh12,26495,,88.0463,0,CAM_DROP_PHY,8,12,26495,94426
veh12,26550,,88.0921,0,CAM_DROP_PHY,10,12,26550,94473
veh12,26647,,88.1233,0,CAM_DROP_PHY,4,12,26647,94511
veh12,26693,,88.1561,0,CAM_DROP_PHY,6,12,26693,94546
veh12,26737,,88.1921,1,CAM,10,12,26737,-1
veh12,699720923394,,88.2063,0,CPM_DROP_PHY,8,12,699720923394,94601
veh12,26861,,88.2498,1,CAM,3,12,26861,-1
veh12,699720923512,,88.2498,0,CPM_DROP_PHY,3,12,699720923512,94668
veh12,26872,,88.2588,0,CAM_DROP_PHY,7,12,26872,94675
veh12,26887,,88.2778,0,CAM_DROP_PHY,9,12,26887,94681
veh12,26929,,88.2921,1,CAM,10,12,26929,-1
veh12,26759,,88.2978,1,CAM,2,12,26759,-1
veh12,26947,,88.2978,0,CAM_DROP_PHY,2,12,26947,94743
veh12,27119,,88.3136,0,CAM_DROP_PHY,5,12,27119,94755
veh12,26954,,88.3138,1,CAM,11,12,26954,-1
veh12,699720923800,,88.3388,0,CPM_DROP_PHY,7,12,699720923800,94791
veh12,27144,,88.3463,0,CAM_DROP_PHY,8,12,27144,94785
veh12,27220,,88.3978,1,CAM,2,12,27220,-1
veh12,27206,,88.3988,0,CAM_DROP_PHY,10,12,27206,94840
veh12,699720923965,,88.4498,0,CPM_DROP_PHY,3,12,699720923965,94889
veh12,27342,,88.4561,1,CAM,6,12,27342,-1
veh12,27388,,88.4978,0,CAM_DROP_PHY,2,12,27388,94950
veh12,27394,,88.5138,1,CAM,11,12,27394,-1
veh12,27301,,88.5233,1,CAM,4,12,27301,-1
veh12,27494,,88.5451,0,CAM_DROP_PHY,7,12,27494,94993
veh12,27482,,88.5498,1,CAM,3,12,27482,-1
veh12,27511,,88.5578,1,CAM,9,12,27511,-1
veh12,27544,,88.5988,0,CAM_DROP_PHY,10,12,27544,95038
veh12,27619,88.6012,,0,CAM,12,,27619,-1
veh12,27625,,88.6136,0,CAM_DROP_PHY,5,12,27625,95058
veh12,699720924280,,88.6178,0,CPM_DROP_PHY,2,12,699720924280,95060
veh12,27655,,88.6463,0,CAM_DROP_PHY,8,12,27655,95093
veh12,699720924366,,88.6938,0,CPM_DROP_PHY,11,12,699720924366,95147
veh12,27725,,88.6978,0,CAM_DROP_PHY,2,12,27725,95154
veh12,27731,,88.7138,0,CAM_DROP_PHY,11,12,27731,95160
veh12,699720924446,,88.7188,0,CPM_DROP_PHY,10,12,699720924446,95169
veh12,27813,,88.7268,0,CAM_DROP_PHY,4,12,27813,95189
veh12,27855,,88.7561,0,CAM_DROP_PHY,6,12,27855,95230
veh12,699720924517,,88.7761,0,CPM_DROP_PHY,6,12,699720924517,95245
veh12,699720924520,,88.7798,0,CPM_DROP_PHY,9,12,699720924520,95246
veh12,27901,,88.7988,1,CAM,10,12,27901,-1
veh12,699720924560,,88.8063,0,CPM_DROP_PHY,8,12,699720924560,95285
veh12,28120,,88.8451,0,CAM_DROP_PHY,7,12,28120,95342
veh12,28010,,88.8498,0,CAM_DROP_PHY,3,12,28010,95334
veh12,28133,,88.8598,1,CAM,9,12,28133,-1
veh12,28179,,88.8978,1,CAM,2,12,28179,-1
veh12,28249,,88.9136,0,CAM_DROP_PHY,5,12,28249,95407
veh12,28186,,88.9138,0,CAM_DROP_PHY,11,12,28186,95400
veh12,699720924901,,88.9188,0,CPM_DROP_PHY,10,12,699720924901,95408
veh12,28280,,88.9528,1,CAM,8,12,28280,-1
veh12,699720925068,,89.0188,0,CPM_DROP_PHY,10,12,699720925068,95519
veh12,28433,,89.0268,1,CAM,4,12,28433,-1
veh12,28468,,89.0538,0,CAM_DROP_PHY,6,12,28468,95562
veh12,28516,,89.0978,0,CAM_DROP_PHY,2,12,28516,95601
veh12,28617,,89.1451,1,CAM,7,12,28617,-1
veh12,28607,,89.1503,0,CAM_DROP_PHY,3,12,28607,95636
veh12,28630,,89.1598,0,CAM_DROP_PHY,9,12,28630,95654
veh12,28738,89.2012,,0,CAM,12,,28738,-1
veh12,28744,,89.2131,0,CAM_DROP_PHY,5,12,28744,95703
veh12,28678,,89.2138,1,CAM,11,12,28678,-1
veh12,699720925396,,89.2188,0,CPM_DROP_PHY,10,12,699720925396,95704
veh12,28782,,89.2328,1,CAM,8,12,28782,-1
veh12,28843,,89.2978,0,CAM_DROP_PHY,2,12,28843,95800
veh12,28928,,89.3268,1,CAM,4,12,28928,-1
veh12,28970,,89.3538,1,CAM,6,12,28970,-1
veh12,699720925635,,89.3668,0,CPM_DROP_PHY,4,12,699720925635,95887
veh12,699720925630,,89.3798,0,CPM_DROP_PHY,9,12,699720925630,95882
veh12,699720925773,,89.3928,0,CPM_DROP_PHY,8,12,699720925773,95927
veh12,29013,,89.3988,0,CAM_DROP_PHY,10,12,29013,95911
veh12,699720925854,,89.4188,0,CPM_DROP_PHY,10,12,699720925854,95952
veh12,29242,,89.4451,1,CAM,7,12,29242,-1
veh12,29231,,89.4503,1,CAM,3,12,29231,-1
veh12,29254,,89.4598,1,CAM,9,12,29254,-1
veh12,29304,,89.4978,0,CAM_DROP_PHY,2,12,29304,96045
veh12,29309,,89.5118,1,CAM,11,12,29309,-1
veh12,29375,,89.5131,0,CAM_DROP_PHY,5,12,29375,96056
veh12,699720926027,,89.5188,0,CPM_DROP_PHY,10,12,699720926027,96057
veh12,29408,,89.5328,0,CAM_DROP_PHY,8,12,29408,96092
veh12,699720926065,,89.5451,0,CPM_DROP_PHY,7,12,699720926065,96104
veh12,699720926062,,89.5503,0,CPM_DROP_PHY,3,12,699720926062,96103
veh12,29562,,89.6268,0,CAM_DROP_PHY,4,12,29562,96172
veh12,29594,,89.6538,1,CAM,6,12,29594,-1
veh12,29636,,89.6978,0,CAM_DROP_PHY,2,12,29636,96235
veh12,29745,,89.7451,0,CAM_DROP_PHY,7,12,29745,96277
veh12,29735,,89.7503,0,CAM_DROP_PHY,3,12,29735,96274
veh12,29757,,89.7528,1,CAM,9,12,29757,-1
veh12,29802,,89.7978,1,CAM,2,12,29802,-1
veh12,29869,89.8012,,0,CAM,12,,29869,-1
veh12,29875,,89.8131,0,CAM_DROP_PHY,5,12,29875,96343
veh12,29913,,89.8328,1,CAM,8,12,29913,-1
veh12,29975,,89.8978,0,CAM_DROP_PHY,2,12,29975,96435
veh12,29981,,89.9118,0,CAM_DROP_PHY,11,12,29981,96434
veh12,30167,,89.9278,0,CAM_DROP_PHY,4,12,30167,96463
veh12,699720926821,,89.9328,0,CPM_DROP_PHY,5,12,699720926821,96467
veh12,30207,,89.9683,0,CAM_DROP_PHY,6,12,30207,96506
veh12,699720926863,,89.9683,0,CPM_DROP_PHY,6,12,699720926863,96506
veh12,30251,,89.9973,0,CAM_DROP_PHY,10,12,30251,96545
veh12,30273,,89.9978,0,CAM_DROP_PHY,2,12,30273,96571
veh12,30379,,90.0433,0,CAM_DROP_PHY,7,12,30379,96620
veh12,30370,,90.0503,1,CAM,3,12,30370,-1
veh12,30392,,90.0528,0,CAM_DROP_PHY,9,12,30392,96634
veh12,30509,,90.1128,1,CAM,5,12,30509,-1
veh12,30539,,90.1328,1,CAM,8,12,30539,-1
veh12,30609,,90.1978,0,CAM_DROP_PHY,2,12,30609,96777
veh12,699720927334,,90.2173,0,CPM_DROP_PHY,10,12,699720927334,96792
veh12,30699,,90.2278,0,CAM_DROP_PHY,4,12,30699,96801
veh12,30734,,90.2663,0,CAM_DROP_PHY,6,12,30734,96833
veh12,699720927498,,90.3173,0,CPM_DROP_PHY,10,12,699720927498,96880
veh12,30888,,90.3433,0,CAM_DROP_PHY,7,12,30888,96905
veh12,30877,,90.3508,0,CAM_DROP_PHY,3,12,30877,96902
veh12,30901,,90.3528,0,CAM_DROP_PHY,9,12,30901,96921
veh12,31019,90.4012,,0,CAM,12,,31019,-1
veh12,30953,,90.4151,1,CAM,2,12,30953,-1
veh12,699720927682,,90.4151,0,CPM_DROP_PHY,2,12,699720927682,96967
veh12,31025,,90.4233,0,CAM_DROP_PHY,5,12,31025,96978
veh12,31161,,90.4448,0,CAM_DROP_PHY,8,12,31161,97020
veh12,31222,,90.5061,1,CAM,11,12,31222,-1
veh12,699720927940,,90.5173,0,CPM_DROP_PHY,10,12,699720927940,97077
veh12,31305,,90.5273,1,CAM,4,12,31305,-1
veh12,699720927962,,90.5418,0,CPM_DROP_PHY,5,12,699720927962,97091
veh12,31348,,90.5663,0,CAM_DROP_PHY,6,12,31348,97128
veh12,31392,,90.5973,0,CAM_DROP_PHY,10,12,31392,97170
veh12,31410,,90.6151,0,CAM_DROP_PHY,2,12,31410,97186
veh12,31521,,90.6508,1,CAM,3,12,31521,-1
veh12,31543,,90.6528,0,CAM_DROP_PHY,9,12,31543,97251
veh12,31532,,90.6536,0,CAM_DROP_PHY,7,12,31532,97242
veh12,699720928320,,90.7173,0,CPM_DROP_PHY,10,12,699720928320,97304
veh12,31668,,90.7233,1,CAM,5,12,31668,-1
veh12,31700,,90.7448,1,CAM,8,12,31700,-1
veh12,31779,,90.8151,1,CAM,2,12,31779,-1
veh12,31879,,90.8273,0,CAM_DROP_PHY,4,12,31879,97418
veh12,31913,,90.8663,1,CAM,6,12,31913,-1
veh12,32021,90.9012,,0,CAM,12,,32021,-1
veh12,699720928686,,90.9151,0,CPM_DROP_PHY,2,12,699720928686,97502
veh12,32161,,90.9508,1,CAM,3,12,32161,-1
veh12,32180,,90.9516,1,CAM,9,12,32180,-1
veh12,32170,,90.9536,0,CAM_DROP_PHY,7,12,32170,97536
veh12,32301,91.0012,,0,CAM,12,,32301,-1
veh12,699720928875,,91.0061,0,CPM_DROP_PHY,11,12,699720928875,97590
veh12,699720928962,,91.0096,0,CPM_DROP_PHY,10,12,699720928962,97607
veh12,32231,,91.0151,1,CAM,2,12,32231,-1
veh12,32311,,91.0218,1,CAM,5,12,32311,-1
veh12,699720928985,,91.0306,0,CPM_DROP_PHY,5,12,699720928985,97632
veh12,32351,,91.0448,0,CAM_DROP_PHY,8,12,32351,97654
veh12,699720929040,,91.0673,0,CPM_DROP_PHY,4,12,699720929040,97692
veh12,32422,,91.0896,0,CAM_DROP_PHY,10,12,32422,97718
veh12,32516,91.1012,,0,CAM,12,,32516,-1
veh12,32447,,91.1061,1,CAM,11,12,32447,-1
veh12,32442,,91.1151,1,CAM,2,12,32442,-1
veh12,32547,,91.1273,1,CAM,4,12,32547,-1
veh12,32581,,91.1663,0,CAM_DROP_PHY,6,12,32581,97822
veh12,32697,91.2012,,0,CAM,12,,32697,-1
veh12,32622,,91.2151,0,CAM_DROP_PHY,2,12,32622,97854
veh12,32728,,91.2508,0,CAM_DROP_PHY,3,12,32728,97891
veh12,699720929380,,91.2508,0,CPM_DROP_PHY,3,12,699720929380,97891
veh12,32753,,91.2516,1,CAM,9,12,32753,-1
veh12,699720929382,,91.2536,0,CPM_DROP_PHY,7,12,699720929382,97894
veh12,32742,,91.2536,1,CAM,7,12,32742,-1
veh12,32789,,91.2896,0,CAM_DROP_PHY,10,12,32789,97940
veh12,32875,91.3012,,0,CAM,12,,32875,-1
veh12,32882,,91.3106,0,CAM_DROP_PHY,5,12,32882,97966
veh12,32805,,91.3151,0,CAM_DROP_PHY,2,12,32805,97956
veh12,32911,,91.3448,0,CAM_DROP_PHY,8,12,32911,98002
veh12,33035,91.4012,,0,CAM,12,,33035,-1
veh12,699720929694,,91.4151,0,CPM_DROP_PHY,2,12,699720929694,98057
veh12,33057,,91.4273,0,CAM_DROP_PHY,4,12,33057,98067
veh12,33192,,91.4663,0,CAM_DROP_PHY,6,12,33192,98101
veh12,33220,,91.4896,0,CAM_DROP_PHY,10,12,33220,98121
veh12,699720929883,,91.5001,0,CPM_DROP_PHY,11,12,699720929883,98136
veh12,33311,91.5012,,0,CAM,12,,33311,-1
veh12,33239,,91.5138,0,CAM_DROP_PHY,2,12,33239,98139
veh12,33351,,91.5433,1,CAM,3,12,33351,-1
veh12,33361,,91.5536,1,CAM,7,12,33361,-1
veh12,33374,,91.5648,1,CAM,9,12,33374,-1
veh12,699720930035,,91.5663,0,CPM_DROP_PHY,6,12,699720930035,98222
veh12,33511,,91.6106,1,CAM,5,12,33511,-1
veh12,33535,,91.6401,0,CAM_DROP_PHY,8,12,33535,98305
veh12,33599,,91.7001,0,CAM_DROP_PHY,11,12,33599,98350
veh12,33675,91.7012,,0,CAM,12,,33675,-1
veh12,699720930333,,91.7096,0,CPM_DROP_PHY,10,12,699720930333,98371
veh12,33595,,91.7138,0,CAM_DROP_PHY,2,12,33595,98349
veh12,33702,,91.7273,0,CAM_DROP_PHY,4,12,33702,98393
veh12,33737,,91.7616,0,CAM_DROP_PHY,6,12,33737,98427
veh12,33766,,91.7896,0,CAM_DROP_PHY,10,12,33766,98448
veh12,33873,,91.8433,0,CAM_DROP_PHY,3,12,33873,98489
veh12,33886,,91.8536,0,CAM_DROP_PHY,7,12,33886,98491
veh12,33899,,91.8648,1,CAM,9,12,33899,-1
veh12,33947,,91.9138,1,CAM,2,12,33947,-1
veh12,34021,,91.9218,0,CAM_DROP_PHY,5,12,34021,98557
veh12,34047,,91.9401,1,CAM,8,12,34047,-1
veh12,34276,92.0012,,0,CAM,12,,34276,-1
veh12,34298,,92.0216,0,CAM_DROP_PHY,4,12,34298,98651
veh12,34331,,92.0616,1,CAM,6,12,34331,-1
veh12,34360,,92.0896,0,CAM_DROP_PHY,10,12,34360,98704
veh12,34378,,92.1138,0,CAM_DROP_PHY,2,12,34378,98721
veh12,34482,,92.1433,0,CAM_DROP_PHY,3,12,34482,98762
veh12,34494,,92.1513,1,CAM,7,12,34494,-1
veh12,34508,,92.1648,0,CAM_DROP_PHY,9,12,34508,98784
veh12,34573,,92.2138,0,CAM_DROP_PHY,2,12,34573,98851
veh12,34655,,92.2218,0,CAM_DROP_PHY,5,12,34655,98859
veh12,34680,,92.2331,0,CAM_DROP_PHY,8,12,34680,98886
veh12,699720931385,,92.2931,0,CPM_DROP_PHY,8,12,699720931385,98926
veh12,34755,,92.3008,1,CAM,11,12,34755,-1
veh12,34750,,92.3138,1,CAM,2,12,34750,-1
veh12,34849,,92.3216,0,CAM_DROP_PHY,4,12,34849,98969
veh12,34884,,92.3583,0,CAM_DROP_PHY,6,12,34884,99001
veh12,34925,,92.4138,0,CAM_DROP_PHY,2,12,34925,99034
veh12,35025,,92.4363,1,CAM,3,12,35025,-1
veh12,699720931678,,92.4513,0,CPM_DROP_PHY,7,12,699720931678,99065
veh12,35041,,92.4513,1,CAM,7,12,35041,-1
veh12,35051,,92.4631,0,CAM_DROP_PHY,9,12,35051,99078
veh12,35187,,92.4921,0,CAM_DROP_PHY,10,12,35187,99113
veh12,35202,,92.5138,0,CAM_DROP_PHY,2,12,35202,99127
veh12,35274,,92.5218,1,CAM,5,12,35274,-1
veh12,35301,,92.5331,0,CAM_DROP_PHY,8,12,35301,99164
veh12,35423,92.6012,,0,CAM,12,,35423,-1
veh12,35447,,92.6216,1,CAM,4,12,35447,-1
veh12,35479,,92.6583,0,CAM_DROP_PHY,6,12,35479,99264
veh12,699720932165,,92.6973,0,CPM_DROP_PHY,11,12,699720932165,99295
veh12,35522,,92.7138,0,CAM_DROP_PHY,2,12,35522,99298
veh12,35528,,92.7173,0,CAM_DROP_PHY,11,12,35528,99303
veh12,35625,,92.7363,1,CAM,3,12,35625,-1
veh12,699720932262,,92.7418,0,CPM_DROP_PHY,5,12,699720932262,99331
veh12,35639,,92.7513,0,CAM_DROP_PHY,7,12,35639,99355
veh12,35649,,92.7631,1,CAM,9,12,35649,-1
veh12,35719,,92.8173,0,CAM_DROP_PHY,11,12,35719,99434
veh12,35786,,92.8218,0,CAM_DROP_PHY,5,12,35786,99440
veh12,35812,,92.8331,0,CAM_DROP_PHY,8,12,35812,99467
veh12,35875,,92.8996,0,CAM_DROP_PHY,2,12,35875,99517
veh12,35880,,92.9173,1,CAM,11,12,35880,-1
veh12,35967,,92.9311,0,CAM_DROP_PHY,4,12,35967,99551
veh12,36000,,92.9583,1,CAM,6,12,36000,-1
veh12,36043,,93.0173,1,CAM,11,12,36043,-1
veh12,36234,,93.0363,1,CAM,3,12,36234,-1
veh12,699720932886,,93.0363,0,CPM_DROP_PHY,3,12,699720932886,99644
veh12,36251,,93.0513,0,CAM_DROP_PHY,7,12,36251,99646
veh12,36263,,93.0593,0,CAM_DROP_PHY,9,12,36263,99659
veh12,36299,,93.0921,0,CAM_DROP_PHY,10,12,36299,99696
veh12,36315,,93.0996,1,CAM,2,12,36315,-1
veh12,36320,,93.1173,1,CAM,11,12,36320,-1
veh12,36393,,93.1218,0,CAM_DROP_PHY,5,12,36393,99727
veh12,36418,,93.1331,0,CAM_DROP_PHY,8,12,36418,99754
veh12,36544,93.2012,,0,CAM,12,,36544,-1
veh12,36475,,93.2173,1,CAM,11,12,36475,-1
veh12,36564,,93.2311,0,CAM_DROP_PHY,4,12,36564,99828
veh12,36601,,93.2583,1,CAM,6,12,36601,-1
veh12,699720933290,,93.2973,0,CPM_DROP_PHY,11,12,699720933290,99894
veh12,36653,,93.3076,0,CAM_DROP_PHY,11,12,36653,99901
veh12,36646,,93.3116,1,CAM,2,12,36646,-1
veh12,699720933393,,93.3248,0,CPM_DROP_PHY,5,12,699720933393,99930
veh12,36759,,93.3363,0,CAM_DROP_PHY,3,12,36759,99948
veh12,36771,,93.3466,1,CAM,7,12,36771,-1
veh12,36783,,93.3593,0,CAM_DROP_PHY,9,12,36783,99967
veh12,36850,,93.4076,0,CAM_DROP_PHY,11,12,36850,100039
veh12,36919,,93.4248,0,CAM_DROP_PHY,5,12,36919,100047
veh12,36943,,93.4456,0,CAM_DROP_PHY,8,12,36943,100072
veh12,37004,,93.5116,0,CAM_DROP_PHY,2,12,37004,100119
veh12,37085,,93.5311,0,CAM_DROP_PHY,4,12,37085,100140
veh12,37268,,93.6076,0,CAM_DROP_PHY,11,12,37268,100214
veh12,37262,,93.6116,0,CAM_DROP_PHY,2,12,37262,100213
veh12,37360,,93.6363,1,CAM,3,12,37360,-1
veh12,699720934014,,93.6466,0,CPM_DROP_PHY,7,12,699720934014,100252
veh12,37377,,93.6466,0,CAM_DROP_PHY,7,12,37377,100252
veh12,37389,,93.6593,0,CAM_DROP_PHY,9,12,37389,100270
veh12,37223,,93.6628,1,CAM,6,12,37223,-1
veh12,37421,,93.6873,0,CAM_DROP_PHY,10,12,37421,100300
veh12,37438,,93.7116,0,CAM_DROP_PHY,2,12,37438,100315
veh12,37508,,93.7248,1,CAM,5,12,37508,-1
veh12,37533,,93.7456,0,CAM_DROP_PHY,8,12,37533,100351
veh12,37651,93.8012,,0,CAM,12,,37651,-1
veh12,37591,,93.8116,1,CAM,2,12,37591,-1
veh12,699720934309,,93.8116,0,CPM_DROP_PHY,2,12,699720934309,100397
veh12,37673,,93.8361,0,CAM_DROP_PHY,4,12,37673,100416
veh12,37709,,93.8628,0,CAM_DROP_PHY,6,12,37709,100453
veh12,699720934396,,93.9076,0,CPM_DROP_PHY,11,12,699720934396,100484
veh12,37752,,93.9116,0,CAM_DROP_PHY,2,12,37752,100486
veh12,37845,,93.9428,0,CAM_DROP_PHY,3,12,37845,100523
veh12,37858,,93.9466,0,CAM_DROP_PHY,7,12,37858,100535
veh12,37871,,93.9701,1,CAM,9,12,37871,-1
veh12,699720934544,,93.9761,0,CPM_DROP_PHY,4,12,699720934544,100579
veh12,37936,,94.0116,1,CAM,2,12,37936,-1
veh12,38003,,94.0176,1,CAM,5,12,38003,-1
veh12,38029,,94.0456,0,CAM_DROP_PHY,8,12,38029,100656
veh12,699720934910,,94.1273,0,CPM_DROP_PHY,10,12,699720934910,100712
veh12,38272,,94.1361,1,CAM,4,12,38272,-1
veh12,38308,,94.1556,0,CAM_DROP_PHY,6,12,38308,100754
veh12,38415,94.2012,,0,CAM,12,,38415,-1
veh12,38353,,94.2076,0,CAM_DROP_PHY,11,12,38353,100790
veh12,38348,,94.2086,0,CAM_DROP_PHY,2,12,38348,100788
veh12,38447,,94.2351,0,CAM_DROP_PHY,3,12,38447,100830
veh12,699720935103,,94.2416,0,CPM_DROP_PHY,7,12,699720935103,100838
veh12,38475,,94.2603,1,CAM,9,12,38475,-1
veh12,38465,,94.2616,1,CAM,7,12,38465,-1
veh12,38513,,94.2873,0,CAM_DROP_PHY,10,12,38513,100896
veh12,38593,,94.3233,1,CAM,5,12,38593,-1
veh12,38615,,94.3456,0,CAM_DROP_PHY,8,12,38615,100940
veh12,38734,94.4012,,0,CAM,12,,38734,-1
veh12,38671,,94.4086,1,CAM,2,12,38671,-1
veh12,38753,,94.4361,1,CAM,4,12,38753,-1
veh12,38793,,94.4556,0,CAM_DROP_PHY,6,12,38793,101047
veh12,699720935559,,94.5233,0,CPM_DROP_PHY,5,12,699720935559,101101
veh12,38924,,94.5351,0,CAM_DROP_PHY,3,12,38924,101116
veh12,38946,,94.5603,0,CAM_DROP_PHY,9,12,38946,101136
veh12,38935,,94.5616,0,CAM_DROP_PHY,7,12,38935,101128
veh12,39073,94.6012,,0,CAM,12,,39073,-1
veh12,39013,,94.6086,1,CAM,2,12,39013,-1
veh12,39080,,94.6233,0,CAM_DROP_PHY,5,12,39080,101220
veh12,699720935978,,94.7156,0,CPM_DROP_PHY,10,12,699720935978,101310
veh12,39342,,94.7361,1,CAM,4,12,39342,-1
veh12,39375,,94.7613,0,CAM_DROP_PHY,6,12,39375,101347
veh12,39483,94.8012,,0,CAM,12,,39483,-1
veh12,39418,,94.8063,0,CAM_DROP_PHY,2,12,39418,101382
veh12,39422,,94.8071,0,CAM_DROP_PHY,11,12,39422,101383
veh12,39515,,94.8351,0,CAM_DROP_PHY,3,12,39515,101425
veh12,699720936168,,94.8571,0,CPM_DROP_PHY,3,12,699720936168,101430
veh12,39545,,94.8603,0,CAM_DROP_PHY,9,12,39545,101449
veh12,39533,,94.8616,0,CAM_DROP_PHY,7,12,39533,101441
veh12,39582,,94.8956,1,CAM,10,12,39582,-1
veh12,39664,,94.9233,0,CAM_DROP_PHY,5,12,39664,101516
veh12,39733,,94.9956,0,CAM_DROP_PHY,10,12,39733,101569
veh12,39749,,95.0063,0,CAM_DROP_PHY,2,12,39749,101583
veh12,699720936468,,95.0263,0,CPM_DROP_PHY,2,12,699720936468,101599
veh12,39826,,95.0378,0,CAM_DROP_PHY,4,12,39826,101605
veh12,39862,,95.0613,0,CAM_DROP_PHY,6,12,39862,101641
veh12,39892,,95.0956,1,CAM,10,12,39892,-1
veh12,39969,95.1012,,0,CAM,12,,39969,-1
veh12,40005,,95.1371,1,CAM,3,12,40005,-1
veh12,40016,,95.1463,0,CAM_DROP_PHY,7,12,40016,101736
veh12,40028,,95.1576,1,CAM,9,12,40028,-1
veh12,699720936696,,95.1776,0,CPM_DROP_PHY,9,12,699720936696,101770
veh12,699720936690,,95.1813,0,CPM_DROP_PHY,6,12,699720936690,101764
veh12,40075,,95.1956,1,CAM,10,12,40075,-1
veh12,40096,,95.2063,1,CAM,2,12,40096,-1
veh12,40268,,95.2233,0,CAM_DROP_PHY,5,12,40268,101836
veh12,40340,,95.2956,1,CAM,10,12,40340,-1
veh12,40438,,95.3378,0,CAM_DROP_PHY,4,12,40438,101937
veh12,40470,,95.3613,1,CAM,6,12,40470,-1
veh12,699720936996,,95.3936,0,CPM_DROP_PHY,8,12,699720936996,101901
veh12,40501,,95.3956,1,CAM,10,12,40501,-1
veh12,40583,95.4012,,0,CAM,12,,40583,-1
veh12,40519,,95.4063,1,CAM,2,12,40519,-1
veh12,40523,,95.4071,1,CAM,11,12,40523,-1
veh12,40617,,95.4371,0,CAM_DROP_PHY,3,12,40617,102051
veh12,40635,,95.4463,0,CAM_DROP_PHY,7,12,40635,102054
veh12,40650,,95.4576,0,CAM_DROP_PHY,9,12,40650,102076
veh12,40682,,95.4956,0,CAM_DROP_PHY,10,12,40682,102103
veh12,40759,,95.5233,0,CAM_DROP_PHY,5,12,40759,102129
veh12,42037,,95.5456,0,CAM_DROP_PHY,8,12,42037,102149
veh12,42084,,95.5956,1,CAM,10,12,42084,-1
veh12,42106,,95.6071,0,CAM_DROP_PHY,2,12,42106,102205
veh12,699720938747,,95.6071,0,CPM_DROP_PHY,11,12,699720938747,102199
veh12,699720938841,,95.6233,0,CPM_DROP_PHY,5,12,699720938841,102236
veh12,42186,,95.6268,1,CAM,4,12,42186,-1
veh12,42228,,95.6613,1,CAM,6,12,42228,-1
veh12,42360,,95.7268,0,CAM_DROP_PHY,4,12,42360,102349
veh12,42376,,95.7371,0,CAM_DROP_PHY,3,12,42376,102359
veh12,42397,,95.7576,1,CAM,9,12,42397,-1
veh12,42386,,95.7593,0,CAM_DROP_PHY,7,12,42386,102372
veh12,42430,,95.7918,0,CAM_DROP_PHY,10,12,42430,102414
veh12,42446,,95.8071,1,CAM,2,12,42446,-1
veh12,42513,,95.8228,0,CAM_DROP_PHY,5,12,42513,102442
veh12,42524,,95.8406,0,CAM_DROP_PHY,4,12,42524,102452
veh12,42539,,95.8456,1,CAM,8,12,42539,-1
veh12,42678,,95.9268,1,CAM,4,12,42678,-1
veh12,42712,,95.9586,0,CAM_DROP_PHY,6,12,42712,102572
veh12,42816,96.0012,,0,CAM,12,,42816,-1
veh12,42753,,96.0071,0,CAM_DROP_PHY,2,12,42753,102604
veh12,42757,,96.0136,0,CAM_DROP_PHY,11,12,42757,102607
veh12,42836,,96.0268,0,CAM_DROP_PHY,4,12,42836,102637
veh12,42852,,96.0371,1,CAM,3,12,42852,-1
veh12,42884,,96.0576,0,CAM_DROP_PHY,9,12,42884,102681
veh12,42873,,96.0593,0,CAM_DROP_PHY,7,12,42873,102669
veh12,43091,,96.1228,0,CAM_DROP_PHY,5,12,43091,102732
veh12,699720939746,,96.1271,0,CPM_DROP_PHY,2,12,699720939746,102733
veh12,43104,,96.1406,0,CAM_DROP_PHY,4,12,43104,102740
veh12,43121,,96.1456,1,CAM,8,12,43121,-1
veh12,43186,,96.2071,0,CAM_DROP_PHY,2,12,43186,102813
veh12,699720939830,,96.2136,0,CPM_DROP_PHY,11,12,699720939830,102810
veh12,43190,,96.2136,0,CAM_DROP_PHY,11,12,43190,102810
veh12,699720939923,,96.2233,0,CPM_DROP_PHY,5,12,699720939923,102839
veh12,43308,,96.2586,1,CAM,6,12,43308,-1
veh12,699720939976,,96.2668,0,CPM_DROP_PHY,4,12,699720939976,102889
veh12,699720939968,,96.2771,0,CPM_DROP_PHY,9,12,699720939968,102878
veh12,43448,,96.3268,1,CAM,4,12,43448,-1
veh12,43463,,96.3426,1,CAM,3,12,43463,-1
veh12,43486,,96.3571,0,CAM_DROP_PHY,9,12,43486,102978
veh12,43474,,96.3593,0,CAM_DROP_PHY,7,12,43474,102967
veh12,43518,,96.3918,0,CAM_DROP_PHY,10,12,43518,103009
veh12,43535,,96.4056,1,CAM,2,12,43535,-1
veh12,43538,,96.4136,0,CAM_DROP_PHY,11,12,43538,103023
veh12,43610,,96.4233,1,CAM,5,12,43610,-1
veh12,699720940416,,96.5118,0,CPM_DROP_PHY,10,12,699720940416,103126
veh12,43765,,96.5233,0,CAM_DROP_PHY,5,12,43765,103125
veh12,43820,,96.5661,0,CAM_DROP_PHY,6,12,43820,103170
veh12,44034,96.6012,,0,CAM,12,,44034,-1
veh12,699720940332,,96.6013,0,CPM_DROP_PHY,8,12,699720940332,103109
veh12,699720940502,,96.6013,0,CPM_DROP_PHY,8,12,699720940502,103198
veh12,43863,,96.6056,0,CAM_DROP_PHY,2,12,43863,103204
veh12,44046,,96.6233,0,CAM_DROP_PHY,5,12,44046,103218
veh12,44061,,96.6268,1,CAM,4,12,44061,-1
veh12,44078,,96.6426,1,CAM,3,12,44078,-1
veh12,699720940730,,96.6426,0,CPM_DROP_PHY,3,12,699720940730,103255
veh12,44098,,96.6601,0,CAM_DROP_PHY,7,12,44098,103275
veh12,44112,,96.6711,0,CAM_DROP_PHY,9,12,44112,103286
veh12,44191,,96.7136,0,CAM_DROP_PHY,11,12,44191,103353
veh12,44262,,96.7233,1,CAM,5,12,44262,-1
veh12,699720940985,,96.7771,0,CPM_DROP_PHY,9,12,699720940985,103438
veh12,44384,,96.8056,0,CAM_DROP_PHY,2,12,44384,103484
veh12,44454,,96.8233,1,CAM,5,12,44454,-1
veh12,44504,,96.8661,1,CAM,6,12,44504,-1
veh12,44630,,96.9286,1,CAM,4,12,44630,-1
veh12,44652,,96.9426,1,CAM,3,12,44652,-1
veh12,44676,,96.9578,0,CAM_DROP_PHY,9,12,44676,103620
veh12,44664,,96.9601,0,CAM_DROP_PHY,7,12,44664,103609
veh12,699720941339,,96.9778,0,CPM_DROP_PHY,9,12,699720941339,103631
veh12,44721,,96.9903,0,CAM_DROP_PHY,10,12,44721,103657
veh12,44742,,97.0056,0,CAM_DROP_PHY,2,12,44742,103680
veh12,699720941469,,97.0103,0,CPM_DROP_PHY,10,12,699720941469,103700
veh12,44818,,97.0233,0,CAM_DROP_PHY,5,12,44818,103698
veh12,699720941487,,97.0233,0,CPM_DROP_PHY,5,12,699720941487,103698
veh12,44915,,97.1063,0,CAM_DROP_PHY,11,12,44915,103781
veh12,699720941747,,97.1233,0,CPM_DROP_PHY,5,12,699720941747,103809
veh12,45145,,97.1661,0,CAM_DROP_PHY,6,12,45145,103850
veh12,45275,97.2012,,0,CAM,12,,45275,-1
veh12,45207,,97.2056,0,CAM_DROP_PHY,2,12,45207,103896
veh12,45288,,97.2258,1,CAM,5,12,45288,-1
veh12,45304,,97.2286,1,CAM,4,12,45304,-1
veh12,45329,,97.2426,1,CAM,3,12,45329,-1
veh12,699720942018,,97.2661,0,CPM_DROP_PHY,6,12,699720942018,104004
veh12,45343,,97.2681,0,CAM_DROP_PHY,7,12,45343,103977
veh12,699720942029,,97.2686,0,CPM_DROP_PHY,4,12,699720942029,104014
veh12,699720942059,,97.2968,0,CPM_DROP_PHY,8,12,699720942059,104052
veh12,45522,,97.3368,0,CAM_DROP_PHY,8,12,45522,104091
veh12,45544,,97.3661,0,CAM_DROP_PHY,6,12,45544,104116
veh12,699720942201,,97.3661,0,CPM_DROP_PHY,6,12,699720942201,104116
veh12,699720942021,,97.3778,0,CPM_DROP_PHY,9,12,699720942021,104006
veh12,45613,,97.4056,0,CAM_DROP_PHY,2,12,45613,104168
veh12,45732,,97.4661,0,CAM_DROP_PHY,6,12,45732,104219
veh12,699720942389,,97.4661,0,CPM_DROP_PHY,6,12,699720942389,104219
veh12,45787,,97.5063,0,CAM_DROP_PHY,11,12,45787,104259
veh12,699720942506,,97.5136,0,CPM_DROP_PHY,10,12,699720942506,104272
veh12,45854,,97.5258,0,CAM_DROP_PHY,5,12,45854,104269
veh12,45872,,97.5286,0,CAM_DROP_PHY,4,12,45872,104289
veh12,45896,,97.5521,0,CAM_DROP_PHY,3,12,45896,104306
veh12,45924,,97.5591,1,CAM,6,12,45924,-1
veh12,45907,,97.5681,1,CAM,7,12,45907,-1
veh12,45972,,97.5936,1,CAM,10,12,45972,-1
veh12,46094,,97.6078,0,CAM_DROP_PHY,2,12,46094,104410
veh12,46225,,97.6591,0,CAM_DROP_PHY,6,12,46225,104477
veh12,699720942891,,97.6686,0,CPM_DROP_PHY,4,12,699720942891,104492
veh12,699720942887,,97.6778,0,CPM_DROP_PHY,9,12,699720942887,104488
veh12,699720943003,,97.7278,0,CPM_DROP_PHY,2,12,699720943003,104542
veh12,46193,,97.7368,0,CAM_DROP_PHY,8,12,46193,104442
veh12,46532,97.8012,,0,CAM,12,,46532,-1
veh12,46472,,97.8078,0,CAM_DROP_PHY,2,12,46472,104643
veh12,46553,,97.8231,0,CAM_DROP_PHY,4,12,46553,104671
veh12,46538,,97.8253,0,CAM_DROP_PHY,5,12,46538,104649
veh12,46572,,97.8521,0,CAM_DROP_PHY,3,12,46572,104693
veh12,46599,,97.8591,0,CAM_DROP_PHY,6,12,46599,104710
veh12,46583,,97.8681,0,CAM_DROP_PHY,7,12,46583,104701
veh12,699720943259,,97.8791,0,CPM_DROP_PHY,6,12,699720943259,104725
veh12,46739,,97.9368,0,CAM_DROP_PHY,8,12,46739,104796
veh12,699720943419,,97.9831,0,CPM_DROP_PHY,4,12,699720943419,104825
veh12,46885,98.0012,,0,CAM,12,,46885,-1
veh12,46819,,98.0078,0,CAM_DROP_PHY,2,12,46819,104860
veh12,46823,,98.0106,1,CAM,11,12,46823,-1
veh12,699720943543,,98.0136,0,CPM_DROP_PHY,10,12,699720943543,104876
veh12,46913,,98.0231,1,CAM,4,12,46913,-1
veh12,699720943600,,98.0791,0,CPM_DROP_PHY,6,12,699720943600,104941
veh12,699720943607,,98.0831,0,CPM_DROP_PHY,4,12,699720943607,104945
veh12,47171,98.1012,,0,CAM,12,,47171,-1
veh12,47190,,98.1231,1,CAM,4,12,47190,-1
veh12,47177,,98.1253,0,CAM_DROP_PHY,5,12,47177,104990
veh12,699720943862,,98.1363,0,CPM_DROP_PHY,7,12,699720943862,105029
veh12,47208,,98.1521,0,CAM_DROP_PHY,3,12,47208,105027
veh12,47226,,98.1563,0,CAM_DROP_PHY,7,12,47226,105041
veh12,47243,,98.1591,0,CAM_DROP_PHY,6,12,47243,105053
veh12,47237,,98.1651,1,CAM,9,12,47237,-1
veh12,699720943907,,98.1651,0,CPM_DROP_PHY,9,12,699720943907,105049
veh12,47286,,98.1936,1,CAM,10,12,47286,-1
veh12,47378,98.2012,,0,CAM,12,,47378,-1
veh12,47310,,98.2078,0,CAM_DROP_PHY,2,12,47310,105120
veh12,47401,,98.2231,0,CAM_DROP_PHY,4,12,47401,105155
veh12,47426,,98.2493,1,CAM,8,12,47426,-1
veh12,699720944114,,98.2651,0,CPM_DROP_PHY,9,12,699720944114,105217
veh12,47583,98.3012,,0,CAM,12,,47583,-1
veh12,47755,98.4012,,0,CAM,12,,47755,-1
veh12,47684,,98.4078,0,CAM_DROP_PHY,2,12,47684,105344
veh12,47779,,98.4231,0,CAM_DROP_PHY,4,12,47779,105370
veh12,47762,,98.4253,0,CAM_DROP_PHY,5,12,47762,105350
veh12,47798,,98.4541,1,CAM,3,12,47798,-1
veh12,47808,,98.4563,0,CAM_DROP_PHY,7,12,47808,105400
veh12,47822,,98.4591,0,CAM_DROP_PHY,6,12,47822,105408
veh12,47818,,98.4651,0,CAM_DROP_PHY,9,12,47818,105407
veh12,699720944486,,98.4651,0,CPM_DROP_PHY,9,12,699720944486,105407
veh12,47963,98.5012,,0,CAM,12,,47963,-1
veh12,47897,,98.5106,0,CAM_DROP_PHY,11,12,47897,105485
veh12,699720944618,,98.5136,0,CPM_DROP_PHY,10,12,699720944618,105495
veh12,48097,,98.5493,1,CAM,8,12,48097,-1
veh12,699720944777,,98.5791,0,CPM_DROP_PHY,6,12,699720944777,105551
veh12,699720944782,,98.5831,0,CPM_DROP_PHY,4,12,699720944782,105558
veh12,48245,98.6012,,0,CAM,12,,48245,-1
veh12,48175,,98.6066,0,CAM_DROP_PHY,2,12,48175,105591
veh12,48266,,98.6231,0,CAM_DROP_PHY,4,12,48266,105616
veh12,699720944970,,98.6831,0,CPM_DROP_PHY,4,12,699720944970,105669
veh12,48439,,98.7253,0,CAM_DROP_PHY,5,12,48439,105708
veh12,699720945107,,98.7253,0,CPM_DROP_PHY,5,12,699720945107,105708
veh12,699720945094,,98.7266,0,CPM_DROP_PHY,2,12,699720945094,105713
veh12,48488,,98.7496,0,CAM_DROP_PHY,7,12,48488,105751
veh12,48476,,98.7541,0,CAM_DROP_PHY,3,12,48476,105745
veh12,48500,,98.7651,1,CAM,9,12,48500,-1
veh12,48506,,98.7743,0,CAM_DROP_PHY,6,12,48506,105763
veh12,699720945170,,98.7791,0,CPM_DROP_PHY,6,12,699720945170,105784
veh12,48555,,98.7936,1,CAM,10,12,48555,-1
veh12,48654,98.8012,,0,CAM,12,,48654,-1
veh12,48583,,98.8066,1,CAM,2,12,48583,-1
veh12,48688,,98.8493,1,CAM,8,12,48688,-1
veh12,699720945404,,98.8893,0,CPM_DROP_PHY,8,12,699720945404,105938
veh12,48856,,98.9236,0,CAM_DROP_PHY,4,12,48856,105975
veh12,48868,,98.9493,0,CAM_DROP_PHY,8,12,48868,105987
veh12,699720945598,,98.9893,0,CPM_DROP_PHY,8,12,699720945598,106050
veh12,49143,99.0012,,0,CAM,12,,49143,-1
veh12,48963,,99.0066,0,CAM_DROP_PHY,2,12,48963,106067
veh12,48843,,99.0146,0,CAM_DROP_PHY,5,12,48843,105964
veh12,49188,,99.0493,0,CAM_DROP_PHY,3,12,49188,106121
veh12,49201,,99.0496,0,CAM_DROP_PHY,7,12,49201,106125
veh12,49224,,99.0576,0,CAM_DROP_PHY,6,12,49224,106147
veh12,49219,,99.0651,1,CAM,9,12,49219,-1
veh12,699720945896,,99.0836,0,CPM_DROP_PHY,4,12,699720945896,106177
veh12,49286,,99.1038,1,CAM,11,12,49286,-1
veh12,699720946045,,99.1493,0,CPM_DROP_PHY,3,12,699720946045,106246
veh12,699720946080,,99.1651,0,CPM_DROP_PHY,9,12,699720946080,106278
veh12,699720946077,,99.1776,0,CPM_DROP_PHY,6,12,699720946077,106277
veh12,699720946089,,99.1836,0,CPM_DROP_PHY,4,12,699720946089,106290
veh12,699720946133,,99.2038,0,CPM_DROP_PHY,11,12,699720946133,106325
veh12,49490,,99.2066,1,CAM,2,12,49490,-1
veh12,49367,,99.2146,1,CAM,5,12,49367,-1
veh12,49587,,99.2236,0,CAM_DROP_PHY,4,12,49587,106362
veh12,699720946242,,99.2346,0,CPM_DROP_PHY,5,12,699720946242,106365
veh12,699720946263,,99.2493,0,CPM_DROP_PHY,3,12,699720946263,106390
veh12,699720946303,,99.2776,0,CPM_DROP_PHY,6,12,699720946303,106433
veh12,49692,,99.2828,0,CAM_DROP_PHY,10,12,49692,106464
veh12,699720946316,,99.2836,0,CPM_DROP_PHY,4,12,699720946316,106449
veh12,49798,99.3012,,0,CAM,12,,49798,-1
veh12,49607,,99.3023,1,CAM,8,12,49607,-1
veh12,49805,,99.3226,0,CAM_DROP_PHY,5,12,49805,106508
veh12,49837,,99.3493,0,CAM_DROP_PHY,3,12,49837,106540
veh12,699720946489,,99.3493,0,CPM_DROP_PHY,3,12,699720946489,106540
veh12,49851,,99.3496,1,CAM,7,12,49851,-1
veh12,49833,,99.3498,0,CAM_DROP_PHY,8,12,49833,106538
veh12,49880,,99.3576,0,CAM_DROP_PHY,6,12,49880,106569
veh12,49875,,99.3651,1,CAM,9,12,49875,-1
veh12,49926,,99.4011,0,CAM_DROP_PHY,2,12,49926,106620
veh12,50171,,99.4828,1,CAM,10,12,50171,-1
veh12,699720946833,,99.4898,0,CPM_DROP_PHY,8,12,699720946833,106693
veh12,50274,,99.5226,0,CAM_DROP_PHY,5,12,50274,106722
veh12,50287,,99.5236,0,CAM_DROP_PHY,4,12,50287,106730
veh12,50307,,99.5498,1,CAM,8,12,50307,-1
veh12,50388,,99.6011,0,CAM_DROP_PHY,2,12,50388,106825
veh12,699720947126,,99.6426,0,CPM_DROP_PHY,5,12,699720947126,106850
veh12,50488,,99.6491,0,CAM_DROP_PHY,3,12,50488,106857
veh12,699720947142,,99.6496,0,CPM_DROP_PHY,7,12,699720947142,106860
veh12,50502,,99.6496,0,CAM_DROP_PHY,7,12,50502,106860
veh12,50526,,99.6556,1,CAM,9,12,50526,-1
veh12,50530,,99.6568,0,CAM_DROP_PHY,6,12,50530,106884
veh12,50566,,99.6828,0,CAM_DROP_PHY,10,12,50566,106925
veh12,50589,,99.7038,0,CAM_DROP_PHY,11,12,50589,106944
veh12,50717,,99.7568,0,CAM_DROP_PHY,6,12,50717,107005
veh12,699720947382,,99.7756,0,CPM_DROP_PHY,9,12,699720947382,107019
veh12,699720947387,,99.7836,0,CPM_DROP_PHY,4,12,699720947387,107027
veh12,50861,99.8012,,0,CAM,12,,50861,-1
veh12,50784,,99.8048,0,CAM_DROP_PHY,2,12,50784,107069
veh12,50869,,99.8226,0,CAM_DROP_PHY,5,12,50869,107078
veh12,50881,,99.8236,1,CAM,4,12,50881,-1
veh12,699720947537,,99.8426,0,CPM_DROP_PHY,5,12,699720947537,107098
veh12,699720947554,,99.8491,0,CPM_DROP_PHY,3,12,699720947554,107122
veh12,50900,,99.8498,0,CAM_DROP_PHY,8,12,50900,107118
veh12,50937,,99.8556,1,CAM,9,12,50937,-1
veh12,50942,,99.8568,0,CAM_DROP_PHY,6,12,50942,107150
veh12,50985,,99.8828,1,CAM,10,12,50985,-1
veh12,51004,,99.9081,1,CAM,11,12,51004,-1
veh12,51188,,99.9388,1,CAM,4,12,51188,-1
veh12,51203,,99.9491,1,CAM,3,12,51203,-1
veh12,699720947854,,99.9491,0,CPM_DROP_PHY,3,12,699720947854,107248
veh12,51217,,99.9496,0,CAM_DROP_PHY,7,12,51217,107261
veh12,51233,,99.9556,0,CAM_DROP_PHY,9,12,51233,107272
veh12,51237,,99.9568,1,CAM,6,12,51237,-1
veh12,699720947946,,99.9898,0,CPM_DROP_PHY,8,12,699720947946,107331
veh12,51311,,100.005,0,CAM_DROP_PHY,2,12,51311,107346
veh12,51315,,100.008,0,CAM_DROP_PHY,11,12,51315,107348
veh12,699720948045,,100.023,0,CPM_DROP_PHY,10,12,699720948045,107361
veh12,51408,,100.039,0,CAM_DROP_PHY,4,12,51408,107377
veh12,699720948074,,100.049,0,CPM_DROP_PHY,3,12,699720948074,107391
veh12,699720948078,,100.05,0,CPM_DROP_PHY,7,12,699720948078,107395
veh12,51456,,100.056,0,CAM_DROP_PHY,9,12,51456,107415
veh12,51506,,100.083,0,CAM_DROP_PHY,10,12,51506,107456
veh12,51527,,100.108,1,CAM,11,12,51527,-1
veh12,51601,,100.115,0,CAM_DROP_PHY,5,12,51601,107488
veh12,699720948267,,100.135,0,CPM_DROP_PHY,5,12,699720948267,107510
veh12,51627,,100.15,1,CAM,8,12,51627,-1
veh12,51665,,100.156,1,CAM,9,12,51665,-1
veh12,51671,,100.157,0,CAM_DROP_PHY,6,12,51671,107548
veh12,699720948336,,100.176,0,CPM_DROP_PHY,9,12,699720948336,107577
veh12,51747,,100.205,0,CAM_DROP_PHY,2,12,51747,107628
veh12,51751,,100.208,0,CAM_DROP_PHY,11,12,51751,107622
veh12,699720948489,,100.225,0,CPM_DROP_PHY,2,12,699720948489,107643
veh12,699720948503,,100.235,0,CPM_DROP_PHY,5,12,699720948503,107659
veh12,51849,,100.239,0,CAM_DROP_PHY,4,12,51849,107657
veh12,51887,,100.249,0,CAM_DROP_PHY,7,12,51887,107690
veh12,51869,,100.249,0,CAM_DROP_PHY,3,12,51869,107671
veh12,51903,,100.256,1,CAM,9,12,51903,-1
veh12,699720948572,,100.276,0,CPM_DROP_PHY,9,12,699720948572,107730
veh12,699720948577,,100.279,0,CPM_DROP_PHY,4,12,699720948577,107735
veh12,52056,100.301,,0,CAM,12,,52056,-1
veh12,51983,,100.308,0,CAM_DROP_PHY,11,12,51983,107782
veh12,699720948839,,100.349,0,CPM_DROP_PHY,3,12,699720948839,107819
veh12,52212,,100.356,0,CAM_DROP_PHY,9,12,52212,107836
veh12,52216,,100.357,0,CAM_DROP_PHY,6,12,52216,107838
veh12,52271,,100.398,1,CAM,10,12,52271,-1
veh12,52288,,100.405,0,CAM_DROP_PHY,2,12,52288,107900
veh12,52293,,100.408,0,CAM_DROP_PHY,11,12,52293,107905
veh12,52372,,100.415,1,CAM,5,12,52372,-1
veh12,699720949041,,100.435,0,CPM_DROP_PHY,5,12,699720949041,107943
veh12,52387,,100.438,1,CAM,4,12,52387,-1
veh12,52420,,100.449,0,CAM_DROP_PHY,7,12,52420,107969
veh12,52402,,100.45,0,CAM_DROP_PHY,8,12,52402,107951
veh12,699720949096,,100.477,0,CPM_DROP_PHY,6,12,699720949096,108002
veh12,699720949103,,100.478,0,CPM_DROP_PHY,4,12,699720949103,108009
veh12,699720949244,,100.535,0,CPM_DROP_PHY,5,12,699720949244,108067
veh12,52608,,100.542,0,CAM_DROP_PHY,3,12,52608,108077
veh12,52623,,100.549,0,CAM_DROP_PHY,7,12,52623,108092
veh12,52641,,100.556,1,CAM,9,12,52641,-1
veh12,699720949301,,100.591,0,CPM_DROP_PHY,6,12,699720949301,108124
veh12,52712,,100.605,1,CAM,2,12,52712,-1
veh12,52717,,100.608,0,CAM_DROP_PHY,11,12,52717,108173
veh12,52798,,100.615,1,CAM,5,12,52798,-1
veh12,699720949464,,100.635,0,CPM_DROP_PHY,5,12,699720949464,108205
veh12,699720949484,,100.649,0,CPM_DROP_PHY,7,12,699720949484,108220
veh12,52844,,100.649,1,CAM,7,12,52844,-1
veh12,52864,,100.658,1,CAM,6,12,52864,-1
veh12,53012,,100.715,0,CAM_DROP_PHY,5,12,53012,108312
veh12,699720949691,,100.735,0,CPM_DROP_PHY,5,12,699720949691,108339
veh12,53036,,100.738,0,CAM_DROP_PHY,4,12,53036,108335
veh12,53052,,100.747,0,CAM_DROP_PHY,8,12,53052,108349
veh12,53068,,100.749,0,CAM_DROP_PHY,7,12,53068,108366
veh12,53237,,100.798,0,CAM_DROP_PHY,10,12,53237,108428
veh12,53337,100.801,,0,CAM,12,,53337,-1
veh12,53261,,100.808,0,CAM_DROP_PHY,11,12,53261,108456
veh12,53344,,100.815,0,CAM_DROP_PHY,5,12,53344,108465
veh12,53255,,100.817,0,CAM_DROP_PHY,2,12,53255,108450
veh12,53378,,100.842,0,CAM_DROP_PHY,3,12,53378,108509
veh12,53394,,100.849,0,CAM_DROP_PHY,7,12,53394,108523
veh12,53407,,100.853,0,CAM_DROP_PHY,9,12,53407,108536
veh12,699720950106,,100.887,0,CPM_DROP_PHY,8,12,699720950106,108581
veh12,699720950203,,100.935,0,CPM_DROP_PHY,5,12,699720950203,108615
veh12,53585,,100.958,0,CAM_DROP_PHY,6,12,53585,108638
veh12,699720950241,,100.978,0,CPM_DROP_PHY,6,12,699720950241,108647
veh12,53725,,101.015,0,CAM_DROP_PHY,5,12,53725,108701
veh12,53643,,101.017,0,CAM_DROP_PHY,2,12,53643,108690
veh12,53745,,101.038,0,CAM_DROP_PHY,4,12,53745,108721
veh12,53763,,101.047,1,CAM,8,12,53763,-1
veh12,53781,,101.049,0,CAM_DROP_PHY,7,12,53781,108755
veh12,699720950456,,101.078,0,CPM_DROP_PHY,4,12,699720950456,108788
veh12,53850,,101.108,1,CAM,11,12,53850,-1
veh12,53949,,101.142,0,CAM_DROP_PHY,3,12,53949,108844
veh12,699720950601,,101.142,0,CPM_DROP_PHY,3,12,699720950601,108844
veh12,53945,,101.146,0,CAM_DROP_PHY,8,12,53945,108841
veh12,53977,,101.167,0,CAM_DROP_PHY,9,12,53977,108867
veh12,699720950685,,101.205,0,CPM_DROP_PHY,11,12,699720950685,108925
veh12,54222,,101.215,0,CAM_DROP_PHY,5,12,54222,108938
veh12,54041,,101.217,1,CAM,2,12,54041,-1
veh12,54267,,101.249,0,CAM_DROP_PHY,7,12,54267,108983
veh12,54284,,101.259,1,CAM,6,12,54284,-1
veh12,54254,,101.261,1,CAM,8,12,54254,-1
veh12,699720950949,,101.267,0,CPM_DROP_PHY,9,12,699720950949,109021
veh12,699720950953,,101.278,0,CPM_DROP_PHY,4,12,699720950953,109028
veh12,54339,,101.29,1,CAM,10,12,54339,-1
veh12,54423,101.301,,0,CAM,12,,54423,-1
veh12,54439,,101.338,1,CAM,4,12,54439,-1
veh12,699720951112,,101.349,0,CPM_DROP_PHY,7,12,699720951112,109114
veh12,54452,,101.361,0,CAM_DROP_PHY,8,12,54452,109108
veh12,54541,,101.417,1,CAM,2,12,54541,-1
veh12,699720951275,,101.427,0,CPM_DROP_PHY,5,12,699720951275,109208
veh12,54643,,101.442,1,CAM,3,12,54643,-1
veh12,54638,,101.446,0,CAM_DROP_PHY,8,12,54638,109221
veh12,54668,,101.459,1,CAM,6,12,54668,-1
veh12,54664,,101.467,0,CAM_DROP_PHY,9,12,54664,109247
veh12,699720951334,,101.478,0,CPM_DROP_PHY,4,12,699720951334,109271
veh12,699720951327,,101.479,0,CPM_DROP_PHY,6,12,699720951327,109260
veh12,699720951375,,101.506,0,CPM_DROP_PHY,8,12,699720951375,109303
veh12,54810,,101.527,0,CAM_DROP_PHY,5,12,54810,109321
veh12,699720951485,,101.527,0,CPM_DROP_PHY,5,12,699720951485,109321
veh12,54863,,101.546,0,CAM_DROP_PHY,7,12,54863,109368
veh12,54851,,101.546,0,CAM_DROP_PHY,8,12,54851,109358
veh12,54877,,101.559,0,CAM_DROP_PHY,6,12,54877,109384
veh12,54924,,101.605,0,CAM_DROP_PHY,11,12,54924,109426
veh12,54919,,101.617,0,CAM_DROP_PHY,2,12,54919,109423
veh12,699720951656,,101.617,0,CPM_DROP_PHY,2,12,699720951656,109423
veh12,699720951671,,101.627,0,CPM_DROP_PHY,5,12,699720951671,109450
veh12,699720951685,,101.636,0,CPM_DROP_PHY,3,12,699720951685,109466
veh12,55017,,101.638,0,CAM_DROP_PHY,4,12,55017,109448
veh12,55065,,101.659,0,CAM_DROP_PHY,6,12,55065,109500
veh12,55335,,101.736,0,CAM_DROP_PHY,3,12,55335,109585
veh12,55331,,101.746,1,CAM,8,12,55331,-1
veh12,55364,,101.759,0,CAM_DROP_PHY,6,12,55364,109612
veh12,55356,,101.767,1,CAM,9,12,55356,-1
veh12,699720952024,,101.767,0,CPM_DROP_PHY,9,12,699720952024,109607
veh12,55431,,101.812,0,CAM_DROP_PHY,2,12,55431,109678
veh12,55511,,101.827,0,CAM_DROP_PHY,5,12,55511,109686
veh12,55557,,101.854,0,CAM_DROP_PHY,7,12,55557,109716
veh12,699720952234,,101.879,0,CPM_DROP_PHY,6,12,699720952234,109747
veh12,55613,,101.897,0,CAM_DROP_PHY,10,12,55613,109762
veh12,55702,101.901,,0,CAM,12,,55702,-1
veh12,699720952377,,101.927,0,CPM_DROP_PHY,5,12,699720952377,109811
veh12,55527,,101.938,1,CAM,4,12,55527,-1
veh12,55722,,101.938,0,CAM_DROP_PHY,4,12,55722,109809
veh12,699720952394,,101.946,0,CPM_DROP_PHY,7,12,699720952394,109832
veh12,55769,,101.959,1,CAM,6,12,55769,-1
veh12,699720952429,,101.968,0,CPM_DROP_PHY,9,12,699720952429,109864
veh12,699720952466,,101.987,0,CPM_DROP_PHY,8,12,699720952466,109895
veh12,55830,,102.012,1,CAM,2,12,55830,-1
veh12,699720952569,,102.012,0,CPM_DROP_PHY,2,12,699720952569,109911
veh12,699720952593,,102.027,0,CPM_DROP_PHY,5,12,699720952593,109941
veh12,55938,,102.03,1,CAM,4,12,55938,-1
veh12,55962,,102.036,1,CAM,3,12,55962,-1
veh12,55958,,102.047,1,CAM,8,12,55958,-1
veh12,55983,,102.068,1,CAM,9,12,55983,-1
veh12,56048,,102.108,0,CAM_DROP_PHY,11,12,56048,110042
veh12,56229,,102.127,1,CAM,5,12,56229,-1
veh12,699720952897,,102.127,0,CPM_DROP_PHY,5,12,699720952897,110046
veh12,56242,,102.13,0,CAM_DROP_PHY,4,12,56242,110061
veh12,56275,,102.146,1,CAM,7,12,56275,-1
veh12,699720952913,,102.152,0,CPM_DROP_PHY,3,12,699720952913,110080
veh12,56295,,102.159,0,CAM_DROP_PHY,6,12,56295,110108
veh12,56289,,102.168,0,CAM_DROP_PHY,9,12,56289,110102
veh12,56343,,102.212,0,CAM_DROP_PHY,2,12,56343,110155
veh12,699720953082,,102.212,0,CPM_DROP_PHY,2,12,699720953082,110155
veh12,56462,,102.252,0,CAM_DROP_PHY,3,12,56462,110197
veh12,56480,,102.268,1,CAM,9,12,56480,-1
veh12,699720953297,,102.327,0,CPM_DROP_PHY,5,12,699720953297,110289
veh12,56643,,102.33,1,CAM,4,12,56643,-1
veh12,56662,,102.347,0,CAM_DROP_PHY,8,12,56662,110302
veh12,56666,,102.352,0,CAM_DROP_PHY,3,12,56666,110306
veh12,56686,,102.368,0,CAM_DROP_PHY,9,12,56686,110327
veh12,56740,,102.397,0,CAM_DROP_PHY,2,12,56740,110378
veh12,56824,102.401,,0,CAM,12,,56824,-1
veh12,56830,,102.427,0,CAM_DROP_PHY,5,12,56830,110388
veh12,699720953500,,102.427,0,CPM_DROP_PHY,5,12,699720953500,110388
veh12,56879,,102.446,0,CAM_DROP_PHY,7,12,56879,110436
veh12,56865,,102.452,1,CAM,3,12,56865,-1
veh12,56895,,102.457,0,CAM_DROP_PHY,6,12,56895,110453
veh12,56889,,102.468,0,CAM_DROP_PHY,9,12,56889,110448
veh12,56937,,102.497,0,CAM_DROP_PHY,10,12,56937,110494
veh12,699720953720,,102.527,0,CPM_DROP_PHY,5,12,699720953720,110547
veh12,57065,,102.53,1,CAM,4,12,57065,-1
veh12,57087,,102.552,1,CAM,3,12,57087,-1
veh12,57107,,102.568,0,CAM_DROP_PHY,9,12,57107,110586
veh12,699720953768,,102.568,0,CPM_DROP_PHY,9,12,699720953768,110586
veh12,57264,,102.597,0,CAM_DROP_PHY,2,12,57264,110636
veh12,57349,102.601,,0,CAM,12,,57349,-1
veh12,57271,,102.608,0,CAM_DROP_PHY,11,12,57271,110640
veh12,699720954049,,102.646,0,CPM_DROP_PHY,7,12,699720954049,110695
veh12,57389,,102.651,1,CAM,8,12,57389,-1
veh12,57394,,102.652,0,CAM_DROP_PHY,3,12,57394,110692
veh12,699720954046,,102.652,0,CPM_DROP_PHY,3,12,699720954046,110692
veh12,57420,,102.668,0,CAM_DROP_PHY,9,12,57420,110717
veh12,699720954116,,102.706,0,CPM_DROP_PHY,11,12,699720954116,110762
veh12,57552,,102.727,0,CAM_DROP_PHY,5,12,57552,110772
veh12,699720954226,,102.727,0,CPM_DROP_PHY,5,12,699720954226,110772
veh12,57571,,102.73,0,CAM_DROP_PHY,4,12,57571,110788
veh12,57607,,102.748,0,CAM_DROP_PHY,7,12,57607,110819
veh12,699720954246,,102.752,0,CPM_DROP_PHY,3,12,699720954246,110808
veh12,57624,,102.757,0,CAM_DROP_PHY,6,12,57624,110839
veh12,699720954290,,102.77,0,CPM_DROP_PHY,4,12,699720954290,110857
veh12,57766,102.801,,0,CAM,12,,57766,-1
veh12,57688,,102.802,1,CAM,2,12,57688,-1
veh12,699720954429,,102.822,0,CPM_DROP_PHY,2,12,699720954429,110924
veh12,57774,,102.84,0,CAM_DROP_PHY,5,12,57774,110917
veh12,699720954444,,102.84,0,CPM_DROP_PHY,5,12,699720954444,110917
veh12,699720954465,,102.848,0,CPM_DROP_PHY,7,12,699720954465,110959
veh12,57826,,102.848,1,CAM,7,12,57826,-1
veh12,57811,,102.852,1,CAM,3,12,57811,-1
veh12,57841,,102.868,0,CAM_DROP_PHY,9,12,57841,110977
veh12,57971,,102.932,0,CAM_DROP_PHY,5,12,57971,111027
veh12,57995,,102.947,0,CAM_DROP_PHY,8,12,57995,111042
veh12,58013,,102.948,1,CAM,7,12,58013,-1
veh12,699720954686,,102.968,0,CPM_DROP_PHY,9,12,699720954686,111082
veh12,58261,103.001,,0,CAM,12,,58261,-1
veh12,58082,,103.002,0,CAM_DROP_PHY,2,12,58082,111118
veh12,699720954921,,103.01,0,CPM_DROP_PHY,10,12,699720954921,111132
veh12,58269,,103.012,0,CAM_DROP_PHY,5,12,58269,111129
veh12,58289,,103.027,0,CAM_DROP_PHY,4,12,58289,111152
veh12,58303,,103.047,1,CAM,8,12,58303,-1
veh12,58309,,103.047,1,CAM,3,12,58309,-1
veh12,699720954960,,103.047,0,CPM_DROP_PHY,3,12,699720954960,111178
veh12,58319,,103.048,1,CAM,7,12,58319,-1
veh12,58340,,103.057,0,CAM_DROP_PHY,6,12,58340,111213
veh12,58372,,103.09,1,CAM,10,12,58372,-1
veh12,58389,,103.106,0,CAM_DROP_PHY,11,12,58389,111252
veh12,699720955129,,103.132,0,CPM_DROP_PHY,5,12,699720955129,111275
veh12,58488,,103.147,0,CAM_DROP_PHY,8,12,58488,111283
veh12,58524,,103.165,0,CAM_DROP_PHY,9,12,58524,111317
veh12,58572,,103.202,0,CAM_DROP_PHY,2,12,58572,111359
veh12,699720955216,,103.206,0,CPM_DROP_PHY,11,12,699720955216,111357
veh12,58662,,103.212,0,CAM_DROP_PHY,5,12,58662,111371
veh12,699720955332,,103.232,0,CPM_DROP_PHY,5,12,699720955332,111394
veh12,58692,,103.247,1,CAM,8,12,58692,-1
veh12,58708,,103.248,1,CAM,7,12,58708,-1
veh12,699720955381,,103.265,0,CPM_DROP_PHY,9,12,699720955381,111450
veh12,58859,103.301,,0,CAM,12,,58859,-1
veh12,58873,,103.327,0,CAM_DROP_PHY,4,12,58873,111517
veh12,58887,,103.347,0,CAM_DROP_PHY,3,12,58887,111535
veh12,58907,,103.357,0,CAM_DROP_PHY,6,12,58907,111556
veh12,699720955565,,103.365,0,CPM_DROP_PHY,9,12,699720955565,111563
veh12,58957,,103.402,0,CAM_DROP_PHY,2,12,58957,111596
veh12,699720955700,,103.432,0,CPM_DROP_PHY,5,12,699720955700,111616
veh12,59060,,103.439,0,CAM_DROP_PHY,8,12,59060,111625
veh12,699720955716,,103.447,0,CPM_DROP_PHY,3,12,699720955716,111630
veh12,59089,,103.465,0,CAM_DROP_PHY,9,12,59089,111657
veh12,59320,,103.512,0,CAM_DROP_PHY,5,12,59320,111702
veh12,699720955998,,103.547,0,CPM_DROP_PHY,3,12,699720955998,111736
veh12,59357,,103.548,0,CAM_DROP_PHY,7,12,59357,111741
veh12,59375,,103.557,0,CAM_DROP_PHY,6,12,59375,111761
veh12,59498,103.601,,0,CAM,12,,59498,-1
veh12,59415,,103.602,1,CAM,2,12,59415,-1
veh12,59516,,103.627,1,CAM,4,12,59516,-1
veh12,699720956170,,103.632,0,CPM_DROP_PHY,5,12,699720956170,111824
veh12,59531,,103.639,0,CAM_DROP_PHY,8,12,59531,111835
veh12,59539,,103.647,1,CAM,3,12,59539,-1
veh12,59572,,103.657,0,CAM_DROP_PHY,6,12,59572,111880
veh12,59606,,103.69,0,CAM_DROP_PHY,10,12,59606,111904
veh12,699720956267,,103.702,0,CPM_DROP_PHY,11,12,699720956267,111916
veh12,59625,,103.702,1,CAM,11,12,59625,-1
veh12,699720956360,,103.722,0,CPM_DROP_PHY,2,12,699720956360,111937
veh12,699720956372,,103.732,0,CPM_DROP_PHY,5,12,699720956372,111948
veh12,59761,,103.758,0,CAM_DROP_PHY,6,12,59761,111981
veh12,59754,,103.765,1,CAM,9,12,59754,-1
veh12,699720956421,,103.765,0,CPM_DROP_PHY,9,12,699720956421,111978
veh12,699720956428,,103.767,0,CPM_DROP_PHY,4,12,699720956428,111995
veh12,59824,,103.802,0,CAM_DROP_PHY,2,12,59824,112042
veh12,59910,,103.812,0,CAM_DROP_PHY,5,12,59910,112052
veh12,699720956574,,103.832,0,CPM_DROP_PHY,5,12,699720956574,112070
veh12,59947,,103.848,1,CAM,7,12,59947,-1
veh12,59960,,103.858,0,CAM_DROP_PHY,6,12,59960,112104
veh12,60096,,103.927,0,CAM_DROP_PHY,4,12,60096,112158
veh12,699720956750,,103.932,0,CPM_DROP_PHY,5,12,699720956750,112161
veh12,60111,,103.939,0,CAM_DROP_PHY,8,12,60111,112171
veh12,60119,,103.948,0,CAM_DROP_PHY,3,12,60119,112177
veh12,60140,,103.965,0,CAM_DROP_PHY,9,12,60140,112204
veh12,60379,104.001,,0,CAM,12,,60379,-1
veh12,60193,,104.002,1,CAM,2,12,60193,-1
veh12,699720957037,,104.01,0,CPM_DROP_PHY,10,12,699720957037,112268
veh12,699720957072,,104.048,0,CPM_DROP_PHY,7,12,699720957072,112306
veh12,60449,,104.058,1,CAM,6,12,60449,-1
veh12,60444,,104.065,0,CAM_DROP_PHY,9,12,60444,112325
veh12,60504,,104.102,1,CAM,2,12,60504,-1
veh12,60603,,104.125,0,CAM_DROP_PHY,5,12,60603,112386
veh12,699720957270,,104.125,0,CPM_DROP_PHY,5,12,699720957270,112386
veh12,60615,,104.127,0,CAM_DROP_PHY,4,12,60615,112397
veh12,699720957289,,104.148,0,CPM_DROP_PHY,7,12,699720957289,112419
veh12,60650,,104.148,0,CAM_DROP_PHY,7,12,60650,112419
veh12,60666,,104.163,1,CAM,9,12,60666,-1
veh12,60722,,104.202,1,CAM,11,12,60722,-1
veh12,60718,,104.202,0,CAM_DROP_PHY,2,12,60718,112481
veh12,699720957479,,104.214,0,CPM_DROP_PHY,2,12,699720957479,112504
veh12,60843,,104.223,0,CAM_DROP_PHY,4,12,60843,112518
veh12,60864,,104.237,0,CAM_DROP_PHY,8,12,60864,112536
veh12,60870,,104.248,0,CAM_DROP_PHY,3,12,60870,112543
veh12,699720957552,,104.263,0,CPM_DROP_PHY,9,12,699720957552,112575
veh12,60968,,104.314,1,CAM,2,12,60968,-1
veh12,61080,,104.323,1,CAM,4,12,61080,-1
veh12,699720957736,,104.325,0,CPM_DROP_PHY,5,12,699720957736,112660
veh12,61133,,104.358,0,CAM_DROP_PHY,6,12,61133,112695
veh12,61128,,104.363,0,CAM_DROP_PHY,9,12,61128,112694
veh12,61194,,104.402,0,CAM_DROP_PHY,11,12,61194,112746
veh12,61401,,104.423,1,CAM,4,12,61401,-1
veh12,61386,,104.425,0,CAM_DROP_PHY,5,12,61386,112754
veh12,699720958058,,104.425,0,CPM_DROP_PHY,5,12,699720958058,112754
veh12,61437,,104.448,0,CAM_DROP_PHY,7,12,61437,112793
veh12,699720958137,,104.497,0,CPM_DROP_PHY,8,12,699720958137,112836
veh12,61585,104.501,,0,CAM,12,,61585,-1
veh12,61499,,104.514,1,CAM,2,12,61499,-1
veh12,61606,,104.523,1,CAM,4,12,61606,-1
veh12,61629,,104.537,1,CAM,8,12,61629,-1
veh12,699720958289,,104.548,0,CPM_DROP_PHY,7,12,699720958289,112905
veh12,61635,,104.548,1,CAM,3,12,61635,-1
veh12,61669,,104.563,0,CAM_DROP_PHY,9,12,61669,112931
veh12,699720958383,,104.602,0,CPM_DROP_PHY,11,12,699720958383,112983
veh12,61741,,104.602,0,CAM_DROP_PHY,11,12,61741,112983
veh12,61845,,104.623,0,CAM_DROP_PHY,4,12,61845,113014
veh12,699720958503,,104.625,0,CPM_DROP_PHY,5,12,699720958503,113021
veh12,61879,,104.648,1,CAM,7,12,61879,-1
veh12,61869,,104.648,0,CAM_DROP_PHY,3,12,61869,113039
veh12,699720958557,,104.663,0,CPM_DROP_PHY,9,12,699720958557,113072
veh12,61896,,104.67,0,CAM_DROP_PHY,6,12,61896,113061
veh12,699720958564,,104.683,0,CPM_DROP_PHY,4,12,699720958564,113080
veh12,61966,,104.714,0,CAM_DROP_PHY,2,12,61966,113123
veh12,62060,,104.725,1,CAM,5,12,62060,-1
veh12,699720958726,,104.725,0,CPM_DROP_PHY,5,12,699720958726,113131
veh12,62093,,104.748,1,CAM,3,12,62093,-1
veh12,62103,,104.758,0,CAM_DROP_PHY,7,12,62103,113167
veh12,62161,,104.802,1,CAM,11,12,62161,-1
veh12,62261,,104.823,0,CAM_DROP_PHY,4,12,62261,113232
veh12,699720958917,,104.825,0,CPM_DROP_PHY,5,12,699720958917,113238
veh12,62382,,104.837,0,CAM_DROP_PHY,8,12,62382,113249
veh12,62387,,104.848,0,CAM_DROP_PHY,3,12,62387,113256
veh12,62399,,104.858,0,CAM_DROP_PHY,7,12,62399,113269
veh12,62411,,104.863,1,CAM,9,12,62411,-1
veh12,62452,,104.887,0,CAM_DROP_PHY,10,12,62452,113313
veh12,62474,,104.9,0,CAM_DROP_PHY,11,12,62474,113330
veh12,62469,,104.905,1,CAM,2,12,62469,-1
veh12,699720959214,,104.927,0,CPM_DROP_PHY,10,12,699720959214,113346
veh12,62589,,104.948,0,CAM_DROP_PHY,3,12,62589,113371
veh12,62610,,104.97,1,CAM,6,12,62610,-1
veh12,62750,,105.023,0,CAM_DROP_PHY,4,12,62750,113448
veh12,62739,,105.025,0,CAM_DROP_PHY,5,12,62739,113441
veh12,62765,,105.037,1,CAM,8,12,62765,-1
veh12,699720959423,,105.038,0,CPM_DROP_PHY,7,12,699720959423,113471
veh12,699720959420,,105.045,0,CPM_DROP_PHY,3,12,699720959420,113470
veh12,62788,,105.058,0,CAM_DROP_PHY,7,12,62788,113487
veh12,62854,,105.1,0,CAM_DROP_PHY,11,12,62854,113536
veh12,62935,105.101,,0,CAM,12,,62935,-1
veh12,62848,,105.105,1,CAM,2,12,62848,-1
veh12,62979,,105.137,1,CAM,8,12,62979,-1
veh12,62986,,105.145,0,CAM_DROP_PHY,3,12,62986,113605
veh12,63007,,105.161,1,CAM,9,12,63007,-1
veh12,63193,,105.237,0,CAM_DROP_PHY,8,12,63193,113726
veh12,63170,,105.239,1,CAM,5,12,63170,-1
veh12,699720959847,,105.245,0,CPM_DROP_PHY,3,12,699720959847,113727
veh12,63210,,105.258,1,CAM,7,12,63210,-1
veh12,63225,,105.27,0,CAM_DROP_PHY,6,12,63225,113749
veh12,63281,,105.3,0,CAM_DROP_PHY,11,12,63281,113794
veh12,63472,,105.319,0,CAM_DROP_PHY,5,12,63472,113806
veh12,63487,,105.323,0,CAM_DROP_PHY,4,12,63487,113829
veh12,63500,,105.339,0,CAM_DROP_PHY,8,12,63500,113841
veh12,63508,,105.345,0,CAM_DROP_PHY,3,12,63508,113845
veh12,63277,,105.405,0,CAM_DROP_PHY,2,12,63277,113792
veh12,699720960342,,105.443,0,CPM_DROP_PHY,7,12,699720960342,113929
veh12,63703,,105.443,0,CAM_DROP_PHY,7,12,63703,113929
veh12,63717,,105.461,0,CAM_DROP_PHY,9,12,63717,113952
veh12,699720960376,,105.47,0,CPM_DROP_PHY,6,12,699720960376,113958
veh12,63761,,105.483,0,CAM_DROP_PHY,10,12,63761,113977
veh12,699720960422,,105.499,0,CPM_DROP_PHY,8,12,699720960422,113990
veh12,63793,,105.5,0,CAM_DROP_PHY,11,12,63793,114008
veh12,63785,,105.505,1,CAM,2,12,63785,-1
veh12,63887,,105.519,0,CAM_DROP_PHY,5,12,63887,114029
veh12,699720960552,,105.531,0,CPM_DROP_PHY,5,12,699720960552,114054
veh12,63916,,105.539,1,CAM,8,12,63916,-1
veh12,699720960570,,105.545,0,CPM_DROP_PHY,3,12,699720960570,114066
veh12,63949,,105.57,1,CAM,6,12,63949,-1
veh12,63998,,105.603,0,CAM_DROP_PHY,2,12,63998,114134
veh12,64109,,105.634,0,CAM_DROP_PHY,4,12,64109,114163
veh12,64134,,105.645,0,CAM_DROP_PHY,3,12,64134,114191
veh12,699720960814,,105.681,0,CPM_DROP_PHY,9,12,699720960814,114219
veh12,64305,105.701,,0,CAM,12,,64305,-1
veh12,64312,,105.711,0,CAM_DROP_PHY,5,12,64312,114281
veh12,64344,,105.739,0,CAM_DROP_PHY,8,12,64344,114317
veh12,64361,,105.743,1,CAM,7,12,64361,-1
veh12,699720960998,,105.745,0,CPM_DROP_PHY,3,12,699720960998,114320
veh12,64478,,105.761,1,CAM,9,12,64478,-1
veh12,64219,,105.803,0,CAM_DROP_PHY,2,12,64219,114267
veh12,64528,,105.803,0,CAM_DROP_PHY,2,12,64528,114387
veh12,699720961298,,105.843,0,CPM_DROP_PHY,7,12,699720961298,114424
veh12,699720961295,,105.845,0,CPM_DROP_PHY,3,12,699720961295,114423
veh12,64676,,105.87,1,CAM,6,12,64676,-1
veh12,64806,,105.911,1,CAM,5,12,64806,-1
veh12,699720961480,,105.931,0,CPM_DROP_PHY,5,12,699720961480,114511
veh12,64822,,105.939,1,CAM,4,12,64822,-1
veh12,64843,,105.941,0,CAM_DROP_PHY,8,12,64843,114519
veh12,699720961501,,105.943,0,CPM_DROP_PHY,7,12,699720961501,114525
veh12,64849,,105.946,1,CAM,3,12,64849,-1
veh12,64879,,105.957,0,CAM_DROP_PHY,6,12,64879,114565
veh12,699720961570,,105.999,0,CPM_DROP_PHY,8,12,699720961570,114603
veh12,64934,,106.003,1,CAM,2,12,64934,-1
veh12,64941,,106.015,0,CAM_DROP_PHY,11,12,64941,114616
veh12,699720961695,,106.031,0,CPM_DROP_PHY,5,12,699720961695,114647
veh12,699720961715,,106.052,0,CPM_DROP_PHY,7,12,699720961715,114662
veh12,65077,,106.052,1,CAM,7,12,65077,-1
veh12,65095,,106.057,1,CAM,6,12,65095,-1
veh12,65090,,106.061,0,CAM_DROP_PHY,9,12,65090,114679
veh12,65135,,106.083,0,CAM_DROP_PHY,10,12,65135,114722
veh12,699720961923,,106.152,0,CPM_DROP_PHY,7,12,699720961923,114781
veh12,65296,,106.157,0,CAM_DROP_PHY,6,12,65296,114799
veh12,65289,,106.161,0,CAM_DROP_PHY,9,12,65289,114794
veh12,699720961962,,106.181,0,CPM_DROP_PHY,9,12,699720961962,114815
veh12,65371,,106.203,0,CAM_DROP_PHY,2,12,65371,114873
veh12,24,,106.211,1,CAM,5,12,24,-1
veh12,699720962230,,106.231,0,CPM_DROP_PHY,5,12,699720962230,114907
veh12,38,,106.239,0,CAM_DROP_PHY,4,12,38,114903
veh12,62,,106.246,0,CAM_DROP_PHY,3,12,62,114918
veh12,58,,106.248,1,CAM,8,12,58,-1
veh12,91,,106.257,0,CAM_DROP_PHY,6,12,91,114949
veh12,85,,106.261,1,CAM,9,12,85,-1
veh12,699720962295,,106.279,0,CPM_DROP_PHY,4,12,699720962295,114978
veh12,230,106.301,,0,CAM,12,,230,-1
veh12,699720962433,,106.331,0,CPM_DROP_PHY,5,12,699720962433,115030
veh12,699720962449,,106.352,0,CPM_DROP_PHY,7,12,699720962449,115044
veh12,273,,106.352,1,CAM,7,12,273,-1
veh12,283,,106.361,0,CAM_DROP_PHY,9,12,283,115058
veh12,338,,106.403,0,CAM_DROP_PHY,2,12,338,115098
veh12,455,,106.446,0,CAM_DROP_PHY,3,12,455,115134
veh12,699720962647,,106.452,0,CPM_DROP_PHY,7,12,699720962647,115138
veh12,492,,106.457,1,CAM,6,12,492,-1
veh12,487,,106.461,0,CAM_DROP_PHY,9,12,487,115154
veh12,699720962721,,106.488,0,CPM_DROP_PHY,8,12,699720962721,115205
veh12,632,,106.52,0,CAM_DROP_PHY,5,12,632,115224
veh12,644,,106.539,1,CAM,4,12,644,-1
veh12,663,,106.546,0,CAM_DROP_PHY,3,12,663,115249
veh12,699720962852,,106.546,0,CPM_DROP_PHY,3,12,699720962852,115249
veh12,659,,106.548,0,CAM_DROP_PHY,8,12,659,115246
veh12,698,,106.561,0,CAM_DROP_PHY,9,12,698,115277
veh12,699720962938,,106.595,0,CPM_DROP_PHY,11,12,699720962938,115329
veh12,760,,106.612,0,CAM_DROP_PHY,2,12,760,115334
veh12,765,,106.615,1,CAM,11,12,765,-1
veh12,873,,106.646,0,CAM_DROP_PHY,3,12,873,115377
veh12,887,,106.652,0,CAM_DROP_PHY,7,12,887,115385
veh12,907,,106.657,1,CAM,6,12,907,-1
veh12,1059,,106.684,0,CAM_DROP_PHY,10,12,1059,115448
veh12,1082,,106.712,0,CAM_DROP_PHY,2,12,1082,115480
veh12,1191,,106.745,0,CAM_DROP_PHY,3,12,1191,115513
veh12,699720963379,,106.745,0,CPM_DROP_PHY,3,12,699720963379,115513
veh12,1206,,106.752,1,CAM,7,12,1206,-1
veh12,1220,,106.761,1,CAM,9,12,1220,-1
veh12,699720963421,,106.77,0,CPM_DROP_PHY,6,12,699720963421,115554
veh12,1280,,106.812,1,CAM,2,12,1280,-1
veh12,1362,,106.82,0,CAM_DROP_PHY,5,12,1362,115593
veh12,1379,,106.839,0,CAM_DROP_PHY,4,12,1379,115607
veh12,699720963585,,106.845,0,CPM_DROP_PHY,3,12,699720963585,115627
veh12,699720963571,,106.851,0,CPM_DROP_PHY,5,12,699720963571,115612
veh12,1410,,106.852,1,CAM,7,12,1410,-1
veh12,1395,,106.855,1,CAM,8,12,1395,-1
veh12,1557,106.901,,0,CAM,12,,1557,-1
veh12,1593,,106.945,1,CAM,3,12,1593,-1
veh12,1606,,106.952,1,CAM,7,12,1606,-1
veh12,1622,,106.97,0,CAM_DROP_PHY,6,12,1622,115763
veh12,699720963862,,106.988,0,CPM_DROP_PHY,8,12,699720963862,115800
veh12,1691,,107.012,1,CAM,2,12,1691,-1
veh12,699720963985,,107.045,0,CPM_DROP_PHY,3,12,699720963985,115848
veh12,1816,,107.052,0,CAM_DROP_PHY,7,12,1816,115850
veh12,1830,,107.061,0,CAM_DROP_PHY,9,12,1830,115865
veh12,699720964263,,107.112,0,CPM_DROP_PHY,2,12,699720964263,115932
veh12,2071,,107.131,1,CAM,5,12,2071,-1
veh12,2088,,107.139,1,CAM,4,12,2088,-1
veh12,2124,,107.144,0,CAM_DROP_PHY,7,12,2124,115970
veh12,2114,,107.145,1,CAM,3,12,2114,-1
veh12,2106,,107.148,0,CAM_DROP_PHY,8,12,2106,115959
veh12,2209,,107.212,0,CAM_DROP_PHY,2,12,2209,116056
veh12,2213,,107.216,0,CAM_DROP_PHY,11,12,2213,116059
veh12,2346,,107.27,0,CAM_DROP_PHY,6,12,2346,116114
veh12,2381,,107.296,1,CAM,10,12,2381,-1
veh12,2521,,107.344,0,CAM_DROP_PHY,7,12,2521,116187
veh12,2509,,107.348,0,CAM_DROP_PHY,8,12,2509,116181
veh12,2534,,107.361,1,CAM,9,12,2534,-1
veh12,2583,,107.407,0,CAM_DROP_PHY,2,12,2583,116241
veh12,2670,,107.426,1,CAM,5,12,2670,-1
veh12,2687,,107.439,1,CAM,4,12,2687,-1
veh12,2716,,107.445,0,CAM_DROP_PHY,3,12,2716,116287
veh12,2710,,107.448,1,CAM,8,12,2710,-1
veh12,699720964958,,107.488,0,CPM_DROP_PHY,8,12,699720964958,116339
veh12,2865,107.501,,0,CAM,12,,2865,-1
veh12,2897,,107.544,1,CAM,8,12,2897,-1
veh12,699720965086,,107.555,0,CPM_DROP_PHY,3,12,699720965086,116390
veh12,2930,,107.57,0,CAM_DROP_PHY,6,12,2930,116411
veh12,3084,,107.607,0,CAM_DROP_PHY,2,12,3084,116458
veh12,699720965264,,107.613,0,CPM_DROP_PHY,11,12,699720965264,116455
veh12,3223,,107.644,0,CAM_DROP_PHY,8,12,3223,116502
veh12,3239,,107.644,0,CAM_DROP_PHY,7,12,3239,116507
veh12,3255,,107.665,1,CAM,9,12,3255,-1
veh12,699720965462,,107.679,0,CPM_DROP_PHY,4,12,699720965462,116551
veh12,3403,,107.726,0,CAM_DROP_PHY,5,12,3403,116600
veh12,3435,,107.735,0,CAM_DROP_PHY,3,12,3435,116627
veh12,3415,,107.739,1,CAM,4,12,3415,-1
veh12,3501,,107.807,0,CAM_DROP_PHY,2,12,3501,116681
veh12,3505,,107.813,0,CAM_DROP_PHY,11,12,3505,116682
veh12,3618,,107.844,0,CAM_DROP_PHY,8,12,3618,116720
veh12,3642,,107.868,1,CAM,6,12,3642,-1
veh12,3675,,107.89,1,CAM,10,12,3675,-1
veh12,3693,,107.907,0,CAM_DROP_PHY,2,12,3693,116785
veh12,3819,,107.944,1,CAM,7,12,3819,-1
veh12,3830,,107.965,1,CAM,9,12,3830,-1
veh12,699720966024,,107.968,0,CPM_DROP_PHY,6,12,699720966024,116849
veh12,3883,,108.007,1,CAM,2,12,3883,-1
veh12,3971,,108.026,1,CAM,5,12,3971,-1
veh12,699720966261,,108.027,0,CPM_DROP_PHY,2,12,699720966261,116904
veh12,4085,,108.035,1,CAM,4,12,4085,-1
veh12,4107,,108.035,0,CAM_DROP_PHY,3,12,4107,116938
veh12,4102,,108.054,1,CAM,8,12,4102,-1
veh12,699720966297,,108.055,0,CPM_DROP_PHY,3,12,699720966297,116945
veh12,4272,108.101,,0,CAM,12,,4272,-1
veh12,4192,,108.107,1,CAM,2,12,4192,-1
veh12,699720966488,,108.126,0,CPM_DROP_PHY,5,12,699720966488,117058
veh12,699720966471,,108.127,0,CPM_DROP_PHY,2,12,699720966471,117037
veh12,699720966539,,108.165,0,CPM_DROP_PHY,9,12,699720966539,117105
veh12,4342,,108.168,0,CAM_DROP_PHY,6,12,4342,117095
veh12,699720966537,,108.168,0,CPM_DROP_PHY,6,12,699720966537,117095
veh12,699720966546,,108.175,0,CPM_DROP_PHY,4,12,699720966546,117114
veh12,699720966677,,108.227,0,CPM_DROP_PHY,2,12,699720966677,117159
veh12,4521,,108.251,1,CAM,7,12,4521,-1
veh12,4532,,108.259,0,CAM_DROP_PHY,9,12,4532,117191
veh12,4585,,108.307,0,CAM_DROP_PHY,2,12,4585,117231
veh12,4668,,108.321,1,CAM,5,12,4668,-1
veh12,699720966859,,108.327,0,CPM_DROP_PHY,2,12,699720966859,117243
veh12,4682,,108.335,0,CAM_DROP_PHY,4,12,4682,117254
veh12,4701,,108.344,1,CAM,8,12,4701,-1
veh12,4706,,108.35,0,CAM_DROP_PHY,3,12,4706,117272
veh12,4729,,108.359,1,CAM,9,12,4729,-1
veh12,4779,,108.413,0,CAM_DROP_PHY,11,12,4779,117343
veh12,699720967084,,108.451,0,CPM_DROP_PHY,7,12,699720967084,117388
veh12,4914,,108.459,0,CAM_DROP_PHY,9,12,4914,117397
veh12,4924,,108.468,0,CAM_DROP_PHY,6,12,4924,117402
veh12,4957,,108.49,0,CAM_DROP_PHY,10,12,4957,117434
veh12,4976,,108.499,0,CAM_DROP_PHY,2,12,4976,117454
veh12,5195,,108.55,0,CAM_DROP_PHY,3,12,5195,117498
veh12,699720967382,,108.55,0,CPM_DROP_PHY,3,12,699720967382,117498
veh12,699720967385,,108.551,0,CPM_DROP_PHY,7,12,699720967385,117501
veh12,5208,,108.551,1,CAM,7,12,5208,-1
veh12,5220,,108.559,0,CAM_DROP_PHY,9,12,5220,117514
veh12,699720967452,,108.613,0,CPM_DROP_PHY,11,12,699720967452,117557
veh12,5356,,108.621,0,CAM_DROP_PHY,5,12,5356,117564
veh12,5374,,108.635,0,CAM_DROP_PHY,4,12,5374,117580
veh12,5394,,108.643,1,CAM,8,12,5394,-1
veh12,5399,,108.65,0,CAM_DROP_PHY,3,12,5399,117603
veh12,5426,,108.659,0,CAM_DROP_PHY,9,12,5426,117634
veh12,699720967642,,108.675,0,CPM_DROP_PHY,4,12,699720967642,117673
veh12,5503,,108.699,0,CAM_DROP_PHY,2,12,5503,117717
veh12,5585,108.701,,0,CAM,12,,5585,-1
veh12,5621,,108.75,0,CAM_DROP_PHY,3,12,5621,117762
veh12,5640,,108.759,0,CAM_DROP_PHY,9,12,5640,117775
veh12,5644,,108.768,1,CAM,6,12,5644,-1
veh12,699720967986,,108.851,0,CPM_DROP_PHY,7,12,699720967986,117850
veh12,5810,,108.851,0,CAM_DROP_PHY,7,12,5810,117850
veh12,699720967963,,108.919,0,CPM_DROP_PHY,2,12,699720967963,117828
veh12,5869,,108.919,0,CAM_DROP_PHY,2,12,5869,117892
veh12,5955,,108.919,1,CAM,5,12,5955,-1
veh12,699720968143,,108.927,0,CPM_DROP_PHY,10,12,699720968143,117903
veh12,5976,,108.931,1,CAM,4,12,5976,-1
veh12,5999,,108.943,0,CAM_DROP_PHY,8,12,5999,117942
veh12,6005,,108.949,0,CAM_DROP_PHY,3,12,6005,117949
veh12,6014,,108.951,0,CAM_DROP_PHY,7,12,6014,117956
veh12,6028,,108.959,0,CAM_DROP_PHY,9,12,6028,117972
veh12,6182,,109.01,0,CAM_DROP_PHY,11,12,6182,118021
veh12,699720968456,,109.019,0,CPM_DROP_PHY,2,12,699720968456,118036
veh12,699720968485,,109.051,0,CPM_DROP_PHY,7,12,699720968485,118067
veh12,6308,,109.051,0,CAM_DROP_PHY,7,12,6308,118067
veh12,6327,,109.068,0,CAM_DROP_PHY,6,12,6327,118084
veh12,6367,,109.087,0,CAM_DROP_PHY,10,12,6367,118117
veh12,6389,,109.099,0,CAM_DROP_PHY,2,12,6389,118141
veh12,6507,,109.149,0,CAM_DROP_PHY,3,12,6507,118187
veh12,6532,,109.159,0,CAM_DROP_PHY,9,12,6532,118205
veh12,6686,,109.219,0,CAM_DROP_PHY,5,12,6686,118289
veh12,6700,,109.231,0,CAM_DROP_PHY,4,12,6700,118303
veh12,6720,,109.243,1,CAM,8,12,6720,-1
veh12,6790,,109.299,0,CAM_DROP_PHY,2,12,6790,118378
veh12,6868,109.301,,0,CAM,12,,6868,-1
veh12,699720969063,,109.319,0,CPM_DROP_PHY,2,12,699720969063,118394
veh12,6731,,109.363,0,CAM_DROP_PHY,7,12,6731,118330
veh12,6912,,109.363,1,CAM,7,12,6912,-1
veh12,6924,,109.376,0,CAM_DROP_PHY,6,12,6924,118435
veh12,6970,,109.399,0,CAM_DROP_PHY,2,12,6970,118473
veh12,7191,,109.449,1,CAM,3,12,7191,-1
veh12,7212,,109.459,0,CAM_DROP_PHY,9,12,7212,118533
veh12,7201,,109.463,0,CAM_DROP_PHY,7,12,7201,118524
veh12,699720969411,,109.479,0,CPM_DROP_PHY,9,12,699720969411,118545
veh12,7278,,109.499,0,CAM_DROP_PHY,2,12,7278,118593
veh12,7369,,109.519,0,CAM_DROP_PHY,5,12,7369,118605
veh12,7386,,109.531,1,CAM,4,12,7386,-1
veh12,699720969598,,109.543,0,CPM_DROP_PHY,7,12,699720969598,118651
veh12,7404,,109.543,0,CAM_DROP_PHY,8,12,7404,118644
veh12,699720969595,,109.549,0,CPM_DROP_PHY,3,12,699720969595,118650
veh12,7493,,109.599,0,CAM_DROP_PHY,2,12,7493,118720
veh12,699720969672,,109.61,0,CPM_DROP_PHY,11,12,699720969672,118718
veh12,7497,,109.61,0,CAM_DROP_PHY,11,12,7497,118718
veh12,699720969792,,109.639,0,CPM_DROP_PHY,5,12,699720969792,118754
veh12,699720969847,,109.671,0,CPM_DROP_PHY,4,12,699720969847,118803
veh12,7643,,109.676,0,CAM_DROP_PHY,6,12,7643,118785
veh12,699720969839,,109.676,0,CPM_DROP_PHY,6,12,699720969839,118785
veh12,7696,,109.687,0,CAM_DROP_PHY,10,12,7696,118830
veh12,7717,,109.716,0,CAM_DROP_PHY,2,12,7717,118856
veh12,699720969990,,109.716,0,CPM_DROP_PHY,2,12,699720969990,118856
veh12,7829,,109.749,0,CAM_DROP_PHY,3,12,7829,118886
veh12,7846,,109.759,0,CAM_DROP_PHY,9,12,7846,118900
veh12,699720970042,,109.769,0,CPM_DROP_PHY,6,12,699720970042,118911
veh12,7987,,109.819,0,CAM_DROP_PHY,5,12,7987,118958
veh12,8007,,109.831,0,CAM_DROP_PHY,4,12,8007,118973
veh12,8023,,109.843,0,CAM_DROP_PHY,8,12,8023,118991
veh12,8273,109.901,,0,CAM,12,,8273,-1
veh12,8194,,109.916,0,CAM_DROP_PHY,2,12,8194,119039
veh12,8340,,109.969,0,CAM_DROP_PHY,6,12,8340,119096
veh12,699720970565,,110.006,0,CPM_DROP_PHY,8,12,699720970565,119129
veh12,699720970668,,110.016,0,CPM_DROP_PHY,2,12,699720970668,119150
veh12,8507,,110.049,0,CAM_DROP_PHY,3,12,8507,119171
veh12,699720970694,,110.049,0,CPM_DROP_PHY,3,12,699720970694,119171
veh12,8327,,110.057,0,CAM_DROP_PHY,7,12,8327,119090
veh12,8533,,110.059,1,CAM,9,12,8533,-1
veh12,8601,,110.116,0,CAM_DROP_PHY,2,12,8601,119245
veh12,10353,,110.119,1,CAM,5,12,10353,-1
veh12,10376,,110.134,1,CAM,4,12,10376,-1
veh12,10393,,110.146,1,CAM,8,12,10393,-1
veh12,10490,,110.215,0,CAM_DROP_PHY,11,12,10490,119386
veh12,10614,,110.257,1,CAM,7,12,10614,-1
veh12,10626,,110.269,0,CAM_DROP_PHY,6,12,10626,119430
veh12,10661,,110.296,1,CAM,10,12,10661,-1
veh12,10678,,110.316,0,CAM_DROP_PHY,2,12,10678,119476
veh12,10792,,110.345,0,CAM_DROP_PHY,3,12,10792,119507
veh12,10810,,110.359,0,CAM_DROP_PHY,9,12,10810,119522
veh12,10940,,110.415,1,CAM,5,12,10940,-1
veh12,699720973128,,110.416,0,CPM_DROP_PHY,10,12,699720973128,119567
veh12,10965,,110.434,0,CAM_DROP_PHY,4,12,10965,119586
veh12,10980,,110.446,1,CAM,8,12,10980,-1
veh12,11128,110.501,,0,CAM,12,,11128,-1
veh12,11050,,110.516,0,CAM_DROP_PHY,2,12,11050,119657
veh12,699720973349,,110.545,0,CPM_DROP_PHY,3,12,699720973349,119699
veh12,11178,,110.557,0,CAM_DROP_PHY,7,12,11178,119709
veh12,11193,,110.566,0,CAM_DROP_PHY,6,12,11193,119721
veh12,699720973389,,110.566,0,CPM_DROP_PHY,6,12,699720973389,119721
veh12,699720973629,,110.616,0,CPM_DROP_PHY,2,12,699720973629,119789
veh12,699720973643,,110.635,0,CPM_DROP_PHY,5,12,699720973643,119802
veh12,11470,,110.645,0,CAM_DROP_PHY,3,12,11470,119810
veh12,11492,,110.659,0,CAM_DROP_PHY,9,12,11492,119831
veh12,699720973690,,110.666,0,CPM_DROP_PHY,6,12,699720973690,119849
veh12,699720973702,,110.674,0,CPM_DROP_PHY,4,12,699720973702,119859
veh12,11647,,110.715,1,CAM,5,12,11647,-1
veh12,11562,,110.716,0,CAM_DROP_PHY,2,12,11562,119903
veh12,699720973838,,110.716,0,CPM_DROP_PHY,2,12,699720973838,119903
veh12,11666,,110.734,0,CAM_DROP_PHY,4,12,11666,119925
veh12,11678,,110.746,0,CAM_DROP_PHY,8,12,11678,119937
veh12,11742,,110.815,0,CAM_DROP_PHY,11,12,11742,119991
veh12,699720974010,,110.816,0,CPM_DROP_PHY,2,12,699720974010,119997
veh12,11851,,110.845,1,CAM,3,12,11851,-1
veh12,11861,,110.857,0,CAM_DROP_PHY,7,12,11861,120032
veh12,11875,,110.866,0,CAM_DROP_PHY,6,12,11875,120040
veh12,11909,,110.896,0,CAM_DROP_PHY,10,12,11909,120075
veh12,11925,,110.913,0,CAM_DROP_PHY,2,12,11925,120090
veh12,699720974197,,110.916,0,CPM_DROP_PHY,10,12,699720974197,120099
veh12,12044,,110.945,1,CAM,3,12,12044,-1
veh12,12063,,110.96,0,CAM_DROP_PHY,9,12,12063,120143
veh12,699720974286,,111.006,0,CPM_DROP_PHY,8,12,699720974286,120176
veh12,12198,,111.015,0,CAM_DROP_PHY,5,12,12198,120191
veh12,12219,,111.034,1,CAM,4,12,12219,-1
veh12,12231,,111.046,1,CAM,8,12,12231,-1
veh12,699720974428,,111.051,0,CPM_DROP_PHY,7,12,699720974428,120234
veh12,12237,,111.054,1,CAM,3,12,12237,-1
veh12,699720974426,,111.054,0,CPM_DROP_PHY,3,12,699720974426,120229
veh12,699720974559,,111.08,0,CPM_DROP_PHY,9,12,699720974559,120271
veh12,12510,111.101,,0,CAM,12,,12510,-1
veh12,12420,,111.113,0,CAM_DROP_PHY,2,12,12420,120303
veh12,699720974725,,111.132,0,CPM_DROP_PHY,5,12,699720974725,120340
veh12,12554,,111.145,0,CAM_DROP_PHY,3,12,12554,120352
veh12,12565,,111.151,1,CAM,7,12,12565,-1
veh12,699720974789,,111.174,0,CPM_DROP_PHY,4,12,699720974789,120401
veh12,699720974930,,111.213,0,CPM_DROP_PHY,2,12,699720974930,120444
veh12,12783,,111.26,1,CAM,9,12,12783,-1
veh12,12931,,111.312,1,CAM,5,12,12931,-1
veh12,12837,,111.313,0,CAM_DROP_PHY,2,12,12837,120518
veh12,699720975122,,111.313,0,CPM_DROP_PHY,2,12,699720975122,120518
veh12,12953,,111.326,0,CAM_DROP_PHY,4,12,12953,120546
veh12,12967,,111.34,0,CAM_DROP_PHY,8,12,12967,120556
veh12,12973,,111.345,0,CAM_DROP_PHY,3,12,12973,120562
veh12,699720975188,,111.38,0,CPM_DROP_PHY,9,12,699720975188,120596
veh12,13043,,111.413,0,CAM_DROP_PHY,11,12,13043,120622
veh12,699720975316,,111.414,0,CPM_DROP_PHY,10,12,699720975316,120629
veh12,13164,,111.451,1,CAM,7,12,13164,-1
veh12,13176,,111.462,1,CAM,6,12,13176,-1
veh12,13216,,111.494,0,CAM_DROP_PHY,10,12,13216,120699
veh12,13235,,111.513,0,CAM_DROP_PHY,2,12,13235,120714
veh12,13450,,111.547,0,CAM_DROP_PHY,3,12,13450,120756
veh12,699720975640,,111.551,0,CPM_DROP_PHY,7,12,699720975640,120758
veh12,13475,,111.56,0,CAM_DROP_PHY,9,12,13475,120771
veh12,13635,,111.612,0,CAM_DROP_PHY,5,12,13635,120837
veh12,699720975724,,111.613,0,CPM_DROP_PHY,11,12,699720975724,120829
veh12,13659,,111.626,1,CAM,4,12,13659,-1
veh12,13674,,111.64,0,CAM_DROP_PHY,8,12,13674,120876
veh12,699720975892,,111.674,0,CPM_DROP_PHY,6,12,699720975892,120915
veh12,699720975903,,111.686,0,CPM_DROP_PHY,4,12,699720975903,120926
veh12,13856,111.701,,0,CAM,12,,13856,-1
veh12,13762,,111.713,1,CAM,2,12,13762,-1
veh12,699720976052,,111.713,0,CPM_DROP_PHY,2,12,699720976052,120963
veh12,13896,,111.751,0,CAM_DROP_PHY,7,12,13896,121008
veh12,13910,,111.754,1,CAM,6,12,13910,-1
veh12,14087,,111.847,1,CAM,3,12,14087,-1
veh12,14105,,111.858,1,CAM,9,12,14105,-1
veh12,14152,,111.913,0,CAM_DROP_PHY,2,12,14152,121149
veh12,14247,,111.921,1,CAM,5,12,14247,-1
veh12,14288,,111.934,0,CAM_DROP_PHY,8,12,14288,121188
veh12,14272,,111.939,0,CAM_DROP_PHY,4,12,14272,121174
veh12,699720976635,,111.994,0,CPM_DROP_PHY,8,12,699720976635,121243
veh12,699720976751,,112.013,0,CPM_DROP_PHY,2,12,699720976751,121269
veh12,14467,,112.013,0,CAM_DROP_PHY,11,12,14467,121260
veh12,14609,,112.049,0,CAM_DROP_PHY,7,12,14609,121300
veh12,14625,,112.054,1,CAM,6,12,14625,-1
veh12,699720976820,,112.078,0,CPM_DROP_PHY,9,12,699720976820,121335
veh12,14664,,112.097,1,CAM,10,12,14664,-1
veh12,14683,,112.113,0,CAM_DROP_PHY,2,12,14683,121370
veh12,699720976862,,112.113,0,CPM_DROP_PHY,11,12,699720976862,121365
veh12,14814,,112.138,0,CAM_DROP_PHY,3,12,14814,121414
veh12,14835,,112.158,0,CAM_DROP_PHY,9,12,14835,121429
veh12,699720977202,,112.213,0,CPM_DROP_PHY,2,12,699720977202,121510
veh12,15011,,112.221,0,CAM_DROP_PHY,5,12,15011,121507
veh12,15028,,112.221,1,CAM,4,12,15028,-1
veh12,15044,,112.234,0,CAM_DROP_PHY,8,12,15044,121539
veh12,699720977257,,112.274,0,CPM_DROP_PHY,6,12,699720977257,121572
veh12,699720977262,,112.281,0,CPM_DROP_PHY,4,12,699720977262,121573
veh12,15227,112.301,,0,CAM,12,,15227,-1
veh12,15121,,112.313,0,CAM_DROP_PHY,2,12,15121,121606
veh12,15284,,112.349,0,CAM_DROP_PHY,7,12,15284,121657
veh12,15299,,112.354,0,CAM_DROP_PHY,6,12,15299,121664
veh12,699720977740,,112.417,0,CPM_DROP_PHY,10,12,699720977740,121708
veh12,15588,,112.438,1,CAM,3,12,15588,-1
veh12,15607,,112.455,0,CAM_DROP_PHY,9,12,15607,121752
veh12,699720977840,,112.494,0,CPM_DROP_PHY,8,12,699720977840,121789
veh12,15671,,112.515,0,CAM_DROP_PHY,2,12,15671,121803
veh12,15810,,112.521,0,CAM_DROP_PHY,4,12,15810,121835
veh12,15779,,112.523,1,CAM,5,12,15779,-1
veh12,15834,,112.534,0,CAM_DROP_PHY,8,12,15834,121861
veh12,699720978026,,112.538,0,CPM_DROP_PHY,3,12,699720978026,121872
veh12,699720978067,,112.575,0,CPM_DROP_PHY,9,12,699720978067,121909
veh12,699720978064,,112.576,0,CPM_DROP_PHY,6,12,699720978064,121908
veh12,699720978071,,112.581,0,CPM_DROP_PHY,4,12,699720978071,121911
veh12,15938,,112.608,0,CAM_DROP_PHY,11,12,15938,121954
veh12,16083,,112.649,0,CAM_DROP_PHY,7,12,16083,122000
veh12,16097,,112.656,0,CAM_DROP_PHY,6,12,16097,122009
veh12,16130,,112.697,1,CAM,10,12,16130,-1
veh12,16147,,112.715,0,CAM_DROP_PHY,2,12,16147,122049
veh12,699720978438,,112.715,0,CPM_DROP_PHY,2,12,699720978438,122049
veh12,16280,,112.738,1,CAM,3,12,16280,-1
veh12,16299,,112.755,0,CAM_DROP_PHY,9,12,16299,122097
veh12,699720978499,,112.775,0,CPM_DROP_PHY,9,12,699720978499,122113
veh12,16599,,112.821,0,CAM_DROP_PHY,4,12,16599,122170
veh12,16571,,112.823,0,CAM_DROP_PHY,5,12,16571,122154
veh12,16616,,112.841,1,CAM,8,12,16616,-1
veh12,699720978872,,112.901,0,CPM_DROP_PHY,8,12,699720978872,122251
veh12,16812,112.901,,0,CAM,12,,16812,-1
veh12,16699,,112.915,1,CAM,2,12,16699,-1
veh12,699720979011,,112.915,0,CPM_DROP_PHY,2,12,699720979011,122262
veh12,699720979006,,112.917,0,CPM_DROP_PHY,10,12,699720979006,122277
veh12,699720979032,,112.923,0,CPM_DROP_PHY,5,12,699720979032,122297
veh12,16879,,112.949,1,CAM,7,12,16879,-1
veh12,699720979100,,112.981,0,CPM_DROP_PHY,4,12,699720979100,122369
veh12,17126,,113.036,1,CAM,3,12,17126,-1
veh12,17146,,113.055,0,CAM_DROP_PHY,9,12,17146,122473
veh12,699720979093,,113.076,0,CPM_DROP_PHY,6,12,699720979093,122364
veh12,17202,,113.115,1,CAM,2,12,17202,-1
veh12,17320,,113.123,1,CAM,5,12,17320,-1
veh12,17352,,113.139,0,CAM_DROP_PHY,4,12,17352,122541
veh12,17468,,113.141,0,CAM_DROP_PHY,8,12,17468,122560
veh12,17552,,113.201,0,CAM_DROP_PHY,11,12,17552,122625
veh12,17726,,113.243,1,CAM,7,12,17726,-1
veh12,17739,,113.269,0,CAM_DROP_PHY,6,12,17739,122687
veh12,17772,,113.293,0,CAM_DROP_PHY,10,12,17772,122716
veh12,17791,,113.299,0,CAM_DROP_PHY,2,12,17791,122729
veh12,699720979963,,113.301,0,CPM_DROP_PHY,8,12,699720979963,122721
veh12,17976,,113.336,0,CAM_DROP_PHY,3,12,17976,122791
veh12,699720980166,,113.343,0,CPM_DROP_PHY,7,12,699720980166,122794
veh12,18004,,113.355,0,CAM_DROP_PHY,9,12,18004,122814
veh12,699720980207,,113.375,0,CPM_DROP_PHY,9,12,699720980207,122838
veh12,699720980402,,113.413,0,CPM_DROP_PHY,10,12,699720980402,122897
veh12,18214,,113.423,0,CAM_DROP_PHY,5,12,18214,122896
veh12,18244,,113.439,1,CAM,4,12,18244,-1
veh12,18260,,113.441,0,CAM_DROP_PHY,8,12,18260,122935
veh12,699720980479,,113.479,0,CPM_DROP_PHY,4,12,699720980479,122972
veh12,18337,,113.499,0,CAM_DROP_PHY,2,12,18337,122997
veh12,18573,113.501,,0,CAM,12,,18573,-1
veh12,699720980765,,113.513,0,CPM_DROP_PHY,10,12,699720980765,123010
veh12,18625,,113.543,0,CAM_DROP_PHY,7,12,18625,123054
veh12,18641,,113.557,0,CAM_DROP_PHY,6,12,18641,123063
veh12,699720981042,,113.619,0,CPM_DROP_PHY,2,12,699720981042,123128
veh12,18889,,113.636,0,CAM_DROP_PHY,3,12,18889,123159
veh12,699720981063,,113.636,0,CPM_DROP_PHY,5,12,699720981063,123151
veh12,18914,,113.669,0,CAM_DROP_PHY,9,12,18914,123184
veh12,699720981145,,113.69,0,CPM_DROP_PHY,8,12,699720981145,123220
veh12,18974,,113.699,1,CAM,2,12,18974,-1
veh12,19122,,113.716,1,CAM,5,12,19122,-1
veh12,699720981344,,113.736,0,CPM_DROP_PHY,5,12,699720981344,123275
veh12,19153,,113.739,0,CAM_DROP_PHY,4,12,19153,123268
veh12,19169,,113.75,0,CAM_DROP_PHY,8,12,19169,123287
veh12,699720981452,,113.801,0,CPM_DROP_PHY,11,12,699720981452,123391
veh12,19273,,113.801,1,CAM,11,12,19273,-1
veh12,19466,,113.843,1,CAM,7,12,19466,-1
veh12,19580,,113.857,0,CAM_DROP_PHY,6,12,19580,123454
veh12,19617,,113.883,0,CAM_DROP_PHY,10,12,19617,123482
veh12,19634,,113.899,1,CAM,2,12,19634,-1
veh12,699720981978,,113.919,0,CPM_DROP_PHY,2,12,699720981978,123515
veh12,699720981972,,113.923,0,CPM_DROP_PHY,10,12,699720981972,123511
veh12,19825,,113.936,0,CAM_DROP_PHY,3,12,19825,123538
veh12,19845,,113.969,0,CAM_DROP_PHY,9,12,19845,123559
veh12,20060,,114.016,0,CAM_DROP_PHY,5,12,20060,123616
veh12,699720982274,,114.036,0,CPM_DROP_PHY,5,12,699720982274,123635
veh12,20083,,114.039,1,CAM,4,12,20083,-1
veh12,20109,,114.05,1,CAM,8,12,20109,-1
veh12,20200,,114.099,0,CAM_DROP_PHY,2,12,20200,123726
veh12,20350,114.101,,0,CAM,12,,20350,-1
veh12,20439,,114.157,0,CAM_DROP_PHY,6,12,20439,123814
veh12,699720982802,,114.205,0,CPM_DROP_PHY,11,12,699720982802,123889
veh12,699720982972,,114.219,0,CPM_DROP_PHY,2,12,699720982972,123909
veh12,699720982966,,114.223,0,CPM_DROP_PHY,10,12,699720982966,123906
veh12,20826,,114.236,0,CAM_DROP_PHY,3,12,20826,123938
veh12,699720982990,,114.236,0,CPM_DROP_PHY,5,12,699720982990,123924
veh12,20852,,114.269,0,CAM_DROP_PHY,9,12,20852,123965
veh12,20924,,114.299,0,CAM_DROP_PHY,2,12,20924,124017
veh12,21087,,114.316,0,CAM_DROP_PHY,5,12,21087,124029
veh12,21110,,114.333,0,CAM_DROP_PHY,4,12,21110,124044
veh12,699720983301,,114.336,0,CPM_DROP_PHY,5,12,699720983301,124048
veh12,21134,,114.35,1,CAM,8,12,21134,-1
veh12,699720983410,,114.39,0,CPM_DROP_PHY,8,12,699720983410,124145
veh12,21240,,114.405,0,CAM_DROP_PHY,11,12,21240,124156
veh12,699720983595,,114.423,0,CPM_DROP_PHY,10,12,699720983595,124169
veh12,699720983619,,114.436,0,CPM_DROP_PHY,5,12,699720983619,124186
veh12,21596,,114.467,0,CAM_DROP_PHY,6,12,21596,124230
veh12,699720983805,,114.473,0,CPM_DROP_PHY,4,12,699720983805,124262
veh12,21654,,114.483,0,CAM_DROP_PHY,10,12,21654,124288
veh12,21674,,114.499,0,CAM_DROP_PHY,2,12,21674,124310
veh12,699720984042,,114.519,0,CPM_DROP_PHY,2,12,699720984042,124333
veh12,21901,,114.535,1,CAM,3,12,21901,-1
veh12,699720983641,,114.541,0,CPM_DROP_PHY,7,12,699720983641,124204
veh12,21477,,114.541,0,CAM_DROP_PHY,7,12,21477,124216
veh12,21923,,114.569,0,CAM_DROP_PHY,9,12,21923,124389
veh12,699720984122,,114.573,0,CPM_DROP_PHY,4,12,699720984122,124400
veh12,22145,114.601,,0,CAM,12,,22145,-1
veh12,22155,,114.61,1,CAM,5,12,22155,-1
veh12,22180,,114.633,0,CAM_DROP_PHY,4,12,22180,124468
veh12,22213,,114.65,0,CAM_DROP_PHY,8,12,22213,124492
veh12,22296,,114.712,0,CAM_DROP_PHY,2,12,22296,124564
veh12,699720984651,,114.726,0,CPM_DROP_PHY,10,12,699720984651,124573
veh12,699720984799,,114.741,0,CPM_DROP_PHY,7,12,699720984799,124612
veh12,22626,,114.761,1,CAM,7,12,22626,-1
veh12,22642,,114.767,0,CAM_DROP_PHY,6,12,22642,124631
veh12,699720984905,,114.805,0,CPM_DROP_PHY,11,12,699720984905,124703
veh12,699720985110,,114.83,0,CPM_DROP_PHY,5,12,699720985110,124731
veh12,22954,,114.835,0,CAM_DROP_PHY,3,12,22954,124749
veh12,22976,,114.864,0,CAM_DROP_PHY,9,12,22976,124773
veh12,23230,,114.91,0,CAM_DROP_PHY,5,12,23230,124834
veh12,23043,,114.912,0,CAM_DROP_PHY,2,12,23043,124820
veh12,699720985424,,114.912,0,CPM_DROP_PHY,2,12,699720985424,124820
veh12,23254,,114.933,0,CAM_DROP_PHY,4,12,23254,124856
veh12,23284,,114.949,0,CAM_DROP_PHY,8,12,23284,124876
veh12,699720985506,,114.973,0,CPM_DROP_PHY,4,12,699720985506,124919
veh12,699720985544,,114.989,0,CPM_DROP_PHY,8,12,699720985544,124934
veh12,23378,,115.005,0,CAM_DROP_PHY,11,12,23378,124949
veh12,699720985866,,115.03,0,CPM_DROP_PHY,5,12,699720985866,124979
veh12,699720985893,,115.041,0,CPM_DROP_PHY,7,12,699720985893,125003
veh12,23719,,115.061,0,CAM_DROP_PHY,7,12,23719,125012
veh12,699720985945,,115.064,0,CPM_DROP_PHY,9,12,699720985945,125042
veh12,23735,,115.067,0,CAM_DROP_PHY,6,12,23735,125022
veh12,699720985942,,115.067,0,CPM_DROP_PHY,6,12,699720985942,125022
veh12,23803,,115.086,0,CAM_DROP_PHY,10,12,23803,125079
veh12,24002,115.101,,0,CAM,12,,24002,-1
veh12,23824,,115.112,0,CAM_DROP_PHY,2,12,23824,125102
veh12,24065,,115.135,1,CAM,3,12,24065,-1
veh12,24088,,115.164,0,CAM_DROP_PHY,9,12,24088,125181
veh12,24342,,115.21,1,CAM,5,12,24342,-1
veh12,24369,,115.233,0,CAM_DROP_PHY,4,12,24369,125255
veh12,24401,,115.249,0,CAM_DROP_PHY,8,12,24401,125275
veh12,699720986679,,115.289,0,CPM_DROP_PHY,8,12,699720986679,125357
veh12,24509,,115.312,0,CAM_DROP_PHY,2,12,24509,125370
veh12,699720986976,,115.326,0,CPM_DROP_PHY,10,12,699720986976,125381
veh12,699720987000,,115.33,0,CPM_DROP_PHY,5,12,699720987000,125396
veh12,24859,,115.362,0,CAM_DROP_PHY,7,12,24859,125429
veh12,24878,,115.367,0,CAM_DROP_PHY,6,12,24878,125440
veh12,699720987081,,115.375,0,CPM_DROP_PHY,9,12,699720987081,125459
veh12,699720987131,,115.389,0,CPM_DROP_PHY,8,12,699720987131,125502
veh12,699720987351,,115.426,0,CPM_DROP_PHY,10,12,699720987351,125530
veh12,699720987381,,115.43,0,CPM_DROP_PHY,5,12,699720987381,125547
veh12,25218,,115.435,0,CAM_DROP_PHY,3,12,25218,125564
veh12,699720987407,,115.455,0,CPM_DROP_PHY,3,12,699720987407,125571
veh12,25242,,115.455,0,CAM_DROP_PHY,9,12,25242,125590
veh12,699720987457,,115.473,0,CPM_DROP_PHY,4,12,699720987457,125619
veh12,25326,,115.498,1,CAM,2,12,25326,-1
veh12,25516,,115.511,0,CAM_DROP_PHY,5,12,25516,125668
veh12,699720987704,,115.526,0,CPM_DROP_PHY,10,12,699720987704,125670
veh12,25544,,115.533,0,CAM_DROP_PHY,4,12,25544,125686
veh12,25572,,115.549,0,CAM_DROP_PHY,8,12,25572,125707
veh12,699720987793,,115.575,0,CPM_DROP_PHY,9,12,699720987793,125745
veh12,25681,,115.601,0,CAM_DROP_PHY,11,12,25681,125796
veh12,25971,115.601,,0,CAM,12,,25971,-1
veh12,26044,,115.662,1,CAM,7,12,26044,-1
veh12,26063,,115.669,0,CAM_DROP_PHY,6,12,26063,125878
veh12,699720988259,,115.669,0,CPM_DROP_PHY,6,12,699720988259,125878
veh12,26129,,115.686,1,CAM,10,12,26129,-1
veh12,26151,,115.698,0,CAM_DROP_PHY,2,12,26151,125955
veh12,699720988569,,115.731,0,CPM_DROP_PHY,5,12,699720988569,125993
veh12,26407,,115.735,1,CAM,3,12,26407,-1
veh12,26429,,115.755,1,CAM,9,12,26429,-1
veh12,26703,,115.811,0,CAM_DROP_PHY,5,12,26703,126106
veh12,699720988891,,115.826,0,CPM_DROP_PHY,10,12,699720988891,126108
veh12,26756,,115.849,1,CAM,8,12,26756,-1
veh12,26858,,115.898,0,CAM_DROP_PHY,2,12,26858,126223
veh12,27145,115.901,,0,CAM,12,,27145,-1
veh12,699720989344,,115.918,0,CPM_DROP_PHY,2,12,699720989344,126252
veh12,26731,,115.938,1,CAM,4,12,26731,-1
veh12,699720989393,,115.942,0,CPM_DROP_PHY,7,12,699720989393,126293
veh12,699720989390,,115.953,0,CPM_DROP_PHY,3,12,699720989390,126292
veh12,27218,,115.962,1,CAM,7,12,27218,-1
veh12,27236,,115.969,1,CAM,6,12,27236,-1
veh12,699720989435,,115.975,0,CPM_DROP_PHY,9,12,699720989435,126330
veh12,699720989706,,116.012,0,CPM_DROP_PHY,2,12,699720989706,126401
veh12,699720989700,,116.022,0,CPM_DROP_PHY,10,12,699720989700,126398
veh12,699720989732,,116.031,0,CPM_DROP_PHY,5,12,699720989732,126420
veh12,27568,,116.053,0,CAM_DROP_PHY,3,12,27568,126434
veh12,27588,,116.055,0,CAM_DROP_PHY,9,12,27588,126451
veh12,27859,,116.111,1,CAM,5,12,27859,-1
veh12,27674,,116.112,0,CAM_DROP_PHY,2,12,27674,126515
veh12,699720990053,,116.132,0,CPM_DROP_PHY,2,12,699720990053,126515
veh12,27912,,116.149,1,CAM,8,12,27912,-1
veh12,699720990135,,116.169,0,CPM_DROP_PHY,6,12,699720990135,126605
veh12,28020,,116.201,0,CAM_DROP_PHY,11,12,28020,126644
veh12,699720990496,,116.222,0,CPM_DROP_PHY,10,12,699720990496,126661
veh12,27878,,116.238,0,CAM_DROP_PHY,4,12,27878,126540
veh12,699720990553,,116.253,0,CPM_DROP_PHY,3,12,699720990553,126700
veh12,28384,,116.26,0,CAM_DROP_PHY,7,12,28384,126713
veh12,28401,,116.269,1,CAM,6,12,28401,-1
veh12,699720990600,,116.275,0,CPM_DROP_PHY,9,12,699720990600,126737
veh12,699720990605,,116.278,0,CPM_DROP_PHY,4,12,699720990605,126741
veh12,28468,,116.282,0,CAM_DROP_PHY,10,12,28468,126775
veh12,28674,116.301,,0,CAM,12,,28674,-1
veh12,28491,,116.312,0,CAM_DROP_PHY,2,12,28491,126804
veh12,28738,,116.353,0,CAM_DROP_PHY,3,12,28738,126868
veh12,28766,,116.358,0,CAM_DROP_PHY,9,12,28766,126894
veh12,699720991024,,116.399,0,CPM_DROP_PHY,11,12,699720991024,126954
veh12,29043,,116.411,0,CAM_DROP_PHY,5,12,29043,126967
veh12,699720991231,,116.422,0,CPM_DROP_PHY,10,12,699720991231,126969
veh12,29075,,116.438,0,CAM_DROP_PHY,4,12,29075,126995
veh12,699720991287,,116.44,0,CPM_DROP_PHY,7,12,699720991287,127016
veh12,29096,,116.446,0,CAM_DROP_PHY,8,12,29096,127011
veh12,29183,,116.512,1,CAM,2,12,29183,-1
veh12,699720991661,,116.532,0,CPM_DROP_PHY,2,12,699720991661,127073
veh12,699720991698,,116.54,0,CPM_DROP_PHY,7,12,699720991698,127126
veh12,29525,,116.56,0,CAM_DROP_PHY,7,12,29525,127139
veh12,29541,,116.569,0,CAM_DROP_PHY,6,12,29541,127154
veh12,699720991743,,116.578,0,CPM_DROP_PHY,9,12,699720991743,127166
veh12,699720991814,,116.599,0,CPM_DROP_PHY,11,12,699720991814,127225
veh12,699720991807,,116.606,0,CPM_DROP_PHY,8,12,699720991807,127217
veh12,699720991994,,116.609,0,CPM_DROP_PHY,10,12,699720991994,127238
veh12,29850,,116.639,0,CAM_DROP_PHY,3,12,29850,127282
veh12,29886,,116.658,0,CAM_DROP_PHY,9,12,29886,127308
veh12,699720992087,,116.678,0,CPM_DROP_PHY,9,12,699720992087,127327
veh12,29976,,116.712,0,CAM_DROP_PHY,2,12,29976,127378
veh12,30151,,116.726,0,CAM_DROP_PHY,5,12,30151,127391
veh12,30177,,116.732,1,CAM,4,12,30177,-1
veh12,30194,,116.746,1,CAM,8,12,30194,-1
veh12,30577,116.801,,0,CAM,12,,30577,-1
veh12,30308,,116.819,0,CAM_DROP_PHY,11,12,30308,127522
veh12,699720992810,,116.826,0,CPM_DROP_PHY,5,12,699720992810,127566
veh12,699720992828,,116.84,0,CPM_DROP_PHY,7,12,699720992828,127589
veh12,30659,,116.86,0,CAM_DROP_PHY,7,12,30659,127600
veh12,699720992876,,116.872,0,CPM_DROP_PHY,4,12,699720992876,127630
veh12,30735,,116.889,1,CAM,10,12,30735,-1
veh12,699720993121,,116.909,0,CPM_DROP_PHY,10,12,699720993121,127698
veh12,30757,,116.912,0,CAM_DROP_PHY,2,12,30757,127687
veh12,30982,,116.939,0,CAM_DROP_PHY,3,12,30982,127741
veh12,31011,,116.958,0,CAM_DROP_PHY,9,12,31011,127762
veh12,31271,,117.026,0,CAM_DROP_PHY,5,12,31271,127841
veh12,31298,,117.032,0,CAM_DROP_PHY,4,12,31298,127866
veh12,699720993511,,117.04,0,CPM_DROP_PHY,7,12,699720993511,127889
veh12,31321,,117.046,0,CAM_DROP_PHY,8,12,31321,127884
veh12,31679,117.101,,0,CAM,12,,31679,-1
veh12,699720993594,,117.106,0,CPM_DROP_PHY,8,12,699720993594,127961
veh12,31420,,117.112,1,CAM,2,12,31420,-1
veh12,699720993888,,117.112,0,CPM_DROP_PHY,2,12,699720993888,127968
veh12,31757,,117.16,0,CAM_DROP_PHY,7,12,31757,128040
veh12,699720993973,,117.178,0,CPM_DROP_PHY,9,12,699720993973,128066
veh12,699720994236,,117.226,0,CPM_DROP_PHY,5,12,699720994236,128155
veh12,32070,,117.239,0,CAM_DROP_PHY,3,12,32070,128173
veh12,699720994260,,117.242,0,CPM_DROP_PHY,7,12,699720994260,128175
veh12,32102,,117.258,0,CAM_DROP_PHY,9,12,32102,128198
veh12,699720994309,,117.278,0,CPM_DROP_PHY,9,12,699720994309,128217
veh12,32186,,117.31,0,CAM_DROP_PHY,2,12,32186,128264
veh12,32337,,117.326,1,CAM,5,12,32337,-1
veh12,699720994555,,117.326,0,CPM_DROP_PHY,5,12,699720994555,128272
veh12,699720994540,,117.33,0,CPM_DROP_PHY,2,12,699720994540,128280
veh12,32364,,117.332,0,CAM_DROP_PHY,4,12,32364,128294
veh12,32391,,117.341,1,CAM,8,12,32391,-1
veh12,699720994585,,117.342,0,CPM_DROP_PHY,7,12,699720994585,128321
veh12,699720994681,,117.401,0,CPM_DROP_PHY,8,12,699720994681,128396
veh12,32508,,117.406,0,CAM_DROP_PHY,11,12,32508,128403
veh12,699720994975,,117.426,0,CPM_DROP_PHY,5,12,699720994975,128441
veh12,699720994997,,117.452,0,CPM_DROP_PHY,3,12,699720994997,128459
veh12,32829,,117.462,0,CAM_DROP_PHY,7,12,32829,128471
veh12,32849,,117.471,1,CAM,6,12,32849,-1
veh12,32910,,117.489,0,CAM_DROP_PHY,10,12,32910,128532
veh12,33080,117.501,,0,CAM,12,,33080,-1
veh12,699720995282,,117.509,0,CPM_DROP_PHY,10,12,699720995282,128583
veh12,32934,,117.51,1,CAM,2,12,32934,-1
veh12,699720995339,,117.542,0,CPM_DROP_PHY,7,12,699720995339,128637
veh12,33148,,117.552,0,CAM_DROP_PHY,3,12,33148,128635
veh12,699720995336,,117.552,0,CPM_DROP_PHY,3,12,699720995336,128635
veh12,33176,,117.558,1,CAM,9,12,33176,-1
veh12,33400,,117.626,1,CAM,5,12,33400,-1
veh12,33426,,117.629,0,CAM_DROP_PHY,4,12,33426,128743
veh12,33457,,117.641,0,CAM_DROP_PHY,8,12,33457,128764
veh12,699720995650,,117.642,0,CPM_DROP_PHY,7,12,699720995650,128770
veh12,699720995647,,117.652,0,CPM_DROP_PHY,3,12,699720995647,128769
veh12,699720995733,,117.701,0,CPM_DROP_PHY,8,12,699720995733,128843
veh12,699720995992,,117.709,0,CPM_DROP_PHY,10,12,699720995992,128860
veh12,33559,,117.71,0,CAM_DROP_PHY,2,12,33559,128850
veh12,699720996018,,117.726,0,CPM_DROP_PHY,5,12,699720996018,128889
veh12,699720996006,,117.73,0,CPM_DROP_PHY,2,12,699720996006,128871
veh12,699720996038,,117.742,0,CPM_DROP_PHY,7,12,699720996038,128908
veh12,33866,,117.762,0,CAM_DROP_PHY,7,12,33866,128919
veh12,33889,,117.771,1,CAM,6,12,33889,-1
veh12,699720996098,,117.778,0,CPM_DROP_PHY,9,12,699720996098,128947
veh12,699720996144,,117.801,0,CPM_DROP_PHY,8,12,699720996144,128994
veh12,699720996320,,117.83,0,CPM_DROP_PHY,2,12,699720996320,129032
veh12,34170,,117.852,1,CAM,3,12,34170,-1
veh12,699720996358,,117.852,0,CPM_DROP_PHY,3,12,699720996358,129066
veh12,34279,,117.91,0,CAM_DROP_PHY,2,12,34279,129144
veh12,34414,,117.926,0,CAM_DROP_PHY,5,12,34414,129152
veh12,699720996630,,117.926,0,CPM_DROP_PHY,5,12,699720996630,129152
veh12,34433,,117.929,1,CAM,4,12,34433,-1
veh12,699720996610,,117.93,0,CPM_DROP_PHY,2,12,699720996610,129158
veh12,34468,,117.941,1,CAM,8,12,34468,-1
veh12,34804,118.001,,0,CAM,12,,34804,-1
veh12,34574,,118.007,0,CAM_DROP_PHY,11,12,34574,129273
veh12,699720997021,,118.023,0,CPM_DROP_PHY,10,12,699720997021,129295
veh12,699720997044,,118.026,0,CPM_DROP_PHY,5,12,699720997044,129316
veh12,34899,,118.062,0,CAM_DROP_PHY,7,12,34899,129351
veh12,34921,,118.069,1,CAM,6,12,34921,-1
veh12,34982,,118.083,0,CAM_DROP_PHY,10,12,34982,129412
veh12,699720997186,,118.107,0,CPM_DROP_PHY,11,12,699720997186,129436
veh12,35007,,118.11,0,CAM_DROP_PHY,2,12,35007,129440
veh12,35186,,118.152,0,CAM_DROP_PHY,3,12,35186,129489
veh12,699720997126,,118.182,0,CPM_DROP_PHY,9,12,699720997126,129378
veh12,35438,,118.22,0,CAM_DROP_PHY,5,12,35438,129583
veh12,35453,,118.229,0,CAM_DROP_PHY,4,12,35453,129590
veh12,35483,,118.241,0,CAM_DROP_PHY,8,12,35483,129614
veh12,699720997678,,118.242,0,CPM_DROP_PHY,7,12,699720997678,129625
veh12,699720997431,,118.282,0,CPM_DROP_PHY,9,12,699720997431,129538
veh12,699720997768,,118.298,0,CPM_DROP_PHY,8,12,699720997768,129706
veh12,35822,118.301,,0,CAM,12,,35822,-1
veh12,35596,,118.31,1,CAM,2,12,35596,-1
veh12,35897,,118.362,0,CAM_DROP_PHY,7,12,35897,129786
veh12,35917,,118.369,1,CAM,6,12,35917,-1
veh12,699720998158,,118.398,0,CPM_DROP_PHY,8,12,699720998158,129850
veh12,699720998165,,118.407,0,CPM_DROP_PHY,11,12,699720998165,129856
veh12,699720998297,,118.423,0,CPM_DROP_PHY,10,12,699720998297,129875
veh12,699720998317,,118.44,0,CPM_DROP_PHY,5,12,699720998317,129892
veh12,699720998338,,118.442,0,CPM_DROP_PHY,7,12,699720998338,129908
veh12,36146,,118.452,0,CAM_DROP_PHY,3,12,36146,129904
veh12,699720998443,,118.498,0,CPM_DROP_PHY,8,12,699720998443,129998
veh12,36272,,118.51,0,CAM_DROP_PHY,2,12,36272,130009
veh12,36398,,118.52,1,CAM,5,12,36398,-1
veh12,36418,,118.529,0,CAM_DROP_PHY,4,12,36418,130045
veh12,699720998594,,118.53,0,CPM_DROP_PHY,2,12,699720998594,130035
veh12,36445,,118.538,1,CAM,8,12,36445,-1
veh12,699720998614,,118.54,0,CPM_DROP_PHY,5,12,699720998614,130056
veh12,699720998637,,118.552,0,CPM_DROP_PHY,3,12,699720998637,130080
veh12,699720998692,,118.569,0,CPM_DROP_PHY,6,12,699720998692,130130
veh12,699720998395,,118.582,0,CPM_DROP_PHY,9,12,699720998395,129954
veh12,36566,,118.615,0,CAM_DROP_PHY,11,12,36566,130170
veh12,699720998868,,118.623,0,CPM_DROP_PHY,10,12,699720998868,130176
veh12,36840,,118.655,0,CAM_DROP_PHY,7,12,36840,130218
veh12,36867,,118.669,0,CAM_DROP_PHY,6,12,36867,130239
veh12,36930,,118.683,1,CAM,10,12,36930,-1
veh12,699720999124,,118.698,0,CPM_DROP_PHY,8,12,699720999124,130295
veh12,37059,118.701,,0,CAM,12,,37059,-1
veh12,36950,,118.709,1,CAM,2,12,36950,-1
veh12,37104,,118.746,1,CAM,3,12,37104,-1
veh12,37133,,118.755,1,CAM,9,12,37133,-1
veh12,699720999293,,118.766,0,CPM_DROP_PHY,3,12,699720999293,130360
veh12,699720999349,,118.769,0,CPM_DROP_PHY,6,12,699720999349,130411
veh12,699720999352,,118.775,0,CPM_DROP_PHY,9,12,699720999352,130413
veh12,37331,,118.816,1,CAM,5,12,37331,-1
veh12,37347,,118.824,0,CAM_DROP_PHY,4,12,37347,130485
veh12,699720999524,,118.829,0,CPM_DROP_PHY,2,12,699720999524,130475
veh12,699720999541,,118.836,0,CPM_DROP_PHY,5,12,699720999541,130490
veh12,37370,,118.838,0,CAM_DROP_PHY,8,12,37370,130504
veh12,699720999561,,118.846,0,CPM_DROP_PHY,3,12,699720999561,130516
veh12,699720999668,,118.898,0,CPM_DROP_PHY,8,12,699720999668,130606
veh12,37509,,118.909,0,CAM_DROP_PHY,2,12,37509,130618
veh12,699720999818,,118.919,0,CPM_DROP_PHY,10,12,699720999818,130640
veh12,699720999827,,118.929,0,CPM_DROP_PHY,2,12,699720999827,130645
veh12,699720999841,,118.936,0,CPM_DROP_PHY,5,12,699720999841,130660
veh12,37688,,118.955,0,CAM_DROP_PHY,7,12,37688,130682
veh12,37707,,118.969,0,CAM_DROP_PHY,6,12,37707,130702
veh12,699721000192,,119.036,0,CPM_DROP_PHY,5,12,699721000192,130789
veh12,38025,,119.046,0,CAM_DROP_PHY,3,12,38025,130803
veh12,699721000222,,119.055,0,CPM_DROP_PHY,7,12,699721000222,130813
veh12,38061,,119.055,0,CAM_DROP_PHY,9,12,38061,130830
veh12,699721000309,,119.088,0,CPM_DROP_PHY,8,12,699721000309,130885
veh12,38136,,119.101,1,CAM,2,12,38136,-1
veh12,38243,,119.116,0,CAM_DROP_PHY,5,12,38243,130908
veh12,699721000436,,119.121,0,CPM_DROP_PHY,2,12,699721000436,130915
veh12,38266,,119.124,0,CAM_DROP_PHY,4,12,38266,130928
veh12,38292,,119.148,0,CAM_DROP_PHY,8,12,38292,130954
veh12,38501,119.201,,0,CAM,12,,38501,-1
veh12,38396,,119.207,0,CAM_DROP_PHY,11,12,38396,131038
veh12,699721000731,,119.246,0,CPM_DROP_PHY,3,12,699721000731,131096
veh12,699721000737,,119.255,0,CPM_DROP_PHY,7,12,699721000737,131100
veh12,38560,,119.255,0,CAM_DROP_PHY,7,12,38560,131100
veh12,699721000799,,119.284,0,CPM_DROP_PHY,4,12,699721000799,131148
veh12,38641,,119.299,0,CAM_DROP_PHY,10,12,38641,131166
veh12,38663,,119.301,1,CAM,2,12,38663,-1
veh12,699721001067,,119.321,0,CPM_DROP_PHY,2,12,699721001067,131215
veh12,38906,,119.346,1,CAM,3,12,38906,-1
veh12,699721001094,,119.346,0,CPM_DROP_PHY,3,12,699721001094,131240
veh12,699721001097,,119.355,0,CPM_DROP_PHY,7,12,699721001097,131243
veh12,38932,,119.371,1,CAM,9,12,38932,-1
veh12,699721001179,,119.407,0,CPM_DROP_PHY,11,12,699721001179,131306
veh12,39093,,119.412,0,CAM_DROP_PHY,5,12,39093,131317
veh12,39119,,119.424,0,CAM_DROP_PHY,4,12,39119,131335
veh12,39141,,119.448,0,CAM_DROP_PHY,8,12,39141,131362
veh12,39233,,119.501,0,CAM_DROP_PHY,2,12,39233,131438
veh12,699721001413,,119.507,0,CPM_DROP_PHY,11,12,699721001413,131436
veh12,699721001527,,119.519,0,CPM_DROP_PHY,10,12,699721001527,131459
veh12,699721001533,,119.521,0,CPM_DROP_PHY,2,12,699721001533,131464
veh12,699721001563,,119.546,0,CPM_DROP_PHY,3,12,699721001563,131496
veh12,39390,,119.549,1,CAM,7,12,39390,-1
veh12,699721001660,,119.588,0,CPM_DROP_PHY,8,12,699721001660,131565
veh12,39585,119.601,,0,CAM,12,,39585,-1
veh12,699721001777,,119.619,0,CPM_DROP_PHY,10,12,699721001777,131588
veh12,699721001800,,119.632,0,CPM_DROP_PHY,5,12,699721001800,131604
veh12,39632,,119.646,0,CAM_DROP_PHY,3,12,39632,131628
veh12,699721001819,,119.646,0,CPM_DROP_PHY,3,12,699721001819,131628
veh12,39663,,119.671,0,CAM_DROP_PHY,9,12,39663,131652
veh12,39748,,119.701,1,CAM,2,12,39748,-1
veh12,39949,,119.712,0,CAM_DROP_PHY,5,12,39949,131738
veh12,699721002140,,119.719,0,CPM_DROP_PHY,10,12,699721002140,131742
veh12,39972,,119.724,0,CAM_DROP_PHY,4,12,39972,131760
veh12,39993,,119.748,0,CAM_DROP_PHY,8,12,39993,131788
veh12,40088,,119.801,0,CAM_DROP_PHY,2,12,40088,131863
veh12,40092,,119.807,1,CAM,11,12,40092,-1
veh12,40234,,119.849,0,CAM_DROP_PHY,7,12,40234,131923
veh12,40256,,119.864,0,CAM_DROP_PHY,6,12,40256,131942
veh12,699721002450,,119.864,0,CPM_DROP_PHY,6,12,699721002450,131942
veh12,40292,,119.899,0,CAM_DROP_PHY,10,12,40292,131972
