time_ms,rx_rnti,tx_rnti,frame,subframe,slot,sinr_db,sinr_min_db,mcs,tbler,tb_size_bytes,corrupt,rb_start,rb_end,rb_assigned,bwp_id,rv,priority,reservation_period_ms,total_subchannels,start_subchannel,length_subchannel,max_num_per_reserve,dst_l2_id
2006.5179,2,1,200,6,2,33.3288,33.3288,0,0.0000,2,0,20,29,10,0,255,255,20,0,2,1,3,255
2006.5179,3,1,200,6,2,32.7470,32.7470,0,0.0000,2,0,20,29,10,0,255,255,20,0,2,1,3,255
2018.2679,2,1,201,8,1,33.3288,33.3288,0,0.0000,2,0,30,39,10,0,255,255,20,0,3,1,3,255
2018.2679,3,1,201,8,1,32.8430,32.8430,0,0.0000,2,0,30,39,10,0,255,255,20,0,3,1,3,255
2106.5179,1,2,210,6,2,33.3286,33.3286,0,0.0000,2,0,20,29,10,0,255,255,20,0,2,1,3,255
2106.5179,3,2,210,6,2,37.3290,37.3290,0,0.0000,2,0,20,29,10,0,255,255,20,0,2,1,3,255
2114.5179,1,2,211,4,2,33.3286,33.3286,0,0.0000,2,0,10,19,10,0,255,255,20,0,1,1,3,255
2114.5179,3,2,211,4,2,37.3290,37.3290,0,0.0000,2,0,10,19,10,0,255,255,20,0,1,1,3,255
2160.0179,1,3,216,0,0,33.4484,33.4484,0,0.0000,2,0,40,49,10,0,255,255,20,0,4,1,3,255
2160.0179,2,3,216,0,0,37.3024,37.3024,0,0.0000,2,0,40,49,10,0,255,255,20,0,4,1,3,255
2170.0179,1,3,217,0,0,33.4484,33.4484,0,0.0000,2,0,10,19,10,0,255,255,20,0,1,1,3,255
2170.0179,2,3,217,0,0,37.3024,37.3024,0,0.0000,2,0,10,19,10,0,255,255,20,0,1,1,3,255
2306.5179,3,2,230,6,2,4.3063,4.3063,0,0.0000,2,0,20,29,10,0,255,255,20,0,2,1,3,255
2306.5179,3,1,230,6,2,-4.3092,-4.3092,0,0.0721,2,1,20,29,10,0,255,255,20,0,2,1,3,255
2314.5179,1,2,231,4,2,34.3422,34.3422,0,0.0000,2,0,10,19,10,0,255,255,20,0,1,1,3,255
2314.5179,3,2,231,4,2,37.4320,37.4320,0,0.0000,2,0,10,19,10,0,255,255,20,0,1,1,3,255
2318.2679,2,1,231,8,1,34.3423,34.3423,0,0.0000,2,0,30,39,10,0,255,255,20,0,3,1,3,255
2318.2679,3,1,231,8,1,33.1236,33.1236,0,0.0000,2,0,30,39,10,0,255,255,20,0,3,1,3,255
2406.5179,1,2,240,6,2,35.4115,35.4115,0,0.0000,2,0,20,29,10,0,255,255,20,0,2,1,3,255
2406.5179,3,2,240,6,2,37.4047,37.4047,0,0.0000,2,0,20,29,10,0,255,255,20,0,2,1,3,255
2414.5179,1,2,241,4,2,35.4115,35.4115,0,0.0000,2,0,10,19,10,0,255,255,20,0,1,1,3,255
2414.5179,3,2,241,4,2,37.4047,37.4047,0,0.0000,2,0,10,19,10,0,255,255,20,0,1,1,3,255
2460.0179,1,3,246,0,0,33.3143,33.3143,0,0.0000,2,0,40,49,10,0,255,255,20,0,4,1,3,255
2460.0179,2,3,246,0,0,37.4047,37.4047,0,0.0000,2,0,40,49,10,0,255,255,20,0,4,1,3,255
2470.0179,1,3,247,0,0,33.4124,33.4124,0,0.0000,2,0,10,19,10,0,255,255,20,0,1,1,3,255
2470.0179,2,3,247,0,0,37.5363,37.5363,0,0.0000,2,0,10,19,10,0,255,255,20,0,1,1,3,255
2506.5179,1,2,250,6,2,35.4115,35.4115,0,0.0000,2,0,20,29,10,0,255,255,20,0,2,1,3,255
2506.5179,3,2,250,6,2,37.5363,37.5363,0,0.0000,2,0,20,29,10,0,255,255,20,0,2,1,3,255
2514.5179,1,2,251,4,2,35.4115,35.4115,0,0.0000,2,0,10,19,10,0,255,255,20,0,1,1,3,255
2514.5179,3,2,251,4,2,37.5363,37.5363,0,0.0000,2,0,10,19,10,0,255,255,20,0,1,1,3,255
2606.5179,3,2,260,6,2,3.9237,3.9237,0,0.0000,2,0,20,29,10,0,255,255,20,0,2,1,3,255
2606.5179,3,1,260,6,2,-3.9264,-3.9264,0,0.0262,2,1,20,29,10,0,255,255,20,0,2,1,3,255
2614.5179,1,2,261,4,2,36.2445,36.2445,0,0.0000,2,0,10,19,10,0,255,255,20,0,1,1,3,255
2614.5179,3,2,261,4,2,37.5363,37.5363,0,0.0000,2,0,10,19,10,0,255,255,20,0,1,1,3,255
2618.2679,2,1,261,8,1,36.2446,36.2446,0,0.0000,2,0,30,39,10,0,255,255,20,0,3,1,3,255
2618.2679,3,1,261,8,1,33.6107,33.6107,0,0.0000,2,0,30,39,10,0,255,255,20,0,3,1,3,255
2706.5179,1,2,270,6,2,36.5344,36.5344,0,0.0000,2,0,20,29,10,0,255,255,20,0,2,1,3,255
2706.5179,3,2,270,6,2,37.6420,37.6420,0,0.0000,2,0,20,29,10,0,255,255,20,0,2,1,3,255
2714.5179,1,2,271,4,2,36.5344,36.5344,0,0.0000,2,0,10,19,10,0,255,255,20,0,1,1,3,255
2714.5179,3,2,271,4,2,37.6420,37.6420,0,0.0000,2,0,10,19,10,0,255,255,20,0,1,1,3,255
2760.0179,1,3,276,0,0,33.7096,33.7096,0,0.0000,2,0,40,49,10,0,255,255,20,0,4,1,3,255
2760.0179,2,3,276,0,0,37.6420,37.6420,0,0.0000,2,0,40,49,10,0,255,255,20,0,4,1,3,255
2770.0179,1,3,277,0,0,33.7096,33.7096,0,0.0000,2,0,10,19,10,0,255,255,20,0,1,1,3,255
2770.0179,2,3,277,0,0,37.6420,37.6420,0,0.0000,2,0,10,19,10,0,255,255,20,0,1,1,3,255
2806.5179,1,2,280,6,2,37.4434,37.4434,0,0.0000,2,0,20,29,10,0,255,255,20,0,2,1,3,255
2806.5179,3,2,280,6,2,37.6420,37.6420,0,0.0000,2,0,20,29,10,0,255,255,20,0,2,1,3,255
2814.5179,1,2,281,4,2,37.4434,37.4434,0,0.0000,2,0,10,19,10,0,255,255,20,0,1,1,3,255
2814.5179,3,2,281,4,2,37.6420,37.6420,0,0.0000,2,0,10,19,10,0,255,255,20,0,1,1,3,255
2906.5179,3,2,290,6,2,3.7242,3.7242,0,0.0000,2,0,20,29,10,0,255,255,20,0,2,1,3,255
2906.5179,3,1,290,6,2,-3.7267,-3.7267,0,0.0128,2,1,20,29,10,0,255,255,20,0,2,1,3,255
2914.5179,1,2,291,4,2,37.4434,37.4434,0,0.0000,2,0,10,19,10,0,255,255,20,0,1,1,3,255
2914.5179,3,2,291,4,2,37.6420,37.6420,0,0.0000,2,0,10,19,10,0,255,255,20,0,1,1,3,255
2918.2679,2,1,291,8,1,37.4435,37.4435,0,0.0000,2,0,30,39,10,0,255,255,20,0,3,1,3,255
2918.2679,3,1,291,8,1,33.9160,33.9160,0,0.0000,2,0,30,39,10,0,255,255,20,0,3,1,3,255
3006.5179,1,2,300,6,2,38.7216,38.7216,0,0.0000,2,0,20,29,10,0,255,255,20,0,2,1,3,255
3006.5179,3,2,300,6,2,37.7491,37.7491,0,0.0000,2,0,20,29,10,0,255,255,20,0,2,1,3,255
3014.5179,1,2,301,4,2,38.7216,38.7216,0,0.0000,2,0,10,19,10,0,255,255,20,0,1,1,3,255
3014.5179,3,2,301,4,2,37.7491,37.7491,0,0.0000,2,0,10,19,10,0,255,255,20,0,1,1,3,255
3060.0179,1,3,306,0,0,34.2309,34.2309,0,0.0000,2,0,40,49,10,0,255,255,20,0,4,1,3,255
3060.0179,2,3,306,0,0,37.7491,37.7491,0,0.0000,2,0,40,49,10,0,255,255,20,0,4,1,3,255
3070.0179,1,3,307,0,0,34.2309,34.2309,0,0.0000,2,0,10,19,10,0,255,255,20,0,1,1,3,255
3070.0179,2,3,307,0,0,37.7491,37.7491,0,0.0000,2,0,10,19,10,0,255,255,20,0,1,1,3,255
3106.5179,1,2,310,6,2,38.7216,38.7216,0,0.0000,2,0,20,29,10,0,255,255,20,0,2,1,3,255
3106.5179,3,2,310,6,2,37.7491,37.7491,0,0.0000,2,0,20,29,10,0,255,255,20,0,2,1,3,255
3114.5179,1,2,311,4,2,38.7216,38.7216,0,0.0000,2,0,10,19,10,0,255,255,20,0,1,1,3,255
3114.5179,3,2,311,4,2,37.7491,37.7491,0,0.0000,2,0,10,19,10,0,255,255,20,0,1,1,3,255
3206.5179,3,2,320,6,2,3.5406,3.5406,0,0.0000,2,0,20,29,10,0,255,255,20,0,2,1,3,255
3206.5179,3,1,320,6,2,-3.5430,-3.5430,0,0.0058,2,1,20,29,10,0,255,255,20,0,2,1,3,255
3214.5179,1,2,321,4,2,39.7736,39.7736,0,0.0000,2,0,10,19,10,0,255,255,20,0,1,1,3,255
3214.5179,3,2,321,4,2,37.8731,37.8731,0,0.0000,2,0,10,19,10,0,255,255,20,0,1,1,3,255
3218.2679,2,1,321,8,1,39.7736,39.7736,0,0.0000,2,0,30,39,10,0,255,255,20,0,3,1,3,255
3218.2679,3,1,321,8,1,34.5556,34.5556,0,0.0000,2,0,30,39,10,0,255,255,20,0,3,1,3,255
3306.5179,1,2,330,6,2,40.1038,40.1038,0,0.0000,2,0,20,29,10,0,255,255,20,0,2,1,3,255
3306.5179,3,2,330,6,2,37.8577,37.8577,0,0.0000,2,0,20,29,10,0,255,255,20,0,2,1,3,255
3314.5179,1,2,331,4,2,40.1038,40.1038,0,0.0000,2,0,10,19,10,0,255,255,20,0,1,1,3,255
3314.5179,3,2,331,4,2,37.8577,37.8577,0,0.0000,2,0,10,19,10,0,255,255,20,0,1,1,3,255
3360.0179,1,3,336,0,0,34.5556,34.5556,0,0.0000,2,0,40,49,10,0,255,255,20,0,4,1,3,255
3360.0179,2,3,336,0,0,37.8577,37.8577,0,0.0000,2,0,40,49,10,0,255,255,20,0,4,1,3,255
3370.0179,1,3,337,0,0,34.5556,34.5556,0,0.0000,2,0,10,19,10,0,255,255,20,0,1,1,3,255
3370.0179,2,3,337,0,0,37.8577,37.8577,0,0.0000,2,0,10,19,10,0,255,255,20,0,1,1,3,255
3412.7679,1,2,341,2,3,40.1038,40.1038,0,0.0000,2,0,20,29,10,0,255,255,20,0,2,1,3,255
3412.7679,3,2,341,2,3,37.9833,37.9833,0,0.0000,2,0,20,29,10,0,255,255,20,0,2,1,3,255
3417.7679,1,2,341,7,3,40.1038,40.1038,0,0.0000,2,0,10,19,10,0,255,255,20,0,1,1,3,255
3417.7679,3,2,341,7,3,37.9833,37.9833,0,0.0000,2,0,10,19,10,0,255,255,20,0,1,1,3,255
3503.2679,2,1,350,3,1,41.2425,41.2425,0,0.0000,2,0,40,49,10,0,255,255,20,0,4,1,3,255
3503.2679,3,1,350,3,1,34.8907,34.8907,0,0.0000,2,0,40,49,10,0,255,255,20,0,4,1,3,255
3511.0179,2,1,351,1,0,41.2425,41.2425,0,0.0000,2,0,10,19,10,0,255,255,20,0,1,1,3,255
3511.0179,3,1,351,1,0,34.8907,34.8907,0,0.0000,2,0,10,19,10,0,255,255,20,0,1,1,3,255
3512.7679,1,2,351,2,3,41.3542,41.3542,0,0.0000,2,0,20,29,10,0,255,255,20,0,2,1,3,255
3512.7679,3,2,351,2,3,37.9833,37.9833,0,0.0000,2,0,20,29,10,0,255,255,20,0,2,1,3,255
3517.7679,1,2,351,7,3,41.3542,41.3542,0,0.0000,2,0,10,19,10,0,255,255,20,0,1,1,3,255
3517.7679,3,2,351,7,3,37.9833,37.9833,0,0.0000,2,0,10,19,10,0,255,255,20,0,1,1,3,255
3612.7679,1,2,361,2,3,41.3542,41.3542,0,0.0000,2,0,20,29,10,0,255,255,20,0,2,1,3,255
3612.7679,3,2,361,2,3,37.9833,37.9833,0,0.0000,2,0,20,29,10,0,255,255,20,0,2,1,3,255
3617.7679,1,2,361,7,3,41.3542,41.3542,0,0.0000,2,0,10,19,10,0,255,255,20,0,1,1,3,255
3617.7679,3,2,361,7,3,37.9833,37.9833,0,0.0000,2,0,10,19,10,0,255,255,20,0,1,1,3,255
3657.0179,1,3,365,7,0,35.2367,35.2367,0,0.0000,2,0,40,49,10,0,255,255,20,0,4,1,3,255
3657.0179,2,3,365,7,0,38.0963,38.0963,0,0.0000,2,0,40,49,10,0,255,255,20,0,4,1,3,255
3666.7679,1,3,366,6,3,35.2367,35.2367,0,0.0000,2,0,10,19,10,0,255,255,20,0,1,1,3,255
3666.7679,2,3,366,6,3,38.0963,38.0963,0,0.0000,2,0,10,19,10,0,255,255,20,0,1,1,3,255
3712.7679,1,2,371,2,3,42.8009,42.8009,0,0.0000,2,0,20,29,10,0,255,255,20,0,2,1,3,255
3712.7679,3,2,371,2,3,38.0948,38.0948,0,0.0000,2,0,20,29,10,0,255,255,20,0,2,1,3,255
3717.7679,1,2,371,7,3,42.8009,42.8009,0,0.0000,2,0,10,19,10,0,255,255,20,0,1,1,3,255
3717.7679,3,2,371,7,3,38.0948,38.0948,0,0.0000,2,0,10,19,10,0,255,255,20,0,1,1,3,255
3757.0179,1,3,375,7,0,35.2367,35.2367,0,0.0000,2,0,40,49,10,0,255,255,20,0,4,1,3,255
3757.0179,2,3,375,7,0,38.0948,38.0948,0,0.0000,2,0,40,49,10,0,255,255,20,0,4,1,3,255
3766.7679,1,3,376,6,3,35.2367,35.2367,0,0.0000,2,0,10,19,10,0,255,255,20,0,1,1,3,255
3766.7679,2,3,376,6,3,38.0948,38.0948,0,0.0000,2,0,10,19,10,0,255,255,20,0,1,1,3,255
3803.2679,2,1,380,3,1,42.8010,42.8010,0,0.0000,2,0,40,49,10,0,255,255,20,0,4,1,3,255
3803.2679,3,1,380,3,1,35.2367,35.2367,0,0.0000,2,0,40,49,10,0,255,255,20,0,4,1,3,255
3811.0179,2,1,381,1,0,42.8010,42.8010,0,0.0000,2,0,10,19,10,0,255,255,20,0,1,1,3,255
3811.0179,3,1,381,1,0,35.2367,35.2367,0,0.0000,2,0,10,19,10,0,255,255,20,0,1,1,3,255
3812.7679,1,2,381,2,3,42.8009,42.8009,0,0.0000,2,0,20,29,10,0,255,255,20,0,2,1,3,255
3812.7679,3,2,381,2,3,38.0948,38.0948,0,0.0000,2,0,20,29,10,0,255,255,20,0,2,1,3,255
3817.7679,1,2,381,7,3,42.8009,42.8009,0,0.0000,2,0,10,19,10,0,255,255,20,0,1,1,3,255
3817.7679,3,2,381,7,3,38.0948,38.0948,0,0.0000,2,0,10,19,10,0,255,255,20,0,1,1,3,255
3857.0179,1,3,385,7,0,35.4887,35.4887,0,0.0000,2,0,40,49,10,0,255,255,20,0,4,1,3,255
3857.0179,2,3,385,7,0,38.0948,38.0948,0,0.0000,2,0,40,49,10,0,255,255,20,0,4,1,3,255
3866.7679,1,3,386,6,3,35.4887,35.4887,0,0.0000,2,0,10,19,10,0,255,255,20,0,1,1,3,255
3866.7679,2,3,386,6,3,38.0948,38.0948,0,0.0000,2,0,10,19,10,0,255,255,20,0,1,1,3,255
3912.7679,1,2,391,2,3,44.1567,44.1567,0,0.0000,2,0,20,29,10,0,255,255,20,0,2,1,3,255
3912.7679,3,2,391,2,3,38.0948,38.0948,0,0.0000,2,0,20,29,10,0,255,255,20,0,2,1,3,255
3917.7679,1,2,391,7,3,44.1567,44.1567,0,0.0000,2,0,10,19,10,0,255,255,20,0,1,1,3,255
3917.7679,3,2,391,7,3,38.0948,38.0948,0,0.0000,2,0,10,19,10,0,255,255,20,0,1,1,3,255
3957.0179,1,3,395,7,0,35.7744,35.7744,0,0.0000,2,0,40,49,10,0,255,255,20,0,4,1,3,255
3957.0179,2,3,395,7,0,38.4642,38.4642,0,0.0000,2,0,40,49,10,0,255,255,20,0,4,1,3,255
3966.7679,1,3,396,6,3,35.7744,35.7744,0,0.0000,2,0,10,19,10,0,255,255,20,0,1,1,3,255
3966.7679,2,3,396,6,3,38.4642,38.4642,0,0.0000,2,0,10,19,10,0,255,255,20,0,1,1,3,255
4012.7679,1,2,401,2,3,44.1584,44.1584,0,0.0000,2,0,20,29,10,0,255,255,20,0,2,1,3,255
4012.7679,3,2,401,2,3,38.4642,38.4642,0,0.0000,2,0,20,29,10,0,255,255,20,0,2,1,3,255
4017.7679,1,2,401,7,3,44.1584,44.1584,0,0.0000,2,0,10,19,10,0,255,255,20,0,1,1,3,255
4017.7679,3,2,401,7,3,38.4642,38.4642,0,0.0000,2,0,10,19,10,0,255,255,20,0,1,1,3,255
4057.0179,1,3,405,7,0,36.0435,36.0435,0,0.0000,2,0,40,49,10,0,255,255,20,0,4,1,3,255
4057.0179,2,3,405,7,0,38.4642,38.4642,0,0.0000,2,0,40,49,10,0,255,255,20,0,4,1,3,255
4066.7679,1,3,406,6,3,36.0435,36.0435,0,0.0000,2,0,10,19,10,0,255,255,20,0,1,1,3,255
4066.7679,2,3,406,6,3,38.4642,38.4642,0,0.0000,2,0,10,19,10,0,255,255,20,0,1,1,3,255
4103.2679,2,1,410,3,1,45.4835,45.4835,0,0.0000,2,0,40,49,10,0,255,255,20,0,4,1,3,255
4103.2679,3,1,410,3,1,36.0435,36.0435,0,0.0000,2,0,40,49,10,0,255,255,20,0,4,1,3,255
4111.0179,2,1,411,1,0,45.4835,45.4835,0,0.0000,2,0,10,19,10,0,255,255,20,0,1,1,3,255
4111.0179,3,1,411,1,0,36.0435,36.0435,0,0.0000,2,0,10,19,10,0,255,255,20,0,1,1,3,255
4112.7679,1,2,411,2,3,45.5594,45.5594,0,0.0000,2,0,20,29,10,0,255,255,20,0,2,1,3,255
4112.7679,3,2,411,2,3,38.4642,38.4642,0,0.0000,2,0,20,29,10,0,255,255,20,0,2,1,3,255
4117.7679,1,2,411,7,3,45.5594,45.5594,0,0.0000,2,0,10,19,10,0,255,255,20,0,1,1,3,255
4117.7679,3,2,411,7,3,38.4642,38.4642,0,0.0000,2,0,10,19,10,0,255,255,20,0,1,1,3,255
4173.5179,1,3,417,3,2,36.3408,36.3408,0,0.0000,2,0,10,19,10,0,255,255,20,0,1,1,3,255
4173.5179,2,3,417,3,2,38.8504,38.8504,0,0.0000,2,0,10,19,10,0,255,255,20,0,1,1,3,255
4184.2679,1,3,418,4,1,36.3408,36.3408,0,0.0000,2,0,40,49,10,0,255,255,20,0,4,1,3,255
4184.2679,2,3,418,4,1,38.8504,38.8504,0,0.0000,2,0,40,49,10,0,255,255,20,0,4,1,3,255
4212.7679,1,2,421,2,3,45.5594,45.5594,0,0.0000,2,0,20,29,10,0,255,255,20,0,2,1,3,255
4212.7679,3,2,421,2,3,38.8504,38.8504,0,0.0000,2,0,20,29,10,0,255,255,20,0,2,1,3,255
4217.7679,1,2,421,7,3,45.5594,45.5594,0,0.0000,2,0,10,19,10,0,255,255,20,0,1,1,3,255
4217.7679,3,2,421,7,3,38.8504,38.8504,0,0.0000,2,0,10,19,10,0,255,255,20,0,1,1,3,255
4273.5179,1,3,427,3,2,36.6278,36.6278,0,0.0000,2,0,10,19,10,0,255,255,20,0,1,1,3,255
4273.5179,2,3,427,3,2,38.8483,38.8483,0,0.0000,2,0,10,19,10,0,255,255,20,0,1,1,3,255
4284.2679,1,3,428,4,1,36.6278,36.6278,0,0.0000,2,0,40,49,10,0,255,255,20,0,4,1,3,255
4284.2679,2,3,428,4,1,38.8483,38.8483,0,0.0000,2,0,40,49,10,0,255,255,20,0,4,1,3,255
4304.5179,1,2,430,4,2,47.6830,47.6830,0,0.0000,2,0,30,39,10,0,255,255,20,0,3,1,3,255
4304.5179,3,2,430,4,2,38.8483,38.8483,0,0.0000,2,0,30,39,10,0,255,255,20,0,3,1,3,255
4315.5179,1,2,431,5,2,47.6830,47.6830,0,0.0000,2,0,30,39,10,0,255,255,20,0,3,1,3,255
4315.5179,3,2,431,5,2,38.8483,38.8483,0,0.0000,2,0,30,39,10,0,255,255,20,0,3,1,3,255
4373.5179,1,3,437,3,2,36.6278,36.6278,0,0.0000,2,0,10,19,10,0,255,255,20,0,1,1,3,255
4373.5179,2,3,437,3,2,38.8483,38.8483,0,0.0000,2,0,10,19,10,0,255,255,20,0,1,1,3,255
4384.2679,1,3,438,4,1,36.9464,36.9464,0,0.0000,2,0,40,49,10,0,255,255,20,0,4,1,3,255
4384.2679,2,3,438,4,1,39.2559,39.2559,0,0.0000,2,0,40,49,10,0,255,255,20,0,4,1,3,255
4403.2679,2,1,440,3,1,47.6831,47.6831,0,0.0000,2,0,40,49,10,0,255,255,20,0,4,1,3,255
4403.2679,3,1,440,3,1,36.9464,36.9464,0,0.0000,2,0,40,49,10,0,255,255,20,0,4,1,3,255
4404.5179,1,2,440,4,2,47.7040,47.7040,0,0.0000,2,0,30,39,10,0,255,255,20,0,3,1,3,255
4404.5179,3,2,440,4,2,39.2559,39.2559,0,0.0000,2,0,30,39,10,0,255,255,20,0,3,1,3,255
4411.0179,2,1,441,1,0,47.6831,47.6831,0,0.0000,2,0,10,19,10,0,255,255,20,0,1,1,3,255
4411.0179,3,1,441,1,0,36.9464,36.9464,0,0.0000,2,0,10,19,10,0,255,255,20,0,1,1,3,255
4415.5179,1,2,441,5,2,47.7040,47.7040,0,0.0000,2,0,30,39,10,0,255,255,20,0,3,1,3,255
4415.5179,3,2,441,5,2,39.2559,39.2559,0,0.0000,2,0,30,39,10,0,255,255,20,0,3,1,3,255
4504.5179,1,2,450,4,2,49.5776,49.5776,0,0.0000,2,0,30,39,10,0,255,255,20,0,3,1,3,255
4504.5179,3,2,450,4,2,39.2559,39.2559,0,0.0000,2,0,30,39,10,0,255,255,20,0,3,1,3,255
4515.5179,1,2,451,5,2,49.5776,49.5776,0,0.0000,2,0,30,39,10,0,255,255,20,0,3,1,3,255
4515.5179,3,2,451,5,2,39.2559,39.2559,0,0.0000,2,0,30,39,10,0,255,255,20,0,3,1,3,255
4604.5179,1,2,460,4,2,49.5776,49.5776,0,0.0000,2,0,30,39,10,0,255,255,20,0,3,1,3,255
4604.5179,3,2,460,4,2,39.2559,39.2559,0,0.0000,2,0,30,39,10,0,255,255,20,0,3,1,3,255
4615.5179,1,2,461,5,2,49.5776,49.5776,0,0.0000,2,0,30,39,10,0,255,255,20,0,3,1,3,255
4615.5179,3,2,461,5,2,39.6822,39.6822,0,0.0000,2,0,30,39,10,0,255,255,20,0,3,1,3,255
4673.5179,1,3,467,3,2,37.5971,37.5971,0,0.0000,2,0,10,19,10,0,255,255,20,0,1,1,3,255
4673.5179,2,3,467,3,2,39.6822,39.6822,0,0.0000,2,0,10,19,10,0,255,255,20,0,1,1,3,255
4684.2679,1,3,468,4,1,37.9319,37.9319,0,0.0000,2,0,40,49,10,0,255,255,20,0,4,1,3,255
4684.2679,2,3,468,4,1,39.6822,39.6822,0,0.0000,2,0,40,49,10,0,255,255,20,0,4,1,3,255
4704.5179,1,2,470,4,2,51.1881,51.1881,0,0.0000,2,0,30,39,10,0,255,255,20,0,3,1,3,255
4704.5179,3,2,470,4,2,39.6822,39.6822,0,0.0000,2,0,30,39,10,0,255,255,20,0,3,1,3,255
4715.5179,1,2,471,5,2,51.1881,51.1881,0,0.0000,2,0,30,39,10,0,255,255,20,0,3,1,3,255
4715.5179,3,2,471,5,2,39.6822,39.6822,0,0.0000,2,0,30,39,10,0,255,255,20,0,3,1,3,255
4721.7679,2,1,472,1,3,51.1817,51.1817,0,0.0000,2,0,10,19,10,0,255,255,20,0,1,1,3,255
4721.7679,3,1,472,1,3,37.9319,37.9319,0,0.0000,2,0,10,19,10,0,255,255,20,0,1,1,3,255
4731.2679,2,1,473,1,1,51.1817,51.1817,0,0.0000,2,0,40,49,10,0,255,255,20,0,4,1,3,255
4731.2679,3,1,473,1,1,37.9319,37.9319,0,0.0000,2,0,40,49,10,0,255,255,20,0,4,1,3,255
4804.5179,1,2,480,4,2,51.1881,51.1881,0,0.0000,2,0,30,39,10,0,255,255,20,0,3,1,3,255
4804.5179,3,2,480,4,2,39.6822,39.6822,0,0.0000,2,0,30,39,10,0,255,255,20,0,3,1,3,255
4815.5179,1,2,481,5,2,51.1881,51.1881,0,0.0000,2,0,30,39,10,0,255,255,20,0,3,1,3,255
4815.5179,3,2,481,5,2,39.6822,39.6822,0,0.0000,2,0,30,39,10,0,255,255,20,0,3,1,3,255
4916.5179,1,2,491,6,2,52.9933,52.9933,0,0.0000,2,0,0,9,10,0,255,255,20,0,0,1,3,255
4916.5179,3,2,491,6,2,40.1288,40.1288,0,0.0000,2,0,0,9,10,0,255,255,20,0,0,1,3,255
4930.7679,1,2,493,0,3,52.9933,52.9933,0,0.0000,2,0,0,9,10,0,255,255,20,0,0,1,3,255
4930.7679,3,2,493,0,3,40.1288,40.1288,0,0.0000,2,0,0,9,10,0,255,255,20,0,0,1,3,255
4973.5179,1,3,497,3,2,38.6628,38.6628,0,0.0000,2,0,10,19,10,0,255,255,20,0,1,1,3,255
4973.5179,2,3,497,3,2,40.1288,40.1288,0,0.0000,2,0,10,19,10,0,255,255,20,0,1,1,3,255
4984.2679,1,3,498,4,1,38.6628,38.6628,0,0.0000,2,0,40,49,10,0,255,255,20,0,4,1,3,255
4984.2679,2,3,498,4,1,40.1288,40.1288,0,0.0000,2,0,40,49,10,0,255,255,20,0,4,1,3,255
5016.5179,1,2,501,6,2,52.9933,52.9933,0,0.0000,2,0,0,9,10,0,255,255,20,0,0,1,3,255
5016.5179,3,2,501,6,2,40.1288,40.1288,0,0.0000,2,0,0,9,10,0,255,255,20,0,0,1,3,255
5021.7679,2,1,502,1,3,54.7910,54.7910,0,0.0000,2,0,10,19,10,0,255,255,20,0,1,1,3,255
5021.7679,3,1,502,1,3,39.0407,39.0407,0,0.0000,2,0,10,19,10,0,255,255,20,0,1,1,3,255
5030.7679,1,2,503,0,3,54.7885,54.7885,0,0.0000,2,0,0,9,10,0,255,255,20,0,0,1,3,255
5030.7679,3,2,503,0,3,40.1288,40.1288,0,0.0000,2,0,0,9,10,0,255,255,20,0,0,1,3,255
5031.2679,2,1,503,1,1,54.7910,54.7910,0,0.0000,2,0,40,49,10,0,255,255,20,0,4,1,3,255
5031.2679,3,1,503,1,1,39.0407,39.0407,0,0.0000,2,0,40,49,10,0,255,255,20,0,4,1,3,255
5116.5179,1,2,511,6,2,54.7885,54.7885,0,0.0000,2,0,0,9,10,0,255,255,20,0,0,1,3,255
5116.5179,3,2,511,6,2,40.5978,40.5978,0,0.0000,2,0,0,9,10,0,255,255,20,0,0,1,3,255
5130.7679,1,2,513,0,3,54.7885,54.7885,0,0.0000,2,0,0,9,10,0,255,255,20,0,0,1,3,255
5130.7679,3,2,513,0,3,40.5978,40.5978,0,0.0000,2,0,0,9,10,0,255,255,20,0,0,1,3,255
5216.5179,1,2,521,6,2,56.3895,56.3895,0,0.0000,2,0,0,9,10,0,255,255,20,0,0,1,3,255
5216.5179,3,2,521,6,2,40.5978,40.5978,0,0.0000,2,0,0,9,10,0,255,255,20,0,0,1,3,255
5230.7679,1,2,523,0,3,56.3895,56.3895,0,0.0000,2,0,0,9,10,0,255,255,20,0,0,1,3,255
5230.7679,3,2,523,0,3,40.5978,40.5978,0,0.0000,2,0,0,9,10,0,255,255,20,0,0,1,3,255
5270.2679,1,3,527,0,1,39.8862,39.8862,0,0.0000,2,0,20,29,10,0,255,255,20,0,2,1,3,255
5270.2679,2,3,527,0,1,40.5978,40.5978,0,0.0000,2,0,20,29,10,0,255,255,20,0,2,1,3,255
5284.2679,1,3,528,4,1,39.8862,39.8862,0,0.0000,2,0,30,39,10,0,255,255,20,0,3,1,3,255
5284.2679,2,3,528,4,1,40.5978,40.5978,0,0.0000,2,0,30,39,10,0,255,255,20,0,3,1,3,255
5316.5179,1,2,531,6,2,56.3895,56.3895,0,0.0000,2,0,0,9,10,0,255,255,20,0,0,1,3,255
5316.5179,3,2,531,6,2,41.0911,41.0911,0,0.0000,2,0,0,9,10,0,255,255,20,0,0,1,3,255
5321.7679,2,1,532,1,3,56.3374,56.3374,0,0.0000,2,0,10,19,10,0,255,255,20,0,1,1,3,255
5321.7679,3,1,532,1,3,40.3560,40.3560,0,0.0000,2,0,10,19,10,0,255,255,20,0,1,1,3,255
5330.7679,1,2,533,0,3,56.3895,56.3895,0,0.0000,2,0,0,9,10,0,255,255,20,0,0,1,3,255
5330.7679,3,2,533,0,3,41.0911,41.0911,0,0.0000,2,0,0,9,10,0,255,255,20,0,0,1,3,255
5331.2679,2,1,533,1,1,56.3374,56.3374,0,0.0000,2,0,40,49,10,0,255,255,20,0,4,1,3,255
5331.2679,3,1,533,1,1,40.3560,40.3560,0,0.0000,2,0,40,49,10,0,255,255,20,0,4,1,3,255
5416.5179,1,2,541,6,2,57.4301,57.4301,0,0.0000,2,0,0,9,10,0,255,255,20,0,0,1,3,255
5416.5179,3,2,541,6,2,41.0911,41.0911,0,0.0000,2,0,0,9,10,0,255,255,20,0,0,1,3,255
5430.7679,1,2,543,0,3,57.4301,57.4301,0,0.0000,2,0,0,9,10,0,255,255,20,0,0,1,3,255
5430.7679,3,2,543,0,3,41.0911,41.0911,0,0.0000,2,0,0,9,10,0,255,255,20,0,0,1,3,255
5516.5179,1,2,551,6,2,57.4301,57.4301,0,0.0000,2,0,0,9,10,0,255,255,20,0,0,1,3,255
5516.5179,3,2,551,6,2,41.0911,41.0911,0,0.0000,2,0,0,9,10,0,255,255,20,0,0,1,3,255
5530.7679,1,2,553,0,3,57.5129,57.5129,0,0.0000,2,0,0,9,10,0,255,255,20,0,0,1,3,255
5530.7679,3,2,553,0,3,41.6109,41.6109,0,0.0000,2,0,0,9,10,0,255,255,20,0,0,1,3,255
5570.2679,1,3,557,0,1,41.8815,41.8815,0,0.0000,2,0,20,29,10,0,255,255,20,0,2,1,3,255
5570.2679,2,3,557,0,1,41.6109,41.6109,0,0.0000,2,0,20,29,10,0,255,255,20,0,2,1,3,255
5584.2679,1,3,558,4,1,41.8815,41.8815,0,0.0000,2,0,30,39,10,0,255,255,20,0,3,1,3,255
5584.2679,2,3,558,4,1,41.6109,41.6109,0,0.0000,2,0,30,39,10,0,255,255,20,0,3,1,3,255
5616.5179,1,2,561,6,2,56.1980,56.1980,0,0.0000,2,0,0,9,10,0,255,255,20,0,0,1,3,255
5616.5179,3,2,561,6,2,41.6109,41.6109,0,0.0000,2,0,0,9,10,0,255,255,20,0,0,1,3,255
5621.7679,2,1,562,1,3,56.0904,56.0904,0,0.0000,2,0,10,19,10,0,255,255,20,0,1,1,3,255
5621.7679,3,1,562,1,3,42.1099,42.1099,0,0.0000,2,0,10,19,10,0,255,255,20,0,1,1,3,255
5630.7679,1,2,563,0,3,56.1980,56.1980,0,0.0000,2,0,0,9,10,0,255,255,20,0,0,1,3,255
5630.7679,3,2,563,0,3,41.6109,41.6109,0,0.0000,2,0,0,9,10,0,255,255,20,0,0,1,3,255
5631.2679,2,1,563,1,1,56.0904,56.0904,0,0.0000,2,0,40,49,10,0,255,255,20,0,4,1,3,255
5631.2679,3,1,563,1,1,42.1099,42.1099,0,0.0000,2,0,40,49,10,0,255,255,20,0,4,1,3,255
5870.2679,1,3,587,0,1,43.3477,43.3477,0,0.0000,2,0,20,29,10,0,255,255,20,0,2,1,3,255
5870.2679,2,3,587,0,1,42.1600,42.1600,0,0.0000,2,0,20,29,10,0,255,255,20,0,2,1,3,255
5884.2679,1,3,588,4,1,43.3477,43.3477,0,0.0000,2,0,30,39,10,0,255,255,20,0,3,1,3,255
5884.2679,2,3,588,4,1,42.1600,42.1600,0,0.0000,2,0,30,39,10,0,255,255,20,0,3,1,3,255
5921.7679,2,1,592,1,3,55.2731,55.2731,0,0.0000,2,0,10,19,10,0,255,255,20,0,1,1,3,255
5921.7679,3,1,592,1,3,43.3477,43.3477,0,0.0000,2,0,10,19,10,0,255,255,20,0,1,1,3,255
5931.2679,2,1,593,1,1,55.2731,55.2731,0,0.0000,2,0,40,49,10,0,255,255,20,0,4,1,3,255
5931.2679,3,1,593,1,1,43.3477,43.3477,0,0.0000,2,0,40,49,10,0,255,255,20,0,4,1,3,255
6170.2679,1,3,617,0,1,45.5691,45.5691,0,0.0000,2,0,20,29,10,0,255,255,20,0,2,1,3,255
6170.2679,2,3,617,0,1,42.7479,42.7479,0,0.0000,2,0,20,29,10,0,255,255,20,0,2,1,3,255
6181.2679,1,3,618,1,1,45.5691,45.5691,0,0.0000,2,0,40,49,10,0,255,255,20,0,4,1,3,255
6181.2679,2,3,618,1,1,42.7479,42.7479,0,0.0000,2,0,40,49,10,0,255,255,20,0,4,1,3,255
6215.2679,2,1,621,5,1,52.6579,52.6579,0,0.0000,2,0,10,19,10,0,255,255,20,0,1,1,3,255
6215.2679,3,1,621,5,1,45.5578,45.5578,0,0.0000,2,0,10,19,10,0,255,255,20,0,1,1,3,255
6230.5179,2,1,623,0,2,52.6579,52.6579,0,0.0000,2,0,40,49,10,0,255,255,20,0,4,1,3,255
6230.5179,3,1,623,0,2,46.4908,46.4908,0,0.0000,2,0,40,49,10,0,255,255,20,0,4,1,3,255
6470.2679,1,3,647,0,1,48.5980,48.5980,0,0.0000,2,0,20,29,10,0,255,255,20,0,2,1,3,255
6470.2679,2,3,647,0,1,43.9930,43.9930,0,0.0000,2,0,20,29,10,0,255,255,20,0,2,1,3,255
6481.2679,1,3,648,1,1,48.5980,48.5980,0,0.0000,2,0,40,49,10,0,255,255,20,0,4,1,3,255
6481.2679,2,3,648,1,1,43.9930,43.9930,0,0.0000,2,0,40,49,10,0,255,255,20,0,4,1,3,255
6515.2679,2,1,651,5,1,51.2693,51.2693,0,0.0000,2,0,10,19,10,0,255,255,20,0,1,1,3,255
6515.2679,3,1,651,5,1,48.6806,48.6806,0,0.0000,2,0,10,19,10,0,255,255,20,0,1,1,3,255
6530.5179,2,1,653,0,2,51.2693,51.2693,0,0.0000,2,0,40,49,10,0,255,255,20,0,4,1,3,255
6530.5179,3,1,653,0,2,48.6806,48.6806,0,0.0000,2,0,40,49,10,0,255,255,20,0,4,1,3,255
6619.0179,1,2,661,9,0,50.1271,50.1271,0,0.0000,2,0,30,39,10,0,255,255,20,0,3,1,3,255
6619.0179,3,2,661,9,0,43.9593,43.9593,0,0.0000,2,0,30,39,10,0,255,255,20,0,3,1,3,255
6630.7679,1,2,663,0,3,50.1271,50.1271,0,0.0000,2,0,30,39,10,0,255,255,20,0,3,1,3,255
6630.7679,3,2,663,0,3,43.9593,43.9593,0,0.0000,2,0,30,39,10,0,255,255,20,0,3,1,3,255
6770.2679,1,3,677,0,1,51.5061,51.5061,0,0.0000,2,0,20,29,10,0,255,255,20,0,2,1,3,255
6770.2679,2,3,677,0,1,44.7740,44.7740,0,0.0000,2,0,20,29,10,0,255,255,20,0,2,1,3,255
6781.2679,1,3,678,1,1,51.5061,51.5061,0,0.0000,2,0,40,49,10,0,255,255,20,0,4,1,3,255
6781.2679,2,3,678,1,1,44.7740,44.7740,0,0.0000,2,0,40,49,10,0,255,255,20,0,4,1,3,255
6820.2679,2,1,682,0,1,48.8660,48.8660,0,0.0000,2,0,30,39,10,0,255,255,20,0,3,1,3,255
6820.2679,3,1,682,0,1,53.2620,53.2620,0,0.0000,2,0,30,39,10,0,255,255,20,0,3,1,3,255
6826.0179,2,1,682,6,0,48.8660,48.8660,0,0.0000,2,0,0,9,10,0,255,255,20,0,0,1,3,255
6826.0179,3,1,682,6,0,53.2620,53.2620,0,0.0000,2,0,0,9,10,0,255,255,20,0,0,1,3,255
7069.2679,1,3,706,9,1,57.5593,57.5593,0,0.0000,2,0,0,9,10,0,255,255,20,0,0,1,3,255
7069.2679,2,3,706,9,1,45.5252,45.5252,0,0.0000,2,0,0,9,10,0,255,255,20,0,0,1,3,255
7079.7679,1,3,707,9,3,57.5593,57.5593,0,0.0000,2,0,30,39,10,0,255,255,20,0,3,1,3,255
7079.7679,2,3,707,9,3,45.5252,45.5252,0,0.0000,2,0,30,39,10,0,255,255,20,0,3,1,3,255
7120.2679,2,1,712,0,1,47.8646,47.8646,0,0.0000,2,0,30,39,10,0,255,255,20,0,3,1,3,255
7120.2679,3,1,712,0,1,57.5334,57.5334,0,0.0000,2,0,30,39,10,0,255,255,20,0,3,1,3,255
7126.0179,2,1,712,6,0,47.8646,47.8646,0,0.0000,2,0,0,9,10,0,255,255,20,0,0,1,3,255
7126.0179,3,1,712,6,0,57.5334,57.5334,0,0.0000,2,0,0,9,10,0,255,255,20,0,0,1,3,255
7365.7679,1,3,736,5,3,59.8847,59.8847,0,0.0000,2,0,20,29,10,0,255,255,20,0,2,1,3,255
7365.7679,2,3,736,5,3,46.3162,46.3162,0,0.0000,2,0,20,29,10,0,255,255,20,0,2,1,3,255
7373.7679,1,3,737,3,3,58.1606,58.1606,0,0.0000,2,0,0,9,10,0,255,255,20,0,0,1,3,255
7373.7679,2,3,737,3,3,47.1061,47.1061,0,0.0000,2,0,0,9,10,0,255,255,20,0,0,1,3,255
7420.2679,2,1,742,0,1,46.7183,46.7183,0,0.0000,2,0,30,39,10,0,255,255,20,0,3,1,3,255
7420.2679,3,1,742,0,1,58.1602,58.1602,0,0.0000,2,0,30,39,10,0,255,255,20,0,3,1,3,255
7426.0179,2,1,742,6,0,46.7183,46.7183,0,0.0000,2,0,0,9,10,0,255,255,20,0,0,1,3,255
7426.0179,3,1,742,6,0,58.1602,58.1602,0,0.0000,2,0,0,9,10,0,255,255,20,0,0,1,3,255
7614.2679,1,2,761,4,1,45.7654,45.7654,0,0.0000,2,0,0,9,10,0,255,255,20,0,0,1,3,255
7614.2679,3,2,761,4,1,47.9206,47.9206,0,0.0000,2,0,0,9,10,0,255,255,20,0,0,1,3,255
7621.5179,1,2,762,1,2,45.7654,45.7654,0,0.0000,2,0,20,29,10,0,255,255,20,0,2,1,3,255
7621.5179,3,2,762,1,2,47.9206,47.9206,0,0.0000,2,0,20,29,10,0,255,255,20,0,2,1,3,255
7665.7679,1,3,766,5,3,51.9013,51.9013,0,0.0000,2,0,20,29,10,0,255,255,20,0,2,1,3,255
7665.7679,2,3,766,5,3,47.8950,47.8950,0,0.0000,2,0,20,29,10,0,255,255,20,0,2,1,3,255
7673.7679,1,3,767,3,3,51.9013,51.9013,0,0.0000,2,0,0,9,10,0,255,255,20,0,0,1,3,255
7673.7679,2,3,767,3,3,47.8950,47.8950,0,0.0000,2,0,0,9,10,0,255,255,20,0,0,1,3,255
7720.2679,2,1,772,0,1,45.0193,45.0193,0,0.0000,2,0,30,39,10,0,255,255,20,0,3,1,3,255
7720.2679,3,1,772,0,1,51.9475,51.9475,0,0.0000,2,0,30,39,10,0,255,255,20,0,3,1,3,255
7726.0179,2,1,772,6,0,45.0193,45.0193,0,0.0000,2,0,0,9,10,0,255,255,20,0,0,1,3,255
7726.0179,3,1,772,6,0,51.9475,51.9475,0,0.0000,2,0,0,9,10,0,255,255,20,0,0,1,3,255
7965.7679,1,3,796,5,3,49.0131,49.0131,0,0.0000,2,0,20,29,10,0,255,255,20,0,2,1,3,255
7965.7679,2,3,796,5,3,48.8602,48.8602,0,0.0000,2,0,20,29,10,0,255,255,20,0,2,1,3,255
7973.7679,1,3,797,3,3,49.0131,49.0131,0,0.0000,2,0,0,9,10,0,255,255,20,0,0,1,3,255
7973.7679,2,3,797,3,3,48.8602,48.8602,0,0.0000,2,0,0,9,10,0,255,255,20,0,0,1,3,255
8020.2679,2,1,802,0,1,44.3440,44.3440,0,0.0000,2,0,30,39,10,0,255,255,20,0,3,1,3,255
8020.2679,3,1,802,0,1,49.0437,49.0437,0,0.0000,2,0,30,39,10,0,255,255,20,0,3,1,3,255
8026.0179,2,1,802,6,0,44.3440,44.3440,0,0.0000,2,0,0,9,10,0,255,255,20,0,0,1,3,255
8026.0179,3,1,802,6,0,49.0437,49.0437,0,0.0000,2,0,0,9,10,0,255,255,20,0,0,1,3,255
8269.7679,1,3,826,9,3,46.8764,46.8764,0,0.0000,2,0,30,39,10,0,255,255,20,0,3,1,3,255
8269.7679,2,3,826,9,3,49.7024,49.7024,0,0.0000,2,0,30,39,10,0,255,255,20,0,3,1,3,255
8273.5179,1,3,827,3,2,45.9394,45.9394,0,0.0000,2,0,0,9,10,0,255,255,20,0,0,1,3,255
8273.5179,2,3,827,3,2,49.6521,49.6521,0,0.0000,2,0,0,9,10,0,255,255,20,0,0,1,3,255
8312.0179,2,1,831,2,0,42.9445,42.9445,0,0.0000,2,0,20,29,10,0,255,255,20,0,2,1,3,255
8312.0179,3,1,831,2,0,45.0211,45.0211,0,0.0000,2,0,20,29,10,0,255,255,20,0,2,1,3,255
8327.5179,2,1,832,7,2,42.9445,42.9445,0,0.0000,2,0,10,19,10,0,255,255,20,0,1,1,3,255
8327.5179,3,1,832,7,2,45.0211,45.0211,0,0.0000,2,0,10,19,10,0,255,255,20,0,1,1,3,255
8569.7679,1,3,856,9,3,43.5282,43.5282,0,0.0000,2,0,30,39,10,0,255,255,20,0,3,1,3,255
8569.7679,2,3,856,9,3,51.0720,51.0720,0,0.0000,2,0,30,39,10,0,255,255,20,0,3,1,3,255
8573.5179,1,3,857,3,2,43.5282,43.5282,0,0.0000,2,0,0,9,10,0,255,255,20,0,0,1,3,255
8573.5179,2,3,857,3,2,51.0720,51.0720,0,0.0000,2,0,0,9,10,0,255,255,20,0,0,1,3,255
8609.5179,1,2,860,9,2,42.3393,42.3393,0,0.0000,2,0,20,29,10,0,255,255,20,0,2,1,3,255
8609.5179,3,2,860,9,2,51.1565,51.1565,0,0.0000,2,0,20,29,10,0,255,255,20,0,2,1,3,255
8612.0179,2,1,861,2,0,42.3393,42.3393,0,0.0000,2,0,20,29,10,0,255,255,20,0,2,1,3,255
8612.0179,3,1,861,2,0,43.5282,43.5282,0,0.0000,2,0,20,29,10,0,255,255,20,0,2,1,3,255
8615.0179,1,2,861,5,0,42.3393,42.3393,0,0.0000,2,0,10,19,10,0,255,255,20,0,1,1,3,255
8615.0179,3,2,861,5,0,51.1565,51.1565,0,0.0000,2,0,10,19,10,0,255,255,20,0,1,1,3,255
8627.5179,2,1,862,7,2,42.3393,42.3393,0,0.0000,2,0,10,19,10,0,255,255,20,0,1,1,3,255
8627.5179,3,1,862,7,2,43.5282,43.5282,0,0.0000,2,0,10,19,10,0,255,255,20,0,1,1,3,255
8769.7679,1,3,876,9,3,42.2833,42.2833,0,0.0000,2,0,30,39,10,0,255,255,20,0,3,1,3,255
8769.7679,2,3,876,9,3,51.6337,51.6337,0,0.0000,2,0,30,39,10,0,255,255,20,0,3,1,3,255
8773.5179,1,3,877,3,2,42.2833,42.2833,0,0.0000,2,0,0,9,10,0,255,255,20,0,0,1,3,255
8773.5179,2,3,877,3,2,51.6337,51.6337,0,0.0000,2,0,0,9,10,0,255,255,20,0,0,1,3,255
8912.0179,2,1,891,2,0,41.2376,41.2376,0,0.0000,2,0,20,29,10,0,255,255,20,0,2,1,3,255
8912.0179,3,1,891,2,0,41.1950,41.1950,0,0.0000,2,0,20,29,10,0,255,255,20,0,2,1,3,255
8927.5179,2,1,892,7,2,41.2376,41.2376,0,0.0000,2,0,10,19,10,0,255,255,20,0,1,1,3,255
8927.5179,3,1,892,7,2,41.1950,41.1950,0,0.0000,2,0,10,19,10,0,255,255,20,0,1,1,3,255
8969.7679,1,3,896,9,3,41.1950,41.1950,0,0.0000,2,0,30,39,10,0,255,255,20,0,3,1,3,255
8969.7679,2,3,896,9,3,51.7612,51.7612,0,0.0000,2,0,30,39,10,0,255,255,20,0,3,1,3,255
8973.5179,1,3,897,3,2,41.1950,41.1950,0,0.0000,2,0,0,9,10,0,255,255,20,0,0,1,3,255
8973.5179,2,3,897,3,2,51.7612,51.7612,0,0.0000,2,0,0,9,10,0,255,255,20,0,0,1,3,255
9169.7679,1,3,916,9,3,40.2325,40.2325,0,0.0000,2,0,30,39,10,0,255,255,20,0,3,1,3,255
9169.7679,2,3,916,9,3,50.4664,50.4664,0,0.0000,2,0,30,39,10,0,255,255,20,0,3,1,3,255
9173.5179,1,3,917,3,2,40.2325,40.2325,0,0.0000,2,0,0,9,10,0,255,255,20,0,0,1,3,255
9173.5179,2,3,917,3,2,50.4664,50.4664,0,0.0000,2,0,0,9,10,0,255,255,20,0,0,1,3,255
9209.5179,1,2,920,9,2,40.7334,40.7334,0,0.0000,2,0,20,29,10,0,255,255,20,0,2,1,3,255
9209.5179,3,2,920,9,2,50.4337,50.4337,0,0.0000,2,0,20,29,10,0,255,255,20,0,2,1,3,255
9212.0179,2,1,921,2,0,40.7334,40.7334,0,0.0000,2,0,20,29,10,0,255,255,20,0,2,1,3,255
9212.0179,3,1,921,2,0,40.2325,40.2325,0,0.0000,2,0,20,29,10,0,255,255,20,0,2,1,3,255
9215.0179,1,2,921,5,0,40.7334,40.7334,0,0.0000,2,0,10,19,10,0,255,255,20,0,1,1,3,255
9215.0179,3,2,921,5,0,50.4337,50.4337,0,0.0000,2,0,10,19,10,0,255,255,20,0,1,1,3,255
9227.5179,2,1,922,7,2,40.7334,40.7334,0,0.0000,2,0,10,19,10,0,255,255,20,0,1,1,3,255
9227.5179,3,1,922,7,2,40.2325,40.2325,0,0.0000,2,0,10,19,10,0,255,255,20,0,1,1,3,255
9361.2679,1,3,936,1,1,39.3638,39.3638,0,0.0000,2,0,10,19,10,0,255,255,20,0,1,1,3,255
9361.2679,2,3,936,1,1,51.5335,51.5335,0,0.0000,2,0,10,19,10,0,255,255,20,0,1,1,3,255
9368.0179,1,3,936,8,0,39.3638,39.3638,0,0.0000,2,0,10,19,10,0,255,255,20,0,1,1,3,255
9368.0179,2,3,936,8,0,51.5335,51.5335,0,0.0000,2,0,10,19,10,0,255,255,20,0,1,1,3,255
9419.2679,1,2,941,9,1,40.2560,40.2560,0,0.0000,2,0,0,9,10,0,255,255,20,0,0,1,3,255
9419.2679,3,2,941,9,1,51.5333,51.5333,0,0.0000,2,0,0,9,10,0,255,255,20,0,0,1,3,255
9434.0179,1,2,943,4,0,40.2560,40.2560,0,0.0000,2,0,10,19,10,0,255,255,20,0,1,1,3,255
9434.0179,3,2,943,4,0,51.5333,51.5333,0,0.0000,2,0,10,19,10,0,255,255,20,0,1,1,3,255
9514.7679,2,1,951,4,3,40.2560,40.2560,0,0.0000,2,0,0,9,10,0,255,255,20,0,0,1,3,255
9514.7679,3,1,951,4,3,38.9764,38.9764,0,0.0000,2,0,0,9,10,0,255,255,20,0,0,1,3,255
9526.0179,2,1,952,6,0,40.2560,40.2560,0,0.0000,2,0,0,9,10,0,255,255,20,0,0,1,3,255
9526.0179,3,1,952,6,0,38.9764,38.9764,0,0.0000,2,0,0,9,10,0,255,255,20,0,0,1,3,255
9619.2679,1,2,961,9,1,39.8027,39.8027,0,0.0000,2,0,0,9,10,0,255,255,20,0,0,1,3,255
9619.2679,3,2,961,9,1,50.8568,50.8568,0,0.0000,2,0,0,9,10,0,255,255,20,0,0,1,3,255
9634.0179,1,2,963,4,0,39.8027,39.8027,0,0.0000,2,0,10,19,10,0,255,255,20,0,1,1,3,255
9634.0179,3,2,963,4,0,50.8568,50.8568,0,0.0000,2,0,10,19,10,0,255,255,20,0,1,1,3,255
9661.2679,1,3,966,1,1,38.2222,38.2222,0,0.0000,2,0,10,19,10,0,255,255,20,0,1,1,3,255
9661.2679,2,3,966,1,1,49.8198,49.8198,0,0.0000,2,0,10,19,10,0,255,255,20,0,1,1,3,255
9668.0179,1,3,966,8,0,38.2222,38.2222,0,0.0000,2,0,10,19,10,0,255,255,20,0,1,1,3,255
9668.0179,2,3,966,8,0,49.8198,49.8198,0,0.0000,2,0,10,19,10,0,255,255,20,0,1,1,3,255
9814.7679,2,1,981,4,3,39.3051,39.3051,0,0.0000,2,0,0,9,10,0,255,255,20,0,0,1,3,255
9814.7679,3,1,981,4,3,37.8569,37.8569,0,0.0000,2,0,0,9,10,0,255,255,20,0,0,1,3,255
9819.2679,1,2,981,9,1,39.3051,39.3051,0,0.0000,2,0,0,9,10,0,255,255,20,0,0,1,3,255
9819.2679,3,2,981,9,1,51.7386,51.7386,0,0.0000,2,0,0,9,10,0,255,255,20,0,0,1,3,255
9826.0179,2,1,982,6,0,39.3051,39.3051,0,0.0000,2,0,0,9,10,0,255,255,20,0,0,1,3,255
9826.0179,3,1,982,6,0,37.8569,37.8569,0,0.0000,2,0,0,9,10,0,255,255,20,0,0,1,3,255
9834.0179,1,2,983,4,0,39.3051,39.3051,0,0.0000,2,0,10,19,10,0,255,255,20,0,1,1,3,255
9834.0179,3,2,983,4,0,51.7386,51.7386,0,0.0000,2,0,10,19,10,0,255,255,20,0,1,1,3,255
9961.2679,1,3,996,1,1,37.1991,37.1991,0,0.0000,2,0,10,19,10,0,255,255,20,0,1,1,3,255
9961.2679,2,3,996,1,1,50.3488,50.3488,0,0.0000,2,0,10,19,10,0,255,255,20,0,1,1,3,255
9968.0179,1,3,996,8,0,37.1991,37.1991,0,0.0000,2,0,10,19,10,0,255,255,20,0,1,1,3,255
9968.0179,2,3,996,8,0,50.3488,50.3488,0,0.0000,2,0,10,19,10,0,255,255,20,0,1,1,3,255
10019.2679,1,2,1001,9,1,38.8945,38.8945,0,0.0000,2,0,0,9,10,0,255,255,20,0,0,1,3,255
10019.2679,3,2,1001,9,1,50.3557,50.3557,0,0.0000,2,0,0,9,10,0,255,255,20,0,0,1,3,255
10034.0179,1,2,1003,4,0,38.8945,38.8945,0,0.0000,2,0,10,19,10,0,255,255,20,0,1,1,3,255
10034.0179,3,2,1003,4,0,50.3557,50.3557,0,0.0000,2,0,10,19,10,0,255,255,20,0,1,1,3,255
10117.2679,2,1,1011,7,1,38.8945,38.8945,0,0.0000,2,0,30,39,10,0,255,255,20,0,3,1,3,255
10117.2679,3,1,1011,7,1,36.9134,36.9134,0,0.0000,2,0,30,39,10,0,255,255,20,0,3,1,3,255
10123.0179,2,1,1012,3,0,38.8945,38.8945,0,0.0000,2,0,20,29,10,0,255,255,20,0,2,1,3,255
10123.0179,3,1,1012,3,0,36.9134,36.9134,0,0.0000,2,0,20,29,10,0,255,255,20,0,2,1,3,255
10217.2679,2,1,1021,7,1,38.8945,38.8945,0,0.0000,2,0,30,39,10,0,255,255,20,0,3,1,3,255
10217.2679,3,1,1021,7,1,36.9134,36.9134,0,0.0000,2,0,30,39,10,0,255,255,20,0,3,1,3,255
10219.2679,1,2,1021,9,1,38.8945,38.8945,0,0.0000,2,0,0,9,10,0,255,255,20,0,0,1,3,255
10219.2679,3,2,1021,9,1,48.7831,48.7831,0,0.0000,2,0,0,9,10,0,255,255,20,0,0,1,3,255
10223.0179,2,1,1022,3,0,38.8945,38.8945,0,0.0000,2,0,20,29,10,0,255,255,20,0,2,1,3,255
10223.0179,3,1,1022,3,0,36.9134,36.9134,0,0.0000,2,0,20,29,10,0,255,255,20,0,2,1,3,255
10234.0179,1,2,1023,4,0,38.8945,38.8945,0,0.0000,2,0,10,19,10,0,255,255,20,0,1,1,3,255
10234.0179,3,2,1023,4,0,48.7831,48.7831,0,0.0000,2,0,10,19,10,0,255,255,20,0,1,1,3,255
10270.5179,1,3,1027,0,2,36.2851,36.2851,0,0.0000,2,0,30,39,10,0,255,255,20,0,3,1,3,255
10270.5179,2,3,1027,0,2,47.3044,47.3044,0,0.0000,2,0,30,39,10,0,255,255,20,0,3,1,3,255
10287.2679,1,3,1028,7,1,36.2851,36.2851,0,0.0000,2,0,20,29,10,0,255,255,20,0,2,1,3,255
10287.2679,2,3,1028,7,1,47.3044,47.3044,0,0.0000,2,0,20,29,10,0,255,255,20,0,2,1,3,255
10317.2679,2,1,1031,7,1,38.4665,38.4665,0,0.0000,2,0,30,39,10,0,255,255,20,0,3,1,3,255
10317.2679,3,1,1031,7,1,36.2851,36.2851,0,0.0000,2,0,30,39,10,0,255,255,20,0,3,1,3,255
10323.0179,2,1,1032,3,0,38.4665,38.4665,0,0.0000,2,0,20,29,10,0,255,255,20,0,2,1,3,255
10323.0179,3,1,1032,3,0,36.2851,36.2851,0,0.0000,2,0,20,29,10,0,255,255,20,0,2,1,3,255
10417.2679,2,1,1041,7,1,38.4665,38.4665,0,0.0000,2,0,30,39,10,0,255,255,20,0,3,1,3,255
10417.2679,3,1,1041,7,1,36.2851,36.2851,0,0.0000,2,0,30,39,10,0,255,255,20,0,3,1,3,255
10423.0179,2,1,1042,3,0,38.4665,38.4665,0,0.0000,2,0,20,29,10,0,255,255,20,0,2,1,3,255
10423.0179,3,1,1042,3,0,36.2851,36.2851,0,0.0000,2,0,20,29,10,0,255,255,20,0,2,1,3,255
10517.2679,2,1,1051,7,1,38.2804,38.2804,0,0.0000,2,0,30,39,10,0,255,255,20,0,3,1,3,255
10517.2679,3,1,1051,7,1,35.8708,35.8708,0,0.0000,2,0,30,39,10,0,255,255,20,0,3,1,3,255
10521.0179,1,2,1052,1,0,38.2804,38.2804,0,0.0000,2,0,0,9,10,0,255,255,20,0,0,1,3,255
10521.0179,3,2,1052,1,0,45.9095,45.9095,0,0.0000,2,0,0,9,10,0,255,255,20,0,0,1,3,255
10523.0179,2,1,1052,3,0,38.2804,38.2804,0,0.0000,2,0,20,29,10,0,255,255,20,0,2,1,3,255
10523.0179,3,1,1052,3,0,35.8708,35.8708,0,0.0000,2,0,20,29,10,0,255,255,20,0,2,1,3,255
10534.5179,1,2,1053,4,2,38.2804,38.2804,0,0.0000,2,0,10,19,10,0,255,255,20,0,1,1,3,255
10534.5179,3,2,1053,4,2,45.9095,45.9095,0,0.0000,2,0,10,19,10,0,255,255,20,0,1,1,3,255
10570.5179,1,3,1057,0,2,35.8708,35.8708,0,0.0000,2,0,30,39,10,0,255,255,20,0,3,1,3,255
10570.5179,2,3,1057,0,2,45.9096,45.9096,0,0.0000,2,0,30,39,10,0,255,255,20,0,3,1,3,255
10587.2679,1,3,1058,7,1,35.8708,35.8708,0,0.0000,2,0,20,29,10,0,255,255,20,0,2,1,3,255
10587.2679,2,3,1058,7,1,45.9096,45.9096,0,0.0000,2,0,20,29,10,0,255,255,20,0,2,1,3,255
10617.2679,2,1,1061,7,1,38.2804,38.2804,0,0.0000,2,0,30,39,10,0,255,255,20,0,3,1,3,255
10617.2679,3,1,1061,7,1,35.8708,35.8708,0,0.0000,2,0,30,39,10,0,255,255,20,0,3,1,3,255
10623.0179,2,1,1062,3,0,38.2804,38.2804,0,0.0000,2,0,20,29,10,0,255,255,20,0,2,1,3,255
10623.0179,3,1,1062,3,0,35.8708,35.8708,0,0.0000,2,0,20,29,10,0,255,255,20,0,2,1,3,255
10717.2679,2,1,1071,7,1,37.9411,37.9411,0,0.0000,2,0,30,39,10,0,255,255,20,0,3,1,3,255
10717.2679,3,1,1071,7,1,35.7149,35.7149,0,0.0000,2,0,30,39,10,0,255,255,20,0,3,1,3,255
10723.0179,2,1,1072,3,0,37.9411,37.9411,0,0.0000,2,0,20,29,10,0,255,255,20,0,2,1,3,255
10723.0179,3,1,1072,3,0,35.7149,35.7149,0,0.0000,2,0,20,29,10,0,255,255,20,0,2,1,3,255
10817.2679,2,1,1081,7,1,37.9411,37.9411,0,0.0000,2,0,30,39,10,0,255,255,20,0,3,1,3,255
10817.2679,3,1,1081,7,1,35.4745,35.4745,0,0.0000,2,0,30,39,10,0,255,255,20,0,3,1,3,255
10821.0179,1,2,1082,1,0,37.9411,37.9411,0,0.0000,2,0,0,9,10,0,255,255,20,0,0,1,3,255
10821.0179,3,2,1082,1,0,41.3064,41.3064,0,0.0000,2,0,0,9,10,0,255,255,20,0,0,1,3,255
10823.0179,2,1,1082,3,0,37.9411,37.9411,0,0.0000,2,0,20,29,10,0,255,255,20,0,2,1,3,255
10823.0179,3,1,1082,3,0,35.4745,35.4745,0,0.0000,2,0,20,29,10,0,255,255,20,0,2,1,3,255
10834.5179,1,2,1083,4,2,37.9411,37.9411,0,0.0000,2,0,10,19,10,0,255,255,20,0,1,1,3,255
10834.5179,3,2,1083,4,2,41.3064,41.3064,0,0.0000,2,0,10,19,10,0,255,255,20,0,1,1,3,255
10870.5179,1,3,1087,0,2,35.4745,35.4745,0,0.0000,2,0,30,39,10,0,255,255,20,0,3,1,3,255
10870.5179,2,3,1087,0,2,41.2936,41.2936,0,0.0000,2,0,30,39,10,0,255,255,20,0,3,1,3,255
10887.2679,1,3,1088,7,1,35.4745,35.4745,0,0.0000,2,0,20,29,10,0,255,255,20,0,2,1,3,255
10887.2679,2,3,1088,7,1,41.2936,41.2936,0,0.0000,2,0,20,29,10,0,255,255,20,0,2,1,3,255
10917.2679,2,1,1091,7,1,37.7333,37.7333,0,0.0000,2,0,30,39,10,0,255,255,20,0,3,1,3,255
10917.2679,3,1,1091,7,1,35.3233,35.3233,0,0.0000,2,0,30,39,10,0,255,255,20,0,3,1,3,255
10923.0179,2,1,1092,3,0,37.7333,37.7333,0,0.0000,2,0,20,29,10,0,255,255,20,0,2,1,3,255
10923.0179,3,1,1092,3,0,35.3233,35.3233,0,0.0000,2,0,20,29,10,0,255,255,20,0,2,1,3,255
11017.2679,2,1,1101,7,1,37.7333,37.7333,0,0.0000,2,0,30,39,10,0,255,255,20,0,3,1,3,255
11017.2679,3,1,1101,7,1,35.0946,35.0946,0,0.0000,2,0,30,39,10,0,255,255,20,0,3,1,3,255
11023.0179,2,1,1102,3,0,37.7333,37.7333,0,0.0000,2,0,20,29,10,0,255,255,20,0,2,1,3,255
11023.0179,3,1,1102,3,0,35.0946,35.0946,0,0.0000,2,0,20,29,10,0,255,255,20,0,2,1,3,255
11117.2679,2,1,1111,7,1,37.5213,37.5213,0,0.0000,2,0,30,39,10,0,255,255,20,0,3,1,3,255
11117.2679,3,1,1111,7,1,34.9480,34.9480,0,0.0000,2,0,30,39,10,0,255,255,20,0,3,1,3,255
11121.0179,1,2,1112,1,0,37.5213,37.5213,0,0.0000,2,0,0,9,10,0,255,255,20,0,0,1,3,255
11121.0179,3,2,1112,1,0,38.3347,38.3347,0,0.0000,2,0,0,9,10,0,255,255,20,0,0,1,3,255
11123.0179,2,1,1112,3,0,37.5213,37.5213,0,0.0000,2,0,20,29,10,0,255,255,20,0,2,1,3,255
11123.0179,3,1,1112,3,0,34.9480,34.9480,0,0.0000,2,0,20,29,10,0,255,255,20,0,2,1,3,255
11134.5179,1,2,1113,4,2,37.5213,37.5213,0,0.0000,2,0,10,19,10,0,255,255,20,0,1,1,3,255
11134.5179,3,2,1113,4,2,38.3347,38.3347,0,0.0000,2,0,10,19,10,0,255,255,20,0,1,1,3,255
11170.5179,1,3,1117,0,2,34.9480,34.9480,0,0.0000,2,0,30,39,10,0,255,255,20,0,3,1,3,255
11170.5179,2,3,1117,0,2,38.4599,38.4599,0,0.0000,2,0,30,39,10,0,255,255,20,0,3,1,3,255
11187.2679,1,3,1118,7,1,34.9480,34.9480,0,0.0000,2,0,20,29,10,0,255,255,20,0,2,1,3,255
11187.2679,2,3,1118,7,1,38.4599,38.4599,0,0.0000,2,0,20,29,10,0,255,255,20,0,2,1,3,255
11402.2679,1,2,1140,2,1,37.1286,37.1286,0,0.0000,2,0,0,9,10,0,255,255,20,0,0,1,3,255
11402.2679,3,2,1140,2,1,45.8825,45.8825,0,0.0000,2,0,0,9,10,0,255,255,20,0,0,1,3,255
11406.0179,1,2,1140,6,0,37.1286,37.1286,0,0.0000,2,0,0,9,10,0,255,255,20,0,0,1,3,255
11406.0179,3,2,1140,6,0,45.8825,45.8825,0,0.0000,2,0,0,9,10,0,255,255,20,0,0,1,3,255
11411.0179,2,1,1141,1,0,37.1286,37.1286,0,0.0000,2,0,40,49,10,0,255,255,20,0,4,1,3,255
11411.0179,3,1,1141,1,0,34.5878,34.5878,0,0.0000,2,0,40,49,10,0,255,255,20,0,4,1,3,255
11413.2679,2,1,1141,3,1,37.1286,37.1286,0,0.0000,2,0,10,19,10,0,255,255,20,0,1,1,3,255
11413.2679,3,1,1141,3,1,34.5878,34.5878,0,0.0000,2,0,10,19,10,0,255,255,20,0,1,1,3,255
11454.7679,1,3,1145,4,3,34.3795,34.3795,0,0.0000,2,0,0,9,10,0,255,255,20,0,0,1,3,255
11454.7679,2,3,1145,4,3,32.8791,32.8791,0,0.0000,2,0,0,9,10,0,255,255,20,0,0,1,3,255
11465.2679,1,3,1146,5,1,34.3795,34.3795,0,0.0000,2,0,20,29,10,0,255,255,20,0,2,1,3,255
11465.2679,2,3,1146,5,1,32.8791,32.8791,0,0.0000,2,0,20,29,10,0,255,255,20,0,2,1,3,255
11602.2679,1,2,1160,2,1,36.9084,36.9084,0,0.0000,2,0,0,9,10,0,255,255,20,0,0,1,3,255
11602.2679,3,2,1160,2,1,32.2968,32.2968,0,0.0000,2,0,0,9,10,0,255,255,20,0,0,1,3,255
11606.0179,1,2,1160,6,0,36.9084,36.9084,0,0.0000,2,0,0,9,10,0,255,255,20,0,0,1,3,255
11606.0179,3,2,1160,6,0,32.2968,32.2968,0,0.0000,2,0,0,9,10,0,255,255,20,0,0,1,3,255
11711.0179,2,1,1171,1,0,36.9084,36.9084,0,0.0000,2,0,40,49,10,0,255,255,20,0,4,1,3,255
11711.0179,3,1,1171,1,0,34.0421,34.0421,0,0.0000,2,0,40,49,10,0,255,255,20,0,4,1,3,255
11713.2679,2,1,1171,3,1,36.9084,36.9084,0,0.0000,2,0,10,19,10,0,255,255,20,0,1,1,3,255
11713.2679,3,1,1171,3,1,34.0421,34.0421,0,0.0000,2,0,10,19,10,0,255,255,20,0,1,1,3,255
11754.7679,1,3,1175,4,3,33.9081,33.9081,0,0.0000,2,0,0,9,10,0,255,255,20,0,0,1,3,255
11754.7679,2,3,1175,4,3,28.2134,28.2134,0,0.0000,2,0,0,9,10,0,255,255,20,0,0,1,3,255
11765.2679,1,3,1176,5,1,33.9081,33.9081,0,0.0000,2,0,20,29,10,0,255,255,20,0,2,1,3,255
11765.2679,2,3,1176,5,1,28.2134,28.2134,0,0.0000,2,0,20,29,10,0,255,255,20,0,2,1,3,255
11810.5179,1,2,1181,0,2,36.6875,36.6875,0,0.0000,2,0,0,9,10,0,255,255,20,0,0,1,3,255
11810.5179,3,2,1181,0,2,28.7176,28.7176,0,0.0000,2,0,0,9,10,0,255,255,20,0,0,1,3,255
11824.2679,1,2,1182,4,1,36.6875,36.6875,0,0.0000,2,0,0,9,10,0,255,255,20,0,0,1,3,255
11824.2679,3,2,1182,4,1,28.7176,28.7176,0,0.0000,2,0,0,9,10,0,255,255,20,0,0,1,3,255
12010.5179,1,2,1201,0,2,36.1518,36.1518,0,0.0000,2,0,0,9,10,0,255,255,20,0,0,1,3,255
12010.5179,3,2,1201,0,2,43.9468,43.9468,0,0.0000,2,0,0,9,10,0,255,255,20,0,0,1,3,255
12011.0179,2,1,1201,1,0,36.1518,36.1518,0,0.0000,2,0,40,49,10,0,255,255,20,0,4,1,3,255
12011.0179,3,1,1201,1,0,33.5867,33.5867,0,0.0000,2,0,40,49,10,0,255,255,20,0,4,1,3,255
12013.2679,2,1,1201,3,1,36.1518,36.1518,0,0.0000,2,0,10,19,10,0,255,255,20,0,1,1,3,255
12013.2679,3,1,1201,3,1,33.5867,33.5867,0,0.0000,2,0,10,19,10,0,255,255,20,0,1,1,3,255
12024.2679,1,2,1202,4,1,36.1518,36.1518,0,0.0000,2,0,0,9,10,0,255,255,20,0,0,1,3,255
12024.2679,3,2,1202,4,1,43.9468,43.9468,0,0.0000,2,0,0,9,10,0,255,255,20,0,0,1,3,255
12073.5179,1,3,1207,3,2,33.5867,33.5867,0,0.0000,2,0,0,9,10,0,255,255,20,0,0,1,3,255
12073.5179,2,3,1207,3,2,43.9983,43.9983,0,0.0000,2,0,0,9,10,0,255,255,20,0,0,1,3,255
12084.5179,1,3,1208,4,2,33.5867,33.5867,0,0.0000,2,0,0,9,10,0,255,255,20,0,0,1,3,255
12084.5179,2,3,1208,4,2,43.9983,43.9983,0,0.0000,2,0,0,9,10,0,255,255,20,0,0,1,3,255
12210.5179,1,2,1221,0,2,35.9359,35.9359,0,0.0000,2,0,0,9,10,0,255,255,20,0,0,1,3,255
12210.5179,3,2,1221,0,2,37.4601,37.4601,0,0.0000,2,0,0,9,10,0,255,255,20,0,0,1,3,255
12224.2679,1,2,1222,4,1,35.9359,35.9359,0,0.0000,2,0,0,9,10,0,255,255,20,0,0,1,3,255
12224.2679,3,2,1222,4,1,37.4601,37.4601,0,0.0000,2,0,0,9,10,0,255,255,20,0,0,1,3,255
12310.5179,1,2,1231,0,2,35.9359,35.9359,0,0.0000,2,0,0,9,10,0,255,255,20,0,0,1,3,255
12310.5179,3,2,1231,0,2,37.4601,37.4601,0,0.0000,2,0,0,9,10,0,255,255,20,0,0,1,3,255
12320.2679,2,1,1232,0,1,35.9359,35.9359,0,0.0000,2,0,10,19,10,0,255,255,20,0,1,1,3,255
12320.2679,3,1,1232,0,1,33.2765,33.2765,0,0.0000,2,0,10,19,10,0,255,255,20,0,1,1,3,255
12324.2679,1,2,1232,4,1,35.9359,35.9359,0,0.0000,2,0,0,9,10,0,255,255,20,0,0,1,3,255
12324.2679,3,2,1232,4,1,37.4601,37.4601,0,0.0000,2,0,0,9,10,0,255,255,20,0,0,1,3,255
12326.0179,2,1,1232,6,0,35.9359,35.9359,0,0.0000,2,0,40,49,10,0,255,255,20,0,4,1,3,255
12326.0179,3,1,1232,6,0,33.2765,33.2765,0,0.0000,2,0,40,49,10,0,255,255,20,0,4,1,3,255
12373.5179,1,3,1237,3,2,32.9768,32.9768,0,0.0000,2,0,0,9,10,0,255,255,20,0,0,1,3,255
12373.5179,2,3,1237,3,2,37.2035,37.2035,0,0.0000,2,0,0,9,10,0,255,255,20,0,0,1,3,255
12384.5179,1,3,1238,4,2,32.9768,32.9768,0,0.0000,2,0,0,9,10,0,255,255,20,0,0,1,3,255
12384.5179,2,3,1238,4,2,37.2035,37.2035,0,0.0000,2,0,0,9,10,0,255,255,20,0,0,1,3,255
12409.7679,1,2,1240,9,3,35.4177,35.4177,0,0.0000,2,0,30,39,10,0,255,255,20,0,3,1,3,255
12409.7679,3,2,1240,9,3,37.2017,37.2017,0,0.0000,2,0,30,39,10,0,255,255,20,0,3,1,3,255
12421.0179,1,2,1242,1,0,35.4177,35.4177,0,0.0000,2,0,10,19,10,0,255,255,20,0,1,1,3,255
12421.0179,3,2,1242,1,0,37.2017,37.2017,0,0.0000,2,0,10,19,10,0,255,255,20,0,1,1,3,255
12509.7679,1,2,1250,9,3,35.4177,35.4177,0,0.0000,2,0,30,39,10,0,255,255,20,0,3,1,3,255
12509.7679,3,2,1250,9,3,37.2017,37.2017,0,0.0000,2,0,30,39,10,0,255,255,20,0,3,1,3,255
12521.0179,1,2,1252,1,0,35.4177,35.4177,0,0.0000,2,0,10,19,10,0,255,255,20,0,1,1,3,255
12521.0179,3,2,1252,1,0,37.2017,37.2017,0,0.0000,2,0,10,19,10,0,255,255,20,0,1,1,3,255
12609.7679,1,2,1260,9,3,35.2120,35.2120,0,0.0000,2,0,30,39,10,0,255,255,20,0,3,1,3,255
12609.7679,3,2,1260,9,3,36.0940,36.0940,0,0.0000,2,0,30,39,10,0,255,255,20,0,3,1,3,255
12620.2679,2,1,1262,0,1,35.2120,35.2120,0,0.0000,2,0,10,19,10,0,255,255,20,0,1,1,3,255
12620.2679,3,1,1262,0,1,32.6869,32.6869,0,0.0000,2,0,10,19,10,0,255,255,20,0,1,1,3,255
12621.0179,1,2,1262,1,0,35.2120,35.2120,0,0.0000,2,0,10,19,10,0,255,255,20,0,1,1,3,255
12621.0179,3,2,1262,1,0,36.0940,36.0940,0,0.0000,2,0,10,19,10,0,255,255,20,0,1,1,3,255
12626.0179,2,1,1262,6,0,35.2120,35.2120,0,0.0000,2,0,40,49,10,0,255,255,20,0,4,1,3,255
12626.0179,3,1,1262,6,0,32.6869,32.6869,0,0.0000,2,0,40,49,10,0,255,255,20,0,4,1,3,255
12673.5179,1,3,1267,3,2,32.6869,32.6869,0,0.0000,2,0,0,9,10,0,255,255,20,0,0,1,3,255
12673.5179,2,3,1267,3,2,36.0959,36.0959,0,0.0000,2,0,0,9,10,0,255,255,20,0,0,1,3,255
12684.5179,1,3,1268,4,2,32.6869,32.6869,0,0.0000,2,0,0,9,10,0,255,255,20,0,0,1,3,255
12684.5179,2,3,1268,4,2,36.0959,36.0959,0,0.0000,2,0,0,9,10,0,255,255,20,0,0,1,3,255
12709.7679,1,2,1270,9,3,35.2120,35.2120,0,0.0000,2,0,30,39,10,0,255,255,20,0,3,1,3,255
12709.7679,3,2,1270,9,3,36.0940,36.0940,0,0.0000,2,0,30,39,10,0,255,255,20,0,3,1,3,255
12721.0179,1,2,1272,1,0,35.2120,35.2120,0,0.0000,2,0,10,19,10,0,255,255,20,0,1,1,3,255
12721.0179,3,2,1272,1,0,36.0940,36.0940,0,0.0000,2,0,10,19,10,0,255,255,20,0,1,1,3,255
12809.7679,1,2,1280,9,3,34.7725,34.7725,0,0.0000,2,0,30,39,10,0,255,255,20,0,3,1,3,255
12809.7679,3,2,1280,9,3,35.9284,35.9284,0,0.0000,2,0,30,39,10,0,255,255,20,0,3,1,3,255
12821.0179,1,2,1282,1,0,34.7725,34.7725,0,0.0000,2,0,10,19,10,0,255,255,20,0,1,1,3,255
12821.0179,3,2,1282,1,0,35.9284,35.9284,0,0.0000,2,0,10,19,10,0,255,255,20,0,1,1,3,255
12909.7679,1,2,1290,9,3,34.7725,34.7725,0,0.0000,2,0,30,39,10,0,255,255,20,0,3,1,3,255
12909.7679,3,2,1290,9,3,35.9284,35.9284,0,0.0000,2,0,30,39,10,0,255,255,20,0,3,1,3,255
12920.2679,2,1,1292,0,1,34.7725,34.7725,0,0.0000,2,0,10,19,10,0,255,255,20,0,1,1,3,255
12920.2679,3,1,1292,0,1,32.4061,32.4061,0,0.0000,2,0,10,19,10,0,255,255,20,0,1,1,3,255
12921.0179,1,2,1292,1,0,34.7725,34.7725,0,0.0000,2,0,10,19,10,0,255,255,20,0,1,1,3,255
12921.0179,3,2,1292,1,0,35.9284,35.9284,0,0.0000,2,0,10,19,10,0,255,255,20,0,1,1,3,255
12926.0179,2,1,1292,6,0,34.7725,34.7725,0,0.0000,2,0,40,49,10,0,255,255,20,0,4,1,3,255
12926.0179,3,1,1292,6,0,32.4061,32.4061,0,0.0000,2,0,40,49,10,0,255,255,20,0,4,1,3,255
12973.5179,1,3,1297,3,2,32.4061,32.4061,0,0.0000,2,0,0,9,10,0,255,255,20,0,0,1,3,255
12973.5179,2,3,1297,3,2,35.9303,35.9303,0,0.0000,2,0,0,9,10,0,255,255,20,0,0,1,3,255
12984.5179,1,3,1298,4,2,32.4061,32.4061,0,0.0000,2,0,0,9,10,0,255,255,20,0,0,1,3,255
12984.5179,2,3,1298,4,2,35.9303,35.9303,0,0.0000,2,0,0,9,10,0,255,255,20,0,0,1,3,255
13009.7679,1,2,1300,9,3,34.5771,34.5771,0,0.0000,2,0,30,39,10,0,255,255,20,0,3,1,3,255
13009.7679,3,2,1300,9,3,35.9284,35.9284,0,0.0000,2,0,30,39,10,0,255,255,20,0,3,1,3,255
13021.0179,1,2,1302,1,0,34.5771,34.5771,0,0.0000,2,0,10,19,10,0,255,255,20,0,1,1,3,255
13021.0179,3,2,1302,1,0,35.9284,35.9284,0,0.0000,2,0,10,19,10,0,255,255,20,0,1,1,3,255
13109.7679,1,2,1310,9,3,34.3987,34.3987,0,0.0000,2,0,30,39,10,0,255,255,20,0,3,1,3,255
13109.7679,3,2,1310,9,3,16.4764,16.4764,0,0.0000,2,0,30,39,10,0,255,255,20,0,3,1,3,255
13121.0179,1,2,1312,1,0,34.3987,34.3987,0,0.0000,2,0,10,19,10,0,255,255,20,0,1,1,3,255
13121.0179,3,2,1312,1,0,16.4764,16.4764,0,0.0000,2,0,10,19,10,0,255,255,20,0,1,1,3,255
13204.0179,1,2,1320,4,0,34.2116,34.2116,0,0.0000,2,0,0,9,10,0,255,255,20,0,0,1,3,255
13204.0179,3,2,1320,4,0,16.4764,16.4764,0,0.0000,2,0,0,9,10,0,255,255,20,0,0,1,3,255
13215.5179,1,2,1321,5,2,34.2116,34.2116,0,0.0000,2,0,30,39,10,0,255,255,20,0,3,1,3,255
13215.5179,3,2,1321,5,2,16.4764,16.4764,0,0.0000,2,0,30,39,10,0,255,255,20,0,3,1,3,255
13220.2679,2,1,1322,0,1,34.2116,34.2116,0,0.0000,2,0,10,19,10,0,255,255,20,0,1,1,3,255
13220.2679,3,1,1322,0,1,32.0192,32.0192,0,0.0000,2,0,10,19,10,0,255,255,20,0,1,1,3,255
13226.0179,2,1,1322,6,0,34.2116,34.2116,0,0.0000,2,0,40,49,10,0,255,255,20,0,4,1,3,255
13226.0179,3,1,1322,6,0,32.0192,32.0192,0,0.0000,2,0,40,49,10,0,255,255,20,0,4,1,3,255
13270.5179,1,3,1327,0,2,31.8701,31.8701,0,0.0000,2,0,10,19,10,0,255,255,20,0,1,1,3,255
13270.5179,2,3,1327,0,2,19.9214,19.9214,0,0.0000,2,0,10,19,10,0,255,255,20,0,1,1,3,255
13273.2679,1,3,1327,3,1,31.8701,31.8701,0,0.0000,2,0,20,29,10,0,255,255,20,0,2,1,3,255
13273.2679,2,3,1327,3,1,19.9214,19.9214,0,0.0000,2,0,20,29,10,0,255,255,20,0,2,1,3,255
13304.0179,1,2,1330,4,0,34.2116,34.2116,0,0.0000,2,0,0,9,10,0,255,255,20,0,0,1,3,255
13304.0179,3,2,1330,4,0,19.9291,19.9291,0,0.0000,2,0,0,9,10,0,255,255,20,0,0,1,3,255
13315.5179,1,2,1331,5,2,34.2116,34.2116,0,0.0000,2,0,30,39,10,0,255,255,20,0,3,1,3,255
13315.5179,3,2,1331,5,2,19.9291,19.9291,0,0.0000,2,0,30,39,10,0,255,255,20,0,3,1,3,255
13404.0179,1,2,1340,4,0,34.0444,34.0444,0,0.0000,2,0,0,9,10,0,255,255,20,0,0,1,3,255
13404.0179,3,2,1340,4,0,16.6437,16.6437,0,0.0000,2,0,0,9,10,0,255,255,20,0,0,1,3,255
13415.5179,1,2,1341,5,2,33.8647,33.8647,0,0.0000,2,0,30,39,10,0,255,255,20,0,3,1,3,255
13415.5179,3,2,1341,5,2,16.6436,16.6436,0,0.0000,2,0,30,39,10,0,255,255,20,0,3,1,3,255
13512.7679,2,1,1351,2,3,33.8647,33.8647,0,0.0000,2,0,30,39,10,0,255,255,20,0,3,1,3,255
13512.7679,3,1,1351,2,3,31.6138,31.6138,0,0.0000,2,0,30,39,10,0,255,255,20,0,3,1,3,255
13518.5179,2,1,1351,8,2,33.8647,33.8647,0,0.0000,2,0,10,19,10,0,255,255,20,0,1,1,3,255
13518.5179,3,1,1351,8,2,31.6138,31.6138,0,0.0000,2,0,10,19,10,0,255,255,20,0,1,1,3,255
13570.5179,1,3,1357,0,2,31.6138,31.6138,0,0.0000,2,0,10,19,10,0,255,255,20,0,1,1,3,255
13570.5179,2,3,1357,0,2,20.1526,20.1526,0,0.0000,2,0,10,19,10,0,255,255,20,0,1,1,3,255
13573.2679,1,3,1357,3,1,31.6138,31.6138,0,0.0000,2,0,20,29,10,0,255,255,20,0,2,1,3,255
13573.2679,2,3,1357,3,1,20.1526,20.1526,0,0.0000,2,0,20,29,10,0,255,255,20,0,2,1,3,255
13612.7679,2,1,1361,2,3,33.8647,33.8647,0,0.0000,2,0,30,39,10,0,255,255,20,0,3,1,3,255
13612.7679,3,1,1361,2,3,31.6138,31.6138,0,0.0000,2,0,30,39,10,0,255,255,20,0,3,1,3,255
13618.5179,2,1,1361,8,2,33.8647,33.8647,0,0.0000,2,0,10,19,10,0,255,255,20,0,1,1,3,255
13618.5179,3,1,1361,8,2,31.6138,31.6138,0,0.0000,2,0,10,19,10,0,255,255,20,0,1,1,3,255
13706.7679,1,2,1370,6,3,33.6817,33.6817,0,0.0000,2,0,30,39,10,0,255,255,20,0,3,1,3,255
13706.7679,3,2,1370,6,3,20.1601,20.1601,0,0.0000,2,0,30,39,10,0,255,255,20,0,3,1,3,255
13712.7679,2,1,1371,2,3,33.6817,33.6817,0,0.0000,2,0,30,39,10,0,255,255,20,0,3,1,3,255
13712.7679,3,1,1371,2,3,31.5016,31.5016,0,0.0000,2,0,30,39,10,0,255,255,20,0,3,1,3,255
13716.2679,1,2,1371,6,1,33.6817,33.6817,0,0.0000,2,0,0,9,10,0,255,255,20,0,0,1,3,255
13716.2679,3,2,1371,6,1,20.1601,20.1601,0,0.0000,2,0,0,9,10,0,255,255,20,0,0,1,3,255
13718.5179,2,1,1371,8,2,33.6817,33.6817,0,0.0000,2,0,10,19,10,0,255,255,20,0,1,1,3,255
13718.5179,3,1,1371,8,2,31.5016,31.5016,0,0.0000,2,0,10,19,10,0,255,255,20,0,1,1,3,255
13812.7679,2,1,1381,2,3,33.5412,33.5412,0,0.0000,2,0,30,39,10,0,255,255,20,0,3,1,3,255
13812.7679,3,1,1381,2,3,31.3618,31.3618,0,0.0000,2,0,30,39,10,0,255,255,20,0,3,1,3,255
13818.5179,2,1,1381,8,2,33.5412,33.5412,0,0.0000,2,0,10,19,10,0,255,255,20,0,1,1,3,255
13818.5179,3,1,1381,8,2,31.3618,31.3618,0,0.0000,2,0,10,19,10,0,255,255,20,0,1,1,3,255
13870.5179,1,3,1387,0,2,31.2558,31.2558,0,0.0000,2,0,10,19,10,0,255,255,20,0,1,1,3,255
13870.5179,2,3,1387,0,2,23.0197,23.0197,0,0.0000,2,0,10,19,10,0,255,255,20,0,1,1,3,255
13873.2679,1,3,1387,3,1,31.2558,31.2558,0,0.0000,2,0,20,29,10,0,255,255,20,0,2,1,3,255
13873.2679,2,3,1387,3,1,23.0197,23.0197,0,0.0000,2,0,20,29,10,0,255,255,20,0,2,1,3,255
13912.7679,2,1,1391,2,3,33.3708,33.3708,0,0.0000,2,0,30,39,10,0,255,255,20,0,3,1,3,255
13912.7679,3,1,1391,2,3,31.2558,31.2558,0,0.0000,2,0,30,39,10,0,255,255,20,0,3,1,3,255
13918.5179,2,1,1391,8,2,33.3708,33.3708,0,0.0000,2,0,10,19,10,0,255,255,20,0,1,1,3,255
13918.5179,3,1,1391,8,2,31.2558,31.2558,0,0.0000,2,0,10,19,10,0,255,255,20,0,1,1,3,255
14006.7679,1,2,1400,6,3,33.3708,33.3708,0,0.0000,2,0,30,39,10,0,255,255,20,0,3,1,3,255
14006.7679,3,2,1400,6,3,25.5783,25.5783,0,0.0000,2,0,30,39,10,0,255,255,20,0,3,1,3,255
14012.7679,2,1,1401,2,3,33.3708,33.3708,0,0.0000,2,0,30,39,10,0,255,255,20,0,3,1,3,255
14012.7679,3,1,1401,2,3,31.1202,31.1202,0,0.0000,2,0,30,39,10,0,255,255,20,0,3,1,3,255
14016.2679,1,2,1401,6,1,33.3708,33.3708,0,0.0000,2,0,0,9,10,0,255,255,20,0,0,1,3,255
14016.2679,3,2,1401,6,1,25.5783,25.5783,0,0.0000,2,0,0,9,10,0,255,255,20,0,0,1,3,255
14018.5179,2,1,1401,8,2,33.3708,33.3708,0,0.0000,2,0,10,19,10,0,255,255,20,0,1,1,3,255
14018.5179,3,1,1401,8,2,31.1202,31.1202,0,0.0000,2,0,10,19,10,0,255,255,20,0,1,1,3,255
14111.0179,2,1,1411,1,0,33.2355,33.2355,0,0.0000,2,0,30,39,10,0,255,255,20,0,3,1,3,255
14111.0179,3,1,1411,1,0,31.1202,31.1202,0,0.0000,2,0,30,39,10,0,255,255,20,0,3,1,3,255
14124.5179,2,1,1412,4,2,33.0668,33.0668,0,0.0000,2,0,30,39,10,0,255,255,20,0,3,1,3,255
14124.5179,3,1,1412,4,2,31.0137,31.0137,0,0.0000,2,0,30,39,10,0,255,255,20,0,3,1,3,255
14161.7679,1,3,1416,1,3,31.0137,31.0137,0,0.0000,2,0,20,29,10,0,255,255,20,0,2,1,3,255
14161.7679,2,3,1416,1,3,33.8258,33.8258,0,0.0000,2,0,20,29,10,0,255,255,20,0,2,1,3,255
14176.2679,1,3,1417,6,1,31.0137,31.0137,0,0.0000,2,0,40,49,10,0,255,255,20,0,4,1,3,255
14176.2679,2,3,1417,6,1,33.8258,33.8258,0,0.0000,2,0,40,49,10,0,255,255,20,0,4,1,3,255
14211.0179,2,1,1421,1,0,33.0668,33.0668,0,0.0000,2,0,30,39,10,0,255,255,20,0,3,1,3,255
14211.0179,3,1,1421,1,0,30.8821,30.8821,0,0.0000,2,0,30,39,10,0,255,255,20,0,3,1,3,255
14224.5179,2,1,1422,4,2,33.0668,33.0668,0,0.0000,2,0,30,39,10,0,255,255,20,0,3,1,3,255
14224.5179,3,1,1422,4,2,30.8821,30.8821,0,0.0000,2,0,30,39,10,0,255,255,20,0,3,1,3,255
14306.7679,1,2,1430,6,3,33.0668,33.0668,0,0.0000,2,0,30,39,10,0,255,255,20,0,3,1,3,255
14306.7679,3,2,1430,6,3,41.0553,41.0553,0,0.0000,2,0,30,39,10,0,255,255,20,0,3,1,3,255
14311.0179,2,1,1431,1,0,33.0668,33.0668,0,0.0000,2,0,30,39,10,0,255,255,20,0,3,1,3,255
14311.0179,3,1,1431,1,0,30.8821,30.8821,0,0.0000,2,0,30,39,10,0,255,255,20,0,3,1,3,255
14316.2679,1,2,1431,6,1,33.0668,33.0668,0,0.0000,2,0,0,9,10,0,255,255,20,0,0,1,3,255
14316.2679,3,2,1431,6,1,41.0553,41.0553,0,0.0000,2,0,0,9,10,0,255,255,20,0,0,1,3,255
14324.5179,2,1,1432,4,2,33.0668,33.0668,0,0.0000,2,0,30,39,10,0,255,255,20,0,3,1,3,255
14324.5179,3,1,1432,4,2,30.8821,30.8821,0,0.0000,2,0,30,39,10,0,255,255,20,0,3,1,3,255
14411.0179,2,1,1441,1,0,32.7736,32.7736,0,0.0000,2,0,30,39,10,0,255,255,20,0,3,1,3,255
14411.0179,3,1,1441,1,0,30.6512,30.6512,0,0.0000,2,0,30,39,10,0,255,255,20,0,3,1,3,255
14424.5179,2,1,1442,4,2,32.7736,32.7736,0,0.0000,2,0,30,39,10,0,255,255,20,0,3,1,3,255
14424.5179,3,1,1442,4,2,30.6512,30.6512,0,0.0000,2,0,30,39,10,0,255,255,20,0,3,1,3,255
14461.7679,1,3,1446,1,3,30.6512,30.6512,0,0.0000,2,0,20,29,10,0,255,255,20,0,2,1,3,255
14461.7679,2,3,1446,1,3,34.0131,34.0131,0,0.0000,2,0,20,29,10,0,255,255,20,0,2,1,3,255
14476.2679,1,3,1447,6,1,30.6512,30.6512,0,0.0000,2,0,40,49,10,0,255,255,20,0,4,1,3,255
14476.2679,2,3,1447,6,1,34.0131,34.0131,0,0.0000,2,0,40,49,10,0,255,255,20,0,4,1,3,255
14511.0179,2,1,1451,1,0,32.7736,32.7736,0,0.0000,2,0,30,39,10,0,255,255,20,0,3,1,3,255
14511.0179,3,1,1451,1,0,30.6512,30.6512,0,0.0000,2,0,30,39,10,0,255,255,20,0,3,1,3,255
14524.5179,2,1,1452,4,2,32.7736,32.7736,0,0.0000,2,0,30,39,10,0,255,255,20,0,3,1,3,255
14524.5179,3,1,1452,4,2,30.6512,30.6512,0,0.0000,2,0,30,39,10,0,255,255,20,0,3,1,3,255
14602.5179,1,2,1460,2,2,32.7736,32.7736,0,0.0000,2,0,40,49,10,0,255,255,20,0,4,1,3,255
14602.5179,3,2,1460,2,2,34.0819,34.0819,0,0.0000,2,0,40,49,10,0,255,255,20,0,4,1,3,255
14606.0179,1,2,1460,6,0,32.7736,32.7736,0,0.0000,2,0,30,39,10,0,255,255,20,0,3,1,3,255
14606.0179,3,2,1460,6,0,34.0819,34.0819,0,0.0000,2,0,30,39,10,0,255,255,20,0,3,1,3,255
14611.0179,2,1,1461,1,0,32.7736,32.7736,0,0.0000,2,0,30,39,10,0,255,255,20,0,3,1,3,255
14611.0179,3,1,1461,1,0,30.6512,30.6512,0,0.0000,2,0,30,39,10,0,255,255,20,0,3,1,3,255
14624.5179,2,1,1462,4,2,32.7736,32.7736,0,0.0000,2,0,30,39,10,0,255,255,20,0,3,1,3,255
14624.5179,3,1,1462,4,2,30.6512,30.6512,0,0.0000,2,0,30,39,10,0,255,255,20,0,3,1,3,255
14711.0179,2,1,1471,1,0,32.6461,32.6461,0,0.0000,2,0,30,39,10,0,255,255,20,0,3,1,3,255
14711.0179,3,1,1471,1,0,30.5242,30.5242,0,0.0000,2,0,30,39,10,0,255,255,20,0,3,1,3,255
14724.5179,2,1,1472,4,2,32.6461,32.6461,0,0.0000,2,0,30,39,10,0,255,255,20,0,3,1,3,255
14724.5179,3,1,1472,4,2,30.5242,30.5242,0,0.0000,2,0,30,39,10,0,255,255,20,0,3,1,3,255
14761.7679,1,3,1476,1,3,30.4283,30.4283,0,0.0000,2,0,20,29,10,0,255,255,20,0,2,1,3,255
14761.7679,2,3,1476,1,3,33.9100,33.9100,0,0.0000,2,0,20,29,10,0,255,255,20,0,2,1,3,255
14776.2679,1,3,1477,6,1,30.4283,30.4283,0,0.0000,2,0,40,49,10,0,255,255,20,0,4,1,3,255
14776.2679,2,3,1477,6,1,33.9100,33.9100,0,0.0000,2,0,40,49,10,0,255,255,20,0,4,1,3,255
14811.0179,2,1,1481,1,0,32.4938,32.4938,0,0.0000,2,0,30,39,10,0,255,255,20,0,3,1,3,255
14811.0179,3,1,1481,1,0,30.4283,30.4283,0,0.0000,2,0,30,39,10,0,255,255,20,0,3,1,3,255
14824.5179,2,1,1482,4,2,32.4938,32.4938,0,0.0000,2,0,30,39,10,0,255,255,20,0,3,1,3,255
14824.5179,3,1,1482,4,2,30.4283,30.4283,0,0.0000,2,0,30,39,10,0,255,255,20,0,3,1,3,255
14857.7679,1,3,1485,7,3,30.4283,30.4283,0,0.0000,2,0,0,9,10,0,255,255,20,0,0,1,3,255
14857.7679,2,3,1485,7,3,33.9100,33.9100,0,0.0000,2,0,0,9,10,0,255,255,20,0,0,1,3,255
14862.2679,1,3,1486,2,1,30.4283,30.4283,0,0.0000,2,0,30,39,10,0,255,255,20,0,3,1,3,255
14862.2679,2,3,1486,2,1,33.9100,33.9100,0,0.0000,2,0,30,39,10,0,255,255,20,0,3,1,3,255
14902.5179,1,2,1490,2,2,32.4938,32.4938,0,0.0000,2,0,40,49,10,0,255,255,20,0,4,1,3,255
14902.5179,3,2,1490,2,2,33.9104,33.9104,0,0.0000,2,0,40,49,10,0,255,255,20,0,4,1,3,255
14906.0179,1,2,1490,6,0,32.4938,32.4938,0,0.0000,2,0,30,39,10,0,255,255,20,0,3,1,3,255
14906.0179,3,2,1490,6,0,33.9104,33.9104,0,0.0000,2,0,30,39,10,0,255,255,20,0,3,1,3,255
14911.0179,2,1,1491,1,0,32.4938,32.4938,0,0.0000,2,0,30,39,10,0,255,255,20,0,3,1,3,255
14911.0179,3,1,1491,1,0,30.4283,30.4283,0,0.0000,2,0,30,39,10,0,255,255,20,0,3,1,3,255
14924.5179,2,1,1492,4,2,32.4938,32.4938,0,0.0000,2,0,30,39,10,0,255,255,20,0,3,1,3,255
14924.5179,3,1,1492,4,2,30.4283,30.4283,0,0.0000,2,0,30,39,10,0,255,255,20,0,3,1,3,255
14957.7679,1,3,1495,7,3,30.4283,30.4283,0,0.0000,2,0,0,9,10,0,255,255,20,0,0,1,3,255
14957.7679,2,3,1495,7,3,33.9100,33.9100,0,0.0000,2,0,0,9,10,0,255,255,20,0,0,1,3,255
14962.2679,1,3,1496,2,1,30.4283,30.4283,0,0.0000,2,0,30,39,10,0,255,255,20,0,3,1,3,255
14962.2679,2,3,1496,2,1,33.9100,33.9100,0,0.0000,2,0,30,39,10,0,255,255,20,0,3,1,3,255
15009.2679,2,1,1500,9,1,32.3717,32.3717,0,0.0000,2,0,30,39,10,0,255,255,20,0,3,1,3,255
15009.2679,3,1,1500,9,1,30.3524,30.3524,0,0.0000,2,0,30,39,10,0,255,255,20,0,3,1,3,255
15016.0179,2,1,1501,6,0,32.3717,32.3717,0,0.0000,2,0,0,9,10,0,255,255,20,0,0,1,3,255
15016.0179,3,1,1501,6,0,30.3524,30.3524,0,0.0000,2,0,0,9,10,0,255,255,20,0,0,1,3,255
15057.7679,1,3,1505,7,3,30.3524,30.3524,0,0.0000,2,0,0,9,10,0,255,255,20,0,0,1,3,255
15057.7679,2,3,1505,7,3,20.4442,20.4442,0,0.0000,2,0,0,9,10,0,255,255,20,0,0,1,3,255
15062.2679,1,3,1506,2,1,30.3524,30.3524,0,0.0000,2,0,30,39,10,0,255,255,20,0,3,1,3,255
15062.2679,2,3,1506,2,1,20.4442,20.4442,0,0.0000,2,0,30,39,10,0,255,255,20,0,3,1,3,255
15109.2679,2,1,1510,9,1,32.3717,32.3717,0,0.0000,2,0,30,39,10,0,255,255,20,0,3,1,3,255
15109.2679,3,1,1510,9,1,30.3524,30.3524,0,0.0000,2,0,30,39,10,0,255,255,20,0,3,1,3,255
15116.0179,2,1,1511,6,0,32.3717,32.3717,0,0.0000,2,0,0,9,10,0,255,255,20,0,0,1,3,255
15116.0179,3,1,1511,6,0,30.3524,30.3524,0,0.0000,2,0,0,9,10,0,255,255,20,0,0,1,3,255
15157.7679,1,3,1515,7,3,30.2593,30.2593,0,0.0000,2,0,0,9,10,0,255,255,20,0,0,1,3,255
15157.7679,2,3,1515,7,3,20.3155,20.3155,0,0.0000,2,0,0,9,10,0,255,255,20,0,0,1,3,255
15162.2679,1,3,1516,2,1,30.2593,30.2593,0,0.0000,2,0,30,39,10,0,255,255,20,0,3,1,3,255
15162.2679,2,3,1516,2,1,20.3155,20.3155,0,0.0000,2,0,30,39,10,0,255,255,20,0,3,1,3,255
15202.5179,1,2,1520,2,2,32.2245,32.2245,0,0.0000,2,0,40,49,10,0,255,255,20,0,4,1,3,255
15202.5179,3,2,1520,2,2,19.6427,19.6427,0,0.0000,2,0,40,49,10,0,255,255,20,0,4,1,3,255
15206.0179,1,2,1520,6,0,32.2245,32.2245,0,0.0000,2,0,30,39,10,0,255,255,20,0,3,1,3,255
15206.0179,3,2,1520,6,0,19.6427,19.6427,0,0.0000,2,0,30,39,10,0,255,255,20,0,3,1,3,255
15209.2679,2,1,1520,9,1,32.2245,32.2245,0,0.0000,2,0,30,39,10,0,255,255,20,0,3,1,3,255
15209.2679,3,1,1520,9,1,30.2593,30.2593,0,0.0000,2,0,30,39,10,0,255,255,20,0,3,1,3,255
15216.0179,2,1,1521,6,0,32.2245,32.2245,0,0.0000,2,0,0,9,10,0,255,255,20,0,0,1,3,255
15216.0179,3,1,1521,6,0,30.2696,30.2696,0,0.0000,2,0,0,9,10,0,255,255,20,0,0,1,3,255
15257.7679,1,3,1525,7,3,30.2696,30.2696,0,0.0000,2,0,0,9,10,0,255,255,20,0,0,1,3,255
15257.7679,2,3,1525,7,3,33.8218,33.8218,0,0.0000,2,0,0,9,10,0,255,255,20,0,0,1,3,255
15262.2679,1,3,1526,2,1,30.2696,30.2696,0,0.0000,2,0,30,39,10,0,255,255,20,0,3,1,3,255
15262.2679,2,3,1526,2,1,33.4938,33.4938,0,0.0000,2,0,30,39,10,0,255,255,20,0,3,1,3,255
15309.2679,2,1,1530,9,1,32.1044,32.1044,0,0.0000,2,0,30,39,10,0,255,255,20,0,3,1,3,255
15309.2679,3,1,1530,9,1,30.2696,30.2696,0,0.0000,2,0,30,39,10,0,255,255,20,0,3,1,3,255
15316.0179,2,1,1531,6,0,32.1044,32.1044,0,0.0000,2,0,0,9,10,0,255,255,20,0,0,1,3,255
15316.0179,3,1,1531,6,0,30.2696,30.2696,0,0.0000,2,0,0,9,10,0,255,255,20,0,0,1,3,255
15357.7679,1,3,1535,7,3,30.2696,30.2696,0,0.0000,2,0,0,9,10,0,255,255,20,0,0,1,3,255
15357.7679,2,3,1535,7,3,33.4938,33.4938,0,0.0000,2,0,0,9,10,0,255,255,20,0,0,1,3,255
15362.2679,1,3,1536,2,1,30.2696,30.2696,0,0.0000,2,0,30,39,10,0,255,255,20,0,3,1,3,255
15362.2679,2,3,1536,2,1,33.4938,33.4938,0,0.0000,2,0,30,39,10,0,255,255,20,0,3,1,3,255
15409.2679,2,1,1540,9,1,32.1044,32.1044,0,0.0000,2,0,30,39,10,0,255,255,20,0,3,1,3,255
15409.2679,3,1,1540,9,1,30.2696,30.2696,0,0.0000,2,0,30,39,10,0,255,255,20,0,3,1,3,255
15416.0179,2,1,1541,6,0,32.1044,32.1044,0,0.0000,2,0,0,9,10,0,255,255,20,0,0,1,3,255
15416.0179,3,1,1541,6,0,30.2696,30.2696,0,0.0000,2,0,0,9,10,0,255,255,20,0,0,1,3,255
15467.0179,1,3,1546,7,0,30.2773,30.2773,0,0.0000,2,0,0,9,10,0,255,255,20,0,0,1,3,255
15467.0179,2,3,1546,7,0,32.7957,32.7957,0,0.0000,2,0,0,9,10,0,255,255,20,0,0,1,3,255
15480.5179,1,3,1548,0,2,30.2773,30.2773,0,0.0000,2,0,30,39,10,0,255,255,20,0,3,1,3,255
15480.5179,2,3,1548,0,2,32.7957,32.7957,0,0.0000,2,0,30,39,10,0,255,255,20,0,3,1,3,255
15509.2679,2,1,1550,9,1,32.1044,32.1044,0,0.0000,2,0,30,39,10,0,255,255,20,0,3,1,3,255
15509.2679,3,1,1550,9,1,30.2773,30.2773,0,0.0000,2,0,30,39,10,0,255,255,20,0,3,1,3,255
15516.0179,2,1,1551,6,0,32.1044,32.1044,0,0.0000,2,0,0,9,10,0,255,255,20,0,0,1,3,255
15516.0179,3,1,1551,6,0,30.2773,30.2773,0,0.0000,2,0,0,9,10,0,255,255,20,0,0,1,3,255
15517.7679,1,2,1551,7,3,32.1044,32.1044,0,0.0000,2,0,0,9,10,0,255,255,20,0,0,1,3,255
15517.7679,3,2,1551,7,3,32.7967,32.7967,0,0.0000,2,0,0,9,10,0,255,255,20,0,0,1,3,255
15527.7679,1,2,1552,7,3,31.9830,31.9830,0,0.0000,2,0,40,49,10,0,255,255,20,0,4,1,3,255
15527.7679,3,2,1552,7,3,35.1830,35.1830,0,0.0000,2,0,40,49,10,0,255,255,20,0,4,1,3,255
15609.2679,2,1,1560,9,1,31.9830,31.9830,0,0.0000,2,0,30,39,10,0,255,255,20,0,3,1,3,255
15609.2679,3,1,1560,9,1,30.2773,30.2773,0,0.0000,2,0,30,39,10,0,255,255,20,0,3,1,3,255
15616.0179,2,1,1561,6,0,31.9830,31.9830,0,0.0000,2,0,0,9,10,0,255,255,20,0,0,1,3,255
15616.0179,3,1,1561,6,0,30.2773,30.2773,0,0.0000,2,0,0,9,10,0,255,255,20,0,0,1,3,255
15709.2679,2,1,1570,9,1,31.8567,31.8567,0,0.0000,2,0,30,39,10,0,255,255,20,0,3,1,3,255
15709.2679,3,1,1570,9,1,30.2067,30.2067,0,0.0000,2,0,30,39,10,0,255,255,20,0,3,1,3,255
15716.0179,2,1,1571,6,0,31.8567,31.8567,0,0.0000,2,0,0,9,10,0,255,255,20,0,0,1,3,255
15716.0179,3,1,1571,6,0,30.2067,30.2067,0,0.0000,2,0,0,9,10,0,255,255,20,0,0,1,3,255
15767.0179,1,3,1576,7,0,30.2067,30.2067,0,0.0000,2,0,0,9,10,0,255,255,20,0,0,1,3,255
15767.0179,2,3,1576,7,0,32.0956,32.0956,0,0.0000,2,0,0,9,10,0,255,255,20,0,0,1,3,255
15780.5179,1,3,1578,0,2,30.2067,30.2067,0,0.0000,2,0,30,39,10,0,255,255,20,0,3,1,3,255
15780.5179,2,3,1578,0,2,33.7760,33.7760,0,0.0000,2,0,30,39,10,0,255,255,20,0,3,1,3,255
15817.7679,1,2,1581,7,3,31.7384,31.7384,0,0.0000,2,0,0,9,10,0,255,255,20,0,0,1,3,255
15817.7679,3,2,1581,7,3,33.7165,33.7165,0,0.0000,2,0,0,9,10,0,255,255,20,0,0,1,3,255
15827.7679,1,2,1582,7,3,31.7384,31.7384,0,0.0000,2,0,40,49,10,0,255,255,20,0,4,1,3,255
15827.7679,3,2,1582,7,3,33.7165,33.7165,0,0.0000,2,0,40,49,10,0,255,255,20,0,4,1,3,255
16006.2679,2,1,1600,6,1,31.7384,31.7384,0,0.0000,2,0,20,29,10,0,255,255,20,0,2,1,3,255
16006.2679,3,1,1600,6,1,26.5546,26.5546,0,0.0000,2,0,20,29,10,0,255,255,20,0,2,1,3,255
16019.7679,2,1,1601,9,3,31.6201,31.6201,0,0.0000,2,0,40,49,10,0,255,255,20,0,4,1,3,255
16019.7679,3,1,1601,9,3,20.2226,20.2226,0,0.0000,2,0,40,49,10,0,255,255,20,0,4,1,3,255
16067.0179,1,3,1606,7,0,20.2247,20.2247,0,0.0000,2,0,0,9,10,0,255,255,20,0,0,1,3,255
16067.0179,2,3,1606,7,0,33.8743,33.8743,0,0.0000,2,0,0,9,10,0,255,255,20,0,0,1,3,255
16080.5179,1,3,1608,0,2,20.4294,20.4294,0,0.0000,2,0,30,39,10,0,255,255,20,0,3,1,3,255
16080.5179,2,3,1608,0,2,33.9889,33.9889,0,0.0000,2,0,30,39,10,0,255,255,20,0,3,1,3,255
16117.7679,1,2,1611,7,3,31.5447,31.5447,0,0.0000,2,0,0,9,10,0,255,255,20,0,0,1,3,255
16117.7679,3,2,1611,7,3,33.9896,33.9896,0,0.0000,2,0,0,9,10,0,255,255,20,0,0,1,3,255
16127.7679,1,2,1612,7,3,31.5447,31.5447,0,0.0000,2,0,40,49,10,0,255,255,20,0,4,1,3,255
16127.7679,3,2,1612,7,3,33.9896,33.9896,0,0.0000,2,0,40,49,10,0,255,255,20,0,4,1,3,255
16206.2679,2,1,1620,6,1,31.5447,31.5447,0,0.0000,2,0,20,29,10,0,255,255,20,0,2,1,3,255
16206.2679,3,1,1620,6,1,26.5048,26.5048,0,0.0000,2,0,20,29,10,0,255,255,20,0,2,1,3,255
16219.7679,2,1,1621,9,3,31.5447,31.5447,0,0.0000,2,0,40,49,10,0,255,255,20,0,4,1,3,255
16219.7679,3,1,1621,9,3,26.5048,26.5048,0,0.0000,2,0,40,49,10,0,255,255,20,0,4,1,3,255
16363.5179,1,3,1636,3,2,30.1848,30.1848,0,0.0000,2,0,30,39,10,0,255,255,20,0,3,1,3,255
16363.5179,2,3,1636,3,2,34.4924,34.4924,0,0.0000,2,0,30,39,10,0,255,255,20,0,3,1,3,255
16367.7679,1,3,1636,7,3,30.1848,30.1848,0,0.0000,2,0,10,19,10,0,255,255,20,0,1,1,3,255
16367.7679,2,3,1636,7,3,34.4924,34.4924,0,0.0000,2,0,10,19,10,0,255,255,20,0,1,1,3,255
16406.2679,2,1,1640,6,1,31.4303,31.4303,0,0.0000,2,0,20,29,10,0,255,255,20,0,2,1,3,255
16406.2679,3,1,1640,6,1,30.1848,30.1848,0,0.0000,2,0,20,29,10,0,255,255,20,0,2,1,3,255
16413.2679,1,2,1641,3,1,31.4303,31.4303,0,0.0000,2,0,40,49,10,0,255,255,20,0,4,1,3,255
16413.2679,3,2,1641,3,1,34.4994,34.4994,0,0.0000,2,0,40,49,10,0,255,255,20,0,4,1,3,255
16419.7679,2,1,1641,9,3,31.4303,31.4303,0,0.0000,2,0,40,49,10,0,255,255,20,0,4,1,3,255
16419.7679,3,1,1641,9,3,30.1848,30.1848,0,0.0000,2,0,40,49,10,0,255,255,20,0,4,1,3,255
16423.0179,1,2,1642,3,0,31.4303,31.4303,0,0.0000,2,0,10,19,10,0,255,255,20,0,1,1,3,255
16423.0179,3,2,1642,3,0,34.4994,34.4994,0,0.0000,2,0,10,19,10,0,255,255,20,0,1,1,3,255
16506.2679,2,1,1650,6,1,31.3122,31.3122,0,0.0000,2,0,20,29,10,0,255,255,20,0,2,1,3,255
16506.2679,3,1,1650,6,1,30.1848,30.1848,0,0.0000,2,0,20,29,10,0,255,255,20,0,2,1,3,255
16519.7679,2,1,1651,9,3,31.3122,31.3122,0,0.0000,2,0,40,49,10,0,255,255,20,0,4,1,3,255
16519.7679,3,1,1651,9,3,30.1848,30.1848,0,0.0000,2,0,40,49,10,0,255,255,20,0,4,1,3,255
16606.2679,2,1,1660,6,1,31.3122,31.3122,0,0.0000,2,0,20,29,10,0,255,255,20,0,2,1,3,255
16606.2679,3,1,1660,6,1,14.1953,14.1953,0,0.0000,2,0,20,29,10,0,255,255,20,0,2,1,3,255
16619.7679,2,1,1661,9,3,31.3122,31.3122,0,0.0000,2,0,40,49,10,0,255,255,20,0,4,1,3,255
16619.7679,3,1,1661,9,3,14.1953,14.1953,0,0.0000,2,0,40,49,10,0,255,255,20,0,4,1,3,255
16663.5179,1,3,1666,3,2,14.3960,14.3960,0,0.0000,2,0,30,39,10,0,255,255,20,0,3,1,3,255
16663.5179,2,3,1666,3,2,35.1057,35.1057,0,0.0000,2,0,30,39,10,0,255,255,20,0,3,1,3,255
16667.7679,1,3,1666,7,3,14.3960,14.3960,0,0.0000,2,0,10,19,10,0,255,255,20,0,1,1,3,255
16667.7679,2,3,1666,7,3,35.1057,35.1057,0,0.0000,2,0,10,19,10,0,255,255,20,0,1,1,3,255
16706.2679,2,1,1670,6,1,31.2679,31.2679,0,0.0000,2,0,20,29,10,0,255,255,20,0,2,1,3,255
16706.2679,3,1,1670,6,1,14.3959,14.3959,0,0.0000,2,0,20,29,10,0,255,255,20,0,2,1,3,255
16713.2679,1,2,1671,3,1,31.2679,31.2679,0,0.0000,2,0,40,49,10,0,255,255,20,0,4,1,3,255
16713.2679,3,2,1671,3,1,34.8561,34.8561,0,0.0000,2,0,40,49,10,0,255,255,20,0,4,1,3,255
16719.7679,2,1,1671,9,3,31.2679,31.2679,0,0.0000,2,0,40,49,10,0,255,255,20,0,4,1,3,255
16719.7679,3,1,1671,9,3,14.3959,14.3959,0,0.0000,2,0,40,49,10,0,255,255,20,0,4,1,3,255
16723.0179,1,2,1672,3,0,31.2679,31.2679,0,0.0000,2,0,10,19,10,0,255,255,20,0,1,1,3,255
16723.0179,3,2,1672,3,0,34.8561,34.8561,0,0.0000,2,0,10,19,10,0,255,255,20,0,1,1,3,255
16806.2679,2,1,1680,6,1,31.2679,31.2679,0,0.0000,2,0,20,29,10,0,255,255,20,0,2,1,3,255
16806.2679,3,1,1680,6,1,14.3959,14.3959,0,0.0000,2,0,20,29,10,0,255,255,20,0,2,1,3,255
16819.7679,2,1,1681,9,3,31.2679,31.2679,0,0.0000,2,0,40,49,10,0,255,255,20,0,4,1,3,255
16819.7679,3,1,1681,9,3,14.3959,14.3959,0,0.0000,2,0,40,49,10,0,255,255,20,0,4,1,3,255
16906.2679,2,1,1690,6,1,31.2679,31.2679,0,0.0000,2,0,20,29,10,0,255,255,20,0,2,1,3,255
16906.2679,3,1,1690,6,1,14.3936,14.3936,0,0.0000,2,0,20,29,10,0,255,255,20,0,2,1,3,255
16919.7679,2,1,1691,9,3,31.2679,31.2679,0,0.0000,2,0,40,49,10,0,255,255,20,0,4,1,3,255
16919.7679,3,1,1691,9,3,14.3936,14.3936,0,0.0000,2,0,40,49,10,0,255,255,20,0,4,1,3,255
16963.5179,1,3,1696,3,2,14.3937,14.3937,0,0.0000,2,0,30,39,10,0,255,255,20,0,3,1,3,255
16963.5179,2,3,1696,3,2,35.5905,35.5905,0,0.0000,2,0,30,39,10,0,255,255,20,0,3,1,3,255
16967.7679,1,3,1696,7,3,14.3937,14.3937,0,0.0000,2,0,10,19,10,0,255,255,20,0,1,1,3,255
16967.7679,2,3,1696,7,3,35.5905,35.5905,0,0.0000,2,0,10,19,10,0,255,255,20,0,1,1,3,255
17006.2679,2,1,1700,6,1,31.1506,31.1506,0,0.0000,2,0,20,29,10,0,255,255,20,0,2,1,3,255
17006.2679,3,1,1700,6,1,14.3936,14.3936,0,0.0000,2,0,20,29,10,0,255,255,20,0,2,1,3,255
17013.2679,1,2,1701,3,1,31.1506,31.1506,0,0.0000,2,0,40,49,10,0,255,255,20,0,4,1,3,255
17013.2679,3,2,1701,3,1,35.5930,35.5930,0,0.0000,2,0,40,49,10,0,255,255,20,0,4,1,3,255
17019.7679,2,1,1701,9,3,31.1506,31.1506,0,0.0000,2,0,40,49,10,0,255,255,20,0,4,1,3,255
17019.7679,3,1,1701,9,3,14.3936,14.3936,0,0.0000,2,0,40,49,10,0,255,255,20,0,4,1,3,255
17023.0179,1,2,1702,3,0,31.1506,31.1506,0,0.0000,2,0,10,19,10,0,255,255,20,0,1,1,3,255
17023.0179,3,2,1702,3,0,35.5930,35.5930,0,0.0000,2,0,10,19,10,0,255,255,20,0,1,1,3,255
17106.2679,2,1,1710,6,1,31.1506,31.1506,0,0.0000,2,0,20,29,10,0,255,255,20,0,2,1,3,255
17106.2679,3,1,1710,6,1,14.3861,14.3861,0,0.0000,2,0,20,29,10,0,255,255,20,0,2,1,3,255
17119.7679,2,1,1711,9,3,31.1506,31.1506,0,0.0000,2,0,40,49,10,0,255,255,20,0,4,1,3,255
17119.7679,3,1,1711,9,3,14.3861,14.3861,0,0.0000,2,0,40,49,10,0,255,255,20,0,4,1,3,255
17209.2679,2,1,1720,9,1,31.1586,31.1586,0,0.0000,2,0,30,39,10,0,255,255,20,0,3,1,3,255
17209.2679,3,1,1720,9,1,14.6429,14.6429,0,0.0000,2,0,30,39,10,0,255,255,20,0,3,1,3,255
17215.0179,2,1,1721,5,0,31.1586,31.1586,0,0.0000,2,0,10,19,10,0,255,255,20,0,1,1,3,255
17215.0179,3,1,1721,5,0,14.6429,14.6429,0,0.0000,2,0,10,19,10,0,255,255,20,0,1,1,3,255
17259.2679,1,3,1725,9,1,14.6430,14.6430,0,0.0000,2,0,10,19,10,0,255,255,20,0,1,1,3,255
17259.2679,2,3,1725,9,1,36.0833,36.0833,0,0.0000,2,0,10,19,10,0,255,255,20,0,1,1,3,255
17265.7679,1,3,1726,5,3,14.6430,14.6430,0,0.0000,2,0,40,49,10,0,255,255,20,0,4,1,3,255
17265.7679,2,3,1726,5,3,36.0833,36.0833,0,0.0000,2,0,40,49,10,0,255,255,20,0,4,1,3,255
17308.5179,1,2,1730,8,2,31.1586,31.1586,0,0.0000,2,0,20,29,10,0,255,255,20,0,2,1,3,255
17308.5179,3,2,1730,8,2,36.6312,36.6312,0,0.0000,2,0,20,29,10,0,255,255,20,0,2,1,3,255
17309.2679,2,1,1730,9,1,31.1586,31.1586,0,0.0000,2,0,30,39,10,0,255,255,20,0,3,1,3,255
17309.2679,3,1,1730,9,1,14.6320,14.6320,0,0.0000,2,0,30,39,10,0,255,255,20,0,3,1,3,255
17315.0179,2,1,1731,5,0,31.1586,31.1586,0,0.0000,2,0,10,19,10,0,255,255,20,0,1,1,3,255
17315.0179,3,1,1731,5,0,14.6320,14.6320,0,0.0000,2,0,10,19,10,0,255,255,20,0,1,1,3,255
17316.5179,1,2,1731,6,2,31.1586,31.1586,0,0.0000,2,0,10,19,10,0,255,255,20,0,1,1,3,255
17316.5179,3,2,1731,6,2,36.6312,36.6312,0,0.0000,2,0,10,19,10,0,255,255,20,0,1,1,3,255
17409.2679,2,1,1740,9,1,31.0408,31.0408,0,0.0000,2,0,30,39,10,0,255,255,20,0,3,1,3,255
17409.2679,3,1,1740,9,1,14.6320,14.6320,0,0.0000,2,0,30,39,10,0,255,255,20,0,3,1,3,255
17415.0179,2,1,1741,5,0,31.0408,31.0408,0,0.0000,2,0,10,19,10,0,255,255,20,0,1,1,3,255
17415.0179,3,1,1741,5,0,14.6320,14.6320,0,0.0000,2,0,10,19,10,0,255,255,20,0,1,1,3,255
17509.2679,2,1,1750,9,1,31.0408,31.0408,0,0.0000,2,0,30,39,10,0,255,255,20,0,3,1,3,255
17509.2679,3,1,1750,9,1,14.6320,14.6320,0,0.0000,2,0,30,39,10,0,255,255,20,0,3,1,3,255
17515.0179,2,1,1751,5,0,31.0408,31.0408,0,0.0000,2,0,10,19,10,0,255,255,20,0,1,1,3,255
17515.0179,3,1,1751,5,0,0.6363,0.6363,0,0.0000,2,0,10,19,10,0,255,255,20,0,1,1,3,255
17559.2679,1,3,1755,9,1,0.6273,0.6273,0,0.0000,2,0,10,19,10,0,255,255,20,0,1,1,3,255
17559.2679,2,3,1755,9,1,37.0212,37.0212,0,0.0000,2,0,10,19,10,0,255,255,20,0,1,1,3,255
17565.7679,1,3,1756,5,3,0.6273,0.6273,0,0.0000,2,0,40,49,10,0,255,255,20,0,4,1,3,255
17565.7679,2,3,1756,5,3,37.0212,37.0212,0,0.0000,2,0,40,49,10,0,255,255,20,0,4,1,3,255
17608.5179,1,2,1760,8,2,31.0408,31.0408,0,0.0000,2,0,20,29,10,0,255,255,20,0,2,1,3,255
17608.5179,3,2,1760,8,2,37.0229,37.0229,0,0.0000,2,0,20,29,10,0,255,255,20,0,2,1,3,255
17609.2679,2,1,1760,9,1,31.0408,31.0408,0,0.0000,2,0,30,39,10,0,255,255,20,0,3,1,3,255
17609.2679,3,1,1760,9,1,0.6363,0.6363,0,0.0000,2,0,30,39,10,0,255,255,20,0,3,1,3,255
17615.0179,2,1,1761,5,0,31.0408,31.0408,0,0.0000,2,0,10,19,10,0,255,255,20,0,1,1,3,255
17615.0179,3,1,1761,5,0,0.6363,0.6363,0,0.0000,2,0,10,19,10,0,255,255,20,0,1,1,3,255
17616.5179,1,2,1761,6,2,31.0408,31.0408,0,0.0000,2,0,10,19,10,0,255,255,20,0,1,1,3,255
17616.5179,3,2,1761,6,2,37.0229,37.0229,0,0.0000,2,0,10,19,10,0,255,255,20,0,1,1,3,255
17709.2679,2,1,1770,9,1,31.0583,31.0583,0,0.0000,2,0,30,39,10,0,255,255,20,0,3,1,3,255
17709.2679,3,1,1770,9,1,1.0368,1.0368,0,0.0000,2,0,30,39,10,0,255,255,20,0,3,1,3,255
17715.0179,2,1,1771,5,0,31.0583,31.0583,0,0.0000,2,0,10,19,10,0,255,255,20,0,1,1,3,255
17715.0179,3,1,1771,5,0,1.0368,1.0368,0,0.0000,2,0,10,19,10,0,255,255,20,0,1,1,3,255
17809.2679,2,1,1780,9,1,31.0583,31.0583,0,0.0000,2,0,30,39,10,0,255,255,20,0,3,1,3,255
17815.0179,2,1,1781,5,0,31.0583,31.0583,0,0.0000,2,0,10,19,10,0,255,255,20,0,1,1,3,255
17859.2679,1,3,1785,9,1,37.0799,37.0799,0,0.0000,2,0,10,19,10,0,255,255,20,0,1,1,3,255
17859.2679,2,3,1785,9,1,37.3397,37.3397,0,0.0000,2,0,10,19,10,0,255,255,20,0,1,1,3,255
17865.7679,1,3,1786,5,3,37.0799,37.0799,0,0.0000,2,0,40,49,10,0,255,255,20,0,4,1,3,255
17865.7679,2,3,1786,5,3,37.3397,37.3397,0,0.0000,2,0,40,49,10,0,255,255,20,0,4,1,3,255
17904.7679,1,2,1790,4,3,30.9397,30.9397,0,0.0000,2,0,30,39,10,0,255,255,20,0,3,1,3,255
17904.7679,3,2,1790,4,3,37.3411,37.3411,0,0.0000,2,0,30,39,10,0,255,255,20,0,3,1,3,255
17909.2679,2,1,1790,9,1,30.9397,30.9397,0,0.0000,2,0,30,39,10,0,255,255,20,0,3,1,3,255
17909.2679,3,1,1790,9,1,33.5801,33.5801,0,0.0000,2,0,30,39,10,0,255,255,20,0,3,1,3,255
17913.7679,1,2,1791,3,3,30.9397,30.9397,0,0.0000,2,0,0,9,10,0,255,255,20,0,0,1,3,255
17913.7679,3,2,1791,3,3,37.3411,37.3411,0,0.0000,2,0,0,9,10,0,255,255,20,0,0,1,3,255
17915.0179,2,1,1791,5,0,30.9397,30.9397,0,0.0000,2,0,10,19,10,0,255,255,20,0,1,1,3,255
17915.0179,3,1,1791,5,0,33.5801,33.5801,0,0.0000,2,0,10,19,10,0,255,255,20,0,1,1,3,255
18009.2679,2,1,1800,9,1,30.9397,30.9397,0,0.0000,2,0,30,39,10,0,255,255,20,0,3,1,3,255
18009.2679,3,1,1800,9,1,33.2396,33.2396,0,0.0000,2,0,30,39,10,0,255,255,20,0,3,1,3,255
18015.0179,2,1,1801,5,0,30.9397,30.9397,0,0.0000,2,0,10,19,10,0,255,255,20,0,1,1,3,255
18015.0179,3,1,1801,5,0,33.2396,33.2396,0,0.0000,2,0,10,19,10,0,255,255,20,0,1,1,3,255
18106.7679,2,1,1810,6,3,30.9546,30.9546,0,0.0000,2,0,20,29,10,0,255,255,20,0,2,1,3,255
18106.7679,3,1,1810,6,3,0.1987,0.1987,0,0.0000,2,0,20,29,10,0,255,255,20,0,2,1,3,255
18111.5179,2,1,1811,1,2,30.9546,30.9546,0,0.0000,2,0,40,49,10,0,255,255,20,0,4,1,3,255
18111.5179,3,1,1811,1,2,0.1987,0.1987,0,0.0000,2,0,40,49,10,0,255,255,20,0,4,1,3,255
18159.2679,1,3,1815,9,1,0.1989,0.1989,0,0.0000,2,0,10,19,10,0,255,255,20,0,1,1,3,255
18159.2679,2,3,1815,9,1,37.6435,37.6435,0,0.0000,2,0,10,19,10,0,255,255,20,0,1,1,3,255
18165.7679,1,3,1816,5,3,0.1989,0.1989,0,0.0000,2,0,40,49,10,0,255,255,20,0,4,1,3,255
18165.7679,2,3,1816,5,3,37.6435,37.6435,0,0.0000,2,0,40,49,10,0,255,255,20,0,4,1,3,255
18204.7679,1,2,1820,4,3,30.9546,30.9546,0,0.0000,2,0,30,39,10,0,255,255,20,0,3,1,3,255
18204.7679,3,2,1820,4,3,37.9090,37.9090,0,0.0000,2,0,30,39,10,0,255,255,20,0,3,1,3,255
18213.7679,1,2,1821,3,3,30.9546,30.9546,0,0.0000,2,0,0,9,10,0,255,255,20,0,0,1,3,255
18213.7679,3,2,1821,3,3,37.9090,37.9090,0,0.0000,2,0,0,9,10,0,255,255,20,0,0,1,3,255
18306.7679,2,1,1830,6,3,30.9546,30.9546,0,0.0000,2,0,20,29,10,0,255,255,20,0,2,1,3,255
18306.7679,3,1,1830,6,3,7.6948,7.6948,0,0.0000,2,0,20,29,10,0,255,255,20,0,2,1,3,255
18311.5179,2,1,1831,1,2,30.8353,30.8353,0,0.0000,2,0,40,49,10,0,255,255,20,0,4,1,3,255
18311.5179,3,1,1831,1,2,7.6948,7.6948,0,0.0000,2,0,40,49,10,0,255,255,20,0,4,1,3,255
18459.2679,2,3,1845,9,1,38.0898,38.0898,0,0.0000,2,0,10,19,10,0,255,255,20,0,1,1,3,255
18465.7679,2,3,1846,5,3,38.0898,38.0898,0,0.0000,2,0,40,49,10,0,255,255,20,0,4,1,3,255
18504.7679,1,2,1850,4,3,15.7033,15.7033,0,0.0000,2,0,30,39,10,0,255,255,20,0,3,1,3,255
18504.7679,3,2,1850,4,3,38.0909,38.0909,0,0.0000,2,0,30,39,10,0,255,255,20,0,3,1,3,255
18506.7679,2,1,1850,6,3,15.7029,15.7029,0,0.0000,2,0,20,29,10,0,255,255,20,0,2,1,3,255
18511.5179,2,1,1851,1,2,15.7029,15.7029,0,0.0000,2,0,40,49,10,0,255,255,20,0,4,1,3,255
18513.7679,1,2,1851,3,3,15.7033,15.7033,0,0.0000,2,0,0,9,10,0,255,255,20,0,0,1,3,255
18513.7679,3,2,1851,3,3,38.0909,38.0909,0,0.0000,2,0,0,9,10,0,255,255,20,0,0,1,3,255
18706.7679,2,1,1870,6,3,15.4739,15.4739,0,0.0000,2,0,20,29,10,0,255,255,20,0,2,1,3,255
18706.7679,3,1,1870,6,3,10.0396,10.0396,0,0.0000,2,0,20,29,10,0,255,255,20,0,2,1,3,255
18711.5179,2,1,1871,1,2,15.4739,15.4739,0,0.0000,2,0,40,49,10,0,255,255,20,0,4,1,3,255
18711.5179,3,1,1871,1,2,10.0396,10.0396,0,0.0000,2,0,40,49,10,0,255,255,20,0,4,1,3,255
18774.5179,1,3,1877,4,2,7.5827,7.5827,0,0.0000,2,0,20,29,10,0,255,255,20,0,2,1,3,255
18774.5179,2,3,1877,4,2,38.1594,38.1594,0,0.0000,2,0,20,29,10,0,255,255,20,0,2,1,3,255
18787.2679,1,3,1878,7,1,7.5827,7.5827,0,0.0000,2,0,0,9,10,0,255,255,20,0,0,1,3,255
18787.2679,2,3,1878,7,1,38.1594,38.1594,0,0.0000,2,0,0,9,10,0,255,255,20,0,0,1,3,255
18804.7679,1,2,1880,4,3,15.5035,15.5035,0,0.0000,2,0,30,39,10,0,255,255,20,0,3,1,3,255
18804.7679,3,2,1880,4,3,38.1604,38.1604,0,0.0000,2,0,30,39,10,0,255,255,20,0,3,1,3,255
18813.7679,1,2,1881,3,3,15.5035,15.5035,0,0.0000,2,0,0,9,10,0,255,255,20,0,0,1,3,255
18813.7679,3,2,1881,3,3,38.1604,38.1604,0,0.0000,2,0,0,9,10,0,255,255,20,0,0,1,3,255
18904.7679,1,2,1890,4,3,15.5035,15.5035,0,0.0000,2,0,30,39,10,0,255,255,20,0,3,1,3,255
18904.7679,3,2,1890,4,3,38.2862,38.2862,0,0.0000,2,0,30,39,10,0,255,255,20,0,3,1,3,255
18906.7679,2,1,1890,6,3,15.5031,15.5031,0,0.0000,2,0,20,29,10,0,255,255,20,0,2,1,3,255
18906.7679,3,1,1890,6,3,5.4959,5.4959,0,0.0000,2,0,20,29,10,0,255,255,20,0,2,1,3,255
18911.5179,2,1,1891,1,2,15.5031,15.5031,0,0.0000,2,0,40,49,10,0,255,255,20,0,4,1,3,255
18911.5179,3,1,1891,1,2,5.4959,5.4959,0,0.0000,2,0,40,49,10,0,255,255,20,0,4,1,3,255
18913.7679,1,2,1891,3,3,15.5035,15.5035,0,0.0000,2,0,0,9,10,0,255,255,20,0,0,1,3,255
18913.7679,3,2,1891,3,3,38.2862,38.2862,0,0.0000,2,0,0,9,10,0,255,255,20,0,0,1,3,255
19010.2679,1,2,1901,0,1,15.5371,15.5371,0,0.0000,2,0,20,29,10,0,255,255,20,0,2,1,3,255
19010.2679,3,2,1901,0,1,38.1591,38.1591,0,0.0000,2,0,20,29,10,0,255,255,20,0,2,1,3,255
19016.0179,1,2,1901,6,0,15.5371,15.5371,0,0.0000,2,0,30,39,10,0,255,255,20,0,3,1,3,255
19016.0179,3,2,1901,6,0,38.1591,38.1591,0,0.0000,2,0,30,39,10,0,255,255,20,0,3,1,3,255
19074.5179,1,3,1907,4,2,9.2353,9.2353,0,0.0000,2,0,20,29,10,0,255,255,20,0,2,1,3,255
19074.5179,2,3,1907,4,2,38.1580,38.1580,0,0.0000,2,0,20,29,10,0,255,255,20,0,2,1,3,255
19087.2679,1,3,1908,7,1,9.2353,9.2353,0,0.0000,2,0,0,9,10,0,255,255,20,0,0,1,3,255
19087.2679,2,3,1908,7,1,38.1580,38.1580,0,0.0000,2,0,0,9,10,0,255,255,20,0,0,1,3,255
19104.5179,2,1,1910,4,2,15.7977,15.7977,0,0.0000,2,0,30,39,10,0,255,255,20,0,3,1,3,255
19104.5179,3,1,1910,4,2,9.2328,9.2328,0,0.0000,2,0,30,39,10,0,255,255,20,0,3,1,3,255
19110.2679,1,2,1911,0,1,15.7981,15.7981,0,0.0000,2,0,20,29,10,0,255,255,20,0,2,1,3,255
19110.2679,3,2,1911,0,1,38.1591,38.1591,0,0.0000,2,0,20,29,10,0,255,255,20,0,2,1,3,255
19112.2679,2,1,1911,2,1,15.7977,15.7977,0,0.0000,2,0,0,9,10,0,255,255,20,0,0,1,3,255
19112.2679,3,1,1911,2,1,9.2328,9.2328,0,0.0000,2,0,0,9,10,0,255,255,20,0,0,1,3,255
19116.0179,1,2,1911,6,0,15.7981,15.7981,0,0.0000,2,0,30,39,10,0,255,255,20,0,3,1,3,255
19116.0179,3,2,1911,6,0,38.1591,38.1591,0,0.0000,2,0,30,39,10,0,255,255,20,0,3,1,3,255
19174.5179,1,3,1917,4,2,21.2424,21.2424,0,0.0000,2,0,20,29,10,0,255,255,20,0,2,1,3,255
19174.5179,2,3,1917,4,2,38.2823,38.2823,0,0.0000,2,0,20,29,10,0,255,255,20,0,2,1,3,255
19187.2679,1,3,1918,7,1,21.2424,21.2424,0,0.0000,2,0,0,9,10,0,255,255,20,0,0,1,3,255
19187.2679,2,3,1918,7,1,38.2823,38.2823,0,0.0000,2,0,0,9,10,0,255,255,20,0,0,1,3,255
19210.2679,1,2,1921,0,1,15.7981,15.7981,0,0.0000,2,0,20,29,10,0,255,255,20,0,2,1,3,255
19210.2679,3,2,1921,0,1,38.2833,38.2833,0,0.0000,2,0,20,29,10,0,255,255,20,0,2,1,3,255
19216.0179,1,2,1921,6,0,15.7981,15.7981,0,0.0000,2,0,30,39,10,0,255,255,20,0,3,1,3,255
19216.0179,3,2,1921,6,0,38.2833,38.2833,0,0.0000,2,0,30,39,10,0,255,255,20,0,3,1,3,255
19274.5179,1,3,1927,4,2,21.2422,21.2422,0,0.0000,2,0,20,29,10,0,255,255,20,0,2,1,3,255
19274.5179,2,3,1927,4,2,41.0156,41.0156,0,0.0000,2,0,20,29,10,0,255,255,20,0,2,1,3,255
19287.2679,1,3,1928,7,1,21.2422,21.2422,0,0.0000,2,0,0,9,10,0,255,255,20,0,0,1,3,255
19287.2679,2,3,1928,7,1,41.0156,41.0156,0,0.0000,2,0,0,9,10,0,255,255,20,0,0,1,3,255
19304.5179,2,1,1930,4,2,15.8475,15.8475,0,0.0000,2,0,30,39,10,0,255,255,20,0,3,1,3,255
19304.5179,3,1,1930,4,2,21.2492,21.2492,0,0.0000,2,0,30,39,10,0,255,255,20,0,3,1,3,255
19310.2679,1,2,1931,0,1,15.8479,15.8479,0,0.0000,2,0,20,29,10,0,255,255,20,0,2,1,3,255
19310.2679,3,2,1931,0,1,41.0165,41.0165,0,0.0000,2,0,20,29,10,0,255,255,20,0,2,1,3,255
19312.2679,2,1,1931,2,1,15.8475,15.8475,0,0.0000,2,0,0,9,10,0,255,255,20,0,0,1,3,255
19312.2679,3,1,1931,2,1,21.2492,21.2492,0,0.0000,2,0,0,9,10,0,255,255,20,0,0,1,3,255
19316.0179,1,2,1931,6,0,15.8479,15.8479,0,0.0000,2,0,30,39,10,0,255,255,20,0,3,1,3,255
19316.0179,3,2,1931,6,0,41.0165,41.0165,0,0.0000,2,0,30,39,10,0,255,255,20,0,3,1,3,255
19374.5179,1,3,1937,4,2,10.7872,10.7872,0,0.0000,2,0,20,29,10,0,255,255,20,0,2,1,3,255
19374.5179,2,3,1937,4,2,40.9942,40.9942,0,0.0000,2,0,20,29,10,0,255,255,20,0,2,1,3,255
19387.2679,1,3,1938,7,1,10.7872,10.7872,0,0.0000,2,0,0,9,10,0,255,255,20,0,0,1,3,255
19387.2679,2,3,1938,7,1,40.9942,40.9942,0,0.0000,2,0,0,9,10,0,255,255,20,0,0,1,3,255
19410.2679,1,2,1941,0,1,16.1163,16.1163,0,0.0000,2,0,20,29,10,0,255,255,20,0,2,1,3,255
19410.2679,3,2,1941,0,1,40.9950,40.9950,0,0.0000,2,0,20,29,10,0,255,255,20,0,2,1,3,255
19416.0179,1,2,1941,6,0,16.1163,16.1163,0,0.0000,2,0,30,39,10,0,255,255,20,0,3,1,3,255
19416.0179,3,2,1941,6,0,40.9950,40.9950,0,0.0000,2,0,30,39,10,0,255,255,20,0,3,1,3,255
19473.7679,1,3,1947,3,3,10.7876,10.7876,0,0.0000,2,0,0,9,10,0,255,255,20,0,0,1,3,255
19473.7679,2,3,1947,3,3,41.0156,41.0156,0,0.0000,2,0,0,9,10,0,255,255,20,0,0,1,3,255
19482.2679,1,3,1948,2,1,10.7876,10.7876,0,0.0000,2,0,10,19,10,0,255,255,20,0,1,1,3,255
19482.2679,2,3,1948,2,1,41.0156,41.0156,0,0.0000,2,0,10,19,10,0,255,255,20,0,1,1,3,255
19504.5179,2,1,1950,4,2,16.1630,16.1630,0,0.0000,2,0,30,39,10,0,255,255,20,0,3,1,3,255
19504.5179,3,1,1950,4,2,10.7921,10.7921,0,0.0000,2,0,30,39,10,0,255,255,20,0,3,1,3,255
19512.2679,2,1,1951,2,1,16.1630,16.1630,0,0.0000,2,0,0,9,10,0,255,255,20,0,0,1,3,255
19512.2679,3,1,1951,2,1,10.7921,10.7921,0,0.0000,2,0,0,9,10,0,255,255,20,0,0,1,3,255
19573.7679,1,3,1957,3,3,10.7876,10.7876,0,0.0000,2,0,0,9,10,0,255,255,20,0,0,1,3,255
19573.7679,2,3,1957,3,3,41.0156,41.0156,0,0.0000,2,0,0,9,10,0,255,255,20,0,0,1,3,255
19582.2679,1,3,1958,2,1,10.7876,10.7876,0,0.0000,2,0,10,19,10,0,255,255,20,0,1,1,3,255
19582.2679,2,3,1958,2,1,41.0156,41.0156,0,0.0000,2,0,10,19,10,0,255,255,20,0,1,1,3,255
19673.7679,1,3,1967,3,3,7.0230,7.0230,0,0.0000,2,0,0,9,10,0,255,255,20,0,0,1,3,255
19673.7679,2,3,1967,3,3,40.9944,40.9944,0,0.0000,2,0,0,9,10,0,255,255,20,0,0,1,3,255
19682.2679,1,3,1968,2,1,7.0230,7.0230,0,0.0000,2,0,10,19,10,0,255,255,20,0,1,1,3,255
19682.2679,2,3,1968,2,1,40.9944,40.9944,0,0.0000,2,0,10,19,10,0,255,255,20,0,1,1,3,255
19702.5179,1,2,1970,2,2,16.4899,16.4899,0,0.0000,2,0,0,9,10,0,255,255,20,0,0,1,3,255
19702.5179,3,2,1970,2,2,41.0165,41.0165,0,0.0000,2,0,0,9,10,0,255,255,20,0,0,1,3,255
19704.5179,2,1,1970,4,2,16.4895,16.4895,0,0.0000,2,0,30,39,10,0,255,255,20,0,3,1,3,255
19704.5179,3,1,1970,4,2,6.9738,6.9738,0,0.0000,2,0,30,39,10,0,255,255,20,0,3,1,3,255
19709.0179,1,2,1970,9,0,16.4899,16.4899,0,0.0000,2,0,10,19,10,0,255,255,20,0,1,1,3,255
19709.0179,3,2,1970,9,0,41.0165,41.0165,0,0.0000,2,0,10,19,10,0,255,255,20,0,1,1,3,255
19712.2679,2,1,1971,2,1,16.4895,16.4895,0,0.0000,2,0,0,9,10,0,255,255,20,0,0,1,3,255
19712.2679,3,1,1971,2,1,6.9738,6.9738,0,0.0000,2,0,0,9,10,0,255,255,20,0,0,1,3,255
19773.7679,1,3,1977,3,3,7.0228,7.0228,0,0.0000,2,0,0,9,10,0,255,255,20,0,0,1,3,255
19773.7679,2,3,1977,3,3,41.0156,41.0156,0,0.0000,2,0,0,9,10,0,255,255,20,0,0,1,3,255
19782.2679,1,3,1978,2,1,7.0228,7.0228,0,0.0000,2,0,10,19,10,0,255,255,20,0,1,1,3,255
19782.2679,2,3,1978,2,1,41.0156,41.0156,0,0.0000,2,0,10,19,10,0,255,255,20,0,1,1,3,255
19873.7679,1,3,1987,3,3,7.0228,7.0228,0,0.0000,2,0,0,9,10,0,255,255,20,0,0,1,3,255
19873.7679,2,3,1987,3,3,41.0156,41.0156,0,0.0000,2,0,0,9,10,0,255,255,20,0,0,1,3,255
19882.2679,1,3,1988,2,1,7.0228,7.0228,0,0.0000,2,0,10,19,10,0,255,255,20,0,1,1,3,255
19882.2679,2,3,1988,2,1,41.0156,41.0156,0,0.0000,2,0,10,19,10,0,255,255,20,0,1,1,3,255
19917.0179,2,1,1991,7,0,16.7733,16.7733,0,0.0000,2,0,10,19,10,0,255,255,20,0,1,1,3,255
19917.0179,3,1,1991,7,0,3.6059,3.6059,0,0.0000,2,0,10,19,10,0,255,255,20,0,1,1,3,255
19931.2679,2,1,1993,1,1,16.8144,16.8144,0,0.0000,2,0,0,9,10,0,255,255,20,0,0,1,3,255
19931.2679,3,1,1993,1,1,3.6058,3.6058,0,0.0000,2,0,0,9,10,0,255,255,20,0,0,1,3,255
19973.7679,1,3,1997,3,3,-0.2265,-0.2265,0,0.0000,2,0,0,9,10,0,255,255,20,0,0,1,3,255
19973.7679,2,3,1997,3,3,41.0156,41.0156,0,0.0000,2,0,0,9,10,0,255,255,20,0,0,1,3,255
19982.2679,1,3,1998,2,1,-0.2265,-0.2265,0,0.0000,2,0,10,19,10,0,255,255,20,0,1,1,3,255
19982.2679,2,3,1998,2,1,41.0156,41.0156,0,0.0000,2,0,10,19,10,0,255,255,20,0,1,1,3,255
20002.5179,1,2,2000,2,2,16.8148,16.8148,0,0.0000,2,0,0,9,10,0,255,255,20,0,0,1,3,255
20002.5179,3,2,2000,2,2,41.0165,41.0165,0,0.0000,2,0,0,9,10,0,255,255,20,0,0,1,3,255
20009.0179,1,2,2000,9,0,16.8148,16.8148,0,0.0000,2,0,10,19,10,0,255,255,20,0,1,1,3,255
20009.0179,3,2,2000,9,0,41.0165,41.0165,0,0.0000,2,0,10,19,10,0,255,255,20,0,1,1,3,255
20073.7679,1,3,2007,3,3,-0.2265,-0.2265,0,0.0000,2,0,0,9,10,0,255,255,20,0,0,1,3,255
20073.7679,2,3,2007,3,3,41.0156,41.0156,0,0.0000,2,0,0,9,10,0,255,255,20,0,0,1,3,255
20082.2679,1,3,2008,2,1,-0.2265,-0.2265,0,0.0000,2,0,10,19,10,0,255,255,20,0,1,1,3,255
20082.2679,2,3,2008,2,1,41.0156,41.0156,0,0.0000,2,0,10,19,10,0,255,255,20,0,1,1,3,255
20117.0179,2,1,2011,7,0,16.8144,16.8144,0,0.0000,2,0,10,19,10,0,255,255,20,0,1,1,3,255
20117.0179,3,1,2011,7,0,-0.2304,-0.2304,0,0.0000,2,0,10,19,10,0,255,255,20,0,1,1,3,255
20131.2679,2,1,2013,1,1,16.8144,16.8144,0,0.0000,2,0,0,9,10,0,255,255,20,0,0,1,3,255
20131.2679,3,1,2013,1,1,-0.2304,-0.2304,0,0.0000,2,0,0,9,10,0,255,255,20,0,0,1,3,255
20173.7679,1,3,2017,3,3,-0.4422,-0.4422,0,0.0000,2,0,0,9,10,0,255,255,20,0,0,1,3,255
20173.7679,2,3,2017,3,3,40.9877,40.9877,0,0.0000,2,0,0,9,10,0,255,255,20,0,0,1,3,255
20182.2679,1,3,2018,2,1,-0.4422,-0.4422,0,0.0000,2,0,10,19,10,0,255,255,20,0,1,1,3,255
20182.2679,2,3,2018,2,1,40.9877,40.9877,0,0.0000,2,0,10,19,10,0,255,255,20,0,1,1,3,255
20273.7679,1,3,2027,3,3,-0.4422,-0.4422,0,0.0000,2,0,0,9,10,0,255,255,20,0,0,1,3,255
20273.7679,2,3,2027,3,3,40.9877,40.9877,0,0.0000,2,0,0,9,10,0,255,255,20,0,0,1,3,255
20282.2679,1,3,2028,2,1,-0.4422,-0.4422,0,0.0000,2,0,10,19,10,0,255,255,20,0,1,1,3,255
20282.2679,2,3,2028,2,1,40.9877,40.9877,0,0.0000,2,0,10,19,10,0,255,255,20,0,1,1,3,255
20302.5179,1,2,2030,2,2,17.1464,17.1464,0,0.0000,2,0,0,9,10,0,255,255,20,0,0,1,3,255
20302.5179,3,2,2030,2,2,40.9889,40.9889,0,0.0000,2,0,0,9,10,0,255,255,20,0,0,1,3,255
20309.0179,1,2,2030,9,0,17.1464,17.1464,0,0.0000,2,0,10,19,10,0,255,255,20,0,1,1,3,255
20309.0179,3,2,2030,9,0,40.9889,40.9889,0,0.0000,2,0,10,19,10,0,255,255,20,0,1,1,3,255
20317.0179,2,1,2031,7,0,17.1460,17.1460,0,0.0000,2,0,10,19,10,0,255,255,20,0,1,1,3,255
20317.0179,3,1,2031,7,0,-0.3228,-0.3228,0,0.0000,2,0,10,19,10,0,255,255,20,0,1,1,3,255
20331.2679,2,1,2033,1,1,17.1460,17.1460,0,0.0000,2,0,0,9,10,0,255,255,20,0,0,1,3,255
20331.2679,3,1,2033,1,1,17.4072,17.4072,0,0.0000,2,0,0,9,10,0,255,255,20,0,0,1,3,255
20373.7679,1,3,2037,3,3,16.8716,16.8716,0,0.0000,2,0,0,9,10,0,255,255,20,0,0,1,3,255
20373.7679,2,3,2037,3,3,41.0153,41.0153,0,0.0000,2,0,0,9,10,0,255,255,20,0,0,1,3,255
20382.2679,1,3,2038,2,1,16.8716,16.8716,0,0.0000,2,0,10,19,10,0,255,255,20,0,1,1,3,255
20382.2679,2,3,2038,2,1,41.0153,41.0153,0,0.0000,2,0,10,19,10,0,255,255,20,0,1,1,3,255
20473.7679,1,3,2047,3,3,17.2198,17.2198,0,0.0000,2,0,0,9,10,0,255,255,20,0,0,1,3,255
20473.7679,2,3,2047,3,3,40.9863,40.9863,0,0.0000,2,0,0,9,10,0,255,255,20,0,0,1,3,255
20482.2679,1,3,2048,2,1,17.2198,17.2198,0,0.0000,2,0,10,19,10,0,255,255,20,0,1,1,3,255
20482.2679,2,3,2048,2,1,40.9863,40.9863,0,0.0000,2,0,10,19,10,0,255,255,20,0,1,1,3,255
20517.0179,2,1,2051,7,0,17.4827,17.4827,0,0.0000,2,0,10,19,10,0,255,255,20,0,1,1,3,255
20517.0179,3,1,2051,7,0,17.2198,17.2198,0,0.0000,2,0,10,19,10,0,255,255,20,0,1,1,3,255
20531.2679,2,1,2053,1,1,17.4827,17.4827,0,0.0000,2,0,0,9,10,0,255,255,20,0,0,1,3,255
20531.2679,3,1,2053,1,1,17.2198,17.2198,0,0.0000,2,0,0,9,10,0,255,255,20,0,0,1,3,255
20573.7679,1,3,2057,3,3,17.2198,17.2198,0,0.0000,2,0,0,9,10,0,255,255,20,0,0,1,3,255
20573.7679,2,3,2057,3,3,40.9863,40.9863,0,0.0000,2,0,0,9,10,0,255,255,20,0,0,1,3,255
20582.2679,1,3,2058,2,1,17.2198,17.2198,0,0.0000,2,0,10,19,10,0,255,255,20,0,1,1,3,255
20582.2679,2,3,2058,2,1,40.9863,40.9863,0,0.0000,2,0,10,19,10,0,255,255,20,0,1,1,3,255
20616.0179,1,2,2061,6,0,17.4831,17.4831,0,0.0000,2,0,30,39,10,0,255,255,20,0,3,1,3,255
20616.0179,3,2,2061,6,0,40.9874,40.9874,0,0.0000,2,0,30,39,10,0,255,255,20,0,3,1,3,255
20632.0179,1,2,2063,2,0,17.8229,17.8229,0,0.0000,2,0,20,29,10,0,255,255,20,0,2,1,3,255
20632.0179,3,2,2063,2,0,40.8914,40.8914,0,0.0000,2,0,20,29,10,0,255,255,20,0,2,1,3,255
20714.2679,2,1,2071,4,1,17.8225,17.8225,0,0.0000,2,0,30,39,10,0,255,255,20,0,3,1,3,255
20714.2679,3,1,2071,4,1,16.1871,16.1871,0,0.0000,2,0,30,39,10,0,255,255,20,0,3,1,3,255
20727.0179,2,1,2072,7,0,17.8225,17.8225,0,0.0000,2,0,30,39,10,0,255,255,20,0,3,1,3,255
20727.0179,3,1,2072,7,0,16.1871,16.1871,0,0.0000,2,0,30,39,10,0,255,255,20,0,3,1,3,255
20865.0179,1,3,2086,5,0,16.5692,16.5692,0,0.0000,2,0,0,9,10,0,255,255,20,0,0,1,3,255
20865.0179,2,3,2086,5,0,14.2511,14.2511,0,0.0000,2,0,0,9,10,0,255,255,20,0,0,1,3,255
20871.7679,1,3,2087,1,3,16.5692,16.5692,0,0.0000,2,0,40,49,10,0,255,255,20,0,4,1,3,255
20871.7679,2,3,2087,1,3,14.2511,14.2511,0,0.0000,2,0,40,49,10,0,255,255,20,0,4,1,3,255
20914.2679,2,1,2091,4,1,18.1631,18.1631,0,0.0000,2,0,30,39,10,0,255,255,20,0,3,1,3,255
20914.2679,3,1,2091,4,1,16.5687,16.5687,0,0.0000,2,0,30,39,10,0,255,255,20,0,3,1,3,255
20916.0179,1,2,2091,6,0,18.1635,18.1635,0,0.0000,2,0,30,39,10,0,255,255,20,0,3,1,3,255
20916.0179,3,2,2091,6,0,14.2521,14.2521,0,0.0000,2,0,30,39,10,0,255,255,20,0,3,1,3,255
20927.0179,2,1,2092,7,0,18.1631,18.1631,0,0.0000,2,0,30,39,10,0,255,255,20,0,3,1,3,255
20927.0179,3,1,2092,7,0,16.5687,16.5687,0,0.0000,2,0,30,39,10,0,255,255,20,0,3,1,3,255
20932.0179,1,2,2093,2,0,18.1635,18.1635,0,0.0000,2,0,20,29,10,0,255,255,20,0,2,1,3,255
20932.0179,3,2,2093,2,0,14.2521,14.2521,0,0.0000,2,0,20,29,10,0,255,255,20,0,2,1,3,255
20965.0179,1,3,2096,5,0,16.5692,16.5692,0,0.0000,2,0,0,9,10,0,255,255,20,0,0,1,3,255
20965.0179,2,3,2096,5,0,14.2511,14.2511,0,0.0000,2,0,0,9,10,0,255,255,20,0,0,1,3,255
20971.7679,1,3,2097,1,3,16.5692,16.5692,0,0.0000,2,0,40,49,10,0,255,255,20,0,4,1,3,255
20971.7679,2,3,2097,1,3,14.2511,14.2511,0,0.0000,2,0,40,49,10,0,255,255,20,0,4,1,3,255
21065.0179,1,3,2106,5,0,17.9709,17.9709,0,0.0000,2,0,0,9,10,0,255,255,20,0,0,1,3,255
21065.0179,2,3,2106,5,0,16.0618,16.0618,0,0.0000,2,0,0,9,10,0,255,255,20,0,0,1,3,255
21071.7679,1,3,2107,1,3,17.9709,17.9709,0,0.0000,2,0,40,49,10,0,255,255,20,0,4,1,3,255
21071.7679,2,3,2107,1,3,16.0618,16.0618,0,0.0000,2,0,40,49,10,0,255,255,20,0,4,1,3,255
21114.2679,2,1,2111,4,1,18.5102,18.5102,0,0.0000,2,0,30,39,10,0,255,255,20,0,3,1,3,255
21114.2679,3,1,2111,4,1,17.9706,17.9706,0,0.0000,2,0,30,39,10,0,255,255,20,0,3,1,3,255
21127.0179,2,1,2112,7,0,18.5102,18.5102,0,0.0000,2,0,30,39,10,0,255,255,20,0,3,1,3,255
21127.0179,3,1,2112,7,0,17.9706,17.9706,0,0.0000,2,0,30,39,10,0,255,255,20,0,3,1,3,255
21165.0179,1,3,2116,5,0,17.9709,17.9709,0,0.0000,2,0,0,9,10,0,255,255,20,0,0,1,3,255
21165.0179,2,3,2116,5,0,12.2819,12.2819,0,0.0000,2,0,0,9,10,0,255,255,20,0,0,1,3,255
21171.7679,1,3,2117,1,3,17.9709,17.9709,0,0.0000,2,0,40,49,10,0,255,255,20,0,4,1,3,255
21171.7679,2,3,2117,1,3,12.2819,12.2819,0,0.0000,2,0,40,49,10,0,255,255,20,0,4,1,3,255
21216.0179,1,2,2121,6,0,18.5105,18.5105,0,0.0000,2,0,30,39,10,0,255,255,20,0,3,1,3,255
21216.0179,3,2,2121,6,0,11.3099,11.3099,0,0.0000,2,0,30,39,10,0,255,255,20,0,3,1,3,255
21232.0179,1,2,2123,2,0,18.5105,18.5105,0,0.0000,2,0,20,29,10,0,255,255,20,0,2,1,3,255
21232.0179,3,2,2123,2,0,11.3099,11.3099,0,0.0000,2,0,20,29,10,0,255,255,20,0,2,1,3,255
21265.0179,1,3,2126,5,0,17.9709,17.9709,0,0.0000,2,0,0,9,10,0,255,255,20,0,0,1,3,255
21265.0179,2,3,2126,5,0,12.2819,12.2819,0,0.0000,2,0,0,9,10,0,255,255,20,0,0,1,3,255
21271.7679,1,3,2127,1,3,17.9709,17.9709,0,0.0000,2,0,40,49,10,0,255,255,20,0,4,1,3,255
21271.7679,2,3,2127,1,3,12.2819,12.2819,0,0.0000,2,0,40,49,10,0,255,255,20,0,4,1,3,255
21314.2679,2,1,2131,4,1,7.3274,7.3274,0,0.0000,2,0,30,39,10,0,255,255,20,0,3,1,3,255
21314.2679,3,1,2131,4,1,18.0544,18.0544,0,0.0000,2,0,30,39,10,0,255,255,20,0,3,1,3,255
21327.0179,2,1,2132,7,0,7.3274,7.3274,0,0.0000,2,0,30,39,10,0,255,255,20,0,3,1,3,255
21327.0179,3,1,2132,7,0,18.0544,18.0544,0,0.0000,2,0,30,39,10,0,255,255,20,0,3,1,3,255
21357.2679,1,3,2135,7,1,16.9811,16.9811,0,0.0000,2,0,40,49,10,0,255,255,20,0,4,1,3,255
21357.2679,2,3,2135,7,1,23.9088,23.9088,0,0.0000,2,0,40,49,10,0,255,255,20,0,4,1,3,255
21360.7679,1,3,2136,0,3,16.9811,16.9811,0,0.0000,2,0,30,39,10,0,255,255,20,0,3,1,3,255
21360.7679,2,3,2136,0,3,23.9088,23.9088,0,0.0000,2,0,30,39,10,0,255,255,20,0,3,1,3,255
21457.2679,1,3,2145,7,1,17.5375,17.5375,0,0.0000,2,0,40,49,10,0,255,255,20,0,4,1,3,255
21457.2679,2,3,2145,7,1,24.8147,24.8147,0,0.0000,2,0,40,49,10,0,255,255,20,0,4,1,3,255
21460.7679,1,3,2146,0,3,17.5375,17.5375,0,0.0000,2,0,30,39,10,0,255,255,20,0,3,1,3,255
21460.7679,2,3,2146,0,3,24.8147,24.8147,0,0.0000,2,0,30,39,10,0,255,255,20,0,3,1,3,255
21516.0179,1,2,2151,6,0,7.8267,7.8267,0,0.0000,2,0,30,39,10,0,255,255,20,0,3,1,3,255
21516.0179,3,2,2151,6,0,24.8228,24.8228,0,0.0000,2,0,30,39,10,0,255,255,20,0,3,1,3,255
21532.0179,1,2,2153,2,0,7.8267,7.8267,0,0.0000,2,0,20,29,10,0,255,255,20,0,2,1,3,255
21532.0179,3,2,2153,2,0,24.8228,24.8228,0,0.0000,2,0,20,29,10,0,255,255,20,0,2,1,3,255
21557.2679,1,3,2155,7,1,18.8280,18.8280,0,0.0000,2,0,40,49,10,0,255,255,20,0,4,1,3,255
21557.2679,2,3,2155,7,1,20.0827,20.0827,0,0.0000,2,0,40,49,10,0,255,255,20,0,4,1,3,255
21560.7679,1,3,2156,0,3,18.8280,18.8280,0,0.0000,2,0,30,39,10,0,255,255,20,0,3,1,3,255
21560.7679,2,3,2156,0,3,20.0827,20.0827,0,0.0000,2,0,30,39,10,0,255,255,20,0,3,1,3,255
21614.2679,3,1,2161,4,1,18.8276,18.8276,0,0.0000,2,0,30,39,10,0,255,255,20,0,3,1,3,255
21627.0179,3,1,2162,7,0,18.8276,18.8276,0,0.0000,2,0,30,39,10,0,255,255,20,0,3,1,3,255
21657.2679,1,3,2165,7,1,18.8280,18.8280,0,0.0000,2,0,40,49,10,0,255,255,20,0,4,1,3,255
21657.2679,2,3,2165,7,1,20.0827,20.0827,0,0.0000,2,0,40,49,10,0,255,255,20,0,4,1,3,255
21660.7679,1,3,2166,0,3,18.8280,18.8280,0,0.0000,2,0,30,39,10,0,255,255,20,0,3,1,3,255
21660.7679,2,3,2166,0,3,20.0827,20.0827,0,0.0000,2,0,30,39,10,0,255,255,20,0,3,1,3,255
21757.2679,1,3,2175,7,1,19.2322,19.2322,0,0.0000,2,0,40,49,10,0,255,255,20,0,4,1,3,255
21757.2679,2,3,2175,7,1,20.0827,20.0827,0,0.0000,2,0,40,49,10,0,255,255,20,0,4,1,3,255
21760.7679,1,3,2176,0,3,19.2322,19.2322,0,0.0000,2,0,30,39,10,0,255,255,20,0,3,1,3,255
21760.7679,2,3,2176,0,3,20.0827,20.0827,0,0.0000,2,0,30,39,10,0,255,255,20,0,3,1,3,255
21814.2679,1,2,2181,4,1,3.8253,3.8253,0,0.0000,2,0,10,19,10,0,255,255,20,0,1,1,3,255
21814.2679,3,2,2181,4,1,23.6155,23.6155,0,0.0000,2,0,10,19,10,0,255,255,20,0,1,1,3,255
21827.7679,1,2,2182,7,3,3.8253,3.8253,0,0.0000,2,0,20,29,10,0,255,255,20,0,2,1,3,255
21827.7679,3,2,2182,7,3,23.6155,23.6155,0,0.0000,2,0,20,29,10,0,255,255,20,0,2,1,3,255
21857.2679,1,3,2185,7,1,19.2322,19.2322,0,0.0000,2,0,40,49,10,0,255,255,20,0,4,1,3,255
21857.2679,2,3,2185,7,1,23.8751,23.8751,0,0.0000,2,0,40,49,10,0,255,255,20,0,4,1,3,255
21860.7679,1,3,2186,0,3,19.2322,19.2322,0,0.0000,2,0,30,39,10,0,255,255,20,0,3,1,3,255
21860.7679,2,3,2186,0,3,23.8751,23.8751,0,0.0000,2,0,30,39,10,0,255,255,20,0,3,1,3,255
21914.2679,2,1,2191,4,1,3.8201,3.8201,0,0.0000,2,0,30,39,10,0,255,255,20,0,3,1,3,255
21914.2679,3,1,2191,4,1,1.4141,1.4141,0,0.0000,2,0,30,39,10,0,255,255,20,0,3,1,3,255
21927.0179,2,1,2192,7,0,3.8201,3.8201,0,0.0000,2,0,30,39,10,0,255,255,20,0,3,1,3,255
21927.0179,3,1,2192,7,0,1.4141,1.4141,0,0.0000,2,0,30,39,10,0,255,255,20,0,3,1,3,255
21957.2679,1,3,2195,7,1,1.5513,1.5513,0,0.0000,2,0,40,49,10,0,255,255,20,0,4,1,3,255
21957.2679,2,3,2195,7,1,37.7547,37.7547,0,0.0000,2,0,40,49,10,0,255,255,20,0,4,1,3,255
21960.7679,1,3,2196,0,3,1.5513,1.5513,0,0.0000,2,0,30,39,10,0,255,255,20,0,3,1,3,255
21960.7679,2,3,2196,0,3,37.7547,37.7547,0,0.0000,2,0,30,39,10,0,255,255,20,0,3,1,3,255
