time_s,vehicle_id,event_type,source_id,msg_seq,pkt_uid,distance_m,heading_diff_deg,lane_before,lane_after,target_speed_mps
2.02358,veh4,drop_decision_no_action,6,2015,118,-1,-1,-1,-1,-1
2.03408,veh4,drop_decision_no_action,7,2030,127,-1,-1,-1,-1,-1
2.04358,veh4,drop_decision_no_action,6,2034,132,-1,-1,-1,-1,-1
2.05608,veh4,drop_decision_no_action,10,2052,146,-1,-1,-1,-1,-1
2.06633,veh4,drop_decision_no_action,3,2063,159,-1,-1,-1,-1,-1
2.07408,veh4,drop_decision_no_action,7,2055,155,-1,-1,-1,-1,-1
2.07908,veh4,drop_decision_no_action,9,2070,168,-1,-1,-1,-1,-1
2.08858,veh4,drop_decision_no_action,8,2079,180,-1,-1,-1,-1,-1
2.08858,veh4,drop_decision_no_action,8,2084,180,-1,-1,-1,-1,-1
2.09683,veh4,drop_decision_no_action,2,2095,206,-1,-1,-1,-1,-1
2.09908,veh4,drop_decision_no_action,9,2086,194,-1,-1,-1,-1,-1
2.10633,veh4,drop_decision_no_action,3,2096,208,-1,-1,-1,-1,-1
2.11458,veh4,drop_decision_no_action,5,2099,218,-1,-1,-1,-1,-1
2.13683,veh4,drop_decision_no_action,2,2123,260,-1,-1,-1,-1,-1
2.16633,veh4,drop_decision_no_action,3,2163,288,-1,-1,-1,-1,-1
2.17908,veh4,drop_decision_no_action,9,2170,295,-1,-1,-1,-1,-1
2.18858,veh4,drop_decision_no_action,8,2179,307,-1,-1,-1,-1,-1
2.19908,veh4,drop_decision_no_action,9,2186,316,-1,-1,-1,-1,-1
2.20133,veh4,drop_decision_no_action,5,2199,333,-1,-1,-1,-1,-1
2.24358,veh4,drop_decision_no_action,6,2234,363,-1,-1,-1,-1,-1
2.25608,veh4,drop_decision_no_action,10,2252,376,-1,-1,-1,-1,-1
2.26633,veh4,drop_decision_no_action,3,2263,392,-1,-1,-1,-1,-1
2.27408,veh4,drop_decision_no_action,7,2255,385,-1,-1,-1,-1,-1
2.27608,veh4,drop_decision_no_action,10,2269,401,-1,-1,-1,-1,-1
2.27908,veh4,drop_decision_no_action,9,2270,403,-1,-1,-1,-1,-1
2.28858,veh4,drop_decision_no_action,8,2284,429,-1,-1,-1,-1,-1
2.31458,veh4,drop_decision_no_action,5,2299,455,-1,-1,-1,-1,-1
2.33683,veh4,drop_decision_no_action,2,2323,480,-1,-1,-1,-1,-1
2.34358,veh4,drop_decision_no_action,6,2334,486,-1,-1,-1,-1,-1
2.35608,veh4,drop_decision_no_action,10,2352,506,-1,-1,-1,-1,-1
2.36483,veh4,drop_decision_no_action,11,2356,516,-1,-1,-1,-1,-1
2.36633,veh4,drop_decision_no_action,3,2363,522,-1,-1,-1,-1,-1
2.37908,veh4,drop_decision_no_action,9,2370,534,-1,-1,-1,-1,-1
2.40133,veh4,drop_decision_no_action,5,2399,566,-1,-1,-1,-1,-1
2.44358,veh4,drop_decision_no_action,6,2434,599,-1,-1,-1,-1,-1
2.45608,veh4,drop_decision_no_action,10,2452,612,-1,-1,-1,-1,-1
2.46633,veh4,drop_decision_no_action,3,2463,628,-1,-1,-1,-1,-1
2.47408,veh4,drop_decision_no_action,7,2455,621,-1,-1,-1,-1,-1
2.47908,veh4,drop_decision_no_action,9,2470,638,-1,-1,-1,-1,-1
2.48858,veh4,drop_decision_no_action,8,2484,660,-1,-1,-1,-1,-1
2.50633,veh4,drop_decision_no_action,3,2496,678,-1,-1,-1,-1,-1
2.53683,veh4,drop_decision_no_action,2,2523,724,-1,-1,-1,-1,-1
2.54358,veh4,drop_decision_no_action,6,2534,730,-1,-1,-1,-1,-1
2.56633,veh4,drop_decision_no_action,3,2563,761,-1,-1,-1,-1,-1
2.57608,veh4,drop_decision_no_action,10,2569,766,-1,-1,-1,-1,-1
2.58858,veh4,drop_decision_no_action,8,2584,784,-1,-1,-1,-1,-1
2.63408,veh4,drop_decision_no_action,7,2630,833,-1,-1,-1,-1,-1
2.64358,veh4,drop_decision_no_action,6,2634,838,-1,-1,-1,-1,-1
2.66183,veh4,drop_decision_no_action,11,2656,865,-1,-1,-1,-1,-1
2.67408,veh4,drop_decision_no_action,7,2655,863,-1,-1,-1,-1,-1
2.67908,veh4,drop_decision_no_action,9,2670,879,-1,-1,-1,-1,-1
2.68858,veh4,drop_decision_no_action,8,2684,905,-1,-1,-1,-1,-1
2.69908,veh4,drop_decision_no_action,9,2686,910,-1,-1,-1,-1,-1
2.70133,veh4,drop_decision_no_action,5,2599,802,-1,-1,-1,-1,-1
2.70133,veh4,drop_decision_no_action,5,2651,856,-1,-1,-1,-1,-1
2.70633,veh4,drop_decision_no_action,3,2696,923,-1,-1,-1,-1,-1
2.73683,veh4,drop_decision_no_action,2,2723,968,-1,-1,-1,-1,-1
2.74358,veh4,drop_decision_no_action,6,2734,974,-1,-1,-1,-1,-1
2.76633,veh4,drop_decision_no_action,3,2763,1006,-1,-1,-1,-1,-1
2.79908,veh4,drop_decision_no_action,9,2786,1026,-1,-1,-1,-1,-1
2.80083,veh4,drop_decision_no_action,8,2784,1024,-1,-1,-1,-1,-1
2.80133,veh4,drop_decision_no_action,5,2799,1035,-1,-1,-1,-1,-1
2.80633,veh4,drop_decision_no_action,3,2796,1030,-1,-1,-1,-1,-1
2.84358,veh4,drop_decision_no_action,6,2834,1087,-1,-1,-1,-1,-1
2.85608,veh4,drop_decision_no_action,10,2852,1101,-1,-1,-1,-1,-1
2.86133,veh4,drop_decision_no_action,5,2851,1100,-1,-1,-1,-1,-1
2.87408,veh4,drop_decision_no_action,7,2855,1110,-1,-1,-1,-1,-1
2.87608,veh4,drop_decision_no_action,10,2869,1126,-1,-1,-1,-1,-1
2.87908,veh4,drop_decision_no_action,9,2870,1127,-1,-1,-1,-1,-1
2.90083,veh4,drop_decision_no_action,8,2884,1155,-1,-1,-1,-1,-1
2.90633,veh4,drop_decision_no_action,3,2896,1170,-1,-1,-1,-1,-1
2.93683,veh4,drop_decision_no_action,2,2923,1213,-1,-1,-1,-1,-1
2.96133,veh4,drop_decision_no_action,5,2951,1235,-1,-1,-1,-1,-1
2.96183,veh4,drop_decision_no_action,11,2956,1239,-1,-1,-1,-1,-1
2.96633,veh4,drop_decision_no_action,3,2963,1249,-1,-1,-1,-1,-1
2.97608,veh4,drop_decision_no_action,10,2969,1256,-1,-1,-1,-1,-1
2.98933,veh4,drop_decision_no_action,9,2986,1283,-1,-1,-1,-1,-1
3.00633,veh4,drop_decision_no_action,3,2996,1295,-1,-1,-1,-1,-1
3.02808,veh4,drop_decision_no_action,6,3015,1333,-1,-1,-1,-1,-1
3.04808,veh4,drop_decision_no_action,6,3034,1356,-1,-1,-1,-1,-1
3.07408,veh4,drop_decision_no_action,7,3055,1377,-1,-1,-1,-1,-1
3.07608,veh4,drop_decision_no_action,10,3069,1388,-1,-1,-1,-1,-1
3.08083,veh4,drop_decision_no_action,8,3079,1402,-1,-1,-1,-1,-1
3.08933,veh4,drop_decision_no_action,9,3070,1389,-1,-1,-1,-1,-1
3.10083,veh4,drop_decision_no_action,8,3084,1411,-1,-1,-1,-1,-1
3.10758,veh4,drop_decision_no_action,2,3095,1434,-1,-1,-1,-1,-1
3.12758,veh4,drop_decision_no_action,2,3123,1479,-1,-1,-1,-1,-1
3.16133,veh4,drop_decision_no_action,5,3051,1370,-1,-1,-1,-1,-1
3.16133,veh4,drop_decision_no_action,5,3151,1505,-1,-1,-1,-1,-1
3.16633,veh4,drop_decision_no_action,3,3163,1514,-1,-1,-1,-1,-1
3.16708,veh4,drop_decision_no_action,7,3155,1507,-1,-1,-1,-1,-1
3.17608,veh4,drop_decision_no_action,10,3169,1524,-1,-1,-1,-1,-1
3.20633,veh4,drop_decision_no_action,3,3196,1561,-1,-1,-1,-1,-1
3.24808,veh4,drop_decision_no_action,6,3234,1609,-1,-1,-1,-1,-1
3.26183,veh4,drop_decision_no_action,11,3256,1630,-1,-1,-1,-1,-1
3.26708,veh4,drop_decision_no_action,7,3255,1629,-1,-1,-1,-1,-1
3.27608,veh4,drop_decision_no_action,10,3269,1648,-1,-1,-1,-1,-1
3.28933,veh4,drop_decision_no_action,9,3270,1649,-1,-1,-1,-1,-1
3.30083,veh4,drop_decision_no_action,8,3284,1671,-1,-1,-1,-1,-1
3.32758,veh4,drop_decision_no_action,2,3323,1724,-1,-1,-1,-1,-1
3.34183,veh4,drop_decision_no_action,11,3333,1734,-1,-1,-1,-1,-1
3.36133,veh4,drop_decision_no_action,5,3251,1623,-1,-1,-1,-1,-1
3.36133,veh4,drop_decision_no_action,5,3351,1754,-1,-1,-1,-1,-1
3.36708,veh4,drop_decision_no_action,7,3355,1759,-1,-1,-1,-1,-1
3.37608,veh4,drop_decision_no_action,10,3369,1774,-1,-1,-1,-1,-1
3.37908,veh4,drop_decision_no_action,3,3363,1767,-1,-1,-1,-1,-1
3.38933,veh4,drop_decision_no_action,9,3370,1775,-1,-1,-1,-1,-1
3.39908,veh4,drop_decision_no_action,3,3396,1813,-1,-1,-1,-1,-1
3.44808,veh4,drop_decision_no_action,6,3434,1870,-1,-1,-1,-1,-1
3.46708,veh4,drop_decision_no_action,7,3455,1890,-1,-1,-1,-1,-1
3.47033,veh4,drop_decision_no_action,10,3452,1885,-1,-1,-1,-1,-1
3.48933,veh4,drop_decision_no_action,9,3470,1908,-1,-1,-1,-1,-1
3.50083,veh4,drop_decision_no_action,8,3484,1926,-1,-1,-1,-1,-1
3.52758,veh4,drop_decision_no_action,2,3523,1970,-1,-1,-1,-1,-1
3.55883,veh4,drop_decision_no_action,5,3451,1884,-1,-1,-1,-1,-1
3.55883,veh4,drop_decision_no_action,5,3551,1994,-1,-1,-1,-1,-1
3.56183,veh4,drop_decision_no_action,11,3556,1996,-1,-1,-1,-1,-1
3.56708,veh4,drop_decision_no_action,7,3555,1995,-1,-1,-1,-1,-1
3.57908,veh4,drop_decision_no_action,3,3563,2007,-1,-1,-1,-1,-1
3.58933,veh4,drop_decision_no_action,9,3570,2017,-1,-1,-1,-1,-1
3.59908,veh4,drop_decision_no_action,3,3596,2047,-1,-1,-1,-1,-1
3.61883,veh4,drop_decision_no_action,5,3599,2057,-1,-1,-1,-1,-1
3.62808,veh4,drop_decision_no_action,6,3615,2076,-1,-1,-1,-1,-1
3.64708,veh4,drop_decision_no_action,7,3630,2101,-1,-1,-1,-1,-1
3.64808,veh4,drop_decision_no_action,6,3634,2108,-1,-1,-1,-1,-1
3.65883,veh4,drop_decision_no_action,5,3651,2131,-1,-1,-1,-1,-1
3.66183,veh4,drop_decision_no_action,11,3656,2142,-1,-1,-1,-1,-1
3.67033,veh4,drop_decision_no_action,10,3652,2133,-1,-1,-1,-1,-1
3.67033,veh4,drop_decision_no_action,10,3669,2133,-1,-1,-1,-1,-1
3.68833,veh4,drop_decision_no_action,9,3670,2163,-1,-1,-1,-1,-1
3.68833,veh4,drop_decision_no_action,9,3686,2163,-1,-1,-1,-1,-1
3.70083,veh4,drop_decision_no_action,8,3684,2179,-1,-1,-1,-1,-1
3.72758,veh4,drop_decision_no_action,2,3723,2224,-1,-1,-1,-1,-1
3.75883,veh4,drop_decision_no_action,5,3751,2248,-1,-1,-1,-1,-1
3.76183,veh4,drop_decision_no_action,11,3756,2252,-1,-1,-1,-1,-1
3.76708,veh4,drop_decision_no_action,7,3755,2250,-1,-1,-1,-1,-1
3.77033,veh4,drop_decision_no_action,10,3752,2249,-1,-1,-1,-1,-1
3.77908,veh4,drop_decision_no_action,3,3763,2262,-1,-1,-1,-1,-1
3.78833,veh4,drop_decision_no_action,9,3770,2274,-1,-1,-1,-1,-1
3.79908,veh4,drop_decision_no_action,3,3796,2314,-1,-1,-1,-1,-1
3.81883,veh4,drop_decision_no_action,5,3799,2322,-1,-1,-1,-1,-1
3.82808,veh4,drop_decision_no_action,6,3815,2338,-1,-1,-1,-1,-1
3.84808,veh4,drop_decision_no_action,6,3834,2369,-1,-1,-1,-1,-1
3.87033,veh4,drop_decision_no_action,10,3852,2390,-1,-1,-1,-1,-1
3.87033,veh4,drop_decision_no_action,10,3869,2390,-1,-1,-1,-1,-1
3.87508,veh4,drop_decision_no_action,11,3856,2397,-1,-1,-1,-1,-1
3.89633,veh4,drop_decision_no_action,8,3884,2421,-1,-1,-1,-1,-1
3.89908,veh4,drop_decision_no_action,3,3896,2436,-1,-1,-1,-1,-1
3.91883,veh4,drop_decision_no_action,5,3899,2442,-1,-1,-1,-1,-1
3.92508,veh4,drop_decision_no_action,2,3923,2473,-1,-1,-1,-1,-1
3.94808,veh4,drop_decision_no_action,6,3934,2484,-1,-1,-1,-1,-1
3.96708,veh4,drop_decision_no_action,7,3955,2511,-1,-1,-1,-1,-1
3.97033,veh4,drop_decision_no_action,10,3952,2505,-1,-1,-1,-1,-1
3.97908,veh4,drop_decision_no_action,3,3963,2516,-1,-1,-1,-1,-1
3.98833,veh4,drop_decision_no_action,9,3970,2527,-1,-1,-1,-1,-1
3.99633,veh4,drop_decision_no_action,8,3984,2547,-1,-1,-1,-1,-1
4.01883,veh4,drop_decision_no_action,5,3999,2577,-1,-1,-1,-1,-1
4.02083,veh4,drop_decision_no_action,6,4015,2601,-1,-1,-1,-1,-1
4.04083,veh4,drop_decision_no_action,6,4034,2633,-1,-1,-1,-1,-1
4.05883,veh4,drop_decision_no_action,5,4051,2658,-1,-1,-1,-1,-1
4.07033,veh4,drop_decision_no_action,10,4069,2673,-1,-1,-1,-1,-1
4.09633,veh4,drop_decision_no_action,8,4079,2690,-1,-1,-1,-1,-1
4.09633,veh4,drop_decision_no_action,8,4084,2690,-1,-1,-1,-1,-1
4.10508,veh4,drop_decision_no_action,2,4095,2707,-1,-1,-1,-1,-1
4.11883,veh4,drop_decision_no_action,5,4099,2714,-1,-1,-1,-1,-1
4.12508,veh4,drop_decision_no_action,2,4123,2750,-1,-1,-1,-1,-1
4.14083,veh4,drop_decision_no_action,6,4134,2761,-1,-1,-1,-1,-1
4.16708,veh4,drop_decision_no_action,7,4155,2795,-1,-1,-1,-1,-1
4.17033,veh4,drop_decision_no_action,10,4169,2809,-1,-1,-1,-1,-1
4.17508,veh4,drop_decision_no_action,11,4056,2661,-1,-1,-1,-1,-1
4.17508,veh4,drop_decision_no_action,11,4133,2760,-1,-1,-1,-1,-1
4.17908,veh4,drop_decision_no_action,3,4163,2802,-1,-1,-1,-1,-1
4.18833,veh4,drop_decision_no_action,9,4170,2813,-1,-1,-1,-1,-1
4.19633,veh4,drop_decision_no_action,8,4184,2835,-1,-1,-1,-1,-1
4.21883,veh4,drop_decision_no_action,5,4199,2864,-1,-1,-1,-1,-1
4.24083,veh4,drop_decision_no_action,6,4234,2904,-1,-1,-1,-1,-1
4.25883,veh4,drop_decision_no_action,5,4251,2929,-1,-1,-1,-1,-1
4.27033,veh4,drop_decision_no_action,10,4269,2943,-1,-1,-1,-1,-1
4.29383,veh4,drop_decision_no_action,8,4284,2961,-1,-1,-1,-1,-1
4.31883,veh4,drop_decision_no_action,5,4299,2975,-1,-1,-1,-1,-1
4.32508,veh4,drop_decision_no_action,2,4323,3005,-1,-1,-1,-1,-1
4.34083,veh4,drop_decision_no_action,6,4334,3016,-1,-1,-1,-1,-1
4.35883,veh4,drop_decision_no_action,5,4351,3048,-1,-1,-1,-1,-1
4.36083,veh4,drop_decision_no_action,7,4355,3051,-1,-1,-1,-1,-1
4.37033,veh4,drop_decision_no_action,10,4369,3068,-1,-1,-1,-1,-1
4.37908,veh4,drop_decision_no_action,3,4363,3063,-1,-1,-1,-1,-1
4.38833,veh4,drop_decision_no_action,9,4370,3074,-1,-1,-1,-1,-1
4.39383,veh4,drop_decision_no_action,8,4384,3093,-1,-1,-1,-1,-1
4.43508,veh4,drop_decision_no_action,11,4333,3015,-1,-1,-1,-1,-1
4.43508,veh4,drop_decision_no_action,11,4433,3154,-1,-1,-1,-1,-1
4.45283,veh4,drop_decision_no_action,10,4452,3175,-1,-1,-1,-1,-1
4.46433,veh4,drop_decision_no_action,5,4451,3174,-1,-1,-1,-1,-1
4.47283,veh4,drop_decision_no_action,10,4469,3197,-1,-1,-1,-1,-1
4.47508,veh4,drop_decision_no_action,11,4456,3185,-1,-1,-1,-1,-1
4.50433,veh4,drop_decision_no_action,5,4499,3232,-1,-1,-1,-1,-1
4.53508,veh4,drop_decision_no_action,11,4533,3269,-1,-1,-1,-1,-1
4.54083,veh4,drop_decision_no_action,6,4534,3270,-1,-1,-1,-1,-1
4.54383,veh4,drop_decision_no_action,2,4523,3263,-1,-1,-1,-1,-1
4.56083,veh4,drop_decision_no_action,7,4555,3304,-1,-1,-1,-1,-1
4.56433,veh4,drop_decision_no_action,5,4551,3298,-1,-1,-1,-1,-1
4.57558,veh4,drop_decision_no_action,10,4569,3321,-1,-1,-1,-1,-1
4.57908,veh4,drop_decision_no_action,3,4563,3314,-1,-1,-1,-1,-1
4.58833,veh4,drop_decision_no_action,9,4570,3325,-1,-1,-1,-1,-1
4.59383,veh4,drop_decision_no_action,8,4584,3350,-1,-1,-1,-1,-1
4.62083,veh4,drop_decision_no_action,6,4615,3393,-1,-1,-1,-1,-1
4.63508,veh4,drop_decision_no_action,11,4633,3419,-1,-1,-1,-1,-1
4.64083,veh4,drop_decision_no_action,7,4630,3413,-1,-1,-1,-1,-1
4.66083,veh4,drop_decision_no_action,7,4655,3448,-1,-1,-1,-1,-1
4.66433,veh4,drop_decision_no_action,5,4651,3443,-1,-1,-1,-1,-1
4.67283,veh4,drop_decision_no_action,10,4669,3463,-1,-1,-1,-1,-1
4.68833,veh4,drop_decision_no_action,9,4686,3489,-1,-1,-1,-1,-1
4.70433,veh4,drop_decision_no_action,5,4699,3500,-1,-1,-1,-1,-1
4.73508,veh4,drop_decision_no_action,11,4733,3539,-1,-1,-1,-1,-1
4.74083,veh4,drop_decision_no_action,6,4734,3540,-1,-1,-1,-1,-1
4.74383,veh4,drop_decision_no_action,2,4723,3533,-1,-1,-1,-1,-1
4.76083,veh4,drop_decision_no_action,7,4755,3574,-1,-1,-1,-1,-1
4.76433,veh4,drop_decision_no_action,5,4751,3568,-1,-1,-1,-1,-1
4.77158,veh4,drop_decision_no_action,3,4763,3585,-1,-1,-1,-1,-1
4.77508,veh4,drop_decision_no_action,11,4756,3576,-1,-1,-1,-1,-1
4.78683,veh4,drop_decision_no_action,9,4770,3594,-1,-1,-1,-1,-1
4.79383,veh4,drop_decision_no_action,8,4784,3621,-1,-1,-1,-1,-1
4.82083,veh4,drop_decision_no_action,6,4815,3663,-1,-1,-1,-1,-1
4.83508,veh4,drop_decision_no_action,11,4833,3688,-1,-1,-1,-1,-1
4.85283,veh4,drop_decision_no_action,10,4852,3707,-1,-1,-1,-1,-1
4.86083,veh4,drop_decision_no_action,7,4855,3717,-1,-1,-1,-1,-1
4.86433,veh4,drop_decision_no_action,5,4851,3706,-1,-1,-1,-1,-1
4.87283,veh4,drop_decision_no_action,10,4869,3732,-1,-1,-1,-1,-1
4.88683,veh4,drop_decision_no_action,9,4870,3736,-1,-1,-1,-1,-1
4.90433,veh4,drop_decision_no_action,5,4899,3769,-1,-1,-1,-1,-1
4.91158,veh4,drop_decision_no_action,3,4896,3768,-1,-1,-1,-1,-1
4.93508,veh4,drop_decision_no_action,11,4933,3816,-1,-1,-1,-1,-1
4.94083,veh4,drop_decision_no_action,6,4934,3817,-1,-1,-1,-1,-1
4.94383,veh4,drop_decision_no_action,2,4923,3810,-1,-1,-1,-1,-1
4.96083,veh4,drop_decision_no_action,7,4955,3850,-1,-1,-1,-1,-1
4.96433,veh4,drop_decision_no_action,5,4951,3844,-1,-1,-1,-1,-1
4.97158,veh4,drop_decision_no_action,3,4963,3859,-1,-1,-1,-1,-1
4.98683,veh4,drop_decision_no_action,9,4970,3868,-1,-1,-1,-1,-1
4.99383,veh4,drop_decision_no_action,8,4984,3890,-1,-1,-1,-1,-1
4.99458,veh4,drop_decision_no_action,12,4990,3896,-1,-1,-1,-1,-1
5.02083,veh4,drop_decision_no_action,6,5015,3938,-1,-1,-1,-1,-1
5.06083,veh4,drop_decision_no_action,7,5055,3977,-1,-1,-1,-1,-1
5.06433,veh4,drop_decision_no_action,5,5051,3973,-1,-1,-1,-1,-1
5.07133,veh4,drop_decision_no_action,11,5056,3978,-1,-1,-1,-1,-1
5.07283,veh4,drop_decision_no_action,10,5069,3991,-1,-1,-1,-1,-1
5.08683,veh4,drop_decision_no_action,9,5070,3995,-1,-1,-1,-1,-1
5.09383,veh4,drop_decision_no_action,8,5079,4017,-1,-1,-1,-1,-1
5.10383,veh4,drop_decision_no_action,2,5095,4039,-1,-1,-1,-1,-1
5.10433,veh4,drop_decision_no_action,5,5099,4040,-1,-1,-1,-1,-1
5.11458,veh4,drop_decision_no_action,12,5106,4060,-1,-1,-1,-1,-1
5.14083,veh4,drop_decision_no_action,6,5134,4100,-1,-1,-1,-1,-1
5.14383,veh4,drop_decision_no_action,2,5123,4089,-1,-1,-1,-1,-1
5.15683,veh4,drop_decision_no_action,7,5155,4127,-1,-1,-1,-1,-1
5.16433,veh4,drop_decision_no_action,5,5151,4122,-1,-1,-1,-1,-1
5.17133,veh4,drop_decision_no_action,11,5156,4132,-1,-1,-1,-1,-1
5.17158,veh4,drop_decision_no_action,3,5163,4141,-1,-1,-1,-1,-1
5.18683,veh4,drop_decision_no_action,9,5170,4147,-1,-1,-1,-1,-1
5.19383,veh4,drop_decision_no_action,8,5184,4176,-1,-1,-1,-1,-1
5.19458,veh4,drop_decision_no_action,12,5190,4183,-1,-1,-1,-1,-1
5.22083,veh4,drop_decision_no_action,6,5215,4224,-1,-1,-1,-1,-1
5.26433,veh4,drop_decision_no_action,5,5251,4260,-1,-1,-1,-1,-1
5.27133,veh4,drop_decision_no_action,11,5256,4264,-1,-1,-1,-1,-1
5.28283,veh4,drop_decision_no_action,10,5269,4273,-1,-1,-1,-1,-1
5.28683,veh4,drop_decision_no_action,9,5270,4275,-1,-1,-1,-1,-1
5.30433,veh4,drop_decision_no_action,5,5299,4314,-1,-1,-1,-1,-1
5.32083,veh4,drop_decision_no_action,6,5315,4336,-1,-1,-1,-1,-1
5.34083,veh4,drop_decision_no_action,6,5334,4359,-1,-1,-1,-1,-1
5.34383,veh4,drop_decision_no_action,2,5323,4347,-1,-1,-1,-1,-1
5.35133,veh4,drop_decision_no_action,11,5333,4358,-1,-1,-1,-1,-1
5.35683,veh4,drop_decision_no_action,7,5355,4393,-1,-1,-1,-1,-1
5.36433,veh4,drop_decision_no_action,5,5351,4387,-1,-1,-1,-1,-1
5.37133,veh4,drop_decision_no_action,11,5356,4399,-1,-1,-1,-1,-1
5.37158,veh4,drop_decision_no_action,3,5363,4410,-1,-1,-1,-1,-1
5.39383,veh4,drop_decision_no_action,8,5384,4445,-1,-1,-1,-1,-1
5.39458,veh4,drop_decision_no_action,12,5390,4449,-1,-1,-1,-1,-1
5.42083,veh4,drop_decision_no_action,6,5415,4483,-1,-1,-1,-1,-1
5.46433,veh4,drop_decision_no_action,5,5451,4522,-1,-1,-1,-1,-1
5.47133,veh4,drop_decision_no_action,11,5456,4527,-1,-1,-1,-1,-1
5.48283,veh4,drop_decision_no_action,10,5469,4535,-1,-1,-1,-1,-1
5.48683,veh4,drop_decision_no_action,9,5470,4537,-1,-1,-1,-1,-1
5.49458,veh4,drop_decision_no_action,12,5490,4567,-1,-1,-1,-1,-1
5.50433,veh4,drop_decision_no_action,5,5499,4580,-1,-1,-1,-1,-1
5.53283,veh4,drop_decision_no_action,6,5515,4608,-1,-1,-1,-1,-1
5.54058,veh4,drop_decision_no_action,2,5523,4616,-1,-1,-1,-1,-1
5.55283,veh4,drop_decision_no_action,6,5534,4624,-1,-1,-1,-1,-1
5.55483,veh4,drop_decision_no_action,5,5551,4649,-1,-1,-1,-1,-1
5.55683,veh4,drop_decision_no_action,7,5555,4660,-1,-1,-1,-1,-1
5.57158,veh4,drop_decision_no_action,3,5563,4679,-1,-1,-1,-1,-1
5.59458,veh4,drop_decision_no_action,12,5590,4703,-1,-1,-1,-1,-1
5.59558,veh4,drop_decision_no_action,8,5584,4701,-1,-1,-1,-1,-1
5.63283,veh4,drop_decision_no_action,6,5615,4739,-1,-1,-1,-1,-1
5.63683,veh4,drop_decision_no_action,7,5630,4752,-1,-1,-1,-1,-1
5.65483,veh4,drop_decision_no_action,5,5651,4784,-1,-1,-1,-1,-1
5.66983,veh4,drop_decision_no_action,11,5656,4792,-1,-1,-1,-1,-1
5.68108,veh4,drop_decision_no_action,9,5670,4806,-1,-1,-1,-1,-1
5.68283,veh4,drop_decision_no_action,10,5669,4802,-1,-1,-1,-1,-1
5.69458,veh4,drop_decision_no_action,12,5690,4833,-1,-1,-1,-1,-1
5.69558,veh4,drop_decision_no_action,8,5684,4826,-1,-1,-1,-1,-1
5.70108,veh4,drop_decision_no_action,9,5686,4828,-1,-1,-1,-1,-1
5.71483,veh4,drop_decision_no_action,5,5699,4849,-1,-1,-1,-1,-1
5.73283,veh4,drop_decision_no_action,6,5715,4880,-1,-1,-1,-1,-1
5.74058,veh4,drop_decision_no_action,2,5723,4893,-1,-1,-1,-1,-1
5.75283,veh4,drop_decision_no_action,6,5734,4902,-1,-1,-1,-1,-1
5.75483,veh4,drop_decision_no_action,5,5751,4927,-1,-1,-1,-1,-1
5.75683,veh4,drop_decision_no_action,7,5755,4938,-1,-1,-1,-1,-1
5.77158,veh4,drop_decision_no_action,3,5763,4957,-1,-1,-1,-1,-1
5.78283,veh4,drop_decision_no_action,10,5769,4960,-1,-1,-1,-1,-1
5.79458,veh4,drop_decision_no_action,12,5790,4987,-1,-1,-1,-1,-1
5.79558,veh4,drop_decision_no_action,8,5784,4982,-1,-1,-1,-1,-1
5.83283,veh4,drop_decision_no_action,6,5815,5025,-1,-1,-1,-1,-1
5.85483,veh4,drop_decision_no_action,5,5851,5062,-1,-1,-1,-1,-1
5.85858,veh4,drop_decision_no_action,10,5852,5063,-1,-1,-1,-1,-1
5.86983,veh4,drop_decision_no_action,11,5856,5071,-1,-1,-1,-1,-1
5.87858,veh4,drop_decision_no_action,10,5869,5084,-1,-1,-1,-1,-1
5.88108,veh4,drop_decision_no_action,9,5870,5088,-1,-1,-1,-1,-1
5.89458,veh4,drop_decision_no_action,12,5890,5118,-1,-1,-1,-1,-1
5.89558,veh4,drop_decision_no_action,8,5884,5112,-1,-1,-1,-1,-1
5.90033,veh4,drop_decision_no_action,3,5896,5133,-1,-1,-1,-1,-1
5.91483,veh4,drop_decision_no_action,5,5899,5136,-1,-1,-1,-1,-1
5.93283,veh4,drop_decision_no_action,6,5915,5167,-1,-1,-1,-1,-1
5.94058,veh4,drop_decision_no_action,2,5923,5180,-1,-1,-1,-1,-1
5.95283,veh4,drop_decision_no_action,6,5934,5188,-1,-1,-1,-1,-1
5.95483,veh4,drop_decision_no_action,5,5951,5213,-1,-1,-1,-1,-1
5.95683,veh4,drop_decision_no_action,7,5955,5224,-1,-1,-1,-1,-1
5.97858,veh4,drop_decision_no_action,10,5969,5247,-1,-1,-1,-1,-1
5.98033,veh4,drop_decision_no_action,3,5963,5244,-1,-1,-1,-1,-1
5.99458,veh4,drop_decision_no_action,12,5990,5274,-1,-1,-1,-1,-1
5.99558,veh4,drop_decision_no_action,8,5984,5265,-1,-1,-1,-1,-1
6.03283,veh4,drop_decision_no_action,6,6015,5311,-1,-1,-1,-1,-1
6.05483,veh4,drop_decision_no_action,5,6051,5348,-1,-1,-1,-1,-1
6.06983,veh4,drop_decision_no_action,11,6056,5356,-1,-1,-1,-1,-1
6.07858,veh4,drop_decision_no_action,10,6069,5367,-1,-1,-1,-1,-1
6.08108,veh4,drop_decision_no_action,9,6070,5371,-1,-1,-1,-1,-1
6.09558,veh4,drop_decision_no_action,8,6079,5384,-1,-1,-1,-1,-1
6.09558,veh4,drop_decision_no_action,8,6084,5384,-1,-1,-1,-1,-1
6.10058,veh4,drop_decision_no_action,2,6095,5406,-1,-1,-1,-1,-1
6.11458,veh4,drop_decision_no_action,12,6106,5427,-1,-1,-1,-1,-1
6.11483,veh4,drop_decision_no_action,5,6099,5412,-1,-1,-1,-1,-1
6.11483,veh4,crash_mode_forced_speed,5,6099,5412,-1,-1,-1,-1,30
6.13283,veh4,drop_decision_no_action,6,6115,5442,-1,-1,-1,-1,-1
6.15283,veh4,drop_decision_no_action,6,6134,5467,-1,-1,-1,-1,-1
6.15483,veh4,drop_decision_no_action,5,6151,5485,-1,-1,-1,-1,-1
6.17283,veh4,drop_decision_no_action,7,6155,5496,-1,-1,-1,-1,-1
6.17858,veh4,drop_decision_no_action,10,6169,5512,-1,-1,-1,-1,-1
6.18033,veh4,drop_decision_no_action,3,6163,5509,-1,-1,-1,-1,-1
6.19458,veh4,drop_decision_no_action,12,6190,5544,-1,-1,-1,-1,-1
6.23283,veh4,drop_decision_no_action,6,6215,5575,-1,-1,-1,-1,-1
6.24058,veh4,drop_decision_no_action,2,6223,5587,-1,-1,-1,-1,-1
6.25483,veh4,drop_decision_no_action,5,6251,5618,-1,-1,-1,-1,-1
6.26983,veh4,drop_decision_no_action,11,6256,5627,-1,-1,-1,-1,-1
6.28033,veh4,drop_decision_no_action,3,6263,5637,-1,-1,-1,-1,-1
6.28108,veh4,drop_decision_no_action,9,6270,5642,-1,-1,-1,-1,-1
6.29558,veh4,drop_decision_no_action,8,6284,5663,-1,-1,-1,-1,-1
6.31483,veh4,drop_decision_no_action,5,6299,5681,-1,-1,-1,-1,-1
6.33283,veh4,drop_decision_no_action,6,6315,5701,-1,-1,-1,-1,-1
6.34983,veh4,drop_decision_no_action,11,6333,5722,-1,-1,-1,-1,-1
6.35283,veh4,drop_decision_no_action,6,6334,5725,-1,-1,-1,-1,-1
6.35483,veh4,drop_decision_no_action,5,6351,5742,-1,-1,-1,-1,-1
6.37283,veh4,drop_decision_no_action,7,6355,5754,-1,-1,-1,-1,-1
6.37858,veh4,drop_decision_no_action,10,6369,5774,-1,-1,-1,-1,-1
6.38033,veh4,drop_decision_no_action,3,6363,5771,-1,-1,-1,-1,-1
6.39333,veh4,drop_decision_no_action,12,6390,5806,-1,-1,-1,-1,-1
6.43283,veh4,drop_decision_no_action,6,6415,5840,-1,-1,-1,-1,-1
6.46983,veh4,drop_decision_no_action,11,6456,5878,-1,-1,-1,-1,-1
6.48033,veh4,drop_decision_no_action,3,6463,5884,-1,-1,-1,-1,-1
6.48108,veh4,drop_decision_no_action,9,6470,5888,-1,-1,-1,-1,-1
6.49558,veh4,drop_decision_no_action,8,6484,5909,-1,-1,-1,-1,-1
6.51483,veh4,drop_decision_no_action,5,6499,5927,-1,-1,-1,-1,-1
6.53283,veh4,drop_decision_no_action,6,6515,5947,-1,-1,-1,-1,-1
6.54058,veh4,drop_decision_no_action,2,6523,5960,-1,-1,-1,-1,-1
6.55283,veh4,drop_decision_no_action,6,6534,5972,-1,-1,-1,-1,-1
6.55483,veh4,drop_decision_no_action,5,6551,5991,-1,-1,-1,-1,-1
6.57233,veh4,drop_decision_no_action,11,6556,6005,-1,-1,-1,-1,-1
6.57283,veh4,drop_decision_no_action,7,6555,6004,-1,-1,-1,-1,-1
6.57858,veh4,drop_decision_no_action,10,6569,6021,-1,-1,-1,-1,-1
6.58033,veh4,drop_decision_no_action,3,6563,6018,-1,-1,-1,-1,-1
6.58108,veh4,drop_decision_no_action,9,6570,6022,-1,-1,-1,-1,-1
6.59333,veh4,drop_decision_no_action,12,6590,6064,-1,-1,-1,-1,-1
6.63283,veh4,drop_decision_no_action,6,6615,6102,-1,-1,-1,-1,-1
6.65483,veh4,drop_decision_no_action,5,6651,6143,-1,-1,-1,-1,-1
6.67133,veh4,drop_decision_no_action,3,6663,6161,-1,-1,-1,-1,-1
6.67233,veh4,drop_decision_no_action,11,6656,6151,-1,-1,-1,-1,-1
6.68108,veh4,drop_decision_no_action,9,6670,6163,-1,-1,-1,-1,-1
6.69733,veh4,drop_decision_no_action,8,6684,6190,-1,-1,-1,-1,-1
6.70108,veh4,drop_decision_no_action,9,6686,6192,-1,-1,-1,-1,-1
6.71483,veh4,drop_decision_no_action,5,6699,6208,-1,-1,-1,-1,-1
6.73283,veh4,drop_decision_no_action,6,6715,6232,-1,-1,-1,-1,-1
6.75283,veh4,drop_decision_no_action,6,6734,6258,-1,-1,-1,-1,-1
6.75483,veh4,drop_decision_no_action,5,6751,6271,-1,-1,-1,-1,-1
6.77133,veh4,drop_decision_no_action,3,6763,6296,-1,-1,-1,-1,-1
6.77233,veh4,drop_decision_no_action,11,6756,6283,-1,-1,-1,-1,-1
6.77858,veh4,drop_decision_no_action,10,6769,6299,-1,-1,-1,-1,-1
6.78358,veh4,drop_decision_no_action,9,6770,6300,-1,-1,-1,-1,-1
6.79333,veh4,drop_decision_no_action,12,6790,6341,-1,-1,-1,-1,-1
6.83283,veh4,drop_decision_no_action,6,6815,6380,-1,-1,-1,-1,-1
6.84358,veh4,drop_decision_no_action,2,6823,6390,-1,-1,-1,-1,-1
6.86033,veh4,drop_decision_no_action,10,6852,6422,-1,-1,-1,-1,-1
6.87133,veh4,drop_decision_no_action,3,6863,6436,-1,-1,-1,-1,-1
6.87233,veh4,drop_decision_no_action,11,6856,6426,-1,-1,-1,-1,-1
6.87283,veh4,drop_decision_no_action,7,6755,6282,-1,-1,-1,-1,-1
6.88358,veh4,drop_decision_no_action,9,6870,6438,-1,-1,-1,-1,-1
6.89333,veh4,drop_decision_no_action,12,6890,6471,-1,-1,-1,-1,-1
6.90583,veh4,drop_decision_no_action,8,6884,6468,-1,-1,-1,-1,-1
6.91133,veh4,drop_decision_no_action,3,6896,6484,-1,-1,-1,-1,-1
6.91708,veh4,drop_decision_no_action,5,6899,6491,-1,-1,-1,-1,-1
6.93533,veh4,drop_decision_no_action,6,6915,6512,-1,-1,-1,-1,-1
6.93533,veh4,drop_decision_no_action,6,6934,6512,-1,-1,-1,-1,-1
6.95708,veh4,drop_decision_no_action,5,6951,6557,-1,-1,-1,-1,-1
6.97133,veh4,drop_decision_no_action,3,6963,6574,-1,-1,-1,-1,-1
6.97233,veh4,drop_decision_no_action,11,6956,6563,-1,-1,-1,-1,-1
6.97333,veh4,drop_decision_no_action,7,6955,6562,-1,-1,-1,-1,-1
6.98033,veh4,drop_decision_no_action,10,6969,6578,-1,-1,-1,-1,-1
6.98358,veh4,drop_decision_no_action,9,6970,6579,-1,-1,-1,-1,-1
6.99333,veh4,drop_decision_no_action,12,6990,6622,-1,-1,-1,-1,-1
7.03533,veh4,drop_decision_no_action,6,7015,6658,-1,-1,-1,-1,-1
7.05708,veh4,drop_decision_no_action,5,7051,6692,-1,-1,-1,-1,-1
7.07133,veh4,drop_decision_no_action,3,7063,6708,-1,-1,-1,-1,-1
7.07233,veh4,drop_decision_no_action,11,7056,6697,-1,-1,-1,-1,-1
7.09333,veh4,drop_decision_no_action,12,7090,6739,-1,-1,-1,-1,-1
7.09733,veh4,drop_decision_no_action,8,7079,6727,-1,-1,-1,-1,-1
7.09733,veh4,drop_decision_no_action,8,7084,6727,-1,-1,-1,-1,-1
7.10358,veh4,drop_decision_no_action,2,7095,6749,-1,-1,-1,-1,-1
7.11333,veh4,drop_decision_no_action,12,7106,6771,-1,-1,-1,-1,-1
7.11708,veh4,drop_decision_no_action,5,7099,6755,-1,-1,-1,-1,-1
7.13533,veh4,drop_decision_no_action,6,7115,6785,-1,-1,-1,-1,-1
7.13533,veh4,drop_decision_no_action,6,7134,6785,-1,-1,-1,-1,-1
7.14358,veh4,drop_decision_no_action,2,7123,6801,-1,-1,-1,-1,-1
7.17133,veh4,drop_decision_no_action,3,7163,6848,-1,-1,-1,-1,-1
7.17333,veh4,drop_decision_no_action,7,7155,6841,-1,-1,-1,-1,-1
7.18033,veh4,drop_decision_no_action,10,7169,6850,-1,-1,-1,-1,-1
7.18358,veh4,drop_decision_no_action,9,7170,6851,-1,-1,-1,-1,-1
7.19333,veh4,drop_decision_no_action,12,7190,6887,-1,-1,-1,-1,-1
7.23533,veh4,drop_decision_no_action,6,7215,6922,-1,-1,-1,-1,-1
7.25708,veh4,drop_decision_no_action,5,7251,6957,-1,-1,-1,-1,-1
7.26683,veh4,drop_decision_no_action,11,7256,6961,-1,-1,-1,-1,-1
7.27133,veh4,drop_decision_no_action,3,7263,6972,-1,-1,-1,-1,-1
7.29733,veh4,drop_decision_no_action,8,7284,7000,-1,-1,-1,-1,-1
7.31708,veh4,drop_decision_no_action,5,7299,7012,-1,-1,-1,-1,-1
7.33533,veh4,drop_decision_no_action,6,7315,7027,-1,-1,-1,-1,-1
7.33533,veh4,drop_decision_no_action,6,7334,7027,-1,-1,-1,-1,-1
7.34683,veh4,drop_decision_no_action,11,7333,7049,-1,-1,-1,-1,-1
7.37133,veh4,drop_decision_no_action,3,7363,7087,-1,-1,-1,-1,-1
7.37333,veh4,drop_decision_no_action,7,7355,7079,-1,-1,-1,-1,-1
7.37783,veh4,drop_decision_no_action,10,7369,7089,-1,-1,-1,-1,-1
7.38358,veh4,drop_decision_no_action,9,7370,7090,-1,-1,-1,-1,-1
7.39333,veh4,drop_decision_no_action,12,7390,7127,-1,-1,-1,-1,-1
7.41133,veh4,drop_decision_no_action,3,7396,7140,-1,-1,-1,-1,-1
7.43533,veh4,drop_decision_no_action,6,7415,7166,-1,-1,-1,-1,-1
7.46683,veh4,drop_decision_no_action,11,7456,7209,-1,-1,-1,-1,-1
7.46883,veh4,drop_decision_no_action,5,7451,7205,-1,-1,-1,-1,-1
7.47133,veh4,drop_decision_no_action,3,7463,7216,-1,-1,-1,-1,-1
7.47783,veh4,drop_decision_no_action,10,7469,7225,-1,-1,-1,-1,-1
7.49733,veh4,drop_decision_no_action,8,7484,7252,-1,-1,-1,-1,-1
7.50883,veh4,drop_decision_no_action,5,7499,7270,-1,-1,-1,-1,-1
7.53533,veh4,drop_decision_no_action,6,7515,7287,-1,-1,-1,-1,-1
7.53533,veh4,drop_decision_no_action,6,7534,7287,-1,-1,-1,-1,-1
7.56883,veh4,drop_decision_no_action,5,7551,7326,-1,-1,-1,-1,-1
7.57333,veh4,drop_decision_no_action,7,7555,7329,-1,-1,-1,-1,-1
7.57783,veh4,drop_decision_no_action,10,7569,7341,-1,-1,-1,-1,-1
7.57908,veh4,drop_decision_no_action,9,7570,7342,-1,-1,-1,-1,-1
7.60408,veh4,drop_decision_no_action,12,7590,7377,-1,-1,-1,-1,-1
7.62933,veh4,drop_decision_no_action,6,7615,7408,-1,-1,-1,-1,-1
7.63333,veh4,drop_decision_no_action,7,7630,7428,-1,-1,-1,-1,-1
7.66683,veh4,drop_decision_no_action,11,7656,7456,-1,-1,-1,-1,-1
7.66883,veh4,drop_decision_no_action,5,7651,7454,-1,-1,-1,-1,-1
7.67133,veh4,drop_decision_no_action,3,7663,7463,-1,-1,-1,-1,-1
7.67783,veh4,drop_decision_no_action,10,7669,7473,-1,-1,-1,-1,-1
7.69733,veh4,drop_decision_no_action,8,7684,7499,-1,-1,-1,-1,-1
7.69908,veh4,drop_decision_no_action,9,7686,7503,-1,-1,-1,-1,-1
7.70883,veh4,drop_decision_no_action,5,7699,7521,-1,-1,-1,-1,-1
7.72933,veh4,drop_decision_no_action,6,7715,7543,-1,-1,-1,-1,-1
7.74933,veh4,drop_decision_no_action,6,7734,7568,-1,-1,-1,-1,-1
7.76883,veh4,drop_decision_no_action,5,7751,7584,-1,-1,-1,-1,-1
7.77333,veh4,drop_decision_no_action,7,7755,7588,-1,-1,-1,-1,-1
7.77783,veh4,drop_decision_no_action,10,7769,7603,-1,-1,-1,-1,-1
7.77908,veh4,drop_decision_no_action,9,7770,7604,-1,-1,-1,-1,-1
7.80408,veh4,drop_decision_no_action,12,7790,7639,-1,-1,-1,-1,-1
7.81133,veh4,drop_decision_no_action,3,7796,7647,-1,-1,-1,-1,-1
7.82933,veh4,drop_decision_no_action,6,7815,7676,-1,-1,-1,-1,-1
7.85783,veh4,drop_decision_no_action,10,7852,7718,-1,-1,-1,-1,-1
7.86683,veh4,drop_decision_no_action,11,7856,7720,-1,-1,-1,-1,-1
7.86883,veh4,drop_decision_no_action,5,7851,7716,-1,-1,-1,-1,-1
7.87133,veh4,drop_decision_no_action,3,7863,7729,-1,-1,-1,-1,-1
7.87783,veh4,drop_decision_no_action,10,7869,7742,-1,-1,-1,-1,-1
7.89208,veh4,drop_decision_no_action,8,7884,7769,-1,-1,-1,-1,-1
7.90883,veh4,drop_decision_no_action,5,7899,7792,-1,-1,-1,-1,-1
7.91133,veh4,drop_decision_no_action,3,7896,7785,-1,-1,-1,-1,-1
7.92933,veh4,drop_decision_no_action,6,7915,7809,-1,-1,-1,-1,-1
7.94933,veh4,drop_decision_no_action,6,7934,7838,-1,-1,-1,-1,-1
7.96883,veh4,drop_decision_no_action,5,7951,7853,-1,-1,-1,-1,-1
7.97208,veh4,drop_decision_no_action,7,7955,7858,-1,-1,-1,-1,-1
7.97908,veh4,drop_decision_no_action,9,7970,7873,-1,-1,-1,-1,-1
8.00408,veh4,drop_decision_no_action,12,7990,7902,-1,-1,-1,-1,-1
8.02933,veh4,drop_decision_no_action,6,8015,7939,-1,-1,-1,-1,-1
8.06683,veh4,drop_decision_no_action,11,8056,7981,-1,-1,-1,-1,-1
8.07333,veh4,drop_decision_no_action,3,8063,7987,-1,-1,-1,-1,-1
8.09208,veh4,drop_decision_no_action,8,8079,8016,-1,-1,-1,-1,-1
8.09208,veh4,drop_decision_no_action,8,8084,8016,-1,-1,-1,-1,-1
8.09733,veh4,drop_decision_no_action,2,8095,8030,-1,-1,-1,-1,-1
8.11333,veh4,drop_decision_no_action,3,8096,8033,-1,-1,-1,-1,-1
8.12408,veh4,drop_decision_no_action,12,8106,8047,-1,-1,-1,-1,-1
8.12933,veh4,drop_decision_no_action,6,8115,8066,-1,-1,-1,-1,-1
8.13733,veh4,drop_decision_no_action,2,8123,8077,-1,-1,-1,-1,-1
8.14933,veh4,drop_decision_no_action,6,8134,8101,-1,-1,-1,-1,-1
8.16883,veh4,drop_decision_no_action,5,8051,7977,-1,-1,-1,-1,-1
8.16883,veh4,drop_decision_no_action,5,8099,8043,-1,-1,-1,-1,-1
8.16883,veh4,drop_decision_no_action,5,8151,8123,-1,-1,-1,-1,-1
8.17208,veh4,drop_decision_no_action,7,8155,8129,-1,-1,-1,-1,-1
8.17783,veh4,drop_decision_no_action,10,8169,8144,-1,-1,-1,-1,-1
8.17908,veh4,drop_decision_no_action,9,8170,8145,-1,-1,-1,-1,-1
8.20408,veh4,drop_decision_no_action,12,8190,8180,-1,-1,-1,-1,-1
8.21333,veh4,drop_decision_no_action,3,8196,8188,-1,-1,-1,-1,-1
8.22933,veh4,drop_decision_no_action,6,8215,8223,-1,-1,-1,-1,-1
8.26608,veh4,drop_decision_no_action,11,8256,8268,-1,-1,-1,-1,-1
8.27333,veh4,drop_decision_no_action,3,8263,8274,-1,-1,-1,-1,-1
8.29208,veh4,drop_decision_no_action,8,8284,8306,-1,-1,-1,-1,-1
8.30408,veh4,drop_decision_no_action,12,8290,8311,-1,-1,-1,-1,-1
8.31333,veh4,drop_decision_no_action,3,8296,8319,-1,-1,-1,-1,-1
8.34608,veh4,drop_decision_no_action,11,8333,8380,-1,-1,-1,-1,-1
8.36608,veh4,drop_decision_no_action,11,8356,8408,-1,-1,-1,-1,-1
8.36883,veh4,drop_decision_no_action,5,8251,8264,-1,-1,-1,-1,-1
8.36883,veh4,drop_decision_no_action,5,8299,8326,-1,-1,-1,-1,-1
8.36883,veh4,drop_decision_no_action,5,8351,8400,-1,-1,-1,-1,-1
8.37208,veh4,drop_decision_no_action,7,8355,8405,-1,-1,-1,-1,-1
8.37333,veh4,drop_decision_no_action,3,8363,8418,-1,-1,-1,-1,-1
8.37908,veh4,drop_decision_no_action,9,8370,8431,-1,-1,-1,-1,-1
8.40408,veh4,drop_decision_no_action,12,8390,8467,-1,-1,-1,-1,-1
8.40583,veh4,drop_decision_no_action,5,8399,8482,-1,-1,-1,-1,-1
8.41333,veh4,drop_decision_no_action,3,8396,8474,-1,-1,-1,-1,-1
8.44883,veh4,drop_decision_no_action,6,8334,8381,-1,-1,-1,-1,-1
8.46583,veh4,drop_decision_no_action,5,8451,8542,-1,-1,-1,-1,-1
8.46608,veh4,drop_decision_no_action,11,8456,8546,-1,-1,-1,-1,-1
8.47333,veh4,drop_decision_no_action,3,8463,8552,-1,-1,-1,-1,-1
8.47733,veh4,drop_decision_no_action,10,8469,8565,-1,-1,-1,-1,-1
8.49283,veh4,drop_decision_no_action,8,8484,8588,-1,-1,-1,-1,-1
8.50408,veh4,drop_decision_no_action,12,8490,8596,-1,-1,-1,-1,-1
8.50583,veh4,drop_decision_no_action,5,8499,8610,-1,-1,-1,-1,-1
8.51333,veh4,drop_decision_no_action,3,8496,8605,-1,-1,-1,-1,-1
8.56583,veh4,drop_decision_no_action,5,8551,8683,-1,-1,-1,-1,-1
8.56608,veh4,drop_decision_no_action,11,8556,8689,-1,-1,-1,-1,-1
8.57083,veh4,drop_decision_no_action,7,8555,8686,-1,-1,-1,-1,-1
8.57333,veh4,drop_decision_no_action,3,8563,8696,-1,-1,-1,-1,-1
8.57908,veh4,drop_decision_no_action,9,8570,8709,-1,-1,-1,-1,-1
8.60408,veh4,drop_decision_no_action,12,8590,8746,-1,-1,-1,-1,-1
8.60583,veh4,drop_decision_no_action,5,8599,8760,-1,-1,-1,-1,-1
8.61333,veh4,drop_decision_no_action,3,8596,8753,-1,-1,-1,-1,-1
8.63083,veh4,drop_decision_no_action,7,8630,8808,-1,-1,-1,-1,-1
8.64883,veh4,drop_decision_no_action,6,8534,8666,-1,-1,-1,-1,-1
8.66583,veh4,drop_decision_no_action,5,8651,8829,-1,-1,-1,-1,-1
8.66608,veh4,drop_decision_no_action,11,8656,8833,-1,-1,-1,-1,-1
8.67333,veh4,drop_decision_no_action,3,8663,8837,-1,-1,-1,-1,-1
8.69283,veh4,drop_decision_no_action,8,8684,8869,-1,-1,-1,-1,-1
8.70308,veh4,drop_decision_no_action,12,8690,8877,-1,-1,-1,-1,-1
8.70458,veh4,drop_decision_no_action,9,8686,8873,-1,-1,-1,-1,-1
8.70583,veh4,drop_decision_no_action,5,8699,8888,-1,-1,-1,-1,-1
8.71333,veh4,drop_decision_no_action,3,8696,8885,-1,-1,-1,-1,-1
8.76583,veh4,drop_decision_no_action,5,8751,8969,-1,-1,-1,-1,-1
8.76608,veh4,drop_decision_no_action,11,8756,8976,-1,-1,-1,-1,-1
8.77083,veh4,drop_decision_no_action,7,8755,8973,-1,-1,-1,-1,-1
8.77333,veh4,drop_decision_no_action,3,8763,8981,-1,-1,-1,-1,-1
8.77733,veh4,drop_decision_no_action,10,8769,8995,-1,-1,-1,-1,-1
8.78458,veh4,drop_decision_no_action,9,8770,8996,-1,-1,-1,-1,-1
8.80308,veh4,drop_decision_no_action,12,8790,9038,-1,-1,-1,-1,-1
8.80383,veh4,drop_decision_no_action,5,8799,9049,-1,-1,-1,-1,-1
8.81333,veh4,drop_decision_no_action,3,8796,9046,-1,-1,-1,-1,-1
8.84883,veh4,drop_decision_no_action,6,8734,8953,-1,-1,-1,-1,-1
8.85733,veh4,drop_decision_no_action,10,8852,9108,-1,-1,-1,-1,-1
8.86383,veh4,drop_decision_no_action,5,8851,9107,-1,-1,-1,-1,-1
8.86608,veh4,drop_decision_no_action,11,8856,9112,-1,-1,-1,-1,-1
8.87333,veh4,drop_decision_no_action,3,8863,9122,-1,-1,-1,-1,-1
8.89283,veh4,drop_decision_no_action,8,8884,9157,-1,-1,-1,-1,-1
8.90383,veh4,drop_decision_no_action,5,8899,9172,-1,-1,-1,-1,-1
8.91333,veh4,drop_decision_no_action,3,8896,9169,-1,-1,-1,-1,-1
8.92433,veh4,drop_decision_no_action,6,8915,9196,-1,-1,-1,-1,-1
8.94433,veh4,drop_decision_no_action,6,8934,9223,-1,-1,-1,-1,-1
8.96383,veh4,drop_decision_no_action,5,8951,9239,-1,-1,-1,-1,-1
8.97083,veh4,drop_decision_no_action,7,8955,9245,-1,-1,-1,-1,-1
8.97333,veh4,drop_decision_no_action,3,8963,9253,-1,-1,-1,-1,-1
8.98458,veh4,drop_decision_no_action,9,8970,9259,-1,-1,-1,-1,-1
9.00308,veh4,drop_decision_no_action,12,8990,9293,-1,-1,-1,-1,-1
9.00383,veh4,drop_decision_no_action,5,8999,9303,-1,-1,-1,-1,-1
9.01333,veh4,drop_decision_no_action,3,8996,9301,-1,-1,-1,-1,-1
9.06383,veh4,drop_decision_no_action,5,9051,9369,-1,-1,-1,-1,-1
9.07333,veh4,drop_decision_no_action,3,9063,9379,-1,-1,-1,-1,-1
9.07733,veh4,drop_decision_no_action,10,9069,9385,-1,-1,-1,-1,-1
9.09283,veh4,drop_decision_no_action,8,9079,9401,-1,-1,-1,-1,-1
9.09283,veh4,drop_decision_no_action,8,9084,9401,-1,-1,-1,-1,-1
9.10383,veh4,drop_decision_no_action,5,9099,9427,-1,-1,-1,-1,-1
9.11433,veh4,drop_decision_no_action,2,9095,9425,-1,-1,-1,-1,-1
9.12308,veh4,drop_decision_no_action,12,9106,9439,-1,-1,-1,-1,-1
9.13433,veh4,drop_decision_no_action,2,9123,9463,-1,-1,-1,-1,-1
9.16383,veh4,drop_decision_no_action,5,9151,9502,-1,-1,-1,-1,-1
9.16608,veh4,drop_decision_no_action,11,9156,9510,-1,-1,-1,-1,-1
9.17083,veh4,drop_decision_no_action,7,9155,9509,-1,-1,-1,-1,-1
9.17333,veh4,drop_decision_no_action,3,9163,9517,-1,-1,-1,-1,-1
9.18458,veh4,drop_decision_no_action,9,9170,9526,-1,-1,-1,-1,-1
9.20308,veh4,drop_decision_no_action,12,9190,9564,-1,-1,-1,-1,-1
9.20383,veh4,drop_decision_no_action,5,9199,9573,-1,-1,-1,-1,-1
9.24433,veh4,drop_decision_no_action,6,9134,9484,-1,-1,-1,-1,-1
9.24433,veh4,drop_decision_no_action,6,9234,9617,-1,-1,-1,-1,-1
9.26383,veh4,drop_decision_no_action,5,9251,9629,-1,-1,-1,-1,-1
9.27333,veh4,drop_decision_no_action,3,9263,9642,-1,-1,-1,-1,-1
9.27733,veh4,drop_decision_no_action,10,9269,9648,-1,-1,-1,-1,-1
9.29308,veh4,drop_decision_no_action,8,9284,9670,-1,-1,-1,-1,-1
9.30383,veh4,drop_decision_no_action,5,9299,9688,-1,-1,-1,-1,-1
9.31333,veh4,drop_decision_no_action,3,9296,9686,-1,-1,-1,-1,-1
9.34433,veh4,drop_decision_no_action,6,9334,9737,-1,-1,-1,-1,-1
9.34608,veh4,drop_decision_no_action,11,9333,9734,-1,-1,-1,-1,-1
9.36383,veh4,drop_decision_no_action,5,9351,9752,-1,-1,-1,-1,-1
9.37083,veh4,drop_decision_no_action,7,9355,9760,-1,-1,-1,-1,-1
9.37233,veh4,drop_decision_no_action,3,9363,9770,-1,-1,-1,-1,-1
9.38458,veh4,drop_decision_no_action,9,9370,9776,-1,-1,-1,-1,-1
9.40308,veh4,drop_decision_no_action,12,9390,9810,-1,-1,-1,-1,-1
9.40383,veh4,drop_decision_no_action,5,9399,9820,-1,-1,-1,-1,-1
9.43983,veh4,drop_decision_no_action,6,9434,9863,-1,-1,-1,-1,-1
9.46383,veh4,drop_decision_no_action,5,9451,9877,-1,-1,-1,-1,-1
9.46608,veh4,drop_decision_no_action,11,9456,9883,-1,-1,-1,-1,-1
9.47233,veh4,drop_decision_no_action,3,9463,9890,-1,-1,-1,-1,-1
9.47733,veh4,drop_decision_no_action,10,9469,9899,-1,-1,-1,-1,-1
9.49308,veh4,drop_decision_no_action,8,9484,9924,-1,-1,-1,-1,-1
9.50383,veh4,drop_decision_no_action,5,9499,9942,-1,-1,-1,-1,-1
9.53983,veh4,drop_decision_no_action,6,9534,9982,-1,-1,-1,-1,-1
9.56383,veh4,drop_decision_no_action,5,9551,9996,-1,-1,-1,-1,-1
9.56533,veh4,drop_decision_no_action,7,9555,10002,-1,-1,-1,-1,-1
9.58458,veh4,drop_decision_no_action,9,9570,10018,-1,-1,-1,-1,-1
9.60308,veh4,drop_decision_no_action,12,9590,10041,-1,-1,-1,-1,-1
9.60383,veh4,drop_decision_no_action,5,9599,10054,-1,-1,-1,-1,-1
9.61233,veh4,drop_decision_no_action,3,9596,10051,-1,-1,-1,-1,-1
9.63983,veh4,drop_decision_no_action,6,9634,10110,-1,-1,-1,-1,-1
9.64533,veh4,drop_decision_no_action,7,9630,10104,-1,-1,-1,-1,-1
9.66383,veh4,drop_decision_no_action,5,9651,10130,-1,-1,-1,-1,-1
9.67733,veh4,drop_decision_no_action,10,9669,10148,-1,-1,-1,-1,-1
9.69308,veh4,drop_decision_no_action,8,9684,10164,-1,-1,-1,-1,-1
9.69483,veh4,drop_decision_no_action,9,9686,10168,-1,-1,-1,-1,-1
9.70383,veh4,drop_decision_no_action,5,9699,10185,-1,-1,-1,-1,-1
9.71233,veh4,drop_decision_no_action,3,9696,10182,-1,-1,-1,-1,-1
9.73983,veh4,drop_decision_no_action,6,9734,10236,-1,-1,-1,-1,-1
9.76258,veh4,drop_decision_no_action,11,9756,10258,-1,-1,-1,-1,-1
9.76383,veh4,drop_decision_no_action,5,9751,10250,-1,-1,-1,-1,-1
9.76533,veh4,drop_decision_no_action,7,9755,10257,-1,-1,-1,-1,-1
9.77483,veh4,drop_decision_no_action,9,9770,10277,-1,-1,-1,-1,-1
9.79308,veh4,drop_decision_no_action,8,9779,10295,-1,-1,-1,-1,-1
9.80308,veh4,drop_decision_no_action,12,9790,10306,-1,-1,-1,-1,-1
9.80383,veh4,drop_decision_no_action,5,9799,10318,-1,-1,-1,-1,-1
9.81233,veh4,drop_decision_no_action,3,9796,10315,-1,-1,-1,-1,-1
9.81983,veh4,drop_decision_no_action,6,9815,10350,-1,-1,-1,-1,-1
9.83983,veh4,drop_decision_no_action,6,9834,10378,-1,-1,-1,-1,-1
9.86058,veh4,drop_decision_no_action,10,9852,10395,-1,-1,-1,-1,-1
9.86408,veh4,drop_decision_no_action,5,9851,10393,-1,-1,-1,-1,-1
9.87233,veh4,drop_decision_no_action,3,9863,10411,-1,-1,-1,-1,-1
9.88058,veh4,drop_decision_no_action,10,9869,10417,-1,-1,-1,-1,-1
9.89308,veh4,drop_decision_no_action,8,9884,10442,-1,-1,-1,-1,-1
9.89483,veh4,drop_decision_no_action,9,9886,10445,-1,-1,-1,-1,-1
9.90033,veh4,drop_decision_no_action,12,9890,10449,-1,-1,-1,-1,-1
9.90408,veh4,drop_decision_no_action,5,9899,10463,-1,-1,-1,-1,-1
9.91233,veh4,drop_decision_no_action,3,9896,10461,-1,-1,-1,-1,-1
9.93983,veh4,drop_decision_no_action,6,9934,10522,-1,-1,-1,-1,-1
9.96408,veh4,drop_decision_no_action,5,9951,10536,-1,-1,-1,-1,-1
9.96533,veh4,drop_decision_no_action,7,9955,10543,-1,-1,-1,-1,-1
9.97483,veh4,drop_decision_no_action,9,9970,10558,-1,-1,-1,-1,-1
9.99483,veh4,drop_decision_no_action,9,9986,10582,-1,-1,-1,-1,-1
10.0003,veh4,drop_decision_no_action,12,9990,10584,-1,-1,-1,-1,-1
10.0041,veh4,drop_decision_no_action,5,9999,10593,-1,-1,-1,-1,-1
10.0198,veh4,drop_decision_no_action,6,10015,10625,-1,-1,-1,-1,-1
10.0398,veh4,drop_decision_no_action,6,10034,10648,-1,-1,-1,-1,-1
10.0626,veh4,drop_decision_no_action,11,10056,10670,-1,-1,-1,-1,-1
10.0641,veh4,drop_decision_no_action,5,10051,10663,-1,-1,-1,-1,-1
10.0806,veh4,drop_decision_no_action,10,10069,10684,-1,-1,-1,-1,-1
10.0931,veh4,drop_decision_no_action,8,10079,10698,-1,-1,-1,-1,-1
10.0931,veh4,drop_decision_no_action,8,10084,10698,-1,-1,-1,-1,-1
10.0948,veh4,drop_decision_no_action,9,10086,10709,-1,-1,-1,-1,-1
10.1003,veh4,drop_decision_no_action,12,10090,10712,-1,-1,-1,-1,-1
10.1041,veh4,drop_decision_no_action,5,10099,10726,-1,-1,-1,-1,-1
10.1141,veh4,drop_decision_no_action,2,10095,10724,-1,-1,-1,-1,-1
10.1341,veh4,drop_decision_no_action,2,10123,10777,-1,-1,-1,-1,-1
10.1398,veh4,drop_decision_no_action,6,10134,10796,-1,-1,-1,-1,-1
10.1453,veh4,drop_decision_no_action,7,10130,10786,-1,-1,-1,-1,-1
10.1653,veh4,drop_decision_no_action,7,10155,10828,-1,-1,-1,-1,-1
10.1748,veh4,drop_decision_no_action,9,10170,10840,-1,-1,-1,-1,-1
10.2041,veh4,drop_decision_no_action,5,10199,10870,-1,-1,-1,-1,-1
10.2123,veh4,drop_decision_no_action,3,10196,10868,-1,-1,-1,-1,-1
10.2398,veh4,drop_decision_no_action,6,10234,10920,-1,-1,-1,-1,-1
10.2653,veh4,drop_decision_no_action,7,10255,10940,-1,-1,-1,-1,-1
10.2723,veh4,drop_decision_no_action,3,10263,10946,-1,-1,-1,-1,-1
10.2806,veh4,drop_decision_no_action,10,10269,10953,-1,-1,-1,-1,-1
10.2893,veh4,drop_decision_no_action,8,10284,10975,-1,-1,-1,-1,-1
10.2948,veh4,drop_decision_no_action,9,10286,10978,-1,-1,-1,-1,-1
10.3003,veh4,drop_decision_no_action,12,10190,10863,-1,-1,-1,-1,-1
10.3003,veh4,drop_decision_no_action,12,10290,10987,-1,-1,-1,-1,-1
10.3041,veh4,drop_decision_no_action,5,10299,10997,-1,-1,-1,-1,-1
10.3123,veh4,drop_decision_no_action,3,10296,10994,-1,-1,-1,-1,-1
10.3398,veh4,drop_decision_no_action,6,10334,11056,-1,-1,-1,-1,-1
10.3426,veh4,drop_decision_no_action,11,10333,11055,-1,-1,-1,-1,-1
10.3626,veh4,drop_decision_no_action,11,10356,11083,-1,-1,-1,-1,-1
10.3701,veh4,drop_decision_no_action,7,10355,11082,-1,-1,-1,-1,-1
10.3748,veh4,drop_decision_no_action,9,10370,11099,-1,-1,-1,-1,-1
10.3948,veh4,drop_decision_no_action,9,10386,11122,-1,-1,-1,-1,-1
10.4003,veh4,drop_decision_no_action,12,10390,11127,-1,-1,-1,-1,-1
10.4041,veh4,drop_decision_no_action,5,10399,11134,-1,-1,-1,-1,-1
10.4198,veh4,drop_decision_no_action,6,10415,11166,-1,-1,-1,-1,-1
10.4701,veh4,drop_decision_no_action,7,10455,11202,-1,-1,-1,-1,-1
10.4806,veh4,drop_decision_no_action,10,10469,11209,-1,-1,-1,-1,-1
10.4893,veh4,drop_decision_no_action,8,10484,11230,-1,-1,-1,-1,-1
10.4948,veh4,drop_decision_no_action,9,10486,11232,-1,-1,-1,-1,-1
10.5096,veh4,drop_decision_no_action,3,10496,11247,-1,-1,-1,-1,-1
10.5193,veh4,drop_decision_no_action,5,10499,11251,-1,-1,-1,-1,-1
10.5593,veh4,drop_decision_no_action,5,10551,11311,-1,-1,-1,-1,-1
10.5606,veh4,drop_decision_no_action,10,10552,11312,-1,-1,-1,-1,-1
10.5626,veh4,drop_decision_no_action,11,10556,11316,-1,-1,-1,-1,-1
10.5701,veh4,drop_decision_no_action,7,10555,11315,-1,-1,-1,-1,-1
10.5748,veh4,drop_decision_no_action,9,10570,11345,-1,-1,-1,-1,-1
10.5948,veh4,drop_decision_no_action,9,10586,11368,-1,-1,-1,-1,-1
10.6501,veh4,drop_decision_no_action,7,10630,11419,-1,-1,-1,-1,-1
10.6593,veh4,drop_decision_no_action,5,10651,11433,-1,-1,-1,-1,-1
10.6696,veh4,drop_decision_no_action,3,10663,11450,-1,-1,-1,-1,-1
10.6701,veh4,drop_decision_no_action,7,10655,11438,-1,-1,-1,-1,-1
10.6806,veh4,drop_decision_no_action,10,10669,11456,-1,-1,-1,-1,-1
10.6893,veh4,drop_decision_no_action,8,10684,11483,-1,-1,-1,-1,-1
10.6948,veh4,drop_decision_no_action,9,10686,11485,-1,-1,-1,-1,-1
10.6991,veh4,drop_decision_no_action,12,10690,11496,-1,-1,-1,-1,-1
10.7193,veh4,drop_decision_no_action,5,10699,11509,-1,-1,-1,-1,-1
10.7398,veh4,drop_decision_no_action,6,10734,11554,-1,-1,-1,-1,-1
10.7593,veh4,drop_decision_no_action,5,10751,11572,-1,-1,-1,-1,-1
10.7606,veh4,drop_decision_no_action,10,10752,11573,-1,-1,-1,-1,-1
10.7626,veh4,drop_decision_no_action,11,10756,11578,-1,-1,-1,-1,-1
10.7701,veh4,drop_decision_no_action,7,10755,11577,-1,-1,-1,-1,-1
10.7748,veh4,drop_decision_no_action,9,10770,11607,-1,-1,-1,-1,-1
10.7948,veh4,drop_decision_no_action,9,10786,11630,-1,-1,-1,-1,-1
10.8593,veh4,drop_decision_no_action,5,10851,11684,-1,-1,-1,-1,-1
10.8606,veh4,drop_decision_no_action,10,10852,11685,-1,-1,-1,-1,-1
10.8701,veh4,drop_decision_no_action,7,10855,11688,-1,-1,-1,-1,-1
10.8806,veh4,drop_decision_no_action,10,10869,11707,-1,-1,-1,-1,-1
10.8948,veh4,drop_decision_no_action,9,10886,11732,-1,-1,-1,-1,-1
10.8986,veh4,drop_decision_no_action,8,10884,11730,-1,-1,-1,-1,-1
10.9096,veh4,drop_decision_no_action,3,10896,11743,-1,-1,-1,-1,-1
10.9193,veh4,drop_decision_no_action,5,10899,11752,-1,-1,-1,-1,-1
10.9593,veh4,drop_decision_no_action,5,10951,11810,-1,-1,-1,-1,-1
10.9606,veh4,drop_decision_no_action,10,10952,11811,-1,-1,-1,-1,-1
10.9626,veh4,drop_decision_no_action,11,10956,11815,-1,-1,-1,-1,-1
10.9701,veh4,drop_decision_no_action,7,10955,11814,-1,-1,-1,-1,-1
10.9748,veh4,drop_decision_no_action,9,10970,11844,-1,-1,-1,-1,-1
10.9886,veh4,drop_decision_no_action,9,10986,11868,-1,-1,-1,-1,-1
10.9991,veh4,drop_decision_no_action,12,10990,11876,-1,-1,-1,-1,-1
11.0096,veh4,drop_decision_no_action,3,10996,11880,-1,-1,-1,-1,-1
11.0196,veh4,drop_decision_no_action,6,11015,11908,-1,-1,-1,-1,-1
11.0593,veh4,drop_decision_no_action,5,11051,11944,-1,-1,-1,-1,-1
11.0606,veh4,drop_decision_no_action,10,11052,11945,-1,-1,-1,-1,-1
11.0696,veh4,drop_decision_no_action,3,11063,11960,-1,-1,-1,-1,-1
11.0701,veh4,drop_decision_no_action,7,11055,11947,-1,-1,-1,-1,-1
11.0806,veh4,drop_decision_no_action,10,11069,11969,-1,-1,-1,-1,-1
11.0886,veh4,drop_decision_no_action,9,11086,11999,-1,-1,-1,-1,-1
11.0986,veh4,drop_decision_no_action,8,11079,11989,-1,-1,-1,-1,-1
11.0986,veh4,drop_decision_no_action,8,11084,11989,-1,-1,-1,-1,-1
11.0998,veh4,drop_decision_no_action,2,11095,12011,-1,-1,-1,-1,-1
11.1091,veh4,drop_decision_no_action,5,11099,12026,-1,-1,-1,-1,-1
11.1396,veh4,drop_decision_no_action,6,11134,12077,-1,-1,-1,-1,-1
11.1398,veh4,drop_decision_no_action,2,11123,12066,-1,-1,-1,-1,-1
11.1606,veh4,drop_decision_no_action,10,11152,12104,-1,-1,-1,-1,-1
11.1626,veh4,drop_decision_no_action,11,11156,12106,-1,-1,-1,-1,-1
11.1691,veh4,drop_decision_no_action,5,11151,12103,-1,-1,-1,-1,-1
11.1886,veh4,drop_decision_no_action,9,11170,12129,-1,-1,-1,-1,-1
11.1886,veh4,drop_decision_no_action,9,11186,12129,-1,-1,-1,-1,-1
11.1986,veh4,drop_decision_no_action,8,11179,12141,-1,-1,-1,-1,-1
11.2556,veh4,drop_decision_no_action,10,11252,12208,-1,-1,-1,-1,-1
11.2691,veh4,drop_decision_no_action,5,11251,12207,-1,-1,-1,-1,-1
11.2701,veh4,drop_decision_no_action,7,11255,12213,-1,-1,-1,-1,-1
11.2756,veh4,drop_decision_no_action,10,11269,12228,-1,-1,-1,-1,-1
11.2886,veh4,drop_decision_no_action,9,11286,12256,-1,-1,-1,-1,-1
11.2986,veh4,drop_decision_no_action,8,11284,12252,-1,-1,-1,-1,-1
11.3091,veh4,drop_decision_no_action,5,11299,12283,-1,-1,-1,-1,-1
11.3486,veh4,drop_decision_no_action,11,11333,12324,-1,-1,-1,-1,-1
11.3501,veh4,drop_decision_no_action,7,11330,12323,-1,-1,-1,-1,-1
11.3556,veh4,drop_decision_no_action,10,11352,12342,-1,-1,-1,-1,-1
11.3686,veh4,drop_decision_no_action,11,11356,12353,-1,-1,-1,-1,-1
11.3691,veh4,drop_decision_no_action,5,11351,12341,-1,-1,-1,-1,-1
11.3886,veh4,drop_decision_no_action,9,11370,12376,-1,-1,-1,-1,-1
11.3886,veh4,drop_decision_no_action,9,11386,12376,-1,-1,-1,-1,-1
11.3991,veh4,drop_decision_no_action,12,11290,12265,-1,-1,-1,-1,-1
11.4556,veh4,drop_decision_no_action,10,11452,12447,-1,-1,-1,-1,-1
11.4691,veh4,drop_decision_no_action,5,11451,12446,-1,-1,-1,-1,-1
11.4696,veh4,drop_decision_no_action,3,11463,12458,-1,-1,-1,-1,-1
11.4701,veh4,drop_decision_no_action,7,11455,12452,-1,-1,-1,-1,-1
11.4756,veh4,drop_decision_no_action,10,11469,12468,-1,-1,-1,-1,-1
11.4886,veh4,drop_decision_no_action,9,11486,12502,-1,-1,-1,-1,-1
11.4986,veh4,drop_decision_no_action,8,11484,12498,-1,-1,-1,-1,-1
11.5091,veh4,drop_decision_no_action,5,11499,12526,-1,-1,-1,-1,-1
11.5396,veh4,drop_decision_no_action,6,11534,12562,-1,-1,-1,-1,-1
11.5556,veh4,drop_decision_no_action,10,11552,12582,-1,-1,-1,-1,-1
11.5691,veh4,drop_decision_no_action,5,11551,12581,-1,-1,-1,-1,-1
11.5886,veh4,drop_decision_no_action,9,11570,12603,-1,-1,-1,-1,-1
11.5886,veh4,drop_decision_no_action,9,11586,12603,-1,-1,-1,-1,-1
11.6086,veh4,drop_decision_no_action,3,11596,12631,-1,-1,-1,-1,-1
11.6501,veh4,drop_decision_no_action,7,11630,12682,-1,-1,-1,-1,-1
11.6556,veh4,drop_decision_no_action,10,11652,12697,-1,-1,-1,-1,-1
11.6691,veh4,drop_decision_no_action,5,11651,12696,-1,-1,-1,-1,-1
11.6701,veh4,drop_decision_no_action,7,11655,12704,-1,-1,-1,-1,-1
11.6756,veh4,drop_decision_no_action,10,11669,12723,-1,-1,-1,-1,-1
11.6886,veh4,drop_decision_no_action,9,11686,12750,-1,-1,-1,-1,-1
11.6986,veh4,drop_decision_no_action,8,11684,12746,-1,-1,-1,-1,-1
11.7111,veh4,drop_decision_no_action,5,11699,12773,-1,-1,-1,-1,-1
11.7196,veh4,drop_decision_no_action,6,11715,12793,-1,-1,-1,-1,-1
11.7556,veh4,drop_decision_no_action,10,11752,12830,-1,-1,-1,-1,-1
11.7686,veh4,drop_decision_no_action,11,11756,12836,-1,-1,-1,-1,-1
11.7711,veh4,drop_decision_no_action,5,11751,12829,-1,-1,-1,-1,-1
11.7901,veh4,drop_decision_no_action,9,11770,12852,-1,-1,-1,-1,-1
11.7901,veh4,drop_decision_no_action,9,11786,12852,-1,-1,-1,-1,-1
11.8556,veh4,drop_decision_no_action,10,11852,12926,-1,-1,-1,-1,-1
11.8596,veh4,drop_decision_no_action,7,11855,12932,-1,-1,-1,-1,-1
11.8711,veh4,drop_decision_no_action,5,11851,12925,-1,-1,-1,-1,-1
11.8886,veh4,drop_decision_no_action,8,11884,12971,-1,-1,-1,-1,-1
11.8901,veh4,drop_decision_no_action,9,11886,12976,-1,-1,-1,-1,-1
11.9111,veh4,drop_decision_no_action,5,11899,13003,-1,-1,-1,-1,-1
11.9543,veh4,drop_decision_no_action,6,11934,13051,-1,-1,-1,-1,-1
11.9556,veh4,drop_decision_no_action,10,11952,13062,-1,-1,-1,-1,-1
11.9711,veh4,drop_decision_no_action,5,11951,13061,-1,-1,-1,-1,-1
11.9901,veh4,drop_decision_no_action,9,11986,13102,-1,-1,-1,-1,-1
11.9941,veh4,drop_decision_no_action,12,11890,12986,-1,-1,-1,-1,-1
12.0086,veh4,drop_decision_no_action,3,11896,12996,-1,-1,-1,-1,-1
12.0343,veh4,drop_decision_no_action,6,12015,13130,-1,-1,-1,-1,-1
12.0401,veh4,drop_decision_no_action,11,12033,13146,-1,-1,-1,-1,-1
12.0556,veh4,drop_decision_no_action,10,12052,13170,-1,-1,-1,-1,-1
12.0596,veh4,drop_decision_no_action,7,12055,13179,-1,-1,-1,-1,-1
12.0711,veh4,drop_decision_no_action,5,12051,13167,-1,-1,-1,-1,-1
12.0756,veh4,drop_decision_no_action,10,12069,13196,-1,-1,-1,-1,-1
12.0886,veh4,drop_decision_no_action,8,12079,13215,-1,-1,-1,-1,-1
12.0901,veh4,drop_decision_no_action,9,12086,13221,-1,-1,-1,-1,-1
12.1086,veh4,drop_decision_no_action,3,12096,13240,-1,-1,-1,-1,-1
12.1111,veh4,drop_decision_no_action,5,12099,13245,-1,-1,-1,-1,-1
12.1123,veh4,drop_decision_no_action,2,12095,13238,-1,-1,-1,-1,-1
12.1141,veh4,drop_decision_no_action,12,12106,13252,-1,-1,-1,-1,-1
12.1148,veh4,crash_mode_restore,-1,-1,18446744073709551615,-1,-1,-1,-1,-1
12.1323,veh4,drop_decision_no_action,2,12123,13286,-1,-1,-1,-1,-1
12.1556,veh4,drop_decision_no_action,10,12152,13324,-1,-1,-1,-1,-1
12.1601,veh4,drop_decision_no_action,11,12156,13330,-1,-1,-1,-1,-1
12.1711,veh4,drop_decision_no_action,5,12151,13322,-1,-1,-1,-1,-1
12.1901,veh4,drop_decision_no_action,9,12170,13345,-1,-1,-1,-1,-1
12.1901,veh4,drop_decision_no_action,9,12186,13345,-1,-1,-1,-1,-1
12.1941,veh4,drop_decision_no_action,12,12190,13372,-1,-1,-1,-1,-1
12.2343,veh4,drop_decision_no_action,6,12215,13401,-1,-1,-1,-1,-1
12.2596,veh4,drop_decision_no_action,7,12255,13440,-1,-1,-1,-1,-1
12.2671,veh4,drop_decision_no_action,3,12263,13448,-1,-1,-1,-1,-1
12.2671,veh4,crash_mode_forced_speed,3,12263,13448,-1,-1,-1,-1,30
12.2711,veh4,drop_decision_no_action,5,12251,13434,-1,-1,-1,-1,-1
12.2723,veh4,drop_decision_no_action,10,12252,13437,-1,-1,-1,-1,-1
12.2886,veh4,drop_decision_no_action,8,12284,13481,-1,-1,-1,-1,-1
12.2901,veh4,drop_decision_no_action,9,12286,13485,-1,-1,-1,-1,-1
12.3111,veh4,drop_decision_no_action,5,12299,13506,-1,-1,-1,-1,-1
12.3401,veh4,drop_decision_no_action,11,12333,13544,-1,-1,-1,-1,-1
12.3543,veh4,drop_decision_no_action,6,12334,13547,-1,-1,-1,-1,-1
12.3711,veh4,drop_decision_no_action,5,12351,13558,-1,-1,-1,-1,-1
12.3723,veh4,drop_decision_no_action,10,12352,13562,-1,-1,-1,-1,-1
12.3901,veh4,drop_decision_no_action,9,12386,13603,-1,-1,-1,-1,-1
12.4218,veh4,drop_decision_no_action,6,12415,13631,-1,-1,-1,-1,-1
12.4711,veh4,drop_decision_no_action,5,12451,13665,-1,-1,-1,-1,-1
12.4723,veh4,drop_decision_no_action,10,12452,13668,-1,-1,-1,-1,-1
12.4723,veh4,drop_decision_no_action,10,12469,13668,-1,-1,-1,-1,-1
12.4901,veh4,drop_decision_no_action,9,12486,13700,-1,-1,-1,-1,-1
12.4941,veh4,drop_decision_no_action,12,12490,13707,-1,-1,-1,-1,-1
12.5071,veh4,drop_decision_no_action,3,12496,13717,-1,-1,-1,-1,-1
12.5123,veh4,drop_decision_no_action,2,12495,13716,-1,-1,-1,-1,-1
12.5218,veh4,drop_decision_no_action,6,12515,13744,-1,-1,-1,-1,-1
12.5653,veh4,drop_decision_no_action,11,12556,13790,-1,-1,-1,-1,-1
12.5711,veh4,drop_decision_no_action,5,12551,13785,-1,-1,-1,-1,-1
12.5723,veh4,drop_decision_no_action,10,12552,13788,-1,-1,-1,-1,-1
12.5901,veh4,drop_decision_no_action,9,12570,13800,-1,-1,-1,-1,-1
12.5901,veh4,drop_decision_no_action,9,12586,13800,-1,-1,-1,-1,-1
12.6218,veh4,drop_decision_no_action,6,12615,13863,-1,-1,-1,-1,-1
12.6393,veh4,drop_decision_no_action,7,12630,13882,-1,-1,-1,-1,-1
12.6671,veh4,drop_decision_no_action,3,12663,13913,-1,-1,-1,-1,-1
12.6706,veh4,drop_decision_no_action,5,12651,13904,-1,-1,-1,-1,-1
12.6723,veh4,drop_decision_no_action,10,12652,13907,-1,-1,-1,-1,-1
12.6886,veh4,drop_decision_no_action,8,12684,13944,-1,-1,-1,-1,-1
12.6901,veh4,drop_decision_no_action,9,12686,13948,-1,-1,-1,-1,-1
12.7106,veh4,drop_decision_no_action,5,12699,13968,-1,-1,-1,-1,-1
12.7418,veh4,drop_decision_no_action,6,12734,14009,-1,-1,-1,-1,-1
12.7593,veh4,drop_decision_no_action,7,12755,14029,-1,-1,-1,-1,-1
12.7706,veh4,drop_decision_no_action,5,12751,14021,-1,-1,-1,-1,-1
12.7723,veh4,drop_decision_no_action,10,12752,14024,-1,-1,-1,-1,-1
12.7901,veh4,drop_decision_no_action,9,12786,14066,-1,-1,-1,-1,-1
12.7941,veh4,drop_decision_no_action,12,12790,14073,-1,-1,-1,-1,-1
12.8706,veh4,drop_decision_no_action,5,12851,14127,-1,-1,-1,-1,-1
12.8723,veh4,drop_decision_no_action,10,12852,14130,-1,-1,-1,-1,-1
12.8723,veh4,drop_decision_no_action,10,12869,14130,-1,-1,-1,-1,-1
12.8886,veh4,drop_decision_no_action,8,12879,14152,-1,-1,-1,-1,-1
12.8901,veh4,drop_decision_no_action,9,12886,14163,-1,-1,-1,-1,-1
12.9071,veh4,drop_decision_no_action,3,12896,14180,-1,-1,-1,-1,-1
12.9653,veh4,drop_decision_no_action,11,12956,14237,-1,-1,-1,-1,-1
12.9706,veh4,drop_decision_no_action,5,12951,14231,-1,-1,-1,-1,-1
12.9723,veh4,drop_decision_no_action,10,12952,14234,-1,-1,-1,-1,-1
12.9886,veh4,drop_decision_no_action,8,12979,14264,-1,-1,-1,-1,-1
12.9901,veh4,drop_decision_no_action,9,12970,14246,-1,-1,-1,-1,-1
12.9901,veh4,drop_decision_no_action,9,12986,14246,-1,-1,-1,-1,-1
13.0218,veh4,drop_decision_no_action,6,13015,14313,-1,-1,-1,-1,-1
13.0671,veh4,drop_decision_no_action,3,13063,14351,-1,-1,-1,-1,-1
13.0706,veh4,drop_decision_no_action,5,13051,14343,-1,-1,-1,-1,-1
13.0723,veh4,drop_decision_no_action,10,13052,14346,-1,-1,-1,-1,-1
13.0886,veh4,drop_decision_no_action,8,13079,14371,-1,-1,-1,-1,-1
13.0886,veh4,drop_decision_no_action,8,13084,14371,-1,-1,-1,-1,-1
13.0901,veh4,drop_decision_no_action,9,13086,14387,-1,-1,-1,-1,-1
13.1006,veh4,drop_decision_no_action,12,13090,14397,-1,-1,-1,-1,-1
13.1106,veh4,drop_decision_no_action,5,13099,14408,-1,-1,-1,-1,-1
13.1128,veh4,drop_decision_no_action,2,13095,14404,-1,-1,-1,-1,-1
13.1206,veh4,drop_decision_no_action,12,13106,14423,-1,-1,-1,-1,-1
13.1218,veh4,drop_decision_no_action,6,13115,14443,-1,-1,-1,-1,-1
13.1328,veh4,drop_decision_no_action,2,13123,14462,-1,-1,-1,-1,-1
13.1418,veh4,drop_decision_no_action,6,13134,14481,-1,-1,-1,-1,-1
13.1706,veh4,drop_decision_no_action,5,13151,14500,-1,-1,-1,-1,-1
13.1723,veh4,drop_decision_no_action,10,13152,14502,-1,-1,-1,-1,-1
13.1901,veh4,drop_decision_no_action,9,13186,14537,-1,-1,-1,-1,-1
13.2593,veh4,drop_decision_no_action,7,13255,14595,-1,-1,-1,-1,-1
13.2706,veh4,drop_decision_no_action,5,13251,14590,-1,-1,-1,-1,-1
13.2723,veh4,drop_decision_no_action,10,13252,14592,-1,-1,-1,-1,-1
13.2723,veh4,drop_decision_no_action,10,13269,14592,-1,-1,-1,-1,-1
13.3051,veh4,drop_decision_no_action,9,13286,14634,-1,-1,-1,-1,-1
13.3218,veh4,drop_decision_no_action,6,13315,14661,-1,-1,-1,-1,-1
13.3453,veh4,drop_decision_no_action,11,13333,14685,-1,-1,-1,-1,-1
13.3653,veh4,drop_decision_no_action,11,13356,14707,-1,-1,-1,-1,-1
13.3671,veh4,drop_decision_no_action,3,13363,14711,-1,-1,-1,-1,-1
13.3676,veh4,drop_decision_no_action,10,13352,14701,-1,-1,-1,-1,-1
13.3706,veh4,drop_decision_no_action,5,13351,14699,-1,-1,-1,-1,-1
13.3851,veh4,drop_decision_no_action,9,13370,14725,-1,-1,-1,-1,-1
13.4006,veh4,drop_decision_no_action,12,13390,14763,-1,-1,-1,-1,-1
13.4051,veh4,drop_decision_no_action,9,13386,14756,-1,-1,-1,-1,-1
13.4206,veh4,drop_decision_no_action,12,13406,14783,-1,-1,-1,-1,-1
13.4393,veh4,drop_decision_no_action,7,13430,14818,-1,-1,-1,-1,-1
13.4676,veh4,drop_decision_no_action,10,13452,14838,-1,-1,-1,-1,-1
13.4706,veh4,drop_decision_no_action,5,13451,14837,-1,-1,-1,-1,-1
13.4866,veh4,drop_decision_no_action,8,13484,14871,-1,-1,-1,-1,-1
13.5051,veh4,drop_decision_no_action,9,13486,14873,-1,-1,-1,-1,-1
13.5106,veh4,drop_decision_no_action,5,13499,14885,-1,-1,-1,-1,-1
13.5418,veh4,drop_decision_no_action,6,13534,14932,-1,-1,-1,-1,-1
13.5671,veh4,drop_decision_no_action,3,13563,14957,-1,-1,-1,-1,-1
13.5676,veh4,drop_decision_no_action,10,13552,14947,-1,-1,-1,-1,-1
13.5706,veh4,drop_decision_no_action,5,13551,14946,-1,-1,-1,-1,-1
13.6051,veh4,drop_decision_no_action,9,13586,14991,-1,-1,-1,-1,-1
13.6393,veh4,drop_decision_no_action,7,13630,15040,-1,-1,-1,-1,-1
13.6676,veh4,drop_decision_no_action,10,13652,15060,-1,-1,-1,-1,-1
13.6706,veh4,drop_decision_no_action,5,13651,15059,-1,-1,-1,-1,-1
13.6876,veh4,drop_decision_no_action,10,13669,15073,-1,-1,-1,-1,-1
13.7006,veh4,drop_decision_no_action,12,13690,15103,-1,-1,-1,-1,-1
13.7051,veh4,drop_decision_no_action,9,13686,15095,-1,-1,-1,-1,-1
13.7593,veh4,drop_decision_no_action,7,13755,15166,-1,-1,-1,-1,-1
13.7613,veh4,drop_decision_no_action,11,13756,15167,-1,-1,-1,-1,-1
13.7676,veh4,drop_decision_no_action,10,13752,15164,-1,-1,-1,-1,-1
13.7703,veh4,drop_decision_no_action,3,13763,15179,-1,-1,-1,-1,-1
13.7706,veh4,drop_decision_no_action,5,13751,15163,-1,-1,-1,-1,-1
13.7851,veh4,drop_decision_no_action,9,13770,15192,-1,-1,-1,-1,-1
13.8051,veh4,drop_decision_no_action,9,13786,15224,-1,-1,-1,-1,-1
13.8206,veh4,drop_decision_no_action,12,13806,15244,-1,-1,-1,-1,-1
13.8676,veh4,drop_decision_no_action,10,13852,15291,-1,-1,-1,-1,-1
13.8706,veh4,drop_decision_no_action,5,13851,15290,-1,-1,-1,-1,-1
13.8873,veh4,drop_decision_no_action,8,13884,15323,-1,-1,-1,-1,-1
13.9051,veh4,drop_decision_no_action,9,13886,15325,-1,-1,-1,-1,-1
13.9103,veh4,drop_decision_no_action,3,13896,15337,-1,-1,-1,-1,-1
13.9106,veh4,drop_decision_no_action,5,13899,15342,-1,-1,-1,-1,-1
13.9206,veh4,drop_decision_no_action,12,13906,15349,-1,-1,-1,-1,-1
13.9391,veh4,drop_decision_no_action,6,13934,15399,-1,-1,-1,-1,-1
13.9676,veh4,drop_decision_no_action,10,13952,15418,-1,-1,-1,-1,-1
13.9703,veh4,drop_decision_no_action,3,13963,15425,-1,-1,-1,-1,-1
13.9706,veh4,drop_decision_no_action,5,13951,15417,-1,-1,-1,-1,-1
14.0006,veh4,drop_decision_no_action,12,13990,15464,-1,-1,-1,-1,-1
14.0051,veh4,drop_decision_no_action,9,13986,15459,-1,-1,-1,-1,-1
14.0191,veh4,drop_decision_no_action,6,14015,15494,-1,-1,-1,-1,-1
14.0206,veh4,drop_decision_no_action,12,14006,15481,-1,-1,-1,-1,-1
14.0676,veh4,drop_decision_no_action,10,14052,15536,-1,-1,-1,-1,-1
14.0873,veh4,drop_decision_no_action,8,14079,15558,-1,-1,-1,-1,-1
14.0876,veh4,drop_decision_no_action,10,14069,15548,-1,-1,-1,-1,-1
14.0971,veh4,drop_decision_no_action,2,14095,15580,-1,-1,-1,-1,-1
14.1051,veh4,drop_decision_no_action,9,14086,15564,-1,-1,-1,-1,-1
14.1206,veh4,drop_decision_no_action,12,14106,15598,-1,-1,-1,-1,-1
14.1371,veh4,drop_decision_no_action,2,14123,15630,-1,-1,-1,-1,-1
14.1601,veh4,drop_decision_no_action,7,14155,15657,-1,-1,-1,-1,-1
14.1613,veh4,drop_decision_no_action,11,14156,15658,-1,-1,-1,-1,-1
14.1676,veh4,drop_decision_no_action,10,14152,15655,-1,-1,-1,-1,-1
14.1703,veh4,drop_decision_no_action,3,14163,15668,-1,-1,-1,-1,-1
14.1851,veh4,drop_decision_no_action,9,14170,15682,-1,-1,-1,-1,-1
14.2051,veh4,drop_decision_no_action,9,14186,15709,-1,-1,-1,-1,-1
14.2206,veh4,drop_decision_no_action,12,14206,15729,-1,-1,-1,-1,-1
14.2676,veh4,drop_decision_no_action,10,14252,15775,-1,-1,-1,-1,-1
14.2873,veh4,drop_decision_no_action,8,14284,15800,-1,-1,-1,-1,-1
14.3051,veh4,drop_decision_no_action,9,14286,15803,-1,-1,-1,-1,-1
14.3061,veh4,drop_decision_no_action,5,14299,15818,-1,-1,-1,-1,-1
14.3091,veh4,drop_decision_no_action,12,14290,15812,-1,-1,-1,-1,-1
14.3091,veh4,drop_decision_no_action,12,14306,15812,-1,-1,-1,-1,-1
14.3391,veh4,drop_decision_no_action,6,14334,15869,-1,-1,-1,-1,-1
14.3413,veh4,drop_decision_no_action,11,14333,15868,-1,-1,-1,-1,-1
14.3661,veh4,drop_decision_no_action,5,14351,15892,-1,-1,-1,-1,-1
14.3676,veh4,drop_decision_no_action,10,14352,15894,-1,-1,-1,-1,-1
14.3703,veh4,drop_decision_no_action,3,14363,15904,-1,-1,-1,-1,-1
14.4051,veh4,drop_decision_no_action,9,14386,15939,-1,-1,-1,-1,-1
14.4091,veh4,drop_decision_no_action,12,14406,15954,-1,-1,-1,-1,-1
14.4661,veh4,drop_decision_no_action,5,14451,15999,-1,-1,-1,-1,-1
14.4676,veh4,drop_decision_no_action,10,14452,16000,-1,-1,-1,-1,-1
14.4876,veh4,drop_decision_no_action,10,14469,16015,-1,-1,-1,-1,-1
14.5016,veh4,drop_decision_no_action,9,14486,16035,-1,-1,-1,-1,-1
14.5091,veh4,drop_decision_no_action,12,14506,16059,-1,-1,-1,-1,-1
14.5601,veh4,drop_decision_no_action,7,14555,16104,-1,-1,-1,-1,-1
14.5613,veh4,drop_decision_no_action,11,14556,16105,-1,-1,-1,-1,-1
14.5661,veh4,drop_decision_no_action,5,14551,16102,-1,-1,-1,-1,-1
14.5666,veh4,drop_decision_no_action,3,14563,16117,-1,-1,-1,-1,-1
14.5676,veh4,drop_decision_no_action,10,14552,16103,-1,-1,-1,-1,-1
14.5816,veh4,drop_decision_no_action,9,14570,16133,-1,-1,-1,-1,-1
14.6016,veh4,drop_decision_no_action,9,14586,16166,-1,-1,-1,-1,-1
14.6091,veh4,drop_decision_no_action,12,14590,16171,-1,-1,-1,-1,-1
14.6091,veh4,drop_decision_no_action,12,14606,16171,-1,-1,-1,-1,-1
14.6376,veh4,drop_decision_no_action,7,14630,16223,-1,-1,-1,-1,-1
14.6661,veh4,drop_decision_no_action,5,14651,16246,-1,-1,-1,-1,-1
14.6713,veh4,drop_decision_no_action,10,14652,16247,-1,-1,-1,-1,-1
14.6803,veh4,drop_decision_no_action,8,14679,16272,-1,-1,-1,-1,-1
14.7003,veh4,drop_decision_no_action,8,14684,16282,-1,-1,-1,-1,-1
14.7016,veh4,drop_decision_no_action,9,14686,16285,-1,-1,-1,-1,-1
14.7061,veh4,drop_decision_no_action,5,14699,16297,-1,-1,-1,-1,-1
14.7091,veh4,drop_decision_no_action,12,14706,16312,-1,-1,-1,-1,-1
14.7391,veh4,drop_decision_no_action,6,14734,16353,-1,-1,-1,-1,-1
14.7661,veh4,drop_decision_no_action,5,14751,16373,-1,-1,-1,-1,-1
14.7666,veh4,drop_decision_no_action,3,14763,16381,-1,-1,-1,-1,-1
14.7713,veh4,drop_decision_no_action,10,14752,16374,-1,-1,-1,-1,-1
14.8016,veh4,drop_decision_no_action,9,14786,16414,-1,-1,-1,-1,-1
14.8091,veh4,drop_decision_no_action,12,14806,16430,-1,-1,-1,-1,-1
14.8191,veh4,drop_decision_no_action,6,14815,16438,-1,-1,-1,-1,-1
14.8661,veh4,drop_decision_no_action,5,14851,16479,-1,-1,-1,-1,-1
14.8713,veh4,drop_decision_no_action,10,14852,16480,-1,-1,-1,-1,-1
14.8713,veh4,drop_decision_no_action,10,14869,16480,-1,-1,-1,-1,-1
14.9016,veh4,drop_decision_no_action,9,14886,16513,-1,-1,-1,-1,-1
14.9066,veh4,drop_decision_no_action,3,14896,16518,-1,-1,-1,-1,-1
14.9091,veh4,drop_decision_no_action,12,14890,16516,-1,-1,-1,-1,-1
14.9091,veh4,drop_decision_no_action,12,14906,16516,-1,-1,-1,-1,-1
14.9576,veh4,drop_decision_no_action,7,14955,16581,-1,-1,-1,-1,-1
14.9616,veh4,drop_decision_no_action,11,14956,16582,-1,-1,-1,-1,-1
14.9661,veh4,drop_decision_no_action,5,14951,16579,-1,-1,-1,-1,-1
14.9666,veh4,drop_decision_no_action,3,14963,16595,-1,-1,-1,-1,-1
14.9713,veh4,drop_decision_no_action,10,14952,16580,-1,-1,-1,-1,-1
14.9816,veh4,drop_decision_no_action,9,14970,16611,-1,-1,-1,-1,-1
15.0016,veh4,drop_decision_no_action,9,14986,16641,-1,-1,-1,-1,-1
15.0108,veh4,drop_decision_no_action,12,15006,16660,-1,-1,-1,-1,-1
15.0376,veh4,drop_decision_no_action,7,15030,16694,-1,-1,-1,-1,-1
15.0416,veh4,drop_decision_no_action,11,15033,16697,-1,-1,-1,-1,-1
15.0713,veh4,drop_decision_no_action,10,15052,16725,-1,-1,-1,-1,-1
15.0811,veh4,drop_decision_no_action,8,15079,16745,-1,-1,-1,-1,-1
15.1011,veh4,drop_decision_no_action,8,15084,16751,-1,-1,-1,-1,-1
15.1016,veh4,drop_decision_no_action,9,15086,16754,-1,-1,-1,-1,-1
15.1031,veh4,drop_decision_no_action,2,15095,16763,-1,-1,-1,-1,-1
15.1071,veh4,drop_decision_no_action,5,15099,16767,-1,-1,-1,-1,-1
15.1108,veh4,drop_decision_no_action,12,15106,16782,-1,-1,-1,-1,-1
15.1431,veh4,drop_decision_no_action,2,15123,16823,-1,-1,-1,-1,-1
15.1666,veh4,drop_decision_no_action,3,15163,16867,-1,-1,-1,-1,-1
15.1671,veh4,drop_decision_no_action,5,15151,16854,-1,-1,-1,-1,-1
15.1713,veh4,drop_decision_no_action,10,15152,16855,-1,-1,-1,-1,-1
15.2051,veh4,drop_decision_no_action,9,15186,16900,-1,-1,-1,-1,-1
15.2108,veh4,drop_decision_no_action,12,15190,16904,-1,-1,-1,-1,-1
15.2108,veh4,drop_decision_no_action,12,15206,16904,-1,-1,-1,-1,-1
15.2391,veh4,drop_decision_no_action,6,15134,16829,-1,-1,-1,-1,-1
15.2671,veh4,drop_decision_no_action,5,15251,16962,-1,-1,-1,-1,-1
15.2713,veh4,drop_decision_no_action,10,15252,16963,-1,-1,-1,-1,-1
15.2713,veh4,drop_decision_no_action,10,15269,16963,-1,-1,-1,-1,-1
15.3051,veh4,drop_decision_no_action,9,15286,16997,-1,-1,-1,-1,-1
15.3108,veh4,drop_decision_no_action,12,15306,17012,-1,-1,-1,-1,-1
15.3416,veh4,drop_decision_no_action,11,15333,17045,-1,-1,-1,-1,-1
15.3543,veh4,drop_decision_no_action,6,15334,17047,-1,-1,-1,-1,-1
15.3616,veh4,drop_decision_no_action,11,15356,17075,-1,-1,-1,-1,-1
15.3666,veh4,drop_decision_no_action,3,15363,17085,-1,-1,-1,-1,-1
15.3671,veh4,drop_decision_no_action,5,15351,17067,-1,-1,-1,-1,-1
15.3713,veh4,drop_decision_no_action,10,15352,17068,-1,-1,-1,-1,-1
15.3731,veh4,drop_decision_no_action,7,15355,17074,-1,-1,-1,-1,-1
15.3851,veh4,drop_decision_no_action,9,15370,17102,-1,-1,-1,-1,-1
15.4051,veh4,drop_decision_no_action,9,15386,17135,-1,-1,-1,-1,-1
15.4108,veh4,drop_decision_no_action,12,15406,17155,-1,-1,-1,-1,-1
15.4713,veh4,drop_decision_no_action,10,15452,17201,-1,-1,-1,-1,-1
15.5011,veh4,drop_decision_no_action,8,15484,17225,-1,-1,-1,-1,-1
15.5051,veh4,drop_decision_no_action,9,15486,17228,-1,-1,-1,-1,-1
15.5071,veh4,drop_decision_no_action,5,15499,17237,-1,-1,-1,-1,-1
15.5108,veh4,drop_decision_no_action,12,15490,17232,-1,-1,-1,-1,-1
15.5108,veh4,drop_decision_no_action,12,15506,17232,-1,-1,-1,-1,-1
15.5543,veh4,drop_decision_no_action,6,15534,17293,-1,-1,-1,-1,-1
15.5666,veh4,drop_decision_no_action,3,15563,17317,-1,-1,-1,-1,-1
15.5713,veh4,drop_decision_no_action,10,15552,17306,-1,-1,-1,-1,-1
15.6051,veh4,drop_decision_no_action,9,15586,17347,-1,-1,-1,-1,-1
15.6108,veh4,drop_decision_no_action,12,15606,17366,-1,-1,-1,-1,-1
15.6331,veh4,drop_decision_no_action,7,15630,17400,-1,-1,-1,-1,-1
15.6671,veh4,drop_decision_no_action,5,15651,17424,-1,-1,-1,-1,-1
15.6713,veh4,drop_decision_no_action,10,15652,17425,-1,-1,-1,-1,-1
15.6713,veh4,drop_decision_no_action,10,15669,17425,-1,-1,-1,-1,-1
15.7051,veh4,drop_decision_no_action,9,15686,17459,-1,-1,-1,-1,-1
15.7543,veh4,drop_decision_no_action,6,15734,17503,-1,-1,-1,-1,-1
15.7616,veh4,drop_decision_no_action,11,15756,17520,-1,-1,-1,-1,-1
15.7666,veh4,drop_decision_no_action,3,15763,17530,-1,-1,-1,-1,-1
15.7713,veh4,drop_decision_no_action,10,15752,17513,-1,-1,-1,-1,-1
15.7731,veh4,drop_decision_no_action,7,15755,17519,-1,-1,-1,-1,-1
15.7851,veh4,drop_decision_no_action,9,15770,17543,-1,-1,-1,-1,-1
15.8051,veh4,drop_decision_no_action,9,15786,17573,-1,-1,-1,-1,-1
15.8713,veh4,drop_decision_no_action,10,15852,17631,-1,-1,-1,-1,-1
15.8978,veh4,drop_decision_no_action,8,15884,17656,-1,-1,-1,-1,-1
15.9038,veh4,drop_decision_no_action,5,15899,17671,-1,-1,-1,-1,-1
15.9051,veh4,drop_decision_no_action,9,15886,17659,-1,-1,-1,-1,-1
15.9068,veh4,drop_decision_no_action,3,15896,17666,-1,-1,-1,-1,-1
15.9091,veh4,drop_decision_no_action,12,15890,17662,-1,-1,-1,-1,-1
15.9543,veh4,drop_decision_no_action,6,15934,17733,-1,-1,-1,-1,-1
15.9638,veh4,drop_decision_no_action,5,15951,17743,-1,-1,-1,-1,-1
15.9713,veh4,drop_decision_no_action,10,15952,17744,-1,-1,-1,-1,-1
15.9768,veh4,drop_decision_no_action,3,15963,17758,-1,-1,-1,-1,-1
16.0051,veh4,drop_decision_no_action,9,15986,17793,-1,-1,-1,-1,-1
16.0091,veh4,drop_decision_no_action,12,16006,17812,-1,-1,-1,-1,-1
16.0343,veh4,drop_decision_no_action,6,16015,17829,-1,-1,-1,-1,-1
16.0703,veh4,drop_decision_no_action,10,16052,17861,-1,-1,-1,-1,-1
16.0703,veh4,drop_decision_no_action,10,16069,17861,-1,-1,-1,-1,-1
16.0978,veh4,drop_decision_no_action,8,16079,17885,-1,-1,-1,-1,-1
16.0991,veh4,drop_decision_no_action,2,16095,17895,-1,-1,-1,-1,-1
16.1091,veh4,drop_decision_no_action,12,16106,17917,-1,-1,-1,-1,-1
16.1391,veh4,drop_decision_no_action,2,16123,17943,-1,-1,-1,-1,-1
16.1543,veh4,drop_decision_no_action,6,16134,17949,-1,-1,-1,-1,-1
16.1616,veh4,drop_decision_no_action,11,16156,17973,-1,-1,-1,-1,-1
16.1703,veh4,drop_decision_no_action,10,16152,17966,-1,-1,-1,-1,-1
16.1731,veh4,drop_decision_no_action,7,16155,17972,-1,-1,-1,-1,-1
16.1768,veh4,drop_decision_no_action,3,16163,17985,-1,-1,-1,-1,-1
16.1836,veh4,drop_decision_no_action,9,16170,18001,-1,-1,-1,-1,-1
16.2703,veh4,drop_decision_no_action,10,16252,18086,-1,-1,-1,-1,-1
16.2978,veh4,drop_decision_no_action,8,16284,18111,-1,-1,-1,-1,-1
16.3038,veh4,drop_decision_no_action,5,16299,18125,-1,-1,-1,-1,-1
16.3091,veh4,drop_decision_no_action,12,16290,18118,-1,-1,-1,-1,-1
16.3488,veh4,drop_decision_no_action,11,16333,18179,-1,-1,-1,-1,-1
16.3506,veh4,drop_decision_no_action,6,16334,18180,-1,-1,-1,-1,-1
16.3668,veh4,drop_decision_no_action,3,16363,18211,-1,-1,-1,-1,-1
16.3703,veh4,drop_decision_no_action,10,16352,18198,-1,-1,-1,-1,-1
16.4331,veh4,drop_decision_no_action,7,16430,18280,-1,-1,-1,-1,-1
16.4703,veh4,drop_decision_no_action,10,16452,18300,-1,-1,-1,-1,-1
16.4703,veh4,drop_decision_no_action,10,16469,18300,-1,-1,-1,-1,-1
16.5038,veh4,drop_decision_no_action,5,16499,18335,-1,-1,-1,-1,-1
16.5506,veh4,drop_decision_no_action,6,16534,18378,-1,-1,-1,-1,-1
16.5668,veh4,drop_decision_no_action,3,16563,18404,-1,-1,-1,-1,-1
16.5688,veh4,drop_decision_no_action,11,16556,18398,-1,-1,-1,-1,-1
16.5703,veh4,drop_decision_no_action,10,16552,18393,-1,-1,-1,-1,-1
16.5731,veh4,drop_decision_no_action,7,16555,18397,-1,-1,-1,-1,-1
16.6091,veh4,drop_decision_no_action,12,16606,18474,-1,-1,-1,-1,-1
16.6331,veh4,drop_decision_no_action,7,16630,18508,-1,-1,-1,-1,-1
16.6638,veh4,drop_decision_no_action,5,16651,18531,-1,-1,-1,-1,-1
16.6703,veh4,drop_decision_no_action,10,16652,18532,-1,-1,-1,-1,-1
16.6836,veh4,drop_decision_no_action,9,16570,18417,-1,-1,-1,-1,-1
16.6978,veh4,drop_decision_no_action,8,16684,18565,-1,-1,-1,-1,-1
16.7038,veh4,drop_decision_no_action,5,16699,18582,-1,-1,-1,-1,-1
16.7091,veh4,drop_decision_no_action,12,16690,18571,-1,-1,-1,-1,-1
16.7413,veh4,drop_decision_no_action,7,16730,18631,-1,-1,-1,-1,-1
16.7488,veh4,drop_decision_no_action,11,16733,18633,-1,-1,-1,-1,-1
16.7506,veh4,drop_decision_no_action,6,16734,18634,-1,-1,-1,-1,-1
16.7703,veh4,drop_decision_no_action,10,16752,18659,-1,-1,-1,-1,-1
16.7796,veh4,drop_decision_no_action,3,16763,18674,-1,-1,-1,-1,-1
16.7986,veh4,drop_decision_no_action,9,16686,18566,-1,-1,-1,-1,-1
16.7986,veh4,drop_decision_no_action,9,16786,18696,-1,-1,-1,-1,-1
16.7991,veh4,drop_decision_no_action,2,16795,18705,-1,-1,-1,-1,-1
16.8703,veh4,drop_decision_no_action,10,16852,18762,-1,-1,-1,-1,-1
16.8703,veh4,drop_decision_no_action,10,16869,18762,-1,-1,-1,-1,-1
16.8796,veh4,drop_decision_no_action,3,16863,18770,-1,-1,-1,-1,-1
16.8986,veh4,drop_decision_no_action,9,16886,18792,-1,-1,-1,-1,-1
16.8991,veh4,drop_decision_no_action,2,16895,18801,-1,-1,-1,-1,-1
16.8996,veh4,drop_decision_no_action,3,16896,18802,-1,-1,-1,-1,-1
16.9038,veh4,drop_decision_no_action,5,16899,18814,-1,-1,-1,-1,-1
16.9506,veh4,drop_decision_no_action,6,16934,18863,-1,-1,-1,-1,-1
16.9613,veh4,drop_decision_no_action,7,16955,18882,-1,-1,-1,-1,-1
16.9623,veh4,drop_decision_no_action,11,16956,18883,-1,-1,-1,-1,-1
16.9661,veh4,drop_decision_no_action,10,16952,18879,-1,-1,-1,-1,-1
16.9786,veh4,drop_decision_no_action,9,16970,18909,-1,-1,-1,-1,-1
16.9796,veh4,drop_decision_no_action,3,16963,18897,-1,-1,-1,-1,-1
16.9978,veh4,drop_decision_no_action,8,16979,18927,-1,-1,-1,-1,-1
16.9986,veh4,drop_decision_no_action,9,16986,18934,-1,-1,-1,-1,-1
16.9991,veh4,drop_decision_no_action,2,16995,18945,-1,-1,-1,-1,-1
17.0306,veh4,drop_decision_no_action,6,17015,18987,-1,-1,-1,-1,-1
17.0661,veh4,drop_decision_no_action,10,17052,19018,-1,-1,-1,-1,-1
17.0796,veh4,drop_decision_no_action,3,17063,19026,-1,-1,-1,-1,-1
17.0898,veh4,drop_decision_no_action,8,17079,19044,-1,-1,-1,-1,-1
17.0898,veh4,drop_decision_no_action,8,17084,19044,-1,-1,-1,-1,-1
17.0986,veh4,drop_decision_no_action,9,17086,19050,-1,-1,-1,-1,-1
17.0991,veh4,drop_decision_no_action,2,17095,19062,-1,-1,-1,-1,-1
17.1038,veh4,drop_decision_no_action,5,17099,19072,-1,-1,-1,-1,-1
17.1058,veh4,drop_decision_no_action,12,17090,19058,-1,-1,-1,-1,-1
17.1258,veh4,drop_decision_no_action,12,17106,19090,-1,-1,-1,-1,-1
17.1391,veh4,drop_decision_no_action,2,17123,19123,-1,-1,-1,-1,-1
17.1506,veh4,drop_decision_no_action,6,17134,19134,-1,-1,-1,-1,-1
17.1661,veh4,drop_decision_no_action,10,17152,19160,-1,-1,-1,-1,-1
17.1796,veh4,drop_decision_no_action,3,17163,19169,-1,-1,-1,-1,-1
17.1986,veh4,drop_decision_no_action,9,17186,19193,-1,-1,-1,-1,-1
17.1991,veh4,drop_decision_no_action,2,17195,19201,-1,-1,-1,-1,-1
17.2258,veh4,drop_decision_no_action,12,17206,19219,-1,-1,-1,-1,-1
17.2661,veh4,drop_decision_no_action,10,17252,19266,-1,-1,-1,-1,-1
17.2796,veh4,drop_decision_no_action,3,17263,19273,-1,-1,-1,-1,-1
17.2861,veh4,drop_decision_no_action,10,17269,19280,-1,-1,-1,-1,-1
17.2986,veh4,drop_decision_no_action,9,17286,19299,-1,-1,-1,-1,-1
17.2991,veh4,drop_decision_no_action,2,17295,19311,-1,-1,-1,-1,-1
17.3038,veh4,drop_decision_no_action,5,17299,19321,-1,-1,-1,-1,-1
17.3423,veh4,drop_decision_no_action,11,17333,19366,-1,-1,-1,-1,-1
17.3506,veh4,drop_decision_no_action,6,17334,19367,-1,-1,-1,-1,-1
17.3613,veh4,drop_decision_no_action,7,17355,19390,-1,-1,-1,-1,-1
17.3623,veh4,drop_decision_no_action,11,17356,19391,-1,-1,-1,-1,-1
17.3661,veh4,drop_decision_no_action,10,17352,19386,-1,-1,-1,-1,-1
17.3786,veh4,drop_decision_no_action,9,17370,19419,-1,-1,-1,-1,-1
17.3796,veh4,drop_decision_no_action,3,17363,19406,-1,-1,-1,-1,-1
17.3986,veh4,drop_decision_no_action,9,17386,19443,-1,-1,-1,-1,-1
17.3991,veh4,drop_decision_no_action,2,17395,19455,-1,-1,-1,-1,-1
17.4661,veh4,drop_decision_no_action,10,17452,19512,-1,-1,-1,-1,-1
17.4796,veh4,drop_decision_no_action,3,17463,19519,-1,-1,-1,-1,-1
17.4898,veh4,drop_decision_no_action,8,17484,19540,-1,-1,-1,-1,-1
17.4986,veh4,drop_decision_no_action,9,17486,19543,-1,-1,-1,-1,-1
17.5038,veh4,drop_decision_no_action,5,17499,19561,-1,-1,-1,-1,-1
17.5058,veh4,drop_decision_no_action,12,17490,19550,-1,-1,-1,-1,-1
17.5506,veh4,drop_decision_no_action,6,17534,19612,-1,-1,-1,-1,-1
17.5613,veh4,drop_decision_no_action,7,17555,19632,-1,-1,-1,-1,-1
17.5661,veh4,drop_decision_no_action,10,17552,19628,-1,-1,-1,-1,-1
17.5986,veh4,drop_decision_no_action,9,17586,19666,-1,-1,-1,-1,-1
17.6151,veh4,drop_decision_no_action,2,17595,19678,-1,-1,-1,-1,-1
17.6258,veh4,drop_decision_no_action,12,17606,19690,-1,-1,-1,-1,-1
17.6413,veh4,drop_decision_no_action,7,17630,19726,-1,-1,-1,-1,-1
17.6661,veh4,drop_decision_no_action,10,17652,19750,-1,-1,-1,-1,-1
17.6686,veh4,drop_decision_no_action,5,17651,19748,-1,-1,-1,-1,-1
17.6796,veh4,drop_decision_no_action,3,17663,19757,-1,-1,-1,-1,-1
17.6861,veh4,drop_decision_no_action,10,17669,19768,-1,-1,-1,-1,-1
17.6986,veh4,drop_decision_no_action,9,17686,19790,-1,-1,-1,-1,-1
17.7151,veh4,drop_decision_no_action,2,17695,19804,-1,-1,-1,-1,-1
17.7178,veh4,drop_decision_no_action,5,17699,19811,-1,-1,-1,-1,-1
17.7258,veh4,drop_decision_no_action,12,17706,19818,-1,-1,-1,-1,-1
17.7493,veh4,drop_decision_no_action,6,17734,19862,-1,-1,-1,-1,-1
17.7603,veh4,drop_decision_no_action,7,17755,19886,-1,-1,-1,-1,-1
17.7651,veh4,drop_decision_no_action,11,17756,19887,-1,-1,-1,-1,-1
17.7661,veh4,drop_decision_no_action,10,17752,19881,-1,-1,-1,-1,-1
17.7778,veh4,drop_decision_no_action,9,17770,19913,-1,-1,-1,-1,-1
17.7978,veh4,drop_decision_no_action,9,17786,19932,-1,-1,-1,-1,-1
17.8151,veh4,drop_decision_no_action,2,17795,19940,-1,-1,-1,-1,-1
17.8258,veh4,drop_decision_no_action,12,17806,19953,-1,-1,-1,-1,-1
17.8661,veh4,drop_decision_no_action,10,17852,20003,-1,-1,-1,-1,-1
17.8796,veh4,drop_decision_no_action,3,17863,20009,-1,-1,-1,-1,-1
17.8911,veh4,drop_decision_no_action,8,17884,20030,-1,-1,-1,-1,-1
17.8978,veh4,drop_decision_no_action,9,17886,20034,-1,-1,-1,-1,-1
17.8996,veh4,drop_decision_no_action,3,17896,20048,-1,-1,-1,-1,-1
17.9058,veh4,drop_decision_no_action,12,17890,20042,-1,-1,-1,-1,-1
17.9086,veh4,drop_decision_no_action,5,17899,20056,-1,-1,-1,-1,-1
17.9493,veh4,drop_decision_no_action,6,17934,20111,-1,-1,-1,-1,-1
17.9603,veh4,drop_decision_no_action,7,17955,20132,-1,-1,-1,-1,-1
17.9661,veh4,drop_decision_no_action,10,17952,20127,-1,-1,-1,-1,-1
17.9978,veh4,drop_decision_no_action,9,17986,20165,-1,-1,-1,-1,-1
18.0151,veh4,drop_decision_no_action,2,17995,20170,-1,-1,-1,-1,-1
18.0258,veh4,drop_decision_no_action,12,18006,20183,-1,-1,-1,-1,-1
18.0293,veh4,drop_decision_no_action,6,18015,20197,-1,-1,-1,-1,-1
18.0578,veh4,drop_decision_no_action,10,18052,20241,-1,-1,-1,-1,-1
18.0656,veh4,drop_decision_no_action,3,18063,20251,-1,-1,-1,-1,-1
18.0778,veh4,drop_decision_no_action,10,18069,20265,-1,-1,-1,-1,-1
18.0911,veh4,drop_decision_no_action,8,18079,20275,-1,-1,-1,-1,-1
18.0978,veh4,drop_decision_no_action,9,18086,20282,-1,-1,-1,-1,-1
18.1086,veh4,drop_decision_no_action,5,18099,20299,-1,-1,-1,-1,-1
18.1151,veh4,drop_decision_no_action,2,18095,20292,-1,-1,-1,-1,-1
18.1258,veh4,drop_decision_no_action,12,18106,20310,-1,-1,-1,-1,-1
18.1351,veh4,drop_decision_no_action,2,18123,20337,-1,-1,-1,-1,-1
18.1451,veh4,drop_decision_no_action,11,18133,20355,-1,-1,-1,-1,-1
18.1493,veh4,drop_decision_no_action,6,18134,20356,-1,-1,-1,-1,-1
18.1578,veh4,drop_decision_no_action,10,18152,20386,-1,-1,-1,-1,-1
18.1603,veh4,drop_decision_no_action,7,18155,20394,-1,-1,-1,-1,-1
18.1651,veh4,drop_decision_no_action,11,18156,20395,-1,-1,-1,-1,-1
18.1778,veh4,drop_decision_no_action,9,18170,20422,-1,-1,-1,-1,-1
18.1978,veh4,drop_decision_no_action,9,18186,20440,-1,-1,-1,-1,-1
18.2151,veh4,drop_decision_no_action,2,18195,20448,-1,-1,-1,-1,-1
18.2578,veh4,drop_decision_no_action,10,18252,20503,-1,-1,-1,-1,-1
18.2656,veh4,drop_decision_no_action,3,18263,20514,-1,-1,-1,-1,-1
18.2671,veh4,crash_mode_restore,-1,-1,18446744073709551615,-1,-1,-1,-1,-1
18.2911,veh4,drop_decision_no_action,8,18284,20537,-1,-1,-1,-1,-1
18.2913,veh4,drop_decision_no_action,9,18286,20539,-1,-1,-1,-1,-1
18.3026,veh4,drop_decision_no_action,12,18290,20545,-1,-1,-1,-1,-1
18.3086,veh4,drop_decision_no_action,5,18299,20554,-1,-1,-1,-1,-1
18.3393,veh4,drop_decision_no_action,11,18333,20609,-1,-1,-1,-1,-1
18.3493,veh4,drop_decision_no_action,6,18334,20610,-1,-1,-1,-1,-1
18.3578,veh4,drop_decision_no_action,10,18352,20635,-1,-1,-1,-1,-1
18.3603,veh4,drop_decision_no_action,7,18355,20641,-1,-1,-1,-1,-1
18.3911,veh4,drop_decision_no_action,8,18379,20670,-1,-1,-1,-1,-1
18.4151,veh4,drop_decision_no_action,2,18395,20682,-1,-1,-1,-1,-1
18.4151,veh4,crash_mode_forced_speed,2,18395,20682,-1,-1,-1,-1,30
18.4578,veh4,drop_decision_no_action,10,18452,20742,-1,-1,-1,-1,-1
18.4656,veh4,drop_decision_no_action,3,18463,20753,-1,-1,-1,-1,-1
18.4778,veh4,drop_decision_no_action,10,18469,20765,-1,-1,-1,-1,-1
18.4913,veh4,drop_decision_no_action,9,18486,20781,-1,-1,-1,-1,-1
18.5086,veh4,drop_decision_no_action,5,18499,20795,-1,-1,-1,-1,-1
18.5493,veh4,drop_decision_no_action,6,18534,20839,-1,-1,-1,-1,-1
18.5578,veh4,drop_decision_no_action,10,18552,20857,-1,-1,-1,-1,-1
18.5593,veh4,drop_decision_no_action,11,18556,20863,-1,-1,-1,-1,-1
18.5603,veh4,drop_decision_no_action,7,18555,20862,-1,-1,-1,-1,-1
18.5656,veh4,drop_decision_no_action,3,18563,20880,-1,-1,-1,-1,-1
18.5978,veh4,drop_decision_no_action,2,18595,20927,-1,-1,-1,-1,-1
18.6393,veh4,drop_decision_no_action,11,18633,20977,-1,-1,-1,-1,-1
18.6403,veh4,drop_decision_no_action,7,18630,20975,-1,-1,-1,-1,-1
18.6578,veh4,drop_decision_no_action,10,18652,21003,-1,-1,-1,-1,-1
18.6656,veh4,drop_decision_no_action,3,18663,21016,-1,-1,-1,-1,-1
18.6686,veh4,drop_decision_no_action,5,18651,21002,-1,-1,-1,-1,-1
18.6913,veh4,drop_decision_no_action,9,18586,20918,-1,-1,-1,-1,-1
18.6913,veh4,drop_decision_no_action,9,18686,21047,-1,-1,-1,-1,-1
18.6943,veh4,drop_decision_no_action,8,18684,21045,-1,-1,-1,-1,-1
18.7086,veh4,drop_decision_no_action,5,18699,21062,-1,-1,-1,-1,-1
18.7493,veh4,drop_decision_no_action,6,18734,21117,-1,-1,-1,-1,-1
18.7578,veh4,drop_decision_no_action,10,18752,21135,-1,-1,-1,-1,-1
18.7603,veh4,drop_decision_no_action,7,18755,21140,-1,-1,-1,-1,-1
18.7656,veh4,drop_decision_no_action,3,18763,21155,-1,-1,-1,-1,-1
18.8026,veh4,drop_decision_no_action,12,18690,21050,-1,-1,-1,-1,-1
18.8578,veh4,drop_decision_no_action,10,18852,21233,-1,-1,-1,-1,-1
18.8736,veh4,drop_decision_no_action,3,18863,21247,-1,-1,-1,-1,-1
18.8778,veh4,drop_decision_no_action,10,18869,21251,-1,-1,-1,-1,-1
18.9006,veh4,drop_decision_no_action,5,18899,21286,-1,-1,-1,-1,-1
18.9136,veh4,drop_decision_no_action,3,18896,21281,-1,-1,-1,-1,-1
18.9423,veh4,drop_decision_no_action,6,18934,21332,-1,-1,-1,-1,-1
18.9578,veh4,drop_decision_no_action,10,18952,21349,-1,-1,-1,-1,-1
18.9593,veh4,drop_decision_no_action,11,18956,21354,-1,-1,-1,-1,-1
18.9603,veh4,drop_decision_no_action,7,18955,21353,-1,-1,-1,-1,-1
18.9736,veh4,drop_decision_no_action,3,18963,21375,-1,-1,-1,-1,-1
19.0223,veh4,drop_decision_no_action,6,19015,21433,-1,-1,-1,-1,-1
19.0423,veh4,drop_decision_no_action,6,19034,21452,-1,-1,-1,-1,-1
19.0578,veh4,drop_decision_no_action,10,19052,21469,-1,-1,-1,-1,-1
19.0943,veh4,drop_decision_no_action,8,19079,21497,-1,-1,-1,-1,-1
19.0943,veh4,drop_decision_no_action,8,19084,21497,-1,-1,-1,-1,-1
19.0978,veh4,drop_decision_no_action,2,19095,21511,-1,-1,-1,-1,-1
19.1006,veh4,drop_decision_no_action,5,19099,21520,-1,-1,-1,-1,-1
19.1378,veh4,drop_decision_no_action,2,19123,21565,-1,-1,-1,-1,-1
19.1423,veh4,drop_decision_no_action,6,19134,21575,-1,-1,-1,-1,-1
19.1593,veh4,drop_decision_no_action,10,19152,21597,-1,-1,-1,-1,-1
19.1603,veh4,drop_decision_no_action,7,19155,21601,-1,-1,-1,-1,-1
19.1736,veh4,drop_decision_no_action,3,19163,21618,-1,-1,-1,-1,-1
19.1978,veh4,drop_decision_no_action,12,19090,21503,-1,-1,-1,-1,-1
19.1978,veh4,drop_decision_no_action,12,19106,21537,-1,-1,-1,-1,-1
19.2178,veh4,drop_decision_no_action,12,19206,21656,-1,-1,-1,-1,-1
19.2423,veh4,drop_decision_no_action,6,19234,21686,-1,-1,-1,-1,-1
19.2593,veh4,drop_decision_no_action,10,19252,21700,-1,-1,-1,-1,-1
19.2793,veh4,drop_decision_no_action,10,19269,21719,-1,-1,-1,-1,-1
19.2943,veh4,drop_decision_no_action,8,19284,21735,-1,-1,-1,-1,-1
19.3006,veh4,drop_decision_no_action,5,19299,21752,-1,-1,-1,-1,-1
19.3178,veh4,drop_decision_no_action,12,19306,21762,-1,-1,-1,-1,-1
19.3346,veh4,drop_decision_no_action,11,19333,21795,-1,-1,-1,-1,-1
19.3423,veh4,drop_decision_no_action,6,19334,21798,-1,-1,-1,-1,-1
19.3593,veh4,drop_decision_no_action,10,19352,21819,-1,-1,-1,-1,-1
19.3736,veh4,drop_decision_no_action,3,19363,21837,-1,-1,-1,-1,-1
19.3743,veh4,drop_decision_no_action,7,19355,21824,-1,-1,-1,-1,-1
19.3746,veh4,drop_decision_no_action,11,19356,21825,-1,-1,-1,-1,-1
19.4423,veh4,drop_decision_no_action,6,19434,21917,-1,-1,-1,-1,-1
19.4903,veh4,drop_decision_no_action,9,19370,21842,-1,-1,-1,-1,-1
19.4943,veh4,drop_decision_no_action,8,19484,21953,-1,-1,-1,-1,-1
19.4978,veh4,drop_decision_no_action,12,19490,21956,-1,-1,-1,-1,-1
19.5006,veh4,drop_decision_no_action,5,19499,21969,-1,-1,-1,-1,-1
19.5423,veh4,drop_decision_no_action,6,19534,22011,-1,-1,-1,-1,-1
19.5743,veh4,drop_decision_no_action,7,19555,22029,-1,-1,-1,-1,-1
19.5748,veh4,drop_decision_no_action,3,19563,22038,-1,-1,-1,-1,-1
19.6343,veh4,drop_decision_no_action,7,19630,22103,-1,-1,-1,-1,-1
19.6423,veh4,drop_decision_no_action,6,19634,22109,-1,-1,-1,-1,-1
19.6606,veh4,drop_decision_no_action,5,19651,22129,-1,-1,-1,-1,-1
19.6793,veh4,drop_decision_no_action,10,19669,22145,-1,-1,-1,-1,-1
19.6903,veh4,drop_decision_no_action,9,19686,22166,-1,-1,-1,-1,-1
19.6978,veh4,drop_decision_no_action,8,19684,22164,-1,-1,-1,-1,-1
19.7006,veh4,drop_decision_no_action,5,19699,22186,-1,-1,-1,-1,-1
19.7643,veh4,drop_decision_no_action,7,19755,22238,-1,-1,-1,-1,-1
19.7746,veh4,drop_decision_no_action,11,19756,22239,-1,-1,-1,-1,-1
19.7748,veh4,drop_decision_no_action,3,19763,22245,-1,-1,-1,-1,-1
19.7903,veh4,drop_decision_no_action,9,19770,22252,-1,-1,-1,-1,-1
19.8403,veh4,drop_decision_no_action,6,19834,22320,-1,-1,-1,-1,-1
19.8593,veh4,drop_decision_no_action,10,19852,22338,-1,-1,-1,-1,-1
19.8978,veh4,drop_decision_no_action,8,19884,22366,-1,-1,-1,-1,-1
19.8978,veh4,drop_decision_no_action,12,19890,22370,-1,-1,-1,-1,-1
19.9148,veh4,drop_decision_no_action,3,19896,22374,-1,-1,-1,-1,-1
19.9163,veh4,drop_decision_no_action,5,19899,22382,-1,-1,-1,-1,-1
19.9593,veh4,drop_decision_no_action,10,19952,22442,-1,-1,-1,-1,-1
19.9643,veh4,drop_decision_no_action,7,19955,22445,-1,-1,-1,-1,-1
19.9748,veh4,drop_decision_no_action,3,19963,22454,-1,-1,-1,-1,-1
20.0203,veh4,drop_decision_no_action,6,20015,22505,-1,-1,-1,-1,-1
20.0403,veh4,drop_decision_no_action,6,20034,22525,-1,-1,-1,-1,-1
20.0748,veh4,drop_decision_no_action,3,20063,22552,-1,-1,-1,-1,-1
20.0793,veh4,drop_decision_no_action,10,20069,22556,-1,-1,-1,-1,-1
20.0883,veh4,drop_decision_no_action,9,20086,22579,-1,-1,-1,-1,-1
20.0978,veh4,drop_decision_no_action,8,20079,22569,-1,-1,-1,-1,-1
20.0978,veh4,drop_decision_no_action,8,20084,22569,-1,-1,-1,-1,-1
20.1073,veh4,drop_decision_no_action,2,20095,22593,-1,-1,-1,-1,-1
20.1163,veh4,drop_decision_no_action,5,20099,22602,-1,-1,-1,-1,-1
20.1178,veh4,drop_decision_no_action,12,20106,22608,-1,-1,-1,-1,-1
20.1273,veh4,drop_decision_no_action,2,20123,22639,-1,-1,-1,-1,-1
20.1643,veh4,drop_decision_no_action,7,20155,22675,-1,-1,-1,-1,-1
20.1701,veh4,drop_decision_no_action,11,20156,22677,-1,-1,-1,-1,-1
20.1748,veh4,drop_decision_no_action,3,20163,22682,-1,-1,-1,-1,-1
20.1883,veh4,drop_decision_no_action,9,20170,22692,-1,-1,-1,-1,-1
20.2163,veh4,drop_decision_no_action,5,20199,22733,-1,-1,-1,-1,-1
20.2403,veh4,drop_decision_no_action,6,20234,22766,-1,-1,-1,-1,-1
20.2748,veh4,drop_decision_no_action,3,20263,22791,-1,-1,-1,-1,-1
20.2978,veh4,drop_decision_no_action,8,20284,22811,-1,-1,-1,-1,-1
20.2978,veh4,drop_decision_no_action,12,20290,22816,-1,-1,-1,-1,-1
20.3163,veh4,drop_decision_no_action,5,20299,22826,-1,-1,-1,-1,-1
20.3501,veh4,drop_decision_no_action,11,20333,22869,-1,-1,-1,-1,-1
20.3643,veh4,drop_decision_no_action,7,20355,22888,-1,-1,-1,-1,-1
20.3748,veh4,drop_decision_no_action,3,20363,22895,-1,-1,-1,-1,-1
20.3883,veh4,drop_decision_no_action,9,20370,22903,-1,-1,-1,-1,-1
20.4191,veh4,drop_decision_no_action,5,20399,22939,-1,-1,-1,-1,-1
20.4403,veh4,drop_decision_no_action,6,20434,22972,-1,-1,-1,-1,-1
20.4748,veh4,drop_decision_no_action,3,20463,22997,-1,-1,-1,-1,-1
20.4793,veh4,drop_decision_no_action,10,20469,23001,-1,-1,-1,-1,-1
20.4978,veh4,drop_decision_no_action,8,20484,23021,-1,-1,-1,-1,-1
20.5191,veh4,drop_decision_no_action,5,20499,23035,-1,-1,-1,-1,-1
20.5673,veh4,drop_decision_no_action,7,20555,23087,-1,-1,-1,-1,-1
20.5701,veh4,drop_decision_no_action,11,20556,23088,-1,-1,-1,-1,-1
20.5883,veh4,drop_decision_no_action,9,20570,23103,-1,-1,-1,-1,-1
20.6191,veh4,drop_decision_no_action,5,20599,23140,-1,-1,-1,-1,-1
20.6406,veh4,drop_decision_no_action,6,20634,23180,-1,-1,-1,-1,-1
20.6473,veh4,drop_decision_no_action,7,20630,23178,-1,-1,-1,-1,-1
20.6591,veh4,drop_decision_no_action,5,20651,23201,-1,-1,-1,-1,-1
20.6651,veh4,drop_decision_no_action,3,20663,23214,-1,-1,-1,-1,-1
20.6883,veh4,drop_decision_no_action,9,20686,23239,-1,-1,-1,-1,-1
20.6933,veh4,drop_decision_no_action,8,20684,23237,-1,-1,-1,-1,-1
20.7023,veh4,drop_decision_no_action,12,20690,23249,-1,-1,-1,-1,-1
20.7191,veh4,drop_decision_no_action,5,20699,23258,-1,-1,-1,-1,-1
20.7406,veh4,drop_decision_no_action,6,20734,23307,-1,-1,-1,-1,-1
20.7673,veh4,drop_decision_no_action,7,20755,23326,-1,-1,-1,-1,-1
20.7883,veh4,drop_decision_no_action,9,20770,23339,-1,-1,-1,-1,-1
20.8191,veh4,drop_decision_no_action,5,20799,23365,-1,-1,-1,-1,-1
20.8406,veh4,drop_decision_no_action,6,20834,23395,-1,-1,-1,-1,-1
20.8501,veh4,drop_decision_no_action,11,20833,23394,-1,-1,-1,-1,-1
20.8651,veh4,drop_decision_no_action,3,20863,23425,-1,-1,-1,-1,-1
20.8668,veh4,drop_decision_no_action,10,20852,23416,-1,-1,-1,-1,-1
20.8868,veh4,drop_decision_no_action,10,20869,23437,-1,-1,-1,-1,-1
20.8933,veh4,drop_decision_no_action,8,20884,23452,-1,-1,-1,-1,-1
20.9051,veh4,drop_decision_no_action,3,20896,23470,-1,-1,-1,-1,-1
20.9406,veh4,drop_decision_no_action,6,20934,23505,-1,-1,-1,-1,-1
20.9673,veh4,drop_decision_no_action,7,20955,23524,-1,-1,-1,-1,-1
20.9701,veh4,drop_decision_no_action,11,20956,23525,-1,-1,-1,-1,-1
20.9883,veh4,drop_decision_no_action,9,20970,23540,-1,-1,-1,-1,-1
21.0071,veh4,drop_decision_no_action,2,20995,23569,-1,-1,-1,-1,-1
21.0191,veh4,drop_decision_no_action,5,20999,23572,-1,-1,-1,-1,-1
21.0206,veh4,drop_decision_no_action,6,21015,23591,-1,-1,-1,-1,-1
21.0406,veh4,drop_decision_no_action,6,21034,23624,-1,-1,-1,-1,-1
21.0651,veh4,drop_decision_no_action,3,21063,23646,-1,-1,-1,-1,-1
21.0933,veh4,drop_decision_no_action,8,21079,23662,-1,-1,-1,-1,-1
21.0933,veh4,drop_decision_no_action,8,21084,23662,-1,-1,-1,-1,-1
21.1023,veh4,drop_decision_no_action,12,21090,23674,-1,-1,-1,-1,-1
21.1071,veh4,drop_decision_no_action,2,21095,23678,-1,-1,-1,-1,-1
21.1223,veh4,drop_decision_no_action,12,21106,23688,-1,-1,-1,-1,-1
21.1271,veh4,drop_decision_no_action,2,21123,23716,-1,-1,-1,-1,-1
21.1406,veh4,drop_decision_no_action,6,21134,23732,-1,-1,-1,-1,-1
21.1651,veh4,drop_decision_no_action,3,21163,23760,-1,-1,-1,-1,-1
21.1673,veh4,drop_decision_no_action,7,21155,23755,-1,-1,-1,-1,-1
21.1883,veh4,drop_decision_no_action,9,21170,23771,-1,-1,-1,-1,-1
21.2191,veh4,drop_decision_no_action,5,21199,23803,-1,-1,-1,-1,-1
21.2651,veh4,drop_decision_no_action,3,21263,23848,-1,-1,-1,-1,-1
21.2673,veh4,drop_decision_no_action,7,21255,23842,-1,-1,-1,-1,-1
21.2786,veh4,drop_decision_no_action,10,21269,23858,-1,-1,-1,-1,-1
21.2933,veh4,drop_decision_no_action,8,21284,23877,-1,-1,-1,-1,-1
21.3358,veh4,drop_decision_no_action,6,21334,23919,-1,-1,-1,-1,-1
21.3391,veh4,drop_decision_no_action,11,21333,23918,-1,-1,-1,-1,-1
21.3591,veh4,drop_decision_no_action,11,21356,23946,-1,-1,-1,-1,-1
21.3651,veh4,drop_decision_no_action,3,21363,23954,-1,-1,-1,-1,-1
21.3673,veh4,drop_decision_no_action,7,21355,23945,-1,-1,-1,-1,-1
21.3803,veh4,drop_decision_no_action,9,21370,23965,-1,-1,-1,-1,-1
21.4191,veh4,drop_decision_no_action,5,21399,24003,-1,-1,-1,-1,-1
21.4611,veh4,drop_decision_no_action,7,21455,24049,-1,-1,-1,-1,-1
21.4651,veh4,drop_decision_no_action,3,21463,24058,-1,-1,-1,-1,-1
21.4786,veh4,drop_decision_no_action,10,21469,24063,-1,-1,-1,-1,-1
21.4938,veh4,drop_decision_no_action,8,21484,24085,-1,-1,-1,-1,-1
21.5023,veh4,drop_decision_no_action,12,21490,24090,-1,-1,-1,-1,-1
21.5358,veh4,drop_decision_no_action,6,21534,24132,-1,-1,-1,-1,-1
21.5611,veh4,drop_decision_no_action,7,21555,24153,-1,-1,-1,-1,-1
21.5651,veh4,drop_decision_no_action,3,21563,24161,-1,-1,-1,-1,-1
21.5803,veh4,drop_decision_no_action,9,21570,24167,-1,-1,-1,-1,-1
21.6158,veh4,drop_decision_no_action,5,21599,24202,-1,-1,-1,-1,-1
21.6411,veh4,drop_decision_no_action,7,21630,24234,-1,-1,-1,-1,-1
21.6558,veh4,drop_decision_no_action,5,21651,24248,-1,-1,-1,-1,-1
21.6611,veh4,drop_decision_no_action,7,21655,24259,-1,-1,-1,-1,-1
21.6671,veh4,drop_decision_no_action,3,21663,24268,-1,-1,-1,-1,-1
21.6746,veh4,drop_decision_no_action,10,21669,24279,-1,-1,-1,-1,-1
21.6938,veh4,drop_decision_no_action,8,21684,24300,-1,-1,-1,-1,-1
21.7003,veh4,drop_decision_no_action,9,21686,24302,-1,-1,-1,-1,-1
21.7358,veh4,drop_decision_no_action,6,21734,24347,-1,-1,-1,-1,-1
21.7591,veh4,drop_decision_no_action,11,21756,24370,-1,-1,-1,-1,-1
21.7611,veh4,drop_decision_no_action,7,21755,24369,-1,-1,-1,-1,-1
21.7803,veh4,drop_decision_no_action,9,21770,24382,-1,-1,-1,-1,-1
21.8158,veh4,drop_decision_no_action,5,21799,24416,-1,-1,-1,-1,-1
21.8546,veh4,drop_decision_no_action,10,21852,24459,-1,-1,-1,-1,-1
21.8671,veh4,drop_decision_no_action,3,21863,24471,-1,-1,-1,-1,-1
21.8746,veh4,drop_decision_no_action,10,21869,24482,-1,-1,-1,-1,-1
21.8931,veh4,drop_decision_no_action,12,21890,24505,-1,-1,-1,-1,-1
21.8938,veh4,drop_decision_no_action,8,21884,24498,-1,-1,-1,-1,-1
21.9071,veh4,drop_decision_no_action,3,21896,24516,-1,-1,-1,-1,-1
21.9158,veh4,drop_decision_no_action,5,21899,24520,-1,-1,-1,-1,-1
21.9358,veh4,drop_decision_no_action,6,21934,24562,-1,-1,-1,-1,-1
21.9391,veh4,drop_decision_no_action,11,21933,24561,-1,-1,-1,-1,-1
21.9611,veh4,drop_decision_no_action,7,21955,24590,-1,-1,-1,-1,-1
21.9803,veh4,drop_decision_no_action,9,21970,24600,-1,-1,-1,-1,-1
22.0158,veh4,drop_decision_no_action,5,21999,24630,-1,-1,-1,-1,-1
22.0358,veh4,drop_decision_no_action,6,22015,24643,-1,-1,-1,-1,-1
22.0671,veh4,drop_decision_no_action,3,22063,24681,-1,-1,-1,-1,-1
22.0746,veh4,drop_decision_no_action,10,22069,24689,-1,-1,-1,-1,-1
22.0938,veh4,drop_decision_no_action,8,22079,24700,-1,-1,-1,-1,-1
22.0938,veh4,drop_decision_no_action,8,22084,24700,-1,-1,-1,-1,-1
22.1061,veh4,drop_decision_no_action,2,22095,24718,-1,-1,-1,-1,-1
22.1131,veh4,drop_decision_no_action,12,22106,24734,-1,-1,-1,-1,-1
22.1158,veh4,drop_decision_no_action,5,22099,24723,-1,-1,-1,-1,-1
22.1261,veh4,drop_decision_no_action,2,22123,24758,-1,-1,-1,-1,-1
22.1358,veh4,drop_decision_no_action,6,22134,24772,-1,-1,-1,-1,-1
22.1591,veh4,drop_decision_no_action,11,22156,24799,-1,-1,-1,-1,-1
22.1611,veh4,drop_decision_no_action,7,22155,24798,-1,-1,-1,-1,-1
22.1803,veh4,drop_decision_no_action,9,22170,24811,-1,-1,-1,-1,-1
22.2158,veh4,drop_decision_no_action,5,22199,24845,-1,-1,-1,-1,-1
22.2358,veh4,drop_decision_no_action,6,22234,24871,-1,-1,-1,-1,-1
22.2671,veh4,drop_decision_no_action,3,22263,24896,-1,-1,-1,-1,-1
22.2746,veh4,drop_decision_no_action,10,22269,24904,-1,-1,-1,-1,-1
22.2931,veh4,drop_decision_no_action,12,22290,24926,-1,-1,-1,-1,-1
22.2938,veh4,drop_decision_no_action,8,22284,24919,-1,-1,-1,-1,-1
22.3158,veh4,drop_decision_no_action,5,22299,24940,-1,-1,-1,-1,-1
22.3358,veh4,drop_decision_no_action,6,22334,24975,-1,-1,-1,-1,-1
22.3391,veh4,drop_decision_no_action,11,22333,24974,-1,-1,-1,-1,-1
22.3608,veh4,drop_decision_no_action,7,22355,25003,-1,-1,-1,-1,-1
22.3803,veh4,drop_decision_no_action,9,22370,25015,-1,-1,-1,-1,-1
22.4358,veh4,drop_decision_no_action,6,22434,25069,-1,-1,-1,-1,-1
22.4671,veh4,drop_decision_no_action,3,22463,25095,-1,-1,-1,-1,-1
22.4746,veh4,drop_decision_no_action,10,22469,25102,-1,-1,-1,-1,-1
22.4938,veh4,drop_decision_no_action,8,22484,25118,-1,-1,-1,-1,-1
22.5158,veh4,drop_decision_no_action,5,22499,25135,-1,-1,-1,-1,-1
22.5358,veh4,drop_decision_no_action,6,22534,25163,-1,-1,-1,-1,-1
22.5591,veh4,drop_decision_no_action,11,22556,25186,-1,-1,-1,-1,-1
22.5608,veh4,drop_decision_no_action,7,22555,25185,-1,-1,-1,-1,-1
22.5803,veh4,drop_decision_no_action,9,22570,25201,-1,-1,-1,-1,-1
22.6358,veh4,drop_decision_no_action,6,22634,25259,-1,-1,-1,-1,-1
22.6408,veh4,drop_decision_no_action,7,22630,25258,-1,-1,-1,-1,-1
22.6558,veh4,drop_decision_no_action,5,22651,25281,-1,-1,-1,-1,-1
22.6671,veh4,drop_decision_no_action,3,22663,25297,-1,-1,-1,-1,-1
22.6746,veh4,drop_decision_no_action,10,22669,25308,-1,-1,-1,-1,-1
22.6853,veh4,drop_decision_no_action,8,22684,25323,-1,-1,-1,-1,-1
22.6978,veh4,drop_decision_no_action,9,22686,25330,-1,-1,-1,-1,-1
22.6988,veh4,drop_decision_no_action,12,22690,25335,-1,-1,-1,-1,-1
22.7158,veh4,drop_decision_no_action,5,22699,25349,-1,-1,-1,-1,-1
22.7608,veh4,drop_decision_no_action,7,22755,25398,-1,-1,-1,-1,-1
22.7671,veh4,drop_decision_no_action,3,22763,25408,-1,-1,-1,-1,-1
22.7778,veh4,drop_decision_no_action,9,22770,25417,-1,-1,-1,-1,-1
22.8371,veh4,drop_decision_no_action,6,22834,25465,-1,-1,-1,-1,-1
22.8546,veh4,drop_decision_no_action,10,22852,25483,-1,-1,-1,-1,-1
22.8608,veh4,drop_decision_no_action,7,22855,25488,-1,-1,-1,-1,-1
22.8671,veh4,drop_decision_no_action,3,22863,25498,-1,-1,-1,-1,-1
22.8746,veh4,drop_decision_no_action,10,22869,25508,-1,-1,-1,-1,-1
22.8853,veh4,drop_decision_no_action,8,22884,25529,-1,-1,-1,-1,-1
22.9071,veh4,drop_decision_no_action,3,22896,25543,-1,-1,-1,-1,-1
22.9141,veh4,drop_decision_no_action,5,22899,25550,-1,-1,-1,-1,-1
22.9596,veh4,drop_decision_no_action,11,22956,25605,-1,-1,-1,-1,-1
22.9608,veh4,drop_decision_no_action,7,22955,25604,-1,-1,-1,-1,-1
22.9646,veh4,drop_decision_no_action,3,22963,25618,-1,-1,-1,-1,-1
22.9778,veh4,drop_decision_no_action,9,22970,25630,-1,-1,-1,-1,-1
22.9853,veh4,drop_decision_no_action,8,22984,25649,-1,-1,-1,-1,-1
23.0171,veh4,drop_decision_no_action,6,23015,25686,-1,-1,-1,-1,-1
23.0188,veh4,drop_decision_no_action,12,23006,25675,-1,-1,-1,-1,-1
23.0371,veh4,drop_decision_no_action,6,23034,25711,-1,-1,-1,-1,-1
23.0608,veh4,drop_decision_no_action,7,23055,25731,-1,-1,-1,-1,-1
23.0646,veh4,drop_decision_no_action,3,23063,25741,-1,-1,-1,-1,-1
23.0746,veh4,drop_decision_no_action,10,23069,25751,-1,-1,-1,-1,-1
23.0853,veh4,drop_decision_no_action,8,23079,25766,-1,-1,-1,-1,-1
23.0853,veh4,drop_decision_no_action,8,23084,25766,-1,-1,-1,-1,-1
23.0981,veh4,drop_decision_no_action,2,23095,25783,-1,-1,-1,-1,-1
23.0988,veh4,drop_decision_no_action,12,23090,25779,-1,-1,-1,-1,-1
23.1141,veh4,drop_decision_no_action,5,23099,25794,-1,-1,-1,-1,-1
23.1151,veh4,drop_decision_no_action,12,23106,25807,-1,-1,-1,-1,-1
23.1381,veh4,drop_decision_no_action,2,23123,25831,-1,-1,-1,-1,-1
23.1608,veh4,drop_decision_no_action,7,23155,25860,-1,-1,-1,-1,-1
23.1646,veh4,drop_decision_no_action,3,23163,25869,-1,-1,-1,-1,-1
23.1778,veh4,drop_decision_no_action,9,23170,25880,-1,-1,-1,-1,-1
23.1853,veh4,drop_decision_no_action,8,23184,25896,-1,-1,-1,-1,-1
23.2141,veh4,drop_decision_no_action,5,23199,25915,-1,-1,-1,-1,-1
23.2371,veh4,drop_decision_no_action,6,23234,25950,-1,-1,-1,-1,-1
23.2608,veh4,drop_decision_no_action,7,23255,25971,-1,-1,-1,-1,-1
23.2646,veh4,drop_decision_no_action,3,23263,25980,-1,-1,-1,-1,-1
23.2746,veh4,drop_decision_no_action,10,23269,25989,-1,-1,-1,-1,-1
23.2898,veh4,drop_decision_no_action,8,23284,26006,-1,-1,-1,-1,-1
23.3141,veh4,drop_decision_no_action,5,23299,26026,-1,-1,-1,-1,-1
23.3371,veh4,drop_decision_no_action,6,23334,26054,-1,-1,-1,-1,-1
23.3396,veh4,drop_decision_no_action,11,23333,26052,-1,-1,-1,-1,-1
23.3596,veh4,drop_decision_no_action,11,23356,26083,-1,-1,-1,-1,-1
23.3646,veh4,drop_decision_no_action,7,23355,26081,-1,-1,-1,-1,-1
23.3778,veh4,drop_decision_no_action,9,23370,26099,-1,-1,-1,-1,-1
23.3898,veh4,drop_decision_no_action,8,23384,26117,-1,-1,-1,-1,-1
23.4141,veh4,drop_decision_no_action,5,23399,26137,-1,-1,-1,-1,-1
23.4371,veh4,drop_decision_no_action,6,23434,26172,-1,-1,-1,-1,-1
23.4646,veh4,drop_decision_no_action,3,23463,26197,-1,-1,-1,-1,-1
23.4746,veh4,drop_decision_no_action,10,23469,26207,-1,-1,-1,-1,-1
23.4951,veh4,drop_decision_no_action,12,23490,26227,-1,-1,-1,-1,-1
23.5141,veh4,drop_decision_no_action,5,23499,26239,-1,-1,-1,-1,-1
23.5371,veh4,drop_decision_no_action,6,23534,26268,-1,-1,-1,-1,-1
23.5578,veh4,drop_decision_no_action,11,23556,26291,-1,-1,-1,-1,-1
23.5646,veh4,drop_decision_no_action,7,23555,26290,-1,-1,-1,-1,-1
23.5778,veh4,drop_decision_no_action,9,23570,26307,-1,-1,-1,-1,-1
23.5898,veh4,drop_decision_no_action,8,23584,26324,-1,-1,-1,-1,-1
23.6141,veh4,drop_decision_no_action,5,23599,26352,-1,-1,-1,-1,-1
23.6371,veh4,drop_decision_no_action,6,23634,26380,-1,-1,-1,-1,-1
23.6446,veh4,drop_decision_no_action,7,23630,26377,-1,-1,-1,-1,-1
23.6541,veh4,drop_decision_no_action,5,23651,26400,-1,-1,-1,-1,-1
23.6746,veh4,drop_decision_no_action,10,23669,26422,-1,-1,-1,-1,-1
23.6756,veh4,drop_decision_no_action,3,23663,26417,-1,-1,-1,-1,-1
23.6978,veh4,drop_decision_no_action,9,23686,26442,-1,-1,-1,-1,-1
23.7141,veh4,drop_decision_no_action,5,23699,26461,-1,-1,-1,-1,-1
23.7513,veh4,drop_decision_no_action,6,23734,26499,-1,-1,-1,-1,-1
23.7578,veh4,drop_decision_no_action,11,23756,26518,-1,-1,-1,-1,-1
23.7646,veh4,drop_decision_no_action,7,23755,26517,-1,-1,-1,-1,-1
23.7778,veh4,drop_decision_no_action,9,23770,26537,-1,-1,-1,-1,-1
23.7898,veh4,drop_decision_no_action,8,23784,26554,-1,-1,-1,-1,-1
23.8141,veh4,drop_decision_no_action,5,23799,26573,-1,-1,-1,-1,-1
23.8513,veh4,drop_decision_no_action,6,23834,26602,-1,-1,-1,-1,-1
23.8603,veh4,drop_decision_no_action,10,23852,26616,-1,-1,-1,-1,-1
23.8756,veh4,drop_decision_no_action,3,23863,26628,-1,-1,-1,-1,-1
23.8803,veh4,drop_decision_no_action,10,23869,26637,-1,-1,-1,-1,-1
23.8951,veh4,drop_decision_no_action,12,23890,26662,-1,-1,-1,-1,-1
23.9156,veh4,drop_decision_no_action,3,23896,26672,-1,-1,-1,-1,-1
23.9513,veh4,drop_decision_no_action,6,23934,26705,-1,-1,-1,-1,-1
23.9578,veh4,drop_decision_no_action,11,23956,26724,-1,-1,-1,-1,-1
23.9646,veh4,drop_decision_no_action,7,23955,26723,-1,-1,-1,-1,-1
23.9721,veh4,drop_decision_no_action,9,23970,26743,-1,-1,-1,-1,-1
23.9871,veh4,drop_decision_no_action,8,23984,26765,-1,-1,-1,-1,-1
24.0171,veh4,drop_decision_no_action,5,23999,26782,-1,-1,-1,-1,-1
24.0313,veh4,drop_decision_no_action,6,24015,26792,-1,-1,-1,-1,-1
24.0513,veh4,drop_decision_no_action,6,24034,26812,-1,-1,-1,-1,-1
24.0721,veh4,drop_decision_no_action,9,24070,26845,-1,-1,-1,-1,-1
24.0756,veh4,drop_decision_no_action,3,24063,26841,-1,-1,-1,-1,-1
24.0803,veh4,drop_decision_no_action,10,24069,26844,-1,-1,-1,-1,-1
24.0871,veh4,drop_decision_no_action,8,24079,26863,-1,-1,-1,-1,-1
24.1113,veh4,drop_decision_no_action,12,24106,26897,-1,-1,-1,-1,-1
24.1123,veh4,drop_decision_no_action,2,24095,26886,-1,-1,-1,-1,-1
24.1323,veh4,drop_decision_no_action,2,24123,26919,-1,-1,-1,-1,-1
24.1578,veh4,drop_decision_no_action,11,24156,26949,-1,-1,-1,-1,-1
24.1721,veh4,drop_decision_no_action,9,24170,26970,-1,-1,-1,-1,-1
24.1871,veh4,drop_decision_no_action,8,24184,26988,-1,-1,-1,-1,-1
24.2171,veh4,drop_decision_no_action,5,24199,27005,-1,-1,-1,-1,-1
24.2513,veh4,drop_decision_no_action,6,24234,27031,-1,-1,-1,-1,-1
24.2721,veh4,drop_decision_no_action,9,24270,27060,-1,-1,-1,-1,-1
24.2756,veh4,drop_decision_no_action,3,24263,27055,-1,-1,-1,-1,-1
24.2803,veh4,drop_decision_no_action,10,24269,27059,-1,-1,-1,-1,-1
24.2913,veh4,drop_decision_no_action,12,24290,27091,-1,-1,-1,-1,-1
24.3378,veh4,drop_decision_no_action,11,24333,27126,-1,-1,-1,-1,-1
24.3578,veh4,drop_decision_no_action,11,24356,27147,-1,-1,-1,-1,-1
24.3721,veh4,drop_decision_no_action,9,24370,27168,-1,-1,-1,-1,-1
24.3871,veh4,drop_decision_no_action,8,24384,27186,-1,-1,-1,-1,-1
24.4151,veh4,crash_mode_restore,-1,-1,18446744073709551615,-1,-1,-1,-1,-1
24.4171,veh4,drop_decision_no_action,5,24399,27203,-1,-1,-1,-1,-1
24.4513,veh4,drop_decision_no_action,6,24434,27237,-1,-1,-1,-1,-1
24.4721,veh4,drop_decision_no_action,9,24470,27274,-1,-1,-1,-1,-1
24.4756,veh4,drop_decision_no_action,3,24463,27268,-1,-1,-1,-1,-1
24.4803,veh4,drop_decision_no_action,10,24469,27273,-1,-1,-1,-1,-1
24.4871,veh4,drop_decision_no_action,8,24484,27297,-1,-1,-1,-1,-1
24.4913,veh4,drop_decision_no_action,12,24490,27308,-1,-1,-1,-1,-1
24.5171,veh4,drop_decision_no_action,5,24499,27325,-1,-1,-1,-1,-1
24.5578,veh4,drop_decision_no_action,7,24455,27254,-1,-1,-1,-1,-1
24.5578,veh4,drop_decision_no_action,11,24556,27369,-1,-1,-1,-1,-1
24.5578,veh4,crash_mode_forced_speed,11,24556,27369,-1,-1,-1,-1,30
24.5721,veh4,drop_decision_no_action,9,24570,27390,-1,-1,-1,-1,-1
24.5871,veh4,drop_decision_no_action,8,24584,27408,-1,-1,-1,-1,-1
24.6171,veh4,drop_decision_no_action,5,24599,27426,-1,-1,-1,-1,-1
24.6513,veh4,drop_decision_no_action,6,24634,27460,-1,-1,-1,-1,-1
24.6571,veh4,drop_decision_no_action,5,24651,27480,-1,-1,-1,-1,-1
24.6803,veh4,drop_decision_no_action,10,24669,27511,-1,-1,-1,-1,-1
24.6816,veh4,drop_decision_no_action,3,24663,27503,-1,-1,-1,-1,-1
24.6871,veh4,drop_decision_no_action,8,24684,27526,-1,-1,-1,-1,-1
24.6913,veh4,drop_decision_no_action,12,24690,27541,-1,-1,-1,-1,-1
24.6921,veh4,drop_decision_no_action,9,24686,27528,-1,-1,-1,-1,-1
24.7171,veh4,drop_decision_no_action,5,24699,27562,-1,-1,-1,-1,-1
24.7378,veh4,drop_decision_no_action,7,24630,27456,-1,-1,-1,-1,-1
24.7378,veh4,drop_decision_no_action,7,24655,27485,-1,-1,-1,-1,-1
24.7696,veh4,drop_decision_no_action,11,24756,27606,-1,-1,-1,-1,-1
24.7721,veh4,drop_decision_no_action,9,24770,27629,-1,-1,-1,-1,-1
24.7871,veh4,drop_decision_no_action,8,24784,27646,-1,-1,-1,-1,-1
24.8171,veh4,drop_decision_no_action,5,24799,27662,-1,-1,-1,-1,-1
24.8493,veh4,drop_decision_no_action,6,24834,27697,-1,-1,-1,-1,-1
24.8603,veh4,drop_decision_no_action,10,24852,27711,-1,-1,-1,-1,-1
24.8816,veh4,drop_decision_no_action,3,24863,27725,-1,-1,-1,-1,-1
24.8893,veh4,drop_decision_no_action,10,24869,27733,-1,-1,-1,-1,-1
24.8913,veh4,drop_decision_no_action,12,24890,27761,-1,-1,-1,-1,-1
24.9016,veh4,drop_decision_no_action,3,24896,27767,-1,-1,-1,-1,-1
24.9026,veh4,drop_decision_no_action,8,24884,27750,-1,-1,-1,-1,-1
24.9171,veh4,drop_decision_no_action,5,24899,27771,-1,-1,-1,-1,-1
24.9493,veh4,drop_decision_no_action,6,24934,27816,-1,-1,-1,-1,-1
24.9763,veh4,drop_decision_no_action,11,24956,27834,-1,-1,-1,-1,-1
24.9811,veh4,drop_decision_no_action,9,24970,27854,-1,-1,-1,-1,-1
25.0026,veh4,drop_decision_no_action,8,24984,27869,-1,-1,-1,-1,-1
25.0293,veh4,drop_decision_no_action,6,25015,27897,-1,-1,-1,-1,-1
25.0493,veh4,drop_decision_no_action,6,25034,27915,-1,-1,-1,-1,-1
25.0578,veh4,drop_decision_no_action,7,24955,27832,-1,-1,-1,-1,-1
25.0803,veh4,drop_decision_no_action,10,25069,27950,-1,-1,-1,-1,-1
25.0816,veh4,drop_decision_no_action,3,25063,27945,-1,-1,-1,-1,-1
25.0826,veh4,drop_decision_no_action,8,25079,27955,-1,-1,-1,-1,-1
25.0913,veh4,drop_decision_no_action,12,25090,27977,-1,-1,-1,-1,-1
25.1016,veh4,drop_decision_no_action,2,25095,27984,-1,-1,-1,-1,-1
25.1076,veh4,drop_decision_no_action,5,25099,27991,-1,-1,-1,-1,-1
25.1113,veh4,drop_decision_no_action,12,25106,28008,-1,-1,-1,-1,-1
25.1416,veh4,drop_decision_no_action,2,25123,28033,-1,-1,-1,-1,-1
25.1493,veh4,drop_decision_no_action,6,25134,28039,-1,-1,-1,-1,-1
25.1563,veh4,drop_decision_no_action,7,25155,28062,-1,-1,-1,-1,-1
25.1763,veh4,drop_decision_no_action,11,25156,28068,-1,-1,-1,-1,-1
25.1803,veh4,drop_decision_no_action,10,25169,28085,-1,-1,-1,-1,-1
25.1811,veh4,drop_decision_no_action,9,25170,28086,-1,-1,-1,-1,-1
25.2026,veh4,drop_decision_no_action,8,25184,28102,-1,-1,-1,-1,-1
25.2493,veh4,drop_decision_no_action,6,25234,28150,-1,-1,-1,-1,-1
25.2701,veh4,drop_decision_no_action,3,25263,28175,-1,-1,-1,-1,-1
25.2723,veh4,drop_decision_no_action,10,25269,28180,-1,-1,-1,-1,-1
25.3068,veh4,drop_decision_no_action,12,25290,28207,-1,-1,-1,-1,-1
25.3076,veh4,drop_decision_no_action,5,25299,28212,-1,-1,-1,-1,-1
25.3363,veh4,drop_decision_no_action,11,25333,28246,-1,-1,-1,-1,-1
25.3493,veh4,drop_decision_no_action,6,25334,28247,-1,-1,-1,-1,-1
25.3563,veh4,drop_decision_no_action,7,25355,28270,-1,-1,-1,-1,-1
25.3723,veh4,drop_decision_no_action,10,25369,28291,-1,-1,-1,-1,-1
25.3763,veh4,drop_decision_no_action,11,25356,28276,-1,-1,-1,-1,-1
25.3811,veh4,drop_decision_no_action,9,25370,28293,-1,-1,-1,-1,-1
25.4026,veh4,drop_decision_no_action,8,25384,28310,-1,-1,-1,-1,-1
25.4513,veh4,drop_decision_no_action,6,25434,28366,-1,-1,-1,-1,-1
25.4563,veh4,drop_decision_no_action,7,25455,28381,-1,-1,-1,-1,-1
25.4701,veh4,drop_decision_no_action,3,25463,28398,-1,-1,-1,-1,-1
25.4723,veh4,drop_decision_no_action,10,25469,28402,-1,-1,-1,-1,-1
25.5068,veh4,drop_decision_no_action,12,25490,28429,-1,-1,-1,-1,-1
25.5076,veh4,drop_decision_no_action,5,25499,28434,-1,-1,-1,-1,-1
25.5563,veh4,drop_decision_no_action,7,25555,28488,-1,-1,-1,-1,-1
25.5723,veh4,drop_decision_no_action,10,25569,28505,-1,-1,-1,-1,-1
25.5763,veh4,drop_decision_no_action,11,25556,28494,-1,-1,-1,-1,-1
25.5811,veh4,drop_decision_no_action,9,25570,28507,-1,-1,-1,-1,-1
25.5988,veh4,drop_decision_no_action,8,25584,28524,-1,-1,-1,-1,-1
25.6363,veh4,drop_decision_no_action,7,25630,28578,-1,-1,-1,-1,-1
25.6513,veh4,drop_decision_no_action,6,25634,28581,-1,-1,-1,-1,-1
25.6563,veh4,drop_decision_no_action,7,25655,28604,-1,-1,-1,-1,-1
25.6676,veh4,drop_decision_no_action,5,25651,28601,-1,-1,-1,-1,-1
25.6701,veh4,drop_decision_no_action,3,25663,28621,-1,-1,-1,-1,-1
25.6723,veh4,drop_decision_no_action,10,25669,28628,-1,-1,-1,-1,-1
25.6811,veh4,drop_decision_no_action,9,25670,28634,-1,-1,-1,-1,-1
25.7011,veh4,drop_decision_no_action,9,25686,28658,-1,-1,-1,-1,-1
25.7068,veh4,drop_decision_no_action,12,25690,28667,-1,-1,-1,-1,-1
25.7076,veh4,drop_decision_no_action,5,25699,28674,-1,-1,-1,-1,-1
25.7606,veh4,drop_decision_no_action,7,25755,28727,-1,-1,-1,-1,-1
25.7763,veh4,drop_decision_no_action,11,25756,28729,-1,-1,-1,-1,-1
25.7811,veh4,drop_decision_no_action,9,25770,28745,-1,-1,-1,-1,-1
25.7988,veh4,drop_decision_no_action,8,25784,28759,-1,-1,-1,-1,-1
25.8513,veh4,drop_decision_no_action,6,25834,28803,-1,-1,-1,-1,-1
25.8566,veh4,drop_decision_no_action,10,25852,28816,-1,-1,-1,-1,-1
25.8606,veh4,drop_decision_no_action,7,25855,28820,-1,-1,-1,-1,-1
25.8643,veh4,drop_decision_no_action,3,25863,28837,-1,-1,-1,-1,-1
25.8758,veh4,drop_decision_no_action,9,25870,28851,-1,-1,-1,-1,-1
25.8766,veh4,drop_decision_no_action,10,25869,28850,-1,-1,-1,-1,-1
25.8988,veh4,drop_decision_no_action,8,25884,28872,-1,-1,-1,-1,-1
25.9043,veh4,drop_decision_no_action,3,25896,28888,-1,-1,-1,-1,-1
25.9068,veh4,drop_decision_no_action,12,25890,28883,-1,-1,-1,-1,-1
25.9076,veh4,drop_decision_no_action,5,25899,28893,-1,-1,-1,-1,-1
25.9606,veh4,drop_decision_no_action,7,25955,28950,-1,-1,-1,-1,-1
25.9758,veh4,drop_decision_no_action,9,25970,28967,-1,-1,-1,-1,-1
25.9763,veh4,drop_decision_no_action,11,25956,28953,-1,-1,-1,-1,-1
25.9988,veh4,drop_decision_no_action,8,25984,28982,-1,-1,-1,-1,-1
26.0076,veh4,drop_decision_no_action,5,25999,29002,-1,-1,-1,-1,-1
26.0313,veh4,drop_decision_no_action,6,26015,29022,-1,-1,-1,-1,-1
26.0513,veh4,drop_decision_no_action,6,26034,29036,-1,-1,-1,-1,-1
26.0643,veh4,drop_decision_no_action,3,26063,29065,-1,-1,-1,-1,-1
26.0758,veh4,drop_decision_no_action,9,26070,29073,-1,-1,-1,-1,-1
26.0766,veh4,drop_decision_no_action,10,26069,29072,-1,-1,-1,-1,-1
26.0988,veh4,drop_decision_no_action,8,26079,29090,-1,-1,-1,-1,-1
26.0988,veh4,drop_decision_no_action,8,26084,29090,-1,-1,-1,-1,-1
26.1068,veh4,drop_decision_no_action,12,26090,29106,-1,-1,-1,-1,-1
26.1068,veh4,drop_decision_no_action,12,26106,29106,-1,-1,-1,-1,-1
26.1076,veh4,drop_decision_no_action,5,26099,29116,-1,-1,-1,-1,-1
26.1138,veh4,drop_decision_no_action,2,26095,29109,-1,-1,-1,-1,-1
26.1338,veh4,drop_decision_no_action,2,26123,29155,-1,-1,-1,-1,-1
26.1606,veh4,drop_decision_no_action,7,26155,29182,-1,-1,-1,-1,-1
26.1763,veh4,drop_decision_no_action,11,26156,29185,-1,-1,-1,-1,-1
26.1988,veh4,drop_decision_no_action,8,26184,29210,-1,-1,-1,-1,-1
26.2076,veh4,drop_decision_no_action,5,26199,29226,-1,-1,-1,-1,-1
26.2471,veh4,drop_decision_no_action,6,26234,29258,-1,-1,-1,-1,-1
26.2643,veh4,drop_decision_no_action,3,26263,29282,-1,-1,-1,-1,-1
26.2758,veh4,drop_decision_no_action,9,26270,29290,-1,-1,-1,-1,-1
26.2766,veh4,drop_decision_no_action,10,26269,29288,-1,-1,-1,-1,-1
26.2866,veh4,drop_decision_no_action,8,26284,29311,-1,-1,-1,-1,-1
26.3068,veh4,drop_decision_no_action,12,26290,29325,-1,-1,-1,-1,-1
26.3098,veh4,drop_decision_no_action,5,26299,29335,-1,-1,-1,-1,-1
26.3438,veh4,drop_decision_no_action,11,26333,29370,-1,-1,-1,-1,-1
26.3638,veh4,drop_decision_no_action,11,26356,29392,-1,-1,-1,-1,-1
26.3726,veh4,drop_decision_no_action,7,26355,29390,-1,-1,-1,-1,-1
26.3866,veh4,drop_decision_no_action,8,26384,29418,-1,-1,-1,-1,-1
26.4098,veh4,drop_decision_no_action,5,26399,29437,-1,-1,-1,-1,-1
26.4471,veh4,drop_decision_no_action,6,26434,29473,-1,-1,-1,-1,-1
26.4643,veh4,drop_decision_no_action,3,26463,29496,-1,-1,-1,-1,-1
26.4716,veh4,drop_decision_no_action,10,26469,29503,-1,-1,-1,-1,-1
26.4758,veh4,drop_decision_no_action,9,26470,29505,-1,-1,-1,-1,-1
26.5068,veh4,drop_decision_no_action,12,26490,29536,-1,-1,-1,-1,-1
26.5098,veh4,drop_decision_no_action,5,26499,29542,-1,-1,-1,-1,-1
26.5638,veh4,drop_decision_no_action,11,26556,29590,-1,-1,-1,-1,-1
26.5726,veh4,drop_decision_no_action,7,26555,29589,-1,-1,-1,-1,-1
26.5866,veh4,drop_decision_no_action,8,26584,29616,-1,-1,-1,-1,-1
26.6326,veh4,drop_decision_no_action,7,26630,29675,-1,-1,-1,-1,-1
26.6471,veh4,drop_decision_no_action,6,26634,29682,-1,-1,-1,-1,-1
26.6643,veh4,drop_decision_no_action,3,26663,29711,-1,-1,-1,-1,-1
26.6716,veh4,drop_decision_no_action,10,26669,29717,-1,-1,-1,-1,-1
26.6723,veh4,drop_decision_no_action,9,26670,29721,-1,-1,-1,-1,-1
26.6923,veh4,drop_decision_no_action,9,26686,29753,-1,-1,-1,-1,-1
26.6971,veh4,drop_decision_no_action,12,26690,29758,-1,-1,-1,-1,-1
26.7638,veh4,drop_decision_no_action,11,26756,29819,-1,-1,-1,-1,-1
26.7698,veh4,drop_decision_no_action,5,26651,29699,-1,-1,-1,-1,-1
26.7698,veh4,drop_decision_no_action,5,26699,29774,-1,-1,-1,-1,-1
26.7716,veh4,drop_decision_no_action,10,26769,29832,-1,-1,-1,-1,-1
26.7726,veh4,drop_decision_no_action,7,26755,29818,-1,-1,-1,-1,-1
26.7866,veh4,drop_decision_no_action,8,26784,29854,-1,-1,-1,-1,-1
26.8406,veh4,drop_decision_no_action,6,26834,29894,-1,-1,-1,-1,-1
26.8638,veh4,drop_decision_no_action,11,26856,29914,-1,-1,-1,-1,-1
26.8716,veh4,drop_decision_no_action,10,26852,29910,-1,-1,-1,-1,-1
26.8716,veh4,drop_decision_no_action,10,26869,29910,-1,-1,-1,-1,-1
26.8723,veh4,drop_decision_no_action,9,26870,29931,-1,-1,-1,-1,-1
26.8808,veh4,drop_decision_no_action,3,26863,29922,-1,-1,-1,-1,-1
26.8971,veh4,drop_decision_no_action,12,26890,29960,-1,-1,-1,-1,-1
26.9003,veh4,drop_decision_no_action,5,26899,29975,-1,-1,-1,-1,-1
26.9008,veh4,drop_decision_no_action,3,26896,29968,-1,-1,-1,-1,-1
26.9723,veh4,drop_decision_no_action,11,26956,30027,-1,-1,-1,-1,-1
26.9726,veh4,drop_decision_no_action,7,26955,30026,-1,-1,-1,-1,-1
26.9866,veh4,drop_decision_no_action,8,26984,30055,-1,-1,-1,-1,-1
26.9886,veh4,drop_decision_no_action,10,26969,30035,-1,-1,-1,-1,-1
27.0206,veh4,drop_decision_no_action,6,27015,30091,-1,-1,-1,-1,-1
27.0406,veh4,drop_decision_no_action,6,27034,30109,-1,-1,-1,-1,-1
27.0723,veh4,drop_decision_no_action,9,27070,30140,-1,-1,-1,-1,-1
27.0723,veh4,drop_decision_no_action,11,27056,30130,-1,-1,-1,-1,-1
27.0726,veh4,drop_decision_no_action,7,27055,30129,-1,-1,-1,-1,-1
27.0808,veh4,drop_decision_no_action,3,27063,30136,-1,-1,-1,-1,-1
27.0866,veh4,drop_decision_no_action,8,27079,30160,-1,-1,-1,-1,-1
27.0866,veh4,drop_decision_no_action,8,27084,30160,-1,-1,-1,-1,-1
27.0886,veh4,drop_decision_no_action,10,27069,30139,-1,-1,-1,-1,-1
27.0971,veh4,drop_decision_no_action,12,27090,30182,-1,-1,-1,-1,-1
27.1003,veh4,drop_decision_no_action,5,27099,30205,-1,-1,-1,-1,-1
27.1138,veh4,drop_decision_no_action,2,27095,30192,-1,-1,-1,-1,-1
27.1171,veh4,drop_decision_no_action,12,27106,30218,-1,-1,-1,-1,-1
27.1338,veh4,drop_decision_no_action,2,27123,30248,-1,-1,-1,-1,-1
27.1723,veh4,drop_decision_no_action,11,27156,30274,-1,-1,-1,-1,-1
27.1726,veh4,drop_decision_no_action,7,27155,30273,-1,-1,-1,-1,-1
27.1726,veh4,drop_decision_no_action,9,27170,30283,-1,-1,-1,-1,-1
27.1866,veh4,drop_decision_no_action,8,27184,30309,-1,-1,-1,-1,-1
27.1886,veh4,drop_decision_no_action,10,27169,30282,-1,-1,-1,-1,-1
27.2406,veh4,drop_decision_no_action,6,27234,30357,-1,-1,-1,-1,-1
27.2723,veh4,drop_decision_no_action,11,27256,30377,-1,-1,-1,-1,-1
27.2726,veh4,drop_decision_no_action,7,27255,30376,-1,-1,-1,-1,-1
27.2726,veh4,drop_decision_no_action,9,27270,30387,-1,-1,-1,-1,-1
27.2808,veh4,drop_decision_no_action,3,27263,30383,-1,-1,-1,-1,-1
27.2866,veh4,drop_decision_no_action,8,27284,30415,-1,-1,-1,-1,-1
27.2886,veh4,drop_decision_no_action,10,27269,30386,-1,-1,-1,-1,-1
27.2971,veh4,drop_decision_no_action,12,27290,30428,-1,-1,-1,-1,-1
27.3003,veh4,drop_decision_no_action,5,27299,30450,-1,-1,-1,-1,-1
27.3523,veh4,drop_decision_no_action,11,27333,30484,-1,-1,-1,-1,-1
27.3723,veh4,drop_decision_no_action,11,27356,30500,-1,-1,-1,-1,-1
27.3726,veh4,drop_decision_no_action,7,27355,30499,-1,-1,-1,-1,-1
27.3726,veh4,drop_decision_no_action,9,27370,30513,-1,-1,-1,-1,-1
27.3891,veh4,drop_decision_no_action,8,27384,30538,-1,-1,-1,-1,-1
27.4406,veh4,drop_decision_no_action,6,27434,30587,-1,-1,-1,-1,-1
27.4726,veh4,drop_decision_no_action,7,27455,30606,-1,-1,-1,-1,-1
27.4726,veh4,drop_decision_no_action,9,27470,30617,-1,-1,-1,-1,-1
27.4793,veh4,drop_decision_no_action,3,27463,30612,-1,-1,-1,-1,-1
27.4886,veh4,drop_decision_no_action,10,27469,30616,-1,-1,-1,-1,-1
27.4891,veh4,drop_decision_no_action,8,27484,30639,-1,-1,-1,-1,-1
27.4971,veh4,drop_decision_no_action,12,27490,30652,-1,-1,-1,-1,-1
27.5003,veh4,drop_decision_no_action,5,27499,30674,-1,-1,-1,-1,-1
27.5723,veh4,drop_decision_no_action,11,27556,30718,-1,-1,-1,-1,-1
27.5726,veh4,drop_decision_no_action,7,27555,30717,-1,-1,-1,-1,-1
27.5726,veh4,drop_decision_no_action,9,27570,30727,-1,-1,-1,-1,-1
27.5891,veh4,drop_decision_no_action,8,27584,30752,-1,-1,-1,-1,-1
27.6371,veh4,drop_decision_no_action,7,27630,30798,-1,-1,-1,-1,-1
27.6406,veh4,drop_decision_no_action,6,27634,30801,-1,-1,-1,-1,-1
27.6603,veh4,drop_decision_no_action,5,27651,30824,-1,-1,-1,-1,-1
27.6726,veh4,drop_decision_no_action,9,27670,30843,-1,-1,-1,-1,-1
27.6793,veh4,drop_decision_no_action,3,27663,30837,-1,-1,-1,-1,-1
27.6886,veh4,drop_decision_no_action,10,27669,30842,-1,-1,-1,-1,-1
27.6891,veh4,drop_decision_no_action,8,27684,30864,-1,-1,-1,-1,-1
27.6926,veh4,drop_decision_no_action,9,27686,30867,-1,-1,-1,-1,-1
27.6971,veh4,drop_decision_no_action,12,27690,30875,-1,-1,-1,-1,-1
27.7003,veh4,drop_decision_no_action,5,27699,30901,-1,-1,-1,-1,-1
27.7571,veh4,drop_decision_no_action,7,27755,30955,-1,-1,-1,-1,-1
27.7723,veh4,drop_decision_no_action,11,27756,30956,-1,-1,-1,-1,-1
27.7891,veh4,drop_decision_no_action,8,27784,30986,-1,-1,-1,-1,-1
27.8406,veh4,drop_decision_no_action,6,27834,31023,-1,-1,-1,-1,-1
27.8686,veh4,drop_decision_no_action,10,27852,31040,-1,-1,-1,-1,-1
27.8726,veh4,drop_decision_no_action,9,27870,31056,-1,-1,-1,-1,-1
27.8793,veh4,drop_decision_no_action,3,27863,31048,-1,-1,-1,-1,-1
27.8886,veh4,drop_decision_no_action,10,27869,31055,-1,-1,-1,-1,-1
27.8993,veh4,drop_decision_no_action,3,27896,31094,-1,-1,-1,-1,-1
27.9003,veh4,drop_decision_no_action,5,27899,31102,-1,-1,-1,-1,-1
27.9051,veh4,drop_decision_no_action,12,27890,31086,-1,-1,-1,-1,-1
27.9571,veh4,drop_decision_no_action,7,27955,31153,-1,-1,-1,-1,-1
27.9723,veh4,drop_decision_no_action,11,27956,31154,-1,-1,-1,-1,-1
27.9891,veh4,drop_decision_no_action,8,27984,31184,-1,-1,-1,-1,-1
28.0051,veh4,drop_decision_no_action,12,27990,31192,-1,-1,-1,-1,-1
28.0188,veh4,drop_decision_no_action,6,28015,31215,-1,-1,-1,-1,-1
28.0388,veh4,drop_decision_no_action,6,28034,31236,-1,-1,-1,-1,-1
28.0726,veh4,drop_decision_no_action,9,28070,31267,-1,-1,-1,-1,-1
28.0793,veh4,drop_decision_no_action,3,28063,31262,-1,-1,-1,-1,-1
28.0838,veh4,drop_decision_no_action,10,28069,31266,-1,-1,-1,-1,-1
28.0891,veh4,drop_decision_no_action,8,28079,31280,-1,-1,-1,-1,-1
28.1033,veh4,drop_decision_no_action,5,28099,31316,-1,-1,-1,-1,-1
28.1051,veh4,drop_decision_no_action,12,28090,31295,-1,-1,-1,-1,-1
28.1051,veh4,drop_decision_no_action,2,28095,31306,-1,-1,-1,-1,-1
28.1251,veh4,drop_decision_no_action,12,28106,31327,-1,-1,-1,-1,-1
28.1251,veh4,drop_decision_no_action,2,28123,31352,-1,-1,-1,-1,-1
28.1571,veh4,drop_decision_no_action,7,28155,31383,-1,-1,-1,-1,-1
28.1728,veh4,drop_decision_no_action,11,28156,31384,-1,-1,-1,-1,-1
28.1891,veh4,drop_decision_no_action,8,28184,31416,-1,-1,-1,-1,-1
28.2051,veh4,drop_decision_no_action,12,28190,31422,-1,-1,-1,-1,-1
28.2388,veh4,drop_decision_no_action,6,28234,31459,-1,-1,-1,-1,-1
28.2796,veh4,drop_decision_no_action,3,28263,31484,-1,-1,-1,-1,-1
28.2838,veh4,drop_decision_no_action,10,28269,31488,-1,-1,-1,-1,-1
28.2901,veh4,drop_decision_no_action,9,28270,31490,-1,-1,-1,-1,-1
28.3033,veh4,drop_decision_no_action,5,28299,31524,-1,-1,-1,-1,-1
28.3051,veh4,drop_decision_no_action,12,28290,31512,-1,-1,-1,-1,-1
28.3528,veh4,drop_decision_no_action,11,28333,31562,-1,-1,-1,-1,-1
28.3571,veh4,drop_decision_no_action,7,28355,31577,-1,-1,-1,-1,-1
28.3728,veh4,drop_decision_no_action,11,28356,31578,-1,-1,-1,-1,-1
28.3838,veh4,drop_decision_no_action,10,28369,31599,-1,-1,-1,-1,-1
28.3891,veh4,drop_decision_no_action,8,28384,31618,-1,-1,-1,-1,-1
28.3901,veh4,drop_decision_no_action,9,28370,31601,-1,-1,-1,-1,-1
28.4051,veh4,drop_decision_no_action,12,28390,31627,-1,-1,-1,-1,-1
28.4388,veh4,drop_decision_no_action,6,28434,31681,-1,-1,-1,-1,-1
28.4728,veh4,drop_decision_no_action,11,28456,31700,-1,-1,-1,-1,-1
28.4796,veh4,drop_decision_no_action,3,28463,31708,-1,-1,-1,-1,-1
28.4838,veh4,drop_decision_no_action,10,28469,31711,-1,-1,-1,-1,-1
28.4901,veh4,drop_decision_no_action,9,28470,31713,-1,-1,-1,-1,-1
28.5033,veh4,drop_decision_no_action,5,28499,31753,-1,-1,-1,-1,-1
28.5051,veh4,drop_decision_no_action,12,28490,31742,-1,-1,-1,-1,-1
28.5571,veh4,drop_decision_no_action,7,28555,31803,-1,-1,-1,-1,-1
28.5728,veh4,drop_decision_no_action,11,28556,31804,-1,-1,-1,-1,-1
28.5838,veh4,drop_decision_no_action,10,28569,31821,-1,-1,-1,-1,-1
28.5901,veh4,drop_decision_no_action,9,28570,31823,-1,-1,-1,-1,-1
28.6011,veh4,drop_decision_no_action,8,28584,31842,-1,-1,-1,-1,-1
28.6028,veh4,drop_decision_no_action,12,28590,31848,-1,-1,-1,-1,-1
28.6371,veh4,drop_decision_no_action,7,28630,31902,-1,-1,-1,-1,-1
28.6411,veh4,drop_decision_no_action,6,28634,31904,-1,-1,-1,-1,-1
28.6633,veh4,drop_decision_no_action,5,28651,31928,-1,-1,-1,-1,-1
28.6728,veh4,drop_decision_no_action,11,28656,31931,-1,-1,-1,-1,-1
28.6796,veh4,drop_decision_no_action,3,28663,31942,-1,-1,-1,-1,-1
28.6838,veh4,drop_decision_no_action,10,28669,31945,-1,-1,-1,-1,-1
28.6901,veh4,drop_decision_no_action,9,28670,31947,-1,-1,-1,-1,-1
28.6901,veh4,drop_decision_no_action,9,28686,31947,-1,-1,-1,-1,-1
28.7011,veh4,drop_decision_no_action,8,28684,31972,-1,-1,-1,-1,-1
28.7016,veh4,drop_decision_no_action,5,28699,31992,-1,-1,-1,-1,-1
28.7663,veh4,drop_decision_no_action,7,28755,32043,-1,-1,-1,-1,-1
28.7728,veh4,drop_decision_no_action,11,28756,32044,-1,-1,-1,-1,-1
28.7901,veh4,drop_decision_no_action,9,28770,32061,-1,-1,-1,-1,-1
28.8011,veh4,drop_decision_no_action,8,28784,32079,-1,-1,-1,-1,-1
28.8028,veh4,drop_decision_no_action,12,28790,32084,-1,-1,-1,-1,-1
28.8411,veh4,drop_decision_no_action,6,28834,32135,-1,-1,-1,-1,-1
28.8638,veh4,drop_decision_no_action,10,28852,32152,-1,-1,-1,-1,-1
28.8728,veh4,drop_decision_no_action,11,28856,32155,-1,-1,-1,-1,-1
28.8796,veh4,drop_decision_no_action,3,28863,32166,-1,-1,-1,-1,-1
28.8838,veh4,drop_decision_no_action,10,28869,32168,-1,-1,-1,-1,-1
28.8901,veh4,drop_decision_no_action,9,28870,32170,-1,-1,-1,-1,-1
28.8996,veh4,drop_decision_no_action,3,28896,32211,-1,-1,-1,-1,-1
28.9011,veh4,drop_decision_no_action,8,28884,32196,-1,-1,-1,-1,-1
28.9016,veh4,drop_decision_no_action,5,28899,32217,-1,-1,-1,-1,-1
28.9663,veh4,drop_decision_no_action,7,28955,32273,-1,-1,-1,-1,-1
28.9728,veh4,drop_decision_no_action,11,28956,32274,-1,-1,-1,-1,-1
29.0011,veh4,drop_decision_no_action,8,28984,32308,-1,-1,-1,-1,-1
29.0028,veh4,drop_decision_no_action,12,28990,32311,-1,-1,-1,-1,-1
29.0211,veh4,drop_decision_no_action,6,29015,32337,-1,-1,-1,-1,-1
29.0411,veh4,drop_decision_no_action,6,29034,32357,-1,-1,-1,-1,-1
29.0796,veh4,drop_decision_no_action,3,29063,32384,-1,-1,-1,-1,-1
29.0811,veh4,drop_decision_no_action,8,29079,32394,-1,-1,-1,-1,-1
29.0901,veh4,drop_decision_no_action,9,29070,32390,-1,-1,-1,-1,-1
29.0956,veh4,drop_decision_no_action,10,29069,32388,-1,-1,-1,-1,-1
29.1011,veh4,drop_decision_no_action,8,29084,32406,-1,-1,-1,-1,-1
29.1013,veh4,drop_decision_no_action,2,29095,32424,-1,-1,-1,-1,-1
29.1016,veh4,drop_decision_no_action,5,29099,32429,-1,-1,-1,-1,-1
29.1228,veh4,drop_decision_no_action,12,29106,32449,-1,-1,-1,-1,-1
29.1413,veh4,drop_decision_no_action,2,29123,32478,-1,-1,-1,-1,-1
29.1648,veh4,drop_decision_no_action,11,29156,32505,-1,-1,-1,-1,-1
29.1663,veh4,drop_decision_no_action,7,29155,32502,-1,-1,-1,-1,-1
29.2011,veh4,drop_decision_no_action,8,29184,32538,-1,-1,-1,-1,-1
29.2028,veh4,drop_decision_no_action,12,29190,32543,-1,-1,-1,-1,-1
29.2411,veh4,drop_decision_no_action,6,29234,32580,-1,-1,-1,-1,-1
29.2761,veh4,drop_decision_no_action,3,29263,32606,-1,-1,-1,-1,-1
29.2806,veh4,drop_decision_no_action,10,29269,32610,-1,-1,-1,-1,-1
29.2901,veh4,drop_decision_no_action,9,29270,32612,-1,-1,-1,-1,-1
29.3011,veh4,drop_decision_no_action,8,29284,32624,-1,-1,-1,-1,-1
29.3016,veh4,drop_decision_no_action,5,29299,32642,-1,-1,-1,-1,-1
29.3448,veh4,drop_decision_no_action,11,29333,32683,-1,-1,-1,-1,-1
29.3648,veh4,drop_decision_no_action,11,29356,32701,-1,-1,-1,-1,-1
29.3663,veh4,drop_decision_no_action,7,29355,32700,-1,-1,-1,-1,-1
29.4028,veh4,drop_decision_no_action,12,29390,32740,-1,-1,-1,-1,-1
29.4411,veh4,drop_decision_no_action,6,29434,32778,-1,-1,-1,-1,-1
29.4761,veh4,drop_decision_no_action,3,29463,32804,-1,-1,-1,-1,-1
29.4806,veh4,drop_decision_no_action,10,29469,32809,-1,-1,-1,-1,-1
29.4891,veh4,drop_decision_no_action,9,29470,32810,-1,-1,-1,-1,-1
29.5011,veh4,drop_decision_no_action,8,29484,32822,-1,-1,-1,-1,-1
29.5016,veh4,drop_decision_no_action,5,29499,32841,-1,-1,-1,-1,-1
29.5648,veh4,drop_decision_no_action,11,29556,32895,-1,-1,-1,-1,-1
29.5698,veh4,drop_decision_no_action,7,29555,32893,-1,-1,-1,-1,-1
29.5806,veh4,drop_decision_no_action,10,29569,32906,-1,-1,-1,-1,-1
29.6011,veh4,drop_decision_no_action,12,29590,32939,-1,-1,-1,-1,-1
29.6411,veh4,drop_decision_no_action,6,29634,32977,-1,-1,-1,-1,-1
29.6498,veh4,drop_decision_no_action,7,29630,32976,-1,-1,-1,-1,-1
29.6616,veh4,drop_decision_no_action,5,29651,32998,-1,-1,-1,-1,-1
29.6761,veh4,drop_decision_no_action,3,29663,33013,-1,-1,-1,-1,-1
29.6806,veh4,drop_decision_no_action,10,29669,33019,-1,-1,-1,-1,-1
29.6891,veh4,drop_decision_no_action,9,29670,33021,-1,-1,-1,-1,-1
29.6891,veh4,drop_decision_no_action,9,29686,33021,-1,-1,-1,-1,-1
29.6963,veh4,drop_decision_no_action,8,29684,33036,-1,-1,-1,-1,-1
29.7011,veh4,drop_decision_no_action,12,29690,33048,-1,-1,-1,-1,-1
29.7016,veh4,drop_decision_no_action,5,29699,33061,-1,-1,-1,-1,-1
29.7648,veh4,drop_decision_no_action,11,29756,33118,-1,-1,-1,-1,-1
29.7698,veh4,drop_decision_no_action,7,29755,33116,-1,-1,-1,-1,-1
29.7806,veh4,drop_decision_no_action,10,29769,33129,-1,-1,-1,-1,-1
29.7891,veh4,drop_decision_no_action,9,29770,33133,-1,-1,-1,-1,-1
29.8011,veh4,drop_decision_no_action,12,29790,33161,-1,-1,-1,-1,-1
29.8461,veh4,drop_decision_no_action,6,29834,33199,-1,-1,-1,-1,-1
29.8606,veh4,drop_decision_no_action,10,29852,33215,-1,-1,-1,-1,-1
29.8648,veh4,drop_decision_no_action,11,29856,33221,-1,-1,-1,-1,-1
29.8761,veh4,drop_decision_no_action,3,29863,33228,-1,-1,-1,-1,-1
29.8806,veh4,drop_decision_no_action,10,29869,33236,-1,-1,-1,-1,-1
29.8891,veh4,drop_decision_no_action,9,29870,33239,-1,-1,-1,-1,-1
29.8963,veh4,drop_decision_no_action,8,29884,33258,-1,-1,-1,-1,-1
29.9011,veh4,drop_decision_no_action,12,29890,33270,-1,-1,-1,-1,-1
29.9016,veh4,drop_decision_no_action,5,29899,33284,-1,-1,-1,-1,-1
29.9161,veh4,drop_decision_no_action,3,29896,33281,-1,-1,-1,-1,-1
29.9646,veh4,drop_decision_no_action,11,29956,33356,-1,-1,-1,-1,-1
29.9698,veh4,drop_decision_no_action,7,29955,33354,-1,-1,-1,-1,-1
29.9806,veh4,drop_decision_no_action,10,29969,33368,-1,-1,-1,-1,-1
29.9891,veh4,drop_decision_no_action,9,29970,33372,-1,-1,-1,-1,-1
30.0011,veh4,drop_decision_no_action,12,29990,33399,-1,-1,-1,-1,-1
30.0261,veh4,drop_decision_no_action,6,30015,33427,-1,-1,-1,-1,-1
30.0461,veh4,drop_decision_no_action,6,30034,33445,-1,-1,-1,-1,-1
30.0646,veh4,drop_decision_no_action,11,30056,33466,-1,-1,-1,-1,-1
30.0761,veh4,drop_decision_no_action,3,30063,33471,-1,-1,-1,-1,-1
30.0891,veh4,drop_decision_no_action,9,30070,33480,-1,-1,-1,-1,-1
30.0963,veh4,drop_decision_no_action,8,30079,33489,-1,-1,-1,-1,-1
30.0963,veh4,drop_decision_no_action,8,30084,33489,-1,-1,-1,-1,-1
30.1001,veh4,drop_decision_no_action,2,30095,33508,-1,-1,-1,-1,-1
30.1011,veh4,drop_decision_no_action,12,30090,33504,-1,-1,-1,-1,-1
30.1016,veh4,drop_decision_no_action,5,30099,33515,-1,-1,-1,-1,-1
30.1211,veh4,drop_decision_no_action,12,30106,33537,-1,-1,-1,-1,-1
30.1401,veh4,drop_decision_no_action,2,30123,33564,-1,-1,-1,-1,-1
30.1563,veh4,drop_decision_no_action,7,30155,33593,-1,-1,-1,-1,-1
30.1646,veh4,drop_decision_no_action,11,30156,33599,-1,-1,-1,-1,-1
30.1863,veh4,drop_decision_no_action,10,30169,33614,-1,-1,-1,-1,-1
30.1891,veh4,drop_decision_no_action,9,30170,33615,-1,-1,-1,-1,-1
30.2361,veh4,drop_decision_no_action,6,30234,33668,-1,-1,-1,-1,-1
30.2646,veh4,drop_decision_no_action,11,30256,33690,-1,-1,-1,-1,-1
30.2811,veh4,drop_decision_no_action,3,30263,33696,-1,-1,-1,-1,-1
30.2881,veh4,drop_decision_no_action,9,30270,33702,-1,-1,-1,-1,-1
30.2963,veh4,drop_decision_no_action,8,30284,33718,-1,-1,-1,-1,-1
30.3011,veh4,drop_decision_no_action,12,30290,33726,-1,-1,-1,-1,-1
30.3188,veh4,drop_decision_no_action,5,30299,33741,-1,-1,-1,-1,-1
30.3446,veh4,drop_decision_no_action,11,30333,33786,-1,-1,-1,-1,-1
30.3646,veh4,drop_decision_no_action,11,30356,33810,-1,-1,-1,-1,-1
30.3671,veh4,drop_decision_no_action,7,30355,33803,-1,-1,-1,-1,-1
30.3818,veh4,drop_decision_no_action,10,30369,33828,-1,-1,-1,-1,-1
30.3881,veh4,drop_decision_no_action,9,30370,33829,-1,-1,-1,-1,-1
30.4361,veh4,drop_decision_no_action,6,30434,33890,-1,-1,-1,-1,-1
30.4811,veh4,drop_decision_no_action,3,30463,33917,-1,-1,-1,-1,-1
30.4963,veh4,drop_decision_no_action,8,30484,33931,-1,-1,-1,-1,-1
30.5011,veh4,drop_decision_no_action,12,30490,33936,-1,-1,-1,-1,-1
30.5188,veh4,drop_decision_no_action,5,30499,33948,-1,-1,-1,-1,-1
30.5563,veh4,drop_decision_no_action,7,30555,33997,-1,-1,-1,-1,-1
30.5578,veh4,crash_mode_restore,-1,-1,18446744073709551615,-1,-1,-1,-1,-1
30.5646,veh4,drop_decision_no_action,11,30556,34003,-1,-1,-1,-1,-1
30.5818,veh4,drop_decision_no_action,10,30569,34018,-1,-1,-1,-1,-1
30.5881,veh4,drop_decision_no_action,9,30570,34019,-1,-1,-1,-1,-1
30.6361,veh4,drop_decision_no_action,6,30634,34081,-1,-1,-1,-1,-1
30.6363,veh4,drop_decision_no_action,7,30630,34079,-1,-1,-1,-1,-1
30.6588,veh4,drop_decision_no_action,5,30651,34107,-1,-1,-1,-1,-1
30.6811,veh4,drop_decision_no_action,3,30663,34118,-1,-1,-1,-1,-1
30.6881,veh4,drop_decision_no_action,9,30686,34139,-1,-1,-1,-1,-1
30.6963,veh4,drop_decision_no_action,8,30684,34137,-1,-1,-1,-1,-1
30.7011,veh4,drop_decision_no_action,12,30690,34146,-1,-1,-1,-1,-1
30.7011,veh4,crash_mode_forced_speed,12,30690,34146,-1,-1,-1,-1,30
30.7188,veh4,drop_decision_no_action,5,30699,34161,-1,-1,-1,-1,-1
30.7646,veh4,drop_decision_no_action,11,30756,34223,-1,-1,-1,-1,-1
30.7706,veh4,drop_decision_no_action,7,30755,34221,-1,-1,-1,-1,-1
30.7818,veh4,drop_decision_no_action,10,30769,34233,-1,-1,-1,-1,-1
30.7881,veh4,drop_decision_no_action,9,30770,34235,-1,-1,-1,-1,-1
30.8361,veh4,drop_decision_no_action,6,30834,34296,-1,-1,-1,-1,-1
30.8618,veh4,drop_decision_no_action,10,30852,34315,-1,-1,-1,-1,-1
30.8811,veh4,drop_decision_no_action,3,30863,34325,-1,-1,-1,-1,-1
30.8963,veh4,drop_decision_no_action,8,30884,34344,-1,-1,-1,-1,-1
30.9011,veh4,drop_decision_no_action,3,30896,34359,-1,-1,-1,-1,-1
30.9111,veh4,drop_decision_no_action,12,30890,34350,-1,-1,-1,-1,-1
30.9188,veh4,drop_decision_no_action,5,30899,34362,-1,-1,-1,-1,-1
30.9601,veh4,drop_decision_no_action,11,30956,34421,-1,-1,-1,-1,-1
30.9706,veh4,drop_decision_no_action,7,30955,34419,-1,-1,-1,-1,-1
30.9818,veh4,drop_decision_no_action,10,30969,34432,-1,-1,-1,-1,-1
30.9881,veh4,drop_decision_no_action,9,30970,34434,-1,-1,-1,-1,-1
31.0361,veh4,drop_decision_no_action,6,31015,34485,-1,-1,-1,-1,-1
31.0361,veh4,drop_decision_no_action,6,31034,34485,-1,-1,-1,-1,-1
31.0601,veh4,drop_decision_no_action,11,31056,34516,-1,-1,-1,-1,-1
31.0811,veh4,drop_decision_no_action,3,31063,34525,-1,-1,-1,-1,-1
31.0818,veh4,drop_decision_no_action,10,31069,34528,-1,-1,-1,-1,-1
31.0961,veh4,drop_decision_no_action,8,31079,34538,-1,-1,-1,-1,-1
31.0961,veh4,drop_decision_no_action,8,31084,34538,-1,-1,-1,-1,-1
31.1001,veh4,drop_decision_no_action,2,31095,34563,-1,-1,-1,-1,-1
31.1111,veh4,drop_decision_no_action,12,31090,34558,-1,-1,-1,-1,-1
31.1111,veh4,drop_decision_no_action,12,31106,34558,-1,-1,-1,-1,-1
31.1188,veh4,drop_decision_no_action,5,31099,34569,-1,-1,-1,-1,-1
31.1401,veh4,drop_decision_no_action,2,31123,34604,-1,-1,-1,-1,-1
31.1601,veh4,drop_decision_no_action,11,31156,34638,-1,-1,-1,-1,-1
31.1706,veh4,drop_decision_no_action,7,31155,34637,-1,-1,-1,-1,-1
31.1818,veh4,drop_decision_no_action,10,31169,34649,-1,-1,-1,-1,-1
31.1878,veh4,drop_decision_no_action,9,31170,34651,-1,-1,-1,-1,-1
31.2111,veh4,drop_decision_no_action,12,31190,34685,-1,-1,-1,-1,-1
31.2361,veh4,drop_decision_no_action,6,31234,34720,-1,-1,-1,-1,-1
31.2601,veh4,drop_decision_no_action,11,31256,34741,-1,-1,-1,-1,-1
31.2711,veh4,drop_decision_no_action,10,31269,34752,-1,-1,-1,-1,-1
31.2808,veh4,drop_decision_no_action,3,31263,34749,-1,-1,-1,-1,-1
31.2961,veh4,drop_decision_no_action,8,31284,34775,-1,-1,-1,-1,-1
31.3111,veh4,drop_decision_no_action,12,31290,34785,-1,-1,-1,-1,-1
31.3188,veh4,drop_decision_no_action,5,31299,34792,-1,-1,-1,-1,-1
31.3401,veh4,drop_decision_no_action,11,31333,34831,-1,-1,-1,-1,-1
31.3601,veh4,drop_decision_no_action,11,31356,34853,-1,-1,-1,-1,-1
31.3706,veh4,drop_decision_no_action,7,31355,34852,-1,-1,-1,-1,-1
31.3711,veh4,drop_decision_no_action,10,31369,34863,-1,-1,-1,-1,-1
31.3878,veh4,drop_decision_no_action,9,31370,34865,-1,-1,-1,-1,-1
31.4111,veh4,drop_decision_no_action,12,31390,34901,-1,-1,-1,-1,-1
31.4538,veh4,drop_decision_no_action,6,31434,34944,-1,-1,-1,-1,-1
31.4601,veh4,drop_decision_no_action,11,31456,34960,-1,-1,-1,-1,-1
31.4711,veh4,drop_decision_no_action,10,31469,34971,-1,-1,-1,-1,-1
31.4808,veh4,drop_decision_no_action,3,31463,34967,-1,-1,-1,-1,-1
31.4961,veh4,drop_decision_no_action,8,31484,34997,-1,-1,-1,-1,-1
31.5111,veh4,drop_decision_no_action,12,31490,35008,-1,-1,-1,-1,-1
31.5186,veh4,drop_decision_no_action,5,31499,35015,-1,-1,-1,-1,-1
31.5601,veh4,drop_decision_no_action,11,31556,35068,-1,-1,-1,-1,-1
31.5706,veh4,drop_decision_no_action,7,31555,35067,-1,-1,-1,-1,-1
31.5711,veh4,drop_decision_no_action,10,31569,35077,-1,-1,-1,-1,-1
31.5878,veh4,drop_decision_no_action,9,31570,35079,-1,-1,-1,-1,-1
31.6306,veh4,drop_decision_no_action,7,31630,35145,-1,-1,-1,-1,-1
31.6538,veh4,drop_decision_no_action,6,31634,35154,-1,-1,-1,-1,-1
31.6586,veh4,drop_decision_no_action,5,31651,35168,-1,-1,-1,-1,-1
31.6711,veh4,drop_decision_no_action,10,31669,35185,-1,-1,-1,-1,-1
31.6808,veh4,drop_decision_no_action,3,31663,35181,-1,-1,-1,-1,-1
31.6878,veh4,drop_decision_no_action,9,31686,35214,-1,-1,-1,-1,-1
31.6918,veh4,drop_decision_no_action,12,31690,35225,-1,-1,-1,-1,-1
31.6961,veh4,drop_decision_no_action,8,31684,35212,-1,-1,-1,-1,-1
31.7186,veh4,drop_decision_no_action,5,31699,35240,-1,-1,-1,-1,-1
31.7601,veh4,drop_decision_no_action,11,31756,35291,-1,-1,-1,-1,-1
31.7706,veh4,drop_decision_no_action,7,31755,35290,-1,-1,-1,-1,-1
31.7878,veh4,drop_decision_no_action,9,31770,35300,-1,-1,-1,-1,-1
31.8538,veh4,drop_decision_no_action,6,31834,35364,-1,-1,-1,-1,-1
31.8711,veh4,drop_decision_no_action,10,31852,35375,-1,-1,-1,-1,-1
31.8711,veh4,drop_decision_no_action,10,31869,35375,-1,-1,-1,-1,-1
31.8808,veh4,drop_decision_no_action,3,31863,35385,-1,-1,-1,-1,-1
31.8918,veh4,drop_decision_no_action,12,31890,35420,-1,-1,-1,-1,-1
31.8961,veh4,drop_decision_no_action,8,31884,35411,-1,-1,-1,-1,-1
31.9008,veh4,drop_decision_no_action,3,31896,35431,-1,-1,-1,-1,-1
31.9186,veh4,drop_decision_no_action,5,31899,35433,-1,-1,-1,-1,-1
31.9623,veh4,drop_decision_no_action,11,31956,35488,-1,-1,-1,-1,-1
31.9706,veh4,drop_decision_no_action,7,31955,35487,-1,-1,-1,-1,-1
31.9878,veh4,drop_decision_no_action,9,31970,35497,-1,-1,-1,-1,-1
32.0338,veh4,drop_decision_no_action,6,32015,35544,-1,-1,-1,-1,-1
32.0538,veh4,drop_decision_no_action,6,32034,35560,-1,-1,-1,-1,-1
32.0711,veh4,drop_decision_no_action,10,32069,35588,-1,-1,-1,-1,-1
32.0773,veh4,drop_decision_no_action,3,32063,35584,-1,-1,-1,-1,-1
32.0918,veh4,drop_decision_no_action,12,32090,35619,-1,-1,-1,-1,-1
32.0961,veh4,drop_decision_no_action,8,32079,35606,-1,-1,-1,-1,-1
32.0961,veh4,drop_decision_no_action,8,32084,35606,-1,-1,-1,-1,-1
32.0968,veh4,drop_decision_no_action,2,32095,35625,-1,-1,-1,-1,-1
32.1118,veh4,drop_decision_no_action,12,32106,35644,-1,-1,-1,-1,-1
32.1186,veh4,drop_decision_no_action,5,32099,35635,-1,-1,-1,-1,-1
32.1368,veh4,drop_decision_no_action,2,32123,35669,-1,-1,-1,-1,-1
32.1623,veh4,drop_decision_no_action,11,32156,35705,-1,-1,-1,-1,-1
32.1666,veh4,drop_decision_no_action,7,32155,35703,-1,-1,-1,-1,-1
32.1873,veh4,drop_decision_no_action,9,32170,35718,-1,-1,-1,-1,-1
32.2538,veh4,drop_decision_no_action,6,32234,35769,-1,-1,-1,-1,-1
32.2711,veh4,drop_decision_no_action,10,32269,35794,-1,-1,-1,-1,-1
32.2773,veh4,drop_decision_no_action,3,32263,35790,-1,-1,-1,-1,-1
32.2918,veh4,drop_decision_no_action,12,32290,35825,-1,-1,-1,-1,-1
32.2953,veh4,drop_decision_no_action,8,32284,35817,-1,-1,-1,-1,-1
32.3186,veh4,drop_decision_no_action,5,32299,35838,-1,-1,-1,-1,-1
32.3423,veh4,drop_decision_no_action,11,32333,35880,-1,-1,-1,-1,-1
32.3623,veh4,drop_decision_no_action,11,32356,35903,-1,-1,-1,-1,-1
32.3666,veh4,drop_decision_no_action,7,32355,35901,-1,-1,-1,-1,-1
32.3873,veh4,drop_decision_no_action,9,32370,35916,-1,-1,-1,-1,-1
32.3918,veh4,drop_decision_no_action,12,32390,35939,-1,-1,-1,-1,-1
32.4533,veh4,drop_decision_no_action,6,32434,35983,-1,-1,-1,-1,-1
32.4711,veh4,drop_decision_no_action,10,32469,36011,-1,-1,-1,-1,-1
32.4773,veh4,drop_decision_no_action,3,32463,36005,-1,-1,-1,-1,-1
32.4918,veh4,drop_decision_no_action,12,32490,36039,-1,-1,-1,-1,-1
32.4953,veh4,drop_decision_no_action,8,32484,36031,-1,-1,-1,-1,-1
32.5186,veh4,drop_decision_no_action,5,32499,36053,-1,-1,-1,-1,-1
32.5581,veh4,drop_decision_no_action,11,32556,36102,-1,-1,-1,-1,-1
32.5666,veh4,drop_decision_no_action,7,32555,36100,-1,-1,-1,-1,-1
32.5873,veh4,drop_decision_no_action,9,32570,36118,-1,-1,-1,-1,-1
32.5918,veh4,drop_decision_no_action,12,32590,36139,-1,-1,-1,-1,-1
32.6466,veh4,drop_decision_no_action,7,32630,36179,-1,-1,-1,-1,-1
32.6533,veh4,drop_decision_no_action,6,32634,36184,-1,-1,-1,-1,-1
32.6581,veh4,drop_decision_no_action,11,32656,36206,-1,-1,-1,-1,-1
32.6586,veh4,drop_decision_no_action,5,32651,36196,-1,-1,-1,-1,-1
32.6706,veh4,drop_decision_no_action,3,32663,36219,-1,-1,-1,-1,-1
32.6873,veh4,drop_decision_no_action,9,32686,36251,-1,-1,-1,-1,-1
32.6891,veh4,drop_decision_no_action,10,32669,36230,-1,-1,-1,-1,-1
32.6918,veh4,drop_decision_no_action,12,32690,36261,-1,-1,-1,-1,-1
32.6953,veh4,drop_decision_no_action,8,32684,36250,-1,-1,-1,-1,-1
32.7186,veh4,drop_decision_no_action,5,32699,36276,-1,-1,-1,-1,-1
32.7581,veh4,drop_decision_no_action,11,32756,36332,-1,-1,-1,-1,-1
32.7666,veh4,drop_decision_no_action,7,32755,36330,-1,-1,-1,-1,-1
32.7873,veh4,drop_decision_no_action,9,32770,36348,-1,-1,-1,-1,-1
32.7918,veh4,drop_decision_no_action,12,32790,36368,-1,-1,-1,-1,-1
32.8533,veh4,drop_decision_no_action,6,32834,36405,-1,-1,-1,-1,-1
32.8581,veh4,drop_decision_no_action,11,32856,36424,-1,-1,-1,-1,-1
32.8691,veh4,drop_decision_no_action,10,32852,36415,-1,-1,-1,-1,-1
32.8706,veh4,drop_decision_no_action,3,32863,36431,-1,-1,-1,-1,-1
32.8891,veh4,drop_decision_no_action,10,32869,36443,-1,-1,-1,-1,-1
32.8928,veh4,drop_decision_no_action,12,32890,36471,-1,-1,-1,-1,-1
32.8953,veh4,drop_decision_no_action,8,32884,36461,-1,-1,-1,-1,-1
32.9106,veh4,drop_decision_no_action,3,32896,36481,-1,-1,-1,-1,-1
32.9166,veh4,drop_decision_no_action,5,32899,36487,-1,-1,-1,-1,-1
32.9581,veh4,drop_decision_no_action,11,32956,36547,-1,-1,-1,-1,-1
32.9666,veh4,drop_decision_no_action,7,32955,36544,-1,-1,-1,-1,-1
32.9873,veh4,drop_decision_no_action,9,32970,36562,-1,-1,-1,-1,-1
33.0333,veh4,drop_decision_no_action,6,33015,36601,-1,-1,-1,-1,-1
33.0533,veh4,drop_decision_no_action,6,33034,36614,-1,-1,-1,-1,-1
33.0581,veh4,drop_decision_no_action,11,33056,36637,-1,-1,-1,-1,-1
33.0706,veh4,drop_decision_no_action,3,33063,36644,-1,-1,-1,-1,-1
33.0706,veh4,drop_decision_no_action,10,33069,36653,-1,-1,-1,-1,-1
33.0928,veh4,drop_decision_no_action,12,33090,36683,-1,-1,-1,-1,-1
33.0953,veh4,drop_decision_no_action,8,33079,36675,-1,-1,-1,-1,-1
33.0953,veh4,drop_decision_no_action,8,33084,36675,-1,-1,-1,-1,-1
33.0968,veh4,drop_decision_no_action,2,33095,36693,-1,-1,-1,-1,-1
33.1128,veh4,drop_decision_no_action,12,33106,36708,-1,-1,-1,-1,-1
33.1166,veh4,drop_decision_no_action,5,33099,36700,-1,-1,-1,-1,-1
33.1368,veh4,drop_decision_no_action,2,33123,36734,-1,-1,-1,-1,-1
33.1581,veh4,drop_decision_no_action,11,33156,36770,-1,-1,-1,-1,-1
33.1653,veh4,drop_decision_no_action,7,33155,36767,-1,-1,-1,-1,-1
33.1871,veh4,drop_decision_no_action,9,33170,36785,-1,-1,-1,-1,-1
33.2533,veh4,drop_decision_no_action,6,33234,36834,-1,-1,-1,-1,-1
33.2648,veh4,drop_decision_no_action,3,33263,36854,-1,-1,-1,-1,-1
33.2706,veh4,drop_decision_no_action,10,33269,36864,-1,-1,-1,-1,-1
33.2928,veh4,drop_decision_no_action,12,33290,36889,-1,-1,-1,-1,-1
33.2953,veh4,drop_decision_no_action,8,33284,36884,-1,-1,-1,-1,-1
33.3166,veh4,drop_decision_no_action,5,33299,36904,-1,-1,-1,-1,-1
33.3381,veh4,drop_decision_no_action,11,33333,36935,-1,-1,-1,-1,-1
33.3581,veh4,drop_decision_no_action,11,33356,36957,-1,-1,-1,-1,-1
33.3653,veh4,drop_decision_no_action,7,33355,36954,-1,-1,-1,-1,-1
33.3871,veh4,drop_decision_no_action,9,33370,36973,-1,-1,-1,-1,-1
33.4533,veh4,drop_decision_no_action,6,33434,37027,-1,-1,-1,-1,-1
33.4648,veh4,drop_decision_no_action,3,33463,37047,-1,-1,-1,-1,-1
33.4706,veh4,drop_decision_no_action,10,33469,37059,-1,-1,-1,-1,-1
33.4953,veh4,drop_decision_no_action,8,33484,37077,-1,-1,-1,-1,-1
33.5073,veh4,drop_decision_no_action,12,33490,37084,-1,-1,-1,-1,-1
33.5166,veh4,drop_decision_no_action,5,33499,37093,-1,-1,-1,-1,-1
33.5581,veh4,drop_decision_no_action,11,33556,37145,-1,-1,-1,-1,-1
33.5653,veh4,drop_decision_no_action,7,33555,37142,-1,-1,-1,-1,-1
33.5871,veh4,drop_decision_no_action,9,33570,37163,-1,-1,-1,-1,-1
33.6453,veh4,drop_decision_no_action,7,33630,37215,-1,-1,-1,-1,-1
33.6533,veh4,drop_decision_no_action,6,33634,37219,-1,-1,-1,-1,-1
33.6566,veh4,drop_decision_no_action,5,33651,37234,-1,-1,-1,-1,-1
33.6648,veh4,drop_decision_no_action,3,33663,37248,-1,-1,-1,-1,-1
33.6706,veh4,drop_decision_no_action,10,33669,37261,-1,-1,-1,-1,-1
33.6871,veh4,drop_decision_no_action,9,33686,37287,-1,-1,-1,-1,-1
33.7073,veh4,drop_decision_no_action,12,33690,37294,-1,-1,-1,-1,-1
33.7078,veh4,drop_decision_no_action,8,33684,37283,-1,-1,-1,-1,-1
33.7166,veh4,drop_decision_no_action,5,33699,37304,-1,-1,-1,-1,-1
33.7653,veh4,drop_decision_no_action,7,33755,37357,-1,-1,-1,-1,-1
33.7708,veh4,drop_decision_no_action,11,33756,37360,-1,-1,-1,-1,-1
33.7871,veh4,drop_decision_no_action,9,33770,37371,-1,-1,-1,-1,-1
33.8533,veh4,drop_decision_no_action,6,33834,37425,-1,-1,-1,-1,-1
33.8631,veh4,drop_decision_no_action,10,33852,37436,-1,-1,-1,-1,-1
33.8648,veh4,drop_decision_no_action,3,33863,37447,-1,-1,-1,-1,-1
33.8831,veh4,drop_decision_no_action,10,33869,37460,-1,-1,-1,-1,-1
33.8921,veh4,drop_decision_no_action,8,33884,37478,-1,-1,-1,-1,-1
33.9048,veh4,drop_decision_no_action,3,33896,37494,-1,-1,-1,-1,-1
33.9073,veh4,drop_decision_no_action,12,33890,37486,-1,-1,-1,-1,-1
33.9166,veh4,drop_decision_no_action,5,33899,37499,-1,-1,-1,-1,-1
33.9653,veh4,drop_decision_no_action,7,33955,37554,-1,-1,-1,-1,-1
33.9708,veh4,drop_decision_no_action,11,33956,37558,-1,-1,-1,-1,-1
33.9871,veh4,drop_decision_no_action,9,33970,37569,-1,-1,-1,-1,-1
34.0073,veh4,drop_decision_no_action,12,33990,37594,-1,-1,-1,-1,-1
34.0163,veh4,drop_decision_no_action,6,34015,37621,-1,-1,-1,-1,-1
34.0363,veh4,drop_decision_no_action,6,34034,37645,-1,-1,-1,-1,-1
34.0648,veh4,drop_decision_no_action,3,34063,37666,-1,-1,-1,-1,-1
34.0831,veh4,drop_decision_no_action,10,34069,37675,-1,-1,-1,-1,-1
34.0921,veh4,drop_decision_no_action,8,34079,37684,-1,-1,-1,-1,-1
34.0921,veh4,drop_decision_no_action,8,34084,37684,-1,-1,-1,-1,-1
34.1018,veh4,drop_decision_no_action,2,34095,37704,-1,-1,-1,-1,-1
34.1073,veh4,drop_decision_no_action,12,34090,37697,-1,-1,-1,-1,-1
34.1073,veh4,drop_decision_no_action,12,34106,37697,-1,-1,-1,-1,-1
34.1166,veh4,drop_decision_no_action,5,34099,37709,-1,-1,-1,-1,-1
34.1418,veh4,drop_decision_no_action,2,34123,37751,-1,-1,-1,-1,-1
34.1648,veh4,drop_decision_no_action,3,34163,37788,-1,-1,-1,-1,-1
34.1653,veh4,drop_decision_no_action,7,34155,37782,-1,-1,-1,-1,-1
34.1708,veh4,drop_decision_no_action,11,34156,37785,-1,-1,-1,-1,-1
34.1871,veh4,drop_decision_no_action,9,34170,37802,-1,-1,-1,-1,-1
34.2073,veh4,drop_decision_no_action,12,34190,37830,-1,-1,-1,-1,-1
34.2363,veh4,drop_decision_no_action,6,34234,37875,-1,-1,-1,-1,-1
34.2831,veh4,drop_decision_no_action,10,34269,37902,-1,-1,-1,-1,-1
34.2833,veh4,drop_decision_no_action,3,34263,37899,-1,-1,-1,-1,-1
34.2921,veh4,drop_decision_no_action,8,34284,37917,-1,-1,-1,-1,-1
34.3073,veh4,drop_decision_no_action,12,34290,37923,-1,-1,-1,-1,-1
34.3118,veh4,drop_decision_no_action,5,34299,37939,-1,-1,-1,-1,-1
34.3508,veh4,drop_decision_no_action,11,34333,37977,-1,-1,-1,-1,-1
34.3708,veh4,drop_decision_no_action,11,34356,37994,-1,-1,-1,-1,-1
34.3713,veh4,drop_decision_no_action,7,34355,37991,-1,-1,-1,-1,-1
34.3766,veh4,drop_decision_no_action,9,34370,38011,-1,-1,-1,-1,-1
34.3833,veh4,drop_decision_no_action,3,34363,38003,-1,-1,-1,-1,-1
34.4073,veh4,drop_decision_no_action,12,34390,38044,-1,-1,-1,-1,-1
34.4363,veh4,drop_decision_no_action,6,34434,38088,-1,-1,-1,-1,-1
34.4833,veh4,drop_decision_no_action,3,34463,38113,-1,-1,-1,-1,-1
34.4921,veh4,drop_decision_no_action,8,34484,38131,-1,-1,-1,-1,-1
34.4933,veh4,drop_decision_no_action,10,34469,38115,-1,-1,-1,-1,-1
34.5118,veh4,drop_decision_no_action,5,34499,38152,-1,-1,-1,-1,-1
34.5613,veh4,drop_decision_no_action,7,34555,38195,-1,-1,-1,-1,-1
34.5758,veh4,drop_decision_no_action,11,34556,38197,-1,-1,-1,-1,-1
34.5766,veh4,drop_decision_no_action,9,34570,38210,-1,-1,-1,-1,-1
34.5833,veh4,drop_decision_no_action,3,34563,38204,-1,-1,-1,-1,-1
34.6033,veh4,drop_decision_no_action,12,34590,38245,-1,-1,-1,-1,-1
34.6413,veh4,drop_decision_no_action,7,34630,38284,-1,-1,-1,-1,-1
34.6486,veh4,drop_decision_no_action,6,34634,38287,-1,-1,-1,-1,-1
34.6518,veh4,drop_decision_no_action,5,34651,38306,-1,-1,-1,-1,-1
34.6801,veh4,drop_decision_no_action,10,34669,38329,-1,-1,-1,-1,-1
34.6921,veh4,drop_decision_no_action,8,34684,38343,-1,-1,-1,-1,-1
34.7018,veh4,drop_decision_no_action,9,34686,38344,-1,-1,-1,-1,-1
34.7118,veh4,drop_decision_no_action,5,34699,38361,-1,-1,-1,-1,-1
34.7613,veh4,drop_decision_no_action,7,34755,38409,-1,-1,-1,-1,-1
34.7758,veh4,drop_decision_no_action,11,34756,38411,-1,-1,-1,-1,-1
34.7766,veh4,drop_decision_no_action,9,34770,38424,-1,-1,-1,-1,-1
34.7833,veh4,drop_decision_no_action,3,34763,38419,-1,-1,-1,-1,-1
34.8033,veh4,drop_decision_no_action,12,34790,38456,-1,-1,-1,-1,-1
34.8486,veh4,drop_decision_no_action,6,34834,38492,-1,-1,-1,-1,-1
34.8601,veh4,drop_decision_no_action,10,34852,38508,-1,-1,-1,-1,-1
34.8801,veh4,drop_decision_no_action,10,34869,38525,-1,-1,-1,-1,-1
34.8871,veh4,drop_decision_no_action,8,34884,38542,-1,-1,-1,-1,-1
34.9033,veh4,drop_decision_no_action,3,34896,38555,-1,-1,-1,-1,-1
34.9118,veh4,drop_decision_no_action,5,34899,38560,-1,-1,-1,-1,-1
34.9581,veh4,drop_decision_no_action,7,34955,38607,-1,-1,-1,-1,-1
34.9758,veh4,drop_decision_no_action,11,34956,38609,-1,-1,-1,-1,-1
34.9766,veh4,drop_decision_no_action,9,34970,38626,-1,-1,-1,-1,-1
34.9833,veh4,drop_decision_no_action,3,34963,38623,-1,-1,-1,-1,-1
35.0033,veh4,drop_decision_no_action,12,34990,38655,-1,-1,-1,-1,-1
35.0286,veh4,drop_decision_no_action,6,35015,38679,-1,-1,-1,-1,-1
35.0486,veh4,drop_decision_no_action,6,35034,38698,-1,-1,-1,-1,-1
35.0801,veh4,drop_decision_no_action,10,35069,38728,-1,-1,-1,-1,-1
35.0871,veh4,drop_decision_no_action,8,35079,38732,-1,-1,-1,-1,-1
35.0871,veh4,drop_decision_no_action,8,35084,38732,-1,-1,-1,-1,-1
35.1018,veh4,drop_decision_no_action,2,35095,38754,-1,-1,-1,-1,-1
35.1118,veh4,drop_decision_no_action,5,35099,38759,-1,-1,-1,-1,-1
35.1233,veh4,drop_decision_no_action,12,35106,38772,-1,-1,-1,-1,-1
35.1418,veh4,drop_decision_no_action,2,35123,38791,-1,-1,-1,-1,-1
35.1581,veh4,drop_decision_no_action,7,35155,38823,-1,-1,-1,-1,-1
35.1758,veh4,drop_decision_no_action,11,35156,38824,-1,-1,-1,-1,-1
35.1833,veh4,drop_decision_no_action,3,35163,38838,-1,-1,-1,-1,-1
35.1888,veh4,drop_decision_no_action,9,35170,38843,-1,-1,-1,-1,-1
35.2033,veh4,drop_decision_no_action,12,35190,38867,-1,-1,-1,-1,-1
35.2486,veh4,drop_decision_no_action,6,35234,38906,-1,-1,-1,-1,-1
35.2801,veh4,drop_decision_no_action,10,35269,38935,-1,-1,-1,-1,-1
35.2871,veh4,drop_decision_no_action,8,35284,38947,-1,-1,-1,-1,-1
35.3096,veh4,drop_decision_no_action,5,35299,38965,-1,-1,-1,-1,-1
35.3446,veh4,drop_decision_no_action,11,35333,39002,-1,-1,-1,-1,-1
35.3581,veh4,drop_decision_no_action,7,35355,39021,-1,-1,-1,-1,-1
35.3646,veh4,drop_decision_no_action,11,35356,39022,-1,-1,-1,-1,-1
35.3833,veh4,drop_decision_no_action,3,35363,39036,-1,-1,-1,-1,-1
35.3888,veh4,drop_decision_no_action,9,35370,39046,-1,-1,-1,-1,-1
35.4033,veh4,drop_decision_no_action,12,35390,39066,-1,-1,-1,-1,-1
35.4486,veh4,drop_decision_no_action,6,35434,39114,-1,-1,-1,-1,-1
35.4801,veh4,drop_decision_no_action,10,35469,39142,-1,-1,-1,-1,-1
35.4871,veh4,drop_decision_no_action,8,35484,39153,-1,-1,-1,-1,-1
35.5096,veh4,drop_decision_no_action,5,35499,39171,-1,-1,-1,-1,-1
35.5581,veh4,drop_decision_no_action,7,35555,39212,-1,-1,-1,-1,-1
35.5646,veh4,drop_decision_no_action,11,35556,39213,-1,-1,-1,-1,-1
35.5828,veh4,drop_decision_no_action,3,35563,39226,-1,-1,-1,-1,-1
35.5888,veh4,drop_decision_no_action,9,35570,39236,-1,-1,-1,-1,-1
35.6008,veh4,drop_decision_no_action,12,35590,39260,-1,-1,-1,-1,-1
35.6313,veh4,drop_decision_no_action,7,35630,39303,-1,-1,-1,-1,-1
35.6486,veh4,drop_decision_no_action,6,35634,39309,-1,-1,-1,-1,-1
35.6696,veh4,drop_decision_no_action,5,35651,39327,-1,-1,-1,-1,-1
35.6801,veh4,drop_decision_no_action,10,35669,39342,-1,-1,-1,-1,-1
35.6828,veh4,drop_decision_no_action,3,35663,39336,-1,-1,-1,-1,-1
35.6871,veh4,drop_decision_no_action,8,35684,39361,-1,-1,-1,-1,-1
35.6888,veh4,drop_decision_no_action,9,35686,39365,-1,-1,-1,-1,-1
35.7096,veh4,drop_decision_no_action,5,35699,39392,-1,-1,-1,-1,-1
35.7646,veh4,drop_decision_no_action,11,35756,39436,-1,-1,-1,-1,-1
35.7713,veh4,drop_decision_no_action,7,35755,39435,-1,-1,-1,-1,-1
35.7828,veh4,drop_decision_no_action,3,35763,39441,-1,-1,-1,-1,-1
35.7888,veh4,drop_decision_no_action,9,35770,39451,-1,-1,-1,-1,-1
35.8008,veh4,drop_decision_no_action,12,35790,39481,-1,-1,-1,-1,-1
35.8486,veh4,drop_decision_no_action,6,35834,39519,-1,-1,-1,-1,-1
35.8611,veh4,drop_decision_no_action,10,35852,39534,-1,-1,-1,-1,-1
35.8811,veh4,drop_decision_no_action,10,35869,39555,-1,-1,-1,-1,-1
35.8828,veh4,drop_decision_no_action,3,35863,39545,-1,-1,-1,-1,-1
35.8871,veh4,drop_decision_no_action,8,35884,39568,-1,-1,-1,-1,-1
35.9028,veh4,drop_decision_no_action,3,35896,39589,-1,-1,-1,-1,-1
35.9096,veh4,drop_decision_no_action,5,35899,39592,-1,-1,-1,-1,-1
35.9646,veh4,drop_decision_no_action,11,35956,39642,-1,-1,-1,-1,-1
35.9713,veh4,drop_decision_no_action,7,35955,39641,-1,-1,-1,-1,-1
35.9828,veh4,drop_decision_no_action,3,35963,39647,-1,-1,-1,-1,-1
35.9888,veh4,drop_decision_no_action,9,35970,39657,-1,-1,-1,-1,-1
36.0008,veh4,drop_decision_no_action,12,35990,39687,-1,-1,-1,-1,-1
36.0268,veh4,drop_decision_no_action,6,36015,39713,-1,-1,-1,-1,-1
36.0468,veh4,drop_decision_no_action,6,36034,39729,-1,-1,-1,-1,-1
36.0811,veh4,drop_decision_no_action,10,36069,39761,-1,-1,-1,-1,-1
36.0828,veh4,drop_decision_no_action,3,36063,39756,-1,-1,-1,-1,-1
36.0863,veh4,drop_decision_no_action,8,36079,39765,-1,-1,-1,-1,-1
36.0863,veh4,drop_decision_no_action,8,36084,39765,-1,-1,-1,-1,-1
36.1096,veh4,drop_decision_no_action,5,36099,39797,-1,-1,-1,-1,-1
36.1141,veh4,drop_decision_no_action,2,36095,39796,-1,-1,-1,-1,-1
36.1208,veh4,drop_decision_no_action,12,36106,39807,-1,-1,-1,-1,-1
36.1341,veh4,drop_decision_no_action,2,36123,39829,-1,-1,-1,-1,-1
36.1646,veh4,drop_decision_no_action,11,36156,39865,-1,-1,-1,-1,-1
36.1713,veh4,drop_decision_no_action,7,36155,39864,-1,-1,-1,-1,-1
36.1828,veh4,drop_decision_no_action,3,36163,39870,-1,-1,-1,-1,-1
36.1888,veh4,drop_decision_no_action,9,36170,39880,-1,-1,-1,-1,-1
36.2008,veh4,drop_decision_no_action,12,36190,39910,-1,-1,-1,-1,-1
36.2468,veh4,drop_decision_no_action,6,36234,39948,-1,-1,-1,-1,-1
36.2811,veh4,drop_decision_no_action,10,36269,39976,-1,-1,-1,-1,-1
36.2863,veh4,drop_decision_no_action,8,36284,39986,-1,-1,-1,-1,-1
36.3133,veh4,drop_decision_no_action,5,36299,40003,-1,-1,-1,-1,-1
36.3446,veh4,drop_decision_no_action,11,36333,40036,-1,-1,-1,-1,-1
36.3468,veh4,drop_decision_no_action,6,36334,40037,-1,-1,-1,-1,-1
36.3646,veh4,drop_decision_no_action,11,36356,40060,-1,-1,-1,-1,-1
36.3708,veh4,drop_decision_no_action,7,36355,40059,-1,-1,-1,-1,-1
36.3828,veh4,drop_decision_no_action,3,36363,40068,-1,-1,-1,-1,-1
36.3853,veh4,drop_decision_no_action,9,36370,40078,-1,-1,-1,-1,-1
36.4008,veh4,drop_decision_no_action,12,36390,40111,-1,-1,-1,-1,-1
36.4468,veh4,drop_decision_no_action,6,36434,40155,-1,-1,-1,-1,-1
36.4811,veh4,drop_decision_no_action,10,36469,40182,-1,-1,-1,-1,-1
36.4863,veh4,drop_decision_no_action,8,36484,40192,-1,-1,-1,-1,-1
36.5133,veh4,drop_decision_no_action,5,36499,40210,-1,-1,-1,-1,-1
36.5468,veh4,drop_decision_no_action,6,36534,40242,-1,-1,-1,-1,-1
36.5646,veh4,drop_decision_no_action,11,36556,40259,-1,-1,-1,-1,-1
36.5708,veh4,drop_decision_no_action,7,36555,40258,-1,-1,-1,-1,-1
36.5796,veh4,drop_decision_no_action,3,36563,40266,-1,-1,-1,-1,-1
36.5853,veh4,drop_decision_no_action,9,36570,40276,-1,-1,-1,-1,-1
36.6008,veh4,drop_decision_no_action,12,36590,40307,-1,-1,-1,-1,-1
36.6308,veh4,drop_decision_no_action,7,36630,40350,-1,-1,-1,-1,-1
36.6468,veh4,drop_decision_no_action,6,36634,40357,-1,-1,-1,-1,-1
36.6533,veh4,drop_decision_no_action,5,36651,40373,-1,-1,-1,-1,-1
36.6726,veh4,drop_decision_no_action,10,36669,40396,-1,-1,-1,-1,-1
36.6863,veh4,drop_decision_no_action,8,36684,40409,-1,-1,-1,-1,-1
36.7011,veh4,crash_mode_restore,-1,-1,18446744073709551615,-1,-1,-1,-1,-1
36.7053,veh4,drop_decision_no_action,9,36686,40416,-1,-1,-1,-1,-1
36.7133,veh4,drop_decision_no_action,5,36699,40427,-1,-1,-1,-1,-1
36.7468,veh4,drop_decision_no_action,6,36734,40465,-1,-1,-1,-1,-1
36.7623,veh4,drop_decision_no_action,11,36756,40482,-1,-1,-1,-1,-1
36.7708,veh4,drop_decision_no_action,7,36755,40481,-1,-1,-1,-1,-1
36.7796,veh4,drop_decision_no_action,3,36763,40491,-1,-1,-1,-1,-1
36.7853,veh4,drop_decision_no_action,9,36770,40498,-1,-1,-1,-1,-1
36.7983,veh4,drop_decision_no_action,12,36790,40528,-1,-1,-1,-1,-1
36.8526,veh4,drop_decision_no_action,10,36852,40576,-1,-1,-1,-1,-1
36.8726,veh4,drop_decision_no_action,10,36869,40595,-1,-1,-1,-1,-1
36.8726,veh4,crash_mode_forced_speed,10,36869,40595,-1,-1,-1,-1,30
36.8796,veh4,drop_decision_no_action,3,36863,40589,-1,-1,-1,-1,-1
36.8858,veh4,drop_decision_no_action,8,36884,40611,-1,-1,-1,-1,-1
36.8996,veh4,drop_decision_no_action,3,36896,40632,-1,-1,-1,-1,-1
36.9133,veh4,drop_decision_no_action,5,36899,40638,-1,-1,-1,-1,-1
36.9468,veh4,drop_decision_no_action,6,36934,40671,-1,-1,-1,-1,-1
36.9623,veh4,drop_decision_no_action,11,36956,40688,-1,-1,-1,-1,-1
36.9708,veh4,drop_decision_no_action,7,36955,40687,-1,-1,-1,-1,-1
36.9796,veh4,drop_decision_no_action,3,36963,40697,-1,-1,-1,-1,-1
36.9853,veh4,drop_decision_no_action,9,36970,40704,-1,-1,-1,-1,-1
36.9983,veh4,drop_decision_no_action,12,36990,40734,-1,-1,-1,-1,-1
37.0261,veh4,drop_decision_no_action,6,37015,40763,-1,-1,-1,-1,-1
37.0653,veh4,drop_decision_no_action,3,37063,40795,-1,-1,-1,-1,-1
37.0726,veh4,drop_decision_no_action,10,37069,40805,-1,-1,-1,-1,-1
37.0858,veh4,drop_decision_no_action,8,37079,40818,-1,-1,-1,-1,-1
37.0858,veh4,drop_decision_no_action,8,37084,40818,-1,-1,-1,-1,-1
37.1091,veh4,drop_decision_no_action,2,37095,40839,-1,-1,-1,-1,-1
37.1133,veh4,drop_decision_no_action,5,37099,40842,-1,-1,-1,-1,-1
37.1183,veh4,drop_decision_no_action,12,37106,40848,-1,-1,-1,-1,-1
37.1291,veh4,drop_decision_no_action,2,37123,40873,-1,-1,-1,-1,-1
37.1461,veh4,drop_decision_no_action,6,37134,40888,-1,-1,-1,-1,-1
37.1623,veh4,drop_decision_no_action,11,37156,40911,-1,-1,-1,-1,-1
37.1653,veh4,drop_decision_no_action,3,37163,40919,-1,-1,-1,-1,-1
37.1708,veh4,drop_decision_no_action,7,37155,40910,-1,-1,-1,-1,-1
37.1853,veh4,drop_decision_no_action,9,37170,40931,-1,-1,-1,-1,-1
37.1983,veh4,drop_decision_no_action,12,37190,40961,-1,-1,-1,-1,-1
37.2653,veh4,drop_decision_no_action,3,37263,41010,-1,-1,-1,-1,-1
37.2726,veh4,drop_decision_no_action,10,37269,41019,-1,-1,-1,-1,-1
37.2858,veh4,drop_decision_no_action,8,37284,41036,-1,-1,-1,-1,-1
37.3133,veh4,drop_decision_no_action,5,37299,41055,-1,-1,-1,-1,-1
37.3423,veh4,drop_decision_no_action,11,37333,41084,-1,-1,-1,-1,-1
37.3461,veh4,drop_decision_no_action,6,37334,41085,-1,-1,-1,-1,-1
37.3623,veh4,drop_decision_no_action,11,37356,41109,-1,-1,-1,-1,-1
37.3653,veh4,drop_decision_no_action,3,37363,41117,-1,-1,-1,-1,-1
37.3708,veh4,drop_decision_no_action,7,37355,41108,-1,-1,-1,-1,-1
37.3898,veh4,drop_decision_no_action,9,37370,41129,-1,-1,-1,-1,-1
37.3983,veh4,drop_decision_no_action,12,37390,41158,-1,-1,-1,-1,-1
37.4133,veh4,drop_decision_no_action,5,37399,41169,-1,-1,-1,-1,-1
37.4726,veh4,drop_decision_no_action,10,37469,41228,-1,-1,-1,-1,-1
37.4858,veh4,drop_decision_no_action,8,37484,41242,-1,-1,-1,-1,-1
37.5078,veh4,drop_decision_no_action,5,37499,41261,-1,-1,-1,-1,-1
37.5466,veh4,drop_decision_no_action,6,37534,41298,-1,-1,-1,-1,-1
37.5623,veh4,drop_decision_no_action,11,37556,41317,-1,-1,-1,-1,-1
37.5638,veh4,drop_decision_no_action,7,37555,41314,-1,-1,-1,-1,-1
37.5653,veh4,drop_decision_no_action,3,37563,41327,-1,-1,-1,-1,-1
37.5898,veh4,drop_decision_no_action,9,37570,41340,-1,-1,-1,-1,-1
37.5983,veh4,drop_decision_no_action,12,37590,41366,-1,-1,-1,-1,-1
37.6078,veh4,drop_decision_no_action,5,37599,41380,-1,-1,-1,-1,-1
37.6438,veh4,drop_decision_no_action,7,37630,41415,-1,-1,-1,-1,-1
37.6678,veh4,drop_decision_no_action,5,37651,41432,-1,-1,-1,-1,-1
37.6726,veh4,drop_decision_no_action,10,37669,41447,-1,-1,-1,-1,-1
37.6858,veh4,drop_decision_no_action,8,37684,41465,-1,-1,-1,-1,-1
37.6898,veh4,drop_decision_no_action,9,37686,41471,-1,-1,-1,-1,-1
37.7078,veh4,drop_decision_no_action,5,37699,41490,-1,-1,-1,-1,-1
37.7466,veh4,drop_decision_no_action,6,37734,41520,-1,-1,-1,-1,-1
37.7623,veh4,drop_decision_no_action,11,37756,41539,-1,-1,-1,-1,-1
37.7638,veh4,drop_decision_no_action,7,37755,41536,-1,-1,-1,-1,-1
37.7653,veh4,drop_decision_no_action,3,37763,41549,-1,-1,-1,-1,-1
37.7898,veh4,drop_decision_no_action,9,37770,41562,-1,-1,-1,-1,-1
37.7983,veh4,drop_decision_no_action,12,37790,41587,-1,-1,-1,-1,-1
37.8078,veh4,drop_decision_no_action,5,37799,41597,-1,-1,-1,-1,-1
37.8466,veh4,drop_decision_no_action,6,37834,41631,-1,-1,-1,-1,-1
37.8526,veh4,drop_decision_no_action,10,37852,41645,-1,-1,-1,-1,-1
37.8726,veh4,drop_decision_no_action,10,37869,41666,-1,-1,-1,-1,-1
37.8858,veh4,drop_decision_no_action,8,37884,41679,-1,-1,-1,-1,-1
37.9053,veh4,drop_decision_no_action,3,37896,41695,-1,-1,-1,-1,-1
37.9078,veh4,drop_decision_no_action,5,37899,41698,-1,-1,-1,-1,-1
37.9466,veh4,drop_decision_no_action,6,37934,41734,-1,-1,-1,-1,-1
37.9623,veh4,drop_decision_no_action,11,37956,41753,-1,-1,-1,-1,-1
37.9638,veh4,drop_decision_no_action,7,37955,41750,-1,-1,-1,-1,-1
37.9653,veh4,drop_decision_no_action,3,37963,41763,-1,-1,-1,-1,-1
37.9898,veh4,drop_decision_no_action,9,37970,41776,-1,-1,-1,-1,-1
37.9996,veh4,drop_decision_no_action,12,37990,41801,-1,-1,-1,-1,-1
38.0266,veh4,drop_decision_no_action,6,38015,41826,-1,-1,-1,-1,-1
38.0466,veh4,drop_decision_no_action,6,38034,41842,-1,-1,-1,-1,-1
38.0713,veh4,drop_decision_no_action,10,38069,41872,-1,-1,-1,-1,-1
38.0826,veh4,drop_decision_no_action,8,38079,41881,-1,-1,-1,-1,-1
38.1026,veh4,drop_decision_no_action,8,38084,41890,-1,-1,-1,-1,-1
38.1068,veh4,drop_decision_no_action,2,38095,41902,-1,-1,-1,-1,-1
38.1071,veh4,drop_decision_no_action,5,38099,41905,-1,-1,-1,-1,-1
38.1196,veh4,drop_decision_no_action,12,38106,41913,-1,-1,-1,-1,-1
38.1268,veh4,drop_decision_no_action,2,38123,41948,-1,-1,-1,-1,-1
38.1466,veh4,drop_decision_no_action,6,38134,41961,-1,-1,-1,-1,-1
38.1601,veh4,drop_decision_no_action,11,38156,41983,-1,-1,-1,-1,-1
38.1638,veh4,drop_decision_no_action,7,38155,41980,-1,-1,-1,-1,-1
38.1653,veh4,drop_decision_no_action,3,38163,41994,-1,-1,-1,-1,-1
38.1898,veh4,drop_decision_no_action,9,38170,42008,-1,-1,-1,-1,-1
38.1996,veh4,drop_decision_no_action,12,38190,42031,-1,-1,-1,-1,-1
38.2466,veh4,drop_decision_no_action,6,38234,42067,-1,-1,-1,-1,-1
38.2713,veh4,drop_decision_no_action,10,38269,42094,-1,-1,-1,-1,-1
38.3026,veh4,drop_decision_no_action,8,38284,42109,-1,-1,-1,-1,-1
38.3071,veh4,drop_decision_no_action,5,38299,42118,-1,-1,-1,-1,-1
38.3401,veh4,drop_decision_no_action,11,38333,42154,-1,-1,-1,-1,-1
38.3466,veh4,drop_decision_no_action,6,38334,42155,-1,-1,-1,-1,-1
38.3601,veh4,drop_decision_no_action,11,38356,42181,-1,-1,-1,-1,-1
38.3638,veh4,drop_decision_no_action,7,38355,42178,-1,-1,-1,-1,-1
38.3653,veh4,drop_decision_no_action,3,38363,42192,-1,-1,-1,-1,-1
38.3863,veh4,drop_decision_no_action,9,38370,42206,-1,-1,-1,-1,-1
38.3996,veh4,drop_decision_no_action,12,38390,42230,-1,-1,-1,-1,-1
38.4638,veh4,drop_decision_no_action,7,38455,42284,-1,-1,-1,-1,-1
38.4653,veh4,drop_decision_no_action,3,38463,42292,-1,-1,-1,-1,-1
38.4751,veh4,drop_decision_no_action,10,38469,42302,-1,-1,-1,-1,-1
38.5026,veh4,drop_decision_no_action,8,38484,42323,-1,-1,-1,-1,-1
38.5071,veh4,drop_decision_no_action,5,38499,42333,-1,-1,-1,-1,-1
38.5458,veh4,drop_decision_no_action,6,38534,42367,-1,-1,-1,-1,-1
38.5601,veh4,drop_decision_no_action,11,38556,42388,-1,-1,-1,-1,-1
38.5638,veh4,drop_decision_no_action,7,38555,42387,-1,-1,-1,-1,-1
38.5758,veh4,drop_decision_no_action,3,38563,42399,-1,-1,-1,-1,-1
38.5863,veh4,drop_decision_no_action,9,38570,42408,-1,-1,-1,-1,-1
38.5996,veh4,drop_decision_no_action,12,38590,42434,-1,-1,-1,-1,-1
38.6396,veh4,drop_decision_no_action,7,38630,42484,-1,-1,-1,-1,-1
38.6596,veh4,drop_decision_no_action,7,38655,42508,-1,-1,-1,-1,-1
38.6671,veh4,drop_decision_no_action,5,38651,42500,-1,-1,-1,-1,-1
38.6751,veh4,drop_decision_no_action,10,38669,42521,-1,-1,-1,-1,-1
38.6758,veh4,drop_decision_no_action,3,38663,42515,-1,-1,-1,-1,-1
38.7026,veh4,drop_decision_no_action,8,38684,42550,-1,-1,-1,-1,-1
38.7063,veh4,drop_decision_no_action,9,38686,42553,-1,-1,-1,-1,-1
38.7071,veh4,drop_decision_no_action,5,38699,42565,-1,-1,-1,-1,-1
38.7458,veh4,drop_decision_no_action,6,38734,42606,-1,-1,-1,-1,-1
38.7596,veh4,drop_decision_no_action,7,38755,42626,-1,-1,-1,-1,-1
38.7601,veh4,drop_decision_no_action,11,38756,42627,-1,-1,-1,-1,-1
38.7758,veh4,drop_decision_no_action,3,38763,42636,-1,-1,-1,-1,-1
38.7863,veh4,drop_decision_no_action,9,38770,42645,-1,-1,-1,-1,-1
38.7926,veh4,drop_decision_no_action,12,38790,42671,-1,-1,-1,-1,-1
38.8551,veh4,drop_decision_no_action,10,38852,42718,-1,-1,-1,-1,-1
38.8596,veh4,drop_decision_no_action,7,38855,42725,-1,-1,-1,-1,-1
38.8751,veh4,drop_decision_no_action,10,38869,42739,-1,-1,-1,-1,-1
38.9026,veh4,drop_decision_no_action,8,38884,42760,-1,-1,-1,-1,-1
38.9071,veh4,drop_decision_no_action,5,38899,42771,-1,-1,-1,-1,-1
38.9158,veh4,drop_decision_no_action,3,38896,42769,-1,-1,-1,-1,-1
38.9458,veh4,drop_decision_no_action,6,38934,42812,-1,-1,-1,-1,-1
38.9596,veh4,drop_decision_no_action,7,38955,42832,-1,-1,-1,-1,-1
38.9601,veh4,drop_decision_no_action,11,38956,42833,-1,-1,-1,-1,-1
38.9758,veh4,drop_decision_no_action,3,38963,42842,-1,-1,-1,-1,-1
38.9863,veh4,drop_decision_no_action,9,38970,42851,-1,-1,-1,-1,-1
38.9926,veh4,drop_decision_no_action,12,38990,42877,-1,-1,-1,-1,-1
39.0071,veh4,drop_decision_no_action,5,38999,42895,-1,-1,-1,-1,-1
39.0258,veh4,drop_decision_no_action,6,39015,42913,-1,-1,-1,-1,-1
39.0751,veh4,drop_decision_no_action,10,39069,42950,-1,-1,-1,-1,-1
39.0826,veh4,drop_decision_no_action,8,39079,42963,-1,-1,-1,-1,-1
39.1026,veh4,drop_decision_no_action,8,39084,42969,-1,-1,-1,-1,-1
39.1071,veh4,drop_decision_no_action,5,39099,42985,-1,-1,-1,-1,-1
39.1101,veh4,drop_decision_no_action,2,39095,42980,-1,-1,-1,-1,-1
39.1126,veh4,drop_decision_no_action,12,39106,42993,-1,-1,-1,-1,-1
39.1301,veh4,drop_decision_no_action,2,39123,43027,-1,-1,-1,-1,-1
39.1461,veh4,drop_decision_no_action,6,39134,43037,-1,-1,-1,-1,-1
39.1596,veh4,drop_decision_no_action,7,39155,43060,-1,-1,-1,-1,-1
39.1601,veh4,drop_decision_no_action,11,39156,43061,-1,-1,-1,-1,-1
39.1758,veh4,drop_decision_no_action,3,39163,43072,-1,-1,-1,-1,-1
39.1863,veh4,drop_decision_no_action,9,39170,43081,-1,-1,-1,-1,-1
39.1926,veh4,drop_decision_no_action,12,39190,43107,-1,-1,-1,-1,-1
39.2186,veh4,drop_decision_no_action,5,39199,43126,-1,-1,-1,-1,-1
39.2461,veh4,drop_decision_no_action,6,39234,43151,-1,-1,-1,-1,-1
39.2751,veh4,drop_decision_no_action,10,39269,43180,-1,-1,-1,-1,-1
39.3026,veh4,drop_decision_no_action,8,39284,43197,-1,-1,-1,-1,-1
39.3186,veh4,drop_decision_no_action,5,39299,43207,-1,-1,-1,-1,-1
39.3356,veh4,drop_decision_no_action,11,39333,43238,-1,-1,-1,-1,-1
39.3461,veh4,drop_decision_no_action,6,39334,43239,-1,-1,-1,-1,-1
39.3601,veh4,drop_decision_no_action,7,39355,43267,-1,-1,-1,-1,-1
39.3756,veh4,drop_decision_no_action,11,39356,43268,-1,-1,-1,-1,-1
39.3758,veh4,drop_decision_no_action,3,39363,43278,-1,-1,-1,-1,-1
39.3863,veh4,drop_decision_no_action,9,39370,43283,-1,-1,-1,-1,-1
39.3926,veh4,drop_decision_no_action,12,39390,43313,-1,-1,-1,-1,-1
39.4186,veh4,drop_decision_no_action,5,39399,43332,-1,-1,-1,-1,-1
39.4461,veh4,drop_decision_no_action,6,39434,43365,-1,-1,-1,-1,-1
39.4751,veh4,drop_decision_no_action,10,39469,43394,-1,-1,-1,-1,-1
39.4863,veh4,drop_decision_no_action,8,39484,43410,-1,-1,-1,-1,-1
39.5461,veh4,drop_decision_no_action,6,39534,43446,-1,-1,-1,-1,-1
39.5601,veh4,drop_decision_no_action,7,39555,43465,-1,-1,-1,-1,-1
39.5756,veh4,drop_decision_no_action,11,39556,43466,-1,-1,-1,-1,-1
39.5758,veh4,drop_decision_no_action,3,39563,43475,-1,-1,-1,-1,-1
39.5863,veh4,drop_decision_no_action,9,39570,43482,-1,-1,-1,-1,-1
39.5926,veh4,drop_decision_no_action,12,39590,43513,-1,-1,-1,-1,-1
39.6186,veh4,drop_decision_no_action,5,39599,43533,-1,-1,-1,-1,-1
39.6401,veh4,drop_decision_no_action,7,39630,43560,-1,-1,-1,-1,-1
39.6461,veh4,drop_decision_no_action,6,39634,43565,-1,-1,-1,-1,-1
39.6586,veh4,drop_decision_no_action,5,39651,43585,-1,-1,-1,-1,-1
39.6863,veh4,drop_decision_no_action,8,39684,43617,-1,-1,-1,-1,-1
39.6883,veh4,drop_decision_no_action,10,39669,43605,-1,-1,-1,-1,-1
39.7036,veh4,drop_decision_no_action,9,39686,43623,-1,-1,-1,-1,-1
39.7601,veh4,drop_decision_no_action,7,39755,43690,-1,-1,-1,-1,-1
39.7756,veh4,drop_decision_no_action,11,39756,43691,-1,-1,-1,-1,-1
39.7781,veh4,drop_decision_no_action,3,39763,43698,-1,-1,-1,-1,-1
39.7836,veh4,drop_decision_no_action,9,39770,43704,-1,-1,-1,-1,-1
39.7926,veh4,drop_decision_no_action,12,39790,43738,-1,-1,-1,-1,-1
39.8186,veh4,drop_decision_no_action,5,39799,43752,-1,-1,-1,-1,-1
39.8461,veh4,drop_decision_no_action,6,39834,43778,-1,-1,-1,-1,-1
39.8683,veh4,drop_decision_no_action,10,39852,43794,-1,-1,-1,-1,-1
39.8781,veh4,drop_decision_no_action,3,39863,43805,-1,-1,-1,-1,-1
39.8863,veh4,drop_decision_no_action,8,39884,43827,-1,-1,-1,-1,-1
39.8978,veh4,drop_decision_no_action,10,39869,43811,-1,-1,-1,-1,-1
39.8981,veh4,drop_decision_no_action,3,39896,43850,-1,-1,-1,-1,-1
