pkt_uid,drop_time_s,drop_type,msg_seq,tx_id,rx_id,decision_time_s,decision_event_type,lane_before,lane_after,target_speed_mps,vehicle_id,decision_delay_s,lane_change
2766,20.0101,CPM_DROP_PHY,699721694275,10,11.0,20.0101,cpm_drop_reaction,1,0,24,veh11,0.0,True
2766,20.0101,CPM_DROP_PHY,699721694275,10,12.0,20.0101,cpm_drop_reaction,0,0,8,veh12,0.0,False
2766,20.0101,CPM_DROP_PHY,699721694275,10,2.0,20.0101,drop_decision_no_action,-1,-1,-1,veh2,0.0,False
2766,20.0101,CPM_DROP_PHY,699721694275,10,3.0,20.0101,cpm_drop_reaction,0,0,15,veh3,0.0,False
2766,20.0101,CPM_DROP_PHY,699721694275,10,4.0,20.0101,cpm_drop_reaction,0,0,15,veh4,0.0,False
2766,20.0101,CPM_DROP_PHY,699721694275,10,5.0,20.0101,cpm_drop_reaction,0,0,15,veh5,0.0,False
2766,20.0101,CPM_DROP_PHY,699721694275,10,6.0,20.0101,cpm_drop_reaction,0,0,15,veh6,0.0,False
2766,20.0101,CPM_DROP_PHY,699721694275,10,7.0,20.0101,cpm_drop_reaction,0,0,15,veh7,0.0,False
2766,20.0101,CPM_DROP_PHY,699721694275,10,8.0,20.0101,cpm_drop_reaction,0,0,15,veh8,0.0,False
2766,20.0101,CPM_DROP_PHY,699721694275,10,9.0,20.0101,cpm_drop_reaction,1,0,45,veh9,0.0,True
2772,20.0233,CAM_DROP_PHY,11216,4,11.0,20.0233,drop_decision_no_action,-1,-1,-1,veh11,0.0,False
2772,20.0233,CAM_DROP_PHY,11216,4,12.0,20.0233,drop_decision_no_action,-1,-1,-1,veh12,0.0,False
2772,20.0233,CAM_DROP_PHY,11216,4,2.0,20.0233,drop_decision_no_action,-1,-1,-1,veh2,0.0,False
2772,20.0233,CAM_DROP_PHY,11216,4,3.0,20.0233,drop_decision_no_action,-1,-1,-1,veh3,0.0,False
2772,20.0233,CAM_DROP_PHY,11216,4,5.0,20.0233,drop_decision_no_action,-1,-1,-1,veh5,0.0,False
2772,20.0233,CAM_DROP_PHY,11216,4,6.0,20.0233,drop_decision_no_action,-1,-1,-1,veh6,0.0,False
2772,20.0233,CAM_DROP_PHY,11216,4,7.0,20.0233,drop_decision_no_action,-1,-1,-1,veh7,0.0,False
2772,20.0233,CAM_DROP_PHY,11216,4,8.0,20.0233,drop_decision_no_action,-1,-1,-1,veh8,0.0,False
2772,20.0233,CAM_DROP_PHY,11216,4,9.0,20.0233,drop_decision_no_action,-1,-1,-1,veh9,0.0,False
2773,20.0316,CPM_DROP_PHY,699721694303,5,10.0,20.0316,cpm_drop_reaction,0,0,8,veh10,0.0,False
2773,20.0316,CPM_DROP_PHY,699721694303,5,11.0,20.0316,drop_decision_no_action,-1,-1,-1,veh11,0.0,False
2773,20.0316,CPM_DROP_PHY,699721694303,5,12.0,20.0316,drop_decision_no_action,-1,-1,-1,veh12,0.0,False
2773,20.0316,CPM_DROP_PHY,699721694303,5,2.0,20.0316,drop_decision_no_action,-1,-1,-1,veh2,0.0,False
2773,20.0316,CPM_DROP_PHY,699721694303,5,3.0,20.0316,drop_decision_no_action,-1,-1,-1,veh3,0.0,False
2773,20.0316,CPM_DROP_PHY,699721694303,5,4.0,20.0316,drop_decision_no_action,-1,-1,-1,veh4,0.0,False
2773,20.0316,CPM_DROP_PHY,699721694303,5,6.0,20.0316,drop_decision_no_action,-1,-1,-1,veh6,0.0,False
2773,20.0316,CPM_DROP_PHY,699721694303,5,7.0,20.0316,drop_decision_no_action,-1,-1,-1,veh7,0.0,False
2773,20.0316,CPM_DROP_PHY,699721694303,5,8.0,20.0316,drop_decision_no_action,-1,-1,-1,veh8,0.0,False
2773,20.0316,CPM_DROP_PHY,699721694303,5,9.0,20.0316,drop_decision_no_action,-1,-1,-1,veh9,0.0,False
2772,20.0341,CAM_DROP_PHY,11216,4,10.0,20.0341,drop_decision_no_action,-1,-1,-1,veh10,0.0,False
2790,20.0428,CPM_DROP_PHY,699721694329,3,10.0,20.0428,drop_decision_no_action,-1,-1,-1,veh10,0.0,False
2790,20.0428,CPM_DROP_PHY,699721694329,3,11.0,20.0428,drop_decision_no_action,-1,-1,-1,veh11,0.0,False
2790,20.0428,CPM_DROP_PHY,699721694329,3,12.0,20.0428,drop_decision_no_action,-1,-1,-1,veh12,0.0,False
2790,20.0428,CPM_DROP_PHY,699721694329,3,2.0,20.0428,drop_decision_no_action,-1,-1,-1,veh2,0.0,False
2790,20.0428,CPM_DROP_PHY,699721694329,3,4.0,20.0428,drop_decision_no_action,-1,-1,-1,veh4,0.0,False
2790,20.0428,CPM_DROP_PHY,699721694329,3,5.0,20.0428,drop_decision_no_action,-1,-1,-1,veh5,0.0,False
2790,20.0428,CPM_DROP_PHY,699721694329,3,6.0,20.0428,drop_decision_no_action,-1,-1,-1,veh6,0.0,False
2790,20.0428,CPM_DROP_PHY,699721694329,3,7.0,20.0428,drop_decision_no_action,-1,-1,-1,veh7,0.0,False
2790,20.0428,CPM_DROP_PHY,699721694329,3,8.0,20.0428,drop_decision_no_action,-1,-1,-1,veh8,0.0,False
2790,20.0428,CPM_DROP_PHY,699721694329,3,9.0,20.0428,drop_decision_no_action,-1,-1,-1,veh9,0.0,False
2791,20.0446,CPM_DROP_PHY,699721694332,7,10.0,20.0446,drop_decision_no_action,-1,-1,-1,veh10,0.0,False
2791,20.0446,CPM_DROP_PHY,699721694332,7,11.0,20.0446,drop_decision_no_action,-1,-1,-1,veh11,0.0,False
2791,20.0446,CPM_DROP_PHY,699721694332,7,12.0,20.0446,drop_decision_no_action,-1,-1,-1,veh12,0.0,False
2791,20.0446,CPM_DROP_PHY,699721694332,7,2.0,20.0446,drop_decision_no_action,-1,-1,-1,veh2,0.0,False
2791,20.0446,CPM_DROP_PHY,699721694332,7,3.0,20.0446,drop_decision_no_action,-1,-1,-1,veh3,0.0,False
2791,20.0446,CPM_DROP_PHY,699721694332,7,4.0,20.0446,drop_decision_no_action,-1,-1,-1,veh4,0.0,False
2791,20.0446,CPM_DROP_PHY,699721694332,7,5.0,20.0446,drop_decision_no_action,-1,-1,-1,veh5,0.0,False
2791,20.0446,CPM_DROP_PHY,699721694332,7,6.0,20.0446,drop_decision_no_action,-1,-1,-1,veh6,0.0,False
2791,20.0446,CPM_DROP_PHY,699721694332,7,8.0,20.0446,drop_decision_no_action,-1,-1,-1,veh8,0.0,False
2791,20.0446,CPM_DROP_PHY,699721694332,7,9.0,20.0446,drop_decision_no_action,-1,-1,-1,veh9,0.0,False
2812,20.0536,CPM_DROP_PHY,699721694364,12,10.0,20.0536,drop_decision_no_action,-1,-1,-1,veh10,0.0,False
2812,20.0536,CPM_DROP_PHY,699721694364,12,11.0,20.0536,drop_decision_no_action,-1,-1,-1,veh11,0.0,False
2812,20.0536,CPM_DROP_PHY,699721694364,12,2.0,20.0536,drop_decision_no_action,-1,-1,-1,veh2,0.0,False
2812,20.0536,CPM_DROP_PHY,699721694364,12,3.0,20.0536,drop_decision_no_action,-1,-1,-1,veh3,0.0,False
2812,20.0536,CPM_DROP_PHY,699721694364,12,4.0,20.0536,drop_decision_no_action,-1,-1,-1,veh4,0.0,False
2812,20.0536,CPM_DROP_PHY,699721694364,12,5.0,20.0536,drop_decision_no_action,-1,-1,-1,veh5,0.0,False
2812,20.0536,CPM_DROP_PHY,699721694364,12,6.0,20.0536,drop_decision_no_action,-1,-1,-1,veh6,0.0,False
2812,20.0536,CPM_DROP_PHY,699721694364,12,7.0,20.0536,drop_decision_no_action,-1,-1,-1,veh7,0.0,False
2812,20.0536,CPM_DROP_PHY,699721694364,12,8.0,20.0536,drop_decision_no_action,-1,-1,-1,veh8,0.0,False
2812,20.0536,CPM_DROP_PHY,699721694364,12,9.0,20.0536,drop_decision_no_action,-1,-1,-1,veh9,0.0,False
2813,20.0546,CAM_DROP_PHY,11287,6,10.0,20.0546,drop_decision_no_action,-1,-1,-1,veh10,0.0,False
2813,20.0546,CAM_DROP_PHY,11287,6,12.0,20.0546,drop_decision_no_action,-1,-1,-1,veh12,0.0,False
2813,20.0546,CAM_DROP_PHY,11287,6,3.0,20.0546,drop_decision_no_action,-1,-1,-1,veh3,0.0,False
2813,20.0546,CAM_DROP_PHY,11287,6,8.0,20.0546,drop_decision_no_action,-1,-1,-1,veh8,0.0,False
2813,20.0596,CAM_DROP_PHY,11287,6,11.0,20.0596,drop_decision_no_action,-1,-1,-1,veh11,0.0,False
2813,20.0596,CAM_DROP_PHY,11287,6,2.0,20.0596,drop_decision_no_action,-1,-1,-1,veh2,0.0,False
2813,20.0596,CAM_DROP_PHY,11287,6,4.0,20.0596,drop_decision_no_action,-1,-1,-1,veh4,0.0,False
2813,20.0596,CAM_DROP_PHY,11287,6,5.0,20.0596,drop_decision_no_action,-1,-1,-1,veh5,0.0,False
2813,20.0596,CAM_DROP_PHY,11287,6,7.0,20.0596,drop_decision_no_action,-1,-1,-1,veh7,0.0,False
2813,20.0596,CAM_DROP_PHY,11287,6,9.0,20.0596,drop_decision_no_action,-1,-1,-1,veh9,0.0,False
2810,20.0636,CAM_DROP_PHY,11280,9,10.0,20.0636,drop_decision_no_action,-1,-1,-1,veh10,0.0,False
2810,20.0636,CAM_DROP_PHY,11280,9,11.0,20.0636,drop_decision_no_action,-1,-1,-1,veh11,0.0,False
2810,20.0636,CAM_DROP_PHY,11280,9,12.0,20.0636,drop_decision_no_action,-1,-1,-1,veh12,0.0,False
2810,20.0636,CAM_DROP_PHY,11280,9,2.0,20.0636,drop_decision_no_action,-1,-1,-1,veh2,0.0,False
2810,20.0636,CAM_DROP_PHY,11280,9,3.0,20.0636,drop_decision_no_action,-1,-1,-1,veh3,0.0,False
2810,20.0636,CAM_DROP_PHY,11280,9,4.0,20.0636,drop_decision_no_action,-1,-1,-1,veh4,0.0,False
2810,20.0636,CAM_DROP_PHY,11280,9,5.0,20.0636,drop_decision_no_action,-1,-1,-1,veh5,0.0,False
2810,20.0636,CAM_DROP_PHY,11280,9,6.0,20.0636,drop_decision_no_action,-1,-1,-1,veh6,0.0,False
2810,20.0636,CAM_DROP_PHY,11280,9,7.0,20.0636,drop_decision_no_action,-1,-1,-1,veh7,0.0,False
2810,20.0636,CAM_DROP_PHY,11280,9,8.0,20.0636,drop_decision_no_action,-1,-1,-1,veh8,0.0,False
2791,20.0646,CAM_DROP_PHY,11259,7,10.0,20.0446,drop_decision_no_action,-1,-1,-1,veh10,-0.019999999999999574,False
2791,20.0646,CAM_DROP_PHY,11259,7,11.0,20.0446,drop_decision_no_action,-1,-1,-1,veh11,-0.019999999999999574,False
2791,20.0646,CAM_DROP_PHY,11259,7,12.0,20.0446,drop_decision_no_action,-1,-1,-1,veh12,-0.019999999999999574,False
2791,20.0646,CAM_DROP_PHY,11259,7,2.0,20.0446,drop_decision_no_action,-1,-1,-1,veh2,-0.019999999999999574,False
2791,20.0646,CAM_DROP_PHY,11259,7,3.0,20.0446,drop_decision_no_action,-1,-1,-1,veh3,-0.019999999999999574,False
2791,20.0646,CAM_DROP_PHY,11259,7,4.0,20.0446,drop_decision_no_action,-1,-1,-1,veh4,-0.019999999999999574,False
2791,20.0646,CAM_DROP_PHY,11259,7,5.0,20.0446,drop_decision_no_action,-1,-1,-1,veh5,-0.019999999999999574,False
2791,20.0646,CAM_DROP_PHY,11259,7,6.0,20.0446,drop_decision_no_action,-1,-1,-1,veh6,-0.019999999999999574,False
2791,20.0646,CAM_DROP_PHY,11259,7,8.0,20.0446,drop_decision_no_action,-1,-1,-1,veh8,-0.019999999999999574,False
2791,20.0646,CAM_DROP_PHY,11259,7,9.0,20.0446,drop_decision_no_action,-1,-1,-1,veh9,-0.019999999999999574,False
2836,20.0746,CPM_DROP_PHY,699721694391,6,3.0,20.0746,drop_decision_no_action,-1,-1,-1,veh3,0.0,False
2836,20.0746,CPM_DROP_PHY,699721694391,6,8.0,20.0746,drop_decision_no_action,-1,-1,-1,veh8,0.0,False
2836,20.0796,CPM_DROP_PHY,699721694391,6,10.0,20.0796,drop_decision_no_action,-1,-1,-1,veh10,0.0,False
2836,20.0796,CPM_DROP_PHY,699721694391,6,11.0,20.0796,drop_decision_no_action,-1,-1,-1,veh11,0.0,False
2836,20.0796,CPM_DROP_PHY,699721694391,6,12.0,20.0796,drop_decision_no_action,-1,-1,-1,veh12,0.0,False
2836,20.0796,CPM_DROP_PHY,699721694391,6,2.0,20.0796,drop_decision_no_action,-1,-1,-1,veh2,0.0,False
2836,20.0796,CPM_DROP_PHY,699721694391,6,4.0,20.0796,drop_decision_no_action,-1,-1,-1,veh4,0.0,False
2836,20.0796,CPM_DROP_PHY,699721694391,6,5.0,20.0796,drop_decision_no_action,-1,-1,-1,veh5,0.0,False
2836,20.0796,CPM_DROP_PHY,699721694391,6,7.0,20.0796,drop_decision_no_action,-1,-1,-1,veh7,0.0,False
2836,20.0796,CPM_DROP_PHY,699721694391,6,9.0,20.0796,drop_decision_no_action,-1,-1,-1,veh9,0.0,False
2847,20.0833,CPM_DROP_PHY,699721694400,4,10.0,20.0833,drop_decision_no_action,-1,-1,-1,veh10,0.0,False
2847,20.0833,CPM_DROP_PHY,699721694400,4,11.0,20.0833,drop_decision_no_action,-1,-1,-1,veh11,0.0,False
2847,20.0833,CPM_DROP_PHY,699721694400,4,12.0,20.0833,drop_decision_no_action,-1,-1,-1,veh12,0.0,False
2847,20.0833,CPM_DROP_PHY,699721694400,4,2.0,20.0833,drop_decision_no_action,-1,-1,-1,veh2,0.0,False
2847,20.0833,CPM_DROP_PHY,699721694400,4,3.0,20.0833,drop_decision_no_action,-1,-1,-1,veh3,0.0,False
2847,20.0833,CPM_DROP_PHY,699721694400,4,5.0,20.0833,drop_decision_no_action,-1,-1,-1,veh5,0.0,False
2847,20.0833,CPM_DROP_PHY,699721694400,4,6.0,20.0833,drop_decision_no_action,-1,-1,-1,veh6,0.0,False
2847,20.0833,CPM_DROP_PHY,699721694400,4,7.0,20.0833,drop_decision_no_action,-1,-1,-1,veh7,0.0,False
2847,20.0833,CPM_DROP_PHY,699721694400,4,8.0,20.0833,drop_decision_no_action,-1,-1,-1,veh8,0.0,False
2847,20.0833,CPM_DROP_PHY,699721694400,4,9.0,20.0833,drop_decision_no_action,-1,-1,-1,veh9,0.0,False
2837,20.0836,CPM_DROP_PHY,699721694394,9,10.0,20.0836,drop_decision_no_action,-1,-1,-1,veh10,0.0,False
2837,20.0836,CPM_DROP_PHY,699721694394,9,11.0,20.0836,drop_decision_no_action,-1,-1,-1,veh11,0.0,False
2837,20.0836,CPM_DROP_PHY,699721694394,9,12.0,20.0836,drop_decision_no_action,-1,-1,-1,veh12,0.0,False
2837,20.0836,CPM_DROP_PHY,699721694394,9,2.0,20.0836,drop_decision_no_action,-1,-1,-1,veh2,0.0,False
2837,20.0836,CPM_DROP_PHY,699721694394,9,3.0,20.0836,drop_decision_no_action,-1,-1,-1,veh3,0.0,False
2837,20.0836,CPM_DROP_PHY,699721694394,9,4.0,20.0836,drop_decision_no_action,-1,-1,-1,veh4,0.0,False
2837,20.0836,CPM_DROP_PHY,699721694394,9,5.0,20.0836,drop_decision_no_action,-1,-1,-1,veh5,0.0,False
2837,20.0836,CPM_DROP_PHY,699721694394,9,6.0,20.0836,drop_decision_no_action,-1,-1,-1,veh6,0.0,False
2837,20.0836,CPM_DROP_PHY,699721694394,9,7.0,20.0836,drop_decision_no_action,-1,-1,-1,veh7,0.0,False
2869,20.0901,CAM_DROP_PHY,11336,10,11.0,20.0901,drop_decision_no_action,-1,-1,-1,veh11,0.0,False
2869,20.0901,CAM_DROP_PHY,11336,10,12.0,20.0901,drop_decision_no_action,-1,-1,-1,veh12,0.0,False
2869,20.0901,CAM_DROP_PHY,11336,10,2.0,20.0901,drop_decision_no_action,-1,-1,-1,veh2,0.0,False
2869,20.0901,CAM_DROP_PHY,11336,10,3.0,20.0901,drop_decision_no_action,-1,-1,-1,veh3,0.0,False
2869,20.0901,CAM_DROP_PHY,11336,10,4.0,20.0901,drop_decision_no_action,-1,-1,-1,veh4,0.0,False
2869,20.0901,CAM_DROP_PHY,11336,10,5.0,20.0901,drop_decision_no_action,-1,-1,-1,veh5,0.0,False
2869,20.0901,CAM_DROP_PHY,11336,10,6.0,20.0901,drop_decision_no_action,-1,-1,-1,veh6,0.0,False
2869,20.0901,CAM_DROP_PHY,11336,10,7.0,20.0901,drop_decision_no_action,-1,-1,-1,veh7,0.0,False
2869,20.0901,CAM_DROP_PHY,11336,10,8.0,20.0901,drop_decision_no_action,-1,-1,-1,veh8,0.0,False
2869,20.0901,CAM_DROP_PHY,11336,10,9.0,20.0901,drop_decision_no_action,-1,-1,-1,veh9,0.0,False
2889,20.0973,CPM_DROP_PHY,699721694430,11,10.0,20.0973,drop_decision_no_action,-1,-1,-1,veh10,0.0,False
2889,20.0973,CPM_DROP_PHY,699721694430,11,12.0,20.0973,drop_decision_no_action,-1,-1,-1,veh12,0.0,False
2889,20.0973,CPM_DROP_PHY,699721694430,11,2.0,20.0973,drop_decision_no_action,-1,-1,-1,veh2,0.0,False
2889,20.0973,CPM_DROP_PHY,699721694430,11,3.0,20.0973,drop_decision_no_action,-1,-1,-1,veh3,0.0,False
2889,20.0973,CPM_DROP_PHY,699721694430,11,4.0,20.0973,drop_decision_no_action,-1,-1,-1,veh4,0.0,False
2889,20.0973,CPM_DROP_PHY,699721694430,11,5.0,20.0973,drop_decision_no_action,-1,-1,-1,veh5,0.0,False
2889,20.0973,CPM_DROP_PHY,699721694430,11,6.0,20.0973,drop_decision_no_action,-1,-1,-1,veh6,0.0,False
2889,20.0973,CPM_DROP_PHY,699721694430,11,7.0,20.0973,drop_decision_no_action,-1,-1,-1,veh7,0.0,False
2889,20.0973,CPM_DROP_PHY,699721694430,11,8.0,20.0973,drop_decision_no_action,-1,-1,-1,veh8,0.0,False
2889,20.0973,CPM_DROP_PHY,699721694430,11,9.0,20.0973,drop_decision_no_action,-1,-1,-1,veh9,0.0,False
2910,20.1101,CPM_DROP_PHY,699721694514,10,11.0,20.1101,drop_decision_no_action,-1,-1,-1,veh11,0.0,False
2910,20.1101,CPM_DROP_PHY,699721694514,10,12.0,20.1101,drop_decision_no_action,-1,-1,-1,veh12,0.0,False
2910,20.1101,CPM_DROP_PHY,699721694514,10,2.0,20.1101,drop_decision_no_action,-1,-1,-1,veh2,0.0,False
2910,20.1101,CPM_DROP_PHY,699721694514,10,3.0,20.1101,drop_decision_no_action,-1,-1,-1,veh3,0.0,False
2910,20.1101,CPM_DROP_PHY,699721694514,10,4.0,20.1101,drop_decision_no_action,-1,-1,-1,veh4,0.0,False
2910,20.1101,CPM_DROP_PHY,699721694514,10,5.0,20.1101,drop_decision_no_action,-1,-1,-1,veh5,0.0,False
2910,20.1101,CPM_DROP_PHY,699721694514,10,6.0,20.1101,drop_decision_no_action,-1,-1,-1,veh6,0.0,False
2910,20.1101,CPM_DROP_PHY,699721694514,10,7.0,20.1101,drop_decision_no_action,-1,-1,-1,veh7,0.0,False
2910,20.1101,CPM_DROP_PHY,699721694514,10,8.0,20.1101,drop_decision_no_action,-1,-1,-1,veh8,0.0,False
2910,20.1101,CPM_DROP_PHY,699721694514,10,9.0,20.1101,drop_decision_no_action,-1,-1,-1,veh9,0.0,False
2909,20.1116,CAM_DROP_PHY,11430,5,10.0,20.1116,drop_decision_no_action,-1,-1,-1,veh10,0.0,False
2909,20.1116,CAM_DROP_PHY,11430,5,11.0,20.1116,drop_decision_no_action,-1,-1,-1,veh11,0.0,False
2909,20.1116,CAM_DROP_PHY,11430,5,12.0,20.1116,drop_decision_no_action,-1,-1,-1,veh12,0.0,False
2909,20.1116,CAM_DROP_PHY,11430,5,2.0,20.1116,drop_decision_no_action,-1,-1,-1,veh2,0.0,False
2909,20.1116,CAM_DROP_PHY,11430,5,3.0,20.1116,drop_decision_no_action,-1,-1,-1,veh3,0.0,False
2909,20.1116,CAM_DROP_PHY,11430,5,4.0,20.1116,drop_decision_no_action,-1,-1,-1,veh4,0.0,False
2909,20.1116,CAM_DROP_PHY,11430,5,6.0,20.1116,drop_decision_no_action,-1,-1,-1,veh6,0.0,False
2909,20.1116,CAM_DROP_PHY,11430,5,7.0,20.1116,drop_decision_no_action,-1,-1,-1,veh7,0.0,False
2909,20.1116,CAM_DROP_PHY,11430,5,8.0,20.1116,drop_decision_no_action,-1,-1,-1,veh8,0.0,False
2909,20.1116,CAM_DROP_PHY,11430,5,9.0,20.1116,drop_decision_no_action,-1,-1,-1,veh9,0.0,False
2900,20.1136,CAM_DROP_PHY,11424,12,10.0,20.1136,drop_decision_no_action,-1,-1,-1,veh10,0.0,False
2900,20.1136,CAM_DROP_PHY,11424,12,11.0,20.1136,drop_decision_no_action,-1,-1,-1,veh11,0.0,False
2900,20.1136,CAM_DROP_PHY,11424,12,2.0,20.1136,drop_decision_no_action,-1,-1,-1,veh2,0.0,False
2900,20.1136,CAM_DROP_PHY,11424,12,3.0,20.1136,drop_decision_no_action,-1,-1,-1,veh3,0.0,False
2900,20.1136,CAM_DROP_PHY,11424,12,4.0,20.1136,drop_decision_no_action,-1,-1,-1,veh4,0.0,False
2900,20.1136,CAM_DROP_PHY,11424,12,5.0,20.1136,drop_decision_no_action,-1,-1,-1,veh5,0.0,False
2900,20.1136,CAM_DROP_PHY,11424,12,6.0,20.1136,drop_decision_no_action,-1,-1,-1,veh6,0.0,False
2900,20.1136,CAM_DROP_PHY,11424,12,7.0,20.1136,drop_decision_no_action,-1,-1,-1,veh7,0.0,False
2900,20.1136,CAM_DROP_PHY,11424,12,8.0,20.1136,drop_decision_no_action,-1,-1,-1,veh8,0.0,False
2900,20.1136,CAM_DROP_PHY,11424,12,9.0,20.1136,drop_decision_no_action,-1,-1,-1,veh9,0.0,False
2898,20.1173,CAM_DROP_PHY,11360,11,10.0,20.1173,drop_decision_no_action,-1,-1,-1,veh10,0.0,False
2898,20.1173,CAM_DROP_PHY,11360,11,12.0,20.1173,drop_decision_no_action,-1,-1,-1,veh12,0.0,False
2898,20.1173,CAM_DROP_PHY,11360,11,2.0,20.1173,drop_decision_no_action,-1,-1,-1,veh2,0.0,False
2898,20.1173,CAM_DROP_PHY,11360,11,3.0,20.1173,drop_decision_no_action,-1,-1,-1,veh3,0.0,False
2898,20.1173,CAM_DROP_PHY,11360,11,4.0,20.1173,drop_decision_no_action,-1,-1,-1,veh4,0.0,False
2898,20.1173,CAM_DROP_PHY,11360,11,5.0,20.1173,drop_decision_no_action,-1,-1,-1,veh5,0.0,False
2898,20.1173,CAM_DROP_PHY,11360,11,6.0,20.1173,drop_decision_no_action,-1,-1,-1,veh6,0.0,False
2898,20.1173,CAM_DROP_PHY,11360,11,7.0,20.1173,drop_decision_no_action,-1,-1,-1,veh7,0.0,False
2898,20.1173,CAM_DROP_PHY,11360,11,8.0,20.1173,drop_decision_no_action,-1,-1,-1,veh8,0.0,False
2898,20.1173,CAM_DROP_PHY,11360,11,9.0,20.1173,drop_decision_no_action,-1,-1,-1,veh9,0.0,False
2932,20.1233,CAM_DROP_PHY,11446,4,11.0,20.1233,drop_decision_no_action,-1,-1,-1,veh11,0.0,False
2932,20.1233,CAM_DROP_PHY,11446,4,12.0,20.1233,drop_decision_no_action,-1,-1,-1,veh12,0.0,False
2932,20.1233,CAM_DROP_PHY,11446,4,2.0,20.1233,drop_decision_no_action,-1,-1,-1,veh2,0.0,False
2932,20.1233,CAM_DROP_PHY,11446,4,3.0,20.1233,drop_decision_no_action,-1,-1,-1,veh3,0.0,False
2932,20.1233,CAM_DROP_PHY,11446,4,5.0,20.1233,drop_decision_no_action,-1,-1,-1,veh5,0.0,False
2932,20.1233,CAM_DROP_PHY,11446,4,6.0,20.1233,drop_decision_no_action,-1,-1,-1,veh6,0.0,False
2932,20.1233,CAM_DROP_PHY,11446,4,7.0,20.1233,drop_decision_no_action,-1,-1,-1,veh7,0.0,False
2932,20.1233,CAM_DROP_PHY,11446,4,8.0,20.1233,drop_decision_no_action,-1,-1,-1,veh8,0.0,False
2932,20.1233,CAM_DROP_PHY,11446,4,9.0,20.1233,drop_decision_no_action,-1,-1,-1,veh9,0.0,False
2939,20.1316,CPM_DROP_PHY,699721694532,5,10.0,20.1316,drop_decision_no_action,-1,-1,-1,veh10,0.0,False
2939,20.1316,CPM_DROP_PHY,699721694532,5,11.0,20.1316,drop_decision_no_action,-1,-1,-1,veh11,0.0,False
2939,20.1316,CPM_DROP_PHY,699721694532,5,12.0,20.1316,drop_decision_no_action,-1,-1,-1,veh12,0.0,False
2939,20.1316,CPM_DROP_PHY,699721694532,5,2.0,20.1316,drop_decision_no_action,-1,-1,-1,veh2,0.0,False
2939,20.1316,CPM_DROP_PHY,699721694532,5,3.0,20.1316,drop_decision_no_action,-1,-1,-1,veh3,0.0,False
2939,20.1316,CPM_DROP_PHY,699721694532,5,4.0,20.1316,drop_decision_no_action,-1,-1,-1,veh4,0.0,False
2939,20.1316,CPM_DROP_PHY,699721694532,5,6.0,20.1316,drop_decision_no_action,-1,-1,-1,veh6,0.0,False
2939,20.1316,CPM_DROP_PHY,699721694532,5,7.0,20.1316,drop_decision_no_action,-1,-1,-1,veh7,0.0,False
2939,20.1316,CPM_DROP_PHY,699721694532,5,8.0,20.1316,drop_decision_no_action,-1,-1,-1,veh8,0.0,False
2939,20.1316,CPM_DROP_PHY,699721694532,5,9.0,20.1316,drop_decision_no_action,-1,-1,-1,veh9,0.0,False
2932,20.1341,CAM_DROP_PHY,11446,4,10.0,20.1341,drop_decision_no_action,-1,-1,-1,veh10,0.0,False
2965,20.1428,CAM_DROP_PHY,11465,3,10.0,20.1428,drop_decision_no_action,-1,-1,-1,veh10,0.0,False
2965,20.1428,CAM_DROP_PHY,11465,3,11.0,20.1428,drop_decision_no_action,-1,-1,-1,veh11,0.0,False
2965,20.1428,CAM_DROP_PHY,11465,3,12.0,20.1428,drop_decision_no_action,-1,-1,-1,veh12,0.0,False
2965,20.1428,CAM_DROP_PHY,11465,3,2.0,20.1428,drop_decision_no_action,-1,-1,-1,veh2,0.0,False
2965,20.1428,CAM_DROP_PHY,11465,3,4.0,20.1428,drop_decision_no_action,-1,-1,-1,veh4,0.0,False
2965,20.1428,CAM_DROP_PHY,11465,3,5.0,20.1428,drop_decision_no_action,-1,-1,-1,veh5,0.0,False
2965,20.1428,CAM_DROP_PHY,11465,3,6.0,20.1428,drop_decision_no_action,-1,-1,-1,veh6,0.0,False
2965,20.1428,CAM_DROP_PHY,11465,3,7.0,20.1428,drop_decision_no_action,-1,-1,-1,veh7,0.0,False
2965,20.1428,CAM_DROP_PHY,11465,3,8.0,20.1428,drop_decision_no_action,-1,-1,-1,veh8,0.0,False
2965,20.1428,CAM_DROP_PHY,11465,3,9.0,20.1428,drop_decision_no_action,-1,-1,-1,veh9,0.0,False
2970,20.1446,CPM_DROP_PHY,699721694553,7,10.0,20.1446,drop_decision_no_action,-1,-1,-1,veh10,0.0,False
2970,20.1446,CPM_DROP_PHY,699721694553,7,11.0,20.1446,drop_decision_no_action,-1,-1,-1,veh11,0.0,False
2970,20.1446,CPM_DROP_PHY,699721694553,7,12.0,20.1446,drop_decision_no_action,-1,-1,-1,veh12,0.0,False
2970,20.1446,CPM_DROP_PHY,699721694553,7,2.0,20.1446,drop_decision_no_action,-1,-1,-1,veh2,0.0,False
2970,20.1446,CPM_DROP_PHY,699721694553,7,3.0,20.1446,drop_decision_no_action,-1,-1,-1,veh3,0.0,False
2970,20.1446,CPM_DROP_PHY,699721694553,7,4.0,20.1446,drop_decision_no_action,-1,-1,-1,veh4,0.0,False
2970,20.1446,CPM_DROP_PHY,699721694553,7,5.0,20.1446,drop_decision_no_action,-1,-1,-1,veh5,0.0,False
2970,20.1446,CPM_DROP_PHY,699721694553,7,6.0,20.1446,drop_decision_no_action,-1,-1,-1,veh6,0.0,False
2970,20.1446,CPM_DROP_PHY,699721694553,7,8.0,20.1446,drop_decision_no_action,-1,-1,-1,veh8,0.0,False
2970,20.1446,CPM_DROP_PHY,699721694553,7,9.0,20.1446,drop_decision_no_action,-1,-1,-1,veh9,0.0,False
2991,20.1536,CPM_DROP_PHY,699721694570,12,10.0,20.1536,drop_decision_no_action,-1,-1,-1,veh10,0.0,False
2991,20.1536,CPM_DROP_PHY,699721694570,12,11.0,20.1536,drop_decision_no_action,-1,-1,-1,veh11,0.0,False
2991,20.1536,CPM_DROP_PHY,699721694570,12,2.0,20.1536,drop_decision_no_action,-1,-1,-1,veh2,0.0,False
2991,20.1536,CPM_DROP_PHY,699721694570,12,3.0,20.1536,drop_decision_no_action,-1,-1,-1,veh3,0.0,False
2991,20.1536,CPM_DROP_PHY,699721694570,12,4.0,20.1536,drop_decision_no_action,-1,-1,-1,veh4,0.0,False
2991,20.1536,CPM_DROP_PHY,699721694570,12,5.0,20.1536,drop_decision_no_action,-1,-1,-1,veh5,0.0,False
2991,20.1536,CPM_DROP_PHY,699721694570,12,6.0,20.1536,drop_decision_no_action,-1,-1,-1,veh6,0.0,False
2991,20.1536,CPM_DROP_PHY,699721694570,12,7.0,20.1536,drop_decision_no_action,-1,-1,-1,veh7,0.0,False
2991,20.1536,CPM_DROP_PHY,699721694570,12,8.0,20.1536,drop_decision_no_action,-1,-1,-1,veh8,0.0,False
2991,20.1536,CPM_DROP_PHY,699721694570,12,9.0,20.1536,drop_decision_no_action,-1,-1,-1,veh9,0.0,False
2965,20.1628,CPM_DROP_PHY,699721694549,3,10.0,20.1428,drop_decision_no_action,-1,-1,-1,veh10,-0.019999999999999574,False
2965,20.1628,CPM_DROP_PHY,699721694549,3,11.0,20.1428,drop_decision_no_action,-1,-1,-1,veh11,-0.019999999999999574,False
2965,20.1628,CPM_DROP_PHY,699721694549,3,12.0,20.1428,drop_decision_no_action,-1,-1,-1,veh12,-0.019999999999999574,False
2965,20.1628,CPM_DROP_PHY,699721694549,3,2.0,20.1428,drop_decision_no_action,-1,-1,-1,veh2,-0.019999999999999574,False
2965,20.1628,CPM_DROP_PHY,699721694549,3,4.0,20.1428,drop_decision_no_action,-1,-1,-1,veh4,-0.019999999999999574,False
2965,20.1628,CPM_DROP_PHY,699721694549,3,5.0,20.1428,drop_decision_no_action,-1,-1,-1,veh5,-0.019999999999999574,False
2965,20.1628,CPM_DROP_PHY,699721694549,3,6.0,20.1428,drop_decision_no_action,-1,-1,-1,veh6,-0.019999999999999574,False
2965,20.1628,CPM_DROP_PHY,699721694549,3,7.0,20.1428,drop_decision_no_action,-1,-1,-1,veh7,-0.019999999999999574,False
2965,20.1628,CPM_DROP_PHY,699721694549,3,8.0,20.1428,drop_decision_no_action,-1,-1,-1,veh8,-0.019999999999999574,False
2965,20.1628,CPM_DROP_PHY,699721694549,3,9.0,20.1428,drop_decision_no_action,-1,-1,-1,veh9,-0.019999999999999574,False
2970,20.1646,CAM_DROP_PHY,11480,7,10.0,20.1446,drop_decision_no_action,-1,-1,-1,veh10,-0.019999999999999574,False
2970,20.1646,CAM_DROP_PHY,11480,7,11.0,20.1446,drop_decision_no_action,-1,-1,-1,veh11,-0.019999999999999574,False
2970,20.1646,CAM_DROP_PHY,11480,7,12.0,20.1446,drop_decision_no_action,-1,-1,-1,veh12,-0.019999999999999574,False
2970,20.1646,CAM_DROP_PHY,11480,7,2.0,20.1446,drop_decision_no_action,-1,-1,-1,veh2,-0.019999999999999574,False
2970,20.1646,CAM_DROP_PHY,11480,7,3.0,20.1446,drop_decision_no_action,-1,-1,-1,veh3,-0.019999999999999574,False
2970,20.1646,CAM_DROP_PHY,11480,7,4.0,20.1446,drop_decision_no_action,-1,-1,-1,veh4,-0.019999999999999574,False
2970,20.1646,CAM_DROP_PHY,11480,7,5.0,20.1446,drop_decision_no_action,-1,-1,-1,veh5,-0.019999999999999574,False
2970,20.1646,CAM_DROP_PHY,11480,7,6.0,20.1446,drop_decision_no_action,-1,-1,-1,veh6,-0.019999999999999574,False
2970,20.1646,CAM_DROP_PHY,11480,7,8.0,20.1446,drop_decision_no_action,-1,-1,-1,veh8,-0.019999999999999574,False
2970,20.1646,CAM_DROP_PHY,11480,7,9.0,20.1446,drop_decision_no_action,-1,-1,-1,veh9,-0.019999999999999574,False
3005,20.1746,CPM_DROP_PHY,699721694581,6,12.0,20.1746,drop_decision_no_action,-1,-1,-1,veh12,0.0,False
3005,20.1746,CPM_DROP_PHY,699721694581,6,3.0,20.1746,drop_decision_no_action,-1,-1,-1,veh3,0.0,False
3005,20.1746,CPM_DROP_PHY,699721694581,6,8.0,20.1746,drop_decision_no_action,-1,-1,-1,veh8,0.0,False
3005,20.1796,CPM_DROP_PHY,699721694581,6,10.0,20.1796,drop_decision_no_action,-1,-1,-1,veh10,0.0,False
3005,20.1796,CPM_DROP_PHY,699721694581,6,11.0,20.1796,drop_decision_no_action,-1,-1,-1,veh11,0.0,False
3005,20.1796,CPM_DROP_PHY,699721694581,6,2.0,20.1796,drop_decision_no_action,-1,-1,-1,veh2,0.0,False
3005,20.1796,CPM_DROP_PHY,699721694581,6,4.0,20.1796,drop_decision_no_action,-1,-1,-1,veh4,0.0,False
3005,20.1796,CPM_DROP_PHY,699721694581,6,5.0,20.1796,drop_decision_no_action,-1,-1,-1,veh5,0.0,False
3005,20.1796,CPM_DROP_PHY,699721694581,6,7.0,20.1796,drop_decision_no_action,-1,-1,-1,veh7,0.0,False
3005,20.1796,CPM_DROP_PHY,699721694581,6,9.0,20.1796,drop_decision_no_action,-1,-1,-1,veh9,0.0,False
3016,20.1833,CPM_DROP_PHY,699721694590,4,10.0,20.1833,drop_decision_no_action,-1,-1,-1,veh10,0.0,False
3016,20.1833,CPM_DROP_PHY,699721694590,4,11.0,20.1833,drop_decision_no_action,-1,-1,-1,veh11,0.0,False
3016,20.1833,CPM_DROP_PHY,699721694590,4,12.0,20.1833,drop_decision_no_action,-1,-1,-1,veh12,0.0,False
3016,20.1833,CPM_DROP_PHY,699721694590,4,2.0,20.1833,drop_decision_no_action,-1,-1,-1,veh2,0.0,False
3016,20.1833,CPM_DROP_PHY,699721694590,4,3.0,20.1833,drop_decision_no_action,-1,-1,-1,veh3,0.0,False
3016,20.1833,CPM_DROP_PHY,699721694590,4,5.0,20.1833,drop_decision_no_action,-1,-1,-1,veh5,0.0,False
3016,20.1833,CPM_DROP_PHY,699721694590,4,6.0,20.1833,drop_decision_no_action,-1,-1,-1,veh6,0.0,False
3016,20.1833,CPM_DROP_PHY,699721694590,4,7.0,20.1833,drop_decision_no_action,-1,-1,-1,veh7,0.0,False
3016,20.1833,CPM_DROP_PHY,699721694590,4,8.0,20.1833,drop_decision_no_action,-1,-1,-1,veh8,0.0,False
3016,20.1833,CPM_DROP_PHY,699721694590,4,9.0,20.1833,drop_decision_no_action,-1,-1,-1,veh9,0.0,False
3006,20.1836,CPM_DROP_PHY,699721694584,9,10.0,20.1836,drop_decision_no_action,-1,-1,-1,veh10,0.0,False
3006,20.1836,CPM_DROP_PHY,699721694584,9,11.0,20.1836,drop_decision_no_action,-1,-1,-1,veh11,0.0,False
3006,20.1836,CPM_DROP_PHY,699721694584,9,12.0,20.1836,drop_decision_no_action,-1,-1,-1,veh12,0.0,False
3006,20.1836,CPM_DROP_PHY,699721694584,9,2.0,20.1836,drop_decision_no_action,-1,-1,-1,veh2,0.0,False
3006,20.1836,CPM_DROP_PHY,699721694584,9,3.0,20.1836,drop_decision_no_action,-1,-1,-1,veh3,0.0,False
3006,20.1836,CPM_DROP_PHY,699721694584,9,4.0,20.1836,drop_decision_no_action,-1,-1,-1,veh4,0.0,False
3006,20.1836,CPM_DROP_PHY,699721694584,9,5.0,20.1836,drop_decision_no_action,-1,-1,-1,veh5,0.0,False
3006,20.1836,CPM_DROP_PHY,699721694584,9,6.0,20.1836,drop_decision_no_action,-1,-1,-1,veh6,0.0,False
3006,20.1836,CPM_DROP_PHY,699721694584,9,7.0,20.1836,drop_decision_no_action,-1,-1,-1,veh7,0.0,False
3042,20.1901,CAM_DROP_PHY,11526,10,11.0,20.1901,drop_decision_no_action,-1,-1,-1,veh11,0.0,False
3042,20.1901,CAM_DROP_PHY,11526,10,12.0,20.1901,drop_decision_no_action,-1,-1,-1,veh12,0.0,False
3042,20.1901,CAM_DROP_PHY,11526,10,2.0,20.1901,drop_decision_no_action,-1,-1,-1,veh2,0.0,False
3042,20.1901,CAM_DROP_PHY,11526,10,3.0,20.1901,drop_decision_no_action,-1,-1,-1,veh3,0.0,False
3042,20.1901,CAM_DROP_PHY,11526,10,4.0,20.1901,drop_decision_no_action,-1,-1,-1,veh4,0.0,False
3042,20.1901,CAM_DROP_PHY,11526,10,5.0,20.1901,drop_decision_no_action,-1,-1,-1,veh5,0.0,False
3042,20.1901,CAM_DROP_PHY,11526,10,6.0,20.1901,drop_decision_no_action,-1,-1,-1,veh6,0.0,False
3042,20.1901,CAM_DROP_PHY,11526,10,7.0,20.1901,drop_decision_no_action,-1,-1,-1,veh7,0.0,False
3042,20.1901,CAM_DROP_PHY,11526,10,8.0,20.1901,drop_decision_no_action,-1,-1,-1,veh8,0.0,False
3042,20.1901,CAM_DROP_PHY,11526,10,9.0,20.1901,drop_decision_no_action,-1,-1,-1,veh9,0.0,False
3062,20.1973,CPM_DROP_PHY,699721694621,11,10.0,20.1973,drop_decision_no_action,-1,-1,-1,veh10,0.0,False
3062,20.1973,CPM_DROP_PHY,699721694621,11,12.0,20.1973,drop_decision_no_action,-1,-1,-1,veh12,0.0,False
3062,20.1973,CPM_DROP_PHY,699721694621,11,2.0,20.1973,drop_decision_no_action,-1,-1,-1,veh2,0.0,False
3062,20.1973,CPM_DROP_PHY,699721694621,11,3.0,20.1973,drop_decision_no_action,-1,-1,-1,veh3,0.0,False
3062,20.1973,CPM_DROP_PHY,699721694621,11,4.0,20.1973,drop_decision_no_action,-1,-1,-1,veh4,0.0,False
3062,20.1973,CPM_DROP_PHY,699721694621,11,5.0,20.1973,drop_decision_no_action,-1,-1,-1,veh5,0.0,False
3062,20.1973,CPM_DROP_PHY,699721694621,11,6.0,20.1973,drop_decision_no_action,-1,-1,-1,veh6,0.0,False
3062,20.1973,CPM_DROP_PHY,699721694621,11,7.0,20.1973,drop_decision_no_action,-1,-1,-1,veh7,0.0,False
3062,20.1973,CPM_DROP_PHY,699721694621,11,8.0,20.1973,drop_decision_no_action,-1,-1,-1,veh8,0.0,False
3062,20.1973,CPM_DROP_PHY,699721694621,11,9.0,20.1973,drop_decision_no_action,-1,-1,-1,veh9,0.0,False
3068,20.1986,CAM_DROP_PHY,11545,2,10.0,20.1986,drop_decision_no_action,-1,-1,-1,veh10,0.0,False
3068,20.1986,CAM_DROP_PHY,11545,2,11.0,20.1986,drop_decision_no_action,-1,-1,-1,veh11,0.0,False
3068,20.1986,CAM_DROP_PHY,11545,2,12.0,20.1986,drop_decision_no_action,-1,-1,-1,veh12,0.0,False
3068,20.1986,CAM_DROP_PHY,11545,2,3.0,20.1986,drop_decision_no_action,-1,-1,-1,veh3,0.0,False
3068,20.1986,CAM_DROP_PHY,11545,2,4.0,20.1986,drop_decision_no_action,-1,-1,-1,veh4,0.0,False
3068,20.1986,CAM_DROP_PHY,11545,2,5.0,20.1986,drop_decision_no_action,-1,-1,-1,veh5,0.0,False
3068,20.1986,CAM_DROP_PHY,11545,2,6.0,20.1986,drop_decision_no_action,-1,-1,-1,veh6,0.0,False
3068,20.1986,CAM_DROP_PHY,11545,2,7.0,20.1986,drop_decision_no_action,-1,-1,-1,veh7,0.0,False
3068,20.1986,CAM_DROP_PHY,11545,2,8.0,20.1986,drop_decision_no_action,-1,-1,-1,veh8,0.0,False
3068,20.1986,CAM_DROP_PHY,11545,2,9.0,20.1986,drop_decision_no_action,-1,-1,-1,veh9,0.0,False
3090,20.2101,CPM_DROP_PHY,699721694703,10,11.0,20.2101,drop_decision_no_action,-1,-1,-1,veh11,0.0,False
3090,20.2101,CPM_DROP_PHY,699721694703,10,12.0,20.2101,drop_decision_no_action,-1,-1,-1,veh12,0.0,False
3090,20.2101,CPM_DROP_PHY,699721694703,10,2.0,20.2101,drop_decision_no_action,-1,-1,-1,veh2,0.0,False
3090,20.2101,CPM_DROP_PHY,699721694703,10,3.0,20.2101,drop_decision_no_action,-1,-1,-1,veh3,0.0,False
3090,20.2101,CPM_DROP_PHY,699721694703,10,4.0,20.2101,drop_decision_no_action,-1,-1,-1,veh4,0.0,False
3090,20.2101,CPM_DROP_PHY,699721694703,10,5.0,20.2101,drop_decision_no_action,-1,-1,-1,veh5,0.0,False
3090,20.2101,CPM_DROP_PHY,699721694703,10,6.0,20.2101,drop_decision_no_action,-1,-1,-1,veh6,0.0,False
3090,20.2101,CPM_DROP_PHY,699721694703,10,7.0,20.2101,drop_decision_no_action,-1,-1,-1,veh7,0.0,False
3090,20.2101,CPM_DROP_PHY,699721694703,10,8.0,20.2101,drop_decision_no_action,-1,-1,-1,veh8,0.0,False
3090,20.2101,CPM_DROP_PHY,699721694703,10,9.0,20.2101,drop_decision_no_action,-1,-1,-1,veh9,0.0,False
3076,20.2136,CAM_DROP_PHY,11615,12,10.0,20.2136,drop_decision_no_action,-1,-1,-1,veh10,0.0,False
3076,20.2136,CAM_DROP_PHY,11615,12,11.0,20.2136,drop_decision_no_action,-1,-1,-1,veh11,0.0,False
3076,20.2136,CAM_DROP_PHY,11615,12,2.0,20.2136,drop_decision_no_action,-1,-1,-1,veh2,0.0,False
3076,20.2136,CAM_DROP_PHY,11615,12,3.0,20.2136,drop_decision_no_action,-1,-1,-1,veh3,0.0,False
3076,20.2136,CAM_DROP_PHY,11615,12,4.0,20.2136,drop_decision_no_action,-1,-1,-1,veh4,0.0,False
3076,20.2136,CAM_DROP_PHY,11615,12,5.0,20.2136,drop_decision_no_action,-1,-1,-1,veh5,0.0,False
3076,20.2136,CAM_DROP_PHY,11615,12,6.0,20.2136,drop_decision_no_action,-1,-1,-1,veh6,0.0,False
3076,20.2136,CAM_DROP_PHY,11615,12,7.0,20.2136,drop_decision_no_action,-1,-1,-1,veh7,0.0,False
3076,20.2136,CAM_DROP_PHY,11615,12,8.0,20.2136,drop_decision_no_action,-1,-1,-1,veh8,0.0,False
3076,20.2136,CAM_DROP_PHY,11615,12,9.0,20.2136,drop_decision_no_action,-1,-1,-1,veh9,0.0,False
3110,20.2316,CPM_DROP_PHY,699721694717,5,10.0,20.2316,drop_decision_no_action,-1,-1,-1,veh10,0.0,False
3110,20.2316,CPM_DROP_PHY,699721694717,5,11.0,20.2316,drop_decision_no_action,-1,-1,-1,veh11,0.0,False
3110,20.2316,CPM_DROP_PHY,699721694717,5,12.0,20.2316,drop_decision_no_action,-1,-1,-1,veh12,0.0,False
3110,20.2316,CPM_DROP_PHY,699721694717,5,2.0,20.2316,drop_decision_no_action,-1,-1,-1,veh2,0.0,False
3110,20.2316,CPM_DROP_PHY,699721694717,5,3.0,20.2316,drop_decision_no_action,-1,-1,-1,veh3,0.0,False
3110,20.2316,CPM_DROP_PHY,699721694717,5,4.0,20.2316,drop_decision_no_action,-1,-1,-1,veh4,0.0,False
3110,20.2316,CPM_DROP_PHY,699721694717,5,6.0,20.2316,drop_decision_no_action,-1,-1,-1,veh6,0.0,False
3110,20.2316,CPM_DROP_PHY,699721694717,5,7.0,20.2316,drop_decision_no_action,-1,-1,-1,veh7,0.0,False
3110,20.2316,CPM_DROP_PHY,699721694717,5,8.0,20.2316,drop_decision_no_action,-1,-1,-1,veh8,0.0,False
3110,20.2316,CPM_DROP_PHY,699721694717,5,9.0,20.2316,drop_decision_no_action,-1,-1,-1,veh9,0.0,False
3127,20.2428,CPM_DROP_PHY,699721694729,3,10.0,20.2428,drop_decision_no_action,-1,-1,-1,veh10,0.0,False
3127,20.2428,CPM_DROP_PHY,699721694729,3,11.0,20.2428,drop_decision_no_action,-1,-1,-1,veh11,0.0,False
3127,20.2428,CPM_DROP_PHY,699721694729,3,12.0,20.2428,drop_decision_no_action,-1,-1,-1,veh12,0.0,False
3127,20.2428,CPM_DROP_PHY,699721694729,3,2.0,20.2428,drop_decision_no_action,-1,-1,-1,veh2,0.0,False
3127,20.2428,CPM_DROP_PHY,699721694729,3,4.0,20.2428,drop_decision_no_action,-1,-1,-1,veh4,0.0,False
3127,20.2428,CPM_DROP_PHY,699721694729,3,5.0,20.2428,drop_decision_no_action,-1,-1,-1,veh5,0.0,False
3127,20.2428,CPM_DROP_PHY,699721694729,3,6.0,20.2428,drop_decision_no_action,-1,-1,-1,veh6,0.0,False
3127,20.2428,CPM_DROP_PHY,699721694729,3,7.0,20.2428,drop_decision_no_action,-1,-1,-1,veh7,0.0,False
3127,20.2428,CPM_DROP_PHY,699721694729,3,8.0,20.2428,drop_decision_no_action,-1,-1,-1,veh8,0.0,False
3127,20.2428,CPM_DROP_PHY,699721694729,3,9.0,20.2428,drop_decision_no_action,-1,-1,-1,veh9,0.0,False
3128,20.2446,CPM_DROP_PHY,699721694732,7,10.0,20.2446,drop_decision_no_action,-1,-1,-1,veh10,0.0,False
3128,20.2446,CPM_DROP_PHY,699721694732,7,11.0,20.2446,drop_decision_no_action,-1,-1,-1,veh11,0.0,False
3128,20.2446,CPM_DROP_PHY,699721694732,7,12.0,20.2446,drop_decision_no_action,-1,-1,-1,veh12,0.0,False
3128,20.2446,CPM_DROP_PHY,699721694732,7,2.0,20.2446,drop_decision_no_action,-1,-1,-1,veh2,0.0,False
3128,20.2446,CPM_DROP_PHY,699721694732,7,3.0,20.2446,drop_decision_no_action,-1,-1,-1,veh3,0.0,False
3128,20.2446,CPM_DROP_PHY,699721694732,7,4.0,20.2446,drop_decision_no_action,-1,-1,-1,veh4,0.0,False
3128,20.2446,CPM_DROP_PHY,699721694732,7,5.0,20.2446,drop_decision_no_action,-1,-1,-1,veh5,0.0,False
3128,20.2446,CPM_DROP_PHY,699721694732,7,6.0,20.2446,drop_decision_no_action,-1,-1,-1,veh6,0.0,False
3128,20.2446,CPM_DROP_PHY,699721694732,7,8.0,20.2446,drop_decision_no_action,-1,-1,-1,veh8,0.0,False
3128,20.2446,CPM_DROP_PHY,699721694732,7,9.0,20.2446,drop_decision_no_action,-1,-1,-1,veh9,0.0,False
3150,20.2536,CPM_DROP_PHY,699721694750,12,10.0,20.2536,drop_decision_no_action,-1,-1,-1,veh10,0.0,False
3150,20.2536,CPM_DROP_PHY,699721694750,12,11.0,20.2536,drop_decision_no_action,-1,-1,-1,veh11,0.0,False
3150,20.2536,CPM_DROP_PHY,699721694750,12,2.0,20.2536,drop_decision_no_action,-1,-1,-1,veh2,0.0,False
3150,20.2536,CPM_DROP_PHY,699721694750,12,3.0,20.2536,drop_decision_no_action,-1,-1,-1,veh3,0.0,False
3150,20.2536,CPM_DROP_PHY,699721694750,12,4.0,20.2536,drop_decision_no_action,-1,-1,-1,veh4,0.0,False
3150,20.2536,CPM_DROP_PHY,699721694750,12,5.0,20.2536,drop_decision_no_action,-1,-1,-1,veh5,0.0,False
3150,20.2536,CPM_DROP_PHY,699721694750,12,6.0,20.2536,drop_decision_no_action,-1,-1,-1,veh6,0.0,False
3150,20.2536,CPM_DROP_PHY,699721694750,12,7.0,20.2536,drop_decision_no_action,-1,-1,-1,veh7,0.0,False
3150,20.2536,CPM_DROP_PHY,699721694750,12,8.0,20.2536,drop_decision_no_action,-1,-1,-1,veh8,0.0,False
3150,20.2536,CPM_DROP_PHY,699721694750,12,9.0,20.2536,drop_decision_no_action,-1,-1,-1,veh9,0.0,False
3151,20.2546,CAM_DROP_PHY,11673,6,12.0,20.2546,drop_decision_no_action,-1,-1,-1,veh12,0.0,False
3151,20.2546,CAM_DROP_PHY,11673,6,3.0,20.2546,drop_decision_no_action,-1,-1,-1,veh3,0.0,False
3151,20.2546,CAM_DROP_PHY,11673,6,8.0,20.2546,drop_decision_no_action,-1,-1,-1,veh8,0.0,False
3151,20.2596,CAM_DROP_PHY,11673,6,10.0,20.2596,drop_decision_no_action,-1,-1,-1,veh10,0.0,False
3151,20.2596,CAM_DROP_PHY,11673,6,11.0,20.2596,drop_decision_no_action,-1,-1,-1,veh11,0.0,False
3151,20.2596,CAM_DROP_PHY,11673,6,2.0,20.2596,drop_decision_no_action,-1,-1,-1,veh2,0.0,False
3151,20.2596,CAM_DROP_PHY,11673,6,4.0,20.2596,drop_decision_no_action,-1,-1,-1,veh4,0.0,False
3151,20.2596,CAM_DROP_PHY,11673,6,7.0,20.2596,drop_decision_no_action,-1,-1,-1,veh7,0.0,False
3148,20.2636,CAM_DROP_PHY,11667,9,5.0,20.2636,drop_decision_no_action,-1,-1,-1,veh5,0.0,False
3176,20.2746,CPM_DROP_PHY,699721694764,6,10.0,20.2746,drop_decision_no_action,-1,-1,-1,veh10,0.0,False
3176,20.2746,CPM_DROP_PHY,699721694764,6,12.0,20.2746,drop_decision_no_action,-1,-1,-1,veh12,0.0,False
3176,20.2746,CPM_DROP_PHY,699721694764,6,8.0,20.2746,drop_decision_no_action,-1,-1,-1,veh8,0.0,False
3176,20.2796,CPM_DROP_PHY,699721694764,6,11.0,20.2796,drop_decision_no_action,-1,-1,-1,veh11,0.0,False
3176,20.2796,CPM_DROP_PHY,699721694764,6,2.0,20.2796,drop_decision_no_action,-1,-1,-1,veh2,0.0,False
3176,20.2796,CPM_DROP_PHY,699721694764,6,3.0,20.2796,drop_decision_no_action,-1,-1,-1,veh3,0.0,False
3176,20.2796,CPM_DROP_PHY,699721694764,6,4.0,20.2796,drop_decision_no_action,-1,-1,-1,veh4,0.0,False
3176,20.2796,CPM_DROP_PHY,699721694764,6,7.0,20.2796,drop_decision_no_action,-1,-1,-1,veh7,0.0,False
3184,20.2833,CPM_DROP_PHY,699721694773,4,10.0,20.2833,drop_decision_no_action,-1,-1,-1,veh10,0.0,False
3184,20.2833,CPM_DROP_PHY,699721694773,4,11.0,20.2833,drop_decision_no_action,-1,-1,-1,veh11,0.0,False
3184,20.2833,CPM_DROP_PHY,699721694773,4,12.0,20.2833,drop_decision_no_action,-1,-1,-1,veh12,0.0,False
3184,20.2833,CPM_DROP_PHY,699721694773,4,2.0,20.2833,drop_decision_no_action,-1,-1,-1,veh2,0.0,False
3184,20.2833,CPM_DROP_PHY,699721694773,4,3.0,20.2833,drop_decision_no_action,-1,-1,-1,veh3,0.0,False
3184,20.2833,CPM_DROP_PHY,699721694773,4,5.0,20.2833,drop_decision_no_action,-1,-1,-1,veh5,0.0,False
3184,20.2833,CPM_DROP_PHY,699721694773,4,6.0,20.2833,drop_decision_no_action,-1,-1,-1,veh6,0.0,False
3184,20.2833,CPM_DROP_PHY,699721694773,4,7.0,20.2833,drop_decision_no_action,-1,-1,-1,veh7,0.0,False
3184,20.2833,CPM_DROP_PHY,699721694773,4,8.0,20.2833,drop_decision_no_action,-1,-1,-1,veh8,0.0,False
3184,20.2833,CPM_DROP_PHY,699721694773,4,9.0,20.2833,drop_decision_no_action,-1,-1,-1,veh9,0.0,False
3177,20.2836,CPM_DROP_PHY,699721694767,9,5.0,20.2836,drop_decision_no_action,-1,-1,-1,veh5,0.0,False
3204,20.2901,CAM_DROP_PHY,11708,10,11.0,20.2901,drop_decision_no_action,-1,-1,-1,veh11,0.0,False
3204,20.2901,CAM_DROP_PHY,11708,10,12.0,20.2901,drop_decision_no_action,-1,-1,-1,veh12,0.0,False
3204,20.2901,CAM_DROP_PHY,11708,10,2.0,20.2901,drop_decision_no_action,-1,-1,-1,veh2,0.0,False
3204,20.2901,CAM_DROP_PHY,11708,10,3.0,20.2901,drop_decision_no_action,-1,-1,-1,veh3,0.0,False
3204,20.2901,CAM_DROP_PHY,11708,10,4.0,20.2901,drop_decision_no_action,-1,-1,-1,veh4,0.0,False
3204,20.2901,CAM_DROP_PHY,11708,10,5.0,20.2901,drop_decision_no_action,-1,-1,-1,veh5,0.0,False
3204,20.2901,CAM_DROP_PHY,11708,10,6.0,20.2901,drop_decision_no_action,-1,-1,-1,veh6,0.0,False
3204,20.2901,CAM_DROP_PHY,11708,10,7.0,20.2901,drop_decision_no_action,-1,-1,-1,veh7,0.0,False
3204,20.2901,CAM_DROP_PHY,11708,10,8.0,20.2901,drop_decision_no_action,-1,-1,-1,veh8,0.0,False
3204,20.2901,CAM_DROP_PHY,11708,10,9.0,20.2901,drop_decision_no_action,-1,-1,-1,veh9,0.0,False
3224,20.2973,CPM_DROP_PHY,699721694803,11,10.0,20.2973,drop_decision_no_action,-1,-1,-1,veh10,0.0,False
3224,20.2973,CPM_DROP_PHY,699721694803,11,12.0,20.2973,drop_decision_no_action,-1,-1,-1,veh12,0.0,False
3224,20.2973,CPM_DROP_PHY,699721694803,11,2.0,20.2973,drop_decision_no_action,-1,-1,-1,veh2,0.0,False
3224,20.2973,CPM_DROP_PHY,699721694803,11,3.0,20.2973,drop_decision_no_action,-1,-1,-1,veh3,0.0,False
3224,20.2973,CPM_DROP_PHY,699721694803,11,4.0,20.2973,drop_decision_no_action,-1,-1,-1,veh4,0.0,False
3224,20.2973,CPM_DROP_PHY,699721694803,11,5.0,20.2973,drop_decision_no_action,-1,-1,-1,veh5,0.0,False
3224,20.2973,CPM_DROP_PHY,699721694803,11,6.0,20.2973,drop_decision_no_action,-1,-1,-1,veh6,0.0,False
3224,20.2973,CPM_DROP_PHY,699721694803,11,7.0,20.2973,drop_decision_no_action,-1,-1,-1,veh7,0.0,False
3224,20.2973,CPM_DROP_PHY,699721694803,11,8.0,20.2973,drop_decision_no_action,-1,-1,-1,veh8,0.0,False
3224,20.2973,CPM_DROP_PHY,699721694803,11,9.0,20.2973,drop_decision_no_action,-1,-1,-1,veh9,0.0,False
3245,20.3101,CPM_DROP_PHY,699721694886,10,11.0,20.3101,drop_decision_no_action,-1,-1,-1,veh11,0.0,False
3245,20.3101,CPM_DROP_PHY,699721694886,10,12.0,20.3101,drop_decision_no_action,-1,-1,-1,veh12,0.0,False
3245,20.3101,CPM_DROP_PHY,699721694886,10,2.0,20.3101,drop_decision_no_action,-1,-1,-1,veh2,0.0,False
3245,20.3101,CPM_DROP_PHY,699721694886,10,3.0,20.3101,drop_decision_no_action,-1,-1,-1,veh3,0.0,False
3245,20.3101,CPM_DROP_PHY,699721694886,10,4.0,20.3101,drop_decision_no_action,-1,-1,-1,veh4,0.0,False
3245,20.3101,CPM_DROP_PHY,699721694886,10,5.0,20.3101,drop_decision_no_action,-1,-1,-1,veh5,0.0,False
3245,20.3101,CPM_DROP_PHY,699721694886,10,6.0,20.3101,drop_decision_no_action,-1,-1,-1,veh6,0.0,False
3245,20.3101,CPM_DROP_PHY,699721694886,10,7.0,20.3101,drop_decision_no_action,-1,-1,-1,veh7,0.0,False
3245,20.3101,CPM_DROP_PHY,699721694886,10,8.0,20.3101,drop_decision_no_action,-1,-1,-1,veh8,0.0,False
3245,20.3101,CPM_DROP_PHY,699721694886,10,9.0,20.3101,drop_decision_no_action,-1,-1,-1,veh9,0.0,False
3244,20.3116,CAM_DROP_PHY,11802,5,10.0,20.3116,drop_decision_no_action,-1,-1,-1,veh10,0.0,False
3244,20.3116,CAM_DROP_PHY,11802,5,11.0,20.3116,drop_decision_no_action,-1,-1,-1,veh11,0.0,False
3244,20.3116,CAM_DROP_PHY,11802,5,12.0,20.3116,drop_decision_no_action,-1,-1,-1,veh12,0.0,False
3244,20.3116,CAM_DROP_PHY,11802,5,2.0,20.3116,drop_decision_no_action,-1,-1,-1,veh2,0.0,False
3244,20.3116,CAM_DROP_PHY,11802,5,3.0,20.3116,drop_decision_no_action,-1,-1,-1,veh3,0.0,False
3244,20.3116,CAM_DROP_PHY,11802,5,4.0,20.3116,drop_decision_no_action,-1,-1,-1,veh4,0.0,False
3244,20.3116,CAM_DROP_PHY,11802,5,6.0,20.3116,drop_decision_no_action,-1,-1,-1,veh6,0.0,False
3244,20.3116,CAM_DROP_PHY,11802,5,7.0,20.3116,drop_decision_no_action,-1,-1,-1,veh7,0.0,False
3244,20.3116,CAM_DROP_PHY,11802,5,8.0,20.3116,drop_decision_no_action,-1,-1,-1,veh8,0.0,False
3244,20.3116,CAM_DROP_PHY,11802,5,9.0,20.3116,drop_decision_no_action,-1,-1,-1,veh9,0.0,False
3235,20.3136,CAM_DROP_PHY,11796,12,10.0,20.3136,drop_decision_no_action,-1,-1,-1,veh10,0.0,False
3235,20.3136,CAM_DROP_PHY,11796,12,11.0,20.3136,drop_decision_no_action,-1,-1,-1,veh11,0.0,False
3235,20.3136,CAM_DROP_PHY,11796,12,2.0,20.3136,drop_decision_no_action,-1,-1,-1,veh2,0.0,False
3235,20.3136,CAM_DROP_PHY,11796,12,3.0,20.3136,drop_decision_no_action,-1,-1,-1,veh3,0.0,False
3235,20.3136,CAM_DROP_PHY,11796,12,4.0,20.3136,drop_decision_no_action,-1,-1,-1,veh4,0.0,False
3235,20.3136,CAM_DROP_PHY,11796,12,5.0,20.3136,drop_decision_no_action,-1,-1,-1,veh5,0.0,False
3235,20.3136,CAM_DROP_PHY,11796,12,6.0,20.3136,drop_decision_no_action,-1,-1,-1,veh6,0.0,False
3235,20.3136,CAM_DROP_PHY,11796,12,7.0,20.3136,drop_decision_no_action,-1,-1,-1,veh7,0.0,False
3235,20.3136,CAM_DROP_PHY,11796,12,8.0,20.3136,drop_decision_no_action,-1,-1,-1,veh8,0.0,False
3235,20.3136,CAM_DROP_PHY,11796,12,9.0,20.3136,drop_decision_no_action,-1,-1,-1,veh9,0.0,False
3266,20.3233,CAM_DROP_PHY,11817,4,11.0,20.3233,drop_decision_no_action,-1,-1,-1,veh11,0.0,False
3266,20.3233,CAM_DROP_PHY,11817,4,12.0,20.3233,drop_decision_no_action,-1,-1,-1,veh12,0.0,False
3266,20.3233,CAM_DROP_PHY,11817,4,2.0,20.3233,drop_decision_no_action,-1,-1,-1,veh2,0.0,False
3266,20.3233,CAM_DROP_PHY,11817,4,3.0,20.3233,drop_decision_no_action,-1,-1,-1,veh3,0.0,False
3266,20.3233,CAM_DROP_PHY,11817,4,5.0,20.3233,drop_decision_no_action,-1,-1,-1,veh5,0.0,False
3266,20.3233,CAM_DROP_PHY,11817,4,6.0,20.3233,drop_decision_no_action,-1,-1,-1,veh6,0.0,False
3266,20.3233,CAM_DROP_PHY,11817,4,7.0,20.3233,drop_decision_no_action,-1,-1,-1,veh7,0.0,False
3266,20.3233,CAM_DROP_PHY,11817,4,8.0,20.3233,drop_decision_no_action,-1,-1,-1,veh8,0.0,False
3266,20.3233,CAM_DROP_PHY,11817,4,9.0,20.3233,drop_decision_no_action,-1,-1,-1,veh9,0.0,False
3273,20.3316,CPM_DROP_PHY,699721694904,5,10.0,20.3316,drop_decision_no_action,-1,-1,-1,veh10,0.0,False
3273,20.3316,CPM_DROP_PHY,699721694904,5,11.0,20.3316,drop_decision_no_action,-1,-1,-1,veh11,0.0,False
3273,20.3316,CPM_DROP_PHY,699721694904,5,12.0,20.3316,drop_decision_no_action,-1,-1,-1,veh12,0.0,False
3273,20.3316,CPM_DROP_PHY,699721694904,5,2.0,20.3316,drop_decision_no_action,-1,-1,-1,veh2,0.0,False
3273,20.3316,CPM_DROP_PHY,699721694904,5,3.0,20.3316,drop_decision_no_action,-1,-1,-1,veh3,0.0,False
3273,20.3316,CPM_DROP_PHY,699721694904,5,4.0,20.3316,drop_decision_no_action,-1,-1,-1,veh4,0.0,False
3273,20.3316,CPM_DROP_PHY,699721694904,5,6.0,20.3316,drop_decision_no_action,-1,-1,-1,veh6,0.0,False
3273,20.3316,CPM_DROP_PHY,699721694904,5,7.0,20.3316,drop_decision_no_action,-1,-1,-1,veh7,0.0,False
3273,20.3316,CPM_DROP_PHY,699721694904,5,8.0,20.3316,drop_decision_no_action,-1,-1,-1,veh8,0.0,False
3273,20.3316,CPM_DROP_PHY,699721694904,5,9.0,20.3316,drop_decision_no_action,-1,-1,-1,veh9,0.0,False
3294,20.3428,CAM_DROP_PHY,11835,3,10.0,20.3428,drop_decision_no_action,-1,-1,-1,veh10,0.0,False
3294,20.3428,CAM_DROP_PHY,11835,3,11.0,20.3428,drop_decision_no_action,-1,-1,-1,veh11,0.0,False
3294,20.3428,CAM_DROP_PHY,11835,3,12.0,20.3428,drop_decision_no_action,-1,-1,-1,veh12,0.0,False
3294,20.3428,CAM_DROP_PHY,11835,3,2.0,20.3428,drop_decision_no_action,-1,-1,-1,veh2,0.0,False
3294,20.3428,CAM_DROP_PHY,11835,3,4.0,20.3428,drop_decision_no_action,-1,-1,-1,veh4,0.0,False
3294,20.3428,CAM_DROP_PHY,11835,3,5.0,20.3428,drop_decision_no_action,-1,-1,-1,veh5,0.0,False
3294,20.3428,CAM_DROP_PHY,11835,3,6.0,20.3428,drop_decision_no_action,-1,-1,-1,veh6,0.0,False
3294,20.3428,CAM_DROP_PHY,11835,3,7.0,20.3428,drop_decision_no_action,-1,-1,-1,veh7,0.0,False
3294,20.3428,CAM_DROP_PHY,11835,3,8.0,20.3428,drop_decision_no_action,-1,-1,-1,veh8,0.0,False
3294,20.3428,CAM_DROP_PHY,11835,3,9.0,20.3428,drop_decision_no_action,-1,-1,-1,veh9,0.0,False
3299,20.3446,CPM_DROP_PHY,699721694923,7,10.0,20.3446,drop_decision_no_action,-1,-1,-1,veh10,0.0,False
3299,20.3446,CPM_DROP_PHY,699721694923,7,11.0,20.3446,drop_decision_no_action,-1,-1,-1,veh11,0.0,False
3299,20.3446,CPM_DROP_PHY,699721694923,7,12.0,20.3446,drop_decision_no_action,-1,-1,-1,veh12,0.0,False
3299,20.3446,CPM_DROP_PHY,699721694923,7,2.0,20.3446,drop_decision_no_action,-1,-1,-1,veh2,0.0,False
3299,20.3446,CPM_DROP_PHY,699721694923,7,3.0,20.3446,drop_decision_no_action,-1,-1,-1,veh3,0.0,False
3299,20.3446,CPM_DROP_PHY,699721694923,7,4.0,20.3446,drop_decision_no_action,-1,-1,-1,veh4,0.0,False
3299,20.3446,CPM_DROP_PHY,699721694923,7,5.0,20.3446,drop_decision_no_action,-1,-1,-1,veh5,0.0,False
3299,20.3446,CPM_DROP_PHY,699721694923,7,6.0,20.3446,drop_decision_no_action,-1,-1,-1,veh6,0.0,False
3299,20.3446,CPM_DROP_PHY,699721694923,7,8.0,20.3446,drop_decision_no_action,-1,-1,-1,veh8,0.0,False
3299,20.3446,CPM_DROP_PHY,699721694923,7,9.0,20.3446,drop_decision_no_action,-1,-1,-1,veh9,0.0,False
3321,20.3536,CPM_DROP_PHY,699721694940,12,10.0,20.3536,drop_decision_no_action,-1,-1,-1,veh10,0.0,False
3321,20.3536,CPM_DROP_PHY,699721694940,12,11.0,20.3536,drop_decision_no_action,-1,-1,-1,veh11,0.0,False
3321,20.3536,CPM_DROP_PHY,699721694940,12,2.0,20.3536,drop_decision_no_action,-1,-1,-1,veh2,0.0,False
3321,20.3536,CPM_DROP_PHY,699721694940,12,3.0,20.3536,drop_decision_no_action,-1,-1,-1,veh3,0.0,False
3321,20.3536,CPM_DROP_PHY,699721694940,12,4.0,20.3536,drop_decision_no_action,-1,-1,-1,veh4,0.0,False
3321,20.3536,CPM_DROP_PHY,699721694940,12,5.0,20.3536,drop_decision_no_action,-1,-1,-1,veh5,0.0,False
3321,20.3536,CPM_DROP_PHY,699721694940,12,6.0,20.3536,drop_decision_no_action,-1,-1,-1,veh6,0.0,False
3321,20.3536,CPM_DROP_PHY,699721694940,12,7.0,20.3536,drop_decision_no_action,-1,-1,-1,veh7,0.0,False
3321,20.3536,CPM_DROP_PHY,699721694940,12,8.0,20.3536,drop_decision_no_action,-1,-1,-1,veh8,0.0,False
3321,20.3536,CPM_DROP_PHY,699721694940,12,9.0,20.3536,drop_decision_no_action,-1,-1,-1,veh9,0.0,False
3294,20.3628,CPM_DROP_PHY,699721694920,3,10.0,20.3428,drop_decision_no_action,-1,-1,-1,veh10,-0.019999999999999574,False
3294,20.3628,CPM_DROP_PHY,699721694920,3,11.0,20.3428,drop_decision_no_action,-1,-1,-1,veh11,-0.019999999999999574,False
3294,20.3628,CPM_DROP_PHY,699721694920,3,12.0,20.3428,drop_decision_no_action,-1,-1,-1,veh12,-0.019999999999999574,False
3294,20.3628,CPM_DROP_PHY,699721694920,3,2.0,20.3428,drop_decision_no_action,-1,-1,-1,veh2,-0.019999999999999574,False
3294,20.3628,CPM_DROP_PHY,699721694920,3,4.0,20.3428,drop_decision_no_action,-1,-1,-1,veh4,-0.019999999999999574,False
3294,20.3628,CPM_DROP_PHY,699721694920,3,5.0,20.3428,drop_decision_no_action,-1,-1,-1,veh5,-0.019999999999999574,False
3294,20.3628,CPM_DROP_PHY,699721694920,3,6.0,20.3428,drop_decision_no_action,-1,-1,-1,veh6,-0.019999999999999574,False
3294,20.3628,CPM_DROP_PHY,699721694920,3,7.0,20.3428,drop_decision_no_action,-1,-1,-1,veh7,-0.019999999999999574,False
3294,20.3628,CPM_DROP_PHY,699721694920,3,8.0,20.3428,drop_decision_no_action,-1,-1,-1,veh8,-0.019999999999999574,False
3294,20.3628,CPM_DROP_PHY,699721694920,3,9.0,20.3428,drop_decision_no_action,-1,-1,-1,veh9,-0.019999999999999574,False
3148,20.3636,CAM_DROP_PHY,11667,9,8.0,20.3636,drop_decision_no_action,-1,-1,-1,veh8,0.0,False
3177,20.3636,CPM_DROP_PHY,699721694767,9,8.0,20.3636,drop_decision_no_action,-1,-1,-1,veh8,0.0,False
3299,20.3646,CAM_DROP_PHY,11850,7,10.0,20.3446,drop_decision_no_action,-1,-1,-1,veh10,-0.019999999999999574,False
3299,20.3646,CAM_DROP_PHY,11850,7,11.0,20.3446,drop_decision_no_action,-1,-1,-1,veh11,-0.019999999999999574,False
3299,20.3646,CAM_DROP_PHY,11850,7,12.0,20.3446,drop_decision_no_action,-1,-1,-1,veh12,-0.019999999999999574,False
3299,20.3646,CAM_DROP_PHY,11850,7,2.0,20.3446,drop_decision_no_action,-1,-1,-1,veh2,-0.019999999999999574,False
3299,20.3646,CAM_DROP_PHY,11850,7,3.0,20.3446,drop_decision_no_action,-1,-1,-1,veh3,-0.019999999999999574,False
3299,20.3646,CAM_DROP_PHY,11850,7,4.0,20.3446,drop_decision_no_action,-1,-1,-1,veh4,-0.019999999999999574,False
3299,20.3646,CAM_DROP_PHY,11850,7,5.0,20.3446,drop_decision_no_action,-1,-1,-1,veh5,-0.019999999999999574,False
3299,20.3646,CAM_DROP_PHY,11850,7,6.0,20.3446,drop_decision_no_action,-1,-1,-1,veh6,-0.019999999999999574,False
3299,20.3646,CAM_DROP_PHY,11850,7,8.0,20.3446,drop_decision_no_action,-1,-1,-1,veh8,-0.019999999999999574,False
3299,20.3646,CAM_DROP_PHY,11850,7,9.0,20.3446,drop_decision_no_action,-1,-1,-1,veh9,-0.019999999999999574,False
3336,20.3746,CPM_DROP_PHY,699721694950,6,11.0,20.3746,drop_decision_no_action,-1,-1,-1,veh11,0.0,False
3336,20.3746,CPM_DROP_PHY,699721694950,6,12.0,20.3746,drop_decision_no_action,-1,-1,-1,veh12,0.0,False
3336,20.3746,CPM_DROP_PHY,699721694950,6,3.0,20.3746,drop_decision_no_action,-1,-1,-1,veh3,0.0,False
3336,20.3746,CPM_DROP_PHY,699721694950,6,8.0,20.3746,drop_decision_no_action,-1,-1,-1,veh8,0.0,False
3336,20.3796,CPM_DROP_PHY,699721694950,6,10.0,20.3796,drop_decision_no_action,-1,-1,-1,veh10,0.0,False
3336,20.3796,CPM_DROP_PHY,699721694950,6,2.0,20.3796,drop_decision_no_action,-1,-1,-1,veh2,0.0,False
3336,20.3796,CPM_DROP_PHY,699721694950,6,4.0,20.3796,drop_decision_no_action,-1,-1,-1,veh4,0.0,False
3176,20.3796,CPM_DROP_PHY,699721694764,6,5.0,20.3796,drop_decision_no_action,-1,-1,-1,veh5,0.0,False
3336,20.3796,CPM_DROP_PHY,699721694950,6,5.0,20.3796,drop_decision_no_action,-1,-1,-1,veh5,0.0,False
3336,20.3796,CPM_DROP_PHY,699721694950,6,7.0,20.3796,drop_decision_no_action,-1,-1,-1,veh7,0.0,False
3176,20.3796,CPM_DROP_PHY,699721694764,6,9.0,20.3796,drop_decision_no_action,-1,-1,-1,veh9,0.0,False
3347,20.3833,CPM_DROP_PHY,699721694959,4,11.0,20.3833,drop_decision_no_action,-1,-1,-1,veh11,0.0,False
3347,20.3833,CPM_DROP_PHY,699721694959,4,12.0,20.3833,drop_decision_no_action,-1,-1,-1,veh12,0.0,False
3347,20.3833,CPM_DROP_PHY,699721694959,4,2.0,20.3833,drop_decision_no_action,-1,-1,-1,veh2,0.0,False
3347,20.3833,CPM_DROP_PHY,699721694959,4,3.0,20.3833,drop_decision_no_action,-1,-1,-1,veh3,0.0,False
3347,20.3833,CPM_DROP_PHY,699721694959,4,5.0,20.3833,drop_decision_no_action,-1,-1,-1,veh5,0.0,False
3347,20.3833,CPM_DROP_PHY,699721694959,4,6.0,20.3833,drop_decision_no_action,-1,-1,-1,veh6,0.0,False
3347,20.3833,CPM_DROP_PHY,699721694959,4,7.0,20.3833,drop_decision_no_action,-1,-1,-1,veh7,0.0,False
3347,20.3833,CPM_DROP_PHY,699721694959,4,8.0,20.3833,drop_decision_no_action,-1,-1,-1,veh8,0.0,False
3347,20.3833,CPM_DROP_PHY,699721694959,4,9.0,20.3833,drop_decision_no_action,-1,-1,-1,veh9,0.0,False
3177,20.3836,CPM_DROP_PHY,699721694767,9,10.0,20.3836,drop_decision_no_action,-1,-1,-1,veh10,0.0,False
3177,20.3836,CPM_DROP_PHY,699721694767,9,11.0,20.3836,drop_decision_no_action,-1,-1,-1,veh11,0.0,False
3177,20.3836,CPM_DROP_PHY,699721694767,9,12.0,20.3836,drop_decision_no_action,-1,-1,-1,veh12,0.0,False
3177,20.3836,CPM_DROP_PHY,699721694767,9,2.0,20.3836,drop_decision_no_action,-1,-1,-1,veh2,0.0,False
3177,20.3836,CPM_DROP_PHY,699721694767,9,3.0,20.3836,drop_decision_no_action,-1,-1,-1,veh3,0.0,False
3177,20.3836,CPM_DROP_PHY,699721694767,9,4.0,20.3836,drop_decision_no_action,-1,-1,-1,veh4,0.0,False
3177,20.3836,CPM_DROP_PHY,699721694767,9,6.0,20.3836,drop_decision_no_action,-1,-1,-1,veh6,0.0,False
3177,20.3836,CPM_DROP_PHY,699721694767,9,7.0,20.3836,drop_decision_no_action,-1,-1,-1,veh7,0.0,False
3374,20.3901,CAM_DROP_PHY,11896,10,11.0,20.3901,drop_decision_no_action,-1,-1,-1,veh11,0.0,False
3374,20.3901,CAM_DROP_PHY,11896,10,12.0,20.3901,drop_decision_no_action,-1,-1,-1,veh12,0.0,False
3374,20.3901,CAM_DROP_PHY,11896,10,2.0,20.3901,drop_decision_no_action,-1,-1,-1,veh2,0.0,False
3374,20.3901,CAM_DROP_PHY,11896,10,3.0,20.3901,drop_decision_no_action,-1,-1,-1,veh3,0.0,False
3374,20.3901,CAM_DROP_PHY,11896,10,4.0,20.3901,drop_decision_no_action,-1,-1,-1,veh4,0.0,False
3374,20.3901,CAM_DROP_PHY,11896,10,5.0,20.3901,drop_decision_no_action,-1,-1,-1,veh5,0.0,False
3374,20.3901,CAM_DROP_PHY,11896,10,6.0,20.3901,drop_decision_no_action,-1,-1,-1,veh6,0.0,False
3374,20.3901,CAM_DROP_PHY,11896,10,7.0,20.3901,drop_decision_no_action,-1,-1,-1,veh7,0.0,False
3374,20.3901,CAM_DROP_PHY,11896,10,8.0,20.3901,drop_decision_no_action,-1,-1,-1,veh8,0.0,False
3374,20.3901,CAM_DROP_PHY,11896,10,9.0,20.3901,drop_decision_no_action,-1,-1,-1,veh9,0.0,False
3394,20.3973,CPM_DROP_PHY,699721694992,11,10.0,20.3973,drop_decision_no_action,-1,-1,-1,veh10,0.0,False
3394,20.3973,CPM_DROP_PHY,699721694992,11,12.0,20.3973,drop_decision_no_action,-1,-1,-1,veh12,0.0,False
3394,20.3973,CPM_DROP_PHY,699721694992,11,2.0,20.3973,drop_decision_no_action,-1,-1,-1,veh2,0.0,False
3394,20.3973,CPM_DROP_PHY,699721694992,11,3.0,20.3973,drop_decision_no_action,-1,-1,-1,veh3,0.0,False
3394,20.3973,CPM_DROP_PHY,699721694992,11,4.0,20.3973,drop_decision_no_action,-1,-1,-1,veh4,0.0,False
3394,20.3973,CPM_DROP_PHY,699721694992,11,5.0,20.3973,drop_decision_no_action,-1,-1,-1,veh5,0.0,False
3394,20.3973,CPM_DROP_PHY,699721694992,11,6.0,20.3973,drop_decision_no_action,-1,-1,-1,veh6,0.0,False
3394,20.3973,CPM_DROP_PHY,699721694992,11,7.0,20.3973,drop_decision_no_action,-1,-1,-1,veh7,0.0,False
3394,20.3973,CPM_DROP_PHY,699721694992,11,8.0,20.3973,drop_decision_no_action,-1,-1,-1,veh8,0.0,False
3394,20.3973,CPM_DROP_PHY,699721694992,11,9.0,20.3973,drop_decision_no_action,-1,-1,-1,veh9,0.0,False
3400,20.3986,CAM_DROP_PHY,11916,2,10.0,20.3986,drop_decision_no_action,-1,-1,-1,veh10,0.0,False
3400,20.3986,CAM_DROP_PHY,11916,2,11.0,20.3986,drop_decision_no_action,-1,-1,-1,veh11,0.0,False
3400,20.3986,CAM_DROP_PHY,11916,2,12.0,20.3986,drop_decision_no_action,-1,-1,-1,veh12,0.0,False
3400,20.3986,CAM_DROP_PHY,11916,2,3.0,20.3986,drop_decision_no_action,-1,-1,-1,veh3,0.0,False
3400,20.3986,CAM_DROP_PHY,11916,2,4.0,20.3986,drop_decision_no_action,-1,-1,-1,veh4,0.0,False
3400,20.3986,CAM_DROP_PHY,11916,2,5.0,20.3986,drop_decision_no_action,-1,-1,-1,veh5,0.0,False
3400,20.3986,CAM_DROP_PHY,11916,2,6.0,20.3986,drop_decision_no_action,-1,-1,-1,veh6,0.0,False
3400,20.3986,CAM_DROP_PHY,11916,2,7.0,20.3986,drop_decision_no_action,-1,-1,-1,veh7,0.0,False
3400,20.3986,CAM_DROP_PHY,11916,2,8.0,20.3986,drop_decision_no_action,-1,-1,-1,veh8,0.0,False
3400,20.3986,CAM_DROP_PHY,11916,2,9.0,20.3986,drop_decision_no_action,-1,-1,-1,veh9,0.0,False
3424,20.4101,CPM_DROP_PHY,699721695078,10,11.0,20.4101,drop_decision_no_action,-1,-1,-1,veh11,0.0,False
3424,20.4101,CPM_DROP_PHY,699721695078,10,12.0,20.4101,drop_decision_no_action,-1,-1,-1,veh12,0.0,False
3424,20.4101,CPM_DROP_PHY,699721695078,10,2.0,20.4101,drop_decision_no_action,-1,-1,-1,veh2,0.0,False
3424,20.4101,CPM_DROP_PHY,699721695078,10,3.0,20.4101,drop_decision_no_action,-1,-1,-1,veh3,0.0,False
3424,20.4101,CPM_DROP_PHY,699721695078,10,4.0,20.4101,drop_decision_no_action,-1,-1,-1,veh4,0.0,False
3424,20.4101,CPM_DROP_PHY,699721695078,10,5.0,20.4101,drop_decision_no_action,-1,-1,-1,veh5,0.0,False
3424,20.4101,CPM_DROP_PHY,699721695078,10,6.0,20.4101,drop_decision_no_action,-1,-1,-1,veh6,0.0,False
3424,20.4101,CPM_DROP_PHY,699721695078,10,7.0,20.4101,drop_decision_no_action,-1,-1,-1,veh7,0.0,False
3424,20.4101,CPM_DROP_PHY,699721695078,10,8.0,20.4101,drop_decision_no_action,-1,-1,-1,veh8,0.0,False
3424,20.4101,CPM_DROP_PHY,699721695078,10,9.0,20.4101,drop_decision_no_action,-1,-1,-1,veh9,0.0,False
3423,20.4116,CAM_DROP_PHY,11994,5,10.0,20.4116,drop_decision_no_action,-1,-1,-1,veh10,0.0,False
3423,20.4116,CAM_DROP_PHY,11994,5,12.0,20.4116,drop_decision_no_action,-1,-1,-1,veh12,0.0,False
3423,20.4116,CAM_DROP_PHY,11994,5,2.0,20.4116,drop_decision_no_action,-1,-1,-1,veh2,0.0,False
3423,20.4116,CAM_DROP_PHY,11994,5,3.0,20.4116,drop_decision_no_action,-1,-1,-1,veh3,0.0,False
3423,20.4116,CAM_DROP_PHY,11994,5,4.0,20.4116,drop_decision_no_action,-1,-1,-1,veh4,0.0,False
3423,20.4116,CAM_DROP_PHY,11994,5,6.0,20.4116,drop_decision_no_action,-1,-1,-1,veh6,0.0,False
3423,20.4116,CAM_DROP_PHY,11994,5,7.0,20.4116,drop_decision_no_action,-1,-1,-1,veh7,0.0,False
3423,20.4116,CAM_DROP_PHY,11994,5,8.0,20.4116,drop_decision_no_action,-1,-1,-1,veh8,0.0,False
3423,20.4116,CAM_DROP_PHY,11994,5,9.0,20.4116,drop_decision_no_action,-1,-1,-1,veh9,0.0,False
3409,20.4136,CAM_DROP_PHY,11988,12,10.0,20.4136,drop_decision_no_action,-1,-1,-1,veh10,0.0,False
3409,20.4136,CAM_DROP_PHY,11988,12,11.0,20.4136,drop_decision_no_action,-1,-1,-1,veh11,0.0,False
3409,20.4136,CAM_DROP_PHY,11988,12,2.0,20.4136,drop_decision_no_action,-1,-1,-1,veh2,0.0,False
3409,20.4136,CAM_DROP_PHY,11988,12,3.0,20.4136,drop_decision_no_action,-1,-1,-1,veh3,0.0,False
3409,20.4136,CAM_DROP_PHY,11988,12,4.0,20.4136,drop_decision_no_action,-1,-1,-1,veh4,0.0,False
3409,20.4136,CAM_DROP_PHY,11988,12,5.0,20.4136,drop_decision_no_action,-1,-1,-1,veh5,0.0,False
3409,20.4136,CAM_DROP_PHY,11988,12,6.0,20.4136,drop_decision_no_action,-1,-1,-1,veh6,0.0,False
3409,20.4136,CAM_DROP_PHY,11988,12,7.0,20.4136,drop_decision_no_action,-1,-1,-1,veh7,0.0,False
3409,20.4136,CAM_DROP_PHY,11988,12,8.0,20.4136,drop_decision_no_action,-1,-1,-1,veh8,0.0,False
3409,20.4136,CAM_DROP_PHY,11988,12,9.0,20.4136,drop_decision_no_action,-1,-1,-1,veh9,0.0,False
3407,20.4173,CAM_DROP_PHY,11921,11,10.0,20.4173,drop_decision_no_action,-1,-1,-1,veh10,0.0,False
3407,20.4173,CAM_DROP_PHY,11921,11,12.0,20.4173,drop_decision_no_action,-1,-1,-1,veh12,0.0,False
3407,20.4173,CAM_DROP_PHY,11921,11,2.0,20.4173,drop_decision_no_action,-1,-1,-1,veh2,0.0,False
3407,20.4173,CAM_DROP_PHY,11921,11,3.0,20.4173,drop_decision_no_action,-1,-1,-1,veh3,0.0,False
3407,20.4173,CAM_DROP_PHY,11921,11,4.0,20.4173,drop_decision_no_action,-1,-1,-1,veh4,0.0,False
3407,20.4173,CAM_DROP_PHY,11921,11,5.0,20.4173,drop_decision_no_action,-1,-1,-1,veh5,0.0,False
3407,20.4173,CAM_DROP_PHY,11921,11,6.0,20.4173,drop_decision_no_action,-1,-1,-1,veh6,0.0,False
3407,20.4173,CAM_DROP_PHY,11921,11,7.0,20.4173,drop_decision_no_action,-1,-1,-1,veh7,0.0,False
3407,20.4173,CAM_DROP_PHY,11921,11,8.0,20.4173,drop_decision_no_action,-1,-1,-1,veh8,0.0,False
3407,20.4173,CAM_DROP_PHY,11921,11,9.0,20.4173,drop_decision_no_action,-1,-1,-1,veh9,0.0,False
3431,20.4186,CPM_DROP_PHY,699721695083,2,10.0,20.4186,drop_decision_no_action,-1,-1,-1,veh10,0.0,False
3431,20.4186,CPM_DROP_PHY,699721695083,2,11.0,20.4186,drop_decision_no_action,-1,-1,-1,veh11,0.0,False
3431,20.4186,CPM_DROP_PHY,699721695083,2,12.0,20.4186,drop_decision_no_action,-1,-1,-1,veh12,0.0,False
3431,20.4186,CPM_DROP_PHY,699721695083,2,3.0,20.4186,drop_decision_no_action,-1,-1,-1,veh3,0.0,False
3431,20.4186,CPM_DROP_PHY,699721695083,2,4.0,20.4186,drop_decision_no_action,-1,-1,-1,veh4,0.0,False
3431,20.4186,CPM_DROP_PHY,699721695083,2,5.0,20.4186,drop_decision_no_action,-1,-1,-1,veh5,0.0,False
3431,20.4186,CPM_DROP_PHY,699721695083,2,6.0,20.4186,drop_decision_no_action,-1,-1,-1,veh6,0.0,False
3431,20.4186,CPM_DROP_PHY,699721695083,2,7.0,20.4186,drop_decision_no_action,-1,-1,-1,veh7,0.0,False
3431,20.4186,CPM_DROP_PHY,699721695083,2,8.0,20.4186,drop_decision_no_action,-1,-1,-1,veh8,0.0,False
3431,20.4186,CPM_DROP_PHY,699721695083,2,9.0,20.4186,drop_decision_no_action,-1,-1,-1,veh9,0.0,False
3423,20.4201,CAM_DROP_PHY,11994,5,11.0,20.4201,drop_decision_no_action,-1,-1,-1,veh11,0.0,False
3456,20.4316,CPM_DROP_PHY,699721695096,5,10.0,20.4316,drop_decision_no_action,-1,-1,-1,veh10,0.0,False
3456,20.4316,CPM_DROP_PHY,699721695096,5,11.0,20.4316,drop_decision_no_action,-1,-1,-1,veh11,0.0,False
3456,20.4316,CPM_DROP_PHY,699721695096,5,12.0,20.4316,drop_decision_no_action,-1,-1,-1,veh12,0.0,False
3456,20.4316,CPM_DROP_PHY,699721695096,5,2.0,20.4316,drop_decision_no_action,-1,-1,-1,veh2,0.0,False
3456,20.4316,CPM_DROP_PHY,699721695096,5,3.0,20.4316,drop_decision_no_action,-1,-1,-1,veh3,0.0,False
3456,20.4316,CPM_DROP_PHY,699721695096,5,4.0,20.4316,drop_decision_no_action,-1,-1,-1,veh4,0.0,False
3456,20.4316,CPM_DROP_PHY,699721695096,5,6.0,20.4316,drop_decision_no_action,-1,-1,-1,veh6,0.0,False
3456,20.4316,CPM_DROP_PHY,699721695096,5,7.0,20.4316,drop_decision_no_action,-1,-1,-1,veh7,0.0,False
3456,20.4316,CPM_DROP_PHY,699721695096,5,8.0,20.4316,drop_decision_no_action,-1,-1,-1,veh8,0.0,False
3456,20.4316,CPM_DROP_PHY,699721695096,5,9.0,20.4316,drop_decision_no_action,-1,-1,-1,veh9,0.0,False
3483,20.4428,CPM_DROP_PHY,699721695110,3,10.0,20.4428,drop_decision_no_action,-1,-1,-1,veh10,0.0,False
3483,20.4428,CPM_DROP_PHY,699721695110,3,11.0,20.4428,drop_decision_no_action,-1,-1,-1,veh11,0.0,False
3483,20.4428,CPM_DROP_PHY,699721695110,3,12.0,20.4428,drop_decision_no_action,-1,-1,-1,veh12,0.0,False
3483,20.4428,CPM_DROP_PHY,699721695110,3,2.0,20.4428,drop_decision_no_action,-1,-1,-1,veh2,0.0,False
3483,20.4428,CPM_DROP_PHY,699721695110,3,4.0,20.4428,drop_decision_no_action,-1,-1,-1,veh4,0.0,False
3483,20.4428,CPM_DROP_PHY,699721695110,3,5.0,20.4428,drop_decision_no_action,-1,-1,-1,veh5,0.0,False
3483,20.4428,CPM_DROP_PHY,699721695110,3,6.0,20.4428,drop_decision_no_action,-1,-1,-1,veh6,0.0,False
3483,20.4428,CPM_DROP_PHY,699721695110,3,7.0,20.4428,drop_decision_no_action,-1,-1,-1,veh7,0.0,False
3483,20.4428,CPM_DROP_PHY,699721695110,3,8.0,20.4428,drop_decision_no_action,-1,-1,-1,veh8,0.0,False
3483,20.4428,CPM_DROP_PHY,699721695110,3,9.0,20.4428,drop_decision_no_action,-1,-1,-1,veh9,0.0,False
3484,20.4446,CPM_DROP_PHY,699721695113,7,10.0,20.4446,drop_decision_no_action,-1,-1,-1,veh10,0.0,False
3484,20.4446,CPM_DROP_PHY,699721695113,7,11.0,20.4446,drop_decision_no_action,-1,-1,-1,veh11,0.0,False
3484,20.4446,CPM_DROP_PHY,699721695113,7,12.0,20.4446,drop_decision_no_action,-1,-1,-1,veh12,0.0,False
3484,20.4446,CPM_DROP_PHY,699721695113,7,2.0,20.4446,drop_decision_no_action,-1,-1,-1,veh2,0.0,False
3484,20.4446,CPM_DROP_PHY,699721695113,7,3.0,20.4446,drop_decision_no_action,-1,-1,-1,veh3,0.0,False
3484,20.4446,CPM_DROP_PHY,699721695113,7,4.0,20.4446,drop_decision_no_action,-1,-1,-1,veh4,0.0,False
3484,20.4446,CPM_DROP_PHY,699721695113,7,5.0,20.4446,drop_decision_no_action,-1,-1,-1,veh5,0.0,False
3484,20.4446,CPM_DROP_PHY,699721695113,7,6.0,20.4446,drop_decision_no_action,-1,-1,-1,veh6,0.0,False
3484,20.4446,CPM_DROP_PHY,699721695113,7,8.0,20.4446,drop_decision_no_action,-1,-1,-1,veh8,0.0,False
3484,20.4446,CPM_DROP_PHY,699721695113,7,9.0,20.4446,drop_decision_no_action,-1,-1,-1,veh9,0.0,False
3506,20.4536,CPM_DROP_PHY,699721695131,12,10.0,20.4536,drop_decision_no_action,-1,-1,-1,veh10,0.0,False
3506,20.4536,CPM_DROP_PHY,699721695131,12,11.0,20.4536,drop_decision_no_action,-1,-1,-1,veh11,0.0,False
3506,20.4536,CPM_DROP_PHY,699721695131,12,2.0,20.4536,drop_decision_no_action,-1,-1,-1,veh2,0.0,False
3506,20.4536,CPM_DROP_PHY,699721695131,12,3.0,20.4536,drop_decision_no_action,-1,-1,-1,veh3,0.0,False
3506,20.4536,CPM_DROP_PHY,699721695131,12,4.0,20.4536,drop_decision_no_action,-1,-1,-1,veh4,0.0,False
3506,20.4536,CPM_DROP_PHY,699721695131,12,5.0,20.4536,drop_decision_no_action,-1,-1,-1,veh5,0.0,False
3506,20.4536,CPM_DROP_PHY,699721695131,12,6.0,20.4536,drop_decision_no_action,-1,-1,-1,veh6,0.0,False
3506,20.4536,CPM_DROP_PHY,699721695131,12,7.0,20.4536,drop_decision_no_action,-1,-1,-1,veh7,0.0,False
3506,20.4536,CPM_DROP_PHY,699721695131,12,8.0,20.4536,drop_decision_no_action,-1,-1,-1,veh8,0.0,False
3506,20.4536,CPM_DROP_PHY,699721695131,12,9.0,20.4536,drop_decision_no_action,-1,-1,-1,veh9,0.0,False
3507,20.4546,CAM_DROP_PHY,12055,6,11.0,20.4546,drop_decision_no_action,-1,-1,-1,veh11,0.0,False
3507,20.4546,CAM_DROP_PHY,12055,6,12.0,20.4546,drop_decision_no_action,-1,-1,-1,veh12,0.0,False
3507,20.4546,CAM_DROP_PHY,12055,6,8.0,20.4546,drop_decision_no_action,-1,-1,-1,veh8,0.0,False
3507,20.4596,CAM_DROP_PHY,12055,6,10.0,20.4596,drop_decision_no_action,-1,-1,-1,veh10,0.0,False
3507,20.4596,CAM_DROP_PHY,12055,6,2.0,20.4596,drop_decision_no_action,-1,-1,-1,veh2,0.0,False
3507,20.4596,CAM_DROP_PHY,12055,6,3.0,20.4596,drop_decision_no_action,-1,-1,-1,veh3,0.0,False
3507,20.4596,CAM_DROP_PHY,12055,6,4.0,20.4596,drop_decision_no_action,-1,-1,-1,veh4,0.0,False
3507,20.4596,CAM_DROP_PHY,12055,6,5.0,20.4596,drop_decision_no_action,-1,-1,-1,veh5,0.0,False
3507,20.4596,CAM_DROP_PHY,12055,6,7.0,20.4596,drop_decision_no_action,-1,-1,-1,veh7,0.0,False
3532,20.4746,CPM_DROP_PHY,699721695146,6,11.0,20.4746,drop_decision_no_action,-1,-1,-1,veh11,0.0,False
3532,20.4746,CPM_DROP_PHY,699721695146,6,12.0,20.4746,drop_decision_no_action,-1,-1,-1,veh12,0.0,False
3532,20.4746,CPM_DROP_PHY,699721695146,6,3.0,20.4746,drop_decision_no_action,-1,-1,-1,veh3,0.0,False
3532,20.4746,CPM_DROP_PHY,699721695146,6,8.0,20.4746,drop_decision_no_action,-1,-1,-1,veh8,0.0,False
3532,20.4796,CPM_DROP_PHY,699721695146,6,10.0,20.4796,drop_decision_no_action,-1,-1,-1,veh10,0.0,False
3532,20.4796,CPM_DROP_PHY,699721695146,6,2.0,20.4796,drop_decision_no_action,-1,-1,-1,veh2,0.0,False
3532,20.4796,CPM_DROP_PHY,699721695146,6,4.0,20.4796,drop_decision_no_action,-1,-1,-1,veh4,0.0,False
3532,20.4796,CPM_DROP_PHY,699721695146,6,5.0,20.4796,drop_decision_no_action,-1,-1,-1,veh5,0.0,False
3532,20.4796,CPM_DROP_PHY,699721695146,6,7.0,20.4796,drop_decision_no_action,-1,-1,-1,veh7,0.0,False
3347,20.4833,CPM_DROP_PHY,699721694959,4,10.0,20.4833,drop_decision_no_action,-1,-1,-1,veh10,0.0,False
3540,20.4833,CPM_DROP_PHY,699721695155,4,10.0,20.4833,drop_decision_no_action,-1,-1,-1,veh10,0.0,False
3540,20.4833,CPM_DROP_PHY,699721695155,4,11.0,20.4833,drop_decision_no_action,-1,-1,-1,veh11,0.0,False
3540,20.4833,CPM_DROP_PHY,699721695155,4,12.0,20.4833,drop_decision_no_action,-1,-1,-1,veh12,0.0,False
3540,20.4833,CPM_DROP_PHY,699721695155,4,2.0,20.4833,drop_decision_no_action,-1,-1,-1,veh2,0.0,False
3540,20.4833,CPM_DROP_PHY,699721695155,4,3.0,20.4833,drop_decision_no_action,-1,-1,-1,veh3,0.0,False
3540,20.4833,CPM_DROP_PHY,699721695155,4,5.0,20.4833,drop_decision_no_action,-1,-1,-1,veh5,0.0,False
3540,20.4833,CPM_DROP_PHY,699721695155,4,6.0,20.4833,drop_decision_no_action,-1,-1,-1,veh6,0.0,False
3540,20.4833,CPM_DROP_PHY,699721695155,4,7.0,20.4833,drop_decision_no_action,-1,-1,-1,veh7,0.0,False
3540,20.4833,CPM_DROP_PHY,699721695155,4,8.0,20.4833,drop_decision_no_action,-1,-1,-1,veh8,0.0,False
3540,20.4833,CPM_DROP_PHY,699721695155,4,9.0,20.4833,drop_decision_no_action,-1,-1,-1,veh9,0.0,False
3571,20.4891,CPM_DROP_PHY,699721695178,8,10.0,20.4891,drop_decision_no_action,-1,-1,-1,veh10,0.0,False
3571,20.4891,CPM_DROP_PHY,699721695178,8,11.0,20.4891,drop_decision_no_action,-1,-1,-1,veh11,0.0,False
3571,20.4891,CPM_DROP_PHY,699721695178,8,12.0,20.4891,drop_decision_no_action,-1,-1,-1,veh12,0.0,False
3571,20.4891,CPM_DROP_PHY,699721695178,8,2.0,20.4891,drop_decision_no_action,-1,-1,-1,veh2,0.0,False
3571,20.4891,CPM_DROP_PHY,699721695178,8,3.0,20.4891,drop_decision_no_action,-1,-1,-1,veh3,0.0,False
3571,20.4891,CPM_DROP_PHY,699721695178,8,4.0,20.4891,drop_decision_no_action,-1,-1,-1,veh4,0.0,False
3571,20.4891,CPM_DROP_PHY,699721695178,8,5.0,20.4891,drop_decision_no_action,-1,-1,-1,veh5,0.0,False
3571,20.4891,CPM_DROP_PHY,699721695178,8,6.0,20.4891,drop_decision_no_action,-1,-1,-1,veh6,0.0,False
3571,20.4891,CPM_DROP_PHY,699721695178,8,7.0,20.4891,drop_decision_no_action,-1,-1,-1,veh7,0.0,False
3571,20.4891,CPM_DROP_PHY,699721695178,8,9.0,20.4891,drop_decision_no_action,-1,-1,-1,veh9,0.0,False
3560,20.4901,CAM_DROP_PHY,12090,10,11.0,20.4901,drop_decision_no_action,-1,-1,-1,veh11,0.0,False
3560,20.4901,CAM_DROP_PHY,12090,10,12.0,20.4901,drop_decision_no_action,-1,-1,-1,veh12,0.0,False
3560,20.4901,CAM_DROP_PHY,12090,10,2.0,20.4901,drop_decision_no_action,-1,-1,-1,veh2,0.0,False
3560,20.4901,CAM_DROP_PHY,12090,10,3.0,20.4901,drop_decision_no_action,-1,-1,-1,veh3,0.0,False
3560,20.4901,CAM_DROP_PHY,12090,10,4.0,20.4901,drop_decision_no_action,-1,-1,-1,veh4,0.0,False
3560,20.4901,CAM_DROP_PHY,12090,10,5.0,20.4901,drop_decision_no_action,-1,-1,-1,veh5,0.0,False
3560,20.4901,CAM_DROP_PHY,12090,10,6.0,20.4901,drop_decision_no_action,-1,-1,-1,veh6,0.0,False
3560,20.4901,CAM_DROP_PHY,12090,10,7.0,20.4901,drop_decision_no_action,-1,-1,-1,veh7,0.0,False
3560,20.4901,CAM_DROP_PHY,12090,10,8.0,20.4901,drop_decision_no_action,-1,-1,-1,veh8,0.0,False
3560,20.4901,CAM_DROP_PHY,12090,10,9.0,20.4901,drop_decision_no_action,-1,-1,-1,veh9,0.0,False
3584,20.4973,CPM_DROP_PHY,699721695190,11,10.0,20.4973,drop_decision_no_action,-1,-1,-1,veh10,0.0,False
3584,20.4973,CPM_DROP_PHY,699721695190,11,12.0,20.4973,drop_decision_no_action,-1,-1,-1,veh12,0.0,False
3584,20.4973,CPM_DROP_PHY,699721695190,11,2.0,20.4973,drop_decision_no_action,-1,-1,-1,veh2,0.0,False
3584,20.4973,CPM_DROP_PHY,699721695190,11,3.0,20.4973,drop_decision_no_action,-1,-1,-1,veh3,0.0,False
3584,20.4973,CPM_DROP_PHY,699721695190,11,4.0,20.4973,drop_decision_no_action,-1,-1,-1,veh4,0.0,False
3584,20.4973,CPM_DROP_PHY,699721695190,11,5.0,20.4973,drop_decision_no_action,-1,-1,-1,veh5,0.0,False
3584,20.4973,CPM_DROP_PHY,699721695190,11,6.0,20.4973,drop_decision_no_action,-1,-1,-1,veh6,0.0,False
3584,20.4973,CPM_DROP_PHY,699721695190,11,7.0,20.4973,drop_decision_no_action,-1,-1,-1,veh7,0.0,False
3584,20.4973,CPM_DROP_PHY,699721695190,11,8.0,20.4973,drop_decision_no_action,-1,-1,-1,veh8,0.0,False
3584,20.4973,CPM_DROP_PHY,699721695190,11,9.0,20.4973,drop_decision_no_action,-1,-1,-1,veh9,0.0,False
3609,20.5101,CPM_DROP_PHY,699721695265,10,11.0,20.5101,cpm_drop_reaction,1,0,24,veh11,0.0,True
3609,20.5101,CPM_DROP_PHY,699721695265,10,12.0,20.5101,cpm_drop_reaction,0,0,8,veh12,0.0,False
3609,20.5101,CPM_DROP_PHY,699721695265,10,2.0,20.5101,drop_decision_no_action,-1,-1,-1,veh2,0.0,False
3609,20.5101,CPM_DROP_PHY,699721695265,10,3.0,20.5101,cpm_drop_reaction,0,0,15,veh3,0.0,False
3609,20.5101,CPM_DROP_PHY,699721695265,10,4.0,20.5101,cpm_drop_reaction,0,0,15,veh4,0.0,False
3609,20.5101,CPM_DROP_PHY,699721695265,10,5.0,20.5101,cpm_drop_reaction,0,0,15,veh5,0.0,False
3609,20.5101,CPM_DROP_PHY,699721695265,10,6.0,20.5101,cpm_drop_reaction,0,0,15,veh6,0.0,False
3609,20.5101,CPM_DROP_PHY,699721695265,10,7.0,20.5101,cpm_drop_reaction,0,0,15,veh7,0.0,False
3609,20.5101,CPM_DROP_PHY,699721695265,10,8.0,20.5101,cpm_drop_reaction,0,0,15,veh8,0.0,False
3609,20.5101,CPM_DROP_PHY,699721695265,10,9.0,20.5101,cpm_drop_reaction,1,0,45,veh9,0.0,True
3597,20.5136,CAM_DROP_PHY,12177,12,10.0,20.5136,drop_decision_no_action,-1,-1,-1,veh10,0.0,False
3597,20.5136,CAM_DROP_PHY,12177,12,11.0,20.5136,drop_decision_no_action,-1,-1,-1,veh11,0.0,False
3597,20.5136,CAM_DROP_PHY,12177,12,2.0,20.5136,drop_decision_no_action,-1,-1,-1,veh2,0.0,False
3597,20.5136,CAM_DROP_PHY,12177,12,3.0,20.5136,drop_decision_no_action,-1,-1,-1,veh3,0.0,False
3597,20.5136,CAM_DROP_PHY,12177,12,4.0,20.5136,drop_decision_no_action,-1,-1,-1,veh4,0.0,False
3597,20.5136,CAM_DROP_PHY,12177,12,5.0,20.5136,drop_decision_no_action,-1,-1,-1,veh5,0.0,False
3597,20.5136,CAM_DROP_PHY,12177,12,6.0,20.5136,drop_decision_no_action,-1,-1,-1,veh6,0.0,False
3597,20.5136,CAM_DROP_PHY,12177,12,7.0,20.5136,drop_decision_no_action,-1,-1,-1,veh7,0.0,False
3597,20.5136,CAM_DROP_PHY,12177,12,8.0,20.5136,drop_decision_no_action,-1,-1,-1,veh8,0.0,False
3597,20.5136,CAM_DROP_PHY,12177,12,9.0,20.5136,drop_decision_no_action,-1,-1,-1,veh9,0.0,False
3627,20.5233,CAM_DROP_PHY,12198,4,11.0,20.5233,drop_decision_no_action,-1,-1,-1,veh11,0.0,False
3627,20.5233,CAM_DROP_PHY,12198,4,12.0,20.5233,drop_decision_no_action,-1,-1,-1,veh12,0.0,False
3627,20.5233,CAM_DROP_PHY,12198,4,2.0,20.5233,drop_decision_no_action,-1,-1,-1,veh2,0.0,False
3627,20.5233,CAM_DROP_PHY,12198,4,3.0,20.5233,drop_decision_no_action,-1,-1,-1,veh3,0.0,False
3627,20.5233,CAM_DROP_PHY,12198,4,5.0,20.5233,drop_decision_no_action,-1,-1,-1,veh5,0.0,False
3627,20.5233,CAM_DROP_PHY,12198,4,6.0,20.5233,drop_decision_no_action,-1,-1,-1,veh6,0.0,False
3627,20.5233,CAM_DROP_PHY,12198,4,7.0,20.5233,drop_decision_no_action,-1,-1,-1,veh7,0.0,False
3627,20.5233,CAM_DROP_PHY,12198,4,8.0,20.5233,drop_decision_no_action,-1,-1,-1,veh8,0.0,False
3627,20.5233,CAM_DROP_PHY,12198,4,9.0,20.5233,drop_decision_no_action,-1,-1,-1,veh9,0.0,False
3631,20.5316,CPM_DROP_PHY,699721695284,5,10.0,20.5316,cpm_drop_reaction,0,0,8,veh10,0.0,False
3631,20.5316,CPM_DROP_PHY,699721695284,5,11.0,20.5316,drop_decision_no_action,-1,-1,-1,veh11,0.0,False
3631,20.5316,CPM_DROP_PHY,699721695284,5,12.0,20.5316,drop_decision_no_action,-1,-1,-1,veh12,0.0,False
3631,20.5316,CPM_DROP_PHY,699721695284,5,2.0,20.5316,drop_decision_no_action,-1,-1,-1,veh2,0.0,False
3631,20.5316,CPM_DROP_PHY,699721695284,5,3.0,20.5316,drop_decision_no_action,-1,-1,-1,veh3,0.0,False
3631,20.5316,CPM_DROP_PHY,699721695284,5,4.0,20.5316,drop_decision_no_action,-1,-1,-1,veh4,0.0,False
3631,20.5316,CPM_DROP_PHY,699721695284,5,6.0,20.5316,drop_decision_no_action,-1,-1,-1,veh6,0.0,False
3631,20.5316,CPM_DROP_PHY,699721695284,5,7.0,20.5316,drop_decision_no_action,-1,-1,-1,veh7,0.0,False
3631,20.5316,CPM_DROP_PHY,699721695284,5,8.0,20.5316,drop_decision_no_action,-1,-1,-1,veh8,0.0,False
3631,20.5316,CPM_DROP_PHY,699721695284,5,9.0,20.5316,drop_decision_no_action,-1,-1,-1,veh9,0.0,False
3654,20.5428,CAM_DROP_PHY,12218,3,10.0,20.5428,drop_decision_no_action,-1,-1,-1,veh10,0.0,False
3654,20.5428,CAM_DROP_PHY,12218,3,11.0,20.5428,drop_decision_no_action,-1,-1,-1,veh11,0.0,False
3654,20.5428,CAM_DROP_PHY,12218,3,12.0,20.5428,drop_decision_no_action,-1,-1,-1,veh12,0.0,False
3654,20.5428,CAM_DROP_PHY,12218,3,2.0,20.5428,drop_decision_no_action,-1,-1,-1,veh2,0.0,False
3654,20.5428,CAM_DROP_PHY,12218,3,4.0,20.5428,drop_decision_no_action,-1,-1,-1,veh4,0.0,False
3654,20.5428,CAM_DROP_PHY,12218,3,5.0,20.5428,drop_decision_no_action,-1,-1,-1,veh5,0.0,False
3654,20.5428,CAM_DROP_PHY,12218,3,6.0,20.5428,drop_decision_no_action,-1,-1,-1,veh6,0.0,False
3654,20.5428,CAM_DROP_PHY,12218,3,7.0,20.5428,drop_decision_no_action,-1,-1,-1,veh7,0.0,False
3654,20.5428,CAM_DROP_PHY,12218,3,8.0,20.5428,drop_decision_no_action,-1,-1,-1,veh8,0.0,False
3654,20.5428,CAM_DROP_PHY,12218,3,9.0,20.5428,drop_decision_no_action,-1,-1,-1,veh9,0.0,False
3659,20.5446,CPM_DROP_PHY,699721695306,7,10.0,20.5446,drop_decision_no_action,-1,-1,-1,veh10,0.0,False
3659,20.5446,CPM_DROP_PHY,699721695306,7,11.0,20.5446,drop_decision_no_action,-1,-1,-1,veh11,0.0,False
3659,20.5446,CPM_DROP_PHY,699721695306,7,12.0,20.5446,drop_decision_no_action,-1,-1,-1,veh12,0.0,False
3659,20.5446,CPM_DROP_PHY,699721695306,7,2.0,20.5446,drop_decision_no_action,-1,-1,-1,veh2,0.0,False
3659,20.5446,CPM_DROP_PHY,699721695306,7,3.0,20.5446,drop_decision_no_action,-1,-1,-1,veh3,0.0,False
3659,20.5446,CPM_DROP_PHY,699721695306,7,4.0,20.5446,drop_decision_no_action,-1,-1,-1,veh4,0.0,False
3659,20.5446,CPM_DROP_PHY,699721695306,7,5.0,20.5446,drop_decision_no_action,-1,-1,-1,veh5,0.0,False
3659,20.5446,CPM_DROP_PHY,699721695306,7,6.0,20.5446,drop_decision_no_action,-1,-1,-1,veh6,0.0,False
3659,20.5446,CPM_DROP_PHY,699721695306,7,8.0,20.5446,drop_decision_no_action,-1,-1,-1,veh8,0.0,False
3659,20.5446,CPM_DROP_PHY,699721695306,7,9.0,20.5446,drop_decision_no_action,-1,-1,-1,veh9,0.0,False
3644,20.5491,CAM_DROP_PHY,12213,8,10.0,20.5491,drop_decision_no_action,-1,-1,-1,veh10,0.0,False
3644,20.5491,CAM_DROP_PHY,12213,8,11.0,20.5491,drop_decision_no_action,-1,-1,-1,veh11,0.0,False
3644,20.5491,CAM_DROP_PHY,12213,8,12.0,20.5491,drop_decision_no_action,-1,-1,-1,veh12,0.0,False
3644,20.5491,CAM_DROP_PHY,12213,8,2.0,20.5491,drop_decision_no_action,-1,-1,-1,veh2,0.0,False
3644,20.5491,CAM_DROP_PHY,12213,8,3.0,20.5491,drop_decision_no_action,-1,-1,-1,veh3,0.0,False
3644,20.5491,CAM_DROP_PHY,12213,8,4.0,20.5491,drop_decision_no_action,-1,-1,-1,veh4,0.0,False
3644,20.5491,CAM_DROP_PHY,12213,8,5.0,20.5491,drop_decision_no_action,-1,-1,-1,veh5,0.0,False
3644,20.5491,CAM_DROP_PHY,12213,8,6.0,20.5491,drop_decision_no_action,-1,-1,-1,veh6,0.0,False
3644,20.5491,CAM_DROP_PHY,12213,8,9.0,20.5491,drop_decision_no_action,-1,-1,-1,veh9,0.0,False
3685,20.5536,CPM_DROP_PHY,699721695326,12,10.0,20.5536,drop_decision_no_action,-1,-1,-1,veh10,0.0,False
3685,20.5536,CPM_DROP_PHY,699721695326,12,11.0,20.5536,drop_decision_no_action,-1,-1,-1,veh11,0.0,False
3685,20.5536,CPM_DROP_PHY,699721695326,12,2.0,20.5536,drop_decision_no_action,-1,-1,-1,veh2,0.0,False
3685,20.5536,CPM_DROP_PHY,699721695326,12,3.0,20.5536,drop_decision_no_action,-1,-1,-1,veh3,0.0,False
3685,20.5536,CPM_DROP_PHY,699721695326,12,4.0,20.5536,drop_decision_no_action,-1,-1,-1,veh4,0.0,False
3685,20.5536,CPM_DROP_PHY,699721695326,12,5.0,20.5536,drop_decision_no_action,-1,-1,-1,veh5,0.0,False
3685,20.5536,CPM_DROP_PHY,699721695326,12,6.0,20.5536,drop_decision_no_action,-1,-1,-1,veh6,0.0,False
3685,20.5536,CPM_DROP_PHY,699721695326,12,7.0,20.5536,drop_decision_no_action,-1,-1,-1,veh7,0.0,False
3685,20.5536,CPM_DROP_PHY,699721695326,12,8.0,20.5536,drop_decision_no_action,-1,-1,-1,veh8,0.0,False
3685,20.5536,CPM_DROP_PHY,699721695326,12,9.0,20.5536,drop_decision_no_action,-1,-1,-1,veh9,0.0,False
3644,20.5621,CAM_DROP_PHY,12213,8,7.0,20.5621,drop_decision_no_action,-1,-1,-1,veh7,0.0,False
3659,20.5646,CAM_DROP_PHY,12232,7,10.0,20.5446,drop_decision_no_action,-1,-1,-1,veh10,-0.019999999999999574,False
3659,20.5646,CAM_DROP_PHY,12232,7,11.0,20.5446,drop_decision_no_action,-1,-1,-1,veh11,-0.019999999999999574,False
3659,20.5646,CAM_DROP_PHY,12232,7,12.0,20.5446,drop_decision_no_action,-1,-1,-1,veh12,-0.019999999999999574,False
3659,20.5646,CAM_DROP_PHY,12232,7,2.0,20.5446,drop_decision_no_action,-1,-1,-1,veh2,-0.019999999999999574,False
3659,20.5646,CAM_DROP_PHY,12232,7,3.0,20.5446,drop_decision_no_action,-1,-1,-1,veh3,-0.019999999999999574,False
3659,20.5646,CAM_DROP_PHY,12232,7,4.0,20.5446,drop_decision_no_action,-1,-1,-1,veh4,-0.019999999999999574,False
3659,20.5646,CAM_DROP_PHY,12232,7,5.0,20.5446,drop_decision_no_action,-1,-1,-1,veh5,-0.019999999999999574,False
3659,20.5646,CAM_DROP_PHY,12232,7,6.0,20.5446,drop_decision_no_action,-1,-1,-1,veh6,-0.019999999999999574,False
3659,20.5646,CAM_DROP_PHY,12232,7,8.0,20.5446,drop_decision_no_action,-1,-1,-1,veh8,-0.019999999999999574,False
3659,20.5646,CAM_DROP_PHY,12232,7,9.0,20.5446,drop_decision_no_action,-1,-1,-1,veh9,-0.019999999999999574,False
3654,20.5673,CPM_DROP_PHY,699721695303,3,10.0,20.5428,drop_decision_no_action,-1,-1,-1,veh10,-0.024499999999999744,False
3654,20.5673,CPM_DROP_PHY,699721695303,3,11.0,20.5428,drop_decision_no_action,-1,-1,-1,veh11,-0.024499999999999744,False
3654,20.5673,CPM_DROP_PHY,699721695303,3,12.0,20.5428,drop_decision_no_action,-1,-1,-1,veh12,-0.024499999999999744,False
3654,20.5673,CPM_DROP_PHY,699721695303,3,2.0,20.5428,drop_decision_no_action,-1,-1,-1,veh2,-0.024499999999999744,False
3654,20.5673,CPM_DROP_PHY,699721695303,3,4.0,20.5428,drop_decision_no_action,-1,-1,-1,veh4,-0.024499999999999744,False
3654,20.5673,CPM_DROP_PHY,699721695303,3,5.0,20.5428,drop_decision_no_action,-1,-1,-1,veh5,-0.024499999999999744,False
3654,20.5673,CPM_DROP_PHY,699721695303,3,6.0,20.5428,drop_decision_no_action,-1,-1,-1,veh6,-0.024499999999999744,False
3654,20.5673,CPM_DROP_PHY,699721695303,3,7.0,20.5428,drop_decision_no_action,-1,-1,-1,veh7,-0.024499999999999744,False
3654,20.5673,CPM_DROP_PHY,699721695303,3,8.0,20.5428,drop_decision_no_action,-1,-1,-1,veh8,-0.024499999999999744,False
3654,20.5673,CPM_DROP_PHY,699721695303,3,9.0,20.5428,drop_decision_no_action,-1,-1,-1,veh9,-0.024499999999999744,False
3706,20.5746,CPM_DROP_PHY,699721695337,6,12.0,20.5746,drop_decision_no_action,-1,-1,-1,veh12,0.0,False
3706,20.5746,CPM_DROP_PHY,699721695337,6,3.0,20.5746,drop_decision_no_action,-1,-1,-1,veh3,0.0,False
3706,20.5796,CPM_DROP_PHY,699721695337,6,10.0,20.5796,drop_decision_no_action,-1,-1,-1,veh10,0.0,False
3706,20.5796,CPM_DROP_PHY,699721695337,6,2.0,20.5796,drop_decision_no_action,-1,-1,-1,veh2,0.0,False
3706,20.5796,CPM_DROP_PHY,699721695337,6,4.0,20.5796,drop_decision_no_action,-1,-1,-1,veh4,0.0,False
3706,20.5796,CPM_DROP_PHY,699721695337,6,5.0,20.5796,drop_decision_no_action,-1,-1,-1,veh5,0.0,False
3706,20.5796,CPM_DROP_PHY,699721695337,6,7.0,20.5796,drop_decision_no_action,-1,-1,-1,veh7,0.0,False
3706,20.5796,CPM_DROP_PHY,699721695337,6,8.0,20.5796,drop_decision_no_action,-1,-1,-1,veh8,0.0,False
3718,20.5833,CPM_DROP_PHY,699721695347,4,11.0,20.5833,drop_decision_no_action,-1,-1,-1,veh11,0.0,False
3718,20.5833,CPM_DROP_PHY,699721695347,4,12.0,20.5833,drop_decision_no_action,-1,-1,-1,veh12,0.0,False
3718,20.5833,CPM_DROP_PHY,699721695347,4,2.0,20.5833,drop_decision_no_action,-1,-1,-1,veh2,0.0,False
3718,20.5833,CPM_DROP_PHY,699721695347,4,3.0,20.5833,drop_decision_no_action,-1,-1,-1,veh3,0.0,False
3718,20.5833,CPM_DROP_PHY,699721695347,4,5.0,20.5833,drop_decision_no_action,-1,-1,-1,veh5,0.0,False
3718,20.5833,CPM_DROP_PHY,699721695347,4,6.0,20.5833,drop_decision_no_action,-1,-1,-1,veh6,0.0,False
3718,20.5833,CPM_DROP_PHY,699721695347,4,7.0,20.5833,drop_decision_no_action,-1,-1,-1,veh7,0.0,False
3718,20.5833,CPM_DROP_PHY,699721695347,4,8.0,20.5833,drop_decision_no_action,-1,-1,-1,veh8,0.0,False
3718,20.5833,CPM_DROP_PHY,699721695347,4,9.0,20.5833,drop_decision_no_action,-1,-1,-1,veh9,0.0,False
3533,20.5836,CPM_DROP_PHY,699721695149,9,8.0,20.5836,drop_decision_no_action,-1,-1,-1,veh8,0.0,False
3683,20.5836,CAM_DROP_PHY,12242,9,8.0,20.5836,drop_decision_no_action,-1,-1,-1,veh8,0.0,False
3751,20.5901,CAM_DROP_PHY,12284,10,11.0,20.5901,drop_decision_no_action,-1,-1,-1,veh11,0.0,False
3751,20.5901,CAM_DROP_PHY,12284,10,12.0,20.5901,drop_decision_no_action,-1,-1,-1,veh12,0.0,False
3751,20.5901,CAM_DROP_PHY,12284,10,2.0,20.5901,drop_decision_no_action,-1,-1,-1,veh2,0.0,False
3751,20.5901,CAM_DROP_PHY,12284,10,3.0,20.5901,drop_decision_no_action,-1,-1,-1,veh3,0.0,False
3751,20.5901,CAM_DROP_PHY,12284,10,4.0,20.5901,drop_decision_no_action,-1,-1,-1,veh4,0.0,False
3751,20.5901,CAM_DROP_PHY,12284,10,5.0,20.5901,drop_decision_no_action,-1,-1,-1,veh5,0.0,False
3751,20.5901,CAM_DROP_PHY,12284,10,6.0,20.5901,drop_decision_no_action,-1,-1,-1,veh6,0.0,False
3751,20.5901,CAM_DROP_PHY,12284,10,7.0,20.5901,drop_decision_no_action,-1,-1,-1,veh7,0.0,False
3751,20.5901,CAM_DROP_PHY,12284,10,8.0,20.5901,drop_decision_no_action,-1,-1,-1,veh8,0.0,False
3751,20.5901,CAM_DROP_PHY,12284,10,9.0,20.5901,drop_decision_no_action,-1,-1,-1,veh9,0.0,False
3772,20.5973,CPM_DROP_PHY,699721695378,11,10.0,20.5973,drop_decision_no_action,-1,-1,-1,veh10,0.0,False
3772,20.5973,CPM_DROP_PHY,699721695378,11,12.0,20.5973,drop_decision_no_action,-1,-1,-1,veh12,0.0,False
3772,20.5973,CPM_DROP_PHY,699721695378,11,2.0,20.5973,drop_decision_no_action,-1,-1,-1,veh2,0.0,False
3772,20.5973,CPM_DROP_PHY,699721695378,11,4.0,20.5973,drop_decision_no_action,-1,-1,-1,veh4,0.0,False
3772,20.5973,CPM_DROP_PHY,699721695378,11,5.0,20.5973,drop_decision_no_action,-1,-1,-1,veh5,0.0,False
3772,20.5973,CPM_DROP_PHY,699721695378,11,6.0,20.5973,drop_decision_no_action,-1,-1,-1,veh6,0.0,False
3772,20.5973,CPM_DROP_PHY,699721695378,11,7.0,20.5973,drop_decision_no_action,-1,-1,-1,veh7,0.0,False
3772,20.5973,CPM_DROP_PHY,699721695378,11,8.0,20.5973,drop_decision_no_action,-1,-1,-1,veh8,0.0,False
3772,20.5973,CPM_DROP_PHY,699721695378,11,9.0,20.5973,drop_decision_no_action,-1,-1,-1,veh9,0.0,False
3778,20.5986,CAM_DROP_PHY,12302,2,10.0,20.5986,drop_decision_no_action,-1,-1,-1,veh10,0.0,False
3778,20.5986,CAM_DROP_PHY,12302,2,11.0,20.5986,drop_decision_no_action,-1,-1,-1,veh11,0.0,False
3778,20.5986,CAM_DROP_PHY,12302,2,12.0,20.5986,drop_decision_no_action,-1,-1,-1,veh12,0.0,False
3778,20.5986,CAM_DROP_PHY,12302,2,3.0,20.5986,drop_decision_no_action,-1,-1,-1,veh3,0.0,False
3778,20.5986,CAM_DROP_PHY,12302,2,4.0,20.5986,drop_decision_no_action,-1,-1,-1,veh4,0.0,False
3778,20.5986,CAM_DROP_PHY,12302,2,5.0,20.5986,drop_decision_no_action,-1,-1,-1,veh5,0.0,False
3778,20.5986,CAM_DROP_PHY,12302,2,6.0,20.5986,drop_decision_no_action,-1,-1,-1,veh6,0.0,False
3778,20.5986,CAM_DROP_PHY,12302,2,7.0,20.5986,drop_decision_no_action,-1,-1,-1,veh7,0.0,False
3778,20.5986,CAM_DROP_PHY,12302,2,8.0,20.5986,drop_decision_no_action,-1,-1,-1,veh8,0.0,False
3778,20.5986,CAM_DROP_PHY,12302,2,9.0,20.5986,drop_decision_no_action,-1,-1,-1,veh9,0.0,False
3801,20.6101,CPM_DROP_PHY,699721695462,10,11.0,20.6101,drop_decision_no_action,-1,-1,-1,veh11,0.0,False
3801,20.6101,CPM_DROP_PHY,699721695462,10,12.0,20.6101,drop_decision_no_action,-1,-1,-1,veh12,0.0,False
3801,20.6101,CPM_DROP_PHY,699721695462,10,2.0,20.6101,drop_decision_no_action,-1,-1,-1,veh2,0.0,False
3801,20.6101,CPM_DROP_PHY,699721695462,10,3.0,20.6101,drop_decision_no_action,-1,-1,-1,veh3,0.0,False
3801,20.6101,CPM_DROP_PHY,699721695462,10,4.0,20.6101,drop_decision_no_action,-1,-1,-1,veh4,0.0,False
3801,20.6101,CPM_DROP_PHY,699721695462,10,5.0,20.6101,drop_decision_no_action,-1,-1,-1,veh5,0.0,False
3801,20.6101,CPM_DROP_PHY,699721695462,10,6.0,20.6101,drop_decision_no_action,-1,-1,-1,veh6,0.0,False
3801,20.6101,CPM_DROP_PHY,699721695462,10,7.0,20.6101,drop_decision_no_action,-1,-1,-1,veh7,0.0,False
3801,20.6101,CPM_DROP_PHY,699721695462,10,8.0,20.6101,drop_decision_no_action,-1,-1,-1,veh8,0.0,False
3801,20.6101,CPM_DROP_PHY,699721695462,10,9.0,20.6101,drop_decision_no_action,-1,-1,-1,veh9,0.0,False
3772,20.6106,CPM_DROP_PHY,699721695378,11,3.0,20.6106,drop_decision_no_action,-1,-1,-1,veh3,0.0,False
3800,20.6116,CAM_DROP_PHY,12378,5,10.0,20.6116,drop_decision_no_action,-1,-1,-1,veh10,0.0,False
3800,20.6116,CAM_DROP_PHY,12378,5,11.0,20.6116,drop_decision_no_action,-1,-1,-1,veh11,0.0,False
3800,20.6116,CAM_DROP_PHY,12378,5,12.0,20.6116,drop_decision_no_action,-1,-1,-1,veh12,0.0,False
3800,20.6116,CAM_DROP_PHY,12378,5,2.0,20.6116,drop_decision_no_action,-1,-1,-1,veh2,0.0,False
3800,20.6116,CAM_DROP_PHY,12378,5,3.0,20.6116,drop_decision_no_action,-1,-1,-1,veh3,0.0,False
3800,20.6116,CAM_DROP_PHY,12378,5,4.0,20.6116,drop_decision_no_action,-1,-1,-1,veh4,0.0,False
3800,20.6116,CAM_DROP_PHY,12378,5,6.0,20.6116,drop_decision_no_action,-1,-1,-1,veh6,0.0,False
3800,20.6116,CAM_DROP_PHY,12378,5,7.0,20.6116,drop_decision_no_action,-1,-1,-1,veh7,0.0,False
3800,20.6116,CAM_DROP_PHY,12378,5,8.0,20.6116,drop_decision_no_action,-1,-1,-1,veh8,0.0,False
3800,20.6116,CAM_DROP_PHY,12378,5,9.0,20.6116,drop_decision_no_action,-1,-1,-1,veh9,0.0,False
3786,20.6136,CAM_DROP_PHY,12372,12,10.0,20.6136,drop_decision_no_action,-1,-1,-1,veh10,0.0,False
3786,20.6136,CAM_DROP_PHY,12372,12,11.0,20.6136,drop_decision_no_action,-1,-1,-1,veh11,0.0,False
3786,20.6136,CAM_DROP_PHY,12372,12,2.0,20.6136,drop_decision_no_action,-1,-1,-1,veh2,0.0,False
3786,20.6136,CAM_DROP_PHY,12372,12,3.0,20.6136,drop_decision_no_action,-1,-1,-1,veh3,0.0,False
3786,20.6136,CAM_DROP_PHY,12372,12,4.0,20.6136,drop_decision_no_action,-1,-1,-1,veh4,0.0,False
3786,20.6136,CAM_DROP_PHY,12372,12,5.0,20.6136,drop_decision_no_action,-1,-1,-1,veh5,0.0,False
3786,20.6136,CAM_DROP_PHY,12372,12,6.0,20.6136,drop_decision_no_action,-1,-1,-1,veh6,0.0,False
3786,20.6136,CAM_DROP_PHY,12372,12,7.0,20.6136,drop_decision_no_action,-1,-1,-1,veh7,0.0,False
3786,20.6136,CAM_DROP_PHY,12372,12,8.0,20.6136,drop_decision_no_action,-1,-1,-1,veh8,0.0,False
3786,20.6136,CAM_DROP_PHY,12372,12,9.0,20.6136,drop_decision_no_action,-1,-1,-1,veh9,0.0,False
3828,20.6316,CPM_DROP_PHY,699721695477,5,10.0,20.6316,drop_decision_no_action,-1,-1,-1,veh10,0.0,False
3828,20.6316,CPM_DROP_PHY,699721695477,5,11.0,20.6316,drop_decision_no_action,-1,-1,-1,veh11,0.0,False
3828,20.6316,CPM_DROP_PHY,699721695477,5,12.0,20.6316,drop_decision_no_action,-1,-1,-1,veh12,0.0,False
3828,20.6316,CPM_DROP_PHY,699721695477,5,2.0,20.6316,drop_decision_no_action,-1,-1,-1,veh2,0.0,False
3828,20.6316,CPM_DROP_PHY,699721695477,5,3.0,20.6316,drop_decision_no_action,-1,-1,-1,veh3,0.0,False
3828,20.6316,CPM_DROP_PHY,699721695477,5,4.0,20.6316,drop_decision_no_action,-1,-1,-1,veh4,0.0,False
3828,20.6316,CPM_DROP_PHY,699721695477,5,6.0,20.6316,drop_decision_no_action,-1,-1,-1,veh6,0.0,False
3828,20.6316,CPM_DROP_PHY,699721695477,5,7.0,20.6316,drop_decision_no_action,-1,-1,-1,veh7,0.0,False
3828,20.6316,CPM_DROP_PHY,699721695477,5,8.0,20.6316,drop_decision_no_action,-1,-1,-1,veh8,0.0,False
3828,20.6316,CPM_DROP_PHY,699721695477,5,9.0,20.6316,drop_decision_no_action,-1,-1,-1,veh9,0.0,False
3849,20.6446,CPM_DROP_PHY,699721695495,7,10.0,20.6446,drop_decision_no_action,-1,-1,-1,veh10,0.0,False
3849,20.6446,CPM_DROP_PHY,699721695495,7,11.0,20.6446,drop_decision_no_action,-1,-1,-1,veh11,0.0,False
3849,20.6446,CPM_DROP_PHY,699721695495,7,12.0,20.6446,drop_decision_no_action,-1,-1,-1,veh12,0.0,False
3849,20.6446,CPM_DROP_PHY,699721695495,7,2.0,20.6446,drop_decision_no_action,-1,-1,-1,veh2,0.0,False
3849,20.6446,CPM_DROP_PHY,699721695495,7,3.0,20.6446,drop_decision_no_action,-1,-1,-1,veh3,0.0,False
3849,20.6446,CPM_DROP_PHY,699721695495,7,4.0,20.6446,drop_decision_no_action,-1,-1,-1,veh4,0.0,False
3849,20.6446,CPM_DROP_PHY,699721695495,7,5.0,20.6446,drop_decision_no_action,-1,-1,-1,veh5,0.0,False
3849,20.6446,CPM_DROP_PHY,699721695495,7,6.0,20.6446,drop_decision_no_action,-1,-1,-1,veh6,0.0,False
3849,20.6446,CPM_DROP_PHY,699721695495,7,8.0,20.6446,drop_decision_no_action,-1,-1,-1,veh8,0.0,False
3849,20.6446,CPM_DROP_PHY,699721695495,7,9.0,20.6446,drop_decision_no_action,-1,-1,-1,veh9,0.0,False
3845,20.6473,CAM_DROP_PHY,12407,3,10.0,20.6473,drop_decision_no_action,-1,-1,-1,veh10,0.0,False
3845,20.6473,CAM_DROP_PHY,12407,3,11.0,20.6473,drop_decision_no_action,-1,-1,-1,veh11,0.0,False
3845,20.6473,CAM_DROP_PHY,12407,3,12.0,20.6473,drop_decision_no_action,-1,-1,-1,veh12,0.0,False
3845,20.6473,CAM_DROP_PHY,12407,3,2.0,20.6473,drop_decision_no_action,-1,-1,-1,veh2,0.0,False
3845,20.6473,CAM_DROP_PHY,12407,3,4.0,20.6473,drop_decision_no_action,-1,-1,-1,veh4,0.0,False
3845,20.6473,CAM_DROP_PHY,12407,3,5.0,20.6473,drop_decision_no_action,-1,-1,-1,veh5,0.0,False
3845,20.6473,CAM_DROP_PHY,12407,3,6.0,20.6473,drop_decision_no_action,-1,-1,-1,veh6,0.0,False
3845,20.6473,CAM_DROP_PHY,12407,3,7.0,20.6473,drop_decision_no_action,-1,-1,-1,veh7,0.0,False
3845,20.6473,CAM_DROP_PHY,12407,3,8.0,20.6473,drop_decision_no_action,-1,-1,-1,veh8,0.0,False
3845,20.6473,CAM_DROP_PHY,12407,3,9.0,20.6473,drop_decision_no_action,-1,-1,-1,veh9,0.0,False
3874,20.6536,CPM_DROP_PHY,699721695513,12,10.0,20.6536,drop_decision_no_action,-1,-1,-1,veh10,0.0,False
3874,20.6536,CPM_DROP_PHY,699721695513,12,11.0,20.6536,drop_decision_no_action,-1,-1,-1,veh11,0.0,False
3874,20.6536,CPM_DROP_PHY,699721695513,12,2.0,20.6536,drop_decision_no_action,-1,-1,-1,veh2,0.0,False
3874,20.6536,CPM_DROP_PHY,699721695513,12,3.0,20.6536,drop_decision_no_action,-1,-1,-1,veh3,0.0,False
3874,20.6536,CPM_DROP_PHY,699721695513,12,4.0,20.6536,drop_decision_no_action,-1,-1,-1,veh4,0.0,False
3874,20.6536,CPM_DROP_PHY,699721695513,12,5.0,20.6536,drop_decision_no_action,-1,-1,-1,veh5,0.0,False
3874,20.6536,CPM_DROP_PHY,699721695513,12,6.0,20.6536,drop_decision_no_action,-1,-1,-1,veh6,0.0,False
3874,20.6536,CPM_DROP_PHY,699721695513,12,7.0,20.6536,drop_decision_no_action,-1,-1,-1,veh7,0.0,False
3874,20.6536,CPM_DROP_PHY,699721695513,12,8.0,20.6536,drop_decision_no_action,-1,-1,-1,veh8,0.0,False
3874,20.6536,CPM_DROP_PHY,699721695513,12,9.0,20.6536,drop_decision_no_action,-1,-1,-1,veh9,0.0,False
3683,20.6546,CAM_DROP_PHY,12242,9,10.0,20.6546,drop_decision_no_action,-1,-1,-1,veh10,0.0,False
3683,20.6546,CAM_DROP_PHY,12242,9,11.0,20.6546,drop_decision_no_action,-1,-1,-1,veh11,0.0,False
3709,20.6546,CPM_DROP_PHY,699721695341,9,11.0,20.6546,drop_decision_no_action,-1,-1,-1,veh11,0.0,False
3871,20.6546,CAM_DROP_PHY,12429,9,11.0,20.6546,drop_decision_no_action,-1,-1,-1,veh11,0.0,False
3683,20.6546,CAM_DROP_PHY,12242,9,12.0,20.6546,drop_decision_no_action,-1,-1,-1,veh12,0.0,False
3683,20.6546,CAM_DROP_PHY,12242,9,2.0,20.6546,drop_decision_no_action,-1,-1,-1,veh2,0.0,False
3683,20.6546,CAM_DROP_PHY,12242,9,3.0,20.6546,drop_decision_no_action,-1,-1,-1,veh3,0.0,False
3683,20.6546,CAM_DROP_PHY,12242,9,4.0,20.6546,drop_decision_no_action,-1,-1,-1,veh4,0.0,False
3683,20.6546,CAM_DROP_PHY,12242,9,5.0,20.6546,drop_decision_no_action,-1,-1,-1,veh5,0.0,False
3683,20.6546,CAM_DROP_PHY,12242,9,6.0,20.6546,drop_decision_no_action,-1,-1,-1,veh6,0.0,False
3683,20.6546,CAM_DROP_PHY,12242,9,7.0,20.6546,drop_decision_no_action,-1,-1,-1,veh7,0.0,False
3845,20.6673,CPM_DROP_PHY,699721695492,3,10.0,20.6473,drop_decision_no_action,-1,-1,-1,veh10,-0.019999999999999574,False
3875,20.6673,CAM_DROP_PHY,12436,6,10.0,20.6673,drop_decision_no_action,-1,-1,-1,veh10,0.0,False
3845,20.6673,CPM_DROP_PHY,699721695492,3,11.0,20.6473,drop_decision_no_action,-1,-1,-1,veh11,-0.019999999999999574,False
3845,20.6673,CPM_DROP_PHY,699721695492,3,12.0,20.6473,drop_decision_no_action,-1,-1,-1,veh12,-0.019999999999999574,False
3875,20.6673,CAM_DROP_PHY,12436,6,12.0,20.6673,drop_decision_no_action,-1,-1,-1,veh12,0.0,False
3845,20.6673,CPM_DROP_PHY,699721695492,3,2.0,20.6473,drop_decision_no_action,-1,-1,-1,veh2,-0.019999999999999574,False
3875,20.6673,CAM_DROP_PHY,12436,6,2.0,20.6673,drop_decision_no_action,-1,-1,-1,veh2,0.0,False
3845,20.6673,CPM_DROP_PHY,699721695492,3,4.0,20.6473,drop_decision_no_action,-1,-1,-1,veh4,-0.019999999999999574,False
3875,20.6673,CAM_DROP_PHY,12436,6,4.0,20.6673,drop_decision_no_action,-1,-1,-1,veh4,0.0,False
3845,20.6673,CPM_DROP_PHY,699721695492,3,5.0,20.6473,drop_decision_no_action,-1,-1,-1,veh5,-0.019999999999999574,False
3875,20.6673,CAM_DROP_PHY,12436,6,5.0,20.6673,drop_decision_no_action,-1,-1,-1,veh5,0.0,False
3845,20.6673,CPM_DROP_PHY,699721695492,3,7.0,20.6473,drop_decision_no_action,-1,-1,-1,veh7,-0.019999999999999574,False
3875,20.6673,CAM_DROP_PHY,12436,6,7.0,20.6673,drop_decision_no_action,-1,-1,-1,veh7,0.0,False
3845,20.6673,CPM_DROP_PHY,699721695492,3,8.0,20.6473,drop_decision_no_action,-1,-1,-1,veh8,-0.019999999999999574,False
3875,20.6673,CAM_DROP_PHY,12436,6,8.0,20.6673,drop_decision_no_action,-1,-1,-1,veh8,0.0,False
3845,20.6673,CPM_DROP_PHY,699721695492,3,9.0,20.6473,drop_decision_no_action,-1,-1,-1,veh9,-0.019999999999999574,False
3894,20.6746,CPM_DROP_PHY,699721695530,9,11.0,20.6746,drop_decision_no_action,-1,-1,-1,veh11,0.0,False
3898,20.6763,CPM_DROP_PHY,699721695535,4,11.0,20.6763,drop_decision_no_action,-1,-1,-1,veh11,0.0,False
3898,20.6763,CPM_DROP_PHY,699721695535,4,12.0,20.6763,drop_decision_no_action,-1,-1,-1,veh12,0.0,False
3898,20.6763,CPM_DROP_PHY,699721695535,4,2.0,20.6763,drop_decision_no_action,-1,-1,-1,veh2,0.0,False
3898,20.6763,CPM_DROP_PHY,699721695535,4,3.0,20.6763,drop_decision_no_action,-1,-1,-1,veh3,0.0,False
3898,20.6763,CPM_DROP_PHY,699721695535,4,5.0,20.6763,drop_decision_no_action,-1,-1,-1,veh5,0.0,False
3898,20.6763,CPM_DROP_PHY,699721695535,4,6.0,20.6763,drop_decision_no_action,-1,-1,-1,veh6,0.0,False
3898,20.6763,CPM_DROP_PHY,699721695535,4,7.0,20.6763,drop_decision_no_action,-1,-1,-1,veh7,0.0,False
3898,20.6763,CPM_DROP_PHY,699721695535,4,8.0,20.6763,drop_decision_no_action,-1,-1,-1,veh8,0.0,False
3898,20.6763,CPM_DROP_PHY,699721695535,4,9.0,20.6763,drop_decision_no_action,-1,-1,-1,veh9,0.0,False
3718,20.6833,CPM_DROP_PHY,699721695347,4,10.0,20.6833,drop_decision_no_action,-1,-1,-1,veh10,0.0,False
3898,20.6833,CPM_DROP_PHY,699721695535,4,10.0,20.6833,drop_decision_no_action,-1,-1,-1,veh10,0.0,False
3875,20.6873,CPM_DROP_PHY,699721695527,6,10.0,20.6673,drop_decision_no_action,-1,-1,-1,veh10,-0.019999999999999574,False
3875,20.6873,CPM_DROP_PHY,699721695527,6,12.0,20.6673,drop_decision_no_action,-1,-1,-1,veh12,-0.019999999999999574,False
3875,20.6873,CPM_DROP_PHY,699721695527,6,2.0,20.6673,drop_decision_no_action,-1,-1,-1,veh2,-0.019999999999999574,False
3875,20.6873,CPM_DROP_PHY,699721695527,6,4.0,20.6673,drop_decision_no_action,-1,-1,-1,veh4,-0.019999999999999574,False
3875,20.6873,CPM_DROP_PHY,699721695527,6,5.0,20.6673,drop_decision_no_action,-1,-1,-1,veh5,-0.019999999999999574,False
3875,20.6873,CPM_DROP_PHY,699721695527,6,7.0,20.6673,drop_decision_no_action,-1,-1,-1,veh7,-0.019999999999999574,False
3875,20.6873,CPM_DROP_PHY,699721695527,6,8.0,20.6673,drop_decision_no_action,-1,-1,-1,veh8,-0.019999999999999574,False
3931,20.6901,CAM_DROP_PHY,12472,10,11.0,20.6901,drop_decision_no_action,-1,-1,-1,veh11,0.0,False
3931,20.6901,CAM_DROP_PHY,12472,10,12.0,20.6901,drop_decision_no_action,-1,-1,-1,veh12,0.0,False
3931,20.6901,CAM_DROP_PHY,12472,10,2.0,20.6901,drop_decision_no_action,-1,-1,-1,veh2,0.0,False
3931,20.6901,CAM_DROP_PHY,12472,10,3.0,20.6901,drop_decision_no_action,-1,-1,-1,veh3,0.0,False
3931,20.6901,CAM_DROP_PHY,12472,10,4.0,20.6901,drop_decision_no_action,-1,-1,-1,veh4,0.0,False
3931,20.6901,CAM_DROP_PHY,12472,10,5.0,20.6901,drop_decision_no_action,-1,-1,-1,veh5,0.0,False
3931,20.6901,CAM_DROP_PHY,12472,10,6.0,20.6901,drop_decision_no_action,-1,-1,-1,veh6,0.0,False
3931,20.6901,CAM_DROP_PHY,12472,10,7.0,20.6901,drop_decision_no_action,-1,-1,-1,veh7,0.0,False
3931,20.6901,CAM_DROP_PHY,12472,10,8.0,20.6901,drop_decision_no_action,-1,-1,-1,veh8,0.0,False
3931,20.6901,CAM_DROP_PHY,12472,10,9.0,20.6901,drop_decision_no_action,-1,-1,-1,veh9,0.0,False
3954,20.6973,CPM_DROP_PHY,699721695566,11,10.0,20.6973,drop_decision_no_action,-1,-1,-1,veh10,0.0,False
3954,20.6973,CPM_DROP_PHY,699721695566,11,12.0,20.6973,drop_decision_no_action,-1,-1,-1,veh12,0.0,False
3954,20.6973,CPM_DROP_PHY,699721695566,11,2.0,20.6973,drop_decision_no_action,-1,-1,-1,veh2,0.0,False
3954,20.6973,CPM_DROP_PHY,699721695566,11,3.0,20.6973,drop_decision_no_action,-1,-1,-1,veh3,0.0,False
3954,20.6973,CPM_DROP_PHY,699721695566,11,4.0,20.6973,drop_decision_no_action,-1,-1,-1,veh4,0.0,False
3954,20.6973,CPM_DROP_PHY,699721695566,11,5.0,20.6973,drop_decision_no_action,-1,-1,-1,veh5,0.0,False
3954,20.6973,CPM_DROP_PHY,699721695566,11,6.0,20.6973,drop_decision_no_action,-1,-1,-1,veh6,0.0,False
3954,20.6973,CPM_DROP_PHY,699721695566,11,7.0,20.6973,drop_decision_no_action,-1,-1,-1,veh7,0.0,False
3954,20.6973,CPM_DROP_PHY,699721695566,11,8.0,20.6973,drop_decision_no_action,-1,-1,-1,veh8,0.0,False
3954,20.6973,CPM_DROP_PHY,699721695566,11,9.0,20.6973,drop_decision_no_action,-1,-1,-1,veh9,0.0,False
3977,20.7101,CPM_DROP_PHY,699721695642,10,11.0,20.7101,drop_decision_no_action,-1,-1,-1,veh11,0.0,False
3977,20.7101,CPM_DROP_PHY,699721695642,10,12.0,20.7101,drop_decision_no_action,-1,-1,-1,veh12,0.0,False
3977,20.7101,CPM_DROP_PHY,699721695642,10,2.0,20.7101,drop_decision_no_action,-1,-1,-1,veh2,0.0,False
3977,20.7101,CPM_DROP_PHY,699721695642,10,3.0,20.7101,drop_decision_no_action,-1,-1,-1,veh3,0.0,False
3977,20.7101,CPM_DROP_PHY,699721695642,10,4.0,20.7101,drop_decision_no_action,-1,-1,-1,veh4,0.0,False
3977,20.7101,CPM_DROP_PHY,699721695642,10,5.0,20.7101,drop_decision_no_action,-1,-1,-1,veh5,0.0,False
3977,20.7101,CPM_DROP_PHY,699721695642,10,6.0,20.7101,drop_decision_no_action,-1,-1,-1,veh6,0.0,False
3977,20.7101,CPM_DROP_PHY,699721695642,10,7.0,20.7101,drop_decision_no_action,-1,-1,-1,veh7,0.0,False
3977,20.7101,CPM_DROP_PHY,699721695642,10,8.0,20.7101,drop_decision_no_action,-1,-1,-1,veh8,0.0,False
3977,20.7101,CPM_DROP_PHY,699721695642,10,9.0,20.7101,drop_decision_no_action,-1,-1,-1,veh9,0.0,False
3966,20.7136,CAM_DROP_PHY,12554,12,10.0,20.7136,drop_decision_no_action,-1,-1,-1,veh10,0.0,False
3966,20.7136,CAM_DROP_PHY,12554,12,11.0,20.7136,drop_decision_no_action,-1,-1,-1,veh11,0.0,False
3966,20.7136,CAM_DROP_PHY,12554,12,2.0,20.7136,drop_decision_no_action,-1,-1,-1,veh2,0.0,False
3966,20.7136,CAM_DROP_PHY,12554,12,3.0,20.7136,drop_decision_no_action,-1,-1,-1,veh3,0.0,False
3966,20.7136,CAM_DROP_PHY,12554,12,4.0,20.7136,drop_decision_no_action,-1,-1,-1,veh4,0.0,False
3966,20.7136,CAM_DROP_PHY,12554,12,5.0,20.7136,drop_decision_no_action,-1,-1,-1,veh5,0.0,False
3966,20.7136,CAM_DROP_PHY,12554,12,6.0,20.7136,drop_decision_no_action,-1,-1,-1,veh6,0.0,False
3966,20.7136,CAM_DROP_PHY,12554,12,7.0,20.7136,drop_decision_no_action,-1,-1,-1,veh7,0.0,False
3966,20.7136,CAM_DROP_PHY,12554,12,8.0,20.7136,drop_decision_no_action,-1,-1,-1,veh8,0.0,False
3966,20.7136,CAM_DROP_PHY,12554,12,9.0,20.7136,drop_decision_no_action,-1,-1,-1,veh9,0.0,False
3964,20.7173,CAM_DROP_PHY,12492,11,10.0,20.7173,drop_decision_no_action,-1,-1,-1,veh10,0.0,False
3964,20.7173,CAM_DROP_PHY,12492,11,12.0,20.7173,drop_decision_no_action,-1,-1,-1,veh12,0.0,False
3964,20.7173,CAM_DROP_PHY,12492,11,2.0,20.7173,drop_decision_no_action,-1,-1,-1,veh2,0.0,False
3964,20.7173,CAM_DROP_PHY,12492,11,3.0,20.7173,drop_decision_no_action,-1,-1,-1,veh3,0.0,False
3964,20.7173,CAM_DROP_PHY,12492,11,4.0,20.7173,drop_decision_no_action,-1,-1,-1,veh4,0.0,False
3964,20.7173,CAM_DROP_PHY,12492,11,5.0,20.7173,drop_decision_no_action,-1,-1,-1,veh5,0.0,False
3964,20.7173,CAM_DROP_PHY,12492,11,6.0,20.7173,drop_decision_no_action,-1,-1,-1,veh6,0.0,False
3964,20.7173,CAM_DROP_PHY,12492,11,7.0,20.7173,drop_decision_no_action,-1,-1,-1,veh7,0.0,False
3964,20.7173,CAM_DROP_PHY,12492,11,8.0,20.7173,drop_decision_no_action,-1,-1,-1,veh8,0.0,False
3964,20.7173,CAM_DROP_PHY,12492,11,9.0,20.7173,drop_decision_no_action,-1,-1,-1,veh9,0.0,False
4001,20.7316,CPM_DROP_PHY,699721695658,5,10.0,20.7316,drop_decision_no_action,-1,-1,-1,veh10,0.0,False
4001,20.7316,CPM_DROP_PHY,699721695658,5,11.0,20.7316,drop_decision_no_action,-1,-1,-1,veh11,0.0,False
4001,20.7316,CPM_DROP_PHY,699721695658,5,12.0,20.7316,drop_decision_no_action,-1,-1,-1,veh12,0.0,False
4001,20.7316,CPM_DROP_PHY,699721695658,5,2.0,20.7316,drop_decision_no_action,-1,-1,-1,veh2,0.0,False
4001,20.7316,CPM_DROP_PHY,699721695658,5,3.0,20.7316,drop_decision_no_action,-1,-1,-1,veh3,0.0,False
4001,20.7316,CPM_DROP_PHY,699721695658,5,4.0,20.7316,drop_decision_no_action,-1,-1,-1,veh4,0.0,False
4001,20.7316,CPM_DROP_PHY,699721695658,5,6.0,20.7316,drop_decision_no_action,-1,-1,-1,veh6,0.0,False
4001,20.7316,CPM_DROP_PHY,699721695658,5,7.0,20.7316,drop_decision_no_action,-1,-1,-1,veh7,0.0,False
4001,20.7316,CPM_DROP_PHY,699721695658,5,8.0,20.7316,drop_decision_no_action,-1,-1,-1,veh8,0.0,False
4001,20.7316,CPM_DROP_PHY,699721695658,5,9.0,20.7316,drop_decision_no_action,-1,-1,-1,veh9,0.0,False
3998,20.7363,CAM_DROP_PHY,12572,4,10.0,20.7363,drop_decision_no_action,-1,-1,-1,veh10,0.0,False
3998,20.7363,CAM_DROP_PHY,12572,4,11.0,20.7363,drop_decision_no_action,-1,-1,-1,veh11,0.0,False
3998,20.7363,CAM_DROP_PHY,12572,4,12.0,20.7363,drop_decision_no_action,-1,-1,-1,veh12,0.0,False
3998,20.7363,CAM_DROP_PHY,12572,4,2.0,20.7363,drop_decision_no_action,-1,-1,-1,veh2,0.0,False
3998,20.7363,CAM_DROP_PHY,12572,4,3.0,20.7363,drop_decision_no_action,-1,-1,-1,veh3,0.0,False
3998,20.7363,CAM_DROP_PHY,12572,4,5.0,20.7363,drop_decision_no_action,-1,-1,-1,veh5,0.0,False
3998,20.7363,CAM_DROP_PHY,12572,4,6.0,20.7363,drop_decision_no_action,-1,-1,-1,veh6,0.0,False
3998,20.7363,CAM_DROP_PHY,12572,4,7.0,20.7363,drop_decision_no_action,-1,-1,-1,veh7,0.0,False
3998,20.7363,CAM_DROP_PHY,12572,4,8.0,20.7363,drop_decision_no_action,-1,-1,-1,veh8,0.0,False
3998,20.7363,CAM_DROP_PHY,12572,4,9.0,20.7363,drop_decision_no_action,-1,-1,-1,veh9,0.0,False
4022,20.7473,CAM_DROP_PHY,12589,3,10.0,20.7473,drop_decision_no_action,-1,-1,-1,veh10,0.0,False
4022,20.7473,CAM_DROP_PHY,12589,3,11.0,20.7473,drop_decision_no_action,-1,-1,-1,veh11,0.0,False
4022,20.7473,CAM_DROP_PHY,12589,3,12.0,20.7473,drop_decision_no_action,-1,-1,-1,veh12,0.0,False
4022,20.7473,CAM_DROP_PHY,12589,3,2.0,20.7473,drop_decision_no_action,-1,-1,-1,veh2,0.0,False
4022,20.7473,CAM_DROP_PHY,12589,3,4.0,20.7473,drop_decision_no_action,-1,-1,-1,veh4,0.0,False
4022,20.7473,CAM_DROP_PHY,12589,3,5.0,20.7473,drop_decision_no_action,-1,-1,-1,veh5,0.0,False
4022,20.7473,CAM_DROP_PHY,12589,3,7.0,20.7473,drop_decision_no_action,-1,-1,-1,veh7,0.0,False
4022,20.7473,CAM_DROP_PHY,12589,3,8.0,20.7473,drop_decision_no_action,-1,-1,-1,veh8,0.0,False
4022,20.7473,CAM_DROP_PHY,12589,3,9.0,20.7473,drop_decision_no_action,-1,-1,-1,veh9,0.0,False
4051,20.7536,CPM_DROP_PHY,699721695694,12,10.0,20.7536,drop_decision_no_action,-1,-1,-1,veh10,0.0,False
4051,20.7536,CPM_DROP_PHY,699721695694,12,11.0,20.7536,drop_decision_no_action,-1,-1,-1,veh11,0.0,False
4051,20.7536,CPM_DROP_PHY,699721695694,12,2.0,20.7536,drop_decision_no_action,-1,-1,-1,veh2,0.0,False
4051,20.7536,CPM_DROP_PHY,699721695694,12,3.0,20.7536,drop_decision_no_action,-1,-1,-1,veh3,0.0,False
4051,20.7536,CPM_DROP_PHY,699721695694,12,4.0,20.7536,drop_decision_no_action,-1,-1,-1,veh4,0.0,False
4051,20.7536,CPM_DROP_PHY,699721695694,12,5.0,20.7536,drop_decision_no_action,-1,-1,-1,veh5,0.0,False
4051,20.7536,CPM_DROP_PHY,699721695694,12,6.0,20.7536,drop_decision_no_action,-1,-1,-1,veh6,0.0,False
4051,20.7536,CPM_DROP_PHY,699721695694,12,7.0,20.7536,drop_decision_no_action,-1,-1,-1,veh7,0.0,False
4051,20.7536,CPM_DROP_PHY,699721695694,12,8.0,20.7536,drop_decision_no_action,-1,-1,-1,veh8,0.0,False
4051,20.7536,CPM_DROP_PHY,699721695694,12,9.0,20.7536,drop_decision_no_action,-1,-1,-1,veh9,0.0,False
3871,20.7546,CAM_DROP_PHY,12429,9,10.0,20.7546,drop_decision_no_action,-1,-1,-1,veh10,0.0,False
3894,20.7546,CPM_DROP_PHY,699721695530,9,10.0,20.7546,drop_decision_no_action,-1,-1,-1,veh10,0.0,False
3871,20.7546,CAM_DROP_PHY,12429,9,12.0,20.7546,drop_decision_no_action,-1,-1,-1,veh12,0.0,False
3894,20.7546,CPM_DROP_PHY,699721695530,9,12.0,20.7546,drop_decision_no_action,-1,-1,-1,veh12,0.0,False
3871,20.7546,CAM_DROP_PHY,12429,9,2.0,20.7546,drop_decision_no_action,-1,-1,-1,veh2,0.0,False
3894,20.7546,CPM_DROP_PHY,699721695530,9,2.0,20.7546,drop_decision_no_action,-1,-1,-1,veh2,0.0,False
3871,20.7546,CAM_DROP_PHY,12429,9,3.0,20.7546,drop_decision_no_action,-1,-1,-1,veh3,0.0,False
3894,20.7546,CPM_DROP_PHY,699721695530,9,3.0,20.7546,drop_decision_no_action,-1,-1,-1,veh3,0.0,False
3871,20.7546,CAM_DROP_PHY,12429,9,4.0,20.7546,drop_decision_no_action,-1,-1,-1,veh4,0.0,False
3894,20.7546,CPM_DROP_PHY,699721695530,9,4.0,20.7546,drop_decision_no_action,-1,-1,-1,veh4,0.0,False
3871,20.7546,CAM_DROP_PHY,12429,9,5.0,20.7546,drop_decision_no_action,-1,-1,-1,veh5,0.0,False
3894,20.7546,CPM_DROP_PHY,699721695530,9,5.0,20.7546,drop_decision_no_action,-1,-1,-1,veh5,0.0,False
3871,20.7546,CAM_DROP_PHY,12429,9,6.0,20.7546,drop_decision_no_action,-1,-1,-1,veh6,0.0,False
3894,20.7546,CPM_DROP_PHY,699721695530,9,6.0,20.7546,drop_decision_no_action,-1,-1,-1,veh6,0.0,False
3871,20.7546,CAM_DROP_PHY,12429,9,7.0,20.7546,drop_decision_no_action,-1,-1,-1,veh7,0.0,False
3894,20.7546,CPM_DROP_PHY,699721695530,9,7.0,20.7546,drop_decision_no_action,-1,-1,-1,veh7,0.0,False
3871,20.7546,CAM_DROP_PHY,12429,9,8.0,20.7546,drop_decision_no_action,-1,-1,-1,veh8,0.0,False
3894,20.7546,CPM_DROP_PHY,699721695530,9,8.0,20.7546,drop_decision_no_action,-1,-1,-1,veh8,0.0,False
4026,20.7548,CPM_DROP_PHY,699721695677,7,10.0,20.7548,drop_decision_no_action,-1,-1,-1,veh10,0.0,False
4026,20.7548,CPM_DROP_PHY,699721695677,7,11.0,20.7548,drop_decision_no_action,-1,-1,-1,veh11,0.0,False
4026,20.7548,CPM_DROP_PHY,699721695677,7,12.0,20.7548,drop_decision_no_action,-1,-1,-1,veh12,0.0,False
4026,20.7548,CPM_DROP_PHY,699721695677,7,2.0,20.7548,drop_decision_no_action,-1,-1,-1,veh2,0.0,False
4026,20.7548,CPM_DROP_PHY,699721695677,7,3.0,20.7548,drop_decision_no_action,-1,-1,-1,veh3,0.0,False
4026,20.7548,CPM_DROP_PHY,699721695677,7,4.0,20.7548,drop_decision_no_action,-1,-1,-1,veh4,0.0,False
4026,20.7548,CPM_DROP_PHY,699721695677,7,5.0,20.7548,drop_decision_no_action,-1,-1,-1,veh5,0.0,False
4026,20.7548,CPM_DROP_PHY,699721695677,7,6.0,20.7548,drop_decision_no_action,-1,-1,-1,veh6,0.0,False
4026,20.7548,CPM_DROP_PHY,699721695677,7,8.0,20.7548,drop_decision_no_action,-1,-1,-1,veh8,0.0,False
4026,20.7548,CPM_DROP_PHY,699721695677,7,9.0,20.7548,drop_decision_no_action,-1,-1,-1,veh9,0.0,False
4022,20.7673,CPM_DROP_PHY,699721695674,3,10.0,20.7473,drop_decision_no_action,-1,-1,-1,veh10,-0.019999999999999574,False
4067,20.7673,CPM_DROP_PHY,699721695705,6,10.0,20.7673,drop_decision_no_action,-1,-1,-1,veh10,0.0,False
3875,20.7673,CAM_DROP_PHY,12436,6,11.0,20.7673,drop_decision_no_action,-1,-1,-1,veh11,0.0,False
3875,20.7673,CPM_DROP_PHY,699721695527,6,11.0,20.7673,drop_decision_no_action,-1,-1,-1,veh11,0.0,False
4022,20.7673,CPM_DROP_PHY,699721695674,3,11.0,20.7473,drop_decision_no_action,-1,-1,-1,veh11,-0.019999999999999574,False
4067,20.7673,CPM_DROP_PHY,699721695705,6,11.0,20.7673,drop_decision_no_action,-1,-1,-1,veh11,0.0,False
4022,20.7673,CPM_DROP_PHY,699721695674,3,12.0,20.7473,drop_decision_no_action,-1,-1,-1,veh12,-0.019999999999999574,False
4067,20.7673,CPM_DROP_PHY,699721695705,6,12.0,20.7673,drop_decision_no_action,-1,-1,-1,veh12,0.0,False
4022,20.7673,CPM_DROP_PHY,699721695674,3,2.0,20.7473,drop_decision_no_action,-1,-1,-1,veh2,-0.019999999999999574,False
4067,20.7673,CPM_DROP_PHY,699721695705,6,2.0,20.7673,drop_decision_no_action,-1,-1,-1,veh2,0.0,False
4022,20.7673,CPM_DROP_PHY,699721695674,3,4.0,20.7473,drop_decision_no_action,-1,-1,-1,veh4,-0.019999999999999574,False
4067,20.7673,CPM_DROP_PHY,699721695705,6,4.0,20.7673,drop_decision_no_action,-1,-1,-1,veh4,0.0,False
4022,20.7673,CPM_DROP_PHY,699721695674,3,5.0,20.7473,drop_decision_no_action,-1,-1,-1,veh5,-0.019999999999999574,False
4067,20.7673,CPM_DROP_PHY,699721695705,6,5.0,20.7673,drop_decision_no_action,-1,-1,-1,veh5,0.0,False
4022,20.7673,CPM_DROP_PHY,699721695674,3,7.0,20.7473,drop_decision_no_action,-1,-1,-1,veh7,-0.019999999999999574,False
4067,20.7673,CPM_DROP_PHY,699721695705,6,7.0,20.7673,drop_decision_no_action,-1,-1,-1,veh7,0.0,False
4022,20.7673,CPM_DROP_PHY,699721695674,3,8.0,20.7473,drop_decision_no_action,-1,-1,-1,veh8,-0.019999999999999574,False
4067,20.7673,CPM_DROP_PHY,699721695705,6,8.0,20.7673,drop_decision_no_action,-1,-1,-1,veh8,0.0,False
3875,20.7673,CAM_DROP_PHY,12436,6,9.0,20.7673,drop_decision_no_action,-1,-1,-1,veh9,0.0,False
3875,20.7673,CPM_DROP_PHY,699721695527,6,9.0,20.7673,drop_decision_no_action,-1,-1,-1,veh9,0.0,False
4022,20.7673,CPM_DROP_PHY,699721695674,3,9.0,20.7473,drop_decision_no_action,-1,-1,-1,veh9,-0.019999999999999574,False
4067,20.7673,CPM_DROP_PHY,699721695705,6,9.0,20.7673,drop_decision_no_action,-1,-1,-1,veh9,0.0,False
4069,20.7746,CPM_DROP_PHY,699721695708,9,10.0,20.7746,drop_decision_no_action,-1,-1,-1,veh10,0.0,False
4069,20.7746,CPM_DROP_PHY,699721695708,9,11.0,20.7746,drop_decision_no_action,-1,-1,-1,veh11,0.0,False
4069,20.7746,CPM_DROP_PHY,699721695708,9,12.0,20.7746,drop_decision_no_action,-1,-1,-1,veh12,0.0,False
4069,20.7746,CPM_DROP_PHY,699721695708,9,2.0,20.7746,drop_decision_no_action,-1,-1,-1,veh2,0.0,False
4069,20.7746,CPM_DROP_PHY,699721695708,9,3.0,20.7746,drop_decision_no_action,-1,-1,-1,veh3,0.0,False
4069,20.7746,CPM_DROP_PHY,699721695708,9,4.0,20.7746,drop_decision_no_action,-1,-1,-1,veh4,0.0,False
4069,20.7746,CPM_DROP_PHY,699721695708,9,5.0,20.7746,drop_decision_no_action,-1,-1,-1,veh5,0.0,False
4069,20.7746,CPM_DROP_PHY,699721695708,9,6.0,20.7746,drop_decision_no_action,-1,-1,-1,veh6,0.0,False
4069,20.7746,CPM_DROP_PHY,699721695708,9,7.0,20.7746,drop_decision_no_action,-1,-1,-1,veh7,0.0,False
4069,20.7746,CPM_DROP_PHY,699721695708,9,8.0,20.7746,drop_decision_no_action,-1,-1,-1,veh8,0.0,False
4026,20.7748,CAM_DROP_PHY,12605,7,10.0,20.7548,drop_decision_no_action,-1,-1,-1,veh10,-0.019999999999999574,False
4026,20.7748,CAM_DROP_PHY,12605,7,11.0,20.7548,drop_decision_no_action,-1,-1,-1,veh11,-0.019999999999999574,False
4026,20.7748,CAM_DROP_PHY,12605,7,12.0,20.7548,drop_decision_no_action,-1,-1,-1,veh12,-0.019999999999999574,False
4026,20.7748,CAM_DROP_PHY,12605,7,2.0,20.7548,drop_decision_no_action,-1,-1,-1,veh2,-0.019999999999999574,False
4026,20.7748,CAM_DROP_PHY,12605,7,3.0,20.7548,drop_decision_no_action,-1,-1,-1,veh3,-0.019999999999999574,False
4026,20.7748,CAM_DROP_PHY,12605,7,4.0,20.7548,drop_decision_no_action,-1,-1,-1,veh4,-0.019999999999999574,False
4026,20.7748,CAM_DROP_PHY,12605,7,5.0,20.7548,drop_decision_no_action,-1,-1,-1,veh5,-0.019999999999999574,False
4026,20.7748,CAM_DROP_PHY,12605,7,6.0,20.7548,drop_decision_no_action,-1,-1,-1,veh6,-0.019999999999999574,False
4026,20.7748,CAM_DROP_PHY,12605,7,8.0,20.7548,drop_decision_no_action,-1,-1,-1,veh8,-0.019999999999999574,False
4026,20.7748,CAM_DROP_PHY,12605,7,9.0,20.7548,drop_decision_no_action,-1,-1,-1,veh9,-0.019999999999999574,False
4071,20.7763,CPM_DROP_PHY,699721695712,4,10.0,20.7763,drop_decision_no_action,-1,-1,-1,veh10,0.0,False
4071,20.7763,CPM_DROP_PHY,699721695712,4,11.0,20.7763,drop_decision_no_action,-1,-1,-1,veh11,0.0,False
4071,20.7763,CPM_DROP_PHY,699721695712,4,12.0,20.7763,drop_decision_no_action,-1,-1,-1,veh12,0.0,False
4071,20.7763,CPM_DROP_PHY,699721695712,4,2.0,20.7763,drop_decision_no_action,-1,-1,-1,veh2,0.0,False
4071,20.7763,CPM_DROP_PHY,699721695712,4,3.0,20.7763,drop_decision_no_action,-1,-1,-1,veh3,0.0,False
4071,20.7763,CPM_DROP_PHY,699721695712,4,5.0,20.7763,drop_decision_no_action,-1,-1,-1,veh5,0.0,False
4071,20.7763,CPM_DROP_PHY,699721695712,4,6.0,20.7763,drop_decision_no_action,-1,-1,-1,veh6,0.0,False
4071,20.7763,CPM_DROP_PHY,699721695712,4,7.0,20.7763,drop_decision_no_action,-1,-1,-1,veh7,0.0,False
4071,20.7763,CPM_DROP_PHY,699721695712,4,8.0,20.7763,drop_decision_no_action,-1,-1,-1,veh8,0.0,False
4071,20.7763,CPM_DROP_PHY,699721695712,4,9.0,20.7763,drop_decision_no_action,-1,-1,-1,veh9,0.0,False
4108,20.7901,CAM_DROP_PHY,12650,10,11.0,20.7901,drop_decision_no_action,-1,-1,-1,veh11,0.0,False
4108,20.7901,CAM_DROP_PHY,12650,10,12.0,20.7901,drop_decision_no_action,-1,-1,-1,veh12,0.0,False
4108,20.7901,CAM_DROP_PHY,12650,10,2.0,20.7901,drop_decision_no_action,-1,-1,-1,veh2,0.0,False
4108,20.7901,CAM_DROP_PHY,12650,10,3.0,20.7901,drop_decision_no_action,-1,-1,-1,veh3,0.0,False
4108,20.7901,CAM_DROP_PHY,12650,10,4.0,20.7901,drop_decision_no_action,-1,-1,-1,veh4,0.0,False
4108,20.7901,CAM_DROP_PHY,12650,10,5.0,20.7901,drop_decision_no_action,-1,-1,-1,veh5,0.0,False
4108,20.7901,CAM_DROP_PHY,12650,10,6.0,20.7901,drop_decision_no_action,-1,-1,-1,veh6,0.0,False
4108,20.7901,CAM_DROP_PHY,12650,10,7.0,20.7901,drop_decision_no_action,-1,-1,-1,veh7,0.0,False
4108,20.7901,CAM_DROP_PHY,12650,10,8.0,20.7901,drop_decision_no_action,-1,-1,-1,veh8,0.0,False
4108,20.7901,CAM_DROP_PHY,12650,10,9.0,20.7901,drop_decision_no_action,-1,-1,-1,veh9,0.0,False
4134,20.7973,CPM_DROP_PHY,699721695744,11,10.0,20.7973,drop_decision_no_action,-1,-1,-1,veh10,0.0,False
4134,20.7973,CPM_DROP_PHY,699721695744,11,12.0,20.7973,drop_decision_no_action,-1,-1,-1,veh12,0.0,False
4134,20.7973,CPM_DROP_PHY,699721695744,11,2.0,20.7973,drop_decision_no_action,-1,-1,-1,veh2,0.0,False
4134,20.7973,CPM_DROP_PHY,699721695744,11,3.0,20.7973,drop_decision_no_action,-1,-1,-1,veh3,0.0,False
4134,20.7973,CPM_DROP_PHY,699721695744,11,4.0,20.7973,drop_decision_no_action,-1,-1,-1,veh4,0.0,False
4134,20.7973,CPM_DROP_PHY,699721695744,11,5.0,20.7973,drop_decision_no_action,-1,-1,-1,veh5,0.0,False
4134,20.7973,CPM_DROP_PHY,699721695744,11,6.0,20.7973,drop_decision_no_action,-1,-1,-1,veh6,0.0,False
4134,20.7973,CPM_DROP_PHY,699721695744,11,7.0,20.7973,drop_decision_no_action,-1,-1,-1,veh7,0.0,False
4134,20.7973,CPM_DROP_PHY,699721695744,11,8.0,20.7973,drop_decision_no_action,-1,-1,-1,veh8,0.0,False
4134,20.7973,CPM_DROP_PHY,699721695744,11,9.0,20.7973,drop_decision_no_action,-1,-1,-1,veh9,0.0,False
4138,20.7986,CAM_DROP_PHY,12667,2,10.0,20.7986,drop_decision_no_action,-1,-1,-1,veh10,0.0,False
4138,20.7986,CAM_DROP_PHY,12667,2,11.0,20.7986,drop_decision_no_action,-1,-1,-1,veh11,0.0,False
4138,20.7986,CAM_DROP_PHY,12667,2,12.0,20.7986,drop_decision_no_action,-1,-1,-1,veh12,0.0,False
4138,20.7986,CAM_DROP_PHY,12667,2,3.0,20.7986,drop_decision_no_action,-1,-1,-1,veh3,0.0,False
4138,20.7986,CAM_DROP_PHY,12667,2,4.0,20.7986,drop_decision_no_action,-1,-1,-1,veh4,0.0,False
4138,20.7986,CAM_DROP_PHY,12667,2,5.0,20.7986,drop_decision_no_action,-1,-1,-1,veh5,0.0,False
4138,20.7986,CAM_DROP_PHY,12667,2,6.0,20.7986,drop_decision_no_action,-1,-1,-1,veh6,0.0,False
4138,20.7986,CAM_DROP_PHY,12667,2,7.0,20.7986,drop_decision_no_action,-1,-1,-1,veh7,0.0,False
4138,20.7986,CAM_DROP_PHY,12667,2,8.0,20.7986,drop_decision_no_action,-1,-1,-1,veh8,0.0,False
4138,20.7986,CAM_DROP_PHY,12667,2,9.0,20.7986,drop_decision_no_action,-1,-1,-1,veh9,0.0,False
4160,20.8101,CPM_DROP_PHY,699721695822,10,11.0,20.8101,drop_decision_no_action,-1,-1,-1,veh11,0.0,False
4160,20.8101,CPM_DROP_PHY,699721695822,10,12.0,20.8101,drop_decision_no_action,-1,-1,-1,veh12,0.0,False
4160,20.8101,CPM_DROP_PHY,699721695822,10,2.0,20.8101,drop_decision_no_action,-1,-1,-1,veh2,0.0,False
4160,20.8101,CPM_DROP_PHY,699721695822,10,3.0,20.8101,drop_decision_no_action,-1,-1,-1,veh3,0.0,False
4160,20.8101,CPM_DROP_PHY,699721695822,10,4.0,20.8101,drop_decision_no_action,-1,-1,-1,veh4,0.0,False
4160,20.8101,CPM_DROP_PHY,699721695822,10,5.0,20.8101,drop_decision_no_action,-1,-1,-1,veh5,0.0,False
4160,20.8101,CPM_DROP_PHY,699721695822,10,6.0,20.8101,drop_decision_no_action,-1,-1,-1,veh6,0.0,False
4160,20.8101,CPM_DROP_PHY,699721695822,10,7.0,20.8101,drop_decision_no_action,-1,-1,-1,veh7,0.0,False
4160,20.8101,CPM_DROP_PHY,699721695822,10,8.0,20.8101,drop_decision_no_action,-1,-1,-1,veh8,0.0,False
4160,20.8101,CPM_DROP_PHY,699721695822,10,9.0,20.8101,drop_decision_no_action,-1,-1,-1,veh9,0.0,False
4159,20.8116,CAM_DROP_PHY,12739,5,10.0,20.8116,drop_decision_no_action,-1,-1,-1,veh10,0.0,False
4159,20.8116,CAM_DROP_PHY,12739,5,11.0,20.8116,drop_decision_no_action,-1,-1,-1,veh11,0.0,False
4159,20.8116,CAM_DROP_PHY,12739,5,12.0,20.8116,drop_decision_no_action,-1,-1,-1,veh12,0.0,False
4159,20.8116,CAM_DROP_PHY,12739,5,2.0,20.8116,drop_decision_no_action,-1,-1,-1,veh2,0.0,False
4159,20.8116,CAM_DROP_PHY,12739,5,3.0,20.8116,drop_decision_no_action,-1,-1,-1,veh3,0.0,False
4159,20.8116,CAM_DROP_PHY,12739,5,4.0,20.8116,drop_decision_no_action,-1,-1,-1,veh4,0.0,False
4159,20.8116,CAM_DROP_PHY,12739,5,6.0,20.8116,drop_decision_no_action,-1,-1,-1,veh6,0.0,False
4159,20.8116,CAM_DROP_PHY,12739,5,7.0,20.8116,drop_decision_no_action,-1,-1,-1,veh7,0.0,False
4159,20.8116,CAM_DROP_PHY,12739,5,8.0,20.8116,drop_decision_no_action,-1,-1,-1,veh8,0.0,False
4159,20.8116,CAM_DROP_PHY,12739,5,9.0,20.8116,drop_decision_no_action,-1,-1,-1,veh9,0.0,False
4146,20.8136,CAM_DROP_PHY,12733,12,10.0,20.8136,drop_decision_no_action,-1,-1,-1,veh10,0.0,False
4146,20.8136,CAM_DROP_PHY,12733,12,11.0,20.8136,drop_decision_no_action,-1,-1,-1,veh11,0.0,False
4146,20.8136,CAM_DROP_PHY,12733,12,2.0,20.8136,drop_decision_no_action,-1,-1,-1,veh2,0.0,False
4146,20.8136,CAM_DROP_PHY,12733,12,3.0,20.8136,drop_decision_no_action,-1,-1,-1,veh3,0.0,False
4146,20.8136,CAM_DROP_PHY,12733,12,4.0,20.8136,drop_decision_no_action,-1,-1,-1,veh4,0.0,False
4146,20.8136,CAM_DROP_PHY,12733,12,5.0,20.8136,drop_decision_no_action,-1,-1,-1,veh5,0.0,False
4146,20.8136,CAM_DROP_PHY,12733,12,6.0,20.8136,drop_decision_no_action,-1,-1,-1,veh6,0.0,False
4146,20.8136,CAM_DROP_PHY,12733,12,7.0,20.8136,drop_decision_no_action,-1,-1,-1,veh7,0.0,False
4146,20.8136,CAM_DROP_PHY,12733,12,8.0,20.8136,drop_decision_no_action,-1,-1,-1,veh8,0.0,False
4146,20.8136,CAM_DROP_PHY,12733,12,9.0,20.8136,drop_decision_no_action,-1,-1,-1,veh9,0.0,False
4188,20.8316,CPM_DROP_PHY,699721695837,5,10.0,20.8316,drop_decision_no_action,-1,-1,-1,veh10,0.0,False
4188,20.8316,CPM_DROP_PHY,699721695837,5,11.0,20.8316,drop_decision_no_action,-1,-1,-1,veh11,0.0,False
4188,20.8316,CPM_DROP_PHY,699721695837,5,12.0,20.8316,drop_decision_no_action,-1,-1,-1,veh12,0.0,False
4188,20.8316,CPM_DROP_PHY,699721695837,5,2.0,20.8316,drop_decision_no_action,-1,-1,-1,veh2,0.0,False
4188,20.8316,CPM_DROP_PHY,699721695837,5,3.0,20.8316,drop_decision_no_action,-1,-1,-1,veh3,0.0,False
4188,20.8316,CPM_DROP_PHY,699721695837,5,4.0,20.8316,drop_decision_no_action,-1,-1,-1,veh4,0.0,False
4188,20.8316,CPM_DROP_PHY,699721695837,5,6.0,20.8316,drop_decision_no_action,-1,-1,-1,veh6,0.0,False
4188,20.8316,CPM_DROP_PHY,699721695837,5,7.0,20.8316,drop_decision_no_action,-1,-1,-1,veh7,0.0,False
4188,20.8316,CPM_DROP_PHY,699721695837,5,8.0,20.8316,drop_decision_no_action,-1,-1,-1,veh8,0.0,False
4188,20.8316,CPM_DROP_PHY,699721695837,5,9.0,20.8316,drop_decision_no_action,-1,-1,-1,veh9,0.0,False
4206,20.8473,CPM_DROP_PHY,699721695849,3,10.0,20.8473,drop_decision_no_action,-1,-1,-1,veh10,0.0,False
4206,20.8473,CPM_DROP_PHY,699721695849,3,11.0,20.8473,drop_decision_no_action,-1,-1,-1,veh11,0.0,False
4206,20.8473,CPM_DROP_PHY,699721695849,3,12.0,20.8473,drop_decision_no_action,-1,-1,-1,veh12,0.0,False
4206,20.8473,CPM_DROP_PHY,699721695849,3,2.0,20.8473,drop_decision_no_action,-1,-1,-1,veh2,0.0,False
4206,20.8473,CPM_DROP_PHY,699721695849,3,4.0,20.8473,drop_decision_no_action,-1,-1,-1,veh4,0.0,False
4206,20.8473,CPM_DROP_PHY,699721695849,3,5.0,20.8473,drop_decision_no_action,-1,-1,-1,veh5,0.0,False
4022,20.8473,CAM_DROP_PHY,12589,3,6.0,20.8473,drop_decision_no_action,-1,-1,-1,veh6,0.0,False
4206,20.8473,CPM_DROP_PHY,699721695849,3,7.0,20.8473,drop_decision_no_action,-1,-1,-1,veh7,0.0,False
4206,20.8473,CPM_DROP_PHY,699721695849,3,9.0,20.8473,drop_decision_no_action,-1,-1,-1,veh9,0.0,False
4206,20.8533,CPM_DROP_PHY,699721695849,3,8.0,20.8533,drop_decision_no_action,-1,-1,-1,veh8,0.0,False
4225,20.8536,CPM_DROP_PHY,699721695868,12,10.0,20.8536,drop_decision_no_action,-1,-1,-1,veh10,0.0,False
4225,20.8536,CPM_DROP_PHY,699721695868,12,11.0,20.8536,drop_decision_no_action,-1,-1,-1,veh11,0.0,False
4225,20.8536,CPM_DROP_PHY,699721695868,12,2.0,20.8536,drop_decision_no_action,-1,-1,-1,veh2,0.0,False
4225,20.8536,CPM_DROP_PHY,699721695868,12,3.0,20.8536,drop_decision_no_action,-1,-1,-1,veh3,0.0,False
4225,20.8536,CPM_DROP_PHY,699721695868,12,4.0,20.8536,drop_decision_no_action,-1,-1,-1,veh4,0.0,False
4225,20.8536,CPM_DROP_PHY,699721695868,12,5.0,20.8536,drop_decision_no_action,-1,-1,-1,veh5,0.0,False
4225,20.8536,CPM_DROP_PHY,699721695868,12,6.0,20.8536,drop_decision_no_action,-1,-1,-1,veh6,0.0,False
4225,20.8536,CPM_DROP_PHY,699721695868,12,7.0,20.8536,drop_decision_no_action,-1,-1,-1,veh7,0.0,False
4225,20.8536,CPM_DROP_PHY,699721695868,12,8.0,20.8536,drop_decision_no_action,-1,-1,-1,veh8,0.0,False
4225,20.8536,CPM_DROP_PHY,699721695868,12,9.0,20.8536,drop_decision_no_action,-1,-1,-1,veh9,0.0,False
4222,20.8546,CAM_DROP_PHY,12785,9,10.0,20.8546,drop_decision_no_action,-1,-1,-1,veh10,0.0,False
4222,20.8546,CAM_DROP_PHY,12785,9,11.0,20.8546,drop_decision_no_action,-1,-1,-1,veh11,0.0,False
4222,20.8546,CAM_DROP_PHY,12785,9,12.0,20.8546,drop_decision_no_action,-1,-1,-1,veh12,0.0,False
4222,20.8546,CAM_DROP_PHY,12785,9,2.0,20.8546,drop_decision_no_action,-1,-1,-1,veh2,0.0,False
4222,20.8546,CAM_DROP_PHY,12785,9,3.0,20.8546,drop_decision_no_action,-1,-1,-1,veh3,0.0,False
4222,20.8546,CAM_DROP_PHY,12785,9,4.0,20.8546,drop_decision_no_action,-1,-1,-1,veh4,0.0,False
4222,20.8546,CAM_DROP_PHY,12785,9,5.0,20.8546,drop_decision_no_action,-1,-1,-1,veh5,0.0,False
4222,20.8546,CAM_DROP_PHY,12785,9,6.0,20.8546,drop_decision_no_action,-1,-1,-1,veh6,0.0,False
4222,20.8546,CAM_DROP_PHY,12785,9,7.0,20.8546,drop_decision_no_action,-1,-1,-1,veh7,0.0,False
4222,20.8546,CAM_DROP_PHY,12785,9,8.0,20.8546,drop_decision_no_action,-1,-1,-1,veh8,0.0,False
4207,20.8548,CPM_DROP_PHY,699721695852,7,10.0,20.8548,drop_decision_no_action,-1,-1,-1,veh10,0.0,False
4207,20.8548,CPM_DROP_PHY,699721695852,7,11.0,20.8548,drop_decision_no_action,-1,-1,-1,veh11,0.0,False
4207,20.8548,CPM_DROP_PHY,699721695852,7,12.0,20.8548,drop_decision_no_action,-1,-1,-1,veh12,0.0,False
4207,20.8548,CPM_DROP_PHY,699721695852,7,2.0,20.8548,drop_decision_no_action,-1,-1,-1,veh2,0.0,False
4207,20.8548,CPM_DROP_PHY,699721695852,7,3.0,20.8548,drop_decision_no_action,-1,-1,-1,veh3,0.0,False
4207,20.8548,CPM_DROP_PHY,699721695852,7,4.0,20.8548,drop_decision_no_action,-1,-1,-1,veh4,0.0,False
4207,20.8548,CPM_DROP_PHY,699721695852,7,5.0,20.8548,drop_decision_no_action,-1,-1,-1,veh5,0.0,False
4207,20.8548,CPM_DROP_PHY,699721695852,7,6.0,20.8548,drop_decision_no_action,-1,-1,-1,veh6,0.0,False
4207,20.8548,CPM_DROP_PHY,699721695852,7,8.0,20.8548,drop_decision_no_action,-1,-1,-1,veh8,0.0,False
4207,20.8548,CPM_DROP_PHY,699721695852,7,9.0,20.8548,drop_decision_no_action,-1,-1,-1,veh9,0.0,False
4226,20.8673,CAM_DROP_PHY,12791,6,10.0,20.8673,drop_decision_no_action,-1,-1,-1,veh10,0.0,False
4226,20.8673,CAM_DROP_PHY,12791,6,11.0,20.8673,drop_decision_no_action,-1,-1,-1,veh11,0.0,False
4226,20.8673,CAM_DROP_PHY,12791,6,12.0,20.8673,drop_decision_no_action,-1,-1,-1,veh12,0.0,False
4226,20.8673,CAM_DROP_PHY,12791,6,2.0,20.8673,drop_decision_no_action,-1,-1,-1,veh2,0.0,False
4226,20.8673,CAM_DROP_PHY,12791,6,4.0,20.8673,drop_decision_no_action,-1,-1,-1,veh4,0.0,False
4226,20.8673,CAM_DROP_PHY,12791,6,5.0,20.8673,drop_decision_no_action,-1,-1,-1,veh5,0.0,False
4226,20.8673,CAM_DROP_PHY,12791,6,7.0,20.8673,drop_decision_no_action,-1,-1,-1,veh7,0.0,False
4226,20.8673,CAM_DROP_PHY,12791,6,8.0,20.8673,drop_decision_no_action,-1,-1,-1,veh8,0.0,False
4226,20.8673,CAM_DROP_PHY,12791,6,9.0,20.8673,drop_decision_no_action,-1,-1,-1,veh9,0.0,False
4248,20.8746,CPM_DROP_PHY,699721695886,9,10.0,20.8746,drop_decision_no_action,-1,-1,-1,veh10,0.0,False
4248,20.8746,CPM_DROP_PHY,699721695886,9,11.0,20.8746,drop_decision_no_action,-1,-1,-1,veh11,0.0,False
4248,20.8746,CPM_DROP_PHY,699721695886,9,12.0,20.8746,drop_decision_no_action,-1,-1,-1,veh12,0.0,False
4248,20.8746,CPM_DROP_PHY,699721695886,9,2.0,20.8746,drop_decision_no_action,-1,-1,-1,veh2,0.0,False
4248,20.8746,CPM_DROP_PHY,699721695886,9,3.0,20.8746,drop_decision_no_action,-1,-1,-1,veh3,0.0,False
4248,20.8746,CPM_DROP_PHY,699721695886,9,4.0,20.8746,drop_decision_no_action,-1,-1,-1,veh4,0.0,False
4248,20.8746,CPM_DROP_PHY,699721695886,9,5.0,20.8746,drop_decision_no_action,-1,-1,-1,veh5,0.0,False
4248,20.8746,CPM_DROP_PHY,699721695886,9,6.0,20.8746,drop_decision_no_action,-1,-1,-1,veh6,0.0,False
4248,20.8746,CPM_DROP_PHY,699721695886,9,7.0,20.8746,drop_decision_no_action,-1,-1,-1,veh7,0.0,False
4248,20.8746,CPM_DROP_PHY,699721695886,9,8.0,20.8746,drop_decision_no_action,-1,-1,-1,veh8,0.0,False
4253,20.8763,CPM_DROP_PHY,699721695891,4,10.0,20.8763,drop_decision_no_action,-1,-1,-1,veh10,0.0,False
4253,20.8763,CPM_DROP_PHY,699721695891,4,11.0,20.8763,drop_decision_no_action,-1,-1,-1,veh11,0.0,False
4253,20.8763,CPM_DROP_PHY,699721695891,4,12.0,20.8763,drop_decision_no_action,-1,-1,-1,veh12,0.0,False
4253,20.8763,CPM_DROP_PHY,699721695891,4,2.0,20.8763,drop_decision_no_action,-1,-1,-1,veh2,0.0,False
4253,20.8763,CPM_DROP_PHY,699721695891,4,3.0,20.8763,drop_decision_no_action,-1,-1,-1,veh3,0.0,False
4253,20.8763,CPM_DROP_PHY,699721695891,4,5.0,20.8763,drop_decision_no_action,-1,-1,-1,veh5,0.0,False
4253,20.8763,CPM_DROP_PHY,699721695891,4,6.0,20.8763,drop_decision_no_action,-1,-1,-1,veh6,0.0,False
4253,20.8763,CPM_DROP_PHY,699721695891,4,7.0,20.8763,drop_decision_no_action,-1,-1,-1,veh7,0.0,False
4253,20.8763,CPM_DROP_PHY,699721695891,4,8.0,20.8763,drop_decision_no_action,-1,-1,-1,veh8,0.0,False
4253,20.8763,CPM_DROP_PHY,699721695891,4,9.0,20.8763,drop_decision_no_action,-1,-1,-1,veh9,0.0,False
4226,20.8873,CPM_DROP_PHY,699721695883,6,10.0,20.8673,drop_decision_no_action,-1,-1,-1,veh10,-0.019999999999999574,False
4226,20.8873,CPM_DROP_PHY,699721695883,6,11.0,20.8673,drop_decision_no_action,-1,-1,-1,veh11,-0.019999999999999574,False
4226,20.8873,CPM_DROP_PHY,699721695883,6,12.0,20.8673,drop_decision_no_action,-1,-1,-1,veh12,-0.019999999999999574,False
4226,20.8873,CPM_DROP_PHY,699721695883,6,2.0,20.8673,drop_decision_no_action,-1,-1,-1,veh2,-0.019999999999999574,False
4226,20.8873,CPM_DROP_PHY,699721695883,6,4.0,20.8673,drop_decision_no_action,-1,-1,-1,veh4,-0.019999999999999574,False
4226,20.8873,CPM_DROP_PHY,699721695883,6,5.0,20.8673,drop_decision_no_action,-1,-1,-1,veh5,-0.019999999999999574,False
4226,20.8873,CPM_DROP_PHY,699721695883,6,7.0,20.8673,drop_decision_no_action,-1,-1,-1,veh7,-0.019999999999999574,False
4226,20.8873,CPM_DROP_PHY,699721695883,6,8.0,20.8673,drop_decision_no_action,-1,-1,-1,veh8,-0.019999999999999574,False
4226,20.8873,CPM_DROP_PHY,699721695883,6,9.0,20.8673,drop_decision_no_action,-1,-1,-1,veh9,-0.019999999999999574,False
4281,20.8901,CAM_DROP_PHY,12827,10,11.0,20.8901,drop_decision_no_action,-1,-1,-1,veh11,0.0,False
4281,20.8901,CAM_DROP_PHY,12827,10,12.0,20.8901,drop_decision_no_action,-1,-1,-1,veh12,0.0,False
4281,20.8901,CAM_DROP_PHY,12827,10,2.0,20.8901,drop_decision_no_action,-1,-1,-1,veh2,0.0,False
4281,20.8901,CAM_DROP_PHY,12827,10,3.0,20.8901,drop_decision_no_action,-1,-1,-1,veh3,0.0,False
4281,20.8901,CAM_DROP_PHY,12827,10,4.0,20.8901,drop_decision_no_action,-1,-1,-1,veh4,0.0,False
4281,20.8901,CAM_DROP_PHY,12827,10,5.0,20.8901,drop_decision_no_action,-1,-1,-1,veh5,0.0,False
4281,20.8901,CAM_DROP_PHY,12827,10,6.0,20.8901,drop_decision_no_action,-1,-1,-1,veh6,0.0,False
4281,20.8901,CAM_DROP_PHY,12827,10,7.0,20.8901,drop_decision_no_action,-1,-1,-1,veh7,0.0,False
4281,20.8901,CAM_DROP_PHY,12827,10,8.0,20.8901,drop_decision_no_action,-1,-1,-1,veh8,0.0,False
4281,20.8901,CAM_DROP_PHY,12827,10,9.0,20.8901,drop_decision_no_action,-1,-1,-1,veh9,0.0,False
4304,20.8973,CPM_DROP_PHY,699721695921,11,10.0,20.8973,drop_decision_no_action,-1,-1,-1,veh10,0.0,False
4304,20.8973,CPM_DROP_PHY,699721695921,11,12.0,20.8973,drop_decision_no_action,-1,-1,-1,veh12,0.0,False
4304,20.8973,CPM_DROP_PHY,699721695921,11,2.0,20.8973,drop_decision_no_action,-1,-1,-1,veh2,0.0,False
4304,20.8973,CPM_DROP_PHY,699721695921,11,3.0,20.8973,drop_decision_no_action,-1,-1,-1,veh3,0.0,False
4304,20.8973,CPM_DROP_PHY,699721695921,11,4.0,20.8973,drop_decision_no_action,-1,-1,-1,veh4,0.0,False
4304,20.8973,CPM_DROP_PHY,699721695921,11,5.0,20.8973,drop_decision_no_action,-1,-1,-1,veh5,0.0,False
4304,20.8973,CPM_DROP_PHY,699721695921,11,6.0,20.8973,drop_decision_no_action,-1,-1,-1,veh6,0.0,False
4304,20.8973,CPM_DROP_PHY,699721695921,11,7.0,20.8973,drop_decision_no_action,-1,-1,-1,veh7,0.0,False
4304,20.8973,CPM_DROP_PHY,699721695921,11,8.0,20.8973,drop_decision_no_action,-1,-1,-1,veh8,0.0,False
4304,20.8973,CPM_DROP_PHY,699721695921,11,9.0,20.8973,drop_decision_no_action,-1,-1,-1,veh9,0.0,False
4327,20.9101,CPM_DROP_PHY,699721695997,10,11.0,20.9101,drop_decision_no_action,-1,-1,-1,veh11,0.0,False
4327,20.9101,CPM_DROP_PHY,699721695997,10,12.0,20.9101,drop_decision_no_action,-1,-1,-1,veh12,0.0,False
4327,20.9101,CPM_DROP_PHY,699721695997,10,2.0,20.9101,drop_decision_no_action,-1,-1,-1,veh2,0.0,False
4327,20.9101,CPM_DROP_PHY,699721695997,10,3.0,20.9101,drop_decision_no_action,-1,-1,-1,veh3,0.0,False
4327,20.9101,CPM_DROP_PHY,699721695997,10,4.0,20.9101,drop_decision_no_action,-1,-1,-1,veh4,0.0,False
4327,20.9101,CPM_DROP_PHY,699721695997,10,5.0,20.9101,drop_decision_no_action,-1,-1,-1,veh5,0.0,False
4327,20.9101,CPM_DROP_PHY,699721695997,10,6.0,20.9101,drop_decision_no_action,-1,-1,-1,veh6,0.0,False
4327,20.9101,CPM_DROP_PHY,699721695997,10,7.0,20.9101,drop_decision_no_action,-1,-1,-1,veh7,0.0,False
4327,20.9101,CPM_DROP_PHY,699721695997,10,8.0,20.9101,drop_decision_no_action,-1,-1,-1,veh8,0.0,False
4327,20.9101,CPM_DROP_PHY,699721695997,10,9.0,20.9101,drop_decision_no_action,-1,-1,-1,veh9,0.0,False
4315,20.9136,CAM_DROP_PHY,12910,12,10.0,20.9136,drop_decision_no_action,-1,-1,-1,veh10,0.0,False
4315,20.9136,CAM_DROP_PHY,12910,12,11.0,20.9136,drop_decision_no_action,-1,-1,-1,veh11,0.0,False
4315,20.9136,CAM_DROP_PHY,12910,12,2.0,20.9136,drop_decision_no_action,-1,-1,-1,veh2,0.0,False
4315,20.9136,CAM_DROP_PHY,12910,12,3.0,20.9136,drop_decision_no_action,-1,-1,-1,veh3,0.0,False
4315,20.9136,CAM_DROP_PHY,12910,12,4.0,20.9136,drop_decision_no_action,-1,-1,-1,veh4,0.0,False
4315,20.9136,CAM_DROP_PHY,12910,12,5.0,20.9136,drop_decision_no_action,-1,-1,-1,veh5,0.0,False
4315,20.9136,CAM_DROP_PHY,12910,12,6.0,20.9136,drop_decision_no_action,-1,-1,-1,veh6,0.0,False
4315,20.9136,CAM_DROP_PHY,12910,12,7.0,20.9136,drop_decision_no_action,-1,-1,-1,veh7,0.0,False
4315,20.9136,CAM_DROP_PHY,12910,12,8.0,20.9136,drop_decision_no_action,-1,-1,-1,veh8,0.0,False
4315,20.9136,CAM_DROP_PHY,12910,12,9.0,20.9136,drop_decision_no_action,-1,-1,-1,veh9,0.0,False
4348,20.9238,CPM_DROP_PHY,699721696014,5,10.0,20.9238,drop_decision_no_action,-1,-1,-1,veh10,0.0,False
4348,20.9238,CPM_DROP_PHY,699721696014,5,11.0,20.9238,drop_decision_no_action,-1,-1,-1,veh11,0.0,False
4348,20.9238,CPM_DROP_PHY,699721696014,5,12.0,20.9238,drop_decision_no_action,-1,-1,-1,veh12,0.0,False
4348,20.9238,CPM_DROP_PHY,699721696014,5,2.0,20.9238,drop_decision_no_action,-1,-1,-1,veh2,0.0,False
4348,20.9238,CPM_DROP_PHY,699721696014,5,3.0,20.9238,drop_decision_no_action,-1,-1,-1,veh3,0.0,False
4348,20.9238,CPM_DROP_PHY,699721696014,5,4.0,20.9238,drop_decision_no_action,-1,-1,-1,veh4,0.0,False
4348,20.9238,CPM_DROP_PHY,699721696014,5,6.0,20.9238,drop_decision_no_action,-1,-1,-1,veh6,0.0,False
4348,20.9238,CPM_DROP_PHY,699721696014,5,7.0,20.9238,drop_decision_no_action,-1,-1,-1,veh7,0.0,False
4348,20.9238,CPM_DROP_PHY,699721696014,5,8.0,20.9238,drop_decision_no_action,-1,-1,-1,veh8,0.0,False
4348,20.9238,CPM_DROP_PHY,699721696014,5,9.0,20.9238,drop_decision_no_action,-1,-1,-1,veh9,0.0,False
4345,20.9363,CAM_DROP_PHY,12928,4,10.0,20.9363,drop_decision_no_action,-1,-1,-1,veh10,0.0,False
4345,20.9363,CAM_DROP_PHY,12928,4,11.0,20.9363,drop_decision_no_action,-1,-1,-1,veh11,0.0,False
4345,20.9363,CAM_DROP_PHY,12928,4,12.0,20.9363,drop_decision_no_action,-1,-1,-1,veh12,0.0,False
4345,20.9363,CAM_DROP_PHY,12928,4,2.0,20.9363,drop_decision_no_action,-1,-1,-1,veh2,0.0,False
4345,20.9363,CAM_DROP_PHY,12928,4,3.0,20.9363,drop_decision_no_action,-1,-1,-1,veh3,0.0,False
4345,20.9363,CAM_DROP_PHY,12928,4,5.0,20.9363,drop_decision_no_action,-1,-1,-1,veh5,0.0,False
4345,20.9363,CAM_DROP_PHY,12928,4,6.0,20.9363,drop_decision_no_action,-1,-1,-1,veh6,0.0,False
4345,20.9363,CAM_DROP_PHY,12928,4,7.0,20.9363,drop_decision_no_action,-1,-1,-1,veh7,0.0,False
4345,20.9363,CAM_DROP_PHY,12928,4,8.0,20.9363,drop_decision_no_action,-1,-1,-1,veh8,0.0,False
4345,20.9363,CAM_DROP_PHY,12928,4,9.0,20.9363,drop_decision_no_action,-1,-1,-1,veh9,0.0,False
4367,20.9473,CAM_DROP_PHY,12945,3,10.0,20.9473,drop_decision_no_action,-1,-1,-1,veh10,0.0,False
4367,20.9473,CAM_DROP_PHY,12945,3,11.0,20.9473,drop_decision_no_action,-1,-1,-1,veh11,0.0,False
4367,20.9473,CAM_DROP_PHY,12945,3,12.0,20.9473,drop_decision_no_action,-1,-1,-1,veh12,0.0,False
4367,20.9473,CAM_DROP_PHY,12945,3,2.0,20.9473,drop_decision_no_action,-1,-1,-1,veh2,0.0,False
4367,20.9473,CAM_DROP_PHY,12945,3,4.0,20.9473,drop_decision_no_action,-1,-1,-1,veh4,0.0,False
4367,20.9473,CAM_DROP_PHY,12945,3,5.0,20.9473,drop_decision_no_action,-1,-1,-1,veh5,0.0,False
4206,20.9473,CPM_DROP_PHY,699721695849,3,6.0,20.9473,drop_decision_no_action,-1,-1,-1,veh6,0.0,False
4367,20.9473,CAM_DROP_PHY,12945,3,6.0,20.9473,drop_decision_no_action,-1,-1,-1,veh6,0.0,False
4367,20.9473,CAM_DROP_PHY,12945,3,7.0,20.9473,drop_decision_no_action,-1,-1,-1,veh7,0.0,False
4367,20.9473,CAM_DROP_PHY,12945,3,8.0,20.9473,drop_decision_no_action,-1,-1,-1,veh8,0.0,False
4367,20.9473,CAM_DROP_PHY,12945,3,9.0,20.9473,drop_decision_no_action,-1,-1,-1,veh9,0.0,False
4393,20.9536,CPM_DROP_PHY,699721696048,12,10.0,20.9536,drop_decision_no_action,-1,-1,-1,veh10,0.0,False
4393,20.9536,CPM_DROP_PHY,699721696048,12,11.0,20.9536,drop_decision_no_action,-1,-1,-1,veh11,0.0,False
4393,20.9536,CPM_DROP_PHY,699721696048,12,2.0,20.9536,drop_decision_no_action,-1,-1,-1,veh2,0.0,False
4393,20.9536,CPM_DROP_PHY,699721696048,12,3.0,20.9536,drop_decision_no_action,-1,-1,-1,veh3,0.0,False
4393,20.9536,CPM_DROP_PHY,699721696048,12,4.0,20.9536,drop_decision_no_action,-1,-1,-1,veh4,0.0,False
4393,20.9536,CPM_DROP_PHY,699721696048,12,5.0,20.9536,drop_decision_no_action,-1,-1,-1,veh5,0.0,False
4393,20.9536,CPM_DROP_PHY,699721696048,12,6.0,20.9536,drop_decision_no_action,-1,-1,-1,veh6,0.0,False
4393,20.9536,CPM_DROP_PHY,699721696048,12,7.0,20.9536,drop_decision_no_action,-1,-1,-1,veh7,0.0,False
4393,20.9536,CPM_DROP_PHY,699721696048,12,8.0,20.9536,drop_decision_no_action,-1,-1,-1,veh8,0.0,False
4393,20.9536,CPM_DROP_PHY,699721696048,12,9.0,20.9536,drop_decision_no_action,-1,-1,-1,veh9,0.0,False
4371,20.9548,CPM_DROP_PHY,699721696032,7,10.0,20.9548,drop_decision_no_action,-1,-1,-1,veh10,0.0,False
4371,20.9548,CPM_DROP_PHY,699721696032,7,11.0,20.9548,drop_decision_no_action,-1,-1,-1,veh11,0.0,False
4371,20.9548,CPM_DROP_PHY,699721696032,7,12.0,20.9548,drop_decision_no_action,-1,-1,-1,veh12,0.0,False
4371,20.9548,CPM_DROP_PHY,699721696032,7,2.0,20.9548,drop_decision_no_action,-1,-1,-1,veh2,0.0,False
4371,20.9548,CPM_DROP_PHY,699721696032,7,3.0,20.9548,drop_decision_no_action,-1,-1,-1,veh3,0.0,False
4371,20.9548,CPM_DROP_PHY,699721696032,7,4.0,20.9548,drop_decision_no_action,-1,-1,-1,veh4,0.0,False
4371,20.9548,CPM_DROP_PHY,699721696032,7,5.0,20.9548,drop_decision_no_action,-1,-1,-1,veh5,0.0,False
4371,20.9548,CPM_DROP_PHY,699721696032,7,6.0,20.9548,drop_decision_no_action,-1,-1,-1,veh6,0.0,False
4371,20.9548,CPM_DROP_PHY,699721696032,7,8.0,20.9548,drop_decision_no_action,-1,-1,-1,veh8,0.0,False
4371,20.9548,CPM_DROP_PHY,699721696032,7,9.0,20.9548,drop_decision_no_action,-1,-1,-1,veh9,0.0,False
4367,20.9673,CPM_DROP_PHY,699721696029,3,10.0,20.9473,drop_decision_no_action,-1,-1,-1,veh10,-0.020000000000003126,False
4394,20.9673,CAM_DROP_PHY,12971,6,10.0,20.9673,drop_decision_no_action,-1,-1,-1,veh10,0.0,False
4367,20.9673,CPM_DROP_PHY,699721696029,3,11.0,20.9473,drop_decision_no_action,-1,-1,-1,veh11,-0.020000000000003126,False
4394,20.9673,CAM_DROP_PHY,12971,6,11.0,20.9673,drop_decision_no_action,-1,-1,-1,veh11,0.0,False
4367,20.9673,CPM_DROP_PHY,699721696029,3,12.0,20.9473,drop_decision_no_action,-1,-1,-1,veh12,-0.020000000000003126,False
4394,20.9673,CAM_DROP_PHY,12971,6,12.0,20.9673,drop_decision_no_action,-1,-1,-1,veh12,0.0,False
4367,20.9673,CPM_DROP_PHY,699721696029,3,2.0,20.9473,drop_decision_no_action,-1,-1,-1,veh2,-0.020000000000003126,False
4394,20.9673,CAM_DROP_PHY,12971,6,2.0,20.9673,drop_decision_no_action,-1,-1,-1,veh2,0.0,False
4226,20.9673,CAM_DROP_PHY,12791,6,3.0,20.9673,drop_decision_no_action,-1,-1,-1,veh3,0.0,False
4226,20.9673,CPM_DROP_PHY,699721695883,6,3.0,20.9673,drop_decision_no_action,-1,-1,-1,veh3,0.0,False
4367,20.9673,CPM_DROP_PHY,699721696029,3,4.0,20.9473,drop_decision_no_action,-1,-1,-1,veh4,-0.020000000000003126,False
4394,20.9673,CAM_DROP_PHY,12971,6,4.0,20.9673,drop_decision_no_action,-1,-1,-1,veh4,0.0,False
4367,20.9673,CPM_DROP_PHY,699721696029,3,5.0,20.9473,drop_decision_no_action,-1,-1,-1,veh5,-0.020000000000003126,False
4394,20.9673,CAM_DROP_PHY,12971,6,5.0,20.9673,drop_decision_no_action,-1,-1,-1,veh5,0.0,False
4367,20.9673,CPM_DROP_PHY,699721696029,3,7.0,20.9473,drop_decision_no_action,-1,-1,-1,veh7,-0.020000000000003126,False
4394,20.9673,CAM_DROP_PHY,12971,6,7.0,20.9673,drop_decision_no_action,-1,-1,-1,veh7,0.0,False
4367,20.9673,CPM_DROP_PHY,699721696029,3,8.0,20.9473,drop_decision_no_action,-1,-1,-1,veh8,-0.020000000000003126,False
4394,20.9673,CAM_DROP_PHY,12971,6,8.0,20.9673,drop_decision_no_action,-1,-1,-1,veh8,0.0,False
4367,20.9673,CPM_DROP_PHY,699721696029,3,9.0,20.9473,drop_decision_no_action,-1,-1,-1,veh9,-0.020000000000003126,False
4394,20.9673,CAM_DROP_PHY,12971,6,9.0,20.9673,drop_decision_no_action,-1,-1,-1,veh9,0.0,False
4412,20.9746,CPM_DROP_PHY,699721696064,9,10.0,20.9746,drop_decision_no_action,-1,-1,-1,veh10,0.0,False
4412,20.9746,CPM_DROP_PHY,699721696064,9,11.0,20.9746,drop_decision_no_action,-1,-1,-1,veh11,0.0,False
4412,20.9746,CPM_DROP_PHY,699721696064,9,12.0,20.9746,drop_decision_no_action,-1,-1,-1,veh12,0.0,False
4412,20.9746,CPM_DROP_PHY,699721696064,9,2.0,20.9746,drop_decision_no_action,-1,-1,-1,veh2,0.0,False
4412,20.9746,CPM_DROP_PHY,699721696064,9,3.0,20.9746,drop_decision_no_action,-1,-1,-1,veh3,0.0,False
4412,20.9746,CPM_DROP_PHY,699721696064,9,4.0,20.9746,drop_decision_no_action,-1,-1,-1,veh4,0.0,False
4412,20.9746,CPM_DROP_PHY,699721696064,9,5.0,20.9746,drop_decision_no_action,-1,-1,-1,veh5,0.0,False
4412,20.9746,CPM_DROP_PHY,699721696064,9,6.0,20.9746,drop_decision_no_action,-1,-1,-1,veh6,0.0,False
4412,20.9746,CPM_DROP_PHY,699721696064,9,7.0,20.9746,drop_decision_no_action,-1,-1,-1,veh7,0.0,False
4412,20.9746,CPM_DROP_PHY,699721696064,9,8.0,20.9746,drop_decision_no_action,-1,-1,-1,veh8,0.0,False
4371,20.9748,CAM_DROP_PHY,12959,7,10.0,20.9548,drop_decision_no_action,-1,-1,-1,veh10,-0.019999999999999574,False
4371,20.9748,CAM_DROP_PHY,12959,7,11.0,20.9548,drop_decision_no_action,-1,-1,-1,veh11,-0.019999999999999574,False
4371,20.9748,CAM_DROP_PHY,12959,7,12.0,20.9548,drop_decision_no_action,-1,-1,-1,veh12,-0.019999999999999574,False
4371,20.9748,CAM_DROP_PHY,12959,7,2.0,20.9548,drop_decision_no_action,-1,-1,-1,veh2,-0.019999999999999574,False
4371,20.9748,CAM_DROP_PHY,12959,7,3.0,20.9548,drop_decision_no_action,-1,-1,-1,veh3,-0.019999999999999574,False
4371,20.9748,CAM_DROP_PHY,12959,7,4.0,20.9548,drop_decision_no_action,-1,-1,-1,veh4,-0.019999999999999574,False
4371,20.9748,CAM_DROP_PHY,12959,7,5.0,20.9548,drop_decision_no_action,-1,-1,-1,veh5,-0.019999999999999574,False
4371,20.9748,CAM_DROP_PHY,12959,7,6.0,20.9548,drop_decision_no_action,-1,-1,-1,veh6,-0.019999999999999574,False
4371,20.9748,CAM_DROP_PHY,12959,7,8.0,20.9548,drop_decision_no_action,-1,-1,-1,veh8,-0.019999999999999574,False
4371,20.9748,CAM_DROP_PHY,12959,7,9.0,20.9548,drop_decision_no_action,-1,-1,-1,veh9,-0.019999999999999574,False
4415,20.9763,CPM_DROP_PHY,699721696069,4,10.0,20.9763,drop_decision_no_action,-1,-1,-1,veh10,0.0,False
4415,20.9763,CPM_DROP_PHY,699721696069,4,11.0,20.9763,drop_decision_no_action,-1,-1,-1,veh11,0.0,False
4415,20.9763,CPM_DROP_PHY,699721696069,4,12.0,20.9763,drop_decision_no_action,-1,-1,-1,veh12,0.0,False
4415,20.9763,CPM_DROP_PHY,699721696069,4,2.0,20.9763,drop_decision_no_action,-1,-1,-1,veh2,0.0,False
4415,20.9763,CPM_DROP_PHY,699721696069,4,3.0,20.9763,drop_decision_no_action,-1,-1,-1,veh3,0.0,False
4415,20.9763,CPM_DROP_PHY,699721696069,4,5.0,20.9763,drop_decision_no_action,-1,-1,-1,veh5,0.0,False
4415,20.9763,CPM_DROP_PHY,699721696069,4,6.0,20.9763,drop_decision_no_action,-1,-1,-1,veh6,0.0,False
4415,20.9763,CPM_DROP_PHY,699721696069,4,7.0,20.9763,drop_decision_no_action,-1,-1,-1,veh7,0.0,False
4415,20.9763,CPM_DROP_PHY,699721696069,4,8.0,20.9763,drop_decision_no_action,-1,-1,-1,veh8,0.0,False
4415,20.9763,CPM_DROP_PHY,699721696069,4,9.0,20.9763,drop_decision_no_action,-1,-1,-1,veh9,0.0,False
4394,20.9873,CPM_DROP_PHY,699721696061,6,10.0,20.9673,drop_decision_no_action,-1,-1,-1,veh10,-0.019999999999999574,False
4394,20.9873,CPM_DROP_PHY,699721696061,6,12.0,20.9673,drop_decision_no_action,-1,-1,-1,veh12,-0.019999999999999574,False
4394,20.9873,CPM_DROP_PHY,699721696061,6,2.0,20.9673,drop_decision_no_action,-1,-1,-1,veh2,-0.019999999999999574,False
4394,20.9873,CPM_DROP_PHY,699721696061,6,4.0,20.9673,drop_decision_no_action,-1,-1,-1,veh4,-0.019999999999999574,False
4394,20.9873,CPM_DROP_PHY,699721696061,6,5.0,20.9673,drop_decision_no_action,-1,-1,-1,veh5,-0.019999999999999574,False
4394,20.9873,CPM_DROP_PHY,699721696061,6,7.0,20.9673,drop_decision_no_action,-1,-1,-1,veh7,-0.019999999999999574,False
4394,20.9873,CPM_DROP_PHY,699721696061,6,8.0,20.9673,drop_decision_no_action,-1,-1,-1,veh8,-0.019999999999999574,False
4394,20.9873,CPM_DROP_PHY,699721696061,6,9.0,20.9673,drop_decision_no_action,-1,-1,-1,veh9,-0.019999999999999574,False
4451,20.9901,CAM_DROP_PHY,13006,10,11.0,20.9901,drop_decision_no_action,-1,-1,-1,veh11,0.0,False
4451,20.9901,CAM_DROP_PHY,13006,10,12.0,20.9901,drop_decision_no_action,-1,-1,-1,veh12,0.0,False
4451,20.9901,CAM_DROP_PHY,13006,10,2.0,20.9901,drop_decision_no_action,-1,-1,-1,veh2,0.0,False
4451,20.9901,CAM_DROP_PHY,13006,10,3.0,20.9901,drop_decision_no_action,-1,-1,-1,veh3,0.0,False
4451,20.9901,CAM_DROP_PHY,13006,10,4.0,20.9901,drop_decision_no_action,-1,-1,-1,veh4,0.0,False
4451,20.9901,CAM_DROP_PHY,13006,10,5.0,20.9901,drop_decision_no_action,-1,-1,-1,veh5,0.0,False
4451,20.9901,CAM_DROP_PHY,13006,10,6.0,20.9901,drop_decision_no_action,-1,-1,-1,veh6,0.0,False
4451,20.9901,CAM_DROP_PHY,13006,10,7.0,20.9901,drop_decision_no_action,-1,-1,-1,veh7,0.0,False
4451,20.9901,CAM_DROP_PHY,13006,10,8.0,20.9901,drop_decision_no_action,-1,-1,-1,veh8,0.0,False
4451,20.9901,CAM_DROP_PHY,13006,10,9.0,20.9901,drop_decision_no_action,-1,-1,-1,veh9,0.0,False
4479,20.9973,CPM_DROP_PHY,699721696102,11,10.0,20.9973,drop_decision_no_action,-1,-1,-1,veh10,0.0,False
4479,20.9973,CPM_DROP_PHY,699721696102,11,12.0,20.9973,drop_decision_no_action,-1,-1,-1,veh12,0.0,False
4479,20.9973,CPM_DROP_PHY,699721696102,11,2.0,20.9973,drop_decision_no_action,-1,-1,-1,veh2,0.0,False
4479,20.9973,CPM_DROP_PHY,699721696102,11,3.0,20.9973,drop_decision_no_action,-1,-1,-1,veh3,0.0,False
4479,20.9973,CPM_DROP_PHY,699721696102,11,4.0,20.9973,drop_decision_no_action,-1,-1,-1,veh4,0.0,False
4479,20.9973,CPM_DROP_PHY,699721696102,11,5.0,20.9973,drop_decision_no_action,-1,-1,-1,veh5,0.0,False
4479,20.9973,CPM_DROP_PHY,699721696102,11,6.0,20.9973,drop_decision_no_action,-1,-1,-1,veh6,0.0,False
4479,20.9973,CPM_DROP_PHY,699721696102,11,7.0,20.9973,drop_decision_no_action,-1,-1,-1,veh7,0.0,False
4479,20.9973,CPM_DROP_PHY,699721696102,11,8.0,20.9973,drop_decision_no_action,-1,-1,-1,veh8,0.0,False
4479,20.9973,CPM_DROP_PHY,699721696102,11,9.0,20.9973,drop_decision_no_action,-1,-1,-1,veh9,0.0,False
4485,20.9986,CAM_DROP_PHY,13026,2,10.0,20.9986,drop_decision_no_action,-1,-1,-1,veh10,0.0,False
4485,20.9986,CAM_DROP_PHY,13026,2,11.0,20.9986,drop_decision_no_action,-1,-1,-1,veh11,0.0,False
4485,20.9986,CAM_DROP_PHY,13026,2,12.0,20.9986,drop_decision_no_action,-1,-1,-1,veh12,0.0,False
4485,20.9986,CAM_DROP_PHY,13026,2,3.0,20.9986,drop_decision_no_action,-1,-1,-1,veh3,0.0,False
4485,20.9986,CAM_DROP_PHY,13026,2,4.0,20.9986,drop_decision_no_action,-1,-1,-1,veh4,0.0,False
4485,20.9986,CAM_DROP_PHY,13026,2,5.0,20.9986,drop_decision_no_action,-1,-1,-1,veh5,0.0,False
4485,20.9986,CAM_DROP_PHY,13026,2,6.0,20.9986,drop_decision_no_action,-1,-1,-1,veh6,0.0,False
4485,20.9986,CAM_DROP_PHY,13026,2,7.0,20.9986,drop_decision_no_action,-1,-1,-1,veh7,0.0,False
4485,20.9986,CAM_DROP_PHY,13026,2,8.0,20.9986,drop_decision_no_action,-1,-1,-1,veh8,0.0,False
4485,20.9986,CAM_DROP_PHY,13026,2,9.0,20.9986,drop_decision_no_action,-1,-1,-1,veh9,0.0,False
4512,21.0101,CPM_DROP_PHY,699721696187,10,11.0,21.0101,cpm_drop_reaction,1,0,24,veh11,0.0,True
4512,21.0101,CPM_DROP_PHY,699721696187,10,12.0,21.0101,cpm_drop_reaction,0,0,8,veh12,0.0,False
4512,21.0101,CPM_DROP_PHY,699721696187,10,2.0,21.0101,drop_decision_no_action,-1,-1,-1,veh2,0.0,False
4512,21.0101,CPM_DROP_PHY,699721696187,10,3.0,21.0101,cpm_drop_reaction,0,0,15,veh3,0.0,False
4512,21.0101,CPM_DROP_PHY,699721696187,10,4.0,21.0101,cpm_drop_reaction,0,0,15,veh4,0.0,False
4512,21.0101,CPM_DROP_PHY,699721696187,10,5.0,21.0101,cpm_drop_reaction,0,0,15,veh5,0.0,False
4512,21.0101,CPM_DROP_PHY,699721696187,10,6.0,21.0101,cpm_drop_reaction,0,0,15,veh6,0.0,False
4512,21.0101,CPM_DROP_PHY,699721696187,10,7.0,21.0101,cpm_drop_reaction,0,0,15,veh7,0.0,False
4512,21.0101,CPM_DROP_PHY,699721696187,10,8.0,21.0101,cpm_drop_reaction,0,0,15,veh8,0.0,False
4512,21.0101,CPM_DROP_PHY,699721696187,10,9.0,21.0101,cpm_drop_reaction,1,0,45,veh9,0.0,True
4494,21.0128,CAM_DROP_PHY,13096,12,10.0,21.0128,drop_decision_no_action,-1,-1,-1,veh10,0.0,False
4494,21.0128,CAM_DROP_PHY,13096,12,11.0,21.0128,drop_decision_no_action,-1,-1,-1,veh11,0.0,False
4494,21.0128,CAM_DROP_PHY,13096,12,2.0,21.0128,drop_decision_no_action,-1,-1,-1,veh2,0.0,False
4494,21.0128,CAM_DROP_PHY,13096,12,3.0,21.0128,drop_decision_no_action,-1,-1,-1,veh3,0.0,False
4494,21.0128,CAM_DROP_PHY,13096,12,4.0,21.0128,drop_decision_no_action,-1,-1,-1,veh4,0.0,False
4494,21.0128,CAM_DROP_PHY,13096,12,5.0,21.0128,drop_decision_no_action,-1,-1,-1,veh5,0.0,False
4494,21.0128,CAM_DROP_PHY,13096,12,6.0,21.0128,drop_decision_no_action,-1,-1,-1,veh6,0.0,False
4494,21.0128,CAM_DROP_PHY,13096,12,7.0,21.0128,drop_decision_no_action,-1,-1,-1,veh7,0.0,False
4494,21.0128,CAM_DROP_PHY,13096,12,8.0,21.0128,drop_decision_no_action,-1,-1,-1,veh8,0.0,False
4494,21.0128,CAM_DROP_PHY,13096,12,9.0,21.0128,drop_decision_no_action,-1,-1,-1,veh9,0.0,False
4492,21.0173,CAM_DROP_PHY,13031,11,10.0,21.0173,drop_decision_no_action,-1,-1,-1,veh10,0.0,False
4492,21.0173,CAM_DROP_PHY,13031,11,12.0,21.0173,drop_decision_no_action,-1,-1,-1,veh12,0.0,False
4492,21.0173,CAM_DROP_PHY,13031,11,2.0,21.0173,drop_decision_no_action,-1,-1,-1,veh2,0.0,False
4492,21.0173,CAM_DROP_PHY,13031,11,3.0,21.0173,drop_decision_no_action,-1,-1,-1,veh3,0.0,False
4492,21.0173,CAM_DROP_PHY,13031,11,4.0,21.0173,drop_decision_no_action,-1,-1,-1,veh4,0.0,False
4492,21.0173,CAM_DROP_PHY,13031,11,5.0,21.0173,drop_decision_no_action,-1,-1,-1,veh5,0.0,False
4492,21.0173,CAM_DROP_PHY,13031,11,6.0,21.0173,drop_decision_no_action,-1,-1,-1,veh6,0.0,False
4492,21.0173,CAM_DROP_PHY,13031,11,7.0,21.0173,drop_decision_no_action,-1,-1,-1,veh7,0.0,False
4492,21.0173,CAM_DROP_PHY,13031,11,8.0,21.0173,drop_decision_no_action,-1,-1,-1,veh8,0.0,False
4492,21.0173,CAM_DROP_PHY,13031,11,9.0,21.0173,drop_decision_no_action,-1,-1,-1,veh9,0.0,False
4520,21.0186,CPM_DROP_PHY,699721696196,2,10.0,21.0186,drop_decision_no_action,-1,-1,-1,veh10,0.0,False
4520,21.0186,CPM_DROP_PHY,699721696196,2,11.0,21.0186,drop_decision_no_action,-1,-1,-1,veh11,0.0,False
4520,21.0186,CPM_DROP_PHY,699721696196,2,12.0,21.0186,drop_decision_no_action,-1,-1,-1,veh12,0.0,False
4520,21.0186,CPM_DROP_PHY,699721696196,2,3.0,21.0186,drop_decision_no_action,-1,-1,-1,veh3,0.0,False
4520,21.0186,CPM_DROP_PHY,699721696196,2,4.0,21.0186,drop_decision_no_action,-1,-1,-1,veh4,0.0,False
4520,21.0186,CPM_DROP_PHY,699721696196,2,5.0,21.0186,drop_decision_no_action,-1,-1,-1,veh5,0.0,False
4520,21.0186,CPM_DROP_PHY,699721696196,2,6.0,21.0186,drop_decision_no_action,-1,-1,-1,veh6,0.0,False
4520,21.0186,CPM_DROP_PHY,699721696196,2,7.0,21.0186,drop_decision_no_action,-1,-1,-1,veh7,0.0,False
4520,21.0186,CPM_DROP_PHY,699721696196,2,8.0,21.0186,drop_decision_no_action,-1,-1,-1,veh8,0.0,False
4520,21.0186,CPM_DROP_PHY,699721696196,2,9.0,21.0186,drop_decision_no_action,-1,-1,-1,veh9,0.0,False
4511,21.0238,CAM_DROP_PHY,13103,5,10.0,21.0238,drop_decision_no_action,-1,-1,-1,veh10,0.0,False
4511,21.0238,CAM_DROP_PHY,13103,5,11.0,21.0238,drop_decision_no_action,-1,-1,-1,veh11,0.0,False
4511,21.0238,CAM_DROP_PHY,13103,5,12.0,21.0238,drop_decision_no_action,-1,-1,-1,veh12,0.0,False
4511,21.0238,CAM_DROP_PHY,13103,5,2.0,21.0238,drop_decision_no_action,-1,-1,-1,veh2,0.0,False
4511,21.0238,CAM_DROP_PHY,13103,5,3.0,21.0238,drop_decision_no_action,-1,-1,-1,veh3,0.0,False
4511,21.0238,CAM_DROP_PHY,13103,5,4.0,21.0238,drop_decision_no_action,-1,-1,-1,veh4,0.0,False
4511,21.0238,CAM_DROP_PHY,13103,5,6.0,21.0238,drop_decision_no_action,-1,-1,-1,veh6,0.0,False
4511,21.0238,CAM_DROP_PHY,13103,5,7.0,21.0238,drop_decision_no_action,-1,-1,-1,veh7,0.0,False
4511,21.0238,CAM_DROP_PHY,13103,5,8.0,21.0238,drop_decision_no_action,-1,-1,-1,veh8,0.0,False
4511,21.0238,CAM_DROP_PHY,13103,5,9.0,21.0238,drop_decision_no_action,-1,-1,-1,veh9,0.0,False
4511,21.0438,CPM_DROP_PHY,699721696207,5,10.0,21.0238,drop_decision_no_action,-1,-1,-1,veh10,-0.019999999999999574,False
4511,21.0438,CPM_DROP_PHY,699721696207,5,11.0,21.0238,drop_decision_no_action,-1,-1,-1,veh11,-0.019999999999999574,False
4511,21.0438,CPM_DROP_PHY,699721696207,5,12.0,21.0238,drop_decision_no_action,-1,-1,-1,veh12,-0.019999999999999574,False
4511,21.0438,CPM_DROP_PHY,699721696207,5,2.0,21.0238,drop_decision_no_action,-1,-1,-1,veh2,-0.019999999999999574,False
4511,21.0438,CPM_DROP_PHY,699721696207,5,3.0,21.0238,drop_decision_no_action,-1,-1,-1,veh3,-0.019999999999999574,False
4511,21.0438,CPM_DROP_PHY,699721696207,5,4.0,21.0238,drop_decision_no_action,-1,-1,-1,veh4,-0.019999999999999574,False
4511,21.0438,CPM_DROP_PHY,699721696207,5,6.0,21.0238,drop_decision_no_action,-1,-1,-1,veh6,-0.019999999999999574,False
4511,21.0438,CPM_DROP_PHY,699721696207,5,7.0,21.0238,drop_decision_no_action,-1,-1,-1,veh7,-0.019999999999999574,False
4511,21.0438,CPM_DROP_PHY,699721696207,5,8.0,21.0238,drop_decision_no_action,-1,-1,-1,veh8,-0.019999999999999574,False
4511,21.0438,CPM_DROP_PHY,699721696207,5,9.0,21.0238,drop_decision_no_action,-1,-1,-1,veh9,-0.019999999999999574,False
4568,21.0473,CPM_DROP_PHY,699721696220,3,10.0,21.0473,drop_decision_no_action,-1,-1,-1,veh10,0.0,False
4568,21.0473,CPM_DROP_PHY,699721696220,3,11.0,21.0473,drop_decision_no_action,-1,-1,-1,veh11,0.0,False
4568,21.0473,CPM_DROP_PHY,699721696220,3,12.0,21.0473,drop_decision_no_action,-1,-1,-1,veh12,0.0,False
4568,21.0473,CPM_DROP_PHY,699721696220,3,2.0,21.0473,drop_decision_no_action,-1,-1,-1,veh2,0.0,False
4568,21.0473,CPM_DROP_PHY,699721696220,3,4.0,21.0473,drop_decision_no_action,-1,-1,-1,veh4,0.0,False
4568,21.0473,CPM_DROP_PHY,699721696220,3,5.0,21.0473,drop_decision_no_action,-1,-1,-1,veh5,0.0,False
4568,21.0473,CPM_DROP_PHY,699721696220,3,7.0,21.0473,drop_decision_no_action,-1,-1,-1,veh7,0.0,False
4568,21.0473,CPM_DROP_PHY,699721696220,3,8.0,21.0473,drop_decision_no_action,-1,-1,-1,veh8,0.0,False
4568,21.0473,CPM_DROP_PHY,699721696220,3,9.0,21.0473,drop_decision_no_action,-1,-1,-1,veh9,0.0,False
4588,21.0528,CPM_DROP_PHY,699721696241,12,10.0,21.0528,drop_decision_no_action,-1,-1,-1,veh10,0.0,False
4588,21.0528,CPM_DROP_PHY,699721696241,12,11.0,21.0528,drop_decision_no_action,-1,-1,-1,veh11,0.0,False
4588,21.0528,CPM_DROP_PHY,699721696241,12,2.0,21.0528,drop_decision_no_action,-1,-1,-1,veh2,0.0,False
4588,21.0528,CPM_DROP_PHY,699721696241,12,3.0,21.0528,drop_decision_no_action,-1,-1,-1,veh3,0.0,False
4588,21.0528,CPM_DROP_PHY,699721696241,12,4.0,21.0528,drop_decision_no_action,-1,-1,-1,veh4,0.0,False
4588,21.0528,CPM_DROP_PHY,699721696241,12,5.0,21.0528,drop_decision_no_action,-1,-1,-1,veh5,0.0,False
4588,21.0528,CPM_DROP_PHY,699721696241,12,6.0,21.0528,drop_decision_no_action,-1,-1,-1,veh6,0.0,False
4588,21.0528,CPM_DROP_PHY,699721696241,12,7.0,21.0528,drop_decision_no_action,-1,-1,-1,veh7,0.0,False
4588,21.0528,CPM_DROP_PHY,699721696241,12,8.0,21.0528,drop_decision_no_action,-1,-1,-1,veh8,0.0,False
4588,21.0528,CPM_DROP_PHY,699721696241,12,9.0,21.0528,drop_decision_no_action,-1,-1,-1,veh9,0.0,False
4585,21.0546,CAM_DROP_PHY,13157,9,10.0,21.0546,drop_decision_no_action,-1,-1,-1,veh10,0.0,False
4585,21.0546,CAM_DROP_PHY,13157,9,11.0,21.0546,drop_decision_no_action,-1,-1,-1,veh11,0.0,False
4585,21.0546,CAM_DROP_PHY,13157,9,12.0,21.0546,drop_decision_no_action,-1,-1,-1,veh12,0.0,False
4585,21.0546,CAM_DROP_PHY,13157,9,2.0,21.0546,drop_decision_no_action,-1,-1,-1,veh2,0.0,False
4585,21.0546,CAM_DROP_PHY,13157,9,3.0,21.0546,drop_decision_no_action,-1,-1,-1,veh3,0.0,False
4585,21.0546,CAM_DROP_PHY,13157,9,4.0,21.0546,drop_decision_no_action,-1,-1,-1,veh4,0.0,False
4585,21.0546,CAM_DROP_PHY,13157,9,5.0,21.0546,drop_decision_no_action,-1,-1,-1,veh5,0.0,False
4585,21.0546,CAM_DROP_PHY,13157,9,6.0,21.0546,drop_decision_no_action,-1,-1,-1,veh6,0.0,False
4585,21.0546,CAM_DROP_PHY,13157,9,7.0,21.0546,drop_decision_no_action,-1,-1,-1,veh7,0.0,False
4585,21.0546,CAM_DROP_PHY,13157,9,8.0,21.0546,drop_decision_no_action,-1,-1,-1,veh8,0.0,False
4569,21.0548,CPM_DROP_PHY,699721696223,7,10.0,21.0548,drop_decision_no_action,-1,-1,-1,veh10,0.0,False
4569,21.0548,CPM_DROP_PHY,699721696223,7,11.0,21.0548,drop_decision_no_action,-1,-1,-1,veh11,0.0,False
4569,21.0548,CPM_DROP_PHY,699721696223,7,12.0,21.0548,drop_decision_no_action,-1,-1,-1,veh12,0.0,False
4569,21.0548,CPM_DROP_PHY,699721696223,7,2.0,21.0548,drop_decision_no_action,-1,-1,-1,veh2,0.0,False
4569,21.0548,CPM_DROP_PHY,699721696223,7,3.0,21.0548,drop_decision_no_action,-1,-1,-1,veh3,0.0,False
4569,21.0548,CPM_DROP_PHY,699721696223,7,4.0,21.0548,drop_decision_no_action,-1,-1,-1,veh4,0.0,False
4569,21.0548,CPM_DROP_PHY,699721696223,7,5.0,21.0548,drop_decision_no_action,-1,-1,-1,veh5,0.0,False
4569,21.0548,CPM_DROP_PHY,699721696223,7,6.0,21.0548,drop_decision_no_action,-1,-1,-1,veh6,0.0,False
4569,21.0548,CPM_DROP_PHY,699721696223,7,8.0,21.0548,drop_decision_no_action,-1,-1,-1,veh8,0.0,False
4569,21.0548,CPM_DROP_PHY,699721696223,7,9.0,21.0548,drop_decision_no_action,-1,-1,-1,veh9,0.0,False
4591,21.0673,CAM_DROP_PHY,13164,6,10.0,21.0673,drop_decision_no_action,-1,-1,-1,veh10,0.0,False
4591,21.0673,CAM_DROP_PHY,13164,6,12.0,21.0673,drop_decision_no_action,-1,-1,-1,veh12,0.0,False
4591,21.0673,CAM_DROP_PHY,13164,6,2.0,21.0673,drop_decision_no_action,-1,-1,-1,veh2,0.0,False
4591,21.0673,CAM_DROP_PHY,13164,6,4.0,21.0673,drop_decision_no_action,-1,-1,-1,veh4,0.0,False
4591,21.0673,CAM_DROP_PHY,13164,6,5.0,21.0673,drop_decision_no_action,-1,-1,-1,veh5,0.0,False
4591,21.0673,CAM_DROP_PHY,13164,6,7.0,21.0673,drop_decision_no_action,-1,-1,-1,veh7,0.0,False
4591,21.0673,CAM_DROP_PHY,13164,6,8.0,21.0673,drop_decision_no_action,-1,-1,-1,veh8,0.0,False
4591,21.0673,CAM_DROP_PHY,13164,6,9.0,21.0673,drop_decision_no_action,-1,-1,-1,veh9,0.0,False
4613,21.0746,CPM_DROP_PHY,699721696258,9,10.0,21.0746,drop_decision_no_action,-1,-1,-1,veh10,0.0,False
4613,21.0746,CPM_DROP_PHY,699721696258,9,11.0,21.0746,drop_decision_no_action,-1,-1,-1,veh11,0.0,False
4613,21.0746,CPM_DROP_PHY,699721696258,9,12.0,21.0746,drop_decision_no_action,-1,-1,-1,veh12,0.0,False
4613,21.0746,CPM_DROP_PHY,699721696258,9,2.0,21.0746,drop_decision_no_action,-1,-1,-1,veh2,0.0,False
4613,21.0746,CPM_DROP_PHY,699721696258,9,3.0,21.0746,drop_decision_no_action,-1,-1,-1,veh3,0.0,False
4613,21.0746,CPM_DROP_PHY,699721696258,9,4.0,21.0746,drop_decision_no_action,-1,-1,-1,veh4,0.0,False
4613,21.0746,CPM_DROP_PHY,699721696258,9,5.0,21.0746,drop_decision_no_action,-1,-1,-1,veh5,0.0,False
4613,21.0746,CPM_DROP_PHY,699721696258,9,6.0,21.0746,drop_decision_no_action,-1,-1,-1,veh6,0.0,False
4613,21.0746,CPM_DROP_PHY,699721696258,9,7.0,21.0746,drop_decision_no_action,-1,-1,-1,veh7,0.0,False
4622,21.0763,CPM_DROP_PHY,699721696264,4,10.0,21.0763,drop_decision_no_action,-1,-1,-1,veh10,0.0,False
4622,21.0763,CPM_DROP_PHY,699721696264,4,11.0,21.0763,drop_decision_no_action,-1,-1,-1,veh11,0.0,False
4622,21.0763,CPM_DROP_PHY,699721696264,4,12.0,21.0763,drop_decision_no_action,-1,-1,-1,veh12,0.0,False
4622,21.0763,CPM_DROP_PHY,699721696264,4,2.0,21.0763,drop_decision_no_action,-1,-1,-1,veh2,0.0,False
4622,21.0763,CPM_DROP_PHY,699721696264,4,3.0,21.0763,drop_decision_no_action,-1,-1,-1,veh3,0.0,False
4622,21.0763,CPM_DROP_PHY,699721696264,4,5.0,21.0763,drop_decision_no_action,-1,-1,-1,veh5,0.0,False
4622,21.0763,CPM_DROP_PHY,699721696264,4,6.0,21.0763,drop_decision_no_action,-1,-1,-1,veh6,0.0,False
4622,21.0763,CPM_DROP_PHY,699721696264,4,7.0,21.0763,drop_decision_no_action,-1,-1,-1,veh7,0.0,False
4622,21.0763,CPM_DROP_PHY,699721696264,4,8.0,21.0763,drop_decision_no_action,-1,-1,-1,veh8,0.0,False
4622,21.0763,CPM_DROP_PHY,699721696264,4,9.0,21.0763,drop_decision_no_action,-1,-1,-1,veh9,0.0,False
4613,21.0836,CPM_DROP_PHY,699721696258,9,8.0,21.0836,drop_decision_no_action,-1,-1,-1,veh8,0.0,False
4591,21.0873,CPM_DROP_PHY,699721696255,6,10.0,21.0673,drop_decision_no_action,-1,-1,-1,veh10,-0.019999999999999574,False
4591,21.0873,CPM_DROP_PHY,699721696255,6,12.0,21.0673,drop_decision_no_action,-1,-1,-1,veh12,-0.019999999999999574,False
4591,21.0873,CPM_DROP_PHY,699721696255,6,2.0,21.0673,drop_decision_no_action,-1,-1,-1,veh2,-0.019999999999999574,False
4591,21.0873,CAM_DROP_PHY,13164,6,3.0,21.0873,drop_decision_no_action,-1,-1,-1,veh3,0.0,False
4591,21.0873,CPM_DROP_PHY,699721696255,6,3.0,21.0873,drop_decision_no_action,-1,-1,-1,veh3,0.0,False
4591,21.0873,CPM_DROP_PHY,699721696255,6,4.0,21.0673,drop_decision_no_action,-1,-1,-1,veh4,-0.019999999999999574,False
4591,21.0873,CPM_DROP_PHY,699721696255,6,5.0,21.0673,drop_decision_no_action,-1,-1,-1,veh5,-0.019999999999999574,False
4591,21.0873,CPM_DROP_PHY,699721696255,6,7.0,21.0673,drop_decision_no_action,-1,-1,-1,veh7,-0.019999999999999574,False
4591,21.0873,CPM_DROP_PHY,699721696255,6,8.0,21.0673,drop_decision_no_action,-1,-1,-1,veh8,-0.019999999999999574,False
4591,21.0873,CPM_DROP_PHY,699721696255,6,9.0,21.0673,drop_decision_no_action,-1,-1,-1,veh9,-0.019999999999999574,False
4658,21.0891,CPM_DROP_PHY,699721696287,8,10.0,21.0891,drop_decision_no_action,-1,-1,-1,veh10,0.0,False
4658,21.0891,CPM_DROP_PHY,699721696287,8,11.0,21.0891,drop_decision_no_action,-1,-1,-1,veh11,0.0,False
4658,21.0891,CPM_DROP_PHY,699721696287,8,2.0,21.0891,drop_decision_no_action,-1,-1,-1,veh2,0.0,False
4658,21.0891,CPM_DROP_PHY,699721696287,8,3.0,21.0891,drop_decision_no_action,-1,-1,-1,veh3,0.0,False
4658,21.0891,CPM_DROP_PHY,699721696287,8,4.0,21.0891,drop_decision_no_action,-1,-1,-1,veh4,0.0,False
4658,21.0891,CPM_DROP_PHY,699721696287,8,5.0,21.0891,drop_decision_no_action,-1,-1,-1,veh5,0.0,False
4658,21.0891,CPM_DROP_PHY,699721696287,8,6.0,21.0891,drop_decision_no_action,-1,-1,-1,veh6,0.0,False
4658,21.0891,CPM_DROP_PHY,699721696287,8,7.0,21.0891,drop_decision_no_action,-1,-1,-1,veh7,0.0,False
4658,21.0891,CPM_DROP_PHY,699721696287,8,9.0,21.0891,drop_decision_no_action,-1,-1,-1,veh9,0.0,False
4647,21.0901,CAM_DROP_PHY,13200,10,11.0,21.0901,drop_decision_no_action,-1,-1,-1,veh11,0.0,False
4647,21.0901,CAM_DROP_PHY,13200,10,12.0,21.0901,drop_decision_no_action,-1,-1,-1,veh12,0.0,False
4647,21.0901,CAM_DROP_PHY,13200,10,2.0,21.0901,drop_decision_no_action,-1,-1,-1,veh2,0.0,False
4647,21.0901,CAM_DROP_PHY,13200,10,3.0,21.0901,drop_decision_no_action,-1,-1,-1,veh3,0.0,False
4647,21.0901,CAM_DROP_PHY,13200,10,4.0,21.0901,drop_decision_no_action,-1,-1,-1,veh4,0.0,False
4647,21.0901,CAM_DROP_PHY,13200,10,5.0,21.0901,drop_decision_no_action,-1,-1,-1,veh5,0.0,False
4647,21.0901,CAM_DROP_PHY,13200,10,6.0,21.0901,drop_decision_no_action,-1,-1,-1,veh6,0.0,False
4647,21.0901,CAM_DROP_PHY,13200,10,7.0,21.0901,drop_decision_no_action,-1,-1,-1,veh7,0.0,False
4647,21.0901,CAM_DROP_PHY,13200,10,8.0,21.0901,drop_decision_no_action,-1,-1,-1,veh8,0.0,False
4647,21.0901,CAM_DROP_PHY,13200,10,9.0,21.0901,drop_decision_no_action,-1,-1,-1,veh9,0.0,False
4673,21.0973,CPM_DROP_PHY,699721696296,11,10.0,21.0973,drop_decision_no_action,-1,-1,-1,veh10,0.0,False
4673,21.0973,CPM_DROP_PHY,699721696296,11,12.0,21.0973,drop_decision_no_action,-1,-1,-1,veh12,0.0,False
4673,21.0973,CPM_DROP_PHY,699721696296,11,2.0,21.0973,drop_decision_no_action,-1,-1,-1,veh2,0.0,False
4673,21.0973,CPM_DROP_PHY,699721696296,11,3.0,21.0973,drop_decision_no_action,-1,-1,-1,veh3,0.0,False
4673,21.0973,CPM_DROP_PHY,699721696296,11,4.0,21.0973,drop_decision_no_action,-1,-1,-1,veh4,0.0,False
4673,21.0973,CPM_DROP_PHY,699721696296,11,5.0,21.0973,drop_decision_no_action,-1,-1,-1,veh5,0.0,False
4673,21.0973,CPM_DROP_PHY,699721696296,11,6.0,21.0973,drop_decision_no_action,-1,-1,-1,veh6,0.0,False
4673,21.0973,CPM_DROP_PHY,699721696296,11,7.0,21.0973,drop_decision_no_action,-1,-1,-1,veh7,0.0,False
4673,21.0973,CPM_DROP_PHY,699721696296,11,8.0,21.0973,drop_decision_no_action,-1,-1,-1,veh8,0.0,False
4673,21.0973,CPM_DROP_PHY,699721696296,11,9.0,21.0973,drop_decision_no_action,-1,-1,-1,veh9,0.0,False
4658,21.1021,CPM_DROP_PHY,699721696287,8,12.0,21.1021,drop_decision_no_action,-1,-1,-1,veh12,0.0,False
4701,21.1101,CPM_DROP_PHY,699721696378,10,11.0,21.1101,drop_decision_no_action,-1,-1,-1,veh11,0.0,False
4701,21.1101,CPM_DROP_PHY,699721696378,10,12.0,21.1101,drop_decision_no_action,-1,-1,-1,veh12,0.0,False
4701,21.1101,CPM_DROP_PHY,699721696378,10,2.0,21.1101,drop_decision_no_action,-1,-1,-1,veh2,0.0,False
4701,21.1101,CPM_DROP_PHY,699721696378,10,3.0,21.1101,drop_decision_no_action,-1,-1,-1,veh3,0.0,False
4701,21.1101,CPM_DROP_PHY,699721696378,10,4.0,21.1101,drop_decision_no_action,-1,-1,-1,veh4,0.0,False
4701,21.1101,CPM_DROP_PHY,699721696378,10,5.0,21.1101,drop_decision_no_action,-1,-1,-1,veh5,0.0,False
4701,21.1101,CPM_DROP_PHY,699721696378,10,6.0,21.1101,drop_decision_no_action,-1,-1,-1,veh6,0.0,False
4701,21.1101,CPM_DROP_PHY,699721696378,10,7.0,21.1101,drop_decision_no_action,-1,-1,-1,veh7,0.0,False
4701,21.1101,CPM_DROP_PHY,699721696378,10,8.0,21.1101,drop_decision_no_action,-1,-1,-1,veh8,0.0,False
4701,21.1101,CPM_DROP_PHY,699721696378,10,9.0,21.1101,drop_decision_no_action,-1,-1,-1,veh9,0.0,False
4686,21.1128,CAM_DROP_PHY,13290,12,10.0,21.1128,drop_decision_no_action,-1,-1,-1,veh10,0.0,False
4686,21.1128,CAM_DROP_PHY,13290,12,11.0,21.1128,drop_decision_no_action,-1,-1,-1,veh11,0.0,False
4686,21.1128,CAM_DROP_PHY,13290,12,2.0,21.1128,drop_decision_no_action,-1,-1,-1,veh2,0.0,False
4686,21.1128,CAM_DROP_PHY,13290,12,3.0,21.1128,drop_decision_no_action,-1,-1,-1,veh3,0.0,False
4686,21.1128,CAM_DROP_PHY,13290,12,4.0,21.1128,drop_decision_no_action,-1,-1,-1,veh4,0.0,False
4686,21.1128,CAM_DROP_PHY,13290,12,5.0,21.1128,drop_decision_no_action,-1,-1,-1,veh5,0.0,False
4686,21.1128,CAM_DROP_PHY,13290,12,6.0,21.1128,drop_decision_no_action,-1,-1,-1,veh6,0.0,False
4686,21.1128,CAM_DROP_PHY,13290,12,7.0,21.1128,drop_decision_no_action,-1,-1,-1,veh7,0.0,False
4686,21.1128,CAM_DROP_PHY,13290,12,8.0,21.1128,drop_decision_no_action,-1,-1,-1,veh8,0.0,False
4686,21.1128,CAM_DROP_PHY,13290,12,9.0,21.1128,drop_decision_no_action,-1,-1,-1,veh9,0.0,False
4721,21.1238,CPM_DROP_PHY,699721696396,5,10.0,21.1238,drop_decision_no_action,-1,-1,-1,veh10,0.0,False
4721,21.1238,CPM_DROP_PHY,699721696396,5,11.0,21.1238,drop_decision_no_action,-1,-1,-1,veh11,0.0,False
4721,21.1238,CPM_DROP_PHY,699721696396,5,12.0,21.1238,drop_decision_no_action,-1,-1,-1,veh12,0.0,False
4721,21.1238,CPM_DROP_PHY,699721696396,5,2.0,21.1238,drop_decision_no_action,-1,-1,-1,veh2,0.0,False
4721,21.1238,CPM_DROP_PHY,699721696396,5,3.0,21.1238,drop_decision_no_action,-1,-1,-1,veh3,0.0,False
4721,21.1238,CPM_DROP_PHY,699721696396,5,4.0,21.1238,drop_decision_no_action,-1,-1,-1,veh4,0.0,False
4721,21.1238,CPM_DROP_PHY,699721696396,5,6.0,21.1238,drop_decision_no_action,-1,-1,-1,veh6,0.0,False
4721,21.1238,CPM_DROP_PHY,699721696396,5,7.0,21.1238,drop_decision_no_action,-1,-1,-1,veh7,0.0,False
4721,21.1238,CPM_DROP_PHY,699721696396,5,8.0,21.1238,drop_decision_no_action,-1,-1,-1,veh8,0.0,False
4721,21.1238,CPM_DROP_PHY,699721696396,5,9.0,21.1238,drop_decision_no_action,-1,-1,-1,veh9,0.0,False
4719,21.1363,CAM_DROP_PHY,13308,4,10.0,21.1363,drop_decision_no_action,-1,-1,-1,veh10,0.0,False
4719,21.1363,CAM_DROP_PHY,13308,4,11.0,21.1363,drop_decision_no_action,-1,-1,-1,veh11,0.0,False
4719,21.1363,CAM_DROP_PHY,13308,4,12.0,21.1363,drop_decision_no_action,-1,-1,-1,veh12,0.0,False
4719,21.1363,CAM_DROP_PHY,13308,4,2.0,21.1363,drop_decision_no_action,-1,-1,-1,veh2,0.0,False
4719,21.1363,CAM_DROP_PHY,13308,4,3.0,21.1363,drop_decision_no_action,-1,-1,-1,veh3,0.0,False
4719,21.1363,CAM_DROP_PHY,13308,4,5.0,21.1363,drop_decision_no_action,-1,-1,-1,veh5,0.0,False
4719,21.1363,CAM_DROP_PHY,13308,4,6.0,21.1363,drop_decision_no_action,-1,-1,-1,veh6,0.0,False
4719,21.1363,CAM_DROP_PHY,13308,4,7.0,21.1363,drop_decision_no_action,-1,-1,-1,veh7,0.0,False
4719,21.1363,CAM_DROP_PHY,13308,4,8.0,21.1363,drop_decision_no_action,-1,-1,-1,veh8,0.0,False
4719,21.1363,CAM_DROP_PHY,13308,4,9.0,21.1363,drop_decision_no_action,-1,-1,-1,veh9,0.0,False
4737,21.1446,CAM_DROP_PHY,13325,8,10.0,21.1446,drop_decision_no_action,-1,-1,-1,veh10,0.0,False
4737,21.1446,CAM_DROP_PHY,13325,8,11.0,21.1446,drop_decision_no_action,-1,-1,-1,veh11,0.0,False
4737,21.1446,CAM_DROP_PHY,13325,8,12.0,21.1446,drop_decision_no_action,-1,-1,-1,veh12,0.0,False
4737,21.1446,CAM_DROP_PHY,13325,8,2.0,21.1446,drop_decision_no_action,-1,-1,-1,veh2,0.0,False
4737,21.1446,CAM_DROP_PHY,13325,8,3.0,21.1446,drop_decision_no_action,-1,-1,-1,veh3,0.0,False
4737,21.1446,CAM_DROP_PHY,13325,8,4.0,21.1446,drop_decision_no_action,-1,-1,-1,veh4,0.0,False
4737,21.1446,CAM_DROP_PHY,13325,8,5.0,21.1446,drop_decision_no_action,-1,-1,-1,veh5,0.0,False
4737,21.1446,CAM_DROP_PHY,13325,8,6.0,21.1446,drop_decision_no_action,-1,-1,-1,veh6,0.0,False
4737,21.1446,CAM_DROP_PHY,13325,8,7.0,21.1446,drop_decision_no_action,-1,-1,-1,veh7,0.0,False
4737,21.1446,CAM_DROP_PHY,13325,8,9.0,21.1446,drop_decision_no_action,-1,-1,-1,veh9,0.0,False
4742,21.1473,CAM_DROP_PHY,13330,3,10.0,21.1473,drop_decision_no_action,-1,-1,-1,veh10,0.0,False
4742,21.1473,CAM_DROP_PHY,13330,3,11.0,21.1473,drop_decision_no_action,-1,-1,-1,veh11,0.0,False
4742,21.1473,CAM_DROP_PHY,13330,3,12.0,21.1473,drop_decision_no_action,-1,-1,-1,veh12,0.0,False
4742,21.1473,CAM_DROP_PHY,13330,3,2.0,21.1473,drop_decision_no_action,-1,-1,-1,veh2,0.0,False
4742,21.1473,CAM_DROP_PHY,13330,3,4.0,21.1473,drop_decision_no_action,-1,-1,-1,veh4,0.0,False
4742,21.1473,CAM_DROP_PHY,13330,3,5.0,21.1473,drop_decision_no_action,-1,-1,-1,veh5,0.0,False
4568,21.1473,CPM_DROP_PHY,699721696220,3,6.0,21.1473,drop_decision_no_action,-1,-1,-1,veh6,0.0,False
4742,21.1473,CAM_DROP_PHY,13330,3,6.0,21.1473,drop_decision_no_action,-1,-1,-1,veh6,0.0,False
4742,21.1473,CAM_DROP_PHY,13330,3,7.0,21.1473,drop_decision_no_action,-1,-1,-1,veh7,0.0,False
4742,21.1473,CAM_DROP_PHY,13330,3,8.0,21.1473,drop_decision_no_action,-1,-1,-1,veh8,0.0,False
4742,21.1473,CAM_DROP_PHY,13330,3,9.0,21.1473,drop_decision_no_action,-1,-1,-1,veh9,0.0,False
4772,21.1528,CPM_DROP_PHY,699721696434,12,10.0,21.1528,drop_decision_no_action,-1,-1,-1,veh10,0.0,False
4772,21.1528,CPM_DROP_PHY,699721696434,12,11.0,21.1528,drop_decision_no_action,-1,-1,-1,veh11,0.0,False
4772,21.1528,CPM_DROP_PHY,699721696434,12,2.0,21.1528,drop_decision_no_action,-1,-1,-1,veh2,0.0,False
4772,21.1528,CPM_DROP_PHY,699721696434,12,3.0,21.1528,drop_decision_no_action,-1,-1,-1,veh3,0.0,False
4772,21.1528,CPM_DROP_PHY,699721696434,12,4.0,21.1528,drop_decision_no_action,-1,-1,-1,veh4,0.0,False
4772,21.1528,CPM_DROP_PHY,699721696434,12,5.0,21.1528,drop_decision_no_action,-1,-1,-1,veh5,0.0,False
4772,21.1528,CPM_DROP_PHY,699721696434,12,6.0,21.1528,drop_decision_no_action,-1,-1,-1,veh6,0.0,False
4772,21.1528,CPM_DROP_PHY,699721696434,12,7.0,21.1528,drop_decision_no_action,-1,-1,-1,veh7,0.0,False
4772,21.1528,CPM_DROP_PHY,699721696434,12,8.0,21.1528,drop_decision_no_action,-1,-1,-1,veh8,0.0,False
4772,21.1528,CPM_DROP_PHY,699721696434,12,9.0,21.1528,drop_decision_no_action,-1,-1,-1,veh9,0.0,False
4746,21.1548,CPM_DROP_PHY,699721696416,7,10.0,21.1548,drop_decision_no_action,-1,-1,-1,veh10,0.0,False
4746,21.1548,CPM_DROP_PHY,699721696416,7,11.0,21.1548,drop_decision_no_action,-1,-1,-1,veh11,0.0,False
4746,21.1548,CPM_DROP_PHY,699721696416,7,12.0,21.1548,drop_decision_no_action,-1,-1,-1,veh12,0.0,False
4746,21.1548,CPM_DROP_PHY,699721696416,7,2.0,21.1548,drop_decision_no_action,-1,-1,-1,veh2,0.0,False
4746,21.1548,CPM_DROP_PHY,699721696416,7,3.0,21.1548,drop_decision_no_action,-1,-1,-1,veh3,0.0,False
4746,21.1548,CPM_DROP_PHY,699721696416,7,4.0,21.1548,drop_decision_no_action,-1,-1,-1,veh4,0.0,False
4746,21.1548,CPM_DROP_PHY,699721696416,7,5.0,21.1548,drop_decision_no_action,-1,-1,-1,veh5,0.0,False
4746,21.1548,CPM_DROP_PHY,699721696416,7,6.0,21.1548,drop_decision_no_action,-1,-1,-1,veh6,0.0,False
4746,21.1548,CPM_DROP_PHY,699721696416,7,8.0,21.1548,drop_decision_no_action,-1,-1,-1,veh8,0.0,False
4746,21.1548,CPM_DROP_PHY,699721696416,7,9.0,21.1548,drop_decision_no_action,-1,-1,-1,veh9,0.0,False
4742,21.1673,CPM_DROP_PHY,699721696413,3,10.0,21.1473,drop_decision_no_action,-1,-1,-1,veh10,-0.019999999999999574,False
4790,21.1673,CPM_DROP_PHY,699721696445,6,10.0,21.1673,drop_decision_no_action,-1,-1,-1,veh10,0.0,False
4591,21.1673,CAM_DROP_PHY,13164,6,11.0,21.1673,drop_decision_no_action,-1,-1,-1,veh11,0.0,False
4591,21.1673,CPM_DROP_PHY,699721696255,6,11.0,21.1673,drop_decision_no_action,-1,-1,-1,veh11,0.0,False
4742,21.1673,CPM_DROP_PHY,699721696413,3,11.0,21.1473,drop_decision_no_action,-1,-1,-1,veh11,-0.019999999999999574,False
4790,21.1673,CPM_DROP_PHY,699721696445,6,11.0,21.1673,drop_decision_no_action,-1,-1,-1,veh11,0.0,False
4742,21.1673,CPM_DROP_PHY,699721696413,3,12.0,21.1473,drop_decision_no_action,-1,-1,-1,veh12,-0.019999999999999574,False
4790,21.1673,CPM_DROP_PHY,699721696445,6,12.0,21.1673,drop_decision_no_action,-1,-1,-1,veh12,0.0,False
4742,21.1673,CPM_DROP_PHY,699721696413,3,2.0,21.1473,drop_decision_no_action,-1,-1,-1,veh2,-0.019999999999999574,False
4790,21.1673,CPM_DROP_PHY,699721696445,6,2.0,21.1673,drop_decision_no_action,-1,-1,-1,veh2,0.0,False
4742,21.1673,CPM_DROP_PHY,699721696413,3,4.0,21.1473,drop_decision_no_action,-1,-1,-1,veh4,-0.019999999999999574,False
4790,21.1673,CPM_DROP_PHY,699721696445,6,4.0,21.1673,drop_decision_no_action,-1,-1,-1,veh4,0.0,False
4742,21.1673,CPM_DROP_PHY,699721696413,3,5.0,21.1473,drop_decision_no_action,-1,-1,-1,veh5,-0.019999999999999574,False
4790,21.1673,CPM_DROP_PHY,699721696445,6,5.0,21.1673,drop_decision_no_action,-1,-1,-1,veh5,0.0,False
4742,21.1673,CPM_DROP_PHY,699721696413,3,7.0,21.1473,drop_decision_no_action,-1,-1,-1,veh7,-0.019999999999999574,False
4790,21.1673,CPM_DROP_PHY,699721696445,6,7.0,21.1673,drop_decision_no_action,-1,-1,-1,veh7,0.0,False
4742,21.1673,CPM_DROP_PHY,699721696413,3,8.0,21.1473,drop_decision_no_action,-1,-1,-1,veh8,-0.019999999999999574,False
4790,21.1673,CPM_DROP_PHY,699721696445,6,8.0,21.1673,drop_decision_no_action,-1,-1,-1,veh8,0.0,False
4742,21.1673,CPM_DROP_PHY,699721696413,3,9.0,21.1473,drop_decision_no_action,-1,-1,-1,veh9,-0.019999999999999574,False
4790,21.1673,CPM_DROP_PHY,699721696445,6,9.0,21.1673,drop_decision_no_action,-1,-1,-1,veh9,0.0,False
4792,21.1746,CPM_DROP_PHY,699721696448,9,10.0,21.1746,drop_decision_no_action,-1,-1,-1,veh10,0.0,False
4792,21.1746,CPM_DROP_PHY,699721696448,9,11.0,21.1746,drop_decision_no_action,-1,-1,-1,veh11,0.0,False
4792,21.1746,CPM_DROP_PHY,699721696448,9,12.0,21.1746,drop_decision_no_action,-1,-1,-1,veh12,0.0,False
4792,21.1746,CPM_DROP_PHY,699721696448,9,2.0,21.1746,drop_decision_no_action,-1,-1,-1,veh2,0.0,False
4792,21.1746,CPM_DROP_PHY,699721696448,9,3.0,21.1746,drop_decision_no_action,-1,-1,-1,veh3,0.0,False
4792,21.1746,CPM_DROP_PHY,699721696448,9,4.0,21.1746,drop_decision_no_action,-1,-1,-1,veh4,0.0,False
4792,21.1746,CPM_DROP_PHY,699721696448,9,5.0,21.1746,drop_decision_no_action,-1,-1,-1,veh5,0.0,False
4792,21.1746,CPM_DROP_PHY,699721696448,9,6.0,21.1746,drop_decision_no_action,-1,-1,-1,veh6,0.0,False
4792,21.1746,CPM_DROP_PHY,699721696448,9,7.0,21.1746,drop_decision_no_action,-1,-1,-1,veh7,0.0,False
4792,21.1746,CPM_DROP_PHY,699721696448,9,8.0,21.1746,drop_decision_no_action,-1,-1,-1,veh8,0.0,False
4746,21.1748,CAM_DROP_PHY,13344,7,10.0,21.1548,drop_decision_no_action,-1,-1,-1,veh10,-0.019999999999999574,False
4746,21.1748,CAM_DROP_PHY,13344,7,11.0,21.1548,drop_decision_no_action,-1,-1,-1,veh11,-0.019999999999999574,False
4746,21.1748,CAM_DROP_PHY,13344,7,12.0,21.1548,drop_decision_no_action,-1,-1,-1,veh12,-0.019999999999999574,False
4746,21.1748,CAM_DROP_PHY,13344,7,2.0,21.1548,drop_decision_no_action,-1,-1,-1,veh2,-0.019999999999999574,False
4746,21.1748,CAM_DROP_PHY,13344,7,3.0,21.1548,drop_decision_no_action,-1,-1,-1,veh3,-0.019999999999999574,False
4746,21.1748,CAM_DROP_PHY,13344,7,4.0,21.1548,drop_decision_no_action,-1,-1,-1,veh4,-0.019999999999999574,False
4746,21.1748,CAM_DROP_PHY,13344,7,5.0,21.1548,drop_decision_no_action,-1,-1,-1,veh5,-0.019999999999999574,False
4746,21.1748,CAM_DROP_PHY,13344,7,6.0,21.1548,drop_decision_no_action,-1,-1,-1,veh6,-0.019999999999999574,False
4746,21.1748,CAM_DROP_PHY,13344,7,8.0,21.1548,drop_decision_no_action,-1,-1,-1,veh8,-0.019999999999999574,False
4746,21.1748,CAM_DROP_PHY,13344,7,9.0,21.1548,drop_decision_no_action,-1,-1,-1,veh9,-0.019999999999999574,False
4800,21.1763,CPM_DROP_PHY,699721696453,4,10.0,21.1763,drop_decision_no_action,-1,-1,-1,veh10,0.0,False
4800,21.1763,CPM_DROP_PHY,699721696453,4,11.0,21.1763,drop_decision_no_action,-1,-1,-1,veh11,0.0,False
4800,21.1763,CPM_DROP_PHY,699721696453,4,12.0,21.1763,drop_decision_no_action,-1,-1,-1,veh12,0.0,False
4800,21.1763,CPM_DROP_PHY,699721696453,4,2.0,21.1763,drop_decision_no_action,-1,-1,-1,veh2,0.0,False
4800,21.1763,CPM_DROP_PHY,699721696453,4,3.0,21.1763,drop_decision_no_action,-1,-1,-1,veh3,0.0,False
4800,21.1763,CPM_DROP_PHY,699721696453,4,5.0,21.1763,drop_decision_no_action,-1,-1,-1,veh5,0.0,False
4800,21.1763,CPM_DROP_PHY,699721696453,4,6.0,21.1763,drop_decision_no_action,-1,-1,-1,veh6,0.0,False
4800,21.1763,CPM_DROP_PHY,699721696453,4,7.0,21.1763,drop_decision_no_action,-1,-1,-1,veh7,0.0,False
4800,21.1763,CPM_DROP_PHY,699721696453,4,8.0,21.1763,drop_decision_no_action,-1,-1,-1,veh8,0.0,False
4800,21.1763,CPM_DROP_PHY,699721696453,4,9.0,21.1763,drop_decision_no_action,-1,-1,-1,veh9,0.0,False
4832,21.1901,CAM_DROP_PHY,13391,10,11.0,21.1901,drop_decision_no_action,-1,-1,-1,veh11,0.0,False
4832,21.1901,CAM_DROP_PHY,13391,10,12.0,21.1901,drop_decision_no_action,-1,-1,-1,veh12,0.0,False
4832,21.1901,CAM_DROP_PHY,13391,10,2.0,21.1901,drop_decision_no_action,-1,-1,-1,veh2,0.0,False
4832,21.1901,CAM_DROP_PHY,13391,10,3.0,21.1901,drop_decision_no_action,-1,-1,-1,veh3,0.0,False
4832,21.1901,CAM_DROP_PHY,13391,10,4.0,21.1901,drop_decision_no_action,-1,-1,-1,veh4,0.0,False
4832,21.1901,CAM_DROP_PHY,13391,10,5.0,21.1901,drop_decision_no_action,-1,-1,-1,veh5,0.0,False
4832,21.1901,CAM_DROP_PHY,13391,10,6.0,21.1901,drop_decision_no_action,-1,-1,-1,veh6,0.0,False
4832,21.1901,CAM_DROP_PHY,13391,10,7.0,21.1901,drop_decision_no_action,-1,-1,-1,veh7,0.0,False
4832,21.1901,CAM_DROP_PHY,13391,10,8.0,21.1901,drop_decision_no_action,-1,-1,-1,veh8,0.0,False
4832,21.1901,CAM_DROP_PHY,13391,10,9.0,21.1901,drop_decision_no_action,-1,-1,-1,veh9,0.0,False
4858,21.1943,CPM_DROP_PHY,699721696486,11,10.0,21.1943,drop_decision_no_action,-1,-1,-1,veh10,0.0,False
4858,21.1943,CPM_DROP_PHY,699721696486,11,12.0,21.1943,drop_decision_no_action,-1,-1,-1,veh12,0.0,False
4858,21.1943,CPM_DROP_PHY,699721696486,11,2.0,21.1943,drop_decision_no_action,-1,-1,-1,veh2,0.0,False
4858,21.1943,CPM_DROP_PHY,699721696486,11,3.0,21.1943,drop_decision_no_action,-1,-1,-1,veh3,0.0,False
4858,21.1943,CPM_DROP_PHY,699721696486,11,4.0,21.1943,drop_decision_no_action,-1,-1,-1,veh4,0.0,False
4858,21.1943,CPM_DROP_PHY,699721696486,11,5.0,21.1943,drop_decision_no_action,-1,-1,-1,veh5,0.0,False
4858,21.1943,CPM_DROP_PHY,699721696486,11,6.0,21.1943,drop_decision_no_action,-1,-1,-1,veh6,0.0,False
4858,21.1943,CPM_DROP_PHY,699721696486,11,7.0,21.1943,drop_decision_no_action,-1,-1,-1,veh7,0.0,False
4858,21.1943,CPM_DROP_PHY,699721696486,11,8.0,21.1943,drop_decision_no_action,-1,-1,-1,veh8,0.0,False
4858,21.1943,CPM_DROP_PHY,699721696486,11,9.0,21.1943,drop_decision_no_action,-1,-1,-1,veh9,0.0,False
4866,21.1986,CAM_DROP_PHY,13411,2,10.0,21.1986,drop_decision_no_action,-1,-1,-1,veh10,0.0,False
4866,21.1986,CAM_DROP_PHY,13411,2,12.0,21.1986,drop_decision_no_action,-1,-1,-1,veh12,0.0,False
4866,21.1986,CAM_DROP_PHY,13411,2,3.0,21.1986,drop_decision_no_action,-1,-1,-1,veh3,0.0,False
4866,21.1986,CAM_DROP_PHY,13411,2,4.0,21.1986,drop_decision_no_action,-1,-1,-1,veh4,0.0,False
4866,21.1986,CAM_DROP_PHY,13411,2,5.0,21.1986,drop_decision_no_action,-1,-1,-1,veh5,0.0,False
4866,21.1986,CAM_DROP_PHY,13411,2,6.0,21.1986,drop_decision_no_action,-1,-1,-1,veh6,0.0,False
4866,21.1986,CAM_DROP_PHY,13411,2,7.0,21.1986,drop_decision_no_action,-1,-1,-1,veh7,0.0,False
4866,21.1986,CAM_DROP_PHY,13411,2,8.0,21.1986,drop_decision_no_action,-1,-1,-1,veh8,0.0,False
4866,21.1986,CAM_DROP_PHY,13411,2,9.0,21.1986,drop_decision_no_action,-1,-1,-1,veh9,0.0,False
4887,21.2238,CAM_DROP_PHY,13492,5,10.0,21.2238,drop_decision_no_action,-1,-1,-1,veh10,0.0,False
4887,21.2238,CAM_DROP_PHY,13492,5,11.0,21.2238,drop_decision_no_action,-1,-1,-1,veh11,0.0,False
4887,21.2238,CAM_DROP_PHY,13492,5,12.0,21.2238,drop_decision_no_action,-1,-1,-1,veh12,0.0,False
4887,21.2238,CAM_DROP_PHY,13492,5,2.0,21.2238,drop_decision_no_action,-1,-1,-1,veh2,0.0,False
4887,21.2238,CAM_DROP_PHY,13492,5,3.0,21.2238,drop_decision_no_action,-1,-1,-1,veh3,0.0,False
4887,21.2238,CAM_DROP_PHY,13492,5,4.0,21.2238,drop_decision_no_action,-1,-1,-1,veh4,0.0,False
4887,21.2238,CAM_DROP_PHY,13492,5,6.0,21.2238,drop_decision_no_action,-1,-1,-1,veh6,0.0,False
4887,21.2238,CAM_DROP_PHY,13492,5,7.0,21.2238,drop_decision_no_action,-1,-1,-1,veh7,0.0,False
4887,21.2238,CAM_DROP_PHY,13492,5,8.0,21.2238,drop_decision_no_action,-1,-1,-1,veh8,0.0,False
4887,21.2238,CAM_DROP_PHY,13492,5,9.0,21.2238,drop_decision_no_action,-1,-1,-1,veh9,0.0,False
4889,21.2276,CPM_DROP_PHY,699721696576,10,11.0,21.2276,drop_decision_no_action,-1,-1,-1,veh11,0.0,False
4889,21.2276,CPM_DROP_PHY,699721696576,10,12.0,21.2276,drop_decision_no_action,-1,-1,-1,veh12,0.0,False
4889,21.2276,CPM_DROP_PHY,699721696576,10,2.0,21.2276,drop_decision_no_action,-1,-1,-1,veh2,0.0,False
4889,21.2276,CPM_DROP_PHY,699721696576,10,3.0,21.2276,drop_decision_no_action,-1,-1,-1,veh3,0.0,False
4889,21.2276,CPM_DROP_PHY,699721696576,10,4.0,21.2276,drop_decision_no_action,-1,-1,-1,veh4,0.0,False
4889,21.2276,CPM_DROP_PHY,699721696576,10,5.0,21.2276,drop_decision_no_action,-1,-1,-1,veh5,0.0,False
4889,21.2276,CPM_DROP_PHY,699721696576,10,6.0,21.2276,drop_decision_no_action,-1,-1,-1,veh6,0.0,False
4889,21.2276,CPM_DROP_PHY,699721696576,10,7.0,21.2276,drop_decision_no_action,-1,-1,-1,veh7,0.0,False
4889,21.2276,CPM_DROP_PHY,699721696576,10,8.0,21.2276,drop_decision_no_action,-1,-1,-1,veh8,0.0,False
4889,21.2276,CPM_DROP_PHY,699721696576,10,9.0,21.2276,drop_decision_no_action,-1,-1,-1,veh9,0.0,False
4896,21.2363,CAM_DROP_PHY,13503,4,10.0,21.2363,drop_decision_no_action,-1,-1,-1,veh10,0.0,False
4896,21.2363,CAM_DROP_PHY,13503,4,11.0,21.2363,drop_decision_no_action,-1,-1,-1,veh11,0.0,False
4896,21.2363,CAM_DROP_PHY,13503,4,12.0,21.2363,drop_decision_no_action,-1,-1,-1,veh12,0.0,False
4896,21.2363,CAM_DROP_PHY,13503,4,2.0,21.2363,drop_decision_no_action,-1,-1,-1,veh2,0.0,False
4896,21.2363,CAM_DROP_PHY,13503,4,3.0,21.2363,drop_decision_no_action,-1,-1,-1,veh3,0.0,False
4896,21.2363,CAM_DROP_PHY,13503,4,5.0,21.2363,drop_decision_no_action,-1,-1,-1,veh5,0.0,False
4896,21.2363,CAM_DROP_PHY,13503,4,6.0,21.2363,drop_decision_no_action,-1,-1,-1,veh6,0.0,False
4896,21.2363,CAM_DROP_PHY,13503,4,7.0,21.2363,drop_decision_no_action,-1,-1,-1,veh7,0.0,False
4896,21.2363,CAM_DROP_PHY,13503,4,8.0,21.2363,drop_decision_no_action,-1,-1,-1,veh8,0.0,False
4896,21.2363,CAM_DROP_PHY,13503,4,9.0,21.2363,drop_decision_no_action,-1,-1,-1,veh9,0.0,False
4887,21.2438,CPM_DROP_PHY,699721696590,5,3.0,21.2238,drop_decision_no_action,-1,-1,-1,veh3,-0.019999999999999574,False
4887,21.2438,CPM_DROP_PHY,699721696590,5,4.0,21.2238,drop_decision_no_action,-1,-1,-1,veh4,-0.019999999999999574,False
4887,21.2438,CPM_DROP_PHY,699721696590,5,6.0,21.2238,drop_decision_no_action,-1,-1,-1,veh6,-0.019999999999999574,False
4887,21.2438,CPM_DROP_PHY,699721696590,5,7.0,21.2238,drop_decision_no_action,-1,-1,-1,veh7,-0.019999999999999574,False
4887,21.2438,CPM_DROP_PHY,699721696590,5,9.0,21.2238,drop_decision_no_action,-1,-1,-1,veh9,-0.019999999999999574,False
4916,21.2473,CPM_DROP_PHY,699721696603,3,10.0,21.2473,drop_decision_no_action,-1,-1,-1,veh10,0.0,False
4916,21.2473,CPM_DROP_PHY,699721696603,3,11.0,21.2473,drop_decision_no_action,-1,-1,-1,veh11,0.0,False
4916,21.2473,CPM_DROP_PHY,699721696603,3,12.0,21.2473,drop_decision_no_action,-1,-1,-1,veh12,0.0,False
4916,21.2473,CPM_DROP_PHY,699721696603,3,2.0,21.2473,drop_decision_no_action,-1,-1,-1,veh2,0.0,False
4916,21.2473,CPM_DROP_PHY,699721696603,3,4.0,21.2473,drop_decision_no_action,-1,-1,-1,veh4,0.0,False
4916,21.2473,CPM_DROP_PHY,699721696603,3,5.0,21.2473,drop_decision_no_action,-1,-1,-1,veh5,0.0,False
4916,21.2473,CPM_DROP_PHY,699721696603,3,7.0,21.2473,drop_decision_no_action,-1,-1,-1,veh7,0.0,False
4916,21.2473,CPM_DROP_PHY,699721696603,3,8.0,21.2473,drop_decision_no_action,-1,-1,-1,veh8,0.0,False
4916,21.2473,CPM_DROP_PHY,699721696603,3,9.0,21.2473,drop_decision_no_action,-1,-1,-1,veh9,0.0,False
4887,21.2521,CPM_DROP_PHY,699721696590,5,2.0,21.2238,drop_decision_no_action,-1,-1,-1,veh2,-0.028299999999997993,False
4946,21.2528,CPM_DROP_PHY,699721696624,12,10.0,21.2528,drop_decision_no_action,-1,-1,-1,veh10,0.0,False
4946,21.2528,CPM_DROP_PHY,699721696624,12,11.0,21.2528,drop_decision_no_action,-1,-1,-1,veh11,0.0,False
4946,21.2528,CPM_DROP_PHY,699721696624,12,2.0,21.2528,drop_decision_no_action,-1,-1,-1,veh2,0.0,False
4946,21.2528,CPM_DROP_PHY,699721696624,12,3.0,21.2528,drop_decision_no_action,-1,-1,-1,veh3,0.0,False
4946,21.2528,CPM_DROP_PHY,699721696624,12,4.0,21.2528,drop_decision_no_action,-1,-1,-1,veh4,0.0,False
4946,21.2528,CPM_DROP_PHY,699721696624,12,5.0,21.2528,drop_decision_no_action,-1,-1,-1,veh5,0.0,False
4946,21.2528,CPM_DROP_PHY,699721696624,12,6.0,21.2528,drop_decision_no_action,-1,-1,-1,veh6,0.0,False
4946,21.2528,CPM_DROP_PHY,699721696624,12,7.0,21.2528,drop_decision_no_action,-1,-1,-1,veh7,0.0,False
4946,21.2528,CPM_DROP_PHY,699721696624,12,8.0,21.2528,drop_decision_no_action,-1,-1,-1,veh8,0.0,False
4946,21.2528,CPM_DROP_PHY,699721696624,12,9.0,21.2528,drop_decision_no_action,-1,-1,-1,veh9,0.0,False
4917,21.2538,CPM_DROP_PHY,699721696606,7,10.0,21.2538,drop_decision_no_action,-1,-1,-1,veh10,0.0,False
4917,21.2538,CPM_DROP_PHY,699721696606,7,11.0,21.2538,drop_decision_no_action,-1,-1,-1,veh11,0.0,False
4917,21.2538,CPM_DROP_PHY,699721696606,7,12.0,21.2538,drop_decision_no_action,-1,-1,-1,veh12,0.0,False
4917,21.2538,CPM_DROP_PHY,699721696606,7,2.0,21.2538,drop_decision_no_action,-1,-1,-1,veh2,0.0,False
4917,21.2538,CPM_DROP_PHY,699721696606,7,3.0,21.2538,drop_decision_no_action,-1,-1,-1,veh3,0.0,False
4917,21.2538,CPM_DROP_PHY,699721696606,7,4.0,21.2538,drop_decision_no_action,-1,-1,-1,veh4,0.0,False
4917,21.2538,CPM_DROP_PHY,699721696606,7,5.0,21.2538,drop_decision_no_action,-1,-1,-1,veh5,0.0,False
4917,21.2538,CPM_DROP_PHY,699721696606,7,6.0,21.2538,drop_decision_no_action,-1,-1,-1,veh6,0.0,False
4917,21.2538,CPM_DROP_PHY,699721696606,7,8.0,21.2538,drop_decision_no_action,-1,-1,-1,veh8,0.0,False
4917,21.2538,CPM_DROP_PHY,699721696606,7,9.0,21.2538,drop_decision_no_action,-1,-1,-1,veh9,0.0,False
4943,21.2546,CAM_DROP_PHY,13541,9,10.0,21.2546,drop_decision_no_action,-1,-1,-1,veh10,0.0,False
4943,21.2546,CAM_DROP_PHY,13541,9,11.0,21.2546,drop_decision_no_action,-1,-1,-1,veh11,0.0,False
4943,21.2546,CAM_DROP_PHY,13541,9,12.0,21.2546,drop_decision_no_action,-1,-1,-1,veh12,0.0,False
4943,21.2546,CAM_DROP_PHY,13541,9,2.0,21.2546,drop_decision_no_action,-1,-1,-1,veh2,0.0,False
4943,21.2546,CAM_DROP_PHY,13541,9,3.0,21.2546,drop_decision_no_action,-1,-1,-1,veh3,0.0,False
4943,21.2546,CAM_DROP_PHY,13541,9,4.0,21.2546,drop_decision_no_action,-1,-1,-1,veh4,0.0,False
4943,21.2546,CAM_DROP_PHY,13541,9,5.0,21.2546,drop_decision_no_action,-1,-1,-1,veh5,0.0,False
4943,21.2546,CAM_DROP_PHY,13541,9,6.0,21.2546,drop_decision_no_action,-1,-1,-1,veh6,0.0,False
4943,21.2546,CAM_DROP_PHY,13541,9,7.0,21.2546,drop_decision_no_action,-1,-1,-1,veh7,0.0,False
4943,21.2546,CAM_DROP_PHY,13541,9,8.0,21.2546,drop_decision_no_action,-1,-1,-1,veh8,0.0,False
4949,21.2673,CAM_DROP_PHY,13548,6,10.0,21.2673,drop_decision_no_action,-1,-1,-1,veh10,0.0,False
4949,21.2673,CAM_DROP_PHY,13548,6,11.0,21.2673,drop_decision_no_action,-1,-1,-1,veh11,0.0,False
4949,21.2673,CAM_DROP_PHY,13548,6,12.0,21.2673,drop_decision_no_action,-1,-1,-1,veh12,0.0,False
4949,21.2673,CAM_DROP_PHY,13548,6,2.0,21.2673,drop_decision_no_action,-1,-1,-1,veh2,0.0,False
4949,21.2673,CAM_DROP_PHY,13548,6,4.0,21.2673,drop_decision_no_action,-1,-1,-1,veh4,0.0,False
4949,21.2673,CAM_DROP_PHY,13548,6,5.0,21.2673,drop_decision_no_action,-1,-1,-1,veh5,0.0,False
4949,21.2673,CAM_DROP_PHY,13548,6,7.0,21.2673,drop_decision_no_action,-1,-1,-1,veh7,0.0,False
4949,21.2673,CAM_DROP_PHY,13548,6,8.0,21.2673,drop_decision_no_action,-1,-1,-1,veh8,0.0,False
4949,21.2673,CAM_DROP_PHY,13548,6,9.0,21.2673,drop_decision_no_action,-1,-1,-1,veh9,0.0,False
4974,21.2746,CPM_DROP_PHY,699721696642,9,10.0,21.2746,drop_decision_no_action,-1,-1,-1,veh10,0.0,False
4974,21.2746,CPM_DROP_PHY,699721696642,9,11.0,21.2746,drop_decision_no_action,-1,-1,-1,veh11,0.0,False
4974,21.2746,CPM_DROP_PHY,699721696642,9,12.0,21.2746,drop_decision_no_action,-1,-1,-1,veh12,0.0,False
4974,21.2746,CPM_DROP_PHY,699721696642,9,2.0,21.2746,drop_decision_no_action,-1,-1,-1,veh2,0.0,False
4974,21.2746,CPM_DROP_PHY,699721696642,9,3.0,21.2746,drop_decision_no_action,-1,-1,-1,veh3,0.0,False
4974,21.2746,CPM_DROP_PHY,699721696642,9,4.0,21.2746,drop_decision_no_action,-1,-1,-1,veh4,0.0,False
4974,21.2746,CPM_DROP_PHY,699721696642,9,5.0,21.2746,drop_decision_no_action,-1,-1,-1,veh5,0.0,False
4974,21.2746,CPM_DROP_PHY,699721696642,9,6.0,21.2746,drop_decision_no_action,-1,-1,-1,veh6,0.0,False
4974,21.2746,CPM_DROP_PHY,699721696642,9,7.0,21.2746,drop_decision_no_action,-1,-1,-1,veh7,0.0,False
4974,21.2746,CPM_DROP_PHY,699721696642,9,8.0,21.2746,drop_decision_no_action,-1,-1,-1,veh8,0.0,False
4983,21.2763,CPM_DROP_PHY,699721696647,4,10.0,21.2763,drop_decision_no_action,-1,-1,-1,veh10,0.0,False
4983,21.2763,CPM_DROP_PHY,699721696647,4,11.0,21.2763,drop_decision_no_action,-1,-1,-1,veh11,0.0,False
4983,21.2763,CPM_DROP_PHY,699721696647,4,12.0,21.2763,drop_decision_no_action,-1,-1,-1,veh12,0.0,False
4983,21.2763,CPM_DROP_PHY,699721696647,4,2.0,21.2763,drop_decision_no_action,-1,-1,-1,veh2,0.0,False
4983,21.2763,CPM_DROP_PHY,699721696647,4,3.0,21.2763,drop_decision_no_action,-1,-1,-1,veh3,0.0,False
4983,21.2763,CPM_DROP_PHY,699721696647,4,5.0,21.2763,drop_decision_no_action,-1,-1,-1,veh5,0.0,False
4983,21.2763,CPM_DROP_PHY,699721696647,4,6.0,21.2763,drop_decision_no_action,-1,-1,-1,veh6,0.0,False
4983,21.2763,CPM_DROP_PHY,699721696647,4,7.0,21.2763,drop_decision_no_action,-1,-1,-1,veh7,0.0,False
4983,21.2763,CPM_DROP_PHY,699721696647,4,8.0,21.2763,drop_decision_no_action,-1,-1,-1,veh8,0.0,False
4983,21.2763,CPM_DROP_PHY,699721696647,4,9.0,21.2763,drop_decision_no_action,-1,-1,-1,veh9,0.0,False
4949,21.2873,CPM_DROP_PHY,699721696639,6,10.0,21.2673,drop_decision_no_action,-1,-1,-1,veh10,-0.019999999999999574,False
4949,21.2873,CPM_DROP_PHY,699721696639,6,11.0,21.2673,drop_decision_no_action,-1,-1,-1,veh11,-0.019999999999999574,False
4949,21.2873,CPM_DROP_PHY,699721696639,6,12.0,21.2673,drop_decision_no_action,-1,-1,-1,veh12,-0.019999999999999574,False
4949,21.2873,CPM_DROP_PHY,699721696639,6,2.0,21.2673,drop_decision_no_action,-1,-1,-1,veh2,-0.019999999999999574,False
4949,21.2873,CPM_DROP_PHY,699721696639,6,4.0,21.2673,drop_decision_no_action,-1,-1,-1,veh4,-0.019999999999999574,False
4949,21.2873,CPM_DROP_PHY,699721696639,6,5.0,21.2673,drop_decision_no_action,-1,-1,-1,veh5,-0.019999999999999574,False
4949,21.2873,CPM_DROP_PHY,699721696639,6,7.0,21.2673,drop_decision_no_action,-1,-1,-1,veh7,-0.019999999999999574,False
4949,21.2873,CPM_DROP_PHY,699721696639,6,8.0,21.2673,drop_decision_no_action,-1,-1,-1,veh8,-0.019999999999999574,False
4949,21.2873,CPM_DROP_PHY,699721696639,6,9.0,21.2673,drop_decision_no_action,-1,-1,-1,veh9,-0.019999999999999574,False
5024,21.2943,CPM_DROP_PHY,699721696673,11,10.0,21.2943,drop_decision_no_action,-1,-1,-1,veh10,0.0,False
5024,21.2943,CPM_DROP_PHY,699721696673,11,12.0,21.2943,drop_decision_no_action,-1,-1,-1,veh12,0.0,False
5024,21.2943,CPM_DROP_PHY,699721696673,11,2.0,21.2943,drop_decision_no_action,-1,-1,-1,veh2,0.0,False
5024,21.2943,CPM_DROP_PHY,699721696673,11,3.0,21.2943,drop_decision_no_action,-1,-1,-1,veh3,0.0,False
5024,21.2943,CPM_DROP_PHY,699721696673,11,4.0,21.2943,drop_decision_no_action,-1,-1,-1,veh4,0.0,False
5024,21.2943,CPM_DROP_PHY,699721696673,11,5.0,21.2943,drop_decision_no_action,-1,-1,-1,veh5,0.0,False
5024,21.2943,CPM_DROP_PHY,699721696673,11,6.0,21.2943,drop_decision_no_action,-1,-1,-1,veh6,0.0,False
5024,21.2943,CPM_DROP_PHY,699721696673,11,7.0,21.2943,drop_decision_no_action,-1,-1,-1,veh7,0.0,False
5024,21.2943,CPM_DROP_PHY,699721696673,11,8.0,21.2943,drop_decision_no_action,-1,-1,-1,veh8,0.0,False
5024,21.2943,CPM_DROP_PHY,699721696673,11,9.0,21.2943,drop_decision_no_action,-1,-1,-1,veh9,0.0,False
5037,21.3128,CAM_DROP_PHY,13656,12,10.0,21.3128,drop_decision_no_action,-1,-1,-1,veh10,0.0,False
5037,21.3128,CAM_DROP_PHY,13656,12,11.0,21.3128,drop_decision_no_action,-1,-1,-1,veh11,0.0,False
5037,21.3128,CAM_DROP_PHY,13656,12,2.0,21.3128,drop_decision_no_action,-1,-1,-1,veh2,0.0,False
5037,21.3128,CAM_DROP_PHY,13656,12,3.0,21.3128,drop_decision_no_action,-1,-1,-1,veh3,0.0,False
5037,21.3128,CAM_DROP_PHY,13656,12,4.0,21.3128,drop_decision_no_action,-1,-1,-1,veh4,0.0,False
5037,21.3128,CAM_DROP_PHY,13656,12,5.0,21.3128,drop_decision_no_action,-1,-1,-1,veh5,0.0,False
5037,21.3128,CAM_DROP_PHY,13656,12,6.0,21.3128,drop_decision_no_action,-1,-1,-1,veh6,0.0,False
5037,21.3128,CAM_DROP_PHY,13656,12,7.0,21.3128,drop_decision_no_action,-1,-1,-1,veh7,0.0,False
5037,21.3128,CAM_DROP_PHY,13656,12,8.0,21.3128,drop_decision_no_action,-1,-1,-1,veh8,0.0,False
5037,21.3128,CAM_DROP_PHY,13656,12,9.0,21.3128,drop_decision_no_action,-1,-1,-1,veh9,0.0,False
5036,21.3143,CAM_DROP_PHY,13600,11,10.0,21.3143,drop_decision_no_action,-1,-1,-1,veh10,0.0,False
5036,21.3143,CAM_DROP_PHY,13600,11,12.0,21.3143,drop_decision_no_action,-1,-1,-1,veh12,0.0,False
5036,21.3143,CAM_DROP_PHY,13600,11,2.0,21.3143,drop_decision_no_action,-1,-1,-1,veh2,0.0,False
5036,21.3143,CAM_DROP_PHY,13600,11,3.0,21.3143,drop_decision_no_action,-1,-1,-1,veh3,0.0,False
5036,21.3143,CAM_DROP_PHY,13600,11,4.0,21.3143,drop_decision_no_action,-1,-1,-1,veh4,0.0,False
5036,21.3143,CAM_DROP_PHY,13600,11,5.0,21.3143,drop_decision_no_action,-1,-1,-1,veh5,0.0,False
5036,21.3143,CAM_DROP_PHY,13600,11,6.0,21.3143,drop_decision_no_action,-1,-1,-1,veh6,0.0,False
5036,21.3143,CAM_DROP_PHY,13600,11,7.0,21.3143,drop_decision_no_action,-1,-1,-1,veh7,0.0,False
5036,21.3143,CAM_DROP_PHY,13600,11,8.0,21.3143,drop_decision_no_action,-1,-1,-1,veh8,0.0,False
5036,21.3143,CAM_DROP_PHY,13600,11,9.0,21.3143,drop_decision_no_action,-1,-1,-1,veh9,0.0,False
5064,21.3238,CPM_DROP_PHY,699721696758,5,2.0,21.3238,drop_decision_no_action,-1,-1,-1,veh2,0.0,False
5064,21.3238,CPM_DROP_PHY,699721696758,5,3.0,21.3238,drop_decision_no_action,-1,-1,-1,veh3,0.0,False
5064,21.3238,CPM_DROP_PHY,699721696758,5,4.0,21.3238,drop_decision_no_action,-1,-1,-1,veh4,0.0,False
5064,21.3238,CPM_DROP_PHY,699721696758,5,6.0,21.3238,drop_decision_no_action,-1,-1,-1,veh6,0.0,False
5064,21.3238,CPM_DROP_PHY,699721696758,5,7.0,21.3238,drop_decision_no_action,-1,-1,-1,veh7,0.0,False
5064,21.3238,CPM_DROP_PHY,699721696758,5,9.0,21.3238,drop_decision_no_action,-1,-1,-1,veh9,0.0,False
5049,21.3276,CPM_DROP_PHY,699721696743,10,11.0,21.3276,drop_decision_no_action,-1,-1,-1,veh11,0.0,False
5049,21.3276,CPM_DROP_PHY,699721696743,10,12.0,21.3276,drop_decision_no_action,-1,-1,-1,veh12,0.0,False
5049,21.3276,CPM_DROP_PHY,699721696743,10,2.0,21.3276,drop_decision_no_action,-1,-1,-1,veh2,0.0,False
5049,21.3276,CPM_DROP_PHY,699721696743,10,3.0,21.3276,drop_decision_no_action,-1,-1,-1,veh3,0.0,False
5049,21.3276,CPM_DROP_PHY,699721696743,10,4.0,21.3276,drop_decision_no_action,-1,-1,-1,veh4,0.0,False
5049,21.3276,CPM_DROP_PHY,699721696743,10,5.0,21.3276,drop_decision_no_action,-1,-1,-1,veh5,0.0,False
5049,21.3276,CPM_DROP_PHY,699721696743,10,6.0,21.3276,drop_decision_no_action,-1,-1,-1,veh6,0.0,False
5049,21.3276,CPM_DROP_PHY,699721696743,10,7.0,21.3276,drop_decision_no_action,-1,-1,-1,veh7,0.0,False
5049,21.3276,CPM_DROP_PHY,699721696743,10,8.0,21.3276,drop_decision_no_action,-1,-1,-1,veh8,0.0,False
5049,21.3276,CPM_DROP_PHY,699721696743,10,9.0,21.3276,drop_decision_no_action,-1,-1,-1,veh9,0.0,False
5062,21.3363,CAM_DROP_PHY,13672,4,10.0,21.3363,drop_decision_no_action,-1,-1,-1,veh10,0.0,False
5062,21.3363,CAM_DROP_PHY,13672,4,11.0,21.3363,drop_decision_no_action,-1,-1,-1,veh11,0.0,False
5062,21.3363,CAM_DROP_PHY,13672,4,12.0,21.3363,drop_decision_no_action,-1,-1,-1,veh12,0.0,False
5062,21.3363,CAM_DROP_PHY,13672,4,2.0,21.3363,drop_decision_no_action,-1,-1,-1,veh2,0.0,False
5062,21.3363,CAM_DROP_PHY,13672,4,3.0,21.3363,drop_decision_no_action,-1,-1,-1,veh3,0.0,False
5062,21.3363,CAM_DROP_PHY,13672,4,5.0,21.3363,drop_decision_no_action,-1,-1,-1,veh5,0.0,False
5062,21.3363,CAM_DROP_PHY,13672,4,6.0,21.3363,drop_decision_no_action,-1,-1,-1,veh6,0.0,False
5062,21.3363,CAM_DROP_PHY,13672,4,7.0,21.3363,drop_decision_no_action,-1,-1,-1,veh7,0.0,False
5062,21.3363,CAM_DROP_PHY,13672,4,8.0,21.3363,drop_decision_no_action,-1,-1,-1,veh8,0.0,False
5062,21.3363,CAM_DROP_PHY,13672,4,9.0,21.3363,drop_decision_no_action,-1,-1,-1,veh9,0.0,False
5082,21.3446,CAM_DROP_PHY,13687,8,11.0,21.3446,drop_decision_no_action,-1,-1,-1,veh11,0.0,False
5082,21.3446,CAM_DROP_PHY,13687,8,12.0,21.3446,drop_decision_no_action,-1,-1,-1,veh12,0.0,False
5082,21.3446,CAM_DROP_PHY,13687,8,2.0,21.3446,drop_decision_no_action,-1,-1,-1,veh2,0.0,False
5082,21.3446,CAM_DROP_PHY,13687,8,3.0,21.3446,drop_decision_no_action,-1,-1,-1,veh3,0.0,False
5082,21.3446,CAM_DROP_PHY,13687,8,4.0,21.3446,drop_decision_no_action,-1,-1,-1,veh4,0.0,False
5082,21.3446,CAM_DROP_PHY,13687,8,5.0,21.3446,drop_decision_no_action,-1,-1,-1,veh5,0.0,False
5082,21.3446,CAM_DROP_PHY,13687,8,6.0,21.3446,drop_decision_no_action,-1,-1,-1,veh6,0.0,False
5082,21.3446,CAM_DROP_PHY,13687,8,7.0,21.3446,drop_decision_no_action,-1,-1,-1,veh7,0.0,False
5082,21.3446,CAM_DROP_PHY,13687,8,9.0,21.3446,drop_decision_no_action,-1,-1,-1,veh9,0.0,False
5091,21.3473,CPM_DROP_PHY,699721696773,3,10.0,21.3473,drop_decision_no_action,-1,-1,-1,veh10,0.0,False
5091,21.3473,CPM_DROP_PHY,699721696773,3,11.0,21.3473,drop_decision_no_action,-1,-1,-1,veh11,0.0,False
5091,21.3473,CPM_DROP_PHY,699721696773,3,12.0,21.3473,drop_decision_no_action,-1,-1,-1,veh12,0.0,False
5091,21.3473,CPM_DROP_PHY,699721696773,3,2.0,21.3473,drop_decision_no_action,-1,-1,-1,veh2,0.0,False
5091,21.3473,CPM_DROP_PHY,699721696773,3,4.0,21.3473,drop_decision_no_action,-1,-1,-1,veh4,0.0,False
5091,21.3473,CPM_DROP_PHY,699721696773,3,5.0,21.3473,drop_decision_no_action,-1,-1,-1,veh5,0.0,False
4916,21.3473,CPM_DROP_PHY,699721696603,3,6.0,21.3473,drop_decision_no_action,-1,-1,-1,veh6,0.0,False
5091,21.3473,CPM_DROP_PHY,699721696773,3,6.0,21.3473,drop_decision_no_action,-1,-1,-1,veh6,0.0,False
5091,21.3473,CPM_DROP_PHY,699721696773,3,7.0,21.3473,drop_decision_no_action,-1,-1,-1,veh7,0.0,False
5091,21.3473,CPM_DROP_PHY,699721696773,3,8.0,21.3473,drop_decision_no_action,-1,-1,-1,veh8,0.0,False
5091,21.3473,CPM_DROP_PHY,699721696773,3,9.0,21.3473,drop_decision_no_action,-1,-1,-1,veh9,0.0,False
5122,21.3528,CPM_DROP_PHY,699721696794,12,10.0,21.3528,drop_decision_no_action,-1,-1,-1,veh10,0.0,False
5122,21.3528,CPM_DROP_PHY,699721696794,12,11.0,21.3528,drop_decision_no_action,-1,-1,-1,veh11,0.0,False
5122,21.3528,CPM_DROP_PHY,699721696794,12,2.0,21.3528,drop_decision_no_action,-1,-1,-1,veh2,0.0,False
5122,21.3528,CPM_DROP_PHY,699721696794,12,3.0,21.3528,drop_decision_no_action,-1,-1,-1,veh3,0.0,False
5122,21.3528,CPM_DROP_PHY,699721696794,12,4.0,21.3528,drop_decision_no_action,-1,-1,-1,veh4,0.0,False
5122,21.3528,CPM_DROP_PHY,699721696794,12,5.0,21.3528,drop_decision_no_action,-1,-1,-1,veh5,0.0,False
5122,21.3528,CPM_DROP_PHY,699721696794,12,6.0,21.3528,drop_decision_no_action,-1,-1,-1,veh6,0.0,False
5122,21.3528,CPM_DROP_PHY,699721696794,12,7.0,21.3528,drop_decision_no_action,-1,-1,-1,veh7,0.0,False
5122,21.3528,CPM_DROP_PHY,699721696794,12,8.0,21.3528,drop_decision_no_action,-1,-1,-1,veh8,0.0,False
5122,21.3528,CPM_DROP_PHY,699721696794,12,9.0,21.3528,drop_decision_no_action,-1,-1,-1,veh9,0.0,False
5092,21.3538,CPM_DROP_PHY,699721696776,7,10.0,21.3538,drop_decision_no_action,-1,-1,-1,veh10,0.0,False
5092,21.3538,CPM_DROP_PHY,699721696776,7,11.0,21.3538,drop_decision_no_action,-1,-1,-1,veh11,0.0,False
5092,21.3538,CPM_DROP_PHY,699721696776,7,12.0,21.3538,drop_decision_no_action,-1,-1,-1,veh12,0.0,False
5092,21.3538,CPM_DROP_PHY,699721696776,7,2.0,21.3538,drop_decision_no_action,-1,-1,-1,veh2,0.0,False
5092,21.3538,CPM_DROP_PHY,699721696776,7,3.0,21.3538,drop_decision_no_action,-1,-1,-1,veh3,0.0,False
5092,21.3538,CPM_DROP_PHY,699721696776,7,4.0,21.3538,drop_decision_no_action,-1,-1,-1,veh4,0.0,False
5092,21.3538,CPM_DROP_PHY,699721696776,7,5.0,21.3538,drop_decision_no_action,-1,-1,-1,veh5,0.0,False
5092,21.3538,CPM_DROP_PHY,699721696776,7,6.0,21.3538,drop_decision_no_action,-1,-1,-1,veh6,0.0,False
5092,21.3538,CPM_DROP_PHY,699721696776,7,8.0,21.3538,drop_decision_no_action,-1,-1,-1,veh8,0.0,False
5092,21.3538,CPM_DROP_PHY,699721696776,7,9.0,21.3538,drop_decision_no_action,-1,-1,-1,veh9,0.0,False
5143,21.3673,CPM_DROP_PHY,699721696806,6,10.0,21.3673,drop_decision_no_action,-1,-1,-1,veh10,0.0,False
5143,21.3673,CPM_DROP_PHY,699721696806,6,11.0,21.3673,drop_decision_no_action,-1,-1,-1,veh11,0.0,False
5143,21.3673,CPM_DROP_PHY,699721696806,6,12.0,21.3673,drop_decision_no_action,-1,-1,-1,veh12,0.0,False
5143,21.3673,CPM_DROP_PHY,699721696806,6,2.0,21.3673,drop_decision_no_action,-1,-1,-1,veh2,0.0,False
4949,21.3673,CAM_DROP_PHY,13548,6,3.0,21.3673,drop_decision_no_action,-1,-1,-1,veh3,0.0,False
4949,21.3673,CPM_DROP_PHY,699721696639,6,3.0,21.3673,drop_decision_no_action,-1,-1,-1,veh3,0.0,False
5143,21.3673,CPM_DROP_PHY,699721696806,6,3.0,21.3673,drop_decision_no_action,-1,-1,-1,veh3,0.0,False
5143,21.3673,CPM_DROP_PHY,699721696806,6,4.0,21.3673,drop_decision_no_action,-1,-1,-1,veh4,0.0,False
5143,21.3673,CPM_DROP_PHY,699721696806,6,5.0,21.3673,drop_decision_no_action,-1,-1,-1,veh5,0.0,False
5143,21.3673,CPM_DROP_PHY,699721696806,6,7.0,21.3673,drop_decision_no_action,-1,-1,-1,veh7,0.0,False
5143,21.3673,CPM_DROP_PHY,699721696806,6,8.0,21.3673,drop_decision_no_action,-1,-1,-1,veh8,0.0,False
5143,21.3673,CPM_DROP_PHY,699721696806,6,9.0,21.3673,drop_decision_no_action,-1,-1,-1,veh9,0.0,False
5151,21.3701,CPM_DROP_PHY,699721696816,4,10.0,21.3701,drop_decision_no_action,-1,-1,-1,veh10,0.0,False
5151,21.3701,CPM_DROP_PHY,699721696816,4,11.0,21.3701,drop_decision_no_action,-1,-1,-1,veh11,0.0,False
5151,21.3701,CPM_DROP_PHY,699721696816,4,12.0,21.3701,drop_decision_no_action,-1,-1,-1,veh12,0.0,False
5151,21.3701,CPM_DROP_PHY,699721696816,4,2.0,21.3701,drop_decision_no_action,-1,-1,-1,veh2,0.0,False
5151,21.3701,CPM_DROP_PHY,699721696816,4,3.0,21.3701,drop_decision_no_action,-1,-1,-1,veh3,0.0,False
5151,21.3701,CPM_DROP_PHY,699721696816,4,5.0,21.3701,drop_decision_no_action,-1,-1,-1,veh5,0.0,False
5151,21.3701,CPM_DROP_PHY,699721696816,4,6.0,21.3701,drop_decision_no_action,-1,-1,-1,veh6,0.0,False
5151,21.3701,CPM_DROP_PHY,699721696816,4,7.0,21.3701,drop_decision_no_action,-1,-1,-1,veh7,0.0,False
5151,21.3701,CPM_DROP_PHY,699721696816,4,8.0,21.3701,drop_decision_no_action,-1,-1,-1,veh8,0.0,False
5151,21.3701,CPM_DROP_PHY,699721696816,4,9.0,21.3701,drop_decision_no_action,-1,-1,-1,veh9,0.0,False
5092,21.3738,CAM_DROP_PHY,13703,7,10.0,21.3538,drop_decision_no_action,-1,-1,-1,veh10,-0.019999999999999574,False
5092,21.3738,CAM_DROP_PHY,13703,7,11.0,21.3538,drop_decision_no_action,-1,-1,-1,veh11,-0.019999999999999574,False
5092,21.3738,CAM_DROP_PHY,13703,7,12.0,21.3538,drop_decision_no_action,-1,-1,-1,veh12,-0.019999999999999574,False
5092,21.3738,CAM_DROP_PHY,13703,7,2.0,21.3538,drop_decision_no_action,-1,-1,-1,veh2,-0.019999999999999574,False
5092,21.3738,CAM_DROP_PHY,13703,7,3.0,21.3538,drop_decision_no_action,-1,-1,-1,veh3,-0.019999999999999574,False
5092,21.3738,CAM_DROP_PHY,13703,7,4.0,21.3538,drop_decision_no_action,-1,-1,-1,veh4,-0.019999999999999574,False
5092,21.3738,CAM_DROP_PHY,13703,7,5.0,21.3538,drop_decision_no_action,-1,-1,-1,veh5,-0.019999999999999574,False
5092,21.3738,CAM_DROP_PHY,13703,7,8.0,21.3538,drop_decision_no_action,-1,-1,-1,veh8,-0.019999999999999574,False
5092,21.3738,CAM_DROP_PHY,13703,7,9.0,21.3538,drop_decision_no_action,-1,-1,-1,veh9,-0.019999999999999574,False
5144,21.3746,CPM_DROP_PHY,699721696810,9,10.0,21.3746,drop_decision_no_action,-1,-1,-1,veh10,0.0,False
5144,21.3746,CPM_DROP_PHY,699721696810,9,11.0,21.3746,drop_decision_no_action,-1,-1,-1,veh11,0.0,False
5144,21.3746,CPM_DROP_PHY,699721696810,9,12.0,21.3746,drop_decision_no_action,-1,-1,-1,veh12,0.0,False
5144,21.3746,CPM_DROP_PHY,699721696810,9,2.0,21.3746,drop_decision_no_action,-1,-1,-1,veh2,0.0,False
5144,21.3746,CPM_DROP_PHY,699721696810,9,3.0,21.3746,drop_decision_no_action,-1,-1,-1,veh3,0.0,False
5144,21.3746,CPM_DROP_PHY,699721696810,9,4.0,21.3746,drop_decision_no_action,-1,-1,-1,veh4,0.0,False
5144,21.3746,CPM_DROP_PHY,699721696810,9,5.0,21.3746,drop_decision_no_action,-1,-1,-1,veh5,0.0,False
5144,21.3746,CPM_DROP_PHY,699721696810,9,6.0,21.3746,drop_decision_no_action,-1,-1,-1,veh6,0.0,False
5144,21.3746,CPM_DROP_PHY,699721696810,9,7.0,21.3746,drop_decision_no_action,-1,-1,-1,veh7,0.0,False
5144,21.3746,CPM_DROP_PHY,699721696810,9,8.0,21.3746,drop_decision_no_action,-1,-1,-1,veh8,0.0,False
5179,21.3876,CAM_DROP_PHY,13752,10,11.0,21.3876,drop_decision_no_action,-1,-1,-1,veh11,0.0,False
5179,21.3876,CAM_DROP_PHY,13752,10,12.0,21.3876,drop_decision_no_action,-1,-1,-1,veh12,0.0,False
5179,21.3876,CAM_DROP_PHY,13752,10,2.0,21.3876,drop_decision_no_action,-1,-1,-1,veh2,0.0,False
5179,21.3876,CAM_DROP_PHY,13752,10,3.0,21.3876,drop_decision_no_action,-1,-1,-1,veh3,0.0,False
5179,21.3876,CAM_DROP_PHY,13752,10,4.0,21.3876,drop_decision_no_action,-1,-1,-1,veh4,0.0,False
5179,21.3876,CAM_DROP_PHY,13752,10,5.0,21.3876,drop_decision_no_action,-1,-1,-1,veh5,0.0,False
5179,21.3876,CAM_DROP_PHY,13752,10,6.0,21.3876,drop_decision_no_action,-1,-1,-1,veh6,0.0,False
5179,21.3876,CAM_DROP_PHY,13752,10,7.0,21.3876,drop_decision_no_action,-1,-1,-1,veh7,0.0,False
5179,21.3876,CAM_DROP_PHY,13752,10,8.0,21.3876,drop_decision_no_action,-1,-1,-1,veh8,0.0,False
5179,21.3876,CAM_DROP_PHY,13752,10,9.0,21.3876,drop_decision_no_action,-1,-1,-1,veh9,0.0,False
5202,21.3943,CPM_DROP_PHY,699721696846,11,10.0,21.3943,drop_decision_no_action,-1,-1,-1,veh10,0.0,False
5202,21.3943,CPM_DROP_PHY,699721696846,11,12.0,21.3943,drop_decision_no_action,-1,-1,-1,veh12,0.0,False
5202,21.3943,CPM_DROP_PHY,699721696846,11,2.0,21.3943,drop_decision_no_action,-1,-1,-1,veh2,0.0,False
5202,21.3943,CPM_DROP_PHY,699721696846,11,3.0,21.3943,drop_decision_no_action,-1,-1,-1,veh3,0.0,False
5202,21.3943,CPM_DROP_PHY,699721696846,11,4.0,21.3943,drop_decision_no_action,-1,-1,-1,veh4,0.0,False
5202,21.3943,CPM_DROP_PHY,699721696846,11,5.0,21.3943,drop_decision_no_action,-1,-1,-1,veh5,0.0,False
5202,21.3943,CPM_DROP_PHY,699721696846,11,6.0,21.3943,drop_decision_no_action,-1,-1,-1,veh6,0.0,False
5202,21.3943,CPM_DROP_PHY,699721696846,11,7.0,21.3943,drop_decision_no_action,-1,-1,-1,veh7,0.0,False
5202,21.3943,CPM_DROP_PHY,699721696846,11,8.0,21.3943,drop_decision_no_action,-1,-1,-1,veh8,0.0,False
5202,21.3943,CPM_DROP_PHY,699721696846,11,9.0,21.3943,drop_decision_no_action,-1,-1,-1,veh9,0.0,False
5209,21.4093,CAM_DROP_PHY,13770,2,10.0,21.4093,drop_decision_no_action,-1,-1,-1,veh10,0.0,False
5209,21.4093,CAM_DROP_PHY,13770,2,12.0,21.4093,drop_decision_no_action,-1,-1,-1,veh12,0.0,False
5209,21.4093,CAM_DROP_PHY,13770,2,3.0,21.4093,drop_decision_no_action,-1,-1,-1,veh3,0.0,False
5209,21.4093,CAM_DROP_PHY,13770,2,4.0,21.4093,drop_decision_no_action,-1,-1,-1,veh4,0.0,False
5209,21.4093,CAM_DROP_PHY,13770,2,5.0,21.4093,drop_decision_no_action,-1,-1,-1,veh5,0.0,False
5209,21.4093,CAM_DROP_PHY,13770,2,6.0,21.4093,drop_decision_no_action,-1,-1,-1,veh6,0.0,False
5209,21.4093,CAM_DROP_PHY,13770,2,7.0,21.4093,drop_decision_no_action,-1,-1,-1,veh7,0.0,False
5209,21.4093,CAM_DROP_PHY,13770,2,8.0,21.4093,drop_decision_no_action,-1,-1,-1,veh8,0.0,False
5209,21.4093,CAM_DROP_PHY,13770,2,9.0,21.4093,drop_decision_no_action,-1,-1,-1,veh9,0.0,False
5064,21.4238,CPM_DROP_PHY,699721696758,5,10.0,21.4238,drop_decision_no_action,-1,-1,-1,veh10,0.0,False
5237,21.4238,CPM_DROP_PHY,699721696934,5,10.0,21.4238,drop_decision_no_action,-1,-1,-1,veh10,0.0,False
5064,21.4238,CPM_DROP_PHY,699721696758,5,11.0,21.4238,drop_decision_no_action,-1,-1,-1,veh11,0.0,False
5237,21.4238,CPM_DROP_PHY,699721696934,5,11.0,21.4238,drop_decision_no_action,-1,-1,-1,veh11,0.0,False
5064,21.4238,CPM_DROP_PHY,699721696758,5,12.0,21.4238,drop_decision_no_action,-1,-1,-1,veh12,0.0,False
5237,21.4238,CPM_DROP_PHY,699721696934,5,12.0,21.4238,drop_decision_no_action,-1,-1,-1,veh12,0.0,False
5237,21.4238,CPM_DROP_PHY,699721696934,5,2.0,21.4238,drop_decision_no_action,-1,-1,-1,veh2,0.0,False
5237,21.4238,CPM_DROP_PHY,699721696934,5,3.0,21.4238,drop_decision_no_action,-1,-1,-1,veh3,0.0,False
5237,21.4238,CPM_DROP_PHY,699721696934,5,4.0,21.4238,drop_decision_no_action,-1,-1,-1,veh4,0.0,False
5237,21.4238,CPM_DROP_PHY,699721696934,5,6.0,21.4238,drop_decision_no_action,-1,-1,-1,veh6,0.0,False
5237,21.4238,CPM_DROP_PHY,699721696934,5,7.0,21.4238,drop_decision_no_action,-1,-1,-1,veh7,0.0,False
5064,21.4238,CPM_DROP_PHY,699721696758,5,8.0,21.4238,drop_decision_no_action,-1,-1,-1,veh8,0.0,False
5237,21.4238,CPM_DROP_PHY,699721696934,5,8.0,21.4238,drop_decision_no_action,-1,-1,-1,veh8,0.0,False
5237,21.4238,CPM_DROP_PHY,699721696934,5,9.0,21.4238,drop_decision_no_action,-1,-1,-1,veh9,0.0,False
5223,21.4276,CPM_DROP_PHY,699721696919,10,11.0,21.4276,drop_decision_no_action,-1,-1,-1,veh11,0.0,False
5223,21.4276,CPM_DROP_PHY,699721696919,10,12.0,21.4276,drop_decision_no_action,-1,-1,-1,veh12,0.0,False
5223,21.4276,CPM_DROP_PHY,699721696919,10,3.0,21.4276,drop_decision_no_action,-1,-1,-1,veh3,0.0,False
5223,21.4276,CPM_DROP_PHY,699721696919,10,4.0,21.4276,drop_decision_no_action,-1,-1,-1,veh4,0.0,False
5223,21.4276,CPM_DROP_PHY,699721696919,10,5.0,21.4276,drop_decision_no_action,-1,-1,-1,veh5,0.0,False
5223,21.4276,CPM_DROP_PHY,699721696919,10,6.0,21.4276,drop_decision_no_action,-1,-1,-1,veh6,0.0,False
5223,21.4276,CPM_DROP_PHY,699721696919,10,7.0,21.4276,drop_decision_no_action,-1,-1,-1,veh7,0.0,False
5223,21.4276,CPM_DROP_PHY,699721696919,10,8.0,21.4276,drop_decision_no_action,-1,-1,-1,veh8,0.0,False
5223,21.4276,CPM_DROP_PHY,699721696919,10,9.0,21.4276,drop_decision_no_action,-1,-1,-1,veh9,0.0,False
5234,21.4301,CAM_DROP_PHY,13848,4,10.0,21.4301,drop_decision_no_action,-1,-1,-1,veh10,0.0,False
5234,21.4301,CAM_DROP_PHY,13848,4,11.0,21.4301,drop_decision_no_action,-1,-1,-1,veh11,0.0,False
5234,21.4301,CAM_DROP_PHY,13848,4,12.0,21.4301,drop_decision_no_action,-1,-1,-1,veh12,0.0,False
5234,21.4301,CAM_DROP_PHY,13848,4,2.0,21.4301,drop_decision_no_action,-1,-1,-1,veh2,0.0,False
5234,21.4301,CAM_DROP_PHY,13848,4,3.0,21.4301,drop_decision_no_action,-1,-1,-1,veh3,0.0,False
5234,21.4301,CAM_DROP_PHY,13848,4,5.0,21.4301,drop_decision_no_action,-1,-1,-1,veh5,0.0,False
5234,21.4301,CAM_DROP_PHY,13848,4,6.0,21.4301,drop_decision_no_action,-1,-1,-1,veh6,0.0,False
5234,21.4301,CAM_DROP_PHY,13848,4,7.0,21.4301,drop_decision_no_action,-1,-1,-1,veh7,0.0,False
5234,21.4301,CAM_DROP_PHY,13848,4,8.0,21.4301,drop_decision_no_action,-1,-1,-1,veh8,0.0,False
5234,21.4301,CAM_DROP_PHY,13848,4,9.0,21.4301,drop_decision_no_action,-1,-1,-1,veh9,0.0,False
5223,21.4438,CPM_DROP_PHY,699721696919,10,2.0,21.4438,drop_decision_no_action,-1,-1,-1,veh2,0.0,False
5260,21.4473,CAM_DROP_PHY,13866,3,10.0,21.4473,drop_decision_no_action,-1,-1,-1,veh10,0.0,False
5260,21.4473,CAM_DROP_PHY,13866,3,11.0,21.4473,drop_decision_no_action,-1,-1,-1,veh11,0.0,False
5260,21.4473,CAM_DROP_PHY,13866,3,12.0,21.4473,drop_decision_no_action,-1,-1,-1,veh12,0.0,False
5260,21.4473,CAM_DROP_PHY,13866,3,2.0,21.4473,drop_decision_no_action,-1,-1,-1,veh2,0.0,False
5260,21.4473,CAM_DROP_PHY,13866,3,4.0,21.4473,drop_decision_no_action,-1,-1,-1,veh4,0.0,False
5260,21.4473,CAM_DROP_PHY,13866,3,5.0,21.4473,drop_decision_no_action,-1,-1,-1,veh5,0.0,False
5260,21.4473,CAM_DROP_PHY,13866,3,6.0,21.4473,drop_decision_no_action,-1,-1,-1,veh6,0.0,False
5260,21.4473,CAM_DROP_PHY,13866,3,7.0,21.4473,drop_decision_no_action,-1,-1,-1,veh7,0.0,False
5260,21.4473,CAM_DROP_PHY,13866,3,8.0,21.4473,drop_decision_no_action,-1,-1,-1,veh8,0.0,False
5260,21.4473,CAM_DROP_PHY,13866,3,9.0,21.4473,drop_decision_no_action,-1,-1,-1,veh9,0.0,False
5287,21.4528,CPM_DROP_PHY,699721696973,12,10.0,21.4528,drop_decision_no_action,-1,-1,-1,veh10,0.0,False
5287,21.4528,CPM_DROP_PHY,699721696973,12,11.0,21.4528,drop_decision_no_action,-1,-1,-1,veh11,0.0,False
5287,21.4528,CPM_DROP_PHY,699721696973,12,2.0,21.4528,drop_decision_no_action,-1,-1,-1,veh2,0.0,False
5287,21.4528,CPM_DROP_PHY,699721696973,12,3.0,21.4528,drop_decision_no_action,-1,-1,-1,veh3,0.0,False
5287,21.4528,CPM_DROP_PHY,699721696973,12,4.0,21.4528,drop_decision_no_action,-1,-1,-1,veh4,0.0,False
5287,21.4528,CPM_DROP_PHY,699721696973,12,5.0,21.4528,drop_decision_no_action,-1,-1,-1,veh5,0.0,False
5287,21.4528,CPM_DROP_PHY,699721696973,12,6.0,21.4528,drop_decision_no_action,-1,-1,-1,veh6,0.0,False
5287,21.4528,CPM_DROP_PHY,699721696973,12,7.0,21.4528,drop_decision_no_action,-1,-1,-1,veh7,0.0,False
5287,21.4528,CPM_DROP_PHY,699721696973,12,8.0,21.4528,drop_decision_no_action,-1,-1,-1,veh8,0.0,False
5287,21.4528,CPM_DROP_PHY,699721696973,12,9.0,21.4528,drop_decision_no_action,-1,-1,-1,veh9,0.0,False
5265,21.4538,CPM_DROP_PHY,699721696954,7,10.0,21.4538,drop_decision_no_action,-1,-1,-1,veh10,0.0,False
5265,21.4538,CPM_DROP_PHY,699721696954,7,11.0,21.4538,drop_decision_no_action,-1,-1,-1,veh11,0.0,False
5265,21.4538,CPM_DROP_PHY,699721696954,7,12.0,21.4538,drop_decision_no_action,-1,-1,-1,veh12,0.0,False
5265,21.4538,CPM_DROP_PHY,699721696954,7,2.0,21.4538,drop_decision_no_action,-1,-1,-1,veh2,0.0,False
5265,21.4538,CPM_DROP_PHY,699721696954,7,3.0,21.4538,drop_decision_no_action,-1,-1,-1,veh3,0.0,False
5265,21.4538,CPM_DROP_PHY,699721696954,7,4.0,21.4538,drop_decision_no_action,-1,-1,-1,veh4,0.0,False
5265,21.4538,CPM_DROP_PHY,699721696954,7,5.0,21.4538,drop_decision_no_action,-1,-1,-1,veh5,0.0,False
5265,21.4538,CPM_DROP_PHY,699721696954,7,8.0,21.4538,drop_decision_no_action,-1,-1,-1,veh8,0.0,False
5265,21.4538,CPM_DROP_PHY,699721696954,7,9.0,21.4538,drop_decision_no_action,-1,-1,-1,veh9,0.0,False
5285,21.4546,CAM_DROP_PHY,13890,9,10.0,21.4546,drop_decision_no_action,-1,-1,-1,veh10,0.0,False
5285,21.4546,CAM_DROP_PHY,13890,9,11.0,21.4546,drop_decision_no_action,-1,-1,-1,veh11,0.0,False
5285,21.4546,CAM_DROP_PHY,13890,9,12.0,21.4546,drop_decision_no_action,-1,-1,-1,veh12,0.0,False
5285,21.4546,CAM_DROP_PHY,13890,9,2.0,21.4546,drop_decision_no_action,-1,-1,-1,veh2,0.0,False
5285,21.4546,CAM_DROP_PHY,13890,9,3.0,21.4546,drop_decision_no_action,-1,-1,-1,veh3,0.0,False
5285,21.4546,CAM_DROP_PHY,13890,9,4.0,21.4546,drop_decision_no_action,-1,-1,-1,veh4,0.0,False
5285,21.4546,CAM_DROP_PHY,13890,9,5.0,21.4546,drop_decision_no_action,-1,-1,-1,veh5,0.0,False
5285,21.4546,CAM_DROP_PHY,13890,9,6.0,21.4546,drop_decision_no_action,-1,-1,-1,veh6,0.0,False
5285,21.4546,CAM_DROP_PHY,13890,9,7.0,21.4546,drop_decision_no_action,-1,-1,-1,veh7,0.0,False
5285,21.4636,CAM_DROP_PHY,13890,9,8.0,21.4636,drop_decision_no_action,-1,-1,-1,veh8,0.0,False
5260,21.4673,CPM_DROP_PHY,699721696950,3,10.0,21.4473,drop_decision_no_action,-1,-1,-1,veh10,-0.020000000000003126,False
5308,21.4673,CPM_DROP_PHY,699721696985,6,10.0,21.4673,drop_decision_no_action,-1,-1,-1,veh10,0.0,False
5260,21.4673,CPM_DROP_PHY,699721696950,3,11.0,21.4473,drop_decision_no_action,-1,-1,-1,veh11,-0.020000000000003126,False
5308,21.4673,CPM_DROP_PHY,699721696985,6,11.0,21.4673,drop_decision_no_action,-1,-1,-1,veh11,0.0,False
5260,21.4673,CPM_DROP_PHY,699721696950,3,12.0,21.4473,drop_decision_no_action,-1,-1,-1,veh12,-0.020000000000003126,False
5308,21.4673,CPM_DROP_PHY,699721696985,6,12.0,21.4673,drop_decision_no_action,-1,-1,-1,veh12,0.0,False
5260,21.4673,CPM_DROP_PHY,699721696950,3,2.0,21.4473,drop_decision_no_action,-1,-1,-1,veh2,-0.020000000000003126,False
5308,21.4673,CPM_DROP_PHY,699721696985,6,2.0,21.4673,drop_decision_no_action,-1,-1,-1,veh2,0.0,False
5260,21.4673,CPM_DROP_PHY,699721696950,3,4.0,21.4473,drop_decision_no_action,-1,-1,-1,veh4,-0.020000000000003126,False
5308,21.4673,CPM_DROP_PHY,699721696985,6,4.0,21.4673,drop_decision_no_action,-1,-1,-1,veh4,0.0,False
5260,21.4673,CPM_DROP_PHY,699721696950,3,5.0,21.4473,drop_decision_no_action,-1,-1,-1,veh5,-0.020000000000003126,False
5308,21.4673,CPM_DROP_PHY,699721696985,6,5.0,21.4673,drop_decision_no_action,-1,-1,-1,veh5,0.0,False
5260,21.4673,CPM_DROP_PHY,699721696950,3,7.0,21.4473,drop_decision_no_action,-1,-1,-1,veh7,-0.020000000000003126,False
5308,21.4673,CPM_DROP_PHY,699721696985,6,7.0,21.4673,drop_decision_no_action,-1,-1,-1,veh7,0.0,False
5260,21.4673,CPM_DROP_PHY,699721696950,3,8.0,21.4473,drop_decision_no_action,-1,-1,-1,veh8,-0.020000000000003126,False
5308,21.4673,CPM_DROP_PHY,699721696985,6,8.0,21.4673,drop_decision_no_action,-1,-1,-1,veh8,0.0,False
5260,21.4673,CPM_DROP_PHY,699721696950,3,9.0,21.4473,drop_decision_no_action,-1,-1,-1,veh9,-0.020000000000003126,False
5308,21.4673,CPM_DROP_PHY,699721696985,6,9.0,21.4673,drop_decision_no_action,-1,-1,-1,veh9,0.0,False
5318,21.4701,CPM_DROP_PHY,699721696993,4,10.0,21.4701,drop_decision_no_action,-1,-1,-1,veh10,0.0,False
5318,21.4701,CPM_DROP_PHY,699721696993,4,11.0,21.4701,drop_decision_no_action,-1,-1,-1,veh11,0.0,False
5318,21.4701,CPM_DROP_PHY,699721696993,4,12.0,21.4701,drop_decision_no_action,-1,-1,-1,veh12,0.0,False
5318,21.4701,CPM_DROP_PHY,699721696993,4,2.0,21.4701,drop_decision_no_action,-1,-1,-1,veh2,0.0,False
5318,21.4701,CPM_DROP_PHY,699721696993,4,3.0,21.4701,drop_decision_no_action,-1,-1,-1,veh3,0.0,False
5318,21.4701,CPM_DROP_PHY,699721696993,4,5.0,21.4701,drop_decision_no_action,-1,-1,-1,veh5,0.0,False
5318,21.4701,CPM_DROP_PHY,699721696993,4,6.0,21.4701,drop_decision_no_action,-1,-1,-1,veh6,0.0,False
5318,21.4701,CPM_DROP_PHY,699721696993,4,7.0,21.4701,drop_decision_no_action,-1,-1,-1,veh7,0.0,False
5318,21.4701,CPM_DROP_PHY,699721696993,4,8.0,21.4701,drop_decision_no_action,-1,-1,-1,veh8,0.0,False
5318,21.4701,CPM_DROP_PHY,699721696993,4,9.0,21.4701,drop_decision_no_action,-1,-1,-1,veh9,0.0,False
5265,21.4738,CAM_DROP_PHY,13880,7,10.0,21.4538,drop_decision_no_action,-1,-1,-1,veh10,-0.019999999999999574,False
5265,21.4738,CAM_DROP_PHY,13880,7,11.0,21.4538,drop_decision_no_action,-1,-1,-1,veh11,-0.019999999999999574,False
5265,21.4738,CAM_DROP_PHY,13880,7,12.0,21.4538,drop_decision_no_action,-1,-1,-1,veh12,-0.019999999999999574,False
5265,21.4738,CAM_DROP_PHY,13880,7,2.0,21.4538,drop_decision_no_action,-1,-1,-1,veh2,-0.019999999999999574,False
5265,21.4738,CAM_DROP_PHY,13880,7,3.0,21.4538,drop_decision_no_action,-1,-1,-1,veh3,-0.019999999999999574,False
5265,21.4738,CAM_DROP_PHY,13880,7,4.0,21.4538,drop_decision_no_action,-1,-1,-1,veh4,-0.019999999999999574,False
5265,21.4738,CAM_DROP_PHY,13880,7,5.0,21.4538,drop_decision_no_action,-1,-1,-1,veh5,-0.019999999999999574,False
5265,21.4738,CAM_DROP_PHY,13880,7,8.0,21.4538,drop_decision_no_action,-1,-1,-1,veh8,-0.019999999999999574,False
5265,21.4738,CAM_DROP_PHY,13880,7,9.0,21.4538,drop_decision_no_action,-1,-1,-1,veh9,-0.019999999999999574,False
5309,21.4746,CPM_DROP_PHY,699721696988,9,10.0,21.4746,drop_decision_no_action,-1,-1,-1,veh10,0.0,False
5309,21.4746,CPM_DROP_PHY,699721696988,9,11.0,21.4746,drop_decision_no_action,-1,-1,-1,veh11,0.0,False
5309,21.4746,CPM_DROP_PHY,699721696988,9,12.0,21.4746,drop_decision_no_action,-1,-1,-1,veh12,0.0,False
5309,21.4746,CPM_DROP_PHY,699721696988,9,2.0,21.4746,drop_decision_no_action,-1,-1,-1,veh2,0.0,False
5309,21.4746,CPM_DROP_PHY,699721696988,9,3.0,21.4746,drop_decision_no_action,-1,-1,-1,veh3,0.0,False
5309,21.4746,CPM_DROP_PHY,699721696988,9,4.0,21.4746,drop_decision_no_action,-1,-1,-1,veh4,0.0,False
5309,21.4746,CPM_DROP_PHY,699721696988,9,5.0,21.4746,drop_decision_no_action,-1,-1,-1,veh5,0.0,False
5309,21.4746,CPM_DROP_PHY,699721696988,9,6.0,21.4746,drop_decision_no_action,-1,-1,-1,veh6,0.0,False
5309,21.4746,CPM_DROP_PHY,699721696988,9,7.0,21.4746,drop_decision_no_action,-1,-1,-1,veh7,0.0,False
5309,21.4746,CPM_DROP_PHY,699721696988,9,8.0,21.4746,drop_decision_no_action,-1,-1,-1,veh8,0.0,False
5373,21.4943,CPM_DROP_PHY,699721697022,11,10.0,21.4943,drop_decision_no_action,-1,-1,-1,veh10,0.0,False
5373,21.4943,CPM_DROP_PHY,699721697022,11,12.0,21.4943,drop_decision_no_action,-1,-1,-1,veh12,0.0,False
5373,21.4943,CPM_DROP_PHY,699721697022,11,2.0,21.4943,drop_decision_no_action,-1,-1,-1,veh2,0.0,False
5373,21.4943,CPM_DROP_PHY,699721697022,11,3.0,21.4943,drop_decision_no_action,-1,-1,-1,veh3,0.0,False
5373,21.4943,CPM_DROP_PHY,699721697022,11,4.0,21.4943,drop_decision_no_action,-1,-1,-1,veh4,0.0,False
5373,21.4943,CPM_DROP_PHY,699721697022,11,5.0,21.4943,drop_decision_no_action,-1,-1,-1,veh5,0.0,False
5373,21.4943,CPM_DROP_PHY,699721697022,11,6.0,21.4943,drop_decision_no_action,-1,-1,-1,veh6,0.0,False
5373,21.4943,CPM_DROP_PHY,699721697022,11,7.0,21.4943,drop_decision_no_action,-1,-1,-1,veh7,0.0,False
5373,21.4943,CPM_DROP_PHY,699721697022,11,8.0,21.4943,drop_decision_no_action,-1,-1,-1,veh8,0.0,False
5373,21.4943,CPM_DROP_PHY,699721697022,11,9.0,21.4943,drop_decision_no_action,-1,-1,-1,veh9,0.0,False
5209,21.5093,CAM_DROP_PHY,13770,2,11.0,21.5093,drop_decision_no_action,-1,-1,-1,veh11,0.0,False
5381,21.5143,CAM_DROP_PHY,13949,11,10.0,21.5143,drop_decision_no_action,-1,-1,-1,veh10,0.0,False
5381,21.5143,CAM_DROP_PHY,13949,11,12.0,21.5143,cam_drop_reaction,0,0,8,veh12,0.0,False
5381,21.5143,CAM_DROP_PHY,13949,11,2.0,21.5143,drop_decision_no_action,-1,-1,-1,veh2,0.0,False
5381,21.5143,CAM_DROP_PHY,13949,11,3.0,21.5143,cam_drop_reaction,0,0,15,veh3,0.0,False
5381,21.5143,CAM_DROP_PHY,13949,11,4.0,21.5143,cam_drop_reaction,0,0,15,veh4,0.0,False
5381,21.5143,CAM_DROP_PHY,13949,11,5.0,21.5143,cam_drop_reaction,0,0,15,veh5,0.0,False
5381,21.5143,CAM_DROP_PHY,13949,11,6.0,21.5143,cam_drop_reaction,0,0,15,veh6,0.0,False
5381,21.5143,CAM_DROP_PHY,13949,11,7.0,21.5143,cam_drop_reaction,0,0,15,veh7,0.0,False
5381,21.5143,CAM_DROP_PHY,13949,11,8.0,21.5143,cam_drop_reaction,0,0,15,veh8,0.0,False
5381,21.5143,CAM_DROP_PHY,13949,11,9.0,21.5143,cam_drop_reaction,1,0,45,veh9,0.0,True
5389,21.5238,CAM_DROP_PHY,14017,5,10.0,21.5238,drop_decision_no_action,-1,-1,-1,veh10,0.0,False
5389,21.5238,CAM_DROP_PHY,14017,5,11.0,21.5238,cam_drop_reaction,1,0,24,veh11,0.0,True
5389,21.5238,CAM_DROP_PHY,14017,5,12.0,21.5238,drop_decision_no_action,-1,-1,-1,veh12,0.0,False
5389,21.5238,CAM_DROP_PHY,14017,5,2.0,21.5238,drop_decision_no_action,-1,-1,-1,veh2,0.0,False
5389,21.5238,CAM_DROP_PHY,14017,5,3.0,21.5238,drop_decision_no_action,-1,-1,-1,veh3,0.0,False
5389,21.5238,CAM_DROP_PHY,14017,5,4.0,21.5238,drop_decision_no_action,-1,-1,-1,veh4,0.0,False
5389,21.5238,CAM_DROP_PHY,14017,5,6.0,21.5238,drop_decision_no_action,-1,-1,-1,veh6,0.0,False
5389,21.5238,CAM_DROP_PHY,14017,5,7.0,21.5238,drop_decision_no_action,-1,-1,-1,veh7,0.0,False
5389,21.5238,CAM_DROP_PHY,14017,5,8.0,21.5238,drop_decision_no_action,-1,-1,-1,veh8,0.0,False
5389,21.5238,CAM_DROP_PHY,14017,5,9.0,21.5238,drop_decision_no_action,-1,-1,-1,veh9,0.0,False
5391,21.5276,CPM_DROP_PHY,699721697100,10,11.0,21.5276,drop_decision_no_action,-1,-1,-1,veh11,0.0,False
5391,21.5276,CPM_DROP_PHY,699721697100,10,12.0,21.5276,drop_decision_no_action,-1,-1,-1,veh12,0.0,False
5391,21.5276,CPM_DROP_PHY,699721697100,10,2.0,21.5276,drop_decision_no_action,-1,-1,-1,veh2,0.0,False
5391,21.5276,CPM_DROP_PHY,699721697100,10,3.0,21.5276,drop_decision_no_action,-1,-1,-1,veh3,0.0,False
5391,21.5276,CPM_DROP_PHY,699721697100,10,4.0,21.5276,drop_decision_no_action,-1,-1,-1,veh4,0.0,False
5391,21.5276,CPM_DROP_PHY,699721697100,10,5.0,21.5276,drop_decision_no_action,-1,-1,-1,veh5,0.0,False
5391,21.5276,CPM_DROP_PHY,699721697100,10,6.0,21.5276,drop_decision_no_action,-1,-1,-1,veh6,0.0,False
5391,21.5276,CPM_DROP_PHY,699721697100,10,7.0,21.5276,drop_decision_no_action,-1,-1,-1,veh7,0.0,False
5391,21.5276,CPM_DROP_PHY,699721697100,10,8.0,21.5276,drop_decision_no_action,-1,-1,-1,veh8,0.0,False
5391,21.5276,CPM_DROP_PHY,699721697100,10,9.0,21.5276,drop_decision_no_action,-1,-1,-1,veh9,0.0,False
5402,21.5301,CAM_DROP_PHY,14033,4,10.0,21.5301,drop_decision_no_action,-1,-1,-1,veh10,0.0,False
5402,21.5301,CAM_DROP_PHY,14033,4,11.0,21.5301,drop_decision_no_action,-1,-1,-1,veh11,0.0,False
5402,21.5301,CAM_DROP_PHY,14033,4,12.0,21.5301,drop_decision_no_action,-1,-1,-1,veh12,0.0,False
5402,21.5301,CAM_DROP_PHY,14033,4,2.0,21.5301,drop_decision_no_action,-1,-1,-1,veh2,0.0,False
5402,21.5301,CAM_DROP_PHY,14033,4,3.0,21.5301,drop_decision_no_action,-1,-1,-1,veh3,0.0,False
5402,21.5301,CAM_DROP_PHY,14033,4,5.0,21.5301,drop_decision_no_action,-1,-1,-1,veh5,0.0,False
5402,21.5301,CAM_DROP_PHY,14033,4,6.0,21.5301,drop_decision_no_action,-1,-1,-1,veh6,0.0,False
5402,21.5301,CAM_DROP_PHY,14033,4,7.0,21.5301,drop_decision_no_action,-1,-1,-1,veh7,0.0,False
5402,21.5301,CAM_DROP_PHY,14033,4,8.0,21.5301,drop_decision_no_action,-1,-1,-1,veh8,0.0,False
5402,21.5301,CAM_DROP_PHY,14033,4,9.0,21.5301,drop_decision_no_action,-1,-1,-1,veh9,0.0,False
5431,21.5401,CPM_DROP_PHY,699721697136,3,10.0,21.5401,drop_decision_no_action,-1,-1,-1,veh10,0.0,False
5431,21.5401,CPM_DROP_PHY,699721697136,3,11.0,21.5401,drop_decision_no_action,-1,-1,-1,veh11,0.0,False
5431,21.5401,CPM_DROP_PHY,699721697136,3,12.0,21.5401,drop_decision_no_action,-1,-1,-1,veh12,0.0,False
5431,21.5401,CPM_DROP_PHY,699721697136,3,2.0,21.5401,drop_decision_no_action,-1,-1,-1,veh2,0.0,False
5431,21.5401,CPM_DROP_PHY,699721697136,3,4.0,21.5401,drop_decision_no_action,-1,-1,-1,veh4,0.0,False
5431,21.5401,CPM_DROP_PHY,699721697136,3,5.0,21.5401,drop_decision_no_action,-1,-1,-1,veh5,0.0,False
5431,21.5401,CPM_DROP_PHY,699721697136,3,7.0,21.5401,drop_decision_no_action,-1,-1,-1,veh7,0.0,False
5431,21.5401,CPM_DROP_PHY,699721697136,3,8.0,21.5401,drop_decision_no_action,-1,-1,-1,veh8,0.0,False
5431,21.5401,CPM_DROP_PHY,699721697136,3,9.0,21.5401,drop_decision_no_action,-1,-1,-1,veh9,0.0,False
5389,21.5438,CPM_DROP_PHY,699721697118,5,3.0,21.5238,drop_decision_no_action,-1,-1,-1,veh3,-0.019999999999999574,False
5389,21.5438,CPM_DROP_PHY,699721697118,5,4.0,21.5238,drop_decision_no_action,-1,-1,-1,veh4,-0.019999999999999574,False
5389,21.5438,CPM_DROP_PHY,699721697118,5,6.0,21.5238,drop_decision_no_action,-1,-1,-1,veh6,-0.019999999999999574,False
5389,21.5438,CPM_DROP_PHY,699721697118,5,7.0,21.5238,drop_decision_no_action,-1,-1,-1,veh7,-0.019999999999999574,False
5389,21.5438,CPM_DROP_PHY,699721697118,5,9.0,21.5238,drop_decision_no_action,-1,-1,-1,veh9,-0.019999999999999574,False
5422,21.5446,CAM_DROP_PHY,14050,8,11.0,21.5446,drop_decision_no_action,-1,-1,-1,veh11,0.0,False
5422,21.5446,CAM_DROP_PHY,14050,8,12.0,21.5446,drop_decision_no_action,-1,-1,-1,veh12,0.0,False
5422,21.5446,CAM_DROP_PHY,14050,8,2.0,21.5446,drop_decision_no_action,-1,-1,-1,veh2,0.0,False
5422,21.5446,CAM_DROP_PHY,14050,8,3.0,21.5446,drop_decision_no_action,-1,-1,-1,veh3,0.0,False
5422,21.5446,CAM_DROP_PHY,14050,8,4.0,21.5446,drop_decision_no_action,-1,-1,-1,veh4,0.0,False
5422,21.5446,CAM_DROP_PHY,14050,8,5.0,21.5446,drop_decision_no_action,-1,-1,-1,veh5,0.0,False
5422,21.5446,CAM_DROP_PHY,14050,8,6.0,21.5446,drop_decision_no_action,-1,-1,-1,veh6,0.0,False
5422,21.5446,CAM_DROP_PHY,14050,8,7.0,21.5446,drop_decision_no_action,-1,-1,-1,veh7,0.0,False
5422,21.5446,CAM_DROP_PHY,14050,8,9.0,21.5446,drop_decision_no_action,-1,-1,-1,veh9,0.0,False
5389,21.5521,CPM_DROP_PHY,699721697118,5,2.0,21.5238,drop_decision_no_action,-1,-1,-1,veh2,-0.028299999999997993,False
5466,21.5528,CPM_DROP_PHY,699721697160,12,10.0,21.5528,cpm_drop_reaction,0,0,8,veh10,0.0,False
5466,21.5528,CPM_DROP_PHY,699721697160,12,11.0,21.5528,drop_decision_no_action,-1,-1,-1,veh11,0.0,False
5466,21.5528,CPM_DROP_PHY,699721697160,12,2.0,21.5528,drop_decision_no_action,-1,-1,-1,veh2,0.0,False
5466,21.5528,CPM_DROP_PHY,699721697160,12,3.0,21.5528,drop_decision_no_action,-1,-1,-1,veh3,0.0,False
5466,21.5528,CPM_DROP_PHY,699721697160,12,4.0,21.5528,drop_decision_no_action,-1,-1,-1,veh4,0.0,False
5466,21.5528,CPM_DROP_PHY,699721697160,12,5.0,21.5528,drop_decision_no_action,-1,-1,-1,veh5,0.0,False
5466,21.5528,CPM_DROP_PHY,699721697160,12,6.0,21.5528,drop_decision_no_action,-1,-1,-1,veh6,0.0,False
5466,21.5528,CPM_DROP_PHY,699721697160,12,7.0,21.5528,drop_decision_no_action,-1,-1,-1,veh7,0.0,False
5466,21.5528,CPM_DROP_PHY,699721697160,12,8.0,21.5528,drop_decision_no_action,-1,-1,-1,veh8,0.0,False
5466,21.5528,CPM_DROP_PHY,699721697160,12,9.0,21.5528,drop_decision_no_action,-1,-1,-1,veh9,0.0,False
5433,21.5538,CPM_DROP_PHY,699721697140,7,10.0,21.5538,drop_decision_no_action,-1,-1,-1,veh10,0.0,False
5433,21.5538,CPM_DROP_PHY,699721697140,7,11.0,21.5538,drop_decision_no_action,-1,-1,-1,veh11,0.0,False
5433,21.5538,CPM_DROP_PHY,699721697140,7,12.0,21.5538,drop_decision_no_action,-1,-1,-1,veh12,0.0,False
5433,21.5538,CPM_DROP_PHY,699721697140,7,2.0,21.5538,drop_decision_no_action,-1,-1,-1,veh2,0.0,False
5433,21.5538,CPM_DROP_PHY,699721697140,7,3.0,21.5538,drop_decision_no_action,-1,-1,-1,veh3,0.0,False
5433,21.5538,CPM_DROP_PHY,699721697140,7,4.0,21.5538,drop_decision_no_action,-1,-1,-1,veh4,0.0,False
5433,21.5538,CPM_DROP_PHY,699721697140,7,5.0,21.5538,drop_decision_no_action,-1,-1,-1,veh5,0.0,False
5265,21.5538,CPM_DROP_PHY,699721696954,7,6.0,21.5538,drop_decision_no_action,-1,-1,-1,veh6,0.0,False
5433,21.5538,CPM_DROP_PHY,699721697140,7,8.0,21.5538,drop_decision_no_action,-1,-1,-1,veh8,0.0,False
5433,21.5538,CPM_DROP_PHY,699721697140,7,9.0,21.5538,drop_decision_no_action,-1,-1,-1,veh9,0.0,False
5469,21.5673,CAM_DROP_PHY,14083,6,10.0,21.5673,drop_decision_no_action,-1,-1,-1,veh10,0.0,False
5469,21.5673,CAM_DROP_PHY,14083,6,11.0,21.5673,drop_decision_no_action,-1,-1,-1,veh11,0.0,False
5469,21.5673,CAM_DROP_PHY,14083,6,12.0,21.5673,drop_decision_no_action,-1,-1,-1,veh12,0.0,False
5469,21.5673,CAM_DROP_PHY,14083,6,2.0,21.5673,drop_decision_no_action,-1,-1,-1,veh2,0.0,False
5469,21.5673,CAM_DROP_PHY,14083,6,4.0,21.5673,drop_decision_no_action,-1,-1,-1,veh4,0.0,False
5469,21.5673,CAM_DROP_PHY,14083,6,5.0,21.5673,drop_decision_no_action,-1,-1,-1,veh5,0.0,False
5469,21.5673,CAM_DROP_PHY,14083,6,7.0,21.5673,drop_decision_no_action,-1,-1,-1,veh7,0.0,False
5469,21.5673,CAM_DROP_PHY,14083,6,8.0,21.5673,drop_decision_no_action,-1,-1,-1,veh8,0.0,False
5469,21.5673,CAM_DROP_PHY,14083,6,9.0,21.5673,drop_decision_no_action,-1,-1,-1,veh9,0.0,False
5488,21.5688,CPM_DROP_PHY,699721697177,9,10.0,21.5688,drop_decision_no_action,-1,-1,-1,veh10,0.0,False
5488,21.5688,CPM_DROP_PHY,699721697177,9,11.0,21.5688,drop_decision_no_action,-1,-1,-1,veh11,0.0,False
5488,21.5688,CPM_DROP_PHY,699721697177,9,12.0,21.5688,drop_decision_no_action,-1,-1,-1,veh12,0.0,False
5488,21.5688,CPM_DROP_PHY,699721697177,9,2.0,21.5688,drop_decision_no_action,-1,-1,-1,veh2,0.0,False
5488,21.5688,CPM_DROP_PHY,699721697177,9,3.0,21.5688,drop_decision_no_action,-1,-1,-1,veh3,0.0,False
5488,21.5688,CPM_DROP_PHY,699721697177,9,4.0,21.5688,drop_decision_no_action,-1,-1,-1,veh4,0.0,False
5488,21.5688,CPM_DROP_PHY,699721697177,9,5.0,21.5688,drop_decision_no_action,-1,-1,-1,veh5,0.0,False
5488,21.5688,CPM_DROP_PHY,699721697177,9,6.0,21.5688,drop_decision_no_action,-1,-1,-1,veh6,0.0,False
5488,21.5688,CPM_DROP_PHY,699721697177,9,7.0,21.5688,drop_decision_no_action,-1,-1,-1,veh7,0.0,False
5488,21.5688,CPM_DROP_PHY,699721697177,9,8.0,21.5688,drop_decision_no_action,-1,-1,-1,veh8,0.0,False
5495,21.5701,CPM_DROP_PHY,699721697182,4,10.0,21.5701,drop_decision_no_action,-1,-1,-1,veh10,0.0,False
5495,21.5701,CPM_DROP_PHY,699721697182,4,11.0,21.5701,drop_decision_no_action,-1,-1,-1,veh11,0.0,False
5495,21.5701,CPM_DROP_PHY,699721697182,4,12.0,21.5701,drop_decision_no_action,-1,-1,-1,veh12,0.0,False
5495,21.5701,CPM_DROP_PHY,699721697182,4,2.0,21.5701,drop_decision_no_action,-1,-1,-1,veh2,0.0,False
5495,21.5701,CPM_DROP_PHY,699721697182,4,3.0,21.5701,drop_decision_no_action,-1,-1,-1,veh3,0.0,False
5495,21.5701,CPM_DROP_PHY,699721697182,4,5.0,21.5701,drop_decision_no_action,-1,-1,-1,veh5,0.0,False
5495,21.5701,CPM_DROP_PHY,699721697182,4,6.0,21.5701,drop_decision_no_action,-1,-1,-1,veh6,0.0,False
5495,21.5701,CPM_DROP_PHY,699721697182,4,7.0,21.5701,drop_decision_no_action,-1,-1,-1,veh7,0.0,False
5495,21.5701,CPM_DROP_PHY,699721697182,4,8.0,21.5701,drop_decision_no_action,-1,-1,-1,veh8,0.0,False
5495,21.5701,CPM_DROP_PHY,699721697182,4,9.0,21.5701,drop_decision_no_action,-1,-1,-1,veh9,0.0,False
5433,21.5738,CAM_DROP_PHY,14068,7,10.0,21.5538,drop_decision_no_action,-1,-1,-1,veh10,-0.019999999999999574,False
5433,21.5738,CAM_DROP_PHY,14068,7,11.0,21.5538,drop_decision_no_action,-1,-1,-1,veh11,-0.019999999999999574,False
5433,21.5738,CAM_DROP_PHY,14068,7,12.0,21.5538,drop_decision_no_action,-1,-1,-1,veh12,-0.019999999999999574,False
5433,21.5738,CAM_DROP_PHY,14068,7,2.0,21.5538,drop_decision_no_action,-1,-1,-1,veh2,-0.019999999999999574,False
5433,21.5738,CAM_DROP_PHY,14068,7,3.0,21.5538,drop_decision_no_action,-1,-1,-1,veh3,-0.019999999999999574,False
5433,21.5738,CAM_DROP_PHY,14068,7,4.0,21.5538,drop_decision_no_action,-1,-1,-1,veh4,-0.019999999999999574,False
5433,21.5738,CAM_DROP_PHY,14068,7,5.0,21.5538,drop_decision_no_action,-1,-1,-1,veh5,-0.019999999999999574,False
5433,21.5738,CAM_DROP_PHY,14068,7,8.0,21.5538,drop_decision_no_action,-1,-1,-1,veh8,-0.019999999999999574,False
5433,21.5738,CAM_DROP_PHY,14068,7,9.0,21.5538,drop_decision_no_action,-1,-1,-1,veh9,-0.019999999999999574,False
5469,21.5873,CPM_DROP_PHY,699721697174,6,10.0,21.5673,drop_decision_no_action,-1,-1,-1,veh10,-0.019999999999999574,False
5469,21.5873,CPM_DROP_PHY,699721697174,6,11.0,21.5673,drop_decision_no_action,-1,-1,-1,veh11,-0.019999999999999574,False
5469,21.5873,CPM_DROP_PHY,699721697174,6,12.0,21.5673,drop_decision_no_action,-1,-1,-1,veh12,-0.019999999999999574,False
5469,21.5873,CPM_DROP_PHY,699721697174,6,2.0,21.5673,drop_decision_no_action,-1,-1,-1,veh2,-0.019999999999999574,False
5469,21.5873,CPM_DROP_PHY,699721697174,6,4.0,21.5673,drop_decision_no_action,-1,-1,-1,veh4,-0.019999999999999574,False
5469,21.5873,CPM_DROP_PHY,699721697174,6,5.0,21.5673,drop_decision_no_action,-1,-1,-1,veh5,-0.019999999999999574,False
5469,21.5873,CPM_DROP_PHY,699721697174,6,7.0,21.5673,drop_decision_no_action,-1,-1,-1,veh7,-0.019999999999999574,False
5469,21.5873,CPM_DROP_PHY,699721697174,6,8.0,21.5673,drop_decision_no_action,-1,-1,-1,veh8,-0.019999999999999574,False
5469,21.5873,CPM_DROP_PHY,699721697174,6,9.0,21.5673,drop_decision_no_action,-1,-1,-1,veh9,-0.019999999999999574,False
5524,21.5876,CAM_DROP_PHY,14119,10,11.0,21.5876,drop_decision_no_action,-1,-1,-1,veh11,0.0,False
5524,21.5876,CAM_DROP_PHY,14119,10,12.0,21.5876,drop_decision_no_action,-1,-1,-1,veh12,0.0,False
5524,21.5876,CAM_DROP_PHY,14119,10,2.0,21.5876,drop_decision_no_action,-1,-1,-1,veh2,0.0,False
5524,21.5876,CAM_DROP_PHY,14119,10,3.0,21.5876,drop_decision_no_action,-1,-1,-1,veh3,0.0,False
5524,21.5876,CAM_DROP_PHY,14119,10,4.0,21.5876,drop_decision_no_action,-1,-1,-1,veh4,0.0,False
5524,21.5876,CAM_DROP_PHY,14119,10,5.0,21.5876,drop_decision_no_action,-1,-1,-1,veh5,0.0,False
5524,21.5876,CAM_DROP_PHY,14119,10,6.0,21.5876,drop_decision_no_action,-1,-1,-1,veh6,0.0,False
5524,21.5876,CAM_DROP_PHY,14119,10,7.0,21.5876,drop_decision_no_action,-1,-1,-1,veh7,0.0,False
5524,21.5876,CAM_DROP_PHY,14119,10,8.0,21.5876,drop_decision_no_action,-1,-1,-1,veh8,0.0,False
5524,21.5876,CAM_DROP_PHY,14119,10,9.0,21.5876,drop_decision_no_action,-1,-1,-1,veh9,0.0,False
5548,21.5943,CPM_DROP_PHY,699721697213,11,10.0,21.5943,drop_decision_no_action,-1,-1,-1,veh10,0.0,False
5548,21.5943,CPM_DROP_PHY,699721697213,11,12.0,21.5943,drop_decision_no_action,-1,-1,-1,veh12,0.0,False
5548,21.5943,CPM_DROP_PHY,699721697213,11,2.0,21.5943,drop_decision_no_action,-1,-1,-1,veh2,0.0,False
5548,21.5943,CPM_DROP_PHY,699721697213,11,3.0,21.5943,drop_decision_no_action,-1,-1,-1,veh3,0.0,False
5548,21.5943,CPM_DROP_PHY,699721697213,11,4.0,21.5943,drop_decision_no_action,-1,-1,-1,veh4,0.0,False
5548,21.5943,CPM_DROP_PHY,699721697213,11,5.0,21.5943,drop_decision_no_action,-1,-1,-1,veh5,0.0,False
5548,21.5943,CPM_DROP_PHY,699721697213,11,6.0,21.5943,drop_decision_no_action,-1,-1,-1,veh6,0.0,False
5548,21.5943,CPM_DROP_PHY,699721697213,11,7.0,21.5943,drop_decision_no_action,-1,-1,-1,veh7,0.0,False
5548,21.5943,CPM_DROP_PHY,699721697213,11,8.0,21.5943,drop_decision_no_action,-1,-1,-1,veh8,0.0,False
5548,21.5943,CPM_DROP_PHY,699721697213,11,9.0,21.5943,drop_decision_no_action,-1,-1,-1,veh9,0.0,False
5556,21.6093,CAM_DROP_PHY,14138,2,10.0,21.6093,drop_decision_no_action,-1,-1,-1,veh10,0.0,False
5556,21.6093,CAM_DROP_PHY,14138,2,11.0,21.6093,drop_decision_no_action,-1,-1,-1,veh11,0.0,False
5556,21.6093,CAM_DROP_PHY,14138,2,12.0,21.6093,drop_decision_no_action,-1,-1,-1,veh12,0.0,False
5556,21.6093,CAM_DROP_PHY,14138,2,3.0,21.6093,drop_decision_no_action,-1,-1,-1,veh3,0.0,False
5556,21.6093,CAM_DROP_PHY,14138,2,4.0,21.6093,drop_decision_no_action,-1,-1,-1,veh4,0.0,False
5556,21.6093,CAM_DROP_PHY,14138,2,5.0,21.6093,drop_decision_no_action,-1,-1,-1,veh5,0.0,False
5556,21.6093,CAM_DROP_PHY,14138,2,6.0,21.6093,drop_decision_no_action,-1,-1,-1,veh6,0.0,False
5556,21.6093,CAM_DROP_PHY,14138,2,7.0,21.6093,drop_decision_no_action,-1,-1,-1,veh7,0.0,False
5556,21.6093,CAM_DROP_PHY,14138,2,8.0,21.6093,drop_decision_no_action,-1,-1,-1,veh8,0.0,False
5556,21.6093,CAM_DROP_PHY,14138,2,9.0,21.6093,drop_decision_no_action,-1,-1,-1,veh9,0.0,False
5560,21.6128,CAM_DROP_PHY,14205,12,10.0,21.6128,drop_decision_no_action,-1,-1,-1,veh10,0.0,False
5560,21.6128,CAM_DROP_PHY,14205,12,11.0,21.6128,drop_decision_no_action,-1,-1,-1,veh11,0.0,False
5560,21.6128,CAM_DROP_PHY,14205,12,2.0,21.6128,drop_decision_no_action,-1,-1,-1,veh2,0.0,False
5560,21.6128,CAM_DROP_PHY,14205,12,3.0,21.6128,drop_decision_no_action,-1,-1,-1,veh3,0.0,False
5560,21.6128,CAM_DROP_PHY,14205,12,4.0,21.6128,drop_decision_no_action,-1,-1,-1,veh4,0.0,False
5560,21.6128,CAM_DROP_PHY,14205,12,5.0,21.6128,drop_decision_no_action,-1,-1,-1,veh5,0.0,False
5560,21.6128,CAM_DROP_PHY,14205,12,6.0,21.6128,drop_decision_no_action,-1,-1,-1,veh6,0.0,False
5560,21.6128,CAM_DROP_PHY,14205,12,7.0,21.6128,drop_decision_no_action,-1,-1,-1,veh7,0.0,False
5560,21.6128,CAM_DROP_PHY,14205,12,8.0,21.6128,drop_decision_no_action,-1,-1,-1,veh8,0.0,False
5560,21.6128,CAM_DROP_PHY,14205,12,9.0,21.6128,drop_decision_no_action,-1,-1,-1,veh9,0.0,False
5593,21.6238,CPM_DROP_PHY,699721697310,5,2.0,21.6238,drop_decision_no_action,-1,-1,-1,veh2,0.0,False
5593,21.6238,CPM_DROP_PHY,699721697310,5,3.0,21.6238,drop_decision_no_action,-1,-1,-1,veh3,0.0,False
5593,21.6238,CPM_DROP_PHY,699721697310,5,4.0,21.6238,drop_decision_no_action,-1,-1,-1,veh4,0.0,False
5593,21.6238,CPM_DROP_PHY,699721697310,5,6.0,21.6238,drop_decision_no_action,-1,-1,-1,veh6,0.0,False
5593,21.6238,CPM_DROP_PHY,699721697310,5,7.0,21.6238,drop_decision_no_action,-1,-1,-1,veh7,0.0,False
5593,21.6238,CPM_DROP_PHY,699721697310,5,9.0,21.6238,drop_decision_no_action,-1,-1,-1,veh9,0.0,False
5574,21.6276,CPM_DROP_PHY,699721697292,10,11.0,21.6276,drop_decision_no_action,-1,-1,-1,veh11,0.0,False
5574,21.6276,CPM_DROP_PHY,699721697292,10,12.0,21.6276,drop_decision_no_action,-1,-1,-1,veh12,0.0,False
5574,21.6276,CPM_DROP_PHY,699721697292,10,2.0,21.6276,drop_decision_no_action,-1,-1,-1,veh2,0.0,False
5574,21.6276,CPM_DROP_PHY,699721697292,10,3.0,21.6276,drop_decision_no_action,-1,-1,-1,veh3,0.0,False
5574,21.6276,CPM_DROP_PHY,699721697292,10,4.0,21.6276,drop_decision_no_action,-1,-1,-1,veh4,0.0,False
5574,21.6276,CPM_DROP_PHY,699721697292,10,5.0,21.6276,drop_decision_no_action,-1,-1,-1,veh5,0.0,False
5574,21.6276,CPM_DROP_PHY,699721697292,10,6.0,21.6276,drop_decision_no_action,-1,-1,-1,veh6,0.0,False
5574,21.6276,CPM_DROP_PHY,699721697292,10,7.0,21.6276,drop_decision_no_action,-1,-1,-1,veh7,0.0,False
5574,21.6276,CPM_DROP_PHY,699721697292,10,8.0,21.6276,drop_decision_no_action,-1,-1,-1,veh8,0.0,False
5574,21.6276,CPM_DROP_PHY,699721697292,10,9.0,21.6276,drop_decision_no_action,-1,-1,-1,veh9,0.0,False
5580,21.6293,CPM_DROP_PHY,699721697297,2,10.0,21.6293,drop_decision_no_action,-1,-1,-1,veh10,0.0,False
5580,21.6293,CPM_DROP_PHY,699721697297,2,11.0,21.6293,drop_decision_no_action,-1,-1,-1,veh11,0.0,False
5580,21.6293,CPM_DROP_PHY,699721697297,2,12.0,21.6293,drop_decision_no_action,-1,-1,-1,veh12,0.0,False
5580,21.6293,CPM_DROP_PHY,699721697297,2,3.0,21.6293,drop_decision_no_action,-1,-1,-1,veh3,0.0,False
5580,21.6293,CPM_DROP_PHY,699721697297,2,4.0,21.6293,drop_decision_no_action,-1,-1,-1,veh4,0.0,False
5580,21.6293,CPM_DROP_PHY,699721697297,2,5.0,21.6293,drop_decision_no_action,-1,-1,-1,veh5,0.0,False
5580,21.6293,CPM_DROP_PHY,699721697297,2,6.0,21.6293,drop_decision_no_action,-1,-1,-1,veh6,0.0,False
5580,21.6293,CPM_DROP_PHY,699721697297,2,7.0,21.6293,drop_decision_no_action,-1,-1,-1,veh7,0.0,False
5580,21.6293,CPM_DROP_PHY,699721697297,2,8.0,21.6293,drop_decision_no_action,-1,-1,-1,veh8,0.0,False
5580,21.6293,CPM_DROP_PHY,699721697297,2,9.0,21.6293,drop_decision_no_action,-1,-1,-1,veh9,0.0,False
5588,21.6301,CAM_DROP_PHY,14224,4,10.0,21.6301,drop_decision_no_action,-1,-1,-1,veh10,0.0,False
5588,21.6301,CAM_DROP_PHY,14224,4,11.0,21.6301,drop_decision_no_action,-1,-1,-1,veh11,0.0,False
5588,21.6301,CAM_DROP_PHY,14224,4,12.0,21.6301,drop_decision_no_action,-1,-1,-1,veh12,0.0,False
5588,21.6301,CAM_DROP_PHY,14224,4,2.0,21.6301,drop_decision_no_action,-1,-1,-1,veh2,0.0,False
5588,21.6301,CAM_DROP_PHY,14224,4,3.0,21.6301,drop_decision_no_action,-1,-1,-1,veh3,0.0,False
5588,21.6301,CAM_DROP_PHY,14224,4,5.0,21.6301,drop_decision_no_action,-1,-1,-1,veh5,0.0,False
5588,21.6301,CAM_DROP_PHY,14224,4,6.0,21.6301,drop_decision_no_action,-1,-1,-1,veh6,0.0,False
5588,21.6301,CAM_DROP_PHY,14224,4,7.0,21.6301,drop_decision_no_action,-1,-1,-1,veh7,0.0,False
5588,21.6301,CAM_DROP_PHY,14224,4,8.0,21.6301,drop_decision_no_action,-1,-1,-1,veh8,0.0,False
5588,21.6301,CAM_DROP_PHY,14224,4,9.0,21.6301,drop_decision_no_action,-1,-1,-1,veh9,0.0,False
5623,21.6401,CPM_DROP_PHY,699721697324,3,10.0,21.6401,drop_decision_no_action,-1,-1,-1,veh10,0.0,False
5623,21.6401,CPM_DROP_PHY,699721697324,3,11.0,21.6401,drop_decision_no_action,-1,-1,-1,veh11,0.0,False
5623,21.6401,CPM_DROP_PHY,699721697324,3,12.0,21.6401,drop_decision_no_action,-1,-1,-1,veh12,0.0,False
5623,21.6401,CPM_DROP_PHY,699721697324,3,2.0,21.6401,drop_decision_no_action,-1,-1,-1,veh2,0.0,False
5623,21.6401,CPM_DROP_PHY,699721697324,3,4.0,21.6401,drop_decision_no_action,-1,-1,-1,veh4,0.0,False
5623,21.6401,CPM_DROP_PHY,699721697324,3,5.0,21.6401,drop_decision_no_action,-1,-1,-1,veh5,0.0,False
5431,21.6401,CPM_DROP_PHY,699721697136,3,6.0,21.6401,drop_decision_no_action,-1,-1,-1,veh6,0.0,False
5623,21.6401,CPM_DROP_PHY,699721697324,3,6.0,21.6401,drop_decision_no_action,-1,-1,-1,veh6,0.0,False
5623,21.6401,CPM_DROP_PHY,699721697324,3,7.0,21.6401,drop_decision_no_action,-1,-1,-1,veh7,0.0,False
5623,21.6401,CPM_DROP_PHY,699721697324,3,8.0,21.6401,drop_decision_no_action,-1,-1,-1,veh8,0.0,False
5623,21.6401,CPM_DROP_PHY,699721697324,3,9.0,21.6401,drop_decision_no_action,-1,-1,-1,veh9,0.0,False
5656,21.6528,CPM_DROP_PHY,699721697348,12,10.0,21.6528,drop_decision_no_action,-1,-1,-1,veh10,0.0,False
5656,21.6528,CPM_DROP_PHY,699721697348,12,11.0,21.6528,drop_decision_no_action,-1,-1,-1,veh11,0.0,False
5656,21.6528,CPM_DROP_PHY,699721697348,12,2.0,21.6528,drop_decision_no_action,-1,-1,-1,veh2,0.0,False
5656,21.6528,CPM_DROP_PHY,699721697348,12,3.0,21.6528,drop_decision_no_action,-1,-1,-1,veh3,0.0,False
5656,21.6528,CPM_DROP_PHY,699721697348,12,4.0,21.6528,drop_decision_no_action,-1,-1,-1,veh4,0.0,False
5656,21.6528,CPM_DROP_PHY,699721697348,12,5.0,21.6528,drop_decision_no_action,-1,-1,-1,veh5,0.0,False
5656,21.6528,CPM_DROP_PHY,699721697348,12,6.0,21.6528,drop_decision_no_action,-1,-1,-1,veh6,0.0,False
5656,21.6528,CPM_DROP_PHY,699721697348,12,7.0,21.6528,drop_decision_no_action,-1,-1,-1,veh7,0.0,False
5656,21.6528,CPM_DROP_PHY,699721697348,12,8.0,21.6528,drop_decision_no_action,-1,-1,-1,veh8,0.0,False
5656,21.6528,CPM_DROP_PHY,699721697348,12,9.0,21.6528,drop_decision_no_action,-1,-1,-1,veh9,0.0,False
5626,21.6538,CPM_DROP_PHY,699721697327,7,10.0,21.6538,drop_decision_no_action,-1,-1,-1,veh10,0.0,False
5626,21.6538,CPM_DROP_PHY,699721697327,7,11.0,21.6538,drop_decision_no_action,-1,-1,-1,veh11,0.0,False
5626,21.6538,CPM_DROP_PHY,699721697327,7,12.0,21.6538,drop_decision_no_action,-1,-1,-1,veh12,0.0,False
5626,21.6538,CPM_DROP_PHY,699721697327,7,2.0,21.6538,drop_decision_no_action,-1,-1,-1,veh2,0.0,False
5626,21.6538,CPM_DROP_PHY,699721697327,7,3.0,21.6538,drop_decision_no_action,-1,-1,-1,veh3,0.0,False
5626,21.6538,CPM_DROP_PHY,699721697327,7,4.0,21.6538,drop_decision_no_action,-1,-1,-1,veh4,0.0,False
5626,21.6538,CPM_DROP_PHY,699721697327,7,5.0,21.6538,drop_decision_no_action,-1,-1,-1,veh5,0.0,False
5433,21.6538,CPM_DROP_PHY,699721697140,7,6.0,21.6538,drop_decision_no_action,-1,-1,-1,veh6,0.0,False
5626,21.6538,CPM_DROP_PHY,699721697327,7,8.0,21.6538,drop_decision_no_action,-1,-1,-1,veh8,0.0,False
5626,21.6538,CPM_DROP_PHY,699721697327,7,9.0,21.6538,drop_decision_no_action,-1,-1,-1,veh9,0.0,False
5469,21.6673,CAM_DROP_PHY,14083,6,3.0,21.6673,drop_decision_no_action,-1,-1,-1,veh3,0.0,False
5469,21.6673,CPM_DROP_PHY,699721697174,6,3.0,21.6673,drop_decision_no_action,-1,-1,-1,veh3,0.0,False
5655,21.6688,CAM_DROP_PHY,14264,9,10.0,21.6688,drop_decision_no_action,-1,-1,-1,veh10,0.0,False
5655,21.6688,CPM_DROP_PHY,699721697362,9,10.0,21.6688,drop_decision_no_action,-1,-1,-1,veh10,0.0,False
5655,21.6688,CAM_DROP_PHY,14264,9,11.0,21.6688,drop_decision_no_action,-1,-1,-1,veh11,0.0,False
5655,21.6688,CPM_DROP_PHY,699721697362,9,11.0,21.6688,drop_decision_no_action,-1,-1,-1,veh11,0.0,False
5655,21.6688,CAM_DROP_PHY,14264,9,12.0,21.6688,drop_decision_no_action,-1,-1,-1,veh12,0.0,False
5655,21.6688,CPM_DROP_PHY,699721697362,9,12.0,21.6688,drop_decision_no_action,-1,-1,-1,veh12,0.0,False
5655,21.6688,CAM_DROP_PHY,14264,9,2.0,21.6688,drop_decision_no_action,-1,-1,-1,veh2,0.0,False
5655,21.6688,CPM_DROP_PHY,699721697362,9,2.0,21.6688,drop_decision_no_action,-1,-1,-1,veh2,0.0,False
5655,21.6688,CAM_DROP_PHY,14264,9,3.0,21.6688,drop_decision_no_action,-1,-1,-1,veh3,0.0,False
5655,21.6688,CPM_DROP_PHY,699721697362,9,3.0,21.6688,drop_decision_no_action,-1,-1,-1,veh3,0.0,False
5655,21.6688,CAM_DROP_PHY,14264,9,4.0,21.6688,drop_decision_no_action,-1,-1,-1,veh4,0.0,False
5655,21.6688,CPM_DROP_PHY,699721697362,9,4.0,21.6688,drop_decision_no_action,-1,-1,-1,veh4,0.0,False
5655,21.6688,CAM_DROP_PHY,14264,9,5.0,21.6688,drop_decision_no_action,-1,-1,-1,veh5,0.0,False
5655,21.6688,CPM_DROP_PHY,699721697362,9,5.0,21.6688,drop_decision_no_action,-1,-1,-1,veh5,0.0,False
5655,21.6688,CAM_DROP_PHY,14264,9,6.0,21.6688,drop_decision_no_action,-1,-1,-1,veh6,0.0,False
5655,21.6688,CPM_DROP_PHY,699721697362,9,6.0,21.6688,drop_decision_no_action,-1,-1,-1,veh6,0.0,False
5655,21.6688,CAM_DROP_PHY,14264,9,7.0,21.6688,drop_decision_no_action,-1,-1,-1,veh7,0.0,False
5655,21.6688,CPM_DROP_PHY,699721697362,9,7.0,21.6688,drop_decision_no_action,-1,-1,-1,veh7,0.0,False
5655,21.6688,CAM_DROP_PHY,14264,9,8.0,21.6688,drop_decision_no_action,-1,-1,-1,veh8,0.0,False
5655,21.6688,CPM_DROP_PHY,699721697362,9,8.0,21.6688,drop_decision_no_action,-1,-1,-1,veh8,0.0,False
5678,21.6701,CPM_DROP_PHY,699721697367,4,10.0,21.6701,drop_decision_no_action,-1,-1,-1,veh10,0.0,False
5678,21.6701,CPM_DROP_PHY,699721697367,4,11.0,21.6701,drop_decision_no_action,-1,-1,-1,veh11,0.0,False
5678,21.6701,CPM_DROP_PHY,699721697367,4,12.0,21.6701,drop_decision_no_action,-1,-1,-1,veh12,0.0,False
5678,21.6701,CPM_DROP_PHY,699721697367,4,2.0,21.6701,drop_decision_no_action,-1,-1,-1,veh2,0.0,False
5678,21.6701,CPM_DROP_PHY,699721697367,4,3.0,21.6701,drop_decision_no_action,-1,-1,-1,veh3,0.0,False
5678,21.6701,CPM_DROP_PHY,699721697367,4,5.0,21.6701,drop_decision_no_action,-1,-1,-1,veh5,0.0,False
5678,21.6701,CPM_DROP_PHY,699721697367,4,6.0,21.6701,drop_decision_no_action,-1,-1,-1,veh6,0.0,False
5678,21.6701,CPM_DROP_PHY,699721697367,4,7.0,21.6701,drop_decision_no_action,-1,-1,-1,veh7,0.0,False
5678,21.6701,CPM_DROP_PHY,699721697367,4,8.0,21.6701,drop_decision_no_action,-1,-1,-1,veh8,0.0,False
5678,21.6701,CPM_DROP_PHY,699721697367,4,9.0,21.6701,drop_decision_no_action,-1,-1,-1,veh9,0.0,False
5626,21.6738,CAM_DROP_PHY,14255,7,10.0,21.6538,drop_decision_no_action,-1,-1,-1,veh10,-0.019999999999999574,False
5626,21.6738,CAM_DROP_PHY,14255,7,11.0,21.6538,drop_decision_no_action,-1,-1,-1,veh11,-0.019999999999999574,False
5626,21.6738,CAM_DROP_PHY,14255,7,12.0,21.6538,drop_decision_no_action,-1,-1,-1,veh12,-0.019999999999999574,False
5626,21.6738,CAM_DROP_PHY,14255,7,2.0,21.6538,drop_decision_no_action,-1,-1,-1,veh2,-0.019999999999999574,False
5626,21.6738,CAM_DROP_PHY,14255,7,3.0,21.6538,drop_decision_no_action,-1,-1,-1,veh3,-0.019999999999999574,False
5626,21.6738,CAM_DROP_PHY,14255,7,4.0,21.6538,drop_decision_no_action,-1,-1,-1,veh4,-0.019999999999999574,False
5626,21.6738,CAM_DROP_PHY,14255,7,5.0,21.6538,drop_decision_no_action,-1,-1,-1,veh5,-0.019999999999999574,False
5626,21.6738,CAM_DROP_PHY,14255,7,8.0,21.6538,drop_decision_no_action,-1,-1,-1,veh8,-0.019999999999999574,False
5626,21.6738,CAM_DROP_PHY,14255,7,9.0,21.6538,drop_decision_no_action,-1,-1,-1,veh9,-0.019999999999999574,False
5670,21.6798,CPM_DROP_PHY,699721697359,6,10.0,21.6798,drop_decision_no_action,-1,-1,-1,veh10,0.0,False
5670,21.6798,CPM_DROP_PHY,699721697359,6,11.0,21.6798,drop_decision_no_action,-1,-1,-1,veh11,0.0,False
5670,21.6798,CPM_DROP_PHY,699721697359,6,12.0,21.6798,drop_decision_no_action,-1,-1,-1,veh12,0.0,False
5670,21.6798,CPM_DROP_PHY,699721697359,6,2.0,21.6798,drop_decision_no_action,-1,-1,-1,veh2,0.0,False
5670,21.6798,CPM_DROP_PHY,699721697359,6,3.0,21.6798,drop_decision_no_action,-1,-1,-1,veh3,0.0,False
5670,21.6798,CPM_DROP_PHY,699721697359,6,4.0,21.6798,drop_decision_no_action,-1,-1,-1,veh4,0.0,False
5670,21.6798,CPM_DROP_PHY,699721697359,6,5.0,21.6798,drop_decision_no_action,-1,-1,-1,veh5,0.0,False
5670,21.6798,CPM_DROP_PHY,699721697359,6,8.0,21.6798,drop_decision_no_action,-1,-1,-1,veh8,0.0,False
5670,21.6798,CPM_DROP_PHY,699721697359,6,9.0,21.6798,drop_decision_no_action,-1,-1,-1,veh9,0.0,False
5725,21.6943,CPM_DROP_PHY,699721697395,11,10.0,21.6943,drop_decision_no_action,-1,-1,-1,veh10,0.0,False
5725,21.6943,CPM_DROP_PHY,699721697395,11,12.0,21.6943,drop_decision_no_action,-1,-1,-1,veh12,0.0,False
5725,21.6943,CPM_DROP_PHY,699721697395,11,2.0,21.6943,drop_decision_no_action,-1,-1,-1,veh2,0.0,False
5725,21.6943,CPM_DROP_PHY,699721697395,11,3.0,21.6943,drop_decision_no_action,-1,-1,-1,veh3,0.0,False
5725,21.6943,CPM_DROP_PHY,699721697395,11,4.0,21.6943,drop_decision_no_action,-1,-1,-1,veh4,0.0,False
5725,21.6943,CPM_DROP_PHY,699721697395,11,5.0,21.6943,drop_decision_no_action,-1,-1,-1,veh5,0.0,False
5725,21.6943,CPM_DROP_PHY,699721697395,11,6.0,21.6943,drop_decision_no_action,-1,-1,-1,veh6,0.0,False
5725,21.6943,CPM_DROP_PHY,699721697395,11,7.0,21.6943,drop_decision_no_action,-1,-1,-1,veh7,0.0,False
5725,21.6943,CPM_DROP_PHY,699721697395,11,8.0,21.6943,drop_decision_no_action,-1,-1,-1,veh8,0.0,False
5725,21.6943,CPM_DROP_PHY,699721697395,11,9.0,21.6943,drop_decision_no_action,-1,-1,-1,veh9,0.0,False
5716,21.7046,CPM_DROP_PHY,699721697388,8,11.0,21.7046,drop_decision_no_action,-1,-1,-1,veh11,0.0,False
5716,21.7046,CPM_DROP_PHY,699721697388,8,12.0,21.7046,drop_decision_no_action,-1,-1,-1,veh12,0.0,False
5716,21.7046,CPM_DROP_PHY,699721697388,8,2.0,21.7046,drop_decision_no_action,-1,-1,-1,veh2,0.0,False
5716,21.7046,CPM_DROP_PHY,699721697388,8,3.0,21.7046,drop_decision_no_action,-1,-1,-1,veh3,0.0,False
5716,21.7046,CPM_DROP_PHY,699721697388,8,4.0,21.7046,drop_decision_no_action,-1,-1,-1,veh4,0.0,False
5716,21.7046,CPM_DROP_PHY,699721697388,8,5.0,21.7046,drop_decision_no_action,-1,-1,-1,veh5,0.0,False
5716,21.7046,CPM_DROP_PHY,699721697388,8,6.0,21.7046,drop_decision_no_action,-1,-1,-1,veh6,0.0,False
5716,21.7046,CPM_DROP_PHY,699721697388,8,7.0,21.7046,drop_decision_no_action,-1,-1,-1,veh7,0.0,False
5716,21.7046,CPM_DROP_PHY,699721697388,8,9.0,21.7046,drop_decision_no_action,-1,-1,-1,veh9,0.0,False
5732,21.7143,CAM_DROP_PHY,14322,11,10.0,21.7143,drop_decision_no_action,-1,-1,-1,veh10,0.0,False
5732,21.7143,CAM_DROP_PHY,14322,11,12.0,21.7143,drop_decision_no_action,-1,-1,-1,veh12,0.0,False
5732,21.7143,CAM_DROP_PHY,14322,11,2.0,21.7143,drop_decision_no_action,-1,-1,-1,veh2,0.0,False
5732,21.7143,CAM_DROP_PHY,14322,11,3.0,21.7143,drop_decision_no_action,-1,-1,-1,veh3,0.0,False
5732,21.7143,CAM_DROP_PHY,14322,11,4.0,21.7143,drop_decision_no_action,-1,-1,-1,veh4,0.0,False
5732,21.7143,CAM_DROP_PHY,14322,11,5.0,21.7143,drop_decision_no_action,-1,-1,-1,veh5,0.0,False
5732,21.7143,CAM_DROP_PHY,14322,11,6.0,21.7143,drop_decision_no_action,-1,-1,-1,veh6,0.0,False
5732,21.7143,CAM_DROP_PHY,14322,11,7.0,21.7143,drop_decision_no_action,-1,-1,-1,veh7,0.0,False
5732,21.7143,CAM_DROP_PHY,14322,11,8.0,21.7143,drop_decision_no_action,-1,-1,-1,veh8,0.0,False
5732,21.7143,CAM_DROP_PHY,14322,11,9.0,21.7143,drop_decision_no_action,-1,-1,-1,veh9,0.0,False
5593,21.7238,CPM_DROP_PHY,699721697310,5,10.0,21.7238,drop_decision_no_action,-1,-1,-1,veh10,0.0,False
5761,21.7238,CPM_DROP_PHY,699721697478,5,10.0,21.7238,drop_decision_no_action,-1,-1,-1,veh10,0.0,False
5593,21.7238,CPM_DROP_PHY,699721697310,5,11.0,21.7238,drop_decision_no_action,-1,-1,-1,veh11,0.0,False
5761,21.7238,CPM_DROP_PHY,699721697478,5,11.0,21.7238,drop_decision_no_action,-1,-1,-1,veh11,0.0,False
5593,21.7238,CPM_DROP_PHY,699721697310,5,12.0,21.7238,drop_decision_no_action,-1,-1,-1,veh12,0.0,False
5761,21.7238,CPM_DROP_PHY,699721697478,5,12.0,21.7238,drop_decision_no_action,-1,-1,-1,veh12,0.0,False
5761,21.7238,CPM_DROP_PHY,699721697478,5,2.0,21.7238,drop_decision_no_action,-1,-1,-1,veh2,0.0,False
5761,21.7238,CPM_DROP_PHY,699721697478,5,3.0,21.7238,drop_decision_no_action,-1,-1,-1,veh3,0.0,False
5761,21.7238,CPM_DROP_PHY,699721697478,5,4.0,21.7238,drop_decision_no_action,-1,-1,-1,veh4,0.0,False
5761,21.7238,CPM_DROP_PHY,699721697478,5,6.0,21.7238,drop_decision_no_action,-1,-1,-1,veh6,0.0,False
5761,21.7238,CPM_DROP_PHY,699721697478,5,7.0,21.7238,drop_decision_no_action,-1,-1,-1,veh7,0.0,False
5593,21.7238,CPM_DROP_PHY,699721697310,5,8.0,21.7238,drop_decision_no_action,-1,-1,-1,veh8,0.0,False
5761,21.7238,CPM_DROP_PHY,699721697478,5,8.0,21.7238,drop_decision_no_action,-1,-1,-1,veh8,0.0,False
5761,21.7238,CPM_DROP_PHY,699721697478,5,9.0,21.7238,drop_decision_no_action,-1,-1,-1,veh9,0.0,False
5744,21.7276,CPM_DROP_PHY,699721697465,10,11.0,21.7276,drop_decision_no_action,-1,-1,-1,veh11,0.0,False
5744,21.7276,CPM_DROP_PHY,699721697465,10,12.0,21.7276,drop_decision_no_action,-1,-1,-1,veh12,0.0,False
5744,21.7276,CPM_DROP_PHY,699721697465,10,2.0,21.7276,drop_decision_no_action,-1,-1,-1,veh2,0.0,False
5744,21.7276,CPM_DROP_PHY,699721697465,10,3.0,21.7276,drop_decision_no_action,-1,-1,-1,veh3,0.0,False
5744,21.7276,CPM_DROP_PHY,699721697465,10,4.0,21.7276,drop_decision_no_action,-1,-1,-1,veh4,0.0,False
5744,21.7276,CPM_DROP_PHY,699721697465,10,5.0,21.7276,drop_decision_no_action,-1,-1,-1,veh5,0.0,False
5744,21.7276,CPM_DROP_PHY,699721697465,10,6.0,21.7276,drop_decision_no_action,-1,-1,-1,veh6,0.0,False
5744,21.7276,CPM_DROP_PHY,699721697465,10,7.0,21.7276,drop_decision_no_action,-1,-1,-1,veh7,0.0,False
5744,21.7276,CPM_DROP_PHY,699721697465,10,8.0,21.7276,drop_decision_no_action,-1,-1,-1,veh8,0.0,False
5744,21.7276,CPM_DROP_PHY,699721697465,10,9.0,21.7276,drop_decision_no_action,-1,-1,-1,veh9,0.0,False
5783,21.7401,CAM_DROP_PHY,14412,3,10.0,21.7401,drop_decision_no_action,-1,-1,-1,veh10,0.0,False
5783,21.7401,CAM_DROP_PHY,14412,3,11.0,21.7401,drop_decision_no_action,-1,-1,-1,veh11,0.0,False
5783,21.7401,CAM_DROP_PHY,14412,3,12.0,21.7401,drop_decision_no_action,-1,-1,-1,veh12,0.0,False
5783,21.7401,CAM_DROP_PHY,14412,3,2.0,21.7401,drop_decision_no_action,-1,-1,-1,veh2,0.0,False
5783,21.7401,CAM_DROP_PHY,14412,3,4.0,21.7401,drop_decision_no_action,-1,-1,-1,veh4,0.0,False
5783,21.7401,CAM_DROP_PHY,14412,3,5.0,21.7401,drop_decision_no_action,-1,-1,-1,veh5,0.0,False
5783,21.7401,CAM_DROP_PHY,14412,3,6.0,21.7401,drop_decision_no_action,-1,-1,-1,veh6,0.0,False
5783,21.7401,CAM_DROP_PHY,14412,3,7.0,21.7401,drop_decision_no_action,-1,-1,-1,veh7,0.0,False
5783,21.7401,CAM_DROP_PHY,14412,3,8.0,21.7401,drop_decision_no_action,-1,-1,-1,veh8,0.0,False
5783,21.7401,CAM_DROP_PHY,14412,3,9.0,21.7401,drop_decision_no_action,-1,-1,-1,veh9,0.0,False
5776,21.7446,CAM_DROP_PHY,14407,8,11.0,21.7446,drop_decision_no_action,-1,-1,-1,veh11,0.0,False
5776,21.7446,CAM_DROP_PHY,14407,8,12.0,21.7446,drop_decision_no_action,-1,-1,-1,veh12,0.0,False
5776,21.7446,CAM_DROP_PHY,14407,8,2.0,21.7446,drop_decision_no_action,-1,-1,-1,veh2,0.0,False
5776,21.7446,CAM_DROP_PHY,14407,8,3.0,21.7446,drop_decision_no_action,-1,-1,-1,veh3,0.0,False
5776,21.7446,CAM_DROP_PHY,14407,8,4.0,21.7446,drop_decision_no_action,-1,-1,-1,veh4,0.0,False
5776,21.7446,CAM_DROP_PHY,14407,8,5.0,21.7446,drop_decision_no_action,-1,-1,-1,veh5,0.0,False
5776,21.7446,CAM_DROP_PHY,14407,8,6.0,21.7446,drop_decision_no_action,-1,-1,-1,veh6,0.0,False
5776,21.7446,CAM_DROP_PHY,14407,8,7.0,21.7446,drop_decision_no_action,-1,-1,-1,veh7,0.0,False
5776,21.7446,CAM_DROP_PHY,14407,8,9.0,21.7446,drop_decision_no_action,-1,-1,-1,veh9,0.0,False
5812,21.7528,CPM_DROP_PHY,699721697517,12,10.0,21.7528,drop_decision_no_action,-1,-1,-1,veh10,0.0,False
5812,21.7528,CPM_DROP_PHY,699721697517,12,11.0,21.7528,drop_decision_no_action,-1,-1,-1,veh11,0.0,False
5812,21.7528,CPM_DROP_PHY,699721697517,12,2.0,21.7528,drop_decision_no_action,-1,-1,-1,veh2,0.0,False
5812,21.7528,CPM_DROP_PHY,699721697517,12,3.0,21.7528,drop_decision_no_action,-1,-1,-1,veh3,0.0,False
5812,21.7528,CPM_DROP_PHY,699721697517,12,4.0,21.7528,drop_decision_no_action,-1,-1,-1,veh4,0.0,False
5812,21.7528,CPM_DROP_PHY,699721697517,12,5.0,21.7528,drop_decision_no_action,-1,-1,-1,veh5,0.0,False
5812,21.7528,CPM_DROP_PHY,699721697517,12,6.0,21.7528,drop_decision_no_action,-1,-1,-1,veh6,0.0,False
5812,21.7528,CPM_DROP_PHY,699721697517,12,7.0,21.7528,drop_decision_no_action,-1,-1,-1,veh7,0.0,False
5812,21.7528,CPM_DROP_PHY,699721697517,12,8.0,21.7528,drop_decision_no_action,-1,-1,-1,veh8,0.0,False
5812,21.7528,CPM_DROP_PHY,699721697517,12,9.0,21.7528,drop_decision_no_action,-1,-1,-1,veh9,0.0,False
5786,21.7538,CPM_DROP_PHY,699721697499,7,10.0,21.7538,drop_decision_no_action,-1,-1,-1,veh10,0.0,False
5786,21.7538,CPM_DROP_PHY,699721697499,7,11.0,21.7538,drop_decision_no_action,-1,-1,-1,veh11,0.0,False
5786,21.7538,CPM_DROP_PHY,699721697499,7,12.0,21.7538,drop_decision_no_action,-1,-1,-1,veh12,0.0,False
5786,21.7538,CPM_DROP_PHY,699721697499,7,2.0,21.7538,drop_decision_no_action,-1,-1,-1,veh2,0.0,False
5786,21.7538,CPM_DROP_PHY,699721697499,7,3.0,21.7538,drop_decision_no_action,-1,-1,-1,veh3,0.0,False
5786,21.7538,CPM_DROP_PHY,699721697499,7,4.0,21.7538,drop_decision_no_action,-1,-1,-1,veh4,0.0,False
5786,21.7538,CPM_DROP_PHY,699721697499,7,5.0,21.7538,drop_decision_no_action,-1,-1,-1,veh5,0.0,False
5626,21.7538,CPM_DROP_PHY,699721697327,7,6.0,21.7538,drop_decision_no_action,-1,-1,-1,veh6,0.0,False
5626,21.7538,CAM_DROP_PHY,14255,7,6.0,21.7538,drop_decision_no_action,-1,-1,-1,veh6,0.0,False
5786,21.7538,CPM_DROP_PHY,699721697499,7,6.0,21.7538,drop_decision_no_action,-1,-1,-1,veh6,0.0,False
5786,21.7538,CPM_DROP_PHY,699721697499,7,8.0,21.7538,drop_decision_no_action,-1,-1,-1,veh8,0.0,False
5786,21.7538,CPM_DROP_PHY,699721697499,7,9.0,21.7538,drop_decision_no_action,-1,-1,-1,veh9,0.0,False
5783,21.7601,CPM_DROP_PHY,699721697496,3,10.0,21.7401,drop_decision_no_action,-1,-1,-1,veh10,-0.019999999999999574,False
5783,21.7601,CPM_DROP_PHY,699721697496,3,12.0,21.7401,drop_decision_no_action,-1,-1,-1,veh12,-0.019999999999999574,False
5783,21.7601,CPM_DROP_PHY,699721697496,3,2.0,21.7401,drop_decision_no_action,-1,-1,-1,veh2,-0.019999999999999574,False
5783,21.7601,CPM_DROP_PHY,699721697496,3,4.0,21.7401,drop_decision_no_action,-1,-1,-1,veh4,-0.019999999999999574,False
5783,21.7601,CPM_DROP_PHY,699721697496,3,5.0,21.7401,drop_decision_no_action,-1,-1,-1,veh5,-0.019999999999999574,False
5783,21.7601,CPM_DROP_PHY,699721697496,3,6.0,21.7401,drop_decision_no_action,-1,-1,-1,veh6,-0.019999999999999574,False
5783,21.7601,CPM_DROP_PHY,699721697496,3,7.0,21.7401,drop_decision_no_action,-1,-1,-1,veh7,-0.019999999999999574,False
5783,21.7601,CPM_DROP_PHY,699721697496,3,8.0,21.7401,drop_decision_no_action,-1,-1,-1,veh8,-0.019999999999999574,False
5783,21.7601,CPM_DROP_PHY,699721697496,3,9.0,21.7401,drop_decision_no_action,-1,-1,-1,veh9,-0.019999999999999574,False
5783,21.7666,CPM_DROP_PHY,699721697496,3,11.0,21.7401,drop_decision_no_action,-1,-1,-1,veh11,-0.026499999999998636,False
5811,21.7688,CAM_DROP_PHY,14433,9,10.0,21.7688,drop_decision_no_action,-1,-1,-1,veh10,0.0,False
5811,21.7688,CPM_DROP_PHY,699721697532,9,10.0,21.7688,drop_decision_no_action,-1,-1,-1,veh10,0.0,False
5811,21.7688,CAM_DROP_PHY,14433,9,11.0,21.7688,drop_decision_no_action,-1,-1,-1,veh11,0.0,False
5811,21.7688,CPM_DROP_PHY,699721697532,9,11.0,21.7688,drop_decision_no_action,-1,-1,-1,veh11,0.0,False
5811,21.7688,CAM_DROP_PHY,14433,9,12.0,21.7688,drop_decision_no_action,-1,-1,-1,veh12,0.0,False
5811,21.7688,CPM_DROP_PHY,699721697532,9,12.0,21.7688,drop_decision_no_action,-1,-1,-1,veh12,0.0,False
5811,21.7688,CAM_DROP_PHY,14433,9,2.0,21.7688,drop_decision_no_action,-1,-1,-1,veh2,0.0,False
5811,21.7688,CPM_DROP_PHY,699721697532,9,2.0,21.7688,drop_decision_no_action,-1,-1,-1,veh2,0.0,False
5811,21.7688,CAM_DROP_PHY,14433,9,3.0,21.7688,drop_decision_no_action,-1,-1,-1,veh3,0.0,False
5811,21.7688,CPM_DROP_PHY,699721697532,9,3.0,21.7688,drop_decision_no_action,-1,-1,-1,veh3,0.0,False
5811,21.7688,CAM_DROP_PHY,14433,9,4.0,21.7688,drop_decision_no_action,-1,-1,-1,veh4,0.0,False
5811,21.7688,CPM_DROP_PHY,699721697532,9,4.0,21.7688,drop_decision_no_action,-1,-1,-1,veh4,0.0,False
5811,21.7688,CAM_DROP_PHY,14433,9,5.0,21.7688,drop_decision_no_action,-1,-1,-1,veh5,0.0,False
5811,21.7688,CPM_DROP_PHY,699721697532,9,5.0,21.7688,drop_decision_no_action,-1,-1,-1,veh5,0.0,False
5811,21.7688,CAM_DROP_PHY,14433,9,6.0,21.7688,drop_decision_no_action,-1,-1,-1,veh6,0.0,False
5811,21.7688,CPM_DROP_PHY,699721697532,9,6.0,21.7688,drop_decision_no_action,-1,-1,-1,veh6,0.0,False
5811,21.7688,CAM_DROP_PHY,14433,9,7.0,21.7688,drop_decision_no_action,-1,-1,-1,veh7,0.0,False
5811,21.7688,CPM_DROP_PHY,699721697532,9,7.0,21.7688,drop_decision_no_action,-1,-1,-1,veh7,0.0,False
5811,21.7688,CAM_DROP_PHY,14433,9,8.0,21.7688,drop_decision_no_action,-1,-1,-1,veh8,0.0,False
5811,21.7688,CPM_DROP_PHY,699721697532,9,8.0,21.7688,drop_decision_no_action,-1,-1,-1,veh8,0.0,False
5844,21.7701,CPM_DROP_PHY,699721697537,4,10.0,21.7701,drop_decision_no_action,-1,-1,-1,veh10,0.0,False
5844,21.7701,CPM_DROP_PHY,699721697537,4,11.0,21.7701,drop_decision_no_action,-1,-1,-1,veh11,0.0,False
5844,21.7701,CPM_DROP_PHY,699721697537,4,12.0,21.7701,drop_decision_no_action,-1,-1,-1,veh12,0.0,False
5844,21.7701,CPM_DROP_PHY,699721697537,4,2.0,21.7701,drop_decision_no_action,-1,-1,-1,veh2,0.0,False
5844,21.7701,CPM_DROP_PHY,699721697537,4,3.0,21.7701,drop_decision_no_action,-1,-1,-1,veh3,0.0,False
5844,21.7701,CPM_DROP_PHY,699721697537,4,5.0,21.7701,drop_decision_no_action,-1,-1,-1,veh5,0.0,False
5844,21.7701,CPM_DROP_PHY,699721697537,4,6.0,21.7701,drop_decision_no_action,-1,-1,-1,veh6,0.0,False
5844,21.7701,CPM_DROP_PHY,699721697537,4,7.0,21.7701,drop_decision_no_action,-1,-1,-1,veh7,0.0,False
5844,21.7701,CPM_DROP_PHY,699721697537,4,8.0,21.7701,drop_decision_no_action,-1,-1,-1,veh8,0.0,False
5844,21.7701,CPM_DROP_PHY,699721697537,4,9.0,21.7701,drop_decision_no_action,-1,-1,-1,veh9,0.0,False
5832,21.7798,CPM_DROP_PHY,699721697529,6,10.0,21.7798,drop_decision_no_action,-1,-1,-1,veh10,0.0,False
5832,21.7798,CPM_DROP_PHY,699721697529,6,11.0,21.7798,drop_decision_no_action,-1,-1,-1,veh11,0.0,False
5832,21.7798,CPM_DROP_PHY,699721697529,6,12.0,21.7798,drop_decision_no_action,-1,-1,-1,veh12,0.0,False
5832,21.7798,CPM_DROP_PHY,699721697529,6,2.0,21.7798,drop_decision_no_action,-1,-1,-1,veh2,0.0,False
5832,21.7798,CPM_DROP_PHY,699721697529,6,3.0,21.7798,drop_decision_no_action,-1,-1,-1,veh3,0.0,False
5832,21.7798,CPM_DROP_PHY,699721697529,6,4.0,21.7798,drop_decision_no_action,-1,-1,-1,veh4,0.0,False
5832,21.7798,CPM_DROP_PHY,699721697529,6,5.0,21.7798,drop_decision_no_action,-1,-1,-1,veh5,0.0,False
5832,21.7798,CPM_DROP_PHY,699721697529,6,8.0,21.7798,drop_decision_no_action,-1,-1,-1,veh8,0.0,False
5832,21.7798,CPM_DROP_PHY,699721697529,6,9.0,21.7798,drop_decision_no_action,-1,-1,-1,veh9,0.0,False
5884,21.7943,CPM_DROP_PHY,699721697563,11,10.0,21.7943,drop_decision_no_action,-1,-1,-1,veh10,0.0,False
5884,21.7943,CPM_DROP_PHY,699721697563,11,12.0,21.7943,drop_decision_no_action,-1,-1,-1,veh12,0.0,False
5884,21.7943,CPM_DROP_PHY,699721697563,11,2.0,21.7943,drop_decision_no_action,-1,-1,-1,veh2,0.0,False
5884,21.7943,CPM_DROP_PHY,699721697563,11,3.0,21.7943,drop_decision_no_action,-1,-1,-1,veh3,0.0,False
5884,21.7943,CPM_DROP_PHY,699721697563,11,4.0,21.7943,drop_decision_no_action,-1,-1,-1,veh4,0.0,False
5884,21.7943,CPM_DROP_PHY,699721697563,11,5.0,21.7943,drop_decision_no_action,-1,-1,-1,veh5,0.0,False
5884,21.7943,CPM_DROP_PHY,699721697563,11,6.0,21.7943,drop_decision_no_action,-1,-1,-1,veh6,0.0,False
5884,21.7943,CPM_DROP_PHY,699721697563,11,7.0,21.7943,drop_decision_no_action,-1,-1,-1,veh7,0.0,False
5884,21.7943,CPM_DROP_PHY,699721697563,11,8.0,21.7943,drop_decision_no_action,-1,-1,-1,veh8,0.0,False
5884,21.7943,CPM_DROP_PHY,699721697563,11,9.0,21.7943,drop_decision_no_action,-1,-1,-1,veh9,0.0,False
5716,21.8046,CPM_DROP_PHY,699721697388,8,10.0,21.8046,drop_decision_no_action,-1,-1,-1,veh10,0.0,False
5890,21.8093,CAM_DROP_PHY,14488,2,10.0,21.8093,drop_decision_no_action,-1,-1,-1,veh10,0.0,False
5890,21.8093,CAM_DROP_PHY,14488,2,11.0,21.8093,drop_decision_no_action,-1,-1,-1,veh11,0.0,False
5890,21.8093,CAM_DROP_PHY,14488,2,12.0,21.8093,drop_decision_no_action,-1,-1,-1,veh12,0.0,False
5890,21.8093,CAM_DROP_PHY,14488,2,3.0,21.8093,drop_decision_no_action,-1,-1,-1,veh3,0.0,False
5890,21.8093,CAM_DROP_PHY,14488,2,4.0,21.8093,drop_decision_no_action,-1,-1,-1,veh4,0.0,False
5890,21.8093,CAM_DROP_PHY,14488,2,5.0,21.8093,drop_decision_no_action,-1,-1,-1,veh5,0.0,False
5890,21.8093,CAM_DROP_PHY,14488,2,6.0,21.8093,drop_decision_no_action,-1,-1,-1,veh6,0.0,False
5890,21.8093,CAM_DROP_PHY,14488,2,7.0,21.8093,drop_decision_no_action,-1,-1,-1,veh7,0.0,False
5890,21.8093,CAM_DROP_PHY,14488,2,8.0,21.8093,drop_decision_no_action,-1,-1,-1,veh8,0.0,False
5890,21.8093,CAM_DROP_PHY,14488,2,9.0,21.8093,drop_decision_no_action,-1,-1,-1,veh9,0.0,False
5899,21.8238,CAM_DROP_PHY,14554,5,10.0,21.8238,drop_decision_no_action,-1,-1,-1,veh10,0.0,False
5899,21.8238,CAM_DROP_PHY,14554,5,11.0,21.8238,drop_decision_no_action,-1,-1,-1,veh11,0.0,False
5899,21.8238,CAM_DROP_PHY,14554,5,12.0,21.8238,drop_decision_no_action,-1,-1,-1,veh12,0.0,False
5899,21.8238,CAM_DROP_PHY,14554,5,2.0,21.8238,drop_decision_no_action,-1,-1,-1,veh2,0.0,False
5899,21.8238,CAM_DROP_PHY,14554,5,3.0,21.8238,drop_decision_no_action,-1,-1,-1,veh3,0.0,False
5899,21.8238,CAM_DROP_PHY,14554,5,4.0,21.8238,drop_decision_no_action,-1,-1,-1,veh4,0.0,False
5899,21.8238,CAM_DROP_PHY,14554,5,6.0,21.8238,drop_decision_no_action,-1,-1,-1,veh6,0.0,False
5899,21.8238,CAM_DROP_PHY,14554,5,7.0,21.8238,drop_decision_no_action,-1,-1,-1,veh7,0.0,False
5899,21.8238,CAM_DROP_PHY,14554,5,8.0,21.8238,drop_decision_no_action,-1,-1,-1,veh8,0.0,False
5899,21.8238,CAM_DROP_PHY,14554,5,9.0,21.8238,drop_decision_no_action,-1,-1,-1,veh9,0.0,False
5912,21.8301,CAM_DROP_PHY,14567,4,10.0,21.8301,drop_decision_no_action,-1,-1,-1,veh10,0.0,False
5912,21.8301,CAM_DROP_PHY,14567,4,11.0,21.8301,drop_decision_no_action,-1,-1,-1,veh11,0.0,False
5912,21.8301,CAM_DROP_PHY,14567,4,12.0,21.8301,drop_decision_no_action,-1,-1,-1,veh12,0.0,False
5912,21.8301,CAM_DROP_PHY,14567,4,2.0,21.8301,drop_decision_no_action,-1,-1,-1,veh2,0.0,False
5912,21.8301,CAM_DROP_PHY,14567,4,3.0,21.8301,drop_decision_no_action,-1,-1,-1,veh3,0.0,False
5912,21.8301,CAM_DROP_PHY,14567,4,5.0,21.8301,drop_decision_no_action,-1,-1,-1,veh5,0.0,False
5912,21.8301,CAM_DROP_PHY,14567,4,6.0,21.8301,drop_decision_no_action,-1,-1,-1,veh6,0.0,False
5912,21.8301,CAM_DROP_PHY,14567,4,7.0,21.8301,drop_decision_no_action,-1,-1,-1,veh7,0.0,False
5912,21.8301,CAM_DROP_PHY,14567,4,8.0,21.8301,drop_decision_no_action,-1,-1,-1,veh8,0.0,False
5912,21.8301,CAM_DROP_PHY,14567,4,9.0,21.8301,drop_decision_no_action,-1,-1,-1,veh9,0.0,False
5901,21.8331,CPM_DROP_PHY,699721697637,10,11.0,21.8331,drop_decision_no_action,-1,-1,-1,veh11,0.0,False
5901,21.8331,CPM_DROP_PHY,699721697637,10,12.0,21.8331,drop_decision_no_action,-1,-1,-1,veh12,0.0,False
5901,21.8331,CPM_DROP_PHY,699721697637,10,3.0,21.8331,drop_decision_no_action,-1,-1,-1,veh3,0.0,False
5901,21.8331,CPM_DROP_PHY,699721697637,10,4.0,21.8331,drop_decision_no_action,-1,-1,-1,veh4,0.0,False
5901,21.8331,CPM_DROP_PHY,699721697637,10,5.0,21.8331,drop_decision_no_action,-1,-1,-1,veh5,0.0,False
5901,21.8331,CPM_DROP_PHY,699721697637,10,6.0,21.8331,drop_decision_no_action,-1,-1,-1,veh6,0.0,False
5901,21.8331,CPM_DROP_PHY,699721697637,10,7.0,21.8331,drop_decision_no_action,-1,-1,-1,veh7,0.0,False
5901,21.8331,CPM_DROP_PHY,699721697637,10,8.0,21.8331,drop_decision_no_action,-1,-1,-1,veh8,0.0,False
5901,21.8331,CPM_DROP_PHY,699721697637,10,9.0,21.8331,drop_decision_no_action,-1,-1,-1,veh9,0.0,False
5939,21.8401,CPM_DROP_PHY,699721697666,3,11.0,21.8401,drop_decision_no_action,-1,-1,-1,veh11,0.0,False
5939,21.8401,CPM_DROP_PHY,699721697666,3,12.0,21.8401,drop_decision_no_action,-1,-1,-1,veh12,0.0,False
5901,21.8401,CPM_DROP_PHY,699721697637,10,2.0,21.8401,drop_decision_no_action,-1,-1,-1,veh2,0.0,False
5939,21.8401,CPM_DROP_PHY,699721697666,3,2.0,21.8401,drop_decision_no_action,-1,-1,-1,veh2,0.0,False
5939,21.8401,CPM_DROP_PHY,699721697666,3,4.0,21.8401,drop_decision_no_action,-1,-1,-1,veh4,0.0,False
5939,21.8401,CPM_DROP_PHY,699721697666,3,5.0,21.8401,drop_decision_no_action,-1,-1,-1,veh5,0.0,False
5939,21.8401,CPM_DROP_PHY,699721697666,3,6.0,21.8401,drop_decision_no_action,-1,-1,-1,veh6,0.0,False
5939,21.8401,CPM_DROP_PHY,699721697666,3,7.0,21.8401,drop_decision_no_action,-1,-1,-1,veh7,0.0,False
5939,21.8401,CPM_DROP_PHY,699721697666,3,8.0,21.8401,drop_decision_no_action,-1,-1,-1,veh8,0.0,False
5939,21.8401,CPM_DROP_PHY,699721697666,3,9.0,21.8401,drop_decision_no_action,-1,-1,-1,veh9,0.0,False
5899,21.8438,CPM_DROP_PHY,699721697653,5,10.0,21.8238,drop_decision_no_action,-1,-1,-1,veh10,-0.020000000000003126,False
5899,21.8438,CPM_DROP_PHY,699721697653,5,11.0,21.8238,drop_decision_no_action,-1,-1,-1,veh11,-0.020000000000003126,False
5899,21.8438,CPM_DROP_PHY,699721697653,5,12.0,21.8238,drop_decision_no_action,-1,-1,-1,veh12,-0.020000000000003126,False
5899,21.8438,CPM_DROP_PHY,699721697653,5,2.0,21.8238,drop_decision_no_action,-1,-1,-1,veh2,-0.020000000000003126,False
5899,21.8438,CPM_DROP_PHY,699721697653,5,3.0,21.8238,drop_decision_no_action,-1,-1,-1,veh3,-0.020000000000003126,False
5899,21.8438,CPM_DROP_PHY,699721697653,5,4.0,21.8238,drop_decision_no_action,-1,-1,-1,veh4,-0.020000000000003126,False
5899,21.8438,CPM_DROP_PHY,699721697653,5,6.0,21.8238,drop_decision_no_action,-1,-1,-1,veh6,-0.020000000000003126,False
5899,21.8438,CPM_DROP_PHY,699721697653,5,7.0,21.8238,drop_decision_no_action,-1,-1,-1,veh7,-0.020000000000003126,False
5899,21.8438,CPM_DROP_PHY,699721697653,5,8.0,21.8238,drop_decision_no_action,-1,-1,-1,veh8,-0.020000000000003126,False
5899,21.8438,CPM_DROP_PHY,699721697653,5,9.0,21.8238,drop_decision_no_action,-1,-1,-1,veh9,-0.020000000000003126,False
5971,21.8528,CPM_DROP_PHY,699721697692,12,10.0,21.8528,drop_decision_no_action,-1,-1,-1,veh10,0.0,False
5971,21.8528,CPM_DROP_PHY,699721697692,12,11.0,21.8528,drop_decision_no_action,-1,-1,-1,veh11,0.0,False
5971,21.8528,CPM_DROP_PHY,699721697692,12,2.0,21.8528,drop_decision_no_action,-1,-1,-1,veh2,0.0,False
5971,21.8528,CPM_DROP_PHY,699721697692,12,3.0,21.8528,drop_decision_no_action,-1,-1,-1,veh3,0.0,False
5971,21.8528,CPM_DROP_PHY,699721697692,12,4.0,21.8528,drop_decision_no_action,-1,-1,-1,veh4,0.0,False
5971,21.8528,CPM_DROP_PHY,699721697692,12,5.0,21.8528,drop_decision_no_action,-1,-1,-1,veh5,0.0,False
5971,21.8528,CPM_DROP_PHY,699721697692,12,6.0,21.8528,drop_decision_no_action,-1,-1,-1,veh6,0.0,False
5971,21.8528,CPM_DROP_PHY,699721697692,12,7.0,21.8528,drop_decision_no_action,-1,-1,-1,veh7,0.0,False
5971,21.8528,CPM_DROP_PHY,699721697692,12,8.0,21.8528,drop_decision_no_action,-1,-1,-1,veh8,0.0,False
5971,21.8528,CPM_DROP_PHY,699721697692,12,9.0,21.8528,drop_decision_no_action,-1,-1,-1,veh9,0.0,False
5941,21.8538,CPM_DROP_PHY,699721697670,7,10.0,21.8538,drop_decision_no_action,-1,-1,-1,veh10,0.0,False
5941,21.8538,CPM_DROP_PHY,699721697670,7,11.0,21.8538,drop_decision_no_action,-1,-1,-1,veh11,0.0,False
5941,21.8538,CPM_DROP_PHY,699721697670,7,12.0,21.8538,drop_decision_no_action,-1,-1,-1,veh12,0.0,False
5941,21.8538,CPM_DROP_PHY,699721697670,7,2.0,21.8538,drop_decision_no_action,-1,-1,-1,veh2,0.0,False
5941,21.8538,CPM_DROP_PHY,699721697670,7,3.0,21.8538,drop_decision_no_action,-1,-1,-1,veh3,0.0,False
5941,21.8538,CPM_DROP_PHY,699721697670,7,4.0,21.8538,drop_decision_no_action,-1,-1,-1,veh4,0.0,False
5941,21.8538,CPM_DROP_PHY,699721697670,7,5.0,21.8538,drop_decision_no_action,-1,-1,-1,veh5,0.0,False
5941,21.8538,CPM_DROP_PHY,699721697670,7,6.0,21.8538,drop_decision_no_action,-1,-1,-1,veh6,0.0,False
5941,21.8538,CPM_DROP_PHY,699721697670,7,8.0,21.8538,drop_decision_no_action,-1,-1,-1,veh8,0.0,False
5941,21.8538,CPM_DROP_PHY,699721697670,7,9.0,21.8538,drop_decision_no_action,-1,-1,-1,veh9,0.0,False
5974,21.8598,CAM_DROP_PHY,14615,6,10.0,21.8598,drop_decision_no_action,-1,-1,-1,veh10,0.0,False
5974,21.8598,CAM_DROP_PHY,14615,6,11.0,21.8598,drop_decision_no_action,-1,-1,-1,veh11,0.0,False
5974,21.8598,CAM_DROP_PHY,14615,6,12.0,21.8598,drop_decision_no_action,-1,-1,-1,veh12,0.0,False
5974,21.8598,CAM_DROP_PHY,14615,6,2.0,21.8598,drop_decision_no_action,-1,-1,-1,veh2,0.0,False
5974,21.8598,CAM_DROP_PHY,14615,6,3.0,21.8598,drop_decision_no_action,-1,-1,-1,veh3,0.0,False
5974,21.8598,CAM_DROP_PHY,14615,6,4.0,21.8598,drop_decision_no_action,-1,-1,-1,veh4,0.0,False
5974,21.8598,CAM_DROP_PHY,14615,6,5.0,21.8598,drop_decision_no_action,-1,-1,-1,veh5,0.0,False
5974,21.8598,CAM_DROP_PHY,14615,6,8.0,21.8598,drop_decision_no_action,-1,-1,-1,veh8,0.0,False
5974,21.8598,CAM_DROP_PHY,14615,6,9.0,21.8598,drop_decision_no_action,-1,-1,-1,veh9,0.0,False
5969,21.8688,CAM_DROP_PHY,14608,9,10.0,21.8688,drop_decision_no_action,-1,-1,-1,veh10,0.0,False
5969,21.8688,CPM_DROP_PHY,699721697709,9,10.0,21.8688,drop_decision_no_action,-1,-1,-1,veh10,0.0,False
5969,21.8688,CAM_DROP_PHY,14608,9,11.0,21.8688,drop_decision_no_action,-1,-1,-1,veh11,0.0,False
5969,21.8688,CPM_DROP_PHY,699721697709,9,11.0,21.8688,drop_decision_no_action,-1,-1,-1,veh11,0.0,False
5969,21.8688,CAM_DROP_PHY,14608,9,12.0,21.8688,drop_decision_no_action,-1,-1,-1,veh12,0.0,False
5969,21.8688,CPM_DROP_PHY,699721697709,9,12.0,21.8688,drop_decision_no_action,-1,-1,-1,veh12,0.0,False
5969,21.8688,CAM_DROP_PHY,14608,9,2.0,21.8688,drop_decision_no_action,-1,-1,-1,veh2,0.0,False
5969,21.8688,CPM_DROP_PHY,699721697709,9,2.0,21.8688,drop_decision_no_action,-1,-1,-1,veh2,0.0,False
5969,21.8688,CAM_DROP_PHY,14608,9,3.0,21.8688,drop_decision_no_action,-1,-1,-1,veh3,0.0,False
5969,21.8688,CPM_DROP_PHY,699721697709,9,3.0,21.8688,drop_decision_no_action,-1,-1,-1,veh3,0.0,False
5969,21.8688,CAM_DROP_PHY,14608,9,4.0,21.8688,drop_decision_no_action,-1,-1,-1,veh4,0.0,False
5969,21.8688,CPM_DROP_PHY,699721697709,9,4.0,21.8688,drop_decision_no_action,-1,-1,-1,veh4,0.0,False
5969,21.8688,CAM_DROP_PHY,14608,9,5.0,21.8688,drop_decision_no_action,-1,-1,-1,veh5,0.0,False
5969,21.8688,CPM_DROP_PHY,699721697709,9,5.0,21.8688,drop_decision_no_action,-1,-1,-1,veh5,0.0,False
5969,21.8688,CAM_DROP_PHY,14608,9,6.0,21.8688,drop_decision_no_action,-1,-1,-1,veh6,0.0,False
5969,21.8688,CPM_DROP_PHY,699721697709,9,6.0,21.8688,drop_decision_no_action,-1,-1,-1,veh6,0.0,False
5969,21.8688,CAM_DROP_PHY,14608,9,7.0,21.8688,drop_decision_no_action,-1,-1,-1,veh7,0.0,False
5969,21.8688,CPM_DROP_PHY,699721697709,9,7.0,21.8688,drop_decision_no_action,-1,-1,-1,veh7,0.0,False
5969,21.8688,CAM_DROP_PHY,14608,9,8.0,21.8688,drop_decision_no_action,-1,-1,-1,veh8,0.0,False
5969,21.8688,CPM_DROP_PHY,699721697709,9,8.0,21.8688,drop_decision_no_action,-1,-1,-1,veh8,0.0,False
6005,21.8701,CPM_DROP_PHY,699721697715,4,10.0,21.8701,drop_decision_no_action,-1,-1,-1,veh10,0.0,False
6005,21.8701,CPM_DROP_PHY,699721697715,4,11.0,21.8701,drop_decision_no_action,-1,-1,-1,veh11,0.0,False
6005,21.8701,CPM_DROP_PHY,699721697715,4,12.0,21.8701,drop_decision_no_action,-1,-1,-1,veh12,0.0,False
6005,21.8701,CPM_DROP_PHY,699721697715,4,2.0,21.8701,drop_decision_no_action,-1,-1,-1,veh2,0.0,False
6005,21.8701,CPM_DROP_PHY,699721697715,4,3.0,21.8701,drop_decision_no_action,-1,-1,-1,veh3,0.0,False
6005,21.8701,CPM_DROP_PHY,699721697715,4,5.0,21.8701,drop_decision_no_action,-1,-1,-1,veh5,0.0,False
6005,21.8701,CPM_DROP_PHY,699721697715,4,6.0,21.8701,drop_decision_no_action,-1,-1,-1,veh6,0.0,False
6005,21.8701,CPM_DROP_PHY,699721697715,4,7.0,21.8701,drop_decision_no_action,-1,-1,-1,veh7,0.0,False
6005,21.8701,CPM_DROP_PHY,699721697715,4,8.0,21.8701,drop_decision_no_action,-1,-1,-1,veh8,0.0,False
6005,21.8701,CPM_DROP_PHY,699721697715,4,9.0,21.8701,drop_decision_no_action,-1,-1,-1,veh9,0.0,False
5941,21.8738,CAM_DROP_PHY,14599,7,10.0,21.8538,drop_decision_no_action,-1,-1,-1,veh10,-0.019999999999999574,False
5941,21.8738,CAM_DROP_PHY,14599,7,11.0,21.8538,drop_decision_no_action,-1,-1,-1,veh11,-0.019999999999999574,False
5941,21.8738,CAM_DROP_PHY,14599,7,12.0,21.8538,drop_decision_no_action,-1,-1,-1,veh12,-0.019999999999999574,False
5941,21.8738,CAM_DROP_PHY,14599,7,2.0,21.8538,drop_decision_no_action,-1,-1,-1,veh2,-0.019999999999999574,False
5941,21.8738,CAM_DROP_PHY,14599,7,3.0,21.8538,drop_decision_no_action,-1,-1,-1,veh3,-0.019999999999999574,False
5941,21.8738,CAM_DROP_PHY,14599,7,4.0,21.8538,drop_decision_no_action,-1,-1,-1,veh4,-0.019999999999999574,False
5941,21.8738,CAM_DROP_PHY,14599,7,5.0,21.8538,drop_decision_no_action,-1,-1,-1,veh5,-0.019999999999999574,False
5941,21.8738,CAM_DROP_PHY,14599,7,6.0,21.8538,drop_decision_no_action,-1,-1,-1,veh6,-0.019999999999999574,False
5941,21.8738,CAM_DROP_PHY,14599,7,8.0,21.8538,drop_decision_no_action,-1,-1,-1,veh8,-0.019999999999999574,False
5941,21.8738,CAM_DROP_PHY,14599,7,9.0,21.8538,drop_decision_no_action,-1,-1,-1,veh9,-0.019999999999999574,False
5994,21.8798,CPM_DROP_PHY,699721697706,6,10.0,21.8798,drop_decision_no_action,-1,-1,-1,veh10,0.0,False
5994,21.8798,CPM_DROP_PHY,699721697706,6,11.0,21.8798,drop_decision_no_action,-1,-1,-1,veh11,0.0,False
5994,21.8798,CPM_DROP_PHY,699721697706,6,12.0,21.8798,drop_decision_no_action,-1,-1,-1,veh12,0.0,False
5994,21.8798,CPM_DROP_PHY,699721697706,6,2.0,21.8798,drop_decision_no_action,-1,-1,-1,veh2,0.0,False
5994,21.8798,CPM_DROP_PHY,699721697706,6,3.0,21.8798,drop_decision_no_action,-1,-1,-1,veh3,0.0,False
5994,21.8798,CPM_DROP_PHY,699721697706,6,4.0,21.8798,drop_decision_no_action,-1,-1,-1,veh4,0.0,False
5994,21.8798,CPM_DROP_PHY,699721697706,6,5.0,21.8798,drop_decision_no_action,-1,-1,-1,veh5,0.0,False
5832,21.8798,CPM_DROP_PHY,699721697529,6,7.0,21.8798,drop_decision_no_action,-1,-1,-1,veh7,0.0,False
5994,21.8798,CPM_DROP_PHY,699721697706,6,8.0,21.8798,drop_decision_no_action,-1,-1,-1,veh8,0.0,False
5994,21.8798,CPM_DROP_PHY,699721697706,6,9.0,21.8798,drop_decision_no_action,-1,-1,-1,veh9,0.0,False
6030,21.8931,CAM_DROP_PHY,14650,10,11.0,21.8931,drop_decision_no_action,-1,-1,-1,veh11,0.0,False
6030,21.8931,CAM_DROP_PHY,14650,10,12.0,21.8931,drop_decision_no_action,-1,-1,-1,veh12,0.0,False
6030,21.8931,CAM_DROP_PHY,14650,10,2.0,21.8931,drop_decision_no_action,-1,-1,-1,veh2,0.0,False
6030,21.8931,CAM_DROP_PHY,14650,10,3.0,21.8931,drop_decision_no_action,-1,-1,-1,veh3,0.0,False
6030,21.8931,CAM_DROP_PHY,14650,10,4.0,21.8931,drop_decision_no_action,-1,-1,-1,veh4,0.0,False
6030,21.8931,CAM_DROP_PHY,14650,10,5.0,21.8931,drop_decision_no_action,-1,-1,-1,veh5,0.0,False
6030,21.8931,CAM_DROP_PHY,14650,10,6.0,21.8931,drop_decision_no_action,-1,-1,-1,veh6,0.0,False
6030,21.8931,CAM_DROP_PHY,14650,10,7.0,21.8931,drop_decision_no_action,-1,-1,-1,veh7,0.0,False
6030,21.8931,CAM_DROP_PHY,14650,10,8.0,21.8931,drop_decision_no_action,-1,-1,-1,veh8,0.0,False
6030,21.8931,CAM_DROP_PHY,14650,10,9.0,21.8931,drop_decision_no_action,-1,-1,-1,veh9,0.0,False
6055,21.8943,CPM_DROP_PHY,699721697745,11,10.0,21.8943,drop_decision_no_action,-1,-1,-1,veh10,0.0,False
6055,21.8943,CPM_DROP_PHY,699721697745,11,12.0,21.8943,drop_decision_no_action,-1,-1,-1,veh12,0.0,False
6055,21.8943,CPM_DROP_PHY,699721697745,11,2.0,21.8943,drop_decision_no_action,-1,-1,-1,veh2,0.0,False
6055,21.8943,CPM_DROP_PHY,699721697745,11,3.0,21.8943,drop_decision_no_action,-1,-1,-1,veh3,0.0,False
6055,21.8943,CPM_DROP_PHY,699721697745,11,4.0,21.8943,drop_decision_no_action,-1,-1,-1,veh4,0.0,False
6055,21.8943,CPM_DROP_PHY,699721697745,11,5.0,21.8943,drop_decision_no_action,-1,-1,-1,veh5,0.0,False
6055,21.8943,CPM_DROP_PHY,699721697745,11,6.0,21.8943,drop_decision_no_action,-1,-1,-1,veh6,0.0,False
6055,21.8943,CPM_DROP_PHY,699721697745,11,7.0,21.8943,drop_decision_no_action,-1,-1,-1,veh7,0.0,False
6055,21.8943,CPM_DROP_PHY,699721697745,11,8.0,21.8943,drop_decision_no_action,-1,-1,-1,veh8,0.0,False
6055,21.8943,CPM_DROP_PHY,699721697745,11,9.0,21.8943,drop_decision_no_action,-1,-1,-1,veh9,0.0,False
6077,21.9131,CPM_DROP_PHY,699721697826,10,11.0,21.9131,drop_decision_no_action,-1,-1,-1,veh11,0.0,False
6077,21.9131,CPM_DROP_PHY,699721697826,10,12.0,21.9131,drop_decision_no_action,-1,-1,-1,veh12,0.0,False
6077,21.9131,CPM_DROP_PHY,699721697826,10,2.0,21.9131,drop_decision_no_action,-1,-1,-1,veh2,0.0,False
6077,21.9131,CPM_DROP_PHY,699721697826,10,3.0,21.9131,drop_decision_no_action,-1,-1,-1,veh3,0.0,False
6077,21.9131,CPM_DROP_PHY,699721697826,10,4.0,21.9131,drop_decision_no_action,-1,-1,-1,veh4,0.0,False
6077,21.9131,CPM_DROP_PHY,699721697826,10,5.0,21.9131,drop_decision_no_action,-1,-1,-1,veh5,0.0,False
6077,21.9131,CPM_DROP_PHY,699721697826,10,6.0,21.9131,drop_decision_no_action,-1,-1,-1,veh6,0.0,False
6077,21.9131,CPM_DROP_PHY,699721697826,10,7.0,21.9131,drop_decision_no_action,-1,-1,-1,veh7,0.0,False
6077,21.9131,CPM_DROP_PHY,699721697826,10,8.0,21.9131,drop_decision_no_action,-1,-1,-1,veh8,0.0,False
6077,21.9131,CPM_DROP_PHY,699721697826,10,9.0,21.9131,drop_decision_no_action,-1,-1,-1,veh9,0.0,False
6063,21.9143,CAM_DROP_PHY,14672,11,10.0,21.9143,drop_decision_no_action,-1,-1,-1,veh10,0.0,False
6063,21.9143,CAM_DROP_PHY,14672,11,12.0,21.9143,drop_decision_no_action,-1,-1,-1,veh12,0.0,False
6063,21.9143,CAM_DROP_PHY,14672,11,2.0,21.9143,drop_decision_no_action,-1,-1,-1,veh2,0.0,False
6063,21.9143,CAM_DROP_PHY,14672,11,3.0,21.9143,drop_decision_no_action,-1,-1,-1,veh3,0.0,False
6063,21.9143,CAM_DROP_PHY,14672,11,4.0,21.9143,drop_decision_no_action,-1,-1,-1,veh4,0.0,False
6063,21.9143,CAM_DROP_PHY,14672,11,5.0,21.9143,drop_decision_no_action,-1,-1,-1,veh5,0.0,False
6063,21.9143,CAM_DROP_PHY,14672,11,6.0,21.9143,drop_decision_no_action,-1,-1,-1,veh6,0.0,False
6063,21.9143,CAM_DROP_PHY,14672,11,7.0,21.9143,drop_decision_no_action,-1,-1,-1,veh7,0.0,False
6063,21.9143,CAM_DROP_PHY,14672,11,8.0,21.9143,drop_decision_no_action,-1,-1,-1,veh8,0.0,False
6063,21.9143,CAM_DROP_PHY,14672,11,9.0,21.9143,drop_decision_no_action,-1,-1,-1,veh9,0.0,False
6076,21.9238,CAM_DROP_PHY,14742,5,10.0,21.9238,drop_decision_no_action,-1,-1,-1,veh10,0.0,False
6076,21.9238,CAM_DROP_PHY,14742,5,11.0,21.9238,drop_decision_no_action,-1,-1,-1,veh11,0.0,False
6076,21.9238,CAM_DROP_PHY,14742,5,12.0,21.9238,drop_decision_no_action,-1,-1,-1,veh12,0.0,False
6076,21.9238,CAM_DROP_PHY,14742,5,2.0,21.9238,drop_decision_no_action,-1,-1,-1,veh2,0.0,False
6076,21.9238,CAM_DROP_PHY,14742,5,3.0,21.9238,drop_decision_no_action,-1,-1,-1,veh3,0.0,False
6076,21.9238,CAM_DROP_PHY,14742,5,4.0,21.9238,drop_decision_no_action,-1,-1,-1,veh4,0.0,False
6076,21.9238,CAM_DROP_PHY,14742,5,6.0,21.9238,drop_decision_no_action,-1,-1,-1,veh6,0.0,False
6076,21.9238,CAM_DROP_PHY,14742,5,7.0,21.9238,drop_decision_no_action,-1,-1,-1,veh7,0.0,False
6076,21.9238,CAM_DROP_PHY,14742,5,8.0,21.9238,drop_decision_no_action,-1,-1,-1,veh8,0.0,False
6076,21.9238,CAM_DROP_PHY,14742,5,9.0,21.9238,drop_decision_no_action,-1,-1,-1,veh9,0.0,False
6116,21.9401,CAM_DROP_PHY,14774,3,11.0,21.9401,drop_decision_no_action,-1,-1,-1,veh11,0.0,False
6116,21.9401,CAM_DROP_PHY,14774,3,12.0,21.9401,drop_decision_no_action,-1,-1,-1,veh12,0.0,False
6116,21.9401,CAM_DROP_PHY,14774,3,2.0,21.9401,drop_decision_no_action,-1,-1,-1,veh2,0.0,False
6116,21.9401,CAM_DROP_PHY,14774,3,4.0,21.9401,drop_decision_no_action,-1,-1,-1,veh4,0.0,False
6116,21.9401,CAM_DROP_PHY,14774,3,5.0,21.9401,drop_decision_no_action,-1,-1,-1,veh5,0.0,False
6116,21.9401,CAM_DROP_PHY,14774,3,6.0,21.9401,drop_decision_no_action,-1,-1,-1,veh6,0.0,False
6116,21.9401,CAM_DROP_PHY,14774,3,7.0,21.9401,drop_decision_no_action,-1,-1,-1,veh7,0.0,False
6116,21.9401,CAM_DROP_PHY,14774,3,8.0,21.9401,drop_decision_no_action,-1,-1,-1,veh8,0.0,False
6116,21.9401,CAM_DROP_PHY,14774,3,9.0,21.9401,drop_decision_no_action,-1,-1,-1,veh9,0.0,False
6076,21.9438,CPM_DROP_PHY,699721697840,5,10.0,21.9238,drop_decision_no_action,-1,-1,-1,veh10,-0.019999999999999574,False
6076,21.9438,CPM_DROP_PHY,699721697840,5,11.0,21.9238,drop_decision_no_action,-1,-1,-1,veh11,-0.019999999999999574,False
6076,21.9438,CPM_DROP_PHY,699721697840,5,12.0,21.9238,drop_decision_no_action,-1,-1,-1,veh12,-0.019999999999999574,False
6076,21.9438,CPM_DROP_PHY,699721697840,5,2.0,21.9238,drop_decision_no_action,-1,-1,-1,veh2,-0.019999999999999574,False
6076,21.9438,CPM_DROP_PHY,699721697840,5,3.0,21.9238,drop_decision_no_action,-1,-1,-1,veh3,-0.019999999999999574,False
6076,21.9438,CPM_DROP_PHY,699721697840,5,4.0,21.9238,drop_decision_no_action,-1,-1,-1,veh4,-0.019999999999999574,False
6076,21.9438,CPM_DROP_PHY,699721697840,5,6.0,21.9238,drop_decision_no_action,-1,-1,-1,veh6,-0.019999999999999574,False
6076,21.9438,CPM_DROP_PHY,699721697840,5,7.0,21.9238,drop_decision_no_action,-1,-1,-1,veh7,-0.019999999999999574,False
6076,21.9438,CPM_DROP_PHY,699721697840,5,8.0,21.9238,drop_decision_no_action,-1,-1,-1,veh8,-0.019999999999999574,False
6076,21.9438,CPM_DROP_PHY,699721697840,5,9.0,21.9238,drop_decision_no_action,-1,-1,-1,veh9,-0.019999999999999574,False
6109,21.9446,CAM_DROP_PHY,14770,8,11.0,21.9446,drop_decision_no_action,-1,-1,-1,veh11,0.0,False
6109,21.9446,CAM_DROP_PHY,14770,8,12.0,21.9446,drop_decision_no_action,-1,-1,-1,veh12,0.0,False
6109,21.9446,CAM_DROP_PHY,14770,8,2.0,21.9446,drop_decision_no_action,-1,-1,-1,veh2,0.0,False
6109,21.9446,CAM_DROP_PHY,14770,8,3.0,21.9446,drop_decision_no_action,-1,-1,-1,veh3,0.0,False
6109,21.9446,CAM_DROP_PHY,14770,8,4.0,21.9446,drop_decision_no_action,-1,-1,-1,veh4,0.0,False
6109,21.9446,CAM_DROP_PHY,14770,8,5.0,21.9446,drop_decision_no_action,-1,-1,-1,veh5,0.0,False
6109,21.9446,CAM_DROP_PHY,14770,8,6.0,21.9446,drop_decision_no_action,-1,-1,-1,veh6,0.0,False
6109,21.9446,CAM_DROP_PHY,14770,8,7.0,21.9446,drop_decision_no_action,-1,-1,-1,veh7,0.0,False
6109,21.9446,CAM_DROP_PHY,14770,8,9.0,21.9446,drop_decision_no_action,-1,-1,-1,veh9,0.0,False
6144,21.9528,CPM_DROP_PHY,699721697881,12,10.0,21.9528,drop_decision_no_action,-1,-1,-1,veh10,0.0,False
6144,21.9528,CPM_DROP_PHY,699721697881,12,11.0,21.9528,drop_decision_no_action,-1,-1,-1,veh11,0.0,False
6144,21.9528,CPM_DROP_PHY,699721697881,12,2.0,21.9528,drop_decision_no_action,-1,-1,-1,veh2,0.0,False
6144,21.9528,CPM_DROP_PHY,699721697881,12,3.0,21.9528,drop_decision_no_action,-1,-1,-1,veh3,0.0,False
6144,21.9528,CPM_DROP_PHY,699721697881,12,4.0,21.9528,drop_decision_no_action,-1,-1,-1,veh4,0.0,False
6144,21.9528,CPM_DROP_PHY,699721697881,12,5.0,21.9528,drop_decision_no_action,-1,-1,-1,veh5,0.0,False
6144,21.9528,CPM_DROP_PHY,699721697881,12,6.0,21.9528,drop_decision_no_action,-1,-1,-1,veh6,0.0,False
6144,21.9528,CPM_DROP_PHY,699721697881,12,7.0,21.9528,drop_decision_no_action,-1,-1,-1,veh7,0.0,False
6144,21.9528,CPM_DROP_PHY,699721697881,12,8.0,21.9528,drop_decision_no_action,-1,-1,-1,veh8,0.0,False
6144,21.9528,CPM_DROP_PHY,699721697881,12,9.0,21.9528,drop_decision_no_action,-1,-1,-1,veh9,0.0,False
6119,21.9538,CPM_DROP_PHY,699721697862,7,10.0,21.9538,drop_decision_no_action,-1,-1,-1,veh10,0.0,False
6119,21.9538,CPM_DROP_PHY,699721697862,7,11.0,21.9538,drop_decision_no_action,-1,-1,-1,veh11,0.0,False
6119,21.9538,CPM_DROP_PHY,699721697862,7,12.0,21.9538,drop_decision_no_action,-1,-1,-1,veh12,0.0,False
6119,21.9538,CPM_DROP_PHY,699721697862,7,2.0,21.9538,drop_decision_no_action,-1,-1,-1,veh2,0.0,False
6119,21.9538,CPM_DROP_PHY,699721697862,7,3.0,21.9538,drop_decision_no_action,-1,-1,-1,veh3,0.0,False
6119,21.9538,CPM_DROP_PHY,699721697862,7,4.0,21.9538,drop_decision_no_action,-1,-1,-1,veh4,0.0,False
6119,21.9538,CPM_DROP_PHY,699721697862,7,5.0,21.9538,drop_decision_no_action,-1,-1,-1,veh5,0.0,False
6119,21.9538,CPM_DROP_PHY,699721697862,7,6.0,21.9538,drop_decision_no_action,-1,-1,-1,veh6,0.0,False
6119,21.9538,CPM_DROP_PHY,699721697862,7,8.0,21.9538,drop_decision_no_action,-1,-1,-1,veh8,0.0,False
6119,21.9538,CPM_DROP_PHY,699721697862,7,9.0,21.9538,drop_decision_no_action,-1,-1,-1,veh9,0.0,False
6116,21.9601,CPM_DROP_PHY,699721697859,3,11.0,21.9401,drop_decision_no_action,-1,-1,-1,veh11,-0.019999999999999574,False
6116,21.9601,CPM_DROP_PHY,699721697859,3,12.0,21.9401,drop_decision_no_action,-1,-1,-1,veh12,-0.019999999999999574,False
6116,21.9601,CPM_DROP_PHY,699721697859,3,2.0,21.9401,drop_decision_no_action,-1,-1,-1,veh2,-0.019999999999999574,False
6116,21.9601,CPM_DROP_PHY,699721697859,3,4.0,21.9401,drop_decision_no_action,-1,-1,-1,veh4,-0.019999999999999574,False
6116,21.9601,CPM_DROP_PHY,699721697859,3,5.0,21.9401,drop_decision_no_action,-1,-1,-1,veh5,-0.019999999999999574,False
6116,21.9601,CPM_DROP_PHY,699721697859,3,6.0,21.9401,drop_decision_no_action,-1,-1,-1,veh6,-0.019999999999999574,False
6116,21.9601,CPM_DROP_PHY,699721697859,3,7.0,21.9401,drop_decision_no_action,-1,-1,-1,veh7,-0.019999999999999574,False
6116,21.9601,CPM_DROP_PHY,699721697859,3,8.0,21.9401,drop_decision_no_action,-1,-1,-1,veh8,-0.019999999999999574,False
6116,21.9601,CPM_DROP_PHY,699721697859,3,9.0,21.9401,drop_decision_no_action,-1,-1,-1,veh9,-0.019999999999999574,False
6142,21.9688,CAM_DROP_PHY,14797,9,10.0,21.9688,drop_decision_no_action,-1,-1,-1,veh10,0.0,False
6142,21.9688,CPM_DROP_PHY,699721697898,9,10.0,21.9688,drop_decision_no_action,-1,-1,-1,veh10,0.0,False
6142,21.9688,CAM_DROP_PHY,14797,9,11.0,21.9688,drop_decision_no_action,-1,-1,-1,veh11,0.0,False
6142,21.9688,CPM_DROP_PHY,699721697898,9,11.0,21.9688,drop_decision_no_action,-1,-1,-1,veh11,0.0,False
6142,21.9688,CAM_DROP_PHY,14797,9,12.0,21.9688,drop_decision_no_action,-1,-1,-1,veh12,0.0,False
6142,21.9688,CPM_DROP_PHY,699721697898,9,12.0,21.9688,drop_decision_no_action,-1,-1,-1,veh12,0.0,False
6142,21.9688,CAM_DROP_PHY,14797,9,2.0,21.9688,drop_decision_no_action,-1,-1,-1,veh2,0.0,False
6142,21.9688,CPM_DROP_PHY,699721697898,9,2.0,21.9688,drop_decision_no_action,-1,-1,-1,veh2,0.0,False
6142,21.9688,CAM_DROP_PHY,14797,9,3.0,21.9688,drop_decision_no_action,-1,-1,-1,veh3,0.0,False
6142,21.9688,CPM_DROP_PHY,699721697898,9,3.0,21.9688,drop_decision_no_action,-1,-1,-1,veh3,0.0,False
6142,21.9688,CAM_DROP_PHY,14797,9,4.0,21.9688,drop_decision_no_action,-1,-1,-1,veh4,0.0,False
6142,21.9688,CPM_DROP_PHY,699721697898,9,4.0,21.9688,drop_decision_no_action,-1,-1,-1,veh4,0.0,False
6142,21.9688,CAM_DROP_PHY,14797,9,5.0,21.9688,drop_decision_no_action,-1,-1,-1,veh5,0.0,False
6142,21.9688,CPM_DROP_PHY,699721697898,9,5.0,21.9688,drop_decision_no_action,-1,-1,-1,veh5,0.0,False
6142,21.9688,CAM_DROP_PHY,14797,9,6.0,21.9688,drop_decision_no_action,-1,-1,-1,veh6,0.0,False
6142,21.9688,CPM_DROP_PHY,699721697898,9,6.0,21.9688,drop_decision_no_action,-1,-1,-1,veh6,0.0,False
6142,21.9688,CAM_DROP_PHY,14797,9,7.0,21.9688,drop_decision_no_action,-1,-1,-1,veh7,0.0,False
6142,21.9688,CPM_DROP_PHY,699721697898,9,7.0,21.9688,drop_decision_no_action,-1,-1,-1,veh7,0.0,False
6142,21.9688,CAM_DROP_PHY,14797,9,8.0,21.9688,drop_decision_no_action,-1,-1,-1,veh8,0.0,False
6142,21.9688,CPM_DROP_PHY,699721697898,9,8.0,21.9688,drop_decision_no_action,-1,-1,-1,veh8,0.0,False
6180,21.9701,CPM_DROP_PHY,699721697905,4,10.0,21.9701,drop_decision_no_action,-1,-1,-1,veh10,0.0,False
6180,21.9701,CPM_DROP_PHY,699721697905,4,11.0,21.9701,drop_decision_no_action,-1,-1,-1,veh11,0.0,False
6180,21.9701,CPM_DROP_PHY,699721697905,4,12.0,21.9701,drop_decision_no_action,-1,-1,-1,veh12,0.0,False
6180,21.9701,CPM_DROP_PHY,699721697905,4,2.0,21.9701,drop_decision_no_action,-1,-1,-1,veh2,0.0,False
6180,21.9701,CPM_DROP_PHY,699721697905,4,3.0,21.9701,drop_decision_no_action,-1,-1,-1,veh3,0.0,False
6180,21.9701,CPM_DROP_PHY,699721697905,4,5.0,21.9701,drop_decision_no_action,-1,-1,-1,veh5,0.0,False
6180,21.9701,CPM_DROP_PHY,699721697905,4,6.0,21.9701,drop_decision_no_action,-1,-1,-1,veh6,0.0,False
6180,21.9701,CPM_DROP_PHY,699721697905,4,7.0,21.9701,drop_decision_no_action,-1,-1,-1,veh7,0.0,False
6180,21.9701,CPM_DROP_PHY,699721697905,4,8.0,21.9701,drop_decision_no_action,-1,-1,-1,veh8,0.0,False
6180,21.9701,CPM_DROP_PHY,699721697905,4,9.0,21.9701,drop_decision_no_action,-1,-1,-1,veh9,0.0,False
6168,21.9798,CPM_DROP_PHY,699721697895,6,10.0,21.9798,drop_decision_no_action,-1,-1,-1,veh10,0.0,False
6168,21.9798,CPM_DROP_PHY,699721697895,6,11.0,21.9798,drop_decision_no_action,-1,-1,-1,veh11,0.0,False
6168,21.9798,CPM_DROP_PHY,699721697895,6,12.0,21.9798,drop_decision_no_action,-1,-1,-1,veh12,0.0,False
6168,21.9798,CPM_DROP_PHY,699721697895,6,2.0,21.9798,drop_decision_no_action,-1,-1,-1,veh2,0.0,False
6168,21.9798,CPM_DROP_PHY,699721697895,6,3.0,21.9798,drop_decision_no_action,-1,-1,-1,veh3,0.0,False
6168,21.9798,CPM_DROP_PHY,699721697895,6,4.0,21.9798,drop_decision_no_action,-1,-1,-1,veh4,0.0,False
6168,21.9798,CPM_DROP_PHY,699721697895,6,5.0,21.9798,drop_decision_no_action,-1,-1,-1,veh5,0.0,False
6168,21.9798,CPM_DROP_PHY,699721697895,6,8.0,21.9798,drop_decision_no_action,-1,-1,-1,veh8,0.0,False
6168,21.9798,CPM_DROP_PHY,699721697895,6,9.0,21.9798,drop_decision_no_action,-1,-1,-1,veh9,0.0,False
6220,21.9943,CPM_DROP_PHY,699721697931,11,10.0,21.9943,drop_decision_no_action,-1,-1,-1,veh10,0.0,False
6220,21.9943,CPM_DROP_PHY,699721697931,11,12.0,21.9943,drop_decision_no_action,-1,-1,-1,veh12,0.0,False
6220,21.9943,CPM_DROP_PHY,699721697931,11,2.0,21.9943,drop_decision_no_action,-1,-1,-1,veh2,0.0,False
6220,21.9943,CPM_DROP_PHY,699721697931,11,3.0,21.9943,drop_decision_no_action,-1,-1,-1,veh3,0.0,False
6220,21.9943,CPM_DROP_PHY,699721697931,11,4.0,21.9943,drop_decision_no_action,-1,-1,-1,veh4,0.0,False
6220,21.9943,CPM_DROP_PHY,699721697931,11,5.0,21.9943,drop_decision_no_action,-1,-1,-1,veh5,0.0,False
6220,21.9943,CPM_DROP_PHY,699721697931,11,6.0,21.9943,drop_decision_no_action,-1,-1,-1,veh6,0.0,False
6220,21.9943,CPM_DROP_PHY,699721697931,11,7.0,21.9943,drop_decision_no_action,-1,-1,-1,veh7,0.0,False
6220,21.9943,CPM_DROP_PHY,699721697931,11,8.0,21.9943,drop_decision_no_action,-1,-1,-1,veh8,0.0,False
6220,21.9943,CPM_DROP_PHY,699721697931,11,9.0,21.9943,drop_decision_no_action,-1,-1,-1,veh9,0.0,False
6226,22.0068,CAM_DROP_PHY,14857,2,10.0,22.0068,drop_decision_no_action,-1,-1,-1,veh10,0.0,False
6226,22.0068,CAM_DROP_PHY,14857,2,11.0,22.0068,drop_decision_no_action,-1,-1,-1,veh11,0.0,False
6226,22.0068,CAM_DROP_PHY,14857,2,12.0,22.0068,drop_decision_no_action,-1,-1,-1,veh12,0.0,False
6226,22.0068,CAM_DROP_PHY,14857,2,3.0,22.0068,drop_decision_no_action,-1,-1,-1,veh3,0.0,False
6226,22.0068,CAM_DROP_PHY,14857,2,4.0,22.0068,drop_decision_no_action,-1,-1,-1,veh4,0.0,False
6226,22.0068,CAM_DROP_PHY,14857,2,5.0,22.0068,drop_decision_no_action,-1,-1,-1,veh5,0.0,False
6226,22.0068,CAM_DROP_PHY,14857,2,6.0,22.0068,drop_decision_no_action,-1,-1,-1,veh6,0.0,False
6226,22.0068,CAM_DROP_PHY,14857,2,7.0,22.0068,drop_decision_no_action,-1,-1,-1,veh7,0.0,False
6226,22.0068,CAM_DROP_PHY,14857,2,8.0,22.0068,drop_decision_no_action,-1,-1,-1,veh8,0.0,False
6226,22.0068,CAM_DROP_PHY,14857,2,9.0,22.0068,drop_decision_no_action,-1,-1,-1,veh9,0.0,False
6230,22.0128,CAM_DROP_PHY,14933,12,10.0,22.0128,drop_decision_no_action,-1,-1,-1,veh10,0.0,False
6230,22.0128,CAM_DROP_PHY,14933,12,11.0,22.0128,drop_decision_no_action,-1,-1,-1,veh11,0.0,False
6230,22.0128,CAM_DROP_PHY,14933,12,2.0,22.0128,drop_decision_no_action,-1,-1,-1,veh2,0.0,False
6230,22.0128,CAM_DROP_PHY,14933,12,3.0,22.0128,drop_decision_no_action,-1,-1,-1,veh3,0.0,False
6230,22.0128,CAM_DROP_PHY,14933,12,4.0,22.0128,drop_decision_no_action,-1,-1,-1,veh4,0.0,False
6230,22.0128,CAM_DROP_PHY,14933,12,5.0,22.0128,drop_decision_no_action,-1,-1,-1,veh5,0.0,False
6230,22.0128,CAM_DROP_PHY,14933,12,6.0,22.0128,drop_decision_no_action,-1,-1,-1,veh6,0.0,False
6230,22.0128,CAM_DROP_PHY,14933,12,7.0,22.0128,drop_decision_no_action,-1,-1,-1,veh7,0.0,False
6230,22.0128,CAM_DROP_PHY,14933,12,8.0,22.0128,drop_decision_no_action,-1,-1,-1,veh8,0.0,False
6230,22.0128,CAM_DROP_PHY,14933,12,9.0,22.0128,drop_decision_no_action,-1,-1,-1,veh9,0.0,False
6240,22.0131,CPM_DROP_PHY,699721698023,10,11.0,22.0131,drop_decision_no_action,-1,-1,-1,veh11,0.0,False
6240,22.0131,CPM_DROP_PHY,699721698023,10,12.0,22.0131,drop_decision_no_action,-1,-1,-1,veh12,0.0,False
6240,22.0131,CPM_DROP_PHY,699721698023,10,2.0,22.0131,drop_decision_no_action,-1,-1,-1,veh2,0.0,False
6240,22.0131,CPM_DROP_PHY,699721698023,10,3.0,22.0131,drop_decision_no_action,-1,-1,-1,veh3,0.0,False
6240,22.0131,CPM_DROP_PHY,699721698023,10,4.0,22.0131,drop_decision_no_action,-1,-1,-1,veh4,0.0,False
6240,22.0131,CPM_DROP_PHY,699721698023,10,5.0,22.0131,drop_decision_no_action,-1,-1,-1,veh5,0.0,False
6240,22.0131,CPM_DROP_PHY,699721698023,10,6.0,22.0131,drop_decision_no_action,-1,-1,-1,veh6,0.0,False
6240,22.0131,CPM_DROP_PHY,699721698023,10,7.0,22.0131,drop_decision_no_action,-1,-1,-1,veh7,0.0,False
6240,22.0131,CPM_DROP_PHY,699721698023,10,8.0,22.0131,drop_decision_no_action,-1,-1,-1,veh8,0.0,False
6240,22.0131,CPM_DROP_PHY,699721698023,10,9.0,22.0131,drop_decision_no_action,-1,-1,-1,veh9,0.0,False
6239,22.0193,CAM_DROP_PHY,14939,5,10.0,22.0193,drop_decision_no_action,-1,-1,-1,veh10,0.0,False
6239,22.0193,CAM_DROP_PHY,14939,5,11.0,22.0193,drop_decision_no_action,-1,-1,-1,veh11,0.0,False
6239,22.0193,CAM_DROP_PHY,14939,5,12.0,22.0193,cam_drop_reaction,0,0,8,veh12,0.0,False
6239,22.0193,CAM_DROP_PHY,14939,5,2.0,22.0193,drop_decision_no_action,-1,-1,-1,veh2,0.0,False
6239,22.0193,CAM_DROP_PHY,14939,5,3.0,22.0193,cam_drop_reaction,0,0,15,veh3,0.0,False
6239,22.0193,CAM_DROP_PHY,14939,5,4.0,22.0193,cam_drop_reaction,0,0,15,veh4,0.0,False
6239,22.0193,CAM_DROP_PHY,14939,5,6.0,22.0193,cam_drop_reaction,0,0,15,veh6,0.0,False
6239,22.0193,CAM_DROP_PHY,14939,5,7.0,22.0193,cam_drop_reaction,0,0,15,veh7,0.0,False
6239,22.0193,CAM_DROP_PHY,14939,5,8.0,22.0193,cam_drop_reaction,0,0,15,veh8,0.0,False
6239,22.0193,CAM_DROP_PHY,14939,5,9.0,22.0193,cam_drop_reaction,1,0,45,veh9,0.0,True
6268,22.0393,CPM_DROP_PHY,699721698042,5,10.0,22.0393,drop_decision_no_action,-1,-1,-1,veh10,0.0,False
6268,22.0393,CPM_DROP_PHY,699721698042,5,11.0,22.0393,cpm_drop_reaction,1,0,24,veh11,0.0,True
6268,22.0393,CPM_DROP_PHY,699721698042,5,12.0,22.0393,drop_decision_no_action,-1,-1,-1,veh12,0.0,False
6268,22.0393,CPM_DROP_PHY,699721698042,5,2.0,22.0393,drop_decision_no_action,-1,-1,-1,veh2,0.0,False
6268,22.0393,CPM_DROP_PHY,699721698042,5,3.0,22.0393,drop_decision_no_action,-1,-1,-1,veh3,0.0,False
6268,22.0393,CPM_DROP_PHY,699721698042,5,4.0,22.0393,drop_decision_no_action,-1,-1,-1,veh4,0.0,False
6268,22.0393,CPM_DROP_PHY,699721698042,5,6.0,22.0393,drop_decision_no_action,-1,-1,-1,veh6,0.0,False
6268,22.0393,CPM_DROP_PHY,699721698042,5,7.0,22.0393,drop_decision_no_action,-1,-1,-1,veh7,0.0,False
6268,22.0393,CPM_DROP_PHY,699721698042,5,8.0,22.0393,drop_decision_no_action,-1,-1,-1,veh8,0.0,False
6268,22.0393,CPM_DROP_PHY,699721698042,5,9.0,22.0393,drop_decision_no_action,-1,-1,-1,veh9,0.0,False
6116,22.0401,CAM_DROP_PHY,14774,3,10.0,22.0401,drop_decision_no_action,-1,-1,-1,veh10,0.0,False
6116,22.0401,CPM_DROP_PHY,699721697859,3,10.0,22.0401,drop_decision_no_action,-1,-1,-1,veh10,0.0,False
6283,22.0401,CAM_DROP_PHY,14972,3,10.0,22.0401,drop_decision_no_action,-1,-1,-1,veh10,0.0,False
6283,22.0401,CAM_DROP_PHY,14972,3,11.0,22.0401,drop_decision_no_action,-1,-1,-1,veh11,0.0,False
6283,22.0401,CAM_DROP_PHY,14972,3,12.0,22.0401,drop_decision_no_action,-1,-1,-1,veh12,0.0,False
6283,22.0401,CAM_DROP_PHY,14972,3,2.0,22.0401,drop_decision_no_action,-1,-1,-1,veh2,0.0,False
6283,22.0401,CAM_DROP_PHY,14972,3,4.0,22.0401,drop_decision_no_action,-1,-1,-1,veh4,0.0,False
6283,22.0401,CAM_DROP_PHY,14972,3,5.0,22.0401,cam_drop_reaction,0,0,15,veh5,0.0,False
6283,22.0401,CAM_DROP_PHY,14972,3,6.0,22.0401,drop_decision_no_action,-1,-1,-1,veh6,0.0,False
6283,22.0401,CAM_DROP_PHY,14972,3,7.0,22.0401,drop_decision_no_action,-1,-1,-1,veh7,0.0,False
6283,22.0401,CAM_DROP_PHY,14972,3,8.0,22.0401,drop_decision_no_action,-1,-1,-1,veh8,0.0,False
6283,22.0401,CAM_DROP_PHY,14972,3,9.0,22.0401,drop_decision_no_action,-1,-1,-1,veh9,0.0,False
6109,22.0446,CAM_DROP_PHY,14770,8,10.0,22.0446,drop_decision_no_action,-1,-1,-1,veh10,0.0,False
6308,22.0528,CPM_DROP_PHY,699721698083,12,10.0,22.0528,cpm_drop_reaction,0,0,8,veh10,0.0,False
6308,22.0528,CPM_DROP_PHY,699721698083,12,11.0,22.0528,drop_decision_no_action,-1,-1,-1,veh11,0.0,False
6308,22.0528,CPM_DROP_PHY,699721698083,12,2.0,22.0528,drop_decision_no_action,-1,-1,-1,veh2,0.0,False
6308,22.0528,CPM_DROP_PHY,699721698083,12,3.0,22.0528,drop_decision_no_action,-1,-1,-1,veh3,0.0,False
6308,22.0528,CPM_DROP_PHY,699721698083,12,4.0,22.0528,drop_decision_no_action,-1,-1,-1,veh4,0.0,False
6308,22.0528,CPM_DROP_PHY,699721698083,12,5.0,22.0528,drop_decision_no_action,-1,-1,-1,veh5,0.0,False
6308,22.0528,CPM_DROP_PHY,699721698083,12,6.0,22.0528,drop_decision_no_action,-1,-1,-1,veh6,0.0,False
6308,22.0528,CPM_DROP_PHY,699721698083,12,7.0,22.0528,drop_decision_no_action,-1,-1,-1,veh7,0.0,False
6308,22.0528,CPM_DROP_PHY,699721698083,12,8.0,22.0528,drop_decision_no_action,-1,-1,-1,veh8,0.0,False
6308,22.0528,CPM_DROP_PHY,699721698083,12,9.0,22.0528,drop_decision_no_action,-1,-1,-1,veh9,0.0,False
6286,22.0538,CPM_DROP_PHY,699721698060,7,10.0,22.0538,drop_decision_no_action,-1,-1,-1,veh10,0.0,False
6286,22.0538,CPM_DROP_PHY,699721698060,7,11.0,22.0538,drop_decision_no_action,-1,-1,-1,veh11,0.0,False
6286,22.0538,CPM_DROP_PHY,699721698060,7,12.0,22.0538,drop_decision_no_action,-1,-1,-1,veh12,0.0,False
6286,22.0538,CPM_DROP_PHY,699721698060,7,2.0,22.0538,drop_decision_no_action,-1,-1,-1,veh2,0.0,False
6286,22.0538,CPM_DROP_PHY,699721698060,7,3.0,22.0538,drop_decision_no_action,-1,-1,-1,veh3,0.0,False
6286,22.0538,CPM_DROP_PHY,699721698060,7,4.0,22.0538,drop_decision_no_action,-1,-1,-1,veh4,0.0,False
6286,22.0538,CPM_DROP_PHY,699721698060,7,5.0,22.0538,drop_decision_no_action,-1,-1,-1,veh5,0.0,False
6286,22.0538,CPM_DROP_PHY,699721698060,7,6.0,22.0538,drop_decision_no_action,-1,-1,-1,veh6,0.0,False
6286,22.0538,CPM_DROP_PHY,699721698060,7,8.0,22.0538,drop_decision_no_action,-1,-1,-1,veh8,0.0,False
6286,22.0538,CPM_DROP_PHY,699721698060,7,9.0,22.0538,drop_decision_no_action,-1,-1,-1,veh9,0.0,False
6283,22.0601,CPM_DROP_PHY,699721698057,3,10.0,22.0401,drop_decision_no_action,-1,-1,-1,veh10,-0.019999999999999574,False
6283,22.0601,CPM_DROP_PHY,699721698057,3,11.0,22.0401,drop_decision_no_action,-1,-1,-1,veh11,-0.019999999999999574,False
6283,22.0601,CPM_DROP_PHY,699721698057,3,12.0,22.0401,drop_decision_no_action,-1,-1,-1,veh12,-0.019999999999999574,False
6283,22.0601,CPM_DROP_PHY,699721698057,3,2.0,22.0401,drop_decision_no_action,-1,-1,-1,veh2,-0.019999999999999574,False
6283,22.0601,CPM_DROP_PHY,699721698057,3,4.0,22.0401,drop_decision_no_action,-1,-1,-1,veh4,-0.019999999999999574,False
6283,22.0601,CPM_DROP_PHY,699721698057,3,5.0,22.0401,cam_drop_reaction,0,0,15,veh5,-0.019999999999999574,False
6283,22.0601,CPM_DROP_PHY,699721698057,3,6.0,22.0401,drop_decision_no_action,-1,-1,-1,veh6,-0.019999999999999574,False
6283,22.0601,CPM_DROP_PHY,699721698057,3,7.0,22.0401,drop_decision_no_action,-1,-1,-1,veh7,-0.019999999999999574,False
6283,22.0601,CPM_DROP_PHY,699721698057,3,8.0,22.0401,drop_decision_no_action,-1,-1,-1,veh8,-0.019999999999999574,False
6283,22.0601,CPM_DROP_PHY,699721698057,3,9.0,22.0401,drop_decision_no_action,-1,-1,-1,veh9,-0.019999999999999574,False
6307,22.0688,CAM_DROP_PHY,14999,9,10.0,22.0688,drop_decision_no_action,-1,-1,-1,veh10,0.0,False
6307,22.0688,CPM_DROP_PHY,699721698099,9,10.0,22.0688,drop_decision_no_action,-1,-1,-1,veh10,0.0,False
6307,22.0688,CAM_DROP_PHY,14999,9,11.0,22.0688,drop_decision_no_action,-1,-1,-1,veh11,0.0,False
6307,22.0688,CPM_DROP_PHY,699721698099,9,11.0,22.0688,drop_decision_no_action,-1,-1,-1,veh11,0.0,False
6307,22.0688,CAM_DROP_PHY,14999,9,12.0,22.0688,drop_decision_no_action,-1,-1,-1,veh12,0.0,False
6307,22.0688,CPM_DROP_PHY,699721698099,9,12.0,22.0688,drop_decision_no_action,-1,-1,-1,veh12,0.0,False
6307,22.0688,CAM_DROP_PHY,14999,9,2.0,22.0688,drop_decision_no_action,-1,-1,-1,veh2,0.0,False
6307,22.0688,CPM_DROP_PHY,699721698099,9,2.0,22.0688,drop_decision_no_action,-1,-1,-1,veh2,0.0,False
6307,22.0688,CAM_DROP_PHY,14999,9,3.0,22.0688,drop_decision_no_action,-1,-1,-1,veh3,0.0,False
6307,22.0688,CPM_DROP_PHY,699721698099,9,3.0,22.0688,drop_decision_no_action,-1,-1,-1,veh3,0.0,False
6307,22.0688,CAM_DROP_PHY,14999,9,4.0,22.0688,drop_decision_no_action,-1,-1,-1,veh4,0.0,False
6307,22.0688,CPM_DROP_PHY,699721698099,9,4.0,22.0688,drop_decision_no_action,-1,-1,-1,veh4,0.0,False
6307,22.0688,CAM_DROP_PHY,14999,9,5.0,22.0688,drop_decision_no_action,-1,-1,-1,veh5,0.0,False
6307,22.0688,CPM_DROP_PHY,699721698099,9,5.0,22.0688,drop_decision_no_action,-1,-1,-1,veh5,0.0,False
6307,22.0688,CAM_DROP_PHY,14999,9,6.0,22.0688,drop_decision_no_action,-1,-1,-1,veh6,0.0,False
6307,22.0688,CPM_DROP_PHY,699721698099,9,6.0,22.0688,drop_decision_no_action,-1,-1,-1,veh6,0.0,False
6307,22.0688,CAM_DROP_PHY,14999,9,7.0,22.0688,drop_decision_no_action,-1,-1,-1,veh7,0.0,False
6307,22.0688,CPM_DROP_PHY,699721698099,9,7.0,22.0688,drop_decision_no_action,-1,-1,-1,veh7,0.0,False
6307,22.0688,CAM_DROP_PHY,14999,9,8.0,22.0688,drop_decision_no_action,-1,-1,-1,veh8,0.0,False
6307,22.0688,CPM_DROP_PHY,699721698099,9,8.0,22.0688,drop_decision_no_action,-1,-1,-1,veh8,0.0,False
6341,22.0701,CPM_DROP_PHY,699721698105,4,10.0,22.0701,drop_decision_no_action,-1,-1,-1,veh10,0.0,False
6341,22.0701,CPM_DROP_PHY,699721698105,4,11.0,22.0701,drop_decision_no_action,-1,-1,-1,veh11,0.0,False
6341,22.0701,CPM_DROP_PHY,699721698105,4,12.0,22.0701,drop_decision_no_action,-1,-1,-1,veh12,0.0,False
6341,22.0701,CPM_DROP_PHY,699721698105,4,2.0,22.0701,drop_decision_no_action,-1,-1,-1,veh2,0.0,False
6341,22.0701,CPM_DROP_PHY,699721698105,4,3.0,22.0701,drop_decision_no_action,-1,-1,-1,veh3,0.0,False
6341,22.0701,CPM_DROP_PHY,699721698105,4,5.0,22.0701,drop_decision_no_action,-1,-1,-1,veh5,0.0,False
6341,22.0701,CPM_DROP_PHY,699721698105,4,6.0,22.0701,drop_decision_no_action,-1,-1,-1,veh6,0.0,False
6341,22.0701,CPM_DROP_PHY,699721698105,4,7.0,22.0701,drop_decision_no_action,-1,-1,-1,veh7,0.0,False
6341,22.0701,CPM_DROP_PHY,699721698105,4,8.0,22.0701,drop_decision_no_action,-1,-1,-1,veh8,0.0,False
6341,22.0701,CPM_DROP_PHY,699721698105,4,9.0,22.0701,drop_decision_no_action,-1,-1,-1,veh9,0.0,False
6286,22.0738,CAM_DROP_PHY,14990,7,10.0,22.0538,drop_decision_no_action,-1,-1,-1,veh10,-0.019999999999999574,False
6286,22.0738,CAM_DROP_PHY,14990,7,11.0,22.0538,drop_decision_no_action,-1,-1,-1,veh11,-0.019999999999999574,False
6286,22.0738,CAM_DROP_PHY,14990,7,12.0,22.0538,drop_decision_no_action,-1,-1,-1,veh12,-0.019999999999999574,False
6286,22.0738,CAM_DROP_PHY,14990,7,2.0,22.0538,drop_decision_no_action,-1,-1,-1,veh2,-0.019999999999999574,False
6286,22.0738,CAM_DROP_PHY,14990,7,3.0,22.0538,drop_decision_no_action,-1,-1,-1,veh3,-0.019999999999999574,False
6286,22.0738,CAM_DROP_PHY,14990,7,4.0,22.0538,drop_decision_no_action,-1,-1,-1,veh4,-0.019999999999999574,False
6286,22.0738,CAM_DROP_PHY,14990,7,5.0,22.0538,drop_decision_no_action,-1,-1,-1,veh5,-0.019999999999999574,False
6286,22.0738,CAM_DROP_PHY,14990,7,6.0,22.0538,drop_decision_no_action,-1,-1,-1,veh6,-0.019999999999999574,False
6286,22.0738,CAM_DROP_PHY,14990,7,8.0,22.0538,drop_decision_no_action,-1,-1,-1,veh8,-0.019999999999999574,False
6286,22.0738,CAM_DROP_PHY,14990,7,9.0,22.0538,drop_decision_no_action,-1,-1,-1,veh9,-0.019999999999999574,False
6330,22.0798,CPM_DROP_PHY,699721698096,6,10.0,22.0798,drop_decision_no_action,-1,-1,-1,veh10,0.0,False
6330,22.0798,CPM_DROP_PHY,699721698096,6,11.0,22.0798,drop_decision_no_action,-1,-1,-1,veh11,0.0,False
6330,22.0798,CPM_DROP_PHY,699721698096,6,12.0,22.0798,drop_decision_no_action,-1,-1,-1,veh12,0.0,False
6330,22.0798,CPM_DROP_PHY,699721698096,6,2.0,22.0798,drop_decision_no_action,-1,-1,-1,veh2,0.0,False
6330,22.0798,CPM_DROP_PHY,699721698096,6,3.0,22.0798,drop_decision_no_action,-1,-1,-1,veh3,0.0,False
6330,22.0798,CPM_DROP_PHY,699721698096,6,4.0,22.0798,drop_decision_no_action,-1,-1,-1,veh4,0.0,False
6330,22.0798,CPM_DROP_PHY,699721698096,6,5.0,22.0798,drop_decision_no_action,-1,-1,-1,veh5,0.0,False
6168,22.0798,CPM_DROP_PHY,699721697895,6,7.0,22.0798,drop_decision_no_action,-1,-1,-1,veh7,0.0,False
6330,22.0798,CPM_DROP_PHY,699721698096,6,8.0,22.0798,drop_decision_no_action,-1,-1,-1,veh8,0.0,False
6330,22.0798,CPM_DROP_PHY,699721698096,6,9.0,22.0798,drop_decision_no_action,-1,-1,-1,veh9,0.0,False
6389,22.0943,CPM_DROP_PHY,699721698133,11,10.0,22.0943,drop_decision_no_action,-1,-1,-1,veh10,0.0,False
6389,22.0943,CPM_DROP_PHY,699721698133,11,12.0,22.0943,drop_decision_no_action,-1,-1,-1,veh12,0.0,False
6389,22.0943,CPM_DROP_PHY,699721698133,11,2.0,22.0943,drop_decision_no_action,-1,-1,-1,veh2,0.0,False
6389,22.0943,CPM_DROP_PHY,699721698133,11,3.0,22.0943,drop_decision_no_action,-1,-1,-1,veh3,0.0,False
6389,22.0943,CPM_DROP_PHY,699721698133,11,4.0,22.0943,drop_decision_no_action,-1,-1,-1,veh4,0.0,False
6389,22.0943,CPM_DROP_PHY,699721698133,11,5.0,22.0943,drop_decision_no_action,-1,-1,-1,veh5,0.0,False
6389,22.0943,CPM_DROP_PHY,699721698133,11,6.0,22.0943,drop_decision_no_action,-1,-1,-1,veh6,0.0,False
6389,22.0943,CPM_DROP_PHY,699721698133,11,7.0,22.0943,drop_decision_no_action,-1,-1,-1,veh7,0.0,False
6389,22.0943,CPM_DROP_PHY,699721698133,11,8.0,22.0943,drop_decision_no_action,-1,-1,-1,veh8,0.0,False
6389,22.0943,CPM_DROP_PHY,699721698133,11,9.0,22.0943,drop_decision_no_action,-1,-1,-1,veh9,0.0,False
6404,22.1131,CPM_DROP_PHY,699721698214,10,11.0,22.1131,drop_decision_no_action,-1,-1,-1,veh11,0.0,False
6404,22.1131,CPM_DROP_PHY,699721698214,10,12.0,22.1131,drop_decision_no_action,-1,-1,-1,veh12,0.0,False
6404,22.1131,CPM_DROP_PHY,699721698214,10,3.0,22.1131,drop_decision_no_action,-1,-1,-1,veh3,0.0,False
6404,22.1131,CPM_DROP_PHY,699721698214,10,4.0,22.1131,drop_decision_no_action,-1,-1,-1,veh4,0.0,False
6404,22.1131,CPM_DROP_PHY,699721698214,10,5.0,22.1131,drop_decision_no_action,-1,-1,-1,veh5,0.0,False
6404,22.1131,CPM_DROP_PHY,699721698214,10,6.0,22.1131,drop_decision_no_action,-1,-1,-1,veh6,0.0,False
6404,22.1131,CPM_DROP_PHY,699721698214,10,7.0,22.1131,drop_decision_no_action,-1,-1,-1,veh7,0.0,False
6404,22.1131,CPM_DROP_PHY,699721698214,10,8.0,22.1131,drop_decision_no_action,-1,-1,-1,veh8,0.0,False
6404,22.1131,CPM_DROP_PHY,699721698214,10,9.0,22.1131,drop_decision_no_action,-1,-1,-1,veh9,0.0,False
6396,22.1143,CAM_DROP_PHY,15060,11,10.0,22.1143,drop_decision_no_action,-1,-1,-1,veh10,0.0,False
6396,22.1143,CAM_DROP_PHY,15060,11,12.0,22.1143,drop_decision_no_action,-1,-1,-1,veh12,0.0,False
6396,22.1143,CAM_DROP_PHY,15060,11,2.0,22.1143,drop_decision_no_action,-1,-1,-1,veh2,0.0,False
6396,22.1143,CAM_DROP_PHY,15060,11,3.0,22.1143,drop_decision_no_action,-1,-1,-1,veh3,0.0,False
6396,22.1143,CAM_DROP_PHY,15060,11,4.0,22.1143,drop_decision_no_action,-1,-1,-1,veh4,0.0,False
6396,22.1143,CAM_DROP_PHY,15060,11,5.0,22.1143,drop_decision_no_action,-1,-1,-1,veh5,0.0,False
6396,22.1143,CAM_DROP_PHY,15060,11,6.0,22.1143,drop_decision_no_action,-1,-1,-1,veh6,0.0,False
6396,22.1143,CAM_DROP_PHY,15060,11,7.0,22.1143,drop_decision_no_action,-1,-1,-1,veh7,0.0,False
6396,22.1143,CAM_DROP_PHY,15060,11,8.0,22.1143,drop_decision_no_action,-1,-1,-1,veh8,0.0,False
6396,22.1143,CAM_DROP_PHY,15060,11,9.0,22.1143,drop_decision_no_action,-1,-1,-1,veh9,0.0,False
6404,22.1201,CPM_DROP_PHY,699721698214,10,2.0,22.1201,drop_decision_no_action,-1,-1,-1,veh2,0.0,False
6420,22.1301,CAM_DROP_PHY,15145,4,10.0,22.1301,drop_decision_no_action,-1,-1,-1,veh10,0.0,False
6420,22.1301,CAM_DROP_PHY,15145,4,11.0,22.1301,drop_decision_no_action,-1,-1,-1,veh11,0.0,False
6420,22.1301,CAM_DROP_PHY,15145,4,12.0,22.1301,drop_decision_no_action,-1,-1,-1,veh12,0.0,False
6420,22.1301,CAM_DROP_PHY,15145,4,2.0,22.1301,drop_decision_no_action,-1,-1,-1,veh2,0.0,False
6420,22.1301,CAM_DROP_PHY,15145,4,3.0,22.1301,drop_decision_no_action,-1,-1,-1,veh3,0.0,False
6420,22.1301,CAM_DROP_PHY,15145,4,5.0,22.1301,drop_decision_no_action,-1,-1,-1,veh5,0.0,False
6420,22.1301,CAM_DROP_PHY,15145,4,6.0,22.1301,drop_decision_no_action,-1,-1,-1,veh6,0.0,False
6420,22.1301,CAM_DROP_PHY,15145,4,7.0,22.1301,drop_decision_no_action,-1,-1,-1,veh7,0.0,False
6420,22.1301,CAM_DROP_PHY,15145,4,8.0,22.1301,drop_decision_no_action,-1,-1,-1,veh8,0.0,False
6420,22.1301,CAM_DROP_PHY,15145,4,9.0,22.1301,drop_decision_no_action,-1,-1,-1,veh9,0.0,False
6426,22.1393,CPM_DROP_PHY,699721698232,5,10.0,22.1393,drop_decision_no_action,-1,-1,-1,veh10,0.0,False
6426,22.1393,CPM_DROP_PHY,699721698232,5,11.0,22.1393,drop_decision_no_action,-1,-1,-1,veh11,0.0,False
6426,22.1393,CPM_DROP_PHY,699721698232,5,12.0,22.1393,drop_decision_no_action,-1,-1,-1,veh12,0.0,False
6426,22.1393,CPM_DROP_PHY,699721698232,5,2.0,22.1393,drop_decision_no_action,-1,-1,-1,veh2,0.0,False
6426,22.1393,CPM_DROP_PHY,699721698232,5,3.0,22.1393,drop_decision_no_action,-1,-1,-1,veh3,0.0,False
6426,22.1393,CPM_DROP_PHY,699721698232,5,4.0,22.1393,drop_decision_no_action,-1,-1,-1,veh4,0.0,False
6426,22.1393,CPM_DROP_PHY,699721698232,5,6.0,22.1393,drop_decision_no_action,-1,-1,-1,veh6,0.0,False
6426,22.1393,CPM_DROP_PHY,699721698232,5,7.0,22.1393,drop_decision_no_action,-1,-1,-1,veh7,0.0,False
6426,22.1393,CPM_DROP_PHY,699721698232,5,8.0,22.1393,drop_decision_no_action,-1,-1,-1,veh8,0.0,False
6426,22.1393,CPM_DROP_PHY,699721698232,5,9.0,22.1393,drop_decision_no_action,-1,-1,-1,veh9,0.0,False
6436,22.1446,CAM_DROP_PHY,15161,8,10.0,22.1446,drop_decision_no_action,-1,-1,-1,veh10,0.0,False
6436,22.1446,CAM_DROP_PHY,15161,8,11.0,22.1446,drop_decision_no_action,-1,-1,-1,veh11,0.0,False
6436,22.1446,CAM_DROP_PHY,15161,8,12.0,22.1446,drop_decision_no_action,-1,-1,-1,veh12,0.0,False
6436,22.1446,CAM_DROP_PHY,15161,8,2.0,22.1446,drop_decision_no_action,-1,-1,-1,veh2,0.0,False
6436,22.1446,CAM_DROP_PHY,15161,8,3.0,22.1446,drop_decision_no_action,-1,-1,-1,veh3,0.0,False
6436,22.1446,CAM_DROP_PHY,15161,8,4.0,22.1446,drop_decision_no_action,-1,-1,-1,veh4,0.0,False
6436,22.1446,CAM_DROP_PHY,15161,8,5.0,22.1446,drop_decision_no_action,-1,-1,-1,veh5,0.0,False
6436,22.1446,CAM_DROP_PHY,15161,8,6.0,22.1446,drop_decision_no_action,-1,-1,-1,veh6,0.0,False
6436,22.1446,CAM_DROP_PHY,15161,8,7.0,22.1446,drop_decision_no_action,-1,-1,-1,veh7,0.0,False
6436,22.1446,CAM_DROP_PHY,15161,8,9.0,22.1446,drop_decision_no_action,-1,-1,-1,veh9,0.0,False
6442,22.1521,CAM_DROP_PHY,15165,3,10.0,22.1521,drop_decision_no_action,-1,-1,-1,veh10,0.0,False
6442,22.1521,CAM_DROP_PHY,15165,3,11.0,22.1521,drop_decision_no_action,-1,-1,-1,veh11,0.0,False
6442,22.1521,CAM_DROP_PHY,15165,3,12.0,22.1521,drop_decision_no_action,-1,-1,-1,veh12,0.0,False
6442,22.1521,CAM_DROP_PHY,15165,3,2.0,22.1521,drop_decision_no_action,-1,-1,-1,veh2,0.0,False
6442,22.1521,CAM_DROP_PHY,15165,3,4.0,22.1521,drop_decision_no_action,-1,-1,-1,veh4,0.0,False
6442,22.1521,CAM_DROP_PHY,15165,3,5.0,22.1521,drop_decision_no_action,-1,-1,-1,veh5,0.0,False
6442,22.1521,CAM_DROP_PHY,15165,3,6.0,22.1521,drop_decision_no_action,-1,-1,-1,veh6,0.0,False
6442,22.1521,CAM_DROP_PHY,15165,3,7.0,22.1521,drop_decision_no_action,-1,-1,-1,veh7,0.0,False
6442,22.1521,CAM_DROP_PHY,15165,3,8.0,22.1521,drop_decision_no_action,-1,-1,-1,veh8,0.0,False
6442,22.1521,CAM_DROP_PHY,15165,3,9.0,22.1521,drop_decision_no_action,-1,-1,-1,veh9,0.0,False
6464,22.1528,CPM_DROP_PHY,699721698269,12,10.0,22.1528,drop_decision_no_action,-1,-1,-1,veh10,0.0,False
6464,22.1528,CPM_DROP_PHY,699721698269,12,11.0,22.1528,drop_decision_no_action,-1,-1,-1,veh11,0.0,False
6464,22.1528,CPM_DROP_PHY,699721698269,12,2.0,22.1528,drop_decision_no_action,-1,-1,-1,veh2,0.0,False
6464,22.1528,CPM_DROP_PHY,699721698269,12,3.0,22.1528,drop_decision_no_action,-1,-1,-1,veh3,0.0,False
6464,22.1528,CPM_DROP_PHY,699721698269,12,4.0,22.1528,drop_decision_no_action,-1,-1,-1,veh4,0.0,False
6464,22.1528,CPM_DROP_PHY,699721698269,12,5.0,22.1528,drop_decision_no_action,-1,-1,-1,veh5,0.0,False
6464,22.1528,CPM_DROP_PHY,699721698269,12,6.0,22.1528,drop_decision_no_action,-1,-1,-1,veh6,0.0,False
6464,22.1528,CPM_DROP_PHY,699721698269,12,7.0,22.1528,drop_decision_no_action,-1,-1,-1,veh7,0.0,False
6464,22.1528,CPM_DROP_PHY,699721698269,12,8.0,22.1528,drop_decision_no_action,-1,-1,-1,veh8,0.0,False
6464,22.1528,CPM_DROP_PHY,699721698269,12,9.0,22.1528,drop_decision_no_action,-1,-1,-1,veh9,0.0,False
6446,22.1538,CPM_DROP_PHY,699721698254,7,10.0,22.1538,drop_decision_no_action,-1,-1,-1,veh10,0.0,False
6446,22.1538,CPM_DROP_PHY,699721698254,7,11.0,22.1538,drop_decision_no_action,-1,-1,-1,veh11,0.0,False
6446,22.1538,CPM_DROP_PHY,699721698254,7,12.0,22.1538,drop_decision_no_action,-1,-1,-1,veh12,0.0,False
6446,22.1538,CPM_DROP_PHY,699721698254,7,2.0,22.1538,drop_decision_no_action,-1,-1,-1,veh2,0.0,False
6446,22.1538,CPM_DROP_PHY,699721698254,7,3.0,22.1538,drop_decision_no_action,-1,-1,-1,veh3,0.0,False
6446,22.1538,CPM_DROP_PHY,699721698254,7,4.0,22.1538,drop_decision_no_action,-1,-1,-1,veh4,0.0,False
6446,22.1538,CPM_DROP_PHY,699721698254,7,5.0,22.1538,drop_decision_no_action,-1,-1,-1,veh5,0.0,False
6446,22.1538,CPM_DROP_PHY,699721698254,7,6.0,22.1538,drop_decision_no_action,-1,-1,-1,veh6,0.0,False
6446,22.1538,CPM_DROP_PHY,699721698254,7,8.0,22.1538,drop_decision_no_action,-1,-1,-1,veh8,0.0,False
6446,22.1538,CPM_DROP_PHY,699721698254,7,9.0,22.1538,drop_decision_no_action,-1,-1,-1,veh9,0.0,False
6468,22.1598,CAM_DROP_PHY,15193,6,10.0,22.1598,drop_decision_no_action,-1,-1,-1,veh10,0.0,False
6468,22.1598,CAM_DROP_PHY,15193,6,11.0,22.1598,drop_decision_no_action,-1,-1,-1,veh11,0.0,False
6468,22.1598,CAM_DROP_PHY,15193,6,12.0,22.1598,drop_decision_no_action,-1,-1,-1,veh12,0.0,False
6468,22.1598,CAM_DROP_PHY,15193,6,2.0,22.1598,drop_decision_no_action,-1,-1,-1,veh2,0.0,False
6468,22.1598,CAM_DROP_PHY,15193,6,3.0,22.1598,drop_decision_no_action,-1,-1,-1,veh3,0.0,False
6468,22.1598,CAM_DROP_PHY,15193,6,4.0,22.1598,drop_decision_no_action,-1,-1,-1,veh4,0.0,False
6468,22.1598,CAM_DROP_PHY,15193,6,5.0,22.1598,drop_decision_no_action,-1,-1,-1,veh5,0.0,False
6468,22.1598,CAM_DROP_PHY,15193,6,8.0,22.1598,drop_decision_no_action,-1,-1,-1,veh8,0.0,False
6468,22.1598,CAM_DROP_PHY,15193,6,9.0,22.1598,drop_decision_no_action,-1,-1,-1,veh9,0.0,False
6496,22.1688,CPM_DROP_PHY,699721698289,9,10.0,22.1688,drop_decision_no_action,-1,-1,-1,veh10,0.0,False
6496,22.1688,CPM_DROP_PHY,699721698289,9,11.0,22.1688,drop_decision_no_action,-1,-1,-1,veh11,0.0,False
6496,22.1688,CPM_DROP_PHY,699721698289,9,12.0,22.1688,drop_decision_no_action,-1,-1,-1,veh12,0.0,False
6496,22.1688,CPM_DROP_PHY,699721698289,9,2.0,22.1688,drop_decision_no_action,-1,-1,-1,veh2,0.0,False
6496,22.1688,CPM_DROP_PHY,699721698289,9,3.0,22.1688,drop_decision_no_action,-1,-1,-1,veh3,0.0,False
6496,22.1688,CPM_DROP_PHY,699721698289,9,4.0,22.1688,drop_decision_no_action,-1,-1,-1,veh4,0.0,False
6496,22.1688,CPM_DROP_PHY,699721698289,9,5.0,22.1688,drop_decision_no_action,-1,-1,-1,veh5,0.0,False
6496,22.1688,CPM_DROP_PHY,699721698289,9,6.0,22.1688,drop_decision_no_action,-1,-1,-1,veh6,0.0,False
6496,22.1688,CPM_DROP_PHY,699721698289,9,7.0,22.1688,drop_decision_no_action,-1,-1,-1,veh7,0.0,False
6496,22.1688,CPM_DROP_PHY,699721698289,9,8.0,22.1688,drop_decision_no_action,-1,-1,-1,veh8,0.0,False
6507,22.1701,CPM_DROP_PHY,699721698296,4,10.0,22.1701,drop_decision_no_action,-1,-1,-1,veh10,0.0,False
6507,22.1701,CPM_DROP_PHY,699721698296,4,11.0,22.1701,drop_decision_no_action,-1,-1,-1,veh11,0.0,False
6507,22.1701,CPM_DROP_PHY,699721698296,4,12.0,22.1701,drop_decision_no_action,-1,-1,-1,veh12,0.0,False
6507,22.1701,CPM_DROP_PHY,699721698296,4,2.0,22.1701,drop_decision_no_action,-1,-1,-1,veh2,0.0,False
6507,22.1701,CPM_DROP_PHY,699721698296,4,3.0,22.1701,drop_decision_no_action,-1,-1,-1,veh3,0.0,False
6507,22.1701,CPM_DROP_PHY,699721698296,4,5.0,22.1701,drop_decision_no_action,-1,-1,-1,veh5,0.0,False
6507,22.1701,CPM_DROP_PHY,699721698296,4,6.0,22.1701,drop_decision_no_action,-1,-1,-1,veh6,0.0,False
6507,22.1701,CPM_DROP_PHY,699721698296,4,7.0,22.1701,drop_decision_no_action,-1,-1,-1,veh7,0.0,False
6507,22.1701,CPM_DROP_PHY,699721698296,4,8.0,22.1701,drop_decision_no_action,-1,-1,-1,veh8,0.0,False
6507,22.1701,CPM_DROP_PHY,699721698296,4,9.0,22.1701,drop_decision_no_action,-1,-1,-1,veh9,0.0,False
6442,22.1721,CPM_DROP_PHY,699721698250,3,10.0,22.1521,drop_decision_no_action,-1,-1,-1,veh10,-0.019999999999999574,False
6442,22.1721,CPM_DROP_PHY,699721698250,3,12.0,22.1521,drop_decision_no_action,-1,-1,-1,veh12,-0.019999999999999574,False
6442,22.1721,CPM_DROP_PHY,699721698250,3,2.0,22.1521,drop_decision_no_action,-1,-1,-1,veh2,-0.019999999999999574,False
6442,22.1721,CPM_DROP_PHY,699721698250,3,4.0,22.1521,drop_decision_no_action,-1,-1,-1,veh4,-0.019999999999999574,False
6442,22.1721,CPM_DROP_PHY,699721698250,3,5.0,22.1521,drop_decision_no_action,-1,-1,-1,veh5,-0.019999999999999574,False
6442,22.1721,CPM_DROP_PHY,699721698250,3,6.0,22.1521,drop_decision_no_action,-1,-1,-1,veh6,-0.019999999999999574,False
6442,22.1721,CPM_DROP_PHY,699721698250,3,7.0,22.1521,drop_decision_no_action,-1,-1,-1,veh7,-0.019999999999999574,False
6442,22.1721,CPM_DROP_PHY,699721698250,3,8.0,22.1521,drop_decision_no_action,-1,-1,-1,veh8,-0.019999999999999574,False
6442,22.1721,CPM_DROP_PHY,699721698250,3,9.0,22.1521,drop_decision_no_action,-1,-1,-1,veh9,-0.019999999999999574,False
6495,22.1798,CPM_DROP_PHY,699721698286,6,10.0,22.1798,drop_decision_no_action,-1,-1,-1,veh10,0.0,False
6495,22.1798,CPM_DROP_PHY,699721698286,6,11.0,22.1798,drop_decision_no_action,-1,-1,-1,veh11,0.0,False
6495,22.1798,CPM_DROP_PHY,699721698286,6,12.0,22.1798,drop_decision_no_action,-1,-1,-1,veh12,0.0,False
6495,22.1798,CPM_DROP_PHY,699721698286,6,2.0,22.1798,drop_decision_no_action,-1,-1,-1,veh2,0.0,False
6495,22.1798,CPM_DROP_PHY,699721698286,6,3.0,22.1798,drop_decision_no_action,-1,-1,-1,veh3,0.0,False
6495,22.1798,CPM_DROP_PHY,699721698286,6,4.0,22.1798,drop_decision_no_action,-1,-1,-1,veh4,0.0,False
6495,22.1798,CPM_DROP_PHY,699721698286,6,5.0,22.1798,drop_decision_no_action,-1,-1,-1,veh5,0.0,False
6495,22.1798,CPM_DROP_PHY,699721698286,6,8.0,22.1798,drop_decision_no_action,-1,-1,-1,veh8,0.0,False
6495,22.1798,CPM_DROP_PHY,699721698286,6,9.0,22.1798,drop_decision_no_action,-1,-1,-1,veh9,0.0,False
6442,22.1833,CPM_DROP_PHY,699721698250,3,11.0,22.1521,drop_decision_no_action,-1,-1,-1,veh11,-0.03119999999999834,False
6556,22.1943,CPM_DROP_PHY,699721698324,11,10.0,22.1943,drop_decision_no_action,-1,-1,-1,veh10,0.0,False
6556,22.1943,CPM_DROP_PHY,699721698324,11,12.0,22.1943,drop_decision_no_action,-1,-1,-1,veh12,0.0,False
6556,22.1943,CPM_DROP_PHY,699721698324,11,2.0,22.1943,drop_decision_no_action,-1,-1,-1,veh2,0.0,False
6556,22.1943,CPM_DROP_PHY,699721698324,11,3.0,22.1943,drop_decision_no_action,-1,-1,-1,veh3,0.0,False
6556,22.1943,CPM_DROP_PHY,699721698324,11,4.0,22.1943,drop_decision_no_action,-1,-1,-1,veh4,0.0,False
6556,22.1943,CPM_DROP_PHY,699721698324,11,5.0,22.1943,drop_decision_no_action,-1,-1,-1,veh5,0.0,False
6556,22.1943,CPM_DROP_PHY,699721698324,11,6.0,22.1943,drop_decision_no_action,-1,-1,-1,veh6,0.0,False
6556,22.1943,CPM_DROP_PHY,699721698324,11,7.0,22.1943,drop_decision_no_action,-1,-1,-1,veh7,0.0,False
6556,22.1943,CPM_DROP_PHY,699721698324,11,8.0,22.1943,drop_decision_no_action,-1,-1,-1,veh8,0.0,False
6556,22.1943,CPM_DROP_PHY,699721698324,11,9.0,22.1943,drop_decision_no_action,-1,-1,-1,veh9,0.0,False
6562,22.2068,CAM_DROP_PHY,15250,2,10.0,22.2068,drop_decision_no_action,-1,-1,-1,veh10,0.0,False
6562,22.2068,CAM_DROP_PHY,15250,2,11.0,22.2068,drop_decision_no_action,-1,-1,-1,veh11,0.0,False
6562,22.2068,CAM_DROP_PHY,15250,2,12.0,22.2068,drop_decision_no_action,-1,-1,-1,veh12,0.0,False
6562,22.2068,CAM_DROP_PHY,15250,2,3.0,22.2068,drop_decision_no_action,-1,-1,-1,veh3,0.0,False
6562,22.2068,CAM_DROP_PHY,15250,2,4.0,22.2068,drop_decision_no_action,-1,-1,-1,veh4,0.0,False
6562,22.2068,CAM_DROP_PHY,15250,2,5.0,22.2068,drop_decision_no_action,-1,-1,-1,veh5,0.0,False
6562,22.2068,CAM_DROP_PHY,15250,2,6.0,22.2068,drop_decision_no_action,-1,-1,-1,veh6,0.0,False
6562,22.2068,CAM_DROP_PHY,15250,2,7.0,22.2068,drop_decision_no_action,-1,-1,-1,veh7,0.0,False
6562,22.2068,CAM_DROP_PHY,15250,2,8.0,22.2068,drop_decision_no_action,-1,-1,-1,veh8,0.0,False
6562,22.2068,CAM_DROP_PHY,15250,2,9.0,22.2068,drop_decision_no_action,-1,-1,-1,veh9,0.0,False
6574,22.2131,CPM_DROP_PHY,699721698417,10,11.0,22.2131,drop_decision_no_action,-1,-1,-1,veh11,0.0,False
6574,22.2131,CPM_DROP_PHY,699721698417,10,12.0,22.2131,drop_decision_no_action,-1,-1,-1,veh12,0.0,False
6574,22.2131,CPM_DROP_PHY,699721698417,10,2.0,22.2131,drop_decision_no_action,-1,-1,-1,veh2,0.0,False
6574,22.2131,CPM_DROP_PHY,699721698417,10,3.0,22.2131,drop_decision_no_action,-1,-1,-1,veh3,0.0,False
6574,22.2131,CPM_DROP_PHY,699721698417,10,4.0,22.2131,drop_decision_no_action,-1,-1,-1,veh4,0.0,False
6574,22.2131,CPM_DROP_PHY,699721698417,10,5.0,22.2131,drop_decision_no_action,-1,-1,-1,veh5,0.0,False
6574,22.2131,CPM_DROP_PHY,699721698417,10,6.0,22.2131,drop_decision_no_action,-1,-1,-1,veh6,0.0,False
6574,22.2131,CPM_DROP_PHY,699721698417,10,7.0,22.2131,drop_decision_no_action,-1,-1,-1,veh7,0.0,False
6574,22.2131,CPM_DROP_PHY,699721698417,10,8.0,22.2131,drop_decision_no_action,-1,-1,-1,veh8,0.0,False
6574,22.2131,CPM_DROP_PHY,699721698417,10,9.0,22.2131,drop_decision_no_action,-1,-1,-1,veh9,0.0,False
6573,22.2193,CAM_DROP_PHY,15333,5,10.0,22.2193,drop_decision_no_action,-1,-1,-1,veh10,0.0,False
6573,22.2193,CAM_DROP_PHY,15333,5,11.0,22.2193,drop_decision_no_action,-1,-1,-1,veh11,0.0,False
6573,22.2193,CAM_DROP_PHY,15333,5,12.0,22.2193,drop_decision_no_action,-1,-1,-1,veh12,0.0,False
6573,22.2193,CAM_DROP_PHY,15333,5,2.0,22.2193,drop_decision_no_action,-1,-1,-1,veh2,0.0,False
6573,22.2193,CAM_DROP_PHY,15333,5,3.0,22.2193,drop_decision_no_action,-1,-1,-1,veh3,0.0,False
6573,22.2193,CAM_DROP_PHY,15333,5,4.0,22.2193,drop_decision_no_action,-1,-1,-1,veh4,0.0,False
6573,22.2193,CAM_DROP_PHY,15333,5,6.0,22.2193,drop_decision_no_action,-1,-1,-1,veh6,0.0,False
6573,22.2193,CAM_DROP_PHY,15333,5,7.0,22.2193,drop_decision_no_action,-1,-1,-1,veh7,0.0,False
6573,22.2193,CAM_DROP_PHY,15333,5,8.0,22.2193,drop_decision_no_action,-1,-1,-1,veh8,0.0,False
6573,22.2193,CAM_DROP_PHY,15333,5,9.0,22.2193,drop_decision_no_action,-1,-1,-1,veh9,0.0,False
6577,22.2268,CPM_DROP_PHY,699721698422,2,10.0,22.2268,drop_decision_no_action,-1,-1,-1,veh10,0.0,False
6577,22.2268,CPM_DROP_PHY,699721698422,2,11.0,22.2268,drop_decision_no_action,-1,-1,-1,veh11,0.0,False
6577,22.2268,CPM_DROP_PHY,699721698422,2,12.0,22.2268,drop_decision_no_action,-1,-1,-1,veh12,0.0,False
6577,22.2268,CPM_DROP_PHY,699721698422,2,3.0,22.2268,drop_decision_no_action,-1,-1,-1,veh3,0.0,False
6577,22.2268,CPM_DROP_PHY,699721698422,2,4.0,22.2268,drop_decision_no_action,-1,-1,-1,veh4,0.0,False
6577,22.2268,CPM_DROP_PHY,699721698422,2,5.0,22.2268,drop_decision_no_action,-1,-1,-1,veh5,0.0,False
6577,22.2268,CPM_DROP_PHY,699721698422,2,6.0,22.2268,drop_decision_no_action,-1,-1,-1,veh6,0.0,False
6577,22.2268,CPM_DROP_PHY,699721698422,2,7.0,22.2268,drop_decision_no_action,-1,-1,-1,veh7,0.0,False
6577,22.2268,CPM_DROP_PHY,699721698422,2,8.0,22.2268,drop_decision_no_action,-1,-1,-1,veh8,0.0,False
6577,22.2268,CPM_DROP_PHY,699721698422,2,9.0,22.2268,drop_decision_no_action,-1,-1,-1,veh9,0.0,False
6600,22.2393,CPM_DROP_PHY,699721698434,5,10.0,22.2393,drop_decision_no_action,-1,-1,-1,veh10,0.0,False
6600,22.2393,CPM_DROP_PHY,699721698434,5,11.0,22.2393,drop_decision_no_action,-1,-1,-1,veh11,0.0,False
6600,22.2393,CPM_DROP_PHY,699721698434,5,12.0,22.2393,drop_decision_no_action,-1,-1,-1,veh12,0.0,False
6600,22.2393,CPM_DROP_PHY,699721698434,5,2.0,22.2393,drop_decision_no_action,-1,-1,-1,veh2,0.0,False
6600,22.2393,CPM_DROP_PHY,699721698434,5,3.0,22.2393,drop_decision_no_action,-1,-1,-1,veh3,0.0,False
6600,22.2393,CPM_DROP_PHY,699721698434,5,4.0,22.2393,drop_decision_no_action,-1,-1,-1,veh4,0.0,False
6600,22.2393,CPM_DROP_PHY,699721698434,5,6.0,22.2393,drop_decision_no_action,-1,-1,-1,veh6,0.0,False
6600,22.2393,CPM_DROP_PHY,699721698434,5,7.0,22.2393,drop_decision_no_action,-1,-1,-1,veh7,0.0,False
6600,22.2393,CPM_DROP_PHY,699721698434,5,8.0,22.2393,drop_decision_no_action,-1,-1,-1,veh8,0.0,False
6600,22.2393,CPM_DROP_PHY,699721698434,5,9.0,22.2393,drop_decision_no_action,-1,-1,-1,veh9,0.0,False
6615,22.2521,CAM_DROP_PHY,15365,3,10.0,22.2521,drop_decision_no_action,-1,-1,-1,veh10,0.0,False
6615,22.2521,CAM_DROP_PHY,15365,3,11.0,22.2521,drop_decision_no_action,-1,-1,-1,veh11,0.0,False
6615,22.2521,CAM_DROP_PHY,15365,3,12.0,22.2521,drop_decision_no_action,-1,-1,-1,veh12,0.0,False
6615,22.2521,CAM_DROP_PHY,15365,3,2.0,22.2521,drop_decision_no_action,-1,-1,-1,veh2,0.0,False
6615,22.2521,CAM_DROP_PHY,15365,3,4.0,22.2521,drop_decision_no_action,-1,-1,-1,veh4,0.0,False
6615,22.2521,CAM_DROP_PHY,15365,3,5.0,22.2521,drop_decision_no_action,-1,-1,-1,veh5,0.0,False
6615,22.2521,CAM_DROP_PHY,15365,3,6.0,22.2521,drop_decision_no_action,-1,-1,-1,veh6,0.0,False
6615,22.2521,CAM_DROP_PHY,15365,3,7.0,22.2521,drop_decision_no_action,-1,-1,-1,veh7,0.0,False
6615,22.2521,CAM_DROP_PHY,15365,3,8.0,22.2521,drop_decision_no_action,-1,-1,-1,veh8,0.0,False
6615,22.2521,CAM_DROP_PHY,15365,3,9.0,22.2521,drop_decision_no_action,-1,-1,-1,veh9,0.0,False
6618,22.2538,CPM_DROP_PHY,699721698453,7,10.0,22.2538,drop_decision_no_action,-1,-1,-1,veh10,0.0,False
6618,22.2538,CPM_DROP_PHY,699721698453,7,11.0,22.2538,drop_decision_no_action,-1,-1,-1,veh11,0.0,False
6618,22.2538,CPM_DROP_PHY,699721698453,7,12.0,22.2538,drop_decision_no_action,-1,-1,-1,veh12,0.0,False
6618,22.2538,CPM_DROP_PHY,699721698453,7,2.0,22.2538,drop_decision_no_action,-1,-1,-1,veh2,0.0,False
6618,22.2538,CPM_DROP_PHY,699721698453,7,3.0,22.2538,drop_decision_no_action,-1,-1,-1,veh3,0.0,False
6618,22.2538,CPM_DROP_PHY,699721698453,7,4.0,22.2538,drop_decision_no_action,-1,-1,-1,veh4,0.0,False
6618,22.2538,CPM_DROP_PHY,699721698453,7,5.0,22.2538,drop_decision_no_action,-1,-1,-1,veh5,0.0,False
6618,22.2538,CPM_DROP_PHY,699721698453,7,6.0,22.2538,drop_decision_no_action,-1,-1,-1,veh6,0.0,False
6618,22.2538,CPM_DROP_PHY,699721698453,7,8.0,22.2538,drop_decision_no_action,-1,-1,-1,veh8,0.0,False
6618,22.2538,CPM_DROP_PHY,699721698453,7,9.0,22.2538,drop_decision_no_action,-1,-1,-1,veh9,0.0,False
6634,22.2688,CAM_DROP_PHY,15388,9,10.0,22.2688,drop_decision_no_action,-1,-1,-1,veh10,0.0,False
6634,22.2688,CPM_DROP_PHY,699721698487,9,10.0,22.2688,drop_decision_no_action,-1,-1,-1,veh10,0.0,False
6634,22.2688,CAM_DROP_PHY,15388,9,11.0,22.2688,drop_decision_no_action,-1,-1,-1,veh11,0.0,False
6634,22.2688,CPM_DROP_PHY,699721698487,9,11.0,22.2688,drop_decision_no_action,-1,-1,-1,veh11,0.0,False
6634,22.2688,CAM_DROP_PHY,15388,9,12.0,22.2688,drop_decision_no_action,-1,-1,-1,veh12,0.0,False
6634,22.2688,CPM_DROP_PHY,699721698487,9,12.0,22.2688,drop_decision_no_action,-1,-1,-1,veh12,0.0,False
6634,22.2688,CAM_DROP_PHY,15388,9,2.0,22.2688,drop_decision_no_action,-1,-1,-1,veh2,0.0,False
6634,22.2688,CPM_DROP_PHY,699721698487,9,2.0,22.2688,drop_decision_no_action,-1,-1,-1,veh2,0.0,False
6634,22.2688,CAM_DROP_PHY,15388,9,3.0,22.2688,drop_decision_no_action,-1,-1,-1,veh3,0.0,False
6634,22.2688,CPM_DROP_PHY,699721698487,9,3.0,22.2688,drop_decision_no_action,-1,-1,-1,veh3,0.0,False
6634,22.2688,CAM_DROP_PHY,15388,9,4.0,22.2688,drop_decision_no_action,-1,-1,-1,veh4,0.0,False
6634,22.2688,CPM_DROP_PHY,699721698487,9,4.0,22.2688,drop_decision_no_action,-1,-1,-1,veh4,0.0,False
6634,22.2688,CAM_DROP_PHY,15388,9,5.0,22.2688,drop_decision_no_action,-1,-1,-1,veh5,0.0,False
6634,22.2688,CPM_DROP_PHY,699721698487,9,5.0,22.2688,drop_decision_no_action,-1,-1,-1,veh5,0.0,False
6634,22.2688,CAM_DROP_PHY,15388,9,6.0,22.2688,drop_decision_no_action,-1,-1,-1,veh6,0.0,False
6634,22.2688,CPM_DROP_PHY,699721698487,9,6.0,22.2688,drop_decision_no_action,-1,-1,-1,veh6,0.0,False
6634,22.2688,CAM_DROP_PHY,15388,9,7.0,22.2688,drop_decision_no_action,-1,-1,-1,veh7,0.0,False
6634,22.2688,CPM_DROP_PHY,699721698487,9,7.0,22.2688,drop_decision_no_action,-1,-1,-1,veh7,0.0,False
6634,22.2688,CAM_DROP_PHY,15388,9,8.0,22.2688,drop_decision_no_action,-1,-1,-1,veh8,0.0,False
6634,22.2688,CPM_DROP_PHY,699721698487,9,8.0,22.2688,drop_decision_no_action,-1,-1,-1,veh8,0.0,False
6636,22.2716,CPM_DROP_PHY,699721698472,12,10.0,22.2716,drop_decision_no_action,-1,-1,-1,veh10,0.0,False
6636,22.2716,CPM_DROP_PHY,699721698472,12,11.0,22.2716,drop_decision_no_action,-1,-1,-1,veh11,0.0,False
6636,22.2716,CPM_DROP_PHY,699721698472,12,2.0,22.2716,drop_decision_no_action,-1,-1,-1,veh2,0.0,False
6636,22.2716,CPM_DROP_PHY,699721698472,12,3.0,22.2716,drop_decision_no_action,-1,-1,-1,veh3,0.0,False
6636,22.2716,CPM_DROP_PHY,699721698472,12,4.0,22.2716,drop_decision_no_action,-1,-1,-1,veh4,0.0,False
6636,22.2716,CPM_DROP_PHY,699721698472,12,5.0,22.2716,drop_decision_no_action,-1,-1,-1,veh5,0.0,False
6636,22.2716,CPM_DROP_PHY,699721698472,12,6.0,22.2716,drop_decision_no_action,-1,-1,-1,veh6,0.0,False
6636,22.2716,CPM_DROP_PHY,699721698472,12,7.0,22.2716,drop_decision_no_action,-1,-1,-1,veh7,0.0,False
6636,22.2716,CPM_DROP_PHY,699721698472,12,8.0,22.2716,drop_decision_no_action,-1,-1,-1,veh8,0.0,False
6636,22.2716,CPM_DROP_PHY,699721698472,12,9.0,22.2716,drop_decision_no_action,-1,-1,-1,veh9,0.0,False
6615,22.2721,CPM_DROP_PHY,699721698450,3,10.0,22.2521,drop_decision_no_action,-1,-1,-1,veh10,-0.019999999999999574,False
6615,22.2721,CPM_DROP_PHY,699721698450,3,11.0,22.2521,drop_decision_no_action,-1,-1,-1,veh11,-0.019999999999999574,False
6615,22.2721,CPM_DROP_PHY,699721698450,3,12.0,22.2521,drop_decision_no_action,-1,-1,-1,veh12,-0.019999999999999574,False
6615,22.2721,CPM_DROP_PHY,699721698450,3,2.0,22.2521,drop_decision_no_action,-1,-1,-1,veh2,-0.019999999999999574,False
6615,22.2721,CPM_DROP_PHY,699721698450,3,4.0,22.2521,drop_decision_no_action,-1,-1,-1,veh4,-0.019999999999999574,False
6615,22.2721,CPM_DROP_PHY,699721698450,3,5.0,22.2521,drop_decision_no_action,-1,-1,-1,veh5,-0.019999999999999574,False
6615,22.2721,CPM_DROP_PHY,699721698450,3,6.0,22.2521,drop_decision_no_action,-1,-1,-1,veh6,-0.019999999999999574,False
6615,22.2721,CPM_DROP_PHY,699721698450,3,7.0,22.2521,drop_decision_no_action,-1,-1,-1,veh7,-0.019999999999999574,False
6615,22.2721,CPM_DROP_PHY,699721698450,3,9.0,22.2521,drop_decision_no_action,-1,-1,-1,veh9,-0.019999999999999574,False
6656,22.2798,CPM_DROP_PHY,699721698484,6,10.0,22.2798,drop_decision_no_action,-1,-1,-1,veh10,0.0,False
6656,22.2798,CPM_DROP_PHY,699721698484,6,11.0,22.2798,drop_decision_no_action,-1,-1,-1,veh11,0.0,False
6656,22.2798,CPM_DROP_PHY,699721698484,6,12.0,22.2798,drop_decision_no_action,-1,-1,-1,veh12,0.0,False
6656,22.2798,CPM_DROP_PHY,699721698484,6,2.0,22.2798,drop_decision_no_action,-1,-1,-1,veh2,0.0,False
6656,22.2798,CPM_DROP_PHY,699721698484,6,3.0,22.2798,drop_decision_no_action,-1,-1,-1,veh3,0.0,False
6656,22.2798,CPM_DROP_PHY,699721698484,6,4.0,22.2798,drop_decision_no_action,-1,-1,-1,veh4,0.0,False
6656,22.2798,CPM_DROP_PHY,699721698484,6,5.0,22.2798,drop_decision_no_action,-1,-1,-1,veh5,0.0,False
6495,22.2798,CPM_DROP_PHY,699721698286,6,7.0,22.2798,drop_decision_no_action,-1,-1,-1,veh7,0.0,False
6656,22.2798,CPM_DROP_PHY,699721698484,6,7.0,22.2798,drop_decision_no_action,-1,-1,-1,veh7,0.0,False
6656,22.2798,CPM_DROP_PHY,699721698484,6,8.0,22.2798,drop_decision_no_action,-1,-1,-1,veh8,0.0,False
6656,22.2798,CPM_DROP_PHY,699721698484,6,9.0,22.2798,drop_decision_no_action,-1,-1,-1,veh9,0.0,False
6615,22.2833,CPM_DROP_PHY,699721698450,3,8.0,22.2521,drop_decision_no_action,-1,-1,-1,veh8,-0.031200000000001893,False
6662,22.2861,CPM_DROP_PHY,699721698492,4,10.0,22.2861,drop_decision_no_action,-1,-1,-1,veh10,0.0,False
6662,22.2861,CPM_DROP_PHY,699721698492,4,11.0,22.2861,drop_decision_no_action,-1,-1,-1,veh11,0.0,False
6662,22.2861,CPM_DROP_PHY,699721698492,4,12.0,22.2861,drop_decision_no_action,-1,-1,-1,veh12,0.0,False
6662,22.2861,CPM_DROP_PHY,699721698492,4,2.0,22.2861,drop_decision_no_action,-1,-1,-1,veh2,0.0,False
6662,22.2861,CPM_DROP_PHY,699721698492,4,3.0,22.2861,drop_decision_no_action,-1,-1,-1,veh3,0.0,False
6662,22.2861,CPM_DROP_PHY,699721698492,4,5.0,22.2861,drop_decision_no_action,-1,-1,-1,veh5,0.0,False
6662,22.2861,CPM_DROP_PHY,699721698492,4,6.0,22.2861,drop_decision_no_action,-1,-1,-1,veh6,0.0,False
6662,22.2861,CPM_DROP_PHY,699721698492,4,7.0,22.2861,drop_decision_no_action,-1,-1,-1,veh7,0.0,False
6662,22.2861,CPM_DROP_PHY,699721698492,4,8.0,22.2861,drop_decision_no_action,-1,-1,-1,veh8,0.0,False
6662,22.2861,CPM_DROP_PHY,699721698492,4,9.0,22.2861,drop_decision_no_action,-1,-1,-1,veh9,0.0,False
6717,22.2943,CPM_DROP_PHY,699721698523,11,10.0,22.2943,drop_decision_no_action,-1,-1,-1,veh10,0.0,False
6717,22.2943,CPM_DROP_PHY,699721698523,11,12.0,22.2943,drop_decision_no_action,-1,-1,-1,veh12,0.0,False
6717,22.2943,CPM_DROP_PHY,699721698523,11,2.0,22.2943,drop_decision_no_action,-1,-1,-1,veh2,0.0,False
6717,22.2943,CPM_DROP_PHY,699721698523,11,3.0,22.2943,drop_decision_no_action,-1,-1,-1,veh3,0.0,False
6717,22.2943,CPM_DROP_PHY,699721698523,11,4.0,22.2943,drop_decision_no_action,-1,-1,-1,veh4,0.0,False
6717,22.2943,CPM_DROP_PHY,699721698523,11,5.0,22.2943,drop_decision_no_action,-1,-1,-1,veh5,0.0,False
6717,22.2943,CPM_DROP_PHY,699721698523,11,6.0,22.2943,drop_decision_no_action,-1,-1,-1,veh6,0.0,False
6717,22.2943,CPM_DROP_PHY,699721698523,11,7.0,22.2943,drop_decision_no_action,-1,-1,-1,veh7,0.0,False
6717,22.2943,CPM_DROP_PHY,699721698523,11,8.0,22.2943,drop_decision_no_action,-1,-1,-1,veh8,0.0,False
6717,22.2943,CPM_DROP_PHY,699721698523,11,9.0,22.2943,drop_decision_no_action,-1,-1,-1,veh9,0.0,False
6704,22.3046,CPM_DROP_PHY,699721698516,8,10.0,22.3046,drop_decision_no_action,-1,-1,-1,veh10,0.0,False
6704,22.3046,CPM_DROP_PHY,699721698516,8,11.0,22.3046,drop_decision_no_action,-1,-1,-1,veh11,0.0,False
6704,22.3046,CPM_DROP_PHY,699721698516,8,12.0,22.3046,drop_decision_no_action,-1,-1,-1,veh12,0.0,False
6704,22.3046,CPM_DROP_PHY,699721698516,8,2.0,22.3046,drop_decision_no_action,-1,-1,-1,veh2,0.0,False
6704,22.3046,CPM_DROP_PHY,699721698516,8,3.0,22.3046,drop_decision_no_action,-1,-1,-1,veh3,0.0,False
6704,22.3046,CPM_DROP_PHY,699721698516,8,4.0,22.3046,drop_decision_no_action,-1,-1,-1,veh4,0.0,False
6704,22.3046,CPM_DROP_PHY,699721698516,8,5.0,22.3046,drop_decision_no_action,-1,-1,-1,veh5,0.0,False
6704,22.3046,CPM_DROP_PHY,699721698516,8,6.0,22.3046,drop_decision_no_action,-1,-1,-1,veh6,0.0,False
6704,22.3046,CPM_DROP_PHY,699721698516,8,7.0,22.3046,drop_decision_no_action,-1,-1,-1,veh7,0.0,False
6704,22.3046,CPM_DROP_PHY,699721698516,8,9.0,22.3046,drop_decision_no_action,-1,-1,-1,veh9,0.0,False
6736,22.3131,CPM_DROP_PHY,699721698609,10,11.0,22.3131,drop_decision_no_action,-1,-1,-1,veh11,0.0,False
6736,22.3131,CPM_DROP_PHY,699721698609,10,12.0,22.3131,drop_decision_no_action,-1,-1,-1,veh12,0.0,False
6736,22.3131,CPM_DROP_PHY,699721698609,10,2.0,22.3131,drop_decision_no_action,-1,-1,-1,veh2,0.0,False
6736,22.3131,CPM_DROP_PHY,699721698609,10,3.0,22.3131,drop_decision_no_action,-1,-1,-1,veh3,0.0,False
6736,22.3131,CPM_DROP_PHY,699721698609,10,4.0,22.3131,drop_decision_no_action,-1,-1,-1,veh4,0.0,False
6736,22.3131,CPM_DROP_PHY,699721698609,10,5.0,22.3131,drop_decision_no_action,-1,-1,-1,veh5,0.0,False
6736,22.3131,CPM_DROP_PHY,699721698609,10,6.0,22.3131,drop_decision_no_action,-1,-1,-1,veh6,0.0,False
6736,22.3131,CPM_DROP_PHY,699721698609,10,7.0,22.3131,drop_decision_no_action,-1,-1,-1,veh7,0.0,False
6736,22.3131,CPM_DROP_PHY,699721698609,10,8.0,22.3131,drop_decision_no_action,-1,-1,-1,veh8,0.0,False
6736,22.3131,CPM_DROP_PHY,699721698609,10,9.0,22.3131,drop_decision_no_action,-1,-1,-1,veh9,0.0,False
6723,22.3143,CAM_DROP_PHY,15449,11,10.0,22.3143,drop_decision_no_action,-1,-1,-1,veh10,0.0,False
6723,22.3143,CAM_DROP_PHY,15449,11,12.0,22.3143,drop_decision_no_action,-1,-1,-1,veh12,0.0,False
6723,22.3143,CAM_DROP_PHY,15449,11,2.0,22.3143,drop_decision_no_action,-1,-1,-1,veh2,0.0,False
6723,22.3143,CAM_DROP_PHY,15449,11,3.0,22.3143,drop_decision_no_action,-1,-1,-1,veh3,0.0,False
6723,22.3143,CAM_DROP_PHY,15449,11,4.0,22.3143,drop_decision_no_action,-1,-1,-1,veh4,0.0,False
6723,22.3143,CAM_DROP_PHY,15449,11,5.0,22.3143,drop_decision_no_action,-1,-1,-1,veh5,0.0,False
6723,22.3143,CAM_DROP_PHY,15449,11,6.0,22.3143,drop_decision_no_action,-1,-1,-1,veh6,0.0,False
6723,22.3143,CAM_DROP_PHY,15449,11,7.0,22.3143,drop_decision_no_action,-1,-1,-1,veh7,0.0,False
6723,22.3143,CAM_DROP_PHY,15449,11,8.0,22.3143,drop_decision_no_action,-1,-1,-1,veh8,0.0,False
6723,22.3143,CAM_DROP_PHY,15449,11,9.0,22.3143,drop_decision_no_action,-1,-1,-1,veh9,0.0,False
6760,22.3393,CPM_DROP_PHY,699721698625,5,10.0,22.3393,drop_decision_no_action,-1,-1,-1,veh10,0.0,False
6760,22.3393,CPM_DROP_PHY,699721698625,5,11.0,22.3393,drop_decision_no_action,-1,-1,-1,veh11,0.0,False
6760,22.3393,CPM_DROP_PHY,699721698625,5,12.0,22.3393,drop_decision_no_action,-1,-1,-1,veh12,0.0,False
6760,22.3393,CPM_DROP_PHY,699721698625,5,2.0,22.3393,drop_decision_no_action,-1,-1,-1,veh2,0.0,False
6760,22.3393,CPM_DROP_PHY,699721698625,5,3.0,22.3393,drop_decision_no_action,-1,-1,-1,veh3,0.0,False
6760,22.3393,CPM_DROP_PHY,699721698625,5,4.0,22.3393,drop_decision_no_action,-1,-1,-1,veh4,0.0,False
6760,22.3393,CPM_DROP_PHY,699721698625,5,6.0,22.3393,drop_decision_no_action,-1,-1,-1,veh6,0.0,False
6760,22.3393,CPM_DROP_PHY,699721698625,5,7.0,22.3393,drop_decision_no_action,-1,-1,-1,veh7,0.0,False
6760,22.3393,CPM_DROP_PHY,699721698625,5,8.0,22.3393,drop_decision_no_action,-1,-1,-1,veh8,0.0,False
6760,22.3393,CPM_DROP_PHY,699721698625,5,9.0,22.3393,drop_decision_no_action,-1,-1,-1,veh9,0.0,False
6768,22.3446,CAM_DROP_PHY,15553,8,10.0,22.3446,drop_decision_no_action,-1,-1,-1,veh10,0.0,False
6768,22.3446,CAM_DROP_PHY,15553,8,11.0,22.3446,drop_decision_no_action,-1,-1,-1,veh11,0.0,False
6768,22.3446,CAM_DROP_PHY,15553,8,12.0,22.3446,drop_decision_no_action,-1,-1,-1,veh12,0.0,False
6768,22.3446,CAM_DROP_PHY,15553,8,2.0,22.3446,drop_decision_no_action,-1,-1,-1,veh2,0.0,False
6768,22.3446,CAM_DROP_PHY,15553,8,3.0,22.3446,drop_decision_no_action,-1,-1,-1,veh3,0.0,False
6768,22.3446,CAM_DROP_PHY,15553,8,4.0,22.3446,drop_decision_no_action,-1,-1,-1,veh4,0.0,False
6768,22.3446,CAM_DROP_PHY,15553,8,5.0,22.3446,drop_decision_no_action,-1,-1,-1,veh5,0.0,False
6768,22.3446,CAM_DROP_PHY,15553,8,6.0,22.3446,drop_decision_no_action,-1,-1,-1,veh6,0.0,False
6768,22.3446,CAM_DROP_PHY,15553,8,7.0,22.3446,drop_decision_no_action,-1,-1,-1,veh7,0.0,False
6768,22.3446,CAM_DROP_PHY,15553,8,9.0,22.3446,drop_decision_no_action,-1,-1,-1,veh9,0.0,False
6774,22.3521,CPM_DROP_PHY,699721698638,3,10.0,22.3521,drop_decision_no_action,-1,-1,-1,veh10,0.0,False
6774,22.3521,CPM_DROP_PHY,699721698638,3,11.0,22.3521,drop_decision_no_action,-1,-1,-1,veh11,0.0,False
6774,22.3521,CPM_DROP_PHY,699721698638,3,12.0,22.3521,drop_decision_no_action,-1,-1,-1,veh12,0.0,False
6774,22.3521,CPM_DROP_PHY,699721698638,3,2.0,22.3521,drop_decision_no_action,-1,-1,-1,veh2,0.0,False
6774,22.3521,CPM_DROP_PHY,699721698638,3,4.0,22.3521,drop_decision_no_action,-1,-1,-1,veh4,0.0,False
6774,22.3521,CPM_DROP_PHY,699721698638,3,5.0,22.3521,drop_decision_no_action,-1,-1,-1,veh5,0.0,False
6774,22.3521,CPM_DROP_PHY,699721698638,3,6.0,22.3521,drop_decision_no_action,-1,-1,-1,veh6,0.0,False
6774,22.3521,CPM_DROP_PHY,699721698638,3,7.0,22.3521,drop_decision_no_action,-1,-1,-1,veh7,0.0,False
6774,22.3521,CPM_DROP_PHY,699721698638,3,9.0,22.3521,drop_decision_no_action,-1,-1,-1,veh9,0.0,False
6775,22.3523,CPM_DROP_PHY,699721698641,7,10.0,22.3523,drop_decision_no_action,-1,-1,-1,veh10,0.0,False
6775,22.3523,CPM_DROP_PHY,699721698641,7,11.0,22.3523,drop_decision_no_action,-1,-1,-1,veh11,0.0,False
6775,22.3523,CPM_DROP_PHY,699721698641,7,12.0,22.3523,drop_decision_no_action,-1,-1,-1,veh12,0.0,False
6775,22.3523,CPM_DROP_PHY,699721698641,7,2.0,22.3523,drop_decision_no_action,-1,-1,-1,veh2,0.0,False
6775,22.3523,CPM_DROP_PHY,699721698641,7,3.0,22.3523,drop_decision_no_action,-1,-1,-1,veh3,0.0,False
6775,22.3523,CPM_DROP_PHY,699721698641,7,4.0,22.3523,drop_decision_no_action,-1,-1,-1,veh4,0.0,False
6775,22.3523,CPM_DROP_PHY,699721698641,7,5.0,22.3523,drop_decision_no_action,-1,-1,-1,veh5,0.0,False
6775,22.3523,CPM_DROP_PHY,699721698641,7,6.0,22.3523,drop_decision_no_action,-1,-1,-1,veh6,0.0,False
6775,22.3523,CPM_DROP_PHY,699721698641,7,8.0,22.3523,drop_decision_no_action,-1,-1,-1,veh8,0.0,False
6775,22.3523,CPM_DROP_PHY,699721698641,7,9.0,22.3523,drop_decision_no_action,-1,-1,-1,veh9,0.0,False
6774,22.3633,CPM_DROP_PHY,699721698638,3,8.0,22.3633,drop_decision_no_action,-1,-1,-1,veh8,0.0,False
6814,22.3688,CPM_DROP_PHY,699721698674,9,10.0,22.3688,drop_decision_no_action,-1,-1,-1,veh10,0.0,False
6814,22.3688,CPM_DROP_PHY,699721698674,9,11.0,22.3688,drop_decision_no_action,-1,-1,-1,veh11,0.0,False
6814,22.3688,CPM_DROP_PHY,699721698674,9,12.0,22.3688,drop_decision_no_action,-1,-1,-1,veh12,0.0,False
6814,22.3688,CPM_DROP_PHY,699721698674,9,2.0,22.3688,drop_decision_no_action,-1,-1,-1,veh2,0.0,False
6814,22.3688,CPM_DROP_PHY,699721698674,9,3.0,22.3688,drop_decision_no_action,-1,-1,-1,veh3,0.0,False
6814,22.3688,CPM_DROP_PHY,699721698674,9,4.0,22.3688,drop_decision_no_action,-1,-1,-1,veh4,0.0,False
6814,22.3688,CPM_DROP_PHY,699721698674,9,5.0,22.3688,drop_decision_no_action,-1,-1,-1,veh5,0.0,False
6814,22.3688,CPM_DROP_PHY,699721698674,9,6.0,22.3688,drop_decision_no_action,-1,-1,-1,veh6,0.0,False
6814,22.3688,CPM_DROP_PHY,699721698674,9,7.0,22.3688,drop_decision_no_action,-1,-1,-1,veh7,0.0,False
6814,22.3688,CPM_DROP_PHY,699721698674,9,8.0,22.3688,drop_decision_no_action,-1,-1,-1,veh8,0.0,False
6792,22.3716,CPM_DROP_PHY,699721698659,12,10.0,22.3716,drop_decision_no_action,-1,-1,-1,veh10,0.0,False
6792,22.3716,CPM_DROP_PHY,699721698659,12,11.0,22.3716,drop_decision_no_action,-1,-1,-1,veh11,0.0,False
6792,22.3716,CPM_DROP_PHY,699721698659,12,2.0,22.3716,drop_decision_no_action,-1,-1,-1,veh2,0.0,False
6792,22.3716,CPM_DROP_PHY,699721698659,12,3.0,22.3716,drop_decision_no_action,-1,-1,-1,veh3,0.0,False
6792,22.3716,CPM_DROP_PHY,699721698659,12,4.0,22.3716,drop_decision_no_action,-1,-1,-1,veh4,0.0,False
6792,22.3716,CPM_DROP_PHY,699721698659,12,5.0,22.3716,drop_decision_no_action,-1,-1,-1,veh5,0.0,False
6792,22.3716,CPM_DROP_PHY,699721698659,12,6.0,22.3716,drop_decision_no_action,-1,-1,-1,veh6,0.0,False
6792,22.3716,CPM_DROP_PHY,699721698659,12,7.0,22.3716,drop_decision_no_action,-1,-1,-1,veh7,0.0,False
6792,22.3716,CPM_DROP_PHY,699721698659,12,8.0,22.3716,drop_decision_no_action,-1,-1,-1,veh8,0.0,False
6792,22.3716,CPM_DROP_PHY,699721698659,12,9.0,22.3716,drop_decision_no_action,-1,-1,-1,veh9,0.0,False
6775,22.3723,CAM_DROP_PHY,15569,7,10.0,22.3523,drop_decision_no_action,-1,-1,-1,veh10,-0.019999999999999574,False
6775,22.3723,CAM_DROP_PHY,15569,7,11.0,22.3523,drop_decision_no_action,-1,-1,-1,veh11,-0.019999999999999574,False
6775,22.3723,CAM_DROP_PHY,15569,7,2.0,22.3523,drop_decision_no_action,-1,-1,-1,veh2,-0.019999999999999574,False
6775,22.3723,CAM_DROP_PHY,15569,7,3.0,22.3523,drop_decision_no_action,-1,-1,-1,veh3,-0.019999999999999574,False
6775,22.3723,CAM_DROP_PHY,15569,7,4.0,22.3523,drop_decision_no_action,-1,-1,-1,veh4,-0.019999999999999574,False
6775,22.3723,CAM_DROP_PHY,15569,7,5.0,22.3523,drop_decision_no_action,-1,-1,-1,veh5,-0.019999999999999574,False
6775,22.3723,CAM_DROP_PHY,15569,7,6.0,22.3523,drop_decision_no_action,-1,-1,-1,veh6,-0.019999999999999574,False
6775,22.3723,CAM_DROP_PHY,15569,7,8.0,22.3523,drop_decision_no_action,-1,-1,-1,veh8,-0.019999999999999574,False
6775,22.3723,CAM_DROP_PHY,15569,7,9.0,22.3523,drop_decision_no_action,-1,-1,-1,veh9,-0.019999999999999574,False
6813,22.3798,CPM_DROP_PHY,699721698670,6,10.0,22.3798,drop_decision_no_action,-1,-1,-1,veh10,0.0,False
6813,22.3798,CPM_DROP_PHY,699721698670,6,11.0,22.3798,drop_decision_no_action,-1,-1,-1,veh11,0.0,False
6813,22.3798,CPM_DROP_PHY,699721698670,6,12.0,22.3798,drop_decision_no_action,-1,-1,-1,veh12,0.0,False
6813,22.3798,CPM_DROP_PHY,699721698670,6,2.0,22.3798,drop_decision_no_action,-1,-1,-1,veh2,0.0,False
6813,22.3798,CPM_DROP_PHY,699721698670,6,3.0,22.3798,drop_decision_no_action,-1,-1,-1,veh3,0.0,False
6813,22.3798,CPM_DROP_PHY,699721698670,6,4.0,22.3798,drop_decision_no_action,-1,-1,-1,veh4,0.0,False
6813,22.3798,CPM_DROP_PHY,699721698670,6,5.0,22.3798,drop_decision_no_action,-1,-1,-1,veh5,0.0,False
6813,22.3798,CPM_DROP_PHY,699721698670,6,7.0,22.3798,drop_decision_no_action,-1,-1,-1,veh7,0.0,False
6813,22.3798,CPM_DROP_PHY,699721698670,6,8.0,22.3798,drop_decision_no_action,-1,-1,-1,veh8,0.0,False
6813,22.3798,CPM_DROP_PHY,699721698670,6,9.0,22.3798,drop_decision_no_action,-1,-1,-1,veh9,0.0,False
6822,22.3861,CPM_DROP_PHY,699721698679,4,10.0,22.3861,drop_decision_no_action,-1,-1,-1,veh10,0.0,False
6822,22.3861,CPM_DROP_PHY,699721698679,4,11.0,22.3861,drop_decision_no_action,-1,-1,-1,veh11,0.0,False
6822,22.3861,CPM_DROP_PHY,699721698679,4,12.0,22.3861,drop_decision_no_action,-1,-1,-1,veh12,0.0,False
6822,22.3861,CPM_DROP_PHY,699721698679,4,2.0,22.3861,drop_decision_no_action,-1,-1,-1,veh2,0.0,False
6822,22.3861,CPM_DROP_PHY,699721698679,4,3.0,22.3861,drop_decision_no_action,-1,-1,-1,veh3,0.0,False
6822,22.3861,CPM_DROP_PHY,699721698679,4,5.0,22.3861,drop_decision_no_action,-1,-1,-1,veh5,0.0,False
6822,22.3861,CPM_DROP_PHY,699721698679,4,6.0,22.3861,drop_decision_no_action,-1,-1,-1,veh6,0.0,False
6822,22.3861,CPM_DROP_PHY,699721698679,4,7.0,22.3861,drop_decision_no_action,-1,-1,-1,veh7,0.0,False
6822,22.3861,CPM_DROP_PHY,699721698679,4,8.0,22.3861,drop_decision_no_action,-1,-1,-1,veh8,0.0,False
6822,22.3861,CPM_DROP_PHY,699721698679,4,9.0,22.3861,drop_decision_no_action,-1,-1,-1,veh9,0.0,False
6875,22.3943,CPM_DROP_PHY,699721698708,11,10.0,22.3943,drop_decision_no_action,-1,-1,-1,veh10,0.0,False
6875,22.3943,CPM_DROP_PHY,699721698708,11,12.0,22.3943,drop_decision_no_action,-1,-1,-1,veh12,0.0,False
6875,22.3943,CPM_DROP_PHY,699721698708,11,2.0,22.3943,drop_decision_no_action,-1,-1,-1,veh2,0.0,False
6875,22.3943,CPM_DROP_PHY,699721698708,11,3.0,22.3943,drop_decision_no_action,-1,-1,-1,veh3,0.0,False
6875,22.3943,CPM_DROP_PHY,699721698708,11,4.0,22.3943,drop_decision_no_action,-1,-1,-1,veh4,0.0,False
6875,22.3943,CPM_DROP_PHY,699721698708,11,5.0,22.3943,drop_decision_no_action,-1,-1,-1,veh5,0.0,False
6875,22.3943,CPM_DROP_PHY,699721698708,11,6.0,22.3943,drop_decision_no_action,-1,-1,-1,veh6,0.0,False
6875,22.3943,CPM_DROP_PHY,699721698708,11,7.0,22.3943,drop_decision_no_action,-1,-1,-1,veh7,0.0,False
6875,22.3943,CPM_DROP_PHY,699721698708,11,8.0,22.3943,drop_decision_no_action,-1,-1,-1,veh8,0.0,False
6875,22.3943,CPM_DROP_PHY,699721698708,11,9.0,22.3943,drop_decision_no_action,-1,-1,-1,veh9,0.0,False
6880,22.4056,CAM_DROP_PHY,15632,2,10.0,22.4056,drop_decision_no_action,-1,-1,-1,veh10,0.0,False
6880,22.4056,CAM_DROP_PHY,15632,2,11.0,22.4056,drop_decision_no_action,-1,-1,-1,veh11,0.0,False
6880,22.4056,CAM_DROP_PHY,15632,2,12.0,22.4056,drop_decision_no_action,-1,-1,-1,veh12,0.0,False
6880,22.4056,CAM_DROP_PHY,15632,2,3.0,22.4056,drop_decision_no_action,-1,-1,-1,veh3,0.0,False
6880,22.4056,CAM_DROP_PHY,15632,2,4.0,22.4056,drop_decision_no_action,-1,-1,-1,veh4,0.0,False
6880,22.4056,CAM_DROP_PHY,15632,2,5.0,22.4056,drop_decision_no_action,-1,-1,-1,veh5,0.0,False
6880,22.4056,CAM_DROP_PHY,15632,2,6.0,22.4056,drop_decision_no_action,-1,-1,-1,veh6,0.0,False
6880,22.4056,CAM_DROP_PHY,15632,2,7.0,22.4056,drop_decision_no_action,-1,-1,-1,veh7,0.0,False
6880,22.4056,CAM_DROP_PHY,15632,2,8.0,22.4056,drop_decision_no_action,-1,-1,-1,veh8,0.0,False
6880,22.4056,CAM_DROP_PHY,15632,2,9.0,22.4056,drop_decision_no_action,-1,-1,-1,veh9,0.0,False
6894,22.4131,CPM_DROP_PHY,699721698787,10,11.0,22.4131,drop_decision_no_action,-1,-1,-1,veh11,0.0,False
6894,22.4131,CPM_DROP_PHY,699721698787,10,12.0,22.4131,drop_decision_no_action,-1,-1,-1,veh12,0.0,False
6894,22.4131,CPM_DROP_PHY,699721698787,10,2.0,22.4131,drop_decision_no_action,-1,-1,-1,veh2,0.0,False
6894,22.4131,CPM_DROP_PHY,699721698787,10,3.0,22.4131,drop_decision_no_action,-1,-1,-1,veh3,0.0,False
6894,22.4131,CPM_DROP_PHY,699721698787,10,4.0,22.4131,drop_decision_no_action,-1,-1,-1,veh4,0.0,False
6894,22.4131,CPM_DROP_PHY,699721698787,10,5.0,22.4131,drop_decision_no_action,-1,-1,-1,veh5,0.0,False
6894,22.4131,CPM_DROP_PHY,699721698787,10,6.0,22.4131,drop_decision_no_action,-1,-1,-1,veh6,0.0,False
6894,22.4131,CPM_DROP_PHY,699721698787,10,7.0,22.4131,drop_decision_no_action,-1,-1,-1,veh7,0.0,False
6894,22.4131,CPM_DROP_PHY,699721698787,10,8.0,22.4131,drop_decision_no_action,-1,-1,-1,veh8,0.0,False
6894,22.4131,CPM_DROP_PHY,699721698787,10,9.0,22.4131,drop_decision_no_action,-1,-1,-1,veh9,0.0,False
6909,22.4261,CAM_DROP_PHY,15717,4,10.0,22.4261,drop_decision_no_action,-1,-1,-1,veh10,0.0,False
6909,22.4261,CAM_DROP_PHY,15717,4,11.0,22.4261,drop_decision_no_action,-1,-1,-1,veh11,0.0,False
6909,22.4261,CAM_DROP_PHY,15717,4,12.0,22.4261,drop_decision_no_action,-1,-1,-1,veh12,0.0,False
6909,22.4261,CAM_DROP_PHY,15717,4,2.0,22.4261,drop_decision_no_action,-1,-1,-1,veh2,0.0,False
6909,22.4261,CAM_DROP_PHY,15717,4,3.0,22.4261,drop_decision_no_action,-1,-1,-1,veh3,0.0,False
6909,22.4261,CAM_DROP_PHY,15717,4,5.0,22.4261,drop_decision_no_action,-1,-1,-1,veh5,0.0,False
6909,22.4261,CAM_DROP_PHY,15717,4,6.0,22.4261,drop_decision_no_action,-1,-1,-1,veh6,0.0,False
6909,22.4261,CAM_DROP_PHY,15717,4,7.0,22.4261,drop_decision_no_action,-1,-1,-1,veh7,0.0,False
6909,22.4261,CAM_DROP_PHY,15717,4,8.0,22.4261,drop_decision_no_action,-1,-1,-1,veh8,0.0,False
6909,22.4261,CAM_DROP_PHY,15717,4,9.0,22.4261,drop_decision_no_action,-1,-1,-1,veh9,0.0,False
6915,22.4393,CPM_DROP_PHY,699721698804,5,10.0,22.4393,drop_decision_no_action,-1,-1,-1,veh10,0.0,False
6915,22.4393,CPM_DROP_PHY,699721698804,5,11.0,22.4393,drop_decision_no_action,-1,-1,-1,veh11,0.0,False
6915,22.4393,CPM_DROP_PHY,699721698804,5,12.0,22.4393,drop_decision_no_action,-1,-1,-1,veh12,0.0,False
6915,22.4393,CPM_DROP_PHY,699721698804,5,2.0,22.4393,drop_decision_no_action,-1,-1,-1,veh2,0.0,False
6915,22.4393,CPM_DROP_PHY,699721698804,5,3.0,22.4393,drop_decision_no_action,-1,-1,-1,veh3,0.0,False
6915,22.4393,CPM_DROP_PHY,699721698804,5,4.0,22.4393,drop_decision_no_action,-1,-1,-1,veh4,0.0,False
6915,22.4393,CPM_DROP_PHY,699721698804,5,6.0,22.4393,drop_decision_no_action,-1,-1,-1,veh6,0.0,False
6915,22.4393,CPM_DROP_PHY,699721698804,5,7.0,22.4393,drop_decision_no_action,-1,-1,-1,veh7,0.0,False
6915,22.4393,CPM_DROP_PHY,699721698804,5,8.0,22.4393,drop_decision_no_action,-1,-1,-1,veh8,0.0,False
6915,22.4393,CPM_DROP_PHY,699721698804,5,9.0,22.4393,drop_decision_no_action,-1,-1,-1,veh9,0.0,False
6930,22.4521,CAM_DROP_PHY,15735,3,10.0,22.4521,drop_decision_no_action,-1,-1,-1,veh10,0.0,False
6930,22.4521,CAM_DROP_PHY,15735,3,11.0,22.4521,drop_decision_no_action,-1,-1,-1,veh11,0.0,False
6930,22.4521,CAM_DROP_PHY,15735,3,12.0,22.4521,drop_decision_no_action,-1,-1,-1,veh12,0.0,False
6930,22.4521,CAM_DROP_PHY,15735,3,2.0,22.4521,drop_decision_no_action,-1,-1,-1,veh2,0.0,False
6930,22.4521,CAM_DROP_PHY,15735,3,4.0,22.4521,drop_decision_no_action,-1,-1,-1,veh4,0.0,False
6930,22.4521,CAM_DROP_PHY,15735,3,5.0,22.4521,drop_decision_no_action,-1,-1,-1,veh5,0.0,False
6930,22.4521,CAM_DROP_PHY,15735,3,6.0,22.4521,drop_decision_no_action,-1,-1,-1,veh6,0.0,False
6930,22.4521,CAM_DROP_PHY,15735,3,7.0,22.4521,drop_decision_no_action,-1,-1,-1,veh7,0.0,False
6930,22.4521,CAM_DROP_PHY,15735,3,8.0,22.4521,drop_decision_no_action,-1,-1,-1,veh8,0.0,False
6930,22.4521,CAM_DROP_PHY,15735,3,9.0,22.4521,drop_decision_no_action,-1,-1,-1,veh9,0.0,False
6933,22.4523,CPM_DROP_PHY,699721698822,7,10.0,22.4523,drop_decision_no_action,-1,-1,-1,veh10,0.0,False
6933,22.4523,CPM_DROP_PHY,699721698822,7,11.0,22.4523,drop_decision_no_action,-1,-1,-1,veh11,0.0,False
6933,22.4523,CPM_DROP_PHY,699721698822,7,2.0,22.4523,drop_decision_no_action,-1,-1,-1,veh2,0.0,False
6933,22.4523,CPM_DROP_PHY,699721698822,7,3.0,22.4523,drop_decision_no_action,-1,-1,-1,veh3,0.0,False
6933,22.4523,CPM_DROP_PHY,699721698822,7,4.0,22.4523,drop_decision_no_action,-1,-1,-1,veh4,0.0,False
6933,22.4523,CPM_DROP_PHY,699721698822,7,5.0,22.4523,drop_decision_no_action,-1,-1,-1,veh5,0.0,False
6933,22.4523,CPM_DROP_PHY,699721698822,7,6.0,22.4523,drop_decision_no_action,-1,-1,-1,veh6,0.0,False
6933,22.4523,CPM_DROP_PHY,699721698822,7,8.0,22.4523,drop_decision_no_action,-1,-1,-1,veh8,0.0,False
6933,22.4523,CPM_DROP_PHY,699721698822,7,9.0,22.4523,drop_decision_no_action,-1,-1,-1,veh9,0.0,False
6955,22.4598,CAM_DROP_PHY,15762,6,10.0,22.4598,drop_decision_no_action,-1,-1,-1,veh10,0.0,False
6955,22.4598,CAM_DROP_PHY,15762,6,12.0,22.4598,drop_decision_no_action,-1,-1,-1,veh12,0.0,False
6955,22.4598,CAM_DROP_PHY,15762,6,2.0,22.4598,drop_decision_no_action,-1,-1,-1,veh2,0.0,False
6955,22.4598,CAM_DROP_PHY,15762,6,3.0,22.4598,drop_decision_no_action,-1,-1,-1,veh3,0.0,False
6955,22.4598,CAM_DROP_PHY,15762,6,4.0,22.4598,drop_decision_no_action,-1,-1,-1,veh4,0.0,False
6955,22.4598,CAM_DROP_PHY,15762,6,5.0,22.4598,drop_decision_no_action,-1,-1,-1,veh5,0.0,False
6955,22.4598,CAM_DROP_PHY,15762,6,7.0,22.4598,drop_decision_no_action,-1,-1,-1,veh7,0.0,False
6955,22.4598,CAM_DROP_PHY,15762,6,8.0,22.4598,drop_decision_no_action,-1,-1,-1,veh8,0.0,False
6955,22.4598,CAM_DROP_PHY,15762,6,9.0,22.4598,drop_decision_no_action,-1,-1,-1,veh9,0.0,False
6955,22.4658,CAM_DROP_PHY,15762,6,11.0,22.4658,drop_decision_no_action,-1,-1,-1,veh11,0.0,False
6946,22.4688,CAM_DROP_PHY,15755,9,10.0,22.4688,drop_decision_no_action,-1,-1,-1,veh10,0.0,False
6946,22.4688,CPM_DROP_PHY,699721698855,9,10.0,22.4688,drop_decision_no_action,-1,-1,-1,veh10,0.0,False
6946,22.4688,CAM_DROP_PHY,15755,9,11.0,22.4688,drop_decision_no_action,-1,-1,-1,veh11,0.0,False
6946,22.4688,CPM_DROP_PHY,699721698855,9,11.0,22.4688,drop_decision_no_action,-1,-1,-1,veh11,0.0,False
6946,22.4688,CAM_DROP_PHY,15755,9,12.0,22.4688,drop_decision_no_action,-1,-1,-1,veh12,0.0,False
6946,22.4688,CPM_DROP_PHY,699721698855,9,12.0,22.4688,drop_decision_no_action,-1,-1,-1,veh12,0.0,False
6946,22.4688,CAM_DROP_PHY,15755,9,2.0,22.4688,drop_decision_no_action,-1,-1,-1,veh2,0.0,False
6946,22.4688,CPM_DROP_PHY,699721698855,9,2.0,22.4688,drop_decision_no_action,-1,-1,-1,veh2,0.0,False
6946,22.4688,CAM_DROP_PHY,15755,9,3.0,22.4688,drop_decision_no_action,-1,-1,-1,veh3,0.0,False
6946,22.4688,CPM_DROP_PHY,699721698855,9,3.0,22.4688,drop_decision_no_action,-1,-1,-1,veh3,0.0,False
6946,22.4688,CAM_DROP_PHY,15755,9,4.0,22.4688,drop_decision_no_action,-1,-1,-1,veh4,0.0,False
6946,22.4688,CPM_DROP_PHY,699721698855,9,4.0,22.4688,drop_decision_no_action,-1,-1,-1,veh4,0.0,False
6946,22.4688,CAM_DROP_PHY,15755,9,5.0,22.4688,drop_decision_no_action,-1,-1,-1,veh5,0.0,False
6946,22.4688,CPM_DROP_PHY,699721698855,9,5.0,22.4688,drop_decision_no_action,-1,-1,-1,veh5,0.0,False
6946,22.4688,CAM_DROP_PHY,15755,9,6.0,22.4688,drop_decision_no_action,-1,-1,-1,veh6,0.0,False
6946,22.4688,CPM_DROP_PHY,699721698855,9,6.0,22.4688,drop_decision_no_action,-1,-1,-1,veh6,0.0,False
6946,22.4688,CAM_DROP_PHY,15755,9,7.0,22.4688,drop_decision_no_action,-1,-1,-1,veh7,0.0,False
6946,22.4688,CPM_DROP_PHY,699721698855,9,7.0,22.4688,drop_decision_no_action,-1,-1,-1,veh7,0.0,False
6948,22.4716,CPM_DROP_PHY,699721698839,12,10.0,22.4716,drop_decision_no_action,-1,-1,-1,veh10,0.0,False
6948,22.4716,CPM_DROP_PHY,699721698839,12,11.0,22.4716,drop_decision_no_action,-1,-1,-1,veh11,0.0,False
6948,22.4716,CPM_DROP_PHY,699721698839,12,2.0,22.4716,drop_decision_no_action,-1,-1,-1,veh2,0.0,False
6948,22.4716,CPM_DROP_PHY,699721698839,12,3.0,22.4716,drop_decision_no_action,-1,-1,-1,veh3,0.0,False
6948,22.4716,CPM_DROP_PHY,699721698839,12,4.0,22.4716,drop_decision_no_action,-1,-1,-1,veh4,0.0,False
6948,22.4716,CPM_DROP_PHY,699721698839,12,5.0,22.4716,drop_decision_no_action,-1,-1,-1,veh5,0.0,False
6948,22.4716,CPM_DROP_PHY,699721698839,12,6.0,22.4716,drop_decision_no_action,-1,-1,-1,veh6,0.0,False
6948,22.4716,CPM_DROP_PHY,699721698839,12,7.0,22.4716,drop_decision_no_action,-1,-1,-1,veh7,0.0,False
6948,22.4716,CPM_DROP_PHY,699721698839,12,8.0,22.4716,drop_decision_no_action,-1,-1,-1,veh8,0.0,False
6948,22.4716,CPM_DROP_PHY,699721698839,12,9.0,22.4716,drop_decision_no_action,-1,-1,-1,veh9,0.0,False
6930,22.4721,CPM_DROP_PHY,699721698819,3,10.0,22.4521,drop_decision_no_action,-1,-1,-1,veh10,-0.019999999999999574,False
6930,22.4721,CPM_DROP_PHY,699721698819,3,11.0,22.4521,drop_decision_no_action,-1,-1,-1,veh11,-0.019999999999999574,False
6930,22.4721,CPM_DROP_PHY,699721698819,3,12.0,22.4521,drop_decision_no_action,-1,-1,-1,veh12,-0.019999999999999574,False
6930,22.4721,CPM_DROP_PHY,699721698819,3,2.0,22.4521,drop_decision_no_action,-1,-1,-1,veh2,-0.019999999999999574,False
6930,22.4721,CPM_DROP_PHY,699721698819,3,4.0,22.4521,drop_decision_no_action,-1,-1,-1,veh4,-0.019999999999999574,False
6930,22.4721,CPM_DROP_PHY,699721698819,3,5.0,22.4521,drop_decision_no_action,-1,-1,-1,veh5,-0.019999999999999574,False
6930,22.4721,CPM_DROP_PHY,699721698819,3,6.0,22.4521,drop_decision_no_action,-1,-1,-1,veh6,-0.019999999999999574,False
6930,22.4721,CPM_DROP_PHY,699721698819,3,7.0,22.4521,drop_decision_no_action,-1,-1,-1,veh7,-0.019999999999999574,False
6930,22.4721,CPM_DROP_PHY,699721698819,3,8.0,22.4521,drop_decision_no_action,-1,-1,-1,veh8,-0.019999999999999574,False
6930,22.4721,CPM_DROP_PHY,699721698819,3,9.0,22.4521,drop_decision_no_action,-1,-1,-1,veh9,-0.019999999999999574,False
6946,22.4791,CAM_DROP_PHY,15755,9,8.0,22.4791,drop_decision_no_action,-1,-1,-1,veh8,0.0,False
6946,22.4791,CPM_DROP_PHY,699721698855,9,8.0,22.4791,drop_decision_no_action,-1,-1,-1,veh8,0.0,False
6969,22.4798,CPM_DROP_PHY,699721698853,6,10.0,22.4798,drop_decision_no_action,-1,-1,-1,veh10,0.0,False
6969,22.4798,CPM_DROP_PHY,699721698853,6,11.0,22.4798,drop_decision_no_action,-1,-1,-1,veh11,0.0,False
6969,22.4798,CPM_DROP_PHY,699721698853,6,12.0,22.4798,drop_decision_no_action,-1,-1,-1,veh12,0.0,False
6969,22.4798,CPM_DROP_PHY,699721698853,6,2.0,22.4798,drop_decision_no_action,-1,-1,-1,veh2,0.0,False
6969,22.4798,CPM_DROP_PHY,699721698853,6,3.0,22.4798,drop_decision_no_action,-1,-1,-1,veh3,0.0,False
6969,22.4798,CPM_DROP_PHY,699721698853,6,4.0,22.4798,drop_decision_no_action,-1,-1,-1,veh4,0.0,False
6969,22.4798,CPM_DROP_PHY,699721698853,6,5.0,22.4798,drop_decision_no_action,-1,-1,-1,veh5,0.0,False
6969,22.4798,CPM_DROP_PHY,699721698853,6,7.0,22.4798,drop_decision_no_action,-1,-1,-1,veh7,0.0,False
6969,22.4798,CPM_DROP_PHY,699721698853,6,8.0,22.4798,drop_decision_no_action,-1,-1,-1,veh8,0.0,False
6969,22.4798,CPM_DROP_PHY,699721698853,6,9.0,22.4798,drop_decision_no_action,-1,-1,-1,veh9,0.0,False
6982,22.4861,CPM_DROP_PHY,699721698861,4,10.0,22.4861,drop_decision_no_action,-1,-1,-1,veh10,0.0,False
6982,22.4861,CPM_DROP_PHY,699721698861,4,11.0,22.4861,drop_decision_no_action,-1,-1,-1,veh11,0.0,False
6982,22.4861,CPM_DROP_PHY,699721698861,4,12.0,22.4861,drop_decision_no_action,-1,-1,-1,veh12,0.0,False
6982,22.4861,CPM_DROP_PHY,699721698861,4,2.0,22.4861,drop_decision_no_action,-1,-1,-1,veh2,0.0,False
6982,22.4861,CPM_DROP_PHY,699721698861,4,3.0,22.4861,drop_decision_no_action,-1,-1,-1,veh3,0.0,False
6982,22.4861,CPM_DROP_PHY,699721698861,4,5.0,22.4861,drop_decision_no_action,-1,-1,-1,veh5,0.0,False
6982,22.4861,CPM_DROP_PHY,699721698861,4,6.0,22.4861,drop_decision_no_action,-1,-1,-1,veh6,0.0,False
6982,22.4861,CPM_DROP_PHY,699721698861,4,7.0,22.4861,drop_decision_no_action,-1,-1,-1,veh7,0.0,False
6982,22.4861,CPM_DROP_PHY,699721698861,4,8.0,22.4861,drop_decision_no_action,-1,-1,-1,veh8,0.0,False
6982,22.4861,CPM_DROP_PHY,699721698861,4,9.0,22.4861,drop_decision_no_action,-1,-1,-1,veh9,0.0,False
7008,22.4931,CAM_DROP_PHY,15796,10,11.0,22.4931,drop_decision_no_action,-1,-1,-1,veh11,0.0,False
7008,22.4931,CAM_DROP_PHY,15796,10,12.0,22.4931,drop_decision_no_action,-1,-1,-1,veh12,0.0,False
7008,22.4931,CAM_DROP_PHY,15796,10,3.0,22.4931,drop_decision_no_action,-1,-1,-1,veh3,0.0,False
7008,22.4931,CAM_DROP_PHY,15796,10,4.0,22.4931,drop_decision_no_action,-1,-1,-1,veh4,0.0,False
7008,22.4931,CAM_DROP_PHY,15796,10,5.0,22.4931,drop_decision_no_action,-1,-1,-1,veh5,0.0,False
7008,22.4931,CAM_DROP_PHY,15796,10,6.0,22.4931,drop_decision_no_action,-1,-1,-1,veh6,0.0,False
7008,22.4931,CAM_DROP_PHY,15796,10,7.0,22.4931,drop_decision_no_action,-1,-1,-1,veh7,0.0,False
7008,22.4931,CAM_DROP_PHY,15796,10,8.0,22.4931,drop_decision_no_action,-1,-1,-1,veh8,0.0,False
7008,22.4931,CAM_DROP_PHY,15796,10,9.0,22.4931,drop_decision_no_action,-1,-1,-1,veh9,0.0,False
7008,22.5001,CAM_DROP_PHY,15796,10,2.0,22.5001,drop_decision_no_action,-1,-1,-1,veh2,0.0,False
7039,22.5076,CPM_DROP_PHY,699721698891,11,10.0,22.5076,drop_decision_no_action,-1,-1,-1,veh10,0.0,False
7039,22.5076,CAM_DROP_PHY,15817,11,10.0,22.5076,drop_decision_no_action,-1,-1,-1,veh10,0.0,False
7039,22.5076,CPM_DROP_PHY,699721698891,11,12.0,22.5076,drop_decision_no_action,-1,-1,-1,veh12,0.0,False
7039,22.5076,CAM_DROP_PHY,15817,11,12.0,22.5076,drop_decision_no_action,-1,-1,-1,veh12,0.0,False
7039,22.5076,CPM_DROP_PHY,699721698891,11,2.0,22.5076,drop_decision_no_action,-1,-1,-1,veh2,0.0,False
7039,22.5076,CAM_DROP_PHY,15817,11,2.0,22.5076,drop_decision_no_action,-1,-1,-1,veh2,0.0,False
7039,22.5076,CPM_DROP_PHY,699721698891,11,3.0,22.5076,drop_decision_no_action,-1,-1,-1,veh3,0.0,False
7039,22.5076,CAM_DROP_PHY,15817,11,3.0,22.5076,drop_decision_no_action,-1,-1,-1,veh3,0.0,False
7039,22.5076,CPM_DROP_PHY,699721698891,11,4.0,22.5076,drop_decision_no_action,-1,-1,-1,veh4,0.0,False
7039,22.5076,CAM_DROP_PHY,15817,11,4.0,22.5076,drop_decision_no_action,-1,-1,-1,veh4,0.0,False
7039,22.5076,CPM_DROP_PHY,699721698891,11,5.0,22.5076,drop_decision_no_action,-1,-1,-1,veh5,0.0,False
7039,22.5076,CAM_DROP_PHY,15817,11,5.0,22.5076,drop_decision_no_action,-1,-1,-1,veh5,0.0,False
7039,22.5076,CPM_DROP_PHY,699721698891,11,6.0,22.5076,drop_decision_no_action,-1,-1,-1,veh6,0.0,False
7039,22.5076,CAM_DROP_PHY,15817,11,6.0,22.5076,drop_decision_no_action,-1,-1,-1,veh6,0.0,False
7039,22.5076,CPM_DROP_PHY,699721698891,11,7.0,22.5076,drop_decision_no_action,-1,-1,-1,veh7,0.0,False
7039,22.5076,CAM_DROP_PHY,15817,11,7.0,22.5076,drop_decision_no_action,-1,-1,-1,veh7,0.0,False
7039,22.5076,CPM_DROP_PHY,699721698891,11,8.0,22.5076,drop_decision_no_action,-1,-1,-1,veh8,0.0,False
7039,22.5076,CAM_DROP_PHY,15817,11,8.0,22.5076,drop_decision_no_action,-1,-1,-1,veh8,0.0,False
7039,22.5076,CPM_DROP_PHY,699721698891,11,9.0,22.5076,drop_decision_no_action,-1,-1,-1,veh9,0.0,False
7039,22.5076,CAM_DROP_PHY,15817,11,9.0,22.5076,drop_decision_no_action,-1,-1,-1,veh9,0.0,False
7056,22.5131,CPM_DROP_PHY,699721698967,10,11.0,22.5131,drop_decision_no_action,-1,-1,-1,veh11,0.0,False
7056,22.5131,CPM_DROP_PHY,699721698967,10,12.0,22.5131,drop_decision_no_action,-1,-1,-1,veh12,0.0,False
7056,22.5131,CPM_DROP_PHY,699721698967,10,3.0,22.5131,drop_decision_no_action,-1,-1,-1,veh3,0.0,False
7056,22.5131,CPM_DROP_PHY,699721698967,10,4.0,22.5131,drop_decision_no_action,-1,-1,-1,veh4,0.0,False
7056,22.5131,CPM_DROP_PHY,699721698967,10,5.0,22.5131,drop_decision_no_action,-1,-1,-1,veh5,0.0,False
7056,22.5131,CPM_DROP_PHY,699721698967,10,6.0,22.5131,drop_decision_no_action,-1,-1,-1,veh6,0.0,False
7056,22.5131,CPM_DROP_PHY,699721698967,10,7.0,22.5131,drop_decision_no_action,-1,-1,-1,veh7,0.0,False
7056,22.5131,CPM_DROP_PHY,699721698967,10,8.0,22.5131,drop_decision_no_action,-1,-1,-1,veh8,0.0,False
7056,22.5131,CPM_DROP_PHY,699721698967,10,9.0,22.5131,drop_decision_no_action,-1,-1,-1,veh9,0.0,False
7052,22.5193,CAM_DROP_PHY,15883,5,10.0,22.5193,drop_decision_no_action,-1,-1,-1,veh10,0.0,False
7052,22.5193,CAM_DROP_PHY,15883,5,11.0,22.5193,drop_decision_no_action,-1,-1,-1,veh11,0.0,False
7052,22.5193,CAM_DROP_PHY,15883,5,12.0,22.5193,cam_drop_reaction,0,0,8,veh12,0.0,False
7052,22.5193,CAM_DROP_PHY,15883,5,2.0,22.5193,drop_decision_no_action,-1,-1,-1,veh2,0.0,False
7052,22.5193,CAM_DROP_PHY,15883,5,3.0,22.5193,cam_drop_reaction,0,0,15,veh3,0.0,False
7052,22.5193,CAM_DROP_PHY,15883,5,4.0,22.5193,cam_drop_reaction,0,0,15,veh4,0.0,False
7052,22.5193,CAM_DROP_PHY,15883,5,6.0,22.5193,cam_drop_reaction,0,0,15,veh6,0.0,False
7052,22.5193,CAM_DROP_PHY,15883,5,7.0,22.5193,cam_drop_reaction,0,0,15,veh7,0.0,False
7052,22.5193,CAM_DROP_PHY,15883,5,8.0,22.5193,cam_drop_reaction,0,0,15,veh8,0.0,False
7052,22.5193,CAM_DROP_PHY,15883,5,9.0,22.5193,cam_drop_reaction,1,0,45,veh9,0.0,True
7056,22.5201,CPM_DROP_PHY,699721698967,10,2.0,22.5201,drop_decision_no_action,-1,-1,-1,veh2,0.0,False
7080,22.5393,CPM_DROP_PHY,699721699008,5,10.0,22.5393,drop_decision_no_action,-1,-1,-1,veh10,0.0,False
7080,22.5393,CPM_DROP_PHY,699721699008,5,11.0,22.5393,cpm_drop_reaction,1,0,24,veh11,0.0,True
7080,22.5393,CPM_DROP_PHY,699721699008,5,12.0,22.5393,drop_decision_no_action,-1,-1,-1,veh12,0.0,False
7080,22.5393,CPM_DROP_PHY,699721699008,5,2.0,22.5393,drop_decision_no_action,-1,-1,-1,veh2,0.0,False
7080,22.5393,CPM_DROP_PHY,699721699008,5,3.0,22.5393,drop_decision_no_action,-1,-1,-1,veh3,0.0,False
7080,22.5393,CPM_DROP_PHY,699721699008,5,4.0,22.5393,drop_decision_no_action,-1,-1,-1,veh4,0.0,False
7080,22.5393,CPM_DROP_PHY,699721699008,5,6.0,22.5393,drop_decision_no_action,-1,-1,-1,veh6,0.0,False
7080,22.5393,CPM_DROP_PHY,699721699008,5,7.0,22.5393,drop_decision_no_action,-1,-1,-1,veh7,0.0,False
7080,22.5393,CPM_DROP_PHY,699721699008,5,8.0,22.5393,drop_decision_no_action,-1,-1,-1,veh8,0.0,False
7080,22.5393,CPM_DROP_PHY,699721699008,5,9.0,22.5393,drop_decision_no_action,-1,-1,-1,veh9,0.0,False
7087,22.5408,CAM_DROP_PHY,15936,8,10.0,22.5408,drop_decision_no_action,-1,-1,-1,veh10,0.0,False
7087,22.5408,CAM_DROP_PHY,15936,8,11.0,22.5408,drop_decision_no_action,-1,-1,-1,veh11,0.0,False
7087,22.5408,CAM_DROP_PHY,15936,8,12.0,22.5408,drop_decision_no_action,-1,-1,-1,veh12,0.0,False
7087,22.5408,CAM_DROP_PHY,15936,8,2.0,22.5408,drop_decision_no_action,-1,-1,-1,veh2,0.0,False
7087,22.5408,CAM_DROP_PHY,15936,8,3.0,22.5408,drop_decision_no_action,-1,-1,-1,veh3,0.0,False
7087,22.5408,CAM_DROP_PHY,15936,8,4.0,22.5408,drop_decision_no_action,-1,-1,-1,veh4,0.0,False
7087,22.5408,CAM_DROP_PHY,15936,8,6.0,22.5408,drop_decision_no_action,-1,-1,-1,veh6,0.0,False
7087,22.5408,CAM_DROP_PHY,15936,8,7.0,22.5408,drop_decision_no_action,-1,-1,-1,veh7,0.0,False
7087,22.5408,CAM_DROP_PHY,15936,8,9.0,22.5408,drop_decision_no_action,-1,-1,-1,veh9,0.0,False
7093,22.5521,CPM_DROP_PHY,699721699022,3,10.0,22.5521,drop_decision_no_action,-1,-1,-1,veh10,0.0,False
7093,22.5521,CPM_DROP_PHY,699721699022,3,11.0,22.5521,drop_decision_no_action,-1,-1,-1,veh11,0.0,False
7093,22.5521,CPM_DROP_PHY,699721699022,3,12.0,22.5521,drop_decision_no_action,-1,-1,-1,veh12,0.0,False
7093,22.5521,CPM_DROP_PHY,699721699022,3,2.0,22.5521,drop_decision_no_action,-1,-1,-1,veh2,0.0,False
7093,22.5521,CPM_DROP_PHY,699721699022,3,4.0,22.5521,drop_decision_no_action,-1,-1,-1,veh4,0.0,False
7093,22.5521,CPM_DROP_PHY,699721699022,3,5.0,22.5521,cpm_drop_reaction,0,0,15,veh5,0.0,False
7093,22.5521,CPM_DROP_PHY,699721699022,3,6.0,22.5521,drop_decision_no_action,-1,-1,-1,veh6,0.0,False
7093,22.5521,CPM_DROP_PHY,699721699022,3,7.0,22.5521,drop_decision_no_action,-1,-1,-1,veh7,0.0,False
7093,22.5521,CPM_DROP_PHY,699721699022,3,8.0,22.5521,drop_decision_no_action,-1,-1,-1,veh8,0.0,False
7093,22.5521,CPM_DROP_PHY,699721699022,3,9.0,22.5521,drop_decision_no_action,-1,-1,-1,veh9,0.0,False
7094,22.5523,CPM_DROP_PHY,699721699025,7,10.0,22.5523,drop_decision_no_action,-1,-1,-1,veh10,0.0,False
7094,22.5523,CPM_DROP_PHY,699721699025,7,11.0,22.5523,drop_decision_no_action,-1,-1,-1,veh11,0.0,False
6933,22.5523,CPM_DROP_PHY,699721698822,7,12.0,22.5523,drop_decision_no_action,-1,-1,-1,veh12,0.0,False
7094,22.5523,CPM_DROP_PHY,699721699025,7,12.0,22.5523,drop_decision_no_action,-1,-1,-1,veh12,0.0,False
7094,22.5523,CPM_DROP_PHY,699721699025,7,2.0,22.5523,drop_decision_no_action,-1,-1,-1,veh2,0.0,False
7094,22.5523,CPM_DROP_PHY,699721699025,7,3.0,22.5523,drop_decision_no_action,-1,-1,-1,veh3,0.0,False
7094,22.5523,CPM_DROP_PHY,699721699025,7,4.0,22.5523,drop_decision_no_action,-1,-1,-1,veh4,0.0,False
7094,22.5523,CPM_DROP_PHY,699721699025,7,5.0,22.5523,drop_decision_no_action,-1,-1,-1,veh5,0.0,False
7094,22.5523,CPM_DROP_PHY,699721699025,7,6.0,22.5523,drop_decision_no_action,-1,-1,-1,veh6,0.0,False
7094,22.5523,CPM_DROP_PHY,699721699025,7,8.0,22.5523,drop_decision_no_action,-1,-1,-1,veh8,0.0,False
7094,22.5523,CPM_DROP_PHY,699721699025,7,9.0,22.5523,drop_decision_no_action,-1,-1,-1,veh9,0.0,False
7122,22.5598,CAM_DROP_PHY,15964,6,10.0,22.5598,cam_drop_reaction,0,0,8,veh10,0.0,False
7122,22.5598,CAM_DROP_PHY,15964,6,11.0,22.5598,drop_decision_no_action,-1,-1,-1,veh11,0.0,False
7122,22.5598,CAM_DROP_PHY,15964,6,12.0,22.5598,drop_decision_no_action,-1,-1,-1,veh12,0.0,False
7122,22.5598,CAM_DROP_PHY,15964,6,2.0,22.5598,drop_decision_no_action,-1,-1,-1,veh2,0.0,False
7122,22.5598,CAM_DROP_PHY,15964,6,3.0,22.5598,drop_decision_no_action,-1,-1,-1,veh3,0.0,False
7122,22.5598,CAM_DROP_PHY,15964,6,4.0,22.5598,drop_decision_no_action,-1,-1,-1,veh4,0.0,False
7122,22.5598,CAM_DROP_PHY,15964,6,5.0,22.5598,drop_decision_no_action,-1,-1,-1,veh5,0.0,False
7122,22.5598,CAM_DROP_PHY,15964,6,7.0,22.5598,drop_decision_no_action,-1,-1,-1,veh7,0.0,False
7122,22.5598,CAM_DROP_PHY,15964,6,8.0,22.5598,drop_decision_no_action,-1,-1,-1,veh8,0.0,False
7122,22.5598,CAM_DROP_PHY,15964,6,9.0,22.5598,drop_decision_no_action,-1,-1,-1,veh9,0.0,False
7138,22.5688,CPM_DROP_PHY,699721699060,9,10.0,22.5688,drop_decision_no_action,-1,-1,-1,veh10,0.0,False
7138,22.5688,CPM_DROP_PHY,699721699060,9,11.0,22.5688,drop_decision_no_action,-1,-1,-1,veh11,0.0,False
7138,22.5688,CPM_DROP_PHY,699721699060,9,12.0,22.5688,drop_decision_no_action,-1,-1,-1,veh12,0.0,False
7138,22.5688,CPM_DROP_PHY,699721699060,9,2.0,22.5688,drop_decision_no_action,-1,-1,-1,veh2,0.0,False
7138,22.5688,CPM_DROP_PHY,699721699060,9,3.0,22.5688,drop_decision_no_action,-1,-1,-1,veh3,0.0,False
7138,22.5688,CPM_DROP_PHY,699721699060,9,4.0,22.5688,drop_decision_no_action,-1,-1,-1,veh4,0.0,False
7138,22.5688,CPM_DROP_PHY,699721699060,9,5.0,22.5688,drop_decision_no_action,-1,-1,-1,veh5,0.0,False
7138,22.5688,CPM_DROP_PHY,699721699060,9,6.0,22.5688,drop_decision_no_action,-1,-1,-1,veh6,0.0,False
7138,22.5688,CPM_DROP_PHY,699721699060,9,7.0,22.5688,drop_decision_no_action,-1,-1,-1,veh7,0.0,False
7138,22.5688,CPM_DROP_PHY,699721699060,9,8.0,22.5688,drop_decision_no_action,-1,-1,-1,veh8,0.0,False
7115,22.5716,CPM_DROP_PHY,699721699041,12,10.0,22.5716,drop_decision_no_action,-1,-1,-1,veh10,0.0,False
7115,22.5716,CPM_DROP_PHY,699721699041,12,11.0,22.5716,drop_decision_no_action,-1,-1,-1,veh11,0.0,False
7115,22.5716,CPM_DROP_PHY,699721699041,12,2.0,22.5716,drop_decision_no_action,-1,-1,-1,veh2,0.0,False
7115,22.5716,CPM_DROP_PHY,699721699041,12,3.0,22.5716,drop_decision_no_action,-1,-1,-1,veh3,0.0,False
7115,22.5716,CPM_DROP_PHY,699721699041,12,4.0,22.5716,drop_decision_no_action,-1,-1,-1,veh4,0.0,False
7115,22.5716,CPM_DROP_PHY,699721699041,12,5.0,22.5716,drop_decision_no_action,-1,-1,-1,veh5,0.0,False
7115,22.5716,CPM_DROP_PHY,699721699041,12,6.0,22.5716,drop_decision_no_action,-1,-1,-1,veh6,0.0,False
7115,22.5716,CPM_DROP_PHY,699721699041,12,7.0,22.5716,drop_decision_no_action,-1,-1,-1,veh7,0.0,False
7115,22.5716,CPM_DROP_PHY,699721699041,12,8.0,22.5716,drop_decision_no_action,-1,-1,-1,veh8,0.0,False
7115,22.5716,CPM_DROP_PHY,699721699041,12,9.0,22.5716,drop_decision_no_action,-1,-1,-1,veh9,0.0,False
7137,22.5798,CPM_DROP_PHY,699721699057,6,10.0,22.5798,drop_decision_no_action,-1,-1,-1,veh10,0.0,False
7137,22.5798,CPM_DROP_PHY,699721699057,6,11.0,22.5798,drop_decision_no_action,-1,-1,-1,veh11,0.0,False
7137,22.5798,CPM_DROP_PHY,699721699057,6,12.0,22.5798,drop_decision_no_action,-1,-1,-1,veh12,0.0,False
7137,22.5798,CPM_DROP_PHY,699721699057,6,2.0,22.5798,drop_decision_no_action,-1,-1,-1,veh2,0.0,False
7137,22.5798,CPM_DROP_PHY,699721699057,6,3.0,22.5798,drop_decision_no_action,-1,-1,-1,veh3,0.0,False
7137,22.5798,CPM_DROP_PHY,699721699057,6,4.0,22.5798,drop_decision_no_action,-1,-1,-1,veh4,0.0,False
7137,22.5798,CPM_DROP_PHY,699721699057,6,5.0,22.5798,drop_decision_no_action,-1,-1,-1,veh5,0.0,False
7137,22.5798,CPM_DROP_PHY,699721699057,6,7.0,22.5798,drop_decision_no_action,-1,-1,-1,veh7,0.0,False
7137,22.5798,CPM_DROP_PHY,699721699057,6,8.0,22.5798,drop_decision_no_action,-1,-1,-1,veh8,0.0,False
7137,22.5798,CPM_DROP_PHY,699721699057,6,9.0,22.5798,drop_decision_no_action,-1,-1,-1,veh9,0.0,False
7150,22.5861,CPM_DROP_PHY,699721699067,4,10.0,22.5861,drop_decision_no_action,-1,-1,-1,veh10,0.0,False
7150,22.5861,CPM_DROP_PHY,699721699067,4,11.0,22.5861,drop_decision_no_action,-1,-1,-1,veh11,0.0,False
7150,22.5861,CPM_DROP_PHY,699721699067,4,12.0,22.5861,drop_decision_no_action,-1,-1,-1,veh12,0.0,False
7150,22.5861,CPM_DROP_PHY,699721699067,4,2.0,22.5861,drop_decision_no_action,-1,-1,-1,veh2,0.0,False
7150,22.5861,CPM_DROP_PHY,699721699067,4,3.0,22.5861,drop_decision_no_action,-1,-1,-1,veh3,0.0,False
7150,22.5861,CPM_DROP_PHY,699721699067,4,5.0,22.5861,drop_decision_no_action,-1,-1,-1,veh5,0.0,False
7150,22.5861,CPM_DROP_PHY,699721699067,4,6.0,22.5861,drop_decision_no_action,-1,-1,-1,veh6,0.0,False
7150,22.5861,CPM_DROP_PHY,699721699067,4,7.0,22.5861,drop_decision_no_action,-1,-1,-1,veh7,0.0,False
7150,22.5861,CPM_DROP_PHY,699721699067,4,8.0,22.5861,drop_decision_no_action,-1,-1,-1,veh8,0.0,False
7150,22.5861,CPM_DROP_PHY,699721699067,4,9.0,22.5861,drop_decision_no_action,-1,-1,-1,veh9,0.0,False
7197,22.6056,CAM_DROP_PHY,16018,2,10.0,22.6056,drop_decision_no_action,-1,-1,-1,veh10,0.0,False
7197,22.6056,CAM_DROP_PHY,16018,2,11.0,22.6056,drop_decision_no_action,-1,-1,-1,veh11,0.0,False
7197,22.6056,CAM_DROP_PHY,16018,2,12.0,22.6056,drop_decision_no_action,-1,-1,-1,veh12,0.0,False
7197,22.6056,CAM_DROP_PHY,16018,2,3.0,22.6056,drop_decision_no_action,-1,-1,-1,veh3,0.0,False
7197,22.6056,CAM_DROP_PHY,16018,2,4.0,22.6056,drop_decision_no_action,-1,-1,-1,veh4,0.0,False
7197,22.6056,CAM_DROP_PHY,16018,2,5.0,22.6056,drop_decision_no_action,-1,-1,-1,veh5,0.0,False
7197,22.6056,CAM_DROP_PHY,16018,2,6.0,22.6056,drop_decision_no_action,-1,-1,-1,veh6,0.0,False
7197,22.6056,CAM_DROP_PHY,16018,2,7.0,22.6056,drop_decision_no_action,-1,-1,-1,veh7,0.0,False
7197,22.6056,CAM_DROP_PHY,16018,2,8.0,22.6056,drop_decision_no_action,-1,-1,-1,veh8,0.0,False
7197,22.6056,CAM_DROP_PHY,16018,2,9.0,22.6056,drop_decision_no_action,-1,-1,-1,veh9,0.0,False
7196,22.6076,CPM_DROP_PHY,699721699093,11,10.0,22.6076,drop_decision_no_action,-1,-1,-1,veh10,0.0,False
7196,22.6076,CPM_DROP_PHY,699721699093,11,12.0,22.6076,drop_decision_no_action,-1,-1,-1,veh12,0.0,False
7196,22.6076,CPM_DROP_PHY,699721699093,11,2.0,22.6076,drop_decision_no_action,-1,-1,-1,veh2,0.0,False
7196,22.6076,CPM_DROP_PHY,699721699093,11,3.0,22.6076,drop_decision_no_action,-1,-1,-1,veh3,0.0,False
7196,22.6076,CPM_DROP_PHY,699721699093,11,4.0,22.6076,drop_decision_no_action,-1,-1,-1,veh4,0.0,False
7196,22.6076,CPM_DROP_PHY,699721699093,11,5.0,22.6076,drop_decision_no_action,-1,-1,-1,veh5,0.0,False
7196,22.6076,CPM_DROP_PHY,699721699093,11,6.0,22.6076,drop_decision_no_action,-1,-1,-1,veh6,0.0,False
7196,22.6076,CPM_DROP_PHY,699721699093,11,7.0,22.6076,drop_decision_no_action,-1,-1,-1,veh7,0.0,False
7196,22.6076,CPM_DROP_PHY,699721699093,11,8.0,22.6076,drop_decision_no_action,-1,-1,-1,veh8,0.0,False
7196,22.6076,CPM_DROP_PHY,699721699093,11,9.0,22.6076,drop_decision_no_action,-1,-1,-1,veh9,0.0,False
7202,22.6116,CAM_DROP_PHY,16085,12,10.0,22.6116,drop_decision_no_action,-1,-1,-1,veh10,0.0,False
7202,22.6116,CAM_DROP_PHY,16085,12,11.0,22.6116,drop_decision_no_action,-1,-1,-1,veh11,0.0,False
7202,22.6116,CAM_DROP_PHY,16085,12,2.0,22.6116,drop_decision_no_action,-1,-1,-1,veh2,0.0,False
7202,22.6116,CAM_DROP_PHY,16085,12,3.0,22.6116,drop_decision_no_action,-1,-1,-1,veh3,0.0,False
7202,22.6116,CAM_DROP_PHY,16085,12,4.0,22.6116,drop_decision_no_action,-1,-1,-1,veh4,0.0,False
7202,22.6116,CAM_DROP_PHY,16085,12,5.0,22.6116,drop_decision_no_action,-1,-1,-1,veh5,0.0,False
7202,22.6116,CAM_DROP_PHY,16085,12,6.0,22.6116,drop_decision_no_action,-1,-1,-1,veh6,0.0,False
7202,22.6116,CAM_DROP_PHY,16085,12,7.0,22.6116,drop_decision_no_action,-1,-1,-1,veh7,0.0,False
7202,22.6116,CAM_DROP_PHY,16085,12,8.0,22.6116,drop_decision_no_action,-1,-1,-1,veh8,0.0,False
7202,22.6116,CAM_DROP_PHY,16085,12,9.0,22.6116,drop_decision_no_action,-1,-1,-1,veh9,0.0,False
7212,22.6236,CPM_DROP_PHY,699721699173,10,11.0,22.6236,drop_decision_no_action,-1,-1,-1,veh11,0.0,False
7212,22.6236,CPM_DROP_PHY,699721699173,10,12.0,22.6236,drop_decision_no_action,-1,-1,-1,veh12,0.0,False
7212,22.6236,CPM_DROP_PHY,699721699173,10,2.0,22.6236,drop_decision_no_action,-1,-1,-1,veh2,0.0,False
7212,22.6236,CPM_DROP_PHY,699721699173,10,3.0,22.6236,drop_decision_no_action,-1,-1,-1,veh3,0.0,False
7212,22.6236,CPM_DROP_PHY,699721699173,10,4.0,22.6236,drop_decision_no_action,-1,-1,-1,veh4,0.0,False
7212,22.6236,CPM_DROP_PHY,699721699173,10,5.0,22.6236,drop_decision_no_action,-1,-1,-1,veh5,0.0,False
7212,22.6236,CPM_DROP_PHY,699721699173,10,6.0,22.6236,drop_decision_no_action,-1,-1,-1,veh6,0.0,False
7212,22.6236,CPM_DROP_PHY,699721699173,10,7.0,22.6236,drop_decision_no_action,-1,-1,-1,veh7,0.0,False
7212,22.6236,CPM_DROP_PHY,699721699173,10,8.0,22.6236,drop_decision_no_action,-1,-1,-1,veh8,0.0,False
7212,22.6236,CPM_DROP_PHY,699721699173,10,9.0,22.6236,drop_decision_no_action,-1,-1,-1,veh9,0.0,False
7231,22.6261,CAM_DROP_PHY,16104,4,10.0,22.6261,drop_decision_no_action,-1,-1,-1,veh10,0.0,False
7231,22.6261,CAM_DROP_PHY,16104,4,11.0,22.6261,drop_decision_no_action,-1,-1,-1,veh11,0.0,False
7231,22.6261,CAM_DROP_PHY,16104,4,12.0,22.6261,drop_decision_no_action,-1,-1,-1,veh12,0.0,False
7231,22.6261,CAM_DROP_PHY,16104,4,2.0,22.6261,drop_decision_no_action,-1,-1,-1,veh2,0.0,False
7231,22.6261,CAM_DROP_PHY,16104,4,3.0,22.6261,drop_decision_no_action,-1,-1,-1,veh3,0.0,False
7231,22.6261,CAM_DROP_PHY,16104,4,5.0,22.6261,drop_decision_no_action,-1,-1,-1,veh5,0.0,False
7231,22.6261,CAM_DROP_PHY,16104,4,6.0,22.6261,drop_decision_no_action,-1,-1,-1,veh6,0.0,False
7231,22.6261,CAM_DROP_PHY,16104,4,7.0,22.6261,drop_decision_no_action,-1,-1,-1,veh7,0.0,False
7231,22.6261,CAM_DROP_PHY,16104,4,8.0,22.6261,drop_decision_no_action,-1,-1,-1,veh8,0.0,False
7231,22.6261,CAM_DROP_PHY,16104,4,9.0,22.6261,drop_decision_no_action,-1,-1,-1,veh9,0.0,False
7237,22.6393,CPM_DROP_PHY,699721699191,5,10.0,22.6393,drop_decision_no_action,-1,-1,-1,veh10,0.0,False
7237,22.6393,CPM_DROP_PHY,699721699191,5,11.0,22.6393,drop_decision_no_action,-1,-1,-1,veh11,0.0,False
7237,22.6393,CPM_DROP_PHY,699721699191,5,12.0,22.6393,drop_decision_no_action,-1,-1,-1,veh12,0.0,False
7237,22.6393,CPM_DROP_PHY,699721699191,5,2.0,22.6393,drop_decision_no_action,-1,-1,-1,veh2,0.0,False
7237,22.6393,CPM_DROP_PHY,699721699191,5,3.0,22.6393,drop_decision_no_action,-1,-1,-1,veh3,0.0,False
7237,22.6393,CPM_DROP_PHY,699721699191,5,4.0,22.6393,drop_decision_no_action,-1,-1,-1,veh4,0.0,False
7237,22.6393,CPM_DROP_PHY,699721699191,5,6.0,22.6393,drop_decision_no_action,-1,-1,-1,veh6,0.0,False
7237,22.6393,CPM_DROP_PHY,699721699191,5,7.0,22.6393,drop_decision_no_action,-1,-1,-1,veh7,0.0,False
7237,22.6393,CPM_DROP_PHY,699721699191,5,8.0,22.6393,drop_decision_no_action,-1,-1,-1,veh8,0.0,False
7237,22.6393,CPM_DROP_PHY,699721699191,5,9.0,22.6393,drop_decision_no_action,-1,-1,-1,veh9,0.0,False
7258,22.6521,CAM_DROP_PHY,16122,3,10.0,22.6521,drop_decision_no_action,-1,-1,-1,veh10,0.0,False
7258,22.6521,CAM_DROP_PHY,16122,3,11.0,22.6521,drop_decision_no_action,-1,-1,-1,veh11,0.0,False
7258,22.6521,CAM_DROP_PHY,16122,3,12.0,22.6521,drop_decision_no_action,-1,-1,-1,veh12,0.0,False
7258,22.6521,CAM_DROP_PHY,16122,3,2.0,22.6521,drop_decision_no_action,-1,-1,-1,veh2,0.0,False
7258,22.6521,CAM_DROP_PHY,16122,3,4.0,22.6521,drop_decision_no_action,-1,-1,-1,veh4,0.0,False
7258,22.6521,CAM_DROP_PHY,16122,3,5.0,22.6521,drop_decision_no_action,-1,-1,-1,veh5,0.0,False
7258,22.6521,CAM_DROP_PHY,16122,3,6.0,22.6521,drop_decision_no_action,-1,-1,-1,veh6,0.0,False
7258,22.6521,CAM_DROP_PHY,16122,3,7.0,22.6521,drop_decision_no_action,-1,-1,-1,veh7,0.0,False
7258,22.6521,CAM_DROP_PHY,16122,3,8.0,22.6521,drop_decision_no_action,-1,-1,-1,veh8,0.0,False
7258,22.6521,CAM_DROP_PHY,16122,3,9.0,22.6521,drop_decision_no_action,-1,-1,-1,veh9,0.0,False
7261,22.6523,CPM_DROP_PHY,699721699209,7,10.0,22.6523,drop_decision_no_action,-1,-1,-1,veh10,0.0,False
7261,22.6523,CPM_DROP_PHY,699721699209,7,11.0,22.6523,drop_decision_no_action,-1,-1,-1,veh11,0.0,False
7261,22.6523,CPM_DROP_PHY,699721699209,7,12.0,22.6523,drop_decision_no_action,-1,-1,-1,veh12,0.0,False
7261,22.6523,CPM_DROP_PHY,699721699209,7,2.0,22.6523,drop_decision_no_action,-1,-1,-1,veh2,0.0,False
7261,22.6523,CPM_DROP_PHY,699721699209,7,3.0,22.6523,drop_decision_no_action,-1,-1,-1,veh3,0.0,False
7261,22.6523,CPM_DROP_PHY,699721699209,7,4.0,22.6523,drop_decision_no_action,-1,-1,-1,veh4,0.0,False
7261,22.6523,CPM_DROP_PHY,699721699209,7,5.0,22.6523,drop_decision_no_action,-1,-1,-1,veh5,0.0,False
7261,22.6523,CPM_DROP_PHY,699721699209,7,6.0,22.6523,drop_decision_no_action,-1,-1,-1,veh6,0.0,False
7261,22.6523,CPM_DROP_PHY,699721699209,7,8.0,22.6523,drop_decision_no_action,-1,-1,-1,veh8,0.0,False
7261,22.6523,CPM_DROP_PHY,699721699209,7,9.0,22.6523,drop_decision_no_action,-1,-1,-1,veh9,0.0,False
7285,22.6598,CAM_DROP_PHY,16153,6,10.0,22.6598,drop_decision_no_action,-1,-1,-1,veh10,0.0,False
7285,22.6598,CAM_DROP_PHY,16153,6,11.0,22.6598,drop_decision_no_action,-1,-1,-1,veh11,0.0,False
7285,22.6598,CAM_DROP_PHY,16153,6,12.0,22.6598,drop_decision_no_action,-1,-1,-1,veh12,0.0,False
7285,22.6598,CAM_DROP_PHY,16153,6,2.0,22.6598,drop_decision_no_action,-1,-1,-1,veh2,0.0,False
7285,22.6598,CAM_DROP_PHY,16153,6,3.0,22.6598,drop_decision_no_action,-1,-1,-1,veh3,0.0,False
7285,22.6598,CAM_DROP_PHY,16153,6,4.0,22.6598,drop_decision_no_action,-1,-1,-1,veh4,0.0,False
7285,22.6598,CAM_DROP_PHY,16153,6,5.0,22.6598,drop_decision_no_action,-1,-1,-1,veh5,0.0,False
7285,22.6598,CAM_DROP_PHY,16153,6,7.0,22.6598,drop_decision_no_action,-1,-1,-1,veh7,0.0,False
7285,22.6598,CAM_DROP_PHY,16153,6,8.0,22.6598,drop_decision_no_action,-1,-1,-1,veh8,0.0,False
7285,22.6598,CAM_DROP_PHY,16153,6,9.0,22.6598,drop_decision_no_action,-1,-1,-1,veh9,0.0,False
7276,22.6688,CAM_DROP_PHY,16145,9,10.0,22.6688,drop_decision_no_action,-1,-1,-1,veh10,0.0,False
7276,22.6688,CPM_DROP_PHY,699721699247,9,10.0,22.6688,drop_decision_no_action,-1,-1,-1,veh10,0.0,False
7276,22.6688,CAM_DROP_PHY,16145,9,11.0,22.6688,drop_decision_no_action,-1,-1,-1,veh11,0.0,False
7276,22.6688,CPM_DROP_PHY,699721699247,9,11.0,22.6688,drop_decision_no_action,-1,-1,-1,veh11,0.0,False
7276,22.6688,CAM_DROP_PHY,16145,9,12.0,22.6688,drop_decision_no_action,-1,-1,-1,veh12,0.0,False
7276,22.6688,CPM_DROP_PHY,699721699247,9,12.0,22.6688,drop_decision_no_action,-1,-1,-1,veh12,0.0,False
7276,22.6688,CAM_DROP_PHY,16145,9,2.0,22.6688,drop_decision_no_action,-1,-1,-1,veh2,0.0,False
7276,22.6688,CPM_DROP_PHY,699721699247,9,2.0,22.6688,drop_decision_no_action,-1,-1,-1,veh2,0.0,False
7276,22.6688,CAM_DROP_PHY,16145,9,3.0,22.6688,drop_decision_no_action,-1,-1,-1,veh3,0.0,False
7276,22.6688,CPM_DROP_PHY,699721699247,9,3.0,22.6688,drop_decision_no_action,-1,-1,-1,veh3,0.0,False
7276,22.6688,CAM_DROP_PHY,16145,9,4.0,22.6688,drop_decision_no_action,-1,-1,-1,veh4,0.0,False
7276,22.6688,CPM_DROP_PHY,699721699247,9,4.0,22.6688,drop_decision_no_action,-1,-1,-1,veh4,0.0,False
7276,22.6688,CAM_DROP_PHY,16145,9,5.0,22.6688,drop_decision_no_action,-1,-1,-1,veh5,0.0,False
7276,22.6688,CPM_DROP_PHY,699721699247,9,5.0,22.6688,drop_decision_no_action,-1,-1,-1,veh5,0.0,False
7276,22.6688,CAM_DROP_PHY,16145,9,6.0,22.6688,drop_decision_no_action,-1,-1,-1,veh6,0.0,False
7276,22.6688,CPM_DROP_PHY,699721699247,9,6.0,22.6688,drop_decision_no_action,-1,-1,-1,veh6,0.0,False
7276,22.6688,CAM_DROP_PHY,16145,9,7.0,22.6688,drop_decision_no_action,-1,-1,-1,veh7,0.0,False
7276,22.6688,CPM_DROP_PHY,699721699247,9,7.0,22.6688,drop_decision_no_action,-1,-1,-1,veh7,0.0,False
7276,22.6688,CAM_DROP_PHY,16145,9,8.0,22.6688,drop_decision_no_action,-1,-1,-1,veh8,0.0,False
7276,22.6688,CPM_DROP_PHY,699721699247,9,8.0,22.6688,drop_decision_no_action,-1,-1,-1,veh8,0.0,False
7278,22.6716,CPM_DROP_PHY,699721699229,12,10.0,22.6716,drop_decision_no_action,-1,-1,-1,veh10,0.0,False
7278,22.6716,CPM_DROP_PHY,699721699229,12,11.0,22.6716,drop_decision_no_action,-1,-1,-1,veh11,0.0,False
7278,22.6716,CPM_DROP_PHY,699721699229,12,2.0,22.6716,drop_decision_no_action,-1,-1,-1,veh2,0.0,False
7278,22.6716,CPM_DROP_PHY,699721699229,12,3.0,22.6716,drop_decision_no_action,-1,-1,-1,veh3,0.0,False
7278,22.6716,CPM_DROP_PHY,699721699229,12,4.0,22.6716,drop_decision_no_action,-1,-1,-1,veh4,0.0,False
7278,22.6716,CPM_DROP_PHY,699721699229,12,5.0,22.6716,drop_decision_no_action,-1,-1,-1,veh5,0.0,False
7278,22.6716,CPM_DROP_PHY,699721699229,12,6.0,22.6716,drop_decision_no_action,-1,-1,-1,veh6,0.0,False
7278,22.6716,CPM_DROP_PHY,699721699229,12,7.0,22.6716,drop_decision_no_action,-1,-1,-1,veh7,0.0,False
7278,22.6716,CPM_DROP_PHY,699721699229,12,8.0,22.6716,drop_decision_no_action,-1,-1,-1,veh8,0.0,False
7278,22.6716,CPM_DROP_PHY,699721699229,12,9.0,22.6716,drop_decision_no_action,-1,-1,-1,veh9,0.0,False
7258,22.6721,CPM_DROP_PHY,699721699206,3,10.0,22.6521,drop_decision_no_action,-1,-1,-1,veh10,-0.019999999999999574,False
7258,22.6721,CPM_DROP_PHY,699721699206,3,11.0,22.6521,drop_decision_no_action,-1,-1,-1,veh11,-0.019999999999999574,False
7258,22.6721,CPM_DROP_PHY,699721699206,3,12.0,22.6521,drop_decision_no_action,-1,-1,-1,veh12,-0.019999999999999574,False
7258,22.6721,CPM_DROP_PHY,699721699206,3,2.0,22.6521,drop_decision_no_action,-1,-1,-1,veh2,-0.019999999999999574,False
7258,22.6721,CPM_DROP_PHY,699721699206,3,4.0,22.6521,drop_decision_no_action,-1,-1,-1,veh4,-0.019999999999999574,False
7258,22.6721,CPM_DROP_PHY,699721699206,3,5.0,22.6521,drop_decision_no_action,-1,-1,-1,veh5,-0.019999999999999574,False
7258,22.6721,CPM_DROP_PHY,699721699206,3,6.0,22.6521,drop_decision_no_action,-1,-1,-1,veh6,-0.019999999999999574,False
7258,22.6721,CPM_DROP_PHY,699721699206,3,7.0,22.6521,drop_decision_no_action,-1,-1,-1,veh7,-0.019999999999999574,False
7258,22.6721,CPM_DROP_PHY,699721699206,3,8.0,22.6521,drop_decision_no_action,-1,-1,-1,veh8,-0.019999999999999574,False
7258,22.6721,CPM_DROP_PHY,699721699206,3,9.0,22.6521,drop_decision_no_action,-1,-1,-1,veh9,-0.019999999999999574,False
7261,22.6723,CAM_DROP_PHY,16138,7,10.0,22.6523,drop_decision_no_action,-1,-1,-1,veh10,-0.019999999999999574,False
7261,22.6723,CAM_DROP_PHY,16138,7,11.0,22.6523,drop_decision_no_action,-1,-1,-1,veh11,-0.019999999999999574,False
7261,22.6723,CAM_DROP_PHY,16138,7,2.0,22.6523,drop_decision_no_action,-1,-1,-1,veh2,-0.019999999999999574,False
7261,22.6723,CAM_DROP_PHY,16138,7,3.0,22.6523,drop_decision_no_action,-1,-1,-1,veh3,-0.019999999999999574,False
7261,22.6723,CAM_DROP_PHY,16138,7,4.0,22.6523,drop_decision_no_action,-1,-1,-1,veh4,-0.019999999999999574,False
7261,22.6723,CAM_DROP_PHY,16138,7,5.0,22.6523,drop_decision_no_action,-1,-1,-1,veh5,-0.019999999999999574,False
7261,22.6723,CAM_DROP_PHY,16138,7,6.0,22.6523,drop_decision_no_action,-1,-1,-1,veh6,-0.019999999999999574,False
7261,22.6723,CAM_DROP_PHY,16138,7,8.0,22.6523,drop_decision_no_action,-1,-1,-1,veh8,-0.019999999999999574,False
7261,22.6723,CAM_DROP_PHY,16138,7,9.0,22.6523,drop_decision_no_action,-1,-1,-1,veh9,-0.019999999999999574,False
7299,22.6798,CPM_DROP_PHY,699721699244,6,10.0,22.6798,drop_decision_no_action,-1,-1,-1,veh10,0.0,False
7299,22.6798,CPM_DROP_PHY,699721699244,6,11.0,22.6798,drop_decision_no_action,-1,-1,-1,veh11,0.0,False
7299,22.6798,CPM_DROP_PHY,699721699244,6,12.0,22.6798,drop_decision_no_action,-1,-1,-1,veh12,0.0,False
7299,22.6798,CPM_DROP_PHY,699721699244,6,2.0,22.6798,drop_decision_no_action,-1,-1,-1,veh2,0.0,False
7299,22.6798,CPM_DROP_PHY,699721699244,6,3.0,22.6798,drop_decision_no_action,-1,-1,-1,veh3,0.0,False
7299,22.6798,CPM_DROP_PHY,699721699244,6,4.0,22.6798,drop_decision_no_action,-1,-1,-1,veh4,0.0,False
7299,22.6798,CPM_DROP_PHY,699721699244,6,5.0,22.6798,drop_decision_no_action,-1,-1,-1,veh5,0.0,False
7299,22.6798,CPM_DROP_PHY,699721699244,6,7.0,22.6798,drop_decision_no_action,-1,-1,-1,veh7,0.0,False
7299,22.6798,CPM_DROP_PHY,699721699244,6,8.0,22.6798,drop_decision_no_action,-1,-1,-1,veh8,0.0,False
7299,22.6798,CPM_DROP_PHY,699721699244,6,9.0,22.6798,drop_decision_no_action,-1,-1,-1,veh9,0.0,False
7312,22.6861,CPM_DROP_PHY,699721699253,4,10.0,22.6861,drop_decision_no_action,-1,-1,-1,veh10,0.0,False
7312,22.6861,CPM_DROP_PHY,699721699253,4,11.0,22.6861,drop_decision_no_action,-1,-1,-1,veh11,0.0,False
7312,22.6861,CPM_DROP_PHY,699721699253,4,12.0,22.6861,drop_decision_no_action,-1,-1,-1,veh12,0.0,False
7312,22.6861,CPM_DROP_PHY,699721699253,4,2.0,22.6861,drop_decision_no_action,-1,-1,-1,veh2,0.0,False
7312,22.6861,CPM_DROP_PHY,699721699253,4,3.0,22.6861,drop_decision_no_action,-1,-1,-1,veh3,0.0,False
7312,22.6861,CPM_DROP_PHY,699721699253,4,5.0,22.6861,drop_decision_no_action,-1,-1,-1,veh5,0.0,False
7312,22.6861,CPM_DROP_PHY,699721699253,4,6.0,22.6861,drop_decision_no_action,-1,-1,-1,veh6,0.0,False
7312,22.6861,CPM_DROP_PHY,699721699253,4,7.0,22.6861,drop_decision_no_action,-1,-1,-1,veh7,0.0,False
7312,22.6861,CPM_DROP_PHY,699721699253,4,8.0,22.6861,drop_decision_no_action,-1,-1,-1,veh8,0.0,False
7312,22.6861,CPM_DROP_PHY,699721699253,4,9.0,22.6861,drop_decision_no_action,-1,-1,-1,veh9,0.0,False
7372,22.7076,CPM_DROP_PHY,699721699281,11,10.0,22.7076,drop_decision_no_action,-1,-1,-1,veh10,0.0,False
7372,22.7076,CAM_DROP_PHY,16207,11,10.0,22.7076,drop_decision_no_action,-1,-1,-1,veh10,0.0,False
7372,22.7076,CPM_DROP_PHY,699721699281,11,12.0,22.7076,drop_decision_no_action,-1,-1,-1,veh12,0.0,False
7372,22.7076,CAM_DROP_PHY,16207,11,12.0,22.7076,drop_decision_no_action,-1,-1,-1,veh12,0.0,False
7372,22.7076,CPM_DROP_PHY,699721699281,11,2.0,22.7076,drop_decision_no_action,-1,-1,-1,veh2,0.0,False
7372,22.7076,CAM_DROP_PHY,16207,11,2.0,22.7076,drop_decision_no_action,-1,-1,-1,veh2,0.0,False
7372,22.7076,CPM_DROP_PHY,699721699281,11,3.0,22.7076,drop_decision_no_action,-1,-1,-1,veh3,0.0,False
7372,22.7076,CAM_DROP_PHY,16207,11,3.0,22.7076,drop_decision_no_action,-1,-1,-1,veh3,0.0,False
7372,22.7076,CPM_DROP_PHY,699721699281,11,4.0,22.7076,drop_decision_no_action,-1,-1,-1,veh4,0.0,False
7372,22.7076,CAM_DROP_PHY,16207,11,4.0,22.7076,drop_decision_no_action,-1,-1,-1,veh4,0.0,False
7372,22.7076,CPM_DROP_PHY,699721699281,11,5.0,22.7076,drop_decision_no_action,-1,-1,-1,veh5,0.0,False
7372,22.7076,CAM_DROP_PHY,16207,11,5.0,22.7076,drop_decision_no_action,-1,-1,-1,veh5,0.0,False
7372,22.7076,CPM_DROP_PHY,699721699281,11,6.0,22.7076,drop_decision_no_action,-1,-1,-1,veh6,0.0,False
7372,22.7076,CAM_DROP_PHY,16207,11,6.0,22.7076,drop_decision_no_action,-1,-1,-1,veh6,0.0,False
7372,22.7076,CPM_DROP_PHY,699721699281,11,7.0,22.7076,drop_decision_no_action,-1,-1,-1,veh7,0.0,False
7372,22.7076,CAM_DROP_PHY,16207,11,7.0,22.7076,drop_decision_no_action,-1,-1,-1,veh7,0.0,False
7372,22.7076,CPM_DROP_PHY,699721699281,11,8.0,22.7076,drop_decision_no_action,-1,-1,-1,veh8,0.0,False
7372,22.7076,CAM_DROP_PHY,16207,11,8.0,22.7076,drop_decision_no_action,-1,-1,-1,veh8,0.0,False
7372,22.7076,CPM_DROP_PHY,699721699281,11,9.0,22.7076,drop_decision_no_action,-1,-1,-1,veh9,0.0,False
7372,22.7076,CAM_DROP_PHY,16207,11,9.0,22.7076,drop_decision_no_action,-1,-1,-1,veh9,0.0,False
7384,22.7236,CPM_DROP_PHY,699721699361,10,11.0,22.7236,drop_decision_no_action,-1,-1,-1,veh11,0.0,False
7384,22.7236,CPM_DROP_PHY,699721699361,10,12.0,22.7236,drop_decision_no_action,-1,-1,-1,veh12,0.0,False
7384,22.7236,CPM_DROP_PHY,699721699361,10,2.0,22.7236,drop_decision_no_action,-1,-1,-1,veh2,0.0,False
7384,22.7236,CPM_DROP_PHY,699721699361,10,3.0,22.7236,drop_decision_no_action,-1,-1,-1,veh3,0.0,False
7384,22.7236,CPM_DROP_PHY,699721699361,10,4.0,22.7236,drop_decision_no_action,-1,-1,-1,veh4,0.0,False
7384,22.7236,CPM_DROP_PHY,699721699361,10,5.0,22.7236,drop_decision_no_action,-1,-1,-1,veh5,0.0,False
7384,22.7236,CPM_DROP_PHY,699721699361,10,6.0,22.7236,drop_decision_no_action,-1,-1,-1,veh6,0.0,False
7384,22.7236,CPM_DROP_PHY,699721699361,10,7.0,22.7236,drop_decision_no_action,-1,-1,-1,veh7,0.0,False
7384,22.7236,CPM_DROP_PHY,699721699361,10,8.0,22.7236,drop_decision_no_action,-1,-1,-1,veh8,0.0,False
7384,22.7236,CPM_DROP_PHY,699721699361,10,9.0,22.7236,drop_decision_no_action,-1,-1,-1,veh9,0.0,False
7392,22.7261,CAM_DROP_PHY,16289,4,10.0,22.7261,drop_decision_no_action,-1,-1,-1,veh10,0.0,False
7392,22.7261,CAM_DROP_PHY,16289,4,11.0,22.7261,drop_decision_no_action,-1,-1,-1,veh11,0.0,False
7392,22.7261,CAM_DROP_PHY,16289,4,12.0,22.7261,drop_decision_no_action,-1,-1,-1,veh12,0.0,False
7392,22.7261,CAM_DROP_PHY,16289,4,2.0,22.7261,drop_decision_no_action,-1,-1,-1,veh2,0.0,False
7392,22.7261,CAM_DROP_PHY,16289,4,3.0,22.7261,drop_decision_no_action,-1,-1,-1,veh3,0.0,False
7392,22.7261,CAM_DROP_PHY,16289,4,5.0,22.7261,drop_decision_no_action,-1,-1,-1,veh5,0.0,False
7392,22.7261,CAM_DROP_PHY,16289,4,6.0,22.7261,drop_decision_no_action,-1,-1,-1,veh6,0.0,False
7392,22.7261,CAM_DROP_PHY,16289,4,7.0,22.7261,drop_decision_no_action,-1,-1,-1,veh7,0.0,False
7392,22.7261,CAM_DROP_PHY,16289,4,8.0,22.7261,drop_decision_no_action,-1,-1,-1,veh8,0.0,False
7392,22.7261,CAM_DROP_PHY,16289,4,9.0,22.7261,drop_decision_no_action,-1,-1,-1,veh9,0.0,False
7398,22.7393,CPM_DROP_PHY,699721699375,5,10.0,22.7393,drop_decision_no_action,-1,-1,-1,veh10,0.0,False
7398,22.7393,CPM_DROP_PHY,699721699375,5,11.0,22.7393,drop_decision_no_action,-1,-1,-1,veh11,0.0,False
7398,22.7393,CPM_DROP_PHY,699721699375,5,12.0,22.7393,drop_decision_no_action,-1,-1,-1,veh12,0.0,False
7398,22.7393,CPM_DROP_PHY,699721699375,5,2.0,22.7393,drop_decision_no_action,-1,-1,-1,veh2,0.0,False
7398,22.7393,CPM_DROP_PHY,699721699375,5,3.0,22.7393,drop_decision_no_action,-1,-1,-1,veh3,0.0,False
7398,22.7393,CPM_DROP_PHY,699721699375,5,4.0,22.7393,drop_decision_no_action,-1,-1,-1,veh4,0.0,False
7398,22.7393,CPM_DROP_PHY,699721699375,5,6.0,22.7393,drop_decision_no_action,-1,-1,-1,veh6,0.0,False
7398,22.7393,CPM_DROP_PHY,699721699375,5,7.0,22.7393,drop_decision_no_action,-1,-1,-1,veh7,0.0,False
7398,22.7393,CPM_DROP_PHY,699721699375,5,8.0,22.7393,drop_decision_no_action,-1,-1,-1,veh8,0.0,False
7398,22.7393,CPM_DROP_PHY,699721699375,5,9.0,22.7393,drop_decision_no_action,-1,-1,-1,veh9,0.0,False
7413,22.7408,CAM_DROP_PHY,16305,8,10.0,22.7408,drop_decision_no_action,-1,-1,-1,veh10,0.0,False
7413,22.7408,CAM_DROP_PHY,16305,8,11.0,22.7408,drop_decision_no_action,-1,-1,-1,veh11,0.0,False
7413,22.7408,CAM_DROP_PHY,16305,8,12.0,22.7408,drop_decision_no_action,-1,-1,-1,veh12,0.0,False
7413,22.7408,CAM_DROP_PHY,16305,8,2.0,22.7408,drop_decision_no_action,-1,-1,-1,veh2,0.0,False
7413,22.7408,CAM_DROP_PHY,16305,8,4.0,22.7408,drop_decision_no_action,-1,-1,-1,veh4,0.0,False
7413,22.7408,CAM_DROP_PHY,16305,8,6.0,22.7408,drop_decision_no_action,-1,-1,-1,veh6,0.0,False
7413,22.7408,CAM_DROP_PHY,16305,8,7.0,22.7408,drop_decision_no_action,-1,-1,-1,veh7,0.0,False
7413,22.7408,CAM_DROP_PHY,16305,8,9.0,22.7408,drop_decision_no_action,-1,-1,-1,veh9,0.0,False
7413,22.7511,CAM_DROP_PHY,16305,8,3.0,22.7511,drop_decision_no_action,-1,-1,-1,veh3,0.0,False
7422,22.7521,CPM_DROP_PHY,699721699391,3,10.0,22.7521,drop_decision_no_action,-1,-1,-1,veh10,0.0,False
7422,22.7521,CPM_DROP_PHY,699721699391,3,11.0,22.7521,drop_decision_no_action,-1,-1,-1,veh11,0.0,False
7422,22.7521,CPM_DROP_PHY,699721699391,3,12.0,22.7521,drop_decision_no_action,-1,-1,-1,veh12,0.0,False
7422,22.7521,CPM_DROP_PHY,699721699391,3,2.0,22.7521,drop_decision_no_action,-1,-1,-1,veh2,0.0,False
7422,22.7521,CPM_DROP_PHY,699721699391,3,4.0,22.7521,drop_decision_no_action,-1,-1,-1,veh4,0.0,False
7422,22.7521,CPM_DROP_PHY,699721699391,3,5.0,22.7521,drop_decision_no_action,-1,-1,-1,veh5,0.0,False
7422,22.7521,CPM_DROP_PHY,699721699391,3,6.0,22.7521,drop_decision_no_action,-1,-1,-1,veh6,0.0,False
7422,22.7521,CPM_DROP_PHY,699721699391,3,7.0,22.7521,drop_decision_no_action,-1,-1,-1,veh7,0.0,False
7422,22.7521,CPM_DROP_PHY,699721699391,3,8.0,22.7521,drop_decision_no_action,-1,-1,-1,veh8,0.0,False
7422,22.7521,CPM_DROP_PHY,699721699391,3,9.0,22.7521,drop_decision_no_action,-1,-1,-1,veh9,0.0,False
7423,22.7523,CPM_DROP_PHY,699721699394,7,10.0,22.7523,drop_decision_no_action,-1,-1,-1,veh10,0.0,False
7423,22.7523,CPM_DROP_PHY,699721699394,7,11.0,22.7523,drop_decision_no_action,-1,-1,-1,veh11,0.0,False
7423,22.7523,CPM_DROP_PHY,699721699394,7,2.0,22.7523,drop_decision_no_action,-1,-1,-1,veh2,0.0,False
7423,22.7523,CPM_DROP_PHY,699721699394,7,3.0,22.7523,drop_decision_no_action,-1,-1,-1,veh3,0.0,False
7423,22.7523,CPM_DROP_PHY,699721699394,7,4.0,22.7523,drop_decision_no_action,-1,-1,-1,veh4,0.0,False
7423,22.7523,CPM_DROP_PHY,699721699394,7,5.0,22.7523,drop_decision_no_action,-1,-1,-1,veh5,0.0,False
7423,22.7523,CPM_DROP_PHY,699721699394,7,6.0,22.7523,drop_decision_no_action,-1,-1,-1,veh6,0.0,False
7423,22.7523,CPM_DROP_PHY,699721699394,7,8.0,22.7523,drop_decision_no_action,-1,-1,-1,veh8,0.0,False
7423,22.7523,CPM_DROP_PHY,699721699394,7,9.0,22.7523,drop_decision_no_action,-1,-1,-1,veh9,0.0,False
7461,22.7686,CPM_DROP_PHY,699721699419,6,10.0,22.7686,drop_decision_no_action,-1,-1,-1,veh10,0.0,False
7461,22.7686,CPM_DROP_PHY,699721699419,6,11.0,22.7686,drop_decision_no_action,-1,-1,-1,veh11,0.0,False
7461,22.7686,CPM_DROP_PHY,699721699419,6,12.0,22.7686,drop_decision_no_action,-1,-1,-1,veh12,0.0,False
7461,22.7686,CPM_DROP_PHY,699721699419,6,2.0,22.7686,drop_decision_no_action,-1,-1,-1,veh2,0.0,False
7461,22.7686,CPM_DROP_PHY,699721699419,6,3.0,22.7686,drop_decision_no_action,-1,-1,-1,veh3,0.0,False
7461,22.7686,CPM_DROP_PHY,699721699419,6,4.0,22.7686,drop_decision_no_action,-1,-1,-1,veh4,0.0,False
7461,22.7686,CPM_DROP_PHY,699721699419,6,5.0,22.7686,drop_decision_no_action,-1,-1,-1,veh5,0.0,False
7461,22.7686,CPM_DROP_PHY,699721699419,6,7.0,22.7686,drop_decision_no_action,-1,-1,-1,veh7,0.0,False
7461,22.7686,CPM_DROP_PHY,699721699419,6,8.0,22.7686,drop_decision_no_action,-1,-1,-1,veh8,0.0,False
7461,22.7686,CPM_DROP_PHY,699721699419,6,9.0,22.7686,drop_decision_no_action,-1,-1,-1,veh9,0.0,False
7462,22.7713,CPM_DROP_PHY,699721699422,9,10.0,22.7713,drop_decision_no_action,-1,-1,-1,veh10,0.0,False
7462,22.7713,CPM_DROP_PHY,699721699422,9,11.0,22.7713,drop_decision_no_action,-1,-1,-1,veh11,0.0,False
7462,22.7713,CPM_DROP_PHY,699721699422,9,12.0,22.7713,drop_decision_no_action,-1,-1,-1,veh12,0.0,False
7462,22.7713,CPM_DROP_PHY,699721699422,9,2.0,22.7713,drop_decision_no_action,-1,-1,-1,veh2,0.0,False
7462,22.7713,CPM_DROP_PHY,699721699422,9,3.0,22.7713,drop_decision_no_action,-1,-1,-1,veh3,0.0,False
7462,22.7713,CPM_DROP_PHY,699721699422,9,4.0,22.7713,drop_decision_no_action,-1,-1,-1,veh4,0.0,False
7462,22.7713,CPM_DROP_PHY,699721699422,9,5.0,22.7713,drop_decision_no_action,-1,-1,-1,veh5,0.0,False
7462,22.7713,CPM_DROP_PHY,699721699422,9,6.0,22.7713,drop_decision_no_action,-1,-1,-1,veh6,0.0,False
7462,22.7713,CPM_DROP_PHY,699721699422,9,7.0,22.7713,drop_decision_no_action,-1,-1,-1,veh7,0.0,False
7462,22.7713,CPM_DROP_PHY,699721699422,9,8.0,22.7713,drop_decision_no_action,-1,-1,-1,veh8,0.0,False
7444,22.7716,CPM_DROP_PHY,699721699408,12,10.0,22.7716,drop_decision_no_action,-1,-1,-1,veh10,0.0,False
7444,22.7716,CPM_DROP_PHY,699721699408,12,11.0,22.7716,drop_decision_no_action,-1,-1,-1,veh11,0.0,False
7444,22.7716,CPM_DROP_PHY,699721699408,12,2.0,22.7716,drop_decision_no_action,-1,-1,-1,veh2,0.0,False
7444,22.7716,CPM_DROP_PHY,699721699408,12,3.0,22.7716,drop_decision_no_action,-1,-1,-1,veh3,0.0,False
7444,22.7716,CPM_DROP_PHY,699721699408,12,4.0,22.7716,drop_decision_no_action,-1,-1,-1,veh4,0.0,False
7444,22.7716,CPM_DROP_PHY,699721699408,12,5.0,22.7716,drop_decision_no_action,-1,-1,-1,veh5,0.0,False
7444,22.7716,CPM_DROP_PHY,699721699408,12,6.0,22.7716,drop_decision_no_action,-1,-1,-1,veh6,0.0,False
7444,22.7716,CPM_DROP_PHY,699721699408,12,7.0,22.7716,drop_decision_no_action,-1,-1,-1,veh7,0.0,False
7444,22.7716,CPM_DROP_PHY,699721699408,12,8.0,22.7716,drop_decision_no_action,-1,-1,-1,veh8,0.0,False
7471,22.7861,CPM_DROP_PHY,699721699428,4,10.0,22.7861,drop_decision_no_action,-1,-1,-1,veh10,0.0,False
7471,22.7861,CPM_DROP_PHY,699721699428,4,11.0,22.7861,drop_decision_no_action,-1,-1,-1,veh11,0.0,False
7471,22.7861,CPM_DROP_PHY,699721699428,4,12.0,22.7861,drop_decision_no_action,-1,-1,-1,veh12,0.0,False
7471,22.7861,CPM_DROP_PHY,699721699428,4,2.0,22.7861,drop_decision_no_action,-1,-1,-1,veh2,0.0,False
7471,22.7861,CPM_DROP_PHY,699721699428,4,3.0,22.7861,drop_decision_no_action,-1,-1,-1,veh3,0.0,False
7471,22.7861,CPM_DROP_PHY,699721699428,4,5.0,22.7861,drop_decision_no_action,-1,-1,-1,veh5,0.0,False
7471,22.7861,CPM_DROP_PHY,699721699428,4,6.0,22.7861,drop_decision_no_action,-1,-1,-1,veh6,0.0,False
7471,22.7861,CPM_DROP_PHY,699721699428,4,7.0,22.7861,drop_decision_no_action,-1,-1,-1,veh7,0.0,False
7471,22.7861,CPM_DROP_PHY,699721699428,4,8.0,22.7861,drop_decision_no_action,-1,-1,-1,veh8,0.0,False
7471,22.7861,CPM_DROP_PHY,699721699428,4,9.0,22.7861,drop_decision_no_action,-1,-1,-1,veh9,0.0,False
7518,22.8056,CAM_DROP_PHY,16377,2,10.0,22.8056,drop_decision_no_action,-1,-1,-1,veh10,0.0,False
7518,22.8056,CAM_DROP_PHY,16377,2,11.0,22.8056,drop_decision_no_action,-1,-1,-1,veh11,0.0,False
7518,22.8056,CAM_DROP_PHY,16377,2,12.0,22.8056,drop_decision_no_action,-1,-1,-1,veh12,0.0,False
7518,22.8056,CAM_DROP_PHY,16377,2,3.0,22.8056,drop_decision_no_action,-1,-1,-1,veh3,0.0,False
7518,22.8056,CAM_DROP_PHY,16377,2,4.0,22.8056,drop_decision_no_action,-1,-1,-1,veh4,0.0,False
7518,22.8056,CAM_DROP_PHY,16377,2,5.0,22.8056,drop_decision_no_action,-1,-1,-1,veh5,0.0,False
7518,22.8056,CAM_DROP_PHY,16377,2,6.0,22.8056,drop_decision_no_action,-1,-1,-1,veh6,0.0,False
7518,22.8056,CAM_DROP_PHY,16377,2,7.0,22.8056,drop_decision_no_action,-1,-1,-1,veh7,0.0,False
7518,22.8056,CAM_DROP_PHY,16377,2,8.0,22.8056,drop_decision_no_action,-1,-1,-1,veh8,0.0,False
7518,22.8056,CAM_DROP_PHY,16377,2,9.0,22.8056,drop_decision_no_action,-1,-1,-1,veh9,0.0,False
7517,22.8076,CPM_DROP_PHY,699721699453,11,10.0,22.8076,drop_decision_no_action,-1,-1,-1,veh10,0.0,False
7517,22.8076,CPM_DROP_PHY,699721699453,11,12.0,22.8076,drop_decision_no_action,-1,-1,-1,veh12,0.0,False
7517,22.8076,CPM_DROP_PHY,699721699453,11,2.0,22.8076,drop_decision_no_action,-1,-1,-1,veh2,0.0,False
7517,22.8076,CPM_DROP_PHY,699721699453,11,3.0,22.8076,drop_decision_no_action,-1,-1,-1,veh3,0.0,False
7517,22.8076,CPM_DROP_PHY,699721699453,11,4.0,22.8076,drop_decision_no_action,-1,-1,-1,veh4,0.0,False
7517,22.8076,CPM_DROP_PHY,699721699453,11,5.0,22.8076,drop_decision_no_action,-1,-1,-1,veh5,0.0,False
7517,22.8076,CPM_DROP_PHY,699721699453,11,6.0,22.8076,drop_decision_no_action,-1,-1,-1,veh6,0.0,False
7517,22.8076,CPM_DROP_PHY,699721699453,11,7.0,22.8076,drop_decision_no_action,-1,-1,-1,veh7,0.0,False
7517,22.8076,CPM_DROP_PHY,699721699453,11,8.0,22.8076,drop_decision_no_action,-1,-1,-1,veh8,0.0,False
7517,22.8076,CPM_DROP_PHY,699721699453,11,9.0,22.8076,drop_decision_no_action,-1,-1,-1,veh9,0.0,False
7528,22.8193,CAM_DROP_PHY,16447,5,10.0,22.8193,drop_decision_no_action,-1,-1,-1,veh10,0.0,False
7528,22.8193,CAM_DROP_PHY,16447,5,11.0,22.8193,drop_decision_no_action,-1,-1,-1,veh11,0.0,False
7528,22.8193,CAM_DROP_PHY,16447,5,12.0,22.8193,drop_decision_no_action,-1,-1,-1,veh12,0.0,False
7528,22.8193,CAM_DROP_PHY,16447,5,2.0,22.8193,drop_decision_no_action,-1,-1,-1,veh2,0.0,False
7528,22.8193,CAM_DROP_PHY,16447,5,3.0,22.8193,drop_decision_no_action,-1,-1,-1,veh3,0.0,False
7528,22.8193,CAM_DROP_PHY,16447,5,4.0,22.8193,drop_decision_no_action,-1,-1,-1,veh4,0.0,False
7528,22.8193,CAM_DROP_PHY,16447,5,6.0,22.8193,drop_decision_no_action,-1,-1,-1,veh6,0.0,False
7528,22.8193,CAM_DROP_PHY,16447,5,7.0,22.8193,drop_decision_no_action,-1,-1,-1,veh7,0.0,False
7528,22.8193,CAM_DROP_PHY,16447,5,8.0,22.8193,drop_decision_no_action,-1,-1,-1,veh8,0.0,False
7528,22.8193,CAM_DROP_PHY,16447,5,9.0,22.8193,drop_decision_no_action,-1,-1,-1,veh9,0.0,False
7533,22.8236,CPM_DROP_PHY,699721699531,10,11.0,22.8236,drop_decision_no_action,-1,-1,-1,veh11,0.0,False
7533,22.8236,CPM_DROP_PHY,699721699531,10,12.0,22.8236,drop_decision_no_action,-1,-1,-1,veh12,0.0,False
7533,22.8236,CPM_DROP_PHY,699721699531,10,2.0,22.8236,drop_decision_no_action,-1,-1,-1,veh2,0.0,False
7533,22.8236,CPM_DROP_PHY,699721699531,10,3.0,22.8236,drop_decision_no_action,-1,-1,-1,veh3,0.0,False
7533,22.8236,CPM_DROP_PHY,699721699531,10,4.0,22.8236,drop_decision_no_action,-1,-1,-1,veh4,0.0,False
7533,22.8236,CPM_DROP_PHY,699721699531,10,5.0,22.8236,drop_decision_no_action,-1,-1,-1,veh5,0.0,False
7533,22.8236,CPM_DROP_PHY,699721699531,10,6.0,22.8236,drop_decision_no_action,-1,-1,-1,veh6,0.0,False
7533,22.8236,CPM_DROP_PHY,699721699531,10,7.0,22.8236,drop_decision_no_action,-1,-1,-1,veh7,0.0,False
7533,22.8236,CPM_DROP_PHY,699721699531,10,8.0,22.8236,drop_decision_no_action,-1,-1,-1,veh8,0.0,False
7533,22.8236,CPM_DROP_PHY,699721699531,10,9.0,22.8236,drop_decision_no_action,-1,-1,-1,veh9,0.0,False
7535,22.8256,CPM_DROP_PHY,699721699535,2,10.0,22.8256,drop_decision_no_action,-1,-1,-1,veh10,0.0,False
7535,22.8256,CPM_DROP_PHY,699721699535,2,11.0,22.8256,drop_decision_no_action,-1,-1,-1,veh11,0.0,False
7535,22.8256,CPM_DROP_PHY,699721699535,2,12.0,22.8256,drop_decision_no_action,-1,-1,-1,veh12,0.0,False
7535,22.8256,CPM_DROP_PHY,699721699535,2,3.0,22.8256,drop_decision_no_action,-1,-1,-1,veh3,0.0,False
7535,22.8256,CPM_DROP_PHY,699721699535,2,4.0,22.8256,drop_decision_no_action,-1,-1,-1,veh4,0.0,False
7535,22.8256,CPM_DROP_PHY,699721699535,2,5.0,22.8256,drop_decision_no_action,-1,-1,-1,veh5,0.0,False
7535,22.8256,CPM_DROP_PHY,699721699535,2,6.0,22.8256,drop_decision_no_action,-1,-1,-1,veh6,0.0,False
7535,22.8256,CPM_DROP_PHY,699721699535,2,7.0,22.8256,drop_decision_no_action,-1,-1,-1,veh7,0.0,False
7535,22.8256,CPM_DROP_PHY,699721699535,2,8.0,22.8256,drop_decision_no_action,-1,-1,-1,veh8,0.0,False
7535,22.8256,CPM_DROP_PHY,699721699535,2,9.0,22.8256,drop_decision_no_action,-1,-1,-1,veh9,0.0,False
7548,22.8261,CAM_DROP_PHY,16462,4,10.0,22.8261,drop_decision_no_action,-1,-1,-1,veh10,0.0,False
7548,22.8261,CAM_DROP_PHY,16462,4,11.0,22.8261,drop_decision_no_action,-1,-1,-1,veh11,0.0,False
7548,22.8261,CAM_DROP_PHY,16462,4,12.0,22.8261,drop_decision_no_action,-1,-1,-1,veh12,0.0,False
7548,22.8261,CAM_DROP_PHY,16462,4,2.0,22.8261,drop_decision_no_action,-1,-1,-1,veh2,0.0,False
7548,22.8261,CAM_DROP_PHY,16462,4,3.0,22.8261,drop_decision_no_action,-1,-1,-1,veh3,0.0,False
7548,22.8261,CAM_DROP_PHY,16462,4,5.0,22.8261,drop_decision_no_action,-1,-1,-1,veh5,0.0,False
7548,22.8261,CAM_DROP_PHY,16462,4,6.0,22.8261,drop_decision_no_action,-1,-1,-1,veh6,0.0,False
7548,22.8261,CAM_DROP_PHY,16462,4,7.0,22.8261,drop_decision_no_action,-1,-1,-1,veh7,0.0,False
7548,22.8261,CAM_DROP_PHY,16462,4,8.0,22.8261,drop_decision_no_action,-1,-1,-1,veh8,0.0,False
7548,22.8261,CAM_DROP_PHY,16462,4,9.0,22.8261,drop_decision_no_action,-1,-1,-1,veh9,0.0,False
7554,22.8393,CPM_DROP_PHY,699721699549,5,10.0,22.8393,drop_decision_no_action,-1,-1,-1,veh10,0.0,False
7554,22.8393,CPM_DROP_PHY,699721699549,5,11.0,22.8393,drop_decision_no_action,-1,-1,-1,veh11,0.0,False
7554,22.8393,CPM_DROP_PHY,699721699549,5,12.0,22.8393,drop_decision_no_action,-1,-1,-1,veh12,0.0,False
7554,22.8393,CPM_DROP_PHY,699721699549,5,2.0,22.8393,drop_decision_no_action,-1,-1,-1,veh2,0.0,False
7554,22.8393,CPM_DROP_PHY,699721699549,5,3.0,22.8393,drop_decision_no_action,-1,-1,-1,veh3,0.0,False
7554,22.8393,CPM_DROP_PHY,699721699549,5,4.0,22.8393,drop_decision_no_action,-1,-1,-1,veh4,0.0,False
7554,22.8393,CPM_DROP_PHY,699721699549,5,6.0,22.8393,drop_decision_no_action,-1,-1,-1,veh6,0.0,False
7554,22.8393,CPM_DROP_PHY,699721699549,5,7.0,22.8393,drop_decision_no_action,-1,-1,-1,veh7,0.0,False
7554,22.8393,CPM_DROP_PHY,699721699549,5,8.0,22.8393,drop_decision_no_action,-1,-1,-1,veh8,0.0,False
7554,22.8393,CPM_DROP_PHY,699721699549,5,9.0,22.8393,drop_decision_no_action,-1,-1,-1,veh9,0.0,False
7585,22.8466,CPM_DROP_PHY,699721699566,7,10.0,22.8466,drop_decision_no_action,-1,-1,-1,veh10,0.0,False
7585,22.8466,CPM_DROP_PHY,699721699566,7,11.0,22.8466,drop_decision_no_action,-1,-1,-1,veh11,0.0,False
7585,22.8466,CPM_DROP_PHY,699721699566,7,2.0,22.8466,drop_decision_no_action,-1,-1,-1,veh2,0.0,False
7585,22.8466,CPM_DROP_PHY,699721699566,7,3.0,22.8466,drop_decision_no_action,-1,-1,-1,veh3,0.0,False
7585,22.8466,CPM_DROP_PHY,699721699566,7,4.0,22.8466,drop_decision_no_action,-1,-1,-1,veh4,0.0,False
7585,22.8466,CPM_DROP_PHY,699721699566,7,5.0,22.8466,drop_decision_no_action,-1,-1,-1,veh5,0.0,False
7585,22.8466,CPM_DROP_PHY,699721699566,7,6.0,22.8466,drop_decision_no_action,-1,-1,-1,veh6,0.0,False
7585,22.8466,CPM_DROP_PHY,699721699566,7,8.0,22.8466,drop_decision_no_action,-1,-1,-1,veh8,0.0,False
7585,22.8466,CPM_DROP_PHY,699721699566,7,9.0,22.8466,drop_decision_no_action,-1,-1,-1,veh9,0.0,False
7606,22.8513,CAM_DROP_PHY,16501,9,10.0,22.8513,drop_decision_no_action,-1,-1,-1,veh10,0.0,False
7606,22.8513,CAM_DROP_PHY,16501,9,11.0,22.8513,drop_decision_no_action,-1,-1,-1,veh11,0.0,False
7606,22.8513,CAM_DROP_PHY,16501,9,12.0,22.8513,drop_decision_no_action,-1,-1,-1,veh12,0.0,False
7606,22.8513,CAM_DROP_PHY,16501,9,2.0,22.8513,drop_decision_no_action,-1,-1,-1,veh2,0.0,False
7606,22.8513,CAM_DROP_PHY,16501,9,3.0,22.8513,drop_decision_no_action,-1,-1,-1,veh3,0.0,False
7606,22.8513,CAM_DROP_PHY,16501,9,4.0,22.8513,drop_decision_no_action,-1,-1,-1,veh4,0.0,False
7606,22.8513,CAM_DROP_PHY,16501,9,5.0,22.8513,drop_decision_no_action,-1,-1,-1,veh5,0.0,False
7606,22.8513,CAM_DROP_PHY,16501,9,6.0,22.8513,drop_decision_no_action,-1,-1,-1,veh6,0.0,False
7606,22.8513,CAM_DROP_PHY,16501,9,7.0,22.8513,drop_decision_no_action,-1,-1,-1,veh7,0.0,False
7606,22.8513,CAM_DROP_PHY,16501,9,8.0,22.8513,drop_decision_no_action,-1,-1,-1,veh8,0.0,False
7584,22.8521,CPM_DROP_PHY,699721699563,3,10.0,22.8521,drop_decision_no_action,-1,-1,-1,veh10,0.0,False
7584,22.8521,CPM_DROP_PHY,699721699563,3,11.0,22.8521,drop_decision_no_action,-1,-1,-1,veh11,0.0,False
7584,22.8521,CPM_DROP_PHY,699721699563,3,12.0,22.8521,drop_decision_no_action,-1,-1,-1,veh12,0.0,False
7584,22.8521,CPM_DROP_PHY,699721699563,3,2.0,22.8521,drop_decision_no_action,-1,-1,-1,veh2,0.0,False
7584,22.8521,CPM_DROP_PHY,699721699563,3,4.0,22.8521,drop_decision_no_action,-1,-1,-1,veh4,0.0,False
7584,22.8521,CPM_DROP_PHY,699721699563,3,5.0,22.8521,drop_decision_no_action,-1,-1,-1,veh5,0.0,False
7584,22.8521,CPM_DROP_PHY,699721699563,3,6.0,22.8521,drop_decision_no_action,-1,-1,-1,veh6,0.0,False
7584,22.8521,CPM_DROP_PHY,699721699563,3,7.0,22.8521,drop_decision_no_action,-1,-1,-1,veh7,0.0,False
7584,22.8521,CPM_DROP_PHY,699721699563,3,8.0,22.8521,drop_decision_no_action,-1,-1,-1,veh8,0.0,False
7584,22.8521,CPM_DROP_PHY,699721699563,3,9.0,22.8521,drop_decision_no_action,-1,-1,-1,veh9,0.0,False
7423,22.8523,CPM_DROP_PHY,699721699394,7,12.0,22.8523,drop_decision_no_action,-1,-1,-1,veh12,0.0,False
7585,22.8523,CPM_DROP_PHY,699721699566,7,12.0,22.8523,drop_decision_no_action,-1,-1,-1,veh12,0.0,False
7616,22.8686,CAM_DROP_PHY,16509,6,10.0,22.8686,drop_decision_no_action,-1,-1,-1,veh10,0.0,False
7616,22.8686,CAM_DROP_PHY,16509,6,11.0,22.8686,drop_decision_no_action,-1,-1,-1,veh11,0.0,False
7616,22.8686,CAM_DROP_PHY,16509,6,12.0,22.8686,drop_decision_no_action,-1,-1,-1,veh12,0.0,False
7616,22.8686,CAM_DROP_PHY,16509,6,2.0,22.8686,drop_decision_no_action,-1,-1,-1,veh2,0.0,False
7616,22.8686,CAM_DROP_PHY,16509,6,3.0,22.8686,drop_decision_no_action,-1,-1,-1,veh3,0.0,False
7616,22.8686,CAM_DROP_PHY,16509,6,4.0,22.8686,drop_decision_no_action,-1,-1,-1,veh4,0.0,False
7616,22.8686,CAM_DROP_PHY,16509,6,5.0,22.8686,drop_decision_no_action,-1,-1,-1,veh5,0.0,False
7616,22.8686,CAM_DROP_PHY,16509,6,7.0,22.8686,drop_decision_no_action,-1,-1,-1,veh7,0.0,False
7616,22.8686,CAM_DROP_PHY,16509,6,8.0,22.8686,drop_decision_no_action,-1,-1,-1,veh8,0.0,False
7616,22.8686,CAM_DROP_PHY,16509,6,9.0,22.8686,drop_decision_no_action,-1,-1,-1,veh9,0.0,False
7632,22.8713,CPM_DROP_PHY,699721699602,9,10.0,22.8713,drop_decision_no_action,-1,-1,-1,veh10,0.0,False
7632,22.8713,CPM_DROP_PHY,699721699602,9,11.0,22.8713,drop_decision_no_action,-1,-1,-1,veh11,0.0,False
7632,22.8713,CPM_DROP_PHY,699721699602,9,12.0,22.8713,drop_decision_no_action,-1,-1,-1,veh12,0.0,False
7632,22.8713,CPM_DROP_PHY,699721699602,9,2.0,22.8713,drop_decision_no_action,-1,-1,-1,veh2,0.0,False
7632,22.8713,CPM_DROP_PHY,699721699602,9,3.0,22.8713,drop_decision_no_action,-1,-1,-1,veh3,0.0,False
7632,22.8713,CPM_DROP_PHY,699721699602,9,4.0,22.8713,drop_decision_no_action,-1,-1,-1,veh4,0.0,False
7632,22.8713,CPM_DROP_PHY,699721699602,9,5.0,22.8713,drop_decision_no_action,-1,-1,-1,veh5,0.0,False
7632,22.8713,CPM_DROP_PHY,699721699602,9,6.0,22.8713,drop_decision_no_action,-1,-1,-1,veh6,0.0,False
7632,22.8713,CPM_DROP_PHY,699721699602,9,7.0,22.8713,drop_decision_no_action,-1,-1,-1,veh7,0.0,False
7632,22.8713,CPM_DROP_PHY,699721699602,9,8.0,22.8713,drop_decision_no_action,-1,-1,-1,veh8,0.0,False
7612,22.8716,CPM_DROP_PHY,699721699585,12,10.0,22.8716,drop_decision_no_action,-1,-1,-1,veh10,0.0,False
7612,22.8716,CPM_DROP_PHY,699721699585,12,11.0,22.8716,drop_decision_no_action,-1,-1,-1,veh11,0.0,False
7612,22.8716,CPM_DROP_PHY,699721699585,12,2.0,22.8716,drop_decision_no_action,-1,-1,-1,veh2,0.0,False
7612,22.8716,CPM_DROP_PHY,699721699585,12,3.0,22.8716,drop_decision_no_action,-1,-1,-1,veh3,0.0,False
7612,22.8716,CPM_DROP_PHY,699721699585,12,4.0,22.8716,drop_decision_no_action,-1,-1,-1,veh4,0.0,False
7612,22.8716,CPM_DROP_PHY,699721699585,12,5.0,22.8716,drop_decision_no_action,-1,-1,-1,veh5,0.0,False
7612,22.8716,CPM_DROP_PHY,699721699585,12,6.0,22.8716,drop_decision_no_action,-1,-1,-1,veh6,0.0,False
7612,22.8716,CPM_DROP_PHY,699721699585,12,7.0,22.8716,drop_decision_no_action,-1,-1,-1,veh7,0.0,False
7612,22.8716,CPM_DROP_PHY,699721699585,12,8.0,22.8716,drop_decision_no_action,-1,-1,-1,veh8,0.0,False
7640,22.8861,CPM_DROP_PHY,699721699607,4,10.0,22.8861,drop_decision_no_action,-1,-1,-1,veh10,0.0,False
7640,22.8861,CPM_DROP_PHY,699721699607,4,11.0,22.8861,drop_decision_no_action,-1,-1,-1,veh11,0.0,False
7640,22.8861,CPM_DROP_PHY,699721699607,4,12.0,22.8861,drop_decision_no_action,-1,-1,-1,veh12,0.0,False
7640,22.8861,CPM_DROP_PHY,699721699607,4,2.0,22.8861,drop_decision_no_action,-1,-1,-1,veh2,0.0,False
7640,22.8861,CPM_DROP_PHY,699721699607,4,3.0,22.8861,drop_decision_no_action,-1,-1,-1,veh3,0.0,False
7640,22.8861,CPM_DROP_PHY,699721699607,4,5.0,22.8861,drop_decision_no_action,-1,-1,-1,veh5,0.0,False
7640,22.8861,CPM_DROP_PHY,699721699607,4,6.0,22.8861,drop_decision_no_action,-1,-1,-1,veh6,0.0,False
7640,22.8861,CPM_DROP_PHY,699721699607,4,7.0,22.8861,drop_decision_no_action,-1,-1,-1,veh7,0.0,False
7640,22.8861,CPM_DROP_PHY,699721699607,4,8.0,22.8861,drop_decision_no_action,-1,-1,-1,veh8,0.0,False
7640,22.8861,CPM_DROP_PHY,699721699607,4,9.0,22.8861,drop_decision_no_action,-1,-1,-1,veh9,0.0,False
7616,22.8886,CPM_DROP_PHY,699721699599,6,10.0,22.8686,drop_decision_no_action,-1,-1,-1,veh10,-0.019999999999999574,False
7616,22.8886,CPM_DROP_PHY,699721699599,6,11.0,22.8686,drop_decision_no_action,-1,-1,-1,veh11,-0.019999999999999574,False
7616,22.8886,CPM_DROP_PHY,699721699599,6,12.0,22.8686,drop_decision_no_action,-1,-1,-1,veh12,-0.019999999999999574,False
7616,22.8886,CPM_DROP_PHY,699721699599,6,2.0,22.8686,drop_decision_no_action,-1,-1,-1,veh2,-0.019999999999999574,False
7616,22.8886,CPM_DROP_PHY,699721699599,6,3.0,22.8686,drop_decision_no_action,-1,-1,-1,veh3,-0.019999999999999574,False
7616,22.8886,CPM_DROP_PHY,699721699599,6,4.0,22.8686,drop_decision_no_action,-1,-1,-1,veh4,-0.019999999999999574,False
7616,22.8886,CPM_DROP_PHY,699721699599,6,5.0,22.8686,drop_decision_no_action,-1,-1,-1,veh5,-0.019999999999999574,False
7616,22.8886,CPM_DROP_PHY,699721699599,6,7.0,22.8686,drop_decision_no_action,-1,-1,-1,veh7,-0.019999999999999574,False
7616,22.8886,CPM_DROP_PHY,699721699599,6,8.0,22.8686,drop_decision_no_action,-1,-1,-1,veh8,-0.019999999999999574,False
7616,22.8886,CPM_DROP_PHY,699721699599,6,9.0,22.8686,drop_decision_no_action,-1,-1,-1,veh9,-0.019999999999999574,False
7676,22.9008,CPM_DROP_PHY,699721699626,8,10.0,22.9008,drop_decision_no_action,-1,-1,-1,veh10,0.0,False
7676,22.9008,CPM_DROP_PHY,699721699626,8,11.0,22.9008,drop_decision_no_action,-1,-1,-1,veh11,0.0,False
7676,22.9008,CPM_DROP_PHY,699721699626,8,12.0,22.9008,drop_decision_no_action,-1,-1,-1,veh12,0.0,False
7676,22.9008,CPM_DROP_PHY,699721699626,8,2.0,22.9008,drop_decision_no_action,-1,-1,-1,veh2,0.0,False
7676,22.9008,CPM_DROP_PHY,699721699626,8,3.0,22.9008,drop_decision_no_action,-1,-1,-1,veh3,0.0,False
7676,22.9008,CPM_DROP_PHY,699721699626,8,4.0,22.9008,drop_decision_no_action,-1,-1,-1,veh4,0.0,False
7676,22.9008,CPM_DROP_PHY,699721699626,8,6.0,22.9008,drop_decision_no_action,-1,-1,-1,veh6,0.0,False
7676,22.9008,CPM_DROP_PHY,699721699626,8,7.0,22.9008,drop_decision_no_action,-1,-1,-1,veh7,0.0,False
7676,22.9008,CPM_DROP_PHY,699721699626,8,9.0,22.9008,drop_decision_no_action,-1,-1,-1,veh9,0.0,False
7689,22.9076,CPM_DROP_PHY,699721699633,11,10.0,22.9076,drop_decision_no_action,-1,-1,-1,veh10,0.0,False
7689,22.9076,CAM_DROP_PHY,16559,11,10.0,22.9076,drop_decision_no_action,-1,-1,-1,veh10,0.0,False
7689,22.9076,CPM_DROP_PHY,699721699633,11,12.0,22.9076,drop_decision_no_action,-1,-1,-1,veh12,0.0,False
7689,22.9076,CAM_DROP_PHY,16559,11,12.0,22.9076,drop_decision_no_action,-1,-1,-1,veh12,0.0,False
7689,22.9076,CPM_DROP_PHY,699721699633,11,2.0,22.9076,drop_decision_no_action,-1,-1,-1,veh2,0.0,False
7689,22.9076,CAM_DROP_PHY,16559,11,2.0,22.9076,drop_decision_no_action,-1,-1,-1,veh2,0.0,False
7689,22.9076,CPM_DROP_PHY,699721699633,11,3.0,22.9076,drop_decision_no_action,-1,-1,-1,veh3,0.0,False
7689,22.9076,CAM_DROP_PHY,16559,11,3.0,22.9076,drop_decision_no_action,-1,-1,-1,veh3,0.0,False
7689,22.9076,CPM_DROP_PHY,699721699633,11,4.0,22.9076,drop_decision_no_action,-1,-1,-1,veh4,0.0,False
7689,22.9076,CAM_DROP_PHY,16559,11,4.0,22.9076,drop_decision_no_action,-1,-1,-1,veh4,0.0,False
7689,22.9076,CPM_DROP_PHY,699721699633,11,5.0,22.9076,drop_decision_no_action,-1,-1,-1,veh5,0.0,False
7689,22.9076,CAM_DROP_PHY,16559,11,5.0,22.9076,drop_decision_no_action,-1,-1,-1,veh5,0.0,False
7689,22.9076,CPM_DROP_PHY,699721699633,11,6.0,22.9076,drop_decision_no_action,-1,-1,-1,veh6,0.0,False
7689,22.9076,CAM_DROP_PHY,16559,11,6.0,22.9076,drop_decision_no_action,-1,-1,-1,veh6,0.0,False
7689,22.9076,CPM_DROP_PHY,699721699633,11,7.0,22.9076,drop_decision_no_action,-1,-1,-1,veh7,0.0,False
7689,22.9076,CAM_DROP_PHY,16559,11,7.0,22.9076,drop_decision_no_action,-1,-1,-1,veh7,0.0,False
7689,22.9076,CPM_DROP_PHY,699721699633,11,9.0,22.9076,drop_decision_no_action,-1,-1,-1,veh9,0.0,False
7689,22.9076,CAM_DROP_PHY,16559,11,9.0,22.9076,drop_decision_no_action,-1,-1,-1,veh9,0.0,False
7710,22.9236,CPM_DROP_PHY,699721699707,10,11.0,22.9236,drop_decision_no_action,-1,-1,-1,veh11,0.0,False
7710,22.9236,CPM_DROP_PHY,699721699707,10,12.0,22.9236,drop_decision_no_action,-1,-1,-1,veh12,0.0,False
7710,22.9236,CPM_DROP_PHY,699721699707,10,2.0,22.9236,drop_decision_no_action,-1,-1,-1,veh2,0.0,False
7710,22.9236,CPM_DROP_PHY,699721699707,10,3.0,22.9236,drop_decision_no_action,-1,-1,-1,veh3,0.0,False
7710,22.9236,CPM_DROP_PHY,699721699707,10,4.0,22.9236,drop_decision_no_action,-1,-1,-1,veh4,0.0,False
7710,22.9236,CPM_DROP_PHY,699721699707,10,5.0,22.9236,drop_decision_no_action,-1,-1,-1,veh5,0.0,False
7710,22.9236,CPM_DROP_PHY,699721699707,10,6.0,22.9236,drop_decision_no_action,-1,-1,-1,veh6,0.0,False
7710,22.9236,CPM_DROP_PHY,699721699707,10,7.0,22.9236,drop_decision_no_action,-1,-1,-1,veh7,0.0,False
7710,22.9236,CPM_DROP_PHY,699721699707,10,8.0,22.9236,drop_decision_no_action,-1,-1,-1,veh8,0.0,False
7710,22.9236,CPM_DROP_PHY,699721699707,10,9.0,22.9236,drop_decision_no_action,-1,-1,-1,veh9,0.0,False
7720,22.9261,CAM_DROP_PHY,16635,4,10.0,22.9261,drop_decision_no_action,-1,-1,-1,veh10,0.0,False
7720,22.9261,CAM_DROP_PHY,16635,4,11.0,22.9261,drop_decision_no_action,-1,-1,-1,veh11,0.0,False
7720,22.9261,CAM_DROP_PHY,16635,4,12.0,22.9261,drop_decision_no_action,-1,-1,-1,veh12,0.0,False
7720,22.9261,CAM_DROP_PHY,16635,4,2.0,22.9261,drop_decision_no_action,-1,-1,-1,veh2,0.0,False
7720,22.9261,CAM_DROP_PHY,16635,4,3.0,22.9261,drop_decision_no_action,-1,-1,-1,veh3,0.0,False
7720,22.9261,CAM_DROP_PHY,16635,4,5.0,22.9261,drop_decision_no_action,-1,-1,-1,veh5,0.0,False
7720,22.9261,CAM_DROP_PHY,16635,4,6.0,22.9261,drop_decision_no_action,-1,-1,-1,veh6,0.0,False
7720,22.9261,CAM_DROP_PHY,16635,4,7.0,22.9261,drop_decision_no_action,-1,-1,-1,veh7,0.0,False
7720,22.9261,CAM_DROP_PHY,16635,4,8.0,22.9261,drop_decision_no_action,-1,-1,-1,veh8,0.0,False
7720,22.9261,CAM_DROP_PHY,16635,4,9.0,22.9261,drop_decision_no_action,-1,-1,-1,veh9,0.0,False
7725,22.9393,CPM_DROP_PHY,699721699722,5,10.0,22.9393,drop_decision_no_action,-1,-1,-1,veh10,0.0,False
7725,22.9393,CPM_DROP_PHY,699721699722,5,11.0,22.9393,drop_decision_no_action,-1,-1,-1,veh11,0.0,False
7725,22.9393,CPM_DROP_PHY,699721699722,5,12.0,22.9393,drop_decision_no_action,-1,-1,-1,veh12,0.0,False
7725,22.9393,CPM_DROP_PHY,699721699722,5,2.0,22.9393,drop_decision_no_action,-1,-1,-1,veh2,0.0,False
7725,22.9393,CPM_DROP_PHY,699721699722,5,3.0,22.9393,drop_decision_no_action,-1,-1,-1,veh3,0.0,False
7725,22.9393,CPM_DROP_PHY,699721699722,5,4.0,22.9393,drop_decision_no_action,-1,-1,-1,veh4,0.0,False
7725,22.9393,CPM_DROP_PHY,699721699722,5,6.0,22.9393,drop_decision_no_action,-1,-1,-1,veh6,0.0,False
7725,22.9393,CPM_DROP_PHY,699721699722,5,7.0,22.9393,drop_decision_no_action,-1,-1,-1,veh7,0.0,False
7725,22.9393,CPM_DROP_PHY,699721699722,5,8.0,22.9393,drop_decision_no_action,-1,-1,-1,veh8,0.0,False
7725,22.9393,CPM_DROP_PHY,699721699722,5,9.0,22.9393,drop_decision_no_action,-1,-1,-1,veh9,0.0,False
7741,22.9408,CAM_DROP_PHY,16651,8,10.0,22.9408,drop_decision_no_action,-1,-1,-1,veh10,0.0,False
7741,22.9408,CAM_DROP_PHY,16651,8,11.0,22.9408,drop_decision_no_action,-1,-1,-1,veh11,0.0,False
7741,22.9408,CAM_DROP_PHY,16651,8,12.0,22.9408,drop_decision_no_action,-1,-1,-1,veh12,0.0,False
7741,22.9408,CAM_DROP_PHY,16651,8,2.0,22.9408,drop_decision_no_action,-1,-1,-1,veh2,0.0,False
7741,22.9408,CAM_DROP_PHY,16651,8,3.0,22.9408,drop_decision_no_action,-1,-1,-1,veh3,0.0,False
7741,22.9408,CAM_DROP_PHY,16651,8,4.0,22.9408,drop_decision_no_action,-1,-1,-1,veh4,0.0,False
7741,22.9408,CAM_DROP_PHY,16651,8,6.0,22.9408,drop_decision_no_action,-1,-1,-1,veh6,0.0,False
7741,22.9408,CAM_DROP_PHY,16651,8,7.0,22.9408,drop_decision_no_action,-1,-1,-1,veh7,0.0,False
7741,22.9408,CAM_DROP_PHY,16651,8,9.0,22.9408,drop_decision_no_action,-1,-1,-1,veh9,0.0,False
7751,22.9466,CPM_DROP_PHY,699721699743,7,10.0,22.9466,drop_decision_no_action,-1,-1,-1,veh10,0.0,False
7751,22.9466,CPM_DROP_PHY,699721699743,7,11.0,22.9466,drop_decision_no_action,-1,-1,-1,veh11,0.0,False
7751,22.9466,CPM_DROP_PHY,699721699743,7,12.0,22.9466,drop_decision_no_action,-1,-1,-1,veh12,0.0,False
7751,22.9466,CPM_DROP_PHY,699721699743,7,2.0,22.9466,drop_decision_no_action,-1,-1,-1,veh2,0.0,False
7751,22.9466,CPM_DROP_PHY,699721699743,7,3.0,22.9466,drop_decision_no_action,-1,-1,-1,veh3,0.0,False
7751,22.9466,CPM_DROP_PHY,699721699743,7,4.0,22.9466,drop_decision_no_action,-1,-1,-1,veh4,0.0,False
7751,22.9466,CPM_DROP_PHY,699721699743,7,5.0,22.9466,drop_decision_no_action,-1,-1,-1,veh5,0.0,False
7751,22.9466,CPM_DROP_PHY,699721699743,7,6.0,22.9466,drop_decision_no_action,-1,-1,-1,veh6,0.0,False
7751,22.9466,CPM_DROP_PHY,699721699743,7,8.0,22.9466,drop_decision_no_action,-1,-1,-1,veh8,0.0,False
7751,22.9466,CPM_DROP_PHY,699721699743,7,9.0,22.9466,drop_decision_no_action,-1,-1,-1,veh9,0.0,False
7748,22.9521,CAM_DROP_PHY,16655,3,10.0,22.9521,drop_decision_no_action,-1,-1,-1,veh10,0.0,False
7748,22.9521,CAM_DROP_PHY,16655,3,11.0,22.9521,drop_decision_no_action,-1,-1,-1,veh11,0.0,False
7748,22.9521,CAM_DROP_PHY,16655,3,12.0,22.9521,drop_decision_no_action,-1,-1,-1,veh12,0.0,False
7748,22.9521,CAM_DROP_PHY,16655,3,2.0,22.9521,drop_decision_no_action,-1,-1,-1,veh2,0.0,False
7748,22.9521,CAM_DROP_PHY,16655,3,4.0,22.9521,drop_decision_no_action,-1,-1,-1,veh4,0.0,False
7748,22.9521,CAM_DROP_PHY,16655,3,5.0,22.9521,drop_decision_no_action,-1,-1,-1,veh5,0.0,False
7748,22.9521,CAM_DROP_PHY,16655,3,6.0,22.9521,drop_decision_no_action,-1,-1,-1,veh6,0.0,False
7748,22.9521,CAM_DROP_PHY,16655,3,7.0,22.9521,drop_decision_no_action,-1,-1,-1,veh7,0.0,False
7748,22.9521,CAM_DROP_PHY,16655,3,8.0,22.9521,drop_decision_no_action,-1,-1,-1,veh8,0.0,False
7748,22.9521,CAM_DROP_PHY,16655,3,9.0,22.9521,drop_decision_no_action,-1,-1,-1,veh9,0.0,False
7751,22.9666,CAM_DROP_PHY,16671,7,10.0,22.9466,drop_decision_no_action,-1,-1,-1,veh10,-0.019999999999999574,False
7751,22.9666,CAM_DROP_PHY,16671,7,11.0,22.9466,drop_decision_no_action,-1,-1,-1,veh11,-0.019999999999999574,False
7751,22.9666,CAM_DROP_PHY,16671,7,12.0,22.9466,drop_decision_no_action,-1,-1,-1,veh12,-0.019999999999999574,False
7751,22.9666,CAM_DROP_PHY,16671,7,2.0,22.9466,drop_decision_no_action,-1,-1,-1,veh2,-0.019999999999999574,False
7751,22.9666,CAM_DROP_PHY,16671,7,3.0,22.9466,drop_decision_no_action,-1,-1,-1,veh3,-0.019999999999999574,False
7751,22.9666,CAM_DROP_PHY,16671,7,4.0,22.9466,drop_decision_no_action,-1,-1,-1,veh4,-0.019999999999999574,False
7751,22.9666,CAM_DROP_PHY,16671,7,5.0,22.9466,drop_decision_no_action,-1,-1,-1,veh5,-0.019999999999999574,False
7751,22.9666,CAM_DROP_PHY,16671,7,6.0,22.9466,drop_decision_no_action,-1,-1,-1,veh6,-0.019999999999999574,False
7751,22.9666,CAM_DROP_PHY,16671,7,8.0,22.9466,drop_decision_no_action,-1,-1,-1,veh8,-0.019999999999999574,False
7751,22.9666,CAM_DROP_PHY,16671,7,9.0,22.9466,drop_decision_no_action,-1,-1,-1,veh9,-0.019999999999999574,False
7792,22.9686,CPM_DROP_PHY,699721699772,6,10.0,22.9686,drop_decision_no_action,-1,-1,-1,veh10,0.0,False
7792,22.9686,CPM_DROP_PHY,699721699772,6,11.0,22.9686,drop_decision_no_action,-1,-1,-1,veh11,0.0,False
7792,22.9686,CPM_DROP_PHY,699721699772,6,12.0,22.9686,drop_decision_no_action,-1,-1,-1,veh12,0.0,False
7792,22.9686,CPM_DROP_PHY,699721699772,6,2.0,22.9686,drop_decision_no_action,-1,-1,-1,veh2,0.0,False
7792,22.9686,CPM_DROP_PHY,699721699772,6,3.0,22.9686,drop_decision_no_action,-1,-1,-1,veh3,0.0,False
7792,22.9686,CPM_DROP_PHY,699721699772,6,4.0,22.9686,drop_decision_no_action,-1,-1,-1,veh4,0.0,False
7792,22.9686,CPM_DROP_PHY,699721699772,6,5.0,22.9686,drop_decision_no_action,-1,-1,-1,veh5,0.0,False
7792,22.9686,CPM_DROP_PHY,699721699772,6,7.0,22.9686,drop_decision_no_action,-1,-1,-1,veh7,0.0,False
7792,22.9686,CPM_DROP_PHY,699721699772,6,8.0,22.9686,drop_decision_no_action,-1,-1,-1,veh8,0.0,False
7792,22.9686,CPM_DROP_PHY,699721699772,6,9.0,22.9686,drop_decision_no_action,-1,-1,-1,veh9,0.0,False
7793,22.9713,CPM_DROP_PHY,699721699774,9,10.0,22.9713,drop_decision_no_action,-1,-1,-1,veh10,0.0,False
7793,22.9713,CPM_DROP_PHY,699721699774,9,11.0,22.9713,drop_decision_no_action,-1,-1,-1,veh11,0.0,False
7793,22.9713,CPM_DROP_PHY,699721699774,9,12.0,22.9713,drop_decision_no_action,-1,-1,-1,veh12,0.0,False
7793,22.9713,CPM_DROP_PHY,699721699774,9,2.0,22.9713,drop_decision_no_action,-1,-1,-1,veh2,0.0,False
7793,22.9713,CPM_DROP_PHY,699721699774,9,3.0,22.9713,drop_decision_no_action,-1,-1,-1,veh3,0.0,False
7793,22.9713,CPM_DROP_PHY,699721699774,9,4.0,22.9713,drop_decision_no_action,-1,-1,-1,veh4,0.0,False
7793,22.9713,CPM_DROP_PHY,699721699774,9,5.0,22.9713,drop_decision_no_action,-1,-1,-1,veh5,0.0,False
7793,22.9713,CPM_DROP_PHY,699721699774,9,6.0,22.9713,drop_decision_no_action,-1,-1,-1,veh6,0.0,False
7793,22.9713,CPM_DROP_PHY,699721699774,9,7.0,22.9713,drop_decision_no_action,-1,-1,-1,veh7,0.0,False
7793,22.9713,CPM_DROP_PHY,699721699774,9,8.0,22.9713,drop_decision_no_action,-1,-1,-1,veh8,0.0,False
7777,22.9716,CPM_DROP_PHY,699721699761,12,10.0,22.9716,drop_decision_no_action,-1,-1,-1,veh10,0.0,False
7777,22.9716,CPM_DROP_PHY,699721699761,12,11.0,22.9716,drop_decision_no_action,-1,-1,-1,veh11,0.0,False
7777,22.9716,CPM_DROP_PHY,699721699761,12,2.0,22.9716,drop_decision_no_action,-1,-1,-1,veh2,0.0,False
7777,22.9716,CPM_DROP_PHY,699721699761,12,3.0,22.9716,drop_decision_no_action,-1,-1,-1,veh3,0.0,False
7777,22.9716,CPM_DROP_PHY,699721699761,12,4.0,22.9716,drop_decision_no_action,-1,-1,-1,veh4,0.0,False
7777,22.9716,CPM_DROP_PHY,699721699761,12,5.0,22.9716,drop_decision_no_action,-1,-1,-1,veh5,0.0,False
7777,22.9716,CPM_DROP_PHY,699721699761,12,6.0,22.9716,drop_decision_no_action,-1,-1,-1,veh6,0.0,False
7777,22.9716,CPM_DROP_PHY,699721699761,12,7.0,22.9716,drop_decision_no_action,-1,-1,-1,veh7,0.0,False
7777,22.9716,CPM_DROP_PHY,699721699761,12,8.0,22.9716,drop_decision_no_action,-1,-1,-1,veh8,0.0,False
7748,22.9721,CPM_DROP_PHY,699721699740,3,10.0,22.9521,drop_decision_no_action,-1,-1,-1,veh10,-0.019999999999999574,False
7748,22.9721,CPM_DROP_PHY,699721699740,3,11.0,22.9521,drop_decision_no_action,-1,-1,-1,veh11,-0.019999999999999574,False
7748,22.9721,CPM_DROP_PHY,699721699740,3,12.0,22.9521,drop_decision_no_action,-1,-1,-1,veh12,-0.019999999999999574,False
7748,22.9721,CPM_DROP_PHY,699721699740,3,2.0,22.9521,drop_decision_no_action,-1,-1,-1,veh2,-0.019999999999999574,False
7748,22.9721,CPM_DROP_PHY,699721699740,3,4.0,22.9521,drop_decision_no_action,-1,-1,-1,veh4,-0.019999999999999574,False
7748,22.9721,CPM_DROP_PHY,699721699740,3,5.0,22.9521,drop_decision_no_action,-1,-1,-1,veh5,-0.019999999999999574,False
7748,22.9721,CPM_DROP_PHY,699721699740,3,6.0,22.9521,drop_decision_no_action,-1,-1,-1,veh6,-0.019999999999999574,False
7748,22.9721,CPM_DROP_PHY,699721699740,3,7.0,22.9521,drop_decision_no_action,-1,-1,-1,veh7,-0.019999999999999574,False
7748,22.9721,CPM_DROP_PHY,699721699740,3,8.0,22.9521,drop_decision_no_action,-1,-1,-1,veh8,-0.019999999999999574,False
7748,22.9721,CPM_DROP_PHY,699721699740,3,9.0,22.9521,drop_decision_no_action,-1,-1,-1,veh9,-0.019999999999999574,False
7803,22.9861,CPM_DROP_PHY,699721699779,4,10.0,22.9861,drop_decision_no_action,-1,-1,-1,veh10,0.0,False
7803,22.9861,CPM_DROP_PHY,699721699779,4,11.0,22.9861,drop_decision_no_action,-1,-1,-1,veh11,0.0,False
7803,22.9861,CPM_DROP_PHY,699721699779,4,12.0,22.9861,drop_decision_no_action,-1,-1,-1,veh12,0.0,False
7803,22.9861,CPM_DROP_PHY,699721699779,4,2.0,22.9861,drop_decision_no_action,-1,-1,-1,veh2,0.0,False
7803,22.9861,CPM_DROP_PHY,699721699779,4,3.0,22.9861,drop_decision_no_action,-1,-1,-1,veh3,0.0,False
7803,22.9861,CPM_DROP_PHY,699721699779,4,5.0,22.9861,drop_decision_no_action,-1,-1,-1,veh5,0.0,False
7803,22.9861,CPM_DROP_PHY,699721699779,4,6.0,22.9861,drop_decision_no_action,-1,-1,-1,veh6,0.0,False
7803,22.9861,CPM_DROP_PHY,699721699779,4,7.0,22.9861,drop_decision_no_action,-1,-1,-1,veh7,0.0,False
7803,22.9861,CPM_DROP_PHY,699721699779,4,8.0,22.9861,drop_decision_no_action,-1,-1,-1,veh8,0.0,False
7803,22.9861,CPM_DROP_PHY,699721699779,4,9.0,22.9861,drop_decision_no_action,-1,-1,-1,veh9,0.0,False
7676,23.0008,CPM_DROP_PHY,699721699626,8,5.0,23.0008,drop_decision_no_action,-1,-1,-1,veh5,0.0,False
7861,23.0056,CAM_DROP_PHY,16730,2,10.0,23.0056,drop_decision_no_action,-1,-1,-1,veh10,0.0,False
7861,23.0056,CAM_DROP_PHY,16730,2,11.0,23.0056,drop_decision_no_action,-1,-1,-1,veh11,0.0,False
7861,23.0056,CAM_DROP_PHY,16730,2,12.0,23.0056,drop_decision_no_action,-1,-1,-1,veh12,0.0,False
7861,23.0056,CAM_DROP_PHY,16730,2,3.0,23.0056,drop_decision_no_action,-1,-1,-1,veh3,0.0,False
7861,23.0056,CAM_DROP_PHY,16730,2,4.0,23.0056,drop_decision_no_action,-1,-1,-1,veh4,0.0,False
7861,23.0056,CAM_DROP_PHY,16730,2,5.0,23.0056,drop_decision_no_action,-1,-1,-1,veh5,0.0,False
7861,23.0056,CAM_DROP_PHY,16730,2,6.0,23.0056,drop_decision_no_action,-1,-1,-1,veh6,0.0,False
7861,23.0056,CAM_DROP_PHY,16730,2,7.0,23.0056,drop_decision_no_action,-1,-1,-1,veh7,0.0,False
7861,23.0056,CAM_DROP_PHY,16730,2,8.0,23.0056,drop_decision_no_action,-1,-1,-1,veh8,0.0,False
7861,23.0056,CAM_DROP_PHY,16730,2,9.0,23.0056,drop_decision_no_action,-1,-1,-1,veh9,0.0,False
7860,23.0076,CPM_DROP_PHY,699721699806,11,10.0,23.0076,drop_decision_no_action,-1,-1,-1,veh10,0.0,False
7860,23.0076,CPM_DROP_PHY,699721699806,11,12.0,23.0076,drop_decision_no_action,-1,-1,-1,veh12,0.0,False
7860,23.0076,CPM_DROP_PHY,699721699806,11,2.0,23.0076,drop_decision_no_action,-1,-1,-1,veh2,0.0,False
7860,23.0076,CPM_DROP_PHY,699721699806,11,3.0,23.0076,drop_decision_no_action,-1,-1,-1,veh3,0.0,False
7860,23.0076,CPM_DROP_PHY,699721699806,11,4.0,23.0076,drop_decision_no_action,-1,-1,-1,veh4,0.0,False
7860,23.0076,CPM_DROP_PHY,699721699806,11,5.0,23.0076,drop_decision_no_action,-1,-1,-1,veh5,0.0,False
7860,23.0076,CPM_DROP_PHY,699721699806,11,6.0,23.0076,drop_decision_no_action,-1,-1,-1,veh6,0.0,False
7860,23.0076,CPM_DROP_PHY,699721699806,11,7.0,23.0076,drop_decision_no_action,-1,-1,-1,veh7,0.0,False
7860,23.0076,CPM_DROP_PHY,699721699806,11,9.0,23.0076,drop_decision_no_action,-1,-1,-1,veh9,0.0,False
7876,23.0236,CPM_DROP_PHY,699721699883,10,11.0,23.0236,drop_decision_no_action,-1,-1,-1,veh11,0.0,False
7876,23.0236,CPM_DROP_PHY,699721699883,10,12.0,23.0236,cpm_drop_reaction,0,0,8,veh12,0.0,False
7876,23.0236,CPM_DROP_PHY,699721699883,10,2.0,23.0236,drop_decision_no_action,-1,-1,-1,veh2,0.0,False
7876,23.0236,CPM_DROP_PHY,699721699883,10,3.0,23.0236,cpm_drop_reaction,0,0,15,veh3,0.0,False
7876,23.0236,CPM_DROP_PHY,699721699883,10,4.0,23.0236,cpm_drop_reaction,0,0,15,veh4,0.0,False
7876,23.0236,CPM_DROP_PHY,699721699883,10,5.0,23.0236,drop_decision_no_action,-1,-1,-1,veh5,0.0,False
7876,23.0236,CPM_DROP_PHY,699721699883,10,6.0,23.0236,cpm_drop_reaction,0,0,15,veh6,0.0,False
7876,23.0236,CPM_DROP_PHY,699721699883,10,7.0,23.0236,cpm_drop_reaction,0,0,15,veh7,0.0,False
7876,23.0236,CPM_DROP_PHY,699721699883,10,8.0,23.0236,cpm_drop_reaction,0,0,15,veh8,0.0,False
7876,23.0236,CPM_DROP_PHY,699721699883,10,9.0,23.0236,cpm_drop_reaction,1,0,45,veh9,0.0,True
7891,23.0368,CPM_DROP_PHY,699721699895,5,10.0,23.0368,drop_decision_no_action,-1,-1,-1,veh10,0.0,False
7891,23.0368,CPM_DROP_PHY,699721699895,5,11.0,23.0368,drop_decision_no_action,-1,-1,-1,veh11,0.0,False
7891,23.0368,CPM_DROP_PHY,699721699895,5,12.0,23.0368,drop_decision_no_action,-1,-1,-1,veh12,0.0,False
7891,23.0368,CPM_DROP_PHY,699721699895,5,2.0,23.0368,drop_decision_no_action,-1,-1,-1,veh2,0.0,False
7891,23.0368,CPM_DROP_PHY,699721699895,5,3.0,23.0368,drop_decision_no_action,-1,-1,-1,veh3,0.0,False
7891,23.0368,CPM_DROP_PHY,699721699895,5,4.0,23.0368,drop_decision_no_action,-1,-1,-1,veh4,0.0,False
7891,23.0368,CPM_DROP_PHY,699721699895,5,6.0,23.0368,drop_decision_no_action,-1,-1,-1,veh6,0.0,False
7891,23.0368,CPM_DROP_PHY,699721699895,5,7.0,23.0368,drop_decision_no_action,-1,-1,-1,veh7,0.0,False
7891,23.0368,CPM_DROP_PHY,699721699895,5,8.0,23.0368,drop_decision_no_action,-1,-1,-1,veh8,0.0,False
7891,23.0368,CPM_DROP_PHY,699721699895,5,9.0,23.0368,drop_decision_no_action,-1,-1,-1,veh9,0.0,False
7909,23.0466,CPM_DROP_PHY,699721699913,7,10.0,23.0466,drop_decision_no_action,-1,-1,-1,veh10,0.0,False
7909,23.0466,CPM_DROP_PHY,699721699913,7,11.0,23.0466,cpm_drop_reaction,0,0,8,veh11,0.0,False
7909,23.0466,CPM_DROP_PHY,699721699913,7,12.0,23.0466,drop_decision_no_action,-1,-1,-1,veh12,0.0,False
7909,23.0466,CPM_DROP_PHY,699721699913,7,2.0,23.0466,drop_decision_no_action,-1,-1,-1,veh2,0.0,False
7909,23.0466,CPM_DROP_PHY,699721699913,7,3.0,23.0466,drop_decision_no_action,-1,-1,-1,veh3,0.0,False
7909,23.0466,CPM_DROP_PHY,699721699913,7,4.0,23.0466,drop_decision_no_action,-1,-1,-1,veh4,0.0,False
7909,23.0466,CPM_DROP_PHY,699721699913,7,5.0,23.0466,drop_decision_no_action,-1,-1,-1,veh5,0.0,False
7909,23.0466,CPM_DROP_PHY,699721699913,7,6.0,23.0466,drop_decision_no_action,-1,-1,-1,veh6,0.0,False
7909,23.0466,CPM_DROP_PHY,699721699913,7,8.0,23.0466,drop_decision_no_action,-1,-1,-1,veh8,0.0,False
7909,23.0466,CPM_DROP_PHY,699721699913,7,9.0,23.0466,drop_decision_no_action,-1,-1,-1,veh9,0.0,False
7927,23.0513,CAM_DROP_PHY,16846,9,10.0,23.0513,drop_decision_no_action,-1,-1,-1,veh10,0.0,False
7927,23.0513,CAM_DROP_PHY,16846,9,11.0,23.0513,drop_decision_no_action,-1,-1,-1,veh11,0.0,False
7927,23.0513,CAM_DROP_PHY,16846,9,12.0,23.0513,drop_decision_no_action,-1,-1,-1,veh12,0.0,False
7927,23.0513,CAM_DROP_PHY,16846,9,2.0,23.0513,drop_decision_no_action,-1,-1,-1,veh2,0.0,False
7927,23.0513,CAM_DROP_PHY,16846,9,3.0,23.0513,drop_decision_no_action,-1,-1,-1,veh3,0.0,False
7927,23.0513,CAM_DROP_PHY,16846,9,4.0,23.0513,drop_decision_no_action,-1,-1,-1,veh4,0.0,False
7927,23.0513,CAM_DROP_PHY,16846,9,5.0,23.0513,drop_decision_no_action,-1,-1,-1,veh5,0.0,False
7927,23.0513,CAM_DROP_PHY,16846,9,6.0,23.0513,drop_decision_no_action,-1,-1,-1,veh6,0.0,False
7927,23.0513,CAM_DROP_PHY,16846,9,7.0,23.0513,drop_decision_no_action,-1,-1,-1,veh7,0.0,False
7927,23.0513,CAM_DROP_PHY,16846,9,8.0,23.0513,drop_decision_no_action,-1,-1,-1,veh8,0.0,False
7908,23.0521,CPM_DROP_PHY,699721699909,3,10.0,23.0521,drop_decision_no_action,-1,-1,-1,veh10,0.0,False
7908,23.0521,CPM_DROP_PHY,699721699909,3,11.0,23.0521,drop_decision_no_action,-1,-1,-1,veh11,0.0,False
7908,23.0521,CPM_DROP_PHY,699721699909,3,12.0,23.0521,drop_decision_no_action,-1,-1,-1,veh12,0.0,False
7908,23.0521,CPM_DROP_PHY,699721699909,3,2.0,23.0521,drop_decision_no_action,-1,-1,-1,veh2,0.0,False
7908,23.0521,CPM_DROP_PHY,699721699909,3,4.0,23.0521,drop_decision_no_action,-1,-1,-1,veh4,0.0,False
7908,23.0521,CPM_DROP_PHY,699721699909,3,5.0,23.0521,cpm_drop_reaction,0,0,15,veh5,0.0,False
7908,23.0521,CPM_DROP_PHY,699721699909,3,6.0,23.0521,drop_decision_no_action,-1,-1,-1,veh6,0.0,False
7908,23.0521,CPM_DROP_PHY,699721699909,3,7.0,23.0521,drop_decision_no_action,-1,-1,-1,veh7,0.0,False
7908,23.0521,CPM_DROP_PHY,699721699909,3,8.0,23.0521,drop_decision_no_action,-1,-1,-1,veh8,0.0,False
7908,23.0521,CPM_DROP_PHY,699721699909,3,9.0,23.0521,drop_decision_no_action,-1,-1,-1,veh9,0.0,False
7949,23.0686,CPM_DROP_PHY,699721699942,6,10.0,23.0686,cpm_drop_reaction,0,0,8,veh10,0.0,False
7949,23.0686,CPM_DROP_PHY,699721699942,6,11.0,23.0686,drop_decision_no_action,-1,-1,-1,veh11,0.0,False
7949,23.0686,CPM_DROP_PHY,699721699942,6,12.0,23.0686,drop_decision_no_action,-1,-1,-1,veh12,0.0,False
7949,23.0686,CPM_DROP_PHY,699721699942,6,2.0,23.0686,drop_decision_no_action,-1,-1,-1,veh2,0.0,False
7949,23.0686,CPM_DROP_PHY,699721699942,6,3.0,23.0686,drop_decision_no_action,-1,-1,-1,veh3,0.0,False
7949,23.0686,CPM_DROP_PHY,699721699942,6,4.0,23.0686,drop_decision_no_action,-1,-1,-1,veh4,0.0,False
7949,23.0686,CPM_DROP_PHY,699721699942,6,5.0,23.0686,drop_decision_no_action,-1,-1,-1,veh5,0.0,False
7949,23.0686,CPM_DROP_PHY,699721699942,6,7.0,23.0686,drop_decision_no_action,-1,-1,-1,veh7,0.0,False
7949,23.0686,CPM_DROP_PHY,699721699942,6,8.0,23.0686,drop_decision_no_action,-1,-1,-1,veh8,0.0,False
7949,23.0686,CPM_DROP_PHY,699721699942,6,9.0,23.0686,drop_decision_no_action,-1,-1,-1,veh9,0.0,False
7951,23.0713,CPM_DROP_PHY,699721699945,9,10.0,23.0713,drop_decision_no_action,-1,-1,-1,veh10,0.0,False
7951,23.0713,CPM_DROP_PHY,699721699945,9,11.0,23.0713,drop_decision_no_action,-1,-1,-1,veh11,0.0,False
7951,23.0713,CPM_DROP_PHY,699721699945,9,12.0,23.0713,drop_decision_no_action,-1,-1,-1,veh12,0.0,False
7951,23.0713,CPM_DROP_PHY,699721699945,9,2.0,23.0713,drop_decision_no_action,-1,-1,-1,veh2,0.0,False
7951,23.0713,CPM_DROP_PHY,699721699945,9,3.0,23.0713,drop_decision_no_action,-1,-1,-1,veh3,0.0,False
7951,23.0713,CPM_DROP_PHY,699721699945,9,4.0,23.0713,drop_decision_no_action,-1,-1,-1,veh4,0.0,False
7951,23.0713,CPM_DROP_PHY,699721699945,9,5.0,23.0713,drop_decision_no_action,-1,-1,-1,veh5,0.0,False
7951,23.0713,CPM_DROP_PHY,699721699945,9,6.0,23.0713,drop_decision_no_action,-1,-1,-1,veh6,0.0,False
7951,23.0713,CPM_DROP_PHY,699721699945,9,7.0,23.0713,drop_decision_no_action,-1,-1,-1,veh7,0.0,False
7933,23.0716,CPM_DROP_PHY,699721699930,12,10.0,23.0716,drop_decision_no_action,-1,-1,-1,veh10,0.0,False
7933,23.0716,CPM_DROP_PHY,699721699930,12,11.0,23.0716,drop_decision_no_action,-1,-1,-1,veh11,0.0,False
7933,23.0716,CPM_DROP_PHY,699721699930,12,2.0,23.0716,drop_decision_no_action,-1,-1,-1,veh2,0.0,False
7933,23.0716,CPM_DROP_PHY,699721699930,12,3.0,23.0716,drop_decision_no_action,-1,-1,-1,veh3,0.0,False
7933,23.0716,CPM_DROP_PHY,699721699930,12,4.0,23.0716,drop_decision_no_action,-1,-1,-1,veh4,0.0,False
7933,23.0716,CPM_DROP_PHY,699721699930,12,5.0,23.0716,drop_decision_no_action,-1,-1,-1,veh5,0.0,False
7933,23.0716,CPM_DROP_PHY,699721699930,12,6.0,23.0716,drop_decision_no_action,-1,-1,-1,veh6,0.0,False
7933,23.0716,CPM_DROP_PHY,699721699930,12,7.0,23.0716,drop_decision_no_action,-1,-1,-1,veh7,0.0,False
7933,23.0716,CPM_DROP_PHY,699721699930,12,8.0,23.0716,drop_decision_no_action,-1,-1,-1,veh8,0.0,False
7986,23.0858,CAM_DROP_PHY,16885,10,11.0,23.0858,drop_decision_no_action,-1,-1,-1,veh11,0.0,False
7986,23.0858,CAM_DROP_PHY,16885,10,12.0,23.0858,drop_decision_no_action,-1,-1,-1,veh12,0.0,False
7986,23.0858,CAM_DROP_PHY,16885,10,2.0,23.0858,drop_decision_no_action,-1,-1,-1,veh2,0.0,False
7986,23.0858,CAM_DROP_PHY,16885,10,3.0,23.0858,drop_decision_no_action,-1,-1,-1,veh3,0.0,False
7986,23.0858,CAM_DROP_PHY,16885,10,4.0,23.0858,drop_decision_no_action,-1,-1,-1,veh4,0.0,False
7986,23.0858,CAM_DROP_PHY,16885,10,5.0,23.0858,drop_decision_no_action,-1,-1,-1,veh5,0.0,False
7986,23.0858,CAM_DROP_PHY,16885,10,6.0,23.0858,drop_decision_no_action,-1,-1,-1,veh6,0.0,False
7986,23.0858,CAM_DROP_PHY,16885,10,7.0,23.0858,drop_decision_no_action,-1,-1,-1,veh7,0.0,False
7986,23.0858,CAM_DROP_PHY,16885,10,8.0,23.0858,drop_decision_no_action,-1,-1,-1,veh8,0.0,False
7986,23.0858,CAM_DROP_PHY,16885,10,9.0,23.0858,drop_decision_no_action,-1,-1,-1,veh9,0.0,False
7958,23.0861,CPM_DROP_PHY,699721699949,4,10.0,23.0861,drop_decision_no_action,-1,-1,-1,veh10,0.0,False
7958,23.0861,CPM_DROP_PHY,699721699949,4,11.0,23.0861,drop_decision_no_action,-1,-1,-1,veh11,0.0,False
7958,23.0861,CPM_DROP_PHY,699721699949,4,12.0,23.0861,drop_decision_no_action,-1,-1,-1,veh12,0.0,False
7958,23.0861,CPM_DROP_PHY,699721699949,4,2.0,23.0861,drop_decision_no_action,-1,-1,-1,veh2,0.0,False
7958,23.0861,CPM_DROP_PHY,699721699949,4,3.0,23.0861,drop_decision_no_action,-1,-1,-1,veh3,0.0,False
7958,23.0861,CPM_DROP_PHY,699721699949,4,5.0,23.0861,drop_decision_no_action,-1,-1,-1,veh5,0.0,False
7958,23.0861,CPM_DROP_PHY,699721699949,4,6.0,23.0861,drop_decision_no_action,-1,-1,-1,veh6,0.0,False
7958,23.0861,CPM_DROP_PHY,699721699949,4,7.0,23.0861,drop_decision_no_action,-1,-1,-1,veh7,0.0,False
7958,23.0861,CPM_DROP_PHY,699721699949,4,8.0,23.0861,drop_decision_no_action,-1,-1,-1,veh8,0.0,False
7958,23.0861,CPM_DROP_PHY,699721699949,4,9.0,23.0861,drop_decision_no_action,-1,-1,-1,veh9,0.0,False
8008,23.1076,CPM_DROP_PHY,699721699977,11,10.0,23.1076,drop_decision_no_action,-1,-1,-1,veh10,0.0,False
8008,23.1076,CPM_DROP_PHY,699721699977,11,12.0,23.1076,drop_decision_no_action,-1,-1,-1,veh12,0.0,False
8008,23.1076,CPM_DROP_PHY,699721699977,11,2.0,23.1076,drop_decision_no_action,-1,-1,-1,veh2,0.0,False
8008,23.1076,CPM_DROP_PHY,699721699977,11,3.0,23.1076,drop_decision_no_action,-1,-1,-1,veh3,0.0,False
8008,23.1076,CPM_DROP_PHY,699721699977,11,4.0,23.1076,drop_decision_no_action,-1,-1,-1,veh4,0.0,False
8008,23.1076,CPM_DROP_PHY,699721699977,11,5.0,23.1076,drop_decision_no_action,-1,-1,-1,veh5,0.0,False
8008,23.1076,CPM_DROP_PHY,699721699977,11,6.0,23.1076,drop_decision_no_action,-1,-1,-1,veh6,0.0,False
8008,23.1076,CPM_DROP_PHY,699721699977,11,7.0,23.1076,drop_decision_no_action,-1,-1,-1,veh7,0.0,False
7860,23.1076,CPM_DROP_PHY,699721699806,11,8.0,23.1076,drop_decision_no_action,-1,-1,-1,veh8,0.0,False
8008,23.1076,CPM_DROP_PHY,699721699977,11,8.0,23.1076,drop_decision_no_action,-1,-1,-1,veh8,0.0,False
8008,23.1076,CPM_DROP_PHY,699721699977,11,9.0,23.1076,drop_decision_no_action,-1,-1,-1,veh9,0.0,False
8019,23.1168,CAM_DROP_PHY,16964,5,10.0,23.1168,drop_decision_no_action,-1,-1,-1,veh10,0.0,False
8019,23.1168,CAM_DROP_PHY,16964,5,11.0,23.1168,drop_decision_no_action,-1,-1,-1,veh11,0.0,False
8019,23.1168,CAM_DROP_PHY,16964,5,12.0,23.1168,drop_decision_no_action,-1,-1,-1,veh12,0.0,False
8019,23.1168,CAM_DROP_PHY,16964,5,2.0,23.1168,drop_decision_no_action,-1,-1,-1,veh2,0.0,False
8019,23.1168,CAM_DROP_PHY,16964,5,3.0,23.1168,drop_decision_no_action,-1,-1,-1,veh3,0.0,False
8019,23.1168,CAM_DROP_PHY,16964,5,4.0,23.1168,drop_decision_no_action,-1,-1,-1,veh4,0.0,False
8019,23.1168,CAM_DROP_PHY,16964,5,6.0,23.1168,drop_decision_no_action,-1,-1,-1,veh6,0.0,False
8019,23.1168,CAM_DROP_PHY,16964,5,7.0,23.1168,drop_decision_no_action,-1,-1,-1,veh7,0.0,False
8019,23.1168,CAM_DROP_PHY,16964,5,8.0,23.1168,drop_decision_no_action,-1,-1,-1,veh8,0.0,False
8019,23.1168,CAM_DROP_PHY,16964,5,9.0,23.1168,drop_decision_no_action,-1,-1,-1,veh9,0.0,False
8024,23.1258,CPM_DROP_PHY,699721700048,10,11.0,23.1258,drop_decision_no_action,-1,-1,-1,veh11,0.0,False
8024,23.1258,CPM_DROP_PHY,699721700048,10,12.0,23.1258,drop_decision_no_action,-1,-1,-1,veh12,0.0,False
8024,23.1258,CPM_DROP_PHY,699721700048,10,2.0,23.1258,drop_decision_no_action,-1,-1,-1,veh2,0.0,False
8024,23.1258,CPM_DROP_PHY,699721700048,10,3.0,23.1258,drop_decision_no_action,-1,-1,-1,veh3,0.0,False
8024,23.1258,CPM_DROP_PHY,699721700048,10,4.0,23.1258,drop_decision_no_action,-1,-1,-1,veh4,0.0,False
8024,23.1258,CPM_DROP_PHY,699721700048,10,5.0,23.1258,drop_decision_no_action,-1,-1,-1,veh5,0.0,False
8024,23.1258,CPM_DROP_PHY,699721700048,10,6.0,23.1258,drop_decision_no_action,-1,-1,-1,veh6,0.0,False
8024,23.1258,CPM_DROP_PHY,699721700048,10,7.0,23.1258,drop_decision_no_action,-1,-1,-1,veh7,0.0,False
8024,23.1258,CPM_DROP_PHY,699721700048,10,8.0,23.1258,drop_decision_no_action,-1,-1,-1,veh8,0.0,False
8024,23.1258,CPM_DROP_PHY,699721700048,10,9.0,23.1258,drop_decision_no_action,-1,-1,-1,veh9,0.0,False
8034,23.1261,CAM_DROP_PHY,16977,4,10.0,23.1261,drop_decision_no_action,-1,-1,-1,veh10,0.0,False
8034,23.1261,CAM_DROP_PHY,16977,4,11.0,23.1261,drop_decision_no_action,-1,-1,-1,veh11,0.0,False
8034,23.1261,CAM_DROP_PHY,16977,4,12.0,23.1261,drop_decision_no_action,-1,-1,-1,veh12,0.0,False
8034,23.1261,CAM_DROP_PHY,16977,4,2.0,23.1261,drop_decision_no_action,-1,-1,-1,veh2,0.0,False
8034,23.1261,CAM_DROP_PHY,16977,4,3.0,23.1261,drop_decision_no_action,-1,-1,-1,veh3,0.0,False
8034,23.1261,CAM_DROP_PHY,16977,4,6.0,23.1261,drop_decision_no_action,-1,-1,-1,veh6,0.0,False
8034,23.1261,CAM_DROP_PHY,16977,4,7.0,23.1261,drop_decision_no_action,-1,-1,-1,veh7,0.0,False
8034,23.1261,CAM_DROP_PHY,16977,4,8.0,23.1261,drop_decision_no_action,-1,-1,-1,veh8,0.0,False
8034,23.1261,CAM_DROP_PHY,16977,4,9.0,23.1261,drop_decision_no_action,-1,-1,-1,veh9,0.0,False
8040,23.1368,CPM_DROP_PHY,699721700064,5,10.0,23.1368,drop_decision_no_action,-1,-1,-1,veh10,0.0,False
8040,23.1368,CPM_DROP_PHY,699721700064,5,11.0,23.1368,drop_decision_no_action,-1,-1,-1,veh11,0.0,False
8040,23.1368,CPM_DROP_PHY,699721700064,5,12.0,23.1368,drop_decision_no_action,-1,-1,-1,veh12,0.0,False
8040,23.1368,CPM_DROP_PHY,699721700064,5,2.0,23.1368,drop_decision_no_action,-1,-1,-1,veh2,0.0,False
8040,23.1368,CPM_DROP_PHY,699721700064,5,3.0,23.1368,drop_decision_no_action,-1,-1,-1,veh3,0.0,False
8040,23.1368,CPM_DROP_PHY,699721700064,5,4.0,23.1368,drop_decision_no_action,-1,-1,-1,veh4,0.0,False
8040,23.1368,CPM_DROP_PHY,699721700064,5,6.0,23.1368,drop_decision_no_action,-1,-1,-1,veh6,0.0,False
8040,23.1368,CPM_DROP_PHY,699721700064,5,7.0,23.1368,drop_decision_no_action,-1,-1,-1,veh7,0.0,False
8040,23.1368,CPM_DROP_PHY,699721700064,5,8.0,23.1368,drop_decision_no_action,-1,-1,-1,veh8,0.0,False
8040,23.1368,CPM_DROP_PHY,699721700064,5,9.0,23.1368,drop_decision_no_action,-1,-1,-1,veh9,0.0,False
8057,23.1408,CAM_DROP_PHY,16993,8,10.0,23.1408,drop_decision_no_action,-1,-1,-1,veh10,0.0,False
8057,23.1408,CAM_DROP_PHY,16993,8,11.0,23.1408,drop_decision_no_action,-1,-1,-1,veh11,0.0,False
8057,23.1408,CAM_DROP_PHY,16993,8,12.0,23.1408,drop_decision_no_action,-1,-1,-1,veh12,0.0,False
8057,23.1408,CAM_DROP_PHY,16993,8,2.0,23.1408,drop_decision_no_action,-1,-1,-1,veh2,0.0,False
8057,23.1408,CAM_DROP_PHY,16993,8,4.0,23.1408,drop_decision_no_action,-1,-1,-1,veh4,0.0,False
8057,23.1408,CAM_DROP_PHY,16993,8,6.0,23.1408,drop_decision_no_action,-1,-1,-1,veh6,0.0,False
8057,23.1408,CAM_DROP_PHY,16993,8,7.0,23.1408,drop_decision_no_action,-1,-1,-1,veh7,0.0,False
8067,23.1466,CPM_DROP_PHY,699721700082,7,10.0,23.1466,drop_decision_no_action,-1,-1,-1,veh10,0.0,False
8067,23.1466,CPM_DROP_PHY,699721700082,7,11.0,23.1466,drop_decision_no_action,-1,-1,-1,veh11,0.0,False
8067,23.1466,CPM_DROP_PHY,699721700082,7,12.0,23.1466,drop_decision_no_action,-1,-1,-1,veh12,0.0,False
8067,23.1466,CPM_DROP_PHY,699721700082,7,2.0,23.1466,drop_decision_no_action,-1,-1,-1,veh2,0.0,False
8067,23.1466,CPM_DROP_PHY,699721700082,7,3.0,23.1466,drop_decision_no_action,-1,-1,-1,veh3,0.0,False
8067,23.1466,CPM_DROP_PHY,699721700082,7,4.0,23.1466,drop_decision_no_action,-1,-1,-1,veh4,0.0,False
8067,23.1466,CPM_DROP_PHY,699721700082,7,5.0,23.1466,drop_decision_no_action,-1,-1,-1,veh5,0.0,False
8067,23.1466,CPM_DROP_PHY,699721700082,7,6.0,23.1466,drop_decision_no_action,-1,-1,-1,veh6,0.0,False
8067,23.1466,CPM_DROP_PHY,699721700082,7,8.0,23.1466,drop_decision_no_action,-1,-1,-1,veh8,0.0,False
8067,23.1466,CPM_DROP_PHY,699721700082,7,9.0,23.1466,drop_decision_no_action,-1,-1,-1,veh9,0.0,False
8057,23.1511,CAM_DROP_PHY,16993,8,3.0,23.1511,drop_decision_no_action,-1,-1,-1,veh3,0.0,False
8057,23.1511,CAM_DROP_PHY,16993,8,9.0,23.1511,drop_decision_no_action,-1,-1,-1,veh9,0.0,False
8066,23.1521,CPM_DROP_PHY,699721700079,3,10.0,23.1521,drop_decision_no_action,-1,-1,-1,veh10,0.0,False
8066,23.1521,CPM_DROP_PHY,699721700079,3,11.0,23.1521,drop_decision_no_action,-1,-1,-1,veh11,0.0,False
8066,23.1521,CPM_DROP_PHY,699721700079,3,12.0,23.1521,drop_decision_no_action,-1,-1,-1,veh12,0.0,False
8066,23.1521,CPM_DROP_PHY,699721700079,3,2.0,23.1521,drop_decision_no_action,-1,-1,-1,veh2,0.0,False
8066,23.1521,CPM_DROP_PHY,699721700079,3,4.0,23.1521,drop_decision_no_action,-1,-1,-1,veh4,0.0,False
8066,23.1521,CPM_DROP_PHY,699721700079,3,5.0,23.1521,drop_decision_no_action,-1,-1,-1,veh5,0.0,False
8066,23.1521,CPM_DROP_PHY,699721700079,3,6.0,23.1521,drop_decision_no_action,-1,-1,-1,veh6,0.0,False
8066,23.1521,CPM_DROP_PHY,699721700079,3,7.0,23.1521,drop_decision_no_action,-1,-1,-1,veh7,0.0,False
8066,23.1521,CPM_DROP_PHY,699721700079,3,8.0,23.1521,drop_decision_no_action,-1,-1,-1,veh8,0.0,False
8066,23.1521,CPM_DROP_PHY,699721700079,3,9.0,23.1521,drop_decision_no_action,-1,-1,-1,veh9,0.0,False
8099,23.1686,CAM_DROP_PHY,17021,6,10.0,23.1686,drop_decision_no_action,-1,-1,-1,veh10,0.0,False
8099,23.1686,CAM_DROP_PHY,17021,6,11.0,23.1686,drop_decision_no_action,-1,-1,-1,veh11,0.0,False
8099,23.1686,CAM_DROP_PHY,17021,6,12.0,23.1686,drop_decision_no_action,-1,-1,-1,veh12,0.0,False
8099,23.1686,CAM_DROP_PHY,17021,6,2.0,23.1686,drop_decision_no_action,-1,-1,-1,veh2,0.0,False
8099,23.1686,CAM_DROP_PHY,17021,6,3.0,23.1686,drop_decision_no_action,-1,-1,-1,veh3,0.0,False
8099,23.1686,CAM_DROP_PHY,17021,6,4.0,23.1686,drop_decision_no_action,-1,-1,-1,veh4,0.0,False
8099,23.1686,CAM_DROP_PHY,17021,6,5.0,23.1686,drop_decision_no_action,-1,-1,-1,veh5,0.0,False
8099,23.1686,CAM_DROP_PHY,17021,6,7.0,23.1686,drop_decision_no_action,-1,-1,-1,veh7,0.0,False
8099,23.1686,CAM_DROP_PHY,17021,6,8.0,23.1686,drop_decision_no_action,-1,-1,-1,veh8,0.0,False
8099,23.1686,CAM_DROP_PHY,17021,6,9.0,23.1686,drop_decision_no_action,-1,-1,-1,veh9,0.0,False
8111,23.1713,CPM_DROP_PHY,699721700113,9,10.0,23.1713,drop_decision_no_action,-1,-1,-1,veh10,0.0,False
8111,23.1713,CPM_DROP_PHY,699721700113,9,11.0,23.1713,drop_decision_no_action,-1,-1,-1,veh11,0.0,False
8111,23.1713,CPM_DROP_PHY,699721700113,9,12.0,23.1713,drop_decision_no_action,-1,-1,-1,veh12,0.0,False
8111,23.1713,CPM_DROP_PHY,699721700113,9,2.0,23.1713,drop_decision_no_action,-1,-1,-1,veh2,0.0,False
8111,23.1713,CPM_DROP_PHY,699721700113,9,3.0,23.1713,drop_decision_no_action,-1,-1,-1,veh3,0.0,False
8111,23.1713,CPM_DROP_PHY,699721700113,9,4.0,23.1713,drop_decision_no_action,-1,-1,-1,veh4,0.0,False
8111,23.1713,CPM_DROP_PHY,699721700113,9,5.0,23.1713,drop_decision_no_action,-1,-1,-1,veh5,0.0,False
8111,23.1713,CPM_DROP_PHY,699721700113,9,6.0,23.1713,drop_decision_no_action,-1,-1,-1,veh6,0.0,False
8111,23.1713,CPM_DROP_PHY,699721700113,9,7.0,23.1713,drop_decision_no_action,-1,-1,-1,veh7,0.0,False
8095,23.1716,CPM_DROP_PHY,699721700097,12,10.0,23.1716,drop_decision_no_action,-1,-1,-1,veh10,0.0,False
8095,23.1716,CPM_DROP_PHY,699721700097,12,11.0,23.1716,drop_decision_no_action,-1,-1,-1,veh11,0.0,False
8095,23.1716,CPM_DROP_PHY,699721700097,12,2.0,23.1716,drop_decision_no_action,-1,-1,-1,veh2,0.0,False
8095,23.1716,CPM_DROP_PHY,699721700097,12,3.0,23.1716,drop_decision_no_action,-1,-1,-1,veh3,0.0,False
8095,23.1716,CPM_DROP_PHY,699721700097,12,4.0,23.1716,drop_decision_no_action,-1,-1,-1,veh4,0.0,False
8095,23.1716,CPM_DROP_PHY,699721700097,12,5.0,23.1716,drop_decision_no_action,-1,-1,-1,veh5,0.0,False
8095,23.1716,CPM_DROP_PHY,699721700097,12,6.0,23.1716,drop_decision_no_action,-1,-1,-1,veh6,0.0,False
8095,23.1716,CPM_DROP_PHY,699721700097,12,7.0,23.1716,drop_decision_no_action,-1,-1,-1,veh7,0.0,False
8095,23.1716,CPM_DROP_PHY,699721700097,12,8.0,23.1716,drop_decision_no_action,-1,-1,-1,veh8,0.0,False
8118,23.1861,CPM_DROP_PHY,699721700118,4,10.0,23.1861,drop_decision_no_action,-1,-1,-1,veh10,0.0,False
8118,23.1861,CPM_DROP_PHY,699721700118,4,11.0,23.1861,drop_decision_no_action,-1,-1,-1,veh11,0.0,False
8118,23.1861,CPM_DROP_PHY,699721700118,4,12.0,23.1861,drop_decision_no_action,-1,-1,-1,veh12,0.0,False
8118,23.1861,CPM_DROP_PHY,699721700118,4,2.0,23.1861,drop_decision_no_action,-1,-1,-1,veh2,0.0,False
8118,23.1861,CPM_DROP_PHY,699721700118,4,3.0,23.1861,drop_decision_no_action,-1,-1,-1,veh3,0.0,False
8118,23.1861,CPM_DROP_PHY,699721700118,4,6.0,23.1861,drop_decision_no_action,-1,-1,-1,veh6,0.0,False
8118,23.1861,CPM_DROP_PHY,699721700118,4,7.0,23.1861,drop_decision_no_action,-1,-1,-1,veh7,0.0,False
8118,23.1861,CPM_DROP_PHY,699721700118,4,8.0,23.1861,drop_decision_no_action,-1,-1,-1,veh8,0.0,False
8118,23.1861,CPM_DROP_PHY,699721700118,4,9.0,23.1861,drop_decision_no_action,-1,-1,-1,veh9,0.0,False
8099,23.1886,CPM_DROP_PHY,699721700110,6,10.0,23.1686,drop_decision_no_action,-1,-1,-1,veh10,-0.019999999999999574,False
8099,23.1886,CPM_DROP_PHY,699721700110,6,11.0,23.1686,drop_decision_no_action,-1,-1,-1,veh11,-0.019999999999999574,False
8099,23.1886,CPM_DROP_PHY,699721700110,6,12.0,23.1686,drop_decision_no_action,-1,-1,-1,veh12,-0.019999999999999574,False
8099,23.1886,CPM_DROP_PHY,699721700110,6,2.0,23.1686,drop_decision_no_action,-1,-1,-1,veh2,-0.019999999999999574,False
8099,23.1886,CPM_DROP_PHY,699721700110,6,3.0,23.1686,drop_decision_no_action,-1,-1,-1,veh3,-0.019999999999999574,False
8099,23.1886,CPM_DROP_PHY,699721700110,6,4.0,23.1686,drop_decision_no_action,-1,-1,-1,veh4,-0.019999999999999574,False
8099,23.1886,CPM_DROP_PHY,699721700110,6,5.0,23.1686,drop_decision_no_action,-1,-1,-1,veh5,-0.019999999999999574,False
8099,23.1886,CPM_DROP_PHY,699721700110,6,7.0,23.1686,drop_decision_no_action,-1,-1,-1,veh7,-0.019999999999999574,False
8099,23.1886,CPM_DROP_PHY,699721700110,6,8.0,23.1686,drop_decision_no_action,-1,-1,-1,veh8,-0.019999999999999574,False
8099,23.1886,CPM_DROP_PHY,699721700110,6,9.0,23.1686,drop_decision_no_action,-1,-1,-1,veh9,-0.019999999999999574,False
8172,23.2023,CAM_DROP_PHY,17067,2,10.0,23.2023,drop_decision_no_action,-1,-1,-1,veh10,0.0,False
8172,23.2023,CAM_DROP_PHY,17067,2,11.0,23.2023,drop_decision_no_action,-1,-1,-1,veh11,0.0,False
8172,23.2023,CAM_DROP_PHY,17067,2,12.0,23.2023,drop_decision_no_action,-1,-1,-1,veh12,0.0,False
8172,23.2023,CAM_DROP_PHY,17067,2,3.0,23.2023,drop_decision_no_action,-1,-1,-1,veh3,0.0,False
8172,23.2023,CAM_DROP_PHY,17067,2,4.0,23.2023,drop_decision_no_action,-1,-1,-1,veh4,0.0,False
8172,23.2023,CAM_DROP_PHY,17067,2,5.0,23.2023,drop_decision_no_action,-1,-1,-1,veh5,0.0,False
8172,23.2023,CAM_DROP_PHY,17067,2,6.0,23.2023,drop_decision_no_action,-1,-1,-1,veh6,0.0,False
8172,23.2023,CAM_DROP_PHY,17067,2,7.0,23.2023,drop_decision_no_action,-1,-1,-1,veh7,0.0,False
8172,23.2023,CAM_DROP_PHY,17067,2,8.0,23.2023,drop_decision_no_action,-1,-1,-1,veh8,0.0,False
8172,23.2023,CAM_DROP_PHY,17067,2,9.0,23.2023,drop_decision_no_action,-1,-1,-1,veh9,0.0,False
8166,23.2076,CPM_DROP_PHY,699721700142,11,10.0,23.2076,drop_decision_no_action,-1,-1,-1,veh10,0.0,False
8166,23.2076,CAM_DROP_PHY,17071,11,10.0,23.2076,drop_decision_no_action,-1,-1,-1,veh10,0.0,False
8166,23.2076,CPM_DROP_PHY,699721700142,11,12.0,23.2076,drop_decision_no_action,-1,-1,-1,veh12,0.0,False
8166,23.2076,CAM_DROP_PHY,17071,11,12.0,23.2076,drop_decision_no_action,-1,-1,-1,veh12,0.0,False
8166,23.2076,CPM_DROP_PHY,699721700142,11,2.0,23.2076,drop_decision_no_action,-1,-1,-1,veh2,0.0,False
8166,23.2076,CAM_DROP_PHY,17071,11,2.0,23.2076,drop_decision_no_action,-1,-1,-1,veh2,0.0,False
8166,23.2076,CPM_DROP_PHY,699721700142,11,3.0,23.2076,drop_decision_no_action,-1,-1,-1,veh3,0.0,False
8166,23.2076,CAM_DROP_PHY,17071,11,3.0,23.2076,drop_decision_no_action,-1,-1,-1,veh3,0.0,False
8166,23.2076,CPM_DROP_PHY,699721700142,11,4.0,23.2076,drop_decision_no_action,-1,-1,-1,veh4,0.0,False
8166,23.2076,CAM_DROP_PHY,17071,11,4.0,23.2076,drop_decision_no_action,-1,-1,-1,veh4,0.0,False
8166,23.2076,CPM_DROP_PHY,699721700142,11,5.0,23.2076,drop_decision_no_action,-1,-1,-1,veh5,0.0,False
8166,23.2076,CAM_DROP_PHY,17071,11,5.0,23.2076,drop_decision_no_action,-1,-1,-1,veh5,0.0,False
8166,23.2076,CPM_DROP_PHY,699721700142,11,6.0,23.2076,drop_decision_no_action,-1,-1,-1,veh6,0.0,False
8166,23.2076,CAM_DROP_PHY,17071,11,6.0,23.2076,drop_decision_no_action,-1,-1,-1,veh6,0.0,False
8166,23.2076,CPM_DROP_PHY,699721700142,11,7.0,23.2076,drop_decision_no_action,-1,-1,-1,veh7,0.0,False
8166,23.2076,CAM_DROP_PHY,17071,11,7.0,23.2076,drop_decision_no_action,-1,-1,-1,veh7,0.0,False
8166,23.2076,CPM_DROP_PHY,699721700142,11,8.0,23.2076,drop_decision_no_action,-1,-1,-1,veh8,0.0,False
8166,23.2076,CAM_DROP_PHY,17071,11,8.0,23.2076,drop_decision_no_action,-1,-1,-1,veh8,0.0,False
8166,23.2076,CPM_DROP_PHY,699721700142,11,9.0,23.2076,drop_decision_no_action,-1,-1,-1,veh9,0.0,False
8166,23.2076,CAM_DROP_PHY,17071,11,9.0,23.2076,drop_decision_no_action,-1,-1,-1,veh9,0.0,False
8176,23.2116,CAM_DROP_PHY,17138,12,10.0,23.2116,drop_decision_no_action,-1,-1,-1,veh10,0.0,False
8176,23.2116,CAM_DROP_PHY,17138,12,11.0,23.2116,drop_decision_no_action,-1,-1,-1,veh11,0.0,False
8176,23.2116,CAM_DROP_PHY,17138,12,2.0,23.2116,drop_decision_no_action,-1,-1,-1,veh2,0.0,False
8176,23.2116,CAM_DROP_PHY,17138,12,3.0,23.2116,drop_decision_no_action,-1,-1,-1,veh3,0.0,False
8176,23.2116,CAM_DROP_PHY,17138,12,4.0,23.2116,drop_decision_no_action,-1,-1,-1,veh4,0.0,False
8176,23.2116,CAM_DROP_PHY,17138,12,5.0,23.2116,drop_decision_no_action,-1,-1,-1,veh5,0.0,False
8176,23.2116,CAM_DROP_PHY,17138,12,6.0,23.2116,drop_decision_no_action,-1,-1,-1,veh6,0.0,False
8176,23.2116,CAM_DROP_PHY,17138,12,7.0,23.2116,drop_decision_no_action,-1,-1,-1,veh7,0.0,False
8176,23.2116,CAM_DROP_PHY,17138,12,8.0,23.2116,drop_decision_no_action,-1,-1,-1,veh8,0.0,False
8189,23.2258,CPM_DROP_PHY,699721700226,10,11.0,23.2258,drop_decision_no_action,-1,-1,-1,veh11,0.0,False
8189,23.2258,CPM_DROP_PHY,699721700226,10,12.0,23.2258,drop_decision_no_action,-1,-1,-1,veh12,0.0,False
8189,23.2258,CPM_DROP_PHY,699721700226,10,2.0,23.2258,drop_decision_no_action,-1,-1,-1,veh2,0.0,False
8189,23.2258,CPM_DROP_PHY,699721700226,10,3.0,23.2258,drop_decision_no_action,-1,-1,-1,veh3,0.0,False
8189,23.2258,CPM_DROP_PHY,699721700226,10,4.0,23.2258,drop_decision_no_action,-1,-1,-1,veh4,0.0,False
8189,23.2258,CPM_DROP_PHY,699721700226,10,5.0,23.2258,drop_decision_no_action,-1,-1,-1,veh5,0.0,False
8189,23.2258,CPM_DROP_PHY,699721700226,10,6.0,23.2258,drop_decision_no_action,-1,-1,-1,veh6,0.0,False
8189,23.2258,CPM_DROP_PHY,699721700226,10,7.0,23.2258,drop_decision_no_action,-1,-1,-1,veh7,0.0,False
8189,23.2258,CPM_DROP_PHY,699721700226,10,8.0,23.2258,drop_decision_no_action,-1,-1,-1,veh8,0.0,False
8189,23.2258,CPM_DROP_PHY,699721700226,10,9.0,23.2258,drop_decision_no_action,-1,-1,-1,veh9,0.0,False
8211,23.2368,CPM_DROP_PHY,699721700240,5,10.0,23.2368,drop_decision_no_action,-1,-1,-1,veh10,0.0,False
8211,23.2368,CPM_DROP_PHY,699721700240,5,11.0,23.2368,drop_decision_no_action,-1,-1,-1,veh11,0.0,False
8211,23.2368,CPM_DROP_PHY,699721700240,5,12.0,23.2368,drop_decision_no_action,-1,-1,-1,veh12,0.0,False
8211,23.2368,CPM_DROP_PHY,699721700240,5,2.0,23.2368,drop_decision_no_action,-1,-1,-1,veh2,0.0,False
8211,23.2368,CPM_DROP_PHY,699721700240,5,3.0,23.2368,drop_decision_no_action,-1,-1,-1,veh3,0.0,False
8211,23.2368,CPM_DROP_PHY,699721700240,5,4.0,23.2368,drop_decision_no_action,-1,-1,-1,veh4,0.0,False
8211,23.2368,CPM_DROP_PHY,699721700240,5,6.0,23.2368,drop_decision_no_action,-1,-1,-1,veh6,0.0,False
8211,23.2368,CPM_DROP_PHY,699721700240,5,7.0,23.2368,drop_decision_no_action,-1,-1,-1,veh7,0.0,False
8211,23.2368,CPM_DROP_PHY,699721700240,5,8.0,23.2368,drop_decision_no_action,-1,-1,-1,veh8,0.0,False
8211,23.2368,CPM_DROP_PHY,699721700240,5,9.0,23.2368,drop_decision_no_action,-1,-1,-1,veh9,0.0,False
8057,23.2408,CAM_DROP_PHY,16993,8,5.0,23.2408,drop_decision_no_action,-1,-1,-1,veh5,0.0,False
8229,23.2466,CPM_DROP_PHY,699721700259,7,10.0,23.2466,drop_decision_no_action,-1,-1,-1,veh10,0.0,False
8229,23.2466,CPM_DROP_PHY,699721700259,7,11.0,23.2466,drop_decision_no_action,-1,-1,-1,veh11,0.0,False
8229,23.2466,CPM_DROP_PHY,699721700259,7,12.0,23.2466,drop_decision_no_action,-1,-1,-1,veh12,0.0,False
8229,23.2466,CPM_DROP_PHY,699721700259,7,2.0,23.2466,drop_decision_no_action,-1,-1,-1,veh2,0.0,False
8229,23.2466,CPM_DROP_PHY,699721700259,7,3.0,23.2466,drop_decision_no_action,-1,-1,-1,veh3,0.0,False
8229,23.2466,CPM_DROP_PHY,699721700259,7,4.0,23.2466,drop_decision_no_action,-1,-1,-1,veh4,0.0,False
8229,23.2466,CPM_DROP_PHY,699721700259,7,5.0,23.2466,drop_decision_no_action,-1,-1,-1,veh5,0.0,False
8229,23.2466,CPM_DROP_PHY,699721700259,7,6.0,23.2466,drop_decision_no_action,-1,-1,-1,veh6,0.0,False
8229,23.2466,CPM_DROP_PHY,699721700259,7,8.0,23.2466,drop_decision_no_action,-1,-1,-1,veh8,0.0,False
8229,23.2466,CPM_DROP_PHY,699721700259,7,9.0,23.2466,drop_decision_no_action,-1,-1,-1,veh9,0.0,False
8248,23.2513,CAM_DROP_PHY,17195,9,10.0,23.2513,drop_decision_no_action,-1,-1,-1,veh10,0.0,False
8248,23.2513,CAM_DROP_PHY,17195,9,11.0,23.2513,drop_decision_no_action,-1,-1,-1,veh11,0.0,False
8248,23.2513,CAM_DROP_PHY,17195,9,12.0,23.2513,drop_decision_no_action,-1,-1,-1,veh12,0.0,False
8248,23.2513,CAM_DROP_PHY,17195,9,2.0,23.2513,drop_decision_no_action,-1,-1,-1,veh2,0.0,False
8248,23.2513,CAM_DROP_PHY,17195,9,3.0,23.2513,drop_decision_no_action,-1,-1,-1,veh3,0.0,False
8248,23.2513,CAM_DROP_PHY,17195,9,4.0,23.2513,drop_decision_no_action,-1,-1,-1,veh4,0.0,False
8248,23.2513,CAM_DROP_PHY,17195,9,5.0,23.2513,drop_decision_no_action,-1,-1,-1,veh5,0.0,False
8248,23.2513,CAM_DROP_PHY,17195,9,6.0,23.2513,drop_decision_no_action,-1,-1,-1,veh6,0.0,False
8248,23.2513,CAM_DROP_PHY,17195,9,7.0,23.2513,drop_decision_no_action,-1,-1,-1,veh7,0.0,False
8226,23.2521,CAM_DROP_PHY,17170,3,10.0,23.2521,drop_decision_no_action,-1,-1,-1,veh10,0.0,False
8226,23.2521,CAM_DROP_PHY,17170,3,11.0,23.2521,drop_decision_no_action,-1,-1,-1,veh11,0.0,False
8226,23.2521,CAM_DROP_PHY,17170,3,12.0,23.2521,drop_decision_no_action,-1,-1,-1,veh12,0.0,False
8226,23.2521,CAM_DROP_PHY,17170,3,2.0,23.2521,drop_decision_no_action,-1,-1,-1,veh2,0.0,False
8226,23.2521,CAM_DROP_PHY,17170,3,4.0,23.2521,drop_decision_no_action,-1,-1,-1,veh4,0.0,False
8226,23.2521,CAM_DROP_PHY,17170,3,5.0,23.2521,drop_decision_no_action,-1,-1,-1,veh5,0.0,False
8226,23.2521,CAM_DROP_PHY,17170,3,6.0,23.2521,drop_decision_no_action,-1,-1,-1,veh6,0.0,False
8226,23.2521,CAM_DROP_PHY,17170,3,7.0,23.2521,drop_decision_no_action,-1,-1,-1,veh7,0.0,False
8226,23.2521,CAM_DROP_PHY,17170,3,8.0,23.2521,drop_decision_no_action,-1,-1,-1,veh8,0.0,False
8226,23.2521,CAM_DROP_PHY,17170,3,9.0,23.2521,drop_decision_no_action,-1,-1,-1,veh9,0.0,False
8229,23.2666,CAM_DROP_PHY,17185,7,10.0,23.2466,drop_decision_no_action,-1,-1,-1,veh10,-0.019999999999999574,False
8229,23.2666,CAM_DROP_PHY,17185,7,11.0,23.2466,drop_decision_no_action,-1,-1,-1,veh11,-0.019999999999999574,False
8229,23.2666,CAM_DROP_PHY,17185,7,12.0,23.2466,drop_decision_no_action,-1,-1,-1,veh12,-0.019999999999999574,False
8229,23.2666,CAM_DROP_PHY,17185,7,2.0,23.2466,drop_decision_no_action,-1,-1,-1,veh2,-0.019999999999999574,False
8229,23.2666,CAM_DROP_PHY,17185,7,3.0,23.2466,drop_decision_no_action,-1,-1,-1,veh3,-0.019999999999999574,False
8229,23.2666,CAM_DROP_PHY,17185,7,4.0,23.2466,drop_decision_no_action,-1,-1,-1,veh4,-0.019999999999999574,False
8229,23.2666,CAM_DROP_PHY,17185,7,5.0,23.2466,drop_decision_no_action,-1,-1,-1,veh5,-0.019999999999999574,False
8229,23.2666,CAM_DROP_PHY,17185,7,6.0,23.2466,drop_decision_no_action,-1,-1,-1,veh6,-0.019999999999999574,False
8229,23.2666,CAM_DROP_PHY,17185,7,8.0,23.2466,drop_decision_no_action,-1,-1,-1,veh8,-0.019999999999999574,False
8229,23.2666,CAM_DROP_PHY,17185,7,9.0,23.2466,drop_decision_no_action,-1,-1,-1,veh9,-0.019999999999999574,False
8270,23.2686,CPM_DROP_PHY,699721700290,6,10.0,23.2686,drop_decision_no_action,-1,-1,-1,veh10,0.0,False
8270,23.2686,CPM_DROP_PHY,699721700290,6,11.0,23.2686,drop_decision_no_action,-1,-1,-1,veh11,0.0,False
8270,23.2686,CPM_DROP_PHY,699721700290,6,12.0,23.2686,drop_decision_no_action,-1,-1,-1,veh12,0.0,False
8270,23.2686,CPM_DROP_PHY,699721700290,6,2.0,23.2686,drop_decision_no_action,-1,-1,-1,veh2,0.0,False
8270,23.2686,CPM_DROP_PHY,699721700290,6,3.0,23.2686,drop_decision_no_action,-1,-1,-1,veh3,0.0,False
8270,23.2686,CPM_DROP_PHY,699721700290,6,4.0,23.2686,drop_decision_no_action,-1,-1,-1,veh4,0.0,False
8270,23.2686,CPM_DROP_PHY,699721700290,6,5.0,23.2686,drop_decision_no_action,-1,-1,-1,veh5,0.0,False
8270,23.2686,CPM_DROP_PHY,699721700290,6,7.0,23.2686,drop_decision_no_action,-1,-1,-1,veh7,0.0,False
8270,23.2686,CPM_DROP_PHY,699721700290,6,8.0,23.2686,drop_decision_no_action,-1,-1,-1,veh8,0.0,False
8270,23.2686,CPM_DROP_PHY,699721700290,6,9.0,23.2686,drop_decision_no_action,-1,-1,-1,veh9,0.0,False
8272,23.2713,CPM_DROP_PHY,699721700293,9,10.0,23.2713,drop_decision_no_action,-1,-1,-1,veh10,0.0,False
8272,23.2713,CPM_DROP_PHY,699721700293,9,11.0,23.2713,drop_decision_no_action,-1,-1,-1,veh11,0.0,False
8272,23.2713,CPM_DROP_PHY,699721700293,9,12.0,23.2713,drop_decision_no_action,-1,-1,-1,veh12,0.0,False
8272,23.2713,CPM_DROP_PHY,699721700293,9,2.0,23.2713,drop_decision_no_action,-1,-1,-1,veh2,0.0,False
8272,23.2713,CPM_DROP_PHY,699721700293,9,3.0,23.2713,drop_decision_no_action,-1,-1,-1,veh3,0.0,False
8272,23.2713,CPM_DROP_PHY,699721700293,9,4.0,23.2713,drop_decision_no_action,-1,-1,-1,veh4,0.0,False
8272,23.2713,CPM_DROP_PHY,699721700293,9,5.0,23.2713,drop_decision_no_action,-1,-1,-1,veh5,0.0,False
8272,23.2713,CPM_DROP_PHY,699721700293,9,6.0,23.2713,drop_decision_no_action,-1,-1,-1,veh6,0.0,False
8272,23.2713,CPM_DROP_PHY,699721700293,9,7.0,23.2713,drop_decision_no_action,-1,-1,-1,veh7,0.0,False
8111,23.2713,CPM_DROP_PHY,699721700113,9,8.0,23.2713,drop_decision_no_action,-1,-1,-1,veh8,0.0,False
8248,23.2713,CAM_DROP_PHY,17195,9,8.0,23.2713,drop_decision_no_action,-1,-1,-1,veh8,0.0,False
8254,23.2716,CPM_DROP_PHY,699721700279,12,10.0,23.2716,drop_decision_no_action,-1,-1,-1,veh10,0.0,False
8254,23.2716,CPM_DROP_PHY,699721700279,12,11.0,23.2716,drop_decision_no_action,-1,-1,-1,veh11,0.0,False
8254,23.2716,CPM_DROP_PHY,699721700279,12,2.0,23.2716,drop_decision_no_action,-1,-1,-1,veh2,0.0,False
8254,23.2716,CPM_DROP_PHY,699721700279,12,3.0,23.2716,drop_decision_no_action,-1,-1,-1,veh3,0.0,False
8254,23.2716,CPM_DROP_PHY,699721700279,12,4.0,23.2716,drop_decision_no_action,-1,-1,-1,veh4,0.0,False
8254,23.2716,CPM_DROP_PHY,699721700279,12,5.0,23.2716,drop_decision_no_action,-1,-1,-1,veh5,0.0,False
8254,23.2716,CPM_DROP_PHY,699721700279,12,6.0,23.2716,drop_decision_no_action,-1,-1,-1,veh6,0.0,False
8254,23.2716,CPM_DROP_PHY,699721700279,12,7.0,23.2716,drop_decision_no_action,-1,-1,-1,veh7,0.0,False
8254,23.2716,CPM_DROP_PHY,699721700279,12,8.0,23.2716,drop_decision_no_action,-1,-1,-1,veh8,0.0,False
8226,23.2721,CPM_DROP_PHY,699721700255,3,10.0,23.2521,drop_decision_no_action,-1,-1,-1,veh10,-0.019999999999999574,False
8226,23.2721,CPM_DROP_PHY,699721700255,3,11.0,23.2521,drop_decision_no_action,-1,-1,-1,veh11,-0.019999999999999574,False
8226,23.2721,CPM_DROP_PHY,699721700255,3,12.0,23.2521,drop_decision_no_action,-1,-1,-1,veh12,-0.019999999999999574,False
8226,23.2721,CPM_DROP_PHY,699721700255,3,2.0,23.2521,drop_decision_no_action,-1,-1,-1,veh2,-0.019999999999999574,False
8226,23.2721,CPM_DROP_PHY,699721700255,3,4.0,23.2521,drop_decision_no_action,-1,-1,-1,veh4,-0.019999999999999574,False
8226,23.2721,CPM_DROP_PHY,699721700255,3,5.0,23.2521,drop_decision_no_action,-1,-1,-1,veh5,-0.019999999999999574,False
8226,23.2721,CPM_DROP_PHY,699721700255,3,6.0,23.2521,drop_decision_no_action,-1,-1,-1,veh6,-0.019999999999999574,False
8226,23.2721,CPM_DROP_PHY,699721700255,3,7.0,23.2521,drop_decision_no_action,-1,-1,-1,veh7,-0.019999999999999574,False
8226,23.2721,CPM_DROP_PHY,699721700255,3,8.0,23.2521,drop_decision_no_action,-1,-1,-1,veh8,-0.019999999999999574,False
8226,23.2721,CPM_DROP_PHY,699721700255,3,9.0,23.2521,drop_decision_no_action,-1,-1,-1,veh9,-0.019999999999999574,False
8272,23.2741,CPM_DROP_PHY,699721700293,9,8.0,23.2741,drop_decision_no_action,-1,-1,-1,veh8,0.0,False
8281,23.2861,CPM_DROP_PHY,699721700299,4,10.0,23.2861,drop_decision_no_action,-1,-1,-1,veh10,0.0,False
8281,23.2861,CPM_DROP_PHY,699721700299,4,11.0,23.2861,drop_decision_no_action,-1,-1,-1,veh11,0.0,False
8281,23.2861,CPM_DROP_PHY,699721700299,4,12.0,23.2861,drop_decision_no_action,-1,-1,-1,veh12,0.0,False
8281,23.2861,CPM_DROP_PHY,699721700299,4,2.0,23.2861,drop_decision_no_action,-1,-1,-1,veh2,0.0,False
8281,23.2861,CPM_DROP_PHY,699721700299,4,3.0,23.2861,drop_decision_no_action,-1,-1,-1,veh3,0.0,False
8118,23.2861,CPM_DROP_PHY,699721700118,4,5.0,23.2861,drop_decision_no_action,-1,-1,-1,veh5,0.0,False
8281,23.2861,CPM_DROP_PHY,699721700299,4,5.0,23.2861,drop_decision_no_action,-1,-1,-1,veh5,0.0,False
8281,23.2861,CPM_DROP_PHY,699721700299,4,6.0,23.2861,drop_decision_no_action,-1,-1,-1,veh6,0.0,False
8281,23.2861,CPM_DROP_PHY,699721700299,4,7.0,23.2861,drop_decision_no_action,-1,-1,-1,veh7,0.0,False
8281,23.2861,CPM_DROP_PHY,699721700299,4,8.0,23.2861,drop_decision_no_action,-1,-1,-1,veh8,0.0,False
8281,23.2861,CPM_DROP_PHY,699721700299,4,9.0,23.2861,drop_decision_no_action,-1,-1,-1,veh9,0.0,False
8338,23.3038,CPM_DROP_PHY,699721700326,11,10.0,23.3038,drop_decision_no_action,-1,-1,-1,veh10,0.0,False
8338,23.3038,CAM_DROP_PHY,17251,11,10.0,23.3038,drop_decision_no_action,-1,-1,-1,veh10,0.0,False
8338,23.3038,CPM_DROP_PHY,699721700326,11,12.0,23.3038,drop_decision_no_action,-1,-1,-1,veh12,0.0,False
8338,23.3038,CAM_DROP_PHY,17251,11,12.0,23.3038,drop_decision_no_action,-1,-1,-1,veh12,0.0,False
8338,23.3038,CPM_DROP_PHY,699721700326,11,2.0,23.3038,drop_decision_no_action,-1,-1,-1,veh2,0.0,False
8338,23.3038,CAM_DROP_PHY,17251,11,2.0,23.3038,drop_decision_no_action,-1,-1,-1,veh2,0.0,False
8338,23.3038,CPM_DROP_PHY,699721700326,11,3.0,23.3038,drop_decision_no_action,-1,-1,-1,veh3,0.0,False
8338,23.3038,CAM_DROP_PHY,17251,11,3.0,23.3038,drop_decision_no_action,-1,-1,-1,veh3,0.0,False
8338,23.3038,CPM_DROP_PHY,699721700326,11,4.0,23.3038,drop_decision_no_action,-1,-1,-1,veh4,0.0,False
8338,23.3038,CAM_DROP_PHY,17251,11,4.0,23.3038,drop_decision_no_action,-1,-1,-1,veh4,0.0,False
8338,23.3038,CPM_DROP_PHY,699721700326,11,5.0,23.3038,drop_decision_no_action,-1,-1,-1,veh5,0.0,False
8338,23.3038,CAM_DROP_PHY,17251,11,5.0,23.3038,drop_decision_no_action,-1,-1,-1,veh5,0.0,False
8338,23.3038,CPM_DROP_PHY,699721700326,11,6.0,23.3038,drop_decision_no_action,-1,-1,-1,veh6,0.0,False
8338,23.3038,CAM_DROP_PHY,17251,11,6.0,23.3038,drop_decision_no_action,-1,-1,-1,veh6,0.0,False
8338,23.3038,CPM_DROP_PHY,699721700326,11,7.0,23.3038,drop_decision_no_action,-1,-1,-1,veh7,0.0,False
8338,23.3038,CAM_DROP_PHY,17251,11,7.0,23.3038,drop_decision_no_action,-1,-1,-1,veh7,0.0,False
8338,23.3038,CPM_DROP_PHY,699721700326,11,8.0,23.3038,drop_decision_no_action,-1,-1,-1,veh8,0.0,False
8338,23.3038,CAM_DROP_PHY,17251,11,8.0,23.3038,drop_decision_no_action,-1,-1,-1,veh8,0.0,False
8338,23.3038,CPM_DROP_PHY,699721700326,11,9.0,23.3038,drop_decision_no_action,-1,-1,-1,veh9,0.0,False
8338,23.3038,CAM_DROP_PHY,17251,11,9.0,23.3038,drop_decision_no_action,-1,-1,-1,veh9,0.0,False
8176,23.3116,CAM_DROP_PHY,17138,12,9.0,23.3116,drop_decision_no_action,-1,-1,-1,veh9,0.0,False
8352,23.3258,CPM_DROP_PHY,699721700392,10,11.0,23.3258,drop_decision_no_action,-1,-1,-1,veh11,0.0,False
8352,23.3258,CPM_DROP_PHY,699721700392,10,12.0,23.3258,drop_decision_no_action,-1,-1,-1,veh12,0.0,False
8352,23.3258,CPM_DROP_PHY,699721700392,10,2.0,23.3258,drop_decision_no_action,-1,-1,-1,veh2,0.0,False
8352,23.3258,CPM_DROP_PHY,699721700392,10,3.0,23.3258,drop_decision_no_action,-1,-1,-1,veh3,0.0,False
8352,23.3258,CPM_DROP_PHY,699721700392,10,4.0,23.3258,drop_decision_no_action,-1,-1,-1,veh4,0.0,False
8352,23.3258,CPM_DROP_PHY,699721700392,10,5.0,23.3258,drop_decision_no_action,-1,-1,-1,veh5,0.0,False
8352,23.3258,CPM_DROP_PHY,699721700392,10,6.0,23.3258,drop_decision_no_action,-1,-1,-1,veh6,0.0,False
8352,23.3258,CPM_DROP_PHY,699721700392,10,7.0,23.3258,drop_decision_no_action,-1,-1,-1,veh7,0.0,False
8352,23.3258,CPM_DROP_PHY,699721700392,10,8.0,23.3258,drop_decision_no_action,-1,-1,-1,veh8,0.0,False
8352,23.3258,CPM_DROP_PHY,699721700392,10,9.0,23.3258,drop_decision_no_action,-1,-1,-1,veh9,0.0,False
8364,23.3368,CPM_DROP_PHY,699721700404,5,10.0,23.3368,drop_decision_no_action,-1,-1,-1,veh10,0.0,False
8364,23.3368,CPM_DROP_PHY,699721700404,5,11.0,23.3368,drop_decision_no_action,-1,-1,-1,veh11,0.0,False
8364,23.3368,CPM_DROP_PHY,699721700404,5,12.0,23.3368,drop_decision_no_action,-1,-1,-1,veh12,0.0,False
8364,23.3368,CPM_DROP_PHY,699721700404,5,2.0,23.3368,drop_decision_no_action,-1,-1,-1,veh2,0.0,False
8364,23.3368,CPM_DROP_PHY,699721700404,5,3.0,23.3368,drop_decision_no_action,-1,-1,-1,veh3,0.0,False
8364,23.3368,CPM_DROP_PHY,699721700404,5,4.0,23.3368,drop_decision_no_action,-1,-1,-1,veh4,0.0,False
8364,23.3368,CPM_DROP_PHY,699721700404,5,6.0,23.3368,drop_decision_no_action,-1,-1,-1,veh6,0.0,False
8364,23.3368,CPM_DROP_PHY,699721700404,5,7.0,23.3368,drop_decision_no_action,-1,-1,-1,veh7,0.0,False
8364,23.3368,CPM_DROP_PHY,699721700404,5,8.0,23.3368,drop_decision_no_action,-1,-1,-1,veh8,0.0,False
8364,23.3368,CPM_DROP_PHY,699721700404,5,9.0,23.3368,drop_decision_no_action,-1,-1,-1,veh9,0.0,False
8373,23.3408,CAM_DROP_PHY,17332,8,10.0,23.3408,drop_decision_no_action,-1,-1,-1,veh10,0.0,False
8373,23.3408,CAM_DROP_PHY,17332,8,11.0,23.3408,drop_decision_no_action,-1,-1,-1,veh11,0.0,False
8373,23.3408,CAM_DROP_PHY,17332,8,12.0,23.3408,drop_decision_no_action,-1,-1,-1,veh12,0.0,False
8373,23.3408,CAM_DROP_PHY,17332,8,2.0,23.3408,drop_decision_no_action,-1,-1,-1,veh2,0.0,False
8373,23.3408,CAM_DROP_PHY,17332,8,3.0,23.3408,drop_decision_no_action,-1,-1,-1,veh3,0.0,False
8373,23.3408,CAM_DROP_PHY,17332,8,4.0,23.3408,drop_decision_no_action,-1,-1,-1,veh4,0.0,False
8373,23.3408,CAM_DROP_PHY,17332,8,5.0,23.3408,drop_decision_no_action,-1,-1,-1,veh5,0.0,False
8373,23.3408,CAM_DROP_PHY,17332,8,6.0,23.3408,drop_decision_no_action,-1,-1,-1,veh6,0.0,False
8373,23.3408,CAM_DROP_PHY,17332,8,7.0,23.3408,drop_decision_no_action,-1,-1,-1,veh7,0.0,False
8373,23.3408,CAM_DROP_PHY,17332,8,9.0,23.3408,drop_decision_no_action,-1,-1,-1,veh9,0.0,False
8381,23.3466,CPM_DROP_PHY,699721700421,7,10.0,23.3466,drop_decision_no_action,-1,-1,-1,veh10,0.0,False
8381,23.3466,CPM_DROP_PHY,699721700421,7,11.0,23.3466,drop_decision_no_action,-1,-1,-1,veh11,0.0,False
8381,23.3466,CPM_DROP_PHY,699721700421,7,12.0,23.3466,drop_decision_no_action,-1,-1,-1,veh12,0.0,False
8381,23.3466,CPM_DROP_PHY,699721700421,7,2.0,23.3466,drop_decision_no_action,-1,-1,-1,veh2,0.0,False
8381,23.3466,CPM_DROP_PHY,699721700421,7,3.0,23.3466,drop_decision_no_action,-1,-1,-1,veh3,0.0,False
8381,23.3466,CPM_DROP_PHY,699721700421,7,4.0,23.3466,drop_decision_no_action,-1,-1,-1,veh4,0.0,False
8381,23.3466,CPM_DROP_PHY,699721700421,7,5.0,23.3466,drop_decision_no_action,-1,-1,-1,veh5,0.0,False
8381,23.3466,CPM_DROP_PHY,699721700421,7,6.0,23.3466,drop_decision_no_action,-1,-1,-1,veh6,0.0,False
8381,23.3466,CPM_DROP_PHY,699721700421,7,8.0,23.3466,drop_decision_no_action,-1,-1,-1,veh8,0.0,False
8381,23.3466,CPM_DROP_PHY,699721700421,7,9.0,23.3466,drop_decision_no_action,-1,-1,-1,veh9,0.0,False
8380,23.3521,CPM_DROP_PHY,699721700418,3,10.0,23.3521,drop_decision_no_action,-1,-1,-1,veh10,0.0,False
8380,23.3521,CPM_DROP_PHY,699721700418,3,11.0,23.3521,drop_decision_no_action,-1,-1,-1,veh11,0.0,False
8380,23.3521,CPM_DROP_PHY,699721700418,3,12.0,23.3521,drop_decision_no_action,-1,-1,-1,veh12,0.0,False
8380,23.3521,CPM_DROP_PHY,699721700418,3,2.0,23.3521,drop_decision_no_action,-1,-1,-1,veh2,0.0,False
8380,23.3521,CPM_DROP_PHY,699721700418,3,4.0,23.3521,drop_decision_no_action,-1,-1,-1,veh4,0.0,False
8380,23.3521,CPM_DROP_PHY,699721700418,3,5.0,23.3521,drop_decision_no_action,-1,-1,-1,veh5,0.0,False
8380,23.3521,CPM_DROP_PHY,699721700418,3,6.0,23.3521,drop_decision_no_action,-1,-1,-1,veh6,0.0,False
8380,23.3521,CPM_DROP_PHY,699721700418,3,7.0,23.3521,drop_decision_no_action,-1,-1,-1,veh7,0.0,False
8380,23.3521,CPM_DROP_PHY,699721700418,3,8.0,23.3521,drop_decision_no_action,-1,-1,-1,veh8,0.0,False
8380,23.3521,CPM_DROP_PHY,699721700418,3,9.0,23.3521,drop_decision_no_action,-1,-1,-1,veh9,0.0,False
8381,23.3666,CAM_DROP_PHY,17348,7,10.0,23.3466,drop_decision_no_action,-1,-1,-1,veh10,-0.019999999999999574,False
8381,23.3666,CAM_DROP_PHY,17348,7,11.0,23.3466,drop_decision_no_action,-1,-1,-1,veh11,-0.019999999999999574,False
8381,23.3666,CAM_DROP_PHY,17348,7,12.0,23.3466,drop_decision_no_action,-1,-1,-1,veh12,-0.019999999999999574,False
8381,23.3666,CAM_DROP_PHY,17348,7,2.0,23.3466,drop_decision_no_action,-1,-1,-1,veh2,-0.019999999999999574,False
8381,23.3666,CAM_DROP_PHY,17348,7,3.0,23.3466,drop_decision_no_action,-1,-1,-1,veh3,-0.019999999999999574,False
8381,23.3666,CAM_DROP_PHY,17348,7,4.0,23.3466,drop_decision_no_action,-1,-1,-1,veh4,-0.019999999999999574,False
8381,23.3666,CAM_DROP_PHY,17348,7,5.0,23.3466,drop_decision_no_action,-1,-1,-1,veh5,-0.019999999999999574,False
8381,23.3666,CAM_DROP_PHY,17348,7,6.0,23.3466,drop_decision_no_action,-1,-1,-1,veh6,-0.019999999999999574,False
8381,23.3666,CAM_DROP_PHY,17348,7,8.0,23.3466,drop_decision_no_action,-1,-1,-1,veh8,-0.019999999999999574,False
8381,23.3666,CAM_DROP_PHY,17348,7,9.0,23.3466,drop_decision_no_action,-1,-1,-1,veh9,-0.019999999999999574,False
8421,23.3686,CPM_DROP_PHY,699721700449,6,10.0,23.3686,drop_decision_no_action,-1,-1,-1,veh10,0.0,False
8421,23.3686,CPM_DROP_PHY,699721700449,6,11.0,23.3686,drop_decision_no_action,-1,-1,-1,veh11,0.0,False
8421,23.3686,CPM_DROP_PHY,699721700449,6,12.0,23.3686,drop_decision_no_action,-1,-1,-1,veh12,0.0,False
8421,23.3686,CPM_DROP_PHY,699721700449,6,2.0,23.3686,drop_decision_no_action,-1,-1,-1,veh2,0.0,False
8421,23.3686,CPM_DROP_PHY,699721700449,6,3.0,23.3686,drop_decision_no_action,-1,-1,-1,veh3,0.0,False
8421,23.3686,CPM_DROP_PHY,699721700449,6,4.0,23.3686,drop_decision_no_action,-1,-1,-1,veh4,0.0,False
8421,23.3686,CPM_DROP_PHY,699721700449,6,5.0,23.3686,drop_decision_no_action,-1,-1,-1,veh5,0.0,False
8421,23.3686,CPM_DROP_PHY,699721700449,6,7.0,23.3686,drop_decision_no_action,-1,-1,-1,veh7,0.0,False
8421,23.3686,CPM_DROP_PHY,699721700449,6,8.0,23.3686,drop_decision_no_action,-1,-1,-1,veh8,0.0,False
8421,23.3686,CPM_DROP_PHY,699721700449,6,9.0,23.3686,drop_decision_no_action,-1,-1,-1,veh9,0.0,False
8424,23.3713,CPM_DROP_PHY,699721700453,9,10.0,23.3713,drop_decision_no_action,-1,-1,-1,veh10,0.0,False
8424,23.3713,CPM_DROP_PHY,699721700453,9,11.0,23.3713,drop_decision_no_action,-1,-1,-1,veh11,0.0,False
8424,23.3713,CPM_DROP_PHY,699721700453,9,12.0,23.3713,drop_decision_no_action,-1,-1,-1,veh12,0.0,False
8424,23.3713,CPM_DROP_PHY,699721700453,9,2.0,23.3713,drop_decision_no_action,-1,-1,-1,veh2,0.0,False
8424,23.3713,CPM_DROP_PHY,699721700453,9,4.0,23.3713,drop_decision_no_action,-1,-1,-1,veh4,0.0,False
8424,23.3713,CPM_DROP_PHY,699721700453,9,5.0,23.3713,drop_decision_no_action,-1,-1,-1,veh5,0.0,False
8424,23.3713,CPM_DROP_PHY,699721700453,9,6.0,23.3713,drop_decision_no_action,-1,-1,-1,veh6,0.0,False
8424,23.3713,CPM_DROP_PHY,699721700453,9,7.0,23.3713,drop_decision_no_action,-1,-1,-1,veh7,0.0,False
8424,23.3713,CPM_DROP_PHY,699721700453,9,8.0,23.3713,drop_decision_no_action,-1,-1,-1,veh8,0.0,False
8408,23.3716,CPM_DROP_PHY,699721700439,12,10.0,23.3716,drop_decision_no_action,-1,-1,-1,veh10,0.0,False
8408,23.3716,CPM_DROP_PHY,699721700439,12,11.0,23.3716,drop_decision_no_action,-1,-1,-1,veh11,0.0,False
8408,23.3716,CPM_DROP_PHY,699721700439,12,2.0,23.3716,drop_decision_no_action,-1,-1,-1,veh2,0.0,False
8408,23.3716,CPM_DROP_PHY,699721700439,12,3.0,23.3716,drop_decision_no_action,-1,-1,-1,veh3,0.0,False
8408,23.3716,CPM_DROP_PHY,699721700439,12,4.0,23.3716,drop_decision_no_action,-1,-1,-1,veh4,0.0,False
8408,23.3716,CPM_DROP_PHY,699721700439,12,5.0,23.3716,drop_decision_no_action,-1,-1,-1,veh5,0.0,False
8408,23.3716,CPM_DROP_PHY,699721700439,12,6.0,23.3716,drop_decision_no_action,-1,-1,-1,veh6,0.0,False
8408,23.3716,CPM_DROP_PHY,699721700439,12,7.0,23.3716,drop_decision_no_action,-1,-1,-1,veh7,0.0,False
8408,23.3716,CPM_DROP_PHY,699721700439,12,8.0,23.3716,drop_decision_no_action,-1,-1,-1,veh8,0.0,False
8424,23.3741,CPM_DROP_PHY,699721700453,9,3.0,23.3741,drop_decision_no_action,-1,-1,-1,veh3,0.0,False
8433,23.3821,CPM_DROP_PHY,699721700458,4,10.0,23.3821,drop_decision_no_action,-1,-1,-1,veh10,0.0,False
8433,23.3821,CPM_DROP_PHY,699721700458,4,11.0,23.3821,drop_decision_no_action,-1,-1,-1,veh11,0.0,False
8433,23.3821,CPM_DROP_PHY,699721700458,4,12.0,23.3821,drop_decision_no_action,-1,-1,-1,veh12,0.0,False
8433,23.3821,CPM_DROP_PHY,699721700458,4,2.0,23.3821,drop_decision_no_action,-1,-1,-1,veh2,0.0,False
8433,23.3821,CPM_DROP_PHY,699721700458,4,3.0,23.3821,drop_decision_no_action,-1,-1,-1,veh3,0.0,False
8433,23.3821,CPM_DROP_PHY,699721700458,4,5.0,23.3821,drop_decision_no_action,-1,-1,-1,veh5,0.0,False
8433,23.3821,CPM_DROP_PHY,699721700458,4,6.0,23.3821,drop_decision_no_action,-1,-1,-1,veh6,0.0,False
8433,23.3821,CPM_DROP_PHY,699721700458,4,7.0,23.3821,drop_decision_no_action,-1,-1,-1,veh7,0.0,False
8433,23.3821,CPM_DROP_PHY,699721700458,4,8.0,23.3821,drop_decision_no_action,-1,-1,-1,veh8,0.0,False
8433,23.3821,CPM_DROP_PHY,699721700458,4,9.0,23.3821,drop_decision_no_action,-1,-1,-1,veh9,0.0,False
8485,23.4023,CAM_DROP_PHY,17409,2,10.0,23.4023,drop_decision_no_action,-1,-1,-1,veh10,0.0,False
8485,23.4023,CAM_DROP_PHY,17409,2,11.0,23.4023,drop_decision_no_action,-1,-1,-1,veh11,0.0,False
8485,23.4023,CAM_DROP_PHY,17409,2,12.0,23.4023,drop_decision_no_action,-1,-1,-1,veh12,0.0,False
8485,23.4023,CAM_DROP_PHY,17409,2,3.0,23.4023,drop_decision_no_action,-1,-1,-1,veh3,0.0,False
8485,23.4023,CAM_DROP_PHY,17409,2,4.0,23.4023,drop_decision_no_action,-1,-1,-1,veh4,0.0,False
8485,23.4023,CAM_DROP_PHY,17409,2,5.0,23.4023,drop_decision_no_action,-1,-1,-1,veh5,0.0,False
8485,23.4023,CAM_DROP_PHY,17409,2,6.0,23.4023,drop_decision_no_action,-1,-1,-1,veh6,0.0,False
8485,23.4023,CAM_DROP_PHY,17409,2,7.0,23.4023,drop_decision_no_action,-1,-1,-1,veh7,0.0,False
8485,23.4023,CAM_DROP_PHY,17409,2,8.0,23.4023,drop_decision_no_action,-1,-1,-1,veh8,0.0,False
8485,23.4023,CAM_DROP_PHY,17409,2,9.0,23.4023,drop_decision_no_action,-1,-1,-1,veh9,0.0,False
8480,23.4038,CPM_DROP_PHY,699721700483,11,10.0,23.4038,drop_decision_no_action,-1,-1,-1,veh10,0.0,False
8480,23.4038,CAM_DROP_PHY,17413,11,10.0,23.4038,drop_decision_no_action,-1,-1,-1,veh10,0.0,False
8480,23.4038,CPM_DROP_PHY,699721700483,11,12.0,23.4038,drop_decision_no_action,-1,-1,-1,veh12,0.0,False
8480,23.4038,CAM_DROP_PHY,17413,11,12.0,23.4038,drop_decision_no_action,-1,-1,-1,veh12,0.0,False
8480,23.4038,CPM_DROP_PHY,699721700483,11,2.0,23.4038,drop_decision_no_action,-1,-1,-1,veh2,0.0,False
8480,23.4038,CAM_DROP_PHY,17413,11,2.0,23.4038,drop_decision_no_action,-1,-1,-1,veh2,0.0,False
8480,23.4038,CPM_DROP_PHY,699721700483,11,3.0,23.4038,drop_decision_no_action,-1,-1,-1,veh3,0.0,False
8480,23.4038,CAM_DROP_PHY,17413,11,3.0,23.4038,drop_decision_no_action,-1,-1,-1,veh3,0.0,False
8480,23.4038,CPM_DROP_PHY,699721700483,11,4.0,23.4038,drop_decision_no_action,-1,-1,-1,veh4,0.0,False
8480,23.4038,CAM_DROP_PHY,17413,11,4.0,23.4038,drop_decision_no_action,-1,-1,-1,veh4,0.0,False
8480,23.4038,CPM_DROP_PHY,699721700483,11,5.0,23.4038,drop_decision_no_action,-1,-1,-1,veh5,0.0,False
8480,23.4038,CAM_DROP_PHY,17413,11,5.0,23.4038,drop_decision_no_action,-1,-1,-1,veh5,0.0,False
8480,23.4038,CPM_DROP_PHY,699721700483,11,6.0,23.4038,drop_decision_no_action,-1,-1,-1,veh6,0.0,False
8480,23.4038,CAM_DROP_PHY,17413,11,6.0,23.4038,drop_decision_no_action,-1,-1,-1,veh6,0.0,False
8480,23.4038,CPM_DROP_PHY,699721700483,11,7.0,23.4038,drop_decision_no_action,-1,-1,-1,veh7,0.0,False
8480,23.4038,CAM_DROP_PHY,17413,11,7.0,23.4038,drop_decision_no_action,-1,-1,-1,veh7,0.0,False
8480,23.4038,CPM_DROP_PHY,699721700483,11,8.0,23.4038,drop_decision_no_action,-1,-1,-1,veh8,0.0,False
8480,23.4038,CAM_DROP_PHY,17413,11,8.0,23.4038,drop_decision_no_action,-1,-1,-1,veh8,0.0,False
8480,23.4038,CPM_DROP_PHY,699721700483,11,9.0,23.4038,drop_decision_no_action,-1,-1,-1,veh9,0.0,False
8480,23.4038,CAM_DROP_PHY,17413,11,9.0,23.4038,drop_decision_no_action,-1,-1,-1,veh9,0.0,False
8501,23.4168,CAM_DROP_PHY,17477,5,10.0,23.4168,drop_decision_no_action,-1,-1,-1,veh10,0.0,False
8501,23.4168,CAM_DROP_PHY,17477,5,11.0,23.4168,drop_decision_no_action,-1,-1,-1,veh11,0.0,False
8501,23.4168,CAM_DROP_PHY,17477,5,12.0,23.4168,drop_decision_no_action,-1,-1,-1,veh12,0.0,False
8501,23.4168,CAM_DROP_PHY,17477,5,2.0,23.4168,drop_decision_no_action,-1,-1,-1,veh2,0.0,False
8501,23.4168,CAM_DROP_PHY,17477,5,3.0,23.4168,drop_decision_no_action,-1,-1,-1,veh3,0.0,False
8501,23.4168,CAM_DROP_PHY,17477,5,4.0,23.4168,drop_decision_no_action,-1,-1,-1,veh4,0.0,False
8501,23.4168,CAM_DROP_PHY,17477,5,6.0,23.4168,drop_decision_no_action,-1,-1,-1,veh6,0.0,False
8501,23.4168,CAM_DROP_PHY,17477,5,7.0,23.4168,drop_decision_no_action,-1,-1,-1,veh7,0.0,False
8501,23.4168,CAM_DROP_PHY,17477,5,8.0,23.4168,drop_decision_no_action,-1,-1,-1,veh8,0.0,False
8501,23.4168,CAM_DROP_PHY,17477,5,9.0,23.4168,drop_decision_no_action,-1,-1,-1,veh9,0.0,False
8518,23.4221,CAM_DROP_PHY,17493,4,10.0,23.4221,drop_decision_no_action,-1,-1,-1,veh10,0.0,False
8518,23.4221,CAM_DROP_PHY,17493,4,11.0,23.4221,drop_decision_no_action,-1,-1,-1,veh11,0.0,False
8518,23.4221,CAM_DROP_PHY,17493,4,12.0,23.4221,drop_decision_no_action,-1,-1,-1,veh12,0.0,False
8518,23.4221,CAM_DROP_PHY,17493,4,2.0,23.4221,drop_decision_no_action,-1,-1,-1,veh2,0.0,False
8518,23.4221,CAM_DROP_PHY,17493,4,3.0,23.4221,drop_decision_no_action,-1,-1,-1,veh3,0.0,False
8518,23.4221,CAM_DROP_PHY,17493,4,5.0,23.4221,drop_decision_no_action,-1,-1,-1,veh5,0.0,False
8518,23.4221,CAM_DROP_PHY,17493,4,6.0,23.4221,drop_decision_no_action,-1,-1,-1,veh6,0.0,False
8518,23.4221,CAM_DROP_PHY,17493,4,7.0,23.4221,drop_decision_no_action,-1,-1,-1,veh7,0.0,False
8518,23.4221,CAM_DROP_PHY,17493,4,8.0,23.4221,drop_decision_no_action,-1,-1,-1,veh8,0.0,False
8518,23.4221,CAM_DROP_PHY,17493,4,9.0,23.4221,drop_decision_no_action,-1,-1,-1,veh9,0.0,False
8505,23.4223,CPM_DROP_PHY,699721700565,2,10.0,23.4223,drop_decision_no_action,-1,-1,-1,veh10,0.0,False
8505,23.4223,CPM_DROP_PHY,699721700565,2,11.0,23.4223,drop_decision_no_action,-1,-1,-1,veh11,0.0,False
8505,23.4223,CPM_DROP_PHY,699721700565,2,12.0,23.4223,drop_decision_no_action,-1,-1,-1,veh12,0.0,False
8505,23.4223,CPM_DROP_PHY,699721700565,2,3.0,23.4223,drop_decision_no_action,-1,-1,-1,veh3,0.0,False
8505,23.4223,CPM_DROP_PHY,699721700565,2,4.0,23.4223,drop_decision_no_action,-1,-1,-1,veh4,0.0,False
8505,23.4223,CPM_DROP_PHY,699721700565,2,5.0,23.4223,drop_decision_no_action,-1,-1,-1,veh5,0.0,False
8505,23.4223,CPM_DROP_PHY,699721700565,2,6.0,23.4223,drop_decision_no_action,-1,-1,-1,veh6,0.0,False
8505,23.4223,CPM_DROP_PHY,699721700565,2,7.0,23.4223,drop_decision_no_action,-1,-1,-1,veh7,0.0,False
8505,23.4223,CPM_DROP_PHY,699721700565,2,8.0,23.4223,drop_decision_no_action,-1,-1,-1,veh8,0.0,False
8505,23.4223,CPM_DROP_PHY,699721700565,2,9.0,23.4223,drop_decision_no_action,-1,-1,-1,veh9,0.0,False
8503,23.4258,CPM_DROP_PHY,699721700561,10,11.0,23.4258,drop_decision_no_action,-1,-1,-1,veh11,0.0,False
8503,23.4258,CPM_DROP_PHY,699721700561,10,12.0,23.4258,drop_decision_no_action,-1,-1,-1,veh12,0.0,False
8503,23.4258,CPM_DROP_PHY,699721700561,10,3.0,23.4258,drop_decision_no_action,-1,-1,-1,veh3,0.0,False
8503,23.4258,CPM_DROP_PHY,699721700561,10,4.0,23.4258,drop_decision_no_action,-1,-1,-1,veh4,0.0,False
8503,23.4258,CPM_DROP_PHY,699721700561,10,5.0,23.4258,drop_decision_no_action,-1,-1,-1,veh5,0.0,False
8503,23.4258,CPM_DROP_PHY,699721700561,10,6.0,23.4258,drop_decision_no_action,-1,-1,-1,veh6,0.0,False
8503,23.4258,CPM_DROP_PHY,699721700561,10,7.0,23.4258,drop_decision_no_action,-1,-1,-1,veh7,0.0,False
8503,23.4258,CPM_DROP_PHY,699721700561,10,8.0,23.4258,drop_decision_no_action,-1,-1,-1,veh8,0.0,False
8503,23.4258,CPM_DROP_PHY,699721700561,10,9.0,23.4258,drop_decision_no_action,-1,-1,-1,veh9,0.0,False
8527,23.4368,CPM_DROP_PHY,699721700579,5,10.0,23.4368,drop_decision_no_action,-1,-1,-1,veh10,0.0,False
8527,23.4368,CPM_DROP_PHY,699721700579,5,11.0,23.4368,drop_decision_no_action,-1,-1,-1,veh11,0.0,False
8527,23.4368,CPM_DROP_PHY,699721700579,5,12.0,23.4368,drop_decision_no_action,-1,-1,-1,veh12,0.0,False
8527,23.4368,CPM_DROP_PHY,699721700579,5,2.0,23.4368,drop_decision_no_action,-1,-1,-1,veh2,0.0,False
8527,23.4368,CPM_DROP_PHY,699721700579,5,3.0,23.4368,drop_decision_no_action,-1,-1,-1,veh3,0.0,False
8527,23.4368,CPM_DROP_PHY,699721700579,5,4.0,23.4368,drop_decision_no_action,-1,-1,-1,veh4,0.0,False
8527,23.4368,CPM_DROP_PHY,699721700579,5,6.0,23.4368,drop_decision_no_action,-1,-1,-1,veh6,0.0,False
8527,23.4368,CPM_DROP_PHY,699721700579,5,7.0,23.4368,drop_decision_no_action,-1,-1,-1,veh7,0.0,False
8527,23.4368,CPM_DROP_PHY,699721700579,5,8.0,23.4368,drop_decision_no_action,-1,-1,-1,veh8,0.0,False
8527,23.4368,CPM_DROP_PHY,699721700579,5,9.0,23.4368,drop_decision_no_action,-1,-1,-1,veh9,0.0,False
8554,23.4466,CPM_DROP_PHY,699721700596,7,10.0,23.4466,drop_decision_no_action,-1,-1,-1,veh10,0.0,False
8554,23.4466,CPM_DROP_PHY,699721700596,7,11.0,23.4466,drop_decision_no_action,-1,-1,-1,veh11,0.0,False
8554,23.4466,CPM_DROP_PHY,699721700596,7,12.0,23.4466,drop_decision_no_action,-1,-1,-1,veh12,0.0,False
8554,23.4466,CPM_DROP_PHY,699721700596,7,2.0,23.4466,drop_decision_no_action,-1,-1,-1,veh2,0.0,False
8554,23.4466,CPM_DROP_PHY,699721700596,7,3.0,23.4466,drop_decision_no_action,-1,-1,-1,veh3,0.0,False
8554,23.4466,CPM_DROP_PHY,699721700596,7,4.0,23.4466,drop_decision_no_action,-1,-1,-1,veh4,0.0,False
8554,23.4466,CPM_DROP_PHY,699721700596,7,5.0,23.4466,drop_decision_no_action,-1,-1,-1,veh5,0.0,False
8554,23.4466,CPM_DROP_PHY,699721700596,7,6.0,23.4466,drop_decision_no_action,-1,-1,-1,veh6,0.0,False
8554,23.4466,CPM_DROP_PHY,699721700596,7,8.0,23.4466,drop_decision_no_action,-1,-1,-1,veh8,0.0,False
8554,23.4466,CPM_DROP_PHY,699721700596,7,9.0,23.4466,drop_decision_no_action,-1,-1,-1,veh9,0.0,False
8553,23.4521,CPM_DROP_PHY,699721700593,3,10.0,23.4521,drop_decision_no_action,-1,-1,-1,veh10,0.0,False
8553,23.4521,CPM_DROP_PHY,699721700593,3,11.0,23.4521,drop_decision_no_action,-1,-1,-1,veh11,0.0,False
8553,23.4521,CPM_DROP_PHY,699721700593,3,12.0,23.4521,drop_decision_no_action,-1,-1,-1,veh12,0.0,False
8553,23.4521,CPM_DROP_PHY,699721700593,3,2.0,23.4521,drop_decision_no_action,-1,-1,-1,veh2,0.0,False
8553,23.4521,CPM_DROP_PHY,699721700593,3,4.0,23.4521,drop_decision_no_action,-1,-1,-1,veh4,0.0,False
8553,23.4521,CPM_DROP_PHY,699721700593,3,5.0,23.4521,drop_decision_no_action,-1,-1,-1,veh5,0.0,False
8553,23.4521,CPM_DROP_PHY,699721700593,3,6.0,23.4521,drop_decision_no_action,-1,-1,-1,veh6,0.0,False
8553,23.4521,CPM_DROP_PHY,699721700593,3,7.0,23.4521,drop_decision_no_action,-1,-1,-1,veh7,0.0,False
8553,23.4521,CPM_DROP_PHY,699721700593,3,9.0,23.4521,drop_decision_no_action,-1,-1,-1,veh9,0.0,False
8576,23.4613,CAM_DROP_PHY,17532,9,10.0,23.4613,drop_decision_no_action,-1,-1,-1,veh10,0.0,False
8576,23.4613,CAM_DROP_PHY,17532,9,11.0,23.4613,drop_decision_no_action,-1,-1,-1,veh11,0.0,False
8576,23.4613,CAM_DROP_PHY,17532,9,12.0,23.4613,drop_decision_no_action,-1,-1,-1,veh12,0.0,False
8576,23.4613,CAM_DROP_PHY,17532,9,2.0,23.4613,drop_decision_no_action,-1,-1,-1,veh2,0.0,False
8576,23.4613,CAM_DROP_PHY,17532,9,3.0,23.4613,drop_decision_no_action,-1,-1,-1,veh3,0.0,False
8576,23.4613,CAM_DROP_PHY,17532,9,4.0,23.4613,drop_decision_no_action,-1,-1,-1,veh4,0.0,False
8576,23.4613,CAM_DROP_PHY,17532,9,5.0,23.4613,drop_decision_no_action,-1,-1,-1,veh5,0.0,False
8576,23.4613,CAM_DROP_PHY,17532,9,6.0,23.4613,drop_decision_no_action,-1,-1,-1,veh6,0.0,False
8576,23.4613,CAM_DROP_PHY,17532,9,7.0,23.4613,drop_decision_no_action,-1,-1,-1,veh7,0.0,False
8576,23.4613,CAM_DROP_PHY,17532,9,8.0,23.4613,drop_decision_no_action,-1,-1,-1,veh8,0.0,False
8578,23.4623,CPM_DROP_PHY,699721700616,12,10.0,23.4623,drop_decision_no_action,-1,-1,-1,veh10,0.0,False
8578,23.4623,CPM_DROP_PHY,699721700616,12,11.0,23.4623,drop_decision_no_action,-1,-1,-1,veh11,0.0,False
8578,23.4623,CPM_DROP_PHY,699721700616,12,2.0,23.4623,drop_decision_no_action,-1,-1,-1,veh2,0.0,False
8578,23.4623,CPM_DROP_PHY,699721700616,12,3.0,23.4623,drop_decision_no_action,-1,-1,-1,veh3,0.0,False
8578,23.4623,CPM_DROP_PHY,699721700616,12,4.0,23.4623,drop_decision_no_action,-1,-1,-1,veh4,0.0,False
8578,23.4623,CPM_DROP_PHY,699721700616,12,5.0,23.4623,drop_decision_no_action,-1,-1,-1,veh5,0.0,False
8578,23.4623,CPM_DROP_PHY,699721700616,12,6.0,23.4623,drop_decision_no_action,-1,-1,-1,veh6,0.0,False
8578,23.4623,CPM_DROP_PHY,699721700616,12,7.0,23.4623,drop_decision_no_action,-1,-1,-1,veh7,0.0,False
8578,23.4623,CPM_DROP_PHY,699721700616,12,8.0,23.4623,drop_decision_no_action,-1,-1,-1,veh8,0.0,False
8553,23.4633,CPM_DROP_PHY,699721700593,3,8.0,23.4633,drop_decision_no_action,-1,-1,-1,veh8,0.0,False
8554,23.4666,CAM_DROP_PHY,17523,7,10.0,23.4466,drop_decision_no_action,-1,-1,-1,veh10,-0.019999999999999574,False
8554,23.4666,CAM_DROP_PHY,17523,7,11.0,23.4466,drop_decision_no_action,-1,-1,-1,veh11,-0.019999999999999574,False
8554,23.4666,CAM_DROP_PHY,17523,7,12.0,23.4466,drop_decision_no_action,-1,-1,-1,veh12,-0.019999999999999574,False
8554,23.4666,CAM_DROP_PHY,17523,7,2.0,23.4466,drop_decision_no_action,-1,-1,-1,veh2,-0.019999999999999574,False
8554,23.4666,CAM_DROP_PHY,17523,7,3.0,23.4466,drop_decision_no_action,-1,-1,-1,veh3,-0.019999999999999574,False
8554,23.4666,CAM_DROP_PHY,17523,7,4.0,23.4466,drop_decision_no_action,-1,-1,-1,veh4,-0.019999999999999574,False
8554,23.4666,CAM_DROP_PHY,17523,7,5.0,23.4466,drop_decision_no_action,-1,-1,-1,veh5,-0.019999999999999574,False
8554,23.4666,CAM_DROP_PHY,17523,7,6.0,23.4466,drop_decision_no_action,-1,-1,-1,veh6,-0.019999999999999574,False
8554,23.4666,CAM_DROP_PHY,17523,7,8.0,23.4466,drop_decision_no_action,-1,-1,-1,veh8,-0.019999999999999574,False
8554,23.4666,CAM_DROP_PHY,17523,7,9.0,23.4466,drop_decision_no_action,-1,-1,-1,veh9,-0.019999999999999574,False
8582,23.4686,CAM_DROP_PHY,17539,6,10.0,23.4686,drop_decision_no_action,-1,-1,-1,veh10,0.0,False
8582,23.4686,CAM_DROP_PHY,17539,6,11.0,23.4686,drop_decision_no_action,-1,-1,-1,veh11,0.0,False
8582,23.4686,CAM_DROP_PHY,17539,6,12.0,23.4686,drop_decision_no_action,-1,-1,-1,veh12,0.0,False
8582,23.4686,CAM_DROP_PHY,17539,6,2.0,23.4686,drop_decision_no_action,-1,-1,-1,veh2,0.0,False
8582,23.4686,CAM_DROP_PHY,17539,6,3.0,23.4686,drop_decision_no_action,-1,-1,-1,veh3,0.0,False
8582,23.4686,CAM_DROP_PHY,17539,6,4.0,23.4686,drop_decision_no_action,-1,-1,-1,veh4,0.0,False
8582,23.4686,CAM_DROP_PHY,17539,6,5.0,23.4686,drop_decision_no_action,-1,-1,-1,veh5,0.0,False
8582,23.4686,CAM_DROP_PHY,17539,6,7.0,23.4686,drop_decision_no_action,-1,-1,-1,veh7,0.0,False
8582,23.4686,CAM_DROP_PHY,17539,6,8.0,23.4686,drop_decision_no_action,-1,-1,-1,veh8,0.0,False
8582,23.4686,CAM_DROP_PHY,17539,6,9.0,23.4686,drop_decision_no_action,-1,-1,-1,veh9,0.0,False
8600,23.4813,CPM_DROP_PHY,699721700632,9,10.0,23.4813,drop_decision_no_action,-1,-1,-1,veh10,0.0,False
8600,23.4813,CPM_DROP_PHY,699721700632,9,11.0,23.4813,drop_decision_no_action,-1,-1,-1,veh11,0.0,False
8600,23.4813,CPM_DROP_PHY,699721700632,9,12.0,23.4813,drop_decision_no_action,-1,-1,-1,veh12,0.0,False
8600,23.4813,CPM_DROP_PHY,699721700632,9,2.0,23.4813,drop_decision_no_action,-1,-1,-1,veh2,0.0,False
8600,23.4813,CPM_DROP_PHY,699721700632,9,3.0,23.4813,drop_decision_no_action,-1,-1,-1,veh3,0.0,False
8600,23.4813,CPM_DROP_PHY,699721700632,9,4.0,23.4813,drop_decision_no_action,-1,-1,-1,veh4,0.0,False
8600,23.4813,CPM_DROP_PHY,699721700632,9,5.0,23.4813,drop_decision_no_action,-1,-1,-1,veh5,0.0,False
8600,23.4813,CPM_DROP_PHY,699721700632,9,6.0,23.4813,drop_decision_no_action,-1,-1,-1,veh6,0.0,False
8600,23.4813,CPM_DROP_PHY,699721700632,9,7.0,23.4813,drop_decision_no_action,-1,-1,-1,veh7,0.0,False
8600,23.4813,CPM_DROP_PHY,699721700632,9,8.0,23.4813,drop_decision_no_action,-1,-1,-1,veh8,0.0,False
8609,23.4821,CPM_DROP_PHY,699721700638,4,10.0,23.4821,drop_decision_no_action,-1,-1,-1,veh10,0.0,False
8609,23.4821,CPM_DROP_PHY,699721700638,4,11.0,23.4821,drop_decision_no_action,-1,-1,-1,veh11,0.0,False
8609,23.4821,CPM_DROP_PHY,699721700638,4,12.0,23.4821,drop_decision_no_action,-1,-1,-1,veh12,0.0,False
8609,23.4821,CPM_DROP_PHY,699721700638,4,2.0,23.4821,drop_decision_no_action,-1,-1,-1,veh2,0.0,False
8609,23.4821,CPM_DROP_PHY,699721700638,4,3.0,23.4821,drop_decision_no_action,-1,-1,-1,veh3,0.0,False
8609,23.4821,CPM_DROP_PHY,699721700638,4,5.0,23.4821,drop_decision_no_action,-1,-1,-1,veh5,0.0,False
8609,23.4821,CPM_DROP_PHY,699721700638,4,6.0,23.4821,drop_decision_no_action,-1,-1,-1,veh6,0.0,False
8609,23.4821,CPM_DROP_PHY,699721700638,4,7.0,23.4821,drop_decision_no_action,-1,-1,-1,veh7,0.0,False
8609,23.4821,CPM_DROP_PHY,699721700638,4,8.0,23.4821,drop_decision_no_action,-1,-1,-1,veh8,0.0,False
8609,23.4821,CPM_DROP_PHY,699721700638,4,9.0,23.4821,drop_decision_no_action,-1,-1,-1,veh9,0.0,False
8582,23.4886,CPM_DROP_PHY,699721700630,6,10.0,23.4686,drop_decision_no_action,-1,-1,-1,veh10,-0.020000000000003126,False
8582,23.4886,CPM_DROP_PHY,699721700630,6,11.0,23.4686,drop_decision_no_action,-1,-1,-1,veh11,-0.020000000000003126,False
8582,23.4886,CPM_DROP_PHY,699721700630,6,12.0,23.4686,drop_decision_no_action,-1,-1,-1,veh12,-0.020000000000003126,False
8582,23.4886,CPM_DROP_PHY,699721700630,6,2.0,23.4686,drop_decision_no_action,-1,-1,-1,veh2,-0.020000000000003126,False
8582,23.4886,CPM_DROP_PHY,699721700630,6,3.0,23.4686,drop_decision_no_action,-1,-1,-1,veh3,-0.020000000000003126,False
8582,23.4886,CPM_DROP_PHY,699721700630,6,4.0,23.4686,drop_decision_no_action,-1,-1,-1,veh4,-0.020000000000003126,False
8582,23.4886,CPM_DROP_PHY,699721700630,6,5.0,23.4686,drop_decision_no_action,-1,-1,-1,veh5,-0.020000000000003126,False
8582,23.4886,CPM_DROP_PHY,699721700630,6,7.0,23.4686,drop_decision_no_action,-1,-1,-1,veh7,-0.020000000000003126,False
8582,23.4886,CPM_DROP_PHY,699721700630,6,8.0,23.4686,drop_decision_no_action,-1,-1,-1,veh8,-0.020000000000003126,False
8582,23.4886,CPM_DROP_PHY,699721700630,6,9.0,23.4686,drop_decision_no_action,-1,-1,-1,veh9,-0.020000000000003126,False
8648,23.5008,CPM_DROP_PHY,699721700658,8,10.0,23.5008,drop_decision_no_action,-1,-1,-1,veh10,0.0,False
8648,23.5008,CPM_DROP_PHY,699721700658,8,11.0,23.5008,drop_decision_no_action,-1,-1,-1,veh11,0.0,False
8648,23.5008,CPM_DROP_PHY,699721700658,8,12.0,23.5008,drop_decision_no_action,-1,-1,-1,veh12,0.0,False
8648,23.5008,CPM_DROP_PHY,699721700658,8,2.0,23.5008,drop_decision_no_action,-1,-1,-1,veh2,0.0,False
8648,23.5008,CPM_DROP_PHY,699721700658,8,3.0,23.5008,drop_decision_no_action,-1,-1,-1,veh3,0.0,False
8648,23.5008,CPM_DROP_PHY,699721700658,8,4.0,23.5008,drop_decision_no_action,-1,-1,-1,veh4,0.0,False
8648,23.5008,CPM_DROP_PHY,699721700658,8,5.0,23.5008,drop_decision_no_action,-1,-1,-1,veh5,0.0,False
8648,23.5008,CPM_DROP_PHY,699721700658,8,6.0,23.5008,drop_decision_no_action,-1,-1,-1,veh6,0.0,False
8648,23.5008,CPM_DROP_PHY,699721700658,8,7.0,23.5008,drop_decision_no_action,-1,-1,-1,veh7,0.0,False
8648,23.5008,CPM_DROP_PHY,699721700658,8,9.0,23.5008,drop_decision_no_action,-1,-1,-1,veh9,0.0,False
8660,23.5038,CPM_DROP_PHY,699721700666,11,10.0,23.5038,drop_decision_no_action,-1,-1,-1,veh10,0.0,False
8660,23.5038,CAM_DROP_PHY,17593,11,10.0,23.5038,drop_decision_no_action,-1,-1,-1,veh10,0.0,False
8660,23.5038,CPM_DROP_PHY,699721700666,11,12.0,23.5038,drop_decision_no_action,-1,-1,-1,veh12,0.0,False
8660,23.5038,CAM_DROP_PHY,17593,11,12.0,23.5038,drop_decision_no_action,-1,-1,-1,veh12,0.0,False
8660,23.5038,CPM_DROP_PHY,699721700666,11,2.0,23.5038,drop_decision_no_action,-1,-1,-1,veh2,0.0,False
8660,23.5038,CAM_DROP_PHY,17593,11,2.0,23.5038,drop_decision_no_action,-1,-1,-1,veh2,0.0,False
8660,23.5038,CPM_DROP_PHY,699721700666,11,3.0,23.5038,drop_decision_no_action,-1,-1,-1,veh3,0.0,False
8660,23.5038,CAM_DROP_PHY,17593,11,3.0,23.5038,drop_decision_no_action,-1,-1,-1,veh3,0.0,False
8660,23.5038,CPM_DROP_PHY,699721700666,11,4.0,23.5038,drop_decision_no_action,-1,-1,-1,veh4,0.0,False
8660,23.5038,CAM_DROP_PHY,17593,11,4.0,23.5038,drop_decision_no_action,-1,-1,-1,veh4,0.0,False
8660,23.5038,CPM_DROP_PHY,699721700666,11,5.0,23.5038,drop_decision_no_action,-1,-1,-1,veh5,0.0,False
8660,23.5038,CAM_DROP_PHY,17593,11,5.0,23.5038,drop_decision_no_action,-1,-1,-1,veh5,0.0,False
8660,23.5038,CPM_DROP_PHY,699721700666,11,6.0,23.5038,drop_decision_no_action,-1,-1,-1,veh6,0.0,False
8660,23.5038,CAM_DROP_PHY,17593,11,6.0,23.5038,drop_decision_no_action,-1,-1,-1,veh6,0.0,False
8660,23.5038,CPM_DROP_PHY,699721700666,11,7.0,23.5038,drop_decision_no_action,-1,-1,-1,veh7,0.0,False
8660,23.5038,CAM_DROP_PHY,17593,11,7.0,23.5038,drop_decision_no_action,-1,-1,-1,veh7,0.0,False
8660,23.5038,CPM_DROP_PHY,699721700666,11,8.0,23.5038,drop_decision_no_action,-1,-1,-1,veh8,0.0,False
8660,23.5038,CAM_DROP_PHY,17593,11,8.0,23.5038,drop_decision_no_action,-1,-1,-1,veh8,0.0,False
8660,23.5038,CPM_DROP_PHY,699721700666,11,9.0,23.5038,drop_decision_no_action,-1,-1,-1,veh9,0.0,False
8660,23.5038,CAM_DROP_PHY,17593,11,9.0,23.5038,drop_decision_no_action,-1,-1,-1,veh9,0.0,False
8685,23.5168,CAM_DROP_PHY,17658,5,10.0,23.5168,drop_decision_no_action,-1,-1,-1,veh10,0.0,False
8685,23.5168,CAM_DROP_PHY,17658,5,11.0,23.5168,drop_decision_no_action,-1,-1,-1,veh11,0.0,False
8685,23.5168,CAM_DROP_PHY,17658,5,12.0,23.5168,drop_decision_no_action,-1,-1,-1,veh12,0.0,False
8685,23.5168,CAM_DROP_PHY,17658,5,2.0,23.5168,drop_decision_no_action,-1,-1,-1,veh2,0.0,False
8685,23.5168,CAM_DROP_PHY,17658,5,3.0,23.5168,drop_decision_no_action,-1,-1,-1,veh3,0.0,False
8685,23.5168,CAM_DROP_PHY,17658,5,4.0,23.5168,drop_decision_no_action,-1,-1,-1,veh4,0.0,False
8685,23.5168,CAM_DROP_PHY,17658,5,6.0,23.5168,drop_decision_no_action,-1,-1,-1,veh6,0.0,False
8685,23.5168,CAM_DROP_PHY,17658,5,7.0,23.5168,drop_decision_no_action,-1,-1,-1,veh7,0.0,False
8685,23.5168,CAM_DROP_PHY,17658,5,8.0,23.5168,drop_decision_no_action,-1,-1,-1,veh8,0.0,False
8685,23.5168,CAM_DROP_PHY,17658,5,9.0,23.5168,drop_decision_no_action,-1,-1,-1,veh9,0.0,False
8688,23.5258,CPM_DROP_PHY,699721700743,10,11.0,23.5258,drop_decision_no_action,-1,-1,-1,veh11,0.0,False
8688,23.5258,CPM_DROP_PHY,699721700743,10,12.0,23.5258,cpm_drop_reaction,0,0,8,veh12,0.0,False
8688,23.5258,CPM_DROP_PHY,699721700743,10,3.0,23.5258,cpm_drop_reaction,0,0,15,veh3,0.0,False
8688,23.5258,CPM_DROP_PHY,699721700743,10,4.0,23.5258,cpm_drop_reaction,0,0,15,veh4,0.0,False
8688,23.5258,CPM_DROP_PHY,699721700743,10,5.0,23.5258,drop_decision_no_action,-1,-1,-1,veh5,0.0,False
8688,23.5258,CPM_DROP_PHY,699721700743,10,6.0,23.5258,cpm_drop_reaction,0,0,15,veh6,0.0,False
8688,23.5258,CPM_DROP_PHY,699721700743,10,7.0,23.5258,cpm_drop_reaction,0,0,15,veh7,0.0,False
8688,23.5258,CPM_DROP_PHY,699721700743,10,8.0,23.5258,cpm_drop_reaction,0,0,15,veh8,0.0,False
8688,23.5258,CPM_DROP_PHY,699721700743,10,9.0,23.5258,cpm_drop_reaction,1,0,45,veh9,0.0,True
8721,23.5346,CAM_DROP_PHY,17691,3,10.0,23.5346,drop_decision_no_action,-1,-1,-1,veh10,0.0,False
8721,23.5346,CAM_DROP_PHY,17691,3,11.0,23.5346,drop_decision_no_action,-1,-1,-1,veh11,0.0,False
8721,23.5346,CAM_DROP_PHY,17691,3,12.0,23.5346,drop_decision_no_action,-1,-1,-1,veh12,0.0,False
8721,23.5346,CAM_DROP_PHY,17691,3,2.0,23.5346,drop_decision_no_action,-1,-1,-1,veh2,0.0,False
8721,23.5346,CAM_DROP_PHY,17691,3,4.0,23.5346,drop_decision_no_action,-1,-1,-1,veh4,0.0,False
8721,23.5346,CAM_DROP_PHY,17691,3,5.0,23.5346,drop_decision_no_action,-1,-1,-1,veh5,0.0,False
8721,23.5346,CAM_DROP_PHY,17691,3,6.0,23.5346,drop_decision_no_action,-1,-1,-1,veh6,0.0,False
8721,23.5346,CAM_DROP_PHY,17691,3,7.0,23.5346,drop_decision_no_action,-1,-1,-1,veh7,0.0,False
8721,23.5346,CAM_DROP_PHY,17691,3,8.0,23.5346,drop_decision_no_action,-1,-1,-1,veh8,0.0,False
8721,23.5346,CAM_DROP_PHY,17691,3,9.0,23.5346,drop_decision_no_action,-1,-1,-1,veh9,0.0,False
8706,23.5368,CPM_DROP_PHY,699721700756,5,10.0,23.5368,drop_decision_no_action,-1,-1,-1,veh10,0.0,False
8706,23.5368,CPM_DROP_PHY,699721700756,5,11.0,23.5368,drop_decision_no_action,-1,-1,-1,veh11,0.0,False
8706,23.5368,CPM_DROP_PHY,699721700756,5,12.0,23.5368,drop_decision_no_action,-1,-1,-1,veh12,0.0,False
8706,23.5368,CPM_DROP_PHY,699721700756,5,2.0,23.5368,drop_decision_no_action,-1,-1,-1,veh2,0.0,False
8706,23.5368,CPM_DROP_PHY,699721700756,5,3.0,23.5368,drop_decision_no_action,-1,-1,-1,veh3,0.0,False
8706,23.5368,CPM_DROP_PHY,699721700756,5,4.0,23.5368,drop_decision_no_action,-1,-1,-1,veh4,0.0,False
8706,23.5368,CPM_DROP_PHY,699721700756,5,6.0,23.5368,drop_decision_no_action,-1,-1,-1,veh6,0.0,False
8706,23.5368,CPM_DROP_PHY,699721700756,5,7.0,23.5368,drop_decision_no_action,-1,-1,-1,veh7,0.0,False
8706,23.5368,CPM_DROP_PHY,699721700756,5,8.0,23.5368,drop_decision_no_action,-1,-1,-1,veh8,0.0,False
8706,23.5368,CPM_DROP_PHY,699721700756,5,9.0,23.5368,drop_decision_no_action,-1,-1,-1,veh9,0.0,False
8717,23.5408,CAM_DROP_PHY,17687,8,10.0,23.5408,drop_decision_no_action,-1,-1,-1,veh10,0.0,False
8717,23.5408,CAM_DROP_PHY,17687,8,11.0,23.5408,drop_decision_no_action,-1,-1,-1,veh11,0.0,False
8717,23.5408,CAM_DROP_PHY,17687,8,12.0,23.5408,drop_decision_no_action,-1,-1,-1,veh12,0.0,False
8717,23.5408,CAM_DROP_PHY,17687,8,2.0,23.5408,drop_decision_no_action,-1,-1,-1,veh2,0.0,False
8717,23.5408,CAM_DROP_PHY,17687,8,3.0,23.5408,drop_decision_no_action,-1,-1,-1,veh3,0.0,False
8717,23.5408,CAM_DROP_PHY,17687,8,4.0,23.5408,drop_decision_no_action,-1,-1,-1,veh4,0.0,False
8717,23.5408,CAM_DROP_PHY,17687,8,5.0,23.5408,drop_decision_no_action,-1,-1,-1,veh5,0.0,False
8717,23.5408,CAM_DROP_PHY,17687,8,6.0,23.5408,drop_decision_no_action,-1,-1,-1,veh6,0.0,False
8717,23.5408,CAM_DROP_PHY,17687,8,7.0,23.5408,drop_decision_no_action,-1,-1,-1,veh7,0.0,False
8717,23.5408,CAM_DROP_PHY,17687,8,9.0,23.5408,drop_decision_no_action,-1,-1,-1,veh9,0.0,False
8727,23.5466,CPM_DROP_PHY,699721700779,7,10.0,23.5466,drop_decision_no_action,-1,-1,-1,veh10,0.0,False
8727,23.5466,CPM_DROP_PHY,699721700779,7,11.0,23.5466,cpm_drop_reaction,0,0,8,veh11,0.0,False
8727,23.5466,CPM_DROP_PHY,699721700779,7,12.0,23.5466,drop_decision_no_action,-1,-1,-1,veh12,0.0,False
8727,23.5466,CPM_DROP_PHY,699721700779,7,2.0,23.5466,drop_decision_no_action,-1,-1,-1,veh2,0.0,False
8727,23.5466,CPM_DROP_PHY,699721700779,7,4.0,23.5466,drop_decision_no_action,-1,-1,-1,veh4,0.0,False
8727,23.5466,CPM_DROP_PHY,699721700779,7,5.0,23.5466,drop_decision_no_action,-1,-1,-1,veh5,0.0,False
8727,23.5466,CPM_DROP_PHY,699721700779,7,6.0,23.5466,drop_decision_no_action,-1,-1,-1,veh6,0.0,False
8727,23.5466,CPM_DROP_PHY,699721700779,7,8.0,23.5466,drop_decision_no_action,-1,-1,-1,veh8,0.0,False
8727,23.5466,CPM_DROP_PHY,699721700779,7,9.0,23.5466,drop_decision_no_action,-1,-1,-1,veh9,0.0,False
8726,23.5546,CPM_DROP_PHY,699721700777,3,10.0,23.5546,drop_decision_no_action,-1,-1,-1,veh10,0.0,False
8726,23.5546,CPM_DROP_PHY,699721700777,3,11.0,23.5546,drop_decision_no_action,-1,-1,-1,veh11,0.0,False
8726,23.5546,CPM_DROP_PHY,699721700777,3,12.0,23.5546,drop_decision_no_action,-1,-1,-1,veh12,0.0,False
8726,23.5546,CPM_DROP_PHY,699721700777,3,2.0,23.5546,drop_decision_no_action,-1,-1,-1,veh2,0.0,False
8726,23.5546,CPM_DROP_PHY,699721700777,3,4.0,23.5546,drop_decision_no_action,-1,-1,-1,veh4,0.0,False
8726,23.5546,CPM_DROP_PHY,699721700777,3,5.0,23.5546,cpm_drop_reaction,0,0,15,veh5,0.0,False
8726,23.5546,CPM_DROP_PHY,699721700777,3,6.0,23.5546,drop_decision_no_action,-1,-1,-1,veh6,0.0,False
8726,23.5546,CPM_DROP_PHY,699721700777,3,7.0,23.5546,drop_decision_no_action,-1,-1,-1,veh7,0.0,False
8726,23.5546,CPM_DROP_PHY,699721700777,3,8.0,23.5546,drop_decision_no_action,-1,-1,-1,veh8,0.0,False
8726,23.5546,CPM_DROP_PHY,699721700777,3,9.0,23.5546,drop_decision_no_action,-1,-1,-1,veh9,0.0,False
8760,23.5623,CPM_DROP_PHY,699721700799,12,10.0,23.5623,drop_decision_no_action,-1,-1,-1,veh10,0.0,False
8760,23.5623,CPM_DROP_PHY,699721700799,12,11.0,23.5623,drop_decision_no_action,-1,-1,-1,veh11,0.0,False
8760,23.5623,CPM_DROP_PHY,699721700799,12,2.0,23.5623,drop_decision_no_action,-1,-1,-1,veh2,0.0,False
8760,23.5623,CPM_DROP_PHY,699721700799,12,3.0,23.5623,drop_decision_no_action,-1,-1,-1,veh3,0.0,False
8760,23.5623,CPM_DROP_PHY,699721700799,12,4.0,23.5623,drop_decision_no_action,-1,-1,-1,veh4,0.0,False
8760,23.5623,CPM_DROP_PHY,699721700799,12,5.0,23.5623,drop_decision_no_action,-1,-1,-1,veh5,0.0,False
8760,23.5623,CPM_DROP_PHY,699721700799,12,6.0,23.5623,drop_decision_no_action,-1,-1,-1,veh6,0.0,False
8760,23.5623,CPM_DROP_PHY,699721700799,12,7.0,23.5623,drop_decision_no_action,-1,-1,-1,veh7,0.0,False
8760,23.5623,CPM_DROP_PHY,699721700799,12,8.0,23.5623,drop_decision_no_action,-1,-1,-1,veh8,0.0,False
8578,23.5623,CPM_DROP_PHY,699721700616,12,9.0,23.5623,drop_decision_no_action,-1,-1,-1,veh9,0.0,False
8760,23.5623,CPM_DROP_PHY,699721700799,12,9.0,23.5623,drop_decision_no_action,-1,-1,-1,veh9,0.0,False
8773,23.5686,CPM_DROP_PHY,699721700809,6,10.0,23.5686,cpm_drop_reaction,0,0,8,veh10,0.0,False
8773,23.5686,CPM_DROP_PHY,699721700809,6,11.0,23.5686,drop_decision_no_action,-1,-1,-1,veh11,0.0,False
8773,23.5686,CPM_DROP_PHY,699721700809,6,12.0,23.5686,drop_decision_no_action,-1,-1,-1,veh12,0.0,False
8773,23.5686,CPM_DROP_PHY,699721700809,6,2.0,23.5686,drop_decision_no_action,-1,-1,-1,veh2,0.0,False
8773,23.5686,CPM_DROP_PHY,699721700809,6,3.0,23.5686,drop_decision_no_action,-1,-1,-1,veh3,0.0,False
8773,23.5686,CPM_DROP_PHY,699721700809,6,4.0,23.5686,drop_decision_no_action,-1,-1,-1,veh4,0.0,False
8773,23.5686,CPM_DROP_PHY,699721700809,6,5.0,23.5686,drop_decision_no_action,-1,-1,-1,veh5,0.0,False
8773,23.5686,CPM_DROP_PHY,699721700809,6,7.0,23.5686,drop_decision_no_action,-1,-1,-1,veh7,0.0,False
8773,23.5686,CPM_DROP_PHY,699721700809,6,8.0,23.5686,drop_decision_no_action,-1,-1,-1,veh8,0.0,False
8773,23.5686,CPM_DROP_PHY,699721700809,6,9.0,23.5686,drop_decision_no_action,-1,-1,-1,veh9,0.0,False
8727,23.5691,CAM_DROP_PHY,17707,7,10.0,23.5466,drop_decision_no_action,-1,-1,-1,veh10,-0.0224999999999973,False
8727,23.5691,CAM_DROP_PHY,17707,7,11.0,23.5466,cpm_drop_reaction,0,0,8,veh11,-0.0224999999999973,False
8727,23.5691,CAM_DROP_PHY,17707,7,12.0,23.5466,drop_decision_no_action,-1,-1,-1,veh12,-0.0224999999999973,False
8727,23.5691,CAM_DROP_PHY,17707,7,2.0,23.5466,drop_decision_no_action,-1,-1,-1,veh2,-0.0224999999999973,False
8727,23.5691,CAM_DROP_PHY,17707,7,4.0,23.5466,drop_decision_no_action,-1,-1,-1,veh4,-0.0224999999999973,False
8727,23.5691,CAM_DROP_PHY,17707,7,5.0,23.5466,drop_decision_no_action,-1,-1,-1,veh5,-0.0224999999999973,False
8727,23.5691,CAM_DROP_PHY,17707,7,6.0,23.5466,drop_decision_no_action,-1,-1,-1,veh6,-0.0224999999999973,False
8727,23.5691,CAM_DROP_PHY,17707,7,8.0,23.5466,drop_decision_no_action,-1,-1,-1,veh8,-0.0224999999999973,False
8727,23.5691,CAM_DROP_PHY,17707,7,9.0,23.5466,drop_decision_no_action,-1,-1,-1,veh9,-0.0224999999999973,False
8786,23.5821,CPM_DROP_PHY,699721700816,4,10.0,23.5821,drop_decision_no_action,-1,-1,-1,veh10,0.0,False
8786,23.5821,CPM_DROP_PHY,699721700816,4,11.0,23.5821,drop_decision_no_action,-1,-1,-1,veh11,0.0,False
8786,23.5821,CPM_DROP_PHY,699721700816,4,12.0,23.5821,drop_decision_no_action,-1,-1,-1,veh12,0.0,False
8786,23.5821,CPM_DROP_PHY,699721700816,4,2.0,23.5821,drop_decision_no_action,-1,-1,-1,veh2,0.0,False
8786,23.5821,CPM_DROP_PHY,699721700816,4,3.0,23.5821,drop_decision_no_action,-1,-1,-1,veh3,0.0,False
8786,23.5821,CPM_DROP_PHY,699721700816,4,5.0,23.5821,drop_decision_no_action,-1,-1,-1,veh5,0.0,False
8786,23.5821,CPM_DROP_PHY,699721700816,4,6.0,23.5821,drop_decision_no_action,-1,-1,-1,veh6,0.0,False
8786,23.5821,CPM_DROP_PHY,699721700816,4,7.0,23.5821,drop_decision_no_action,-1,-1,-1,veh7,0.0,False
8786,23.5821,CPM_DROP_PHY,699721700816,4,8.0,23.5821,drop_decision_no_action,-1,-1,-1,veh8,0.0,False
8786,23.5821,CPM_DROP_PHY,699721700816,4,9.0,23.5821,drop_decision_no_action,-1,-1,-1,veh9,0.0,False
8829,23.6023,CAM_DROP_PHY,17764,2,10.0,23.6023,drop_decision_no_action,-1,-1,-1,veh10,0.0,False
8829,23.6023,CAM_DROP_PHY,17764,2,11.0,23.6023,drop_decision_no_action,-1,-1,-1,veh11,0.0,False
8829,23.6023,CAM_DROP_PHY,17764,2,12.0,23.6023,drop_decision_no_action,-1,-1,-1,veh12,0.0,False
8829,23.6023,CAM_DROP_PHY,17764,2,3.0,23.6023,drop_decision_no_action,-1,-1,-1,veh3,0.0,False
8829,23.6023,CAM_DROP_PHY,17764,2,4.0,23.6023,drop_decision_no_action,-1,-1,-1,veh4,0.0,False
8829,23.6023,CAM_DROP_PHY,17764,2,5.0,23.6023,drop_decision_no_action,-1,-1,-1,veh5,0.0,False
8829,23.6023,CAM_DROP_PHY,17764,2,6.0,23.6023,drop_decision_no_action,-1,-1,-1,veh6,0.0,False
8829,23.6023,CAM_DROP_PHY,17764,2,7.0,23.6023,drop_decision_no_action,-1,-1,-1,veh7,0.0,False
8829,23.6023,CAM_DROP_PHY,17764,2,8.0,23.6023,drop_decision_no_action,-1,-1,-1,veh8,0.0,False
8829,23.6023,CAM_DROP_PHY,17764,2,9.0,23.6023,drop_decision_no_action,-1,-1,-1,veh9,0.0,False
8823,23.6038,CPM_DROP_PHY,699721700839,11,10.0,23.6038,drop_decision_no_action,-1,-1,-1,veh10,0.0,False
8823,23.6038,CAM_DROP_PHY,17768,11,10.0,23.6038,drop_decision_no_action,-1,-1,-1,veh10,0.0,False
8823,23.6038,CPM_DROP_PHY,699721700839,11,12.0,23.6038,drop_decision_no_action,-1,-1,-1,veh12,0.0,False
8823,23.6038,CAM_DROP_PHY,17768,11,12.0,23.6038,drop_decision_no_action,-1,-1,-1,veh12,0.0,False
8823,23.6038,CPM_DROP_PHY,699721700839,11,2.0,23.6038,drop_decision_no_action,-1,-1,-1,veh2,0.0,False
8823,23.6038,CAM_DROP_PHY,17768,11,2.0,23.6038,drop_decision_no_action,-1,-1,-1,veh2,0.0,False
8823,23.6038,CPM_DROP_PHY,699721700839,11,3.0,23.6038,drop_decision_no_action,-1,-1,-1,veh3,0.0,False
8823,23.6038,CAM_DROP_PHY,17768,11,3.0,23.6038,drop_decision_no_action,-1,-1,-1,veh3,0.0,False
8823,23.6038,CPM_DROP_PHY,699721700839,11,4.0,23.6038,drop_decision_no_action,-1,-1,-1,veh4,0.0,False
8823,23.6038,CAM_DROP_PHY,17768,11,4.0,23.6038,drop_decision_no_action,-1,-1,-1,veh4,0.0,False
8823,23.6038,CPM_DROP_PHY,699721700839,11,5.0,23.6038,drop_decision_no_action,-1,-1,-1,veh5,0.0,False
8823,23.6038,CAM_DROP_PHY,17768,11,5.0,23.6038,drop_decision_no_action,-1,-1,-1,veh5,0.0,False
8823,23.6038,CPM_DROP_PHY,699721700839,11,6.0,23.6038,drop_decision_no_action,-1,-1,-1,veh6,0.0,False
8823,23.6038,CAM_DROP_PHY,17768,11,6.0,23.6038,drop_decision_no_action,-1,-1,-1,veh6,0.0,False
8823,23.6038,CPM_DROP_PHY,699721700839,11,7.0,23.6038,drop_decision_no_action,-1,-1,-1,veh7,0.0,False
8823,23.6038,CAM_DROP_PHY,17768,11,7.0,23.6038,drop_decision_no_action,-1,-1,-1,veh7,0.0,False
8823,23.6038,CPM_DROP_PHY,699721700839,11,8.0,23.6038,drop_decision_no_action,-1,-1,-1,veh8,0.0,False
8823,23.6038,CAM_DROP_PHY,17768,11,8.0,23.6038,drop_decision_no_action,-1,-1,-1,veh8,0.0,False
8823,23.6038,CPM_DROP_PHY,699721700839,11,9.0,23.6038,drop_decision_no_action,-1,-1,-1,veh9,0.0,False
8823,23.6038,CAM_DROP_PHY,17768,11,9.0,23.6038,drop_decision_no_action,-1,-1,-1,veh9,0.0,False
8845,23.6168,CAM_DROP_PHY,17833,5,10.0,23.6168,drop_decision_no_action,-1,-1,-1,veh10,0.0,False
8845,23.6168,CAM_DROP_PHY,17833,5,11.0,23.6168,drop_decision_no_action,-1,-1,-1,veh11,0.0,False
8845,23.6168,CAM_DROP_PHY,17833,5,12.0,23.6168,drop_decision_no_action,-1,-1,-1,veh12,0.0,False
8845,23.6168,CAM_DROP_PHY,17833,5,2.0,23.6168,drop_decision_no_action,-1,-1,-1,veh2,0.0,False
8845,23.6168,CAM_DROP_PHY,17833,5,3.0,23.6168,drop_decision_no_action,-1,-1,-1,veh3,0.0,False
8845,23.6168,CAM_DROP_PHY,17833,5,4.0,23.6168,drop_decision_no_action,-1,-1,-1,veh4,0.0,False
8845,23.6168,CAM_DROP_PHY,17833,5,6.0,23.6168,drop_decision_no_action,-1,-1,-1,veh6,0.0,False
8845,23.6168,CAM_DROP_PHY,17833,5,7.0,23.6168,drop_decision_no_action,-1,-1,-1,veh7,0.0,False
8845,23.6168,CAM_DROP_PHY,17833,5,8.0,23.6168,drop_decision_no_action,-1,-1,-1,veh8,0.0,False
8845,23.6168,CAM_DROP_PHY,17833,5,9.0,23.6168,drop_decision_no_action,-1,-1,-1,veh9,0.0,False
8847,23.6258,CPM_DROP_PHY,699721700916,10,11.0,23.6258,drop_decision_no_action,-1,-1,-1,veh11,0.0,False
8847,23.6258,CPM_DROP_PHY,699721700916,10,12.0,23.6258,drop_decision_no_action,-1,-1,-1,veh12,0.0,False
8688,23.6258,CPM_DROP_PHY,699721700743,10,2.0,23.6258,drop_decision_no_action,-1,-1,-1,veh2,0.0,False
8847,23.6258,CPM_DROP_PHY,699721700916,10,3.0,23.6258,drop_decision_no_action,-1,-1,-1,veh3,0.0,False
8847,23.6258,CPM_DROP_PHY,699721700916,10,4.0,23.6258,drop_decision_no_action,-1,-1,-1,veh4,0.0,False
8847,23.6258,CPM_DROP_PHY,699721700916,10,5.0,23.6258,drop_decision_no_action,-1,-1,-1,veh5,0.0,False
8847,23.6258,CPM_DROP_PHY,699721700916,10,6.0,23.6258,drop_decision_no_action,-1,-1,-1,veh6,0.0,False
8847,23.6258,CPM_DROP_PHY,699721700916,10,7.0,23.6258,drop_decision_no_action,-1,-1,-1,veh7,0.0,False
8847,23.6258,CPM_DROP_PHY,699721700916,10,8.0,23.6258,drop_decision_no_action,-1,-1,-1,veh8,0.0,False
8847,23.6258,CPM_DROP_PHY,699721700916,10,9.0,23.6258,drop_decision_no_action,-1,-1,-1,veh9,0.0,False
8847,23.6341,CPM_DROP_PHY,699721700916,10,2.0,23.6341,drop_decision_no_action,-1,-1,-1,veh2,0.0,False
8866,23.6368,CPM_DROP_PHY,699721700930,5,10.0,23.6368,drop_decision_no_action,-1,-1,-1,veh10,0.0,False
8866,23.6368,CPM_DROP_PHY,699721700930,5,11.0,23.6368,drop_decision_no_action,-1,-1,-1,veh11,0.0,False
8866,23.6368,CPM_DROP_PHY,699721700930,5,12.0,23.6368,drop_decision_no_action,-1,-1,-1,veh12,0.0,False
8866,23.6368,CPM_DROP_PHY,699721700930,5,2.0,23.6368,drop_decision_no_action,-1,-1,-1,veh2,0.0,False
8866,23.6368,CPM_DROP_PHY,699721700930,5,3.0,23.6368,drop_decision_no_action,-1,-1,-1,veh3,0.0,False
8866,23.6368,CPM_DROP_PHY,699721700930,5,4.0,23.6368,drop_decision_no_action,-1,-1,-1,veh4,0.0,False
8866,23.6368,CPM_DROP_PHY,699721700930,5,6.0,23.6368,drop_decision_no_action,-1,-1,-1,veh6,0.0,False
8866,23.6368,CPM_DROP_PHY,699721700930,5,7.0,23.6368,drop_decision_no_action,-1,-1,-1,veh7,0.0,False
8866,23.6368,CPM_DROP_PHY,699721700930,5,8.0,23.6368,drop_decision_no_action,-1,-1,-1,veh8,0.0,False
8866,23.6368,CPM_DROP_PHY,699721700930,5,9.0,23.6368,drop_decision_no_action,-1,-1,-1,veh9,0.0,False
8883,23.6491,CPM_DROP_PHY,699721700946,7,10.0,23.6491,drop_decision_no_action,-1,-1,-1,veh10,0.0,False
8883,23.6491,CPM_DROP_PHY,699721700946,7,11.0,23.6491,drop_decision_no_action,-1,-1,-1,veh11,0.0,False
8883,23.6491,CPM_DROP_PHY,699721700946,7,12.0,23.6491,drop_decision_no_action,-1,-1,-1,veh12,0.0,False
8883,23.6491,CPM_DROP_PHY,699721700946,7,2.0,23.6491,drop_decision_no_action,-1,-1,-1,veh2,0.0,False
8883,23.6491,CPM_DROP_PHY,699721700946,7,4.0,23.6491,drop_decision_no_action,-1,-1,-1,veh4,0.0,False
8883,23.6491,CPM_DROP_PHY,699721700946,7,5.0,23.6491,drop_decision_no_action,-1,-1,-1,veh5,0.0,False
8883,23.6491,CPM_DROP_PHY,699721700946,7,6.0,23.6491,drop_decision_no_action,-1,-1,-1,veh6,0.0,False
8883,23.6491,CPM_DROP_PHY,699721700946,7,8.0,23.6491,drop_decision_no_action,-1,-1,-1,veh8,0.0,False
8883,23.6491,CPM_DROP_PHY,699721700946,7,9.0,23.6491,drop_decision_no_action,-1,-1,-1,veh9,0.0,False
8882,23.6546,CPM_DROP_PHY,699721700943,3,10.0,23.6546,drop_decision_no_action,-1,-1,-1,veh10,0.0,False
8882,23.6546,CPM_DROP_PHY,699721700943,3,11.0,23.6546,drop_decision_no_action,-1,-1,-1,veh11,0.0,False
8882,23.6546,CPM_DROP_PHY,699721700943,3,12.0,23.6546,drop_decision_no_action,-1,-1,-1,veh12,0.0,False
8882,23.6546,CPM_DROP_PHY,699721700943,3,2.0,23.6546,drop_decision_no_action,-1,-1,-1,veh2,0.0,False
8882,23.6546,CPM_DROP_PHY,699721700943,3,4.0,23.6546,drop_decision_no_action,-1,-1,-1,veh4,0.0,False
8882,23.6546,CPM_DROP_PHY,699721700943,3,5.0,23.6546,drop_decision_no_action,-1,-1,-1,veh5,0.0,False
8882,23.6546,CPM_DROP_PHY,699721700943,3,6.0,23.6546,drop_decision_no_action,-1,-1,-1,veh6,0.0,False
8882,23.6546,CPM_DROP_PHY,699721700943,3,7.0,23.6546,drop_decision_no_action,-1,-1,-1,veh7,0.0,False
8882,23.6546,CPM_DROP_PHY,699721700943,3,8.0,23.6546,drop_decision_no_action,-1,-1,-1,veh8,0.0,False
8882,23.6546,CPM_DROP_PHY,699721700943,3,9.0,23.6546,drop_decision_no_action,-1,-1,-1,veh9,0.0,False
8903,23.6613,CAM_DROP_PHY,17880,9,10.0,23.6613,drop_decision_no_action,-1,-1,-1,veh10,0.0,False
8903,23.6613,CAM_DROP_PHY,17880,9,11.0,23.6613,drop_decision_no_action,-1,-1,-1,veh11,0.0,False
8903,23.6613,CAM_DROP_PHY,17880,9,12.0,23.6613,drop_decision_no_action,-1,-1,-1,veh12,0.0,False
8903,23.6613,CAM_DROP_PHY,17880,9,2.0,23.6613,drop_decision_no_action,-1,-1,-1,veh2,0.0,False
8903,23.6613,CAM_DROP_PHY,17880,9,3.0,23.6613,drop_decision_no_action,-1,-1,-1,veh3,0.0,False
8903,23.6613,CAM_DROP_PHY,17880,9,4.0,23.6613,drop_decision_no_action,-1,-1,-1,veh4,0.0,False
8903,23.6613,CAM_DROP_PHY,17880,9,5.0,23.6613,drop_decision_no_action,-1,-1,-1,veh5,0.0,False
8903,23.6613,CAM_DROP_PHY,17880,9,6.0,23.6613,drop_decision_no_action,-1,-1,-1,veh6,0.0,False
8903,23.6613,CAM_DROP_PHY,17880,9,7.0,23.6613,drop_decision_no_action,-1,-1,-1,veh7,0.0,False
8903,23.6613,CAM_DROP_PHY,17880,9,8.0,23.6613,drop_decision_no_action,-1,-1,-1,veh8,0.0,False
8905,23.6623,CPM_DROP_PHY,699721700964,12,10.0,23.6623,drop_decision_no_action,-1,-1,-1,veh10,0.0,False
8905,23.6623,CPM_DROP_PHY,699721700964,12,11.0,23.6623,drop_decision_no_action,-1,-1,-1,veh11,0.0,False
8905,23.6623,CPM_DROP_PHY,699721700964,12,2.0,23.6623,drop_decision_no_action,-1,-1,-1,veh2,0.0,False
8905,23.6623,CPM_DROP_PHY,699721700964,12,3.0,23.6623,drop_decision_no_action,-1,-1,-1,veh3,0.0,False
8905,23.6623,CPM_DROP_PHY,699721700964,12,4.0,23.6623,drop_decision_no_action,-1,-1,-1,veh4,0.0,False
8905,23.6623,CPM_DROP_PHY,699721700964,12,5.0,23.6623,drop_decision_no_action,-1,-1,-1,veh5,0.0,False
8905,23.6623,CPM_DROP_PHY,699721700964,12,6.0,23.6623,drop_decision_no_action,-1,-1,-1,veh6,0.0,False
8905,23.6623,CPM_DROP_PHY,699721700964,12,7.0,23.6623,drop_decision_no_action,-1,-1,-1,veh7,0.0,False
8905,23.6623,CPM_DROP_PHY,699721700964,12,8.0,23.6623,drop_decision_no_action,-1,-1,-1,veh8,0.0,False
8905,23.6623,CPM_DROP_PHY,699721700964,12,9.0,23.6623,drop_decision_no_action,-1,-1,-1,veh9,0.0,False
8917,23.6686,CPM_DROP_PHY,699721700975,6,10.0,23.6686,drop_decision_no_action,-1,-1,-1,veh10,0.0,False
8917,23.6686,CPM_DROP_PHY,699721700975,6,11.0,23.6686,drop_decision_no_action,-1,-1,-1,veh11,0.0,False
8917,23.6686,CPM_DROP_PHY,699721700975,6,12.0,23.6686,drop_decision_no_action,-1,-1,-1,veh12,0.0,False
8917,23.6686,CPM_DROP_PHY,699721700975,6,2.0,23.6686,drop_decision_no_action,-1,-1,-1,veh2,0.0,False
8917,23.6686,CPM_DROP_PHY,699721700975,6,3.0,23.6686,drop_decision_no_action,-1,-1,-1,veh3,0.0,False
8917,23.6686,CPM_DROP_PHY,699721700975,6,4.0,23.6686,drop_decision_no_action,-1,-1,-1,veh4,0.0,False
8917,23.6686,CPM_DROP_PHY,699721700975,6,5.0,23.6686,drop_decision_no_action,-1,-1,-1,veh5,0.0,False
8917,23.6686,CPM_DROP_PHY,699721700975,6,7.0,23.6686,drop_decision_no_action,-1,-1,-1,veh7,0.0,False
8917,23.6686,CPM_DROP_PHY,699721700975,6,8.0,23.6686,drop_decision_no_action,-1,-1,-1,veh8,0.0,False
8917,23.6686,CPM_DROP_PHY,699721700975,6,9.0,23.6686,drop_decision_no_action,-1,-1,-1,veh9,0.0,False
8883,23.6691,CPM_DROP_PHY,699721700946,7,3.0,23.6691,drop_decision_no_action,-1,-1,-1,veh3,0.0,False
8932,23.6821,CPM_DROP_PHY,699721700982,4,10.0,23.6821,drop_decision_no_action,-1,-1,-1,veh10,0.0,False
8932,23.6821,CPM_DROP_PHY,699721700982,4,11.0,23.6821,drop_decision_no_action,-1,-1,-1,veh11,0.0,False
8932,23.6821,CPM_DROP_PHY,699721700982,4,12.0,23.6821,drop_decision_no_action,-1,-1,-1,veh12,0.0,False
8932,23.6821,CPM_DROP_PHY,699721700982,4,2.0,23.6821,drop_decision_no_action,-1,-1,-1,veh2,0.0,False
8932,23.6821,CPM_DROP_PHY,699721700982,4,3.0,23.6821,drop_decision_no_action,-1,-1,-1,veh3,0.0,False
8932,23.6821,CPM_DROP_PHY,699721700982,4,5.0,23.6821,drop_decision_no_action,-1,-1,-1,veh5,0.0,False
8932,23.6821,CPM_DROP_PHY,699721700982,4,6.0,23.6821,drop_decision_no_action,-1,-1,-1,veh6,0.0,False
8932,23.6821,CPM_DROP_PHY,699721700982,4,7.0,23.6821,drop_decision_no_action,-1,-1,-1,veh7,0.0,False
8932,23.6821,CPM_DROP_PHY,699721700982,4,8.0,23.6821,drop_decision_no_action,-1,-1,-1,veh8,0.0,False
8932,23.6821,CPM_DROP_PHY,699721700982,4,9.0,23.6821,drop_decision_no_action,-1,-1,-1,veh9,0.0,False
8954,23.6858,CAM_DROP_PHY,17915,10,11.0,23.6858,drop_decision_no_action,-1,-1,-1,veh11,0.0,False
8954,23.6858,CAM_DROP_PHY,17915,10,12.0,23.6858,drop_decision_no_action,-1,-1,-1,veh12,0.0,False
8954,23.6858,CAM_DROP_PHY,17915,10,2.0,23.6858,drop_decision_no_action,-1,-1,-1,veh2,0.0,False
8954,23.6858,CAM_DROP_PHY,17915,10,3.0,23.6858,drop_decision_no_action,-1,-1,-1,veh3,0.0,False
8954,23.6858,CAM_DROP_PHY,17915,10,4.0,23.6858,drop_decision_no_action,-1,-1,-1,veh4,0.0,False
8954,23.6858,CAM_DROP_PHY,17915,10,5.0,23.6858,drop_decision_no_action,-1,-1,-1,veh5,0.0,False
8954,23.6858,CAM_DROP_PHY,17915,10,6.0,23.6858,drop_decision_no_action,-1,-1,-1,veh6,0.0,False
8954,23.6858,CAM_DROP_PHY,17915,10,7.0,23.6858,drop_decision_no_action,-1,-1,-1,veh7,0.0,False
8954,23.6858,CAM_DROP_PHY,17915,10,8.0,23.6858,drop_decision_no_action,-1,-1,-1,veh8,0.0,False
8954,23.6858,CAM_DROP_PHY,17915,10,9.0,23.6858,drop_decision_no_action,-1,-1,-1,veh9,0.0,False
8972,23.7038,CPM_DROP_PHY,699721701009,11,10.0,23.7038,drop_decision_no_action,-1,-1,-1,veh10,0.0,False
8972,23.7038,CAM_DROP_PHY,17935,11,10.0,23.7038,drop_decision_no_action,-1,-1,-1,veh10,0.0,False
8972,23.7038,CPM_DROP_PHY,699721701009,11,12.0,23.7038,drop_decision_no_action,-1,-1,-1,veh12,0.0,False
8972,23.7038,CAM_DROP_PHY,17935,11,12.0,23.7038,drop_decision_no_action,-1,-1,-1,veh12,0.0,False
8972,23.7038,CPM_DROP_PHY,699721701009,11,2.0,23.7038,drop_decision_no_action,-1,-1,-1,veh2,0.0,False
8972,23.7038,CAM_DROP_PHY,17935,11,2.0,23.7038,drop_decision_no_action,-1,-1,-1,veh2,0.0,False
8972,23.7038,CPM_DROP_PHY,699721701009,11,3.0,23.7038,drop_decision_no_action,-1,-1,-1,veh3,0.0,False
8972,23.7038,CAM_DROP_PHY,17935,11,3.0,23.7038,drop_decision_no_action,-1,-1,-1,veh3,0.0,False
8972,23.7038,CPM_DROP_PHY,699721701009,11,4.0,23.7038,drop_decision_no_action,-1,-1,-1,veh4,0.0,False
8972,23.7038,CAM_DROP_PHY,17935,11,4.0,23.7038,drop_decision_no_action,-1,-1,-1,veh4,0.0,False
8972,23.7038,CPM_DROP_PHY,699721701009,11,5.0,23.7038,drop_decision_no_action,-1,-1,-1,veh5,0.0,False
8972,23.7038,CAM_DROP_PHY,17935,11,5.0,23.7038,drop_decision_no_action,-1,-1,-1,veh5,0.0,False
8972,23.7038,CPM_DROP_PHY,699721701009,11,6.0,23.7038,drop_decision_no_action,-1,-1,-1,veh6,0.0,False
8972,23.7038,CAM_DROP_PHY,17935,11,6.0,23.7038,drop_decision_no_action,-1,-1,-1,veh6,0.0,False
8972,23.7038,CPM_DROP_PHY,699721701009,11,7.0,23.7038,drop_decision_no_action,-1,-1,-1,veh7,0.0,False
8972,23.7038,CAM_DROP_PHY,17935,11,7.0,23.7038,drop_decision_no_action,-1,-1,-1,veh7,0.0,False
8972,23.7038,CPM_DROP_PHY,699721701009,11,8.0,23.7038,drop_decision_no_action,-1,-1,-1,veh8,0.0,False
8972,23.7038,CAM_DROP_PHY,17935,11,8.0,23.7038,drop_decision_no_action,-1,-1,-1,veh8,0.0,False
8972,23.7038,CPM_DROP_PHY,699721701009,11,9.0,23.7038,drop_decision_no_action,-1,-1,-1,veh9,0.0,False
8972,23.7038,CAM_DROP_PHY,17935,11,9.0,23.7038,drop_decision_no_action,-1,-1,-1,veh9,0.0,False
9001,23.7221,CAM_DROP_PHY,18015,4,10.0,23.7221,drop_decision_no_action,-1,-1,-1,veh10,0.0,False
9001,23.7221,CAM_DROP_PHY,18015,4,11.0,23.7221,drop_decision_no_action,-1,-1,-1,veh11,0.0,False
9001,23.7221,CAM_DROP_PHY,18015,4,12.0,23.7221,drop_decision_no_action,-1,-1,-1,veh12,0.0,False
9001,23.7221,CAM_DROP_PHY,18015,4,2.0,23.7221,drop_decision_no_action,-1,-1,-1,veh2,0.0,False
9001,23.7221,CAM_DROP_PHY,18015,4,3.0,23.7221,drop_decision_no_action,-1,-1,-1,veh3,0.0,False
9001,23.7221,CAM_DROP_PHY,18015,4,5.0,23.7221,drop_decision_no_action,-1,-1,-1,veh5,0.0,False
9001,23.7221,CAM_DROP_PHY,18015,4,6.0,23.7221,drop_decision_no_action,-1,-1,-1,veh6,0.0,False
9001,23.7221,CAM_DROP_PHY,18015,4,7.0,23.7221,drop_decision_no_action,-1,-1,-1,veh7,0.0,False
9001,23.7221,CAM_DROP_PHY,18015,4,8.0,23.7221,drop_decision_no_action,-1,-1,-1,veh8,0.0,False
9001,23.7221,CAM_DROP_PHY,18015,4,9.0,23.7221,drop_decision_no_action,-1,-1,-1,veh9,0.0,False
8993,23.7258,CPM_DROP_PHY,699721701086,10,11.0,23.7258,drop_decision_no_action,-1,-1,-1,veh11,0.0,False
8993,23.7258,CPM_DROP_PHY,699721701086,10,12.0,23.7258,drop_decision_no_action,-1,-1,-1,veh12,0.0,False
8993,23.7258,CPM_DROP_PHY,699721701086,10,2.0,23.7258,drop_decision_no_action,-1,-1,-1,veh2,0.0,False
8993,23.7258,CPM_DROP_PHY,699721701086,10,3.0,23.7258,drop_decision_no_action,-1,-1,-1,veh3,0.0,False
8993,23.7258,CPM_DROP_PHY,699721701086,10,4.0,23.7258,drop_decision_no_action,-1,-1,-1,veh4,0.0,False
8993,23.7258,CPM_DROP_PHY,699721701086,10,5.0,23.7258,drop_decision_no_action,-1,-1,-1,veh5,0.0,False
8993,23.7258,CPM_DROP_PHY,699721701086,10,6.0,23.7258,drop_decision_no_action,-1,-1,-1,veh6,0.0,False
8993,23.7258,CPM_DROP_PHY,699721701086,10,7.0,23.7258,drop_decision_no_action,-1,-1,-1,veh7,0.0,False
8993,23.7258,CPM_DROP_PHY,699721701086,10,8.0,23.7258,drop_decision_no_action,-1,-1,-1,veh8,0.0,False
8993,23.7258,CPM_DROP_PHY,699721701086,10,9.0,23.7258,drop_decision_no_action,-1,-1,-1,veh9,0.0,False
9009,23.7368,CPM_DROP_PHY,699721701102,5,10.0,23.7368,drop_decision_no_action,-1,-1,-1,veh10,0.0,False
9009,23.7368,CPM_DROP_PHY,699721701102,5,12.0,23.7368,drop_decision_no_action,-1,-1,-1,veh12,0.0,False
9009,23.7368,CPM_DROP_PHY,699721701102,5,2.0,23.7368,drop_decision_no_action,-1,-1,-1,veh2,0.0,False
9009,23.7368,CPM_DROP_PHY,699721701102,5,3.0,23.7368,drop_decision_no_action,-1,-1,-1,veh3,0.0,False
9009,23.7368,CPM_DROP_PHY,699721701102,5,4.0,23.7368,drop_decision_no_action,-1,-1,-1,veh4,0.0,False
9009,23.7368,CPM_DROP_PHY,699721701102,5,6.0,23.7368,drop_decision_no_action,-1,-1,-1,veh6,0.0,False
9009,23.7368,CPM_DROP_PHY,699721701102,5,7.0,23.7368,drop_decision_no_action,-1,-1,-1,veh7,0.0,False
9009,23.7368,CPM_DROP_PHY,699721701102,5,8.0,23.7368,drop_decision_no_action,-1,-1,-1,veh8,0.0,False
9009,23.7368,CPM_DROP_PHY,699721701102,5,9.0,23.7368,drop_decision_no_action,-1,-1,-1,veh9,0.0,False
9019,23.7408,CAM_DROP_PHY,18030,8,10.0,23.7408,drop_decision_no_action,-1,-1,-1,veh10,0.0,False
9019,23.7408,CAM_DROP_PHY,18030,8,11.0,23.7408,drop_decision_no_action,-1,-1,-1,veh11,0.0,False
9019,23.7408,CAM_DROP_PHY,18030,8,12.0,23.7408,drop_decision_no_action,-1,-1,-1,veh12,0.0,False
9019,23.7408,CAM_DROP_PHY,18030,8,2.0,23.7408,drop_decision_no_action,-1,-1,-1,veh2,0.0,False
9019,23.7408,CAM_DROP_PHY,18030,8,3.0,23.7408,drop_decision_no_action,-1,-1,-1,veh3,0.0,False
9019,23.7408,CAM_DROP_PHY,18030,8,4.0,23.7408,drop_decision_no_action,-1,-1,-1,veh4,0.0,False
9019,23.7408,CAM_DROP_PHY,18030,8,5.0,23.7408,drop_decision_no_action,-1,-1,-1,veh5,0.0,False
9019,23.7408,CAM_DROP_PHY,18030,8,6.0,23.7408,drop_decision_no_action,-1,-1,-1,veh6,0.0,False
9019,23.7408,CAM_DROP_PHY,18030,8,7.0,23.7408,drop_decision_no_action,-1,-1,-1,veh7,0.0,False
9019,23.7408,CAM_DROP_PHY,18030,8,9.0,23.7408,drop_decision_no_action,-1,-1,-1,veh9,0.0,False
9009,23.7478,CPM_DROP_PHY,699721701102,5,11.0,23.7478,drop_decision_no_action,-1,-1,-1,veh11,0.0,False
9028,23.7491,CPM_DROP_PHY,699721701120,7,10.0,23.7491,drop_decision_no_action,-1,-1,-1,veh10,0.0,False
9028,23.7491,CPM_DROP_PHY,699721701120,7,11.0,23.7491,drop_decision_no_action,-1,-1,-1,veh11,0.0,False
9028,23.7491,CPM_DROP_PHY,699721701120,7,12.0,23.7491,drop_decision_no_action,-1,-1,-1,veh12,0.0,False
9028,23.7491,CPM_DROP_PHY,699721701120,7,2.0,23.7491,drop_decision_no_action,-1,-1,-1,veh2,0.0,False
9028,23.7491,CPM_DROP_PHY,699721701120,7,3.0,23.7491,drop_decision_no_action,-1,-1,-1,veh3,0.0,False
9028,23.7491,CPM_DROP_PHY,699721701120,7,4.0,23.7491,drop_decision_no_action,-1,-1,-1,veh4,0.0,False
9028,23.7491,CPM_DROP_PHY,699721701120,7,5.0,23.7491,drop_decision_no_action,-1,-1,-1,veh5,0.0,False
9028,23.7491,CPM_DROP_PHY,699721701120,7,6.0,23.7491,drop_decision_no_action,-1,-1,-1,veh6,0.0,False
9028,23.7491,CPM_DROP_PHY,699721701120,7,8.0,23.7491,drop_decision_no_action,-1,-1,-1,veh8,0.0,False
9028,23.7491,CPM_DROP_PHY,699721701120,7,9.0,23.7491,drop_decision_no_action,-1,-1,-1,veh9,0.0,False
9027,23.7546,CPM_DROP_PHY,699721701116,3,10.0,23.7546,drop_decision_no_action,-1,-1,-1,veh10,0.0,False
9027,23.7546,CPM_DROP_PHY,699721701116,3,11.0,23.7546,drop_decision_no_action,-1,-1,-1,veh11,0.0,False
9027,23.7546,CPM_DROP_PHY,699721701116,3,12.0,23.7546,drop_decision_no_action,-1,-1,-1,veh12,0.0,False
9027,23.7546,CPM_DROP_PHY,699721701116,3,2.0,23.7546,drop_decision_no_action,-1,-1,-1,veh2,0.0,False
9027,23.7546,CPM_DROP_PHY,699721701116,3,4.0,23.7546,drop_decision_no_action,-1,-1,-1,veh4,0.0,False
9027,23.7546,CPM_DROP_PHY,699721701116,3,5.0,23.7546,drop_decision_no_action,-1,-1,-1,veh5,0.0,False
9027,23.7546,CPM_DROP_PHY,699721701116,3,6.0,23.7546,drop_decision_no_action,-1,-1,-1,veh6,0.0,False
9027,23.7546,CPM_DROP_PHY,699721701116,3,7.0,23.7546,drop_decision_no_action,-1,-1,-1,veh7,0.0,False
9027,23.7546,CPM_DROP_PHY,699721701116,3,8.0,23.7546,drop_decision_no_action,-1,-1,-1,veh8,0.0,False
9027,23.7546,CPM_DROP_PHY,699721701116,3,9.0,23.7546,drop_decision_no_action,-1,-1,-1,veh9,0.0,False
9056,23.7623,CPM_DROP_PHY,699721701138,12,10.0,23.7623,drop_decision_no_action,-1,-1,-1,veh10,0.0,False
9056,23.7623,CPM_DROP_PHY,699721701138,12,11.0,23.7623,drop_decision_no_action,-1,-1,-1,veh11,0.0,False
9056,23.7623,CPM_DROP_PHY,699721701138,12,2.0,23.7623,drop_decision_no_action,-1,-1,-1,veh2,0.0,False
9056,23.7623,CPM_DROP_PHY,699721701138,12,3.0,23.7623,drop_decision_no_action,-1,-1,-1,veh3,0.0,False
9056,23.7623,CPM_DROP_PHY,699721701138,12,4.0,23.7623,drop_decision_no_action,-1,-1,-1,veh4,0.0,False
9056,23.7623,CPM_DROP_PHY,699721701138,12,5.0,23.7623,drop_decision_no_action,-1,-1,-1,veh5,0.0,False
9056,23.7623,CPM_DROP_PHY,699721701138,12,6.0,23.7623,drop_decision_no_action,-1,-1,-1,veh6,0.0,False
9056,23.7623,CPM_DROP_PHY,699721701138,12,7.0,23.7623,drop_decision_no_action,-1,-1,-1,veh7,0.0,False
9056,23.7623,CPM_DROP_PHY,699721701138,12,9.0,23.7623,drop_decision_no_action,-1,-1,-1,veh9,0.0,False
9056,23.7681,CPM_DROP_PHY,699721701138,12,8.0,23.7681,drop_decision_no_action,-1,-1,-1,veh8,0.0,False
9057,23.7686,CAM_DROP_PHY,18061,6,10.0,23.7686,drop_decision_no_action,-1,-1,-1,veh10,0.0,False
9057,23.7686,CAM_DROP_PHY,18061,6,11.0,23.7686,drop_decision_no_action,-1,-1,-1,veh11,0.0,False
9057,23.7686,CAM_DROP_PHY,18061,6,12.0,23.7686,drop_decision_no_action,-1,-1,-1,veh12,0.0,False
9057,23.7686,CAM_DROP_PHY,18061,6,2.0,23.7686,drop_decision_no_action,-1,-1,-1,veh2,0.0,False
9057,23.7686,CAM_DROP_PHY,18061,6,3.0,23.7686,drop_decision_no_action,-1,-1,-1,veh3,0.0,False
9057,23.7686,CAM_DROP_PHY,18061,6,4.0,23.7686,drop_decision_no_action,-1,-1,-1,veh4,0.0,False
9057,23.7686,CAM_DROP_PHY,18061,6,5.0,23.7686,drop_decision_no_action,-1,-1,-1,veh5,0.0,False
9057,23.7686,CAM_DROP_PHY,18061,6,7.0,23.7686,drop_decision_no_action,-1,-1,-1,veh7,0.0,False
9057,23.7686,CAM_DROP_PHY,18061,6,8.0,23.7686,drop_decision_no_action,-1,-1,-1,veh8,0.0,False
9057,23.7686,CAM_DROP_PHY,18061,6,9.0,23.7686,drop_decision_no_action,-1,-1,-1,veh9,0.0,False
9028,23.7691,CAM_DROP_PHY,18048,7,10.0,23.7491,drop_decision_no_action,-1,-1,-1,veh10,-0.020000000000003126,False
9028,23.7691,CAM_DROP_PHY,18048,7,11.0,23.7491,drop_decision_no_action,-1,-1,-1,veh11,-0.020000000000003126,False
9028,23.7691,CAM_DROP_PHY,18048,7,12.0,23.7491,drop_decision_no_action,-1,-1,-1,veh12,-0.020000000000003126,False
9028,23.7691,CAM_DROP_PHY,18048,7,2.0,23.7491,drop_decision_no_action,-1,-1,-1,veh2,-0.020000000000003126,False
9028,23.7691,CAM_DROP_PHY,18048,7,3.0,23.7491,drop_decision_no_action,-1,-1,-1,veh3,-0.020000000000003126,False
9028,23.7691,CAM_DROP_PHY,18048,7,4.0,23.7491,drop_decision_no_action,-1,-1,-1,veh4,-0.020000000000003126,False
9028,23.7691,CAM_DROP_PHY,18048,7,5.0,23.7491,drop_decision_no_action,-1,-1,-1,veh5,-0.020000000000003126,False
9028,23.7691,CAM_DROP_PHY,18048,7,6.0,23.7491,drop_decision_no_action,-1,-1,-1,veh6,-0.020000000000003126,False
9028,23.7691,CAM_DROP_PHY,18048,7,8.0,23.7491,drop_decision_no_action,-1,-1,-1,veh8,-0.020000000000003126,False
9028,23.7691,CAM_DROP_PHY,18048,7,9.0,23.7491,drop_decision_no_action,-1,-1,-1,veh9,-0.020000000000003126,False
9076,23.7813,CPM_DROP_PHY,699721701153,9,10.0,23.7813,drop_decision_no_action,-1,-1,-1,veh10,0.0,False
9076,23.7813,CPM_DROP_PHY,699721701153,9,11.0,23.7813,drop_decision_no_action,-1,-1,-1,veh11,0.0,False
9076,23.7813,CPM_DROP_PHY,699721701153,9,12.0,23.7813,drop_decision_no_action,-1,-1,-1,veh12,0.0,False
9076,23.7813,CPM_DROP_PHY,699721701153,9,2.0,23.7813,drop_decision_no_action,-1,-1,-1,veh2,0.0,False
9076,23.7813,CPM_DROP_PHY,699721701153,9,3.0,23.7813,drop_decision_no_action,-1,-1,-1,veh3,0.0,False
9076,23.7813,CPM_DROP_PHY,699721701153,9,4.0,23.7813,drop_decision_no_action,-1,-1,-1,veh4,0.0,False
9076,23.7813,CPM_DROP_PHY,699721701153,9,5.0,23.7813,drop_decision_no_action,-1,-1,-1,veh5,0.0,False
9076,23.7813,CPM_DROP_PHY,699721701153,9,6.0,23.7813,drop_decision_no_action,-1,-1,-1,veh6,0.0,False
9076,23.7813,CPM_DROP_PHY,699721701153,9,7.0,23.7813,drop_decision_no_action,-1,-1,-1,veh7,0.0,False
9076,23.7813,CPM_DROP_PHY,699721701153,9,8.0,23.7813,drop_decision_no_action,-1,-1,-1,veh8,0.0,False
9084,23.7821,CPM_DROP_PHY,699721701158,4,10.0,23.7821,drop_decision_no_action,-1,-1,-1,veh10,0.0,False
9084,23.7821,CPM_DROP_PHY,699721701158,4,11.0,23.7821,drop_decision_no_action,-1,-1,-1,veh11,0.0,False
9084,23.7821,CPM_DROP_PHY,699721701158,4,12.0,23.7821,drop_decision_no_action,-1,-1,-1,veh12,0.0,False
9084,23.7821,CPM_DROP_PHY,699721701158,4,2.0,23.7821,drop_decision_no_action,-1,-1,-1,veh2,0.0,False
9084,23.7821,CPM_DROP_PHY,699721701158,4,3.0,23.7821,drop_decision_no_action,-1,-1,-1,veh3,0.0,False
9084,23.7821,CPM_DROP_PHY,699721701158,4,5.0,23.7821,drop_decision_no_action,-1,-1,-1,veh5,0.0,False
9084,23.7821,CPM_DROP_PHY,699721701158,4,6.0,23.7821,drop_decision_no_action,-1,-1,-1,veh6,0.0,False
9084,23.7821,CPM_DROP_PHY,699721701158,4,7.0,23.7821,drop_decision_no_action,-1,-1,-1,veh7,0.0,False
9084,23.7821,CPM_DROP_PHY,699721701158,4,8.0,23.7821,drop_decision_no_action,-1,-1,-1,veh8,0.0,False
9084,23.7821,CPM_DROP_PHY,699721701158,4,9.0,23.7821,drop_decision_no_action,-1,-1,-1,veh9,0.0,False
9057,23.7886,CPM_DROP_PHY,699721701150,6,10.0,23.7686,drop_decision_no_action,-1,-1,-1,veh10,-0.019999999999999574,False
9057,23.7886,CPM_DROP_PHY,699721701150,6,11.0,23.7686,drop_decision_no_action,-1,-1,-1,veh11,-0.019999999999999574,False
9057,23.7886,CPM_DROP_PHY,699721701150,6,12.0,23.7686,drop_decision_no_action,-1,-1,-1,veh12,-0.019999999999999574,False
9057,23.7886,CPM_DROP_PHY,699721701150,6,2.0,23.7686,drop_decision_no_action,-1,-1,-1,veh2,-0.019999999999999574,False
9057,23.7886,CPM_DROP_PHY,699721701150,6,3.0,23.7686,drop_decision_no_action,-1,-1,-1,veh3,-0.019999999999999574,False
9057,23.7886,CPM_DROP_PHY,699721701150,6,4.0,23.7686,drop_decision_no_action,-1,-1,-1,veh4,-0.019999999999999574,False
9057,23.7886,CPM_DROP_PHY,699721701150,6,5.0,23.7686,drop_decision_no_action,-1,-1,-1,veh5,-0.019999999999999574,False
9057,23.7886,CPM_DROP_PHY,699721701150,6,7.0,23.7686,drop_decision_no_action,-1,-1,-1,veh7,-0.019999999999999574,False
9057,23.7886,CPM_DROP_PHY,699721701150,6,8.0,23.7686,drop_decision_no_action,-1,-1,-1,veh8,-0.019999999999999574,False
9057,23.7886,CPM_DROP_PHY,699721701150,6,9.0,23.7686,drop_decision_no_action,-1,-1,-1,veh9,-0.019999999999999574,False
9141,23.8023,CAM_DROP_PHY,18109,2,10.0,23.8023,drop_decision_no_action,-1,-1,-1,veh10,0.0,False
9145,23.8023,CAM_DROP_PHY,18174,12,10.0,23.8023,drop_decision_no_action,-1,-1,-1,veh10,0.0,False
9141,23.8023,CAM_DROP_PHY,18109,2,11.0,23.8023,drop_decision_no_action,-1,-1,-1,veh11,0.0,False
9145,23.8023,CAM_DROP_PHY,18174,12,11.0,23.8023,drop_decision_no_action,-1,-1,-1,veh11,0.0,False
9141,23.8023,CAM_DROP_PHY,18109,2,3.0,23.8023,drop_decision_no_action,-1,-1,-1,veh3,0.0,False
9145,23.8023,CAM_DROP_PHY,18174,12,3.0,23.8023,drop_decision_no_action,-1,-1,-1,veh3,0.0,False
9141,23.8023,CAM_DROP_PHY,18109,2,4.0,23.8023,drop_decision_no_action,-1,-1,-1,veh4,0.0,False
9145,23.8023,CAM_DROP_PHY,18174,12,4.0,23.8023,drop_decision_no_action,-1,-1,-1,veh4,0.0,False
9141,23.8023,CAM_DROP_PHY,18109,2,5.0,23.8023,drop_decision_no_action,-1,-1,-1,veh5,0.0,False
9145,23.8023,CAM_DROP_PHY,18174,12,5.0,23.8023,drop_decision_no_action,-1,-1,-1,veh5,0.0,False
9141,23.8023,CAM_DROP_PHY,18109,2,6.0,23.8023,drop_decision_no_action,-1,-1,-1,veh6,0.0,False
9145,23.8023,CAM_DROP_PHY,18174,12,6.0,23.8023,drop_decision_no_action,-1,-1,-1,veh6,0.0,False
9141,23.8023,CAM_DROP_PHY,18109,2,7.0,23.8023,drop_decision_no_action,-1,-1,-1,veh7,0.0,False
9145,23.8023,CAM_DROP_PHY,18174,12,7.0,23.8023,drop_decision_no_action,-1,-1,-1,veh7,0.0,False
9141,23.8023,CAM_DROP_PHY,18109,2,8.0,23.8023,drop_decision_no_action,-1,-1,-1,veh8,0.0,False
9145,23.8023,CAM_DROP_PHY,18174,12,8.0,23.8023,drop_decision_no_action,-1,-1,-1,veh8,0.0,False
9141,23.8023,CAM_DROP_PHY,18109,2,9.0,23.8023,drop_decision_no_action,-1,-1,-1,veh9,0.0,False
9145,23.8023,CAM_DROP_PHY,18174,12,9.0,23.8023,drop_decision_no_action,-1,-1,-1,veh9,0.0,False
9130,23.8038,CPM_DROP_PHY,699721701183,11,10.0,23.8038,drop_decision_no_action,-1,-1,-1,veh10,0.0,False
9130,23.8038,CAM_DROP_PHY,18113,11,10.0,23.8038,drop_decision_no_action,-1,-1,-1,veh10,0.0,False
9130,23.8038,CPM_DROP_PHY,699721701183,11,12.0,23.8038,drop_decision_no_action,-1,-1,-1,veh12,0.0,False
9130,23.8038,CAM_DROP_PHY,18113,11,12.0,23.8038,drop_decision_no_action,-1,-1,-1,veh12,0.0,False
9130,23.8038,CPM_DROP_PHY,699721701183,11,2.0,23.8038,drop_decision_no_action,-1,-1,-1,veh2,0.0,False
9130,23.8038,CAM_DROP_PHY,18113,11,2.0,23.8038,drop_decision_no_action,-1,-1,-1,veh2,0.0,False
9130,23.8038,CPM_DROP_PHY,699721701183,11,3.0,23.8038,drop_decision_no_action,-1,-1,-1,veh3,0.0,False
9130,23.8038,CAM_DROP_PHY,18113,11,3.0,23.8038,drop_decision_no_action,-1,-1,-1,veh3,0.0,False
9130,23.8038,CPM_DROP_PHY,699721701183,11,4.0,23.8038,drop_decision_no_action,-1,-1,-1,veh4,0.0,False
9130,23.8038,CAM_DROP_PHY,18113,11,4.0,23.8038,drop_decision_no_action,-1,-1,-1,veh4,0.0,False
9130,23.8038,CPM_DROP_PHY,699721701183,11,5.0,23.8038,drop_decision_no_action,-1,-1,-1,veh5,0.0,False
9130,23.8038,CAM_DROP_PHY,18113,11,5.0,23.8038,drop_decision_no_action,-1,-1,-1,veh5,0.0,False
9130,23.8038,CPM_DROP_PHY,699721701183,11,6.0,23.8038,drop_decision_no_action,-1,-1,-1,veh6,0.0,False
9130,23.8038,CAM_DROP_PHY,18113,11,6.0,23.8038,drop_decision_no_action,-1,-1,-1,veh6,0.0,False
9130,23.8038,CPM_DROP_PHY,699721701183,11,7.0,23.8038,drop_decision_no_action,-1,-1,-1,veh7,0.0,False
9130,23.8038,CAM_DROP_PHY,18113,11,7.0,23.8038,drop_decision_no_action,-1,-1,-1,veh7,0.0,False
9130,23.8038,CPM_DROP_PHY,699721701183,11,8.0,23.8038,drop_decision_no_action,-1,-1,-1,veh8,0.0,False
9130,23.8038,CAM_DROP_PHY,18113,11,8.0,23.8038,drop_decision_no_action,-1,-1,-1,veh8,0.0,False
9130,23.8038,CPM_DROP_PHY,699721701183,11,9.0,23.8038,drop_decision_no_action,-1,-1,-1,veh9,0.0,False
9130,23.8038,CAM_DROP_PHY,18113,11,9.0,23.8038,drop_decision_no_action,-1,-1,-1,veh9,0.0,False
9161,23.8168,CAM_DROP_PHY,18182,5,10.0,23.8168,drop_decision_no_action,-1,-1,-1,veh10,0.0,False
9161,23.8168,CAM_DROP_PHY,18182,5,11.0,23.8168,drop_decision_no_action,-1,-1,-1,veh11,0.0,False
9161,23.8168,CAM_DROP_PHY,18182,5,12.0,23.8168,drop_decision_no_action,-1,-1,-1,veh12,0.0,False
9161,23.8168,CAM_DROP_PHY,18182,5,2.0,23.8168,drop_decision_no_action,-1,-1,-1,veh2,0.0,False
9161,23.8168,CAM_DROP_PHY,18182,5,3.0,23.8168,drop_decision_no_action,-1,-1,-1,veh3,0.0,False
9161,23.8168,CAM_DROP_PHY,18182,5,4.0,23.8168,drop_decision_no_action,-1,-1,-1,veh4,0.0,False
9161,23.8168,CAM_DROP_PHY,18182,5,6.0,23.8168,drop_decision_no_action,-1,-1,-1,veh6,0.0,False
9161,23.8168,CAM_DROP_PHY,18182,5,7.0,23.8168,drop_decision_no_action,-1,-1,-1,veh7,0.0,False
9161,23.8168,CAM_DROP_PHY,18182,5,8.0,23.8168,drop_decision_no_action,-1,-1,-1,veh8,0.0,False
9161,23.8168,CAM_DROP_PHY,18182,5,9.0,23.8168,drop_decision_no_action,-1,-1,-1,veh9,0.0,False
9166,23.8258,CPM_DROP_PHY,699721701266,10,11.0,23.8258,drop_decision_no_action,-1,-1,-1,veh11,0.0,False
9166,23.8258,CPM_DROP_PHY,699721701266,10,12.0,23.8258,drop_decision_no_action,-1,-1,-1,veh12,0.0,False
9166,23.8258,CPM_DROP_PHY,699721701266,10,2.0,23.8258,drop_decision_no_action,-1,-1,-1,veh2,0.0,False
9166,23.8258,CPM_DROP_PHY,699721701266,10,3.0,23.8258,drop_decision_no_action,-1,-1,-1,veh3,0.0,False
9166,23.8258,CPM_DROP_PHY,699721701266,10,4.0,23.8258,drop_decision_no_action,-1,-1,-1,veh4,0.0,False
9166,23.8258,CPM_DROP_PHY,699721701266,10,5.0,23.8258,drop_decision_no_action,-1,-1,-1,veh5,0.0,False
9166,23.8258,CPM_DROP_PHY,699721701266,10,6.0,23.8258,drop_decision_no_action,-1,-1,-1,veh6,0.0,False
9166,23.8258,CPM_DROP_PHY,699721701266,10,7.0,23.8258,drop_decision_no_action,-1,-1,-1,veh7,0.0,False
9166,23.8258,CPM_DROP_PHY,699721701266,10,8.0,23.8258,drop_decision_no_action,-1,-1,-1,veh8,0.0,False
9166,23.8258,CPM_DROP_PHY,699721701266,10,9.0,23.8258,drop_decision_no_action,-1,-1,-1,veh9,0.0,False
9200,23.8346,CAM_DROP_PHY,18210,3,10.0,23.8346,drop_decision_no_action,-1,-1,-1,veh10,0.0,False
9200,23.8346,CAM_DROP_PHY,18210,3,11.0,23.8346,drop_decision_no_action,-1,-1,-1,veh11,0.0,False
9200,23.8346,CAM_DROP_PHY,18210,3,12.0,23.8346,drop_decision_no_action,-1,-1,-1,veh12,0.0,False
9200,23.8346,CAM_DROP_PHY,18210,3,2.0,23.8346,drop_decision_no_action,-1,-1,-1,veh2,0.0,False
9200,23.8346,CAM_DROP_PHY,18210,3,4.0,23.8346,drop_decision_no_action,-1,-1,-1,veh4,0.0,False
9200,23.8346,CAM_DROP_PHY,18210,3,5.0,23.8346,drop_decision_no_action,-1,-1,-1,veh5,0.0,False
9200,23.8346,CAM_DROP_PHY,18210,3,6.0,23.8346,drop_decision_no_action,-1,-1,-1,veh6,0.0,False
9200,23.8346,CAM_DROP_PHY,18210,3,7.0,23.8346,drop_decision_no_action,-1,-1,-1,veh7,0.0,False
9200,23.8346,CAM_DROP_PHY,18210,3,8.0,23.8346,drop_decision_no_action,-1,-1,-1,veh8,0.0,False
9200,23.8346,CAM_DROP_PHY,18210,3,9.0,23.8346,drop_decision_no_action,-1,-1,-1,veh9,0.0,False
9186,23.8368,CPM_DROP_PHY,699721701280,5,10.0,23.8368,drop_decision_no_action,-1,-1,-1,veh10,0.0,False
9186,23.8368,CPM_DROP_PHY,699721701280,5,11.0,23.8368,drop_decision_no_action,-1,-1,-1,veh11,0.0,False
9186,23.8368,CPM_DROP_PHY,699721701280,5,12.0,23.8368,drop_decision_no_action,-1,-1,-1,veh12,0.0,False
9186,23.8368,CPM_DROP_PHY,699721701280,5,2.0,23.8368,drop_decision_no_action,-1,-1,-1,veh2,0.0,False
9186,23.8368,CPM_DROP_PHY,699721701280,5,3.0,23.8368,drop_decision_no_action,-1,-1,-1,veh3,0.0,False
9186,23.8368,CPM_DROP_PHY,699721701280,5,4.0,23.8368,drop_decision_no_action,-1,-1,-1,veh4,0.0,False
9186,23.8368,CPM_DROP_PHY,699721701280,5,6.0,23.8368,drop_decision_no_action,-1,-1,-1,veh6,0.0,False
9186,23.8368,CPM_DROP_PHY,699721701280,5,7.0,23.8368,drop_decision_no_action,-1,-1,-1,veh7,0.0,False
9186,23.8368,CPM_DROP_PHY,699721701280,5,8.0,23.8368,drop_decision_no_action,-1,-1,-1,veh8,0.0,False
9186,23.8368,CPM_DROP_PHY,699721701280,5,9.0,23.8368,drop_decision_no_action,-1,-1,-1,veh9,0.0,False
9206,23.8491,CPM_DROP_PHY,699721701298,7,10.0,23.8491,drop_decision_no_action,-1,-1,-1,veh10,0.0,False
9206,23.8491,CPM_DROP_PHY,699721701298,7,11.0,23.8491,drop_decision_no_action,-1,-1,-1,veh11,0.0,False
9206,23.8491,CPM_DROP_PHY,699721701298,7,12.0,23.8491,drop_decision_no_action,-1,-1,-1,veh12,0.0,False
9206,23.8491,CPM_DROP_PHY,699721701298,7,2.0,23.8491,drop_decision_no_action,-1,-1,-1,veh2,0.0,False
9206,23.8491,CPM_DROP_PHY,699721701298,7,3.0,23.8491,drop_decision_no_action,-1,-1,-1,veh3,0.0,False
9206,23.8491,CPM_DROP_PHY,699721701298,7,4.0,23.8491,drop_decision_no_action,-1,-1,-1,veh4,0.0,False
9206,23.8491,CPM_DROP_PHY,699721701298,7,5.0,23.8491,drop_decision_no_action,-1,-1,-1,veh5,0.0,False
9206,23.8491,CPM_DROP_PHY,699721701298,7,6.0,23.8491,drop_decision_no_action,-1,-1,-1,veh6,0.0,False
9206,23.8491,CPM_DROP_PHY,699721701298,7,8.0,23.8491,drop_decision_no_action,-1,-1,-1,veh8,0.0,False
9206,23.8491,CPM_DROP_PHY,699721701298,7,9.0,23.8491,drop_decision_no_action,-1,-1,-1,veh9,0.0,False
9205,23.8546,CPM_DROP_PHY,699721701295,3,10.0,23.8546,drop_decision_no_action,-1,-1,-1,veh10,0.0,False
9205,23.8546,CPM_DROP_PHY,699721701295,3,11.0,23.8546,drop_decision_no_action,-1,-1,-1,veh11,0.0,False
9205,23.8546,CPM_DROP_PHY,699721701295,3,12.0,23.8546,drop_decision_no_action,-1,-1,-1,veh12,0.0,False
9205,23.8546,CPM_DROP_PHY,699721701295,3,2.0,23.8546,drop_decision_no_action,-1,-1,-1,veh2,0.0,False
9205,23.8546,CPM_DROP_PHY,699721701295,3,4.0,23.8546,drop_decision_no_action,-1,-1,-1,veh4,0.0,False
9205,23.8546,CPM_DROP_PHY,699721701295,3,5.0,23.8546,drop_decision_no_action,-1,-1,-1,veh5,0.0,False
9205,23.8546,CPM_DROP_PHY,699721701295,3,6.0,23.8546,drop_decision_no_action,-1,-1,-1,veh6,0.0,False
9205,23.8546,CPM_DROP_PHY,699721701295,3,7.0,23.8546,drop_decision_no_action,-1,-1,-1,veh7,0.0,False
9205,23.8546,CPM_DROP_PHY,699721701295,3,8.0,23.8546,drop_decision_no_action,-1,-1,-1,veh8,0.0,False
9205,23.8546,CPM_DROP_PHY,699721701295,3,9.0,23.8546,drop_decision_no_action,-1,-1,-1,veh9,0.0,False
9231,23.8613,CAM_DROP_PHY,18232,9,10.0,23.8613,drop_decision_no_action,-1,-1,-1,veh10,0.0,False
9231,23.8613,CAM_DROP_PHY,18232,9,11.0,23.8613,drop_decision_no_action,-1,-1,-1,veh11,0.0,False
9231,23.8613,CAM_DROP_PHY,18232,9,12.0,23.8613,drop_decision_no_action,-1,-1,-1,veh12,0.0,False
9231,23.8613,CAM_DROP_PHY,18232,9,2.0,23.8613,drop_decision_no_action,-1,-1,-1,veh2,0.0,False
9231,23.8613,CAM_DROP_PHY,18232,9,3.0,23.8613,drop_decision_no_action,-1,-1,-1,veh3,0.0,False
9231,23.8613,CAM_DROP_PHY,18232,9,4.0,23.8613,drop_decision_no_action,-1,-1,-1,veh4,0.0,False
9231,23.8613,CAM_DROP_PHY,18232,9,5.0,23.8613,drop_decision_no_action,-1,-1,-1,veh5,0.0,False
9231,23.8613,CAM_DROP_PHY,18232,9,6.0,23.8613,drop_decision_no_action,-1,-1,-1,veh6,0.0,False
9231,23.8613,CAM_DROP_PHY,18232,9,7.0,23.8613,drop_decision_no_action,-1,-1,-1,veh7,0.0,False
9231,23.8613,CAM_DROP_PHY,18232,9,8.0,23.8613,drop_decision_no_action,-1,-1,-1,veh8,0.0,False
9233,23.8623,CPM_DROP_PHY,699721701316,12,10.0,23.8623,drop_decision_no_action,-1,-1,-1,veh10,0.0,False
9233,23.8623,CPM_DROP_PHY,699721701316,12,11.0,23.8623,drop_decision_no_action,-1,-1,-1,veh11,0.0,False
9233,23.8623,CPM_DROP_PHY,699721701316,12,3.0,23.8623,drop_decision_no_action,-1,-1,-1,veh3,0.0,False
9233,23.8623,CPM_DROP_PHY,699721701316,12,4.0,23.8623,drop_decision_no_action,-1,-1,-1,veh4,0.0,False
9233,23.8623,CPM_DROP_PHY,699721701316,12,5.0,23.8623,drop_decision_no_action,-1,-1,-1,veh5,0.0,False
9233,23.8623,CPM_DROP_PHY,699721701316,12,6.0,23.8623,drop_decision_no_action,-1,-1,-1,veh6,0.0,False
9233,23.8623,CPM_DROP_PHY,699721701316,12,7.0,23.8623,drop_decision_no_action,-1,-1,-1,veh7,0.0,False
9233,23.8623,CPM_DROP_PHY,699721701316,12,8.0,23.8623,drop_decision_no_action,-1,-1,-1,veh8,0.0,False
9233,23.8623,CPM_DROP_PHY,699721701316,12,9.0,23.8623,drop_decision_no_action,-1,-1,-1,veh9,0.0,False
9245,23.8686,CPM_DROP_PHY,699721701327,6,10.0,23.8686,drop_decision_no_action,-1,-1,-1,veh10,0.0,False
9245,23.8686,CPM_DROP_PHY,699721701327,6,11.0,23.8686,drop_decision_no_action,-1,-1,-1,veh11,0.0,False
9245,23.8686,CPM_DROP_PHY,699721701327,6,12.0,23.8686,drop_decision_no_action,-1,-1,-1,veh12,0.0,False
9245,23.8686,CPM_DROP_PHY,699721701327,6,2.0,23.8686,drop_decision_no_action,-1,-1,-1,veh2,0.0,False
9245,23.8686,CPM_DROP_PHY,699721701327,6,3.0,23.8686,drop_decision_no_action,-1,-1,-1,veh3,0.0,False
9245,23.8686,CPM_DROP_PHY,699721701327,6,4.0,23.8686,drop_decision_no_action,-1,-1,-1,veh4,0.0,False
9245,23.8686,CPM_DROP_PHY,699721701327,6,5.0,23.8686,drop_decision_no_action,-1,-1,-1,veh5,0.0,False
9245,23.8686,CPM_DROP_PHY,699721701327,6,7.0,23.8686,drop_decision_no_action,-1,-1,-1,veh7,0.0,False
9245,23.8686,CPM_DROP_PHY,699721701327,6,8.0,23.8686,drop_decision_no_action,-1,-1,-1,veh8,0.0,False
9245,23.8686,CPM_DROP_PHY,699721701327,6,9.0,23.8686,drop_decision_no_action,-1,-1,-1,veh9,0.0,False
9260,23.8821,CPM_DROP_PHY,699721701336,4,10.0,23.8821,drop_decision_no_action,-1,-1,-1,veh10,0.0,False
9260,23.8821,CPM_DROP_PHY,699721701336,4,11.0,23.8821,drop_decision_no_action,-1,-1,-1,veh11,0.0,False
9260,23.8821,CPM_DROP_PHY,699721701336,4,12.0,23.8821,drop_decision_no_action,-1,-1,-1,veh12,0.0,False
9260,23.8821,CPM_DROP_PHY,699721701336,4,2.0,23.8821,drop_decision_no_action,-1,-1,-1,veh2,0.0,False
9260,23.8821,CPM_DROP_PHY,699721701336,4,3.0,23.8821,drop_decision_no_action,-1,-1,-1,veh3,0.0,False
9260,23.8821,CPM_DROP_PHY,699721701336,4,5.0,23.8821,drop_decision_no_action,-1,-1,-1,veh5,0.0,False
9260,23.8821,CPM_DROP_PHY,699721701336,4,6.0,23.8821,drop_decision_no_action,-1,-1,-1,veh6,0.0,False
9260,23.8821,CPM_DROP_PHY,699721701336,4,7.0,23.8821,drop_decision_no_action,-1,-1,-1,veh7,0.0,False
9260,23.8821,CPM_DROP_PHY,699721701336,4,8.0,23.8821,drop_decision_no_action,-1,-1,-1,veh8,0.0,False
9260,23.8821,CPM_DROP_PHY,699721701336,4,9.0,23.8821,drop_decision_no_action,-1,-1,-1,veh9,0.0,False
9295,23.9038,CPM_DROP_PHY,699721701360,11,10.0,23.9038,drop_decision_no_action,-1,-1,-1,veh10,0.0,False
9295,23.9038,CAM_DROP_PHY,18286,11,10.0,23.9038,drop_decision_no_action,-1,-1,-1,veh10,0.0,False
9295,23.9038,CPM_DROP_PHY,699721701360,11,12.0,23.9038,drop_decision_no_action,-1,-1,-1,veh12,0.0,False
9295,23.9038,CAM_DROP_PHY,18286,11,12.0,23.9038,drop_decision_no_action,-1,-1,-1,veh12,0.0,False
9295,23.9038,CPM_DROP_PHY,699721701360,11,2.0,23.9038,drop_decision_no_action,-1,-1,-1,veh2,0.0,False
9295,23.9038,CAM_DROP_PHY,18286,11,2.0,23.9038,drop_decision_no_action,-1,-1,-1,veh2,0.0,False
9295,23.9038,CPM_DROP_PHY,699721701360,11,3.0,23.9038,drop_decision_no_action,-1,-1,-1,veh3,0.0,False
9295,23.9038,CAM_DROP_PHY,18286,11,3.0,23.9038,drop_decision_no_action,-1,-1,-1,veh3,0.0,False
9295,23.9038,CPM_DROP_PHY,699721701360,11,4.0,23.9038,drop_decision_no_action,-1,-1,-1,veh4,0.0,False
9295,23.9038,CAM_DROP_PHY,18286,11,4.0,23.9038,drop_decision_no_action,-1,-1,-1,veh4,0.0,False
9295,23.9038,CPM_DROP_PHY,699721701360,11,5.0,23.9038,drop_decision_no_action,-1,-1,-1,veh5,0.0,False
9295,23.9038,CAM_DROP_PHY,18286,11,5.0,23.9038,drop_decision_no_action,-1,-1,-1,veh5,0.0,False
9295,23.9038,CPM_DROP_PHY,699721701360,11,6.0,23.9038,drop_decision_no_action,-1,-1,-1,veh6,0.0,False
9295,23.9038,CAM_DROP_PHY,18286,11,6.0,23.9038,drop_decision_no_action,-1,-1,-1,veh6,0.0,False
9295,23.9038,CPM_DROP_PHY,699721701360,11,7.0,23.9038,drop_decision_no_action,-1,-1,-1,veh7,0.0,False
9295,23.9038,CAM_DROP_PHY,18286,11,7.0,23.9038,drop_decision_no_action,-1,-1,-1,veh7,0.0,False
9295,23.9038,CPM_DROP_PHY,699721701360,11,8.0,23.9038,drop_decision_no_action,-1,-1,-1,veh8,0.0,False
9295,23.9038,CAM_DROP_PHY,18286,11,8.0,23.9038,drop_decision_no_action,-1,-1,-1,veh8,0.0,False
9295,23.9038,CPM_DROP_PHY,699721701360,11,9.0,23.9038,drop_decision_no_action,-1,-1,-1,veh9,0.0,False
9295,23.9038,CAM_DROP_PHY,18286,11,9.0,23.9038,drop_decision_no_action,-1,-1,-1,veh9,0.0,False
9313,23.9258,CPM_DROP_PHY,699721701433,10,11.0,23.9258,drop_decision_no_action,-1,-1,-1,veh11,0.0,False
9313,23.9258,CPM_DROP_PHY,699721701433,10,12.0,23.9258,drop_decision_no_action,-1,-1,-1,veh12,0.0,False
9313,23.9258,CPM_DROP_PHY,699721701433,10,2.0,23.9258,drop_decision_no_action,-1,-1,-1,veh2,0.0,False
9313,23.9258,CPM_DROP_PHY,699721701433,10,3.0,23.9258,drop_decision_no_action,-1,-1,-1,veh3,0.0,False
9313,23.9258,CPM_DROP_PHY,699721701433,10,4.0,23.9258,drop_decision_no_action,-1,-1,-1,veh4,0.0,False
9313,23.9258,CPM_DROP_PHY,699721701433,10,5.0,23.9258,drop_decision_no_action,-1,-1,-1,veh5,0.0,False
9313,23.9258,CPM_DROP_PHY,699721701433,10,6.0,23.9258,drop_decision_no_action,-1,-1,-1,veh6,0.0,False
9313,23.9258,CPM_DROP_PHY,699721701433,10,7.0,23.9258,drop_decision_no_action,-1,-1,-1,veh7,0.0,False
9313,23.9258,CPM_DROP_PHY,699721701433,10,8.0,23.9258,drop_decision_no_action,-1,-1,-1,veh8,0.0,False
9313,23.9258,CPM_DROP_PHY,699721701433,10,9.0,23.9258,drop_decision_no_action,-1,-1,-1,veh9,0.0,False
9326,23.9368,CPM_DROP_PHY,699721701445,5,10.0,23.9368,drop_decision_no_action,-1,-1,-1,veh10,0.0,False
9326,23.9368,CPM_DROP_PHY,699721701445,5,11.0,23.9368,drop_decision_no_action,-1,-1,-1,veh11,0.0,False
9326,23.9368,CPM_DROP_PHY,699721701445,5,12.0,23.9368,drop_decision_no_action,-1,-1,-1,veh12,0.0,False
9326,23.9368,CPM_DROP_PHY,699721701445,5,2.0,23.9368,drop_decision_no_action,-1,-1,-1,veh2,0.0,False
9326,23.9368,CPM_DROP_PHY,699721701445,5,3.0,23.9368,drop_decision_no_action,-1,-1,-1,veh3,0.0,False
9326,23.9368,CPM_DROP_PHY,699721701445,5,4.0,23.9368,drop_decision_no_action,-1,-1,-1,veh4,0.0,False
9326,23.9368,CPM_DROP_PHY,699721701445,5,6.0,23.9368,drop_decision_no_action,-1,-1,-1,veh6,0.0,False
9326,23.9368,CPM_DROP_PHY,699721701445,5,7.0,23.9368,drop_decision_no_action,-1,-1,-1,veh7,0.0,False
9326,23.9368,CPM_DROP_PHY,699721701445,5,8.0,23.9368,drop_decision_no_action,-1,-1,-1,veh8,0.0,False
9326,23.9368,CPM_DROP_PHY,699721701445,5,9.0,23.9368,drop_decision_no_action,-1,-1,-1,veh9,0.0,False
9334,23.9398,CAM_DROP_PHY,18374,8,10.0,23.9398,drop_decision_no_action,-1,-1,-1,veh10,0.0,False
9334,23.9398,CAM_DROP_PHY,18374,8,11.0,23.9398,drop_decision_no_action,-1,-1,-1,veh11,0.0,False
9334,23.9398,CAM_DROP_PHY,18374,8,12.0,23.9398,drop_decision_no_action,-1,-1,-1,veh12,0.0,False
9334,23.9398,CAM_DROP_PHY,18374,8,2.0,23.9398,drop_decision_no_action,-1,-1,-1,veh2,0.0,False
9334,23.9398,CAM_DROP_PHY,18374,8,3.0,23.9398,drop_decision_no_action,-1,-1,-1,veh3,0.0,False
9334,23.9398,CAM_DROP_PHY,18374,8,4.0,23.9398,drop_decision_no_action,-1,-1,-1,veh4,0.0,False
9334,23.9398,CAM_DROP_PHY,18374,8,5.0,23.9398,drop_decision_no_action,-1,-1,-1,veh5,0.0,False
9334,23.9398,CAM_DROP_PHY,18374,8,6.0,23.9398,drop_decision_no_action,-1,-1,-1,veh6,0.0,False
9334,23.9398,CAM_DROP_PHY,18374,8,7.0,23.9398,drop_decision_no_action,-1,-1,-1,veh7,0.0,False
9334,23.9398,CAM_DROP_PHY,18374,8,9.0,23.9398,drop_decision_no_action,-1,-1,-1,veh9,0.0,False
9341,23.9491,CPM_DROP_PHY,699721701463,7,10.0,23.9491,drop_decision_no_action,-1,-1,-1,veh10,0.0,False
9341,23.9491,CPM_DROP_PHY,699721701463,7,11.0,23.9491,drop_decision_no_action,-1,-1,-1,veh11,0.0,False
9341,23.9491,CPM_DROP_PHY,699721701463,7,12.0,23.9491,drop_decision_no_action,-1,-1,-1,veh12,0.0,False
9341,23.9491,CPM_DROP_PHY,699721701463,7,2.0,23.9491,drop_decision_no_action,-1,-1,-1,veh2,0.0,False
9341,23.9491,CPM_DROP_PHY,699721701463,7,3.0,23.9491,drop_decision_no_action,-1,-1,-1,veh3,0.0,False
9341,23.9491,CPM_DROP_PHY,699721701463,7,4.0,23.9491,drop_decision_no_action,-1,-1,-1,veh4,0.0,False
9341,23.9491,CPM_DROP_PHY,699721701463,7,5.0,23.9491,drop_decision_no_action,-1,-1,-1,veh5,0.0,False
9341,23.9491,CPM_DROP_PHY,699721701463,7,6.0,23.9491,drop_decision_no_action,-1,-1,-1,veh6,0.0,False
9341,23.9491,CPM_DROP_PHY,699721701463,7,8.0,23.9491,drop_decision_no_action,-1,-1,-1,veh8,0.0,False
9341,23.9491,CPM_DROP_PHY,699721701463,7,9.0,23.9491,drop_decision_no_action,-1,-1,-1,veh9,0.0,False
9340,23.9546,CPM_DROP_PHY,699721701460,3,10.0,23.9546,drop_decision_no_action,-1,-1,-1,veh10,0.0,False
9340,23.9546,CPM_DROP_PHY,699721701460,3,11.0,23.9546,drop_decision_no_action,-1,-1,-1,veh11,0.0,False
9340,23.9546,CPM_DROP_PHY,699721701460,3,12.0,23.9546,drop_decision_no_action,-1,-1,-1,veh12,0.0,False
9340,23.9546,CPM_DROP_PHY,699721701460,3,2.0,23.9546,drop_decision_no_action,-1,-1,-1,veh2,0.0,False
9340,23.9546,CPM_DROP_PHY,699721701460,3,4.0,23.9546,drop_decision_no_action,-1,-1,-1,veh4,0.0,False
9340,23.9546,CPM_DROP_PHY,699721701460,3,5.0,23.9546,drop_decision_no_action,-1,-1,-1,veh5,0.0,False
9340,23.9546,CPM_DROP_PHY,699721701460,3,6.0,23.9546,drop_decision_no_action,-1,-1,-1,veh6,0.0,False
9340,23.9546,CPM_DROP_PHY,699721701460,3,7.0,23.9546,drop_decision_no_action,-1,-1,-1,veh7,0.0,False
9340,23.9546,CPM_DROP_PHY,699721701460,3,8.0,23.9546,drop_decision_no_action,-1,-1,-1,veh8,0.0,False
9340,23.9546,CPM_DROP_PHY,699721701460,3,9.0,23.9546,drop_decision_no_action,-1,-1,-1,veh9,0.0,False
9365,23.9623,CPM_DROP_PHY,699721701482,12,10.0,23.9623,drop_decision_no_action,-1,-1,-1,veh10,0.0,False
9365,23.9623,CPM_DROP_PHY,699721701482,12,11.0,23.9623,drop_decision_no_action,-1,-1,-1,veh11,0.0,False
9233,23.9623,CPM_DROP_PHY,699721701316,12,2.0,23.9623,drop_decision_no_action,-1,-1,-1,veh2,0.0,False
9365,23.9623,CPM_DROP_PHY,699721701482,12,2.0,23.9623,drop_decision_no_action,-1,-1,-1,veh2,0.0,False
9365,23.9623,CPM_DROP_PHY,699721701482,12,3.0,23.9623,drop_decision_no_action,-1,-1,-1,veh3,0.0,False
9365,23.9623,CPM_DROP_PHY,699721701482,12,4.0,23.9623,drop_decision_no_action,-1,-1,-1,veh4,0.0,False
9365,23.9623,CPM_DROP_PHY,699721701482,12,5.0,23.9623,drop_decision_no_action,-1,-1,-1,veh5,0.0,False
9365,23.9623,CPM_DROP_PHY,699721701482,12,6.0,23.9623,drop_decision_no_action,-1,-1,-1,veh6,0.0,False
9365,23.9623,CPM_DROP_PHY,699721701482,12,7.0,23.9623,drop_decision_no_action,-1,-1,-1,veh7,0.0,False
9365,23.9623,CPM_DROP_PHY,699721701482,12,8.0,23.9623,drop_decision_no_action,-1,-1,-1,veh8,0.0,False
9365,23.9623,CPM_DROP_PHY,699721701482,12,9.0,23.9623,drop_decision_no_action,-1,-1,-1,veh9,0.0,False
9379,23.9686,CPM_DROP_PHY,699721701493,6,10.0,23.9686,drop_decision_no_action,-1,-1,-1,veh10,0.0,False
9379,23.9686,CPM_DROP_PHY,699721701493,6,11.0,23.9686,drop_decision_no_action,-1,-1,-1,veh11,0.0,False
9379,23.9686,CPM_DROP_PHY,699721701493,6,12.0,23.9686,drop_decision_no_action,-1,-1,-1,veh12,0.0,False
9379,23.9686,CPM_DROP_PHY,699721701493,6,2.0,23.9686,drop_decision_no_action,-1,-1,-1,veh2,0.0,False
9379,23.9686,CPM_DROP_PHY,699721701493,6,3.0,23.9686,drop_decision_no_action,-1,-1,-1,veh3,0.0,False
9379,23.9686,CPM_DROP_PHY,699721701493,6,4.0,23.9686,drop_decision_no_action,-1,-1,-1,veh4,0.0,False
9379,23.9686,CPM_DROP_PHY,699721701493,6,5.0,23.9686,drop_decision_no_action,-1,-1,-1,veh5,0.0,False
9379,23.9686,CPM_DROP_PHY,699721701493,6,7.0,23.9686,drop_decision_no_action,-1,-1,-1,veh7,0.0,False
9379,23.9686,CPM_DROP_PHY,699721701493,6,8.0,23.9686,drop_decision_no_action,-1,-1,-1,veh8,0.0,False
9379,23.9686,CPM_DROP_PHY,699721701493,6,9.0,23.9686,drop_decision_no_action,-1,-1,-1,veh9,0.0,False
9341,23.9691,CAM_DROP_PHY,18392,7,10.0,23.9491,drop_decision_no_action,-1,-1,-1,veh10,-0.019999999999999574,False
9341,23.9691,CAM_DROP_PHY,18392,7,11.0,23.9491,drop_decision_no_action,-1,-1,-1,veh11,-0.019999999999999574,False
9341,23.9691,CAM_DROP_PHY,18392,7,12.0,23.9491,drop_decision_no_action,-1,-1,-1,veh12,-0.019999999999999574,False
9341,23.9691,CAM_DROP_PHY,18392,7,2.0,23.9491,drop_decision_no_action,-1,-1,-1,veh2,-0.019999999999999574,False
9341,23.9691,CAM_DROP_PHY,18392,7,3.0,23.9491,drop_decision_no_action,-1,-1,-1,veh3,-0.019999999999999574,False
9341,23.9691,CAM_DROP_PHY,18392,7,4.0,23.9491,drop_decision_no_action,-1,-1,-1,veh4,-0.019999999999999574,False
9341,23.9691,CAM_DROP_PHY,18392,7,5.0,23.9491,drop_decision_no_action,-1,-1,-1,veh5,-0.019999999999999574,False
9341,23.9691,CAM_DROP_PHY,18392,7,6.0,23.9491,drop_decision_no_action,-1,-1,-1,veh6,-0.019999999999999574,False
9341,23.9691,CAM_DROP_PHY,18392,7,8.0,23.9491,drop_decision_no_action,-1,-1,-1,veh8,-0.019999999999999574,False
9341,23.9691,CAM_DROP_PHY,18392,7,9.0,23.9491,drop_decision_no_action,-1,-1,-1,veh9,-0.019999999999999574,False
9394,23.9821,CPM_DROP_PHY,699721701501,4,10.0,23.9821,drop_decision_no_action,-1,-1,-1,veh10,0.0,False
9394,23.9821,CPM_DROP_PHY,699721701501,4,11.0,23.9821,drop_decision_no_action,-1,-1,-1,veh11,0.0,False
9394,23.9821,CPM_DROP_PHY,699721701501,4,12.0,23.9821,drop_decision_no_action,-1,-1,-1,veh12,0.0,False
9394,23.9821,CPM_DROP_PHY,699721701501,4,2.0,23.9821,drop_decision_no_action,-1,-1,-1,veh2,0.0,False
9394,23.9821,CPM_DROP_PHY,699721701501,4,3.0,23.9821,drop_decision_no_action,-1,-1,-1,veh3,0.0,False
9394,23.9821,CPM_DROP_PHY,699721701501,4,5.0,23.9821,drop_decision_no_action,-1,-1,-1,veh5,0.0,False
9394,23.9821,CPM_DROP_PHY,699721701501,4,6.0,23.9821,drop_decision_no_action,-1,-1,-1,veh6,0.0,False
9394,23.9821,CPM_DROP_PHY,699721701501,4,7.0,23.9821,drop_decision_no_action,-1,-1,-1,veh7,0.0,False
9394,23.9821,CPM_DROP_PHY,699721701501,4,8.0,23.9821,drop_decision_no_action,-1,-1,-1,veh8,0.0,False
9394,23.9821,CPM_DROP_PHY,699721701501,4,9.0,23.9821,drop_decision_no_action,-1,-1,-1,veh9,0.0,False
9437,24.0023,CAM_DROP_PHY,18453,2,10.0,24.0023,drop_decision_no_action,-1,-1,-1,veh10,0.0,False
9437,24.0023,CAM_DROP_PHY,18453,2,11.0,24.0023,drop_decision_no_action,-1,-1,-1,veh11,0.0,False
9437,24.0023,CAM_DROP_PHY,18453,2,3.0,24.0023,drop_decision_no_action,-1,-1,-1,veh3,0.0,False
9437,24.0023,CAM_DROP_PHY,18453,2,4.0,24.0023,drop_decision_no_action,-1,-1,-1,veh4,0.0,False
9437,24.0023,CAM_DROP_PHY,18453,2,5.0,24.0023,drop_decision_no_action,-1,-1,-1,veh5,0.0,False
9437,24.0023,CAM_DROP_PHY,18453,2,6.0,24.0023,drop_decision_no_action,-1,-1,-1,veh6,0.0,False
9437,24.0023,CAM_DROP_PHY,18453,2,7.0,24.0023,drop_decision_no_action,-1,-1,-1,veh7,0.0,False
9437,24.0023,CAM_DROP_PHY,18453,2,8.0,24.0023,drop_decision_no_action,-1,-1,-1,veh8,0.0,False
9437,24.0023,CAM_DROP_PHY,18453,2,9.0,24.0023,drop_decision_no_action,-1,-1,-1,veh9,0.0,False
9431,24.0038,CPM_DROP_PHY,699721701528,11,10.0,24.0038,drop_decision_no_action,-1,-1,-1,veh10,0.0,False
9431,24.0038,CAM_DROP_PHY,18457,11,10.0,24.0038,drop_decision_no_action,-1,-1,-1,veh10,0.0,False
9431,24.0038,CPM_DROP_PHY,699721701528,11,12.0,24.0038,drop_decision_no_action,-1,-1,-1,veh12,0.0,False
9431,24.0038,CAM_DROP_PHY,18457,11,12.0,24.0038,drop_decision_no_action,-1,-1,-1,veh12,0.0,False
9431,24.0038,CPM_DROP_PHY,699721701528,11,2.0,24.0038,drop_decision_no_action,-1,-1,-1,veh2,0.0,False
9431,24.0038,CAM_DROP_PHY,18457,11,2.0,24.0038,drop_decision_no_action,-1,-1,-1,veh2,0.0,False
9431,24.0038,CPM_DROP_PHY,699721701528,11,3.0,24.0038,drop_decision_no_action,-1,-1,-1,veh3,0.0,False
9431,24.0038,CAM_DROP_PHY,18457,11,3.0,24.0038,drop_decision_no_action,-1,-1,-1,veh3,0.0,False
9431,24.0038,CPM_DROP_PHY,699721701528,11,4.0,24.0038,drop_decision_no_action,-1,-1,-1,veh4,0.0,False
9431,24.0038,CAM_DROP_PHY,18457,11,4.0,24.0038,drop_decision_no_action,-1,-1,-1,veh4,0.0,False
9431,24.0038,CPM_DROP_PHY,699721701528,11,6.0,24.0038,drop_decision_no_action,-1,-1,-1,veh6,0.0,False
9431,24.0038,CAM_DROP_PHY,18457,11,6.0,24.0038,drop_decision_no_action,-1,-1,-1,veh6,0.0,False
9431,24.0038,CPM_DROP_PHY,699721701528,11,7.0,24.0038,drop_decision_no_action,-1,-1,-1,veh7,0.0,False
9431,24.0038,CAM_DROP_PHY,18457,11,7.0,24.0038,drop_decision_no_action,-1,-1,-1,veh7,0.0,False
9431,24.0038,CPM_DROP_PHY,699721701528,11,8.0,24.0038,drop_decision_no_action,-1,-1,-1,veh8,0.0,False
9431,24.0038,CAM_DROP_PHY,18457,11,8.0,24.0038,drop_decision_no_action,-1,-1,-1,veh8,0.0,False
9431,24.0038,CPM_DROP_PHY,699721701528,11,9.0,24.0038,drop_decision_no_action,-1,-1,-1,veh9,0.0,False
9431,24.0038,CAM_DROP_PHY,18457,11,9.0,24.0038,drop_decision_no_action,-1,-1,-1,veh9,0.0,False
9431,24.0133,CPM_DROP_PHY,699721701528,11,5.0,24.0133,drop_decision_no_action,-1,-1,-1,veh5,0.0,False
9431,24.0133,CAM_DROP_PHY,18457,11,5.0,24.0133,drop_decision_no_action,-1,-1,-1,veh5,0.0,False
9466,24.0221,CAM_DROP_PHY,18536,4,10.0,24.0221,drop_decision_no_action,-1,-1,-1,veh10,0.0,False
9466,24.0221,CAM_DROP_PHY,18536,4,11.0,24.0221,drop_decision_no_action,-1,-1,-1,veh11,0.0,False
9466,24.0221,CAM_DROP_PHY,18536,4,12.0,24.0221,drop_decision_no_action,-1,-1,-1,veh12,0.0,False
9466,24.0221,CAM_DROP_PHY,18536,4,2.0,24.0221,drop_decision_no_action,-1,-1,-1,veh2,0.0,False
9466,24.0221,CAM_DROP_PHY,18536,4,3.0,24.0221,drop_decision_no_action,-1,-1,-1,veh3,0.0,False
9466,24.0221,CAM_DROP_PHY,18536,4,5.0,24.0221,drop_decision_no_action,-1,-1,-1,veh5,0.0,False
9466,24.0221,CAM_DROP_PHY,18536,4,6.0,24.0221,drop_decision_no_action,-1,-1,-1,veh6,0.0,False
9466,24.0221,CAM_DROP_PHY,18536,4,7.0,24.0221,drop_decision_no_action,-1,-1,-1,veh7,0.0,False
9466,24.0221,CAM_DROP_PHY,18536,4,8.0,24.0221,drop_decision_no_action,-1,-1,-1,veh8,0.0,False
9466,24.0221,CAM_DROP_PHY,18536,4,9.0,24.0221,drop_decision_no_action,-1,-1,-1,veh9,0.0,False
9457,24.0223,CPM_DROP_PHY,699721701609,2,10.0,24.0223,drop_decision_no_action,-1,-1,-1,veh10,0.0,False
9457,24.0223,CPM_DROP_PHY,699721701609,2,11.0,24.0223,drop_decision_no_action,-1,-1,-1,veh11,0.0,False
9457,24.0223,CPM_DROP_PHY,699721701609,2,3.0,24.0223,drop_decision_no_action,-1,-1,-1,veh3,0.0,False
9457,24.0223,CPM_DROP_PHY,699721701609,2,4.0,24.0223,drop_decision_no_action,-1,-1,-1,veh4,0.0,False
9457,24.0223,CPM_DROP_PHY,699721701609,2,5.0,24.0223,drop_decision_no_action,-1,-1,-1,veh5,0.0,False
9457,24.0223,CPM_DROP_PHY,699721701609,2,6.0,24.0223,drop_decision_no_action,-1,-1,-1,veh6,0.0,False
9457,24.0223,CPM_DROP_PHY,699721701609,2,7.0,24.0223,drop_decision_no_action,-1,-1,-1,veh7,0.0,False
9457,24.0223,CPM_DROP_PHY,699721701609,2,8.0,24.0223,drop_decision_no_action,-1,-1,-1,veh8,0.0,False
9457,24.0223,CPM_DROP_PHY,699721701609,2,9.0,24.0223,drop_decision_no_action,-1,-1,-1,veh9,0.0,False
9454,24.0258,CPM_DROP_PHY,699721701604,10,11.0,24.0258,drop_decision_no_action,-1,-1,-1,veh11,0.0,False
9454,24.0258,CPM_DROP_PHY,699721701604,10,12.0,24.0258,cpm_drop_reaction,0,0,8,veh12,0.0,False
9454,24.0258,CPM_DROP_PHY,699721701604,10,3.0,24.0258,cpm_drop_reaction,0,0,15,veh3,0.0,False
9454,24.0258,CPM_DROP_PHY,699721701604,10,4.0,24.0258,cpm_drop_reaction,0,0,15,veh4,0.0,False
9454,24.0258,CPM_DROP_PHY,699721701604,10,5.0,24.0258,drop_decision_no_action,-1,-1,-1,veh5,0.0,False
9454,24.0258,CPM_DROP_PHY,699721701604,10,6.0,24.0258,cpm_drop_reaction,0,0,15,veh6,0.0,False
9454,24.0258,CPM_DROP_PHY,699721701604,10,7.0,24.0258,cpm_drop_reaction,0,0,15,veh7,0.0,False
9454,24.0258,CPM_DROP_PHY,699721701604,10,8.0,24.0258,cpm_drop_reaction,0,0,15,veh8,0.0,False
9454,24.0258,CPM_DROP_PHY,699721701604,10,9.0,24.0258,cpm_drop_reaction,1,0,45,veh9,0.0,True
9495,24.0346,CAM_DROP_PHY,18558,3,10.0,24.0346,drop_decision_no_action,-1,-1,-1,veh10,0.0,False
9495,24.0346,CAM_DROP_PHY,18558,3,11.0,24.0346,drop_decision_no_action,-1,-1,-1,veh11,0.0,False
9495,24.0346,CAM_DROP_PHY,18558,3,12.0,24.0346,drop_decision_no_action,-1,-1,-1,veh12,0.0,False
9495,24.0346,CAM_DROP_PHY,18558,3,2.0,24.0346,drop_decision_no_action,-1,-1,-1,veh2,0.0,False
9495,24.0346,CAM_DROP_PHY,18558,3,4.0,24.0346,drop_decision_no_action,-1,-1,-1,veh4,0.0,False
9495,24.0346,CAM_DROP_PHY,18558,3,5.0,24.0346,drop_decision_no_action,-1,-1,-1,veh5,0.0,False
9495,24.0346,CAM_DROP_PHY,18558,3,6.0,24.0346,drop_decision_no_action,-1,-1,-1,veh6,0.0,False
9495,24.0346,CAM_DROP_PHY,18558,3,7.0,24.0346,drop_decision_no_action,-1,-1,-1,veh7,0.0,False
9495,24.0346,CAM_DROP_PHY,18558,3,8.0,24.0346,drop_decision_no_action,-1,-1,-1,veh8,0.0,False
9495,24.0346,CAM_DROP_PHY,18558,3,9.0,24.0346,drop_decision_no_action,-1,-1,-1,veh9,0.0,False
9476,24.0368,CPM_DROP_PHY,699721701624,5,10.0,24.0368,drop_decision_no_action,-1,-1,-1,veh10,0.0,False
9476,24.0368,CPM_DROP_PHY,699721701624,5,11.0,24.0368,drop_decision_no_action,-1,-1,-1,veh11,0.0,False
9476,24.0368,CPM_DROP_PHY,699721701624,5,12.0,24.0368,drop_decision_no_action,-1,-1,-1,veh12,0.0,False
9476,24.0368,CPM_DROP_PHY,699721701624,5,2.0,24.0368,drop_decision_no_action,-1,-1,-1,veh2,0.0,False
9476,24.0368,CPM_DROP_PHY,699721701624,5,3.0,24.0368,drop_decision_no_action,-1,-1,-1,veh3,0.0,False
9476,24.0368,CPM_DROP_PHY,699721701624,5,4.0,24.0368,drop_decision_no_action,-1,-1,-1,veh4,0.0,False
9476,24.0368,CPM_DROP_PHY,699721701624,5,6.0,24.0368,drop_decision_no_action,-1,-1,-1,veh6,0.0,False
9476,24.0368,CPM_DROP_PHY,699721701624,5,7.0,24.0368,drop_decision_no_action,-1,-1,-1,veh7,0.0,False
9476,24.0368,CPM_DROP_PHY,699721701624,5,8.0,24.0368,drop_decision_no_action,-1,-1,-1,veh8,0.0,False
9476,24.0368,CPM_DROP_PHY,699721701624,5,9.0,24.0368,drop_decision_no_action,-1,-1,-1,veh9,0.0,False
9502,24.0491,CPM_DROP_PHY,699721701648,7,10.0,24.0491,drop_decision_no_action,-1,-1,-1,veh10,0.0,False
9502,24.0491,CPM_DROP_PHY,699721701648,7,11.0,24.0491,cpm_drop_reaction,0,0,8,veh11,0.0,False
9502,24.0491,CPM_DROP_PHY,699721701648,7,12.0,24.0491,drop_decision_no_action,-1,-1,-1,veh12,0.0,False
9502,24.0491,CPM_DROP_PHY,699721701648,7,2.0,24.0491,drop_decision_no_action,-1,-1,-1,veh2,0.0,False
9502,24.0491,CPM_DROP_PHY,699721701648,7,3.0,24.0491,drop_decision_no_action,-1,-1,-1,veh3,0.0,False
9502,24.0491,CPM_DROP_PHY,699721701648,7,4.0,24.0491,drop_decision_no_action,-1,-1,-1,veh4,0.0,False
9502,24.0491,CPM_DROP_PHY,699721701648,7,5.0,24.0491,drop_decision_no_action,-1,-1,-1,veh5,0.0,False
9502,24.0491,CPM_DROP_PHY,699721701648,7,6.0,24.0491,drop_decision_no_action,-1,-1,-1,veh6,0.0,False
9502,24.0491,CPM_DROP_PHY,699721701648,7,8.0,24.0491,drop_decision_no_action,-1,-1,-1,veh8,0.0,False
9502,24.0491,CPM_DROP_PHY,699721701648,7,9.0,24.0491,drop_decision_no_action,-1,-1,-1,veh9,0.0,False
9501,24.0546,CPM_DROP_PHY,699721701645,3,10.0,24.0546,drop_decision_no_action,-1,-1,-1,veh10,0.0,False
9501,24.0546,CPM_DROP_PHY,699721701645,3,11.0,24.0546,drop_decision_no_action,-1,-1,-1,veh11,0.0,False
9501,24.0546,CPM_DROP_PHY,699721701645,3,12.0,24.0546,drop_decision_no_action,-1,-1,-1,veh12,0.0,False
9501,24.0546,CPM_DROP_PHY,699721701645,3,2.0,24.0546,drop_decision_no_action,-1,-1,-1,veh2,0.0,False
9501,24.0546,CPM_DROP_PHY,699721701645,3,4.0,24.0546,drop_decision_no_action,-1,-1,-1,veh4,0.0,False
9501,24.0546,CPM_DROP_PHY,699721701645,3,5.0,24.0546,cpm_drop_reaction,0,0,15,veh5,0.0,False
9501,24.0546,CPM_DROP_PHY,699721701645,3,6.0,24.0546,drop_decision_no_action,-1,-1,-1,veh6,0.0,False
9501,24.0546,CPM_DROP_PHY,699721701645,3,7.0,24.0546,drop_decision_no_action,-1,-1,-1,veh7,0.0,False
9501,24.0546,CPM_DROP_PHY,699721701645,3,8.0,24.0546,drop_decision_no_action,-1,-1,-1,veh8,0.0,False
9501,24.0546,CPM_DROP_PHY,699721701645,3,9.0,24.0546,drop_decision_no_action,-1,-1,-1,veh9,0.0,False
9527,24.0613,CAM_DROP_PHY,18584,9,10.0,24.0613,drop_decision_no_action,-1,-1,-1,veh10,0.0,False
9527,24.0613,CAM_DROP_PHY,18584,9,11.0,24.0613,drop_decision_no_action,-1,-1,-1,veh11,0.0,False
9527,24.0613,CAM_DROP_PHY,18584,9,12.0,24.0613,drop_decision_no_action,-1,-1,-1,veh12,0.0,False
9527,24.0613,CAM_DROP_PHY,18584,9,2.0,24.0613,drop_decision_no_action,-1,-1,-1,veh2,0.0,False
9527,24.0613,CAM_DROP_PHY,18584,9,3.0,24.0613,drop_decision_no_action,-1,-1,-1,veh3,0.0,False
9527,24.0613,CAM_DROP_PHY,18584,9,4.0,24.0613,drop_decision_no_action,-1,-1,-1,veh4,0.0,False
9527,24.0613,CAM_DROP_PHY,18584,9,5.0,24.0613,drop_decision_no_action,-1,-1,-1,veh5,0.0,False
9527,24.0613,CAM_DROP_PHY,18584,9,6.0,24.0613,drop_decision_no_action,-1,-1,-1,veh6,0.0,False
9527,24.0613,CAM_DROP_PHY,18584,9,7.0,24.0613,drop_decision_no_action,-1,-1,-1,veh7,0.0,False
9527,24.0613,CAM_DROP_PHY,18584,9,8.0,24.0613,drop_decision_no_action,-1,-1,-1,veh8,0.0,False
9529,24.0623,CPM_DROP_PHY,699721701668,12,10.0,24.0623,drop_decision_no_action,-1,-1,-1,veh10,0.0,False
9529,24.0623,CPM_DROP_PHY,699721701668,12,11.0,24.0623,drop_decision_no_action,-1,-1,-1,veh11,0.0,False
9529,24.0623,CPM_DROP_PHY,699721701668,12,2.0,24.0623,drop_decision_no_action,-1,-1,-1,veh2,0.0,False
9529,24.0623,CPM_DROP_PHY,699721701668,12,3.0,24.0623,drop_decision_no_action,-1,-1,-1,veh3,0.0,False
9529,24.0623,CPM_DROP_PHY,699721701668,12,4.0,24.0623,drop_decision_no_action,-1,-1,-1,veh4,0.0,False
9529,24.0623,CPM_DROP_PHY,699721701668,12,5.0,24.0623,drop_decision_no_action,-1,-1,-1,veh5,0.0,False
9529,24.0623,CPM_DROP_PHY,699721701668,12,6.0,24.0623,drop_decision_no_action,-1,-1,-1,veh6,0.0,False
9529,24.0623,CPM_DROP_PHY,699721701668,12,7.0,24.0623,drop_decision_no_action,-1,-1,-1,veh7,0.0,False
9529,24.0623,CPM_DROP_PHY,699721701668,12,8.0,24.0623,drop_decision_no_action,-1,-1,-1,veh8,0.0,False
9529,24.0623,CPM_DROP_PHY,699721701668,12,9.0,24.0623,drop_decision_no_action,-1,-1,-1,veh9,0.0,False
9530,24.0686,CAM_DROP_PHY,18591,6,10.0,24.0686,cam_drop_reaction,0,0,8,veh10,0.0,False
9530,24.0686,CAM_DROP_PHY,18591,6,11.0,24.0686,drop_decision_no_action,-1,-1,-1,veh11,0.0,False
9530,24.0686,CAM_DROP_PHY,18591,6,12.0,24.0686,drop_decision_no_action,-1,-1,-1,veh12,0.0,False
9530,24.0686,CAM_DROP_PHY,18591,6,2.0,24.0686,drop_decision_no_action,-1,-1,-1,veh2,0.0,False
9530,24.0686,CAM_DROP_PHY,18591,6,3.0,24.0686,drop_decision_no_action,-1,-1,-1,veh3,0.0,False
9530,24.0686,CAM_DROP_PHY,18591,6,4.0,24.0686,drop_decision_no_action,-1,-1,-1,veh4,0.0,False
9530,24.0686,CAM_DROP_PHY,18591,6,5.0,24.0686,drop_decision_no_action,-1,-1,-1,veh5,0.0,False
9530,24.0686,CAM_DROP_PHY,18591,6,7.0,24.0686,drop_decision_no_action,-1,-1,-1,veh7,0.0,False
9530,24.0686,CAM_DROP_PHY,18591,6,8.0,24.0686,drop_decision_no_action,-1,-1,-1,veh8,0.0,False
9530,24.0686,CAM_DROP_PHY,18591,6,9.0,24.0686,drop_decision_no_action,-1,-1,-1,veh9,0.0,False
9557,24.0821,CPM_DROP_PHY,699721701688,4,10.0,24.0821,drop_decision_no_action,-1,-1,-1,veh10,0.0,False
9557,24.0821,CPM_DROP_PHY,699721701688,4,11.0,24.0821,drop_decision_no_action,-1,-1,-1,veh11,0.0,False
9557,24.0821,CPM_DROP_PHY,699721701688,4,12.0,24.0821,drop_decision_no_action,-1,-1,-1,veh12,0.0,False
9557,24.0821,CPM_DROP_PHY,699721701688,4,2.0,24.0821,drop_decision_no_action,-1,-1,-1,veh2,0.0,False
9557,24.0821,CPM_DROP_PHY,699721701688,4,3.0,24.0821,drop_decision_no_action,-1,-1,-1,veh3,0.0,False
9557,24.0821,CPM_DROP_PHY,699721701688,4,5.0,24.0821,drop_decision_no_action,-1,-1,-1,veh5,0.0,False
9557,24.0821,CPM_DROP_PHY,699721701688,4,6.0,24.0821,drop_decision_no_action,-1,-1,-1,veh6,0.0,False
9557,24.0821,CPM_DROP_PHY,699721701688,4,7.0,24.0821,drop_decision_no_action,-1,-1,-1,veh7,0.0,False
9557,24.0821,CPM_DROP_PHY,699721701688,4,8.0,24.0821,drop_decision_no_action,-1,-1,-1,veh8,0.0,False
9557,24.0821,CPM_DROP_PHY,699721701688,4,9.0,24.0821,drop_decision_no_action,-1,-1,-1,veh9,0.0,False
9530,24.0886,CPM_DROP_PHY,699721701681,6,10.0,24.0686,cam_drop_reaction,0,0,8,veh10,-0.019999999999999574,False
9530,24.0886,CPM_DROP_PHY,699721701681,6,11.0,24.0686,drop_decision_no_action,-1,-1,-1,veh11,-0.019999999999999574,False
9530,24.0886,CPM_DROP_PHY,699721701681,6,12.0,24.0686,drop_decision_no_action,-1,-1,-1,veh12,-0.019999999999999574,False
9530,24.0886,CPM_DROP_PHY,699721701681,6,2.0,24.0686,drop_decision_no_action,-1,-1,-1,veh2,-0.019999999999999574,False
9530,24.0886,CPM_DROP_PHY,699721701681,6,3.0,24.0686,drop_decision_no_action,-1,-1,-1,veh3,-0.019999999999999574,False
9530,24.0886,CPM_DROP_PHY,699721701681,6,4.0,24.0686,drop_decision_no_action,-1,-1,-1,veh4,-0.019999999999999574,False
9530,24.0886,CPM_DROP_PHY,699721701681,6,5.0,24.0686,drop_decision_no_action,-1,-1,-1,veh5,-0.019999999999999574,False
9530,24.0886,CPM_DROP_PHY,699721701681,6,7.0,24.0686,drop_decision_no_action,-1,-1,-1,veh7,-0.019999999999999574,False
9530,24.0886,CPM_DROP_PHY,699721701681,6,8.0,24.0686,drop_decision_no_action,-1,-1,-1,veh8,-0.019999999999999574,False
9530,24.0886,CPM_DROP_PHY,699721701681,6,9.0,24.0686,drop_decision_no_action,-1,-1,-1,veh9,-0.019999999999999574,False
9589,24.0998,CPM_DROP_PHY,699721701706,8,10.0,24.0998,drop_decision_no_action,-1,-1,-1,veh10,0.0,False
9589,24.0998,CPM_DROP_PHY,699721701706,8,11.0,24.0998,drop_decision_no_action,-1,-1,-1,veh11,0.0,False
9589,24.0998,CPM_DROP_PHY,699721701706,8,12.0,24.0998,drop_decision_no_action,-1,-1,-1,veh12,0.0,False
9589,24.0998,CPM_DROP_PHY,699721701706,8,2.0,24.0998,drop_decision_no_action,-1,-1,-1,veh2,0.0,False
9589,24.0998,CPM_DROP_PHY,699721701706,8,3.0,24.0998,drop_decision_no_action,-1,-1,-1,veh3,0.0,False
9589,24.0998,CPM_DROP_PHY,699721701706,8,4.0,24.0998,drop_decision_no_action,-1,-1,-1,veh4,0.0,False
9589,24.0998,CPM_DROP_PHY,699721701706,8,5.0,24.0998,drop_decision_no_action,-1,-1,-1,veh5,0.0,False
9589,24.0998,CPM_DROP_PHY,699721701706,8,6.0,24.0998,drop_decision_no_action,-1,-1,-1,veh6,0.0,False
9589,24.0998,CPM_DROP_PHY,699721701706,8,7.0,24.0998,drop_decision_no_action,-1,-1,-1,veh7,0.0,False
9589,24.0998,CPM_DROP_PHY,699721701706,8,9.0,24.0998,drop_decision_no_action,-1,-1,-1,veh9,0.0,False
9437,24.1023,CAM_DROP_PHY,18453,2,12.0,24.1023,drop_decision_no_action,-1,-1,-1,veh12,0.0,False
9457,24.1023,CPM_DROP_PHY,699721701609,2,12.0,24.1023,drop_decision_no_action,-1,-1,-1,veh12,0.0,False
9596,24.1038,CPM_DROP_PHY,699721701714,11,10.0,24.1038,drop_decision_no_action,-1,-1,-1,veh10,0.0,False
9596,24.1038,CAM_DROP_PHY,18641,11,10.0,24.1038,drop_decision_no_action,-1,-1,-1,veh10,0.0,False
9596,24.1038,CPM_DROP_PHY,699721701714,11,12.0,24.1038,drop_decision_no_action,-1,-1,-1,veh12,0.0,False
9596,24.1038,CAM_DROP_PHY,18641,11,12.0,24.1038,drop_decision_no_action,-1,-1,-1,veh12,0.0,False
9596,24.1038,CPM_DROP_PHY,699721701714,11,2.0,24.1038,drop_decision_no_action,-1,-1,-1,veh2,0.0,False
9596,24.1038,CAM_DROP_PHY,18641,11,2.0,24.1038,drop_decision_no_action,-1,-1,-1,veh2,0.0,False
9596,24.1038,CPM_DROP_PHY,699721701714,11,3.0,24.1038,drop_decision_no_action,-1,-1,-1,veh3,0.0,False
9596,24.1038,CAM_DROP_PHY,18641,11,3.0,24.1038,drop_decision_no_action,-1,-1,-1,veh3,0.0,False
9596,24.1038,CPM_DROP_PHY,699721701714,11,4.0,24.1038,drop_decision_no_action,-1,-1,-1,veh4,0.0,False
9596,24.1038,CAM_DROP_PHY,18641,11,4.0,24.1038,drop_decision_no_action,-1,-1,-1,veh4,0.0,False
9596,24.1038,CPM_DROP_PHY,699721701714,11,5.0,24.1038,drop_decision_no_action,-1,-1,-1,veh5,0.0,False
9596,24.1038,CAM_DROP_PHY,18641,11,5.0,24.1038,drop_decision_no_action,-1,-1,-1,veh5,0.0,False
9596,24.1038,CPM_DROP_PHY,699721701714,11,6.0,24.1038,drop_decision_no_action,-1,-1,-1,veh6,0.0,False
9596,24.1038,CAM_DROP_PHY,18641,11,6.0,24.1038,drop_decision_no_action,-1,-1,-1,veh6,0.0,False
9596,24.1038,CPM_DROP_PHY,699721701714,11,7.0,24.1038,drop_decision_no_action,-1,-1,-1,veh7,0.0,False
9596,24.1038,CAM_DROP_PHY,18641,11,7.0,24.1038,drop_decision_no_action,-1,-1,-1,veh7,0.0,False
9596,24.1038,CPM_DROP_PHY,699721701714,11,8.0,24.1038,drop_decision_no_action,-1,-1,-1,veh8,0.0,False
9596,24.1038,CAM_DROP_PHY,18641,11,8.0,24.1038,drop_decision_no_action,-1,-1,-1,veh8,0.0,False
9596,24.1038,CPM_DROP_PHY,699721701714,11,9.0,24.1038,drop_decision_no_action,-1,-1,-1,veh9,0.0,False
9596,24.1038,CAM_DROP_PHY,18641,11,9.0,24.1038,drop_decision_no_action,-1,-1,-1,veh9,0.0,False
9619,24.1168,CAM_DROP_PHY,18705,5,10.0,24.1168,drop_decision_no_action,-1,-1,-1,veh10,0.0,False
9619,24.1168,CAM_DROP_PHY,18705,5,11.0,24.1168,drop_decision_no_action,-1,-1,-1,veh11,0.0,False
9619,24.1168,CAM_DROP_PHY,18705,5,12.0,24.1168,drop_decision_no_action,-1,-1,-1,veh12,0.0,False
9619,24.1168,CAM_DROP_PHY,18705,5,2.0,24.1168,drop_decision_no_action,-1,-1,-1,veh2,0.0,False
9619,24.1168,CAM_DROP_PHY,18705,5,3.0,24.1168,drop_decision_no_action,-1,-1,-1,veh3,0.0,False
9619,24.1168,CAM_DROP_PHY,18705,5,4.0,24.1168,drop_decision_no_action,-1,-1,-1,veh4,0.0,False
9619,24.1168,CAM_DROP_PHY,18705,5,6.0,24.1168,drop_decision_no_action,-1,-1,-1,veh6,0.0,False
9619,24.1168,CAM_DROP_PHY,18705,5,7.0,24.1168,drop_decision_no_action,-1,-1,-1,veh7,0.0,False
9619,24.1168,CAM_DROP_PHY,18705,5,8.0,24.1168,drop_decision_no_action,-1,-1,-1,veh8,0.0,False
9619,24.1168,CAM_DROP_PHY,18705,5,9.0,24.1168,drop_decision_no_action,-1,-1,-1,veh9,0.0,False
9621,24.1258,CPM_DROP_PHY,699721701789,10,11.0,24.1258,drop_decision_no_action,-1,-1,-1,veh11,0.0,False
9621,24.1258,CPM_DROP_PHY,699721701789,10,12.0,24.1258,drop_decision_no_action,-1,-1,-1,veh12,0.0,False
9621,24.1258,CPM_DROP_PHY,699721701789,10,3.0,24.1258,drop_decision_no_action,-1,-1,-1,veh3,0.0,False
9621,24.1258,CPM_DROP_PHY,699721701789,10,4.0,24.1258,drop_decision_no_action,-1,-1,-1,veh4,0.0,False
9621,24.1258,CPM_DROP_PHY,699721701789,10,5.0,24.1258,drop_decision_no_action,-1,-1,-1,veh5,0.0,False
9621,24.1258,CPM_DROP_PHY,699721701789,10,6.0,24.1258,drop_decision_no_action,-1,-1,-1,veh6,0.0,False
9621,24.1258,CPM_DROP_PHY,699721701789,10,7.0,24.1258,drop_decision_no_action,-1,-1,-1,veh7,0.0,False
9621,24.1258,CPM_DROP_PHY,699721701789,10,8.0,24.1258,drop_decision_no_action,-1,-1,-1,veh8,0.0,False
9621,24.1258,CPM_DROP_PHY,699721701789,10,9.0,24.1258,drop_decision_no_action,-1,-1,-1,veh9,0.0,False
9657,24.1346,CAM_DROP_PHY,18739,3,10.0,24.1346,drop_decision_no_action,-1,-1,-1,veh10,0.0,False
9657,24.1346,CAM_DROP_PHY,18739,3,11.0,24.1346,drop_decision_no_action,-1,-1,-1,veh11,0.0,False
9657,24.1346,CAM_DROP_PHY,18739,3,12.0,24.1346,drop_decision_no_action,-1,-1,-1,veh12,0.0,False
9657,24.1346,CAM_DROP_PHY,18739,3,2.0,24.1346,drop_decision_no_action,-1,-1,-1,veh2,0.0,False
9657,24.1346,CAM_DROP_PHY,18739,3,4.0,24.1346,drop_decision_no_action,-1,-1,-1,veh4,0.0,False
9657,24.1346,CAM_DROP_PHY,18739,3,5.0,24.1346,drop_decision_no_action,-1,-1,-1,veh5,0.0,False
9657,24.1346,CAM_DROP_PHY,18739,3,6.0,24.1346,drop_decision_no_action,-1,-1,-1,veh6,0.0,False
9657,24.1346,CAM_DROP_PHY,18739,3,7.0,24.1346,drop_decision_no_action,-1,-1,-1,veh7,0.0,False
9657,24.1346,CAM_DROP_PHY,18739,3,8.0,24.1346,drop_decision_no_action,-1,-1,-1,veh8,0.0,False
9657,24.1346,CAM_DROP_PHY,18739,3,9.0,24.1346,drop_decision_no_action,-1,-1,-1,veh9,0.0,False
9643,24.1368,CPM_DROP_PHY,699721701805,5,10.0,24.1368,drop_decision_no_action,-1,-1,-1,veh10,0.0,False
9643,24.1368,CPM_DROP_PHY,699721701805,5,12.0,24.1368,drop_decision_no_action,-1,-1,-1,veh12,0.0,False
9643,24.1368,CPM_DROP_PHY,699721701805,5,2.0,24.1368,drop_decision_no_action,-1,-1,-1,veh2,0.0,False
9643,24.1368,CPM_DROP_PHY,699721701805,5,3.0,24.1368,drop_decision_no_action,-1,-1,-1,veh3,0.0,False
9643,24.1368,CPM_DROP_PHY,699721701805,5,4.0,24.1368,drop_decision_no_action,-1,-1,-1,veh4,0.0,False
9643,24.1368,CPM_DROP_PHY,699721701805,5,6.0,24.1368,drop_decision_no_action,-1,-1,-1,veh6,0.0,False
9643,24.1368,CPM_DROP_PHY,699721701805,5,7.0,24.1368,drop_decision_no_action,-1,-1,-1,veh7,0.0,False
9643,24.1368,CPM_DROP_PHY,699721701805,5,8.0,24.1368,drop_decision_no_action,-1,-1,-1,veh8,0.0,False
9643,24.1368,CPM_DROP_PHY,699721701805,5,9.0,24.1368,drop_decision_no_action,-1,-1,-1,veh9,0.0,False
9653,24.1398,CAM_DROP_PHY,18734,8,10.0,24.1398,drop_decision_no_action,-1,-1,-1,veh10,0.0,False
9653,24.1398,CAM_DROP_PHY,18734,8,11.0,24.1398,drop_decision_no_action,-1,-1,-1,veh11,0.0,False
9653,24.1398,CAM_DROP_PHY,18734,8,12.0,24.1398,drop_decision_no_action,-1,-1,-1,veh12,0.0,False
9653,24.1398,CAM_DROP_PHY,18734,8,2.0,24.1398,drop_decision_no_action,-1,-1,-1,veh2,0.0,False
9653,24.1398,CAM_DROP_PHY,18734,8,3.0,24.1398,drop_decision_no_action,-1,-1,-1,veh3,0.0,False
9653,24.1398,CAM_DROP_PHY,18734,8,4.0,24.1398,drop_decision_no_action,-1,-1,-1,veh4,0.0,False
9653,24.1398,CAM_DROP_PHY,18734,8,5.0,24.1398,drop_decision_no_action,-1,-1,-1,veh5,0.0,False
9653,24.1398,CAM_DROP_PHY,18734,8,6.0,24.1398,drop_decision_no_action,-1,-1,-1,veh6,0.0,False
9653,24.1398,CAM_DROP_PHY,18734,8,7.0,24.1398,drop_decision_no_action,-1,-1,-1,veh7,0.0,False
9653,24.1398,CAM_DROP_PHY,18734,8,9.0,24.1398,drop_decision_no_action,-1,-1,-1,veh9,0.0,False
9643,24.1478,CPM_DROP_PHY,699721701805,5,11.0,24.1478,drop_decision_no_action,-1,-1,-1,veh11,0.0,False
9663,24.1491,CPM_DROP_PHY,699721701828,7,10.0,24.1491,drop_decision_no_action,-1,-1,-1,veh10,0.0,False
9663,24.1491,CPM_DROP_PHY,699721701828,7,11.0,24.1491,drop_decision_no_action,-1,-1,-1,veh11,0.0,False
9663,24.1491,CPM_DROP_PHY,699721701828,7,12.0,24.1491,drop_decision_no_action,-1,-1,-1,veh12,0.0,False
9663,24.1491,CPM_DROP_PHY,699721701828,7,2.0,24.1491,drop_decision_no_action,-1,-1,-1,veh2,0.0,False
9663,24.1491,CPM_DROP_PHY,699721701828,7,3.0,24.1491,drop_decision_no_action,-1,-1,-1,veh3,0.0,False
9663,24.1491,CPM_DROP_PHY,699721701828,7,4.0,24.1491,drop_decision_no_action,-1,-1,-1,veh4,0.0,False
9663,24.1491,CPM_DROP_PHY,699721701828,7,5.0,24.1491,drop_decision_no_action,-1,-1,-1,veh5,0.0,False
9663,24.1491,CPM_DROP_PHY,699721701828,7,6.0,24.1491,drop_decision_no_action,-1,-1,-1,veh6,0.0,False
9663,24.1491,CPM_DROP_PHY,699721701828,7,8.0,24.1491,drop_decision_no_action,-1,-1,-1,veh8,0.0,False
9663,24.1491,CPM_DROP_PHY,699721701828,7,9.0,24.1491,drop_decision_no_action,-1,-1,-1,veh9,0.0,False
9662,24.1546,CPM_DROP_PHY,699721701825,3,10.0,24.1546,drop_decision_no_action,-1,-1,-1,veh10,0.0,False
9662,24.1546,CPM_DROP_PHY,699721701825,3,11.0,24.1546,drop_decision_no_action,-1,-1,-1,veh11,0.0,False
9662,24.1546,CPM_DROP_PHY,699721701825,3,12.0,24.1546,drop_decision_no_action,-1,-1,-1,veh12,0.0,False
9662,24.1546,CPM_DROP_PHY,699721701825,3,2.0,24.1546,drop_decision_no_action,-1,-1,-1,veh2,0.0,False
9662,24.1546,CPM_DROP_PHY,699721701825,3,4.0,24.1546,drop_decision_no_action,-1,-1,-1,veh4,0.0,False
9662,24.1546,CPM_DROP_PHY,699721701825,3,5.0,24.1546,drop_decision_no_action,-1,-1,-1,veh5,0.0,False
9662,24.1546,CPM_DROP_PHY,699721701825,3,6.0,24.1546,drop_decision_no_action,-1,-1,-1,veh6,0.0,False
9662,24.1546,CPM_DROP_PHY,699721701825,3,7.0,24.1546,drop_decision_no_action,-1,-1,-1,veh7,0.0,False
9662,24.1546,CPM_DROP_PHY,699721701825,3,8.0,24.1546,drop_decision_no_action,-1,-1,-1,veh8,0.0,False
9662,24.1546,CPM_DROP_PHY,699721701825,3,9.0,24.1546,drop_decision_no_action,-1,-1,-1,veh9,0.0,False
9693,24.1596,CAM_DROP_PHY,18767,6,2.0,24.1596,drop_decision_no_action,-1,-1,-1,veh2,0.0,False
9693,24.1596,CAM_DROP_PHY,18767,6,8.0,24.1596,drop_decision_no_action,-1,-1,-1,veh8,0.0,False
9693,24.1596,CAM_DROP_PHY,18767,6,9.0,24.1596,drop_decision_no_action,-1,-1,-1,veh9,0.0,False
9692,24.1623,CPM_DROP_PHY,699721701845,12,10.0,24.1623,drop_decision_no_action,-1,-1,-1,veh10,0.0,False
9692,24.1623,CPM_DROP_PHY,699721701845,12,11.0,24.1623,drop_decision_no_action,-1,-1,-1,veh11,0.0,False
9692,24.1623,CPM_DROP_PHY,699721701845,12,2.0,24.1623,drop_decision_no_action,-1,-1,-1,veh2,0.0,False
9692,24.1623,CPM_DROP_PHY,699721701845,12,3.0,24.1623,drop_decision_no_action,-1,-1,-1,veh3,0.0,False
9692,24.1623,CPM_DROP_PHY,699721701845,12,4.0,24.1623,drop_decision_no_action,-1,-1,-1,veh4,0.0,False
9692,24.1623,CPM_DROP_PHY,699721701845,12,5.0,24.1623,drop_decision_no_action,-1,-1,-1,veh5,0.0,False
9692,24.1623,CPM_DROP_PHY,699721701845,12,6.0,24.1623,drop_decision_no_action,-1,-1,-1,veh6,0.0,False
9692,24.1623,CPM_DROP_PHY,699721701845,12,7.0,24.1623,drop_decision_no_action,-1,-1,-1,veh7,0.0,False
9692,24.1623,CPM_DROP_PHY,699721701845,12,8.0,24.1623,drop_decision_no_action,-1,-1,-1,veh8,0.0,False
9692,24.1623,CPM_DROP_PHY,699721701845,12,9.0,24.1623,drop_decision_no_action,-1,-1,-1,veh9,0.0,False
9693,24.1711,CAM_DROP_PHY,18767,6,10.0,24.1711,drop_decision_no_action,-1,-1,-1,veh10,0.0,False
9693,24.1711,CAM_DROP_PHY,18767,6,11.0,24.1711,drop_decision_no_action,-1,-1,-1,veh11,0.0,False
9693,24.1711,CAM_DROP_PHY,18767,6,12.0,24.1711,drop_decision_no_action,-1,-1,-1,veh12,0.0,False
9693,24.1711,CAM_DROP_PHY,18767,6,4.0,24.1711,drop_decision_no_action,-1,-1,-1,veh4,0.0,False
9693,24.1711,CAM_DROP_PHY,18767,6,5.0,24.1711,drop_decision_no_action,-1,-1,-1,veh5,0.0,False
9693,24.1711,CAM_DROP_PHY,18767,6,7.0,24.1711,drop_decision_no_action,-1,-1,-1,veh7,0.0,False
9711,24.1796,CPM_DROP_PHY,699721701858,6,10.0,24.1796,drop_decision_no_action,-1,-1,-1,veh10,0.0,False
9711,24.1796,CPM_DROP_PHY,699721701858,6,11.0,24.1796,drop_decision_no_action,-1,-1,-1,veh11,0.0,False
9711,24.1796,CPM_DROP_PHY,699721701858,6,12.0,24.1796,drop_decision_no_action,-1,-1,-1,veh12,0.0,False
9711,24.1796,CPM_DROP_PHY,699721701858,6,2.0,24.1796,drop_decision_no_action,-1,-1,-1,veh2,0.0,False
9711,24.1796,CPM_DROP_PHY,699721701858,6,4.0,24.1796,drop_decision_no_action,-1,-1,-1,veh4,0.0,False
9711,24.1796,CPM_DROP_PHY,699721701858,6,5.0,24.1796,drop_decision_no_action,-1,-1,-1,veh5,0.0,False
9711,24.1796,CPM_DROP_PHY,699721701858,6,7.0,24.1796,drop_decision_no_action,-1,-1,-1,veh7,0.0,False
9711,24.1796,CPM_DROP_PHY,699721701858,6,8.0,24.1796,drop_decision_no_action,-1,-1,-1,veh8,0.0,False
9711,24.1796,CPM_DROP_PHY,699721701858,6,9.0,24.1796,drop_decision_no_action,-1,-1,-1,veh9,0.0,False
9727,24.1821,CPM_DROP_PHY,699721701866,4,10.0,24.1821,drop_decision_no_action,-1,-1,-1,veh10,0.0,False
9727,24.1821,CPM_DROP_PHY,699721701866,4,11.0,24.1821,drop_decision_no_action,-1,-1,-1,veh11,0.0,False
9727,24.1821,CPM_DROP_PHY,699721701866,4,12.0,24.1821,drop_decision_no_action,-1,-1,-1,veh12,0.0,False
9727,24.1821,CPM_DROP_PHY,699721701866,4,2.0,24.1821,drop_decision_no_action,-1,-1,-1,veh2,0.0,False
9727,24.1821,CPM_DROP_PHY,699721701866,4,3.0,24.1821,drop_decision_no_action,-1,-1,-1,veh3,0.0,False
9727,24.1821,CPM_DROP_PHY,699721701866,4,5.0,24.1821,drop_decision_no_action,-1,-1,-1,veh5,0.0,False
9727,24.1821,CPM_DROP_PHY,699721701866,4,6.0,24.1821,drop_decision_no_action,-1,-1,-1,veh6,0.0,False
9727,24.1821,CPM_DROP_PHY,699721701866,4,7.0,24.1821,drop_decision_no_action,-1,-1,-1,veh7,0.0,False
9727,24.1821,CPM_DROP_PHY,699721701866,4,8.0,24.1821,drop_decision_no_action,-1,-1,-1,veh8,0.0,False
9727,24.1821,CPM_DROP_PHY,699721701866,4,9.0,24.1821,drop_decision_no_action,-1,-1,-1,veh9,0.0,False
9765,24.2023,CAM_DROP_PHY,18813,2,10.0,24.2023,drop_decision_no_action,-1,-1,-1,veh10,0.0,False
9765,24.2023,CAM_DROP_PHY,18813,2,11.0,24.2023,drop_decision_no_action,-1,-1,-1,veh11,0.0,False
9765,24.2023,CAM_DROP_PHY,18813,2,12.0,24.2023,drop_decision_no_action,-1,-1,-1,veh12,0.0,False
9765,24.2023,CAM_DROP_PHY,18813,2,3.0,24.2023,drop_decision_no_action,-1,-1,-1,veh3,0.0,False
9765,24.2023,CAM_DROP_PHY,18813,2,4.0,24.2023,drop_decision_no_action,-1,-1,-1,veh4,0.0,False
9765,24.2023,CAM_DROP_PHY,18813,2,5.0,24.2023,drop_decision_no_action,-1,-1,-1,veh5,0.0,False
9765,24.2023,CAM_DROP_PHY,18813,2,6.0,24.2023,drop_decision_no_action,-1,-1,-1,veh6,0.0,False
9765,24.2023,CAM_DROP_PHY,18813,2,7.0,24.2023,drop_decision_no_action,-1,-1,-1,veh7,0.0,False
9765,24.2023,CAM_DROP_PHY,18813,2,8.0,24.2023,drop_decision_no_action,-1,-1,-1,veh8,0.0,False
9765,24.2023,CAM_DROP_PHY,18813,2,9.0,24.2023,drop_decision_no_action,-1,-1,-1,veh9,0.0,False
9758,24.2038,CPM_DROP_PHY,699721701888,11,10.0,24.2038,drop_decision_no_action,-1,-1,-1,veh10,0.0,False
9758,24.2038,CAM_DROP_PHY,18817,11,10.0,24.2038,drop_decision_no_action,-1,-1,-1,veh10,0.0,False
9758,24.2038,CPM_DROP_PHY,699721701888,11,12.0,24.2038,drop_decision_no_action,-1,-1,-1,veh12,0.0,False
9758,24.2038,CAM_DROP_PHY,18817,11,12.0,24.2038,drop_decision_no_action,-1,-1,-1,veh12,0.0,False
9758,24.2038,CPM_DROP_PHY,699721701888,11,2.0,24.2038,drop_decision_no_action,-1,-1,-1,veh2,0.0,False
9758,24.2038,CAM_DROP_PHY,18817,11,2.0,24.2038,drop_decision_no_action,-1,-1,-1,veh2,0.0,False
9758,24.2038,CPM_DROP_PHY,699721701888,11,3.0,24.2038,drop_decision_no_action,-1,-1,-1,veh3,0.0,False
9758,24.2038,CAM_DROP_PHY,18817,11,3.0,24.2038,drop_decision_no_action,-1,-1,-1,veh3,0.0,False
9758,24.2038,CPM_DROP_PHY,699721701888,11,4.0,24.2038,drop_decision_no_action,-1,-1,-1,veh4,0.0,False
9758,24.2038,CAM_DROP_PHY,18817,11,4.0,24.2038,drop_decision_no_action,-1,-1,-1,veh4,0.0,False
9758,24.2038,CPM_DROP_PHY,699721701888,11,5.0,24.2038,drop_decision_no_action,-1,-1,-1,veh5,0.0,False
9758,24.2038,CAM_DROP_PHY,18817,11,5.0,24.2038,drop_decision_no_action,-1,-1,-1,veh5,0.0,False
9758,24.2038,CPM_DROP_PHY,699721701888,11,6.0,24.2038,drop_decision_no_action,-1,-1,-1,veh6,0.0,False
9758,24.2038,CAM_DROP_PHY,18817,11,6.0,24.2038,drop_decision_no_action,-1,-1,-1,veh6,0.0,False
9758,24.2038,CPM_DROP_PHY,699721701888,11,7.0,24.2038,drop_decision_no_action,-1,-1,-1,veh7,0.0,False
9758,24.2038,CAM_DROP_PHY,18817,11,7.0,24.2038,drop_decision_no_action,-1,-1,-1,veh7,0.0,False
9758,24.2038,CPM_DROP_PHY,699721701888,11,8.0,24.2038,drop_decision_no_action,-1,-1,-1,veh8,0.0,False
9758,24.2038,CAM_DROP_PHY,18817,11,8.0,24.2038,drop_decision_no_action,-1,-1,-1,veh8,0.0,False
9758,24.2038,CPM_DROP_PHY,699721701888,11,9.0,24.2038,drop_decision_no_action,-1,-1,-1,veh9,0.0,False
9758,24.2038,CAM_DROP_PHY,18817,11,9.0,24.2038,drop_decision_no_action,-1,-1,-1,veh9,0.0,False
9782,24.2258,CPM_DROP_PHY,699721701963,10,11.0,24.2258,drop_decision_no_action,-1,-1,-1,veh11,0.0,False
9782,24.2258,CPM_DROP_PHY,699721701963,10,12.0,24.2258,drop_decision_no_action,-1,-1,-1,veh12,0.0,False
9621,24.2258,CPM_DROP_PHY,699721701789,10,2.0,24.2258,drop_decision_no_action,-1,-1,-1,veh2,0.0,False
9782,24.2258,CPM_DROP_PHY,699721701963,10,2.0,24.2258,drop_decision_no_action,-1,-1,-1,veh2,0.0,False
9782,24.2258,CPM_DROP_PHY,699721701963,10,3.0,24.2258,drop_decision_no_action,-1,-1,-1,veh3,0.0,False
9782,24.2258,CPM_DROP_PHY,699721701963,10,4.0,24.2258,drop_decision_no_action,-1,-1,-1,veh4,0.0,False
9782,24.2258,CPM_DROP_PHY,699721701963,10,5.0,24.2258,drop_decision_no_action,-1,-1,-1,veh5,0.0,False
9782,24.2258,CPM_DROP_PHY,699721701963,10,6.0,24.2258,drop_decision_no_action,-1,-1,-1,veh6,0.0,False
9782,24.2258,CPM_DROP_PHY,699721701963,10,7.0,24.2258,drop_decision_no_action,-1,-1,-1,veh7,0.0,False
9782,24.2258,CPM_DROP_PHY,699721701963,10,8.0,24.2258,drop_decision_no_action,-1,-1,-1,veh8,0.0,False
9782,24.2258,CPM_DROP_PHY,699721701963,10,9.0,24.2258,drop_decision_no_action,-1,-1,-1,veh9,0.0,False
9809,24.2346,CAM_DROP_PHY,18906,3,10.0,24.2346,drop_decision_no_action,-1,-1,-1,veh10,0.0,False
9809,24.2346,CAM_DROP_PHY,18906,3,11.0,24.2346,drop_decision_no_action,-1,-1,-1,veh11,0.0,False
9809,24.2346,CAM_DROP_PHY,18906,3,12.0,24.2346,drop_decision_no_action,-1,-1,-1,veh12,0.0,False
9809,24.2346,CAM_DROP_PHY,18906,3,2.0,24.2346,drop_decision_no_action,-1,-1,-1,veh2,0.0,False
9809,24.2346,CAM_DROP_PHY,18906,3,4.0,24.2346,drop_decision_no_action,-1,-1,-1,veh4,0.0,False
9809,24.2346,CAM_DROP_PHY,18906,3,5.0,24.2346,drop_decision_no_action,-1,-1,-1,veh5,0.0,False
9809,24.2346,CAM_DROP_PHY,18906,3,6.0,24.2346,drop_decision_no_action,-1,-1,-1,veh6,0.0,False
9809,24.2346,CAM_DROP_PHY,18906,3,7.0,24.2346,drop_decision_no_action,-1,-1,-1,veh7,0.0,False
9809,24.2346,CAM_DROP_PHY,18906,3,9.0,24.2346,drop_decision_no_action,-1,-1,-1,veh9,0.0,False
9799,24.2386,CPM_DROP_PHY,699721701976,5,10.0,24.2386,drop_decision_no_action,-1,-1,-1,veh10,0.0,False
9799,24.2386,CPM_DROP_PHY,699721701976,5,11.0,24.2386,drop_decision_no_action,-1,-1,-1,veh11,0.0,False
9799,24.2386,CPM_DROP_PHY,699721701976,5,12.0,24.2386,drop_decision_no_action,-1,-1,-1,veh12,0.0,False
9799,24.2386,CPM_DROP_PHY,699721701976,5,2.0,24.2386,drop_decision_no_action,-1,-1,-1,veh2,0.0,False
9799,24.2386,CPM_DROP_PHY,699721701976,5,3.0,24.2386,drop_decision_no_action,-1,-1,-1,veh3,0.0,False
9799,24.2386,CPM_DROP_PHY,699721701976,5,4.0,24.2386,drop_decision_no_action,-1,-1,-1,veh4,0.0,False
9799,24.2386,CPM_DROP_PHY,699721701976,5,6.0,24.2386,drop_decision_no_action,-1,-1,-1,veh6,0.0,False
9799,24.2386,CPM_DROP_PHY,699721701976,5,7.0,24.2386,drop_decision_no_action,-1,-1,-1,veh7,0.0,False
9799,24.2386,CPM_DROP_PHY,699721701976,5,8.0,24.2386,drop_decision_no_action,-1,-1,-1,veh8,0.0,False
9799,24.2386,CPM_DROP_PHY,699721701976,5,9.0,24.2386,drop_decision_no_action,-1,-1,-1,veh9,0.0,False
9809,24.2441,CAM_DROP_PHY,18906,3,8.0,24.2441,drop_decision_no_action,-1,-1,-1,veh8,0.0,False
9815,24.2491,CPM_DROP_PHY,699721701995,7,10.0,24.2491,drop_decision_no_action,-1,-1,-1,veh10,0.0,False
9815,24.2491,CPM_DROP_PHY,699721701995,7,11.0,24.2491,drop_decision_no_action,-1,-1,-1,veh11,0.0,False
9815,24.2491,CPM_DROP_PHY,699721701995,7,12.0,24.2491,drop_decision_no_action,-1,-1,-1,veh12,0.0,False
9815,24.2491,CPM_DROP_PHY,699721701995,7,2.0,24.2491,drop_decision_no_action,-1,-1,-1,veh2,0.0,False
9815,24.2491,CPM_DROP_PHY,699721701995,7,3.0,24.2491,drop_decision_no_action,-1,-1,-1,veh3,0.0,False
9815,24.2491,CPM_DROP_PHY,699721701995,7,4.0,24.2491,drop_decision_no_action,-1,-1,-1,veh4,0.0,False
9815,24.2491,CPM_DROP_PHY,699721701995,7,5.0,24.2491,drop_decision_no_action,-1,-1,-1,veh5,0.0,False
9815,24.2491,CPM_DROP_PHY,699721701995,7,6.0,24.2491,drop_decision_no_action,-1,-1,-1,veh6,0.0,False
9815,24.2491,CPM_DROP_PHY,699721701995,7,8.0,24.2491,drop_decision_no_action,-1,-1,-1,veh8,0.0,False
9815,24.2491,CPM_DROP_PHY,699721701995,7,9.0,24.2491,drop_decision_no_action,-1,-1,-1,veh9,0.0,False
9814,24.2546,CPM_DROP_PHY,699721701991,3,10.0,24.2546,drop_decision_no_action,-1,-1,-1,veh10,0.0,False
9814,24.2546,CPM_DROP_PHY,699721701991,3,11.0,24.2546,drop_decision_no_action,-1,-1,-1,veh11,0.0,False
9814,24.2546,CPM_DROP_PHY,699721701991,3,12.0,24.2546,drop_decision_no_action,-1,-1,-1,veh12,0.0,False
9814,24.2546,CPM_DROP_PHY,699721701991,3,2.0,24.2546,drop_decision_no_action,-1,-1,-1,veh2,0.0,False
9814,24.2546,CPM_DROP_PHY,699721701991,3,4.0,24.2546,drop_decision_no_action,-1,-1,-1,veh4,0.0,False
9814,24.2546,CPM_DROP_PHY,699721701991,3,5.0,24.2546,drop_decision_no_action,-1,-1,-1,veh5,0.0,False
9814,24.2546,CPM_DROP_PHY,699721701991,3,6.0,24.2546,drop_decision_no_action,-1,-1,-1,veh6,0.0,False
9814,24.2546,CPM_DROP_PHY,699721701991,3,7.0,24.2546,drop_decision_no_action,-1,-1,-1,veh7,0.0,False
9814,24.2546,CPM_DROP_PHY,699721701991,3,9.0,24.2546,drop_decision_no_action,-1,-1,-1,veh9,0.0,False
9844,24.2596,CAM_DROP_PHY,18939,6,11.0,24.2596,drop_decision_no_action,-1,-1,-1,veh11,0.0,False
9844,24.2596,CAM_DROP_PHY,18939,6,2.0,24.2596,drop_decision_no_action,-1,-1,-1,veh2,0.0,False
9844,24.2596,CAM_DROP_PHY,18939,6,8.0,24.2596,drop_decision_no_action,-1,-1,-1,veh8,0.0,False
9844,24.2596,CAM_DROP_PHY,18939,6,9.0,24.2596,drop_decision_no_action,-1,-1,-1,veh9,0.0,False
9841,24.2613,CAM_DROP_PHY,18933,9,10.0,24.2613,drop_decision_no_action,-1,-1,-1,veh10,0.0,False
9841,24.2613,CAM_DROP_PHY,18933,9,11.0,24.2613,drop_decision_no_action,-1,-1,-1,veh11,0.0,False
9841,24.2613,CAM_DROP_PHY,18933,9,12.0,24.2613,drop_decision_no_action,-1,-1,-1,veh12,0.0,False
9841,24.2613,CAM_DROP_PHY,18933,9,2.0,24.2613,drop_decision_no_action,-1,-1,-1,veh2,0.0,False
9841,24.2613,CAM_DROP_PHY,18933,9,3.0,24.2613,drop_decision_no_action,-1,-1,-1,veh3,0.0,False
9841,24.2613,CAM_DROP_PHY,18933,9,4.0,24.2613,drop_decision_no_action,-1,-1,-1,veh4,0.0,False
9841,24.2613,CAM_DROP_PHY,18933,9,5.0,24.2613,drop_decision_no_action,-1,-1,-1,veh5,0.0,False
9841,24.2613,CAM_DROP_PHY,18933,9,6.0,24.2613,drop_decision_no_action,-1,-1,-1,veh6,0.0,False
9841,24.2613,CAM_DROP_PHY,18933,9,7.0,24.2613,drop_decision_no_action,-1,-1,-1,veh7,0.0,False
9841,24.2613,CAM_DROP_PHY,18933,9,8.0,24.2613,drop_decision_no_action,-1,-1,-1,veh8,0.0,False
9843,24.2623,CPM_DROP_PHY,699721702016,12,10.0,24.2623,drop_decision_no_action,-1,-1,-1,veh10,0.0,False
9843,24.2623,CPM_DROP_PHY,699721702016,12,11.0,24.2623,drop_decision_no_action,-1,-1,-1,veh11,0.0,False
9843,24.2623,CPM_DROP_PHY,699721702016,12,2.0,24.2623,drop_decision_no_action,-1,-1,-1,veh2,0.0,False
9843,24.2623,CPM_DROP_PHY,699721702016,12,3.0,24.2623,drop_decision_no_action,-1,-1,-1,veh3,0.0,False
9843,24.2623,CPM_DROP_PHY,699721702016,12,4.0,24.2623,drop_decision_no_action,-1,-1,-1,veh4,0.0,False
9843,24.2623,CPM_DROP_PHY,699721702016,12,5.0,24.2623,drop_decision_no_action,-1,-1,-1,veh5,0.0,False
9843,24.2623,CPM_DROP_PHY,699721702016,12,6.0,24.2623,drop_decision_no_action,-1,-1,-1,veh6,0.0,False
9843,24.2623,CPM_DROP_PHY,699721702016,12,7.0,24.2623,drop_decision_no_action,-1,-1,-1,veh7,0.0,False
9843,24.2623,CPM_DROP_PHY,699721702016,12,8.0,24.2623,drop_decision_no_action,-1,-1,-1,veh8,0.0,False
9843,24.2623,CPM_DROP_PHY,699721702016,12,9.0,24.2623,drop_decision_no_action,-1,-1,-1,veh9,0.0,False
9814,24.2641,CPM_DROP_PHY,699721701991,3,8.0,24.2641,drop_decision_no_action,-1,-1,-1,veh8,0.0,False
9815,24.2691,CAM_DROP_PHY,18923,7,10.0,24.2491,drop_decision_no_action,-1,-1,-1,veh10,-0.020000000000003126,False
9815,24.2691,CAM_DROP_PHY,18923,7,11.0,24.2491,drop_decision_no_action,-1,-1,-1,veh11,-0.020000000000003126,False
9815,24.2691,CAM_DROP_PHY,18923,7,12.0,24.2491,drop_decision_no_action,-1,-1,-1,veh12,-0.020000000000003126,False
9815,24.2691,CAM_DROP_PHY,18923,7,3.0,24.2491,drop_decision_no_action,-1,-1,-1,veh3,-0.020000000000003126,False
9815,24.2691,CAM_DROP_PHY,18923,7,4.0,24.2491,drop_decision_no_action,-1,-1,-1,veh4,-0.020000000000003126,False
9815,24.2691,CAM_DROP_PHY,18923,7,5.0,24.2491,drop_decision_no_action,-1,-1,-1,veh5,-0.020000000000003126,False
9815,24.2691,CAM_DROP_PHY,18923,7,6.0,24.2491,drop_decision_no_action,-1,-1,-1,veh6,-0.020000000000003126,False
9815,24.2691,CAM_DROP_PHY,18923,7,8.0,24.2491,drop_decision_no_action,-1,-1,-1,veh8,-0.020000000000003126,False
9815,24.2691,CAM_DROP_PHY,18923,7,9.0,24.2491,drop_decision_no_action,-1,-1,-1,veh9,-0.020000000000003126,False
9844,24.2711,CAM_DROP_PHY,18939,6,10.0,24.2711,drop_decision_no_action,-1,-1,-1,veh10,0.0,False
9844,24.2711,CAM_DROP_PHY,18939,6,12.0,24.2711,drop_decision_no_action,-1,-1,-1,veh12,0.0,False
9844,24.2711,CAM_DROP_PHY,18939,6,4.0,24.2711,drop_decision_no_action,-1,-1,-1,veh4,0.0,False
9844,24.2711,CAM_DROP_PHY,18939,6,5.0,24.2711,drop_decision_no_action,-1,-1,-1,veh5,0.0,False
9859,24.2796,CPM_DROP_PHY,699721702030,6,10.0,24.2796,drop_decision_no_action,-1,-1,-1,veh10,0.0,False
9859,24.2796,CPM_DROP_PHY,699721702030,6,11.0,24.2796,drop_decision_no_action,-1,-1,-1,veh11,0.0,False
9859,24.2796,CPM_DROP_PHY,699721702030,6,12.0,24.2796,drop_decision_no_action,-1,-1,-1,veh12,0.0,False
9859,24.2796,CPM_DROP_PHY,699721702030,6,2.0,24.2796,drop_decision_no_action,-1,-1,-1,veh2,0.0,False
9711,24.2796,CPM_DROP_PHY,699721701858,6,3.0,24.2796,drop_decision_no_action,-1,-1,-1,veh3,0.0,False
9859,24.2796,CPM_DROP_PHY,699721702030,6,4.0,24.2796,drop_decision_no_action,-1,-1,-1,veh4,0.0,False
9859,24.2796,CPM_DROP_PHY,699721702030,6,5.0,24.2796,drop_decision_no_action,-1,-1,-1,veh5,0.0,False
9859,24.2796,CPM_DROP_PHY,699721702030,6,8.0,24.2796,drop_decision_no_action,-1,-1,-1,veh8,0.0,False
9859,24.2796,CPM_DROP_PHY,699721702030,6,9.0,24.2796,drop_decision_no_action,-1,-1,-1,veh9,0.0,False
9815,24.2818,CAM_DROP_PHY,18923,7,2.0,24.2491,drop_decision_no_action,-1,-1,-1,veh2,-0.03270000000000195,False
9875,24.2821,CPM_DROP_PHY,699721702037,4,10.0,24.2821,drop_decision_no_action,-1,-1,-1,veh10,0.0,False
9875,24.2821,CPM_DROP_PHY,699721702037,4,11.0,24.2821,drop_decision_no_action,-1,-1,-1,veh11,0.0,False
9875,24.2821,CPM_DROP_PHY,699721702037,4,12.0,24.2821,drop_decision_no_action,-1,-1,-1,veh12,0.0,False
9875,24.2821,CPM_DROP_PHY,699721702037,4,2.0,24.2821,drop_decision_no_action,-1,-1,-1,veh2,0.0,False
9875,24.2821,CPM_DROP_PHY,699721702037,4,3.0,24.2821,drop_decision_no_action,-1,-1,-1,veh3,0.0,False
9875,24.2821,CPM_DROP_PHY,699721702037,4,5.0,24.2821,drop_decision_no_action,-1,-1,-1,veh5,0.0,False
9875,24.2821,CPM_DROP_PHY,699721702037,4,6.0,24.2821,drop_decision_no_action,-1,-1,-1,veh6,0.0,False
9875,24.2821,CPM_DROP_PHY,699721702037,4,7.0,24.2821,drop_decision_no_action,-1,-1,-1,veh7,0.0,False
9875,24.2821,CPM_DROP_PHY,699721702037,4,8.0,24.2821,drop_decision_no_action,-1,-1,-1,veh8,0.0,False
9875,24.2821,CPM_DROP_PHY,699721702037,4,9.0,24.2821,drop_decision_no_action,-1,-1,-1,veh9,0.0,False
9896,24.2858,CAM_DROP_PHY,18971,10,11.0,24.2858,drop_decision_no_action,-1,-1,-1,veh11,0.0,False
9896,24.2858,CAM_DROP_PHY,18971,10,12.0,24.2858,drop_decision_no_action,-1,-1,-1,veh12,0.0,False
9896,24.2858,CAM_DROP_PHY,18971,10,2.0,24.2858,drop_decision_no_action,-1,-1,-1,veh2,0.0,False
9896,24.2858,CAM_DROP_PHY,18971,10,3.0,24.2858,drop_decision_no_action,-1,-1,-1,veh3,0.0,False
9896,24.2858,CAM_DROP_PHY,18971,10,4.0,24.2858,drop_decision_no_action,-1,-1,-1,veh4,0.0,False
9896,24.2858,CAM_DROP_PHY,18971,10,5.0,24.2858,drop_decision_no_action,-1,-1,-1,veh5,0.0,False
9896,24.2858,CAM_DROP_PHY,18971,10,6.0,24.2858,drop_decision_no_action,-1,-1,-1,veh6,0.0,False
9896,24.2858,CAM_DROP_PHY,18971,10,7.0,24.2858,drop_decision_no_action,-1,-1,-1,veh7,0.0,False
9896,24.2858,CAM_DROP_PHY,18971,10,8.0,24.2858,drop_decision_no_action,-1,-1,-1,veh8,0.0,False
9896,24.2858,CAM_DROP_PHY,18971,10,9.0,24.2858,drop_decision_no_action,-1,-1,-1,veh9,0.0,False
9923,24.3038,CPM_DROP_PHY,699721702067,11,10.0,24.3038,drop_decision_no_action,-1,-1,-1,veh10,0.0,False
9923,24.3038,CAM_DROP_PHY,18994,11,10.0,24.3038,drop_decision_no_action,-1,-1,-1,veh10,0.0,False
9923,24.3038,CPM_DROP_PHY,699721702067,11,12.0,24.3038,drop_decision_no_action,-1,-1,-1,veh12,0.0,False
9923,24.3038,CAM_DROP_PHY,18994,11,12.0,24.3038,drop_decision_no_action,-1,-1,-1,veh12,0.0,False
9923,24.3038,CPM_DROP_PHY,699721702067,11,2.0,24.3038,drop_decision_no_action,-1,-1,-1,veh2,0.0,False
9923,24.3038,CAM_DROP_PHY,18994,11,2.0,24.3038,drop_decision_no_action,-1,-1,-1,veh2,0.0,False
9923,24.3038,CPM_DROP_PHY,699721702067,11,3.0,24.3038,drop_decision_no_action,-1,-1,-1,veh3,0.0,False
9923,24.3038,CAM_DROP_PHY,18994,11,3.0,24.3038,drop_decision_no_action,-1,-1,-1,veh3,0.0,False
9923,24.3038,CPM_DROP_PHY,699721702067,11,4.0,24.3038,drop_decision_no_action,-1,-1,-1,veh4,0.0,False
9923,24.3038,CAM_DROP_PHY,18994,11,4.0,24.3038,drop_decision_no_action,-1,-1,-1,veh4,0.0,False
9923,24.3038,CPM_DROP_PHY,699721702067,11,5.0,24.3038,drop_decision_no_action,-1,-1,-1,veh5,0.0,False
9923,24.3038,CAM_DROP_PHY,18994,11,5.0,24.3038,drop_decision_no_action,-1,-1,-1,veh5,0.0,False
9923,24.3038,CPM_DROP_PHY,699721702067,11,6.0,24.3038,drop_decision_no_action,-1,-1,-1,veh6,0.0,False
9923,24.3038,CAM_DROP_PHY,18994,11,6.0,24.3038,drop_decision_no_action,-1,-1,-1,veh6,0.0,False
9923,24.3038,CPM_DROP_PHY,699721702067,11,7.0,24.3038,drop_decision_no_action,-1,-1,-1,veh7,0.0,False
9923,24.3038,CAM_DROP_PHY,18994,11,7.0,24.3038,drop_decision_no_action,-1,-1,-1,veh7,0.0,False
9923,24.3038,CPM_DROP_PHY,699721702067,11,8.0,24.3038,drop_decision_no_action,-1,-1,-1,veh8,0.0,False
9923,24.3038,CAM_DROP_PHY,18994,11,8.0,24.3038,drop_decision_no_action,-1,-1,-1,veh8,0.0,False
9923,24.3038,CPM_DROP_PHY,699721702067,11,9.0,24.3038,drop_decision_no_action,-1,-1,-1,veh9,0.0,False
9923,24.3038,CAM_DROP_PHY,18994,11,9.0,24.3038,drop_decision_no_action,-1,-1,-1,veh9,0.0,False
9945,24.3176,CPM_DROP_PHY,699721702136,10,11.0,24.3176,drop_decision_no_action,-1,-1,-1,veh11,0.0,False
9945,24.3176,CPM_DROP_PHY,699721702136,10,12.0,24.3176,drop_decision_no_action,-1,-1,-1,veh12,0.0,False
9945,24.3176,CPM_DROP_PHY,699721702136,10,2.0,24.3176,drop_decision_no_action,-1,-1,-1,veh2,0.0,False
9945,24.3176,CPM_DROP_PHY,699721702136,10,3.0,24.3176,drop_decision_no_action,-1,-1,-1,veh3,0.0,False
9945,24.3176,CPM_DROP_PHY,699721702136,10,4.0,24.3176,drop_decision_no_action,-1,-1,-1,veh4,0.0,False
9945,24.3176,CPM_DROP_PHY,699721702136,10,5.0,24.3176,drop_decision_no_action,-1,-1,-1,veh5,0.0,False
9945,24.3176,CPM_DROP_PHY,699721702136,10,6.0,24.3176,drop_decision_no_action,-1,-1,-1,veh6,0.0,False
9945,24.3176,CPM_DROP_PHY,699721702136,10,7.0,24.3176,drop_decision_no_action,-1,-1,-1,veh7,0.0,False
9945,24.3176,CPM_DROP_PHY,699721702136,10,8.0,24.3176,drop_decision_no_action,-1,-1,-1,veh8,0.0,False
9945,24.3176,CPM_DROP_PHY,699721702136,10,9.0,24.3176,drop_decision_no_action,-1,-1,-1,veh9,0.0,False
9957,24.3221,CAM_DROP_PHY,19066,4,11.0,24.3221,drop_decision_no_action,-1,-1,-1,veh11,0.0,False
9957,24.3221,CAM_DROP_PHY,19066,4,12.0,24.3221,drop_decision_no_action,-1,-1,-1,veh12,0.0,False
9957,24.3221,CAM_DROP_PHY,19066,4,2.0,24.3221,drop_decision_no_action,-1,-1,-1,veh2,0.0,False
9957,24.3221,CAM_DROP_PHY,19066,4,3.0,24.3221,drop_decision_no_action,-1,-1,-1,veh3,0.0,False
9957,24.3221,CAM_DROP_PHY,19066,4,5.0,24.3221,drop_decision_no_action,-1,-1,-1,veh5,0.0,False
9957,24.3221,CAM_DROP_PHY,19066,4,6.0,24.3221,drop_decision_no_action,-1,-1,-1,veh6,0.0,False
9957,24.3221,CAM_DROP_PHY,19066,4,7.0,24.3221,drop_decision_no_action,-1,-1,-1,veh7,0.0,False
9957,24.3221,CAM_DROP_PHY,19066,4,8.0,24.3221,drop_decision_no_action,-1,-1,-1,veh8,0.0,False
9957,24.3221,CAM_DROP_PHY,19066,4,9.0,24.3221,drop_decision_no_action,-1,-1,-1,veh9,0.0,False
9978,24.3346,CAM_DROP_PHY,19086,3,10.0,24.3346,drop_decision_no_action,-1,-1,-1,veh10,0.0,False
9978,24.3346,CAM_DROP_PHY,19086,3,11.0,24.3346,drop_decision_no_action,-1,-1,-1,veh11,0.0,False
9978,24.3346,CAM_DROP_PHY,19086,3,12.0,24.3346,drop_decision_no_action,-1,-1,-1,veh12,0.0,False
9978,24.3346,CAM_DROP_PHY,19086,3,2.0,24.3346,drop_decision_no_action,-1,-1,-1,veh2,0.0,False
9978,24.3346,CAM_DROP_PHY,19086,3,4.0,24.3346,drop_decision_no_action,-1,-1,-1,veh4,0.0,False
9978,24.3346,CAM_DROP_PHY,19086,3,5.0,24.3346,drop_decision_no_action,-1,-1,-1,veh5,0.0,False
9978,24.3346,CAM_DROP_PHY,19086,3,6.0,24.3346,drop_decision_no_action,-1,-1,-1,veh6,0.0,False
9978,24.3346,CAM_DROP_PHY,19086,3,7.0,24.3346,drop_decision_no_action,-1,-1,-1,veh7,0.0,False
9978,24.3346,CAM_DROP_PHY,19086,3,8.0,24.3346,drop_decision_no_action,-1,-1,-1,veh8,0.0,False
9978,24.3346,CAM_DROP_PHY,19086,3,9.0,24.3346,drop_decision_no_action,-1,-1,-1,veh9,0.0,False
9966,24.3386,CPM_DROP_PHY,699721702153,5,10.0,24.3386,drop_decision_no_action,-1,-1,-1,veh10,0.0,False
9966,24.3386,CPM_DROP_PHY,699721702153,5,11.0,24.3386,drop_decision_no_action,-1,-1,-1,veh11,0.0,False
9966,24.3386,CPM_DROP_PHY,699721702153,5,12.0,24.3386,drop_decision_no_action,-1,-1,-1,veh12,0.0,False
9966,24.3386,CPM_DROP_PHY,699721702153,5,2.0,24.3386,drop_decision_no_action,-1,-1,-1,veh2,0.0,False
9966,24.3386,CPM_DROP_PHY,699721702153,5,3.0,24.3386,drop_decision_no_action,-1,-1,-1,veh3,0.0,False
9966,24.3386,CPM_DROP_PHY,699721702153,5,4.0,24.3386,drop_decision_no_action,-1,-1,-1,veh4,0.0,False
9966,24.3386,CPM_DROP_PHY,699721702153,5,6.0,24.3386,drop_decision_no_action,-1,-1,-1,veh6,0.0,False
9966,24.3386,CPM_DROP_PHY,699721702153,5,7.0,24.3386,drop_decision_no_action,-1,-1,-1,veh7,0.0,False
9966,24.3386,CPM_DROP_PHY,699721702153,5,8.0,24.3386,drop_decision_no_action,-1,-1,-1,veh8,0.0,False
9966,24.3386,CPM_DROP_PHY,699721702153,5,9.0,24.3386,drop_decision_no_action,-1,-1,-1,veh9,0.0,False
9975,24.3398,CAM_DROP_PHY,19083,8,10.0,24.3398,drop_decision_no_action,-1,-1,-1,veh10,0.0,False
9975,24.3398,CAM_DROP_PHY,19083,8,11.0,24.3398,drop_decision_no_action,-1,-1,-1,veh11,0.0,False
9975,24.3398,CAM_DROP_PHY,19083,8,12.0,24.3398,drop_decision_no_action,-1,-1,-1,veh12,0.0,False
9975,24.3398,CAM_DROP_PHY,19083,8,2.0,24.3398,drop_decision_no_action,-1,-1,-1,veh2,0.0,False
9975,24.3398,CAM_DROP_PHY,19083,8,3.0,24.3398,drop_decision_no_action,-1,-1,-1,veh3,0.0,False
9975,24.3398,CAM_DROP_PHY,19083,8,4.0,24.3398,drop_decision_no_action,-1,-1,-1,veh4,0.0,False
9975,24.3398,CAM_DROP_PHY,19083,8,5.0,24.3398,drop_decision_no_action,-1,-1,-1,veh5,0.0,False
9975,24.3398,CAM_DROP_PHY,19083,8,6.0,24.3398,drop_decision_no_action,-1,-1,-1,veh6,0.0,False
9975,24.3398,CAM_DROP_PHY,19083,8,7.0,24.3398,drop_decision_no_action,-1,-1,-1,veh7,0.0,False
9975,24.3398,CAM_DROP_PHY,19083,8,9.0,24.3398,drop_decision_no_action,-1,-1,-1,veh9,0.0,False
9983,24.3491,CPM_DROP_PHY,699721702175,7,10.0,24.3491,drop_decision_no_action,-1,-1,-1,veh10,0.0,False
9983,24.3491,CPM_DROP_PHY,699721702175,7,11.0,24.3491,drop_decision_no_action,-1,-1,-1,veh11,0.0,False
9983,24.3491,CPM_DROP_PHY,699721702175,7,12.0,24.3491,drop_decision_no_action,-1,-1,-1,veh12,0.0,False
9983,24.3491,CPM_DROP_PHY,699721702175,7,2.0,24.3491,drop_decision_no_action,-1,-1,-1,veh2,0.0,False
9983,24.3491,CPM_DROP_PHY,699721702175,7,3.0,24.3491,drop_decision_no_action,-1,-1,-1,veh3,0.0,False
9983,24.3491,CPM_DROP_PHY,699721702175,7,4.0,24.3491,drop_decision_no_action,-1,-1,-1,veh4,0.0,False
9983,24.3491,CPM_DROP_PHY,699721702175,7,5.0,24.3491,drop_decision_no_action,-1,-1,-1,veh5,0.0,False
9983,24.3491,CPM_DROP_PHY,699721702175,7,6.0,24.3491,drop_decision_no_action,-1,-1,-1,veh6,0.0,False
9983,24.3491,CPM_DROP_PHY,699721702175,7,8.0,24.3491,drop_decision_no_action,-1,-1,-1,veh8,0.0,False
9983,24.3491,CPM_DROP_PHY,699721702175,7,9.0,24.3491,drop_decision_no_action,-1,-1,-1,veh9,0.0,False
9982,24.3546,CPM_DROP_PHY,699721702172,3,10.0,24.3546,drop_decision_no_action,-1,-1,-1,veh10,0.0,False
9982,24.3546,CPM_DROP_PHY,699721702172,3,11.0,24.3546,drop_decision_no_action,-1,-1,-1,veh11,0.0,False
9982,24.3546,CPM_DROP_PHY,699721702172,3,12.0,24.3546,drop_decision_no_action,-1,-1,-1,veh12,0.0,False
9982,24.3546,CPM_DROP_PHY,699721702172,3,2.0,24.3546,drop_decision_no_action,-1,-1,-1,veh2,0.0,False
9982,24.3546,CPM_DROP_PHY,699721702172,3,4.0,24.3546,drop_decision_no_action,-1,-1,-1,veh4,0.0,False
9982,24.3546,CPM_DROP_PHY,699721702172,3,5.0,24.3546,drop_decision_no_action,-1,-1,-1,veh5,0.0,False
9982,24.3546,CPM_DROP_PHY,699721702172,3,6.0,24.3546,drop_decision_no_action,-1,-1,-1,veh6,0.0,False
9982,24.3546,CPM_DROP_PHY,699721702172,3,7.0,24.3546,drop_decision_no_action,-1,-1,-1,veh7,0.0,False
9982,24.3546,CPM_DROP_PHY,699721702172,3,8.0,24.3546,drop_decision_no_action,-1,-1,-1,veh8,0.0,False
9982,24.3546,CPM_DROP_PHY,699721702172,3,9.0,24.3546,drop_decision_no_action,-1,-1,-1,veh9,0.0,False
10014,24.3596,CAM_DROP_PHY,19117,6,2.0,24.3596,drop_decision_no_action,-1,-1,-1,veh2,0.0,False
10014,24.3596,CAM_DROP_PHY,19117,6,8.0,24.3596,drop_decision_no_action,-1,-1,-1,veh8,0.0,False
10013,24.3623,CPM_DROP_PHY,699721702194,12,10.0,24.3623,drop_decision_no_action,-1,-1,-1,veh10,0.0,False
10013,24.3623,CPM_DROP_PHY,699721702194,12,11.0,24.3623,drop_decision_no_action,-1,-1,-1,veh11,0.0,False
10013,24.3623,CPM_DROP_PHY,699721702194,12,2.0,24.3623,drop_decision_no_action,-1,-1,-1,veh2,0.0,False
10013,24.3623,CPM_DROP_PHY,699721702194,12,3.0,24.3623,drop_decision_no_action,-1,-1,-1,veh3,0.0,False
10013,24.3623,CPM_DROP_PHY,699721702194,12,4.0,24.3623,drop_decision_no_action,-1,-1,-1,veh4,0.0,False
10013,24.3623,CPM_DROP_PHY,699721702194,12,5.0,24.3623,drop_decision_no_action,-1,-1,-1,veh5,0.0,False
10013,24.3623,CPM_DROP_PHY,699721702194,12,6.0,24.3623,drop_decision_no_action,-1,-1,-1,veh6,0.0,False
10013,24.3623,CPM_DROP_PHY,699721702194,12,7.0,24.3623,drop_decision_no_action,-1,-1,-1,veh7,0.0,False
10013,24.3623,CPM_DROP_PHY,699721702194,12,8.0,24.3623,drop_decision_no_action,-1,-1,-1,veh8,0.0,False
10013,24.3623,CPM_DROP_PHY,699721702194,12,9.0,24.3623,drop_decision_no_action,-1,-1,-1,veh9,0.0,False
10014,24.3711,CAM_DROP_PHY,19117,6,10.0,24.3711,drop_decision_no_action,-1,-1,-1,veh10,0.0,False
10014,24.3711,CAM_DROP_PHY,19117,6,11.0,24.3711,drop_decision_no_action,-1,-1,-1,veh11,0.0,False
10014,24.3711,CAM_DROP_PHY,19117,6,12.0,24.3711,drop_decision_no_action,-1,-1,-1,veh12,0.0,False
10014,24.3711,CAM_DROP_PHY,19117,6,4.0,24.3711,drop_decision_no_action,-1,-1,-1,veh4,0.0,False
10014,24.3711,CAM_DROP_PHY,19117,6,5.0,24.3711,drop_decision_no_action,-1,-1,-1,veh5,0.0,False
10014,24.3711,CAM_DROP_PHY,19117,6,9.0,24.3711,drop_decision_no_action,-1,-1,-1,veh9,0.0,False
10032,24.3796,CPM_DROP_PHY,699721702210,6,10.0,24.3796,drop_decision_no_action,-1,-1,-1,veh10,0.0,False
10032,24.3796,CPM_DROP_PHY,699721702210,6,11.0,24.3796,drop_decision_no_action,-1,-1,-1,veh11,0.0,False
10032,24.3796,CPM_DROP_PHY,699721702210,6,12.0,24.3796,drop_decision_no_action,-1,-1,-1,veh12,0.0,False
10032,24.3796,CPM_DROP_PHY,699721702210,6,2.0,24.3796,drop_decision_no_action,-1,-1,-1,veh2,0.0,False
9859,24.3796,CPM_DROP_PHY,699721702030,6,3.0,24.3796,drop_decision_no_action,-1,-1,-1,veh3,0.0,False
10032,24.3796,CPM_DROP_PHY,699721702210,6,4.0,24.3796,drop_decision_no_action,-1,-1,-1,veh4,0.0,False
10032,24.3796,CPM_DROP_PHY,699721702210,6,5.0,24.3796,drop_decision_no_action,-1,-1,-1,veh5,0.0,False
10014,24.3796,CAM_DROP_PHY,19117,6,7.0,24.3796,drop_decision_no_action,-1,-1,-1,veh7,0.0,False
10032,24.3796,CPM_DROP_PHY,699721702210,6,7.0,24.3796,drop_decision_no_action,-1,-1,-1,veh7,0.0,False
9859,24.3796,CPM_DROP_PHY,699721702030,6,7.0,24.3796,drop_decision_no_action,-1,-1,-1,veh7,0.0,False
10032,24.3796,CPM_DROP_PHY,699721702210,6,8.0,24.3796,drop_decision_no_action,-1,-1,-1,veh8,0.0,False
10032,24.3796,CPM_DROP_PHY,699721702210,6,9.0,24.3796,drop_decision_no_action,-1,-1,-1,veh9,0.0,False
10039,24.3813,CPM_DROP_PHY,699721702213,9,10.0,24.3813,drop_decision_no_action,-1,-1,-1,veh10,0.0,False
10039,24.3813,CPM_DROP_PHY,699721702213,9,11.0,24.3813,drop_decision_no_action,-1,-1,-1,veh11,0.0,False
10039,24.3813,CPM_DROP_PHY,699721702213,9,12.0,24.3813,drop_decision_no_action,-1,-1,-1,veh12,0.0,False
10039,24.3813,CPM_DROP_PHY,699721702213,9,2.0,24.3813,drop_decision_no_action,-1,-1,-1,veh2,0.0,False
10039,24.3813,CPM_DROP_PHY,699721702213,9,3.0,24.3813,drop_decision_no_action,-1,-1,-1,veh3,0.0,False
10039,24.3813,CPM_DROP_PHY,699721702213,9,4.0,24.3813,drop_decision_no_action,-1,-1,-1,veh4,0.0,False
10039,24.3813,CPM_DROP_PHY,699721702213,9,5.0,24.3813,drop_decision_no_action,-1,-1,-1,veh5,0.0,False
10039,24.3813,CPM_DROP_PHY,699721702213,9,6.0,24.3813,drop_decision_no_action,-1,-1,-1,veh6,0.0,False
10039,24.3813,CPM_DROP_PHY,699721702213,9,7.0,24.3813,drop_decision_no_action,-1,-1,-1,veh7,0.0,False
10039,24.3813,CPM_DROP_PHY,699721702213,9,8.0,24.3813,drop_decision_no_action,-1,-1,-1,veh8,0.0,False
10048,24.3821,CPM_DROP_PHY,699721702220,4,11.0,24.3821,drop_decision_no_action,-1,-1,-1,veh11,0.0,False
10048,24.3821,CPM_DROP_PHY,699721702220,4,12.0,24.3821,drop_decision_no_action,-1,-1,-1,veh12,0.0,False
10048,24.3821,CPM_DROP_PHY,699721702220,4,2.0,24.3821,drop_decision_no_action,-1,-1,-1,veh2,0.0,False
10048,24.3821,CPM_DROP_PHY,699721702220,4,3.0,24.3821,drop_decision_no_action,-1,-1,-1,veh3,0.0,False
10048,24.3821,CPM_DROP_PHY,699721702220,4,5.0,24.3821,drop_decision_no_action,-1,-1,-1,veh5,0.0,False
10048,24.3821,CPM_DROP_PHY,699721702220,4,6.0,24.3821,drop_decision_no_action,-1,-1,-1,veh6,0.0,False
10048,24.3821,CPM_DROP_PHY,699721702220,4,7.0,24.3821,drop_decision_no_action,-1,-1,-1,veh7,0.0,False
10048,24.3821,CPM_DROP_PHY,699721702220,4,8.0,24.3821,drop_decision_no_action,-1,-1,-1,veh8,0.0,False
10048,24.3821,CPM_DROP_PHY,699721702220,4,9.0,24.3821,drop_decision_no_action,-1,-1,-1,veh9,0.0,False
10099,24.4023,CAM_DROP_PHY,19236,12,10.0,24.4023,drop_decision_no_action,-1,-1,-1,veh10,0.0,False
10099,24.4023,CAM_DROP_PHY,19236,12,11.0,24.4023,drop_decision_no_action,-1,-1,-1,veh11,0.0,False
10099,24.4023,CAM_DROP_PHY,19236,12,2.0,24.4023,drop_decision_no_action,-1,-1,-1,veh2,0.0,False
10099,24.4023,CAM_DROP_PHY,19236,12,3.0,24.4023,drop_decision_no_action,-1,-1,-1,veh3,0.0,False
10099,24.4023,CAM_DROP_PHY,19236,12,4.0,24.4023,drop_decision_no_action,-1,-1,-1,veh4,0.0,False
10099,24.4023,CAM_DROP_PHY,19236,12,5.0,24.4023,drop_decision_no_action,-1,-1,-1,veh5,0.0,False
10099,24.4023,CAM_DROP_PHY,19236,12,6.0,24.4023,drop_decision_no_action,-1,-1,-1,veh6,0.0,False
10099,24.4023,CAM_DROP_PHY,19236,12,7.0,24.4023,drop_decision_no_action,-1,-1,-1,veh7,0.0,False
10099,24.4023,CAM_DROP_PHY,19236,12,8.0,24.4023,drop_decision_no_action,-1,-1,-1,veh8,0.0,False
10099,24.4023,CAM_DROP_PHY,19236,12,9.0,24.4023,drop_decision_no_action,-1,-1,-1,veh9,0.0,False
10085,24.4038,CPM_DROP_PHY,699721702245,11,10.0,24.4038,drop_decision_no_action,-1,-1,-1,veh10,0.0,False
10085,24.4038,CAM_DROP_PHY,19174,11,10.0,24.4038,drop_decision_no_action,-1,-1,-1,veh10,0.0,False
10085,24.4038,CPM_DROP_PHY,699721702245,11,12.0,24.4038,drop_decision_no_action,-1,-1,-1,veh12,0.0,False
10085,24.4038,CAM_DROP_PHY,19174,11,12.0,24.4038,drop_decision_no_action,-1,-1,-1,veh12,0.0,False
10085,24.4038,CPM_DROP_PHY,699721702245,11,2.0,24.4038,drop_decision_no_action,-1,-1,-1,veh2,0.0,False
10085,24.4038,CAM_DROP_PHY,19174,11,2.0,24.4038,drop_decision_no_action,-1,-1,-1,veh2,0.0,False
10085,24.4038,CPM_DROP_PHY,699721702245,11,3.0,24.4038,drop_decision_no_action,-1,-1,-1,veh3,0.0,False
10085,24.4038,CAM_DROP_PHY,19174,11,3.0,24.4038,drop_decision_no_action,-1,-1,-1,veh3,0.0,False
10085,24.4038,CPM_DROP_PHY,699721702245,11,4.0,24.4038,drop_decision_no_action,-1,-1,-1,veh4,0.0,False
10085,24.4038,CAM_DROP_PHY,19174,11,4.0,24.4038,drop_decision_no_action,-1,-1,-1,veh4,0.0,False
10085,24.4038,CPM_DROP_PHY,699721702245,11,5.0,24.4038,drop_decision_no_action,-1,-1,-1,veh5,0.0,False
10085,24.4038,CAM_DROP_PHY,19174,11,5.0,24.4038,drop_decision_no_action,-1,-1,-1,veh5,0.0,False
10085,24.4038,CPM_DROP_PHY,699721702245,11,6.0,24.4038,drop_decision_no_action,-1,-1,-1,veh6,0.0,False
10085,24.4038,CAM_DROP_PHY,19174,11,6.0,24.4038,drop_decision_no_action,-1,-1,-1,veh6,0.0,False
10085,24.4038,CPM_DROP_PHY,699721702245,11,7.0,24.4038,drop_decision_no_action,-1,-1,-1,veh7,0.0,False
10085,24.4038,CAM_DROP_PHY,19174,11,7.0,24.4038,drop_decision_no_action,-1,-1,-1,veh7,0.0,False
10085,24.4038,CPM_DROP_PHY,699721702245,11,8.0,24.4038,drop_decision_no_action,-1,-1,-1,veh8,0.0,False
10085,24.4038,CAM_DROP_PHY,19174,11,8.0,24.4038,drop_decision_no_action,-1,-1,-1,veh8,0.0,False
10085,24.4038,CPM_DROP_PHY,699721702245,11,9.0,24.4038,drop_decision_no_action,-1,-1,-1,veh9,0.0,False
10085,24.4038,CAM_DROP_PHY,19174,11,9.0,24.4038,drop_decision_no_action,-1,-1,-1,veh9,0.0,False
10092,24.4053,CAM_DROP_PHY,19170,2,10.0,24.4053,drop_decision_no_action,-1,-1,-1,veh10,0.0,False
10092,24.4053,CAM_DROP_PHY,19170,2,11.0,24.4053,drop_decision_no_action,-1,-1,-1,veh11,0.0,False
10092,24.4053,CAM_DROP_PHY,19170,2,12.0,24.4053,drop_decision_no_action,-1,-1,-1,veh12,0.0,False
10092,24.4053,CAM_DROP_PHY,19170,2,3.0,24.4053,drop_decision_no_action,-1,-1,-1,veh3,0.0,False
10092,24.4053,CAM_DROP_PHY,19170,2,4.0,24.4053,drop_decision_no_action,-1,-1,-1,veh4,0.0,False
10092,24.4053,CAM_DROP_PHY,19170,2,5.0,24.4053,drop_decision_no_action,-1,-1,-1,veh5,0.0,False
10092,24.4053,CAM_DROP_PHY,19170,2,6.0,24.4053,drop_decision_no_action,-1,-1,-1,veh6,0.0,False
10092,24.4053,CAM_DROP_PHY,19170,2,7.0,24.4053,drop_decision_no_action,-1,-1,-1,veh7,0.0,False
10092,24.4053,CAM_DROP_PHY,19170,2,8.0,24.4053,drop_decision_no_action,-1,-1,-1,veh8,0.0,False
10092,24.4053,CAM_DROP_PHY,19170,2,9.0,24.4053,drop_decision_no_action,-1,-1,-1,veh9,0.0,False
10119,24.4176,CPM_DROP_PHY,699721702328,10,11.0,24.4176,drop_decision_no_action,-1,-1,-1,veh11,0.0,False
10119,24.4176,CPM_DROP_PHY,699721702328,10,12.0,24.4176,drop_decision_no_action,-1,-1,-1,veh12,0.0,False
10119,24.4176,CPM_DROP_PHY,699721702328,10,2.0,24.4176,drop_decision_no_action,-1,-1,-1,veh2,0.0,False
10119,24.4176,CPM_DROP_PHY,699721702328,10,3.0,24.4176,drop_decision_no_action,-1,-1,-1,veh3,0.0,False
10119,24.4176,CPM_DROP_PHY,699721702328,10,4.0,24.4176,drop_decision_no_action,-1,-1,-1,veh4,0.0,False
10119,24.4176,CPM_DROP_PHY,699721702328,10,5.0,24.4176,drop_decision_no_action,-1,-1,-1,veh5,0.0,False
10119,24.4176,CPM_DROP_PHY,699721702328,10,6.0,24.4176,drop_decision_no_action,-1,-1,-1,veh6,0.0,False
10119,24.4176,CPM_DROP_PHY,699721702328,10,7.0,24.4176,drop_decision_no_action,-1,-1,-1,veh7,0.0,False
10119,24.4176,CPM_DROP_PHY,699721702328,10,8.0,24.4176,drop_decision_no_action,-1,-1,-1,veh8,0.0,False
10119,24.4176,CPM_DROP_PHY,699721702328,10,9.0,24.4176,drop_decision_no_action,-1,-1,-1,veh9,0.0,False
10115,24.4186,CAM_DROP_PHY,19244,5,3.0,24.4186,drop_decision_no_action,-1,-1,-1,veh3,0.0,False
10115,24.4186,CAM_DROP_PHY,19244,5,4.0,24.4186,drop_decision_no_action,-1,-1,-1,veh4,0.0,False
10115,24.4186,CAM_DROP_PHY,19244,5,6.0,24.4186,drop_decision_no_action,-1,-1,-1,veh6,0.0,False
10115,24.4186,CAM_DROP_PHY,19244,5,7.0,24.4186,drop_decision_no_action,-1,-1,-1,veh7,0.0,False
10115,24.4186,CAM_DROP_PHY,19244,5,9.0,24.4186,drop_decision_no_action,-1,-1,-1,veh9,0.0,False
10115,24.4288,CAM_DROP_PHY,19244,5,10.0,24.4288,drop_decision_no_action,-1,-1,-1,veh10,0.0,False
10115,24.4288,CAM_DROP_PHY,19244,5,12.0,24.4288,drop_decision_no_action,-1,-1,-1,veh12,0.0,False
10115,24.4288,CAM_DROP_PHY,19244,5,2.0,24.4288,drop_decision_no_action,-1,-1,-1,veh2,0.0,False
10115,24.4288,CAM_DROP_PHY,19244,5,8.0,24.4288,drop_decision_no_action,-1,-1,-1,veh8,0.0,False
10154,24.4346,CAM_DROP_PHY,19273,3,10.0,24.4346,drop_decision_no_action,-1,-1,-1,veh10,0.0,False
10154,24.4346,CAM_DROP_PHY,19273,3,11.0,24.4346,drop_decision_no_action,-1,-1,-1,veh11,0.0,False
10154,24.4346,CAM_DROP_PHY,19273,3,12.0,24.4346,drop_decision_no_action,-1,-1,-1,veh12,0.0,False
10154,24.4346,CAM_DROP_PHY,19273,3,2.0,24.4346,drop_decision_no_action,-1,-1,-1,veh2,0.0,False
10154,24.4346,CAM_DROP_PHY,19273,3,4.0,24.4346,drop_decision_no_action,-1,-1,-1,veh4,0.0,False
10154,24.4346,CAM_DROP_PHY,19273,3,5.0,24.4346,drop_decision_no_action,-1,-1,-1,veh5,0.0,False
10154,24.4346,CAM_DROP_PHY,19273,3,6.0,24.4346,drop_decision_no_action,-1,-1,-1,veh6,0.0,False
10154,24.4346,CAM_DROP_PHY,19273,3,7.0,24.4346,drop_decision_no_action,-1,-1,-1,veh7,0.0,False
10154,24.4346,CAM_DROP_PHY,19273,3,8.0,24.4346,drop_decision_no_action,-1,-1,-1,veh8,0.0,False
10154,24.4346,CAM_DROP_PHY,19273,3,9.0,24.4346,drop_decision_no_action,-1,-1,-1,veh9,0.0,False
10142,24.4386,CPM_DROP_PHY,699721702343,5,10.0,24.4386,drop_decision_no_action,-1,-1,-1,veh10,0.0,False
10142,24.4386,CPM_DROP_PHY,699721702343,5,12.0,24.4386,drop_decision_no_action,-1,-1,-1,veh12,0.0,False
10142,24.4386,CPM_DROP_PHY,699721702343,5,2.0,24.4386,drop_decision_no_action,-1,-1,-1,veh2,0.0,False
10142,24.4386,CPM_DROP_PHY,699721702343,5,3.0,24.4386,drop_decision_no_action,-1,-1,-1,veh3,0.0,False
10142,24.4386,CPM_DROP_PHY,699721702343,5,4.0,24.4386,drop_decision_no_action,-1,-1,-1,veh4,0.0,False
10142,24.4386,CPM_DROP_PHY,699721702343,5,6.0,24.4386,drop_decision_no_action,-1,-1,-1,veh6,0.0,False
10142,24.4386,CPM_DROP_PHY,699721702343,5,7.0,24.4386,drop_decision_no_action,-1,-1,-1,veh7,0.0,False
10142,24.4386,CPM_DROP_PHY,699721702343,5,8.0,24.4386,drop_decision_no_action,-1,-1,-1,veh8,0.0,False
10142,24.4386,CPM_DROP_PHY,699721702343,5,9.0,24.4386,drop_decision_no_action,-1,-1,-1,veh9,0.0,False
10159,24.4446,CPM_DROP_PHY,699721702361,7,10.0,24.4446,drop_decision_no_action,-1,-1,-1,veh10,0.0,False
10159,24.4446,CPM_DROP_PHY,699721702361,7,11.0,24.4446,drop_decision_no_action,-1,-1,-1,veh11,0.0,False
10159,24.4446,CPM_DROP_PHY,699721702361,7,12.0,24.4446,drop_decision_no_action,-1,-1,-1,veh12,0.0,False
10159,24.4446,CPM_DROP_PHY,699721702361,7,2.0,24.4446,drop_decision_no_action,-1,-1,-1,veh2,0.0,False
10159,24.4446,CPM_DROP_PHY,699721702361,7,3.0,24.4446,drop_decision_no_action,-1,-1,-1,veh3,0.0,False
10159,24.4446,CPM_DROP_PHY,699721702361,7,4.0,24.4446,drop_decision_no_action,-1,-1,-1,veh4,0.0,False
10159,24.4446,CPM_DROP_PHY,699721702361,7,5.0,24.4446,drop_decision_no_action,-1,-1,-1,veh5,0.0,False
10159,24.4446,CPM_DROP_PHY,699721702361,7,6.0,24.4446,drop_decision_no_action,-1,-1,-1,veh6,0.0,False
10159,24.4446,CPM_DROP_PHY,699721702361,7,8.0,24.4446,drop_decision_no_action,-1,-1,-1,veh8,0.0,False
10159,24.4446,CPM_DROP_PHY,699721702361,7,9.0,24.4446,drop_decision_no_action,-1,-1,-1,veh9,0.0,False
10158,24.4546,CPM_DROP_PHY,699721702357,3,10.0,24.4546,drop_decision_no_action,-1,-1,-1,veh10,0.0,False
10158,24.4546,CPM_DROP_PHY,699721702357,3,12.0,24.4546,drop_decision_no_action,-1,-1,-1,veh12,0.0,False
10158,24.4546,CPM_DROP_PHY,699721702357,3,2.0,24.4546,drop_decision_no_action,-1,-1,-1,veh2,0.0,False
10158,24.4546,CPM_DROP_PHY,699721702357,3,4.0,24.4546,drop_decision_no_action,-1,-1,-1,veh4,0.0,False
10158,24.4546,CPM_DROP_PHY,699721702357,3,5.0,24.4546,drop_decision_no_action,-1,-1,-1,veh5,0.0,False
10158,24.4546,CPM_DROP_PHY,699721702357,3,6.0,24.4546,drop_decision_no_action,-1,-1,-1,veh6,0.0,False
10158,24.4546,CPM_DROP_PHY,699721702357,3,7.0,24.4546,drop_decision_no_action,-1,-1,-1,veh7,0.0,False
10158,24.4546,CPM_DROP_PHY,699721702357,3,8.0,24.4546,drop_decision_no_action,-1,-1,-1,veh8,0.0,False
10158,24.4546,CPM_DROP_PHY,699721702357,3,9.0,24.4546,drop_decision_no_action,-1,-1,-1,veh9,0.0,False
10188,24.4596,CAM_DROP_PHY,19304,6,2.0,24.4596,drop_decision_no_action,-1,-1,-1,veh2,0.0,False
10185,24.4613,CAM_DROP_PHY,19297,9,10.0,24.4613,drop_decision_no_action,-1,-1,-1,veh10,0.0,False
10185,24.4613,CAM_DROP_PHY,19297,9,11.0,24.4613,drop_decision_no_action,-1,-1,-1,veh11,0.0,False
10185,24.4613,CAM_DROP_PHY,19297,9,12.0,24.4613,drop_decision_no_action,-1,-1,-1,veh12,0.0,False
10185,24.4613,CAM_DROP_PHY,19297,9,2.0,24.4613,drop_decision_no_action,-1,-1,-1,veh2,0.0,False
10185,24.4613,CAM_DROP_PHY,19297,9,3.0,24.4613,drop_decision_no_action,-1,-1,-1,veh3,0.0,False
10185,24.4613,CAM_DROP_PHY,19297,9,4.0,24.4613,drop_decision_no_action,-1,-1,-1,veh4,0.0,False
10185,24.4613,CAM_DROP_PHY,19297,9,5.0,24.4613,drop_decision_no_action,-1,-1,-1,veh5,0.0,False
10185,24.4613,CAM_DROP_PHY,19297,9,6.0,24.4613,drop_decision_no_action,-1,-1,-1,veh6,0.0,False
10185,24.4613,CAM_DROP_PHY,19297,9,7.0,24.4613,drop_decision_no_action,-1,-1,-1,veh7,0.0,False
10185,24.4613,CAM_DROP_PHY,19297,9,8.0,24.4613,drop_decision_no_action,-1,-1,-1,veh8,0.0,False
10187,24.4623,CPM_DROP_PHY,699721702381,12,10.0,24.4623,drop_decision_no_action,-1,-1,-1,veh10,0.0,False
10187,24.4623,CPM_DROP_PHY,699721702381,12,11.0,24.4623,drop_decision_no_action,-1,-1,-1,veh11,0.0,False
10187,24.4623,CPM_DROP_PHY,699721702381,12,2.0,24.4623,drop_decision_no_action,-1,-1,-1,veh2,0.0,False
10187,24.4623,CPM_DROP_PHY,699721702381,12,3.0,24.4623,drop_decision_no_action,-1,-1,-1,veh3,0.0,False
10187,24.4623,CPM_DROP_PHY,699721702381,12,4.0,24.4623,drop_decision_no_action,-1,-1,-1,veh4,0.0,False
10187,24.4623,CPM_DROP_PHY,699721702381,12,5.0,24.4623,drop_decision_no_action,-1,-1,-1,veh5,0.0,False
10187,24.4623,CPM_DROP_PHY,699721702381,12,6.0,24.4623,drop_decision_no_action,-1,-1,-1,veh6,0.0,False
10187,24.4623,CPM_DROP_PHY,699721702381,12,7.0,24.4623,drop_decision_no_action,-1,-1,-1,veh7,0.0,False
10187,24.4623,CPM_DROP_PHY,699721702381,12,8.0,24.4623,drop_decision_no_action,-1,-1,-1,veh8,0.0,False
10187,24.4623,CPM_DROP_PHY,699721702381,12,9.0,24.4623,drop_decision_no_action,-1,-1,-1,veh9,0.0,False
10158,24.4641,CPM_DROP_PHY,699721702357,3,11.0,24.4641,drop_decision_no_action,-1,-1,-1,veh11,0.0,False
10188,24.4711,CAM_DROP_PHY,19304,6,10.0,24.4711,drop_decision_no_action,-1,-1,-1,veh10,0.0,False
10188,24.4711,CAM_DROP_PHY,19304,6,11.0,24.4711,drop_decision_no_action,-1,-1,-1,veh11,0.0,False
10188,24.4711,CAM_DROP_PHY,19304,6,12.0,24.4711,drop_decision_no_action,-1,-1,-1,veh12,0.0,False
10188,24.4711,CAM_DROP_PHY,19304,6,4.0,24.4711,drop_decision_no_action,-1,-1,-1,veh4,0.0,False
10188,24.4711,CAM_DROP_PHY,19304,6,5.0,24.4711,drop_decision_no_action,-1,-1,-1,veh5,0.0,False
10188,24.4711,CAM_DROP_PHY,19304,6,7.0,24.4711,drop_decision_no_action,-1,-1,-1,veh7,0.0,False
10188,24.4711,CAM_DROP_PHY,19304,6,8.0,24.4711,drop_decision_no_action,-1,-1,-1,veh8,0.0,False
10188,24.4711,CAM_DROP_PHY,19304,6,9.0,24.4711,drop_decision_no_action,-1,-1,-1,veh9,0.0,False
10206,24.4796,CPM_DROP_PHY,699721702397,6,10.0,24.4796,drop_decision_no_action,-1,-1,-1,veh10,0.0,False
10206,24.4796,CPM_DROP_PHY,699721702397,6,11.0,24.4796,drop_decision_no_action,-1,-1,-1,veh11,0.0,False
10206,24.4796,CPM_DROP_PHY,699721702397,6,12.0,24.4796,drop_decision_no_action,-1,-1,-1,veh12,0.0,False
10206,24.4796,CPM_DROP_PHY,699721702397,6,2.0,24.4796,drop_decision_no_action,-1,-1,-1,veh2,0.0,False
10032,24.4796,CPM_DROP_PHY,699721702210,6,3.0,24.4796,drop_decision_no_action,-1,-1,-1,veh3,0.0,False
10206,24.4796,CPM_DROP_PHY,699721702397,6,4.0,24.4796,drop_decision_no_action,-1,-1,-1,veh4,0.0,False
10206,24.4796,CPM_DROP_PHY,699721702397,6,5.0,24.4796,drop_decision_no_action,-1,-1,-1,veh5,0.0,False
10206,24.4796,CPM_DROP_PHY,699721702397,6,7.0,24.4796,drop_decision_no_action,-1,-1,-1,veh7,0.0,False
10206,24.4796,CPM_DROP_PHY,699721702397,6,8.0,24.4796,drop_decision_no_action,-1,-1,-1,veh8,0.0,False
10206,24.4796,CPM_DROP_PHY,699721702397,6,9.0,24.4796,drop_decision_no_action,-1,-1,-1,veh9,0.0,False
10048,24.4821,CPM_DROP_PHY,699721702220,4,10.0,24.4821,drop_decision_no_action,-1,-1,-1,veh10,0.0,False
10219,24.4826,CPM_DROP_PHY,699721702405,4,10.0,24.4826,drop_decision_no_action,-1,-1,-1,veh10,0.0,False
10219,24.4826,CPM_DROP_PHY,699721702405,4,11.0,24.4826,drop_decision_no_action,-1,-1,-1,veh11,0.0,False
10219,24.4826,CPM_DROP_PHY,699721702405,4,12.0,24.4826,drop_decision_no_action,-1,-1,-1,veh12,0.0,False
10219,24.4826,CPM_DROP_PHY,699721702405,4,2.0,24.4826,drop_decision_no_action,-1,-1,-1,veh2,0.0,False
10219,24.4826,CPM_DROP_PHY,699721702405,4,3.0,24.4826,drop_decision_no_action,-1,-1,-1,veh3,0.0,False
10219,24.4826,CPM_DROP_PHY,699721702405,4,5.0,24.4826,drop_decision_no_action,-1,-1,-1,veh5,0.0,False
10219,24.4826,CPM_DROP_PHY,699721702405,4,6.0,24.4826,drop_decision_no_action,-1,-1,-1,veh6,0.0,False
10219,24.4826,CPM_DROP_PHY,699721702405,4,7.0,24.4826,drop_decision_no_action,-1,-1,-1,veh7,0.0,False
10219,24.4826,CPM_DROP_PHY,699721702405,4,8.0,24.4826,drop_decision_no_action,-1,-1,-1,veh8,0.0,False
10219,24.4826,CPM_DROP_PHY,699721702405,4,9.0,24.4826,drop_decision_no_action,-1,-1,-1,veh9,0.0,False
10257,24.5038,CPM_DROP_PHY,699721702430,11,10.0,24.5038,drop_decision_no_action,-1,-1,-1,veh10,0.0,False
10257,24.5038,CAM_DROP_PHY,19357,11,10.0,24.5038,drop_decision_no_action,-1,-1,-1,veh10,0.0,False
10257,24.5038,CPM_DROP_PHY,699721702430,11,12.0,24.5038,drop_decision_no_action,-1,-1,-1,veh12,0.0,False
10257,24.5038,CAM_DROP_PHY,19357,11,12.0,24.5038,drop_decision_no_action,-1,-1,-1,veh12,0.0,False
10257,24.5038,CPM_DROP_PHY,699721702430,11,2.0,24.5038,drop_decision_no_action,-1,-1,-1,veh2,0.0,False
10257,24.5038,CAM_DROP_PHY,19357,11,2.0,24.5038,drop_decision_no_action,-1,-1,-1,veh2,0.0,False
10257,24.5038,CPM_DROP_PHY,699721702430,11,3.0,24.5038,drop_decision_no_action,-1,-1,-1,veh3,0.0,False
10257,24.5038,CAM_DROP_PHY,19357,11,3.0,24.5038,drop_decision_no_action,-1,-1,-1,veh3,0.0,False
10257,24.5038,CPM_DROP_PHY,699721702430,11,4.0,24.5038,drop_decision_no_action,-1,-1,-1,veh4,0.0,False
10257,24.5038,CAM_DROP_PHY,19357,11,4.0,24.5038,drop_decision_no_action,-1,-1,-1,veh4,0.0,False
10257,24.5038,CPM_DROP_PHY,699721702430,11,5.0,24.5038,drop_decision_no_action,-1,-1,-1,veh5,0.0,False
10257,24.5038,CAM_DROP_PHY,19357,11,5.0,24.5038,drop_decision_no_action,-1,-1,-1,veh5,0.0,False
10257,24.5038,CPM_DROP_PHY,699721702430,11,6.0,24.5038,drop_decision_no_action,-1,-1,-1,veh6,0.0,False
10257,24.5038,CAM_DROP_PHY,19357,11,6.0,24.5038,drop_decision_no_action,-1,-1,-1,veh6,0.0,False
10257,24.5038,CPM_DROP_PHY,699721702430,11,7.0,24.5038,drop_decision_no_action,-1,-1,-1,veh7,0.0,False
10257,24.5038,CAM_DROP_PHY,19357,11,7.0,24.5038,drop_decision_no_action,-1,-1,-1,veh7,0.0,False
10257,24.5038,CPM_DROP_PHY,699721702430,11,8.0,24.5038,drop_decision_no_action,-1,-1,-1,veh8,0.0,False
10257,24.5038,CAM_DROP_PHY,19357,11,8.0,24.5038,drop_decision_no_action,-1,-1,-1,veh8,0.0,False
10257,24.5038,CPM_DROP_PHY,699721702430,11,9.0,24.5038,drop_decision_no_action,-1,-1,-1,veh9,0.0,False
10257,24.5038,CAM_DROP_PHY,19357,11,9.0,24.5038,drop_decision_no_action,-1,-1,-1,veh9,0.0,False
10274,24.5176,CPM_DROP_PHY,699721702501,10,11.0,24.5176,drop_decision_no_action,-1,-1,-1,veh11,0.0,False
10274,24.5176,CPM_DROP_PHY,699721702501,10,12.0,24.5176,drop_decision_no_action,-1,-1,-1,veh12,0.0,False
10274,24.5176,CPM_DROP_PHY,699721702501,10,3.0,24.5176,drop_decision_no_action,-1,-1,-1,veh3,0.0,False
10274,24.5176,CPM_DROP_PHY,699721702501,10,4.0,24.5176,drop_decision_no_action,-1,-1,-1,veh4,0.0,False
10274,24.5176,CPM_DROP_PHY,699721702501,10,5.0,24.5176,drop_decision_no_action,-1,-1,-1,veh5,0.0,False
10274,24.5176,CPM_DROP_PHY,699721702501,10,6.0,24.5176,drop_decision_no_action,-1,-1,-1,veh6,0.0,False
10274,24.5176,CPM_DROP_PHY,699721702501,10,7.0,24.5176,drop_decision_no_action,-1,-1,-1,veh7,0.0,False
10274,24.5176,CPM_DROP_PHY,699721702501,10,8.0,24.5176,drop_decision_no_action,-1,-1,-1,veh8,0.0,False
10274,24.5176,CPM_DROP_PHY,699721702501,10,9.0,24.5176,drop_decision_no_action,-1,-1,-1,veh9,0.0,False
10274,24.5266,CPM_DROP_PHY,699721702501,10,2.0,24.5266,drop_decision_no_action,-1,-1,-1,veh2,0.0,False
10291,24.5386,CPM_DROP_PHY,699721702515,5,10.0,24.5386,drop_decision_no_action,-1,-1,-1,veh10,0.0,False
10142,24.5386,CPM_DROP_PHY,699721702343,5,11.0,24.5386,drop_decision_no_action,-1,-1,-1,veh11,0.0,False
10291,24.5386,CPM_DROP_PHY,699721702515,5,11.0,24.5386,drop_decision_no_action,-1,-1,-1,veh11,0.0,False
10291,24.5386,CPM_DROP_PHY,699721702515,5,12.0,24.5386,cpm_drop_reaction,0,0,8,veh12,0.0,False
10291,24.5386,CPM_DROP_PHY,699721702515,5,2.0,24.5386,drop_decision_no_action,-1,-1,-1,veh2,0.0,False
10291,24.5386,CPM_DROP_PHY,699721702515,5,3.0,24.5386,cpm_drop_reaction,0,0,15,veh3,0.0,False
10291,24.5386,CPM_DROP_PHY,699721702515,5,4.0,24.5386,cpm_drop_reaction,0,0,15,veh4,0.0,False
10291,24.5386,CPM_DROP_PHY,699721702515,5,6.0,24.5386,cpm_drop_reaction,0,0,15,veh6,0.0,False
10291,24.5386,CPM_DROP_PHY,699721702515,5,7.0,24.5386,cpm_drop_reaction,0,0,15,veh7,0.0,False
10291,24.5386,CPM_DROP_PHY,699721702515,5,8.0,24.5386,cpm_drop_reaction,0,0,15,veh8,0.0,False
10291,24.5386,CPM_DROP_PHY,699721702515,5,9.0,24.5386,cpm_drop_reaction,1,0,45,veh9,0.0,True
10298,24.5398,CAM_DROP_PHY,19443,8,10.0,24.5398,drop_decision_no_action,-1,-1,-1,veh10,0.0,False
10298,24.5398,CAM_DROP_PHY,19443,8,11.0,24.5398,drop_decision_no_action,-1,-1,-1,veh11,0.0,False
10298,24.5398,CAM_DROP_PHY,19443,8,12.0,24.5398,drop_decision_no_action,-1,-1,-1,veh12,0.0,False
10298,24.5398,CAM_DROP_PHY,19443,8,2.0,24.5398,drop_decision_no_action,-1,-1,-1,veh2,0.0,False
10298,24.5398,CAM_DROP_PHY,19443,8,3.0,24.5398,drop_decision_no_action,-1,-1,-1,veh3,0.0,False
10298,24.5398,CAM_DROP_PHY,19443,8,4.0,24.5398,drop_decision_no_action,-1,-1,-1,veh4,0.0,False
10298,24.5398,CAM_DROP_PHY,19443,8,5.0,24.5398,drop_decision_no_action,-1,-1,-1,veh5,0.0,False
10298,24.5398,CAM_DROP_PHY,19443,8,6.0,24.5398,drop_decision_no_action,-1,-1,-1,veh6,0.0,False
10298,24.5398,CAM_DROP_PHY,19443,8,7.0,24.5398,drop_decision_no_action,-1,-1,-1,veh7,0.0,False
10298,24.5398,CAM_DROP_PHY,19443,8,9.0,24.5398,drop_decision_no_action,-1,-1,-1,veh9,0.0,False
10301,24.5446,CPM_DROP_PHY,699721702532,7,10.0,24.5446,drop_decision_no_action,-1,-1,-1,veh10,0.0,False
10301,24.5446,CPM_DROP_PHY,699721702532,7,11.0,24.5446,drop_decision_no_action,-1,-1,-1,veh11,0.0,False
10301,24.5446,CPM_DROP_PHY,699721702532,7,12.0,24.5446,drop_decision_no_action,-1,-1,-1,veh12,0.0,False
10301,24.5446,CPM_DROP_PHY,699721702532,7,2.0,24.5446,drop_decision_no_action,-1,-1,-1,veh2,0.0,False
10301,24.5446,CPM_DROP_PHY,699721702532,7,3.0,24.5446,drop_decision_no_action,-1,-1,-1,veh3,0.0,False
10301,24.5446,CPM_DROP_PHY,699721702532,7,4.0,24.5446,drop_decision_no_action,-1,-1,-1,veh4,0.0,False
10301,24.5446,CPM_DROP_PHY,699721702532,7,5.0,24.5446,drop_decision_no_action,-1,-1,-1,veh5,0.0,False
10301,24.5446,CPM_DROP_PHY,699721702532,7,6.0,24.5446,drop_decision_no_action,-1,-1,-1,veh6,0.0,False
10301,24.5446,CPM_DROP_PHY,699721702532,7,8.0,24.5446,drop_decision_no_action,-1,-1,-1,veh8,0.0,False
10301,24.5446,CPM_DROP_PHY,699721702532,7,9.0,24.5446,drop_decision_no_action,-1,-1,-1,veh9,0.0,False
10300,24.5546,CPM_DROP_PHY,699721702529,3,10.0,24.5546,drop_decision_no_action,-1,-1,-1,veh10,0.0,False
10300,24.5546,CPM_DROP_PHY,699721702529,3,11.0,24.5546,cpm_drop_reaction,0,0,8,veh11,0.0,False
10300,24.5546,CPM_DROP_PHY,699721702529,3,12.0,24.5546,drop_decision_no_action,-1,-1,-1,veh12,0.0,False
10300,24.5546,CPM_DROP_PHY,699721702529,3,2.0,24.5546,drop_decision_no_action,-1,-1,-1,veh2,0.0,False
10300,24.5546,CPM_DROP_PHY,699721702529,3,4.0,24.5546,drop_decision_no_action,-1,-1,-1,veh4,0.0,False
10300,24.5546,CPM_DROP_PHY,699721702529,3,5.0,24.5546,cpm_drop_reaction,0,0,15,veh5,0.0,False
10300,24.5546,CPM_DROP_PHY,699721702529,3,6.0,24.5546,drop_decision_no_action,-1,-1,-1,veh6,0.0,False
10300,24.5546,CPM_DROP_PHY,699721702529,3,7.0,24.5546,drop_decision_no_action,-1,-1,-1,veh7,0.0,False
10300,24.5546,CPM_DROP_PHY,699721702529,3,8.0,24.5546,drop_decision_no_action,-1,-1,-1,veh8,0.0,False
10300,24.5546,CPM_DROP_PHY,699721702529,3,9.0,24.5546,drop_decision_no_action,-1,-1,-1,veh9,0.0,False
10327,24.5613,CPM_DROP_PHY,699721702557,12,10.0,24.5613,drop_decision_no_action,-1,-1,-1,veh10,0.0,False
10327,24.5613,CPM_DROP_PHY,699721702557,12,11.0,24.5613,drop_decision_no_action,-1,-1,-1,veh11,0.0,False
10327,24.5613,CPM_DROP_PHY,699721702557,12,2.0,24.5613,drop_decision_no_action,-1,-1,-1,veh2,0.0,False
10327,24.5613,CPM_DROP_PHY,699721702557,12,3.0,24.5613,drop_decision_no_action,-1,-1,-1,veh3,0.0,False
10327,24.5613,CPM_DROP_PHY,699721702557,12,4.0,24.5613,drop_decision_no_action,-1,-1,-1,veh4,0.0,False
10327,24.5613,CPM_DROP_PHY,699721702557,12,5.0,24.5613,drop_decision_no_action,-1,-1,-1,veh5,0.0,False
10327,24.5613,CPM_DROP_PHY,699721702557,12,6.0,24.5613,drop_decision_no_action,-1,-1,-1,veh6,0.0,False
10327,24.5613,CPM_DROP_PHY,699721702557,12,7.0,24.5613,drop_decision_no_action,-1,-1,-1,veh7,0.0,False
10327,24.5613,CPM_DROP_PHY,699721702557,12,8.0,24.5613,drop_decision_no_action,-1,-1,-1,veh8,0.0,False
10327,24.5613,CPM_DROP_PHY,699721702557,12,9.0,24.5613,drop_decision_no_action,-1,-1,-1,veh9,0.0,False
10301,24.5646,CAM_DROP_PHY,19465,7,10.0,24.5446,drop_decision_no_action,-1,-1,-1,veh10,-0.019999999999999574,False
10301,24.5646,CAM_DROP_PHY,19465,7,11.0,24.5446,drop_decision_no_action,-1,-1,-1,veh11,-0.019999999999999574,False
10301,24.5646,CAM_DROP_PHY,19465,7,12.0,24.5446,drop_decision_no_action,-1,-1,-1,veh12,-0.019999999999999574,False
10301,24.5646,CAM_DROP_PHY,19465,7,2.0,24.5446,drop_decision_no_action,-1,-1,-1,veh2,-0.019999999999999574,False
10301,24.5646,CAM_DROP_PHY,19465,7,3.0,24.5446,drop_decision_no_action,-1,-1,-1,veh3,-0.019999999999999574,False
10301,24.5646,CAM_DROP_PHY,19465,7,4.0,24.5446,drop_decision_no_action,-1,-1,-1,veh4,-0.019999999999999574,False
10301,24.5646,CAM_DROP_PHY,19465,7,5.0,24.5446,drop_decision_no_action,-1,-1,-1,veh5,-0.019999999999999574,False
10301,24.5646,CAM_DROP_PHY,19465,7,6.0,24.5446,drop_decision_no_action,-1,-1,-1,veh6,-0.019999999999999574,False
10301,24.5646,CAM_DROP_PHY,19465,7,8.0,24.5446,drop_decision_no_action,-1,-1,-1,veh8,-0.019999999999999574,False
10301,24.5646,CAM_DROP_PHY,19465,7,9.0,24.5446,drop_decision_no_action,-1,-1,-1,veh9,-0.019999999999999574,False
10347,24.5796,CPM_DROP_PHY,699721702571,6,10.0,24.5796,cpm_drop_reaction,0,0,8,veh10,0.0,False
10347,24.5796,CPM_DROP_PHY,699721702571,6,11.0,24.5796,drop_decision_no_action,-1,-1,-1,veh11,0.0,False
10347,24.5796,CPM_DROP_PHY,699721702571,6,12.0,24.5796,drop_decision_no_action,-1,-1,-1,veh12,0.0,False
10347,24.5796,CPM_DROP_PHY,699721702571,6,2.0,24.5796,drop_decision_no_action,-1,-1,-1,veh2,0.0,False
10206,24.5796,CPM_DROP_PHY,699721702397,6,3.0,24.5796,drop_decision_no_action,-1,-1,-1,veh3,0.0,False
10347,24.5796,CPM_DROP_PHY,699721702571,6,3.0,24.5796,drop_decision_no_action,-1,-1,-1,veh3,0.0,False
10347,24.5796,CPM_DROP_PHY,699721702571,6,4.0,24.5796,drop_decision_no_action,-1,-1,-1,veh4,0.0,False
10347,24.5796,CPM_DROP_PHY,699721702571,6,5.0,24.5796,drop_decision_no_action,-1,-1,-1,veh5,0.0,False
10347,24.5796,CPM_DROP_PHY,699721702571,6,7.0,24.5796,drop_decision_no_action,-1,-1,-1,veh7,0.0,False
10347,24.5796,CPM_DROP_PHY,699721702571,6,8.0,24.5796,drop_decision_no_action,-1,-1,-1,veh8,0.0,False
10347,24.5796,CPM_DROP_PHY,699721702571,6,9.0,24.5796,drop_decision_no_action,-1,-1,-1,veh9,0.0,False
10360,24.5826,CPM_DROP_PHY,699721702578,4,10.0,24.5826,drop_decision_no_action,-1,-1,-1,veh10,0.0,False
10360,24.5826,CPM_DROP_PHY,699721702578,4,11.0,24.5826,drop_decision_no_action,-1,-1,-1,veh11,0.0,False
10360,24.5826,CPM_DROP_PHY,699721702578,4,12.0,24.5826,drop_decision_no_action,-1,-1,-1,veh12,0.0,False
10360,24.5826,CPM_DROP_PHY,699721702578,4,2.0,24.5826,drop_decision_no_action,-1,-1,-1,veh2,0.0,False
10360,24.5826,CPM_DROP_PHY,699721702578,4,3.0,24.5826,drop_decision_no_action,-1,-1,-1,veh3,0.0,False
10360,24.5826,CPM_DROP_PHY,699721702578,4,5.0,24.5826,drop_decision_no_action,-1,-1,-1,veh5,0.0,False
10360,24.5826,CPM_DROP_PHY,699721702578,4,6.0,24.5826,drop_decision_no_action,-1,-1,-1,veh6,0.0,False
10360,24.5826,CPM_DROP_PHY,699721702578,4,7.0,24.5826,drop_decision_no_action,-1,-1,-1,veh7,0.0,False
10360,24.5826,CPM_DROP_PHY,699721702578,4,8.0,24.5826,drop_decision_no_action,-1,-1,-1,veh8,0.0,False
10360,24.5826,CPM_DROP_PHY,699721702578,4,9.0,24.5826,drop_decision_no_action,-1,-1,-1,veh9,0.0,False
10393,24.6038,CPM_DROP_PHY,699721702603,11,10.0,24.6038,drop_decision_no_action,-1,-1,-1,veh10,0.0,False
10393,24.6038,CAM_DROP_PHY,19532,11,10.0,24.6038,drop_decision_no_action,-1,-1,-1,veh10,0.0,False
10393,24.6038,CPM_DROP_PHY,699721702603,11,12.0,24.6038,drop_decision_no_action,-1,-1,-1,veh12,0.0,False
10393,24.6038,CAM_DROP_PHY,19532,11,12.0,24.6038,drop_decision_no_action,-1,-1,-1,veh12,0.0,False
10393,24.6038,CPM_DROP_PHY,699721702603,11,2.0,24.6038,drop_decision_no_action,-1,-1,-1,veh2,0.0,False
10393,24.6038,CAM_DROP_PHY,19532,11,2.0,24.6038,drop_decision_no_action,-1,-1,-1,veh2,0.0,False
10393,24.6038,CPM_DROP_PHY,699721702603,11,3.0,24.6038,drop_decision_no_action,-1,-1,-1,veh3,0.0,False
10393,24.6038,CAM_DROP_PHY,19532,11,3.0,24.6038,drop_decision_no_action,-1,-1,-1,veh3,0.0,False
10393,24.6038,CPM_DROP_PHY,699721702603,11,4.0,24.6038,drop_decision_no_action,-1,-1,-1,veh4,0.0,False
10393,24.6038,CAM_DROP_PHY,19532,11,4.0,24.6038,drop_decision_no_action,-1,-1,-1,veh4,0.0,False
10393,24.6038,CPM_DROP_PHY,699721702603,11,5.0,24.6038,drop_decision_no_action,-1,-1,-1,veh5,0.0,False
10393,24.6038,CAM_DROP_PHY,19532,11,5.0,24.6038,drop_decision_no_action,-1,-1,-1,veh5,0.0,False
10393,24.6038,CPM_DROP_PHY,699721702603,11,6.0,24.6038,drop_decision_no_action,-1,-1,-1,veh6,0.0,False
10393,24.6038,CAM_DROP_PHY,19532,11,6.0,24.6038,drop_decision_no_action,-1,-1,-1,veh6,0.0,False
10393,24.6038,CPM_DROP_PHY,699721702603,11,7.0,24.6038,drop_decision_no_action,-1,-1,-1,veh7,0.0,False
10393,24.6038,CAM_DROP_PHY,19532,11,7.0,24.6038,drop_decision_no_action,-1,-1,-1,veh7,0.0,False
10393,24.6038,CPM_DROP_PHY,699721702603,11,8.0,24.6038,drop_decision_no_action,-1,-1,-1,veh8,0.0,False
10393,24.6038,CAM_DROP_PHY,19532,11,8.0,24.6038,drop_decision_no_action,-1,-1,-1,veh8,0.0,False
10393,24.6038,CPM_DROP_PHY,699721702603,11,9.0,24.6038,drop_decision_no_action,-1,-1,-1,veh9,0.0,False
10393,24.6038,CAM_DROP_PHY,19532,11,9.0,24.6038,drop_decision_no_action,-1,-1,-1,veh9,0.0,False
10396,24.6053,CAM_DROP_PHY,19528,2,11.0,24.6053,drop_decision_no_action,-1,-1,-1,veh11,0.0,False
10396,24.6053,CAM_DROP_PHY,19528,2,12.0,24.6053,drop_decision_no_action,-1,-1,-1,veh12,0.0,False
10396,24.6053,CAM_DROP_PHY,19528,2,3.0,24.6053,drop_decision_no_action,-1,-1,-1,veh3,0.0,False
10396,24.6053,CAM_DROP_PHY,19528,2,4.0,24.6053,drop_decision_no_action,-1,-1,-1,veh4,0.0,False
10396,24.6053,CAM_DROP_PHY,19528,2,5.0,24.6053,drop_decision_no_action,-1,-1,-1,veh5,0.0,False
10396,24.6053,CAM_DROP_PHY,19528,2,6.0,24.6053,drop_decision_no_action,-1,-1,-1,veh6,0.0,False
10396,24.6053,CAM_DROP_PHY,19528,2,7.0,24.6053,drop_decision_no_action,-1,-1,-1,veh7,0.0,False
10396,24.6053,CAM_DROP_PHY,19528,2,8.0,24.6053,drop_decision_no_action,-1,-1,-1,veh8,0.0,False
10396,24.6053,CAM_DROP_PHY,19528,2,9.0,24.6053,drop_decision_no_action,-1,-1,-1,veh9,0.0,False
10396,24.6108,CAM_DROP_PHY,19528,2,10.0,24.6108,drop_decision_no_action,-1,-1,-1,veh10,0.0,False
10415,24.6176,CPM_DROP_PHY,699721702676,10,11.0,24.6176,drop_decision_no_action,-1,-1,-1,veh11,0.0,False
10415,24.6176,CPM_DROP_PHY,699721702676,10,12.0,24.6176,drop_decision_no_action,-1,-1,-1,veh12,0.0,False
10415,24.6176,CPM_DROP_PHY,699721702676,10,2.0,24.6176,drop_decision_no_action,-1,-1,-1,veh2,0.0,False
10415,24.6176,CPM_DROP_PHY,699721702676,10,3.0,24.6176,drop_decision_no_action,-1,-1,-1,veh3,0.0,False
10415,24.6176,CPM_DROP_PHY,699721702676,10,4.0,24.6176,drop_decision_no_action,-1,-1,-1,veh4,0.0,False
10415,24.6176,CPM_DROP_PHY,699721702676,10,5.0,24.6176,drop_decision_no_action,-1,-1,-1,veh5,0.0,False
10415,24.6176,CPM_DROP_PHY,699721702676,10,6.0,24.6176,drop_decision_no_action,-1,-1,-1,veh6,0.0,False
10415,24.6176,CPM_DROP_PHY,699721702676,10,7.0,24.6176,drop_decision_no_action,-1,-1,-1,veh7,0.0,False
10415,24.6176,CPM_DROP_PHY,699721702676,10,8.0,24.6176,drop_decision_no_action,-1,-1,-1,veh8,0.0,False
10415,24.6176,CPM_DROP_PHY,699721702676,10,9.0,24.6176,drop_decision_no_action,-1,-1,-1,veh9,0.0,False
10430,24.6226,CAM_DROP_PHY,19608,4,10.0,24.6226,drop_decision_no_action,-1,-1,-1,veh10,0.0,False
10430,24.6226,CAM_DROP_PHY,19608,4,11.0,24.6226,drop_decision_no_action,-1,-1,-1,veh11,0.0,False
10430,24.6226,CAM_DROP_PHY,19608,4,12.0,24.6226,drop_decision_no_action,-1,-1,-1,veh12,0.0,False
10430,24.6226,CAM_DROP_PHY,19608,4,2.0,24.6226,drop_decision_no_action,-1,-1,-1,veh2,0.0,False
10430,24.6226,CAM_DROP_PHY,19608,4,3.0,24.6226,drop_decision_no_action,-1,-1,-1,veh3,0.0,False
10430,24.6226,CAM_DROP_PHY,19608,4,5.0,24.6226,drop_decision_no_action,-1,-1,-1,veh5,0.0,False
10430,24.6226,CAM_DROP_PHY,19608,4,6.0,24.6226,drop_decision_no_action,-1,-1,-1,veh6,0.0,False
10430,24.6226,CAM_DROP_PHY,19608,4,7.0,24.6226,drop_decision_no_action,-1,-1,-1,veh7,0.0,False
10430,24.6226,CAM_DROP_PHY,19608,4,8.0,24.6226,drop_decision_no_action,-1,-1,-1,veh8,0.0,False
10430,24.6226,CAM_DROP_PHY,19608,4,9.0,24.6226,drop_decision_no_action,-1,-1,-1,veh9,0.0,False
10419,24.6253,CPM_DROP_PHY,699721702681,2,10.0,24.6253,drop_decision_no_action,-1,-1,-1,veh10,0.0,False
10419,24.6253,CPM_DROP_PHY,699721702681,2,11.0,24.6253,drop_decision_no_action,-1,-1,-1,veh11,0.0,False
10419,24.6253,CPM_DROP_PHY,699721702681,2,12.0,24.6253,drop_decision_no_action,-1,-1,-1,veh12,0.0,False
10419,24.6253,CPM_DROP_PHY,699721702681,2,3.0,24.6253,drop_decision_no_action,-1,-1,-1,veh3,0.0,False
10419,24.6253,CPM_DROP_PHY,699721702681,2,4.0,24.6253,drop_decision_no_action,-1,-1,-1,veh4,0.0,False
10419,24.6253,CPM_DROP_PHY,699721702681,2,5.0,24.6253,drop_decision_no_action,-1,-1,-1,veh5,0.0,False
10419,24.6253,CPM_DROP_PHY,699721702681,2,6.0,24.6253,drop_decision_no_action,-1,-1,-1,veh6,0.0,False
10419,24.6253,CPM_DROP_PHY,699721702681,2,7.0,24.6253,drop_decision_no_action,-1,-1,-1,veh7,0.0,False
10419,24.6253,CPM_DROP_PHY,699721702681,2,8.0,24.6253,drop_decision_no_action,-1,-1,-1,veh8,0.0,False
10419,24.6253,CPM_DROP_PHY,699721702681,2,9.0,24.6253,drop_decision_no_action,-1,-1,-1,veh9,0.0,False
10440,24.6386,CPM_DROP_PHY,699721702696,5,10.0,24.6386,drop_decision_no_action,-1,-1,-1,veh10,0.0,False
10440,24.6386,CPM_DROP_PHY,699721702696,5,11.0,24.6386,drop_decision_no_action,-1,-1,-1,veh11,0.0,False
10440,24.6386,CPM_DROP_PHY,699721702696,5,12.0,24.6386,drop_decision_no_action,-1,-1,-1,veh12,0.0,False
10440,24.6386,CPM_DROP_PHY,699721702696,5,2.0,24.6386,drop_decision_no_action,-1,-1,-1,veh2,0.0,False
10440,24.6386,CPM_DROP_PHY,699721702696,5,3.0,24.6386,drop_decision_no_action,-1,-1,-1,veh3,0.0,False
10440,24.6386,CPM_DROP_PHY,699721702696,5,4.0,24.6386,drop_decision_no_action,-1,-1,-1,veh4,0.0,False
10440,24.6386,CPM_DROP_PHY,699721702696,5,6.0,24.6386,drop_decision_no_action,-1,-1,-1,veh6,0.0,False
10440,24.6386,CPM_DROP_PHY,699721702696,5,7.0,24.6386,drop_decision_no_action,-1,-1,-1,veh7,0.0,False
10440,24.6386,CPM_DROP_PHY,699721702696,5,8.0,24.6386,drop_decision_no_action,-1,-1,-1,veh8,0.0,False
10440,24.6386,CPM_DROP_PHY,699721702696,5,9.0,24.6386,drop_decision_no_action,-1,-1,-1,veh9,0.0,False
10461,24.6446,CPM_DROP_PHY,699721702714,7,10.0,24.6446,drop_decision_no_action,-1,-1,-1,veh10,0.0,False
10461,24.6446,CPM_DROP_PHY,699721702714,7,11.0,24.6446,drop_decision_no_action,-1,-1,-1,veh11,0.0,False
10461,24.6446,CPM_DROP_PHY,699721702714,7,12.0,24.6446,drop_decision_no_action,-1,-1,-1,veh12,0.0,False
10461,24.6446,CPM_DROP_PHY,699721702714,7,2.0,24.6446,drop_decision_no_action,-1,-1,-1,veh2,0.0,False
10461,24.6446,CPM_DROP_PHY,699721702714,7,3.0,24.6446,drop_decision_no_action,-1,-1,-1,veh3,0.0,False
10461,24.6446,CPM_DROP_PHY,699721702714,7,4.0,24.6446,drop_decision_no_action,-1,-1,-1,veh4,0.0,False
10461,24.6446,CPM_DROP_PHY,699721702714,7,5.0,24.6446,drop_decision_no_action,-1,-1,-1,veh5,0.0,False
10461,24.6446,CPM_DROP_PHY,699721702714,7,6.0,24.6446,drop_decision_no_action,-1,-1,-1,veh6,0.0,False
10461,24.6446,CPM_DROP_PHY,699721702714,7,8.0,24.6446,drop_decision_no_action,-1,-1,-1,veh8,0.0,False
10461,24.6446,CPM_DROP_PHY,699721702714,7,9.0,24.6446,drop_decision_no_action,-1,-1,-1,veh9,0.0,False
10459,24.6486,CAM_DROP_PHY,19627,3,10.0,24.6486,drop_decision_no_action,-1,-1,-1,veh10,0.0,False
10459,24.6486,CAM_DROP_PHY,19627,3,11.0,24.6486,drop_decision_no_action,-1,-1,-1,veh11,0.0,False
10459,24.6486,CAM_DROP_PHY,19627,3,12.0,24.6486,drop_decision_no_action,-1,-1,-1,veh12,0.0,False
10459,24.6486,CAM_DROP_PHY,19627,3,2.0,24.6486,drop_decision_no_action,-1,-1,-1,veh2,0.0,False
10459,24.6486,CAM_DROP_PHY,19627,3,4.0,24.6486,drop_decision_no_action,-1,-1,-1,veh4,0.0,False
10459,24.6486,CAM_DROP_PHY,19627,3,5.0,24.6486,drop_decision_no_action,-1,-1,-1,veh5,0.0,False
10459,24.6486,CAM_DROP_PHY,19627,3,6.0,24.6486,drop_decision_no_action,-1,-1,-1,veh6,0.0,False
10459,24.6486,CAM_DROP_PHY,19627,3,7.0,24.6486,drop_decision_no_action,-1,-1,-1,veh7,0.0,False
10459,24.6486,CAM_DROP_PHY,19627,3,8.0,24.6486,drop_decision_no_action,-1,-1,-1,veh8,0.0,False
10459,24.6486,CAM_DROP_PHY,19627,3,9.0,24.6486,drop_decision_no_action,-1,-1,-1,veh9,0.0,False
10488,24.6596,CAM_DROP_PHY,19656,6,10.0,24.6596,drop_decision_no_action,-1,-1,-1,veh10,0.0,False
10488,24.6596,CAM_DROP_PHY,19656,6,11.0,24.6596,drop_decision_no_action,-1,-1,-1,veh11,0.0,False
10488,24.6596,CAM_DROP_PHY,19656,6,12.0,24.6596,drop_decision_no_action,-1,-1,-1,veh12,0.0,False
10488,24.6596,CAM_DROP_PHY,19656,6,2.0,24.6596,drop_decision_no_action,-1,-1,-1,veh2,0.0,False
10488,24.6596,CAM_DROP_PHY,19656,6,3.0,24.6596,drop_decision_no_action,-1,-1,-1,veh3,0.0,False
10488,24.6596,CAM_DROP_PHY,19656,6,4.0,24.6596,drop_decision_no_action,-1,-1,-1,veh4,0.0,False
10488,24.6596,CAM_DROP_PHY,19656,6,5.0,24.6596,drop_decision_no_action,-1,-1,-1,veh5,0.0,False
10488,24.6596,CAM_DROP_PHY,19656,6,7.0,24.6596,drop_decision_no_action,-1,-1,-1,veh7,0.0,False
10488,24.6596,CAM_DROP_PHY,19656,6,8.0,24.6596,drop_decision_no_action,-1,-1,-1,veh8,0.0,False
10488,24.6596,CAM_DROP_PHY,19656,6,9.0,24.6596,drop_decision_no_action,-1,-1,-1,veh9,0.0,False
10485,24.6613,CAM_DROP_PHY,19649,9,10.0,24.6613,drop_decision_no_action,-1,-1,-1,veh10,0.0,False
10487,24.6613,CPM_DROP_PHY,699721702733,12,10.0,24.6613,drop_decision_no_action,-1,-1,-1,veh10,0.0,False
10485,24.6613,CAM_DROP_PHY,19649,9,11.0,24.6613,drop_decision_no_action,-1,-1,-1,veh11,0.0,False
10487,24.6613,CPM_DROP_PHY,699721702733,12,11.0,24.6613,drop_decision_no_action,-1,-1,-1,veh11,0.0,False
10485,24.6613,CAM_DROP_PHY,19649,9,2.0,24.6613,drop_decision_no_action,-1,-1,-1,veh2,0.0,False
10487,24.6613,CPM_DROP_PHY,699721702733,12,2.0,24.6613,drop_decision_no_action,-1,-1,-1,veh2,0.0,False
10485,24.6613,CAM_DROP_PHY,19649,9,3.0,24.6613,drop_decision_no_action,-1,-1,-1,veh3,0.0,False
10487,24.6613,CPM_DROP_PHY,699721702733,12,3.0,24.6613,drop_decision_no_action,-1,-1,-1,veh3,0.0,False
10485,24.6613,CAM_DROP_PHY,19649,9,4.0,24.6613,drop_decision_no_action,-1,-1,-1,veh4,0.0,False
10487,24.6613,CPM_DROP_PHY,699721702733,12,4.0,24.6613,drop_decision_no_action,-1,-1,-1,veh4,0.0,False
10485,24.6613,CAM_DROP_PHY,19649,9,5.0,24.6613,drop_decision_no_action,-1,-1,-1,veh5,0.0,False
10487,24.6613,CPM_DROP_PHY,699721702733,12,5.0,24.6613,drop_decision_no_action,-1,-1,-1,veh5,0.0,False
10485,24.6613,CAM_DROP_PHY,19649,9,6.0,24.6613,drop_decision_no_action,-1,-1,-1,veh6,0.0,False
10487,24.6613,CPM_DROP_PHY,699721702733,12,6.0,24.6613,drop_decision_no_action,-1,-1,-1,veh6,0.0,False
10485,24.6613,CAM_DROP_PHY,19649,9,7.0,24.6613,drop_decision_no_action,-1,-1,-1,veh7,0.0,False
10487,24.6613,CPM_DROP_PHY,699721702733,12,7.0,24.6613,drop_decision_no_action,-1,-1,-1,veh7,0.0,False
10485,24.6613,CAM_DROP_PHY,19649,9,8.0,24.6613,drop_decision_no_action,-1,-1,-1,veh8,0.0,False
10487,24.6613,CPM_DROP_PHY,699721702733,12,8.0,24.6613,drop_decision_no_action,-1,-1,-1,veh8,0.0,False
10459,24.6686,CPM_DROP_PHY,699721702711,3,10.0,24.6486,drop_decision_no_action,-1,-1,-1,veh10,-0.020000000000003126,False
10459,24.6686,CPM_DROP_PHY,699721702711,3,11.0,24.6486,drop_decision_no_action,-1,-1,-1,veh11,-0.020000000000003126,False
10459,24.6686,CPM_DROP_PHY,699721702711,3,12.0,24.6486,drop_decision_no_action,-1,-1,-1,veh12,-0.020000000000003126,False
10459,24.6686,CPM_DROP_PHY,699721702711,3,2.0,24.6486,drop_decision_no_action,-1,-1,-1,veh2,-0.020000000000003126,False
10459,24.6686,CPM_DROP_PHY,699721702711,3,4.0,24.6486,drop_decision_no_action,-1,-1,-1,veh4,-0.020000000000003126,False
10459,24.6686,CPM_DROP_PHY,699721702711,3,5.0,24.6486,drop_decision_no_action,-1,-1,-1,veh5,-0.020000000000003126,False
10459,24.6686,CPM_DROP_PHY,699721702711,3,6.0,24.6486,drop_decision_no_action,-1,-1,-1,veh6,-0.020000000000003126,False
10459,24.6686,CPM_DROP_PHY,699721702711,3,7.0,24.6486,drop_decision_no_action,-1,-1,-1,veh7,-0.020000000000003126,False
10459,24.6686,CPM_DROP_PHY,699721702711,3,8.0,24.6486,drop_decision_no_action,-1,-1,-1,veh8,-0.020000000000003126,False
10459,24.6686,CPM_DROP_PHY,699721702711,3,9.0,24.6486,drop_decision_no_action,-1,-1,-1,veh9,-0.020000000000003126,False
10509,24.6796,CPM_DROP_PHY,699721702747,6,10.0,24.6796,drop_decision_no_action,-1,-1,-1,veh10,0.0,False
10509,24.6796,CPM_DROP_PHY,699721702747,6,11.0,24.6796,drop_decision_no_action,-1,-1,-1,veh11,0.0,False
10509,24.6796,CPM_DROP_PHY,699721702747,6,12.0,24.6796,drop_decision_no_action,-1,-1,-1,veh12,0.0,False
10509,24.6796,CPM_DROP_PHY,699721702747,6,2.0,24.6796,drop_decision_no_action,-1,-1,-1,veh2,0.0,False
10509,24.6796,CPM_DROP_PHY,699721702747,6,3.0,24.6796,drop_decision_no_action,-1,-1,-1,veh3,0.0,False
10509,24.6796,CPM_DROP_PHY,699721702747,6,4.0,24.6796,drop_decision_no_action,-1,-1,-1,veh4,0.0,False
10509,24.6796,CPM_DROP_PHY,699721702747,6,5.0,24.6796,drop_decision_no_action,-1,-1,-1,veh5,0.0,False
10509,24.6796,CPM_DROP_PHY,699721702747,6,7.0,24.6796,drop_decision_no_action,-1,-1,-1,veh7,0.0,False
10509,24.6796,CPM_DROP_PHY,699721702747,6,8.0,24.6796,drop_decision_no_action,-1,-1,-1,veh8,0.0,False
10509,24.6796,CPM_DROP_PHY,699721702747,6,9.0,24.6796,drop_decision_no_action,-1,-1,-1,veh9,0.0,False
10518,24.6826,CPM_DROP_PHY,699721702753,4,10.0,24.6826,drop_decision_no_action,-1,-1,-1,veh10,0.0,False
10518,24.6826,CPM_DROP_PHY,699721702753,4,11.0,24.6826,drop_decision_no_action,-1,-1,-1,veh11,0.0,False
10518,24.6826,CPM_DROP_PHY,699721702753,4,12.0,24.6826,drop_decision_no_action,-1,-1,-1,veh12,0.0,False
10518,24.6826,CPM_DROP_PHY,699721702753,4,2.0,24.6826,drop_decision_no_action,-1,-1,-1,veh2,0.0,False
10518,24.6826,CPM_DROP_PHY,699721702753,4,3.0,24.6826,drop_decision_no_action,-1,-1,-1,veh3,0.0,False
10518,24.6826,CPM_DROP_PHY,699721702753,4,5.0,24.6826,drop_decision_no_action,-1,-1,-1,veh5,0.0,False
10518,24.6826,CPM_DROP_PHY,699721702753,4,6.0,24.6826,drop_decision_no_action,-1,-1,-1,veh6,0.0,False
10518,24.6826,CPM_DROP_PHY,699721702753,4,7.0,24.6826,drop_decision_no_action,-1,-1,-1,veh7,0.0,False
10518,24.6826,CPM_DROP_PHY,699721702753,4,8.0,24.6826,drop_decision_no_action,-1,-1,-1,veh8,0.0,False
10518,24.6826,CPM_DROP_PHY,699721702753,4,9.0,24.6826,drop_decision_no_action,-1,-1,-1,veh9,0.0,False
10555,24.6998,CPM_DROP_PHY,699721702773,8,10.0,24.6998,drop_decision_no_action,-1,-1,-1,veh10,0.0,False
10555,24.6998,CPM_DROP_PHY,699721702773,8,11.0,24.6998,drop_decision_no_action,-1,-1,-1,veh11,0.0,False
10555,24.6998,CPM_DROP_PHY,699721702773,8,12.0,24.6998,drop_decision_no_action,-1,-1,-1,veh12,0.0,False
10555,24.6998,CPM_DROP_PHY,699721702773,8,2.0,24.6998,drop_decision_no_action,-1,-1,-1,veh2,0.0,False
10555,24.6998,CPM_DROP_PHY,699721702773,8,3.0,24.6998,drop_decision_no_action,-1,-1,-1,veh3,0.0,False
10555,24.6998,CPM_DROP_PHY,699721702773,8,4.0,24.6998,drop_decision_no_action,-1,-1,-1,veh4,0.0,False
10555,24.6998,CPM_DROP_PHY,699721702773,8,5.0,24.6998,drop_decision_no_action,-1,-1,-1,veh5,0.0,False
10555,24.6998,CPM_DROP_PHY,699721702773,8,6.0,24.6998,drop_decision_no_action,-1,-1,-1,veh6,0.0,False
10555,24.6998,CPM_DROP_PHY,699721702773,8,7.0,24.6998,drop_decision_no_action,-1,-1,-1,veh7,0.0,False
10555,24.6998,CPM_DROP_PHY,699721702773,8,9.0,24.6998,drop_decision_no_action,-1,-1,-1,veh9,0.0,False
10563,24.7038,CPM_DROP_PHY,699721702780,11,10.0,24.7038,drop_decision_no_action,-1,-1,-1,veh10,0.0,False
10563,24.7038,CAM_DROP_PHY,19706,11,10.0,24.7038,drop_decision_no_action,-1,-1,-1,veh10,0.0,False
10563,24.7038,CPM_DROP_PHY,699721702780,11,12.0,24.7038,drop_decision_no_action,-1,-1,-1,veh12,0.0,False
10563,24.7038,CAM_DROP_PHY,19706,11,12.0,24.7038,drop_decision_no_action,-1,-1,-1,veh12,0.0,False
10563,24.7038,CPM_DROP_PHY,699721702780,11,2.0,24.7038,drop_decision_no_action,-1,-1,-1,veh2,0.0,False
10563,24.7038,CAM_DROP_PHY,19706,11,2.0,24.7038,drop_decision_no_action,-1,-1,-1,veh2,0.0,False
10563,24.7038,CPM_DROP_PHY,699721702780,11,3.0,24.7038,drop_decision_no_action,-1,-1,-1,veh3,0.0,False
10563,24.7038,CAM_DROP_PHY,19706,11,3.0,24.7038,drop_decision_no_action,-1,-1,-1,veh3,0.0,False
10563,24.7038,CPM_DROP_PHY,699721702780,11,4.0,24.7038,drop_decision_no_action,-1,-1,-1,veh4,0.0,False
10563,24.7038,CAM_DROP_PHY,19706,11,4.0,24.7038,drop_decision_no_action,-1,-1,-1,veh4,0.0,False
10563,24.7038,CPM_DROP_PHY,699721702780,11,5.0,24.7038,drop_decision_no_action,-1,-1,-1,veh5,0.0,False
10563,24.7038,CAM_DROP_PHY,19706,11,5.0,24.7038,drop_decision_no_action,-1,-1,-1,veh5,0.0,False
10563,24.7038,CPM_DROP_PHY,699721702780,11,6.0,24.7038,drop_decision_no_action,-1,-1,-1,veh6,0.0,False
10563,24.7038,CAM_DROP_PHY,19706,11,6.0,24.7038,drop_decision_no_action,-1,-1,-1,veh6,0.0,False
10563,24.7038,CPM_DROP_PHY,699721702780,11,7.0,24.7038,drop_decision_no_action,-1,-1,-1,veh7,0.0,False
10563,24.7038,CAM_DROP_PHY,19706,11,7.0,24.7038,drop_decision_no_action,-1,-1,-1,veh7,0.0,False
10563,24.7038,CPM_DROP_PHY,699721702780,11,8.0,24.7038,drop_decision_no_action,-1,-1,-1,veh8,0.0,False
10563,24.7038,CAM_DROP_PHY,19706,11,8.0,24.7038,drop_decision_no_action,-1,-1,-1,veh8,0.0,False
10563,24.7038,CPM_DROP_PHY,699721702780,11,9.0,24.7038,drop_decision_no_action,-1,-1,-1,veh9,0.0,False
10563,24.7038,CAM_DROP_PHY,19706,11,9.0,24.7038,drop_decision_no_action,-1,-1,-1,veh9,0.0,False
10583,24.7176,CPM_DROP_PHY,699721702852,10,11.0,24.7176,drop_decision_no_action,-1,-1,-1,veh11,0.0,False
10583,24.7176,CPM_DROP_PHY,699721702852,10,12.0,24.7176,drop_decision_no_action,-1,-1,-1,veh12,0.0,False
10583,24.7176,CPM_DROP_PHY,699721702852,10,2.0,24.7176,drop_decision_no_action,-1,-1,-1,veh2,0.0,False
10583,24.7176,CPM_DROP_PHY,699721702852,10,3.0,24.7176,drop_decision_no_action,-1,-1,-1,veh3,0.0,False
10583,24.7176,CPM_DROP_PHY,699721702852,10,4.0,24.7176,drop_decision_no_action,-1,-1,-1,veh4,0.0,False
10583,24.7176,CPM_DROP_PHY,699721702852,10,5.0,24.7176,drop_decision_no_action,-1,-1,-1,veh5,0.0,False
10583,24.7176,CPM_DROP_PHY,699721702852,10,6.0,24.7176,drop_decision_no_action,-1,-1,-1,veh6,0.0,False
10583,24.7176,CPM_DROP_PHY,699721702852,10,7.0,24.7176,drop_decision_no_action,-1,-1,-1,veh7,0.0,False
10583,24.7176,CPM_DROP_PHY,699721702852,10,8.0,24.7176,drop_decision_no_action,-1,-1,-1,veh8,0.0,False
10583,24.7176,CPM_DROP_PHY,699721702852,10,9.0,24.7176,drop_decision_no_action,-1,-1,-1,veh9,0.0,False
10581,24.7186,CAM_DROP_PHY,19768,5,3.0,24.7186,drop_decision_no_action,-1,-1,-1,veh3,0.0,False
10581,24.7186,CAM_DROP_PHY,19768,5,4.0,24.7186,drop_decision_no_action,-1,-1,-1,veh4,0.0,False
10581,24.7186,CAM_DROP_PHY,19768,5,6.0,24.7186,drop_decision_no_action,-1,-1,-1,veh6,0.0,False
10581,24.7186,CAM_DROP_PHY,19768,5,7.0,24.7186,drop_decision_no_action,-1,-1,-1,veh7,0.0,False
10581,24.7186,CAM_DROP_PHY,19768,5,9.0,24.7186,drop_decision_no_action,-1,-1,-1,veh9,0.0,False
10581,24.7288,CAM_DROP_PHY,19768,5,10.0,24.7288,drop_decision_no_action,-1,-1,-1,veh10,0.0,False
10581,24.7288,CAM_DROP_PHY,19768,5,12.0,24.7288,drop_decision_no_action,-1,-1,-1,veh12,0.0,False
10581,24.7288,CAM_DROP_PHY,19768,5,2.0,24.7288,drop_decision_no_action,-1,-1,-1,veh2,0.0,False
10581,24.7288,CAM_DROP_PHY,19768,5,8.0,24.7288,drop_decision_no_action,-1,-1,-1,veh8,0.0,False
10606,24.7386,CPM_DROP_PHY,699721702869,5,10.0,24.7386,drop_decision_no_action,-1,-1,-1,veh10,0.0,False
10606,24.7386,CPM_DROP_PHY,699721702869,5,12.0,24.7386,drop_decision_no_action,-1,-1,-1,veh12,0.0,False
10606,24.7386,CPM_DROP_PHY,699721702869,5,2.0,24.7386,drop_decision_no_action,-1,-1,-1,veh2,0.0,False
10606,24.7386,CPM_DROP_PHY,699721702869,5,3.0,24.7386,drop_decision_no_action,-1,-1,-1,veh3,0.0,False
10606,24.7386,CPM_DROP_PHY,699721702869,5,4.0,24.7386,drop_decision_no_action,-1,-1,-1,veh4,0.0,False
10606,24.7386,CPM_DROP_PHY,699721702869,5,6.0,24.7386,drop_decision_no_action,-1,-1,-1,veh6,0.0,False
10606,24.7386,CPM_DROP_PHY,699721702869,5,7.0,24.7386,drop_decision_no_action,-1,-1,-1,veh7,0.0,False
10606,24.7386,CPM_DROP_PHY,699721702869,5,8.0,24.7386,drop_decision_no_action,-1,-1,-1,veh8,0.0,False
10606,24.7386,CPM_DROP_PHY,699721702869,5,9.0,24.7386,drop_decision_no_action,-1,-1,-1,veh9,0.0,False
10619,24.7398,CAM_DROP_PHY,19797,8,10.0,24.7398,drop_decision_no_action,-1,-1,-1,veh10,0.0,False
10619,24.7398,CAM_DROP_PHY,19797,8,11.0,24.7398,drop_decision_no_action,-1,-1,-1,veh11,0.0,False
10619,24.7398,CAM_DROP_PHY,19797,8,12.0,24.7398,drop_decision_no_action,-1,-1,-1,veh12,0.0,False
10619,24.7398,CAM_DROP_PHY,19797,8,2.0,24.7398,drop_decision_no_action,-1,-1,-1,veh2,0.0,False
10619,24.7398,CAM_DROP_PHY,19797,8,3.0,24.7398,drop_decision_no_action,-1,-1,-1,veh3,0.0,False
10619,24.7398,CAM_DROP_PHY,19797,8,4.0,24.7398,drop_decision_no_action,-1,-1,-1,veh4,0.0,False
10619,24.7398,CAM_DROP_PHY,19797,8,5.0,24.7398,drop_decision_no_action,-1,-1,-1,veh5,0.0,False
10619,24.7398,CAM_DROP_PHY,19797,8,6.0,24.7398,drop_decision_no_action,-1,-1,-1,veh6,0.0,False
10619,24.7398,CAM_DROP_PHY,19797,8,7.0,24.7398,drop_decision_no_action,-1,-1,-1,veh7,0.0,False
10619,24.7398,CAM_DROP_PHY,19797,8,9.0,24.7398,drop_decision_no_action,-1,-1,-1,veh9,0.0,False
10621,24.7446,CPM_DROP_PHY,699721702886,7,10.0,24.7446,drop_decision_no_action,-1,-1,-1,veh10,0.0,False
10621,24.7446,CPM_DROP_PHY,699721702886,7,11.0,24.7446,drop_decision_no_action,-1,-1,-1,veh11,0.0,False
10621,24.7446,CPM_DROP_PHY,699721702886,7,12.0,24.7446,drop_decision_no_action,-1,-1,-1,veh12,0.0,False
10621,24.7446,CPM_DROP_PHY,699721702886,7,3.0,24.7446,drop_decision_no_action,-1,-1,-1,veh3,0.0,False
10621,24.7446,CPM_DROP_PHY,699721702886,7,4.0,24.7446,drop_decision_no_action,-1,-1,-1,veh4,0.0,False
10621,24.7446,CPM_DROP_PHY,699721702886,7,5.0,24.7446,drop_decision_no_action,-1,-1,-1,veh5,0.0,False
10621,24.7446,CPM_DROP_PHY,699721702886,7,6.0,24.7446,drop_decision_no_action,-1,-1,-1,veh6,0.0,False
10621,24.7446,CPM_DROP_PHY,699721702886,7,8.0,24.7446,drop_decision_no_action,-1,-1,-1,veh8,0.0,False
10621,24.7446,CPM_DROP_PHY,699721702886,7,9.0,24.7446,drop_decision_no_action,-1,-1,-1,veh9,0.0,False
10620,24.7486,CPM_DROP_PHY,699721702883,3,10.0,24.7486,drop_decision_no_action,-1,-1,-1,veh10,0.0,False
10620,24.7486,CPM_DROP_PHY,699721702883,3,11.0,24.7486,drop_decision_no_action,-1,-1,-1,veh11,0.0,False
10620,24.7486,CPM_DROP_PHY,699721702883,3,12.0,24.7486,drop_decision_no_action,-1,-1,-1,veh12,0.0,False
10620,24.7486,CPM_DROP_PHY,699721702883,3,2.0,24.7486,drop_decision_no_action,-1,-1,-1,veh2,0.0,False
10620,24.7486,CPM_DROP_PHY,699721702883,3,4.0,24.7486,drop_decision_no_action,-1,-1,-1,veh4,0.0,False
10620,24.7486,CPM_DROP_PHY,699721702883,3,5.0,24.7486,drop_decision_no_action,-1,-1,-1,veh5,0.0,False
10620,24.7486,CPM_DROP_PHY,699721702883,3,6.0,24.7486,drop_decision_no_action,-1,-1,-1,veh6,0.0,False
10620,24.7486,CPM_DROP_PHY,699721702883,3,7.0,24.7486,drop_decision_no_action,-1,-1,-1,veh7,0.0,False
10620,24.7486,CPM_DROP_PHY,699721702883,3,8.0,24.7486,drop_decision_no_action,-1,-1,-1,veh8,0.0,False
10620,24.7486,CPM_DROP_PHY,699721702883,3,9.0,24.7486,drop_decision_no_action,-1,-1,-1,veh9,0.0,False
10621,24.7601,CPM_DROP_PHY,699721702886,7,2.0,24.7601,drop_decision_no_action,-1,-1,-1,veh2,0.0,False
10649,24.7613,CPM_DROP_PHY,699721702902,12,10.0,24.7613,drop_decision_no_action,-1,-1,-1,veh10,0.0,False
10649,24.7613,CPM_DROP_PHY,699721702902,12,11.0,24.7613,drop_decision_no_action,-1,-1,-1,veh11,0.0,False
10649,24.7613,CPM_DROP_PHY,699721702902,12,2.0,24.7613,drop_decision_no_action,-1,-1,-1,veh2,0.0,False
10649,24.7613,CPM_DROP_PHY,699721702902,12,3.0,24.7613,drop_decision_no_action,-1,-1,-1,veh3,0.0,False
10649,24.7613,CPM_DROP_PHY,699721702902,12,4.0,24.7613,drop_decision_no_action,-1,-1,-1,veh4,0.0,False
10649,24.7613,CPM_DROP_PHY,699721702902,12,5.0,24.7613,drop_decision_no_action,-1,-1,-1,veh5,0.0,False
10649,24.7613,CPM_DROP_PHY,699721702902,12,6.0,24.7613,drop_decision_no_action,-1,-1,-1,veh6,0.0,False
10649,24.7613,CPM_DROP_PHY,699721702902,12,7.0,24.7613,drop_decision_no_action,-1,-1,-1,veh7,0.0,False
10649,24.7613,CPM_DROP_PHY,699721702902,12,8.0,24.7613,drop_decision_no_action,-1,-1,-1,veh8,0.0,False
10669,24.7796,CPM_DROP_PHY,699721702914,6,10.0,24.7796,drop_decision_no_action,-1,-1,-1,veh10,0.0,False
10669,24.7796,CPM_DROP_PHY,699721702914,6,11.0,24.7796,drop_decision_no_action,-1,-1,-1,veh11,0.0,False
10669,24.7796,CPM_DROP_PHY,699721702914,6,12.0,24.7796,drop_decision_no_action,-1,-1,-1,veh12,0.0,False
10669,24.7796,CPM_DROP_PHY,699721702914,6,2.0,24.7796,drop_decision_no_action,-1,-1,-1,veh2,0.0,False
10669,24.7796,CPM_DROP_PHY,699721702914,6,3.0,24.7796,drop_decision_no_action,-1,-1,-1,veh3,0.0,False
10669,24.7796,CPM_DROP_PHY,699721702914,6,4.0,24.7796,drop_decision_no_action,-1,-1,-1,veh4,0.0,False
10669,24.7796,CPM_DROP_PHY,699721702914,6,5.0,24.7796,drop_decision_no_action,-1,-1,-1,veh5,0.0,False
10669,24.7796,CPM_DROP_PHY,699721702914,6,7.0,24.7796,drop_decision_no_action,-1,-1,-1,veh7,0.0,False
10669,24.7796,CPM_DROP_PHY,699721702914,6,8.0,24.7796,drop_decision_no_action,-1,-1,-1,veh8,0.0,False
10669,24.7796,CPM_DROP_PHY,699721702914,6,9.0,24.7796,drop_decision_no_action,-1,-1,-1,veh9,0.0,False
10677,24.7826,CPM_DROP_PHY,699721702919,4,10.0,24.7826,drop_decision_no_action,-1,-1,-1,veh10,0.0,False
10677,24.7826,CPM_DROP_PHY,699721702919,4,11.0,24.7826,drop_decision_no_action,-1,-1,-1,veh11,0.0,False
10677,24.7826,CPM_DROP_PHY,699721702919,4,12.0,24.7826,drop_decision_no_action,-1,-1,-1,veh12,0.0,False
10677,24.7826,CPM_DROP_PHY,699721702919,4,2.0,24.7826,drop_decision_no_action,-1,-1,-1,veh2,0.0,False
10677,24.7826,CPM_DROP_PHY,699721702919,4,3.0,24.7826,drop_decision_no_action,-1,-1,-1,veh3,0.0,False
10677,24.7826,CPM_DROP_PHY,699721702919,4,5.0,24.7826,drop_decision_no_action,-1,-1,-1,veh5,0.0,False
10677,24.7826,CPM_DROP_PHY,699721702919,4,6.0,24.7826,drop_decision_no_action,-1,-1,-1,veh6,0.0,False
10677,24.7826,CPM_DROP_PHY,699721702919,4,7.0,24.7826,drop_decision_no_action,-1,-1,-1,veh7,0.0,False
10677,24.7826,CPM_DROP_PHY,699721702919,4,8.0,24.7826,drop_decision_no_action,-1,-1,-1,veh8,0.0,False
10677,24.7826,CPM_DROP_PHY,699721702919,4,9.0,24.7826,drop_decision_no_action,-1,-1,-1,veh9,0.0,False
10706,24.8023,CPM_DROP_PHY,699721702942,11,10.0,24.8023,drop_decision_no_action,-1,-1,-1,veh10,0.0,False
10706,24.8023,CPM_DROP_PHY,699721702942,11,12.0,24.8023,drop_decision_no_action,-1,-1,-1,veh12,0.0,False
10706,24.8023,CPM_DROP_PHY,699721702942,11,2.0,24.8023,drop_decision_no_action,-1,-1,-1,veh2,0.0,False
10706,24.8023,CPM_DROP_PHY,699721702942,11,3.0,24.8023,drop_decision_no_action,-1,-1,-1,veh3,0.0,False
10706,24.8023,CPM_DROP_PHY,699721702942,11,4.0,24.8023,drop_decision_no_action,-1,-1,-1,veh4,0.0,False
10706,24.8023,CPM_DROP_PHY,699721702942,11,5.0,24.8023,drop_decision_no_action,-1,-1,-1,veh5,0.0,False
10706,24.8023,CPM_DROP_PHY,699721702942,11,6.0,24.8023,drop_decision_no_action,-1,-1,-1,veh6,0.0,False
10706,24.8023,CPM_DROP_PHY,699721702942,11,7.0,24.8023,drop_decision_no_action,-1,-1,-1,veh7,0.0,False
10706,24.8023,CPM_DROP_PHY,699721702942,11,8.0,24.8023,drop_decision_no_action,-1,-1,-1,veh8,0.0,False
10706,24.8023,CPM_DROP_PHY,699721702942,11,9.0,24.8023,drop_decision_no_action,-1,-1,-1,veh9,0.0,False
10709,24.8053,CAM_DROP_PHY,19866,2,10.0,24.8053,drop_decision_no_action,-1,-1,-1,veh10,0.0,False
10709,24.8053,CAM_DROP_PHY,19866,2,11.0,24.8053,drop_decision_no_action,-1,-1,-1,veh11,0.0,False
10709,24.8053,CAM_DROP_PHY,19866,2,12.0,24.8053,drop_decision_no_action,-1,-1,-1,veh12,0.0,False
10709,24.8053,CAM_DROP_PHY,19866,2,3.0,24.8053,drop_decision_no_action,-1,-1,-1,veh3,0.0,False
10709,24.8053,CAM_DROP_PHY,19866,2,4.0,24.8053,drop_decision_no_action,-1,-1,-1,veh4,0.0,False
10709,24.8053,CAM_DROP_PHY,19866,2,5.0,24.8053,drop_decision_no_action,-1,-1,-1,veh5,0.0,False
10709,24.8053,CAM_DROP_PHY,19866,2,6.0,24.8053,drop_decision_no_action,-1,-1,-1,veh6,0.0,False
10709,24.8053,CAM_DROP_PHY,19866,2,7.0,24.8053,drop_decision_no_action,-1,-1,-1,veh7,0.0,False
10709,24.8053,CAM_DROP_PHY,19866,2,8.0,24.8053,drop_decision_no_action,-1,-1,-1,veh8,0.0,False
10709,24.8053,CAM_DROP_PHY,19866,2,9.0,24.8053,drop_decision_no_action,-1,-1,-1,veh9,0.0,False
10727,24.8176,CPM_DROP_PHY,699721703017,10,11.0,24.8176,drop_decision_no_action,-1,-1,-1,veh11,0.0,False
10727,24.8176,CPM_DROP_PHY,699721703017,10,12.0,24.8176,drop_decision_no_action,-1,-1,-1,veh12,0.0,False
10727,24.8176,CPM_DROP_PHY,699721703017,10,2.0,24.8176,drop_decision_no_action,-1,-1,-1,veh2,0.0,False
10727,24.8176,CPM_DROP_PHY,699721703017,10,3.0,24.8176,drop_decision_no_action,-1,-1,-1,veh3,0.0,False
10727,24.8176,CPM_DROP_PHY,699721703017,10,4.0,24.8176,drop_decision_no_action,-1,-1,-1,veh4,0.0,False
10727,24.8176,CPM_DROP_PHY,699721703017,10,5.0,24.8176,drop_decision_no_action,-1,-1,-1,veh5,0.0,False
10727,24.8176,CPM_DROP_PHY,699721703017,10,6.0,24.8176,drop_decision_no_action,-1,-1,-1,veh6,0.0,False
10727,24.8176,CPM_DROP_PHY,699721703017,10,8.0,24.8176,drop_decision_no_action,-1,-1,-1,veh8,0.0,False
10727,24.8176,CPM_DROP_PHY,699721703017,10,9.0,24.8176,drop_decision_no_action,-1,-1,-1,veh9,0.0,False
10741,24.8226,CAM_DROP_PHY,19947,4,10.0,24.8226,drop_decision_no_action,-1,-1,-1,veh10,0.0,False
10741,24.8226,CAM_DROP_PHY,19947,4,11.0,24.8226,drop_decision_no_action,-1,-1,-1,veh11,0.0,False
10741,24.8226,CAM_DROP_PHY,19947,4,12.0,24.8226,drop_decision_no_action,-1,-1,-1,veh12,0.0,False
10741,24.8226,CAM_DROP_PHY,19947,4,2.0,24.8226,drop_decision_no_action,-1,-1,-1,veh2,0.0,False
10741,24.8226,CAM_DROP_PHY,19947,4,3.0,24.8226,drop_decision_no_action,-1,-1,-1,veh3,0.0,False
10741,24.8226,CAM_DROP_PHY,19947,4,5.0,24.8226,drop_decision_no_action,-1,-1,-1,veh5,0.0,False
10741,24.8226,CAM_DROP_PHY,19947,4,6.0,24.8226,drop_decision_no_action,-1,-1,-1,veh6,0.0,False
10741,24.8226,CAM_DROP_PHY,19947,4,7.0,24.8226,drop_decision_no_action,-1,-1,-1,veh7,0.0,False
10741,24.8226,CAM_DROP_PHY,19947,4,8.0,24.8226,drop_decision_no_action,-1,-1,-1,veh8,0.0,False
10741,24.8226,CAM_DROP_PHY,19947,4,9.0,24.8226,drop_decision_no_action,-1,-1,-1,veh9,0.0,False
10727,24.8266,CPM_DROP_PHY,699721703017,10,7.0,24.8266,drop_decision_no_action,-1,-1,-1,veh7,0.0,False
10751,24.8386,CPM_DROP_PHY,699721703035,5,10.0,24.8386,drop_decision_no_action,-1,-1,-1,veh10,0.0,False
10606,24.8386,CPM_DROP_PHY,699721702869,5,11.0,24.8386,drop_decision_no_action,-1,-1,-1,veh11,0.0,False
10751,24.8386,CPM_DROP_PHY,699721703035,5,11.0,24.8386,drop_decision_no_action,-1,-1,-1,veh11,0.0,False
10751,24.8386,CPM_DROP_PHY,699721703035,5,12.0,24.8386,drop_decision_no_action,-1,-1,-1,veh12,0.0,False
10751,24.8386,CPM_DROP_PHY,699721703035,5,2.0,24.8386,drop_decision_no_action,-1,-1,-1,veh2,0.0,False
10751,24.8386,CPM_DROP_PHY,699721703035,5,3.0,24.8386,drop_decision_no_action,-1,-1,-1,veh3,0.0,False
10751,24.8386,CPM_DROP_PHY,699721703035,5,4.0,24.8386,drop_decision_no_action,-1,-1,-1,veh4,0.0,False
10751,24.8386,CPM_DROP_PHY,699721703035,5,6.0,24.8386,drop_decision_no_action,-1,-1,-1,veh6,0.0,False
10751,24.8386,CPM_DROP_PHY,699721703035,5,7.0,24.8386,drop_decision_no_action,-1,-1,-1,veh7,0.0,False
10751,24.8386,CPM_DROP_PHY,699721703035,5,8.0,24.8386,drop_decision_no_action,-1,-1,-1,veh8,0.0,False
10751,24.8386,CPM_DROP_PHY,699721703035,5,9.0,24.8386,drop_decision_no_action,-1,-1,-1,veh9,0.0,False
10761,24.8398,CAM_DROP_PHY,19963,8,10.0,24.8398,drop_decision_no_action,-1,-1,-1,veh10,0.0,False
10761,24.8398,CAM_DROP_PHY,19963,8,11.0,24.8398,drop_decision_no_action,-1,-1,-1,veh11,0.0,False
10761,24.8398,CAM_DROP_PHY,19963,8,12.0,24.8398,drop_decision_no_action,-1,-1,-1,veh12,0.0,False
10761,24.8398,CAM_DROP_PHY,19963,8,2.0,24.8398,drop_decision_no_action,-1,-1,-1,veh2,0.0,False
10761,24.8398,CAM_DROP_PHY,19963,8,3.0,24.8398,drop_decision_no_action,-1,-1,-1,veh3,0.0,False
10761,24.8398,CAM_DROP_PHY,19963,8,4.0,24.8398,drop_decision_no_action,-1,-1,-1,veh4,0.0,False
10761,24.8398,CAM_DROP_PHY,19963,8,5.0,24.8398,drop_decision_no_action,-1,-1,-1,veh5,0.0,False
10761,24.8398,CAM_DROP_PHY,19963,8,6.0,24.8398,drop_decision_no_action,-1,-1,-1,veh6,0.0,False
10761,24.8398,CAM_DROP_PHY,19963,8,7.0,24.8398,drop_decision_no_action,-1,-1,-1,veh7,0.0,False
10761,24.8398,CAM_DROP_PHY,19963,8,9.0,24.8398,drop_decision_no_action,-1,-1,-1,veh9,0.0,False
10764,24.8446,CPM_DROP_PHY,699721703053,7,10.0,24.8446,drop_decision_no_action,-1,-1,-1,veh10,0.0,False
10764,24.8446,CPM_DROP_PHY,699721703053,7,11.0,24.8446,drop_decision_no_action,-1,-1,-1,veh11,0.0,False
10764,24.8446,CPM_DROP_PHY,699721703053,7,12.0,24.8446,drop_decision_no_action,-1,-1,-1,veh12,0.0,False
10764,24.8446,CPM_DROP_PHY,699721703053,7,2.0,24.8446,drop_decision_no_action,-1,-1,-1,veh2,0.0,False
10764,24.8446,CPM_DROP_PHY,699721703053,7,3.0,24.8446,drop_decision_no_action,-1,-1,-1,veh3,0.0,False
10764,24.8446,CPM_DROP_PHY,699721703053,7,4.0,24.8446,drop_decision_no_action,-1,-1,-1,veh4,0.0,False
10764,24.8446,CPM_DROP_PHY,699721703053,7,5.0,24.8446,drop_decision_no_action,-1,-1,-1,veh5,0.0,False
10764,24.8446,CPM_DROP_PHY,699721703053,7,6.0,24.8446,drop_decision_no_action,-1,-1,-1,veh6,0.0,False
10764,24.8446,CPM_DROP_PHY,699721703053,7,8.0,24.8446,drop_decision_no_action,-1,-1,-1,veh8,0.0,False
10764,24.8446,CPM_DROP_PHY,699721703053,7,9.0,24.8446,drop_decision_no_action,-1,-1,-1,veh9,0.0,False
10763,24.8486,CPM_DROP_PHY,699721703050,3,10.0,24.8486,drop_decision_no_action,-1,-1,-1,veh10,0.0,False
10763,24.8486,CPM_DROP_PHY,699721703050,3,11.0,24.8486,drop_decision_no_action,-1,-1,-1,veh11,0.0,False
10763,24.8486,CPM_DROP_PHY,699721703050,3,12.0,24.8486,drop_decision_no_action,-1,-1,-1,veh12,0.0,False
10763,24.8486,CPM_DROP_PHY,699721703050,3,2.0,24.8486,drop_decision_no_action,-1,-1,-1,veh2,0.0,False
10763,24.8486,CPM_DROP_PHY,699721703050,3,4.0,24.8486,drop_decision_no_action,-1,-1,-1,veh4,0.0,False
10763,24.8486,CPM_DROP_PHY,699721703050,3,5.0,24.8486,drop_decision_no_action,-1,-1,-1,veh5,0.0,False
10763,24.8486,CPM_DROP_PHY,699721703050,3,6.0,24.8486,drop_decision_no_action,-1,-1,-1,veh6,0.0,False
10763,24.8486,CPM_DROP_PHY,699721703050,3,7.0,24.8486,drop_decision_no_action,-1,-1,-1,veh7,0.0,False
10763,24.8486,CPM_DROP_PHY,699721703050,3,8.0,24.8486,drop_decision_no_action,-1,-1,-1,veh8,0.0,False
10763,24.8486,CPM_DROP_PHY,699721703050,3,9.0,24.8486,drop_decision_no_action,-1,-1,-1,veh9,0.0,False
10791,24.8571,CAM_DROP_PHY,19991,9,10.0,24.8571,drop_decision_no_action,-1,-1,-1,veh10,0.0,False
10791,24.8571,CAM_DROP_PHY,19991,9,11.0,24.8571,drop_decision_no_action,-1,-1,-1,veh11,0.0,False
10791,24.8571,CAM_DROP_PHY,19991,9,2.0,24.8571,drop_decision_no_action,-1,-1,-1,veh2,0.0,False
10791,24.8571,CAM_DROP_PHY,19991,9,3.0,24.8571,drop_decision_no_action,-1,-1,-1,veh3,0.0,False
10791,24.8571,CAM_DROP_PHY,19991,9,4.0,24.8571,drop_decision_no_action,-1,-1,-1,veh4,0.0,False
10791,24.8571,CAM_DROP_PHY,19991,9,5.0,24.8571,drop_decision_no_action,-1,-1,-1,veh5,0.0,False
10791,24.8571,CAM_DROP_PHY,19991,9,6.0,24.8571,drop_decision_no_action,-1,-1,-1,veh6,0.0,False
10791,24.8571,CAM_DROP_PHY,19991,9,7.0,24.8571,drop_decision_no_action,-1,-1,-1,veh7,0.0,False
10791,24.8571,CAM_DROP_PHY,19991,9,8.0,24.8571,drop_decision_no_action,-1,-1,-1,veh8,0.0,False
10794,24.8613,CPM_DROP_PHY,699721703075,12,10.0,24.8613,drop_decision_no_action,-1,-1,-1,veh10,0.0,False
10794,24.8613,CPM_DROP_PHY,699721703075,12,11.0,24.8613,drop_decision_no_action,-1,-1,-1,veh11,0.0,False
10794,24.8613,CPM_DROP_PHY,699721703075,12,2.0,24.8613,drop_decision_no_action,-1,-1,-1,veh2,0.0,False
10794,24.8613,CPM_DROP_PHY,699721703075,12,3.0,24.8613,drop_decision_no_action,-1,-1,-1,veh3,0.0,False
10794,24.8613,CPM_DROP_PHY,699721703075,12,4.0,24.8613,drop_decision_no_action,-1,-1,-1,veh4,0.0,False
10794,24.8613,CPM_DROP_PHY,699721703075,12,5.0,24.8613,drop_decision_no_action,-1,-1,-1,veh5,0.0,False
10794,24.8613,CPM_DROP_PHY,699721703075,12,6.0,24.8613,drop_decision_no_action,-1,-1,-1,veh6,0.0,False
10794,24.8613,CPM_DROP_PHY,699721703075,12,7.0,24.8613,drop_decision_no_action,-1,-1,-1,veh7,0.0,False
10794,24.8613,CPM_DROP_PHY,699721703075,12,8.0,24.8613,drop_decision_no_action,-1,-1,-1,veh8,0.0,False
10649,24.8613,CPM_DROP_PHY,699721702902,12,9.0,24.8613,drop_decision_no_action,-1,-1,-1,veh9,0.0,False
10794,24.8613,CPM_DROP_PHY,699721703075,12,9.0,24.8613,drop_decision_no_action,-1,-1,-1,veh9,0.0,False
10764,24.8646,CAM_DROP_PHY,19981,7,10.0,24.8446,drop_decision_no_action,-1,-1,-1,veh10,-0.019999999999999574,False
10764,24.8646,CAM_DROP_PHY,19981,7,11.0,24.8446,drop_decision_no_action,-1,-1,-1,veh11,-0.019999999999999574,False
10764,24.8646,CAM_DROP_PHY,19981,7,12.0,24.8446,drop_decision_no_action,-1,-1,-1,veh12,-0.019999999999999574,False
10764,24.8646,CAM_DROP_PHY,19981,7,2.0,24.8446,drop_decision_no_action,-1,-1,-1,veh2,-0.019999999999999574,False
10764,24.8646,CAM_DROP_PHY,19981,7,4.0,24.8446,drop_decision_no_action,-1,-1,-1,veh4,-0.019999999999999574,False
10764,24.8646,CAM_DROP_PHY,19981,7,5.0,24.8446,drop_decision_no_action,-1,-1,-1,veh5,-0.019999999999999574,False
10764,24.8646,CAM_DROP_PHY,19981,7,6.0,24.8446,drop_decision_no_action,-1,-1,-1,veh6,-0.019999999999999574,False
10764,24.8646,CAM_DROP_PHY,19981,7,8.0,24.8446,drop_decision_no_action,-1,-1,-1,veh8,-0.019999999999999574,False
10764,24.8646,CAM_DROP_PHY,19981,7,9.0,24.8446,drop_decision_no_action,-1,-1,-1,veh9,-0.019999999999999574,False
10816,24.8796,CPM_DROP_PHY,699721703088,6,10.0,24.8796,drop_decision_no_action,-1,-1,-1,veh10,0.0,False
10816,24.8796,CPM_DROP_PHY,699721703088,6,11.0,24.8796,drop_decision_no_action,-1,-1,-1,veh11,0.0,False
10816,24.8796,CPM_DROP_PHY,699721703088,6,12.0,24.8796,drop_decision_no_action,-1,-1,-1,veh12,0.0,False
10816,24.8796,CPM_DROP_PHY,699721703088,6,2.0,24.8796,drop_decision_no_action,-1,-1,-1,veh2,0.0,False
10816,24.8796,CPM_DROP_PHY,699721703088,6,3.0,24.8796,drop_decision_no_action,-1,-1,-1,veh3,0.0,False
10816,24.8796,CPM_DROP_PHY,699721703088,6,4.0,24.8796,drop_decision_no_action,-1,-1,-1,veh4,0.0,False
10816,24.8796,CPM_DROP_PHY,699721703088,6,5.0,24.8796,drop_decision_no_action,-1,-1,-1,veh5,0.0,False
10816,24.8796,CPM_DROP_PHY,699721703088,6,7.0,24.8796,drop_decision_no_action,-1,-1,-1,veh7,0.0,False
10816,24.8796,CPM_DROP_PHY,699721703088,6,8.0,24.8796,drop_decision_no_action,-1,-1,-1,veh8,0.0,False
10816,24.8796,CPM_DROP_PHY,699721703088,6,9.0,24.8796,drop_decision_no_action,-1,-1,-1,veh9,0.0,False
10826,24.8826,CPM_DROP_PHY,699721703094,4,10.0,24.8826,drop_decision_no_action,-1,-1,-1,veh10,0.0,False
10826,24.8826,CPM_DROP_PHY,699721703094,4,11.0,24.8826,drop_decision_no_action,-1,-1,-1,veh11,0.0,False
10826,24.8826,CPM_DROP_PHY,699721703094,4,12.0,24.8826,drop_decision_no_action,-1,-1,-1,veh12,0.0,False
10826,24.8826,CPM_DROP_PHY,699721703094,4,2.0,24.8826,drop_decision_no_action,-1,-1,-1,veh2,0.0,False
10826,24.8826,CPM_DROP_PHY,699721703094,4,3.0,24.8826,drop_decision_no_action,-1,-1,-1,veh3,0.0,False
10826,24.8826,CPM_DROP_PHY,699721703094,4,5.0,24.8826,drop_decision_no_action,-1,-1,-1,veh5,0.0,False
10826,24.8826,CPM_DROP_PHY,699721703094,4,6.0,24.8826,drop_decision_no_action,-1,-1,-1,veh6,0.0,False
10826,24.8826,CPM_DROP_PHY,699721703094,4,7.0,24.8826,drop_decision_no_action,-1,-1,-1,veh7,0.0,False
10826,24.8826,CPM_DROP_PHY,699721703094,4,8.0,24.8826,drop_decision_no_action,-1,-1,-1,veh8,0.0,False
10826,24.8826,CPM_DROP_PHY,699721703094,4,9.0,24.8826,drop_decision_no_action,-1,-1,-1,veh9,0.0,False
10841,24.8976,CAM_DROP_PHY,20026,10,11.0,24.8976,drop_decision_no_action,-1,-1,-1,veh11,0.0,False
10841,24.8976,CAM_DROP_PHY,20026,10,12.0,24.8976,drop_decision_no_action,-1,-1,-1,veh12,0.0,False
10841,24.8976,CAM_DROP_PHY,20026,10,2.0,24.8976,drop_decision_no_action,-1,-1,-1,veh2,0.0,False
10841,24.8976,CAM_DROP_PHY,20026,10,3.0,24.8976,drop_decision_no_action,-1,-1,-1,veh3,0.0,False
10841,24.8976,CAM_DROP_PHY,20026,10,4.0,24.8976,drop_decision_no_action,-1,-1,-1,veh4,0.0,False
10841,24.8976,CAM_DROP_PHY,20026,10,5.0,24.8976,drop_decision_no_action,-1,-1,-1,veh5,0.0,False
10841,24.8976,CAM_DROP_PHY,20026,10,6.0,24.8976,drop_decision_no_action,-1,-1,-1,veh6,0.0,False
10841,24.8976,CAM_DROP_PHY,20026,10,7.0,24.8976,drop_decision_no_action,-1,-1,-1,veh7,0.0,False
10841,24.8976,CAM_DROP_PHY,20026,10,8.0,24.8976,drop_decision_no_action,-1,-1,-1,veh8,0.0,False
10841,24.8976,CAM_DROP_PHY,20026,10,9.0,24.8976,drop_decision_no_action,-1,-1,-1,veh9,0.0,False
