vehicle_id,msg_seq,tx_t_s,rx_t_s,rx_ok,msg_type,tx_id,rx_id,cam_gdt_ms
veh12,2006,,2.00858,1,CAM,1,12,2006
veh12,2023,,2.02758,1,CAM,3,12,2023
veh12,2041,,2.05383,1,CAM,2,12,2041
veh12,2134,,2.14658,1,CAM,4,12,2134
veh12,2136,,2.15408,1,CAM,6,12,2136
veh12,2171,,2.18233,1,CAM,5,12,2171
veh12,2191,,2.19358,1,CAM,9,12,2191
veh12,2206,,2.20858,1,CAM,1,12,2206
veh12,2223,,2.22758,1,CAM,3,12,2223
veh12,2238,,2.24258,1,CAM,10,12,2238
veh12,2241,,2.25383,1,CAM,2,12,2241
