time_s,min_gap_m,min_ttc_s,vehicles
0.0,,,0
0.01,,,0
0.02,,,0
0.03,,,0
0.04,,,0
0.05,,,0
0.06,,,0
0.07,,,0
0.08,,,0
0.09,,,0
0.1,,,0
0.11,,,0
0.12,,,0
0.13,,,0
0.14,,,0
0.15,,,0
0.16,,,0
0.17,,,0
0.18,,,0
0.19,,,0
0.2,14.0,,7
0.21,14.0,,7
0.22,14.0,,7
0.23,14.0,,7
0.24,14.0,,7
0.25,14.000000000000002,,7
0.26,14.000000000000002,,7
0.27,14.000000000000002,,7
0.28,14.000000000000002,,7
0.29,14.0,,7
0.3,14.0,,7
0.31,14.0,,7
0.32,14.0,,7
0.33,14.0,,7
0.34,14.0,,7
0.35,14.0,,7
0.36,14.0,,7
0.37,14.0,,7
0.38,14.0,,7
0.39,13.999999999999998,,7
0.4,13.999999999999998,,7
0.41,14.0,,7
0.42,14.000000000000002,,7
0.43,14.0,,7
0.44,14.0,,7
0.45,14.0,,7
0.46,14.0,,7
0.47,13.999999999999998,,7
0.48,14.0,,7
0.49,14.000000000000002,,7
0.5,14.0,,7
0.51,14.0,,7
0.52,14.0,,7
0.53,14.0,,7
0.54,13.999999999999998,,7
0.55,14.0,,7
0.56,14.0,,7
0.57,14.0,,7
0.58,14.0,,7
0.59,14.0,,7
0.6,13.999999999999998,,7
0.61,14.0,,7
0.62,14.0,,7
0.63,14.0,,7
0.64,13.999999999999998,,7
0.65,14.0,,7
0.66,14.0,,7
0.67,14.0,,7
0.68,14.0,,7
0.69,13.999999999999998,,7
0.7,14.000000000000002,,7
0.71,14.0,,7
0.72,14.0,,7
0.73,14.0,,7
0.74,14.0,,7
0.75,14.0,,7
0.76,14.0,,7
0.77,14.0,,7
0.78,14.0,,7
0.79,14.0,,7
0.8,14.0,,8
0.81,14.000000000000002,,8
0.82,14.0,,8
0.83,14.0,,8
0.84,13.999999999999998,,8
0.85,14.0,,8
0.86,14.0,,8
0.87,14.0,,8
0.88,14.0,,8
0.89,14.0,,8
0.9,13.999999999999998,,8
0.91,14.0,,8
0.92,14.0,,8
0.93,13.999999999999998,,8
0.94,14.0,,8
0.95,14.0,,8
0.96,14.000000000000002,,8
0.97,5.2,,9
0.98,5.23,,9
0.99,5.26,,9
1.0,5.3,,9
1.01,5.33,,9
1.02,5.3500000000000005,,9
1.03,5.38,,9
1.04,5.42,,9
1.05,5.45,,9
1.06,5.48,,9
1.07,5.510000000000001,,9
1.08,5.54,,9
1.09,5.569999999999999,,9
1.1,5.6,,9
1.11,5.63,,9
1.12,5.66,,9
1.13,5.7,,9
1.14,5.73,,9
1.15,5.75,,9
1.16,5.78,,9
1.17,5.82,,9
1.18,5.8500000000000005,,9
1.19,5.880000000000001,,9
1.2,5.909999999999999,,9
1.21,5.9399999999999995,,9
1.22,5.97,,9
1.23,6.0,,9
1.24,6.029999999999999,,9
1.25,6.07,,9
1.26,6.1,,9
1.27,6.119999999999999,,9
1.28,6.1499999999999995,,9
1.29,6.19,,9
1.3,6.220000000000001,,9
1.31,6.25,,9
1.32,6.28,,9
1.33,6.3100000000000005,,9
1.34,6.34,,9
1.35,6.37,,9
1.36,6.4,,9
1.37,6.43,,9
1.38,6.47,,9
1.39,6.5,,9
1.4,6.5200000000000005,,9
1.41,6.55,,9
1.42,6.59,,9
1.43,6.62,,9
1.44,6.6499999999999995,,9
1.45,6.680000000000001,,9
1.46,6.71,,9
1.47,6.74,,9
1.48,6.77,,9
1.49,6.8,,9
1.5,6.84,,9
1.51,6.87,,9
1.52,6.89,,9
1.53,6.92,,9
1.54,6.96,,9
1.55,6.99,,9
1.56,7.0200000000000005,,9
1.57,7.050000000000001,,9
1.58,7.08,,9
1.59,7.109999999999999,,9
1.6,7.140000000000001,,10
1.61,7.17,,10
1.62,7.2,,10
1.63,7.239999999999999,,10
1.64,7.27,,10
1.65,7.290000000000001,,10
1.66,7.319999999999999,,10
1.67,7.359999999999999,,10
1.68,7.390000000000001,,10
1.69,7.420000000000001,,10
1.7,7.449999999999999,,10
1.71,7.4799999999999995,,10
1.72,7.510000000000001,,10
1.73,7.540000000000001,,10
1.74,7.569999999999999,,10
1.75,7.609999999999999,,10
1.76,7.640000000000001,,10
1.77,7.660000000000001,,10
1.78,7.6899999999999995,,10
1.79,7.7299999999999995,,10
1.8,7.760000000000001,,10
1.81,7.790000000000001,,10
1.82,7.819999999999999,,10
1.83,7.85,,10
1.84,7.88,,10
1.85,7.91,,10
1.86,7.9399999999999995,,10
1.87,7.97,,10
1.88,8.01,,10
1.89,8.04,,10
1.9,8.06,,10
1.91,8.09,,10
1.92,8.129999999999999,,10
1.93,8.16,,10
1.94,8.19,,10
1.95,8.22,,10
1.96,8.25,,10
1.97,8.280000000000001,,10
1.98,8.309999999999999,,10
1.99,8.34,,10
2.0,8.379999999999999,,10
2.01,8.41,,10
2.02,8.43,,10
2.03,8.46,,10
2.04,8.5,,10
2.05,8.530000000000001,,10
2.06,8.56,,10
2.07,8.59,,10
2.08,8.62,,10
2.09,8.65,,10
2.1,8.68,,10
2.11,8.71,,10
2.12,8.74,,10
2.13,8.780000000000001,,10
2.14,8.81,,10
2.15,8.83,,10
2.16,8.860000000000001,,10
2.17,8.9,,10
2.18,8.93,,10
2.19,8.96,,10
2.2,8.989999999999998,,10
2.21,9.02,,10
2.22,9.049999999999999,,10
2.23,9.079999999999998,,10
2.24,9.11,,10
2.25,9.149999999999999,,10
2.26,9.18,,10
2.27,9.2,,10
2.28,9.23,,10
2.29,9.27,,10
2.3,9.299999999999999,,10
2.31,9.329999999999998,,10
2.32,9.36,,10
2.33,9.389999999999999,,10
2.34,9.42,,10
2.35,9.45,,10
2.36,9.479999999999999,,10
2.37,9.510000000000002,,10
2.38,9.55,,10
2.39,9.580000000000002,,10
2.4,9.600000000000001,,11
2.41,9.63,,11
2.42,9.67,,11
2.43,9.7,,11
2.44,9.73,,11
2.45,9.76,,11
2.46,9.79,,11
2.47,9.82,,11
2.48,9.85,,11
2.49,9.879999999999999,,11
2.5,9.920000000000002,,11
2.51,9.950000000000001,,11
2.52,9.97,,11
2.53,10.0,,11
2.54,10.04,,11
2.55,10.07,,11
2.56,10.1,,11
2.57,10.129999999999999,,11
2.58,10.16,,11
2.59,10.190000000000001,,11
2.6,10.22,,11
2.61,10.25,,11
2.62,10.28,,11
2.63,10.32,,11
2.64,10.350000000000001,,11
2.65,10.370000000000001,,11
2.66,10.399999999999999,,11
2.67,10.440000000000001,,11
2.68,10.470000000000002,,11
2.69,10.5,,11
2.7,10.530000000000001,,11
2.71,10.559999999999999,,11
2.72,10.59,,11
2.73,10.620000000000001,,11
2.74,10.649999999999999,,11
2.75,10.689999999999998,,11
2.76,10.719999999999999,,11
2.77,10.740000000000002,,11
2.78,10.77,,11
2.79,10.809999999999999,,11
2.8,10.84,,11
2.81,10.870000000000001,,11
2.82,10.900000000000002,,11
2.83,10.93,,11
2.84,10.959999999999997,,11
2.85,10.990000000000002,,11
2.86,11.02,,11
2.87,11.049999999999999,,11
2.88,11.090000000000002,,11
2.89,11.120000000000001,,11
2.9,11.139999999999999,,11
2.91,11.169999999999998,,11
2.92,11.21,,11
2.93,11.240000000000002,,11
2.94,11.27,,11
2.95,11.3,,11
2.96,11.329999999999998,,11
2.97,11.36,,11
2.98,11.390000000000002,,11
2.99,11.420000000000002,,11
3.0,11.459999999999999,,11
3.01,11.490000000000002,,11
3.02,11.510000000000002,,11
3.03,11.540000000000001,,11
3.04,11.580000000000002,,11
3.05,11.610000000000001,,11
3.06,11.640000000000002,,11
3.07,11.670000000000002,,11
3.08,11.7,,11
3.09,11.730000000000002,,11
3.1,11.76,,11
3.11,11.79,,11
3.12,11.82,,11
3.13,11.860000000000001,,11
3.14,11.89,,11
3.15,11.91,,11
3.16,11.939999999999998,,11
3.17,11.979999999999999,,11
3.18,12.01,,11
3.19,12.040000000000001,,11
3.2,12.069999999999999,,11
3.21,12.1,,11
3.22,12.13,,11
3.23,12.160000000000002,,11
3.24,12.19,,11
3.25,12.230000000000002,,11
3.26,12.26,,11
3.27,12.28,,11
3.28,12.31,,11
3.29,12.35,,11
3.3,12.38,,11
3.31,12.41,,11
3.32,12.440000000000001,,11
3.33,12.47,,11
3.34,12.500000000000002,,11
3.35,12.53,,11
3.36,12.56,,11
3.37,12.59,,11
3.38,12.629999999999999,,11
3.39,12.660000000000002,,11
3.4,12.68,,11
3.41,12.71,,11
3.42,12.75,,11
3.43,12.78,,11
3.44,12.809999999999999,,11
3.45,12.840000000000002,,11
3.46,12.870000000000001,,11
3.47,12.899999999999999,,11
3.48,12.929999999999998,,11
3.49,12.96,,11
3.5,13.000000000000002,,11
3.51,13.030000000000001,,11
3.52,13.049999999999999,,11
3.53,13.079999999999998,,11
3.54,13.12,,11
3.55,13.150000000000002,,11
3.56,13.179999999999998,,11
3.57,13.21,,11
3.58,13.240000000000002,,11
3.59,13.270000000000001,,11
3.6,13.3,,11
3.61,13.33,,11
3.62,13.360000000000001,,11
3.63,13.400000000000002,,11
3.64,13.429999999999998,,11
3.65,13.450000000000001,,11
3.66,13.480000000000002,,11
3.67,13.519999999999998,,11
3.68,13.549999999999999,,11
3.69,13.58,,11
3.7,13.61,,11
3.71,13.64,,11
3.72,13.670000000000002,,11
3.73,13.7,,11
3.74,13.729999999999999,,11
3.75,13.770000000000001,,11
3.76,13.800000000000002,,11
3.77,13.819999999999999,,11
3.78,13.85,,11
3.79,13.89,,11
3.8,13.919999999999998,,11
3.81,13.95,,11
3.82,13.98,,11
3.83,14.0,,11
3.84,14.0,,11
3.85,14.0,,11
3.86,14.0,,11
3.87,13.999999999999996,,11
3.88,13.999999999999996,,11
3.89,14.000000000000004,,11
3.9,14.000000000000004,,11
3.91,14.0,,11
3.92,14.0,,11
3.93,14.0,,11
3.94,14.0,,11
3.95,14.0,,11
3.96,14.0,400.0000000000085,11
3.97,14.0,199.99999999999983,11
3.98,14.0,133.3333333333342,11
3.99,14.0,99.99999999999991,11
4.0,14.009999999999998,79.95000000000029,11
4.01,14.009999999999998,66.62499999999994,11
4.02,14.009999999999998,57.107142857142996,11
4.03,14.009999999999998,49.968749999999964,11
4.04,14.020000000000003,44.38888888888895,11
4.05,14.019999999999996,39.949999999999974,11
4.06,14.030000000000001,36.29545454545458,11
4.07,14.030000000000001,33.2708333333333,11
4.08,14.04,30.692307692307732,11
4.09,14.040000000000006,28.499999999999964,11
4.1,14.049999999999997,26.583333333333353,11
4.11,14.049999999999997,25.31746031746028,11
4.12,14.060000000000002,25.301587301587265,11
4.13,14.07,25.69354838709682,11
4.14,14.07,25.693548387096808,11
4.15,14.079999999999998,25.677419354838744,11
4.16,14.089999999999996,25.661290322580673,11
4.17,14.090000000000003,25.661290322580673,11
4.18,14.100000000000001,25.645161290322623,11
4.19,14.100000000000001,25.645161290322612,11
4.2,14.11,25.629032258064548,11
4.21,14.119999999999997,25.612903225806477,11
4.22,14.119999999999997,25.612903225806487,11
4.23,14.130000000000003,25.596774193548427,11
4.24,14.14,25.580645161290352,11
4.25,14.14,25.580645161290352,11
4.26,14.149999999999999,25.56451612903228,11
4.27,14.149999999999999,25.56451612903229,11
4.28,14.160000000000004,25.54838709677423,11
4.29,14.170000000000002,25.53225806451616,11
4.3,14.169999999999995,25.53225806451617,11
4.31,14.18,25.516129032258085,11
4.32,14.18,25.934426229508222,11
4.33,14.190000000000005,25.918032786885274,11
4.34,14.200000000000003,25.901639344262314,11
4.35,14.199999999999996,25.901639344262325,11
4.36,14.21,25.885245901639355,11
4.37,14.219999999999999,25.86885245901642,11
4.38,14.219999999999999,25.86885245901643,11
4.39,14.230000000000004,25.85245901639346,11
4.4,14.229999999999997,25.85245901639347,11
4.41,14.240000000000002,25.8360655737705,11
4.42,14.25,25.819672131147566,11
4.43,14.25,25.819672131147577,11
4.44,14.260000000000005,25.803278688524607,11
4.45,14.259999999999998,25.803278688524617,11
4.46,14.269999999999996,25.786885245901658,11
4.47,14.280000000000001,25.77049180327871,11
4.48,14.280000000000001,25.770491803278723,11
4.49,14.290000000000006,25.754098360655753,11
4.5,14.29,26.18333333333335,11
4.51,14.299999999999997,26.166666666666675,11
4.52,14.310000000000002,26.150000000000013,11
4.53,14.310000000000002,26.150000000000023,11
4.54,14.32,26.133333333333347,11
4.55,14.32,26.133333333333347,11
4.56,14.329999999999998,26.116666666666674,11
4.57,14.340000000000003,26.10000000000001,11
4.58,14.340000000000003,26.100000000000023,11
4.59,14.350000000000001,26.083333333333346,11
4.6,14.349999999999994,26.083333333333357,11
4.61,14.36,26.06666666666667,11
4.62,14.369999999999997,26.05000000000002,11
4.63,14.370000000000005,26.05000000000002,11
4.64,14.380000000000003,26.033333333333346,11
4.65,14.379999999999995,26.033333333333356,11
4.66,14.39,26.01666666666667,11
4.67,14.399999999999999,26.000000000000018,11
4.68,14.399999999999999,26.00000000000003,11
4.69,14.410000000000004,26.423728813559322,11
4.7,14.409999999999997,26.423728813559332,11
4.71,14.420000000000002,26.40677966101694,11
4.72,14.43,26.38983050847458,11
4.73,14.43,26.389830508474596,11
4.74,14.440000000000005,26.3728813559322,11
4.75,14.439999999999998,26.372881355932215,11
4.76,14.449999999999996,26.35593220338983,11
4.77,14.46,26.338983050847464,11
4.78,14.46,26.338983050847474,11
4.79,14.470000000000006,26.32203389830508,11
4.8,14.469999999999999,26.322033898305094,11
4.81,14.479999999999997,26.305084745762713,11
4.82,14.479999999999997,26.305084745762723,11
4.83,14.490000000000002,26.288135593220353,11
4.84,14.5,26.271186440677972,11
4.85,14.5,26.271186440677972,11
4.86,14.509999999999998,26.25423728813559,11
4.87,14.509999999999998,26.254237288135602,11
4.88,14.520000000000003,26.237288135593232,11
4.89,14.530000000000001,26.254237288135595,11
4.9,14.529999999999994,26.237288135593232,11
4.91,14.54,26.23728813559323,11
4.92,14.54,26.655172413793103,11
4.93,14.550000000000004,26.63793103448276,11
4.94,14.560000000000002,26.620689655172406,11
4.95,14.559999999999995,26.62068965517242,11
4.96,14.57,26.603448275862053,11
4.97,14.57,26.603448275862064,11
4.98,14.579999999999998,26.586206896551737,11
4.99,14.580000000000005,26.58620689655171,11
5.0,14.589999999999996,26.56896551724138,11
5.01,14.600000000000001,26.551724137931018,11
5.02,14.600000000000001,26.55172413793103,11
5.03,14.61,26.5344827586207,11
5.04,14.61,26.534482758620687,11
5.05,14.619999999999997,26.517241379310345,11
5.06,14.619999999999997,26.517241379310335,11
5.07,14.630000000000003,26.499999999999993,11
5.08,14.64,26.517241379310335,11
5.09,14.64,26.499999999999993,11
5.1,14.649999999999991,26.500000000000004,11
5.11,14.649999999999999,26.929824561403485,11
5.12,14.659999999999997,26.91228070175438,11
5.13,14.660000000000004,26.91228070175438,11
5.14,14.670000000000002,26.894736842105246,11
5.15,14.679999999999993,26.87719298245614,11
5.16,14.68,26.877192982456116,11
5.17,14.689999999999998,26.859649122807006,11
5.18,14.690000000000005,26.859649122807006,11
5.19,14.700000000000003,26.842105263157876,11
5.2,14.700000000000003,26.842105263157876,11
5.21,14.71,26.824561403508746,11
5.22,14.719999999999999,26.807017543859637,11
5.23,14.720000000000006,26.807017543859637,11
5.24,14.730000000000004,26.789473684210506,11
5.25,14.730000000000004,26.789473684210506,11
5.26,14.740000000000002,26.771929824561376,11
5.27,14.739999999999995,26.7719298245614,11
5.28,14.750000000000007,26.789473684210506,11
5.29,14.760000000000005,26.771929824561386,11
5.3,14.759999999999991,26.754385964912267,11
5.31,14.770000000000003,27.19642857142853,11
5.32,14.769999999999996,27.196428571428555,11
5.33,14.780000000000008,27.178571428571402,11
5.34,14.780000000000001,27.178571428571402,11
5.35,14.789999999999992,27.160714285714274,11
5.36,14.800000000000004,27.1428571428571,11
5.37,14.799999999999997,27.142857142857125,11
5.38,14.809999999999995,27.124999999999996,11
5.39,14.810000000000002,27.12499999999997,11
5.4,14.819999999999993,27.107142857142847,11
5.41,14.82,27.10714285714282,11
5.42,14.829999999999998,27.089285714285694,11
5.43,14.830000000000005,27.089285714285694,11
5.44,14.840000000000003,27.07142857142854,11
5.45,14.849999999999994,27.053571428571416,11
5.46,14.850000000000001,27.053571428571388,11
5.47,14.86,27.035714285714263,11
5.48,14.860000000000007,27.035714285714263,11
5.49,14.870000000000005,27.053571428571402,11
5.5,14.86999999999999,27.035714285714263,11
5.51,14.880000000000003,27.49090909090904,11
5.52,14.879999999999995,27.490909090909064,11
5.53,14.890000000000008,27.472727272727237,11
5.54,14.900000000000006,27.454545454545407,11
5.55,14.899999999999991,27.454545454545435,11
5.56,14.910000000000004,27.43636363636358,11
5.57,14.909999999999997,27.436363636363605,11
5.58,14.919999999999995,27.418181818181804,11
5.59,14.920000000000002,27.41818181818178,11
5.6,14.929999999999993,27.399999999999977,11
5.61,14.93,27.399999999999952,11
5.62,14.939999999999998,27.38181818181815,11
5.63,14.940000000000005,27.38181818181815,11
5.64,14.950000000000003,27.363636363636324,11
5.65,14.959999999999994,27.345454545454523,11
5.66,14.96,27.345454545454494,11
5.67,14.969999999999999,27.327272727272693,11
5.68,14.970000000000006,27.327272727272693,11
5.69,14.980000000000004,27.34545454545451,11
5.7,14.980000000000004,27.327272727272693,11
5.71,14.990000000000002,27.327272727272693,11
5.72,14.989999999999995,27.79629629629635,11
5.73,15.0,27.77777777777782,11
5.74,15.0,27.77777777777782,11
5.75,14.990000000000009,27.75925925925932,11
5.76,14.97999999999999,27.740740740740765,11
5.77,14.980000000000004,27.74074074074079,11
5.78,14.969999999999999,27.722222222222264,11
5.79,14.969999999999999,27.722222222222264,11
5.8,14.960000000000008,27.703703703703763,11
5.81,14.959999999999994,27.703703703703734,11
5.82,14.950000000000003,27.685185185185233,11
5.83,14.950000000000003,27.685185185185233,11
5.84,14.939999999999998,27.666666666666707,11
5.85,14.939999999999998,27.666666666666707,11
5.86,14.929999999999993,27.648148148148177,11
5.87,14.930000000000007,27.648148148148206,11
5.88,14.920000000000002,27.629629629629676,11
5.89,14.909999999999997,27.61111111111115,11
5.9,14.909999999999997,27.629629629629676,11
5.91,14.899999999999991,27.629629629629676,11
5.92,14.900000000000006,27.61111111111115,11
5.93,14.89,28.094339622641545,11
5.94,14.89,28.094339622641545,11
5.95,14.88000000000001,28.075471698113258,11
5.96,14.879999999999995,28.075471698113233,11
5.97,14.870000000000005,28.05660377358495,11
5.98,14.870000000000005,28.05660377358495,11
5.99,14.86,28.037735849056638,11
6.0,14.86,28.037735849056638,11
6.01,14.849999999999994,28.018867924528326,11
6.02,14.849999999999994,28.018867924528326,11
6.03,14.840000000000003,28.00000000000004,11
6.04,14.829999999999998,27.981132075471727,11
6.05,14.829999999999998,27.981132075471727,11
6.06,14.819999999999993,27.962264150943415,11
6.07,14.819999999999993,27.962264150943415,11
6.08,14.810000000000002,27.943396226415132,11
6.09,14.810000000000002,27.943396226415132,11
6.1,14.799999999999997,27.92452830188682,11
6.11,14.799999999999997,27.92452830188682,11
6.12,14.790000000000006,28.44230769230773,11
6.13,14.790000000000006,28.44230769230773,11
6.14,14.780000000000001,28.423076923076948,11
6.15,14.780000000000001,28.423076923076948,11
6.16,14.769999999999996,28.40384615384617,11
6.17,14.769999999999996,28.40384615384617,11
6.18,14.760000000000005,28.38461538461542,11
6.19,14.759999999999991,28.38461538461539,11
6.2,14.75,28.365384615384638,11
6.21,14.75,28.365384615384638,11
6.22,14.739999999999995,28.34615384615386,11
6.23,14.740000000000009,28.346153846153886,11
6.24,14.730000000000004,28.32692307692311,11
6.25,14.730000000000004,28.32692307692311,11
6.26,14.719999999999999,28.307692307692328,11
6.27,14.709999999999994,28.28846153846155,11
6.28,14.710000000000008,28.288461538461576,11
6.29,14.700000000000003,28.2692307692308,11
6.3,14.700000000000003,28.2692307692308,11
6.31,14.689999999999998,28.250000000000018,11
6.32,14.689999999999998,28.250000000000018,11
6.33,14.680000000000007,28.60377358490569,11
6.34,14.679999999999993,28.584905660377405,11
6.35,14.670000000000002,28.584905660377405,11
6.36,14.669999999999987,28.566037735849093,11
6.37,14.659999999999997,28.566037735849093,11
6.38,14.66000000000001,28.54716981132078,11
6.39,14.649999999999991,28.547169811320806,11
6.4,14.650000000000006,28.52830188679247,11
6.41,14.64,28.52830188679247,11
6.42,14.64,28.509433962264183,11
6.43,14.63000000000001,28.68627450980395,11
6.44,14.629999999999995,28.686274509803926,11
6.45,14.620000000000005,28.66666666666669,11
6.46,14.61999999999999,28.66666666666666,11
6.47,14.61,28.647058823529424,11
6.48,14.61,28.647058823529424,11
6.49,14.599999999999994,28.627450980392158,11
6.5,14.600000000000009,28.627450980392187,11
6.51,14.58999999999999,28.607843137254893,11
6.52,14.590000000000003,28.60784313725492,11
6.53,14.580000000000013,28.588235294117684,11
6.54,14.579999999999998,28.588235294117656,11
6.55,14.570000000000007,28.56862745098042,11
6.56,14.569999999999993,28.903846153846178,11
6.57,14.560000000000002,28.903846153846178,11
6.58,14.560000000000002,28.88461538461543,11
6.59,14.549999999999997,28.8846153846154,11
6.6,14.549999999999997,28.86538461538465,11
6.61,14.539999999999992,28.86538461538465,11
6.62,14.540000000000006,28.84615384615387,11
6.63,14.530000000000001,28.84615384615387,11
6.64,14.530000000000001,28.82692307692309,11
6.65,14.519999999999996,28.82692307692312,11
6.66,14.519999999999996,29.039999999999992,11
6.67,14.510000000000005,29.02000000000001,11
6.68,14.510000000000005,29.02000000000001,11
6.69,14.5,29.0,11
6.7,14.5,29.0,11
6.71,14.489999999999995,28.97999999999999,11
6.72,14.489999999999995,28.97999999999999,11
6.73,14.480000000000004,28.960000000000008,11
6.74,14.480000000000004,28.960000000000008,11
6.75,14.469999999999999,28.939999999999998,11
6.76,14.469999999999999,28.939999999999998,11
6.77,14.459999999999994,28.919999999999987,11
6.78,14.460000000000008,29.25490196078433,11
6.79,14.450000000000003,29.254901960784302,11
6.8,14.450000000000003,29.235294117647065,11
6.81,14.439999999999998,29.235294117647065,11
6.82,14.439999999999998,29.215686274509828,11
6.83,14.430000000000007,29.215686274509828,11
6.84,14.429999999999993,29.196078431372563,11
6.85,14.420000000000002,29.196078431372563,11
6.86,14.419999999999987,29.176470588235325,11
6.87,14.409999999999997,29.176470588235325,11
6.88,14.41000000000001,29.15686274509803,11
6.89,14.399999999999991,29.15686274509806,11
6.9,14.400000000000006,29.387755102040813,11
6.91,14.39,29.367346938775498,11
6.92,14.39,29.367346938775498,11
6.93,14.38000000000001,29.34693877551021,11
6.94,14.379999999999995,29.346938775510182,11
6.95,14.370000000000005,29.326530612244895,11
6.96,14.36999999999999,29.326530612244866,11
6.97,14.36,29.30612244897958,11
6.98,14.36,29.30612244897958,11
6.99,14.349999999999994,29.28571428571426,11
7.0,14.350000000000009,29.285714285714292,11
7.01,14.33999999999999,29.620000000000005,11
7.02,14.340000000000003,29.599999999999994,11
7.03,14.330000000000013,29.599999999999994,11
7.04,14.329999999999998,29.579999999999984,11
7.05,14.320000000000007,29.579999999999984,11
7.06,14.319999999999993,29.560000000000002,11
7.07,14.319999999999993,29.54000000000002,11
7.08,14.310000000000002,29.54000000000002,11
7.09,14.310000000000002,29.519999999999982,11
7.1,14.299999999999997,29.52000000000001,11
7.11,14.299999999999997,29.5,11
7.12,14.290000000000006,29.5,11
7.13,14.290000000000006,29.77083333333332,11
7.14,14.280000000000001,29.749999999999975,11
7.15,14.280000000000001,29.749999999999975,11
7.16,14.269999999999996,29.729166666666632,11
7.17,14.269999999999996,29.729166666666632,11
7.18,14.260000000000005,29.708333333333318,11
7.19,14.259999999999991,29.70833333333329,11
7.2,14.25,29.687499999999975,11
7.21,14.25,29.687499999999975,11
7.22,14.239999999999995,29.66666666666663,11
7.23,14.240000000000009,29.66666666666666,11
7.24,14.230000000000004,29.645833333333314,11
7.25,14.230000000000004,29.379999999999995,11
7.26,14.219999999999999,29.979591836734677,11
7.27,14.219999999999999,29.95918367346939,11
7.28,14.210000000000008,29.959183673469358,11
7.29,14.209999999999994,29.93877551020407,11
7.3,14.210000000000008,29.918367346938755,11
7.31,14.199999999999989,29.918367346938783,11
7.32,14.200000000000003,29.89795918367344,11
7.33,14.190000000000012,29.89795918367344,11
7.34,14.189999999999998,29.877551020408152,11
7.35,14.180000000000007,29.877551020408152,11
7.36,14.179999999999993,29.857142857142836,11
7.37,14.170000000000002,29.857142857142836,11
7.38,14.170000000000002,30.14893617021273,11
7.39,14.159999999999997,30.127659574468037,11
7.4,14.159999999999997,30.127659574468037,11
7.41,14.149999999999991,30.106382978723346,11
7.42,14.150000000000006,30.106382978723374,11
7.43,14.14,30.085106382978683,11
7.44,14.14,30.085106382978683,11
7.45,14.13000000000001,30.063829787234024,11
7.46,14.129999999999995,30.063829787233992,11
7.47,14.129999999999995,30.063829787233992,11
7.48,14.120000000000005,30.04255319148933,11
7.49,14.11999999999999,29.73469387755113,11
7.5,14.11,30.354166666666767,11
7.51,14.11,30.333333333333393,11
7.52,14.099999999999994,30.333333333333425,11
7.53,14.100000000000009,30.312500000000078,11
7.54,14.090000000000003,30.312500000000078,11
7.55,14.090000000000003,30.291666666666764,11
7.56,14.079999999999998,30.291666666666735,11
7.57,14.079999999999998,30.27083333333342,11
7.58,14.070000000000007,30.27083333333342,11
7.59,14.069999999999993,30.250000000000107,11
7.6,14.070000000000007,30.229166666666732,11
7.61,14.059999999999988,30.229166666666764,11
7.62,14.060000000000002,30.208333333333417,11
7.63,14.050000000000011,30.543478260869534,11
7.64,14.049999999999997,30.543478260869502,11
7.65,14.040000000000006,30.52173913043474,11
7.66,14.039999999999992,30.52173913043471,11
7.67,14.030000000000001,30.499999999999947,11
7.68,14.030000000000001,30.499999999999947,11
7.69,14.019999999999996,30.47826086956515,11
7.7,14.019999999999996,30.47826086956515,11
7.71,14.019999999999996,30.47826086956515,11
7.72,14.010000000000005,30.45652173913039,11
7.73,14.010000000000005,30.104166666666647,11
7.74,14.0,30.104166666666647,11
7.75,14.0,30.723404255319103,11
7.76,13.989999999999995,30.723404255319103,11
7.77,13.989999999999995,30.70212765957444,11
7.78,13.980000000000004,30.723404255319103,11
7.79,13.980000000000004,30.702127659574412,11
7.8,13.969999999999999,30.70212765957444,11
7.81,13.969999999999999,30.68085106382975,11
7.82,13.969999999999999,30.659574468085058,11
7.83,13.960000000000008,30.659574468085058,11
7.84,13.959999999999994,30.638297872340395,11
7.85,13.950000000000003,30.638297872340395,11
7.86,13.949999999999989,30.617021276595704,11
7.87,13.939999999999998,30.617021276595704,11
7.88,13.940000000000012,30.977777777777852,11
7.89,13.929999999999993,30.955555555555588,11
7.9,13.930000000000007,30.95555555555562,11
7.91,13.919999999999987,30.933333333333355,11
7.92,13.920000000000002,30.933333333333387,11
7.93,13.920000000000002,30.933333333333387,11
7.94,13.909999999999997,30.911111111111154,11
7.95,13.909999999999997,30.911111111111154,11
7.96,13.899999999999991,30.888888888888918,11
7.97,13.900000000000006,30.88888888888895,11
7.98,13.89,30.510638297872305,11
7.99,13.89,30.489361702127614,11
8.0,13.88000000000001,30.489361702127614,11
8.01,13.879999999999995,31.152173913043416,11
8.02,13.879999999999995,31.130434782608653,11
8.03,13.870000000000005,31.130434782608653,11
8.04,13.86999999999999,31.10869565217386,11
8.05,13.86,31.10869565217386,11
8.06,13.86,31.086956521739065,11
8.07,13.849999999999994,31.086956521739097,11
8.08,13.850000000000009,31.065217391304273,11
8.09,13.840000000000003,31.065217391304273,11
8.1,13.840000000000003,31.04347826086951,11
8.11,13.83999999999999,31.04347826086951,11
8.12,13.829999999999998,31.04347826086951,11
8.13,13.830000000000013,31.021739130434717,11
8.14,13.819999999999993,31.409090909090928,11
8.15,13.820000000000007,31.40909090909096,11
8.16,13.809999999999988,31.386363636363644,11
8.17,13.810000000000002,31.386363636363676,11
8.18,13.810000000000002,31.386363636363676,11
8.19,13.799999999999997,31.36363636363639,11
8.2,13.799999999999997,31.36363636363639,11
8.21,13.789999999999992,31.340909090909108,11
8.22,13.790000000000006,31.34090909090914,11
8.23,13.780000000000001,31.318181818181856,11
8.24,13.780000000000001,30.91304347826081,11
8.25,13.769999999999996,30.91304347826084,11
8.26,13.769999999999996,30.891304347826015,11
8.27,13.769999999999996,31.555555555555486,11
8.28,13.760000000000005,31.555555555555486,11
8.29,13.759999999999991,31.555555555555486,11
8.3,13.75,31.555555555555486,11
8.31,13.75,31.533333333333253,11
8.32,13.739999999999995,31.533333333333285,11
8.33,13.850000000000009,31.51111111111102,11
8.34,13.849999999999994,31.48888888888882,11
8.35,13.849999999999994,31.48888888888882,11
8.36,13.83999999999999,31.466666666666615,11
8.37,13.829999999999998,31.48888888888882,11
8.38,13.829999999999998,31.466666666666615,11
8.39,13.830000000000013,31.466666666666583,11
8.4,13.820000000000007,32.15909090909093,11
8.41,13.819999999999993,32.136363636363676,11
8.42,13.819999999999993,32.136363636363676,11
8.43,13.819999999999993,32.113636363636424,11
8.44,13.810000000000002,32.11363636363639,11
8.45,13.799999999999997,32.113636363636424,11
8.46,13.800000000000011,32.11363636363639,11
8.47,13.799999999999997,32.09090909090911,11
8.48,13.790000000000006,32.068181818181856,11
8.49,13.789999999999992,32.068181818181856,11
8.5,13.790000000000006,31.33333333333337,11
8.51,13.780000000000001,31.33333333333337,11
8.52,13.780000000000001,31.311111111111167,11
8.53,13.77000000000001,31.33333333333337,11
8.54,13.769999999999996,32.022727272727316,11
8.55,13.760000000000005,32.000000000000036,11
8.56,13.759999999999991,32.000000000000036,11
8.57,13.760000000000005,31.977272727272748,11
8.58,13.760000000000005,31.977272727272748,11
8.59,13.75,31.954545454545496,11
8.6,13.740000000000009,31.954545454545464,11
8.61,13.739999999999995,31.954545454545496,11
8.62,13.739999999999995,31.931818181818212,11
8.63,13.72999999999999,31.931818181818244,11
8.64,13.730000000000004,31.909090909090928,11
8.65,13.730000000000004,31.909090909090928,11
8.66,13.730000000000004,31.886363636363676,11
8.67,13.710000000000008,31.886363636363676,11
8.68,13.710000000000008,32.627906976744214,11
8.69,13.709999999999994,32.60465116279071,11
8.7,13.709999999999994,32.604651162790745,11
8.71,13.700000000000003,32.58139534883721,11
8.72,13.700000000000003,32.58139534883724,11
8.73,13.700000000000003,32.55813953488374,11
8.74,13.689999999999998,32.55813953488374,11
8.75,13.680000000000007,32.55813953488374,11
8.76,13.679999999999993,34.974999999999994,11
8.77,13.679999999999993,35.87179487179484,11
8.78,13.680000000000007,35.84615384615377,11
8.79,13.670000000000002,35.846153846153804,11
8.8,13.670000000000002,35.82051282051277,11
8.81,13.669999999999987,35.82051282051277,11
8.82,13.66000000000001,36.763157894736935,11
8.83,13.659999999999997,36.736842105263065,11
8.84,13.649999999999991,37.72972972972983,11
8.85,13.649999999999991,36.29545454545458,11
8.86,13.649999999999991,33.2708333333333,11
8.87,13.649999999999991,30.69230769230772,11
8.88,13.64,28.49999999999997,11
8.89,13.64,26.58333333333335,11
8.9,13.64,25.317460317460284,11
8.91,13.629999999999995,25.301587301587265,11
8.92,13.629999999999995,25.693548387096808,11
8.93,13.629999999999995,25.693548387096808,11
8.94,13.61999999999999,25.677419354838744,11
8.95,13.61999999999999,25.661290322580676,11
8.96,13.61,25.661290322580676,11
8.97,13.61999999999999,25.645161290322612,11
8.98,13.61,25.645161290322612,11
8.99,13.599999999999994,25.629032258064548,11
9.0,13.600000000000009,25.612903225806484,11
9.01,13.599999999999994,25.612903225806484,11
9.02,13.599999999999994,25.59677419354842,11
9.03,13.590000000000003,25.580645161290352,11
9.04,13.579999999999998,25.580645161290356,11
9.05,13.58999999999999,25.564516129032288,11
9.06,13.580000000000013,25.564516129032288,11
9.07,13.579999999999998,25.548387096774224,11
9.08,13.570000000000007,25.53225806451616,11
9.09,13.570000000000007,25.532258064516164,11
9.1,13.570000000000007,25.516129032258096,11
9.11,13.560000000000002,25.93442622950822,11
9.12,13.549999999999997,25.91803278688527,11
9.13,13.560000000000002,25.901639344262318,11
9.14,13.549999999999997,25.90163934426232,11
9.15,13.549999999999997,25.885245901639365,11
9.16,13.539999999999992,25.868852459016413,11
9.17,13.540000000000006,25.86885245901642,11
9.18,13.540000000000006,25.852459016393468,11
9.19,13.530000000000001,25.852459016393468,11
9.2,13.4,25.836065573770515,11
9.21,13.4,25.819672131147563,11
9.22,13.39,25.819672131147566,11
9.23,13.39,25.80327868852461,11
9.24,13.379999999999999,25.803278688524617,11
9.25,13.379999999999999,25.786885245901665,11
9.26,13.379999999999999,25.77049180327871,11
9.27,13.37,25.770491803278713,11
9.28,13.37,25.75409836065576,11
9.29,13.36,26.18333333333335,11
9.3,13.36,26.166666666666682,11
9.31,13.360000000000001,26.150000000000013,11
9.32,13.35,26.150000000000016,11
9.33,13.35,26.133333333333347,11
9.34,13.34,26.13333333333335,11
9.35,13.34,26.11666666666668,11
9.36,13.34,26.100000000000012,11
9.37,13.33,26.100000000000016,11
9.38,13.33,26.083333333333346,11
9.39,13.319999999999999,26.083333333333353,11
9.4,13.319999999999999,26.066666666666684,11
9.41,13.32,26.050000000000015,11
9.42,13.310000000000002,26.050000000000008,11
9.43,13.310000000000002,26.03333333333335,11
9.44,13.3,26.03333333333335,11
9.45,13.3,26.01666666666668,11
9.46,13.3,26.00000000000001,11
9.47,13.29,26.00000000000001,11
9.48,13.29,26.423728813559332,11
9.49,13.280000000000001,26.42372881355933,11
9.5,13.290000000000003,26.40677966101695,11
9.51,13.290000000000003,26.389830508474578,11
9.52,13.280000000000001,26.389830508474578,11
9.53,13.280000000000001,26.372881355932215,11
9.54,13.27,26.372881355932215,11
9.55,13.27,26.355932203389838,11
9.56,13.27,26.338983050847464,11
9.57,13.260000000000002,26.338983050847457,11
9.58,13.260000000000002,26.322033898305094,11
9.59,13.25,26.322033898305094,11
9.6,13.25,26.305084745762716,11
9.61,13.239999999999998,26.305084745762716,11
9.62,13.239999999999998,26.288135593220343,11
9.63,13.239999999999998,26.27118644067798,11
9.64,13.23,26.271186440677972,11
9.65,13.23,26.254237288135595,11
9.66,13.219999999999999,26.254237288135595,11
9.67,13.219999999999999,26.23728813559322,11
9.68,13.219999999999999,26.67241379310345,11
9.69,13.209999999999999,26.67241379310345,11
9.7,13.219999999999999,26.655172413793103,11
9.71,13.21,26.655172413793096,11
9.72,13.21,26.637931034482747,11
9.73,13.21,26.620689655172413,11
9.74,13.2,26.620689655172413,11
9.75,13.2,26.603448275862064,11
9.76,13.189999999999998,26.603448275862064,11
9.77,13.19,26.58620689655172,11
9.78,13.180000000000001,26.586206896551722,11
9.79,13.180000000000001,26.568965517241377,11
9.8,13.180000000000001,26.55172413793103,11
9.81,13.17,26.55172413793103,11
9.82,13.17,26.53448275862068,11
9.83,13.159999999999998,26.534482758620694,11
9.84,13.159999999999998,26.517241379310345,11
9.85,13.15,26.517241379310338,11
9.86,13.16,26.499999999999993,11
9.87,13.16,26.947368421052612,11
9.88,13.15,26.947368421052623,11
9.89,13.15,26.929824561403496,11
9.9,13.139999999999999,26.929824561403496,11
9.91,13.139999999999999,26.912280701754373,11
9.92,13.13,26.912280701754366,11
9.93,13.13,26.894736842105253,11
9.94,13.13,26.877192982456126,11
9.95,13.12,26.877192982456126,11
9.96,13.12,26.859649122807003,11
9.97,13.110000000000001,26.859649122806996,11
9.98,13.109999999999998,26.84210526315789,11
9.99,13.110000000000001,26.842105263157883,11
10.0,13.110000000000001,26.824561403508756,11
10.01,13.110000000000001,26.807017543859633,11
10.02,13.1,26.807017543859633,11
10.03,13.1,26.789473684210517,11
10.04,13.090000000000002,26.789473684210513,11
10.05,13.090000000000002,26.771929824561386,11
10.06,13.08,26.771929824561386,11
10.07,13.08,27.232142857142826,11
10.08,13.08,27.214285714285694,11
10.09,13.069999999999999,27.214285714285694,11
10.1,13.069999999999999,27.196428571428548,11
10.11,13.070000000000002,27.19642857142854,11
10.12,13.070000000000002,27.178571428571395,11
10.13,13.06,27.17857142857141,11
10.14,13.06,27.160714285714263,11
10.15,13.06,27.142857142857117,11
10.16,13.049999999999999,27.142857142857117,11
10.17,13.049999999999999,27.12499999999997,11
10.18,13.040000000000001,27.12499999999998,11
10.19,13.040000000000001,27.107142857142833,11
10.2,13.03,27.107142857142833,11
10.21,13.04,27.089285714285687,11
10.22,13.029999999999998,27.089285714285687,11
10.23,13.029999999999998,27.071428571428555,11
10.24,13.029999999999998,27.05357142857141,11
10.25,13.02,27.053571428571402,11
10.26,13.02,27.035714285714256,11
10.27,13.010000000000002,27.035714285714256,11
10.28,13.010000000000002,27.50909090909088,11
10.29,13.0,27.50909090909088,11
10.3,13.0,27.490909090909057,11
10.31,13.0,27.49090909090905,11
10.32,13.0,27.47272727272723,11
10.33,13.0,27.45454545454542,11
10.34,12.989999999999998,27.45454545454542,11
10.35,12.989999999999998,27.436363636363602,11
10.36,12.979999999999997,27.436363636363602,11
10.37,12.979999999999997,27.41818181818178,11
10.38,12.970000000000002,27.418181818181786,11
10.39,12.970000000000002,27.399999999999967,11
10.4,12.969999999999999,27.399999999999967,11
10.41,12.970000000000002,27.381818181818137,11
10.42,12.96,27.381818181818137,11
10.43,12.959999999999997,27.363636363636335,11
10.44,12.96,27.34545454545451,11
10.45,12.95,27.34545454545451,11
10.46,12.949999999999996,27.327272727272693,11
10.47,12.940000000000001,27.327272727272682,11
10.48,12.939999999999998,27.814814814814863,11
10.49,12.939999999999998,27.814814814814863,11
10.5,12.940000000000001,27.796296296296337,11
10.51,12.93,27.796296296296337,11
10.52,12.929999999999996,27.77777777777782,11
10.53,12.920000000000002,27.77777777777782,11
10.54,12.919999999999998,27.759259259259306,11
10.55,12.920000000000002,27.74074074074078,11
10.56,12.91,27.74074074074078,11
10.57,12.919999999999998,27.722222222222264,11
10.58,12.909999999999997,27.72222222222228,11
10.59,12.91,27.70370370370375,11
10.6,12.899999999999999,27.70370370370375,11
10.61,12.900000000000002,27.685185185185222,11
10.62,12.89,27.685185185185222,11
10.63,12.889999999999997,27.666666666666718,11
10.64,12.880000000000003,27.666666666666707,11
10.65,12.89,27.64814814814819,11
10.66,12.879999999999999,27.64814814814819,11
10.67,12.880000000000003,27.62962962962966,11
10.68,12.879999999999999,27.61111111111116,11
10.69,12.869999999999997,28.132075471698155,11
10.7,12.870000000000001,28.113207547169843,11
10.71,12.86,28.113207547169843,11
10.72,12.870000000000005,28.09433962264153,11
10.73,12.860000000000003,28.094339622641545,11
10.74,12.86,28.075471698113247,11
10.75,12.849999999999998,28.075471698113247,11
10.76,12.850000000000001,28.056603773584936,11
10.77,12.84,28.056603773584936,11
10.78,12.840000000000003,28.037735849056638,11
10.79,12.830000000000002,28.037735849056638,11
10.8,12.84,28.018867924528337,11
10.81,12.829999999999998,28.018867924528337,11
10.82,12.830000000000002,28.00000000000003,11
10.83,12.829999999999998,27.98113207547174,11
10.84,12.820000000000004,27.981132075471727,11
10.85,12.82,27.96226415094343,11
10.86,12.809999999999999,27.96226415094343,11
10.87,12.82,27.943396226415118,11
10.88,12.809999999999999,27.943396226415132,11
10.89,12.809999999999995,27.924528301886834,11
10.9,12.800000000000004,27.92452830188682,11
10.91,12.8,28.442307692307715,11
10.92,12.79,28.442307692307715,11
10.93,12.8,28.423076923076948,11
10.94,12.79,28.423076923076948,11
10.95,12.789999999999996,28.40384615384618,11
10.96,12.780000000000001,28.40384615384617,11
10.97,12.779999999999998,28.384615384615405,11
10.98,12.769999999999996,28.38461538461542,11
10.99,12.77,28.365384615384638,11
11.0,12.77,28.365384615384638,11
11.01,12.770000000000003,28.34615384615386,11
11.02,12.760000000000002,28.34615384615386,11
11.03,12.759999999999998,28.32692307692311,11
11.04,12.749999999999996,28.32692307692311,11
11.05,12.75,28.307692307692328,11
11.06,12.759999999999998,28.288461538461565,11
11.07,12.750000000000004,28.28846153846155,11
11.08,12.75,28.2692307692308,11
11.09,12.739999999999998,28.2692307692308,11
11.1,12.740000000000002,28.250000000000018,11
11.11,12.73,28.250000000000018,11
11.12,12.739999999999998,28.784313725490208,11
11.13,12.730000000000004,28.784313725490208,11
11.14,12.73,28.764705882352956,11
11.15,12.719999999999999,28.764705882352956,11
11.16,12.720000000000002,28.74509803921569,11
11.17,12.71,28.74509803921569,11
11.18,12.719999999999995,28.725490196078454,11
11.19,12.71,28.72549019607844,11
11.2,12.71,28.705882352941188,11
11.21,12.7,28.705882352941188,11
11.22,12.700000000000003,28.686274509803926,11
11.23,12.689999999999998,28.686274509803937,11
11.24,12.699999999999996,28.66666666666669,11
11.25,12.690000000000005,28.666666666666675,11
11.26,12.689999999999998,28.647058823529424,11
11.27,12.68,28.647058823529424,11
11.28,12.68,28.627450980392172,11
11.29,12.670000000000002,28.627450980392172,11
11.3,12.680000000000007,28.607843137254907,11
11.31,12.670000000000002,28.607843137254907,11
11.32,12.670000000000002,28.588235294117656,11
11.33,12.659999999999997,28.58823529411767,11
11.34,12.660000000000004,28.568627450980404,11
11.35,12.659999999999997,29.14,11
11.36,12.660000000000004,29.11999999999999,11
11.37,12.649999999999999,29.11999999999999,11
11.38,12.649999999999999,29.10000000000001,11
11.39,12.639999999999993,29.10000000000001,11
11.4,12.64,29.08,11
11.41,12.64,29.08,11
11.42,12.64,29.059999999999988,11
11.43,12.630000000000003,29.060000000000002,11
11.44,12.629999999999995,29.040000000000006,11
11.45,12.619999999999997,29.040000000000006,11
11.46,12.630000000000003,29.019999999999996,11
11.47,12.619999999999997,29.019999999999996,11
11.48,12.620000000000005,29.0,11
11.49,12.61,29.0,11
11.5,12.61,28.980000000000004,11
11.51,12.610000000000007,28.97999999999999,11
11.52,12.61,28.959999999999994,11
11.53,12.600000000000001,28.959999999999994,11
11.54,12.600000000000001,28.939999999999998,11
11.55,12.590000000000003,28.940000000000012,11
11.56,12.599999999999994,28.92,11
11.57,12.590000000000003,29.510204081632644,11
11.58,12.589999999999996,29.489795918367324,11
11.59,12.579999999999998,29.48979591836734,11
11.6,12.580000000000005,29.469387755102037,11
11.61,12.579999999999998,29.469387755102023,11
11.62,12.579999999999998,29.448979591836736,11
11.63,12.57,29.448979591836707,11
11.64,12.57,29.42857142857142,11
11.65,12.559999999999995,29.428571428571434,11
11.66,12.57,29.408163265306104,11
11.67,12.560000000000002,29.40816326530612,11
11.68,12.559999999999995,29.3877551020408,11
11.69,12.550000000000004,29.3877551020408,11
11.7,12.549999999999997,29.367346938775512,11
11.71,12.549999999999997,29.367346938775498,11
11.72,12.550000000000004,29.346938775510196,11
11.73,12.54,29.346938775510182,11
11.74,12.54,29.326530612244895,11
11.75,12.530000000000001,29.326530612244895,11
11.76,12.54,29.30612244897958,11
11.77,12.529999999999994,29.306122448979593,11
11.78,12.530000000000001,29.28571428571426,11
11.79,12.520000000000003,29.285714285714278,11
11.8,12.520000000000003,29.874999999999982,11
11.81,12.520000000000003,29.874999999999964,11
11.82,12.519999999999996,29.85416666666665,11
11.83,12.509999999999998,29.854166666666636,11
11.84,12.509999999999998,29.833333333333307,11
11.85,12.509999999999998,29.83333333333332,11
11.86,12.5,29.833333333333307,11
11.87,12.5,29.81249999999998,11
11.88,12.490000000000002,29.812499999999964,11
11.89,12.489999999999995,29.79166666666665,11
11.9,12.490000000000002,29.79166666666665,11
11.91,12.490000000000002,29.770833333333304,11
11.92,12.479999999999997,29.77083333333332,11
11.93,12.480000000000004,29.74999999999996,11
11.94,12.469999999999999,29.749999999999975,11
11.95,12.479999999999997,29.72916666666666,11
11.96,12.469999999999999,29.729166666666632,11
11.97,12.469999999999999,29.708333333333318,11
11.98,12.46,29.708333333333304,11
11.99,12.469999999999999,29.687499999999975,11
12.0,12.46,29.68749999999999,11
12.01,12.46,29.66666666666663,11
12.02,12.450000000000003,29.666666666666643,11
12.03,12.46,29.6458333333333,11
12.04,12.449999999999996,30.27659574468082,11
12.05,12.450000000000003,30.25531914893614,11
12.06,12.439999999999998,30.255319148936128,11
12.07,12.440000000000005,30.23404255319145,11
12.08,12.440000000000005,30.234042553191436,11
12.09,12.43,30.23404255319145,11
12.1,12.43,30.212765957446788,11
12.11,12.420000000000002,30.21276595744676,11
12.12,12.43,30.191489361702097,11
12.13,12.419999999999995,30.191489361702082,11
12.14,12.420000000000002,30.170212765957405,11
12.15,12.409999999999997,30.17021276595742,11
12.16,12.419999999999995,30.14893617021273,11
12.17,12.410000000000004,30.14893617021273,11
12.18,12.409999999999997,30.127659574468037,11
12.19,12.399999999999999,30.12765957446805,11
12.2,12.399999999999999,30.106382978723374,11
12.21,12.399999999999999,30.10638297872336,11
12.22,12.400000000000006,30.085106382978683,11
12.23,12.39,30.08510638297867,11
12.24,12.39,30.063829787234006,11
12.25,12.39,30.063829787234024,11
12.26,12.380000000000003,30.063829787233992,11
12.27,12.380000000000003,30.04255319148933,11
12.28,12.369999999999997,30.695652173912983,11
12.29,12.380000000000003,30.6739130434782,11
12.3,12.369999999999997,30.67391304347822,11
12.31,12.369999999999997,30.652173913043423,11
12.32,12.36,30.652173913043423,11
12.33,12.369999999999997,30.63043478260863,11
12.34,12.36,30.630434782608646,11
12.35,12.36,30.608695652173868,11
12.36,12.350000000000001,30.608695652173854,11
12.37,12.36,30.58695652173909,11
12.38,12.350000000000001,30.586956521739058,11
12.39,12.340000000000003,30.586956521739076,11
12.4,12.339999999999996,30.565217391304312,11
12.41,12.340000000000003,30.56521739130428,11
12.42,12.339999999999996,30.543478260869517,11
12.43,12.329999999999998,30.543478260869502,11
12.44,12.330000000000005,30.521739130434725,11
12.45,12.329999999999998,30.52173913043474,11
12.46,12.329999999999998,30.499999999999947,11
12.47,12.32,30.499999999999947,11
12.48,12.32,30.47826086956515,11
12.49,12.320000000000007,30.47826086956515,11
12.5,12.309999999999995,30.478260869565183,11
12.51,12.309999999999995,30.45652173913039,11
12.52,12.299999999999997,31.133333333333393,11
12.53,12.309999999999995,31.11111111111116,11
12.54,12.300000000000004,31.11111111111116,11
12.55,12.299999999999997,31.08888888888896,11
12.56,12.300000000000004,31.088888888888928,11
12.57,12.299999999999997,31.066666666666723,11
12.58,12.290000000000006,31.06666666666669,11
12.59,12.29,31.04444444444449,11
12.6,12.289999999999992,31.044444444444522,11
12.61,12.280000000000001,31.04444444444449,11
12.62,12.279999999999994,31.02222222222229,11
12.63,12.270000000000003,31.022222222222258,11
12.64,12.280000000000001,31.000000000000057,11
12.65,12.270000000000003,31.000000000000057,11
12.66,12.270000000000003,30.97777777777782,11
12.67,12.260000000000005,30.97777777777782,11
12.68,12.270000000000003,30.955555555555588,11
12.69,12.259999999999991,30.95555555555562,11
12.7,12.260000000000005,30.933333333333387,11
12.71,12.259999999999998,30.933333333333387,11
12.72,12.25,30.933333333333387,11
12.73,12.25,30.911111111111154,11
12.74,12.240000000000002,30.911111111111154,11
12.75,12.25,30.88888888888895,11
12.76,12.240000000000009,30.888888888888918,11
12.77,12.240000000000002,31.568181818181856,11
12.78,12.229999999999997,31.568181818181856,11
12.79,12.240000000000009,31.54545454545457,11
12.8,12.229999999999997,31.545454545454604,11
12.81,12.220000000000006,31.54545454545457,11
12.82,12.229999999999997,31.52272727272732,11
12.83,12.220000000000006,31.522727272727288,11
12.84,12.219999999999999,31.500000000000036,11
12.85,12.209999999999994,31.500000000000068,11
12.86,12.220000000000006,31.47727272727275,11
12.87,12.209999999999994,31.477272727272783,11
12.88,12.210000000000008,31.454545454545464,11
12.89,12.21,31.4545454545455,11
12.9,12.200000000000003,31.4545454545455,11
12.91,12.200000000000003,31.431818181818212,11
12.92,12.190000000000005,31.431818181818212,11
12.93,12.200000000000003,31.409090909090928,11
12.94,12.18999999999999,31.40909090909096,11
12.95,12.190000000000005,31.386363636363676,11
12.96,12.189999999999998,31.386363636363676,11
12.97,12.18,31.386363636363676,11
12.98,12.18,31.36363636363639,11
12.99,12.170000000000002,31.36363636363639,11
13.0,12.18,31.34090909090914,11
13.01,12.170000000000009,31.340909090909108,11
13.02,12.170000000000002,31.318181818181856,11
13.03,12.169999999999995,32.046511627907,11
13.04,12.170000000000002,32.0232558139535,11
13.05,12.159999999999997,32.02325581395353,11
13.06,12.150000000000006,32.0232558139535,11
13.07,12.159999999999997,32.000000000000036,11
13.08,12.150000000000006,32.0,11
13.09,12.149999999999999,31.97674418604653,11
13.1,12.150000000000006,31.97674418604653,11
13.11,12.150000000000006,31.953488372093034,11
13.12,12.139999999999993,31.953488372093066,11
13.13,12.130000000000003,31.953488372093034,11
13.14,12.14,31.930232558139565,11
13.15,12.130000000000003,31.930232558139565,11
13.16,12.130000000000003,31.906976744186064,11
13.17,12.130000000000003,31.906976744186064,11
13.18,12.130000000000003,31.883720930232563,11
13.19,12.11999999999999,31.8837209302326,11
13.2,12.119999999999997,31.8837209302326,11
13.21,12.119999999999997,31.860465116279098,11
13.22,12.11,31.860465116279098,11
13.23,12.11,31.837209302325597,11
13.24,12.110000000000007,31.837209302325597,11
13.25,12.11,31.813953488372128,11
13.26,12.100000000000009,31.813953488372096,11
13.27,12.099999999999994,31.813953488372128,11
13.28,12.099999999999994,31.79069767441863,11
13.29,12.090000000000003,32.54761904761906,11
13.3,12.099999999999994,32.523809523809554,11
13.31,12.090000000000003,32.52380952380952,11
13.32,12.090000000000003,32.50000000000002,11
13.33,12.090000000000003,32.499999999999986,11
13.34,12.079999999999998,32.50000000000002,11
13.35,12.080000000000013,32.47619047619048,11
13.36,12.069999999999993,32.47619047619048,11
13.37,12.079999999999998,32.45238095238098,11
13.38,12.069999999999993,32.45238095238095,11
13.39,12.060000000000002,32.45238095238095,11
13.4,12.070000000000007,32.428571428571445,11
13.41,12.059999999999988,32.428571428571445,11
13.42,12.060000000000002,32.40476190476191,11
13.43,12.060000000000002,32.40476190476191,11
13.44,12.060000000000002,32.38095238095237,11
13.45,12.049999999999997,32.38095238095241,11
13.46,12.049999999999997,32.38095238095237,11
13.47,12.049999999999997,32.35714285714287,11
13.48,12.040000000000006,32.14012738853502,11
13.49,12.049999999999997,30.756097560975597,11
13.5,12.039999999999992,29.491228070175424,11
13.51,12.040000000000006,28.32022471910113,11
13.52,12.039999999999992,27.237837837837844,11
13.53,12.030000000000001,26.234375000000004,11
13.54,12.030000000000001,25.30150753768844,11
13.55,12.030000000000001,24.43203883495145,11
13.56,12.030000000000001,23.61971830985915,11
13.57,12.02000000000001,22.85909090909092,11
13.58,12.010000000000005,22.1409691629956,11
13.59,12.019999999999996,21.470085470085472,11
13.6,12.010000000000005,20.924999999999997,11
13.61,12.009999999999991,20.319838056680155,11
13.62,12.010000000000005,20.311740890688256,11
13.63,12.0,20.29959514170042,11
13.64,12.0,20.28744939271256,11
13.65,12.0,20.283400809716593,11
13.66,12.0,20.271255060728738,11
13.67,11.989999999999995,20.259109311740882,11
13.68,12.0,20.251012145748984,11
13.69,11.989999999999995,20.23886639676114,11
13.7,11.980000000000004,20.23076923076924,11
13.71,11.990000000000009,20.22267206477734,11
13.72,11.97999999999999,20.210526315789465,11
13.73,11.980000000000004,20.198380566801614,11
13.74,11.980000000000004,20.19028340080971,11
13.75,11.969999999999999,20.17813765182186,11
13.76,11.969999999999999,20.17004048582997,11
13.77,11.969999999999999,20.157894736842117,11
13.78,11.969999999999999,20.149797570850197,11
13.79,11.959999999999994,20.141700404858295,11
13.8,11.969999999999999,20.12955465587044,11
13.81,11.959999999999994,20.121457489878537,11
13.82,11.960000000000008,20.1093117408907,11
13.83,11.950000000000003,20.10121457489879,11
13.84,11.949999999999989,20.089068825910925,11
13.85,11.950000000000003,20.080971659919022,11
13.86,11.950000000000003,20.06882591093117,11
13.87,11.939999999999998,20.060728744939272,11
13.88,11.939999999999998,20.048582995951424,11
13.89,11.939999999999998,20.03643724696357,11
13.9,11.939999999999998,20.028340080971653,11
13.91,11.939999999999998,20.020242914979754,11
13.92,11.939999999999998,20.01214574898785,11
13.93,11.939999999999998,19.999999999999996,11
13.94,11.939999999999998,19.987854251012156,11
13.95,11.929999999999993,19.979757085020257,11
13.96,11.930000000000007,19.9676113360324,11
13.97,11.930000000000007,19.959514170040478,11
13.98,11.929999999999993,19.947368421052627,11
13.99,11.920000000000002,19.939271255060724,11
14.0,11.920000000000002,19.931174089068822,11
14.01,11.920000000000002,19.91902834008098,11
14.02,11.920000000000002,19.906882591093126,11
14.03,11.909999999999997,19.898785425101206,11
14.04,11.91000000000001,19.886639676113358,11
14.05,11.909999999999997,19.878542510121452,11
14.06,11.909999999999997,19.87044534412955,11
14.07,11.909999999999997,19.858299595141713,11
14.08,11.900000000000006,19.850202429149807,11
14.09,11.900000000000006,19.838056680161937,11
14.1,11.900000000000006,19.82995951417004,11
14.11,11.899999999999991,19.817813765182184,11
14.12,11.899999999999991,19.809716599190274,11
14.13,11.89,19.80161943319839,11
14.14,11.89,19.789473684210535,11
14.15,11.89,19.77732793522267,11
14.16,11.89,19.769230769230763,11
14.17,11.88000000000001,19.76113360323886,11
14.18,11.879999999999995,19.748987854251006,11
14.19,11.879999999999995,19.74089068825912,11
14.2,11.879999999999995,19.728744939271266,11
14.21,11.870000000000005,19.716599190283407,11
14.22,11.86,19.712550607287447,11
14.23,11.86,19.700404858299592,11
14.24,11.86,19.688259109311733,11
14.25,11.86,19.68016194331983,11
14.26,11.86,19.668016194331994,11
14.27,11.849999999999994,19.659919028340095,11
14.28,11.850000000000009,19.65182186234817,11
14.29,11.849999999999994,19.635627530364363,11
14.3,11.849999999999994,19.627530364372465,11
14.31,11.849999999999994,19.619433198380563,11
14.32,11.840000000000003,19.60728744939272,11
14.33,11.840000000000003,19.59919028340082,11
14.34,11.840000000000003,19.58704453441295,11
14.35,11.83999999999999,19.5748987854251,11
14.36,11.840000000000003,19.570850202429146,11
14.37,11.840000000000003,19.55870445344129,11
14.38,11.829999999999998,19.54655870445345,11
14.39,11.829999999999998,19.538461538461547,11
14.4,11.830000000000013,19.605691056910562,11
14.41,11.829999999999998,20.087499999999995,11
14.42,11.829999999999998,20.77155172413793,11
14.43,11.819999999999993,21.404444444444447,11
14.44,11.820000000000007,22.082568807339452,11
14.45,11.820000000000007,22.80568720379148,11
14.46,11.819999999999993,23.57843137254903,11
14.47,11.819999999999993,24.406091370558368,11
14.48,11.809999999999988,25.162303664921463,11
14.49,11.799999999999997,26.000000000000007,11
14.5,11.799999999999997,26.423728813559332,11
14.51,11.800000000000011,26.423728813559332,11
14.52,11.799999999999997,26.40677966101695,11
14.53,11.799999999999997,26.38983050847457,11
14.54,11.789999999999992,26.389830508474596,11
14.55,11.790000000000006,26.372881355932215,11
14.56,11.790000000000006,26.372881355932215,11
14.57,11.790000000000006,26.35593220338983,11
14.58,11.789999999999992,26.33898305084745,11
14.59,11.789999999999992,26.338983050847474,11
14.6,11.780000000000001,26.322033898305094,11
14.61,11.780000000000001,26.322033898305094,11
14.62,11.780000000000001,26.305084745762734,11
14.63,11.779999999999987,26.305084745762713,11
14.64,11.780000000000001,26.288135593220353,11
14.65,11.780000000000001,26.271186440677972,11
14.66,11.769999999999996,26.271186440677972,11
14.67,11.769999999999996,26.254237288135617,11
14.68,11.760000000000005,26.25423728813559,11
14.69,11.759999999999991,26.237288135593232,11
14.7,11.759999999999991,26.672413793103466,11
14.71,11.760000000000005,26.67241379310344,11
14.72,11.75,26.655172413793114,11
14.73,11.75,26.65517241379309,11
14.74,11.75,26.63793103448276,11
14.75,11.75,26.62068965517243,11
14.76,11.75,26.62068965517243,11
14.77,11.75,26.603448275862053,11
14.78,11.75,26.603448275862053,11
14.79,11.740000000000009,26.586206896551722,11
14.8,11.739999999999995,26.586206896551722,11
14.81,11.739999999999995,26.568965517241395,11
14.82,11.730000000000004,26.551724137931018,11
14.83,11.730000000000004,26.551724137931018,11
14.84,11.730000000000004,26.534482758620687,11
14.85,11.72999999999999,26.534482758620687,11
14.86,11.719999999999999,26.51724137931036,11
14.87,11.719999999999999,26.517241379310335,11
14.88,11.719999999999999,26.49999999999998,11
14.89,11.719999999999999,26.947368421052616,11
14.9,11.719999999999999,26.94736842105264,11
14.91,11.719999999999999,26.92982456140351,11
14.92,11.719999999999999,26.929824561403485,11
14.93,11.709999999999994,26.912280701754355,11
14.94,11.710000000000008,26.91228070175438,11
14.95,11.700000000000003,26.89473684210527,11
14.96,11.699999999999989,26.87719298245614,11
14.97,11.700000000000003,26.877192982456116,11
14.98,11.700000000000003,26.859649122807006,11
14.99,11.700000000000003,26.859649122807006,11
15.0,11.699999999999989,26.8421052631579,11
15.01,11.690000000000012,26.8421052631579,11
15.02,11.689999999999998,26.824561403508746,11
15.03,11.689999999999998,26.807017543859637,11
15.04,11.689999999999998,26.807017543859637,11
15.05,11.690000000000012,26.78947368421053,11
15.06,11.679999999999993,26.78947368421053,11
15.07,11.679999999999993,26.771929824561376,11
15.08,11.680000000000007,26.771929824561376,11
15.09,11.670000000000002,27.232142857142833,11
15.1,11.670000000000002,27.214285714285705,11
15.11,11.669999999999987,27.214285714285705,11
15.12,11.670000000000002,27.19642857142853,11
15.13,11.670000000000002,27.19642857142853,11
15.14,11.670000000000002,27.178571428571402,11
15.15,11.670000000000002,27.178571428571427,11
15.16,11.670000000000002,27.160714285714274,11
15.17,11.649999999999991,27.1428571428571,11
15.18,11.649999999999991,27.1428571428571,11
15.19,11.650000000000006,27.12499999999997,11
15.2,11.650000000000006,27.124999999999996,11
15.21,11.649999999999991,27.107142857142847,11
15.22,11.649999999999991,27.10714285714282,11
15.23,11.650000000000006,27.089285714285694,11
15.24,11.650000000000006,27.089285714285694,11
15.25,11.649999999999991,27.071428571428566,11
15.26,11.64,27.053571428571416,11
15.27,11.629999999999995,27.053571428571388,11
15.28,11.629999999999995,27.035714285714263,11
15.29,11.629999999999995,27.035714285714263,11
15.3,11.63000000000001,27.50909090909089,11
15.31,11.629999999999995,27.50909090909089,11
15.32,11.629999999999995,27.49090909090904,11
15.33,11.629999999999995,27.49090909090904,11
15.34,11.63000000000001,27.472727272727237,11
15.35,11.61999999999999,27.454545454545435,11
15.36,11.61999999999999,27.454545454545435,11
15.37,11.61,27.43636363636358,11
15.38,11.61,27.43636363636358,11
15.39,11.61,27.41818181818178,11
15.4,11.61,27.418181818181804,11
15.41,11.61,27.399999999999977,11
15.42,11.61,27.399999999999952,11
15.43,11.61,27.38181818181815,11
15.44,11.600000000000009,27.38181818181815,11
15.45,11.599999999999994,27.36363636363635,11
15.46,11.599999999999994,27.345454545454523,11
15.47,11.599999999999994,27.345454545454494,11
15.48,11.590000000000003,27.327272727272693,11
15.49,11.590000000000003,27.327272727272693,11
15.5,11.590000000000003,27.814814814814877,11
15.51,11.58999999999999,27.814814814814877,11
15.52,11.579999999999998,27.796296296296322,11
15.53,11.579999999999998,27.796296296296322,11
15.54,11.580000000000013,27.77777777777782,11
15.55,11.579999999999998,27.77777777777782,11
15.56,11.579999999999998,27.75925925925932,11
15.57,11.579999999999998,27.740740740740765,11
15.58,11.579999999999998,27.740740740740765,11
15.59,11.579999999999998,27.722222222222264,11
15.6,11.560000000000002,27.72222222222229,11
15.61,11.560000000000002,27.703703703703763,11
15.62,11.560000000000002,27.703703703703734,11
15.63,11.560000000000002,27.685185185185208,11
15.64,11.560000000000002,27.685185185185233,11
15.65,11.560000000000002,27.666666666666732,11
15.66,11.560000000000002,27.666666666666732,11
15.67,11.549999999999997,27.648148148148177,11
15.68,11.550000000000011,27.648148148148177,11
15.69,11.549999999999997,27.629629629629676,11
15.7,11.549999999999997,27.611111111111175,11
15.71,11.549999999999997,28.13207547169817,11
15.72,11.550000000000011,28.113207547169804,11
15.73,11.549999999999997,28.113207547169857,11
15.74,11.539999999999992,28.09433962264157,11
15.75,11.530000000000001,28.09433962264157,11
15.76,11.530000000000001,28.075471698113287,11
15.77,11.530000000000001,28.075471698113233,11
15.78,11.530000000000001,28.05660377358495,11
15.79,11.530000000000001,28.05660377358495,11
15.8,11.530000000000001,28.037735849056663,11
15.81,11.519999999999996,28.037735849056663,11
15.82,11.52000000000001,28.018867924528326,11
15.83,11.519999999999996,28.018867924528326,11
15.84,11.519999999999996,28.00000000000004,11
15.85,11.519999999999996,27.981132075471756,11
15.86,11.52000000000001,27.981132075471756,11
15.87,11.519999999999996,27.962264150943415,11
15.88,11.509999999999991,27.962264150943415,11
15.89,11.510000000000005,27.943396226415132,11
15.9,11.510000000000005,27.943396226415132,11
15.91,11.509999999999991,27.92452830188685,11
15.92,11.509999999999991,27.924528301886795,11
15.93,11.510000000000005,28.4423076923077,11
15.94,11.489999999999995,28.4423076923077,11
15.95,11.490000000000009,28.423076923076948,11
15.96,11.490000000000009,28.423076923076948,11
15.97,11.489999999999995,28.403846153846143,11
15.98,6.579999999999998,5.226869455006336,11
15.99,6.659999999999997,5.21012658227848,11
16.0,6.740000000000002,5.213197969543147,11
16.01,6.810000000000002,5.217557251908398,11
16.02,6.8899999999999935,5.214012738853504,11
16.03,6.969999999999999,5.223785166240409,11
16.04,7.049999999999997,5.226923076923077,11
16.05,7.130000000000003,5.2233632862644415,11
16.06,7.199999999999996,5.227799227799228,11
16.07,7.280000000000001,5.2309677419354825,11
16.08,7.359999999999999,5.234152652005173,11
16.09,7.440000000000005,5.237354085603113,11
16.1,7.510000000000005,5.235064935064936,11
16.11,7.589999999999996,5.245110821382008,11
16.12,7.670000000000002,5.248366013071895,11
16.13,7.740000000000002,5.246073298429319,11
16.14,7.82,5.256241787122208,11
16.15,7.890000000000001,5.253947368421052,11
16.16,7.969999999999999,5.2572559366754605,11
16.17,8.04,5.296937416777631,11
16.18,8.120000000000005,5.336021505376345,11
16.19,8.189999999999998,5.377204884667572,11
16.2,8.269999999999996,5.410396716826265,11
16.21,8.340000000000003,5.46058091286307,11
16.22,8.410000000000004,5.504189944134078,11
16.23,8.479999999999997,5.548660084626234,11
16.24,8.549999999999997,5.594017094017094,11
16.25,8.619999999999997,5.640287769784175,11
16.26,8.690000000000005,5.679245283018868,11
16.27,8.759999999999998,5.73568281938326,11
16.28,8.82,5.786350148367952,11
16.29,8.89,5.8365817091454275,11
16.3,8.96,5.887878787878788,11
16.31,9.019999999999996,5.941807044410414,11
16.32,9.089999999999996,5.995356037151701,11
16.33,9.149999999999999,6.051643192488261,11
16.34,9.21,6.109177215189874,11
16.35,9.280000000000001,6.166400000000001,11
16.36,9.339999999999996,6.22653721682848,11
16.37,9.399999999999999,6.288052373158757,11
16.38,9.46,6.350993377483444,11
16.39,9.520000000000003,6.404682274247491,11
16.4,9.579999999999998,6.481355932203389,11
16.41,9.64,6.548885077186963,11
16.42,9.689999999999998,6.619791666666669,11
16.43,9.75,6.6789473684210545,11
16.44,9.809999999999995,6.763345195729539,11
16.45,9.86,6.827338129496402,11
16.46,9.920000000000002,6.914233576642334,11
16.47,9.970000000000006,6.994454713493531,11
16.48,10.019999999999996,7.076779026217229,11
16.49,10.079999999999998,7.159392789373816,11
16.5,10.130000000000003,7.246153846153847,11
16.51,10.18,7.3352826510721245,11
16.52,10.229999999999997,7.4268774703557305,11
16.53,10.280000000000001,7.521042084168335,11
16.54,10.329999999999998,7.617886178861788,11
16.55,10.380000000000003,7.7175257731958755,11
16.56,10.43,7.82008368200837,11
16.57,10.469999999999999,7.927813163481953,11
16.58,10.520000000000003,8.019354838709676,11
16.59,10.57,8.148796498905908,11
16.6,10.610000000000007,8.266666666666666,11
16.61,10.649999999999999,8.388261851015802,11
16.62,10.700000000000003,8.511467889908257,11
16.63,10.740000000000002,8.64102564102564,11
16.64,10.780000000000001,8.774881516587678,11
16.65,10.82,8.913253012048193,11
16.66,10.870000000000005,9.05392156862745,11
16.67,10.909999999999997,9.20199501246883,11
16.68,10.939999999999998,9.35786802030457,11
16.69,10.979999999999997,9.516795865633076,11
16.7,11.020000000000003,9.681578947368417,11
16.71,11.059999999999995,9.852546916890079,11
16.72,11.089999999999996,10.032786885245905,11
16.73,11.129999999999995,10.217270194986074,11
16.74,11.170000000000002,10.40909090909091,11
16.75,11.200000000000003,10.580924855491332,11
16.76,11.230000000000004,10.82248520710059,11
16.77,11.270000000000003,11.039274924471295,11
16.78,11.300000000000004,11.268518518518515,11
16.79,11.320000000000007,11.507886435331228,11
16.8,11.330000000000013,11.75806451612903,11
16.81,11.319999999999993,11.980263157894742,11
16.82,11.319999999999993,12.25252525252525,11
16.83,11.310000000000002,12.58131487889273,11
16.84,11.319999999999993,12.882978723404253,11
16.85,11.310000000000002,13.2,11
16.86,11.310000000000002,13.537313432835823,11
16.87,11.310000000000002,13.888888888888891,11
16.88,11.310000000000002,14.263779527559056,11
16.89,11.300000000000011,14.655870445344126,11
16.9,11.310000000000016,15.075000000000001,11
16.91,11.299999999999983,15.51502145922747,11
16.92,11.299999999999997,15.916299559471367,11
16.93,11.299999999999983,16.488584474885847,11
16.94,11.289999999999992,17.023584905660385,11
16.95,11.290000000000006,17.595121951219504,11
16.96,11.289999999999992,18.207070707070702,11
16.97,11.290000000000006,18.86387434554974,11
16.98,11.280000000000015,19.570652173913047,11
16.99,11.279999999999987,20.333333333333343,11
17.0,11.280000000000015,21.16470588235295,11
17.01,11.279999999999987,22.06134969325152,11
17.02,11.269999999999996,22.891719745222925,11
17.03,11.279999999999987,24.114093959731534,11
17.04,11.269999999999996,25.288732394366196,11
17.05,11.269999999999996,26.59259259259259,11
17.06,11.269999999999996,28.039062500000014,11
17.07,11.27000000000001,29.652892561983457,11
17.08,11.260000000000005,31.464912280701743,11
17.09,11.27000000000001,33.50467289719625,11
17.1,11.26000000000002,35.84,11
17.11,11.259999999999991,38.537634408602166,11
17.12,11.25,39.806451612903174,11
17.13,11.259999999999991,39.774193548387075,11
17.14,11.25,39.774193548387075,11
17.15,11.25,39.77419354838698,11
17.16,11.25,39.74193548387088,11
17.17,11.25,41.06666666666655,11
17.18,11.240000000000009,41.06666666666655,11
17.19,11.250000000000014,41.033333333333246,11
17.2,11.240000000000009,41.03333333333315,11
17.21,11.239999999999995,41.033333333333246,11
17.22,11.22999999999999,41.033333333333246,11
17.23,11.239999999999995,40.99999999999994,11
17.24,11.230000000000004,40.99999999999994,11
17.25,11.230000000000004,40.999999999999844,11
17.26,11.22999999999999,40.96666666666654,11
17.27,11.230000000000018,40.96666666666654,11
17.28,11.219999999999999,40.96666666666654,11
17.29,11.230000000000018,40.93333333333324,11
17.3,11.219999999999999,40.93333333333324,11
17.31,11.219999999999999,40.93333333333324,11
17.32,11.219999999999999,40.899999999999935,11
17.33,11.219999999999999,40.899999999999935,11
17.34,11.210000000000008,40.899999999999935,11
17.35,11.210000000000008,40.89999999999984,11
17.36,11.210000000000008,40.86666666666654,11
17.37,11.210000000000008,40.86666666666654,11
17.38,11.200000000000017,40.86666666666654,11
17.39,11.210000000000008,40.833333333333236,11
17.4,11.199999999999989,40.833333333333236,11
17.41,11.199999999999989,40.833333333333236,11
17.42,11.199999999999989,40.79999999999993,11
17.43,11.199999999999989,40.79999999999993,11
17.44,11.189999999999998,40.79999999999993,11
17.45,11.189999999999998,40.79999999999984,11
17.46,11.189999999999998,40.76666666666654,11
17.47,11.189999999999998,40.76666666666654,11
17.48,11.179999999999978,40.76666666666663,11
17.49,11.189999999999998,40.733333333333235,11
17.5,11.179999999999978,40.733333333333235,11
17.51,11.180000000000007,40.733333333333235,11
17.52,11.169999999999987,40.733333333333235,11
17.53,11.180000000000007,40.69999999999993,11
17.54,11.180000000000007,42.10344827586222,11
17.55,11.170000000000016,42.10344827586212,11
17.56,11.180000000000007,42.068965517241466,11
17.57,11.170000000000016,42.068965517241466,11
17.58,11.169999999999987,42.06896551724156,11
17.59,11.170000000000016,42.034482758620804,11
17.6,11.169999999999987,42.034482758620804,11
17.61,11.159999999999997,42.034482758620804,11
17.62,11.159999999999997,42.034482758620804,11
17.63,11.159999999999997,42.00000000000015,11
17.64,11.159999999999997,42.00000000000015,11
17.65,11.150000000000006,42.00000000000005,11
17.66,11.159999999999997,41.96551724137939,11
17.67,11.150000000000006,41.96551724137939,11
17.68,11.149999999999977,41.96551724137949,11
17.69,11.139999999999986,41.96551724137949,11
17.7,11.149999999999977,41.93103448275873,11
17.71,11.139999999999986,41.93103448275873,11
17.72,11.140000000000015,41.93103448275873,11
17.73,11.139999999999986,41.89655172413807,11
17.74,11.140000000000015,41.89655172413807,11
17.75,11.130000000000024,41.89655172413798,11
17.76,11.129999999999995,41.89655172413807,11
17.77,11.130000000000024,41.86206896551732,11
17.78,11.129999999999995,41.862068965517416,11
17.79,11.120000000000005,41.862068965517416,11
17.8,11.129999999999995,41.82758620689666,11
17.81,11.129999999999995,41.82758620689666,11
17.82,11.120000000000005,41.82758620689666,11
17.83,11.120000000000005,41.82758620689666,11
17.84,11.120000000000005,41.793103448276,11
17.85,11.120000000000005,41.7931034482759,11
17.86,11.109999999999985,41.793103448276,11
17.87,11.120000000000005,41.758620689655245,11
17.88,11.109999999999985,41.758620689655345,11
17.89,11.109999999999985,41.758620689655345,11
17.9,11.109999999999985,41.72413793103458,11
17.91,11.109999999999985,41.72413793103458,11
17.92,11.099999999999994,41.72413793103458,11
17.93,11.100000000000023,43.21428571428579,11
17.94,11.099999999999994,43.17857142857154,11
17.95,11.100000000000023,43.17857142857144,11
17.96,11.090000000000003,43.17857142857154,11
17.97,11.090000000000003,43.17857142857154,11
17.98,11.099999999999994,43.14285714285729,11
17.99,11.090000000000003,43.14285714285729,11
18.0,11.090000000000003,43.14285714285718,11
18.01,11.090000000000003,43.10714285714293,11
18.02,11.090000000000003,43.10714285714293,11
18.03,11.080000000000013,43.10714285714293,11
18.04,11.079999999999984,43.10714285714303,11
18.05,11.080000000000013,43.07142857142858,11
18.06,11.079999999999984,43.071428571428676,11
18.07,11.069999999999993,43.071428571428676,11
18.08,11.079999999999984,43.03571428571443,11
18.09,11.069999999999993,43.03571428571443,11
18.1,11.069999999999993,43.03571428571432,11
18.11,11.060000000000002,43.03571428571432,11
18.12,11.069999999999993,43.00000000000007,11
18.13,11.070000000000022,43.00000000000007,11
18.14,11.060000000000002,43.00000000000017,11
18.15,11.069999999999993,42.964285714285815,11
18.16,11.060000000000002,42.964285714285815,11
18.17,11.060000000000002,42.964285714285815,11
18.18,11.050000000000011,42.964285714285815,11
18.19,11.060000000000002,42.928571428571566,11
18.2,11.050000000000011,42.92857142857146,11
18.21,11.050000000000011,42.92857142857146,11
18.22,11.050000000000011,42.89285714285721,11
18.23,11.050000000000011,42.89285714285721,11
18.24,11.039999999999992,42.89285714285731,11
18.25,11.039999999999992,42.89285714285721,11
18.26,11.049999999999983,42.857142857142954,11
18.27,11.039999999999992,42.857142857142954,11
18.28,11.039999999999992,42.857142857142954,11
18.29,11.030000000000001,42.857142857142954,11
18.3,11.04000000000002,42.8214285714286,11
18.31,11.030000000000001,42.8214285714286,11
18.32,11.030000000000001,42.821428571428704,11
18.33,11.029999999999973,44.37037037037051,11
18.34,11.030000000000001,44.37037037037051,11
18.35,11.02000000000001,44.3703703703704,11
18.36,11.02000000000001,44.3703703703704,11
18.37,11.030000000000001,44.3333333333334,11
18.38,11.02000000000001,44.3333333333334,11
18.39,11.02000000000001,44.3333333333334,11
18.4,11.009999999999991,44.3333333333334,11
18.41,11.02000000000001,44.29629629629629,11
18.42,11.009999999999991,44.2962962962964,11
18.43,11.009999999999991,44.2962962962964,11
18.44,11.009999999999991,44.259259259259395,11
18.45,11.009999999999991,44.25925925925929,11
18.46,11.009999999999991,44.25925925925929,11
18.47,11.0,44.25925925925929,11
18.48,11.01000000000002,44.222222222222285,11
18.49,11.0,44.222222222222285,11
18.5,11.0,44.222222222222285,11
18.51,10.990000000000009,44.222222222222285,11
18.52,11.0,44.18518518518528,11
18.53,10.990000000000009,44.18518518518528,11
18.54,10.990000000000009,44.18518518518528,11
18.55,10.990000000000009,44.148148148148174,11
18.56,10.990000000000009,44.148148148148174,11
18.57,10.990000000000009,44.148148148148174,11
18.58,10.97999999999999,44.14814814814828,11
18.59,10.990000000000009,44.11111111111117,11
18.6,10.97999999999999,44.11111111111117,11
18.61,10.97999999999999,44.11111111111117,11
18.62,10.969999999999999,44.11111111111117,11
18.63,10.97999999999999,44.07407407407416,11
18.64,10.969999999999999,44.07407407407416,11
18.65,10.969999999999999,44.07407407407406,11
18.66,10.969999999999999,44.07407407407416,11
18.67,10.969999999999999,44.03703703703706,11
18.68,10.969999999999999,44.03703703703716,11
18.69,10.960000000000008,44.03703703703716,11
18.7,10.969999999999999,44.00000000000005,11
18.71,10.960000000000008,44.00000000000005,11
18.72,10.960000000000008,44.00000000000005,11
18.73,10.960000000000008,44.00000000000005,11
18.74,10.960000000000008,45.65384615384621,11
18.75,10.960000000000008,45.6538461538461,11
18.76,10.949999999999989,45.65384615384621,11
18.77,10.949999999999989,45.65384615384621,11
18.78,10.949999999999989,45.615384615384706,11
18.79,10.949999999999989,45.615384615384706,11
18.8,10.939999999999998,45.6153846153846,11
18.81,10.939999999999998,45.6153846153846,11
18.82,10.950000000000017,45.576923076923094,11
18.83,10.939999999999998,45.576923076923094,11
18.84,10.939999999999998,45.5769230769232,11
18.85,10.930000000000007,45.576923076923094,11
18.86,10.939999999999998,45.53846153846159,11
18.87,10.930000000000007,45.53846153846159,11
18.88,10.930000000000007,45.53846153846159,11
18.89,10.939999999999998,45.500000000000085,11
18.9,10.930000000000007,45.49999999999998,11
18.91,10.930000000000007,45.49999999999998,11
18.92,10.919999999999987,45.500000000000085,11
18.93,10.930000000000007,45.461538461538474,11
18.94,10.919999999999987,45.46153846153858,11
18.95,10.919999999999987,45.461538461538474,11
18.96,10.919999999999987,45.461538461538474,11
18.97,10.919999999999987,45.42307692307697,11
18.98,10.920000000000016,45.42307692307697,11
18.99,10.909999999999997,45.42307692307697,11
19.0,10.910000000000025,45.42307692307686,11
19.01,10.909999999999997,45.38461538461536,11
19.02,10.909999999999997,45.384615384615465,11
19.03,10.909999999999997,45.384615384615465,11
19.04,10.900000000000006,45.384615384615465,11
19.05,10.909999999999997,45.346153846153854,11
19.06,10.900000000000006,45.346153846153854,11
19.07,10.900000000000006,45.346153846153854,11
19.08,10.890000000000015,45.346153846153854,11
19.09,10.900000000000006,45.30769230769235,11
19.1,10.899999999999977,45.30769230769235,11
19.11,10.889999999999986,45.30769230769235,11
19.12,10.889999999999986,45.30769230769235,11
19.13,10.889999999999986,45.269230769230845,11
19.14,10.889999999999986,45.269230769230845,11
19.15,10.879999999999995,45.26923076923074,11
19.16,10.890000000000015,45.23076923076923,11
19.17,10.890000000000015,47.039999999999964,11
19.18,10.880000000000024,47.039999999999964,11
19.19,10.879999999999995,47.04000000000008,11
19.2,10.879999999999995,47.0,11
19.21,10.879999999999995,47.0,11
19.22,10.879999999999995,47.0,11
19.23,10.870000000000005,47.0,11
19.24,10.879999999999995,46.960000000000036,11
19.25,10.870000000000005,46.95999999999992,11
19.26,10.870000000000005,46.95999999999992,11
19.27,10.859999999999985,46.960000000000036,11
19.28,10.869999999999976,46.92000000000007,11
19.29,10.870000000000005,46.92000000000007,11
19.3,10.859999999999985,46.91999999999996,11
19.31,10.860000000000014,46.91999999999996,11
19.32,10.860000000000014,46.879999999999995,11
19.33,10.860000000000014,46.879999999999995,11
19.34,10.850000000000023,46.879999999999995,11
19.35,10.849999999999994,46.879999999999995,11
19.36,10.860000000000014,55.76190476190444,11
19.37,10.849999999999994,55.76190476190504,11
19.38,10.849999999999994,55.761904761904574,11
19.39,10.849999999999994,55.76190476190504,11
19.4,10.849999999999994,58.54999999999973,11
19.41,10.840000000000003,58.550000000000246,11
19.42,10.849999999999994,51.785714285714405,11
19.43,10.840000000000003,45.281249999999986,11
19.44,10.840000000000003,40.25000000000009,11
19.45,10.849999999999994,36.22499999999999,11
19.46,10.840000000000003,32.909090909090985,11
19.47,10.840000000000003,30.166666666666618,11
19.48,10.840000000000003,28.939999999999998,11
19.49,10.830000000000013,28.939999999999998,11
19.5,10.840000000000003,28.920000000000016,11
19.51,10.840000000000003,29.510204081632658,11
19.52,10.830000000000013,29.48979591836731,11
19.53,10.830000000000013,29.48979591836731,11
19.54,10.829999999999984,29.469387755102023,11
19.55,10.829999999999984,29.469387755102023,11
19.56,10.819999999999993,29.448979591836736,11
19.57,10.819999999999993,29.44897959183668,11
19.58,10.829999999999984,29.42857142857139,11
19.59,10.829999999999984,29.42857142857139,11
19.6,10.819999999999993,29.408163265306104,11
19.61,10.819999999999993,29.40816326530616,11
19.62,10.819999999999993,29.387755102040757,11
19.63,10.810000000000002,29.387755102040813,11
19.64,10.810000000000002,29.367346938775526,11
19.65,10.809999999999974,29.367346938775526,11
19.66,10.820000000000022,29.34693877551024,11
19.67,10.810000000000002,29.346938775510182,11
19.68,10.810000000000002,29.326530612244895,11
19.69,10.810000000000002,29.326530612244895,11
19.7,10.799999999999983,29.306122448979607,11
19.71,10.800000000000011,29.306122448979607,11
19.72,10.800000000000011,29.28571428571426,11
19.73,10.810000000000002,29.28571428571426,11
19.74,10.800000000000011,29.874999999999982,11
19.75,10.800000000000011,29.874999999999982,11
19.76,10.800000000000011,29.854166666666668,11
19.77,10.79000000000002,29.854166666666607,11
19.78,10.79000000000002,29.854166666666607,11
19.79,10.789999999999992,29.833333333333293,11
19.8,10.79000000000002,29.833333333333293,11
19.81,10.789999999999992,29.81249999999998,11
19.82,10.789999999999992,29.81249999999998,11
19.83,10.789999999999992,29.791666666666604,11
19.84,10.780000000000001,29.791666666666664,11
19.85,10.780000000000001,29.77083333333335,11
19.86,10.789999999999992,29.77083333333335,11
19.87,10.780000000000001,29.749999999999975,11
19.88,10.780000000000001,29.749999999999975,11
19.89,10.780000000000001,29.72916666666666,11
19.9,10.780000000000001,29.72916666666666,11
19.91,10.77000000000001,29.708333333333346,11
19.92,10.769999999999982,29.70833333333329,11
19.93,10.780000000000001,29.687499999999975,11
19.94,10.77000000000001,29.687499999999975,11
19.95,10.769999999999982,29.66666666666666,11
19.96,10.769999999999982,29.66666666666666,11
19.97,10.759999999999991,29.645833333333286,11
19.98,10.759999999999991,30.276595744680787,11
19.99,10.769999999999982,30.255319148936128,11
20.0,10.759999999999991,30.255319148936128,11
20.01,10.759999999999991,30.255319148936128,11
20.02,10.759999999999991,30.234042553191404,11
20.03,10.76000000000002,30.234042553191465,11
20.04,10.75,30.21276595744674,11
20.05,10.759999999999991,30.212765957446802,11
20.06,10.76000000000002,30.191489361702143,11
20.07,10.75,30.191489361702082,11
20.08,10.75,30.17021276595742,11
20.09,10.75,30.17021276595742,11
20.1,10.73999999999998,30.14893617021276,11
20.11,10.75,30.14893617021276,11
20.12,10.75,32.930232558139416,11
20.13,10.73999999999998,32.93023255813955,11
20.14,10.740000000000009,33.69047619047621,11
20.15,10.740000000000009,33.69047619047621,11
20.16,10.740000000000009,33.69047619047621,11
20.17,10.740000000000009,33.66666666666671,11
20.18,10.730000000000018,34.487804878048735,11
20.19,10.730000000000018,34.46341463414632,11
20.2,10.72999999999999,34.46341463414632,11
20.21,10.72999999999999,34.4390243902439,11
20.22,10.72999999999999,34.46341463414632,11
20.23,10.72999999999999,35.29999999999998,11
20.24,10.72999999999999,35.29999999999998,11
20.25,10.740000000000009,35.274999999999935,11
20.26,10.72999999999999,35.274999999999935,11
20.27,10.72999999999999,36.15384615384609,11
20.28,10.72999999999999,36.15384615384609,11
20.29,10.719999999999999,36.15384615384625,11
20.3,10.730000000000018,36.12820512820525,11
20.31,10.72999999999999,37.05263157894743,11
20.32,10.719999999999999,37.05263157894743,11
20.33,10.72999999999999,37.05263157894725,11
20.34,10.719999999999999,37.02631578947359,11
20.35,10.72999999999999,37.02631578947384,11
20.36,10.719999999999999,38.02702702702698,11
20.37,10.719999999999999,37.9999999999999,11
20.38,10.719999999999999,37.9999999999999,11
20.39,10.719999999999999,37.97297297297327,11
20.4,10.719999999999999,37.972972972972826,11
20.41,10.710000000000008,39.02777777777787,11
20.42,10.719999999999999,39.02777777777749,11
20.43,10.719999999999999,39.00000000000004,11
20.44,10.719999999999999,38.972222222222285,11
20.45,10.719999999999999,39.00000000000004,11
20.46,10.710000000000008,40.085714285714126,11
20.47,10.710000000000008,40.08571428571453,11
20.48,10.70999999999998,40.05714285714313,11
20.49,10.710000000000008,40.05714285714272,11
20.5,10.70999999999998,41.23529411764711,11
20.51,10.710000000000008,41.23529411764711,11
20.52,10.719999999999999,41.20588235294117,11
20.53,10.710000000000008,41.20588235294125,11
20.54,10.70999999999998,41.20588235294117,11
20.55,10.710000000000008,41.17647058823531,11
20.56,10.70999999999998,42.39393939393964,11
20.57,10.710000000000008,42.393939393939185,11
20.58,10.710000000000008,42.393939393939185,11
20.59,10.699999999999989,42.39393939393964,11
20.6,10.710000000000008,42.36363636363655,11
20.61,10.699999999999989,43.68749999999993,11
20.62,10.710000000000008,43.68749999999993,11
20.63,10.699999999999989,43.65624999999996,11
20.64,10.710000000000008,43.65624999999996,11
20.65,10.700000000000017,43.624999999999986,11
20.66,10.699999999999989,45.06451612903192,11
20.67,10.710000000000008,45.03225806451582,11
20.68,10.700000000000017,45.03225806451625,11
20.69,10.699999999999989,45.00000000000024,11
20.7,10.699999999999989,44.99999999999963,11
20.71,10.700000000000017,44.99999999999963,11
20.72,10.710000000000008,46.5000000000005,11
20.73,10.699999999999989,46.46666666666655,11
20.74,10.700000000000017,46.46666666666655,11
20.75,10.700000000000017,46.46666666666655,11
20.76,10.699999999999989,46.4666666666671,11
20.77,10.699999999999989,46.433333333333245,11
20.78,10.689999999999998,48.034482758620754,11
20.79,10.690000000000026,48.034482758620264,11
20.8,10.700000000000017,48.034482758620854,11
20.81,10.699999999999989,48.0000000000001,11
20.82,10.699999999999989,47.96551724137944,11
20.83,10.689999999999998,49.67857142857122,11
20.84,10.699999999999989,49.67857142857195,11
20.85,10.700000000000017,49.67857142857184,11
20.86,10.690000000000026,49.67857142857122,11
20.87,10.700000000000017,49.64285714285696,11
20.88,10.689999999999998,49.64285714285696,11
20.89,10.699999999999989,51.48148148148148,11
20.9,10.689999999999998,51.44444444444448,11
20.91,10.699999999999989,51.48148148148158,11
20.92,10.689999999999998,51.4444444444439,11
20.93,10.689999999999998,51.44444444444458,11
20.94,10.699999999999989,51.40740740740747,11
20.95,10.689999999999998,51.407407407407575,11
20.96,10.689999999999998,53.384615384615046,11
20.97,10.689999999999998,53.38461538461578,11
20.98,10.699999999999989,53.34615384615427,11
20.99,10.689999999999998,53.34615384615354,11
21.0,10.689999999999998,53.34615384615354,11
21.01,10.689999999999998,53.34615384615427,11
21.02,10.689999999999998,55.440000000000055,11
21.03,10.689999999999998,55.440000000000055,11
21.04,10.689999999999998,55.440000000000055,11
21.05,10.689999999999998,55.43999999999994,11
21.06,10.690000000000026,55.39999999999998,11
21.07,10.689999999999998,55.39999999999998,11
21.08,10.689999999999998,55.39999999999998,11
21.09,10.689999999999998,57.708333333333684,11
21.1,10.689999999999998,57.666666666667055,11
21.11,10.690000000000026,57.666666666667055,11
21.12,10.689999999999998,57.6666666666662,11
21.13,10.689999999999998,57.6666666666662,11
21.14,10.689999999999998,57.625000000000306,11
21.15,10.689999999999998,57.625000000000426,11
21.16,10.689999999999998,60.13043478260864,11
21.17,10.689999999999998,60.13043478260864,11
21.18,10.689999999999998,60.08695652173899,11
21.19,10.689999999999998,60.08695652173899,11
21.2,10.690000000000026,60.08695652173911,11
21.21,10.689999999999998,60.08695652173911,11
21.22,10.689999999999998,60.08695652173899,11
21.23,10.689999999999998,62.77272727272761,11
21.24,10.689999999999998,62.77272727272761,11
21.25,10.689999999999998,62.77272727272659,11
21.26,10.689999999999998,62.77272727272761,11
21.27,10.689999999999998,62.7272727272731,11
21.28,10.689999999999998,62.727272727272975,11
21.29,10.689999999999998,62.72727272727209,11
21.3,10.689999999999998,65.71428571428648,11
21.31,10.689999999999998,65.66666666666636,11
21.32,10.689999999999998,65.6666666666665,11
21.33,10.689999999999998,65.66666666666636,11
21.34,10.689999999999998,65.66666666666761,11
21.35,10.689999999999998,65.66666666666636,11
21.36,10.699999999999989,65.66666666666636,11
21.37,10.689999999999998,65.61904761904736,11
21.38,10.689999999999998,68.89999999999903,11
21.39,10.689999999999998,68.90000000000025,11
21.4,10.689999999999998,68.85000000000029,11
21.41,10.689999999999998,68.90000000000025,11
21.42,10.689999999999998,68.84999999999907,11
21.43,10.689999999999998,68.85000000000015,11
21.44,10.689999999999998,68.85000000000029,11
21.45,10.690000000000026,68.85000000000029,11
21.46,10.689999999999998,72.4210526315784,11
21.47,10.689999999999998,72.47368421052724,11
21.48,10.689999999999998,72.4210526315784,11
21.49,10.689999999999998,72.4210526315784,11
21.5,10.689999999999998,72.4210526315784,11
21.51,10.690000000000026,72.42105263157977,11
21.52,10.699999999999989,72.36842105263244,11
21.53,10.699999999999989,72.36842105263109,11
21.54,10.689999999999998,76.38888888888901,11
21.55,10.689999999999998,76.38888888888901,11
21.56,10.689999999999998,76.3333333333335,11
21.57,10.690000000000026,76.3333333333335,11
21.58,10.700000000000017,76.33333333333334,11
21.59,10.699999999999989,76.3333333333335,11
21.6,10.699999999999989,76.3333333333335,11
21.61,10.689999999999998,76.3333333333335,11
21.62,10.689999999999998,80.82352941176379,11
21.63,10.699999999999989,80.76470588235208,11
21.64,10.699999999999989,80.76470588235392,11
21.65,10.689999999999998,80.76470588235375,11
21.66,10.699999999999989,80.76470588235208,11
21.67,10.700000000000017,80.76470588235208,11
21.68,10.689999999999998,80.70588235294204,11
21.69,10.699999999999989,80.70588235294204,11
21.7,10.699999999999989,80.70588235294036,11
21.71,10.699999999999989,85.74999999999991,11
21.72,10.699999999999989,85.74999999999991,11
21.73,10.689999999999998,85.74999999999991,11
21.74,10.699999999999989,85.74999999999991,11
21.75,10.699999999999989,85.68749999999997,11
21.76,10.699999999999989,85.68749999999997,11
21.77,10.700000000000017,85.68749999999997,11
21.78,10.700000000000017,85.68749999999997,11
21.79,10.700000000000017,85.68749999999997,11
21.8,10.699999999999989,91.40000000000092,11
21.81,10.699999999999989,91.33333333333412,11
21.82,10.699999999999989,91.33333333333431,11
21.83,10.699999999999989,91.33333333333215,11
21.84,10.699999999999989,91.33333333333431,11
21.85,10.699999999999989,91.33333333333431,11
21.86,10.699999999999989,91.33333333333431,11
21.87,10.710000000000008,91.33333333333215,11
21.88,10.710000000000008,91.26666666666536,11
21.89,10.700000000000017,97.78571428571387,11
21.9,10.700000000000017,97.78571428571387,11
21.91,10.710000000000008,97.78571428571387,11
21.92,10.699999999999989,97.78571428571387,11
21.93,10.699999999999989,97.78571428571387,11
21.94,10.70999999999998,97.71428571428517,11
21.95,10.699999999999989,97.78571428571387,11
21.96,10.710000000000008,97.71428571428537,11
21.97,10.710000000000008,97.78571428571635,11
21.98,10.70999999999998,97.71428571428537,11
21.99,10.710000000000008,105.23076923076987,11
22.0,10.710000000000008,105.23076923076721,11
22.01,10.710000000000008,105.2307692307701,11
22.02,10.70999999999998,105.15384615384708,11
22.03,10.710000000000008,105.15384615384686,11
22.04,10.710000000000008,105.15384615384421,11
22.05,10.719999999999999,105.2307692307701,11
22.06,10.70999999999998,105.15384615384686,11
22.07,10.710000000000008,105.15384615384686,11
22.08,10.710000000000008,105.15384615384421,11
22.09,10.710000000000008,113.91666666666899,11
22.1,10.710000000000008,113.91666666666899,11
22.11,10.719999999999999,113.83333333333236,11
22.12,10.719999999999999,113.83333333333236,11
22.13,10.719999999999999,113.8333333333326,11
22.14,10.710000000000008,113.83333333333573,11
22.15,10.710000000000008,113.83333333333236,11
22.16,10.719999999999999,113.83333333333236,11
22.17,10.719999999999999,113.83333333333236,11
22.18,10.70999999999998,113.75000000000247,11
22.19,10.719999999999999,113.7499999999991,11
22.2,10.719999999999999,124.1818181818188,11
22.21,10.719999999999999,124.09090909090578,11
22.22,10.720000000000027,124.09090909090979,11
22.23,10.719999999999999,124.09090909090979,11
22.24,10.72999999999999,124.09090909090979,11
22.25,10.719999999999999,,11
22.26,10.719999999999999,,11
22.27,10.730000000000018,,11
22.28,10.719999999999999,,11
22.29,10.719999999999999,,11
22.3,10.72999999999999,,11
22.31,10.72999999999999,,11
22.32,10.730000000000018,,11
22.33,10.72999999999999,,11
22.34,10.72999999999999,,11
22.35,10.730000000000018,,11
22.36,10.72999999999999,,11
22.37,10.72999999999999,,11
22.38,10.730000000000018,,11
22.39,10.72999999999999,,11
22.4,10.73999999999998,,11
22.41,10.740000000000009,,11
22.42,10.730000000000018,,11
22.43,10.72999999999999,,11
22.44,10.73999999999998,,11
22.45,10.72999999999999,,11
22.46,10.740000000000009,,11
22.47,10.740000000000009,,11
22.48,10.740000000000009,,11
22.49,10.740000000000009,,11
22.5,10.740000000000009,,11
22.51,10.740000000000009,,11
22.52,10.73999999999998,,11
22.53,10.73999999999998,,11
22.54,10.73999999999998,,11
22.55,10.75,,11
22.56,10.740000000000009,,11
22.57,10.740000000000009,,11
22.58,10.740000000000009,,11
22.59,10.740000000000009,,11
22.6,10.75,,11
22.61,10.75,,11
22.62,10.75,,11
22.63,10.75,,11
22.64,10.75,,11
22.65,10.75,,11
22.66,10.75,,11
22.67,10.75,,11
22.68,10.76000000000002,,11
22.69,10.75,,11
22.7,10.75,,11
22.71,10.759999999999991,,11
22.72,10.75,,11
22.73,10.759999999999991,,11
22.74,10.759999999999991,,11
22.75,10.759999999999991,,11
22.76,10.759999999999991,,11
22.77,10.76000000000002,,11
22.78,10.759999999999991,,11
22.79,10.769999999999982,,11
22.8,10.759999999999991,194.28571428572337,11
22.81,10.76000000000002,226.66666666667152,11
22.82,10.77000000000001,226.66666666667152,11
22.83,10.769999999999982,226.66666666665807,11
22.84,10.77000000000001,226.6666666666715,11
22.85,10.77000000000001,226.6666666666715,11
22.86,10.769999999999982,226.6666666666715,11
22.87,10.77000000000001,226.66666666665807,11
22.88,10.77000000000001,226.49999999999142,11
22.89,10.769999999999982,226.50000000000483,11
22.9,10.77000000000001,226.50000000000483,11
22.91,10.77000000000001,226.66666666665807,11
22.92,10.780000000000001,226.4999999999914,11
22.93,10.780000000000001,226.50000000000483,11
22.94,10.769999999999982,226.50000000000486,11
22.95,10.780000000000001,271.79999999999615,11
22.96,10.780000000000001,271.79999999999615,11
22.97,10.77000000000001,271.8000000000155,11
22.98,10.780000000000001,271.79999999999615,11
22.99,10.779999999999973,271.79999999999615,11
23.0,10.780000000000001,271.79999999999615,11
23.01,10.79000000000002,271.8000000000155,11
23.02,10.780000000000001,271.5999999999961,11
23.03,10.79000000000002,271.7999999999961,11
23.04,10.789999999999992,271.79999999999615,11
23.05,10.780000000000001,271.8000000000155,11
23.06,10.789999999999992,271.5999999999961,11
23.07,10.789999999999992,271.5999999999961,11
23.08,10.79000000000002,271.5999999999961,11
23.09,10.789999999999992,271.6000000000155,11
23.1,10.789999999999992,339.5000000000073,11
23.11,10.800000000000011,,11
23.12,10.799999999999983,,11
23.13,10.800000000000011,,11
23.14,10.789999999999992,,11
23.15,10.79000000000002,,11
23.16,10.789999999999992,,11
23.17,10.789999999999992,,11
23.18,10.79000000000002,,11
23.19,10.799999999999983,,11
23.2,10.800000000000011,,11
23.21,10.789999999999992,,11
23.22,10.789999999999992,,11
23.23,10.939999999999998,1144.999999999821,11
23.24,10.930000000000007,572.5000000000123,11
23.25,10.930000000000007,572.5000000000123,11
23.26,10.940000000000026,1144.999999999821,11
23.27,10.930000000000007,572.5000000000122,11
23.28,10.929999999999978,572.5000000000122,11
23.29,10.939999999999998,572.5000000000123,11
23.3,10.929999999999978,381.66666666665225,11
23.31,10.939999999999998,572.5000000000122,11
23.32,10.929999999999978,572.5000000000122,11
23.33,10.939999999999998,381.6666666666522,11
23.34,10.929999999999978,381.33333333331893,11
23.35,10.939999999999998,286.25000000000614,11
23.36,10.929999999999978,381.33333333331893,11
23.37,10.939999999999998,381.6666666666522,11
23.38,10.929999999999978,286.0000000000061,11
23.39,10.939999999999998,286.2500000000061,11
23.4,10.939999999999998,286.00000000000614,11
23.41,10.939999999999998,286.2500000000061,11
23.42,10.939999999999998,286.000000000006,11
23.43,10.939999999999998,286.25000000000614,11
23.44,10.939999999999998,228.79999999999674,11
23.45,10.939999999999998,228.79999999999677,11
23.46,10.939999999999998,286.00000000000614,11
23.47,10.939999999999998,228.79999999999671,11
23.48,10.939999999999998,228.79999999999677,11
23.49,10.949999999999989,228.79999999999674,11
23.5,10.939999999999998,190.66666666667075,11
23.51,10.939999999999998,228.79999999999674,11
23.52,10.939999999999998,190.6666666666707,11
23.53,10.949999999999989,190.66666666667075,11
23.54,10.939999999999998,190.6666666666707,11
23.55,10.939999999999998,163.42857142857076,11
23.56,10.939999999999998,190.5000000000041,11
23.57,10.939999999999998,190.66666666667075,11
23.58,10.939999999999998,163.42857142857076,11
23.59,10.949999999999989,163.4285714285708,11
23.6,10.950000000000017,163.42857142857076,11
23.61,10.950000000000017,163.28571428571362,11
23.62,10.949999999999989,163.2857142857136,11
23.63,10.940000000000026,163.28571428571362,11
23.64,10.81,142.87500000000307,11
23.65,10.81,142.87500000000304,11
23.66,10.809999999999999,142.87500000000307,11
23.67,10.809999999999999,142.87500000000304,11
23.68,10.81,142.87500000000304,11
23.69,10.81,127.00000000000018,11
23.7,10.81,127.0000000000002,11
23.71,10.81,142.87500000000307,11
23.72,10.81,127.0000000000002,11
23.73,10.809999999999999,127.00000000000021,11
23.74,10.809999999999999,127.0000000000002,11
23.75,10.809999999999999,114.19999999999838,11
23.76,10.819999999999999,126.88888888888911,11
23.77,10.82,126.88888888888907,11
23.78,10.82,114.20000000000243,11
23.79,10.82,114.10000000000244,11
23.8,10.81,114.19999999999835,11
23.81,10.81,114.20000000000243,11
23.82,10.82,114.20000000000245,11
23.83,10.82,114.10000000000245,11
23.84,10.82,103.72727272727326,11
23.85,10.809999999999999,103.81818181817901,11
23.86,10.82,103.72727272727326,11
23.87,10.82,103.72727272727326,11
23.88,10.82,103.72727272727326,11
23.89,10.82,95.08333333333255,11
23.9,10.819999999999999,95.08333333333255,11
23.91,10.82,103.63636363636417,11
23.92,10.82,95.08333333333536,11
23.93,10.820000000000002,95.00000000000202,11
23.94,10.82,94.9999999999992,11
23.95,10.82,87.69230769230596,11
23.96,10.820000000000002,95.00000000000202,11
23.97,10.820000000000002,95.00000000000202,11
23.98,10.819999999999999,87.69230769230838,11
23.99,10.819999999999999,87.69230769230599,11
24.0,10.82,87.6153846153829,11
24.01,10.82,87.69230769230835,11
24.02,10.819999999999999,87.6153846153853,11
24.03,10.819999999999999,87.6153846153829,11
24.04,10.83,81.3571428571425,11
24.05,10.82,81.3571428571425,11
24.06,10.829999999999998,87.5384615384622,11
24.07,10.819999999999999,81.35714285714462,11
24.08,10.819999999999999,81.35714285714256,11
24.09,10.83,75.86666666666561,11
24.1,10.82,75.86666666666561,11
24.11,10.82,81.28571428571604,11
24.12,10.830000000000002,81.28571428571601,11
24.13,10.820000000000002,81.28571428571395,11
24.14,10.820000000000002,75.86666666666558,11
24.15,10.83,75.79999999999893,11
24.16,10.83,81.21428571428746,11
24.17,10.83,81.2142857142854,11
24.18,10.82,81.2142857142854,11
24.19,10.82,75.79999999999893,11
24.2,10.830000000000002,75.73333333333225,11
24.21,10.830000000000002,81.14285714285887,11
24.22,10.830000000000002,81.14285714285681,11
24.23,10.830000000000002,81.14285714285681,11
24.24,10.830000000000002,75.73333333333225,11
24.25,10.830000000000002,75.73333333333404,11
24.26,10.830000000000002,81.14285714285887,11
24.27,10.830000000000002,81.14285714285681,11
24.28,10.830000000000002,81.14285714285681,11
24.29,10.830000000000002,75.73333333333225,11
24.3,10.830000000000002,75.73333333333404,11
24.31,10.830000000000002,81.07142857142826,11
24.32,10.830000000000002,81.07142857142826,11
24.33,10.830000000000002,81.07142857142826,11
24.34,10.830000000000002,75.6666666666656,11
24.35,10.830000000000002,75.60000000000069,11
24.36,10.830000000000002,80.99999999999964,11
24.37,10.830000000000002,80.99999999999964,11
24.38,10.830000000000002,80.99999999999964,11
24.39,10.829999999999998,75.60000000000072,11
24.4,10.829999999999998,75.60000000000072,11
24.41,10.829999999999998,80.99999999999967,11
24.42,10.829999999999998,80.92857142857112,11
24.43,10.84,80.92857142857112,11
24.44,10.830000000000002,75.53333333333406,11
24.45,10.830000000000002,75.53333333333406,11
24.46,10.84,80.92857142857112,11
24.47,10.829999999999998,80.92857142857109,11
24.48,10.829999999999998,80.92857142857109,11
24.49,10.84,75.46666666666738,11
24.5,10.830000000000002,75.53333333333404,11
24.51,10.830000000000002,80.85714285714253,11
24.52,10.840000000000003,80.85714285714253,11
24.53,10.829999999999998,80.85714285714253,11
24.54,10.839999999999996,75.40000000000073,11
24.55,10.829999999999998,75.46666666666738,11
24.56,10.84,80.78571428571398,11
24.57,10.830000000000002,80.85714285714253,11
24.58,10.84,80.78571428571398,11
24.59,10.830000000000002,75.40000000000069,11
24.6,10.840000000000003,75.40000000000069,11
24.61,10.839999999999996,80.78571428571398,11
24.62,10.829999999999998,80.78571428571398,11
24.63,10.84,80.71428571428537,11
24.64,10.830000000000002,75.40000000000069,11
24.65,10.840000000000003,75.33333333333402,11
24.66,10.839999999999996,80.71428571428542,11
24.67,10.829999999999998,80.71428571428542,11
24.68,10.84,80.64285714285681,11
24.69,10.84,75.26666666666738,11
24.7,10.840000000000003,75.33333333333402,11
24.71,10.829999999999998,80.71428571428542,11
24.72,10.839999999999996,80.64285714285681,11
24.73,10.84,80.64285714285681,11
24.74,10.84,75.26666666666738,11
24.75,10.840000000000003,75.26666666666738,11
24.76,10.84,80.64285714285681,11
24.77,10.830000000000002,80.64285714285681,11
24.78,10.84,80.57142857142826,11
24.79,10.840000000000003,75.20000000000071,11
24.8,10.839999999999996,75.20000000000071,11
24.81,10.84,80.57142857142826,11
24.82,10.84,80.57142857142826,11
24.83,10.840000000000003,80.5714285714282,11
24.84,10.839999999999996,75.13333333333406,11
24.85,10.84,75.13333333333406,11
24.86,10.840000000000003,80.49999999999964,11
24.87,10.839999999999996,80.4999999999997,11
24.88,10.84,80.4999999999997,11
24.89,10.84,75.13333333333402,11
24.9,10.850000000000001,75.06666666666736,11
24.91,10.849999999999998,80.42857142857113,11
24.92,10.840000000000003,80.49999999999964,11
24.93,10.839999999999996,80.42857142857113,11
24.94,10.839999999999996,75.06666666666736,11
24.95,10.840000000000003,75.06666666666736,11
24.96,10.850000000000001,80.35714285714253,11
24.97,10.849999999999994,80.35714285714253,11
24.98,10.840000000000003,80.42857142857109,11
24.99,10.840000000000003,75.00000000000071,11
25.0,10.850000000000001,74.99999999999893,11
25.01,10.850000000000001,80.35714285714253,11
25.02,10.839999999999996,80.35714285714253,11
25.03,10.850000000000001,80.35714285714253,11
25.04,10.850000000000001,74.93333333333406,11
25.05,10.839999999999996,74.99999999999893,11
25.06,10.850000000000001,80.28571428571398,11
25.07,10.839999999999996,78.14285714285684,11
25.08,10.850000000000001,78.07142857142823,11
25.09,10.850000000000001,72.86666666666562,11
25.1,10.849999999999994,74.93333333333229,11
25.11,10.850000000000001,78.07142857143023,11
25.12,10.849999999999994,77.9999999999997,11
25.13,10.850000000000001,78.07142857142823,11
25.14,10.850000000000001,72.79999999999897,11
25.15,10.849999999999994,74.86666666666562,11
25.16,10.850000000000001,78.00000000000168,11
25.17,10.839999999999996,77.9999999999997,11
25.18,10.850000000000001,77.99999999999967,11
25.19,10.849999999999994,72.73333333333233,11
25.2,10.850000000000001,74.79999999999893,11
25.21,10.850000000000001,77.92857142857112,11
25.22,10.850000000000001,77.92857142857112,11
25.23,10.850000000000001,77.92857142857112,11
25.24,10.850000000000001,72.73333333333228,11
25.25,10.850000000000001,74.79999999999893,11
25.26,10.850000000000001,77.85714285714253,11
25.27,10.850000000000001,77.92857142857112,11
25.28,10.850000000000001,77.92857142857109,11
25.29,10.850000000000001,72.66666666666737,11
25.3,10.850000000000001,74.73333333333228,11
25.31,10.850000000000001,77.85714285714256,11
25.32,10.86,77.78571428571398,11
25.33,10.850000000000001,77.85714285714256,11
25.34,10.850000000000001,72.66666666666734,11
25.35,10.850000000000001,74.66666666666558,11
25.36,10.850000000000001,77.78571428571395,11
25.37,10.849999999999994,77.785714285714,11
25.38,10.850000000000001,77.78571428571398,11
25.39,10.849999999999994,72.60000000000069,11
25.4,10.850000000000001,74.66666666666562,11
25.41,10.850000000000001,77.78571428571398,11
25.42,10.850000000000001,77.78571428571398,11
25.43,10.850000000000001,77.78571428571398,11
25.44,10.850000000000001,72.53333333333404,11
25.45,10.86,74.59999999999897,11
25.46,10.86,77.64285714285681,11
25.47,10.86,77.64285714285685,11
25.48,10.86,77.64285714285681,11
25.49,10.849999999999994,72.46666666666738,11
25.5,10.850000000000001,74.53333333333404,11
25.51,10.86,77.64285714285681,11
25.52,10.86,77.64285714285685,11
25.53,10.86,77.64285714285681,11
25.54,10.849999999999994,72.46666666666738,11
25.55,10.86,74.46666666666734,11
25.56,10.86,77.57142857142826,11
25.57,10.86,77.57142857142826,11
25.58,10.86,77.57142857142826,11
25.59,10.86,72.40000000000069,11
25.6,10.86,74.40000000000073,11
25.61,10.850000000000001,77.4999999999997,11
25.62,10.86,77.57142857142826,11
25.63,10.849999999999994,77.57142857142826,11
25.64,10.850000000000001,72.33333333333402,11
25.65,10.850000000000001,74.33333333333402,11
25.66,10.849999999999994,77.49999999999964,11
25.67,10.850000000000001,77.4999999999997,11
25.68,10.850000000000001,77.4999999999997,11
25.69,10.849999999999994,72.33333333333398,11
25.7,10.840000000000003,74.33333333333402,11
25.71,10.840000000000003,77.42857142857113,11
25.72,10.839999999999996,77.42857142857109,11
25.73,10.839999999999996,77.42857142857109,11
25.74,10.840000000000003,72.26666666666738,11
25.75,10.840000000000003,74.26666666666738,11
25.76,10.829999999999998,77.35714285714253,11
25.77,10.840000000000003,77.42857142857113,11
25.78,10.829999999999998,77.35714285714253,11
25.79,10.829999999999998,72.20000000000067,11
25.8,10.829999999999998,74.20000000000071,11
25.81,10.830000000000005,77.35714285714258,11
25.82,10.830000000000005,77.35714285714258,11
25.83,10.82,77.28571428571398,11
25.84,10.82,72.13333333333402,11
25.85,10.829999999999998,74.20000000000067,11
25.86,10.82,77.28571428571398,11
25.87,10.82,77.28571428571398,11
25.88,10.82,77.28571428571398,11
25.89,10.82,72.13333333333402,11
25.9,10.809999999999995,74.13333333333397,11
25.91,10.809999999999995,77.21428571428537,11
25.92,10.810000000000002,77.21428571428542,11
25.93,10.810000000000002,77.21428571428542,11
25.94,10.810000000000002,72.06666666666736,11
25.95,10.799999999999997,74.06666666666736,11
25.96,10.799999999999997,77.14285714285681,11
25.97,10.799999999999997,77.14285714285681,11
25.98,10.800000000000004,77.14285714285882,11
25.99,10.800000000000004,72.00000000000071,11
26.0,10.800000000000004,74.06666666666736,11
26.01,10.799999999999997,77.14285714285681,11
26.02,10.799999999999997,77.14285714285681,11
26.03,10.799999999999997,77.14285714285877,11
26.04,10.79,71.9333333333323,11
26.05,10.79,74.00000000000075,11
26.06,10.790000000000006,77.0714285714283,11
26.07,10.79,77.07142857142826,11
26.08,10.79,77.0714285714302,11
26.09,10.780000000000001,71.86666666666565,11
26.1,10.79,73.93333333333406,11
26.11,10.79,77.07142857142826,11
26.12,10.79,77.0714285714302,11
26.13,10.780000000000001,77.00000000000165,11
26.14,10.780000000000001,71.86666666666565,11
26.15,10.769999999999996,73.86666666666736,11
26.16,10.780000000000001,76.9999999999997,11
26.17,10.779999999999994,77.0000000000016,11
26.18,10.769999999999996,76.92857142857109,11
26.19,10.779999999999994,71.86666666666561,11
26.2,10.769999999999996,73.80000000000065,11
26.21,10.770000000000003,76.92857142857113,11
26.22,10.769999999999996,76.92857142857304,11
26.23,10.770000000000003,76.92857142857113,11
26.24,10.759999999999998,71.7333333333323,11
26.25,10.770000000000003,73.799999999999,11
26.26,10.759999999999998,76.85714285714448,11
26.27,10.770000000000003,76.9285714285731,11
26.28,10.760000000000005,76.85714285714258,11
26.29,10.75,71.66666666666565,11
26.3,10.760000000000005,73.7999999999989,11
26.31,10.75,76.78571428571593,11
26.32,10.760000000000005,76.85714285714258,11
26.33,10.759999999999998,76.85714285714253,11
26.34,10.750000000000007,71.66666666666569,11
26.35,10.75,73.7333333333323,11
26.36,10.75,76.78571428571593,11
26.37,10.750000000000007,76.78571428571402,11
26.38,10.75,76.78571428571398,11
26.39,10.740000000000009,71.59999999999904,11
26.4,10.750000000000007,73.6666666666656,11
26.41,10.75,76.78571428571593,11
26.42,10.739999999999995,76.71428571428537,11
26.43,10.740000000000002,76.71428571428542,11
26.44,10.739999999999995,71.59999999999894,11
26.45,10.730000000000004,73.599999999999,11
26.46,10.729999999999997,76.64285714285681,11
26.47,10.730000000000004,76.64285714285685,11
26.48,10.729999999999997,76.64285714285681,11
26.49,10.730000000000004,71.53333333333234,11
26.5,10.729999999999997,73.599999999999,11
26.51,10.719999999999992,76.5714285714282,11
26.52,10.719999999999999,76.57142857142826,11
26.53,10.719999999999999,76.57142857142826,11
26.54,10.720000000000006,71.46666666666738,11
26.55,10.719999999999999,73.5333333333322,11
26.56,10.720000000000006,76.5714285714283,11
26.57,10.719999999999999,76.57142857142826,11
26.58,10.720000000000006,76.5714285714283,11
26.59,10.719999999999999,71.46666666666734,11
26.6,10.71,73.4666666666656,11
26.61,10.709999999999994,76.49999999999964,11
26.62,10.710000000000008,76.49999999999974,11
26.63,10.71,76.4999999999997,11
26.64,10.710000000000008,71.40000000000073,11
26.65,10.699999999999996,73.399999999999,11
26.66,10.71,76.4999999999997,11
26.67,10.709999999999994,76.49999999999964,11
26.68,10.700000000000003,76.42857142857113,11
26.69,10.699999999999996,71.33333333333398,11
26.7,10.700000000000003,73.399999999999,11
26.71,10.700000000000003,76.42857142857113,11
26.72,10.699999999999996,76.42857142857109,11
26.73,10.700000000000003,76.42857142857113,11
26.74,10.689999999999998,71.26666666666733,11
26.75,10.700000000000003,73.33333333333402,11
26.76,10.690000000000005,76.35714285714258,11
26.77,10.689999999999998,76.35714285714253,11
26.78,10.690000000000005,76.35714285714258,11
26.79,10.689999999999998,71.26666666666733,11
26.8,10.68,73.26666666666733,11
26.81,10.690000000000005,76.35714285714258,11
26.82,10.679999999999993,76.28571428571392,11
26.83,10.690000000000005,76.35714285714258,11
26.84,10.680000000000007,71.20000000000071,11
26.85,10.679999999999993,73.20000000000071,11
26.86,10.680000000000007,76.28571428571402,11
26.87,10.680000000000007,76.28571428571402,11
26.88,10.669999999999987,76.21428571428531,11
26.89,10.680000000000007,71.20000000000071,11
26.9,10.670000000000002,73.13333333333402,11
26.91,10.669999999999987,76.21428571428531,11
26.92,10.670000000000002,76.21428571428542,11
26.93,10.670000000000002,76.21428571428542,11
26.94,10.669999999999987,71.13333333333392,11
26.95,10.670000000000002,73.13333333333402,11
26.96,10.659999999999997,76.14285714285681,11
26.97,10.659999999999997,76.14285714285681,11
26.98,10.670000000000002,76.21428571428542,11
26.99,10.659999999999997,71.06666666666732,11
27.0,10.659999999999997,73.06666666666732,11
27.01,10.66000000000001,76.14285714285691,11
27.02,10.66000000000001,76.14285714285691,11
27.03,10.649999999999991,76.0714285714282,11
27.04,10.649999999999991,71.00000000000061,11
27.05,10.650000000000006,73.06666666666732,11
27.06,10.650000000000006,76.0714285714283,11
27.07,10.650000000000006,76.0714285714283,11
27.08,10.649999999999991,76.0714285714282,11
27.09,10.649999999999991,71.00000000000061,11
27.1,10.650000000000006,73.00000000000071,11
27.11,10.650000000000006,76.0714285714283,11
27.12,10.650000000000006,76.0714285714283,11
27.13,10.64,75.9999999999997,11
27.14,10.629999999999995,70.86666666666731,11
27.15,10.64,72.933333333334,11
27.16,10.64,75.9999999999997,11
27.17,10.64,75.9999999999997,11
27.18,10.64,75.9999999999997,11
27.19,10.629999999999995,70.86666666666731,11
27.2,10.63000000000001,72.8666666666674,11
27.21,10.629999999999995,75.92857142857109,11
27.22,10.629999999999995,75.92857142857109,11
27.23,10.61999999999999,75.85714285714441,11
27.24,10.629999999999995,70.86666666666731,11
27.25,10.629999999999995,72.86666666666731,11
27.26,10.620000000000005,75.85714285714258,11
27.27,10.620000000000005,75.85714285714258,11
27.28,10.61,75.7857142857159,11
27.29,10.620000000000005,70.79999999999903,11
27.3,10.620000000000005,72.80000000000071,11
27.31,10.61,75.78571428571398,11
27.32,10.620000000000005,75.85714285714258,11
27.33,10.61,75.7857142857159,11
27.34,10.61,70.73333333333233,11
27.35,10.61,72.73333333333409,11
27.36,10.61,75.78571428571398,11
27.37,10.61,75.7857142857159,11
27.38,10.599999999999994,75.71428571428729,11
27.39,10.600000000000009,70.66666666666572,11
27.4,10.600000000000009,72.73333333333409,11
27.41,10.600000000000009,75.71428571428547,11
27.42,10.600000000000009,75.71428571428739,11
27.43,10.590000000000003,75.64285714285685,11
27.44,10.600000000000009,70.66666666666572,11
27.45,10.599999999999994,72.6666666666673,11
27.46,10.590000000000003,75.64285714285685,11
27.47,10.58999999999999,75.64285714285867,11
27.48,10.590000000000003,75.64285714285685,11
27.49,10.590000000000003,70.59999999999901,11
27.5,10.58999999999999,72.59999999999897,11
27.51,10.580000000000013,75.57142857143027,11
27.52,10.579999999999998,75.57142857143018,11
27.53,10.590000000000003,75.64285714285685,11
27.54,10.579999999999998,70.53333333333232,11
27.55,10.579999999999998,72.59999999999897,11
27.56,10.579999999999998,75.57142857143018,11
27.57,10.579999999999998,75.57142857142826,11
27.58,10.569999999999993,75.49999999999964,11
27.59,10.569999999999993,70.46666666666562,11
27.6,10.570000000000007,72.46666666666567,11
27.61,10.570000000000007,75.50000000000166,11
27.62,10.570000000000007,75.49999999999974,11
27.63,10.569999999999993,75.49999999999964,11
27.64,10.569999999999993,70.46666666666562,11
27.65,10.569999999999993,72.39999999999897,11
27.66,10.560000000000002,75.42857142857305,11
27.67,10.560000000000002,75.42857142857113,11
27.68,10.560000000000002,75.42857142857113,11
27.69,10.560000000000002,70.39999999999901,11
27.7,10.550000000000011,72.39999999999897,11
27.71,10.549999999999997,75.35714285714253,11
27.72,10.549999999999997,75.35714285714253,11
27.73,10.560000000000002,75.42857142857113,11
27.74,10.560000000000002,70.39999999999901,11
27.75,10.549999999999997,72.39999999999897,11
27.76,10.549999999999997,75.35714285714253,11
27.77,10.549999999999997,75.35714285714253,11
27.78,10.549999999999997,75.35714285714253,11
27.79,10.540000000000006,70.26666666666738,11
27.8,10.549999999999997,72.33333333333236,11
27.81,10.549999999999997,75.35714285714253,11
27.82,10.540000000000006,75.28571428571402,11
27.83,10.540000000000006,75.28571428571402,11
27.84,10.530000000000001,70.20000000000067,11
27.85,10.539999999999992,72.26666666666557,11
27.86,10.540000000000006,75.28571428571402,11
27.87,10.530000000000001,75.21428571428542,11
27.88,10.539999999999992,75.28571428571392,11
27.89,10.530000000000001,70.20000000000067,11
27.9,10.530000000000001,72.19999999999897,11
27.91,10.529999999999987,75.21428571428531,11
27.92,10.530000000000001,75.21428571428542,11
27.93,10.530000000000001,75.21428571428542,11
27.94,10.52000000000001,70.13333333333406,11
27.95,10.530000000000001,72.19999999999897,11
27.96,10.519999999999996,75.14285714285681,11
27.97,10.530000000000001,75.21428571428542,11
27.98,10.519999999999996,75.14285714285681,11
27.99,10.52000000000001,70.13333333333406,11
28.0,10.510000000000005,72.13333333333397,11
28.01,10.519999999999996,75.14285714285681,11
28.02,10.510000000000005,75.0714285714283,11
28.03,10.509999999999991,75.0714285714282,11
28.04,10.509999999999991,70.06666666666727,11
28.05,10.510000000000005,72.06666666666736,11
28.06,10.509999999999991,75.0714285714282,11
28.07,10.5,74.9999999999997,11
28.08,10.5,74.9999999999997,11
28.09,10.5,70.00000000000067,11
28.1,10.509999999999991,72.06666666666736,11
28.11,10.5,74.9999999999997,11
28.12,10.5,74.9999999999997,11
28.13,10.5,74.9999999999997,11
28.14,10.5,70.00000000000067,11
28.15,10.5,71.93333333333396,11
28.16,10.489999999999995,74.92857142857109,11
28.17,10.490000000000009,74.92857142857119,11
28.18,10.489999999999995,74.92857142857109,11
28.19,10.489999999999995,69.93333333333396,11
28.2,10.489999999999995,71.93333333333406,11
28.21,10.489999999999995,74.92857142857109,11
28.22,10.489999999999995,74.92857142857109,11
28.23,10.489999999999995,74.92857142857109,11
28.24,10.480000000000004,69.86666666666736,11
28.25,10.47999999999999,71.86666666666736,11
28.26,10.480000000000004,74.85714285714258,11
28.27,10.47999999999999,74.85714285714248,11
28.28,10.480000000000004,74.85714285714258,11
28.29,10.47999999999999,69.86666666666726,11
28.3,10.469999999999999,71.86666666666736,11
28.31,10.469999999999999,74.78571428571398,11
28.32,10.469999999999999,74.78571428571398,11
28.33,10.459999999999994,74.71428571428537,11
28.34,10.469999999999999,69.80000000000065,11
28.35,10.469999999999999,71.80000000000065,11
28.36,10.469999999999999,74.78571428571398,11
28.37,10.460000000000008,74.71428571428547,11
28.38,10.459999999999994,74.71428571428537,11
28.39,10.459999999999994,69.73333333333395,11
28.4,10.460000000000008,71.73333333333404,11
28.41,10.459999999999994,74.71428571428537,11
28.42,10.459999999999994,74.71428571428537,11
28.43,10.460000000000008,74.71428571428547,11
28.44,10.449999999999989,69.66666666666725,11
28.45,10.460000000000008,71.66666666666734,11
28.46,10.450000000000003,74.64285714285685,11
28.47,10.449999999999989,74.64285714285676,11
28.48,10.450000000000003,74.64285714285876,11
28.49,10.439999999999998,69.60000000000065,11
28.5,10.450000000000003,71.66666666666734,11
28.51,10.439999999999998,74.57142857142826,11
28.52,10.450000000000003,74.64285714285685,11
28.53,10.439999999999998,74.57142857143015,11
28.54,10.439999999999998,69.599999999999,11
28.55,10.439999999999998,74.57142857142826,11
28.56,10.439999999999998,74.57142857142826,11
28.57,10.429999999999993,74.49999999999964,11
28.58,10.430000000000007,74.50000000000163,11
28.59,10.429999999999993,69.5333333333323,11
28.6,10.429999999999993,74.49999999999964,11
28.61,10.429999999999993,74.49999999999964,11
28.62,10.420000000000002,74.42857142857302,11
28.63,10.420000000000002,74.42857142857302,11
28.64,10.429999999999993,69.5333333333323,11
28.65,10.429999999999993,74.49999999999964,11
28.66,10.420000000000002,74.42857142857113,11
28.67,10.420000000000002,74.42857142857302,11
28.68,10.420000000000002,74.42857142857113,11
28.69,10.420000000000002,69.46666666666569,11
28.7,10.409999999999997,74.35714285714253,11
28.71,10.41000000000001,74.35714285714263,11
28.72,10.41000000000001,74.35714285714452,11
28.73,10.409999999999997,74.35714285714253,11
28.74,10.409999999999997,69.399999999999,11
28.75,10.409999999999997,74.35714285714253,11
28.76,10.409999999999997,74.35714285714442,11
28.77,10.409999999999997,74.35714285714442,11
28.78,10.409999999999997,74.35714285714253,11
28.79,10.41000000000001,69.39999999999908,11
28.8,10.41000000000001,74.35714285714263,11
28.81,10.400000000000006,74.28571428571591,11
28.82,10.400000000000006,74.28571428571402,11
28.83,10.400000000000006,74.28571428571402,11
28.84,10.399999999999991,69.33333333333229,11
28.85,10.399999999999991,74.28571428571392,11
28.86,10.39,74.2142857142873,11
28.87,10.39,74.21428571428542,11
28.88,10.39,74.21428571428542,11
28.89,10.39,69.26666666666569,11
28.9,10.379999999999995,74.14285714285869,11
28.91,10.39,74.2142857142873,11
28.92,10.39,74.21428571428542,11
28.93,10.379999999999995,74.14285714285681,11
28.94,10.379999999999995,69.19999999999898,11
28.95,10.38000000000001,74.14285714285879,11
28.96,10.379999999999995,74.14285714285681,11
28.97,10.379999999999995,74.14285714285681,11
28.98,10.370000000000005,74.0714285714283,11
28.99,10.379999999999995,69.19999999999898,11
29.0,10.370000000000005,74.07142857143019,11
29.01,10.38000000000001,74.14285714285691,11
29.02,10.370000000000005,74.0714285714283,11
29.03,10.370000000000005,74.0714285714283,11
29.04,10.370000000000005,69.13333333333402,11
29.05,10.36,74.00000000000158,11
29.06,10.370000000000005,74.0714285714283,11
29.07,10.36,73.9999999999997,11
29.08,10.370000000000005,74.0714285714283,11
29.09,10.36,69.06666666666732,11
29.1,10.36,73.9999999999997,11
29.11,10.360000000000014,73.9999999999998,11
29.12,10.36,73.9999999999997,11
29.13,10.349999999999994,73.92857142857109,11
29.14,10.349999999999994,69.00000000000061,11
29.15,10.36,73.9999999999997,11
29.16,10.349999999999994,73.92857142857109,11
29.17,10.350000000000009,73.92857142857119,11
29.18,10.350000000000009,73.92857142857119,11
29.19,10.340000000000003,68.933333333334,11
29.2,10.349999999999994,73.92857142857109,11
29.21,10.349999999999994,73.92857142857109,11
29.22,10.33999999999999,73.85714285714248,11
29.23,10.340000000000003,73.85714285714258,11
29.24,10.340000000000003,68.933333333334,11
29.25,10.340000000000003,73.85714285714258,11
29.26,10.33999999999999,73.85714285714248,11
29.27,10.329999999999998,73.78571428571398,11
29.28,10.329999999999998,73.78571428571398,11
29.29,10.329999999999998,68.86666666666731,11
29.3,10.329999999999998,73.78571428571492,11
29.31,10.330000000000013,73.78571428571408,11
29.32,10.329999999999998,73.78571428571398,11
29.33,10.329999999999998,73.78571428571398,11
29.34,10.329999999999998,68.86666666666731,11
29.35,10.330000000000013,73.78571428571502,11
29.36,10.319999999999993,73.71428571428537,11
29.37,10.319999999999993,73.71428571428537,11
29.38,10.320000000000007,73.71428571428547,11
29.39,10.320000000000007,68.80000000000071,11
29.4,10.319999999999993,73.71428571428537,11
29.41,10.310000000000002,73.64285714285685,11
29.42,10.310000000000002,73.64285714285685,11
29.43,10.310000000000002,73.64285714285779,11
29.44,10.309999999999988,68.7333333333339,11
29.45,10.310000000000002,73.64285714285685,11
29.46,10.310000000000002,73.64285714285685,11
29.47,10.310000000000002,73.64285714285685,11
29.48,10.299999999999997,73.57142857142918,11
29.49,10.299999999999997,68.66666666666649,11
29.5,10.310000000000002,73.64285714285685,11
29.51,10.299999999999997,73.57142857142826,11
29.52,10.299999999999997,73.57142857142826,11
29.53,10.299999999999997,73.57142857142918,11
29.54,10.299999999999997,68.66666666666649,11
29.55,10.290000000000006,73.49999999999974,11
29.56,10.299999999999997,73.57142857142826,11
29.57,10.290000000000006,73.50000000000068,11
29.58,10.290000000000006,73.50000000000068,11
29.59,10.290000000000006,68.59999999999988,11
29.6,10.290000000000006,73.49999999999974,11
29.61,10.289999999999992,73.49999999999964,11
29.62,10.280000000000001,73.42857142857207,11
29.63,10.289999999999992,73.49999999999964,11
29.64,10.280000000000001,68.53333333333318,11
29.65,10.279999999999987,73.42857142857103,11
29.66,10.280000000000001,73.42857142857113,11
29.67,10.280000000000001,73.42857142857207,11
29.68,10.269999999999996,73.35714285714253,11
29.69,10.280000000000001,68.53333333333318,11
29.7,10.27000000000001,73.35714285714263,11
29.71,10.269999999999996,73.35714285714346,11
29.72,10.269999999999996,73.35714285714346,11
29.73,10.269999999999996,73.35714285714253,11
29.74,10.27000000000001,68.46666666666657,11
29.75,10.269999999999996,73.35714285714253,11
29.76,10.269999999999996,73.35714285714346,11
29.77,10.260000000000005,73.28571428571402,11
29.78,10.259999999999991,73.28571428571392,11
29.79,10.260000000000005,68.39999999999988,11
29.8,10.259999999999991,73.28571428571392,11
29.81,10.25,73.21428571428635,11
29.82,10.25,73.21428571428542,11
29.83,10.25,73.21428571428542,11
29.84,10.25,73.21428571428542,11
29.85,10.25,85.41666666666723,11
29.86,10.920000000000002,1092.0000000000234,11
29.87,10.920000000000002,1092.0000000000234,11
29.88,10.920000000000002,1092.0000000000234,11
29.89,10.929999999999993,,11
29.9,10.930000000000007,1093.0000000000239,11
29.91,10.930000000000007,1093.0000000000239,11
29.92,10.929999999999993,,11
29.93,10.930000000000007,,11
29.94,10.929999999999993,,11
29.95,10.930000000000007,,11
29.96,10.930000000000007,,11
29.97,10.929999999999993,,11
29.98,10.930000000000007,,11
29.99,10.929999999999993,,11
30.0,10.930000000000007,,11
30.01,10.930000000000007,,11
30.02,10.929999999999993,,11
30.03,10.930000000000007,,11
30.04,10.929999999999993,,11
30.05,10.930000000000007,,11
30.06,10.930000000000007,,11
30.07,10.929999999999993,,11
30.08,10.930000000000007,,11
30.09,10.929999999999993,,11
30.1,10.930000000000007,,11
30.11,10.930000000000007,,11
30.12,10.929999999999993,,11
30.13,10.930000000000007,,11
30.14,10.929999999999993,,11
30.15,10.930000000000007,,11
30.16,10.930000000000007,,11
30.17,10.929999999999993,,11
30.18,10.930000000000007,,11
30.19,10.929999999999993,,11
30.2,10.930000000000007,,11
30.21,10.930000000000007,,11
30.22,10.929999999999993,,11
30.23,10.930000000000007,,11
30.24,10.929999999999993,,11
30.25,10.930000000000007,,11
30.26,10.930000000000007,,11
30.27,10.929999999999993,,11
30.28,10.930000000000007,,11
30.29,10.929999999999993,,11
30.3,10.930000000000007,,11
30.31,10.930000000000007,,11
30.32,10.929999999999993,,11
30.33,10.930000000000007,,11
30.34,10.929999999999993,,11
30.35,10.930000000000007,,11
30.36,10.930000000000007,,11
30.37,10.929999999999993,,11
30.38,10.930000000000007,,11
30.39,10.929999999999993,,11
30.4,10.930000000000007,,11
30.41,10.930000000000007,,11
30.42,10.929999999999993,,11
30.43,10.930000000000007,,11
30.44,10.929999999999993,,11
30.45,10.930000000000007,,11
30.46,10.930000000000007,,11
30.47,10.929999999999993,,11
30.48,10.930000000000007,,11
30.49,10.929999999999993,,11
30.5,10.930000000000007,,11
30.51,10.930000000000007,,11
30.52,10.929999999999993,,11
30.53,10.930000000000007,,11
30.54,10.66,,11
30.55,10.68,,11
30.56,10.7,,11
30.57,10.71,,11
30.58,10.73,,11
30.59,10.75,,11
30.6,10.77,,11
30.61,10.8,,11
30.62,10.82,,11
30.63,10.84,,11
30.64,10.86,,11
30.65,10.879999999999999,,11
30.66,10.91,,11
30.67,10.930000000000001,,11
30.68,10.950000000000001,,11
30.69,10.950000000000001,,11
30.7,10.96,,11
30.71,10.95,,11
30.72,10.959999999999999,,11
30.73,10.950000000000001,,11
30.74,10.96,,11
30.75,10.95,,11
30.76,10.95,,11
30.77,10.96,,11
30.78,10.95,,11
30.79,10.95,,11
30.8,10.95,,11
30.81,10.95,,11
30.82,10.959999999999999,,11
30.83,10.959999999999999,,11
30.84,10.96,,11
30.85,10.96,,11
30.86,10.950000000000003,,11
30.87,10.95,,11
30.88,10.95,,11
30.89,10.95,705.3333333333275,11
30.9,10.96,325.53846153845956,11
30.91,10.950000000000003,201.5238095238087,11
30.92,10.95,151.14285714285748,11
30.93,10.959999999999997,120.88571428571441,11
30.94,10.95,100.73809523809526,11
30.95,10.96,86.34693877551017,11
30.96,10.95,75.53571428571422,11
30.97,10.96,68.20967741935473,11
30.98,10.95,60.414285714285775,11
30.99,10.96,54.90909090909094,11
31.0,10.950000000000003,50.9277108433735,11
31.01,10.95,46.43956043956043,11
31.02,10.96,43.556701030927805,11
31.03,10.95,40.2285714285714,11
31.04,10.950000000000003,37.705357142857174,11
31.05,10.95,35.77966101694916,11
31.06,10.95,33.50000000000001,11
31.07,10.96,31.721804511278194,11
31.08,10.96,30.34532374100718,11
31.09,10.96,28.68027210884352,11
31.1,10.959999999999997,27.370129870129883,11
31.11,10.95,26.167701863354043,11
31.12,10.949999999999996,25.221556886227546,11
31.13,10.950000000000003,24.057142857142853,11
31.14,10.95,23.120879120879117,11
31.15,10.960000000000004,22.25396825396825,11
31.16,10.95,21.448979591836725,11
31.17,10.95,20.69950738916257,11
31.18,10.96,20.6896551724138,11
31.19,10.95,20.679802955665032,11
31.2,10.96,20.669950738916263,11
31.21,10.95,20.660098522167473,11
31.22,10.96,20.650246305418708,11
31.23,10.95,20.635467980295573,11
31.24,10.960000000000004,20.63054187192119,11
31.25,10.95,20.62068965517242,11
31.26,10.950000000000003,20.61083743842365,11
31.27,10.92,20.600985221674865,11
31.28,10.93,20.5911330049261,11
31.29,10.92,20.57635467980296,11
31.3,10.92,20.566502463054192,11
31.31,10.930000000000001,20.556650246305427,11
31.32,10.93,20.54679802955666,11
31.33,10.93,20.541871921182256,11
31.34,10.93,20.53201970443349,11
31.35,10.93,20.522167487684733,11
31.36,10.93,20.507389162561584,11
31.37,10.93,20.502463054187196,11
31.38,10.93,20.487684729064046,11
31.39,10.93,20.482758620689644,11
31.4,10.93,20.467980295566495,11
31.41,10.92,20.458128078817722,11
31.42,10.920000000000002,20.45320197044336,11
31.43,10.93,20.443349753694587,11
31.44,10.920000000000002,20.428571428571434,11
31.45,10.920000000000002,20.41871921182267,11
31.46,10.93,20.40886699507388,11
31.47,10.919999999999998,20.4039408866995,11
31.48,10.930000000000001,20.389162561576363,11
31.49,10.919999999999998,20.379310344827594,11
31.5,10.93,20.369458128078826,11
31.51,10.919999999999998,20.359605911330053,11
31.52,10.919999999999998,20.34975369458127,11
31.53,10.93,20.339901477832505,11
31.54,10.919999999999998,20.330049261083747,11
31.55,10.919999999999998,20.320197044334982,11
31.56,10.93,20.310344827586214,11
31.57,10.93,20.300492610837445,11
31.58,10.93,20.290640394088662,11
31.59,10.93,20.28078817733989,11
31.6,10.93,20.270935960591142,11
31.61,10.93,20.261083743842374,11
31.62,10.93,20.24630541871922,11
31.63,10.93,20.241379310344836,11
31.64,10.93,20.231527093596046,11
31.65,10.93,20.216748768472897,11
31.66,10.919999999999998,20.211822660098512,11
31.67,10.92,20.197044334975377,11
31.68,10.93,20.192118226600993,11
31.69,10.920000000000002,20.177339901477836,11
31.7,10.92,20.167487684729068,11
31.71,10.93,20.16256157635467,11
31.72,10.920000000000002,20.152709359605897,11
31.73,10.93,20.14285714285715,11
31.74,10.919999999999998,20.133004926108384,11
31.75,10.929999999999998,20.12315270935961,11
31.76,10.92,20.10837438423646,11
31.77,10.92,20.098522167487676,11
31.78,10.93,20.088669950738904,11
31.79,10.920000000000002,20.083743842364537,11
31.8,10.920000000000002,20.068965517241388,11
31.81,10.930000000000001,20.064039408867004,11
31.82,10.930000000000001,20.04926108374385,11
31.83,10.93,20.039408866995068,11
31.84,10.93,20.029556650246295,11
31.85,10.93,20.019704433497544,11
31.86,10.93,20.009852216748776,11
31.87,10.93,20.000000000000004,11
31.88,10.93,19.99014778325124,11
31.89,10.929999999999998,19.980295566502452,11
31.9,10.929999999999998,19.970443349753687,11
31.91,10.920000000000002,19.960591133004915,11
31.92,10.920000000000002,19.950738916256164,11
31.93,10.93,19.9408866995074,11
31.94,10.919999999999998,19.931034482758623,11
31.95,10.919999999999998,19.921182266009858,11
31.96,10.93,19.911330049261075,11
31.97,10.92,19.901477832512303,11
31.98,10.930000000000001,19.88669950738917,11
31.99,10.92,19.881773399014783,11
32.0,10.929999999999998,19.871921182266014,11
32.01,10.920000000000002,19.862068965517253,11
32.02,10.92,19.85221674876846,11
32.03,10.93,20.34343434343434,11
32.04,10.92,21.07853403141361,11
32.05,10.920000000000002,21.869565217391308,11
32.06,10.93,22.723163841807914,11
32.07,10.93,23.6529411764706,11
32.08,10.929999999999998,24.6564417177914,11
32.09,10.93,25.749999999999993,11
32.1,10.930000000000001,26.953020134228183,11
32.11,10.929999999999998,28.274647887323944,11
32.12,10.93,29.507352941176478,11
32.13,10.930000000000001,31.343750000000018,11
32.14,10.93,33.14876033057849,11
32.15,10.93,35.17543859649121,11
32.16,10.920000000000002,37.46728971962615,11
32.17,10.92,39.68316831683169,11
32.18,10.93,42.627659574468105,11
32.19,10.919999999999998,46.58139534883724,11
32.2,10.920000000000002,50.69620253164562,11
32.21,10.93,55.61111111111105,11
32.22,10.920000000000002,61.59999999999997,11
32.23,10.93,69.01724137931033,11
32.24,10.919999999999998,78.47058823529414,11
32.25,10.93,90.95454545454555,11
32.26,10.919999999999998,105.31578947368449,11
32.27,10.919999999999998,133.36666666666636,11
32.28,10.93,163.57142857142796,11
32.29,10.919999999999998,137.39999999999998,11
32.3,10.919999999999998,118.4482758620693,11
32.31,10.93,104.0909090909085,11
32.32,10.93,92.81081081081054,11
32.33,10.93,83.75609756097559,11
32.34,10.93,76.31111111111125,11
32.35,10.93,70.06122448979563,11
32.36,10.93,64.75471698113192,11
32.37,10.93,60.21052631578946,11
32.38,10.93,56.24590163934432,11
32.39,10.93,52.784615384615215,11
32.4,10.93,49.710144927536156,11
32.41,10.920000000000002,46.972602739725986,11
32.42,10.920000000000002,44.519480519480545,11
32.43,10.93,42.32098765432106,11
32.44,10.920000000000002,40.3058823529411,11
32.45,10.920000000000002,38.49438202247189,11
32.46,10.929999999999996,36.827956989247326,11
32.47,10.920000000000002,35.29896907216499,11
32.48,10.93,33.891089108910826,11
32.49,10.919999999999998,33.22330097087375,11
32.5,10.929999999999996,33.21359223300968,11
32.51,10.920000000000002,33.20388349514558,11
32.52,10.920000000000002,33.194174757281516,11
32.53,10.930000000000003,33.17475728155336,11
32.54,10.919999999999998,33.17475728155336,11
32.55,10.919999999999998,33.16504854368928,11
32.56,10.93,33.155339805825214,11
32.57,10.93,33.13592233009706,11
32.58,10.93,33.45098039215688,11
32.59,10.930000000000003,33.45098039215688,11
32.6,10.930000000000003,33.441176470588246,11
32.61,10.929999999999996,33.43137254901963,11
32.62,10.929999999999996,33.41176470588236,11
32.63,10.93,33.40196078431373,11
32.64,10.93,33.401960784313744,11
32.65,10.93,33.392156862745104,11
32.66,10.920000000000002,33.37254901960785,11
32.67,10.920000000000002,33.362745098039234,11
32.68,10.93,33.36274509803922,11
32.69,10.93,33.3529411764706,11
32.7,10.920000000000002,33.33333333333335,11
32.71,10.93,33.32352941176472,11
32.72,10.920000000000002,33.31372549019611,11
32.73,10.93,33.3137254901961,11
32.74,10.930000000000003,33.29411764705885,11
32.75,10.93,33.284313725490215,11
32.76,10.920000000000002,33.27450980392158,11
32.77,10.93,33.26470588235296,11
32.78,10.93,33.26470588235296,11
32.79,10.920000000000002,33.57425742574253,11
32.8,10.93,33.564356435643504,11
32.81,10.929999999999996,33.55445544554449,11
32.82,10.929999999999996,33.55445544554452,11
32.83,10.930000000000003,33.53465346534649,11
32.84,10.93,33.524752475247475,11
32.85,10.93,33.514851485148455,11
32.86,10.93,33.50495049504944,11
32.87,10.93,33.49504950495043,11
32.88,10.929999999999996,33.48514851485144,11
32.89,10.930000000000003,33.475247524752426,11
32.9,10.930000000000003,33.46534653465341,11
32.91,10.93,33.45544554455441,11
32.92,10.93,33.44554455445541,11
32.93,10.930000000000003,33.4356435643564,11
32.94,10.930000000000003,33.42574257425736,11
32.95,10.93,33.41584158415835,11
32.96,10.93,33.40594059405935,11
32.97,10.93,33.39603960396036,11
32.98,10.939999999999998,33.386138613861334,11
32.99,10.93,33.37623762376232,11
33.0,10.939999999999998,33.69,11
33.01,10.93,33.68999999999998,11
33.02,10.93,33.68000000000001,11
33.03,10.940000000000005,33.67,11
33.04,10.93,33.66,11
33.05,10.93,33.64999999999999,11
33.06,10.940000000000005,33.639999999999986,11
33.07,10.939999999999998,33.63000000000001,11
33.08,10.939999999999998,33.620000000000005,11
33.09,10.939999999999998,33.61,11
33.1,10.939999999999998,33.599999999999994,11
33.11,10.940000000000005,33.59000000000002,11
33.12,10.939999999999998,33.58,11
33.13,10.940000000000005,33.56,11
33.14,10.939999999999998,33.56,11
33.15,10.940000000000005,33.54999999999998,11
33.16,10.939999999999998,33.540000000000006,11
33.17,10.939999999999998,33.52000000000001,11
33.18,10.939999999999998,33.52000000000001,11
33.19,10.940000000000005,33.50999999999999,11
33.2,10.939999999999998,33.499999999999986,11
33.21,10.940000000000005,33.82828282828277,11
33.22,10.939999999999998,33.818181818181756,11
33.23,10.950000000000003,33.80808080808074,11
33.24,10.939999999999998,33.79797979797972,11
33.25,10.950000000000003,33.78787878787874,11
33.26,10.939999999999998,33.77777777777769,11
33.27,10.949999999999996,33.767676767676704,11
33.28,10.950000000000003,33.757575757575694,11
33.29,10.939999999999998,33.747474747474676,11
33.3,10.950000000000003,33.72727272727265,11
33.31,10.950000000000003,33.72727272727268,11
33.32,10.950000000000003,33.71717171717166,11
33.33,10.949999999999996,33.70707070707063,11
33.34,10.950000000000003,33.69696969696962,11
33.35,10.950000000000003,33.686868686868614,11
33.36,10.949999999999996,33.67676767676761,11
33.37,10.949999999999996,33.6666666666666,11
33.38,10.950000000000003,33.65656565656558,11
33.39,10.950000000000003,33.64646464646458,11
33.4,10.949999999999996,33.636363636363555,11
33.41,10.950000000000003,33.626262626262566,11
33.42,10.950000000000003,33.61616161616155,11
33.43,10.96,33.94897959183672,11
33.44,10.949999999999996,33.93877551020406,11
33.45,10.949999999999996,33.92857142857143,11
33.46,10.96,33.91836734693877,11
33.47,10.950000000000003,33.908163265306115,11
33.48,10.96,33.89795918367345,11
33.49,10.96,33.88775510204079,11
33.5,10.96,33.87755102040816,11
33.51,10.949999999999996,33.87755102040815,11
33.52,10.96,33.85714285714285,11
33.53,10.96,33.84693877551019,11
33.54,10.96,33.83673469387752,11
33.55,10.96,33.836734693877546,11
33.56,10.96,33.816326530612244,11
33.57,10.96,33.80612244897957,11
33.58,10.969999999999999,33.795918367346914,11
33.59,10.969999999999999,33.795918367346914,11
33.6,10.969999999999999,33.77551020408161,11
33.61,10.969999999999999,33.76530612244897,11
33.62,10.969999999999999,33.75510204081631,11
33.63,10.969999999999999,33.75510204081631,11
33.64,10.969999999999999,33.74489795918367,11
33.65,10.969999999999999,34.07216494845366,11
33.66,10.969999999999999,34.06185567010314,11
33.67,10.969999999999999,34.06185567010312,11
33.68,10.969999999999999,34.0515463917526,11
33.69,10.969999999999999,34.03092783505158,11
33.7,10.969999999999999,34.02061855670109,11
33.71,10.970000000000006,34.02061855670107,11
33.72,10.970000000000006,34.01030927835055,11
33.73,10.980000000000004,33.989690721649524,11
33.74,10.969999999999999,33.979381443299005,11
33.75,10.979999999999997,33.97938144329902,11
33.76,10.969999999999999,33.9690721649485,11
33.77,10.979999999999997,33.94845360824747,11
33.78,10.980000000000004,33.938144329896936,11
33.79,10.969999999999999,33.938144329896936,11
33.8,10.979999999999997,33.927835051546445,11
33.81,10.979999999999997,33.91752577319592,11
33.82,10.979999999999997,33.9072164948454,11
33.83,10.980000000000004,33.89690721649488,11
33.84,10.990000000000009,33.88659793814438,11
33.85,10.989999999999995,33.87628865979387,11
33.86,10.990000000000002,33.86597938144333,11
33.87,10.989999999999995,34.20833333333331,11
33.88,10.989999999999995,34.19791666666662,11
33.89,10.990000000000002,34.18749999999999,11
33.9,10.989999999999995,34.17708333333331,11
33.91,10.990000000000002,34.16666666666665,11
33.92,10.980000000000004,34.156249999999964,11
33.93,10.990000000000002,34.14583333333331,11
33.94,10.990000000000009,34.14583333333331,11
33.95,10.989999999999995,34.12499999999999,11
33.96,10.990000000000009,34.1145833333333,11
33.97,10.989999999999995,34.1145833333333,11
33.98,10.999999999999993,34.10416666666664,11
33.99,10.990000000000002,34.0833333333333,11
34.0,10.999999999999993,34.07291666666664,11
34.01,10.990000000000002,34.07291666666664,11
34.02,10.999999999999993,34.06249999999996,11
34.03,11.000000000000007,34.041666666666615,11
34.04,10.989999999999995,34.031249999999986,11
34.05,10.999999999999993,34.031249999999986,11
34.06,11.0,34.0208333333333,11
34.07,11.0,34.010416666666615,11
34.08,10.999999999999993,33.99999999999996,11
34.09,11.010000000000005,34.347368421052686,11
34.1,11.010000000000005,34.33684210526319,11
34.11,11.009999999999998,34.326315789473696,11
34.12,11.009999999999991,34.315789473684234,11
34.13,11.010000000000005,34.305263157894736,11
34.14,11.009999999999998,34.2947368421053,11
34.15,11.009999999999998,34.28421052631581,11
34.16,11.010000000000005,34.27368421052634,11
34.17,11.010000000000005,34.26315789473685,11
34.18,11.010000000000005,34.252631578947415,11
34.19,11.009999999999998,34.25263157894739,11
34.2,11.009999999999998,34.231578947368455,11
34.21,11.010000000000005,34.221052631578964,11
34.22,11.010000000000005,34.2105263157895,11
34.23,11.010000000000005,34.2105263157895,11
34.24,11.010000000000005,34.20000000000004,11
34.25,11.009999999999991,34.17894736842108,11
34.26,11.019999999999996,34.17894736842108,11
34.27,11.010000000000005,34.16842105263158,11
34.28,11.010000000000005,34.157894736842145,11
34.29,11.02000000000001,34.13684210526319,11
34.3,11.019999999999996,34.13684210526319,11
34.31,11.019999999999996,34.12631578947369,11
34.32,11.010000000000005,34.47872340425527,11
34.33,11.02000000000001,34.46808510638291,11
34.34,11.019999999999996,34.45744680851061,11
34.35,11.019999999999996,34.44680851063825,11
34.36,11.019999999999996,34.436170212765916,11
34.37,11.019999999999996,34.436170212765916,11
34.38,11.02000000000001,34.41489361702126,11
34.39,11.019999999999996,34.404255319148895,11
34.4,11.019999999999996,34.404255319148895,11
34.41,11.019999999999996,34.39361702127653,11
34.42,11.019999999999996,34.372340425531874,11
34.43,11.02000000000001,34.36170212765954,11
34.44,11.019999999999996,34.36170212765954,11
34.45,11.030000000000001,34.35106382978718,11
34.46,11.019999999999996,34.32978723404252,11
34.47,11.019999999999996,34.329787234042485,11
34.48,11.02000000000001,34.31914893617019,11
34.49,11.030000000000001,34.308510638297825,11
34.5,11.030000000000001,34.28723404255313,11
34.51,11.019999999999996,34.28723404255313,11
34.52,11.030000000000001,34.276595744680805,11
34.53,11.030000000000001,34.26595744680847,11
34.54,11.030000000000001,34.26595744680847,11
34.55,11.030000000000001,34.61290322580646,11
34.56,11.030000000000001,34.602150537634394,11
34.57,11.030000000000001,34.60215053763443,11
34.58,11.030000000000001,34.591397849462396,11
34.59,11.030000000000001,34.569892473118294,11
34.6,11.030000000000001,34.55913978494623,11
34.61,11.030000000000001,34.55913978494623,11
34.62,11.030000000000001,34.54838709677423,11
34.63,11.030000000000001,34.52688172043013,11
34.64,11.039999999999992,34.52688172043013,11
34.65,11.030000000000001,34.51612903225807,11
34.66,11.030000000000001,34.505376344086,11
34.67,11.030000000000001,34.50537634408604,11
34.68,11.039999999999992,34.48387096774197,11
34.69,11.039999999999992,34.4731182795699,11
34.7,11.030000000000001,34.46236559139784,11
34.71,11.030000000000001,34.46236559139787,11
34.72,11.040000000000006,34.440860215053746,11
34.73,11.039999999999992,34.43010752688174,11
34.74,11.039999999999992,34.43010752688174,11
34.75,11.039999999999992,34.41935483870968,11
34.76,11.040000000000006,34.39784946236558,11
34.77,11.040000000000006,34.39784946236561,11
34.78,11.039999999999992,34.76086956521735,11
34.79,11.039999999999992,34.749999999999936,11
34.8,11.039999999999992,34.72826086956514,11
34.81,11.040000000000006,34.72826086956514,11
34.82,11.040000000000006,34.71739130434776,11
34.83,11.049999999999997,34.70652173913038,11
34.84,11.039999999999992,34.70652173913038,11
34.85,11.039999999999992,34.684782608695585,11
34.86,11.040000000000006,34.67391304347817,11
34.87,11.050000000000011,34.6739130434782,11
34.88,11.049999999999997,34.66304347826079,11
34.89,11.039999999999992,34.64130434782603,11
34.9,11.039999999999992,34.64130434782603,11
34.91,11.049999999999997,34.630434782608646,11
34.92,11.050000000000011,34.619565217391234,11
34.93,11.049999999999997,34.59782608695647,11
34.94,11.039999999999992,34.59782608695647,11
34.95,11.049999999999997,34.58695652173906,11
34.96,11.049999999999997,34.57608695652168,11
34.97,11.050000000000011,34.57608695652168,11
34.98,11.050000000000011,34.55434782608688,11
34.99,11.049999999999997,34.543478260869506,11
35.0,11.049999999999997,34.543478260869506,11
35.01,11.049999999999997,34.91208791208792,11
35.02,11.059999999999988,34.89010989010988,11
35.03,11.050000000000011,34.89010989010988,11
35.04,11.049999999999997,34.879120879120855,11
35.05,11.049999999999997,34.868131868131854,11
35.06,11.060000000000002,34.85714285714285,11
35.07,11.059999999999988,34.84615384615385,11
35.08,11.050000000000011,34.83516483516482,11
35.09,11.049999999999997,34.83516483516482,11
35.1,11.060000000000002,34.824175824175846,11
35.11,11.060000000000002,34.80219780219782,11
35.12,11.049999999999997,34.79120879120878,11
35.13,11.049999999999997,34.79120879120878,11
35.14,11.060000000000002,34.78021978021975,11
35.15,11.060000000000002,34.758241758241745,11
35.16,11.060000000000002,34.75824175824178,11
35.17,11.049999999999997,34.747252747252745,11
35.18,11.059999999999988,34.736263736263716,11
35.19,11.060000000000002,34.725274725274716,11
35.2,11.060000000000002,34.71428571428568,11
35.21,11.070000000000007,34.703296703296715,11
35.22,11.060000000000002,34.703296703296715,11
35.23,11.059999999999988,34.68131868131868,11
35.24,11.060000000000002,35.05555555555545,11
35.25,11.070000000000007,35.05555555555545,11
35.26,11.070000000000007,35.04444444444439,11
35.27,11.060000000000002,35.03333333333325,11
35.28,11.059999999999988,35.02222222222215,11
35.29,11.069999999999993,35.01111111111102,11
35.3,11.070000000000007,34.999999999999915,11
35.31,11.060000000000002,34.999999999999915,11
35.32,11.060000000000002,34.97777777777772,11
35.33,11.069999999999993,34.96666666666658,11
35.34,11.069999999999993,34.96666666666658,11
35.35,11.070000000000007,34.955555555555485,11
35.36,11.060000000000002,34.933333333333245,11
35.37,11.070000000000007,34.933333333333245,11
35.38,11.069999999999993,34.922222222222146,11
35.39,11.069999999999993,34.91111111111101,11
35.4,11.070000000000007,34.91111111111105,11
35.41,11.070000000000007,34.888888888888815,11
35.42,11.070000000000007,34.87777777777771,11
35.43,11.069999999999993,34.87777777777768,11
35.44,11.079999999999998,34.86666666666661,11
35.45,11.069999999999993,34.84444444444434,11
35.46,11.070000000000007,34.84444444444438,11
35.47,11.069999999999993,34.83333333333324,11
35.48,11.079999999999998,35.2134831460674,11
35.49,11.079999999999998,35.202247191011196,11
35.5,11.069999999999993,35.19101123595506,11
35.51,11.070000000000007,35.17977528089886,11
35.52,11.079999999999998,35.17977528089886,11
35.53,11.079999999999998,35.15730337078649,11
35.54,11.079999999999998,35.146067415730315,11
35.55,11.070000000000007,35.146067415730315,11
35.56,11.079999999999998,35.13483146067415,11
35.57,11.079999999999998,35.12359550561794,11
35.58,11.079999999999998,35.11235955056178,11
35.59,11.069999999999993,35.10112359550558,11
35.6,11.079999999999998,35.08988764044943,11
35.61,11.079999999999998,35.089887640449405,11
35.62,11.079999999999998,35.06741573033707,11
35.63,11.079999999999998,35.05617977528087,11
35.64,11.079999999999998,35.056179775280896,11
35.65,11.079999999999998,35.044943820224695,11
35.66,11.080000000000013,35.02247191011236,11
35.67,11.08999999999999,35.02247191011232,11
35.68,11.090000000000003,35.01123595505615,11
35.69,11.079999999999998,34.999999999999986,11
35.7,11.079999999999998,34.999999999999986,11
35.71,11.090000000000003,34.97752808988761,11
35.72,11.08999999999999,35.36363636363641,11
35.73,11.079999999999998,35.363636363636374,11
35.74,11.079999999999998,35.35227272727278,11
35.75,11.090000000000003,35.329545454545496,11
35.76,11.090000000000003,35.329545454545496,11
35.77,11.090000000000003,35.31818181818184,11
35.78,11.079999999999998,35.31818181818184,11
35.79,11.090000000000003,35.295454545454554,11
35.8,11.090000000000003,35.28409090909096,11
35.81,11.08999999999999,35.28409090909096,11
35.82,11.090000000000003,35.2727272727273,11
35.83,11.08999999999999,35.25000000000002,11
35.84,11.090000000000003,35.25000000000005,11
35.85,11.090000000000003,35.238636363636424,11
35.86,11.08999999999999,35.22727272727277,11
35.87,11.090000000000003,35.22727272727277,11
35.88,11.090000000000003,35.20454545454548,11
35.89,11.090000000000003,35.193181818181856,11
35.9,11.100000000000009,35.193181818181856,11
35.91,11.099999999999994,35.18181818181823,11
35.92,11.08999999999999,35.15909090909095,11
35.93,11.090000000000003,35.15909090909095,11
35.94,11.099999999999994,35.14772727272732,11
35.95,11.100000000000009,35.14772727272732,11
35.96,11.099999999999994,35.52873563218386,11
35.97,11.08999999999999,35.51724137931031,11
35.98,11.099999999999994,35.51724137931028,11
35.99,11.100000000000009,35.50574712643676,11
36.0,11.100000000000009,35.49425287356317,11
36.01,11.090000000000003,35.48275862068962,11
36.02,11.099999999999994,35.47126436781603,11
36.03,11.099999999999994,35.459770114942515,11
36.04,11.100000000000009,35.45977011494248,11
36.05,11.100000000000009,35.43678160919538,11
36.06,11.100000000000009,35.42528735632179,11
36.07,11.099999999999994,35.42528735632179,11
36.08,11.099999999999994,35.413793103448235,11
36.09,11.100000000000009,35.40229885057469,11
36.1,11.110000000000014,35.3908045977011,11
36.11,11.100000000000009,35.379310344827545,11
36.12,11.099999999999994,35.379310344827545,11
36.13,11.11,35.367816091954,11
36.14,11.11,35.344827586206854,11
36.15,11.100000000000009,35.344827586206854,11
36.16,11.100000000000009,35.33333333333327,11
36.17,11.11,35.32183908045975,11
36.18,11.110000000000014,35.310344827586164,11
36.19,11.11,35.29885057471261,11
36.2,11.100000000000009,35.29885057471261,11
36.21,11.110000000000014,35.69767441860466,11
36.22,11.109999999999985,35.67441860465116,11
36.23,11.11,35.674418604651194,11
36.24,11.110000000000014,35.66279069767446,11
36.25,11.110000000000014,35.6511627906977,11
36.26,11.109999999999985,35.63953488372096,11
36.27,11.11,35.62790697674419,11
36.28,11.110000000000014,7.923611111111106,11
36.29,11.110000000000014,7.913194444444445,11
36.3,11.11,7.930313588850178,11
36.31,11.11,7.94755244755245,11
36.32,11.120000000000005,7.968421052631583,11
36.33,11.11999999999999,7.985915492957744,11
36.34,11.11,7.975352112676053,11
36.35,11.110000000000014,7.992932862190809,11
36.36,11.120000000000005,8.010638297872335,11
36.37,11.11999999999999,8.028469750889679,11
36.38,11.120000000000005,8.05,11
36.39,11.110000000000014,8.068100358422944,11
36.4,11.120000000000019,8.086330935251802,11
36.41,11.11999999999999,8.104693140794225,11
36.42,11.120000000000005,8.126811594202897,11
36.43,11.109999999999985,8.086642599277976,11
36.44,11.11999999999999,8.164233576642332,11
36.45,11.120000000000005,8.153284671532843,11
36.46,11.120000000000005,8.175824175824177,11
36.47,11.11999999999999,8.164835164835166,11
36.48,11.11999999999999,8.2140221402214,11
36.49,11.120000000000005,8.233333333333338,11
36.5,11.120000000000019,8.225925925925926,11
36.51,11.11999999999999,8.2453531598513,11
36.52,11.129999999999995,8.264925373134327,11
36.53,11.120000000000005,8.288389513108612,11
36.54,11.11999999999999,8.308270676691732,11
36.55,11.129999999999995,8.328301886792454,11
36.56,11.129999999999995,8.352272727272725,11
36.57,11.120000000000005,8.340909090909088,11
36.58,11.11999999999999,8.361216730038018,11
36.59,11.129999999999995,8.38549618320611,11
36.6,11.129999999999995,8.406130268199234,11
36.61,11.130000000000024,8.430769230769227,11
36.62,11.120000000000005,8.38697318007663,11
36.63,11.129999999999995,8.472868217054263,11
36.64,11.129999999999995,8.465116279069768,11
36.65,11.129999999999995,8.486381322957198,11
36.66,11.129999999999995,8.51171875,11
36.67,11.129999999999995,8.533333333333333,11
36.68,11.129999999999995,8.525490196078428,11
36.69,11.129999999999995,8.51372549019608,11
36.7,11.129999999999995,8.57312252964427,11
36.71,11.129999999999995,8.5952380952381,11
36.72,11.130000000000024,8.621513944223109,11
36.73,11.129999999999995,8.609561752988048,11
36.74,11.129999999999995,8.636000000000001,11
36.75,11.140000000000015,8.65863453815261,11
36.76,11.129999999999995,8.685483870967737,11
36.77,11.129999999999995,8.673387096774189,11
36.78,11.139999999999986,8.807377049180321,11
36.79,11.140000000000015,8.831275720164607,11
36.8,11.129999999999995,8.933333333333332,11
36.81,11.129999999999995,8.995798319327728,11
36.82,11.140000000000015,9.063559322033894,11
36.83,11.140000000000015,9.128205128205128,11
36.84,11.139999999999986,9.198275862068966,11
36.85,11.129999999999995,9.269565217391305,11
36.86,11.140000000000015,9.342105263157896,11
36.87,11.139999999999986,9.41150442477876,11
36.88,11.139999999999986,9.486607142857142,11
36.89,11.140000000000015,9.606334841628964,11
36.9,11.140000000000015,9.64090909090909,11
36.91,11.139999999999986,9.720183486238524,11
36.92,11.140000000000015,9.800925925925926,11
36.93,11.140000000000015,9.878504672897193,11
36.94,11.140000000000015,9.962264150943394,11
36.95,11.139999999999986,10.047619047619047,11
36.96,11.140000000000015,10.134615384615383,11
36.97,11.139999999999986,10.223300970873785,11
36.98,11.149999999999977,10.313725490196086,11
36.99,11.139999999999986,10.400990099009906,11
37.0,11.140000000000015,10.5,11
37.01,11.150000000000006,10.595959595959588,11
37.02,11.149999999999977,10.639593908629434,11
37.03,11.150000000000006,10.738461538461532,11
37.04,11.140000000000015,10.839378238341972,11
37.05,11.150000000000006,10.947643979057597,11
37.06,11.150000000000006,11.047619047619042,11
37.07,11.150000000000006,11.09574468085107,11
37.08,11.139999999999986,11.20967741935484,11
37.09,11.149999999999977,11.320652173913043,11
37.1,11.150000000000006,11.434065934065934,11
37.11,11.150000000000006,11.486187845303867,11
37.12,11.149999999999977,11.608938547486028,11
37.13,11.149999999999977,11.795454545454541,11
37.14,11.150000000000006,11.851428571428569,11
37.15,11.150000000000006,11.908045977011492,11
37.16,11.150000000000006,12.04069767441861,11
37.17,11.150000000000006,12.24260355029586,11
37.18,11.150000000000006,12.377245508982037,11
37.19,11.149999999999977,12.365269461077848,11
37.2,11.150000000000006,12.509090909090897,11
37.21,11.159999999999997,12.573170731707307,11
37.22,11.150000000000006,12.722222222222229,11
37.23,11.149999999999977,12.868749999999997,11
37.24,11.159999999999997,13.018987341772148,11
37.25,11.159999999999997,13.089171974522289,11
37.26,11.160000000000025,13.25161290322581,11
37.27,11.150000000000006,13.331168831168824,11
37.28,11.159999999999997,13.582781456953647,11
37.29,11.159999999999997,13.666666666666666,11
37.3,11.159999999999997,13.837837837837837,11
37.31,11.150000000000006,13.92517006802722,11
37.32,11.159999999999997,14.103448275862078,11
37.33,11.159999999999997,14.19444444444444,11
37.34,11.159999999999997,14.380281690140848,11
37.35,11.159999999999997,14.475177304964545,11
37.36,11.159999999999997,14.669064748201423,11
37.37,11.160000000000025,14.87591240875913,11
37.38,11.159999999999997,14.977941176470587,11
37.39,11.159999999999997,15.186567164179102,11
37.4,11.159999999999997,15.409090909090919,11
37.41,11.159999999999997,15.401515151515147,11
37.42,11.159999999999997,15.630769230769216,11
37.43,11.159999999999997,15.736434108527119,11
37.44,11.170000000000016,15.976377952755904,11
37.45,11.159999999999997,16.224,11
37.46,11.159999999999997,16.471544715447166,11
37.47,11.169999999999987,16.463414634146336,11
37.48,11.170000000000016,16.727272727272712,11
37.49,11.169999999999987,17.0,11
37.5,11.159999999999997,17.135593220338986,11
37.51,11.170000000000016,17.27350427350427,11
37.52,11.169999999999987,17.413793103448278,11
37.53,11.169999999999987,17.70175438596491,11
37.54,11.159999999999997,18.008928571428545,11
37.55,11.170000000000016,18.16216216216214,11
37.56,11.169999999999987,18.486238532110086,11
37.57,11.169999999999987,18.467889908256893,11
37.58,11.170000000000016,18.813084112149536,11
37.59,11.170000000000016,18.981132075471724,11
37.6,11.169999999999987,19.142857142857125,11
37.61,11.170000000000016,19.50485436893202,11
37.62,11.170000000000016,19.891089108910897,11
37.63,11.169999999999987,19.881188118811885,11
37.64,11.169999999999987,20.060000000000002,11
37.65,11.170000000000016,20.469387755102073,11
37.66,11.169999999999987,20.65979381443297,11
37.67,11.179999999999978,20.87499999999997,11
37.68,11.169999999999987,21.308510638297886,11
37.69,11.170000000000016,21.526881720430126,11
37.7,11.180000000000007,21.989010989010993,11
37.71,11.180000000000007,22.222222222222257,11
37.72,11.170000000000016,22.46067415730335,11
37.73,11.170000000000016,22.70454545454542,11
37.74,11.179999999999978,22.954022988505766,11
37.75,11.180000000000007,23.48235294117649,11
37.76,11.180000000000007,23.76190476190476,11
37.77,11.169999999999987,23.750000000000007,11
37.78,11.179999999999978,24.317073170731696,11
37.79,11.180000000000007,24.91249999999997,11
37.8,11.180000000000007,25.21518987341773,11
37.81,11.179999999999978,25.21518987341775,11
37.82,11.180000000000007,25.857142857142886,11
37.83,11.180000000000007,26.184210526315805,11
37.84,11.180000000000007,26.52,11
37.85,11.180000000000007,27.232876712328746,11
37.86,11.180000000000007,27.61111111111115,11
37.87,11.180000000000007,27.98591549295779,11
37.88,11.179999999999978,28.371428571428527,11
37.89,11.180000000000007,28.768115942028924,11
37.9,11.189999999999998,29.19117647058824,11
37.91,11.180000000000007,29.61194029850745,11
37.92,11.179999999999978,30.52307692307691,11
37.93,11.189999999999998,30.984375000000057,11
37.94,11.189999999999998,31.476190476190435,11
37.95,11.180000000000007,31.9677419354839,11
37.96,11.180000000000007,32.47540983606561,11
37.97,11.189999999999998,33.01666666666669,11
37.98,11.189999999999998,33.559322033898205,11
37.99,11.189999999999998,34.71929824561403,11
38.0,11.180000000000007,34.71929824561403,11
38.01,11.189999999999998,35.32142857142854,11
38.02,11.189999999999998,36.62962962962969,11
38.03,11.189999999999998,36.93670886075953,11
38.04,11.180000000000007,36.92405063291143,11
38.05,11.189999999999998,36.92405063291143,11
38.06,11.190000000000026,36.911392405063324,11
38.07,11.189999999999998,36.898734177215225,11
38.08,11.189999999999998,36.886075949367125,11
38.09,11.189999999999998,36.88607594936713,11
38.1,11.189999999999998,36.87341772151903,11
38.11,11.189999999999998,36.84810126582282,11
38.12,11.189999999999998,36.84810126582283,11
38.13,11.200000000000017,36.83544303797473,11
38.14,11.189999999999998,36.83544303797473,11
38.15,11.189999999999998,36.81012658227852,11
38.16,11.200000000000017,36.81012658227852,11
38.17,11.200000000000017,36.79746835443042,11
38.18,11.189999999999998,36.79746835443042,11
38.19,11.189999999999998,36.784810126582315,11
38.2,11.200000000000017,36.759493670886116,11
38.21,11.199999999999989,36.759493670886116,11
38.22,11.199999999999989,36.74683544303801,11
38.23,11.189999999999998,36.74683544303801,11
38.24,11.200000000000017,36.72151898734181,11
38.25,11.199999999999989,36.72151898734181,11
38.26,11.199999999999989,36.7088607594937,11
38.27,11.190000000000026,36.70886075949372,11
38.28,11.200000000000017,37.1538461538461,11
38.29,11.199999999999989,37.14102564102559,11
38.3,11.200000000000017,37.14102564102559,11
38.31,11.199999999999989,37.128205128205074,11
38.32,11.199999999999989,37.11538461538456,11
38.33,11.199999999999989,37.10256410256405,11
38.34,11.200000000000017,37.10256410256405,11
38.35,11.199999999999989,37.089743589743534,11
38.36,11.199999999999989,37.089743589743534,11
38.37,11.199999999999989,37.06410256410251,11
38.38,11.200000000000017,37.051282051281994,11
38.39,11.210000000000008,37.051282051281994,11
38.4,11.210000000000008,37.03846153846148,11
38.41,11.200000000000017,37.02564102564097,11
38.42,11.199999999999989,37.012820512820454,11
38.43,11.20999999999998,37.012820512820454,11
38.44,11.210000000000008,36.99999999999994,11
38.45,11.210000000000008,36.98717948717943,11
38.46,11.199999999999989,36.974358974358914,11
38.47,11.20999999999998,36.96153846153842,11
38.48,11.210000000000008,36.96153846153841,11
38.49,11.210000000000008,36.94871794871789,11
38.5,11.199999999999989,36.93589743589739,11
38.51,11.210000000000008,36.92307692307687,11
38.52,11.210000000000008,36.92307692307687,11
38.53,11.20999999999998,36.91025641025635,11
38.54,11.210000000000008,36.89743589743585,11
38.55,11.210000000000008,37.36363636363638,11
38.56,11.210000000000008,37.36363636363638,11
38.57,11.20999999999998,37.35064935064937,11
38.58,11.210000000000008,37.32467532467534,11
38.59,11.210000000000008,37.32467532467534,11
38.6,11.210000000000008,37.31168831168833,11
38.61,11.210000000000008,37.31168831168833,11
38.62,11.219999999999999,37.285714285714306,11
38.63,11.219999999999999,37.285714285714306,11
38.64,11.20999999999998,37.27272727272729,11
38.65,11.210000000000008,37.272727272727295,11
38.66,11.219999999999999,37.25974025974028,11
38.67,11.219999999999999,37.24675324675327,11
38.68,11.20999999999998,37.233766233766254,11
38.69,11.210000000000008,37.233766233766254,11
38.7,11.219999999999999,37.22077922077924,11
38.71,11.219999999999999,37.19480519480522,11
38.72,11.219999999999999,37.19480519480522,11
38.73,11.210000000000008,37.1818181818182,11
38.74,11.219999999999999,37.1818181818182,11
38.75,11.219999999999999,37.15584415584418,11
38.76,11.219999999999999,37.15584415584418,11
38.77,11.210000000000008,37.14285714285716,11
38.78,11.219999999999999,37.14285714285716,11
38.79,11.219999999999999,37.12987012987015,11
38.8,11.219999999999999,37.11688311688314,11
38.81,11.219999999999999,37.10389610389612,11
38.82,11.219999999999999,37.59210526315782,11
38.83,11.219999999999999,37.57894736842098,11
38.84,11.219999999999999,37.552631578947285,11
38.85,11.230000000000018,37.55263157894729,11
38.86,11.219999999999999,37.53947368421045,11
38.87,11.219999999999999,37.53947368421045,11
38.88,11.219999999999999,37.513157894736764,11
38.89,11.230000000000018,37.513157894736764,11
38.9,11.22999999999999,37.49999999999992,11
38.91,11.219999999999999,37.49999999999992,11
38.92,11.219999999999999,37.47368421052624,11
38.93,11.230000000000018,37.47368421052624,11
38.94,11.22999999999999,37.460526315789394,11
38.95,11.219999999999999,37.460526315789394,11
38.96,11.219999999999999,37.44736842105255,11
38.97,11.22999999999999,37.43421052631571,11
38.98,11.22999999999999,37.42105263157887,11
38.99,11.230000000000018,37.42105263157887,11
39.0,11.219999999999999,37.40789473684203,11
39.01,11.22999999999999,37.38157894736834,11
39.02,11.22999999999999,37.38157894736835,11
39.03,11.230000000000018,37.368421052631504,11
39.04,11.219999999999999,37.3684210526315,11
39.05,11.22999999999999,37.34210526315782,11
39.06,11.230000000000018,37.34210526315782,11
39.07,11.22999999999999,37.328947368420984,11
39.08,11.23999999999998,37.32894736842097,11
39.09,11.22999999999999,37.315789473684134,11
39.1,11.230000000000018,37.800000000000004,11
39.11,11.22999999999999,37.78666666666666,11
39.12,11.23999999999998,37.78666666666666,11
39.13,11.240000000000009,37.77333333333333,11
39.14,11.230000000000018,37.76,11
39.15,11.22999999999999,37.74666666666666,11
39.16,11.23999999999998,37.74666666666667,11
39.17,11.240000000000009,37.73333333333333,11
39.18,11.22999999999999,37.72,11
39.19,11.22999999999999,37.70666666666667,11
39.2,11.240000000000009,37.69333333333333,11
39.21,11.240000000000009,37.693333333333335,11
39.22,11.23999999999998,37.679999999999986,11
39.23,11.22999999999999,37.66666666666666,11
39.24,11.240000000000009,37.653333333333336,11
39.25,11.240000000000009,37.65333333333333,11
39.26,11.23999999999998,37.63999999999999,11
39.27,11.22999999999999,37.626666666666665,11
39.28,11.240000000000009,37.61333333333332,11
39.29,11.23999999999998,37.61333333333334,11
39.3,11.240000000000009,37.6,11
39.31,11.25,37.58666666666667,11
39.32,11.240000000000009,37.57333333333333,11
39.33,11.23999999999998,37.573333333333345,11
39.34,11.240000000000009,37.559999999999995,11
39.35,11.25,37.54666666666666,11
39.36,11.240000000000009,37.53333333333334,11
39.37,11.23999999999998,37.53333333333333,11
39.38,11.240000000000009,37.52,11
39.39,11.25,38.02702702702692,11
39.4,11.25,37.99999999999989,11
39.41,11.240000000000009,37.9999999999999,11
39.42,11.240000000000009,37.98648648648637,11
39.43,11.25,37.986486486486385,11
39.44,11.25,37.95945945945936,11
39.45,11.240000000000009,37.95945945945935,11
39.46,11.240000000000009,37.945945945945844,11
39.47,11.25,37.94594594594585,11
39.48,11.25,37.91891891891881,11
39.49,11.25,37.91891891891882,11
39.5,11.240000000000009,37.90540540540531,11
39.51,11.25,37.89189189189179,11
39.52,11.25,37.891891891891795,11
39.53,11.25,37.86486486486477,11
39.54,11.25,37.86486486486476,11
39.55,11.25,37.851351351351255,11
39.56,11.25,37.85135135135125,11
39.57,11.25,37.824324324324216,11
39.58,11.26000000000002,37.82432432432422,11
39.59,11.25,37.81081081081071,11
39.6,11.25,37.810810810810715,11
39.61,11.25,37.78378378378368,11
39.62,11.259999999999991,37.783783783783676,11
39.63,11.25,37.770270270270174,11
39.64,11.25,37.77027027027018,11
39.65,11.25,37.74324324324313,11
39.66,11.259999999999991,37.74324324324314,11
39.67,11.259999999999991,38.246575342465746,11
39.68,11.25,38.24657534246573,11
39.69,11.25,38.23287671232875,11
39.7,11.259999999999991,38.21917808219177,11
39.71,11.259999999999991,38.205479452054774,11
39.72,11.25,38.205479452054774,11
39.73,11.259999999999991,38.19178082191778,11
39.74,11.259999999999991,38.178082191780796,11
39.75,11.26000000000002,38.164383561643824,11
39.76,11.259999999999991,38.1643835616438,11
39.77,11.259999999999991,38.15068493150683,11
39.78,11.259999999999991,38.136986301369845,11
39.79,11.26000000000002,38.12328767123285,11
39.8,11.259999999999991,38.12328767123285,11
39.81,11.259999999999991,38.10958904109586,11
39.82,11.259999999999991,38.109589041095866,11
39.83,11.26000000000002,38.082191780821894,11
39.84,11.259999999999991,38.0821917808219,11
39.85,11.27000000000001,38.06849315068491,11
39.86,11.26000000000002,38.068493150684915,11
39.87,11.259999999999991,38.04109589041094,11
39.88,11.259999999999991,38.04109589041093,11
39.89,11.27000000000001,38.02739726027396,11
39.9,11.26000000000002,38.02739726027395,11
39.91,11.259999999999991,37.99999999999997,11
39.92,11.259999999999991,37.99999999999998,11
39.93,11.27000000000001,37.986301369862986,11
39.94,11.27000000000001,37.986301369863,11
39.95,11.259999999999991,37.95890410958902,11
39.96,11.27000000000001,38.486111111111164,11
39.97,11.27000000000001,38.472222222222285,11
39.98,11.269999999999982,38.47222222222228,11
39.99,11.259999999999991,38.45833333333339,11
