vehicle_id,msg_seq,tx_t_s,rx_t_s,rx_ok,msg_type,tx_id,rx_id,cam_gdt_ms
veh10,2023,,2.02758,1,CAM,3,10,2023
veh10,2041,,2.05383,1,CAM,2,10,2041
veh10,2134,,2.14658,1,CAM,4,10,2134
veh10,2136,,2.15408,1,CAM,6,10,2136
veh10,2171,,2.18233,1,CAM,5,10,2171
veh10,2191,,2.19358,1,CAM,9,10,2191
veh10,2223,,2.22758,1,CAM,3,10,2223
veh10,2238,2.23853,,0,CAM,10,,2238
veh10,2241,,2.25383,1,CAM,2,10,2241
