vehicle_id,msg_seq,tx_t_s,rx_t_s,rx_ok,msg_type,tx_id,rx_id,cam_gdt_ms
veh8,2006,,2.00858,1,CAM,1,8,2006
veh8,2023,,2.02758,1,CAM,3,8,2023
veh8,2041,,2.05383,1,CAM,2,8,2041
veh8,2136,,2.15408,1,CAM,6,8,2136
veh8,2171,,2.18233,1,CAM,5,8,2171
veh8,2191,,2.19358,1,CAM,9,8,2191
veh8,2206,,2.20858,1,CAM,1,8,2206
veh8,2223,,2.22758,1,CAM,3,8,2223
veh8,2238,,2.24258,1,CAM,10,8,2238
veh8,2241,,2.25383,1,CAM,2,8,2241
