time_s,min_gap_m,min_ttc_s,vehicles
0.0,,,0
0.01,,,0
0.02,,,0
0.03,,,0
0.04,,,0
0.05,,,0
0.06,,,0
0.07,,,0
0.08,,,0
0.09,,,0
0.1,,,0
0.11,,,0
0.12,,,0
0.13,,,0
0.14,,,0
0.15,,,0
0.16,,,0
0.17,,,0
0.18,,,0
0.19,,,0
0.2,14.0,,7
0.21,14.0,,7
0.22,14.0,,7
0.23,14.0,,7
0.24,14.0,,7
0.25,14.000000000000002,,7
0.26,14.000000000000002,,7
0.27,14.000000000000002,,7
0.28,14.000000000000002,,7
0.29,14.0,,7
0.3,14.0,,7
0.31,14.0,,7
0.32,14.0,,7
0.33,14.0,,7
0.34,14.0,,7
0.35,14.0,,7
0.36,14.0,,7
0.37,14.0,,7
0.38,14.0,,7
0.39,13.999999999999998,,7
0.4,13.999999999999998,,7
0.41,14.0,,7
0.42,14.000000000000002,,7
0.43,14.0,,7
0.44,14.0,,7
0.45,14.0,,7
0.46,14.0,,7
0.47,13.999999999999998,,7
0.48,14.0,,7
0.49,14.000000000000002,,7
0.5,14.0,,7
0.51,14.0,,7
0.52,14.0,,7
0.53,14.0,,7
0.54,13.999999999999998,,7
0.55,14.0,,7
0.56,14.0,,7
0.57,14.0,,7
0.58,14.0,,7
0.59,14.0,,7
0.6,13.999999999999998,,7
0.61,14.0,,7
0.62,14.0,,7
0.63,14.0,,7
0.64,13.999999999999998,,7
0.65,14.0,,7
0.66,14.0,,7
0.67,14.0,,7
0.68,14.0,,7
0.69,13.999999999999998,,7
0.7,14.000000000000002,,7
0.71,14.0,,7
0.72,14.0,,7
0.73,14.0,,7
0.74,14.0,,7
0.75,14.0,,7
0.76,14.0,,7
0.77,14.0,,7
0.78,14.0,,7
0.79,14.0,,7
0.8,14.0,,8
0.81,14.000000000000002,,8
0.82,14.0,,8
0.83,14.0,,8
0.84,13.999999999999998,,8
0.85,14.0,,8
0.86,14.0,,8
0.87,14.0,,8
0.88,14.0,,8
0.89,14.0,,8
0.9,13.999999999999998,,8
0.91,14.0,,8
0.92,14.0,,8
0.93,13.999999999999998,,8
0.94,14.0,,8
0.95,14.0,,8
0.96,14.000000000000002,,8
0.97,5.2,,9
0.98,5.23,,9
0.99,5.26,,9
1.0,5.3,,9
1.01,5.33,,9
1.02,5.3500000000000005,,9
1.03,5.38,,9
1.04,5.42,,9
1.05,5.45,,9
1.06,5.48,,9
1.07,5.510000000000001,,9
1.08,5.54,,9
1.09,5.569999999999999,,9
1.1,5.6,,9
1.11,5.63,,9
1.12,5.66,,9
1.13,5.7,,9
1.14,5.73,,9
1.15,5.75,,9
1.16,5.78,,9
1.17,5.82,,9
1.18,5.8500000000000005,,9
1.19,5.880000000000001,,9
1.2,5.909999999999999,,9
1.21,5.9399999999999995,,9
1.22,5.97,,9
1.23,6.0,,9
1.24,6.029999999999999,,9
1.25,6.07,,9
1.26,6.1,,9
1.27,6.119999999999999,,9
1.28,6.1499999999999995,,9
1.29,6.19,,9
1.3,6.220000000000001,,9
1.31,6.25,,9
1.32,6.28,,9
1.33,6.3100000000000005,,9
1.34,6.34,,9
1.35,6.37,,9
1.36,6.4,,9
1.37,6.43,,9
1.38,6.47,,9
1.39,6.5,,9
1.4,6.5200000000000005,,9
1.41,6.55,,9
1.42,6.59,,9
1.43,6.62,,9
1.44,6.6499999999999995,,9
1.45,6.680000000000001,,9
1.46,6.71,,9
1.47,6.74,,9
1.48,6.77,,9
1.49,6.8,,9
1.5,6.84,,9
1.51,6.87,,9
1.52,6.89,,9
1.53,6.92,,9
1.54,6.96,,9
1.55,6.99,,9
1.56,7.0200000000000005,,9
1.57,7.050000000000001,,9
1.58,7.08,,9
1.59,7.109999999999999,,9
1.6,7.140000000000001,,10
1.61,7.17,,10
1.62,7.2,,10
1.63,7.239999999999999,,10
1.64,7.27,,10
1.65,7.290000000000001,,10
1.66,7.319999999999999,,10
1.67,7.359999999999999,,10
1.68,7.390000000000001,,10
1.69,7.420000000000001,,10
1.7,7.449999999999999,,10
1.71,7.4799999999999995,,10
1.72,7.510000000000001,,10
1.73,7.540000000000001,,10
1.74,7.569999999999999,,10
1.75,7.609999999999999,,10
1.76,7.640000000000001,,10
1.77,7.660000000000001,,10
1.78,7.6899999999999995,,10
1.79,7.7299999999999995,,10
1.8,7.760000000000001,,10
1.81,7.790000000000001,,10
1.82,7.819999999999999,,10
1.83,7.85,,10
1.84,7.88,,10
1.85,7.91,,10
1.86,7.9399999999999995,,10
1.87,7.97,,10
1.88,8.01,,10
1.89,8.04,,10
1.9,8.06,,10
1.91,8.09,,10
1.92,8.129999999999999,,10
1.93,8.16,,10
1.94,8.19,,10
1.95,8.22,,10
1.96,8.25,,10
1.97,8.280000000000001,,10
1.98,8.309999999999999,,10
1.99,8.34,,10
2.0,8.379999999999999,,10
2.01,8.41,,10
2.02,8.43,,10
2.03,8.46,,10
2.04,8.5,,10
2.05,8.530000000000001,,10
2.06,8.56,,10
2.07,8.59,,10
2.08,8.62,,10
2.09,8.65,,10
2.1,8.68,,10
2.11,8.71,,10
2.12,8.74,,10
2.13,8.780000000000001,,10
2.14,8.81,,10
2.15,8.83,,10
2.16,8.860000000000001,,10
2.17,8.9,,10
2.18,8.93,,10
2.19,8.96,,10
2.2,8.989999999999998,,10
2.21,9.02,,10
2.22,9.049999999999999,,10
2.23,9.079999999999998,,10
2.24,9.11,,10
2.25,9.149999999999999,,10
2.26,9.18,,10
2.27,9.2,,10
2.28,9.23,,10
2.29,9.27,,10
2.3,9.299999999999999,,10
2.31,9.329999999999998,,10
2.32,9.36,,10
2.33,9.389999999999999,,10
2.34,9.42,,10
2.35,9.45,,10
2.36,9.479999999999999,,10
2.37,9.510000000000002,,10
2.38,9.55,,10
2.39,9.580000000000002,,10
2.4,9.600000000000001,,11
2.41,9.63,,11
2.42,9.67,,11
2.43,9.7,,11
2.44,9.73,,11
2.45,9.76,,11
2.46,9.79,,11
2.47,9.82,,11
2.48,9.85,,11
2.49,9.879999999999999,,11
2.5,9.920000000000002,,11
2.51,9.950000000000001,,11
2.52,9.97,,11
2.53,10.0,,11
2.54,10.04,,11
2.55,10.07,,11
2.56,10.1,,11
2.57,10.129999999999999,,11
2.58,10.16,,11
2.59,10.190000000000001,,11
2.6,10.22,,11
2.61,10.25,,11
2.62,10.28,,11
2.63,10.32,,11
2.64,10.350000000000001,,11
2.65,10.370000000000001,,11
2.66,10.399999999999999,,11
2.67,10.440000000000001,,11
2.68,10.470000000000002,,11
2.69,10.5,,11
2.7,10.530000000000001,,11
2.71,10.559999999999999,,11
2.72,10.59,,11
2.73,10.620000000000001,,11
2.74,10.649999999999999,,11
2.75,10.689999999999998,,11
2.76,10.719999999999999,,11
2.77,10.740000000000002,,11
2.78,10.77,,11
2.79,10.809999999999999,,11
2.8,10.84,,11
2.81,10.870000000000001,,11
2.82,10.900000000000002,,11
2.83,10.93,,11
2.84,10.959999999999997,,11
2.85,10.990000000000002,,11
2.86,11.02,,11
2.87,11.049999999999999,,11
2.88,11.090000000000002,,11
2.89,11.120000000000001,,11
2.9,11.139999999999999,,11
2.91,11.169999999999998,,11
2.92,11.21,,11
2.93,11.240000000000002,,11
2.94,11.27,,11
2.95,11.3,,11
2.96,11.329999999999998,,11
2.97,11.36,,11
2.98,11.390000000000002,,11
2.99,11.420000000000002,,11
3.0,11.459999999999999,,11
3.01,11.490000000000002,,11
3.02,11.510000000000002,,11
3.03,11.540000000000001,,11
3.04,11.580000000000002,,11
3.05,11.610000000000001,,11
3.06,11.640000000000002,,11
3.07,11.670000000000002,,11
3.08,11.7,,11
3.09,11.730000000000002,,11
3.1,11.76,,11
3.11,11.79,,11
3.12,11.82,,11
3.13,11.860000000000001,,11
3.14,11.89,,11
3.15,11.91,,11
3.16,11.939999999999998,,11
3.17,11.979999999999999,,11
3.18,12.01,,11
3.19,12.040000000000001,,11
3.2,12.069999999999999,,11
3.21,12.1,,11
3.22,12.13,,11
3.23,12.160000000000002,,11
3.24,12.19,,11
3.25,12.230000000000002,,11
3.26,12.26,,11
3.27,12.28,,11
3.28,12.31,,11
3.29,12.35,,11
3.3,12.38,,11
3.31,12.41,,11
3.32,12.440000000000001,,11
3.33,12.47,,11
3.34,12.500000000000002,,11
3.35,12.53,,11
3.36,12.56,,11
3.37,12.59,,11
3.38,12.629999999999999,,11
3.39,12.660000000000002,,11
3.4,12.68,,11
3.41,12.71,,11
3.42,12.75,,11
3.43,12.78,,11
3.44,12.809999999999999,,11
3.45,12.840000000000002,,11
3.46,12.870000000000001,,11
3.47,12.899999999999999,,11
3.48,12.929999999999998,,11
3.49,12.96,,11
3.5,13.000000000000002,,11
3.51,13.030000000000001,,11
3.52,13.049999999999999,,11
3.53,13.079999999999998,,11
3.54,13.12,,11
3.55,13.150000000000002,,11
3.56,13.179999999999998,,11
3.57,13.21,,11
3.58,13.240000000000002,,11
3.59,13.270000000000001,,11
3.6,13.3,,11
3.61,13.33,,11
3.62,13.360000000000001,,11
3.63,13.400000000000002,,11
3.64,13.429999999999998,,11
3.65,13.450000000000001,,11
3.66,13.480000000000002,,11
3.67,13.519999999999998,,11
3.68,13.549999999999999,,11
3.69,13.58,,11
3.7,13.61,,11
3.71,13.64,,11
3.72,13.670000000000002,,11
3.73,13.7,,11
3.74,13.729999999999999,,11
3.75,13.770000000000001,,11
3.76,13.800000000000002,,11
3.77,13.819999999999999,,11
3.78,13.85,,11
3.79,13.89,,11
3.8,13.919999999999998,,11
3.81,13.95,,11
3.82,13.98,,11
3.83,14.0,,11
3.84,14.0,,11
3.85,14.0,,11
3.86,14.0,,11
3.87,13.999999999999996,,11
3.88,13.999999999999996,,11
3.89,14.000000000000004,,11
3.9,14.000000000000004,,11
3.91,14.0,,11
3.92,14.0,,11
3.93,14.0,,11
3.94,14.0,,11
3.95,14.0,,11
3.96,14.0,,11
3.97,14.0,,11
3.98,14.0,,11
3.99,14.0,,11
4.0,14.0,,11
4.01,14.0,,11
4.02,14.0,,11
4.03,14.0,,11
4.04,14.0,,11
4.05,14.0,,11
4.06,14.0,,11
4.07,14.0,,11
4.08,14.0,,11
4.09,14.0,,11
4.1,14.0,,11
4.11,14.0,,11
4.12,14.0,,11
4.13,14.0,,11
4.14,14.0,,11
4.15,14.0,,11
4.16,14.0,,11
4.17,14.0,,11
4.18,14.0,,11
4.19,14.0,,11
4.2,14.0,,11
4.21,14.0,,11
4.22,14.0,,11
4.23,14.0,,11
4.24,14.0,,11
4.25,14.0,,11
4.26,14.0,,11
4.27,14.0,,11
4.28,14.0,,11
4.29,14.0,,11
4.3,14.0,,11
4.31,14.0,,11
4.32,14.0,,11
4.33,14.0,,11
4.34,14.0,,11
4.35,14.0,,11
4.36,14.0,,11
4.37,14.0,,11
4.38,14.0,,11
4.39,14.0,,11
4.4,14.0,,11
4.41,14.0,,11
4.42,14.0,,11
4.43,14.0,,11
4.44,14.0,,11
4.45,14.0,,11
4.46,14.0,,11
4.47,14.0,,11
4.48,14.0,,11
4.49,14.0,,11
4.5,14.0,,11
4.51,14.0,,11
4.52,14.0,,11
4.53,14.0,,11
4.54,14.0,,11
4.55,14.0,,11
4.56,14.0,,11
4.57,14.0,,11
4.58,14.0,,11
4.59,14.0,,11
4.6,14.0,,11
4.61,14.0,,11
4.62,14.0,,11
4.63,14.0,,11
4.64,14.0,,11
4.65,14.0,,11
4.66,14.0,,11
4.67,14.0,,11
4.68,14.0,,11
4.69,14.0,,11
4.7,14.0,,11
4.71,14.0,,11
4.72,14.0,,11
4.73,14.0,388.75000000000824,11
4.74,14.0,194.3749999999998,11
4.75,14.0,129.58333333333422,11
4.76,14.0,97.18749999999991,11
4.77,14.0,77.70000000000027,11
4.78,14.0,64.74999999999994,11
4.79,14.0,55.500000000000114,11
4.8,14.0,48.562499999999964,11
4.81,14.0,43.13888888888896,11
4.82,14.0,38.82499999999997,11
4.83,14.0,35.27272727272731,11
4.84,14.0,32.33333333333329,11
4.85,14.0,29.826923076923105,11
4.86,14.0,27.696428571428548,11
4.87,14.0,26.271186440677972,11
4.88,14.0,26.271186440677972,11
4.89,14.0,26.254237288135595,11
4.9,14.0,26.237288135593232,11
4.91,14.0,26.23728813559323,11
4.92,14.0,26.67241379310344,11
4.93,14.0,26.67241379310344,11
4.94,14.0,26.655172413793096,11
4.95,14.0,26.655172413793107,11
4.96,14.0,26.63793103448276,11
4.97,14.0,26.620689655172406,11
4.98,14.0,26.620689655172406,11
4.99,14.0,26.603448275862064,11
5.0,14.0,26.603448275862064,11
5.01,14.0,26.586206896551722,11
5.02,14.0,26.56896551724137,11
5.03,14.0,26.56896551724137,11
5.04,14.0,26.55172413793103,11
5.05,14.0,26.551724137931043,11
5.06,14.0,26.534482758620687,11
5.07,14.0,26.534482758620687,11
5.08,14.0,26.517241379310335,11
5.09,14.0,26.499999999999993,11
5.1,14.0,26.500000000000004,11
5.11,14.0,26.947368421052616,11
5.12,14.0,26.947368421052616,11
5.13,14.0,26.929824561403496,11
5.14,14.0,26.929824561403485,11
5.15,14.0,26.91228070175438,11
5.16,13.999999999999993,26.894736842105246,11
5.17,14.0,26.894736842105246,11
5.18,14.000000000000007,26.877192982456126,11
5.19,14.0,26.877192982456126,11
5.2,14.0,26.859649122807006,11
5.21,13.999999999999993,26.859649122807006,11
5.22,14.0,26.842105263157876,11
5.23,14.000000000000007,26.824561403508756,11
5.24,14.0,26.824561403508756,11
5.25,14.0,26.807017543859637,11
5.26,13.999999999999993,26.807017543859637,11
5.27,14.0,26.789473684210517,11
5.28,14.000000000000007,26.789473684210506,11
5.29,14.0,26.771929824561386,11
5.3,14.0,26.754385964912267,11
5.31,13.999999999999993,27.232142857142833,11
5.32,14.0,27.214285714285694,11
5.33,14.000000000000007,27.214285714285694,11
5.34,14.0,27.19642857142854,11
5.35,14.0,27.196428571428555,11
5.36,13.999999999999993,27.178571428571402,11
5.37,14.0,27.178571428571402,11
5.38,14.000000000000007,27.160714285714263,11
5.39,14.0,27.14285714285711,11
5.4,14.0,27.142857142857125,11
5.41,13.999999999999993,27.124999999999986,11
5.42,14.0,27.12499999999997,11
5.43,14.000000000000007,27.107142857142833,11
5.44,14.0,27.107142857142833,11
5.45,14.0,27.089285714285694,11
5.46,13.999999999999993,27.071428571428555,11
5.47,14.0,27.07142857142854,11
5.48,14.000000000000007,27.053571428571402,11
5.49,14.0,27.053571428571402,11
5.5,14.0,27.035714285714263,11
5.51,13.999999999999993,27.527272727272692,11
5.52,14.0,27.50909090909088,11
5.53,14.000000000000007,27.509090909090865,11
5.54,14.0,27.49090909090905,11
5.55,14.0,27.472727272727237,11
5.56,13.999999999999993,27.472727272727237,11
5.57,14.0,27.45454545454542,11
5.58,14.000000000000007,27.45454545454542,11
5.59,14.0,27.436363636363595,11
5.6,14.0,27.436363636363605,11
5.61,13.999999999999993,27.41818181818178,11
5.62,14.0,27.41818181818178,11
5.63,14.000000000000007,27.399999999999967,11
5.64,14.0,27.399999999999967,11
5.65,14.0,27.38181818181815,11
5.66,13.999999999999993,27.363636363636335,11
5.67,14.0,27.363636363636324,11
5.68,14.000000000000007,27.34545454545451,11
5.69,14.0,27.34545454545451,11
5.7,14.0,27.327272727272693,11
5.71,13.999999999999993,27.327272727272693,11
5.72,14.0,27.814814814814863,11
5.73,14.000000000000007,27.814814814814852,11
5.74,14.0,27.796296296296337,11
5.75,14.0,27.79629629629635,11
5.76,13.999999999999993,27.77777777777782,11
5.77,14.0,27.759259259259306,11
5.78,14.000000000000007,27.759259259259306,11
5.79,14.0,27.74074074074078,11
5.8,14.0,27.74074074074079,11
5.81,13.999999999999993,27.722222222222264,11
5.82,14.0,27.722222222222264,11
5.83,14.000000000000007,27.70370370370375,11
5.84,14.0,27.703703703703734,11
5.85,14.0,27.685185185185233,11
5.86,13.999999999999993,27.685185185185233,11
5.87,14.0,27.666666666666707,11
5.88,14.000000000000007,27.666666666666707,11
5.89,14.0,27.64814814814819,11
5.9,14.0,27.629629629629676,11
5.91,13.999999999999993,27.629629629629676,11
5.92,14.0,27.61111111111115,11
5.93,14.000000000000007,28.13207547169814,11
5.94,14.0,28.113207547169843,11
5.95,14.0,28.113207547169857,11
5.96,13.999999999999993,28.094339622641545,11
5.97,14.0,28.094339622641545,11
5.98,14.000000000000007,28.075471698113233,11
5.99,14.0,28.075471698113233,11
6.0,14.0,28.05660377358495,11
6.01,13.999999999999993,28.05660377358495,11
6.02,14.0,28.037735849056638,11
6.03,14.000000000000007,28.037735849056638,11
6.04,14.0,28.018867924528326,11
6.05,14.0,28.00000000000004,11
6.06,13.999999999999993,28.00000000000004,11
6.07,14.0,27.981132075471727,11
6.08,14.0,27.98113207547174,11
6.09,14.0,27.96226415094343,11
6.1,14.0,27.96226415094343,11
6.11,14.0,27.943396226415118,11
6.12,14.0,27.943396226415132,11
6.13,14.0,27.924528301886834,11
6.14,14.0,28.461538461538478,11
6.15,14.0,28.44230769230773,11
6.16,14.0,28.4423076923077,11
6.17,14.0,28.423076923076948,11
6.18,14.0,28.423076923076962,11
6.19,14.0,28.40384615384617,11
6.2,14.0,28.40384615384618,11
6.21,14.0,28.38461538461539,11
6.22,14.0,28.384615384615405,11
6.23,14.0,28.365384615384652,11
6.24,14.0,28.34615384615386,11
6.25,14.0,28.34615384615387,11
6.26,14.0,28.326923076923094,11
6.27,14.0,28.326923076923094,11
6.28,14.0,28.307692307692342,11
6.29,14.0,28.307692307692328,11
6.3,14.0,28.288461538461565,11
6.31,14.0,28.28846153846155,11
6.32,14.0,28.2692307692308,11
6.33,14.0,28.2692307692308,11
6.34,14.0,28.250000000000018,11
6.35,14.0,28.250000000000032,11
6.36,14.0,28.784313725490193,11
6.37,14.0,28.784313725490208,11
6.38,14.0,28.76470588235297,11
6.39,14.0,28.764705882352942,11
6.4,14.0,28.745098039215705,11
6.41,14.0,28.74509803921569,11
6.42,14.0,28.72549019607844,11
6.43,14.0,28.725490196078454,11
6.44,14.0,28.705882352941188,11
6.45,14.0,28.705882352941188,11
6.46,14.0,28.686274509803926,11
6.47,14.0,28.686274509803937,11
6.48,14.0,28.66666666666669,11
6.49,14.0,28.666666666666675,11
6.5,14.0,28.647058823529424,11
6.51,14.0,28.64705882352941,11
6.52,14.0,28.627450980392172,11
6.53,14.0,28.627450980392187,11
6.54,14.0,28.607843137254907,11
6.55,14.0,28.60784313725492,11
6.56,14.0,28.58823529411764,11
6.57,14.0,28.588235294117656,11
6.58,14.0,29.140000000000015,11
6.59,14.0,29.14,11
6.6,14.0,29.120000000000005,11
6.61,14.0,29.11999999999999,11
6.62,14.0,29.099999999999994,11
6.63,14.0,29.10000000000001,11
6.64,14.0,29.08,11
6.65,14.0,29.080000000000013,11
6.66,14.0,29.059999999999988,11
6.67,14.0,29.060000000000002,11
6.68,14.0,29.040000000000006,11
6.69,14.0,29.039999999999992,11
6.7,14.0,29.02000000000001,11
6.71,14.0,29.019999999999982,11
6.72,14.0,29.0,11
6.73,14.0,29.000000000000014,11
6.74,14.0,28.97999999999999,11
6.75,14.0,28.980000000000004,11
6.76,14.0,28.959999999999994,11
6.77,14.0,28.959999999999994,11
6.78,14.0,28.940000000000012,11
6.79,14.0,28.939999999999998,11
6.8,14.0,28.92,11
6.81,14.0,29.510204081632626,11
6.82,14.0,29.48979591836734,11
6.83,14.0,29.48979591836734,11
6.84,14.0,29.469387755102023,11
6.85,14.0,29.469387755102037,11
6.86,14.0,29.448979591836707,11
6.87,14.0,29.44897959183672,11
6.88,14.0,29.428571428571434,11
6.89,14.0,29.428571428571406,11
6.9,14.0,29.40816326530612,11
6.91,14.0,29.408163265306104,11
6.92,14.0,29.3877551020408,11
6.93,14.0,29.387755102040813,11
6.94,14.0,29.367346938775498,11
6.95,14.0,29.367346938775498,11
6.96,14.0,29.346938775510182,11
6.97,14.0,29.346938775510196,11
6.98,14.0,29.326530612244895,11
6.99,14.0,29.32653061224488,11
7.0,14.0,29.30612244897958,11
7.01,14.0,29.306122448979565,11
7.02,14.0,29.285714285714278,11
7.03,14.0,29.285714285714292,11
7.04,14.0,29.874999999999982,11
7.05,14.0,29.874999999999982,11
7.06,14.0,29.854166666666636,11
7.07,14.0,29.854166666666636,11
7.08,14.0,29.83333333333332,11
7.09,14.0,29.833333333333293,11
7.1,14.0,29.81249999999998,11
7.11,14.0,29.81249999999995,11
7.12,14.0,29.791666666666636,11
7.13,14.0,29.791666666666664,11
7.14,14.0,29.77083333333329,11
7.15,14.0,29.77083333333332,11
7.16,14.0,29.77083333333329,11
7.17,14.0,29.749999999999975,11
7.18,14.0,29.749999999999975,11
7.19,14.0,29.729166666666632,11
7.2,14.0,29.729166666666632,11
7.21,14.0,29.70833333333329,11
7.22,14.0,29.708333333333318,11
7.23,14.0,29.687499999999975,11
7.24,14.0,29.687499999999975,11
7.25,14.0,29.66666666666666,11
7.26,14.0,29.66666666666663,11
7.27,14.0,29.645833333333314,11
7.28,14.0,30.27659574468082,11
7.29,14.0,30.255319148936128,11
7.3,14.0,30.255319148936128,11
7.31,14.0,30.234042553191436,11
7.32,14.0,30.234042553191436,11
7.33,14.0,30.212765957446774,11
7.34,14.0,30.212765957446774,11
7.35,14.0,30.191489361702082,11
7.36,14.0,30.191489361702082,11
7.37,14.0,30.191489361702082,11
7.38,14.0,30.17021276595742,11
7.39,14.0,30.17021276595739,11
7.4,14.0,30.14893617021273,11
7.41,14.0,30.1489361702127,11
7.42,14.0,30.127659574468037,11
7.43,14.0,30.127659574468066,11
7.44,14.0,30.106382978723346,11
7.45,14.0,30.106382978723374,11
7.46,14.0,30.085106382978683,11
7.47,14.0,30.085106382978683,11
7.48,14.0,30.063829787234024,11
7.49,14.0,30.063829787233992,11
7.5,14.0,30.04255319148933,11
7.51,14.0,30.0425531914893,11
7.52,14.0,30.695652173912997,11
7.53,14.0,30.6739130434782,11
7.54,14.0,30.6739130434782,11
7.55,14.0,30.65217391304344,11
7.56,14.0,30.65217391304341,11
7.57,14.0,30.630434782608646,11
7.58,14.0,30.630434782608646,11
7.59,14.0,30.608695652173854,11
7.6,14.0,30.608695652173854,11
7.61,14.0,30.586956521739058,11
7.62,14.0,30.586956521739058,11
7.63,14.0,30.565217391304294,11
7.64,14.0,30.565217391304294,11
7.65,14.0,30.565217391304294,11
7.66,14.0,30.543478260869502,11
7.67,14.0,30.543478260869502,11
7.68,14.0,30.52173913043474,11
7.69,14.0,30.52173913043471,11
7.7,14.0,30.499999999999947,11
7.71,14.0,30.499999999999947,11
7.72,14.0,30.47826086956515,11
7.73,14.0,30.478260869565183,11
7.74,14.0,30.45652173913036,11
7.75,14.0,30.45652173913039,11
7.76,14.0,31.13333333333336,11
7.77,14.0,31.11111111111116,11
7.78,14.0,31.11111111111116,11
7.79,13.989999999999995,31.088888888888928,11
7.8,13.990000000000009,31.08888888888896,11
7.81,13.97999999999999,31.06666666666669,11
7.82,13.980000000000004,31.066666666666723,11
7.83,13.969999999999999,31.04444444444449,11
7.84,13.969999999999999,31.04444444444449,11
7.85,13.960000000000008,31.02222222222229,11
7.86,13.959999999999994,31.022222222222258,11
7.87,13.959999999999994,31.022222222222258,11
7.88,13.950000000000003,31.000000000000057,11
7.89,13.950000000000003,31.000000000000057,11
7.9,13.939999999999998,30.97777777777782,11
7.91,13.939999999999998,30.97777777777782,11
7.92,13.930000000000007,30.95555555555562,11
7.93,13.930000000000007,30.95555555555562,11
7.94,13.920000000000002,30.933333333333387,11
7.95,13.920000000000002,30.933333333333387,11
7.96,13.909999999999997,30.911111111111154,11
7.97,13.909999999999997,30.911111111111154,11
7.98,13.91000000000001,30.911111111111182,11
7.99,13.899999999999991,30.888888888888918,11
8.0,13.900000000000006,30.88888888888895,11
8.01,13.89,31.568181818181856,11
8.02,13.89,31.568181818181856,11
8.03,13.88000000000001,31.545454545454604,11
8.04,13.879999999999995,31.54545454545457,11
8.05,13.870000000000005,31.52272727272732,11
8.06,13.86999999999999,31.522727272727288,11
8.07,13.870000000000005,31.52272727272732,11
8.08,13.86,31.500000000000036,11
8.09,13.86,31.500000000000036,11
8.1,13.850000000000009,31.477272727272783,11
8.11,13.849999999999994,31.47727272727275,11
8.12,13.840000000000003,31.4545454545455,11
8.13,13.840000000000003,31.4545454545455,11
8.14,13.840000000000003,31.4545454545455,11
8.15,13.829999999999998,31.431818181818212,11
8.16,13.829999999999998,31.431818181818212,11
8.17,13.819999999999993,31.409090909090928,11
8.18,13.820000000000007,31.40909090909096,11
8.19,13.810000000000002,31.386363636363676,11
8.2,13.810000000000002,31.386363636363676,11
8.21,13.799999999999997,31.36363636363639,11
8.22,13.799999999999997,31.36363636363639,11
8.23,13.800000000000011,31.363636363636424,11
8.24,13.789999999999992,31.340909090909108,11
8.25,13.790000000000006,31.34090909090914,11
8.26,13.780000000000001,31.318181818181856,11
8.27,13.780000000000001,32.046511627907,11
8.28,13.77000000000001,32.02325581395353,11
8.29,13.769999999999996,32.0232558139535,11
8.3,13.769999999999996,32.0232558139535,11
8.31,13.759999999999991,32.0,11
8.32,13.760000000000005,32.000000000000036,11
8.33,13.75,31.97674418604653,11
8.34,13.75,31.97674418604653,11
8.35,13.740000000000009,31.953488372093066,11
8.36,13.739999999999995,31.953488372093034,11
8.37,13.739999999999995,31.953488372093034,11
8.38,13.730000000000004,31.930232558139565,11
8.39,13.730000000000004,31.930232558139565,11
8.4,13.719999999999999,31.906976744186064,11
8.41,13.719999999999999,31.906976744186064,11
8.42,13.709999999999994,31.883720930232563,11
8.43,13.710000000000008,31.8837209302326,11
8.44,13.709999999999994,31.883720930232563,11
8.45,13.700000000000003,31.860465116279098,11
8.46,13.699999999999989,31.860465116279066,11
8.47,13.689999999999998,31.837209302325597,11
8.48,13.690000000000012,31.83720930232563,11
8.49,13.679999999999993,31.813953488372096,11
8.5,13.680000000000007,31.813953488372128,11
8.51,13.679999999999993,31.813953488372096,11
8.52,13.670000000000002,31.79069767441863,11
8.53,13.670000000000002,32.54761904761906,11
8.54,13.659999999999997,32.52380952380952,11
8.55,13.659999999999997,32.52380952380952,11
8.56,13.649999999999991,32.499999999999986,11
8.57,13.650000000000006,32.50000000000002,11
8.58,13.650000000000006,32.50000000000002,11
8.59,13.64,32.47619047619048,11
8.6,13.64,32.47619047619048,11
8.61,13.629999999999995,32.45238095238095,11
8.62,13.629999999999995,32.45238095238095,11
8.63,13.620000000000005,32.428571428571445,11
8.64,13.61999999999999,32.42857142857141,11
8.65,13.620000000000005,32.428571428571445,11
8.66,13.61,32.40476190476191,11
8.67,13.61,32.40476190476191,11
8.68,13.600000000000009,32.38095238095241,11
8.69,13.599999999999994,32.38095238095237,11
8.7,13.600000000000009,32.38095238095241,11
8.71,13.58999999999999,32.35714285714284,11
8.72,13.590000000000003,32.35714285714287,11
8.73,13.580000000000013,32.33333333333337,11
8.74,13.579999999999998,32.333333333333336,11
8.75,13.570000000000007,32.30952380952383,11
8.76,13.569999999999993,32.309523809523796,11
8.77,13.569999999999993,32.309523809523796,11
8.78,13.560000000000002,32.2857142857143,11
8.79,13.560000000000002,32.2857142857143,11
8.8,13.549999999999997,33.04878048780486,11
8.81,13.549999999999997,33.04878048780486,11
8.82,13.549999999999997,33.04878048780486,11
8.83,13.540000000000006,33.024390243902445,11
8.84,13.539999999999992,33.02439024390241,11
8.85,13.530000000000001,32.99999999999999,11
8.86,13.530000000000001,32.99999999999999,11
8.87,13.519999999999996,32.97560975609754,11
8.88,13.52000000000001,32.975609756097576,11
8.89,13.519999999999996,32.97560975609754,11
8.9,13.510000000000005,32.951219512195124,11
8.91,13.509999999999991,32.95121951219509,11
8.92,13.5,32.92682926829267,11
8.93,13.5,32.92682926829267,11
8.94,13.5,32.92682926829267,11
8.95,13.490000000000009,32.902439024390254,11
8.96,13.489999999999995,32.90243902439022,11
8.97,13.480000000000004,32.8780487804878,11
8.98,13.480000000000004,32.8780487804878,11
8.99,13.480000000000004,32.8780487804878,11
9.0,13.469999999999999,32.85365853658535,11
9.01,13.469999999999999,32.85365853658535,11
9.02,13.459999999999994,32.8292682926829,11
9.03,13.460000000000008,32.82926829268293,11
9.04,13.450000000000003,32.80487804878048,11
9.05,13.450000000000003,32.80487804878048,11
9.06,13.449999999999989,32.80487804878045,11
9.07,13.439999999999998,33.599999999999966,11
9.08,13.440000000000012,33.6,11
9.09,13.429999999999993,33.57499999999995,11
9.1,13.430000000000007,33.57499999999999,11
9.11,13.429999999999993,33.57499999999995,11
9.12,13.420000000000002,33.549999999999976,11
9.13,13.420000000000002,33.549999999999976,11
9.14,13.409999999999997,33.52499999999996,11
9.15,13.409999999999997,33.52499999999996,11
9.16,13.409999999999997,33.52499999999996,11
9.17,13.400000000000006,33.499999999999986,11
9.18,13.400000000000006,33.499999999999986,11
9.19,13.39,33.47499999999997,11
9.2,13.39,33.47499999999997,11
9.21,13.39,33.47499999999997,11
9.22,13.379999999999995,33.44999999999996,11
9.23,13.38000000000001,33.449999999999996,11
9.24,13.36999999999999,33.42499999999995,11
9.25,13.370000000000005,33.42499999999998,11
9.26,13.36999999999999,33.42499999999995,11
9.27,13.36,33.39999999999997,11
9.28,13.36,33.39999999999997,11
9.29,13.349999999999994,33.37499999999996,11
9.3,13.350000000000009,33.37499999999999,11
9.31,13.349999999999994,33.37499999999996,11
9.32,13.340000000000003,33.34999999999998,11
9.33,13.340000000000003,33.34999999999998,11
9.34,13.329999999999998,33.32499999999997,11
9.35,13.329999999999998,34.179487179487126,11
9.36,13.329999999999998,34.179487179487126,11
9.37,13.319999999999993,34.15384615384609,11
9.38,13.320000000000007,34.153846153846125,11
9.39,13.319999999999993,34.15384615384609,11
9.4,13.310000000000002,34.12820512820508,11
9.41,13.309999999999988,34.128205128205046,11
9.42,13.299999999999997,34.102564102564045,11
9.43,13.300000000000011,34.10256410256408,11
9.44,13.299999999999997,34.102564102564045,11
9.45,13.290000000000006,34.076923076923045,11
9.46,13.289999999999992,34.07692307692301,11
9.47,13.280000000000001,34.051282051282,11
9.48,13.280000000000001,34.051282051282,11
9.49,13.280000000000001,34.051282051282,11
9.5,13.269999999999996,34.025641025640965,11
9.51,13.269999999999996,34.025641025640965,11
9.52,13.260000000000005,33.999999999999964,11
9.53,13.260000000000005,33.999999999999964,11
9.54,13.259999999999991,33.99999999999993,11
9.55,13.25,33.97435897435893,11
9.56,13.25,33.97435897435893,11
9.57,13.239999999999995,33.948717948717885,11
9.58,13.240000000000009,33.94871794871792,11
9.59,13.239999999999995,33.948717948717885,11
9.6,13.230000000000004,33.923076923076884,11
9.61,13.22999999999999,33.92307692307685,11
9.62,13.230000000000004,33.923076923076884,11
9.63,13.219999999999999,33.89743589743585,11
9.64,13.219999999999999,34.78947368421045,11
9.65,13.210000000000008,34.76315789473679,11
9.66,13.209999999999994,34.76315789473676,11
9.67,13.209999999999994,34.76315789473676,11
9.68,13.200000000000003,34.736842105263094,11
9.69,13.200000000000003,34.736842105263094,11
9.7,13.189999999999998,34.710526315789394,11
9.71,13.189999999999998,34.710526315789394,11
9.72,13.189999999999998,34.710526315789394,11
9.73,13.180000000000007,34.68421052631574,11
9.74,13.179999999999993,34.684210526315695,11
9.75,13.180000000000007,34.68421052631574,11
9.76,13.169999999999987,34.657894736842,11
9.77,13.170000000000002,34.65789473684204,11
9.78,13.16000000000001,34.631578947368375,11
9.79,13.159999999999997,34.63157894736834,11
9.8,13.159999999999997,34.63157894736834,11
9.81,13.149999999999991,34.60526315789464,11
9.82,13.150000000000006,34.60526315789468,11
9.83,13.150000000000006,34.60526315789468,11
9.84,13.14,34.578947368420984,11
9.85,13.14,34.578947368420984,11
9.86,13.129999999999995,34.552631578947285,11
9.87,13.129999999999995,34.552631578947285,11
9.88,13.13000000000001,34.55263157894732,11
9.89,13.11999999999999,34.526315789473585,11
9.9,13.120000000000005,34.52631578947363,11
9.91,13.11999999999999,34.526315789473585,11
9.92,13.11,34.49999999999993,11
9.93,13.11,34.49999999999993,11
9.94,13.099999999999994,35.40540540540547,11
9.95,13.100000000000009,35.4054054054055,11
9.96,13.099999999999994,35.40540540540547,11
9.97,13.090000000000003,35.378378378378464,11
9.98,13.090000000000003,35.378378378378464,11
9.99,13.090000000000003,35.378378378378464,11
10.0,13.079999999999998,35.35135135135142,11
10.01,13.079999999999998,35.35135135135142,11
10.02,13.069999999999993,35.32432432432438,11
10.03,13.070000000000007,35.32432432432442,11
10.04,13.069999999999993,35.32432432432438,11
10.05,13.060000000000002,35.297297297297376,11
10.06,13.059999999999988,35.29729729729734,11
10.07,13.060000000000002,35.297297297297376,11
10.08,13.050000000000011,35.27027027027037,11
10.09,13.049999999999997,35.27027027027034,11
10.1,13.040000000000006,35.243243243243334,11
10.11,13.039999999999992,35.2432432432433,11
10.12,13.040000000000006,35.243243243243334,11
10.13,13.030000000000001,35.216216216216296,11
10.14,13.030000000000001,35.216216216216296,11
10.15,13.030000000000001,35.216216216216296,11
10.16,13.019999999999996,35.18918918918925,11
10.17,13.019999999999996,35.18918918918925,11
10.18,13.02000000000001,35.18918918918929,11
10.19,13.009999999999991,35.16216216216221,11
10.2,13.010000000000005,35.162162162162254,11
10.21,13.0,35.13513513513521,11
10.22,13.0,35.13513513513521,11
10.23,13.0,35.13513513513521,11
10.24,12.989999999999995,36.08333333333338,11
10.25,12.990000000000009,36.083333333333414,11
10.26,12.989999999999995,36.08333333333338,11
10.27,12.980000000000004,36.05555555555562,11
10.28,12.980000000000004,36.05555555555562,11
10.29,12.969999999999999,36.02777777777783,11
10.3,12.969999999999999,36.02777777777783,11
10.31,12.969999999999999,36.02777777777783,11
10.32,12.959999999999994,36.00000000000004,11
10.33,14.0,54.88461538461504,11
10.34,14.0,54.846153846153534,11
10.35,14.0,54.846153846153484,11
10.36,14.0,57.04000000000002,11
10.37,14.0,57.0,11
10.38,14.0,54.807692307692726,11
10.39,14.0,54.807692307692726,11
10.4,14.0,57.0,11
10.41,14.0,56.960000000000036,11
10.42,14.0,56.95999999999998,11
10.43,14.0,54.76923076923042,11
10.44,14.0,54.76923076923042,11
10.45,14.0,56.920000000000016,11
10.46,13.999999999999998,56.920000000000016,11
10.47,14.0,56.920000000000016,11
10.48,14.0,54.692307692308106,11
10.49,14.000000000000002,56.879999999999995,11
10.5,14.0,56.879999999999995,11
10.51,13.999999999999998,56.879999999999995,11
10.52,14.0,56.839999999999975,11
10.53,14.0,56.84000000000003,11
10.54,14.000000000000002,56.839999999999975,11
10.55,14.0,56.84000000000003,11
10.56,13.999999999999998,56.80000000000001,11
10.57,14.0,56.80000000000001,11
10.58,14.0,56.799999999999955,11
10.59,14.0,56.80000000000001,11
10.6,14.0,56.75999999999999,11
10.61,13.999999999999998,56.75999999999999,11
10.62,14.0,56.76000000000005,11
10.63,14.0,59.1249999999995,11
10.64,14.0,56.72000000000003,11
10.65,14.0,56.71999999999997,11
10.66,13.999999999999998,56.72000000000003,11
10.67,14.0,56.71999999999997,11
10.68,14.0,59.08333333333375,11
10.69,14.0,56.67999999999995,11
10.7,14.0,56.68000000000001,11
10.71,13.999999999999998,56.68000000000001,11
10.72,14.0,56.68000000000001,11
10.73,14.0,58.99999999999956,11
10.74,14.0,56.639999999999986,11
10.75,14.0,56.639999999999986,11
10.76,13.999999999999998,56.639999999999986,11
10.77,14.0,59.00000000000037,11
10.78,14.0,58.95833333333374,11
10.79,14.0,58.95833333333374,11
10.8,14.0,56.60000000000002,11
10.81,13.999999999999998,56.599999999999966,11
10.82,14.0,58.95833333333287,11
10.83,14.0,58.91666666666618,11
10.84,14.0,58.91666666666618,11
10.85,14.0,56.56,11
10.86,13.999999999999998,56.56,11
10.87,14.0,58.916666666667055,11
10.88,13.999999999999998,58.87500000000036,11
10.89,14.000000000000002,58.833333333333734,11
10.9,14.0,56.48000000000002,11
10.91,13.999999999999998,58.83333333333287,11
10.92,14.0,58.83333333333287,11
10.93,13.999999999999998,58.8333333333328,11
10.94,14.000000000000002,58.791666666666174,11
10.95,14.0,56.44,11
10.96,13.999999999999998,58.79166666666705,11
10.97,14.0,58.791666666667105,11
10.98,13.999999999999998,58.79166666666705,11
10.99,14.000000000000002,58.79166666666705,11
11.0,14.0,58.79166666666705,11
11.01,13.999999999999998,58.70833333333373,11
11.02,14.0,58.70833333333373,11
11.03,13.999999999999998,58.70833333333373,11
11.04,14.000000000000002,58.70833333333373,11
11.05,14.0,58.70833333333367,11
11.06,13.999999999999998,58.70833333333286,11
11.07,14.0,58.666666666666174,11
11.08,13.999999999999998,58.666666666666174,11
11.09,14.000000000000002,58.66666666666623,11
11.1,14.0,58.666666666666174,11
11.11,13.999999999999998,61.21739130434771,11
11.12,14.0,58.62500000000041,11
11.13,13.999999999999998,58.625000000000355,11
11.14,14.000000000000002,58.62500000000041,11
11.15,14.0,61.13043478260859,11
11.16,13.999999999999998,61.13043478260859,11
11.17,12.67,37.264705882352956,11
11.18,12.66,37.23529411764707,11
11.19,12.66,37.23529411764707,11
11.2,12.66,38.36363636363635,11
11.21,12.65,38.33333333333333,11
11.22,12.65,38.33333333333333,11
11.23,12.65,38.33333333333333,11
11.24,12.639999999999999,38.30303030303029,11
11.25,12.64,38.3030303030303,11
11.26,12.64,38.3030303030303,11
11.27,12.63,38.272727272727266,11
11.28,12.63,38.272727272727266,11
11.29,12.629999999999999,38.27272727272726,11
11.3,12.62,38.242424242424235,11
11.31,12.620000000000001,38.242424242424235,11
11.32,12.620000000000001,38.242424242424235,11
11.33,12.610000000000001,38.21212121212121,11
11.34,12.61,38.212121212121204,11
11.35,12.61,38.212121212121204,11
11.36,12.6,38.18181818181817,11
11.37,12.600000000000001,38.18181818181818,11
11.38,12.600000000000001,38.18181818181818,11
11.39,12.590000000000002,38.15151515151515,11
11.4,12.59,38.15151515151514,11
11.41,12.589999999999998,38.151515151515135,11
11.42,12.58,38.12121212121211,11
11.43,12.579999999999998,38.12121212121211,11
11.44,12.580000000000002,38.12121212121212,11
11.45,12.57,38.090909090909086,11
11.46,12.569999999999999,38.09090909090908,11
11.47,12.57,38.090909090909086,11
11.48,12.57,38.090909090909086,11
11.49,12.560000000000002,38.06060606060606,11
11.5,12.559999999999999,38.06060606060605,11
11.51,12.559999999999999,38.06060606060605,11
11.52,12.55,38.030303030303024,11
11.53,12.549999999999999,38.03030303030302,11
11.54,12.55,39.218749999999964,11
11.55,12.54,39.187499999999964,11
11.56,12.54,39.187499999999964,11
11.57,12.54,39.187499999999964,11
11.58,12.53,39.156249999999964,11
11.59,12.530000000000001,39.15624999999997,11
11.6,12.53,39.156249999999964,11
11.61,12.52,39.124999999999964,11
11.62,12.52,39.124999999999964,11
11.63,12.52,39.124999999999964,11
11.64,12.510000000000002,39.09374999999997,11
11.65,12.51,39.093749999999964,11
11.66,12.509999999999998,39.09374999999996,11
11.67,12.5,39.062499999999964,11
11.68,12.5,39.062499999999964,11
11.69,12.500000000000002,39.06249999999997,11
11.7,12.49,39.031249999999964,11
11.71,12.489999999999998,39.03124999999996,11
11.72,12.49,39.031249999999964,11
11.73,12.479999999999999,38.999999999999964,11
11.74,12.48,38.999999999999964,11
11.75,12.48,38.999999999999964,11
11.76,12.469999999999999,38.968749999999964,11
11.77,12.47,38.968749999999964,11
11.78,12.469999999999999,38.968749999999964,11
11.79,12.47,38.968749999999964,11
11.8,12.459999999999999,38.937499999999964,11
11.81,12.459999999999999,38.937499999999964,11
11.82,12.46,38.93749999999997,11
11.83,12.45,38.906249999999964,11
11.84,12.450000000000001,38.90624999999997,11
11.85,12.45,38.906249999999964,11
11.86,12.439999999999998,38.87499999999996,11
11.87,12.440000000000001,38.87499999999997,11
11.88,12.44,38.874999999999964,11
11.89,12.430000000000001,40.09677419354833,11
11.9,12.43,40.09677419354832,11
11.91,12.429999999999998,40.09677419354831,11
11.92,12.42,40.06451612903219,11
11.93,12.419999999999998,40.064516129032185,11
11.94,12.420000000000002,40.0645161290322,11
11.95,12.41,40.032258064516064,11
11.96,12.409999999999998,40.03225806451606,11
11.97,12.41,40.032258064516064,11
11.98,12.409999999999998,40.03225806451606,11
11.99,12.4,39.999999999999936,11
12.0,12.4,39.999999999999936,11
12.01,12.399999999999999,39.99999999999993,11
12.02,12.39,39.96774193548381,11
12.03,12.389999999999999,39.9677419354838,11
12.04,12.39,39.96774193548381,11
12.05,12.379999999999999,39.93548387096767,11
12.06,12.379999999999999,39.93548387096767,11
12.07,12.38,39.93548387096768,11
12.08,12.37,39.903225806451545,11
12.09,12.370000000000001,39.90322580645155,11
12.1,12.37,39.903225806451545,11
12.11,12.369999999999997,39.90322580645154,11
12.12,12.360000000000001,39.870967741935424,11
12.13,12.36,39.87096774193542,11
12.14,12.360000000000001,39.870967741935424,11
12.15,12.35,39.83870967741929,11
12.16,12.349999999999998,39.83870967741928,11
12.17,12.35,39.83870967741929,11
12.18,12.34,39.80645161290316,11
12.19,12.340000000000002,39.80645161290317,11
12.2,12.34,39.80645161290316,11
12.21,12.189999999999998,0.8126666666666665,11
12.22,12.04,0.8026666666666666,11
12.23,11.89,0.7926666666666667,11
12.24,11.740000000000002,0.7826666666666668,11
12.25,11.59,0.7726666666666666,11
12.26,11.439999999999998,0.7626666666666665,11
12.27,11.29,0.7526666666666666,11
12.28,11.14,0.7426666666666667,11
12.29,10.990000000000002,0.7326666666666668,11
12.3,10.84,0.7226666666666667,11
12.31,10.689999999999998,0.7126666666666666,11
12.32,10.54,0.7026666666666667,11
12.33,10.39,0.6926666666666667,11
12.34,10.240000000000002,0.6826666666666668,11
12.35,10.09,0.6726666666666666,11
12.36,9.939999999999998,0.6626666666666665,11
12.37,9.79,0.6526666666666666,11
12.38,9.64,0.6426666666666667,11
12.39,9.490000000000002,0.6326666666666668,11
12.4,9.34,0.6226666666666667,11
12.41,9.189999999999998,0.6126666666666665,11
12.42,9.04,0.6026666666666666,11
12.43,8.89,0.5926666666666667,11
12.44,8.740000000000002,0.5826666666666668,11
12.45,8.59,0.5726666666666667,11
12.46,8.439999999999998,0.5626666666666665,11
12.47,8.289999999999996,0.5526666666666664,11
12.48,8.140000000000004,0.542666666666667,11
12.49,7.990000000000002,0.5326666666666668,11
12.5,7.84,0.5226666666666666,11
12.51,7.689999999999998,0.5126666666666665,11
12.52,7.539999999999996,0.5026666666666664,11
12.53,7.390000000000004,0.4926666666666669,11
12.54,7.240000000000002,0.4826666666666668,11
12.55,7.09,0.4726666666666667,11
12.56,6.939999999999998,0.4626666666666665,11
12.57,6.789999999999996,0.4526666666666664,11
12.58,6.640000000000004,0.44266666666666693,11
12.59,6.490000000000002,0.4326666666666668,11
12.6,6.34,0.42266666666666663,11
12.61,6.189999999999998,0.4126666666666665,11
12.62,6.039999999999996,0.4026666666666664,11
12.63,5.890000000000004,0.39266666666666694,11
12.64,5.740000000000002,0.3826666666666668,11
12.65,5.59,0.37266666666666665,11
12.66,5.439999999999998,0.3626666666666665,11
12.67,5.289999999999996,0.35266666666666635,11
12.68,13.700000000000003,54.80000000000001,9
12.69,13.700000000000003,52.69230769230739,9
12.7,13.700000000000017,54.80000000000007,9
12.71,13.700000000000003,52.692307692308106,9
12.72,13.689999999999998,52.65384615384655,9
12.73,13.690000000000012,54.76000000000005,9
12.74,13.689999999999998,52.65384615384655,9
12.75,13.690000000000012,52.6538461538466,9
12.76,13.680000000000007,52.61538461538432,9
12.77,13.680000000000007,52.61538461538432,9
12.78,13.679999999999978,52.61538461538493,9
12.79,13.680000000000007,52.61538461538432,9
12.8,13.680000000000007,52.61538461538432,9
12.81,13.669999999999987,52.57692307692343,9
12.82,13.670000000000016,52.57692307692354,9
12.83,13.669999999999987,52.57692307692271,9
12.84,13.669999999999987,52.57692307692343,9
12.85,13.660000000000025,52.53846153846204,9
12.86,13.659999999999997,52.53846153846193,9
12.87,13.659999999999997,52.538461538461206,9
12.88,13.649999999999977,52.499999999999595,9
12.89,13.650000000000006,50.55555555555566,9
12.9,13.650000000000006,52.49999999999971,9
12.91,13.639999999999986,52.46153846153809,9
12.92,13.640000000000015,52.46153846153892,9
12.93,13.629999999999995,52.42307692307659,9
12.94,13.639999999999986,50.51851851851855,9
12.95,13.640000000000015,52.46153846153892,9
12.96,13.629999999999995,52.4230769230773,9
12.97,13.629999999999995,50.481481481481545,9
12.98,13.620000000000005,52.38461538461509,9
12.99,13.630000000000024,50.48148148148165,9
13.0,13.620000000000005,50.44444444444454,9
13.01,13.610000000000014,52.346153846153584,9
13.02,13.620000000000005,50.44444444444454,9
13.03,13.609999999999985,50.40740740740743,9
13.04,13.610000000000014,50.40740740740687,9
13.05,13.610000000000014,50.40740740740754,9
13.06,13.599999999999994,52.30769230769268,9
13.07,13.599999999999994,50.37037037037043,9
13.08,13.599999999999994,50.37037037036976,9
13.09,13.590000000000003,52.269230769231186,9
13.1,13.599999999999994,50.37037037037043,9
13.11,13.590000000000003,50.33333333333343,9
13.12,13.580000000000013,50.296296296296426,9
13.13,13.590000000000003,50.33333333333343,9
13.14,13.579999999999984,50.29629629629632,9
13.15,13.579999999999984,50.29629629629632,9
13.16,13.570000000000022,50.259259259259416,9
13.17,13.570000000000022,50.259259259259416,9
13.18,13.580000000000013,50.296296296296426,9
13.19,13.569999999999993,50.259259259258656,9
13.2,13.569999999999993,50.259259259259316,9
13.21,13.560000000000002,50.22222222222231,9
13.22,13.560000000000002,48.42857142857186,9
13.23,13.560000000000002,50.22222222222231,9
13.24,13.549999999999983,50.185185185185205,9
13.25,13.550000000000011,48.3928571428576,9
13.26,13.550000000000011,50.185185185185304,9
13.27,13.54000000000002,50.1481481481483,9
13.28,13.539999999999992,48.357142857142634,9
13.29,13.539999999999992,50.14814814814754,9
13.3,13.539999999999992,48.357142857142634,9
13.31,13.530000000000001,50.11111111111119,9
13.32,13.530000000000001,50.11111111111119,9
13.33,13.530000000000001,48.321428571428996,9
13.34,13.530000000000001,50.11111111111119,9
13.35,13.530000000000001,48.32142857142838,9
13.36,13.519999999999982,48.28571428571464,9
13.37,13.52000000000001,50.07407407407419,9
13.38,13.52000000000001,48.28571428571413,9
13.39,13.509999999999991,48.24999999999977,9
13.4,13.509999999999991,48.24999999999977,9
13.41,13.51000000000002,48.24999999999987,9
13.42,13.51000000000002,48.24999999999987,9
13.43,13.5,48.21428571428613,9
13.44,13.5,48.214285714285516,9
13.45,13.5,48.214285714285516,9
13.46,13.5,48.21428571428613,9
13.47,13.48999999999998,48.17857142857178,9
13.48,13.48999999999998,48.17857142857116,9
13.49,13.490000000000009,48.17857142857127,9
13.5,13.47999999999999,48.14285714285691,9
13.51,13.47999999999999,48.14285714285691,9
13.52,13.47999999999999,48.14285714285691,9
13.53,13.469999999999999,46.448275862069096,9
13.54,13.469999999999999,48.107142857142655,9
13.55,13.469999999999999,48.107142857142655,9
13.56,13.469999999999999,48.107142857143266,9
13.57,13.460000000000008,48.07142857142902,9
13.58,13.460000000000008,46.41379310344844,9
13.59,13.450000000000017,48.03571428571415,9
13.6,13.460000000000008,48.071428571428406,9
13.61,13.450000000000017,46.37931034482778,9
13.62,13.450000000000017,48.03571428571415,9
13.63,13.439999999999998,46.344827586207025,9
13.64,13.449999999999989,46.37931034482769,9
13.65,13.439999999999998,47.999999999999794,9
13.66,13.430000000000007,46.3103448275858,9
13.67,13.439999999999998,48.000000000000405,9
13.68,13.430000000000007,46.31034482758637,9
13.69,13.420000000000016,46.27586206896514,9
13.7,13.430000000000007,47.964285714285545,9
13.71,13.419999999999987,46.27586206896561,9
13.72,13.419999999999987,46.27586206896561,9
13.73,13.419999999999987,46.27586206896561,9
13.74,13.419999999999987,46.27586206896561,9
13.75,13.409999999999997,46.24137931034495,9
13.76,13.410000000000025,46.241379310344485,9
13.77,13.409999999999997,46.24137931034495,9
13.78,13.409999999999997,44.69999999999988,9
13.79,13.400000000000006,46.20689655172429,9
13.8,13.400000000000006,46.20689655172373,9
13.81,13.390000000000015,46.17241379310364,9
13.82,13.389999999999986,46.17241379310354,9
13.83,13.389999999999986,44.63333333333371,9
13.84,13.379999999999995,46.137931034482875,9
13.85,13.389999999999986,46.17241379310354,9
13.86,13.379999999999995,44.59999999999988,9
13.87,13.380000000000024,46.137931034482975,9
13.88,13.379999999999995,46.137931034482875,9
13.89,13.370000000000005,46.10344827586222,9
13.9,13.370000000000005,46.10344827586165,9
13.91,13.370000000000005,44.56666666666658,9
13.92,13.369999999999976,46.10344827586212,9
13.93,13.359999999999985,46.068965517241466,9
13.94,13.350000000000023,44.5000000000005,9
13.95,13.349999999999994,46.034482758620804,9
13.96,13.349999999999994,44.49999999999988,9
13.97,13.349999999999994,44.49999999999988,9
13.98,13.340000000000003,46.00000000000015,9
13.99,13.340000000000003,44.466666666666576,9
14.0,13.340000000000003,45.99999999999958,9
14.01,13.330000000000013,44.43333333333327,9
14.02,13.329999999999984,44.433333333333174,9
14.03,13.329999999999984,45.96551724137939,9
14.04,13.330000000000013,44.4333333333338,9
14.05,13.330000000000013,44.43333333333327,9
14.06,13.319999999999993,44.39999999999987,9
14.07,13.319999999999993,44.39999999999987,9
14.08,13.320000000000022,42.96774193548412,9
14.09,13.310000000000002,44.36666666666657,9
14.1,13.310000000000002,44.36666666666657,9
14.11,13.310000000000002,44.36666666666657,9
14.12,13.300000000000011,44.333333333333265,9
14.13,13.300000000000011,42.90322580645133,9
14.14,13.289999999999992,44.300000000000395,9
14.15,13.289999999999992,44.29999999999987,9
14.16,13.29000000000002,42.87096774193524,9
14.17,13.289999999999992,44.29999999999987,9
14.18,13.289999999999992,42.87096774193564,9
14.19,13.280000000000001,44.266666666666566,9
14.2,13.280000000000001,44.266666666666566,9
14.21,13.27000000000001,42.80645161290344,9
14.22,13.280000000000001,44.266666666666566,9
14.23,13.27000000000001,42.80645161290295,9
14.24,13.269999999999982,42.806451612903345,9
14.25,13.259999999999991,44.20000000000039,9
14.26,13.259999999999991,42.774193548386755,9
14.27,13.259999999999991,39.949999999999974,9
14.28,13.25,36.29545454545458,9
14.29,13.25,33.2708333333333,9
14.3,13.25,30.692307692307732,9
14.31,13.23999999999998,28.499999999999964,9
14.32,13.240000000000009,26.583333333333353,9
14.33,13.23999999999998,25.317460317460267,9
14.34,13.240000000000009,25.301587301587265,9
14.35,13.22999999999999,25.69354838709682,9
14.36,13.219999999999999,27.465517241379295,9
14.37,13.22999999999999,27.448275862068964,9
14.38,13.219999999999999,27.431034482758612,9
14.39,13.219999999999999,27.431034482758612,9
14.4,13.210000000000008,27.912280701754366,9
14.41,13.20999999999998,27.89473684210526,9
14.42,13.210000000000008,27.877192982456126,9
14.43,13.20999999999998,28.357142857142822,9
14.44,13.210000000000008,28.357142857142822,9
14.45,13.199999999999989,28.339285714285698,9
14.46,13.200000000000017,28.339285714285698,9
14.47,13.189999999999998,28.836363636363597,9
14.48,13.189999999999998,28.836363636363597,9
14.49,13.189999999999998,28.818181818181863,9
14.5,13.180000000000007,29.351851851851816,9
14.51,13.180000000000007,29.33333333333336,9
14.52,13.179999999999978,29.333333333333385,9
14.53,13.170000000000016,29.31481481481476,9
14.54,13.169999999999987,29.86792452830192,9
14.55,13.170000000000016,29.849056603773736,9
14.56,13.169999999999987,29.83018867924522,9
14.57,13.160000000000025,29.830188679245325,9
14.58,13.159999999999997,30.40384615384605,9
14.59,13.159999999999997,30.384615384615433,9
14.6,13.159999999999997,30.384615384615405,9
14.61,13.159999999999997,30.365384615384624,9
14.62,13.139999999999986,30.941176470588143,9
14.63,13.140000000000015,30.94117647058836,9
14.64,13.139999999999986,30.921568627450878,9
14.65,13.140000000000015,30.921568627450906,9
14.66,13.139999999999986,31.539999999999992,9
14.67,13.129999999999995,31.519999999999982,9
14.68,13.129999999999995,31.5,9
14.69,13.129999999999995,31.5,9
14.7,13.129999999999995,32.122448979591724,9
14.71,13.120000000000005,32.12244897959193,9
14.72,13.109999999999985,32.10204081632664,9
14.73,13.110000000000014,32.10204081632641,9
14.74,13.109999999999985,32.74999999999997,9
14.75,13.099999999999994,32.75000000000021,9
14.76,13.100000000000023,32.72916666666666,9
14.77,13.099999999999994,32.72916666666666,9
14.78,13.099999999999994,33.42553191489346,9
14.79,13.100000000000023,33.42553191489372,9
14.8,13.090000000000003,33.38297872340433,9
14.81,13.090000000000003,33.382978723404364,9
14.82,13.090000000000003,34.10869565217388,9
14.83,13.080000000000013,34.08695652173932,9
14.84,13.079999999999984,34.086956521739054,9
14.85,13.069999999999993,34.06521739130429,9
14.86,13.069999999999993,34.06521739130429,9
14.87,13.069999999999993,34.79999999999977,9
14.88,13.069999999999993,34.80000000000005,9
14.89,13.059999999999974,34.77777777777784,9
14.9,13.060000000000002,34.80000000000005,9
14.91,13.050000000000011,35.56818181818173,9
14.92,13.059999999999974,35.54545454545473,9
14.93,13.050000000000011,35.52272727272716,9
14.94,13.04000000000002,35.54545454545444,9
14.95,15.629999999999995,35.52272727272716,9
14.96,15.63000000000001,36.348837209302374,9
14.97,15.620000000000005,36.32558139534887,9
14.98,15.620000000000005,36.32558139534887,9
14.99,15.61,36.30232558139537,9
15.0,15.61,37.16666666666683,9
15.01,15.599999999999994,37.142857142857295,9
15.02,15.599999999999994,37.142857142856975,9
15.03,15.599999999999994,37.142857142856975,9
15.04,15.599999999999994,37.142857142857295,9
15.05,15.579999999999998,37.999999999999986,9
15.06,15.579999999999998,37.999999999999986,9
15.07,15.579999999999998,37.999999999999986,9
15.08,15.569999999999993,37.97560975609786,9
15.09,15.570000000000007,37.97560975609757,9
15.1,15.569999999999993,38.92500000000012,9
15.11,15.560000000000002,38.8999999999998,9
15.12,15.560000000000002,38.8999999999998,9
15.13,15.549999999999997,38.87500000000013,9
15.14,15.550000000000011,38.87500000000016,9
15.15,15.549999999999997,39.871794871794805,9
15.16,15.539999999999992,39.84615384615377,9
15.17,15.540000000000006,39.846153846153804,9
15.18,15.530000000000001,39.82051282051277,9
15.19,15.529999999999987,39.82051282051273,9
15.2,15.530000000000001,40.868421052631305,9
15.21,15.530000000000001,40.86842105263169,9
15.22,15.52000000000001,40.842105263158025,9
15.23,15.519999999999996,40.84210526315799,9
15.24,15.509999999999991,40.815789473683914,9
15.25,15.509999999999991,40.81578947368429,9
15.26,15.5,41.89189189189178,9
15.27,15.5,41.89189189189178,9
15.28,15.5,41.89189189189178,9
15.29,15.5,41.89189189189218,9
15.3,15.489999999999995,41.864864864864735,9
15.31,15.480000000000004,43.00000000000008,9
15.32,15.47999999999999,43.00000000000004,9
15.33,15.47999999999999,43.00000000000004,9
15.34,15.480000000000004,43.00000000000008,9
15.35,15.469999999999999,42.972222222222285,9
15.36,15.469999999999999,42.972222222222285,9
15.37,15.459999999999994,44.17142857142837,9
15.38,15.459999999999994,44.17142857142882,9
15.39,15.449999999999989,44.14285714285693,9
15.4,15.459999999999994,44.17142857142837,9
15.41,15.449999999999989,44.14285714285693,9
15.42,15.450000000000003,44.14285714285742,9
15.43,15.439999999999998,45.41176470588236,9
15.44,15.440000000000012,45.411764705882405,9
15.45,15.439999999999998,45.41176470588236,9
15.46,15.439999999999998,45.41176470588236,9
15.47,15.430000000000007,45.38235294117651,9
15.48,15.429999999999993,46.757575757575474,9
15.49,15.420000000000002,46.72727272727247,9
15.5,15.419999999999987,46.72727272727293,9
15.51,15.41000000000001,46.69696969696997,9
15.52,15.409999999999997,46.696969696969425,9
15.53,15.409999999999997,46.696969696969425,9
15.54,15.409999999999997,46.69696969696993,9
15.55,15.399999999999991,48.12499999999993,9
15.56,15.400000000000006,48.12499999999997,9
15.57,15.400000000000006,48.12499999999997,9
15.58,15.39,48.09375000000049,9
15.59,15.39,48.09374999999996,9
15.6,15.39,48.09374999999996,9
15.61,15.379999999999995,49.61290322580607,9
15.62,15.38000000000001,49.61290322580612,9
15.63,15.38000000000001,49.61290322580669,9
15.64,15.36999999999999,49.5806451612905,9
15.65,15.38000000000001,49.61290322580612,9
15.66,15.370000000000005,49.58064516128997,9
15.67,15.36999999999999,51.23333333333379,9
15.68,15.36,51.199999999999875,9
15.69,15.36,51.199999999999875,9
15.7,15.36,51.199999999999875,9
15.71,15.36,51.200000000000486,9
15.72,15.350000000000009,51.16666666666657,9
15.73,13.920000000000016,16.04358353510896,9
15.74,13.960000000000008,16.033898305084747,9
15.75,13.990000000000009,16.024213075060523,9
15.76,14.02000000000001,16.014527845036323,9
15.77,14.050000000000011,16.004842615012105,9
15.78,14.089999999999975,15.992736077481847,9
15.79,14.110000000000014,15.98305084745762,9
15.8,14.140000000000015,15.975786924939468,9
15.81,14.169999999999987,16.043795620437958,9
15.82,14.210000000000008,16.07073170731707,9
15.83,14.240000000000009,16.100244498777503,9
15.84,14.27000000000001,16.129901960784306,9
15.85,14.300000000000011,16.159705159705158,9
15.86,14.329999999999984,16.1896551724138,9
15.87,14.360000000000014,16.21975308641975,9
15.88,14.389999999999986,16.24999999999999,9
15.89,14.420000000000016,16.280397022332515,9
15.9,14.449999999999989,16.310945273631845,9
15.91,14.490000000000009,16.3825,9
15.92,14.52000000000001,16.413533834586453,9
15.93,14.549999999999983,16.44472361809045,9
15.94,14.590000000000003,16.4735516372796,9
15.95,14.610000000000014,16.507575757575754,9
15.96,14.649999999999977,16.539240506329104,9
15.97,14.680000000000007,16.571065989847728,9
15.98,14.70999999999998,16.603053435114507,9
15.99,14.740000000000009,16.635204081632644,9
16.0,14.77000000000001,16.670076726342714,9
16.01,14.800000000000011,16.700000000000006,9
16.02,14.830000000000013,16.735218508997427,9
16.03,14.869999999999976,16.765463917525782,9
16.04,14.900000000000006,16.80103359173126,9
16.05,14.920000000000016,16.834196891191713,9
16.06,14.95999999999998,16.86753246753248,9
16.07,14.990000000000009,16.901041666666664,9
16.08,15.02000000000001,16.93472584856396,9
16.09,15.049999999999983,16.97120418848168,9
16.1,15.079999999999984,17.005249343832027,9
16.11,15.110000000000014,17.03947368421052,9
16.12,15.150000000000006,17.073878627968345,9
16.13,15.179999999999978,17.108465608465607,9
16.14,15.199999999999989,17.14588859416446,9
16.15,15.22999999999999,17.180851063829795,9
16.16,15.22999999999999,17.216,9
16.17,15.219999999999999,17.25401069518716,9
16.18,15.219999999999999,17.289544235924932,9
16.19,15.219999999999999,17.325268817204304,9
16.2,15.219999999999999,17.363881401617242,9
16.21,15.209999999999994,17.399999999999984,9
16.22,15.209999999999994,17.436314363143644,9
16.23,15.209999999999994,17.47554347826087,9
16.24,15.199999999999989,17.512261580381466,9
16.25,15.209999999999994,17.549180327868854,9
16.26,15.209999999999994,17.586301369863023,9
16.27,15.200000000000003,17.626373626373628,9
16.28,15.199999999999989,17.663911845730038,9
16.29,15.189999999999998,17.704419889502763,9
16.3,15.200000000000003,17.73961218836565,9
16.31,15.189999999999998,17.780555555555562,9
16.32,15.189999999999998,17.821727019498613,9
16.33,15.189999999999998,17.810584958217273,9
16.34,15.180000000000007,17.85195530726256,9
16.35,15.189999999999998,17.887955182072822,9
16.36,15.180000000000007,17.929775280898888,9
16.37,15.179999999999993,17.969014084507045,9
16.38,15.169999999999987,18.011299435028242,9
16.39,15.180000000000007,18.050991501416444,9
16.4,15.170000000000002,18.09375,9
16.41,15.170000000000002,18.13675213675213,9
16.42,15.169999999999987,18.177142857142858,9
16.43,15.16000000000001,18.168571428571422,9
16.44,15.159999999999997,18.209169054441265,9
16.45,15.159999999999997,18.250000000000004,9
16.46,15.149999999999991,18.296829971181545,9
16.47,15.150000000000006,18.338150289017353,9
16.48,15.150000000000006,18.37971014492754,9
16.49,15.149999999999991,18.424418604651162,9
16.5,15.150000000000006,18.466472303207,9
16.51,15.149999999999991,18.45772594752187,9
16.52,15.149999999999991,18.500000000000014,9
16.53,15.14,18.54545454545454,9
16.54,15.14,18.591176470588227,9
16.55,15.140000000000015,18.63421828908556,9
16.56,15.14,18.680473372781066,9
16.57,15.129999999999995,18.72700296735905,9
16.58,15.13000000000001,18.718100890207705,9
16.59,15.120000000000005,18.76190476190474,9
16.6,15.13000000000001,18.805970149253742,9
16.61,15.129999999999995,18.853293413173652,9
16.62,15.11999999999999,18.90090090090089,9
16.63,15.110000000000014,18.94879518072289,9
16.64,15.11999999999999,18.936746987951807,9
16.65,15.110000000000014,18.984894259818738,9
16.66,15.11999999999999,19.03030303030303,9
16.67,15.11,19.082066869300895,9
16.68,15.109999999999985,19.128048780487823,9
16.69,15.11,19.118902439024385,9
16.7,15.110000000000014,19.165137614678898,9
16.71,15.100000000000009,19.21779141104294,9
16.72,15.100000000000009,19.26461538461538,9
16.73,15.100000000000009,19.31481481481482,9
16.74,15.100000000000009,19.30555555555554,9
16.75,15.099999999999994,19.35294117647059,9
16.76,15.090000000000003,19.406832298136646,9
16.77,15.08999999999999,19.45482866043614,9
16.78,15.090000000000003,19.50625,9
16.79,15.090000000000003,19.493750000000002,9
16.8,15.08999999999999,19.545454545454568,9
16.81,15.090000000000003,19.59748427672956,9
16.82,15.090000000000003,19.649842271293362,9
16.83,15.069999999999993,19.640378548895885,9
16.84,15.070000000000007,19.69303797468354,9
16.85,15.069999999999993,19.74603174603176,9
16.86,15.079999999999984,19.796178343949048,9
16.87,15.079999999999998,19.849840255591058,9
16.88,15.070000000000007,19.840255591054294,9
16.89,15.069999999999993,19.89423076923079,9
16.9,15.069999999999993,19.94855305466238,9
16.91,15.060000000000002,20.0032258064516,9
16.92,15.070000000000007,19.67301587301588,9
16.93,15.060000000000016,19.726114649681524,9
16.94,15.059999999999988,19.653968253968262,9
16.95,15.049999999999997,19.647619047619052,9
16.96,15.050000000000011,19.63809523809522,9
16.97,15.060000000000016,19.62539682539681,9
16.98,15.049999999999983,19.553797468354436,9
16.99,15.050000000000011,19.60634920634919,9
17.0,15.04000000000002,19.534810126582276,9
17.01,15.039999999999992,19.587301587301603,9
17.02,15.039999999999992,19.574603174603183,9
17.03,15.030000000000001,19.503164556962044,9
17.04,15.030000000000001,19.55555555555557,9
17.05,15.030000000000001,19.48417721518987,9
17.06,15.030000000000001,19.53650793650792,9
17.07,15.019999999999982,19.465189873417728,9
17.08,15.02000000000001,19.45569620253164,9
17.09,15.02000000000001,19.446202531645564,9
17.1,15.019999999999982,19.433544303797476,9
17.11,15.02000000000001,19.485714285714295,9
17.12,15.01000000000002,19.414556962025316,9
17.13,15.009999999999991,19.405063291139246,9
17.14,15.009999999999991,19.39240506329114,9
17.15,15.01000000000002,19.382911392405063,9
17.16,15.009999999999991,19.373417721518994,9
17.17,15.009999999999991,19.36392405063291,9
17.18,15.009999999999991,19.290220820189266,9
17.19,15.0,19.34493670886078,9
17.2,15.0,19.33544303797468,9
17.21,14.990000000000009,19.322784810126574,9
17.22,14.98999999999998,19.313291139240505,9
17.23,14.990000000000009,19.242902208201905,9
17.24,14.97999999999999,19.294303797468352,9
17.25,14.97999999999999,19.22397476340695,9
17.26,14.990000000000009,19.27215189873417,9
17.27,14.97999999999999,19.205047318611975,9
17.28,14.980000000000018,19.19242902208201,9
17.29,14.97999999999999,19.24367088607595,9
17.3,14.97999999999999,19.170347003154568,9
17.31,14.969999999999999,19.224683544303797,9
17.32,14.969999999999999,19.151419558359635,9
17.33,14.95999999999998,19.145110410094656,9
17.34,14.960000000000008,19.13249211356466,9
17.35,14.969999999999999,19.11987381703471,9
17.36,14.960000000000008,19.11356466876971,9
17.37,14.960000000000008,19.100946372239733,9
17.38,14.949999999999989,19.094637223974754,9
17.39,14.950000000000017,19.08201892744481,9
17.4,14.949999999999989,19.072555205047312,9
17.41,14.949999999999989,19.063091482649856,9
17.42,14.939999999999998,19.05362776025238,9
17.43,14.949999999999989,18.981132075471695,9
17.44,14.939999999999998,19.031545741324916,9
17.45,14.939999999999998,18.9622641509434,9
17.46,14.939999999999998,19.01261829652996,9
17.47,14.930000000000007,19.003154574132477,9
17.48,14.929999999999978,18.9308176100629,9
17.49,14.930000000000007,18.98422712933755,9
17.5,14.919999999999987,18.915094339622645,9
17.51,14.930000000000007,18.902515723270437,9
17.52,14.919999999999987,18.893081761006297,9
17.53,14.910000000000025,18.883647798742135,9
17.54,14.919999999999987,18.871069182389945,9
17.55,14.910000000000025,18.861635220125784,9
17.56,14.909999999999997,18.852201257861633,9
17.57,14.900000000000006,18.84276729559749,9
17.58,14.909999999999997,18.833333333333332,9
17.59,14.899999999999977,18.82389937106919,9
17.6,14.900000000000006,18.814465408805027,9
17.61,14.900000000000006,18.805031446540887,9
17.62,14.889999999999986,18.854889589905355,9
17.63,14.900000000000006,18.84227129337538,9
17.64,14.889999999999986,18.832807570977913,9
17.65,14.890000000000015,18.88291139240506,9
17.66,14.889999999999986,18.81388012618298,9
17.67,14.880000000000024,18.863924050632907,9
17.68,14.879999999999995,18.851265822784807,9
17.69,14.870000000000005,18.84177215189874,9
17.7,14.879999999999995,18.82911392405063,9
17.71,14.879999999999995,18.879365079365066,9
17.72,14.870000000000005,18.81012658227848,9
17.73,14.870000000000005,18.860317460317468,9
17.74,14.869999999999976,18.850793650793666,9
17.75,14.860000000000014,18.78164556962025,9
17.76,14.859999999999985,18.831746031746018,9
17.77,14.859999999999985,18.822222222222216,9
17.78,14.849999999999994,18.812698412698417,9
17.79,14.859999999999985,18.80000000000002,9
17.8,14.860000000000014,18.850318471337598,9
17.81,14.849999999999994,18.78095238095239,9
17.82,14.850000000000023,18.831210191082796,9
17.83,14.849999999999994,18.821656050955408,9
17.84,14.849999999999994,18.81210191082805,9
17.85,14.840000000000003,18.802547770700652,9
17.86,14.840000000000003,18.853035143769972,9
17.87,14.840000000000003,18.78025477707006,9
17.88,14.830000000000013,18.830670926517577,9
17.89,14.829999999999984,18.821086261980835,9
17.9,14.829999999999984,18.81150159744408,9
17.91,14.830000000000013,18.801916932907332,9
17.92,14.819999999999993,18.79233226837059,9
17.93,14.820000000000022,18.78274760383387,9
17.94,14.819999999999993,18.773162939297126,9
17.95,14.819999999999993,18.82371794871795,9
17.96,14.810000000000002,18.750798722044713,9
17.97,14.810000000000002,18.801282051282044,9
17.98,14.810000000000002,18.79166666666666,9
17.99,14.810000000000002,18.782051282051295,9
18.0,14.800000000000011,18.772435897435912,9
18.01,14.799999999999983,18.82315112540194,9
18.02,14.800000000000011,18.75320512820512,9
18.03,14.799999999999983,18.80385852090032,9
18.04,14.799999999999983,18.790996784565927,9
18.05,14.789999999999992,18.781350482315116,9
18.06,14.789999999999992,18.77170418006431,9
18.07,14.79000000000002,18.822580645161302,9
18.08,14.789999999999992,18.752411575562704,9
18.09,14.789999999999992,18.742765273311907,9
18.1,14.780000000000001,18.793548387096763,9
18.11,14.780000000000001,18.72025723472667,9
18.12,14.780000000000001,18.770967741935475,9
18.13,14.780000000000001,18.761290322580635,9
18.14,14.780000000000001,18.751612903225798,9
18.15,14.77000000000001,18.745161290322578,9
18.16,14.759999999999991,18.792880258899686,9
18.17,14.759999999999991,18.72258064516128,9
18.18,14.759999999999991,18.773462783171528,9
18.19,14.76000000000002,18.76375404530744,9
18.2,14.759999999999991,18.754045307443363,9
18.21,14.759999999999991,18.741100323624597,9
18.22,14.76000000000002,18.7922077922078,9
18.23,14.759999999999991,18.72168284789644,9
18.24,14.75,18.71197411003237,9
18.25,14.73999999999998,18.766233766233757,9
18.26,14.740000000000009,18.692556634304204,9
18.27,14.740000000000009,18.7435064935065,9
18.28,14.73999999999998,18.73376623376625,9
18.29,14.740000000000009,18.72402597402596,9
18.3,14.73999999999998,18.714285714285708,9
18.31,14.740000000000009,18.762214983713353,9
18.32,14.730000000000018,18.6948051948052,9
18.33,14.72999999999999,18.745928338762237,9
18.34,14.72999999999999,18.736156351791553,9
18.35,14.730000000000018,18.723127035830615,9
18.36,14.72999999999999,18.71335504885993,9
18.37,14.710000000000008,18.76797385620916,9
18.38,14.70999999999998,18.75816993464053,9
18.39,14.710000000000008,18.684039087947877,9
18.4,14.710000000000008,18.735294117647047,9
18.41,14.710000000000008,18.72549019607841,9
18.42,14.700000000000017,18.71895424836602,9
18.43,14.699999999999989,18.705882352941188,9
18.44,14.699999999999989,14.5754060324826,9
18.45,14.700000000000017,14.566125290023207,9
18.46,14.699999999999989,14.55684454756381,9
18.47,14.689999999999998,14.579069767441858,9
18.48,14.689999999999998,14.569767441860462,9
18.49,14.689999999999998,14.560465116279067,9
18.5,14.689999999999998,14.585081585081587,9
18.51,14.680000000000007,14.573426573426577,9
18.52,14.680000000000007,14.564102564102566,9
18.53,14.680000000000007,14.554778554778558,9
18.54,14.680000000000007,14.577102803738313,9
18.55,14.669999999999987,14.56775700934579,9
18.56,14.670000000000016,14.558411214953265,9
18.57,14.669999999999987,14.583138173302109,9
18.58,14.679999999999978,14.571428571428575,9
18.59,14.669999999999987,14.562060889929743,9
18.6,14.670000000000016,14.58685446009389,9
18.61,14.669999999999987,14.577464788732387,9
18.62,14.659999999999997,14.56572769953051,9
18.63,14.660000000000025,14.590588235294119,9
18.64,14.659999999999997,14.581176470588234,9
18.65,14.650000000000006,14.571764705882353,9
18.66,14.650000000000006,14.559999999999999,9
18.67,14.650000000000006,14.584905660377364,9
18.68,14.640000000000015,14.575471698113214,9
18.69,14.639999999999986,14.566037735849061,9
18.7,14.639999999999986,14.588652482269502,9
18.71,14.639999999999986,14.579196217494086,9
18.72,14.640000000000015,14.569739952718674,9
18.73,14.639999999999986,14.594786729857825,9
18.74,14.629999999999995,14.582938388625596,9
18.75,14.630000000000024,14.573459715639814,9
18.76,14.629999999999995,14.563981042654031,9
18.77,14.620000000000005,14.589073634204272,9
18.78,14.620000000000005,14.579572446555817,9
18.79,14.629999999999995,14.567695961995247,9
18.8,14.620000000000005,14.592857142857147,9
18.81,14.620000000000005,14.583333333333334,9
18.82,14.609999999999985,14.573809523809526,9
18.83,14.609999999999985,14.599045346062049,9
18.84,14.610000000000014,14.587112171837704,9
18.85,14.610000000000014,14.57756563245823,9
18.86,14.609999999999985,14.568019093078753,9
18.87,14.599999999999994,14.5933014354067,9
18.88,14.600000000000023,14.58373205741627,9
18.89,14.590000000000003,14.57177033492823,9
18.9,14.599999999999994,14.597122302158269,9
18.91,14.599999999999994,14.587529976019177,9
18.92,14.589999999999975,14.57793764988009,9
18.93,14.590000000000003,14.603365384615385,9
18.94,14.580000000000013,14.593749999999998,9
18.95,14.590000000000003,14.58173076923077,9
18.96,14.579999999999984,14.572115384615381,9
18.97,14.580000000000013,14.597590361445787,9
18.98,14.570000000000022,14.587951807228922,9
18.99,14.569999999999993,14.578313253012054,9
19.0,14.579999999999984,14.603864734299515,9
19.01,14.569999999999993,14.629539951573852,9
19.02,14.569999999999993,14.688564476885647,9
19.03,14.560000000000002,14.750611246943768,9
19.04,14.569999999999993,14.813267813267812,9
19.05,14.560000000000002,14.87654320987654,9
19.06,14.549999999999983,14.903465346534656,9
19.07,14.560000000000002,14.96766169154229,9
19.08,14.550000000000011,15.0325,9
19.09,14.550000000000011,15.097989949748742,9
19.1,14.550000000000011,15.164141414141412,9
19.11,14.549999999999983,15.19240506329114,9
19.12,14.539999999999992,15.259541984732826,9
19.13,14.539999999999992,15.327365728900256,9
19.14,14.539999999999992,15.398457583547556,9
19.15,14.539999999999992,15.46770025839793,9
19.16,14.530000000000001,15.49740932642487,9
19.17,14.530000000000001,15.567708333333334,9
19.18,14.530000000000001,15.638743455497384,9
19.19,14.530000000000001,15.710526315789469,9
19.2,14.519999999999982,15.785714285714281,9
19.21,14.519999999999982,15.816976127320956,9
19.22,14.52000000000001,15.890666666666668,9
19.23,14.52000000000001,15.965147453083109,9
19.24,14.509999999999991,16.043126684636114,9
19.25,14.509999999999991,16.11924119241192,9
19.26,14.509999999999991,16.15217391304348,9
19.27,14.5,16.232240437158467,9
19.28,14.509999999999991,16.31043956043956,9
19.29,14.509999999999991,16.389502762430933,9
19.3,14.5,16.472222222222214,9
19.31,14.5,16.506963788300833,9
19.32,14.5,16.591036414565828,9
19.33,14.490000000000009,16.673239436619717,9
19.34,14.490000000000009,16.75920679886685,9
19.35,14.490000000000009,16.843304843304836,9
19.36,14.490000000000009,16.88285714285714,9
19.37,14.480000000000018,16.9683908045977,9
19.38,14.480000000000018,17.057803468208093,9
19.39,14.480000000000018,17.145348837209294,9
19.4,14.480000000000018,17.23684210526315,9
19.41,14.469999999999999,17.27565982404692,9
19.42,14.460000000000008,17.368731563421825,9
19.43,14.460000000000008,17.462908011869434,9
19.44,14.460000000000008,17.555223880597005,9
19.45,14.460000000000008,17.65165165165166,9
19.46,14.460000000000008,17.695783132530117,9
19.47,14.460000000000008,17.790909090909086,9
19.48,14.450000000000017,17.89024390243902,9
19.49,14.450000000000017,17.99079754601226,9
19.5,14.450000000000017,18.089506172839513,9
19.51,14.450000000000017,18.136222910216716,9
19.52,14.439999999999998,18.239875389408095,9
19.53,14.439999999999998,18.344827586206893,9
19.54,14.439999999999998,18.45110410094636,9
19.55,14.430000000000007,18.558730158730167,9
19.56,14.430000000000007,18.60509554140127,9
19.57,14.430000000000007,18.714743589743584,9
19.58,14.419999999999987,18.8258064516129,9
19.59,14.419999999999987,18.9383116883117,9
19.6,14.430000000000007,19.052287581699353,9
19.61,14.420000000000016,19.10491803278688,9
19.62,14.420000000000016,19.221122112211212,9
19.63,14.410000000000025,19.33887043189368,9
19.64,14.410000000000025,19.458193979933117,9
19.65,14.409999999999997,19.57912457912459,9
19.66,14.409999999999997,19.635135135135126,9
19.67,14.400000000000006,19.758503401360535,9
19.68,14.400000000000006,19.883561643835606,9
19.69,14.400000000000006,20.010344827586216,9
19.7,14.400000000000006,20.138888888888896,9
19.71,14.390000000000015,20.202090592334486,9
19.72,14.390000000000015,20.333333333333325,9
19.73,14.389999999999986,20.466431095406374,9
19.74,14.379999999999995,20.601423487544494,9
19.75,14.389999999999986,20.738351254480293,9
19.76,14.379999999999995,20.802158273381284,9
19.77,14.379999999999995,20.945652173913032,9
19.78,14.380000000000024,21.087591240875923,9
19.79,14.370000000000005,21.231617647058833,9
19.8,14.370000000000005,21.38148148148149,9
19.81,14.370000000000005,21.44981412639404,9
19.82,14.370000000000005,21.599250936329575,9
19.83,14.359999999999985,21.754716981132088,9
19.84,14.359999999999985,21.908745247148296,9
19.85,14.359999999999985,22.065134099616863,9
19.86,14.360000000000014,22.14230769230768,9
19.87,14.350000000000023,22.302325581395362,9
19.88,14.349999999999994,22.468750000000014,9
19.89,14.340000000000003,22.63385826771654,9
19.9,14.340000000000003,22.80555555555556,9
19.91,14.349999999999994,22.884462151394406,9
19.92,14.340000000000003,23.06024096385544,9
19.93,14.340000000000003,23.234817813765194,9
19.94,14.340000000000003,23.41632653061225,9
19.95,14.330000000000013,23.596707818930046,9
19.96,14.329999999999984,23.68595041322312,9
19.97,14.329999999999984,23.870833333333348,9
19.98,14.319999999999993,24.06302521008405,9
19.99,14.320000000000022,24.258474576271194,9
20.0,14.319999999999993,24.452991452991455,9
20.01,14.319999999999993,24.54935622317598,9
20.02,14.310000000000002,24.753246753246767,9
20.03,14.310000000000002,24.95633187772927,9
20.04,14.310000000000002,25.167400881057272,9
20.05,14.300000000000011,25.38222222222222,9
20.06,14.299999999999983,25.486607142857157,9
20.07,14.300000000000011,25.702702702702716,9
20.08,14.300000000000011,25.92727272727274,9
20.09,14.29000000000002,25.948275862068883,9
20.1,14.289999999999992,25.94827586206904,9
20.11,14.280000000000001,25.93103448275854,9
20.12,14.280000000000001,25.91379310344819,9
20.13,14.280000000000001,25.931034482758538,9
20.14,14.280000000000001,25.913793103448196,9
20.15,14.269999999999982,25.896551724138014,9
20.16,14.27000000000001,25.896551724137847,9
20.17,14.27000000000001,25.879310344827502,9
20.18,14.269999999999982,25.86206896551716,9
20.19,14.26000000000002,25.862068965517317,9
20.2,14.259999999999991,25.844827586206975,9
20.21,14.269999999999982,25.84482758620681,9
20.22,14.26000000000002,25.82758620689647,9
20.23,14.259999999999991,25.82758620689647,9
20.24,14.25,25.810344827586288,9
20.25,14.25,25.79310344827594,9
20.26,14.240000000000009,25.77586206896544,9
20.27,14.240000000000009,25.77586206896544,9
20.28,14.240000000000009,25.758620689655086,9
20.29,14.240000000000009,25.758620689655245,9
20.3,14.22999999999999,25.75862068965525,9
20.31,14.230000000000018,25.7241379310344,9
20.32,14.22999999999999,25.7241379310344,9
20.33,14.22999999999999,25.706896551724213,9
20.34,14.219999999999999,25.70689655172422,9
20.35,14.22999999999999,25.689655172413865,9
20.36,14.219999999999999,25.689655172413715,9
20.37,14.210000000000008,25.672413793103374,9
20.38,14.219999999999999,25.655172413793178,9
20.39,14.210000000000008,25.655172413793185,9
20.4,14.199999999999989,25.655172413793185,9
20.41,14.210000000000008,25.62068965517233,9
20.42,14.199999999999989,25.62068965517233,9
20.43,14.200000000000017,25.603448275862142,9
20.44,14.189999999999998,25.603448275862142,9
20.45,14.199999999999989,25.603448275862146,9
20.46,14.189999999999998,25.586206896551637,9
20.47,14.189999999999998,25.5862068965518,9
20.48,14.180000000000007,25.56896551724146,9
20.49,14.189999999999998,25.568965517241452,9
20.5,14.179999999999978,25.55172413793111,9
20.51,14.180000000000007,25.534482758620605,9
20.52,14.169999999999987,25.53448275862076,9
20.53,14.170000000000016,25.517241379310427,9
20.54,14.170000000000016,25.517241379310416,9
20.55,14.159999999999997,25.500000000000078,9
20.56,14.159999999999997,25.48275862068957,9
20.57,14.159999999999997,25.482758620689733,9
20.58,14.150000000000006,25.46551724137939,9
20.59,14.150000000000006,25.448275862069043,9
20.6,14.149999999999977,25.43103448275869,9
20.61,14.140000000000015,25.448275862069035,9
20.62,14.139999999999986,25.4310344827587,9
20.63,14.140000000000015,25.41379310344835,9
20.64,14.140000000000015,25.396551724138014,9
20.65,14.139999999999986,25.37931034482766,9
20.66,14.129999999999995,25.396551724138007,9
20.67,14.129999999999995,25.37931034482766,9
20.68,14.130000000000024,25.362068965517317,9
20.69,14.129999999999995,25.362068965517313,9
20.7,14.120000000000005,25.344827586206822,9
20.71,14.119999999999976,25.327586206896623,9
20.72,14.120000000000005,25.32758620689663,9
20.73,14.120000000000005,25.31034482758628,9
20.74,14.110000000000014,25.29310344827594,9
20.75,14.100000000000023,25.293103448275854,9
20.76,14.099999999999994,25.275862068965598,9
20.77,14.099999999999994,25.27586206896559,9
20.78,14.090000000000003,25.258620689655174,9
20.79,14.090000000000003,25.258620689655167,9
20.8,14.099999999999994,25.241379310344833,9
20.81,14.089999999999975,25.241379310344904,9
20.82,14.090000000000003,25.224137931034484,9
20.83,14.090000000000003,25.224137931034477,9
20.84,14.079999999999984,25.20689655172413,9
20.85,14.080000000000013,25.189655172413794,9
20.86,14.069999999999993,25.189655172413865,9
20.87,14.069999999999993,25.17241379310345,9
20.88,14.070000000000022,25.1551724137931,9
20.89,14.070000000000022,25.155172413793093,9
20.9,14.069999999999993,25.137931034482758,9
20.91,14.060000000000002,25.13793103448283,9
20.92,14.049999999999983,25.120689655172416,9
20.93,14.060000000000002,25.120689655172413,9
20.94,14.050000000000011,25.10344827586207,9
20.95,14.049999999999983,25.086206896551722,9
20.96,14.039999999999992,25.086206896551715,9
20.97,14.050000000000011,25.086206896551722,9
20.98,14.04000000000002,25.068965517241374,9
20.99,14.030000000000001,25.05172413793103,9
21.0,14.039999999999992,25.034482758620616,9
21.01,14.030000000000001,25.034482758620687,9
21.02,14.019999999999982,25.017241379310338,9
21.03,14.030000000000001,25.017241379310345,9
21.04,14.02000000000001,24.999999999999996,9
21.05,14.02000000000001,24.999999999999915,9
21.06,14.009999999999991,24.982758620689655,9
21.07,14.019999999999982,24.965517241379313,9
21.08,14.009999999999991,24.965517241379303,9
21.09,14.01000000000002,24.94827586206896,9
21.1,14.0,24.94827586206896,9
21.11,14.0,24.93103448275862,9
21.12,13.990000000000009,24.913793103448267,9
21.13,14.0,24.913793103448278,9
21.14,13.98999999999998,24.913793103448278,9
21.15,13.98999999999998,24.896551724137925,9
21.16,13.98999999999998,24.879310344827584,9
21.17,13.97999999999999,24.879310344827584,9
21.18,13.980000000000018,24.862068965517242,9
21.19,13.980000000000018,24.844827586206886,9
21.2,13.969999999999999,24.8448275862069,9
21.21,13.969999999999999,24.827586206896544,9
21.22,13.969999999999999,24.827586206896544,9
21.23,13.960000000000008,24.810344827586206,9
21.24,13.960000000000008,24.810344827586206,9
21.25,13.960000000000008,24.793103448275865,9
21.26,13.960000000000008,24.77586206896551,9
21.27,13.95999999999998,24.77586206896551,9
21.28,13.939999999999998,24.758620689655167,9
21.29,13.939999999999998,24.758620689655167,9
21.3,13.939999999999998,24.741379310344826,9
21.31,13.939999999999998,25.1578947368421,9
21.32,13.939999999999998,26.07272727272723,9
21.33,13.939999999999998,27.037735849056634,9
21.34,13.930000000000007,28.098039215686295,9
21.35,13.929999999999978,29.224489795918355,9
21.36,13.919999999999987,29.833333333333307,9
21.37,13.919999999999987,31.108695652173846,9
21.38,13.909999999999997,32.5227272727273,9
21.39,13.909999999999997,34.071428571428584,9
21.4,13.909999999999997,35.74999999999998,9
21.41,13.900000000000006,36.66666666666661,9
21.42,13.900000000000006,38.6216216216217,9
21.43,13.909999999999997,40.828571428571465,9
21.44,13.900000000000006,43.30303030303031,9
21.45,13.900000000000006,44.83870967741956,9
21.46,13.900000000000006,43.43749999999998,9
21.47,13.890000000000015,44.80645161290346,9
21.48,13.889999999999986,43.40624999999992,9
21.49,13.879999999999995,44.774193548386755,9
21.5,13.879999999999995,44.77419354838727,9
21.51,13.880000000000024,43.375000000000036,9
21.52,13.879999999999995,44.774193548386755,9
21.53,13.869999999999976,44.74193548387056,9
21.54,13.870000000000005,43.34374999999998,9
21.55,13.859999999999985,44.709677419354975,9
21.56,13.859999999999985,43.3125000000004,9
21.57,13.859999999999985,43.312499999999915,9
21.58,13.849999999999994,44.677419354838875,9
21.59,13.860000000000014,43.31250000000001,9
21.6,13.849999999999994,43.28124999999994,9
21.61,13.840000000000003,43.24999999999997,9
21.62,13.850000000000023,43.281250000000036,9
21.63,13.840000000000003,44.645161290322264,9
21.64,13.829999999999984,43.218749999999915,9
21.65,13.840000000000003,43.24999999999997,9
21.66,13.830000000000013,43.21875000000048,9
21.67,13.830000000000013,43.21875,9
21.68,13.819999999999993,43.18749999999994,9
21.69,13.819999999999993,43.18749999999994,9
21.7,13.819999999999993,43.18749999999994,9
21.71,13.819999999999993,41.878787878788074,9
21.72,13.810000000000002,43.15624999999997,9
21.73,13.810000000000002,44.54838709677387,9
21.74,13.799999999999983,44.51612903225768,9
21.75,13.799999999999983,45.99999999999984,9
21.76,13.799999999999983,44.51612903225819,9
21.77,13.800000000000011,44.516129032258284,9
21.78,13.79000000000002,44.483870967742185,9
21.79,13.789999999999992,45.966666666666534,9
21.8,13.780000000000001,44.45161290322548,9
21.81,13.780000000000001,44.45161290322548,9
21.82,13.780000000000001,44.45161290322548,9
21.83,13.77000000000001,45.89999999999993,9
21.84,13.780000000000001,44.45161290322599,9
21.85,13.769999999999982,44.4193548387098,9
21.86,13.77000000000001,44.41935483870989,9
21.87,13.759999999999991,45.866666666666525,9
21.88,13.76000000000002,44.38709677419329,9
21.89,13.759999999999991,44.387096774193196,9
21.9,13.75,44.3548387096771,9
21.91,13.75,45.83333333333322,9
21.92,13.75,45.83333333333322,9
21.93,13.75,44.3548387096776,9
21.94,13.75,44.3548387096776,9
21.95,13.73999999999998,45.80000000000037,9
21.96,13.740000000000009,45.800000000000466,9
21.97,13.730000000000018,44.2903225806454,9
21.98,13.730000000000018,44.2903225806454,9
21.99,14.260000000000005,14.944983818770227,9
22.0,14.259999999999998,14.935275080906152,9
22.01,14.259999999999998,14.974025974025984,9
22.02,14.259999999999998,14.964285714285724,9
22.03,14.259999999999998,14.95129870129871,9
22.04,14.260000000000005,14.941558441558449,9
22.05,14.259999999999998,14.980456026058631,9
22.06,14.259999999999998,14.970684039087947,9
22.07,14.259999999999998,14.960912052117262,9
22.08,14.259999999999998,14.951140065146578,9
22.09,14.260000000000005,14.941368078175893,9
22.1,14.259999999999998,14.980392156862752,9
22.11,14.259999999999998,14.970588235294125,9
22.12,14.259999999999998,14.960784313725497,9
22.13,14.259999999999998,14.950980392156868,9
22.14,14.260000000000005,14.990163934426226,9
22.15,14.259999999999998,14.980327868852457,9
22.16,14.259999999999998,14.970491803278687,9
22.17,14.259999999999998,14.960655737704915,9
22.18,14.259999999999998,15.000000000000005,9
22.19,14.260000000000005,14.990131578947373,9
22.2,14.259999999999998,14.976973684210531,9
22.21,14.259999999999998,14.9671052631579,9
22.22,14.259999999999998,14.957236842105267,9
22.23,14.259999999999998,14.99669966996699,9
22.24,14.260000000000005,14.98679867986798,9
22.25,14.259999999999991,14.976897689768972,9
22.26,14.259999999999998,14.966996699669961,9
22.27,14.260000000000005,15.006622516556293,9
22.28,14.259999999999998,14.996688741721856,9
22.29,14.260000000000005,14.98675496688742,9
22.3,14.259999999999991,14.976821192052984,9
22.31,14.259999999999998,15.016611295681056,9
22.32,14.260000000000005,15.006644518272418,9
22.33,14.259999999999998,14.99667774086378,9
22.34,14.260000000000005,14.986710963455142,9
22.35,14.259999999999991,14.976744186046506,9
22.36,14.259999999999998,15.016666666666667,9
22.37,14.260000000000005,15.006666666666668,9
22.38,14.259999999999998,14.996666666666668,9
22.39,14.260000000000005,14.986666666666665,9
22.4,14.259999999999991,15.02675585284282,9
22.41,14.259999999999998,15.016722408026766,9
22.42,14.260000000000005,15.006688963210712,9
22.43,14.259999999999998,14.996655518394656,9
22.44,14.260000000000005,15.036912751677848,9
22.45,14.259999999999991,15.026845637583891,9
22.46,14.259999999999998,15.016778523489931,9
22.47,14.260000000000005,15.00671140939597,9
22.48,14.259999999999998,14.99664429530201,9
22.49,14.260000000000005,15.037037037037042,9
22.5,14.259999999999991,15.026936026936033,9
22.51,14.259999999999998,15.016835016835023,9
22.52,14.260000000000005,15.006734006734012,9
22.53,14.259999999999998,15.047297297297293,9
22.54,14.260000000000005,15.040540540540535,9
22.55,14.259999999999991,15.030405405405402,9
22.56,14.259999999999998,15.020270270270267,9
22.57,14.260000000000005,15.010135135135132,9
22.58,14.259999999999998,15.050847457627121,9
22.59,14.260000000000005,15.040677966101697,9
22.6,14.259999999999991,15.030508474576276,9
22.61,14.259999999999998,15.020338983050852,9
22.62,14.260000000000005,15.061224489795912,9
22.63,14.259999999999998,15.051020408163259,9
22.64,14.260000000000005,15.040816326530605,9
22.65,14.259999999999991,15.030612244897954,9
22.66,14.259999999999998,15.071672354948808,9
22.67,14.260000000000005,15.06143344709898,9
22.68,14.259999999999998,15.051194539249149,9
22.69,14.260000000000005,15.040955631399319,9
22.7,14.259999999999991,15.030716723549492,9
22.71,14.259999999999998,15.07191780821917,9
22.72,14.260000000000005,15.065068493150676,9
22.73,14.259999999999998,15.054794520547937,9
22.74,13.5,15.044520547945197,9
22.75,13.5,15.085910652920964,9
22.76,13.5,15.075601374570448,9
22.77,13.49,15.065292096219931,9
22.78,13.49,15.054982817869416,9
22.79,13.49,15.0446735395189,9
22.8,13.49,15.086206896551731,9
22.81,13.49,15.075862068965524,9
22.82,13.489999999999998,15.065517241379316,9
22.83,13.469999999999999,15.05862068965518,9
22.84,13.47,15.100346020761243,9
22.85,13.47,15.089965397923873,9
22.86,13.47,15.079584775086502,9
22.87,13.469999999999999,15.069204152249132,9
22.88,13.459999999999999,15.058823529411761,9
22.89,13.459999999999999,15.100694444444448,9
22.9,13.459999999999999,15.090277777777786,9
22.91,13.459999999999999,15.079861111111118,9
22.92,13.450000000000001,15.072916666666671,9
22.93,13.45,15.114982578397205,9
22.94,13.44,15.104529616724731,9
22.95,13.44,15.094076655052262,9
22.96,13.44,15.083623693379788,9
22.97,13.439999999999998,15.073170731707314,9
22.98,13.439999999999998,15.11538461538462,9
22.99,13.43,15.108391608391608,9
23.0,13.42,15.097902097902104,9
23.01,13.42,15.19366197183099,9
23.02,13.42,15.290780141843971,9
23.03,13.419999999999998,15.334519572953745,9
23.04,13.419999999999998,15.433691756272406,9
23.05,13.41,15.53790613718412,9
23.06,13.41,15.640000000000002,9
23.07,13.41,15.743589743589743,9
23.08,13.41,15.790441176470596,9
23.09,13.400000000000002,15.900000000000002,9
23.1,13.400000000000002,16.00746268656717,9
23.11,13.400000000000002,16.11654135338346,9
23.12,13.389999999999999,16.231060606060602,9
23.13,13.389999999999999,16.281368821292784,9
23.14,13.38,16.398467432950195,9
23.15,13.379999999999999,16.513513513513516,9
23.16,13.39,16.630350194552527,9
23.17,13.380000000000003,16.752941176470582,9
23.18,13.380000000000003,16.807086614173237,9
23.19,13.37,16.932539682539687,9
23.2,13.37,17.056,9
23.21,13.370000000000001,17.185483870967737,9
23.22,13.370000000000001,17.313008130081297,9
23.23,13.36,17.375510204081642,9
23.24,13.36,17.506172839506174,9
23.25,13.36,17.643153526970956,9
23.26,13.349999999999998,17.782426778242673,9
23.27,13.350000000000001,17.919831223628684,9
23.28,13.35,17.987288135593225,9
23.29,13.340000000000002,18.13247863247863,9
23.3,13.340000000000002,18.275862068965516,9
23.31,13.34,18.426086956521733,9
23.32,13.330000000000002,18.578947368421044,9
23.33,13.340000000000002,18.647577092511018,9
23.34,13.329999999999998,18.804444444444446,9
23.35,13.33,18.964125560538115,9
23.36,13.319999999999999,19.126696832579178,9
23.37,13.32,19.292237442922364,9
23.38,13.32,19.366972477064227,9
23.39,13.319999999999999,19.537037037037038,9
23.4,13.31,19.710280373831775,9
23.41,13.309999999999999,19.88679245283018,9
23.42,13.3,20.066666666666652,9
23.43,13.300000000000002,20.153110047846894,9
23.44,13.3,20.338164251207726,9
23.45,13.290000000000001,20.526829268292676,9
23.46,13.29,20.719211822660085,9
23.47,13.290000000000001,20.915422885572124,9
23.48,13.28,21.010000000000005,9
23.49,13.280000000000001,21.212121212121207,9
23.5,13.28,21.41836734693877,9
23.51,13.280000000000001,21.628865979381427,9
23.52,13.28,21.84374999999998,9
23.53,13.270000000000001,21.94764397905759,9
23.54,13.27,22.16931216931216,9
23.55,13.270000000000001,22.395721925133678,9
23.56,13.27,22.627027027027008,9
23.57,13.270000000000001,22.8633879781421,9
23.58,13.260000000000002,22.983516483516482,9
23.59,13.26,23.22777777777777,9
23.6,13.25,23.477528089887628,9
23.61,13.249999999999998,23.732954545454522,9
23.62,13.239999999999998,24.000000000000025,9
23.63,13.24,24.1271676300578,9
23.64,13.239999999999998,24.397660818713437,9
23.65,13.240000000000002,24.674556213017734,9
23.66,13.23,24.964071856287397,9
23.67,13.239999999999998,25.25454545454548,9
23.68,13.240000000000002,25.39634146341463,9
23.69,13.23,25.703703703703688,9
23.7,13.23,26.012499999999978,9
23.71,13.219999999999999,26.335443037974713,9
23.72,13.220000000000002,26.660256410256434,9
23.73,13.21,26.825806451612895,9
23.74,13.209999999999997,27.16339869281044,9
23.75,13.21,27.516556291390703,9
23.76,13.21,27.872483221476536,9
23.77,13.2,28.244897959183692,9
23.78,13.2,28.424657534246563,9
23.79,13.2,28.81249999999997,9
23.8,13.2,29.20422535211264,9
23.81,13.190000000000001,29.61428571428574,9
23.82,13.200000000000003,30.028985507246396,9
23.83,13.189999999999998,30.240875912408743,9
23.84,13.180000000000003,30.681481481481445,9
23.85,13.189999999999998,31.127819548872225,9
23.86,13.18,31.59541984732827,9
23.87,13.169999999999998,32.077519379844986,9
23.88,13.170000000000002,32.32031249999997,9
23.89,13.170000000000002,32.817460317460274,9
23.9,13.170000000000002,33.3387096774194,9
23.91,13.159999999999997,33.8770491803279,9
23.92,13.16,34.43333333333335,9
23.93,13.160000000000004,34.705882352941146,9
23.94,13.16,35.29059829059824,9
23.95,13.150000000000002,35.89565217391309,9
23.96,13.149999999999999,36.522123893805336,9
23.97,13.150000000000002,37.17117117117119,9
23.98,13.14,37.49999999999996,9
23.99,13.140000000000004,38.18518518518524,9
24.0,13.129999999999999,38.89622641509439,9
24.01,13.130000000000003,39.63461538461541,9
24.02,13.129999999999999,40.401960784313744,9
24.03,13.130000000000003,40.79207920792073,9
24.04,13.120000000000001,41.606060606060595,9
24.05,13.119999999999997,42.45360824742266,9
24.06,13.120000000000001,43.33684210526319,9
24.07,13.119999999999997,44.258064516129046,9
24.08,13.11,44.728260869565226,9
24.09,13.109999999999996,45.20689655172398,9
24.1,13.11,45.20689655172399,9
24.11,13.109999999999996,45.206896551724256,9
24.12,13.11,45.20689655172427,9
24.13,13.100000000000001,46.7857142857144,9
24.14,13.100000000000005,45.172413793103324,9
24.15,13.09,45.13793103448289,9
24.16,13.089999999999996,45.137931034482875,9
24.17,13.09,45.13793103448289,9
24.18,13.079999999999998,46.714285714285815,9
24.19,13.080000000000002,45.10344827586193,9
24.2,13.079999999999998,45.10344827586192,9
24.21,13.069999999999997,45.068965517241224,9
24.22,13.07,45.068965517241516,9
24.23,13.069999999999997,46.67857142857152,9
24.24,13.069999999999997,45.0689655172415,9
24.25,13.07,45.06896551724124,9
24.26,13.069999999999997,45.068965517241224,9
24.27,13.060000000000002,45.03448275862083,9
24.28,13.059999999999999,46.642857142857245,9
24.29,13.049999999999997,44.999999999999844,9
24.3,13.05,44.99999999999986,9
24.31,13.05,45.000000000000135,9
24.32,13.049999999999997,45.00000000000012,9
24.33,13.040000000000003,46.57142857142869,9
24.34,13.04,44.96551724137917,9
24.35,13.04,44.96551724137917,9
24.36,13.040000000000003,44.96551724137945,9
24.37,13.030000000000001,44.931034482758754,9
24.38,13.029999999999998,46.535714285714384,9
24.39,13.030000000000001,44.931034482758484,9
24.4,13.02,44.89655172413779,9
24.41,13.02,44.896551724138064,9
24.42,13.020000000000003,44.89655172413807,9
24.43,13.020000000000003,46.49999999999982,9
24.44,13.010000000000002,44.8620689655171,9
24.45,13.0,44.82758620689668,9
24.46,13.010000000000002,44.86206896551738,9
24.47,13.0,44.82758620689668,9
24.48,13.0,46.42857142857124,9
24.49,12.989999999999998,44.793103448275716,9
24.5,12.989999999999995,44.79310344827598,9
24.51,13.0,44.82758620689668,9
24.52,12.989999999999998,44.793103448275716,9
24.53,12.989999999999998,46.39285714285695,9
24.54,12.980000000000004,44.75862068965505,9
24.55,12.98,44.7586206896553,9
24.56,12.98,44.7586206896553,9
24.57,12.969999999999999,44.724137931034335,9
24.58,12.969999999999999,46.32142857142838,9
24.59,12.970000000000002,44.724137931034626,9
24.6,12.970000000000002,48.03703703703712,9
24.61,12.96,51.84,9
24.62,12.959999999999997,56.3478260869564,9
24.63,12.959999999999997,61.71428571428545,9
24.64,12.96,64.80000000000024,9
24.65,12.950000000000003,71.94444444444457,9
24.66,12.950000000000003,80.93749999999994,9
24.67,12.949999999999996,92.49999999999959,9
24.68,12.949999999999996,107.91666666666734,9
24.69,12.950000000000003,117.72727272727336,9
24.7,12.950000000000003,143.88888888888914,9
24.71,12.950000000000003,184.9999999999993,9
24.72,12.949999999999996,258.99999999999625,9
24.73,12.949999999999996,431.6666666666757,9
24.74,12.950000000000003,647.500000000014,9
24.75,12.950000000000003,,9
24.76,12.950000000000003,,9
24.77,12.949999999999996,,9
24.78,12.949999999999996,,9
24.79,12.950000000000003,,9
24.8,12.950000000000003,,9
24.81,12.950000000000003,,9
24.82,12.949999999999996,,9
24.83,12.949999999999996,,9
24.84,12.950000000000003,,9
24.85,12.950000000000003,,9
24.86,12.950000000000003,,9
24.87,12.949999999999996,,9
24.88,12.949999999999996,,9
24.89,12.950000000000003,,9
24.9,12.950000000000003,,9
24.91,12.950000000000003,,9
24.92,12.949999999999996,,9
24.93,12.949999999999996,,9
24.94,12.950000000000003,,9
24.95,12.950000000000003,,9
24.96,12.950000000000003,,9
24.97,12.949999999999996,,9
24.98,12.949999999999996,,9
24.99,12.950000000000003,,9
25.0,12.950000000000003,,9
25.01,12.950000000000003,,9
25.02,12.949999999999996,,9
25.03,12.949999999999996,,9
25.04,12.950000000000003,,9
25.05,12.950000000000003,,9
25.06,12.950000000000003,,9
25.07,12.949999999999996,,9
25.08,12.949999999999996,,9
25.09,12.950000000000003,,9
25.1,12.950000000000003,,9
25.11,12.950000000000003,,9
25.12,12.949999999999996,,9
25.13,12.949999999999996,,9
25.14,12.950000000000003,,9
25.15,12.950000000000003,,9
25.16,12.950000000000003,,9
25.17,12.949999999999996,,9
25.18,12.949999999999996,,9
25.19,12.950000000000003,,9
25.2,12.950000000000003,,9
25.21,12.950000000000003,,9
25.22,12.949999999999996,,9
25.23,12.949999999999996,,9
25.24,12.950000000000003,,9
25.25,12.950000000000003,,9
25.26,12.950000000000003,,9
25.27,12.949999999999996,,9
25.28,12.949999999999996,,9
25.29,12.950000000000003,,9
25.3,12.950000000000003,,9
25.31,12.950000000000003,,9
25.32,12.949999999999996,,9
25.33,12.949999999999996,,9
25.34,12.950000000000003,,9
25.35,12.950000000000003,,9
25.36,12.950000000000003,,9
25.37,12.949999999999996,,9
25.38,12.949999999999996,,9
25.39,12.950000000000003,,9
25.4,12.950000000000003,,9
25.41,12.950000000000003,,9
25.42,12.949999999999996,,9
25.43,12.949999999999996,,9
25.44,12.950000000000003,,9
25.45,12.950000000000003,,9
25.46,12.950000000000003,,9
25.47,12.949999999999996,,9
25.48,12.949999999999996,,9
25.49,12.950000000000003,,9
25.5,12.950000000000003,,9
25.51,12.950000000000003,,9
25.52,12.949999999999996,,9
25.53,12.949999999999996,,9
25.54,12.950000000000003,,9
25.55,12.950000000000003,,9
25.56,12.950000000000003,,9
25.57,12.949999999999996,,9
25.58,12.949999999999996,,9
25.59,12.950000000000003,,9
25.6,12.950000000000003,,9
25.61,12.950000000000003,,9
25.62,12.949999999999996,,9
25.63,12.949999999999996,,9
25.64,12.950000000000003,,9
25.65,12.950000000000003,,9
25.66,12.950000000000003,,9
25.67,12.949999999999996,,9
25.68,12.949999999999996,,9
25.69,12.950000000000003,,9
25.7,12.950000000000003,,9
25.71,12.950000000000003,,9
25.72,12.949999999999996,,9
25.73,12.949999999999996,,9
25.74,12.950000000000003,,9
25.75,12.950000000000003,,9
25.76,12.950000000000003,,9
25.77,12.949999999999996,,9
25.78,12.949999999999996,,9
25.79,12.950000000000003,,9
25.8,12.950000000000003,,9
25.81,12.950000000000003,,9
25.82,12.949999999999996,,9
25.83,12.949999999999996,,9
25.84,12.950000000000003,,9
25.85,12.950000000000003,,9
25.86,12.950000000000003,,9
25.87,12.949999999999996,,9
25.88,12.949999999999996,,9
25.89,12.950000000000003,,9
25.9,12.950000000000003,,9
25.91,12.949999999999996,,9
25.92,12.949999999999996,,9
25.93,12.950000000000003,,9
25.94,12.949999999999996,,9
25.95,12.950000000000003,,9
25.96,12.949999999999996,,9
25.97,12.949999999999996,,9
25.98,12.950000000000003,,9
25.99,12.949999999999996,,9
26.0,12.950000000000003,,9
26.01,12.949999999999996,,9
26.02,12.949999999999996,,9
26.03,12.950000000000003,,9
26.04,12.949999999999996,,9
26.05,12.950000000000003,,9
26.06,12.949999999999996,,9
26.07,12.949999999999996,,9
26.08,12.950000000000003,,9
26.09,12.949999999999996,,9
26.1,12.950000000000003,,9
26.11,12.949999999999996,,9
26.12,12.949999999999996,,9
26.13,12.950000000000003,,9
26.14,12.949999999999996,,9
26.15,12.950000000000003,,9
26.16,12.949999999999996,,9
26.17,12.949999999999996,,9
26.18,12.950000000000003,,9
26.19,12.949999999999996,,9
26.2,12.950000000000003,,9
26.21,12.949999999999996,,9
26.22,12.949999999999996,,9
26.23,12.950000000000003,,9
26.24,12.949999999999996,,9
26.25,12.950000000000003,,9
26.26,12.949999999999996,,9
26.27,12.949999999999996,,9
26.28,12.950000000000003,,9
26.29,12.949999999999996,,9
26.3,12.950000000000003,,9
26.31,12.949999999999996,,9
26.32,12.949999999999996,,9
26.33,12.950000000000003,,9
26.34,12.949999999999996,,9
26.35,12.950000000000003,,9
26.36,12.949999999999996,,9
26.37,12.949999999999996,,9
26.38,12.950000000000003,,9
26.39,12.949999999999996,,9
26.4,12.950000000000003,,9
26.41,12.949999999999996,,9
26.42,12.949999999999996,,9
26.43,12.950000000000003,,9
26.44,12.949999999999996,,9
26.45,12.950000000000003,,9
26.46,12.949999999999996,,9
26.47,12.949999999999996,,9
26.48,12.950000000000003,,9
26.49,12.949999999999996,,9
26.5,12.950000000000003,,9
26.51,12.949999999999996,,9
26.52,12.949999999999996,,9
26.53,12.950000000000003,,9
26.54,12.949999999999996,,9
26.55,12.950000000000003,,9
26.56,12.949999999999996,,9
26.57,12.949999999999996,,9
26.58,12.950000000000003,,9
26.59,12.949999999999996,,9
26.6,12.950000000000003,,9
26.61,12.949999999999996,,9
26.62,12.949999999999996,,9
26.63,12.950000000000003,,9
26.64,12.949999999999996,,9
26.65,12.950000000000003,,9
26.66,12.949999999999996,,9
26.67,12.949999999999996,,9
26.68,12.950000000000003,,9
26.69,12.949999999999996,,9
26.7,12.950000000000003,,9
26.71,12.949999999999996,,9
26.72,12.949999999999996,,9
26.73,12.950000000000003,,9
26.74,12.949999999999996,,9
26.75,12.950000000000003,,9
26.76,12.949999999999996,,9
26.77,12.950000000000003,,9
26.78,12.950000000000003,,9
26.79,12.950000000000003,,9
26.8,12.950000000000003,,9
26.81,12.949999999999989,,9
26.82,12.950000000000003,,9
26.83,12.950000000000003,,9
26.84,12.950000000000003,,9
26.85,12.950000000000003,,9
26.86,12.949999999999989,,9
26.87,12.950000000000003,,9
26.88,12.950000000000003,,9
26.89,12.950000000000003,,9
26.9,12.950000000000003,,9
26.91,12.949999999999989,,9
26.92,12.950000000000003,,9
26.93,12.950000000000003,,9
26.94,12.950000000000003,,9
26.95,12.950000000000003,,9
26.96,12.949999999999989,,9
26.97,12.950000000000003,,9
26.98,12.950000000000003,,9
26.99,12.950000000000003,,9
27.0,12.950000000000003,,9
27.01,12.949999999999989,,9
27.02,12.950000000000003,,9
27.03,12.950000000000003,,9
27.04,12.950000000000003,,9
27.05,12.950000000000003,,9
27.06,12.949999999999989,,9
27.07,12.950000000000003,,9
27.08,12.950000000000003,,9
27.09,12.950000000000003,,9
27.1,12.950000000000003,,9
27.11,12.949999999999989,,9
27.12,12.950000000000003,,9
27.13,12.950000000000003,,9
27.14,12.950000000000003,,9
27.15,12.950000000000003,,9
27.16,12.949999999999989,,9
27.17,12.950000000000003,,9
27.18,12.950000000000003,,9
27.19,12.950000000000003,,9
27.2,12.950000000000003,,9
27.21,12.949999999999989,,9
27.22,12.950000000000003,,9
27.23,12.950000000000003,,9
27.24,12.950000000000003,,9
27.25,12.950000000000003,,9
27.26,12.949999999999989,,9
27.27,12.950000000000003,,9
27.28,12.950000000000003,,9
27.29,12.950000000000003,,9
27.3,12.950000000000003,,9
27.31,12.949999999999989,,9
27.32,12.950000000000003,,9
27.33,12.950000000000003,,9
27.34,12.950000000000003,,9
27.35,12.950000000000003,,9
27.36,12.949999999999989,,9
27.37,12.950000000000003,,9
27.38,12.950000000000003,,9
27.39,12.950000000000003,,9
27.4,12.950000000000003,,9
27.41,12.949999999999989,,9
27.42,12.950000000000003,,9
27.43,12.950000000000003,,9
27.44,12.950000000000003,,9
27.45,12.950000000000003,,9
27.46,12.949999999999989,,9
27.47,12.950000000000003,,9
27.48,12.950000000000003,,9
27.49,12.950000000000003,,9
27.5,12.950000000000003,,9
27.51,12.949999999999989,,9
27.52,12.950000000000003,,9
27.53,12.950000000000003,,9
27.54,12.950000000000003,,9
27.55,12.950000000000003,,9
27.56,12.949999999999989,,9
27.57,12.950000000000003,,9
27.58,12.950000000000003,,9
27.59,12.950000000000003,,9
27.6,12.950000000000003,,9
27.61,12.949999999999989,,9
27.62,12.950000000000003,,9
27.63,12.950000000000003,,9
27.64,12.950000000000003,,9
27.65,12.950000000000003,,9
27.66,12.949999999999989,,9
27.67,12.950000000000003,,9
27.68,12.950000000000003,,9
27.69,12.950000000000003,,9
27.7,12.950000000000003,,9
27.71,12.949999999999989,,9
27.72,12.950000000000003,,9
27.73,12.950000000000003,,9
27.74,12.950000000000003,,9
27.75,12.950000000000003,,9
27.76,12.949999999999989,,9
27.77,12.950000000000003,,9
27.78,12.950000000000003,,9
27.79,12.950000000000003,,9
27.8,12.950000000000003,,9
27.81,12.949999999999989,,9
27.82,12.950000000000003,,9
27.83,12.950000000000003,,9
27.84,12.950000000000003,,9
27.85,12.950000000000003,,9
27.86,12.949999999999989,,9
27.87,12.950000000000003,,9
27.88,12.950000000000003,,9
27.89,12.950000000000003,,9
27.9,12.950000000000003,,9
27.91,12.949999999999989,,9
27.92,12.950000000000003,,9
27.93,12.950000000000003,,9
27.94,12.950000000000003,,9
27.95,12.950000000000003,,9
27.96,12.949999999999989,,9
27.97,12.950000000000003,,9
27.98,12.950000000000003,,9
27.99,12.950000000000003,,9
28.0,12.950000000000003,,9
28.01,12.949999999999989,,9
28.02,12.950000000000003,,9
28.03,12.950000000000003,,9
28.04,12.950000000000003,,9
28.05,12.950000000000003,,9
28.06,12.949999999999989,,9
28.07,12.950000000000003,,9
28.08,12.950000000000003,,9
28.09,12.950000000000003,,9
28.1,12.950000000000003,,9
28.11,12.949999999999989,,9
28.12,12.950000000000003,,9
28.13,12.950000000000003,,9
28.14,12.950000000000003,,9
28.15,12.950000000000003,,9
28.16,12.949999999999989,,9
28.17,12.950000000000003,,9
28.18,12.950000000000003,,9
28.19,12.950000000000003,,9
28.2,12.950000000000003,,9
28.21,12.949999999999989,,9
28.22,12.950000000000003,,9
28.23,12.950000000000003,,9
28.24,12.950000000000003,,9
28.25,12.950000000000003,,9
28.26,12.949999999999989,,9
28.27,12.950000000000003,,9
28.28,12.950000000000003,5851.000000000125,9
28.29,12.950000000000003,,9
28.3,12.950000000000003,,9
28.31,12.949999999999989,,9
28.32,12.950000000000003,,9
28.33,12.950000000000003,,9
28.34,12.950000000000003,,9
28.35,12.950000000000003,,9
28.36,12.949999999999989,5851.0000000001255,9
28.37,12.950000000000003,,9
28.38,12.950000000000003,,9
28.39,12.950000000000003,,9
28.4,12.950000000000003,,9
28.41,12.949999999999989,,9
28.42,12.950000000000003,,9
28.43,12.950000000000003,,9
28.44,12.950000000000003,5851.0000000001255,9
28.45,12.950000000000003,,9
28.46,12.949999999999989,,9
28.47,12.950000000000003,,9
28.48,12.950000000000003,,9
28.49,12.950000000000003,,9
28.5,12.950000000000003,,9
28.51,12.949999999999989,,9
28.52,12.950000000000003,,9
28.53,12.950000000000003,,9
28.54,12.950000000000003,,9
28.55,12.950000000000003,,9
28.56,12.949999999999989,,9
28.57,12.950000000000003,,9
28.58,12.950000000000003,,9
28.59,12.950000000000003,,9
28.6,12.950000000000003,,9
28.61,12.949999999999989,,9
28.62,12.950000000000003,5852.000000000125,9
28.63,12.950000000000003,,9
28.64,12.950000000000003,,9
28.65,12.950000000000003,,9
28.66,12.949999999999989,,9
28.67,12.950000000000003,,9
28.68,12.950000000000003,,9
28.69,12.950000000000003,,9
28.7,12.950000000000003,,9
28.71,12.949999999999989,5852.000000000125,9
28.72,12.950000000000003,,9
28.73,12.950000000000003,,9
28.74,12.950000000000003,,9
28.75,12.950000000000003,,9
28.76,12.949999999999989,,9
28.77,12.950000000000003,,9
28.78,12.950000000000003,,9
28.79,12.950000000000003,,9
28.8,12.950000000000003,,9
28.81,12.949999999999989,,9
28.82,12.950000000000003,,9
28.83,12.950000000000003,5852.000000000125,9
28.84,12.950000000000003,,9
28.85,12.950000000000003,,9
28.86,12.949999999999989,,9
28.87,12.950000000000003,,9
28.88,12.950000000000003,,9
28.89,12.950000000000003,,9
28.9,12.950000000000003,,9
28.91,12.949999999999989,,9
28.92,12.950000000000003,,9
28.93,12.950000000000003,,9
28.94,12.950000000000003,,9
28.95,12.950000000000003,,9
28.96,12.949999999999989,,9
28.97,12.950000000000003,,9
28.98,12.950000000000003,5852.0000000001255,9
28.99,12.950000000000003,,9
29.0,12.950000000000003,,9
29.01,12.949999999999989,,9
29.02,12.950000000000003,,9
29.03,12.950000000000003,,9
29.04,12.950000000000003,,9
29.05,12.950000000000003,,9
29.06,12.949999999999989,,9
29.07,12.950000000000003,,9
29.08,12.950000000000003,,9
29.09,12.950000000000003,,9
29.1,12.950000000000003,,9
29.11,12.949999999999989,,9
29.12,12.950000000000003,,9
29.13,12.950000000000003,,9
29.14,12.950000000000003,,9
29.15,12.950000000000003,,9
29.16,12.949999999999989,,9
29.17,12.950000000000003,,9
29.18,12.950000000000003,,9
29.19,12.950000000000003,,9
29.2,12.950000000000003,,9
29.21,12.949999999999989,,9
29.22,12.950000000000003,,9
29.23,12.950000000000003,,9
29.24,12.950000000000003,,9
29.25,12.950000000000003,,9
29.26,12.949999999999989,,9
29.27,12.950000000000003,,9
29.28,12.950000000000003,5852.000000000125,9
29.29,12.950000000000003,5852.000000000125,9
29.3,12.950000000000003,5852.000000000125,9
29.31,12.949999999999989,,9
29.32,12.950000000000003,,9
29.33,12.950000000000003,,9
29.34,12.950000000000003,,9
29.35,12.950000000000003,,9
29.36,12.949999999999989,,9
29.37,12.950000000000003,,9
29.38,12.950000000000003,,9
29.39,12.950000000000003,,9
29.4,12.950000000000003,,9
29.41,12.949999999999989,,9
29.42,12.950000000000003,,9
29.43,12.950000000000003,,9
29.44,12.950000000000003,,9
29.45,12.950000000000003,,9
29.46,12.949999999999989,,9
29.47,12.950000000000003,,9
29.48,12.950000000000003,,9
29.49,12.950000000000003,,9
29.5,12.950000000000003,,9
29.51,12.949999999999989,,9
29.52,12.950000000000003,,9
29.53,12.950000000000003,,9
29.54,12.950000000000003,,9
29.55,12.950000000000003,,9
29.56,12.949999999999989,,9
29.57,12.950000000000003,5852.000000000125,9
29.58,12.950000000000003,5852.000000000125,9
29.59,12.950000000000003,,9
29.6,12.950000000000003,,9
29.61,12.949999999999989,5852.0000000001255,9
29.62,12.950000000000003,,9
29.63,12.950000000000003,,9
29.64,12.950000000000003,,9
29.65,12.950000000000003,,9
29.66,12.949999999999989,,9
29.67,12.950000000000003,,9
29.68,12.950000000000003,,9
29.69,12.950000000000003,,9
29.7,12.950000000000003,,9
29.71,12.949999999999989,,9
29.72,12.950000000000003,,9
29.73,12.950000000000003,,9
29.74,12.950000000000003,,9
29.75,12.950000000000003,,9
29.76,12.949999999999989,,9
29.77,12.950000000000003,,9
29.78,12.950000000000003,,9
29.79,12.950000000000003,,9
29.8,12.950000000000003,,9
29.81,12.949999999999989,,9
29.82,12.950000000000003,5852.000000000125,9
29.83,12.950000000000003,,9
29.84,12.950000000000003,,9
29.85,12.950000000000003,,9
29.86,12.949999999999989,,9
29.87,12.950000000000003,,9
29.88,12.950000000000003,,9
29.89,12.950000000000003,,9
29.9,12.950000000000003,,9
29.91,12.949999999999989,,9
29.92,12.950000000000003,,9
29.93,12.950000000000003,,9
29.94,12.950000000000003,,9
29.95,12.950000000000003,,9
29.96,12.949999999999989,,9
29.97,12.950000000000003,,9
29.98,12.950000000000003,,9
29.99,12.950000000000003,,9
30.0,12.950000000000003,,9
30.01,12.949999999999989,,9
30.02,12.950000000000003,,9
30.03,12.950000000000003,,9
30.04,12.960000000000008,,9
30.05,12.960000000000008,,9
30.06,12.959999999999994,,9
30.07,12.960000000000008,,9
30.08,12.969999999999999,,9
30.09,12.970000000000013,,9
30.1,12.980000000000004,,9
30.11,12.97999999999999,,9
30.12,12.990000000000009,,9
30.13,12.989999999999995,,9
30.14,13.0,,9
30.15,13.0,,9
30.16,23.669999999999995,,9
30.17,23.710000000000008,,9
30.18,23.749999999999993,5852.0000000001255,9
30.19,23.78,,9
30.2,23.810000000000002,,9
30.21,23.86,,9
30.22,23.889999999999993,,9
30.23,23.93,,9
30.24,23.959999999999994,5852.000000000125,9
30.25,23.999999999999993,,9
30.26,24.04,,9
30.27,24.070000000000007,,9
30.28,24.109999999999992,5852.0000000001255,9
30.29,24.139999999999993,,9
30.3,24.179999999999993,,9
30.31,24.210000000000008,,9
30.32,24.250000000000007,5852.0000000001255,9
30.33,24.279999999999994,,9
30.34,24.319999999999993,,9
30.35,24.36,,9
30.36,24.39,5852.0000000001255,9
30.37,24.43,,9
30.38,24.46,,9
30.39,24.510000000000005,,9
30.4,24.540000000000006,5852.0000000001255,9
30.41,24.569999999999993,,9
30.42,24.609999999999992,5852.000000000125,9
30.43,24.65,,9
30.44,24.68,,9
30.45,24.71,,9
30.46,24.759999999999998,,9
30.47,24.79,,9
30.48,24.830000000000005,,9
30.49,24.860000000000007,,9
30.5,24.9,,9
30.51,24.940000000000005,,9
30.52,24.970000000000006,,9
30.53,25.009999999999998,,9
30.54,25.04,,9
30.55,25.07999999999999,,9
30.56,25.109999999999992,,9
30.57,25.15,,9
30.58,25.179999999999993,,9
30.59,25.22,,9
30.6,25.25,,9
30.61,25.28000000000001,,9
30.62,25.32,,9
30.63,25.35000000000001,,9
30.64,25.38000000000001,,9
30.65,25.409999999999997,,9
30.66,25.440000000000005,,9
30.67,25.479999999999997,,9
30.68,25.5,5851.000000000125,9
30.69,25.53,,9
30.7,25.559999999999995,,9
30.71,25.6,5851.0000000001255,9
30.72,25.629999999999995,5851.0000000001255,9
30.73,25.64999999999999,,9
30.74,25.680000000000007,,9
30.75,25.709999999999994,,9
30.76,25.739999999999995,,9
30.77,25.760000000000005,,9
30.78,25.789999999999992,,9
30.79,25.810000000000002,,9
30.8,25.840000000000003,5851.0000000001255,9
30.81,25.860000000000014,,9
30.82,25.89,,9
30.83,25.91000000000001,,9
30.84,25.939999999999998,,9
30.85,25.97,,9
30.86,25.980000000000004,,9
30.87,26.00999999999999,,9
30.88,26.03,,9
30.89,26.059999999999988,,9
30.9,26.069999999999993,,9
30.91,26.090000000000003,,9
30.92,26.11999999999999,,9
30.93,26.14,,9
30.94,26.150000000000006,,9
30.95,26.169999999999987,,9
30.96,26.200000000000003,,9
30.97,26.220000000000013,,9
30.98,26.22999999999999,,9
30.99,26.25,,9
31.0,26.27000000000001,,9
31.01,26.289999999999992,,9
31.02,15.09,,9
31.03,15.129999999999999,5851.000000000125,9
31.04,15.17,,9
31.05,15.209999999999999,,9
31.06,15.25,,9
31.07,15.290000000000001,,9
31.08,15.34,5851.0000000001255,9
31.09,15.370000000000001,,9
31.1,15.42,,9
31.11,15.45,5851.000000000125,9
31.12,15.500000000000002,5851.000000000124,9
31.13,15.54,,9
31.14,15.580000000000002,5851.000000000125,9
31.15,15.61,,9
31.16,15.659999999999998,,9
31.17,15.700000000000001,,9
31.18,15.75,,9
31.19,15.779999999999998,,9
31.2,15.820000000000002,,9
31.21,15.860000000000001,,9
31.22,15.9,,9
31.23,15.95,,9
31.24,15.989999999999998,,9
31.25,16.03,,9
31.26,16.07,5851.0000000001255,9
31.27,16.11,,9
31.28,16.15,5851.000000000125,9
31.29,16.19,,9
31.3,16.23,,9
31.31,16.27,,9
31.32,16.310000000000002,,9
31.33,16.36,,9
31.34,16.39,,9
31.35,16.439999999999998,,9
31.36,16.47,,9
31.37,16.52,,9
31.38,16.56,,9
31.39,16.6,,9
31.4,16.63,,9
31.41,16.68,,9
31.42,16.72,,9
31.43,16.770000000000003,,9
31.44,16.8,5851.000000000125,9
31.45,16.840000000000003,888.3333333332994,9
31.46,16.88,380.7142857142841,9
31.47,16.919999999999998,242.2727272727286,9
31.48,16.97,177.6666666666641,9
31.49,17.01,140.26315789473594,9
31.5,17.049999999999997,115.82608695652152,9
31.51,17.09,98.66666666666677,9
31.52,17.130000000000003,85.9354838709681,9
31.53,17.17,76.1142857142854,9
31.54,17.21,68.25641025641016,9
31.55,17.25,61.906976744186096,9
31.56,17.29,56.63829787234057,9
31.57,17.33,52.19607843137237,9
31.58,17.380000000000003,48.38181818181812,9
31.59,17.409999999999997,45.08474576271189,9
31.6,17.46,42.22222222222228,9
31.61,17.49,39.68656716417901,9
31.62,17.54,39.68656716417899,9
31.63,17.580000000000002,39.65671641791034,9
31.64,17.62,39.65671641791036,9
31.65,17.650000000000002,39.641791044776,9
31.66,17.7,39.64179104477602,9
31.67,17.74,39.62686567164169,9
31.68,17.79,39.61194029850735,9
31.69,17.82,39.61194029850737,9
31.7,17.86,39.59701492537304,9
31.71,17.9,39.5820895522387,9
31.72,17.939999999999998,39.56716417910438,9
31.73,17.990000000000002,39.56716417910438,9
31.74,18.03,39.55223880597005,9
31.75,18.07,39.55223880597005,9
31.76,18.11,39.53731343283573,9
31.77,18.15,39.5223880597014,9
31.78,18.189999999999998,39.5223880597014,9
31.79,18.23,39.50746268656706,9
31.8,18.269999999999996,39.49253731343273,9
31.81,18.310000000000002,39.47761194029841,9
31.82,18.35,39.47761194029839,9
31.83,18.4,39.47761194029841,9
31.84,18.430000000000003,39.44776119402976,9
31.85,18.479999999999997,40.045454545454525,9
31.86,18.509999999999998,40.030303030303024,9
31.87,18.560000000000002,40.030303030303024,9
31.88,18.6,40.0151515151515,9
31.89,18.64,40.0,9
31.9,18.669999999999995,39.98484848484848,9
31.91,18.72,39.98484848484848,9
31.92,18.759999999999998,39.98484848484848,9
31.93,18.810000000000002,39.95454545454545,9
31.94,18.84,39.95454545454545,9
31.95,18.879999999999995,39.93939393939393,9
31.96,18.92,39.93939393939393,9
31.97,18.959999999999997,39.90909090909091,9
31.98,19.01,39.90909090909091,9
31.99,19.05,39.909090909090885,9
32.0,19.090000000000003,39.893939393939384,9
32.01,19.13,39.87878787878788,9
32.02,19.169999999999998,39.86363636363634,9
32.03,19.21,39.86363636363636,9
32.04,19.250000000000004,39.84848484848484,9
32.05,19.29,39.84848484848486,9
32.06,19.33,39.833333333333314,9
32.07,19.37,39.81818181818181,9
32.08,19.42,39.81818181818181,9
32.09,19.45,39.80303030303029,9
32.1,19.5,39.78787878787877,9
32.11,19.529999999999998,39.77272727272729,9
32.12,19.580000000000002,39.772727272727266,9
32.13,19.619999999999997,39.772727272727266,9
32.14,19.66,39.74242424242424,9
32.15,19.690000000000005,39.74242424242422,9
32.16,19.74,39.72727272727274,9
32.17,19.78,40.3384615384614,9
32.18,19.830000000000002,40.32307692307678,9
32.19,19.86,40.30769230769216,9
32.2,19.900000000000002,40.30769230769216,9
32.21,19.94,40.29230769230758,9
32.22,19.979999999999997,40.29230769230756,9
32.23,20.03,40.26153846153833,9
32.24,20.07,40.26153846153831,9
32.25,20.109999999999996,40.26153846153835,9
32.26,20.15,40.24615384615373,9
32.27,20.19,40.230769230769106,9
32.28,20.230000000000004,40.21538461538449,9
32.29,20.270000000000003,40.215384615384465,9
32.3,20.31,40.19999999999988,9
32.31,20.349999999999998,40.184615384615284,9
32.32,20.39,40.18461538461526,9
32.33,20.44,40.16923076923064,9
32.34,20.470000000000002,40.169230769230616,9
32.35,20.520000000000003,40.15384615384603,9
32.36,20.549999999999997,40.138461538461414,9
32.37,20.599999999999998,40.12307692307679,9
32.38,20.64,40.12307692307679,9
32.39,20.68,40.123076923076766,9
32.4,20.71,40.09230769230754,9
32.41,20.76,40.092307692307564,9
32.42,20.8,40.07692307692294,9
32.43,20.85,40.07692307692294,9
32.44,20.879999999999995,40.06153846153832,9
32.45,20.919999999999998,40.046153846153736,9
32.46,20.959999999999997,40.046153846153715,9
32.47,20.999999999999996,40.030769230769096,9
32.48,21.049999999999997,40.030769230769096,9
32.49,21.089999999999996,40.62499999999994,9
32.5,21.129999999999995,40.624999999999986,9
32.51,21.169999999999998,40.624999999999964,9
32.52,21.209999999999997,40.60937499999996,9
32.53,21.249999999999996,40.59374999999995,9
32.54,21.290000000000003,40.57812499999994,9
32.55,21.330000000000002,40.578124999999986,9
32.56,21.37,40.578124999999964,9
32.57,21.410000000000004,40.54687499999997,9
32.58,21.46,40.54687499999994,9
32.59,21.490000000000002,40.531249999999936,9
32.6,21.54,40.531249999999986,9
32.61,21.569999999999997,40.53124999999996,9
32.62,21.620000000000005,40.499999999999964,9
32.63,21.660000000000004,40.49999999999994,9
32.64,21.700000000000003,40.48437499999998,9
32.65,21.73,40.48437499999998,9
32.66,21.78,40.453124999999964,9
32.67,21.819999999999997,40.453124999999964,9
32.68,21.87,40.45312499999994,9
32.69,21.900000000000002,40.43749999999998,9
32.7,21.94,40.42187499999997,9
32.71,21.979999999999997,40.406249999999964,9
32.72,22.019999999999996,40.406249999999964,9
32.73,22.07,40.40624999999994,9
32.74,22.11,40.37499999999995,9
32.75,22.15,40.37499999999997,9
32.76,22.190000000000005,40.359374999999964,9
32.77,22.230000000000004,40.359374999999964,9
32.78,22.269999999999996,40.359374999999986,9
32.79,22.310000000000002,40.32812499999994,9
32.8,22.35,40.328124999999964,9
32.81,22.39,40.31249999999996,9
32.82,22.43,40.95238095238101,9
32.83,22.479999999999997,40.93650793650799,9
32.84,22.509999999999998,40.92063492063501,9
32.85,22.560000000000002,40.92063492063499,9
32.86,22.589999999999996,40.90476190476196,9
32.87,22.64,40.888888888888935,9
32.88,22.68,40.888888888888935,9
32.89,22.720000000000006,40.87301587301596,9
32.9,22.75,40.87301587301594,9
32.91,22.799999999999997,40.85714285714291,9
32.92,22.839999999999996,40.84126984126989,9
32.93,22.89,40.84126984126989,9
32.94,22.92,40.82539682539691,9
32.95,22.959999999999994,40.825396825396886,9
32.96,23.0,40.79365079365084,9
32.97,23.040000000000006,40.79365079365084,9
32.98,23.089999999999996,40.79365079365088,9
32.99,23.130000000000003,40.777777777777835,9
33.0,23.17,40.76190476190484,9
33.01,23.21,40.74603174603179,9
33.02,23.25,40.74603174603179,9
33.03,23.29,40.74603174603183,9
33.04,23.33,40.714285714285786,9
33.05,23.369999999999997,40.714285714285786,9
33.06,23.410000000000004,40.69841269841274,9
33.07,23.449999999999996,40.69841269841274,9
33.08,23.5,40.69841269841279,9
33.09,23.53,40.666666666666735,9
33.1,23.580000000000005,40.666666666666735,9
33.11,23.61,40.650793650793695,9
33.12,23.659999999999997,40.650793650793695,9
33.13,23.699999999999996,40.63492063492069,9
33.14,23.739999999999995,40.61904761904769,9
33.15,23.77000000000001,40.61904761904769,9
33.16,23.819999999999993,41.25806451612894,9
33.17,23.859999999999992,41.24193548387089,9
33.18,23.909999999999997,41.24193548387094,9
33.19,23.940000000000005,41.22580645161284,9
33.2,23.97999999999999,41.22580645161284,9
33.21,24.019999999999996,41.20967741935475,9
33.22,24.059999999999995,41.1935483870967,9
33.23,24.11,41.19354838709674,9
33.24,24.15,41.17741935483865,9
33.25,24.189999999999998,41.17741935483865,9
33.26,24.229999999999997,41.1451612903225,9
33.27,24.270000000000003,41.1451612903225,9
33.28,24.310000000000002,41.14516129032255,9
33.29,24.349999999999994,41.12903225806445,9
33.3,24.389999999999993,41.1129032258064,9
33.31,24.43,41.096774193548306,9
33.32,24.47,41.096774193548306,9
33.33,24.520000000000003,41.09677419354835,9
33.34,24.550000000000004,41.06451612903221,9
33.35,24.599999999999994,41.06451612903221,9
33.36,24.629999999999995,41.06451612903216,9
33.37,24.680000000000007,41.04838709677416,9
33.38,24.720000000000006,41.04838709677416,9
33.39,24.759999999999998,41.01612903225801,9
33.4,24.79,41.01612903225801,9
33.41,24.840000000000003,41.016129032257965,9
33.42,24.879999999999995,40.99999999999996,9
33.43,24.930000000000007,40.98387096774191,9
33.44,24.960000000000008,40.967741935483815,9
33.45,25.0,40.967741935483815,9
33.46,25.040000000000006,40.967741935483765,9
33.47,25.08,40.935483870967666,9
33.48,25.130000000000003,40.935483870967666,9
33.49,25.169999999999995,40.919354838709616,9
33.5,25.21,41.59016393442628,9
33.51,25.250000000000007,41.59016393442628,9
33.52,25.29,41.55737704918036,9
33.53,25.330000000000005,41.55737704918036,9
33.54,25.349999999999994,41.55737704918036,9
33.55,25.340000000000003,41.54098360655742,9
33.56,25.329999999999984,41.52459016393444,9
33.57,25.32000000000002,41.50819672131155,9
33.58,25.319999999999993,41.508196721311506,9
33.59,25.319999999999993,41.508196721311506,9
33.6,25.30000000000001,41.47540983606563,9
33.61,25.299999999999983,41.47540983606559,9
33.62,25.30000000000001,41.47540983606563,9
33.63,25.289999999999992,41.459016393442646,9
33.64,25.289999999999992,41.459016393442646,9
33.65,25.269999999999982,41.42622950819673,9
33.66,25.269999999999982,41.42622950819673,9
33.67,25.27000000000001,41.426229508196776,9
33.68,25.25999999999999,41.40983606557379,9
33.69,25.25,41.39344262295086,9
33.7,25.23999999999998,41.37704918032787,9
33.71,25.24000000000001,41.37704918032792,9
33.72,25.24000000000001,41.37704918032792,9
33.73,25.22,41.344262295082004,9
33.74,25.22,41.344262295082004,9
33.75,25.22,41.344262295082004,9
33.76,25.210000000000008,41.32786885245907,9
33.77,25.200000000000017,41.311475409836135,9
33.78,25.189999999999998,41.29508196721315,9
33.79,25.189999999999998,41.29508196721315,9
33.8,25.189999999999998,41.29508196721315,9
33.81,25.180000000000007,41.278688524590216,9
33.82,25.170000000000016,41.26229508196728,9
33.83,25.170000000000016,41.26229508196728,9
33.84,25.159999999999997,41.93333333333323,9
33.85,25.159999999999997,41.93333333333323,9
33.86,25.139999999999986,41.89999999999988,9
33.87,25.140000000000015,41.89999999999993,9
33.88,25.139999999999986,41.89999999999988,9
33.89,25.129999999999995,41.883333333333226,9
33.9,25.120000000000005,41.866666666666575,9
33.91,25.120000000000005,41.866666666666575,9
33.92,25.110000000000014,41.84999999999992,9
33.93,25.109999999999985,41.84999999999987,9
33.94,25.099999999999994,41.83333333333322,9
33.95,25.090000000000003,41.81666666666657,9
33.96,25.090000000000003,41.81666666666657,9
33.97,25.080000000000013,41.79999999999992,9
33.98,25.079999999999984,41.799999999999876,9
33.99,25.069999999999993,41.783333333333225,9
34.0,25.060000000000002,41.76666666666657,9
34.01,25.060000000000002,41.76666666666657,9
34.02,25.060000000000002,41.76666666666657,9
34.03,25.039999999999992,41.73333333333322,9
34.04,25.039999999999992,41.73333333333322,9
34.05,25.029999999999973,41.71666666666652,9
34.06,25.03,41.71666666666657,9
34.07,25.02000000000001,41.69999999999992,9
34.08,25.00999999999999,41.683333333333216,9
34.09,25.00999999999999,41.683333333333216,9
34.1,25.01000000000002,41.683333333333266,9
34.11,25.0,41.666666666666565,9
34.12,24.99000000000001,41.64999999999991,9
34.13,24.97999999999999,41.63333333333322,9
34.14,24.97999999999999,41.63333333333322,9
34.15,24.980000000000018,41.63333333333326,9
34.16,24.960000000000008,41.599999999999916,9
34.17,24.960000000000008,41.599999999999916,9
34.18,24.960000000000008,41.599999999999916,9
34.19,24.94999999999999,41.583333333333215,9
34.2,24.939999999999998,42.27118644067797,9
34.21,24.939999999999998,42.27118644067797,9
34.22,24.930000000000007,42.25423728813561,9
34.23,24.930000000000007,42.25423728813561,9
34.24,24.920000000000016,42.23728813559326,9
34.25,24.909999999999997,42.22033898305085,9
34.26,24.909999999999997,42.22033898305085,9
34.27,24.900000000000006,42.20338983050849,9
34.28,24.899999999999977,42.20338983050845,9
34.29,24.889999999999986,42.18644067796609,9
34.3,24.880000000000024,42.16949152542378,9
34.31,24.879999999999995,42.16949152542373,9
34.32,24.879999999999995,42.16949152542373,9
34.33,24.859999999999985,42.13559322033897,9
34.34,24.859999999999985,42.13559322033897,9
34.35,24.850000000000023,42.11864406779666,9
34.36,24.849999999999994,42.11864406779661,9
34.37,24.840000000000003,42.10169491525426,9
34.38,24.829999999999984,42.08474576271185,9
34.39,24.829999999999984,42.08474576271185,9
34.4,24.830000000000013,42.0847457627119,9
34.41,24.819999999999993,42.06779661016949,9
34.42,24.810000000000002,42.050847457627135,9
34.43,24.810000000000002,42.050847457627135,9
34.44,24.80000000000001,42.033898305084776,9
34.45,24.80000000000001,42.033898305084776,9
34.46,24.79000000000002,42.016949152542416,9
34.47,24.78,42.000000000000014,9
34.48,24.78,42.000000000000014,9
34.49,24.77000000000001,41.983050847457655,9
34.5,24.76000000000002,41.966101694915295,9
34.51,24.75999999999999,41.966101694915245,9
34.52,24.75,41.94915254237289,9
34.53,24.75,41.94915254237289,9
34.54,24.75,41.94915254237289,9
34.55,24.730000000000018,42.637931034482655,9
34.56,24.72999999999999,42.637931034482605,9
34.57,24.72999999999999,42.637931034482605,9
34.58,24.72,42.62068965517228,9
34.59,24.70999999999998,42.6034482758619,9
34.6,24.710000000000008,42.60344827586195,9
34.61,24.69999999999999,42.586206896551566,9
34.62,24.69999999999999,42.586206896551566,9
34.63,24.680000000000007,42.55172413793091,9
34.64,24.680000000000007,42.55172413793091,9
34.65,24.680000000000007,42.55172413793091,9
34.66,24.669999999999987,42.534482758620534,9
34.67,24.669999999999987,42.534482758620534,9
34.68,24.659999999999997,42.51724137931021,9
34.69,24.650000000000006,42.49999999999987,9
34.7,24.650000000000006,42.49999999999987,9
34.71,24.650000000000006,42.49999999999987,9
34.72,24.629999999999995,42.46551724137917,9
34.73,24.629999999999995,42.46551724137917,9
34.74,24.629999999999995,42.46551724137917,9
34.75,24.620000000000005,42.44827586206884,9
34.76,24.610000000000014,42.431034482758506,9
34.77,24.609999999999985,42.43103448275846,9
34.78,24.599999999999994,42.41379310344813,9
34.79,24.599999999999994,42.41379310344813,9
34.8,24.590000000000003,42.3965517241378,9
34.81,24.580000000000013,42.37931034482747,9
34.82,24.579999999999984,42.379310344827424,9
34.83,24.57000000000002,42.362068965517146,9
34.84,24.569999999999993,42.362068965517096,9
34.85,24.560000000000002,42.34482758620677,9
34.86,24.55000000000001,42.327586206896434,9
34.87,24.549999999999983,42.327586206896385,9
34.88,24.55000000000001,42.327586206896434,9
34.89,24.53,42.29310344827573,9
34.9,24.53,42.29310344827573,9
34.91,24.53,42.29310344827573,9
34.92,24.519999999999982,43.01754385964907,9
34.93,24.50999999999999,42.999999999999964,9
34.94,24.51000000000002,43.000000000000014,9
34.95,24.5,42.982456140350855,9
34.96,24.5,42.982456140350855,9
34.97,24.5,42.982456140350855,9
34.98,24.47999999999999,42.947368421052595,9
34.99,24.480000000000018,42.947368421052644,9
35.0,24.47999999999999,42.947368421052595,9
35.01,24.47,42.929824561403485,9
35.02,24.45999999999998,42.91228070175433,9
35.03,24.460000000000008,42.912280701754376,9
35.04,24.450000000000017,42.894736842105274,9
35.05,24.44999999999999,42.894736842105225,9
35.06,24.439999999999998,42.877192982456116,9
35.07,24.42999999999998,42.85964912280696,9
35.08,24.430000000000007,42.85964912280701,9
35.09,24.430000000000007,42.85964912280701,9
35.1,24.409999999999997,42.824561403508746,9
35.11,24.409999999999997,42.824561403508746,9
35.12,24.409999999999997,42.824561403508746,9
35.13,24.400000000000006,42.80701754385964,9
35.14,24.400000000000006,42.80701754385964,9
35.15,24.390000000000015,42.78947368421053,9
35.16,24.379999999999995,42.771929824561376,9
35.17,24.380000000000024,42.771929824561425,9
35.18,24.370000000000005,42.75438596491227,9
35.19,24.360000000000014,42.73684210526316,9
35.2,24.359999999999985,42.73684210526311,9
35.21,24.349999999999994,42.719298245614006,9
35.22,24.350000000000023,42.719298245614056,9
35.23,24.340000000000003,42.7017543859649,9
35.24,24.330000000000013,42.68421052631579,9
35.25,24.329999999999984,42.68421052631574,9
35.26,24.329999999999984,42.68421052631574,9
35.27,24.32000000000002,42.666666666666686,9
35.28,24.310000000000002,42.64912280701753,9
35.29,24.310000000000002,43.41071428571439,9
35.3,24.299999999999983,43.39285714285721,9
35.31,24.299999999999983,43.39285714285721,9
35.32,24.289999999999992,43.375000000000085,9
35.33,24.28,43.35714285714296,9
35.34,24.28,43.35714285714296,9
35.35,24.28,43.35714285714296,9
35.36,24.25999999999999,43.321428571428655,9
35.37,24.26000000000002,43.321428571428704,9
35.38,24.26000000000002,43.321428571428704,9
35.39,24.25,43.30357142857153,9
35.4,24.24000000000001,43.2857142857144,9
35.41,24.23999999999998,43.28571428571435,9
35.42,24.230000000000018,43.267857142857274,9
35.43,24.22999999999999,43.267857142857224,9
35.44,24.22999999999999,43.267857142857224,9
35.45,24.210000000000008,43.23214285714297,9
35.46,24.20999999999998,43.23214285714292,9
35.47,24.210000000000008,43.23214285714297,9
35.48,24.19999999999999,43.21428571428579,9
35.49,24.189999999999998,43.19642857142867,9
35.5,24.189999999999998,43.19642857142867,9
35.51,24.17999999999998,43.17857142857149,9
35.52,24.180000000000007,43.17857142857154,9
35.53,24.170000000000016,43.16071428571441,9
35.54,24.169999999999987,43.16071428571436,9
35.55,24.159999999999997,43.14285714285724,9
35.56,24.160000000000025,43.14285714285729,9
35.57,24.159999999999997,43.14285714285724,9
35.58,24.140000000000015,43.10714285714298,9
35.59,24.139999999999986,43.10714285714293,9
35.6,24.139999999999986,43.10714285714293,9
35.61,24.130000000000024,43.08928571428586,9
35.62,24.120000000000005,43.071428571428676,9
35.63,24.120000000000005,43.071428571428676,9
35.64,24.109999999999985,43.0535714285715,9
35.65,24.109999999999985,43.0535714285715,9
35.66,24.099999999999994,43.81818181818175,9
35.67,24.090000000000003,43.79999999999995,9
35.68,24.090000000000003,43.79999999999995,9
35.69,24.090000000000003,43.79999999999995,9
35.7,24.080000000000013,43.781818181818146,9
35.71,24.069999999999993,43.763636363636294,9
35.72,24.069999999999993,43.763636363636294,9
35.73,24.060000000000002,43.74545454545449,9
35.74,24.060000000000002,43.74545454545449,9
35.75,24.049999999999983,43.72727272727264,9
35.76,24.04000000000002,43.70909090909089,9
35.77,24.039999999999992,43.70909090909084,9
35.78,24.039999999999992,43.70909090909084,9
35.79,24.02000000000001,43.672727272727236,9
35.8,24.019999999999982,43.67272727272719,9
35.81,24.02000000000001,43.672727272727236,9
35.82,24.00999999999999,43.654545454545385,9
35.83,24.0,43.63636363636358,9
35.84,24.0,43.63636363636358,9
35.85,23.98999999999998,43.618181818181725,9
35.86,23.99000000000001,43.61818181818178,9
35.87,23.99000000000001,43.61818181818178,9
35.88,23.97999999999999,43.59999999999992,9
35.89,23.97,43.58181818181812,9
35.9,23.970000000000027,43.58181818181818,9
35.91,23.97,43.58181818181812,9
35.92,23.950000000000017,43.54545454545452,9
35.93,23.94999999999999,43.54545454545447,9
35.94,23.94999999999999,43.54545454545447,9
35.95,23.939999999999998,43.52727272727267,9
35.96,23.930000000000007,43.509090909090865,9
35.97,23.930000000000007,43.509090909090865,9
35.98,23.919999999999987,43.490909090909014,9
35.99,23.919999999999987,43.490909090909014,9
36.0,23.920000000000016,43.490909090909064,9
36.01,23.900000000000006,43.45454545454541,9
36.02,23.900000000000006,43.45454545454541,9
36.03,23.900000000000006,43.45454545454541,9
36.04,23.889999999999986,43.43636363636355,9
36.05,23.879999999999995,44.222222222222285,9
36.06,23.879999999999995,44.222222222222285,9
36.07,23.870000000000005,44.20370370370378,9
36.08,23.870000000000005,44.20370370370378,9
36.09,23.859999999999985,44.185185185185226,9
36.1,23.860000000000014,44.18518518518528,9
36.11,23.849999999999994,44.16666666666673,9
36.12,23.849999999999994,44.16666666666673,9
36.13,23.840000000000003,44.14814814814822,9
36.14,23.829999999999984,44.12962962962967,9
36.15,23.830000000000013,44.129629629629726,9
36.16,23.830000000000013,44.129629629629726,9
36.17,23.819999999999993,44.11111111111117,9
36.18,23.810000000000002,44.092592592592666,9
36.19,23.810000000000002,44.092592592592666,9
36.2,23.80000000000001,44.07407407407416,9
36.21,23.80000000000001,44.07407407407416,9
36.22,23.789999999999992,44.05555555555561,9
36.23,23.789999999999992,44.05555555555561,9
36.24,23.779999999999973,44.03703703703706,9
36.25,23.78,44.03703703703711,9
36.26,23.77000000000001,44.018518518518604,9
36.27,23.75999999999999,44.00000000000005,9
36.28,23.75999999999999,44.00000000000005,9
36.29,28.47,98.36231884057953,9
36.3,28.47,98.36231884057953,9
36.31,28.47,98.34782608695632,9
36.32,28.47,98.33333333333314,9
36.33,28.480000000000018,98.33333333333314,9
36.34,28.47999999999999,98.31884057970997,9
36.35,28.47999999999999,98.3043478260868,9
36.36,28.480000000000018,98.30434782608675,9
36.37,28.47999999999999,98.28985507246358,9
36.38,28.480000000000018,98.27536231884041,9
36.39,28.47999999999999,98.26086956521722,9
36.4,28.49000000000001,98.26086956521722,9
36.41,28.49000000000001,98.246376811594,9
36.42,28.48999999999998,98.23188405797083,9
36.43,28.49000000000001,98.23188405797083,9
36.44,28.48999999999998,96.81428571428583,9
36.45,28.49000000000001,96.80000000000008,9
36.46,28.49000000000001,96.80000000000008,9
36.47,28.5,96.78571428571438,9
36.48,28.5,96.77142857142864,9
36.49,28.5,96.75714285714298,9
36.5,28.5,96.75714285714294,9
36.51,28.5,96.74285714285723,9
36.52,28.5,96.72857142857154,9
36.53,28.5,96.72857142857154,9
36.54,28.50999999999999,96.71428571428584,9
36.55,28.50999999999999,96.70000000000009,9
36.56,28.51000000000002,96.70000000000009,9
36.57,28.50999999999999,96.6857142857144,9
36.58,28.51000000000002,96.67142857142865,9
36.59,28.50999999999999,96.65714285714299,9
36.6,28.50999999999999,96.65714285714294,9
36.61,28.52000000000001,96.64285714285721,9
36.62,28.519999999999982,96.62857142857155,9
36.63,28.52000000000001,96.6285714285715,9
36.64,28.519999999999982,96.61428571428584,9
36.65,28.52000000000001,96.60000000000011,9
36.66,28.52000000000001,96.60000000000007,9
36.67,28.519999999999982,96.5857142857144,9
36.68,28.53,96.57142857142865,9
36.69,28.53,96.55714285714296,9
36.7,28.53,96.55714285714296,9
36.71,28.53,96.54285714285722,9
36.72,28.53,96.52857142857151,9
36.73,28.53,96.52857142857151,9
36.74,28.53,96.51428571428582,9
36.75,28.539999999999992,96.50000000000011,9
36.76,28.54000000000002,96.50000000000007,9
36.77,28.539999999999992,96.48571428571437,9
36.78,28.539999999999992,96.47142857142867,9
36.79,28.539999999999992,96.45714285714297,9
36.8,28.539999999999992,96.45714285714297,9
36.81,28.54000000000002,96.44285714285722,9
36.82,28.549999999999983,96.42857142857153,9
36.83,28.55000000000001,95.07042253521115,9
36.84,28.549999999999983,95.05633802816891,9
36.85,28.55000000000001,95.04225352112663,9
36.86,28.55000000000001,95.04225352112663,9
36.87,28.549999999999983,95.0281690140844,9
36.88,28.55000000000001,95.01408450704216,9
36.89,28.560000000000002,94.99999999999991,9
36.9,28.560000000000002,94.99999999999987,9
36.91,28.560000000000002,94.98591549295763,9
36.92,28.560000000000002,94.97183098591539,9
36.93,28.560000000000002,94.97183098591539,9
36.94,28.560000000000002,94.95774647887315,9
36.95,28.569999999999993,94.94366197183086,9
36.96,28.57000000000002,94.92957746478858,9
36.97,28.569999999999993,94.92957746478862,9
36.98,28.569999999999993,94.91549295774635,9
36.99,28.569999999999993,94.90140845070414,9
37.0,28.569999999999993,94.90140845070411,9
37.01,28.57000000000002,94.88732394366183,9
37.02,28.579999999999984,94.87323943661963,9
37.03,28.580000000000013,94.85915492957734,9
37.04,28.579999999999984,94.85915492957739,9
37.05,28.580000000000013,94.8450704225351,9
37.06,28.580000000000013,94.83098591549282,9
37.07,28.579999999999984,94.83098591549286,9
37.08,28.580000000000013,94.81690140845058,9
37.09,28.589999999999975,94.80281690140833,9
37.1,23.32,44.84615384615388,9
37.11,23.32,44.84615384615388,9
37.12,23.31,44.82692307692311,9
37.13,23.31,44.82692307692311,9
37.14,23.3,44.80769230769235,9
37.15,23.3,44.80769230769235,9
37.16,23.290000000000003,44.78846153846158,9
37.17,23.28,44.76923076923081,9
37.18,23.28,44.76923076923081,9
37.19,23.279999999999998,44.7692307692308,9
37.2,23.28,44.76923076923081,9
37.21,23.259999999999998,44.73076923076926,9
37.22,23.259999999999998,44.73076923076926,9
37.23,23.26,44.73076923076927,9
37.24,23.25,45.58823529411751,9
37.25,23.240000000000002,45.56862745098026,9
37.26,23.240000000000002,45.56862745098026,9
37.27,23.24,45.56862745098025,9
37.28,23.229999999999997,45.54901960784299,9
37.29,23.22,45.52941176470574,9
37.3,23.22,45.52941176470574,9
37.31,23.21,45.50980392156849,9
37.32,23.21,45.50980392156849,9
37.33,23.21,45.50980392156849,9
37.34,23.200000000000003,45.49019607843124,9
37.35,23.19,45.47058823529398,9
37.36,23.189999999999998,45.470588235293974,9
37.37,23.189999999999998,45.470588235293974,9
37.38,23.18,45.45098039215672,9
37.39,23.169999999999998,45.431372549019464,9
37.4,23.169999999999998,45.431372549019464,9
37.41,23.169999999999995,45.43137254901946,9
37.42,23.15,45.392156862744955,9
37.43,23.15,45.392156862744955,9
37.44,23.15,45.392156862744955,9
37.45,23.150000000000002,45.39215686274496,9
37.46,23.129999999999995,45.35294117647044,9
37.47,23.130000000000003,45.35294117647045,9
37.48,23.130000000000003,45.35294117647045,9
37.49,23.12,45.333333333333194,9
37.5,23.12,45.333333333333194,9
37.51,23.11,45.313725490195935,9
37.52,23.11,45.313725490195935,9
37.53,23.1,45.29411764705869,9
37.54,23.1,45.29411764705869,9
37.55,23.09,45.27450980392143,9
37.56,23.08,45.254901960784174,9
37.57,23.08,45.254901960784174,9
37.58,23.08,45.254901960784174,9
37.59,23.07,45.23529411764692,9
37.6,23.06,45.215686274509665,9
37.61,23.059999999999995,45.21568627450966,9
37.62,23.060000000000002,45.21568627450967,9
37.63,23.060000000000002,45.21568627450967,9
37.64,23.04,45.176470588235155,9
37.65,23.040000000000003,46.080000000000005,9
37.66,23.040000000000003,46.080000000000005,9
37.67,23.03,46.06,9
37.68,23.020000000000003,46.040000000000006,9
37.69,23.020000000000003,46.040000000000006,9
37.7,23.02,46.04,9
37.71,23.009999999999998,46.019999999999996,9
37.72,23.0,46.0,9
37.73,23.0,46.0,9
37.74,23.0,46.0,9
37.75,22.99,45.98,9
37.76,22.99,45.98,9
37.77,22.979999999999997,45.959999999999994,9
37.78,22.97,45.94,9
37.79,22.969999999999995,45.93999999999999,9
37.8,22.970000000000002,45.940000000000005,9
37.81,22.959999999999997,45.919999999999995,9
37.82,22.950000000000003,45.900000000000006,9
37.83,22.950000000000003,45.900000000000006,9
37.84,22.950000000000003,45.900000000000006,9
37.85,22.94,45.88,9
37.86,22.930000000000003,45.86000000000001,9
37.87,22.93,45.86,9
37.88,22.93,45.86,9
37.89,22.91,45.82,9
37.9,22.91,45.82,9
37.91,22.91,45.82,9
37.92,22.91,45.82,9
37.93,22.9,45.8,9
37.94,22.89,45.78,9
37.95,22.889999999999997,45.779999999999994,9
37.96,22.889999999999997,45.779999999999994,9
37.97,22.879999999999995,45.75999999999999,9
37.98,22.869999999999997,45.739999999999995,9
37.99,22.869999999999997,45.739999999999995,9
38.0,22.870000000000005,45.74000000000001,9
38.01,22.860000000000003,45.720000000000006,9
38.02,22.850000000000005,45.70000000000001,9
38.03,22.85,45.7,9
38.04,22.840000000000003,45.68000000000001,9
38.05,22.84,45.68,9
38.06,22.84,45.68,9
38.07,22.830000000000002,46.59183673469369,9
38.08,22.82,46.571428571428385,9
38.09,22.82,46.571428571428385,9
38.1,22.82,46.571428571428385,9
38.11,22.81,46.551020408163076,9
38.12,22.799999999999997,46.53061224489777,9
38.13,22.799999999999997,46.53061224489777,9
38.14,22.799999999999997,46.53061224489777,9
38.15,22.79,46.510204081632466,9
38.16,22.779999999999998,46.48979591836715,9
38.17,22.779999999999998,46.48979591836715,9
38.18,22.78,46.48979591836716,9
38.19,22.769999999999996,46.46938775510184,9
38.2,22.760000000000005,46.448979591836554,9
38.21,22.760000000000005,46.448979591836554,9
38.22,22.759999999999998,46.44897959183654,9
38.23,22.75,46.42857142857124,9
38.24,22.740000000000002,46.40816326530594,9
38.25,22.740000000000002,46.40816326530594,9
38.26,22.740000000000002,46.40816326530594,9
38.27,22.729999999999997,46.38775510204062,9
38.28,22.72,46.36734693877532,9
38.29,22.72,46.36734693877532,9
38.3,22.72,46.36734693877532,9
38.31,22.71,46.34693877551002,9
38.32,22.699999999999996,46.3265306122447,9
38.33,22.699999999999996,46.3265306122447,9
38.34,22.699999999999996,46.3265306122447,9
38.35,22.690000000000005,46.306122448979416,9
38.36,22.690000000000005,46.306122448979416,9
38.37,22.68,46.2857142857141,9
38.38,22.68,46.2857142857141,9
38.39,22.67,46.2653061224488,9
38.4,22.67,46.2653061224488,9
38.41,22.660000000000004,46.24489795918349,9
38.42,22.660000000000004,46.24489795918349,9
38.43,22.65,46.224489795918174,9
38.44,22.65,46.224489795918174,9
38.45,22.64,46.20408163265287,9
38.46,22.64,46.20408163265287,9
38.47,22.630000000000003,46.18367346938757,9
38.48,22.629999999999995,46.18367346938756,9
38.49,22.629999999999995,46.18367346938756,9
38.5,22.619999999999997,47.12499999999995,9
38.51,22.61,47.10416666666662,9
38.52,22.610000000000007,47.104166666666636,9
38.53,22.61,47.10416666666662,9
38.54,22.589999999999996,47.06249999999995,9
38.55,22.590000000000003,47.062499999999964,9
38.56,22.589999999999996,47.06249999999995,9
38.57,22.590000000000003,47.062499999999964,9
38.58,22.57,47.02083333333329,9
38.59,22.569999999999993,47.02083333333328,9
38.6,22.57,47.02083333333329,9
38.61,22.569999999999993,47.02083333333328,9
38.62,22.549999999999997,46.97916666666662,9
38.63,22.549999999999997,46.97916666666662,9
38.64,22.550000000000004,46.979166666666636,9
38.65,22.549999999999997,46.97916666666662,9
38.66,22.540000000000006,46.95833333333331,9
38.67,22.53000000000001,46.93749999999998,9
38.68,22.53,46.93749999999996,9
38.69,22.53,46.93749999999996,9
38.7,22.519999999999996,46.916666666666615,9
38.71,22.509999999999998,46.895833333333286,9
38.72,22.510000000000005,46.8958333333333,9
38.73,22.509999999999998,46.895833333333286,9
38.74,22.5,46.87499999999996,9
38.75,22.490000000000002,46.85416666666663,9
38.76,22.489999999999995,46.854166666666615,9
38.77,22.490000000000002,46.85416666666663,9
38.78,22.479999999999997,46.833333333333286,9
38.79,22.479999999999997,46.833333333333286,9
38.8,22.47,46.81249999999996,9
38.81,22.46999999999999,46.81249999999994,9
38.82,22.46,46.79166666666663,9
38.83,22.460000000000008,46.79166666666664,9
38.84,22.45000000000001,46.770833333333314,9
38.85,22.449999999999996,46.770833333333286,9
38.86,22.440000000000005,46.74999999999997,9
38.87,22.439999999999998,46.74999999999995,9
38.88,22.43,46.72916666666662,9
38.89,22.430000000000007,46.729166666666636,9
38.9,22.419999999999995,46.70833333333328,9
38.91,22.42,46.70833333333329,9
38.92,22.410000000000004,46.687499999999964,9
38.93,22.409999999999997,46.68749999999995,9
38.94,22.410000000000004,47.68085106382991,9
38.95,22.39999999999999,47.659574468085204,9
38.96,22.4,47.65957446808522,9
38.97,22.39,47.638297872340544,9
38.98,22.389999999999993,47.63829787234053,9
38.99,22.380000000000003,47.617021276595864,9
39.0,22.38000000000001,47.61702127659588,9
39.01,22.36999999999999,47.59574468085116,9
39.02,22.369999999999997,47.595744680851176,9
39.03,22.360000000000007,47.57446808510651,9
39.04,22.36,47.574468085106496,9
39.05,22.35,47.55319148936182,9
39.06,22.35000000000001,47.553191489361836,9
39.07,22.339999999999996,47.53191489361713,9
39.08,22.340000000000003,47.53191489361714,9
39.09,22.339999999999996,47.53191489361713,9
39.1,22.33,47.510638297872454,9
39.11,22.32,47.48936170212777,9
39.12,22.319999999999993,47.48936170212776,9
39.13,22.32,47.48936170212777,9
39.14,22.310000000000002,47.4680851063831,9
39.15,22.299999999999997,47.446808510638405,9
39.16,22.299999999999997,47.446808510638405,9
39.17,22.300000000000004,47.44680851063842,9
39.18,22.289999999999992,47.42553191489372,9
39.19,22.28,47.40425531914905,9
39.2,22.28000000000001,47.404255319149065,9
39.21,22.28,47.40425531914905,9
39.22,22.269999999999996,47.382978723404364,9
39.23,22.270000000000003,47.38297872340438,9
39.24,22.259999999999998,47.36170212765968,9
39.25,22.260000000000005,47.3617021276597,9
39.26,22.259999999999998,47.36170212765968,9
39.27,22.25,47.34042553191501,9
39.28,22.240000000000002,47.31914893617033,9
39.29,22.239999999999995,47.319148936170315,9
39.3,22.239999999999995,47.319148936170315,9
39.31,22.230000000000004,47.297872340425656,9
39.32,22.22,47.27659574468096,9
39.33,22.22,47.27659574468096,9
39.34,22.22,47.27659574468096,9
39.35,22.209999999999994,47.25531914893627,9
39.36,22.200000000000003,47.23404255319161,9
39.37,22.200000000000003,47.23404255319161,9
39.38,22.200000000000003,48.260869565217305,9
39.39,22.200000000000003,48.260869565217305,9
39.4,22.180000000000007,48.21739130434775,9
39.41,22.179999999999993,48.21739130434772,9
39.42,22.180000000000007,48.21739130434775,9
39.43,22.179999999999993,48.21739130434772,9
39.44,22.17,48.19565217391296,9
39.45,22.16000000000001,48.173913043478194,9
39.46,22.159999999999997,48.173913043478166,9
39.47,22.159999999999997,48.173913043478166,9
39.48,22.150000000000006,48.1521739130434,9
39.49,22.14,48.13043478260861,9
39.5,22.14,48.13043478260861,9
39.51,22.14,48.13043478260861,9
39.52,22.14,48.13043478260861,9
39.53,22.120000000000005,48.086956521739054,9
39.54,22.11999999999999,48.08695652173902,9
39.55,22.120000000000005,48.086956521739054,9
39.56,22.120000000000005,48.086956521739054,9
39.57,22.110000000000014,48.06521739130429,9
39.58,22.099999999999994,48.04347826086946,9
39.59,22.10000000000001,48.04347826086949,9
39.6,22.099999999999994,48.04347826086946,9
39.61,22.090000000000003,48.0217391304347,9
39.62,22.08,47.99999999999991,9
39.63,22.08,47.99999999999991,9
39.64,22.08,47.99999999999991,9
39.65,22.070000000000007,47.97826086956515,9
39.66,22.060000000000002,47.95652173913035,9
39.67,22.060000000000002,47.95652173913035,9
39.68,22.059999999999988,47.95652173913032,9
39.69,22.060000000000002,47.95652173913035,9
39.7,22.049999999999997,47.934782608695556,9
39.71,22.039999999999992,47.91304347826076,9
39.72,22.040000000000006,47.913043478260796,9
39.73,22.040000000000006,47.913043478260796,9
39.74,22.029999999999987,47.89130434782597,9
39.75,22.019999999999996,47.869565217391205,9
39.76,22.02000000000001,47.86956521739124,9
39.77,22.019999999999996,47.869565217391205,9
39.78,22.010000000000005,47.847826086956445,9
39.79,22.010000000000005,47.847826086956445,9
39.8,22.0,47.82608695652165,9
39.81,22.0,47.82608695652165,9
39.82,22.0,47.82608695652165,9
39.83,21.989999999999995,47.804347826086854,9
39.84,21.980000000000004,48.844444444444534,9
39.85,21.97999999999999,48.8444444444445,9
39.86,21.980000000000004,48.844444444444534,9
39.87,21.97,48.822222222222294,9
39.88,21.959999999999994,48.80000000000006,9
39.89,21.959999999999994,48.80000000000006,9
39.9,21.960000000000008,48.8000000000001,9
39.91,21.94999999999999,48.77777777777783,9
39.92,21.950000000000003,48.777777777777864,9
39.93,21.940000000000012,48.75555555555566,9
39.94,21.939999999999998,48.75555555555563,9
39.95,21.929999999999993,48.73333333333339,9
39.96,21.930000000000007,48.73333333333343,9
39.97,21.92,48.711111111111194,9
39.98,21.92,48.711111111111194,9
39.99,21.92,48.711111111111194,9
