time_s,vehicle_id,event_type,source_id,msg_seq,pkt_uid,distance_m,heading_diff_deg,lane_before,lane_after,target_speed_mps
2.01033,veh4,drop_decision_no_action,3,2001,116,-1,-1,-1,-1,-1
2.02358,veh4,drop_decision_no_action,6,2015,124,-1,-1,-1,-1,-1
2.02433,veh4,drop_decision_no_action,11,2020,126,-1,-1,-1,-1,-1
2.03408,veh4,drop_decision_no_action,7,2030,137,-1,-1,-1,-1,-1
2.03958,veh4,drop_decision_no_action,9,2037,149,-1,-1,-1,-1,-1
2.04358,veh4,drop_decision_no_action,6,2034,144,-1,-1,-1,-1,-1
2.05933,veh4,drop_decision_no_action,12,2057,175,-1,-1,-1,-1,-1
2.07358,veh4,drop_decision_no_action,10,2070,185,-1,-1,-1,-1,-1
2.07408,veh4,drop_decision_no_action,7,2055,174,-1,-1,-1,-1,-1
2.08858,veh4,drop_decision_no_action,8,2079,197,-1,-1,-1,-1,-1
2.08858,veh4,drop_decision_no_action,8,2084,197,-1,-1,-1,-1,-1
2.09008,veh4,drop_decision_no_action,5,2086,209,-1,-1,-1,-1,-1
2.09033,veh4,drop_decision_no_action,3,2088,216,-1,-1,-1,-1,-1
2.09683,veh4,drop_decision_no_action,2,2095,231,-1,-1,-1,-1,-1
2.09958,veh4,drop_decision_no_action,9,2081,198,-1,-1,-1,-1,-1
2.11033,veh4,drop_decision_no_action,3,2101,245,-1,-1,-1,-1,-1
2.12358,veh4,drop_decision_no_action,6,2115,272,-1,-1,-1,-1,-1
2.12433,veh4,drop_decision_no_action,11,2120,277,-1,-1,-1,-1,-1
2.13683,veh4,drop_decision_no_action,2,2123,281,-1,-1,-1,-1,-1
2.14358,veh4,drop_decision_no_action,6,2134,301,-1,-1,-1,-1,-1
2.14433,veh4,drop_decision_no_action,11,2138,309,-1,-1,-1,-1,-1
2.17358,veh4,drop_decision_no_action,10,2155,342,-1,-1,-1,-1,-1
2.18858,veh4,drop_decision_no_action,8,2184,364,-1,-1,-1,-1,-1
2.19008,veh4,drop_decision_no_action,5,2186,366,-1,-1,-1,-1,-1
2.19958,veh4,drop_decision_no_action,9,2181,360,-1,-1,-1,-1,-1
2.21033,veh4,drop_decision_no_action,3,2201,392,-1,-1,-1,-1,-1
2.22358,veh4,drop_decision_no_action,6,2215,415,-1,-1,-1,-1,-1
2.23958,veh4,drop_decision_no_action,9,2237,437,-1,-1,-1,-1,-1
2.24358,veh4,drop_decision_no_action,6,2234,432,-1,-1,-1,-1,-1
2.25933,veh4,drop_decision_no_action,12,2257,466,-1,-1,-1,-1,-1
2.27358,veh4,drop_decision_no_action,10,2255,463,-1,-1,-1,-1,-1
2.27408,veh4,drop_decision_no_action,7,2255,464,-1,-1,-1,-1,-1
2.28858,veh4,drop_decision_no_action,8,2284,502,-1,-1,-1,-1,-1
2.29008,veh4,drop_decision_no_action,5,2286,507,-1,-1,-1,-1,-1
2.31033,veh4,drop_decision_no_action,3,2301,532,-1,-1,-1,-1,-1
2.32433,veh4,drop_decision_no_action,11,2320,554,-1,-1,-1,-1,-1
2.33683,veh4,drop_decision_no_action,2,2323,556,-1,-1,-1,-1,-1
2.34358,veh4,drop_decision_no_action,6,2334,574,-1,-1,-1,-1,-1
2.34433,veh4,drop_decision_no_action,11,2338,579,-1,-1,-1,-1,-1
2.37358,veh4,drop_decision_no_action,10,2355,613,-1,-1,-1,-1,-1
2.38858,veh4,drop_decision_no_action,8,2384,640,-1,-1,-1,-1,-1
2.39008,veh4,drop_decision_no_action,5,2386,642,-1,-1,-1,-1,-1
2.41033,veh4,drop_decision_no_action,3,2401,667,-1,-1,-1,-1,-1
2.42358,veh4,drop_decision_no_action,6,2415,685,-1,-1,-1,-1,-1
2.42433,veh4,drop_decision_no_action,11,2420,690,-1,-1,-1,-1,-1
2.43958,veh4,drop_decision_no_action,9,2437,715,-1,-1,-1,-1,-1
2.44358,veh4,drop_decision_no_action,6,2434,709,-1,-1,-1,-1,-1
2.45933,veh4,drop_decision_no_action,12,2457,744,-1,-1,-1,-1,-1
2.47358,veh4,drop_decision_no_action,10,2455,741,-1,-1,-1,-1,-1
2.47408,veh4,drop_decision_no_action,7,2455,742,-1,-1,-1,-1,-1
2.49008,veh4,drop_decision_no_action,5,2486,784,-1,-1,-1,-1,-1
2.49008,veh4,drop_decision_no_action,5,2488,784,-1,-1,-1,-1,-1
2.51033,veh4,drop_decision_no_action,3,2501,803,-1,-1,-1,-1,-1
2.52358,veh4,drop_decision_no_action,6,2515,821,-1,-1,-1,-1,-1
2.52433,veh4,drop_decision_no_action,11,2520,826,-1,-1,-1,-1,-1
2.53683,veh4,drop_decision_no_action,2,2523,830,-1,-1,-1,-1,-1
2.54358,veh4,drop_decision_no_action,6,2534,850,-1,-1,-1,-1,-1
2.54433,veh4,drop_decision_no_action,11,2538,858,-1,-1,-1,-1,-1
2.57358,veh4,drop_decision_no_action,10,2555,892,-1,-1,-1,-1,-1
2.57408,veh4,drop_decision_no_action,7,2555,893,-1,-1,-1,-1,-1
2.58858,veh4,drop_decision_no_action,8,2584,924,-1,-1,-1,-1,-1
2.59008,veh4,drop_decision_no_action,5,2586,929,-1,-1,-1,-1,-1
2.62433,veh4,drop_decision_no_action,11,2620,968,-1,-1,-1,-1,-1
2.63408,veh4,drop_decision_no_action,7,2630,980,-1,-1,-1,-1,-1
2.63933,veh4,drop_decision_no_action,12,2622,969,-1,-1,-1,-1,-1
2.63958,veh4,drop_decision_no_action,9,2637,990,-1,-1,-1,-1,-1
2.64358,veh4,drop_decision_no_action,6,2634,987,-1,-1,-1,-1,-1
2.65933,veh4,drop_decision_no_action,12,2657,1030,-1,-1,-1,-1,-1
2.67408,veh4,drop_decision_no_action,7,2655,1028,-1,-1,-1,-1,-1
2.68708,veh4,drop_decision_no_action,5,2686,1066,-1,-1,-1,-1,-1
2.71033,veh4,drop_decision_no_action,3,2701,1084,-1,-1,-1,-1,-1
2.72358,veh4,drop_decision_no_action,6,2715,1099,-1,-1,-1,-1,-1
2.73683,veh4,drop_decision_no_action,2,2723,1109,-1,-1,-1,-1,-1
2.73858,veh4,drop_decision_no_action,11,2720,1105,-1,-1,-1,-1,-1
2.74358,veh4,drop_decision_no_action,6,2734,1122,-1,-1,-1,-1,-1
2.75858,veh4,drop_decision_no_action,11,2738,1133,-1,-1,-1,-1,-1
2.75933,veh4,drop_decision_no_action,12,2757,1175,-1,-1,-1,-1,-1
2.77358,veh4,drop_decision_no_action,10,2755,1171,-1,-1,-1,-1,-1
2.77408,veh4,drop_decision_no_action,7,2755,1172,-1,-1,-1,-1,-1
2.79033,veh4,drop_decision_no_action,3,2788,1229,-1,-1,-1,-1,-1
2.80083,veh4,drop_decision_no_action,8,2784,1219,-1,-1,-1,-1,-1
2.82358,veh4,drop_decision_no_action,6,2815,1259,-1,-1,-1,-1,-1
2.83858,veh4,drop_decision_no_action,11,2820,1264,-1,-1,-1,-1,-1
2.84358,veh4,drop_decision_no_action,6,2834,1280,-1,-1,-1,-1,-1
2.85933,veh4,drop_decision_no_action,12,2857,1324,-1,-1,-1,-1,-1
2.87408,veh4,drop_decision_no_action,7,2855,1321,-1,-1,-1,-1,-1
2.88708,veh4,drop_decision_no_action,5,2886,1363,-1,-1,-1,-1,-1
2.92058,veh4,drop_decision_no_action,3,2901,1388,-1,-1,-1,-1,-1
2.92358,veh4,drop_decision_no_action,6,2915,1402,-1,-1,-1,-1,-1
2.93683,veh4,drop_decision_no_action,2,2923,1415,-1,-1,-1,-1,-1
2.93858,veh4,drop_decision_no_action,11,2920,1410,-1,-1,-1,-1,-1
2.94808,veh4,drop_decision_no_action,6,2934,1430,-1,-1,-1,-1,-1
2.95858,veh4,drop_decision_no_action,11,2938,1442,-1,-1,-1,-1,-1
2.95933,veh4,drop_decision_no_action,12,2957,1484,-1,-1,-1,-1,-1
2.97358,veh4,drop_decision_no_action,10,2955,1480,-1,-1,-1,-1,-1
2.97358,veh4,drop_decision_no_action,10,2970,1480,-1,-1,-1,-1,-1
2.97408,veh4,drop_decision_no_action,7,2955,1481,-1,-1,-1,-1,-1
3.00058,veh4,drop_decision_no_action,3,2988,1541,-1,-1,-1,-1,-1
3.00083,veh4,drop_decision_no_action,8,2984,1530,-1,-1,-1,-1,-1
3.02808,veh4,drop_decision_no_action,6,3015,1585,-1,-1,-1,-1,-1
3.03858,veh4,drop_decision_no_action,11,3020,1590,-1,-1,-1,-1,-1
3.04458,veh4,drop_decision_no_action,9,2937,1438,-1,-1,-1,-1,-1
3.04808,veh4,drop_decision_no_action,6,3034,1608,-1,-1,-1,-1,-1
3.05933,veh4,drop_decision_no_action,12,3057,1649,-1,-1,-1,-1,-1
3.07408,veh4,drop_decision_no_action,7,3055,1647,-1,-1,-1,-1,-1
3.08083,veh4,drop_decision_no_action,8,3079,1677,-1,-1,-1,-1,-1
3.08708,veh4,drop_decision_no_action,5,3086,1690,-1,-1,-1,-1,-1
3.10758,veh4,drop_decision_no_action,2,3095,1710,-1,-1,-1,-1,-1
3.12058,veh4,drop_decision_no_action,3,3101,1722,-1,-1,-1,-1,-1
3.12758,veh4,drop_decision_no_action,2,3123,1752,-1,-1,-1,-1,-1
3.12808,veh4,drop_decision_no_action,6,3115,1740,-1,-1,-1,-1,-1
3.13858,veh4,drop_decision_no_action,11,3120,1750,-1,-1,-1,-1,-1
3.14808,veh4,drop_decision_no_action,6,3134,1774,-1,-1,-1,-1,-1
3.15858,veh4,drop_decision_no_action,11,3138,1782,-1,-1,-1,-1,-1
3.15933,veh4,drop_decision_no_action,12,3157,1821,-1,-1,-1,-1,-1
3.16708,veh4,drop_decision_no_action,7,3155,1819,-1,-1,-1,-1,-1
3.17358,veh4,drop_decision_no_action,10,3155,1818,-1,-1,-1,-1,-1
3.20083,veh4,drop_decision_no_action,8,3184,1873,-1,-1,-1,-1,-1
3.22808,veh4,drop_decision_no_action,6,3215,1918,-1,-1,-1,-1,-1
3.23858,veh4,drop_decision_no_action,11,3220,1922,-1,-1,-1,-1,-1
3.23958,veh4,drop_decision_no_action,9,3137,1778,-1,-1,-1,-1,-1
3.23958,veh4,drop_decision_no_action,9,3181,1869,-1,-1,-1,-1,-1
3.24808,veh4,drop_decision_no_action,6,3234,1938,-1,-1,-1,-1,-1
3.25233,veh4,drop_decision_no_action,9,3237,1940,-1,-1,-1,-1,-1
3.25858,veh4,drop_decision_no_action,11,3238,1944,-1,-1,-1,-1,-1
3.25933,veh4,drop_decision_no_action,12,3257,1973,-1,-1,-1,-1,-1
3.28083,veh4,drop_decision_no_action,8,3279,2014,-1,-1,-1,-1,-1
3.28708,veh4,drop_decision_no_action,5,3286,2023,-1,-1,-1,-1,-1
3.29233,veh4,drop_decision_no_action,9,3281,2019,-1,-1,-1,-1,-1
3.32058,veh4,drop_decision_no_action,3,3301,2055,-1,-1,-1,-1,-1
3.32758,veh4,drop_decision_no_action,2,3323,2077,-1,-1,-1,-1,-1
3.32808,veh4,drop_decision_no_action,6,3315,2069,-1,-1,-1,-1,-1
3.33858,veh4,drop_decision_no_action,11,3320,2075,-1,-1,-1,-1,-1
3.34808,veh4,drop_decision_no_action,6,3334,2099,-1,-1,-1,-1,-1
3.35233,veh4,drop_decision_no_action,9,3337,2103,-1,-1,-1,-1,-1
3.35858,veh4,drop_decision_no_action,11,3338,2107,-1,-1,-1,-1,-1
3.35933,veh4,drop_decision_no_action,12,3357,2141,-1,-1,-1,-1,-1
3.36708,veh4,drop_decision_no_action,7,3355,2139,-1,-1,-1,-1,-1
3.37358,veh4,drop_decision_no_action,10,3355,2138,-1,-1,-1,-1,-1
3.39233,veh4,drop_decision_no_action,9,3381,2193,-1,-1,-1,-1,-1
3.40083,veh4,drop_decision_no_action,8,3384,2197,-1,-1,-1,-1,-1
3.42808,veh4,drop_decision_no_action,6,3415,2242,-1,-1,-1,-1,-1
3.43858,veh4,drop_decision_no_action,11,3420,2246,-1,-1,-1,-1,-1
3.44808,veh4,drop_decision_no_action,6,3434,2262,-1,-1,-1,-1,-1
3.45858,veh4,drop_decision_no_action,11,3438,2268,-1,-1,-1,-1,-1
3.48083,veh4,drop_decision_no_action,8,3479,2323,-1,-1,-1,-1,-1
3.48708,veh4,drop_decision_no_action,5,3486,2332,-1,-1,-1,-1,-1
3.49233,veh4,drop_decision_no_action,9,3481,2328,-1,-1,-1,-1,-1
3.50708,veh4,drop_decision_no_action,5,3488,2345,-1,-1,-1,-1,-1
3.51958,veh4,drop_decision_no_action,3,3501,2371,-1,-1,-1,-1,-1
3.52108,veh4,drop_decision_no_action,11,3520,2398,-1,-1,-1,-1,-1
3.52758,veh4,drop_decision_no_action,2,3523,2408,-1,-1,-1,-1,-1
3.52808,veh4,drop_decision_no_action,6,3515,2390,-1,-1,-1,-1,-1
3.54108,veh4,drop_decision_no_action,11,3538,2435,-1,-1,-1,-1,-1
3.54808,veh4,drop_decision_no_action,6,3534,2429,-1,-1,-1,-1,-1
3.55233,veh4,drop_decision_no_action,9,3537,2433,-1,-1,-1,-1,-1
3.56708,veh4,drop_decision_no_action,7,3555,2467,-1,-1,-1,-1,-1
3.59233,veh4,drop_decision_no_action,9,3581,2505,-1,-1,-1,-1,-1
3.60083,veh4,drop_decision_no_action,8,3584,2509,-1,-1,-1,-1,-1
3.62108,veh4,drop_decision_no_action,11,3620,2553,-1,-1,-1,-1,-1
3.62808,veh4,drop_decision_no_action,6,3615,2550,-1,-1,-1,-1,-1
3.63858,veh4,drop_decision_no_action,12,3622,2559,-1,-1,-1,-1,-1
3.64108,veh4,drop_decision_no_action,11,3638,2583,-1,-1,-1,-1,-1
3.64708,veh4,drop_decision_no_action,7,3630,2572,-1,-1,-1,-1,-1
3.64808,veh4,drop_decision_no_action,6,3634,2578,-1,-1,-1,-1,-1
3.65858,veh4,drop_decision_no_action,12,3657,2621,-1,-1,-1,-1,-1
3.66908,veh4,drop_decision_no_action,10,3555,2466,-1,-1,-1,-1,-1
3.68708,veh4,drop_decision_no_action,5,3686,2653,-1,-1,-1,-1,-1
3.69233,veh4,drop_decision_no_action,9,3681,2648,-1,-1,-1,-1,-1
3.70083,veh4,drop_decision_no_action,8,3684,2651,-1,-1,-1,-1,-1
3.71958,veh4,drop_decision_no_action,3,3701,2682,-1,-1,-1,-1,-1
3.72108,veh4,drop_decision_no_action,11,3720,2707,-1,-1,-1,-1,-1
3.72758,veh4,drop_decision_no_action,2,3723,2717,-1,-1,-1,-1,-1
3.72808,veh4,drop_decision_no_action,6,3715,2701,-1,-1,-1,-1,-1
3.74808,veh4,drop_decision_no_action,6,3734,2738,-1,-1,-1,-1,-1
3.75233,veh4,drop_decision_no_action,9,3737,2743,-1,-1,-1,-1,-1
3.76708,veh4,drop_decision_no_action,7,3755,2771,-1,-1,-1,-1,-1
3.76908,veh4,drop_decision_no_action,10,3755,2770,-1,-1,-1,-1,-1
3.79233,veh4,drop_decision_no_action,9,3781,2814,-1,-1,-1,-1,-1
3.79633,veh4,drop_decision_no_action,8,3784,2818,-1,-1,-1,-1,-1
3.82108,veh4,drop_decision_no_action,11,3820,2871,-1,-1,-1,-1,-1
3.82808,veh4,drop_decision_no_action,6,3815,2866,-1,-1,-1,-1,-1
3.84808,veh4,drop_decision_no_action,6,3834,2892,-1,-1,-1,-1,-1
3.86908,veh4,drop_decision_no_action,10,3855,2913,-1,-1,-1,-1,-1
3.89233,veh4,drop_decision_no_action,9,3881,2940,-1,-1,-1,-1,-1
3.89633,veh4,drop_decision_no_action,8,3884,2944,-1,-1,-1,-1,-1
3.90033,veh4,drop_decision_no_action,5,3886,2947,-1,-1,-1,-1,-1
3.92108,veh4,drop_decision_no_action,11,3920,3000,-1,-1,-1,-1,-1
3.92508,veh4,drop_decision_no_action,2,3923,3009,-1,-1,-1,-1,-1
3.92808,veh4,drop_decision_no_action,6,3915,2993,-1,-1,-1,-1,-1
3.94108,veh4,drop_decision_no_action,11,3938,3039,-1,-1,-1,-1,-1
3.94808,veh4,drop_decision_no_action,6,3934,3029,-1,-1,-1,-1,-1
3.95233,veh4,drop_decision_no_action,9,3937,3036,-1,-1,-1,-1,-1
3.95858,veh4,drop_decision_no_action,12,3957,3069,-1,-1,-1,-1,-1
3.96708,veh4,drop_decision_no_action,7,3955,3067,-1,-1,-1,-1,-1
3.96908,veh4,drop_decision_no_action,10,3955,3066,-1,-1,-1,-1,-1
3.98908,veh4,drop_decision_no_action,10,3970,3091,-1,-1,-1,-1,-1
3.99633,veh4,drop_decision_no_action,8,3984,3119,-1,-1,-1,-1,-1
4.00033,veh4,drop_decision_no_action,5,3986,3121,-1,-1,-1,-1,-1
4.01958,veh4,drop_decision_no_action,3,3901,2971,-1,-1,-1,-1,-1
4.02083,veh4,drop_decision_no_action,6,4015,3159,-1,-1,-1,-1,-1
4.02108,veh4,drop_decision_no_action,11,4020,3164,-1,-1,-1,-1,-1
4.04083,veh4,drop_decision_no_action,6,4034,3189,-1,-1,-1,-1,-1
4.06908,veh4,drop_decision_no_action,10,4055,3214,-1,-1,-1,-1,-1
4.09633,veh4,drop_decision_no_action,8,4079,3239,-1,-1,-1,-1,-1
4.09633,veh4,drop_decision_no_action,8,4084,3239,-1,-1,-1,-1,-1
4.10033,veh4,drop_decision_no_action,5,4086,3249,-1,-1,-1,-1,-1
4.10508,veh4,drop_decision_no_action,2,4095,3254,-1,-1,-1,-1,-1
4.11958,veh4,drop_decision_no_action,3,4101,3265,-1,-1,-1,-1,-1
4.12083,veh4,drop_decision_no_action,6,4115,3287,-1,-1,-1,-1,-1
4.12508,veh4,drop_decision_no_action,2,4123,3301,-1,-1,-1,-1,-1
4.13108,veh4,drop_decision_no_action,11,4120,3295,-1,-1,-1,-1,-1
4.14083,veh4,drop_decision_no_action,6,4134,3320,-1,-1,-1,-1,-1
4.14483,veh4,drop_decision_no_action,9,4137,3327,-1,-1,-1,-1,-1
4.16533,veh4,drop_decision_no_action,10,4155,3358,-1,-1,-1,-1,-1
4.16708,veh4,drop_decision_no_action,7,4155,3359,-1,-1,-1,-1,-1
4.19633,veh4,drop_decision_no_action,8,4184,3397,-1,-1,-1,-1,-1
4.20033,veh4,drop_decision_no_action,5,4186,3401,-1,-1,-1,-1,-1
4.22083,veh4,drop_decision_no_action,6,4215,3430,-1,-1,-1,-1,-1
4.23108,veh4,drop_decision_no_action,11,4220,3435,-1,-1,-1,-1,-1
4.25108,veh4,drop_decision_no_action,11,4238,3456,-1,-1,-1,-1,-1
4.26533,veh4,drop_decision_no_action,10,4255,3473,-1,-1,-1,-1,-1
4.27733,veh4,drop_decision_no_action,12,4257,3477,-1,-1,-1,-1,-1
4.29383,veh4,drop_decision_no_action,8,4284,3515,-1,-1,-1,-1,-1
4.29658,veh4,drop_decision_no_action,5,4286,3520,-1,-1,-1,-1,-1
4.31958,veh4,drop_decision_no_action,3,4301,3537,-1,-1,-1,-1,-1
4.32083,veh4,drop_decision_no_action,6,4315,3551,-1,-1,-1,-1,-1
4.32508,veh4,drop_decision_no_action,2,4323,3564,-1,-1,-1,-1,-1
4.33108,veh4,drop_decision_no_action,11,4320,3557,-1,-1,-1,-1,-1
4.34483,veh4,drop_decision_no_action,9,4337,3593,-1,-1,-1,-1,-1
4.36083,veh4,drop_decision_no_action,7,4355,3622,-1,-1,-1,-1,-1
4.36533,veh4,drop_decision_no_action,10,4355,3621,-1,-1,-1,-1,-1
4.37733,veh4,drop_decision_no_action,12,4357,3625,-1,-1,-1,-1,-1
4.39658,veh4,drop_decision_no_action,5,4386,3671,-1,-1,-1,-1,-1
4.42083,veh4,drop_decision_no_action,6,4415,3693,-1,-1,-1,-1,-1
4.43108,veh4,drop_decision_no_action,11,4420,3697,-1,-1,-1,-1,-1
4.44083,veh4,drop_decision_no_action,7,4430,3709,-1,-1,-1,-1,-1
4.46533,veh4,drop_decision_no_action,10,4455,3740,-1,-1,-1,-1,-1
4.47733,veh4,drop_decision_no_action,12,4457,3743,-1,-1,-1,-1,-1
4.48533,veh4,drop_decision_no_action,10,4470,3753,-1,-1,-1,-1,-1
4.49658,veh4,drop_decision_no_action,5,4486,3785,-1,-1,-1,-1,-1
4.49658,veh4,drop_decision_no_action,5,4488,3785,-1,-1,-1,-1,-1
4.51958,veh4,drop_decision_no_action,3,4501,3804,-1,-1,-1,-1,-1
4.52083,veh4,drop_decision_no_action,6,4515,3814,-1,-1,-1,-1,-1
4.53108,veh4,drop_decision_no_action,11,4520,3820,-1,-1,-1,-1,-1
4.54083,veh4,drop_decision_no_action,6,4534,3844,-1,-1,-1,-1,-1
4.54083,veh4,drop_decision_no_action,7,4530,3837,-1,-1,-1,-1,-1
4.54383,veh4,drop_decision_no_action,2,4523,3828,-1,-1,-1,-1,-1
4.54483,veh4,drop_decision_no_action,9,4537,3849,-1,-1,-1,-1,-1
4.55108,veh4,drop_decision_no_action,11,4538,3851,-1,-1,-1,-1,-1
4.56083,veh4,drop_decision_no_action,7,4555,3894,-1,-1,-1,-1,-1
4.57733,veh4,drop_decision_no_action,12,4557,3899,-1,-1,-1,-1,-1
4.59658,veh4,drop_decision_no_action,5,4586,3942,-1,-1,-1,-1,-1
4.62083,veh4,drop_decision_no_action,6,4615,3964,-1,-1,-1,-1,-1
4.63108,veh4,drop_decision_no_action,11,4620,3968,-1,-1,-1,-1,-1
4.63733,veh4,drop_decision_no_action,12,4622,3973,-1,-1,-1,-1,-1
4.64083,veh4,drop_decision_no_action,7,4630,3982,-1,-1,-1,-1,-1
4.67733,veh4,drop_decision_no_action,12,4657,4029,-1,-1,-1,-1,-1
4.69383,veh4,drop_decision_no_action,8,4684,4058,-1,-1,-1,-1,-1
4.71958,veh4,drop_decision_no_action,3,4701,4073,-1,-1,-1,-1,-1
4.72083,veh4,drop_decision_no_action,6,4715,4084,-1,-1,-1,-1,-1
4.73108,veh4,drop_decision_no_action,11,4720,4090,-1,-1,-1,-1,-1
4.74383,veh4,drop_decision_no_action,2,4723,4098,-1,-1,-1,-1,-1
4.74483,veh4,drop_decision_no_action,9,4737,4117,-1,-1,-1,-1,-1
4.76083,veh4,drop_decision_no_action,7,4755,4146,-1,-1,-1,-1,-1
4.76533,veh4,drop_decision_no_action,10,4755,4145,-1,-1,-1,-1,-1
4.77733,veh4,drop_decision_no_action,12,4757,4150,-1,-1,-1,-1,-1
4.79808,veh4,drop_decision_no_action,3,4788,4196,-1,-1,-1,-1,-1
4.82083,veh4,drop_decision_no_action,6,4815,4218,-1,-1,-1,-1,-1
4.83108,veh4,drop_decision_no_action,11,4820,4222,-1,-1,-1,-1,-1
4.84083,veh4,drop_decision_no_action,7,4830,4234,-1,-1,-1,-1,-1
4.85108,veh4,drop_decision_no_action,11,4838,4246,-1,-1,-1,-1,-1
4.87733,veh4,drop_decision_no_action,12,4857,4271,-1,-1,-1,-1,-1
4.88483,veh4,drop_decision_no_action,9,4881,4300,-1,-1,-1,-1,-1
4.89658,veh4,drop_decision_no_action,5,4886,4311,-1,-1,-1,-1,-1
4.91808,veh4,drop_decision_no_action,3,4901,4328,-1,-1,-1,-1,-1
4.92083,veh4,drop_decision_no_action,6,4915,4338,-1,-1,-1,-1,-1
4.93108,veh4,drop_decision_no_action,11,4920,4344,-1,-1,-1,-1,-1
4.94083,veh4,drop_decision_no_action,6,4934,4372,-1,-1,-1,-1,-1
4.94083,veh4,drop_decision_no_action,7,4930,4360,-1,-1,-1,-1,-1
4.94383,veh4,drop_decision_no_action,2,4923,4352,-1,-1,-1,-1,-1
4.94483,veh4,drop_decision_no_action,9,4937,4376,-1,-1,-1,-1,-1
4.96083,veh4,drop_decision_no_action,7,4955,4423,-1,-1,-1,-1,-1
4.98433,veh4,drop_decision_no_action,10,4970,4439,-1,-1,-1,-1,-1
5.02083,veh4,drop_decision_no_action,6,5015,4480,-1,-1,-1,-1,-1
5.03108,veh4,drop_decision_no_action,11,5020,4484,-1,-1,-1,-1,-1
5.04483,veh4,drop_decision_no_action,9,5037,4505,-1,-1,-1,-1,-1
5.06433,veh4,drop_decision_no_action,10,5055,4527,-1,-1,-1,-1,-1
5.08433,veh4,drop_decision_no_action,10,5070,4538,-1,-1,-1,-1,-1
5.09383,veh4,drop_decision_no_action,8,5079,4551,-1,-1,-1,-1,-1
5.09383,veh4,drop_decision_no_action,8,5084,4551,-1,-1,-1,-1,-1
5.10383,veh4,drop_decision_no_action,2,5095,4572,-1,-1,-1,-1,-1
5.11808,veh4,drop_decision_no_action,3,5101,4583,-1,-1,-1,-1,-1
5.12083,veh4,drop_decision_no_action,6,5115,4600,-1,-1,-1,-1,-1
5.13108,veh4,drop_decision_no_action,11,5120,4607,-1,-1,-1,-1,-1
5.14083,veh4,drop_decision_no_action,7,5130,4622,-1,-1,-1,-1,-1
5.14383,veh4,drop_decision_no_action,2,5123,4615,-1,-1,-1,-1,-1
5.14483,veh4,drop_decision_no_action,9,5137,4635,-1,-1,-1,-1,-1
5.15108,veh4,drop_decision_no_action,11,5138,4638,-1,-1,-1,-1,-1
5.15683,veh4,drop_decision_no_action,7,5155,4673,-1,-1,-1,-1,-1
5.17733,veh4,drop_decision_no_action,12,5157,4682,-1,-1,-1,-1,-1
5.19658,veh4,drop_decision_no_action,5,5186,4721,-1,-1,-1,-1,-1
5.22083,veh4,drop_decision_no_action,6,5215,4744,-1,-1,-1,-1,-1
5.23108,veh4,drop_decision_no_action,11,5220,4748,-1,-1,-1,-1,-1
5.24483,veh4,drop_decision_no_action,9,5237,4770,-1,-1,-1,-1,-1
5.25108,veh4,drop_decision_no_action,11,5238,4773,-1,-1,-1,-1,-1
5.31808,veh4,drop_decision_no_action,3,5301,4841,-1,-1,-1,-1,-1
5.32083,veh4,drop_decision_no_action,6,5315,4849,-1,-1,-1,-1,-1
5.32683,veh4,drop_decision_no_action,11,5320,4855,-1,-1,-1,-1,-1
5.34083,veh4,drop_decision_no_action,6,5334,4879,-1,-1,-1,-1,-1
5.34383,veh4,drop_decision_no_action,2,5323,4863,-1,-1,-1,-1,-1
5.34683,veh4,drop_decision_no_action,11,5338,4885,-1,-1,-1,-1,-1
5.35358,veh4,drop_decision_no_action,9,5337,4883,-1,-1,-1,-1,-1
5.36433,veh4,drop_decision_no_action,10,5355,4916,-1,-1,-1,-1,-1
5.42083,veh4,drop_decision_no_action,6,5415,4975,-1,-1,-1,-1,-1
5.42683,veh4,drop_decision_no_action,11,5420,4980,-1,-1,-1,-1,-1
5.44683,veh4,drop_decision_no_action,11,5438,5003,-1,-1,-1,-1,-1
5.45358,veh4,drop_decision_no_action,9,5437,5001,-1,-1,-1,-1,-1
5.46808,veh4,drop_decision_no_action,12,5457,5025,-1,-1,-1,-1,-1
5.49558,veh4,drop_decision_no_action,8,5484,5062,-1,-1,-1,-1,-1
5.49658,veh4,drop_decision_no_action,5,5486,5064,-1,-1,-1,-1,-1
5.49658,veh4,drop_decision_no_action,5,5488,5064,-1,-1,-1,-1,-1
5.51808,veh4,drop_decision_no_action,3,5501,5081,-1,-1,-1,-1,-1
5.52683,veh4,drop_decision_no_action,11,5520,5104,-1,-1,-1,-1,-1
5.53283,veh4,drop_decision_no_action,6,5515,5097,-1,-1,-1,-1,-1
5.54058,veh4,drop_decision_no_action,2,5523,5107,-1,-1,-1,-1,-1
5.54683,veh4,drop_decision_no_action,11,5538,5130,-1,-1,-1,-1,-1
5.55358,veh4,drop_decision_no_action,9,5537,5127,-1,-1,-1,-1,-1
5.55683,veh4,drop_decision_no_action,7,5555,5166,-1,-1,-1,-1,-1
5.62683,veh4,drop_decision_no_action,11,5620,5228,-1,-1,-1,-1,-1
5.62808,veh4,drop_decision_no_action,12,5622,5229,-1,-1,-1,-1,-1
5.63283,veh4,drop_decision_no_action,6,5615,5224,-1,-1,-1,-1,-1
5.63683,veh4,drop_decision_no_action,7,5630,5238,-1,-1,-1,-1,-1
5.64683,veh4,drop_decision_no_action,11,5638,5259,-1,-1,-1,-1,-1
5.65358,veh4,drop_decision_no_action,9,5637,5255,-1,-1,-1,-1,-1
5.66433,veh4,drop_decision_no_action,10,5655,5285,-1,-1,-1,-1,-1
5.71808,veh4,drop_decision_no_action,3,5701,5335,-1,-1,-1,-1,-1
5.72683,veh4,drop_decision_no_action,11,5720,5350,-1,-1,-1,-1,-1
5.73283,veh4,drop_decision_no_action,6,5715,5344,-1,-1,-1,-1,-1
5.74058,veh4,drop_decision_no_action,2,5723,5353,-1,-1,-1,-1,-1
5.74683,veh4,drop_decision_no_action,11,5738,5375,-1,-1,-1,-1,-1
5.75283,veh4,drop_decision_no_action,6,5734,5368,-1,-1,-1,-1,-1
5.76808,veh4,drop_decision_no_action,12,5757,5408,-1,-1,-1,-1,-1
5.79508,veh4,drop_decision_no_action,5,5786,5445,-1,-1,-1,-1,-1
5.79808,veh4,drop_decision_no_action,3,5788,5448,-1,-1,-1,-1,-1
5.82683,veh4,drop_decision_no_action,11,5820,5482,-1,-1,-1,-1,-1
5.83283,veh4,drop_decision_no_action,6,5815,5478,-1,-1,-1,-1,-1
5.84683,veh4,drop_decision_no_action,11,5838,5501,-1,-1,-1,-1,-1
5.89358,veh4,drop_decision_no_action,9,5881,5554,-1,-1,-1,-1,-1
5.89558,veh4,drop_decision_no_action,8,5884,5557,-1,-1,-1,-1,-1
5.91233,veh4,drop_decision_no_action,3,5901,5576,-1,-1,-1,-1,-1
5.92683,veh4,drop_decision_no_action,11,5920,5598,-1,-1,-1,-1,-1
5.93283,veh4,drop_decision_no_action,6,5915,5593,-1,-1,-1,-1,-1
5.94058,veh4,drop_decision_no_action,2,5923,5602,-1,-1,-1,-1,-1
5.95683,veh4,drop_decision_no_action,7,5955,5646,-1,-1,-1,-1,-1
5.96433,veh4,drop_decision_no_action,10,5955,5645,-1,-1,-1,-1,-1
5.98433,veh4,drop_decision_no_action,10,5970,5665,-1,-1,-1,-1,-1
6.02683,veh4,drop_decision_no_action,11,6020,5712,-1,-1,-1,-1,-1
6.03283,veh4,drop_decision_no_action,6,6015,5709,-1,-1,-1,-1,-1
6.05358,veh4,drop_decision_no_action,9,6037,5729,-1,-1,-1,-1,-1
6.06808,veh4,drop_decision_no_action,12,6057,5753,-1,-1,-1,-1,-1
6.09508,veh4,drop_decision_no_action,5,6086,5787,-1,-1,-1,-1,-1
6.09558,veh4,drop_decision_no_action,8,6079,5782,-1,-1,-1,-1,-1
6.10058,veh4,drop_decision_no_action,2,6095,5797,-1,-1,-1,-1,-1
6.11233,veh4,drop_decision_no_action,3,6101,5806,-1,-1,-1,-1,-1
6.12683,veh4,drop_decision_no_action,11,6120,5836,-1,-1,-1,-1,-1
6.13283,veh4,drop_decision_no_action,6,6115,5832,-1,-1,-1,-1,-1
6.13283,veh4,crash_mode_forced_speed,6,6115,5832,-1,-1,-1,-1,30
6.14058,veh4,drop_decision_no_action,2,6123,5840,-1,-1,-1,-1,-1
6.14683,veh4,drop_decision_no_action,11,6138,5860,-1,-1,-1,-1,-1
6.15283,veh4,drop_decision_no_action,6,6134,5855,-1,-1,-1,-1,-1
6.22683,veh4,drop_decision_no_action,11,6220,5950,-1,-1,-1,-1,-1
6.23283,veh4,drop_decision_no_action,6,6215,5948,-1,-1,-1,-1,-1
6.24058,veh4,drop_decision_no_action,2,6223,5952,-1,-1,-1,-1,-1
6.26333,veh4,drop_decision_no_action,10,6255,6003,-1,-1,-1,-1,-1
6.29558,veh4,drop_decision_no_action,8,6284,6032,-1,-1,-1,-1,-1
6.31233,veh4,drop_decision_no_action,3,6301,6044,-1,-1,-1,-1,-1
6.32683,veh4,drop_decision_no_action,11,6320,6066,-1,-1,-1,-1,-1
6.33283,veh4,drop_decision_no_action,6,6315,6062,-1,-1,-1,-1,-1
6.34058,veh4,drop_decision_no_action,2,6323,6071,-1,-1,-1,-1,-1
6.36333,veh4,drop_decision_no_action,10,6355,6122,-1,-1,-1,-1,-1
6.36708,veh4,drop_decision_no_action,12,6357,6124,-1,-1,-1,-1,-1
6.37283,veh4,drop_decision_no_action,7,6355,6123,-1,-1,-1,-1,-1
6.39508,veh4,drop_decision_no_action,5,6386,6167,-1,-1,-1,-1,-1
6.42858,veh4,drop_decision_no_action,11,6420,6196,-1,-1,-1,-1,-1
6.43283,veh4,drop_decision_no_action,6,6415,6194,-1,-1,-1,-1,-1
6.44058,veh4,drop_decision_no_action,2,6423,6199,-1,-1,-1,-1,-1
6.44458,veh4,drop_decision_no_action,9,6437,6216,-1,-1,-1,-1,-1
6.44858,veh4,drop_decision_no_action,11,6438,6218,-1,-1,-1,-1,-1
6.46333,veh4,drop_decision_no_action,10,6455,6261,-1,-1,-1,-1,-1
6.46708,veh4,drop_decision_no_action,12,6457,6262,-1,-1,-1,-1,-1
6.49508,veh4,drop_decision_no_action,5,6488,6305,-1,-1,-1,-1,-1
6.51233,veh4,drop_decision_no_action,3,6501,6315,-1,-1,-1,-1,-1
6.52858,veh4,drop_decision_no_action,11,6520,6336,-1,-1,-1,-1,-1
6.53283,veh4,drop_decision_no_action,6,6515,6332,-1,-1,-1,-1,-1
6.54058,veh4,drop_decision_no_action,2,6523,6340,-1,-1,-1,-1,-1
6.56333,veh4,drop_decision_no_action,10,6555,6396,-1,-1,-1,-1,-1
6.56708,veh4,drop_decision_no_action,12,6557,6398,-1,-1,-1,-1,-1
6.62708,veh4,drop_decision_no_action,12,6622,6459,-1,-1,-1,-1,-1
6.62858,veh4,drop_decision_no_action,11,6620,6458,-1,-1,-1,-1,-1
6.64058,veh4,drop_decision_no_action,2,6623,6461,-1,-1,-1,-1,-1
6.66333,veh4,drop_decision_no_action,10,6655,6517,-1,-1,-1,-1,-1
6.66708,veh4,drop_decision_no_action,12,6657,6520,-1,-1,-1,-1,-1
6.69733,veh4,drop_decision_no_action,8,6684,6555,-1,-1,-1,-1,-1
6.69758,veh4,drop_decision_no_action,5,6686,6558,-1,-1,-1,-1,-1
6.71483,veh4,drop_decision_no_action,3,6701,6572,-1,-1,-1,-1,-1
6.72858,veh4,drop_decision_no_action,11,6720,6597,-1,-1,-1,-1,-1
6.73283,veh4,drop_decision_no_action,6,6615,6454,-1,-1,-1,-1,-1
6.73283,veh4,drop_decision_no_action,6,6715,6592,-1,-1,-1,-1,-1
6.74058,veh4,drop_decision_no_action,2,6723,6600,-1,-1,-1,-1,-1
6.74858,veh4,drop_decision_no_action,11,6738,6622,-1,-1,-1,-1,-1
6.76333,veh4,drop_decision_no_action,10,6755,6657,-1,-1,-1,-1,-1
6.76708,veh4,drop_decision_no_action,12,6757,6661,-1,-1,-1,-1,-1
6.79483,veh4,drop_decision_no_action,3,6788,6710,-1,-1,-1,-1,-1
6.82858,veh4,drop_decision_no_action,11,6820,6735,-1,-1,-1,-1,-1
6.83283,veh4,drop_decision_no_action,6,6815,6732,-1,-1,-1,-1,-1
6.84358,veh4,drop_decision_no_action,2,6823,6738,-1,-1,-1,-1,-1
6.84458,veh4,drop_decision_no_action,9,6837,6754,-1,-1,-1,-1,-1
6.86333,veh4,drop_decision_no_action,10,6855,6786,-1,-1,-1,-1,-1
6.86708,veh4,drop_decision_no_action,12,6857,6789,-1,-1,-1,-1,-1
6.88458,veh4,drop_decision_no_action,9,6881,6822,-1,-1,-1,-1,-1
6.91483,veh4,drop_decision_no_action,3,6901,6842,-1,-1,-1,-1,-1
6.92858,veh4,drop_decision_no_action,11,6920,6858,-1,-1,-1,-1,-1
6.93533,veh4,drop_decision_no_action,6,6915,6854,-1,-1,-1,-1,-1
6.93533,veh4,drop_decision_no_action,6,6934,6854,-1,-1,-1,-1,-1
6.94358,veh4,drop_decision_no_action,2,6923,6862,-1,-1,-1,-1,-1
6.96333,veh4,drop_decision_no_action,10,6955,6915,-1,-1,-1,-1,-1
6.96708,veh4,drop_decision_no_action,12,6957,6918,-1,-1,-1,-1,-1
6.98333,veh4,drop_decision_no_action,10,6970,6936,-1,-1,-1,-1,-1
6.99758,veh4,drop_decision_no_action,5,6986,6960,-1,-1,-1,-1,-1
7.02608,veh4,drop_decision_no_action,11,7020,6990,-1,-1,-1,-1,-1
7.03533,veh4,drop_decision_no_action,6,7015,6987,-1,-1,-1,-1,-1
7.04358,veh4,drop_decision_no_action,2,7023,6993,-1,-1,-1,-1,-1
7.04608,veh4,drop_decision_no_action,11,7038,7011,-1,-1,-1,-1,-1
7.06708,veh4,drop_decision_no_action,12,7057,7043,-1,-1,-1,-1,-1
7.09733,veh4,drop_decision_no_action,8,7079,7069,-1,-1,-1,-1,-1
7.09733,veh4,drop_decision_no_action,8,7084,7069,-1,-1,-1,-1,-1
7.10358,veh4,drop_decision_no_action,2,7095,7081,-1,-1,-1,-1,-1
7.11483,veh4,drop_decision_no_action,3,7101,7087,-1,-1,-1,-1,-1
7.12608,veh4,drop_decision_no_action,11,7120,7114,-1,-1,-1,-1,-1
7.13533,veh4,drop_decision_no_action,6,7115,7110,-1,-1,-1,-1,-1
7.13533,veh4,drop_decision_no_action,6,7134,7110,-1,-1,-1,-1,-1
7.14358,veh4,drop_decision_no_action,2,7123,7118,-1,-1,-1,-1,-1
7.21483,veh4,drop_decision_no_action,3,7201,7210,-1,-1,-1,-1,-1
7.22608,veh4,drop_decision_no_action,11,7220,7226,-1,-1,-1,-1,-1
7.23533,veh4,drop_decision_no_action,6,7215,7222,-1,-1,-1,-1,-1
7.24358,veh4,drop_decision_no_action,2,7223,7230,-1,-1,-1,-1,-1
7.24658,veh4,drop_decision_no_action,9,7237,7250,-1,-1,-1,-1,-1
7.27333,veh4,drop_decision_no_action,7,7155,7171,-1,-1,-1,-1,-1
7.29758,veh4,drop_decision_no_action,5,7286,7306,-1,-1,-1,-1,-1
7.31483,veh4,drop_decision_no_action,3,7301,7316,-1,-1,-1,-1,-1
7.32608,veh4,drop_decision_no_action,11,7320,7337,-1,-1,-1,-1,-1
7.33533,veh4,drop_decision_no_action,6,7315,7333,-1,-1,-1,-1,-1
7.33533,veh4,drop_decision_no_action,6,7334,7333,-1,-1,-1,-1,-1
7.34358,veh4,drop_decision_no_action,2,7323,7341,-1,-1,-1,-1,-1
7.34608,veh4,drop_decision_no_action,11,7338,7364,-1,-1,-1,-1,-1
7.36333,veh4,drop_decision_no_action,10,7355,7401,-1,-1,-1,-1,-1
7.36433,veh4,drop_decision_no_action,12,7357,7405,-1,-1,-1,-1,-1
7.37333,veh4,drop_decision_no_action,7,7355,7402,-1,-1,-1,-1,-1
7.39733,veh4,drop_decision_no_action,8,7384,7449,-1,-1,-1,-1,-1
7.41483,veh4,drop_decision_no_action,3,7401,7463,-1,-1,-1,-1,-1
7.42608,veh4,drop_decision_no_action,11,7420,7483,-1,-1,-1,-1,-1
7.43533,veh4,drop_decision_no_action,6,7415,7477,-1,-1,-1,-1,-1
7.43733,veh4,drop_decision_no_action,2,7423,7485,-1,-1,-1,-1,-1
7.49758,veh4,drop_decision_no_action,5,7488,7555,-1,-1,-1,-1,-1
7.51483,veh4,drop_decision_no_action,3,7501,7565,-1,-1,-1,-1,-1
7.52608,veh4,drop_decision_no_action,11,7520,7586,-1,-1,-1,-1,-1
7.53533,veh4,drop_decision_no_action,6,7515,7580,-1,-1,-1,-1,-1
7.53533,veh4,drop_decision_no_action,6,7534,7580,-1,-1,-1,-1,-1
7.53733,veh4,drop_decision_no_action,2,7523,7588,-1,-1,-1,-1,-1
7.54608,veh4,drop_decision_no_action,11,7538,7617,-1,-1,-1,-1,-1
7.57333,veh4,drop_decision_no_action,7,7555,7648,-1,-1,-1,-1,-1
7.59483,veh4,drop_decision_no_action,3,7588,7684,-1,-1,-1,-1,-1
7.59758,veh4,drop_decision_no_action,5,7586,7682,-1,-1,-1,-1,-1
7.61483,veh4,drop_decision_no_action,3,7601,7698,-1,-1,-1,-1,-1
7.62433,veh4,drop_decision_no_action,12,7622,7722,-1,-1,-1,-1,-1
7.63333,veh4,drop_decision_no_action,7,7630,7735,-1,-1,-1,-1,-1
7.63733,veh4,drop_decision_no_action,2,7623,7724,-1,-1,-1,-1,-1
7.64608,veh4,drop_decision_no_action,11,7638,7751,-1,-1,-1,-1,-1
7.64658,veh4,drop_decision_no_action,9,7637,7749,-1,-1,-1,-1,-1
7.66008,veh4,drop_decision_no_action,10,7655,7781,-1,-1,-1,-1,-1
7.66433,veh4,drop_decision_no_action,12,7657,7789,-1,-1,-1,-1,-1
7.69733,veh4,drop_decision_no_action,8,7684,7824,-1,-1,-1,-1,-1
7.71033,veh4,drop_decision_no_action,3,7701,7838,-1,-1,-1,-1,-1
7.72933,veh4,drop_decision_no_action,6,7715,7854,-1,-1,-1,-1,-1
7.73733,veh4,drop_decision_no_action,2,7723,7859,-1,-1,-1,-1,-1
7.74608,veh4,drop_decision_no_action,11,7738,7885,-1,-1,-1,-1,-1
7.74933,veh4,drop_decision_no_action,6,7734,7875,-1,-1,-1,-1,-1
7.77333,veh4,drop_decision_no_action,7,7755,7916,-1,-1,-1,-1,-1
7.79033,veh4,drop_decision_no_action,3,7788,7953,-1,-1,-1,-1,-1
7.81033,veh4,drop_decision_no_action,3,7801,7966,-1,-1,-1,-1,-1
7.82933,veh4,drop_decision_no_action,6,7815,7981,-1,-1,-1,-1,-1
7.83733,veh4,drop_decision_no_action,2,7823,7986,-1,-1,-1,-1,-1
7.84608,veh4,drop_decision_no_action,11,7838,8008,-1,-1,-1,-1,-1
7.88658,veh4,drop_decision_no_action,9,7881,8053,-1,-1,-1,-1,-1
7.89033,veh4,drop_decision_no_action,3,7888,8061,-1,-1,-1,-1,-1
7.89208,veh4,drop_decision_no_action,5,7886,8056,-1,-1,-1,-1,-1
7.91033,veh4,drop_decision_no_action,3,7901,8084,-1,-1,-1,-1,-1
7.92933,veh4,drop_decision_no_action,6,7915,8100,-1,-1,-1,-1,-1
7.93733,veh4,drop_decision_no_action,2,7923,8105,-1,-1,-1,-1,-1
7.94558,veh4,drop_decision_no_action,9,7937,8126,-1,-1,-1,-1,-1
7.94608,veh4,drop_decision_no_action,11,7938,8132,-1,-1,-1,-1,-1
7.94933,veh4,drop_decision_no_action,6,7934,8121,-1,-1,-1,-1,-1
7.96008,veh4,drop_decision_no_action,10,7955,8167,-1,-1,-1,-1,-1
7.96433,veh4,drop_decision_no_action,12,7957,8176,-1,-1,-1,-1,-1
7.97208,veh4,drop_decision_no_action,7,7955,8168,-1,-1,-1,-1,-1
7.98008,veh4,drop_decision_no_action,10,7970,8199,-1,-1,-1,-1,-1
7.99033,veh4,drop_decision_no_action,3,7988,8228,-1,-1,-1,-1,-1
7.99208,veh4,drop_decision_no_action,8,7984,8225,-1,-1,-1,-1,-1
8.01033,veh4,drop_decision_no_action,3,8001,8251,-1,-1,-1,-1,-1
8.02558,veh4,drop_decision_no_action,11,8020,8272,-1,-1,-1,-1,-1
8.02933,veh4,drop_decision_no_action,6,8015,8267,-1,-1,-1,-1,-1
8.03733,veh4,drop_decision_no_action,2,8023,8273,-1,-1,-1,-1,-1
8.04558,veh4,drop_decision_no_action,11,8038,8301,-1,-1,-1,-1,-1
8.09033,veh4,drop_decision_no_action,3,8088,8351,-1,-1,-1,-1,-1
8.09208,veh4,drop_decision_no_action,8,8079,8346,-1,-1,-1,-1,-1
8.09733,veh4,drop_decision_no_action,2,8095,8362,-1,-1,-1,-1,-1
8.11033,veh4,drop_decision_no_action,3,8101,8374,-1,-1,-1,-1,-1
8.12933,veh4,drop_decision_no_action,6,8115,8394,-1,-1,-1,-1,-1
8.13733,veh4,drop_decision_no_action,2,8123,8399,-1,-1,-1,-1,-1
8.14558,veh4,drop_decision_no_action,11,8138,8425,-1,-1,-1,-1,-1
8.14933,veh4,drop_decision_no_action,6,8134,8415,-1,-1,-1,-1,-1
8.17208,veh4,drop_decision_no_action,7,8155,8454,-1,-1,-1,-1,-1
8.19033,veh4,drop_decision_no_action,3,8188,8495,-1,-1,-1,-1,-1
8.19208,veh4,drop_decision_no_action,5,8186,8494,-1,-1,-1,-1,-1
8.19208,veh4,drop_decision_no_action,8,8184,8491,-1,-1,-1,-1,-1
8.21033,veh4,drop_decision_no_action,3,8201,8520,-1,-1,-1,-1,-1
8.23733,veh4,drop_decision_no_action,2,8223,8541,-1,-1,-1,-1,-1
8.24558,veh4,drop_decision_no_action,11,8238,8558,-1,-1,-1,-1,-1
8.24558,veh4,drop_decision_no_action,9,8237,8556,-1,-1,-1,-1,-1
8.26008,veh4,drop_decision_no_action,10,8255,8582,-1,-1,-1,-1,-1
8.26433,veh4,drop_decision_no_action,12,8257,8591,-1,-1,-1,-1,-1
8.29033,veh4,drop_decision_no_action,3,8288,8629,-1,-1,-1,-1,-1
8.31033,veh4,drop_decision_no_action,3,8301,8641,-1,-1,-1,-1,-1
8.32883,veh4,drop_decision_no_action,6,8315,8656,-1,-1,-1,-1,-1
8.33733,veh4,drop_decision_no_action,2,8323,8661,-1,-1,-1,-1,-1
8.34883,veh4,drop_decision_no_action,6,8334,8678,-1,-1,-1,-1,-1
8.37208,veh4,drop_decision_no_action,7,8355,8712,-1,-1,-1,-1,-1
8.39033,veh4,drop_decision_no_action,3,8388,8749,-1,-1,-1,-1,-1
8.39283,veh4,drop_decision_no_action,8,8384,8745,-1,-1,-1,-1,-1
8.41033,veh4,drop_decision_no_action,3,8401,8767,-1,-1,-1,-1,-1
8.42883,veh4,drop_decision_no_action,6,8415,8783,-1,-1,-1,-1,-1
8.43733,veh4,drop_decision_no_action,2,8423,8788,-1,-1,-1,-1,-1
8.49033,veh4,drop_decision_no_action,3,8488,8852,-1,-1,-1,-1,-1
8.49208,veh4,drop_decision_no_action,5,8486,8850,-1,-1,-1,-1,-1
8.49208,veh4,drop_decision_no_action,5,8488,8850,-1,-1,-1,-1,-1
8.51033,veh4,drop_decision_no_action,3,8501,8871,-1,-1,-1,-1,-1
8.52883,veh4,drop_decision_no_action,6,8515,8887,-1,-1,-1,-1,-1
8.53733,veh4,drop_decision_no_action,2,8523,8893,-1,-1,-1,-1,-1
8.54558,veh4,drop_decision_no_action,9,8537,8915,-1,-1,-1,-1,-1
8.54883,veh4,drop_decision_no_action,6,8534,8909,-1,-1,-1,-1,-1
8.56008,veh4,drop_decision_no_action,10,8555,8953,-1,-1,-1,-1,-1
8.56308,veh4,drop_decision_no_action,12,8557,8965,-1,-1,-1,-1,-1
8.57083,veh4,drop_decision_no_action,7,8555,8954,-1,-1,-1,-1,-1
8.59033,veh4,drop_decision_no_action,3,8588,9012,-1,-1,-1,-1,-1
8.59283,veh4,drop_decision_no_action,8,8584,9008,-1,-1,-1,-1,-1
8.61033,veh4,drop_decision_no_action,3,8601,9030,-1,-1,-1,-1,-1
8.62308,veh4,drop_decision_no_action,12,8622,9051,-1,-1,-1,-1,-1
8.62883,veh4,drop_decision_no_action,6,8615,9047,-1,-1,-1,-1,-1
8.63083,veh4,drop_decision_no_action,7,8630,9066,-1,-1,-1,-1,-1
8.63433,veh4,drop_decision_no_action,2,8623,9056,-1,-1,-1,-1,-1
8.69033,veh4,drop_decision_no_action,3,8688,9130,-1,-1,-1,-1,-1
8.71033,veh4,drop_decision_no_action,3,8701,9142,-1,-1,-1,-1,-1
8.72883,veh4,drop_decision_no_action,6,8715,9158,-1,-1,-1,-1,-1
8.73433,veh4,drop_decision_no_action,2,8723,9163,-1,-1,-1,-1,-1
8.74883,veh4,drop_decision_no_action,6,8734,9182,-1,-1,-1,-1,-1
8.76308,veh4,drop_decision_no_action,12,8757,9220,-1,-1,-1,-1,-1
8.77083,veh4,drop_decision_no_action,7,8755,9214,-1,-1,-1,-1,-1
8.79033,veh4,drop_decision_no_action,3,8788,9259,-1,-1,-1,-1,-1
8.79133,veh4,drop_decision_no_action,5,8786,9257,-1,-1,-1,-1,-1
8.79283,veh4,drop_decision_no_action,8,8784,9255,-1,-1,-1,-1,-1
8.81033,veh4,drop_decision_no_action,3,8801,9281,-1,-1,-1,-1,-1
8.83433,veh4,drop_decision_no_action,2,8823,9305,-1,-1,-1,-1,-1
8.84558,veh4,drop_decision_no_action,9,8837,9322,-1,-1,-1,-1,-1
8.85708,veh4,drop_decision_no_action,10,8855,9346,-1,-1,-1,-1,-1
8.86308,veh4,drop_decision_no_action,12,8857,9357,-1,-1,-1,-1,-1
8.88558,veh4,drop_decision_no_action,9,8881,9388,-1,-1,-1,-1,-1
8.89033,veh4,drop_decision_no_action,3,8888,9396,-1,-1,-1,-1,-1
8.91033,veh4,drop_decision_no_action,3,8901,9412,-1,-1,-1,-1,-1
8.92433,veh4,drop_decision_no_action,6,8915,9428,-1,-1,-1,-1,-1
8.93433,veh4,drop_decision_no_action,2,8923,9433,-1,-1,-1,-1,-1
8.94433,veh4,drop_decision_no_action,6,8934,9451,-1,-1,-1,-1,-1
8.94883,veh4,drop_decision_no_action,11,8838,9324,-1,-1,-1,-1,-1
8.96308,veh4,drop_decision_no_action,12,8957,9491,-1,-1,-1,-1,-1
8.97083,veh4,drop_decision_no_action,7,8955,9486,-1,-1,-1,-1,-1
8.97708,veh4,drop_decision_no_action,10,8970,9509,-1,-1,-1,-1,-1
8.98558,veh4,drop_decision_no_action,9,8981,9526,-1,-1,-1,-1,-1
8.99133,veh4,drop_decision_no_action,5,8986,9533,-1,-1,-1,-1,-1
8.99283,veh4,drop_decision_no_action,8,8984,9529,-1,-1,-1,-1,-1
8.99583,veh4,drop_decision_no_action,3,8988,9537,-1,-1,-1,-1,-1
9.01583,veh4,drop_decision_no_action,3,9001,9567,-1,-1,-1,-1,-1
9.02433,veh4,drop_decision_no_action,6,9015,9586,-1,-1,-1,-1,-1
9.02883,veh4,drop_decision_no_action,11,9020,9591,-1,-1,-1,-1,-1
9.03433,veh4,drop_decision_no_action,2,9023,9595,-1,-1,-1,-1,-1
9.04558,veh4,drop_decision_no_action,9,9037,9623,-1,-1,-1,-1,-1
9.06308,veh4,drop_decision_no_action,12,9057,9647,-1,-1,-1,-1,-1
9.09283,veh4,drop_decision_no_action,8,9079,9673,-1,-1,-1,-1,-1
9.11433,veh4,drop_decision_no_action,2,9095,9688,-1,-1,-1,-1,-1
9.11583,veh4,drop_decision_no_action,3,9101,9693,-1,-1,-1,-1,-1
9.12433,veh4,drop_decision_no_action,6,9115,9710,-1,-1,-1,-1,-1
9.14433,veh4,drop_decision_no_action,6,9134,9734,-1,-1,-1,-1,-1
9.14883,veh4,drop_decision_no_action,11,9138,9747,-1,-1,-1,-1,-1
9.15708,veh4,drop_decision_no_action,10,9155,9770,-1,-1,-1,-1,-1
9.16308,veh4,drop_decision_no_action,12,9157,9777,-1,-1,-1,-1,-1
9.17083,veh4,drop_decision_no_action,7,9155,9771,-1,-1,-1,-1,-1
9.19133,veh4,drop_decision_no_action,5,9186,9821,-1,-1,-1,-1,-1
9.19308,veh4,drop_decision_no_action,8,9184,9818,-1,-1,-1,-1,-1
9.21583,veh4,drop_decision_no_action,3,9201,9837,-1,-1,-1,-1,-1
9.24558,veh4,drop_decision_no_action,9,9237,9874,-1,-1,-1,-1,-1
9.26308,veh4,drop_decision_no_action,12,9257,9893,-1,-1,-1,-1,-1
9.31583,veh4,drop_decision_no_action,3,9301,9931,-1,-1,-1,-1,-1
9.32433,veh4,drop_decision_no_action,6,9315,9944,-1,-1,-1,-1,-1
9.34433,veh4,drop_decision_no_action,6,9334,9964,-1,-1,-1,-1,-1
9.35808,veh4,drop_decision_no_action,12,9357,9997,-1,-1,-1,-1,-1
9.37083,veh4,drop_decision_no_action,7,9355,9995,-1,-1,-1,-1,-1
9.38783,veh4,drop_decision_no_action,5,9386,10036,-1,-1,-1,-1,-1
9.39308,veh4,drop_decision_no_action,8,9384,10032,-1,-1,-1,-1,-1
9.41583,veh4,drop_decision_no_action,3,9401,10055,-1,-1,-1,-1,-1
9.44283,veh4,drop_decision_no_action,9,9437,10088,-1,-1,-1,-1,-1
9.44383,veh4,drop_decision_no_action,11,9438,10090,-1,-1,-1,-1,-1
9.45708,veh4,drop_decision_no_action,10,9455,10114,-1,-1,-1,-1,-1
9.50608,veh4,drop_decision_no_action,3,9501,10156,-1,-1,-1,-1,-1
9.50783,veh4,drop_decision_no_action,5,9488,10149,-1,-1,-1,-1,-1
9.51983,veh4,drop_decision_no_action,6,9515,10173,-1,-1,-1,-1,-1
9.53983,veh4,drop_decision_no_action,6,9534,10197,-1,-1,-1,-1,-1
9.56533,veh4,drop_decision_no_action,7,9555,10226,-1,-1,-1,-1,-1
9.58783,veh4,drop_decision_no_action,5,9586,10260,-1,-1,-1,-1,-1
9.59308,veh4,drop_decision_no_action,8,9584,10256,-1,-1,-1,-1,-1
9.60608,veh4,drop_decision_no_action,3,9601,10277,-1,-1,-1,-1,-1
9.61983,veh4,drop_decision_no_action,6,9615,10295,-1,-1,-1,-1,-1
9.64283,veh4,drop_decision_no_action,9,9637,10325,-1,-1,-1,-1,-1
9.64533,veh4,drop_decision_no_action,7,9630,10313,-1,-1,-1,-1,-1
9.71983,veh4,drop_decision_no_action,6,9715,10409,-1,-1,-1,-1,-1
9.73983,veh4,drop_decision_no_action,6,9734,10427,-1,-1,-1,-1,-1
9.74383,veh4,drop_decision_no_action,11,9738,10438,-1,-1,-1,-1,-1
9.75708,veh4,drop_decision_no_action,10,9755,10464,-1,-1,-1,-1,-1
9.75808,veh4,drop_decision_no_action,12,9657,10360,-1,-1,-1,-1,-1
9.76533,veh4,drop_decision_no_action,7,9755,10465,-1,-1,-1,-1,-1
9.78783,veh4,drop_decision_no_action,5,9786,10506,-1,-1,-1,-1,-1
9.79308,veh4,drop_decision_no_action,8,9784,10502,-1,-1,-1,-1,-1
9.80608,veh4,drop_decision_no_action,3,9788,10510,-1,-1,-1,-1,-1
9.84283,veh4,drop_decision_no_action,9,9837,10561,-1,-1,-1,-1,-1
9.88283,veh4,drop_decision_no_action,9,9881,10603,-1,-1,-1,-1,-1
9.93983,veh4,drop_decision_no_action,6,9934,10645,-1,-1,-1,-1,-1
9.95808,veh4,drop_decision_no_action,12,9957,10672,-1,-1,-1,-1,-1
9.96533,veh4,drop_decision_no_action,7,9955,10670,-1,-1,-1,-1,-1
9.97683,veh4,drop_decision_no_action,10,9970,10692,-1,-1,-1,-1,-1
9.98283,veh4,drop_decision_no_action,9,9981,10709,-1,-1,-1,-1,-1
9.98783,veh4,drop_decision_no_action,5,9986,10720,-1,-1,-1,-1,-1
9.99308,veh4,drop_decision_no_action,8,9979,10707,-1,-1,-1,-1,-1
9.99308,veh4,drop_decision_no_action,8,9984,10707,-1,-1,-1,-1,-1
10.0198,veh4,drop_decision_no_action,6,10015,10760,-1,-1,-1,-1,-1
10.0198,veh4,drop_decision_no_action,3,10001,10747,-1,-1,-1,-1,-1
10.0238,veh4,drop_decision_no_action,11,10020,10769,-1,-1,-1,-1,-1
10.0341,veh4,drop_decision_no_action,2,10023,10775,-1,-1,-1,-1,-1
10.0428,veh4,drop_decision_no_action,9,10037,10804,-1,-1,-1,-1,-1
10.0438,veh4,drop_decision_no_action,11,10038,10805,-1,-1,-1,-1,-1
10.0568,veh4,drop_decision_no_action,10,10055,10837,-1,-1,-1,-1,-1
10.0931,veh4,drop_decision_no_action,8,10079,10864,-1,-1,-1,-1,-1
10.1141,veh4,drop_decision_no_action,2,10095,10879,-1,-1,-1,-1,-1
10.1198,veh4,drop_decision_no_action,6,10115,10898,-1,-1,-1,-1,-1
10.1398,veh4,drop_decision_no_action,6,10134,10923,-1,-1,-1,-1,-1
10.1653,veh4,drop_decision_no_action,7,10155,10949,-1,-1,-1,-1,-1
10.1878,veh4,drop_decision_no_action,5,10186,10982,-1,-1,-1,-1,-1
10.1893,veh4,drop_decision_no_action,8,10184,10979,-1,-1,-1,-1,-1
10.2198,veh4,drop_decision_no_action,6,10215,11013,-1,-1,-1,-1,-1
10.2398,veh4,drop_decision_no_action,6,10234,11034,-1,-1,-1,-1,-1
10.2428,veh4,drop_decision_no_action,9,10237,11039,-1,-1,-1,-1,-1
10.2646,veh4,drop_decision_no_action,12,10257,11068,-1,-1,-1,-1,-1
10.3198,veh4,drop_decision_no_action,6,10315,11116,-1,-1,-1,-1,-1
10.3398,veh4,drop_decision_no_action,6,10334,11137,-1,-1,-1,-1,-1
10.3438,veh4,drop_decision_no_action,11,10338,11142,-1,-1,-1,-1,-1
10.3568,veh4,drop_decision_no_action,10,10355,11171,-1,-1,-1,-1,-1
10.3701,veh4,drop_decision_no_action,7,10355,11172,-1,-1,-1,-1,-1
10.3893,veh4,drop_decision_no_action,8,10384,11209,-1,-1,-1,-1,-1
10.4198,veh4,drop_decision_no_action,6,10415,11236,-1,-1,-1,-1,-1
10.4198,veh4,drop_decision_no_action,3,10401,11224,-1,-1,-1,-1,-1
10.4398,veh4,drop_decision_no_action,6,10434,11264,-1,-1,-1,-1,-1
10.4428,veh4,drop_decision_no_action,9,10437,11269,-1,-1,-1,-1,-1
10.4878,veh4,drop_decision_no_action,5,10486,11321,-1,-1,-1,-1,-1
10.5138,veh4,drop_decision_no_action,5,10488,11326,-1,-1,-1,-1,-1
10.5198,veh4,drop_decision_no_action,6,10515,11350,-1,-1,-1,-1,-1
10.5398,veh4,drop_decision_no_action,6,10534,11375,-1,-1,-1,-1,-1
10.5588,veh4,drop_decision_no_action,10,10555,11401,-1,-1,-1,-1,-1
10.5646,veh4,drop_decision_no_action,12,10557,11403,-1,-1,-1,-1,-1
10.5701,veh4,drop_decision_no_action,7,10555,11402,-1,-1,-1,-1,-1
10.5893,veh4,drop_decision_no_action,8,10584,11447,-1,-1,-1,-1,-1
10.6198,veh4,drop_decision_no_action,6,10615,11473,-1,-1,-1,-1,-1
10.6246,veh4,drop_decision_no_action,12,10622,11480,-1,-1,-1,-1,-1
10.6398,veh4,drop_decision_no_action,6,10634,11503,-1,-1,-1,-1,-1
10.6418,veh4,drop_decision_no_action,9,10637,11507,-1,-1,-1,-1,-1
10.6438,veh4,drop_decision_no_action,11,10638,11508,-1,-1,-1,-1,-1
10.6501,veh4,drop_decision_no_action,7,10630,11495,-1,-1,-1,-1,-1
10.6998,veh4,drop_decision_no_action,3,10688,11576,-1,-1,-1,-1,-1
10.7198,veh4,drop_decision_no_action,6,10715,11600,-1,-1,-1,-1,-1
10.7398,veh4,drop_decision_no_action,6,10734,11621,-1,-1,-1,-1,-1
10.7588,veh4,drop_decision_no_action,10,10755,11647,-1,-1,-1,-1,-1
10.7701,veh4,drop_decision_no_action,7,10755,11648,-1,-1,-1,-1,-1
10.7893,veh4,drop_decision_no_action,8,10784,11685,-1,-1,-1,-1,-1
10.7938,veh4,drop_decision_no_action,5,10786,11687,-1,-1,-1,-1,-1
10.7938,veh4,drop_decision_no_action,5,10788,11687,-1,-1,-1,-1,-1
10.8013,veh4,drop_decision_no_action,3,10788,11689,-1,-1,-1,-1,-1
10.8196,veh4,drop_decision_no_action,6,10815,11729,-1,-1,-1,-1,-1
10.8213,veh4,drop_decision_no_action,3,10801,11709,-1,-1,-1,-1,-1
10.8396,veh4,drop_decision_no_action,6,10834,11758,-1,-1,-1,-1,-1
10.8418,veh4,drop_decision_no_action,9,10837,11761,-1,-1,-1,-1,-1
10.8646,veh4,drop_decision_no_action,12,10857,11788,-1,-1,-1,-1,-1
10.9018,veh4,drop_decision_no_action,9,10881,11818,-1,-1,-1,-1,-1
10.9196,veh4,drop_decision_no_action,6,10915,11843,-1,-1,-1,-1,-1
10.9396,veh4,drop_decision_no_action,6,10934,11869,-1,-1,-1,-1,-1
10.9406,veh4,drop_decision_no_action,11,10938,11873,-1,-1,-1,-1,-1
10.9501,veh4,drop_decision_no_action,7,10930,11864,-1,-1,-1,-1,-1
10.9588,veh4,drop_decision_no_action,10,10955,11906,-1,-1,-1,-1,-1
10.9701,veh4,drop_decision_no_action,7,10955,11907,-1,-1,-1,-1,-1
10.9788,veh4,drop_decision_no_action,10,10970,11928,-1,-1,-1,-1,-1
10.9986,veh4,drop_decision_no_action,8,10984,11955,-1,-1,-1,-1,-1
11.0196,veh4,drop_decision_no_action,6,11015,11981,-1,-1,-1,-1,-1
11.0298,veh4,drop_decision_no_action,2,11023,11992,-1,-1,-1,-1,-1
11.0396,veh4,drop_decision_no_action,6,11034,12008,-1,-1,-1,-1,-1
11.0406,veh4,drop_decision_no_action,11,11020,11988,-1,-1,-1,-1,-1
11.0418,veh4,drop_decision_no_action,9,11037,12011,-1,-1,-1,-1,-1
11.0701,veh4,drop_decision_no_action,7,11055,12049,-1,-1,-1,-1,-1
11.0938,veh4,drop_decision_no_action,5,11086,12085,-1,-1,-1,-1,-1
11.0986,veh4,drop_decision_no_action,8,11079,12078,-1,-1,-1,-1,-1
11.1098,veh4,drop_decision_no_action,2,11095,12094,-1,-1,-1,-1,-1
11.1196,veh4,drop_decision_no_action,6,11115,12120,-1,-1,-1,-1,-1
11.1396,veh4,drop_decision_no_action,6,11134,12146,-1,-1,-1,-1,-1
11.1601,veh4,drop_decision_no_action,10,11155,12171,-1,-1,-1,-1,-1
11.1646,veh4,drop_decision_no_action,12,11157,12173,-1,-1,-1,-1,-1
11.1701,veh4,drop_decision_no_action,7,11155,12172,-1,-1,-1,-1,-1
11.1986,veh4,drop_decision_no_action,8,11184,12218,-1,-1,-1,-1,-1
11.2196,veh4,drop_decision_no_action,6,11215,12244,-1,-1,-1,-1,-1
11.2213,veh4,drop_decision_no_action,3,11201,12236,-1,-1,-1,-1,-1
11.2396,veh4,drop_decision_no_action,6,11234,12273,-1,-1,-1,-1,-1
11.2406,veh4,drop_decision_no_action,11,11238,12278,-1,-1,-1,-1,-1
11.2418,veh4,drop_decision_no_action,9,11237,12276,-1,-1,-1,-1,-1
11.2701,veh4,drop_decision_no_action,7,11255,12312,-1,-1,-1,-1,-1
11.2938,veh4,drop_decision_no_action,5,11286,12346,-1,-1,-1,-1,-1
11.3196,veh4,drop_decision_no_action,6,11315,12371,-1,-1,-1,-1,-1
11.3601,veh4,drop_decision_no_action,10,11355,12410,-1,-1,-1,-1,-1
11.3701,veh4,drop_decision_no_action,7,11355,12411,-1,-1,-1,-1,-1
11.3986,veh4,drop_decision_no_action,8,11384,12450,-1,-1,-1,-1,-1
11.4196,veh4,drop_decision_no_action,6,11415,12474,-1,-1,-1,-1,-1
11.4418,veh4,drop_decision_no_action,9,11437,12497,-1,-1,-1,-1,-1
11.4701,veh4,drop_decision_no_action,7,11455,12518,-1,-1,-1,-1,-1
11.4731,veh4,drop_decision_no_action,12,11457,12519,-1,-1,-1,-1,-1
11.4938,veh4,drop_decision_no_action,5,11486,12561,-1,-1,-1,-1,-1
11.4938,veh4,drop_decision_no_action,5,11488,12561,-1,-1,-1,-1,-1
11.5196,veh4,drop_decision_no_action,6,11515,12586,-1,-1,-1,-1,-1
11.5406,veh4,drop_decision_no_action,11,11538,12610,-1,-1,-1,-1,-1
11.5601,veh4,drop_decision_no_action,10,11555,12633,-1,-1,-1,-1,-1
11.5986,veh4,drop_decision_no_action,8,11584,12665,-1,-1,-1,-1,-1
11.6196,veh4,drop_decision_no_action,6,11615,12690,-1,-1,-1,-1,-1
11.6213,veh4,drop_decision_no_action,3,11601,12682,-1,-1,-1,-1,-1
11.6331,veh4,drop_decision_no_action,12,11622,12701,-1,-1,-1,-1,-1
11.6396,veh4,drop_decision_no_action,6,11634,12723,-1,-1,-1,-1,-1
11.6418,veh4,drop_decision_no_action,9,11637,12725,-1,-1,-1,-1,-1
11.6501,veh4,drop_decision_no_action,7,11630,12712,-1,-1,-1,-1,-1
11.6938,veh4,drop_decision_no_action,5,11686,12792,-1,-1,-1,-1,-1
11.7196,veh4,drop_decision_no_action,6,11715,12817,-1,-1,-1,-1,-1
11.7601,veh4,drop_decision_no_action,10,11755,12856,-1,-1,-1,-1,-1
11.7731,veh4,drop_decision_no_action,12,11757,12857,-1,-1,-1,-1,-1
11.7886,veh4,drop_decision_no_action,8,11784,12892,-1,-1,-1,-1,-1
11.7963,veh4,drop_decision_no_action,3,11788,12899,-1,-1,-1,-1,-1
11.8196,veh4,drop_decision_no_action,6,11815,12928,-1,-1,-1,-1,-1
11.8403,veh4,drop_decision_no_action,9,11837,12952,-1,-1,-1,-1,-1
11.8406,veh4,drop_decision_no_action,11,11838,12953,-1,-1,-1,-1,-1
11.8596,veh4,drop_decision_no_action,7,11855,12980,-1,-1,-1,-1,-1
11.8938,veh4,drop_decision_no_action,5,11886,13016,-1,-1,-1,-1,-1
11.9003,veh4,drop_decision_no_action,9,11881,13012,-1,-1,-1,-1,-1
11.9196,veh4,drop_decision_no_action,6,11915,13044,-1,-1,-1,-1,-1
11.9801,veh4,drop_decision_no_action,10,11970,13095,-1,-1,-1,-1,-1
11.9886,veh4,drop_decision_no_action,8,11979,13105,-1,-1,-1,-1,-1
12.0163,veh4,drop_decision_no_action,3,12001,13134,-1,-1,-1,-1,-1
12.0298,veh4,drop_decision_no_action,2,12023,13155,-1,-1,-1,-1,-1
12.0343,veh4,drop_decision_no_action,6,12015,13145,-1,-1,-1,-1,-1
12.0406,veh4,drop_decision_no_action,11,12020,13153,-1,-1,-1,-1,-1
12.0543,veh4,drop_decision_no_action,6,12034,13173,-1,-1,-1,-1,-1
12.0731,veh4,drop_decision_no_action,12,12057,13215,-1,-1,-1,-1,-1
12.0886,veh4,drop_decision_no_action,8,12079,13235,-1,-1,-1,-1,-1
12.1098,veh4,drop_decision_no_action,2,12095,13256,-1,-1,-1,-1,-1
12.1328,veh4,crash_mode_restore,-1,-1,18446744073709551615,-1,-1,-1,-1,-1
12.1343,veh4,drop_decision_no_action,6,12115,13275,-1,-1,-1,-1,-1
12.1406,veh4,drop_decision_no_action,11,12138,13303,-1,-1,-1,-1,-1
12.1761,veh4,drop_decision_no_action,10,12155,13326,-1,-1,-1,-1,-1
12.1886,veh4,drop_decision_no_action,8,12184,13356,-1,-1,-1,-1,-1
12.2053,veh4,drop_decision_no_action,5,12186,13358,-1,-1,-1,-1,-1
12.2343,veh4,drop_decision_no_action,6,12215,13386,-1,-1,-1,-1,-1
12.2403,veh4,drop_decision_no_action,9,12237,13409,-1,-1,-1,-1,-1
12.2596,veh4,drop_decision_no_action,7,12255,13434,-1,-1,-1,-1,-1
12.3343,veh4,drop_decision_no_action,6,12315,13486,-1,-1,-1,-1,-1
12.3731,veh4,drop_decision_no_action,12,12357,13526,-1,-1,-1,-1,-1
12.3731,veh4,crash_mode_forced_speed,12,12357,13526,-1,-1,-1,-1,30
12.4163,veh4,drop_decision_no_action,3,12401,13565,-1,-1,-1,-1,-1
12.4218,veh4,drop_decision_no_action,6,12415,13574,-1,-1,-1,-1,-1
12.4418,veh4,drop_decision_no_action,6,12434,13598,-1,-1,-1,-1,-1
12.4558,veh4,drop_decision_no_action,11,12438,13603,-1,-1,-1,-1,-1
12.5053,veh4,drop_decision_no_action,5,12486,13660,-1,-1,-1,-1,-1
12.5053,veh4,drop_decision_no_action,5,12488,13660,-1,-1,-1,-1,-1
12.5761,veh4,drop_decision_no_action,10,12555,13716,-1,-1,-1,-1,-1
12.5886,veh4,drop_decision_no_action,8,12584,13747,-1,-1,-1,-1,-1
12.6218,veh4,drop_decision_no_action,6,12615,13773,-1,-1,-1,-1,-1
12.6348,veh4,drop_decision_no_action,12,12622,13780,-1,-1,-1,-1,-1
12.6393,veh4,drop_decision_no_action,7,12630,13787,-1,-1,-1,-1,-1
12.6403,veh4,drop_decision_no_action,9,12637,13796,-1,-1,-1,-1,-1
12.6593,veh4,drop_decision_no_action,7,12655,13832,-1,-1,-1,-1,-1
12.7218,veh4,drop_decision_no_action,6,12715,13892,-1,-1,-1,-1,-1
12.7928,veh4,drop_decision_no_action,3,12788,13957,-1,-1,-1,-1,-1
12.8053,veh4,drop_decision_no_action,5,12786,13954,-1,-1,-1,-1,-1
12.8128,veh4,drop_decision_no_action,3,12801,13968,-1,-1,-1,-1,-1
12.8218,veh4,drop_decision_no_action,6,12815,13986,-1,-1,-1,-1,-1
12.8418,veh4,drop_decision_no_action,6,12834,14011,-1,-1,-1,-1,-1
12.8558,veh4,drop_decision_no_action,11,12838,14016,-1,-1,-1,-1,-1
12.8928,veh4,drop_decision_no_action,3,12888,14076,-1,-1,-1,-1,-1
12.9003,veh4,drop_decision_no_action,9,12881,14071,-1,-1,-1,-1,-1
12.9761,veh4,drop_decision_no_action,10,12955,14135,-1,-1,-1,-1,-1
12.9761,veh4,drop_decision_no_action,10,12970,14135,-1,-1,-1,-1,-1
12.9886,veh4,drop_decision_no_action,8,12984,14176,-1,-1,-1,-1,-1
13.0053,veh4,drop_decision_no_action,5,12988,14182,-1,-1,-1,-1,-1
13.0218,veh4,drop_decision_no_action,6,13015,14205,-1,-1,-1,-1,-1
13.0396,veh4,drop_decision_no_action,11,13020,14210,-1,-1,-1,-1,-1
13.0403,veh4,drop_decision_no_action,9,13037,14230,-1,-1,-1,-1,-1
13.0423,veh4,drop_decision_no_action,2,13023,14218,-1,-1,-1,-1,-1
13.0593,veh4,drop_decision_no_action,7,13055,14265,-1,-1,-1,-1,-1
13.0886,veh4,drop_decision_no_action,8,13079,14300,-1,-1,-1,-1,-1
13.1023,veh4,drop_decision_no_action,2,13095,14314,-1,-1,-1,-1,-1
13.1053,veh4,drop_decision_no_action,5,13086,14305,-1,-1,-1,-1,-1
13.1218,veh4,drop_decision_no_action,6,13115,14337,-1,-1,-1,-1,-1
13.2163,veh4,drop_decision_no_action,3,13201,14415,-1,-1,-1,-1,-1
13.2218,veh4,drop_decision_no_action,6,13215,14423,-1,-1,-1,-1,-1
13.2396,veh4,drop_decision_no_action,11,13238,14455,-1,-1,-1,-1,-1
13.2418,veh4,drop_decision_no_action,6,13234,14447,-1,-1,-1,-1,-1
13.3761,veh4,drop_decision_no_action,10,13355,14556,-1,-1,-1,-1,-1
13.3866,veh4,drop_decision_no_action,8,13384,14597,-1,-1,-1,-1,-1
13.3906,veh4,drop_decision_no_action,5,13386,14598,-1,-1,-1,-1,-1
13.4436,veh4,drop_decision_no_action,9,13437,14641,-1,-1,-1,-1,-1
13.4593,veh4,drop_decision_no_action,7,13455,14664,-1,-1,-1,-1,-1
13.4748,veh4,drop_decision_no_action,12,13357,14558,-1,-1,-1,-1,-1
13.4906,veh4,drop_decision_no_action,5,13488,14702,-1,-1,-1,-1,-1
13.5218,veh4,drop_decision_no_action,6,13515,14723,-1,-1,-1,-1,-1
13.6163,veh4,drop_decision_no_action,3,13601,14795,-1,-1,-1,-1,-1
13.6218,veh4,drop_decision_no_action,6,13615,14803,-1,-1,-1,-1,-1
13.6331,veh4,drop_decision_no_action,12,13622,14815,-1,-1,-1,-1,-1
13.6393,veh4,drop_decision_no_action,7,13630,14826,-1,-1,-1,-1,-1
13.6396,veh4,drop_decision_no_action,11,13638,14841,-1,-1,-1,-1,-1
13.6418,veh4,drop_decision_no_action,6,13634,14834,-1,-1,-1,-1,-1
13.6906,veh4,drop_decision_no_action,5,13686,14907,-1,-1,-1,-1,-1
13.7218,veh4,drop_decision_no_action,6,13715,14929,-1,-1,-1,-1,-1
13.7636,veh4,drop_decision_no_action,10,13755,14968,-1,-1,-1,-1,-1
13.7731,veh4,drop_decision_no_action,12,13757,14970,-1,-1,-1,-1,-1
13.7873,veh4,drop_decision_no_action,8,13784,15010,-1,-1,-1,-1,-1
13.7963,veh4,drop_decision_no_action,3,13788,15016,-1,-1,-1,-1,-1
13.8218,veh4,drop_decision_no_action,6,13815,15040,-1,-1,-1,-1,-1
13.8436,veh4,drop_decision_no_action,9,13837,15060,-1,-1,-1,-1,-1
13.8593,veh4,drop_decision_no_action,7,13855,15084,-1,-1,-1,-1,-1
13.8836,veh4,drop_decision_no_action,9,13881,15118,-1,-1,-1,-1,-1
13.9191,veh4,drop_decision_no_action,6,13915,15143,-1,-1,-1,-1,-1
13.9836,veh4,drop_decision_no_action,10,13970,15198,-1,-1,-1,-1,-1
13.9906,veh4,drop_decision_no_action,5,13986,15211,-1,-1,-1,-1,-1
14.0163,veh4,drop_decision_no_action,3,14001,15232,-1,-1,-1,-1,-1
14.0191,veh4,drop_decision_no_action,6,14015,15239,-1,-1,-1,-1,-1
14.0386,veh4,drop_decision_no_action,11,14020,15250,-1,-1,-1,-1,-1
14.0391,veh4,drop_decision_no_action,6,14034,15268,-1,-1,-1,-1,-1
14.0428,veh4,drop_decision_no_action,2,14023,15259,-1,-1,-1,-1,-1
14.0586,veh4,drop_decision_no_action,11,14038,15276,-1,-1,-1,-1,-1
14.0873,veh4,drop_decision_no_action,8,14079,15339,-1,-1,-1,-1,-1
14.1028,veh4,drop_decision_no_action,2,14095,15353,-1,-1,-1,-1,-1
14.1191,veh4,drop_decision_no_action,6,14115,15370,-1,-1,-1,-1,-1
14.1636,veh4,drop_decision_no_action,10,14155,15412,-1,-1,-1,-1,-1
14.1731,veh4,drop_decision_no_action,12,14157,15414,-1,-1,-1,-1,-1
14.1873,veh4,drop_decision_no_action,8,14184,15454,-1,-1,-1,-1,-1
14.2191,veh4,drop_decision_no_action,6,14215,15476,-1,-1,-1,-1,-1
14.2436,veh4,drop_decision_no_action,9,14237,15497,-1,-1,-1,-1,-1
14.2601,veh4,drop_decision_no_action,7,14255,15521,-1,-1,-1,-1,-1
14.2906,veh4,drop_decision_no_action,5,14286,15557,-1,-1,-1,-1,-1
14.3191,veh4,drop_decision_no_action,6,14315,15580,-1,-1,-1,-1,-1
14.4148,veh4,drop_decision_no_action,3,14401,15654,-1,-1,-1,-1,-1
14.4391,veh4,drop_decision_no_action,6,14434,15677,-1,-1,-1,-1,-1
14.4586,veh4,drop_decision_no_action,11,14438,15681,-1,-1,-1,-1,-1
14.4906,veh4,drop_decision_no_action,5,14488,15732,-1,-1,-1,-1,-1
14.5191,veh4,drop_decision_no_action,6,14515,15754,-1,-1,-1,-1,-1
14.5621,veh4,drop_decision_no_action,10,14555,15785,-1,-1,-1,-1,-1
14.5731,veh4,drop_decision_no_action,12,14557,15786,-1,-1,-1,-1,-1
14.5906,veh4,drop_decision_no_action,5,14586,15827,-1,-1,-1,-1,-1
14.6003,veh4,drop_decision_no_action,8,14584,15826,-1,-1,-1,-1,-1
14.6191,veh4,drop_decision_no_action,6,14615,15854,-1,-1,-1,-1,-1
14.6298,veh4,drop_decision_no_action,12,14622,15869,-1,-1,-1,-1,-1
14.6376,veh4,drop_decision_no_action,7,14630,15877,-1,-1,-1,-1,-1
14.6398,veh4,drop_decision_no_action,9,14637,15882,-1,-1,-1,-1,-1
14.6576,veh4,drop_decision_no_action,7,14655,15911,-1,-1,-1,-1,-1
14.7191,veh4,drop_decision_no_action,6,14715,15960,-1,-1,-1,-1,-1
14.7948,veh4,drop_decision_no_action,3,14788,16018,-1,-1,-1,-1,-1
14.8148,veh4,drop_decision_no_action,3,14801,16031,-1,-1,-1,-1,-1
14.8391,veh4,drop_decision_no_action,6,14834,16057,-1,-1,-1,-1,-1
14.8586,veh4,drop_decision_no_action,11,14838,16061,-1,-1,-1,-1,-1
14.8866,veh4,drop_decision_no_action,5,14886,16112,-1,-1,-1,-1,-1
14.8998,veh4,drop_decision_no_action,9,14881,16111,-1,-1,-1,-1,-1
14.9191,veh4,drop_decision_no_action,6,14915,16141,-1,-1,-1,-1,-1
14.9621,veh4,drop_decision_no_action,10,14955,16173,-1,-1,-1,-1,-1
14.9698,veh4,drop_decision_no_action,12,14957,16175,-1,-1,-1,-1,-1
14.9821,veh4,drop_decision_no_action,10,14970,16197,-1,-1,-1,-1,-1
15.0011,veh4,drop_decision_no_action,8,14984,16217,-1,-1,-1,-1,-1
15.0191,veh4,drop_decision_no_action,6,15015,16245,-1,-1,-1,-1,-1
15.0271,veh4,drop_decision_no_action,2,15023,16258,-1,-1,-1,-1,-1
15.0386,veh4,drop_decision_no_action,11,15020,16254,-1,-1,-1,-1,-1
15.0398,veh4,drop_decision_no_action,9,15037,16270,-1,-1,-1,-1,-1
15.0576,veh4,drop_decision_no_action,7,15055,16299,-1,-1,-1,-1,-1
15.0811,veh4,drop_decision_no_action,8,15079,16331,-1,-1,-1,-1,-1
15.1071,veh4,drop_decision_no_action,2,15095,16345,-1,-1,-1,-1,-1
15.1191,veh4,drop_decision_no_action,6,15115,16361,-1,-1,-1,-1,-1
15.1948,veh4,drop_decision_no_action,3,15188,16422,-1,-1,-1,-1,-1
15.2148,veh4,drop_decision_no_action,3,15201,16435,-1,-1,-1,-1,-1
15.2391,veh4,drop_decision_no_action,6,15234,16462,-1,-1,-1,-1,-1
15.2543,veh4,drop_decision_no_action,11,15238,16465,-1,-1,-1,-1,-1
15.2866,veh4,drop_decision_no_action,5,15286,16514,-1,-1,-1,-1,-1
15.2948,veh4,drop_decision_no_action,3,15288,16520,-1,-1,-1,-1,-1
15.3343,veh4,drop_decision_no_action,6,15315,16548,-1,-1,-1,-1,-1
15.3666,veh4,drop_decision_no_action,10,15355,16588,-1,-1,-1,-1,-1
15.3698,veh4,drop_decision_no_action,12,15357,16589,-1,-1,-1,-1,-1
15.3948,veh4,drop_decision_no_action,3,15388,16629,-1,-1,-1,-1,-1
15.4011,veh4,drop_decision_no_action,8,15384,16625,-1,-1,-1,-1,-1
15.4343,veh4,drop_decision_no_action,6,15415,16660,-1,-1,-1,-1,-1
15.4398,veh4,drop_decision_no_action,9,15437,16675,-1,-1,-1,-1,-1
15.4731,veh4,drop_decision_no_action,7,15455,16698,-1,-1,-1,-1,-1
15.4948,veh4,drop_decision_no_action,3,15488,16731,-1,-1,-1,-1,-1
15.5066,veh4,drop_decision_no_action,5,15488,16732,-1,-1,-1,-1,-1
15.5343,veh4,drop_decision_no_action,6,15515,16759,-1,-1,-1,-1,-1
15.5866,veh4,drop_decision_no_action,5,15586,16815,-1,-1,-1,-1,-1
15.5948,veh4,drop_decision_no_action,3,15588,16821,-1,-1,-1,-1,-1
15.6148,veh4,drop_decision_no_action,3,15601,16839,-1,-1,-1,-1,-1
15.6298,veh4,drop_decision_no_action,12,15622,16858,-1,-1,-1,-1,-1
15.6331,veh4,drop_decision_no_action,7,15630,16868,-1,-1,-1,-1,-1
15.6543,veh4,drop_decision_no_action,6,15634,16876,-1,-1,-1,-1,-1
15.6948,veh4,drop_decision_no_action,3,15688,16937,-1,-1,-1,-1,-1
15.7343,veh4,drop_decision_no_action,6,15715,16961,-1,-1,-1,-1,-1
15.7666,veh4,drop_decision_no_action,10,15755,16992,-1,-1,-1,-1,-1
15.7698,veh4,drop_decision_no_action,12,15757,16993,-1,-1,-1,-1,-1
15.7898,veh4,drop_decision_no_action,3,15788,17033,-1,-1,-1,-1,-1
15.8011,veh4,drop_decision_no_action,8,15784,17029,-1,-1,-1,-1,-1
15.8343,veh4,drop_decision_no_action,6,15815,17064,-1,-1,-1,-1,-1
15.8401,veh4,drop_decision_no_action,9,15837,17079,-1,-1,-1,-1,-1
15.8731,veh4,drop_decision_no_action,7,15855,17103,-1,-1,-1,-1,-1
15.8868,veh4,drop_decision_no_action,5,15886,17133,-1,-1,-1,-1,-1
15.8898,veh4,drop_decision_no_action,3,15888,17141,-1,-1,-1,-1,-1
15.9001,veh4,drop_decision_no_action,9,15881,17132,-1,-1,-1,-1,-1
15.9343,veh4,drop_decision_no_action,6,15915,17175,-1,-1,-1,-1,-1
15.9866,veh4,drop_decision_no_action,10,15970,17218,-1,-1,-1,-1,-1
15.9898,veh4,drop_decision_no_action,3,15988,17235,-1,-1,-1,-1,-1
16.0098,veh4,drop_decision_no_action,3,16001,17251,-1,-1,-1,-1,-1
16.0273,veh4,drop_decision_no_action,2,16023,17274,-1,-1,-1,-1,-1
16.0343,veh4,drop_decision_no_action,6,16015,17266,-1,-1,-1,-1,-1
16.0543,veh4,drop_decision_no_action,6,16034,17291,-1,-1,-1,-1,-1
16.0898,veh4,drop_decision_no_action,3,16088,17359,-1,-1,-1,-1,-1
16.0978,veh4,drop_decision_no_action,8,16079,17353,-1,-1,-1,-1,-1
16.1073,veh4,drop_decision_no_action,2,16095,17367,-1,-1,-1,-1,-1
16.1343,veh4,drop_decision_no_action,6,16115,17393,-1,-1,-1,-1,-1
16.1666,veh4,drop_decision_no_action,12,16157,17429,-1,-1,-1,-1,-1
16.1666,veh4,drop_decision_no_action,10,16155,17428,-1,-1,-1,-1,-1
16.1868,veh4,drop_decision_no_action,5,16186,17466,-1,-1,-1,-1,-1
16.1898,veh4,drop_decision_no_action,3,16188,17475,-1,-1,-1,-1,-1
16.1978,veh4,drop_decision_no_action,8,16184,17465,-1,-1,-1,-1,-1
16.2306,veh4,drop_decision_no_action,6,16215,17508,-1,-1,-1,-1,-1
16.2401,veh4,drop_decision_no_action,9,16237,17526,-1,-1,-1,-1,-1
16.2731,veh4,drop_decision_no_action,7,16255,17547,-1,-1,-1,-1,-1
16.2898,veh4,drop_decision_no_action,3,16288,17581,-1,-1,-1,-1,-1
16.3306,veh4,drop_decision_no_action,6,16315,17604,-1,-1,-1,-1,-1
16.3898,veh4,drop_decision_no_action,3,16388,17668,-1,-1,-1,-1,-1
16.4098,veh4,drop_decision_no_action,3,16401,17681,-1,-1,-1,-1,-1
16.4506,veh4,drop_decision_no_action,6,16434,17710,-1,-1,-1,-1,-1
16.4898,veh4,drop_decision_no_action,3,16488,17764,-1,-1,-1,-1,-1
16.4941,veh4,drop_decision_no_action,5,16486,17761,-1,-1,-1,-1,-1
16.4941,veh4,drop_decision_no_action,5,16488,17761,-1,-1,-1,-1,-1
16.5306,veh4,drop_decision_no_action,6,16515,17796,-1,-1,-1,-1,-1
16.5461,veh4,drop_decision_no_action,11,16438,17713,-1,-1,-1,-1,-1
16.5666,veh4,drop_decision_no_action,12,16557,17828,-1,-1,-1,-1,-1
16.5748,veh4,drop_decision_no_action,10,16555,17827,-1,-1,-1,-1,-1
16.5898,veh4,drop_decision_no_action,3,16588,17867,-1,-1,-1,-1,-1
16.5978,veh4,drop_decision_no_action,8,16584,17863,-1,-1,-1,-1,-1
16.6266,veh4,drop_decision_no_action,12,16622,17903,-1,-1,-1,-1,-1
16.6306,veh4,drop_decision_no_action,6,16615,17899,-1,-1,-1,-1,-1
16.6331,veh4,drop_decision_no_action,7,16630,17911,-1,-1,-1,-1,-1
16.6401,veh4,drop_decision_no_action,9,16637,17926,-1,-1,-1,-1,-1
16.6731,veh4,drop_decision_no_action,7,16655,17954,-1,-1,-1,-1,-1
16.6898,veh4,drop_decision_no_action,3,16688,17986,-1,-1,-1,-1,-1
16.7306,veh4,drop_decision_no_action,6,16715,18010,-1,-1,-1,-1,-1
16.7898,veh4,drop_decision_no_action,3,16788,18067,-1,-1,-1,-1,-1
16.7941,veh4,drop_decision_no_action,5,16786,18064,-1,-1,-1,-1,-1
16.8098,veh4,drop_decision_no_action,3,16801,18084,-1,-1,-1,-1,-1
16.8306,veh4,drop_decision_no_action,6,16815,18102,-1,-1,-1,-1,-1
16.8461,veh4,drop_decision_no_action,11,16838,18126,-1,-1,-1,-1,-1
16.8506,veh4,drop_decision_no_action,6,16834,18123,-1,-1,-1,-1,-1
16.8898,veh4,drop_decision_no_action,3,16888,18178,-1,-1,-1,-1,-1
16.8928,veh4,drop_decision_no_action,9,16881,18174,-1,-1,-1,-1,-1
16.9306,veh4,drop_decision_no_action,6,16915,18209,-1,-1,-1,-1,-1
16.9666,veh4,drop_decision_no_action,12,16957,18241,-1,-1,-1,-1,-1
16.9748,veh4,drop_decision_no_action,10,16955,18240,-1,-1,-1,-1,-1
16.9748,veh4,drop_decision_no_action,10,16970,18240,-1,-1,-1,-1,-1
16.9898,veh4,drop_decision_no_action,3,16988,18281,-1,-1,-1,-1,-1
16.9978,veh4,drop_decision_no_action,8,16984,18277,-1,-1,-1,-1,-1
17.0261,veh4,drop_decision_no_action,11,17020,18316,-1,-1,-1,-1,-1
17.0273,veh4,drop_decision_no_action,2,17023,18318,-1,-1,-1,-1,-1
17.0306,veh4,drop_decision_no_action,6,17015,18313,-1,-1,-1,-1,-1
17.0528,veh4,drop_decision_no_action,9,17037,18344,-1,-1,-1,-1,-1
17.0613,veh4,drop_decision_no_action,7,17055,18364,-1,-1,-1,-1,-1
17.0876,veh4,drop_decision_no_action,5,17086,18396,-1,-1,-1,-1,-1
17.0898,veh4,drop_decision_no_action,8,17079,18391,-1,-1,-1,-1,-1
17.1073,veh4,drop_decision_no_action,2,17095,18414,-1,-1,-1,-1,-1
17.1306,veh4,drop_decision_no_action,6,17115,18438,-1,-1,-1,-1,-1
17.2091,veh4,drop_decision_no_action,3,17201,18503,-1,-1,-1,-1,-1
17.2306,veh4,drop_decision_no_action,6,17215,18517,-1,-1,-1,-1,-1
17.2461,veh4,drop_decision_no_action,11,17238,18540,-1,-1,-1,-1,-1
17.2506,veh4,drop_decision_no_action,6,17234,18537,-1,-1,-1,-1,-1
17.3306,veh4,drop_decision_no_action,6,17315,18607,-1,-1,-1,-1,-1
17.3586,veh4,drop_decision_no_action,10,17355,18646,-1,-1,-1,-1,-1
17.3666,veh4,drop_decision_no_action,12,17357,18647,-1,-1,-1,-1,-1
17.3876,veh4,drop_decision_no_action,5,17386,18681,-1,-1,-1,-1,-1
17.3898,veh4,drop_decision_no_action,8,17384,18679,-1,-1,-1,-1,-1
17.4203,veh4,drop_decision_no_action,3,17401,18703,-1,-1,-1,-1,-1
17.4306,veh4,drop_decision_no_action,6,17415,18723,-1,-1,-1,-1,-1
17.4528,veh4,drop_decision_no_action,9,17437,18744,-1,-1,-1,-1,-1
17.4613,veh4,drop_decision_no_action,7,17455,18760,-1,-1,-1,-1,-1
17.5076,veh4,drop_decision_no_action,5,17488,18794,-1,-1,-1,-1,-1
17.5306,veh4,drop_decision_no_action,6,17515,18817,-1,-1,-1,-1,-1
17.5928,veh4,drop_decision_no_action,9,17581,18872,-1,-1,-1,-1,-1
17.6076,veh4,drop_decision_no_action,5,17588,18876,-1,-1,-1,-1,-1
17.6091,veh4,drop_decision_no_action,3,17601,18888,-1,-1,-1,-1,-1
17.6306,veh4,drop_decision_no_action,6,17615,18909,-1,-1,-1,-1,-1
17.6413,veh4,drop_decision_no_action,7,17630,18926,-1,-1,-1,-1,-1
17.6418,veh4,drop_decision_no_action,12,17622,18917,-1,-1,-1,-1,-1
17.6476,veh4,drop_decision_no_action,11,17638,18938,-1,-1,-1,-1,-1
17.6506,veh4,drop_decision_no_action,6,17634,18935,-1,-1,-1,-1,-1
17.6876,veh4,drop_decision_no_action,5,17686,19000,-1,-1,-1,-1,-1
17.7293,veh4,drop_decision_no_action,6,17715,19027,-1,-1,-1,-1,-1
17.7403,veh4,drop_decision_no_action,7,17730,19040,-1,-1,-1,-1,-1
17.7586,veh4,drop_decision_no_action,10,17755,19066,-1,-1,-1,-1,-1
17.7618,veh4,drop_decision_no_action,12,17757,19067,-1,-1,-1,-1,-1
17.7891,veh4,drop_decision_no_action,3,17788,19106,-1,-1,-1,-1,-1
17.7898,veh4,drop_decision_no_action,8,17784,19103,-1,-1,-1,-1,-1
17.8203,veh4,drop_decision_no_action,3,17801,19126,-1,-1,-1,-1,-1
17.8293,veh4,drop_decision_no_action,6,17815,19144,-1,-1,-1,-1,-1
17.8528,veh4,drop_decision_no_action,9,17837,19165,-1,-1,-1,-1,-1
17.8603,veh4,drop_decision_no_action,7,17855,19181,-1,-1,-1,-1,-1
17.8928,veh4,drop_decision_no_action,9,17881,19213,-1,-1,-1,-1,-1
17.9293,veh4,drop_decision_no_action,6,17915,19242,-1,-1,-1,-1,-1
17.9736,veh4,drop_decision_no_action,10,17970,19280,-1,-1,-1,-1,-1
17.9876,veh4,drop_decision_no_action,5,17986,19298,-1,-1,-1,-1,-1
18.0091,veh4,drop_decision_no_action,3,18001,19316,-1,-1,-1,-1,-1
18.0276,veh4,drop_decision_no_action,11,18020,19338,-1,-1,-1,-1,-1
18.0293,veh4,drop_decision_no_action,6,18015,19334,-1,-1,-1,-1,-1
18.0433,veh4,drop_decision_no_action,2,18023,19342,-1,-1,-1,-1,-1
18.0476,veh4,drop_decision_no_action,11,18038,19364,-1,-1,-1,-1,-1
18.0493,veh4,drop_decision_no_action,6,18034,19359,-1,-1,-1,-1,-1
18.0911,veh4,drop_decision_no_action,8,18079,19417,-1,-1,-1,-1,-1
18.1033,veh4,drop_decision_no_action,2,18095,19432,-1,-1,-1,-1,-1
18.1293,veh4,drop_decision_no_action,6,18115,19456,-1,-1,-1,-1,-1
18.1618,veh4,drop_decision_no_action,12,18157,19488,-1,-1,-1,-1,-1
18.1736,veh4,drop_decision_no_action,10,18155,19487,-1,-1,-1,-1,-1
18.1911,veh4,drop_decision_no_action,8,18184,19520,-1,-1,-1,-1,-1
18.2091,veh4,drop_decision_no_action,3,18201,19538,-1,-1,-1,-1,-1
18.2293,veh4,drop_decision_no_action,6,18215,19555,-1,-1,-1,-1,-1
18.2388,veh4,drop_decision_no_action,9,18237,19576,-1,-1,-1,-1,-1
18.2603,veh4,drop_decision_no_action,7,18255,19597,-1,-1,-1,-1,-1
18.2903,veh4,drop_decision_no_action,5,18286,19627,-1,-1,-1,-1,-1
18.3026,veh4,drop_decision_no_action,3,18301,19645,-1,-1,-1,-1,-1
18.3293,veh4,drop_decision_no_action,6,18315,19656,-1,-1,-1,-1,-1
18.3731,veh4,crash_mode_restore,-1,-1,18446744073709551615,-1,-1,-1,-1,-1
18.4026,veh4,drop_decision_no_action,3,18401,19732,-1,-1,-1,-1,-1
18.4293,veh4,drop_decision_no_action,6,18415,19743,-1,-1,-1,-1,-1
18.4493,veh4,drop_decision_no_action,6,18434,19765,-1,-1,-1,-1,-1
18.4551,veh4,drop_decision_no_action,11,18438,19767,-1,-1,-1,-1,-1
18.4736,veh4,drop_decision_no_action,10,18470,19802,-1,-1,-1,-1,-1
18.4903,veh4,drop_decision_no_action,5,18488,19824,-1,-1,-1,-1,-1
18.5026,veh4,drop_decision_no_action,3,18501,19843,-1,-1,-1,-1,-1
18.5293,veh4,drop_decision_no_action,6,18515,19854,-1,-1,-1,-1,-1
18.5663,veh4,drop_decision_no_action,12,18557,19891,-1,-1,-1,-1,-1
18.5736,veh4,drop_decision_no_action,10,18555,19890,-1,-1,-1,-1,-1
18.5736,veh4,crash_mode_forced_speed,10,18555,19890,-1,-1,-1,-1,30
18.5903,veh4,drop_decision_no_action,5,18586,19927,-1,-1,-1,-1,-1
18.5943,veh4,drop_decision_no_action,8,18584,19925,-1,-1,-1,-1,-1
18.5988,veh4,drop_decision_no_action,9,18581,19921,-1,-1,-1,-1,-1
18.6026,veh4,drop_decision_no_action,3,18601,19956,-1,-1,-1,-1,-1
18.6263,veh4,drop_decision_no_action,12,18622,19983,-1,-1,-1,-1,-1
18.6293,veh4,drop_decision_no_action,6,18615,19973,-1,-1,-1,-1,-1
18.6388,veh4,drop_decision_no_action,9,18637,20005,-1,-1,-1,-1,-1
18.6403,veh4,drop_decision_no_action,7,18630,19993,-1,-1,-1,-1,-1
18.6603,veh4,drop_decision_no_action,7,18655,20033,-1,-1,-1,-1,-1
18.7026,veh4,drop_decision_no_action,3,18701,20073,-1,-1,-1,-1,-1
18.7293,veh4,drop_decision_no_action,6,18715,20084,-1,-1,-1,-1,-1
18.8026,veh4,drop_decision_no_action,3,18788,20144,-1,-1,-1,-1,-1
18.8026,veh4,drop_decision_no_action,3,18801,20144,-1,-1,-1,-1,-1
18.8293,veh4,drop_decision_no_action,6,18815,20164,-1,-1,-1,-1,-1
18.8493,veh4,drop_decision_no_action,6,18834,20186,-1,-1,-1,-1,-1
18.8551,veh4,drop_decision_no_action,11,18838,20188,-1,-1,-1,-1,-1
18.8988,veh4,drop_decision_no_action,9,18881,20235,-1,-1,-1,-1,-1
18.9026,veh4,drop_decision_no_action,3,18901,20252,-1,-1,-1,-1,-1
18.9046,veh4,drop_decision_no_action,5,18886,20240,-1,-1,-1,-1,-1
18.9223,veh4,drop_decision_no_action,6,18915,20270,-1,-1,-1,-1,-1
18.9663,veh4,drop_decision_no_action,12,18957,20308,-1,-1,-1,-1,-1
18.9736,veh4,drop_decision_no_action,10,18955,20307,-1,-1,-1,-1,-1
18.9736,veh4,drop_decision_no_action,10,18970,20307,-1,-1,-1,-1,-1
18.9943,veh4,drop_decision_no_action,8,18984,20341,-1,-1,-1,-1,-1
19.0223,veh4,drop_decision_no_action,6,19015,20369,-1,-1,-1,-1,-1
19.0343,veh4,drop_decision_no_action,2,19023,20377,-1,-1,-1,-1,-1
19.0351,veh4,drop_decision_no_action,11,19020,20372,-1,-1,-1,-1,-1
19.0388,veh4,drop_decision_no_action,9,19037,20395,-1,-1,-1,-1,-1
19.0603,veh4,drop_decision_no_action,7,19055,20424,-1,-1,-1,-1,-1
19.0943,veh4,drop_decision_no_action,8,19079,20449,-1,-1,-1,-1,-1
19.1026,veh4,drop_decision_no_action,3,19101,20470,-1,-1,-1,-1,-1
19.1143,veh4,drop_decision_no_action,2,19095,20465,-1,-1,-1,-1,-1
19.1223,veh4,drop_decision_no_action,6,19115,20487,-1,-1,-1,-1,-1
19.2046,veh4,drop_decision_no_action,5,19186,20550,-1,-1,-1,-1,-1
19.2223,veh4,drop_decision_no_action,6,19215,20573,-1,-1,-1,-1,-1
19.2423,veh4,drop_decision_no_action,6,19234,20592,-1,-1,-1,-1,-1
19.2468,veh4,drop_decision_no_action,11,19238,20596,-1,-1,-1,-1,-1
19.3026,veh4,drop_decision_no_action,3,19301,20654,-1,-1,-1,-1,-1
19.3223,veh4,drop_decision_no_action,6,19315,20666,-1,-1,-1,-1,-1
19.3268,veh4,drop_decision_no_action,11,19320,20674,-1,-1,-1,-1,-1
19.3738,veh4,drop_decision_no_action,10,19355,20718,-1,-1,-1,-1,-1
19.3771,veh4,drop_decision_no_action,12,19357,20720,-1,-1,-1,-1,-1
19.3943,veh4,drop_decision_no_action,8,19384,20748,-1,-1,-1,-1,-1
19.4223,veh4,drop_decision_no_action,6,19415,20781,-1,-1,-1,-1,-1
19.4268,veh4,drop_decision_no_action,11,19420,20785,-1,-1,-1,-1,-1
19.4388,veh4,drop_decision_no_action,9,19437,20803,-1,-1,-1,-1,-1
19.4743,veh4,drop_decision_no_action,7,19455,20828,-1,-1,-1,-1,-1
19.5016,veh4,drop_decision_no_action,3,19488,20862,-1,-1,-1,-1,-1
19.5046,veh4,drop_decision_no_action,5,19486,20860,-1,-1,-1,-1,-1
19.5046,veh4,drop_decision_no_action,5,19488,20860,-1,-1,-1,-1,-1
19.5216,veh4,drop_decision_no_action,3,19501,20874,-1,-1,-1,-1,-1
19.5223,veh4,drop_decision_no_action,6,19515,20891,-1,-1,-1,-1,-1
19.6223,veh4,drop_decision_no_action,6,19615,20973,-1,-1,-1,-1,-1
19.6268,veh4,drop_decision_no_action,11,19620,20976,-1,-1,-1,-1,-1
19.6343,veh4,drop_decision_no_action,7,19630,20989,-1,-1,-1,-1,-1
19.6371,veh4,drop_decision_no_action,12,19622,20981,-1,-1,-1,-1,-1
19.6423,veh4,drop_decision_no_action,6,19634,20996,-1,-1,-1,-1,-1
19.6468,veh4,drop_decision_no_action,11,19638,21008,-1,-1,-1,-1,-1
19.7216,veh4,drop_decision_no_action,3,19701,21076,-1,-1,-1,-1,-1
19.7223,veh4,drop_decision_no_action,6,19715,21084,-1,-1,-1,-1,-1
19.7268,veh4,drop_decision_no_action,11,19720,21088,-1,-1,-1,-1,-1
19.7738,veh4,drop_decision_no_action,10,19755,21130,-1,-1,-1,-1,-1
19.7771,veh4,drop_decision_no_action,12,19757,21135,-1,-1,-1,-1,-1
19.7978,veh4,drop_decision_no_action,8,19784,21163,-1,-1,-1,-1,-1
19.8016,veh4,drop_decision_no_action,3,19788,21174,-1,-1,-1,-1,-1
19.8046,veh4,drop_decision_no_action,5,19786,21167,-1,-1,-1,-1,-1
19.8203,veh4,drop_decision_no_action,6,19815,21207,-1,-1,-1,-1,-1
19.8468,veh4,drop_decision_no_action,9,19837,21231,-1,-1,-1,-1,-1
19.8868,veh4,drop_decision_no_action,9,19881,21281,-1,-1,-1,-1,-1
19.9016,veh4,drop_decision_no_action,3,19888,21287,-1,-1,-1,-1,-1
19.9203,veh4,drop_decision_no_action,6,19915,21314,-1,-1,-1,-1,-1
19.9216,veh4,drop_decision_no_action,3,19901,21303,-1,-1,-1,-1,-1
19.9738,veh4,drop_decision_no_action,10,19970,21368,-1,-1,-1,-1,-1
20.0203,veh4,drop_decision_no_action,6,20015,21400,-1,-1,-1,-1,-1
20.0268,veh4,drop_decision_no_action,11,20020,21409,-1,-1,-1,-1,-1
20.0343,veh4,drop_decision_no_action,2,20023,21412,-1,-1,-1,-1,-1
20.0403,veh4,drop_decision_no_action,6,20034,21424,-1,-1,-1,-1,-1
20.0468,veh4,drop_decision_no_action,11,20038,21432,-1,-1,-1,-1,-1
20.0978,veh4,drop_decision_no_action,8,20079,21485,-1,-1,-1,-1,-1
20.0998,veh4,drop_decision_no_action,5,20086,21490,-1,-1,-1,-1,-1
20.1143,veh4,drop_decision_no_action,2,20095,21494,-1,-1,-1,-1,-1
20.1203,veh4,drop_decision_no_action,6,20115,21524,-1,-1,-1,-1,-1
20.1216,veh4,drop_decision_no_action,3,20101,21507,-1,-1,-1,-1,-1
20.1693,veh4,drop_decision_no_action,10,20155,21566,-1,-1,-1,-1,-1
20.1771,veh4,drop_decision_no_action,12,20157,21571,-1,-1,-1,-1,-1
20.1893,veh4,drop_decision_no_action,10,20170,21587,-1,-1,-1,-1,-1
20.1978,veh4,drop_decision_no_action,8,20184,21609,-1,-1,-1,-1,-1
20.2203,veh4,drop_decision_no_action,6,20215,21646,-1,-1,-1,-1,-1
20.2216,veh4,drop_decision_no_action,3,20201,21634,-1,-1,-1,-1,-1
20.2228,veh4,drop_decision_no_action,11,20220,21654,-1,-1,-1,-1,-1
20.2403,veh4,drop_decision_no_action,6,20234,21674,-1,-1,-1,-1,-1
20.2468,veh4,drop_decision_no_action,9,20237,21681,-1,-1,-1,-1,-1
20.2868,veh4,drop_decision_no_action,9,20281,21739,-1,-1,-1,-1,-1
20.3203,veh4,drop_decision_no_action,6,20315,21765,-1,-1,-1,-1,-1
20.3216,veh4,drop_decision_no_action,3,20301,21758,-1,-1,-1,-1,-1
20.3998,veh4,drop_decision_no_action,5,20386,21838,-1,-1,-1,-1,-1
20.3998,veh4,drop_decision_no_action,5,20388,21838,-1,-1,-1,-1,-1
20.4038,veh4,drop_decision_no_action,2,20395,21842,-1,-1,-1,-1,-1
20.4203,veh4,drop_decision_no_action,6,20415,21868,-1,-1,-1,-1,-1
20.4216,veh4,drop_decision_no_action,3,20401,21851,-1,-1,-1,-1,-1
20.4403,veh4,drop_decision_no_action,6,20434,21893,-1,-1,-1,-1,-1
20.4428,veh4,drop_decision_no_action,11,20438,21898,-1,-1,-1,-1,-1
20.4953,veh4,drop_decision_no_action,5,20488,21951,-1,-1,-1,-1,-1
20.5196,veh4,drop_decision_no_action,3,20501,21964,-1,-1,-1,-1,-1
20.5203,veh4,drop_decision_no_action,6,20515,21974,-1,-1,-1,-1,-1
20.5228,veh4,drop_decision_no_action,11,20520,21984,-1,-1,-1,-1,-1
20.5628,veh4,drop_decision_no_action,12,20557,22021,-1,-1,-1,-1,-1
20.5868,veh4,drop_decision_no_action,9,20581,22057,-1,-1,-1,-1,-1
20.5953,veh4,drop_decision_no_action,5,20588,22068,-1,-1,-1,-1,-1
20.5978,veh4,drop_decision_no_action,8,20579,22053,-1,-1,-1,-1,-1
20.5978,veh4,drop_decision_no_action,8,20584,22053,-1,-1,-1,-1,-1
20.6196,veh4,drop_decision_no_action,3,20601,22101,-1,-1,-1,-1,-1
20.6206,veh4,drop_decision_no_action,6,20615,22117,-1,-1,-1,-1,-1
20.6368,veh4,drop_decision_no_action,11,20620,22126,-1,-1,-1,-1,-1
20.6406,veh4,drop_decision_no_action,6,20634,22154,-1,-1,-1,-1,-1
20.6468,veh4,drop_decision_no_action,9,20637,22160,-1,-1,-1,-1,-1
20.6868,veh4,drop_decision_no_action,9,20681,22223,-1,-1,-1,-1,-1
20.6953,veh4,drop_decision_no_action,5,20686,22228,-1,-1,-1,-1,-1
20.7196,veh4,drop_decision_no_action,3,20701,22256,-1,-1,-1,-1,-1
20.7206,veh4,drop_decision_no_action,6,20715,22268,-1,-1,-1,-1,-1
20.7228,veh4,drop_decision_no_action,11,20720,22276,-1,-1,-1,-1,-1
20.7473,veh4,drop_decision_no_action,7,20630,22147,-1,-1,-1,-1,-1
20.7473,veh4,drop_decision_no_action,7,20655,22192,-1,-1,-1,-1,-1
20.7881,veh4,drop_decision_no_action,9,20781,22333,-1,-1,-1,-1,-1
20.7953,veh4,drop_decision_no_action,5,20788,22343,-1,-1,-1,-1,-1
20.8206,veh4,drop_decision_no_action,6,20815,22385,-1,-1,-1,-1,-1
20.8228,veh4,drop_decision_no_action,11,20820,22391,-1,-1,-1,-1,-1
20.8406,veh4,drop_decision_no_action,6,20834,22407,-1,-1,-1,-1,-1
20.8428,veh4,drop_decision_no_action,11,20838,22412,-1,-1,-1,-1,-1
20.8881,veh4,drop_decision_no_action,9,20881,22468,-1,-1,-1,-1,-1
20.9206,veh4,drop_decision_no_action,6,20915,22504,-1,-1,-1,-1,-1
20.9228,veh4,drop_decision_no_action,11,20920,22513,-1,-1,-1,-1,-1
20.9711,veh4,drop_decision_no_action,10,20870,22450,-1,-1,-1,-1,-1
20.9711,veh4,drop_decision_no_action,10,20955,22550,-1,-1,-1,-1,-1
20.9711,veh4,drop_decision_no_action,10,20970,22550,-1,-1,-1,-1,-1
20.9933,veh4,drop_decision_no_action,8,20984,22590,-1,-1,-1,-1,-1
20.9953,veh4,drop_decision_no_action,5,20986,22591,-1,-1,-1,-1,-1
21.0196,veh4,drop_decision_no_action,3,20901,22494,-1,-1,-1,-1,-1
21.0206,veh4,drop_decision_no_action,6,21015,22623,-1,-1,-1,-1,-1
21.0228,veh4,drop_decision_no_action,11,21020,22629,-1,-1,-1,-1,-1
21.0406,veh4,drop_decision_no_action,6,21034,22647,-1,-1,-1,-1,-1
21.0438,veh4,drop_decision_no_action,2,21023,22635,-1,-1,-1,-1,-1
21.0481,veh4,drop_decision_no_action,9,21037,22649,-1,-1,-1,-1,-1
21.0591,veh4,drop_decision_no_action,12,20957,22551,-1,-1,-1,-1,-1
21.0673,veh4,drop_decision_no_action,7,21055,22684,-1,-1,-1,-1,-1
21.0933,veh4,drop_decision_no_action,8,21079,22710,-1,-1,-1,-1,-1
21.1038,veh4,drop_decision_no_action,2,21095,22726,-1,-1,-1,-1,-1
21.1196,veh4,drop_decision_no_action,3,21101,22730,-1,-1,-1,-1,-1
21.1206,veh4,drop_decision_no_action,6,21115,22750,-1,-1,-1,-1,-1
21.1228,veh4,drop_decision_no_action,11,21120,22759,-1,-1,-1,-1,-1
21.2206,veh4,drop_decision_no_action,6,21215,22837,-1,-1,-1,-1,-1
21.2228,veh4,drop_decision_no_action,11,21220,22843,-1,-1,-1,-1,-1
21.2406,veh4,drop_decision_no_action,6,21234,22860,-1,-1,-1,-1,-1
21.2428,veh4,drop_decision_no_action,11,21238,22862,-1,-1,-1,-1,-1
21.2953,veh4,drop_decision_no_action,5,21286,22915,-1,-1,-1,-1,-1
21.3196,veh4,drop_decision_no_action,3,21301,22931,-1,-1,-1,-1,-1
21.3228,veh4,drop_decision_no_action,11,21320,22948,-1,-1,-1,-1,-1
21.3358,veh4,drop_decision_no_action,6,21315,22942,-1,-1,-1,-1,-1
21.3358,veh4,drop_decision_no_action,6,21334,22942,-1,-1,-1,-1,-1
21.3591,veh4,drop_decision_no_action,12,21357,22998,-1,-1,-1,-1,-1
21.3711,veh4,drop_decision_no_action,10,21355,22997,-1,-1,-1,-1,-1
21.3938,veh4,drop_decision_no_action,8,21384,23036,-1,-1,-1,-1,-1
21.4228,veh4,drop_decision_no_action,11,21420,23065,-1,-1,-1,-1,-1
21.4358,veh4,drop_decision_no_action,6,21415,23061,-1,-1,-1,-1,-1
21.4358,veh4,drop_decision_no_action,6,21434,23061,-1,-1,-1,-1,-1
21.4383,veh4,drop_decision_no_action,9,21437,23081,-1,-1,-1,-1,-1
21.4611,veh4,drop_decision_no_action,7,21455,23109,-1,-1,-1,-1,-1
21.4953,veh4,drop_decision_no_action,5,21488,23142,-1,-1,-1,-1,-1
21.4983,veh4,drop_decision_no_action,9,21481,23138,-1,-1,-1,-1,-1
21.5196,veh4,drop_decision_no_action,3,21501,23166,-1,-1,-1,-1,-1
21.5228,veh4,drop_decision_no_action,11,21520,23188,-1,-1,-1,-1,-1
21.5358,veh4,drop_decision_no_action,6,21515,23181,-1,-1,-1,-1,-1
21.5358,veh4,drop_decision_no_action,6,21534,23181,-1,-1,-1,-1,-1
21.5711,veh4,drop_decision_no_action,10,21570,23238,-1,-1,-1,-1,-1
21.6286,veh4,drop_decision_no_action,11,21620,23280,-1,-1,-1,-1,-1
21.6358,veh4,drop_decision_no_action,6,21615,23276,-1,-1,-1,-1,-1
21.6358,veh4,drop_decision_no_action,6,21634,23276,-1,-1,-1,-1,-1
21.6391,veh4,drop_decision_no_action,12,21622,23282,-1,-1,-1,-1,-1
21.6411,veh4,drop_decision_no_action,7,21630,23289,-1,-1,-1,-1,-1
21.6486,veh4,drop_decision_no_action,11,21638,23301,-1,-1,-1,-1,-1
21.7196,veh4,drop_decision_no_action,3,21701,23373,-1,-1,-1,-1,-1
21.7286,veh4,drop_decision_no_action,11,21720,23388,-1,-1,-1,-1,-1
21.7358,veh4,drop_decision_no_action,6,21715,23381,-1,-1,-1,-1,-1
21.7358,veh4,drop_decision_no_action,6,21734,23381,-1,-1,-1,-1,-1
21.7591,veh4,drop_decision_no_action,12,21757,23429,-1,-1,-1,-1,-1
21.7663,veh4,drop_decision_no_action,10,21755,23428,-1,-1,-1,-1,-1
21.7938,veh4,drop_decision_no_action,8,21784,23468,-1,-1,-1,-1,-1
21.7996,veh4,drop_decision_no_action,3,21788,23471,-1,-1,-1,-1,-1
21.8196,veh4,drop_decision_no_action,3,21801,23485,-1,-1,-1,-1,-1
21.8286,veh4,drop_decision_no_action,11,21820,23508,-1,-1,-1,-1,-1
21.8358,veh4,drop_decision_no_action,6,21815,23501,-1,-1,-1,-1,-1
21.8358,veh4,drop_decision_no_action,6,21834,23501,-1,-1,-1,-1,-1
21.8383,veh4,drop_decision_no_action,9,21837,23528,-1,-1,-1,-1,-1
21.8611,veh4,drop_decision_no_action,7,21855,23556,-1,-1,-1,-1,-1
21.8863,veh4,drop_decision_no_action,10,21870,23570,-1,-1,-1,-1,-1
21.8983,veh4,drop_decision_no_action,9,21881,23587,-1,-1,-1,-1,-1
21.9196,veh4,drop_decision_no_action,3,21901,23618,-1,-1,-1,-1,-1
21.9286,veh4,drop_decision_no_action,11,21920,23643,-1,-1,-1,-1,-1
21.9358,veh4,drop_decision_no_action,6,21915,23636,-1,-1,-1,-1,-1
21.9358,veh4,drop_decision_no_action,6,21934,23636,-1,-1,-1,-1,-1
21.9863,veh4,drop_decision_no_action,10,21970,23695,-1,-1,-1,-1,-1
21.9983,veh4,drop_decision_no_action,9,21981,23706,-1,-1,-1,-1,-1
22.0116,veh4,drop_decision_no_action,3,22001,23737,-1,-1,-1,-1,-1
22.0286,veh4,drop_decision_no_action,11,22020,23762,-1,-1,-1,-1,-1
22.0358,veh4,drop_decision_no_action,6,22015,23759,-1,-1,-1,-1,-1
22.0436,veh4,drop_decision_no_action,2,22023,23766,-1,-1,-1,-1,-1
22.0486,veh4,drop_decision_no_action,11,22038,23786,-1,-1,-1,-1,-1
22.0863,veh4,drop_decision_no_action,10,22070,23827,-1,-1,-1,-1,-1
22.0938,veh4,drop_decision_no_action,8,21979,23702,-1,-1,-1,-1,-1
22.0938,veh4,drop_decision_no_action,8,22079,23834,-1,-1,-1,-1,-1
22.1036,veh4,drop_decision_no_action,2,22095,23853,-1,-1,-1,-1,-1
22.1116,veh4,drop_decision_no_action,3,22101,23860,-1,-1,-1,-1,-1
22.1286,veh4,drop_decision_no_action,11,22120,23885,-1,-1,-1,-1,-1
22.1358,veh4,drop_decision_no_action,6,22115,23881,-1,-1,-1,-1,-1
22.1358,veh4,drop_decision_no_action,6,22134,23881,-1,-1,-1,-1,-1
22.1591,veh4,drop_decision_no_action,12,22157,23925,-1,-1,-1,-1,-1
22.1663,veh4,drop_decision_no_action,10,22155,23924,-1,-1,-1,-1,-1
22.1863,veh4,drop_decision_no_action,10,22170,23947,-1,-1,-1,-1,-1
22.1938,veh4,drop_decision_no_action,8,22184,23962,-1,-1,-1,-1,-1
22.2116,veh4,drop_decision_no_action,3,22201,23982,-1,-1,-1,-1,-1
22.2358,veh4,drop_decision_no_action,6,22215,23997,-1,-1,-1,-1,-1
22.2403,veh4,drop_decision_no_action,9,22237,24014,-1,-1,-1,-1,-1
22.2608,veh4,drop_decision_no_action,7,22255,24038,-1,-1,-1,-1,-1
22.2888,veh4,drop_decision_no_action,5,22286,24070,-1,-1,-1,-1,-1
22.3358,veh4,drop_decision_no_action,6,22315,24094,-1,-1,-1,-1,-1
22.3358,veh4,drop_decision_no_action,6,22334,24094,-1,-1,-1,-1,-1
22.3406,veh4,drop_decision_no_action,11,22320,24098,-1,-1,-1,-1,-1
22.4116,veh4,drop_decision_no_action,3,22401,24175,-1,-1,-1,-1,-1
22.4358,veh4,drop_decision_no_action,6,22415,24186,-1,-1,-1,-1,-1
22.4406,veh4,drop_decision_no_action,11,22420,24190,-1,-1,-1,-1,-1
22.4406,veh4,drop_decision_no_action,11,22438,24190,-1,-1,-1,-1,-1
22.4608,veh4,drop_decision_no_action,7,22455,24227,-1,-1,-1,-1,-1
22.5088,veh4,drop_decision_no_action,5,22488,24263,-1,-1,-1,-1,-1
22.5358,veh4,drop_decision_no_action,6,22515,24283,-1,-1,-1,-1,-1
22.5358,veh4,drop_decision_no_action,6,22534,24283,-1,-1,-1,-1,-1
22.5406,veh4,drop_decision_no_action,11,22520,24287,-1,-1,-1,-1,-1
22.5606,veh4,drop_decision_no_action,10,22555,24323,-1,-1,-1,-1,-1
22.5753,veh4,drop_decision_no_action,12,22557,24326,-1,-1,-1,-1,-1
22.5806,veh4,drop_decision_no_action,10,22570,24345,-1,-1,-1,-1,-1
22.5938,veh4,drop_decision_no_action,8,22584,24367,-1,-1,-1,-1,-1
22.6116,veh4,drop_decision_no_action,3,22601,24387,-1,-1,-1,-1,-1
22.6353,veh4,drop_decision_no_action,12,22622,24409,-1,-1,-1,-1,-1
22.6358,veh4,drop_decision_no_action,6,22615,24402,-1,-1,-1,-1,-1
22.6403,veh4,drop_decision_no_action,9,22637,24425,-1,-1,-1,-1,-1
22.6406,veh4,drop_decision_no_action,11,22620,24406,-1,-1,-1,-1,-1
22.6408,veh4,drop_decision_no_action,7,22630,24417,-1,-1,-1,-1,-1
22.6608,veh4,drop_decision_no_action,7,22655,24465,-1,-1,-1,-1,-1
22.7171,veh4,drop_decision_no_action,6,22715,24516,-1,-1,-1,-1,-1
22.7371,veh4,drop_decision_no_action,6,22734,24535,-1,-1,-1,-1,-1
22.7406,veh4,drop_decision_no_action,11,22720,24523,-1,-1,-1,-1,-1
22.7853,veh4,drop_decision_no_action,8,22779,24579,-1,-1,-1,-1,-1
22.7916,veh4,drop_decision_no_action,3,22788,24598,-1,-1,-1,-1,-1
22.8003,veh4,drop_decision_no_action,9,22781,24586,-1,-1,-1,-1,-1
22.8116,veh4,drop_decision_no_action,3,22801,24617,-1,-1,-1,-1,-1
22.8171,veh4,drop_decision_no_action,6,22815,24638,-1,-1,-1,-1,-1
22.8406,veh4,drop_decision_no_action,11,22820,24645,-1,-1,-1,-1,-1
22.8406,veh4,drop_decision_no_action,11,22838,24645,-1,-1,-1,-1,-1
22.8608,veh4,drop_decision_no_action,7,22855,24679,-1,-1,-1,-1,-1
22.9003,veh4,drop_decision_no_action,9,22881,24712,-1,-1,-1,-1,-1
22.9116,veh4,drop_decision_no_action,3,22901,24728,-1,-1,-1,-1,-1
22.9171,veh4,drop_decision_no_action,6,22915,24742,-1,-1,-1,-1,-1
22.9371,veh4,drop_decision_no_action,6,22934,24765,-1,-1,-1,-1,-1
22.9406,veh4,drop_decision_no_action,11,22920,24749,-1,-1,-1,-1,-1
22.9606,veh4,drop_decision_no_action,10,22955,24790,-1,-1,-1,-1,-1
22.9608,veh4,drop_decision_no_action,7,22955,24791,-1,-1,-1,-1,-1
22.9753,veh4,drop_decision_no_action,12,22957,24795,-1,-1,-1,-1,-1
22.9806,veh4,drop_decision_no_action,10,22970,24819,-1,-1,-1,-1,-1
22.9853,veh4,drop_decision_no_action,8,22984,24843,-1,-1,-1,-1,-1
23.0116,veh4,drop_decision_no_action,3,23001,24864,-1,-1,-1,-1,-1
23.0171,veh4,drop_decision_no_action,6,23015,24877,-1,-1,-1,-1,-1
23.0403,veh4,drop_decision_no_action,9,23037,24903,-1,-1,-1,-1,-1
23.0406,veh4,drop_decision_no_action,11,23020,24884,-1,-1,-1,-1,-1
23.0426,veh4,drop_decision_no_action,2,23023,24890,-1,-1,-1,-1,-1
23.0608,veh4,drop_decision_no_action,7,23055,24933,-1,-1,-1,-1,-1
23.0806,veh4,drop_decision_no_action,10,23070,24953,-1,-1,-1,-1,-1
23.0853,veh4,drop_decision_no_action,8,23079,24964,-1,-1,-1,-1,-1
23.1026,veh4,drop_decision_no_action,2,23095,24989,-1,-1,-1,-1,-1
23.1116,veh4,drop_decision_no_action,3,23101,24999,-1,-1,-1,-1,-1
23.1171,veh4,drop_decision_no_action,6,23115,25019,-1,-1,-1,-1,-1
23.1371,veh4,drop_decision_no_action,6,23134,25042,-1,-1,-1,-1,-1
23.1406,veh4,drop_decision_no_action,11,23120,25026,-1,-1,-1,-1,-1
23.1608,veh4,drop_decision_no_action,7,23155,25067,-1,-1,-1,-1,-1
23.1853,veh4,drop_decision_no_action,8,23184,25104,-1,-1,-1,-1,-1
23.1893,veh4,drop_decision_no_action,10,23170,25088,-1,-1,-1,-1,-1
23.2003,veh4,drop_decision_no_action,9,23181,25102,-1,-1,-1,-1,-1
23.2116,veh4,drop_decision_no_action,3,23201,25136,-1,-1,-1,-1,-1
23.2171,veh4,drop_decision_no_action,6,23215,25154,-1,-1,-1,-1,-1
23.2353,veh4,drop_decision_no_action,12,23222,25165,-1,-1,-1,-1,-1
23.2371,veh4,drop_decision_no_action,6,23234,25178,-1,-1,-1,-1,-1
23.2406,veh4,drop_decision_no_action,11,23220,25160,-1,-1,-1,-1,-1
23.2606,veh4,drop_decision_no_action,11,23238,25160,-1,-1,-1,-1,-1
23.2608,veh4,drop_decision_no_action,7,23255,25211,-1,-1,-1,-1,-1
23.2871,veh4,drop_decision_no_action,5,23286,25255,-1,-1,-1,-1,-1
23.2893,veh4,drop_decision_no_action,10,23270,25235,-1,-1,-1,-1,-1
23.2898,veh4,drop_decision_no_action,8,23279,25249,-1,-1,-1,-1,-1
23.3003,veh4,drop_decision_no_action,9,23281,25253,-1,-1,-1,-1,-1
23.3116,veh4,drop_decision_no_action,3,23301,25293,-1,-1,-1,-1,-1
23.3171,veh4,drop_decision_no_action,6,23315,25312,-1,-1,-1,-1,-1
23.3248,veh4,drop_decision_no_action,11,23320,25317,-1,-1,-1,-1,-1
23.3371,veh4,drop_decision_no_action,6,23334,25342,-1,-1,-1,-1,-1
23.3646,veh4,drop_decision_no_action,7,23355,25369,-1,-1,-1,-1,-1
23.3693,veh4,drop_decision_no_action,10,23355,25368,-1,-1,-1,-1,-1
23.3753,veh4,drop_decision_no_action,12,23357,25371,-1,-1,-1,-1,-1
23.3893,veh4,drop_decision_no_action,10,23370,25391,-1,-1,-1,-1,-1
23.3898,veh4,drop_decision_no_action,8,23379,25409,-1,-1,-1,-1,-1
23.3898,veh4,drop_decision_no_action,8,23384,25409,-1,-1,-1,-1,-1
23.3978,veh4,drop_decision_no_action,9,23381,25412,-1,-1,-1,-1,-1
23.4171,veh4,drop_decision_no_action,6,23415,25467,-1,-1,-1,-1,-1
23.4248,veh4,drop_decision_no_action,11,23420,25472,-1,-1,-1,-1,-1
23.4371,veh4,drop_decision_no_action,6,23434,25492,-1,-1,-1,-1,-1
23.4378,veh4,drop_decision_no_action,9,23437,25498,-1,-1,-1,-1,-1
23.4646,veh4,drop_decision_no_action,7,23455,25522,-1,-1,-1,-1,-1
23.4893,veh4,drop_decision_no_action,10,23470,25540,-1,-1,-1,-1,-1
23.4978,veh4,drop_decision_no_action,9,23481,25551,-1,-1,-1,-1,-1
23.5071,veh4,drop_decision_no_action,5,23488,25559,-1,-1,-1,-1,-1
23.5091,veh4,drop_decision_no_action,3,23501,25584,-1,-1,-1,-1,-1
23.5171,veh4,drop_decision_no_action,6,23515,25604,-1,-1,-1,-1,-1
23.5248,veh4,drop_decision_no_action,11,23520,25613,-1,-1,-1,-1,-1
23.5371,veh4,drop_decision_no_action,6,23534,25635,-1,-1,-1,-1,-1
23.5893,veh4,drop_decision_no_action,10,23570,25674,-1,-1,-1,-1,-1
23.5898,veh4,drop_decision_no_action,8,23584,25687,-1,-1,-1,-1,-1
23.5978,veh4,drop_decision_no_action,9,23581,25685,-1,-1,-1,-1,-1
23.6171,veh4,drop_decision_no_action,6,23615,25735,-1,-1,-1,-1,-1
23.6248,veh4,drop_decision_no_action,11,23620,25740,-1,-1,-1,-1,-1
23.6308,veh4,drop_decision_no_action,12,23622,25743,-1,-1,-1,-1,-1
23.6371,veh4,drop_decision_no_action,6,23634,25766,-1,-1,-1,-1,-1
23.6448,veh4,drop_decision_no_action,11,23638,25773,-1,-1,-1,-1,-1
23.6893,veh4,drop_decision_no_action,10,23670,25820,-1,-1,-1,-1,-1
23.6898,veh4,drop_decision_no_action,8,23679,25827,-1,-1,-1,-1,-1
23.6978,veh4,drop_decision_no_action,9,23681,25828,-1,-1,-1,-1,-1
23.7091,veh4,drop_decision_no_action,3,23701,25864,-1,-1,-1,-1,-1
23.7248,veh4,drop_decision_no_action,11,23720,25888,-1,-1,-1,-1,-1
23.7313,veh4,drop_decision_no_action,6,23715,25882,-1,-1,-1,-1,-1
23.7446,veh4,drop_decision_no_action,7,23630,25758,-1,-1,-1,-1,-1
23.7513,veh4,drop_decision_no_action,6,23734,25908,-1,-1,-1,-1,-1
23.7693,veh4,drop_decision_no_action,10,23755,25930,-1,-1,-1,-1,-1
23.7708,veh4,drop_decision_no_action,12,23757,25932,-1,-1,-1,-1,-1
23.7891,veh4,drop_decision_no_action,3,23788,25988,-1,-1,-1,-1,-1
23.7893,veh4,drop_decision_no_action,10,23770,25956,-1,-1,-1,-1,-1
23.7898,veh4,drop_decision_no_action,8,23779,25973,-1,-1,-1,-1,-1
23.7898,veh4,drop_decision_no_action,8,23784,25973,-1,-1,-1,-1,-1
23.7978,veh4,drop_decision_no_action,9,23781,25975,-1,-1,-1,-1,-1
23.8248,veh4,drop_decision_no_action,11,23820,26039,-1,-1,-1,-1,-1
23.8313,veh4,drop_decision_no_action,6,23815,26037,-1,-1,-1,-1,-1
23.8378,veh4,drop_decision_no_action,9,23837,26061,-1,-1,-1,-1,-1
23.8893,veh4,drop_decision_no_action,10,23870,26097,-1,-1,-1,-1,-1
23.8978,veh4,drop_decision_no_action,9,23881,26104,-1,-1,-1,-1,-1
23.9091,veh4,drop_decision_no_action,3,23901,26136,-1,-1,-1,-1,-1
23.9248,veh4,drop_decision_no_action,11,23920,26157,-1,-1,-1,-1,-1
23.9313,veh4,drop_decision_no_action,6,23915,26151,-1,-1,-1,-1,-1
23.9513,veh4,drop_decision_no_action,6,23934,26177,-1,-1,-1,-1,-1
23.9871,veh4,drop_decision_no_action,8,23984,26232,-1,-1,-1,-1,-1
23.9893,veh4,drop_decision_no_action,10,23970,26219,-1,-1,-1,-1,-1
24.0313,veh4,drop_decision_no_action,6,24015,26274,-1,-1,-1,-1,-1
24.0398,veh4,drop_decision_no_action,11,24020,26278,-1,-1,-1,-1,-1
24.0398,veh4,drop_decision_no_action,11,24038,26278,-1,-1,-1,-1,-1
24.0426,veh4,drop_decision_no_action,2,24023,26280,-1,-1,-1,-1,-1
24.0871,veh4,drop_decision_no_action,8,24079,26351,-1,-1,-1,-1,-1
24.0978,veh4,drop_decision_no_action,9,24081,26352,-1,-1,-1,-1,-1
24.1026,veh4,drop_decision_no_action,2,24095,26368,-1,-1,-1,-1,-1
24.1091,veh4,drop_decision_no_action,3,24101,26385,-1,-1,-1,-1,-1
24.1313,veh4,drop_decision_no_action,6,24115,26405,-1,-1,-1,-1,-1
24.1378,veh4,drop_decision_no_action,7,24030,26286,-1,-1,-1,-1,-1
24.1398,veh4,drop_decision_no_action,11,24120,26413,-1,-1,-1,-1,-1
24.1513,veh4,drop_decision_no_action,6,24134,26425,-1,-1,-1,-1,-1
24.1578,veh4,drop_decision_no_action,7,24155,26454,-1,-1,-1,-1,-1
24.1693,veh4,drop_decision_no_action,10,24155,26453,-1,-1,-1,-1,-1
24.1708,veh4,drop_decision_no_action,12,24157,26455,-1,-1,-1,-1,-1
24.1871,veh4,drop_decision_no_action,8,24179,26498,-1,-1,-1,-1,-1
24.1871,veh4,drop_decision_no_action,8,24184,26498,-1,-1,-1,-1,-1
24.1893,veh4,drop_decision_no_action,10,24170,26483,-1,-1,-1,-1,-1
24.1978,veh4,drop_decision_no_action,9,24181,26500,-1,-1,-1,-1,-1
24.2313,veh4,drop_decision_no_action,6,24215,26560,-1,-1,-1,-1,-1
24.2378,veh4,drop_decision_no_action,9,24237,26578,-1,-1,-1,-1,-1
24.2398,veh4,drop_decision_no_action,11,24220,26564,-1,-1,-1,-1,-1
24.2871,veh4,drop_decision_no_action,5,24186,26509,-1,-1,-1,-1,-1
24.2871,veh4,drop_decision_no_action,8,24279,26630,-1,-1,-1,-1,-1
24.2871,veh4,drop_decision_no_action,8,24284,26630,-1,-1,-1,-1,-1
24.2893,veh4,drop_decision_no_action,10,24270,26620,-1,-1,-1,-1,-1
24.2978,veh4,drop_decision_no_action,9,24281,26631,-1,-1,-1,-1,-1
24.3091,veh4,drop_decision_no_action,3,24301,26671,-1,-1,-1,-1,-1
24.3313,veh4,drop_decision_no_action,6,24315,26684,-1,-1,-1,-1,-1
24.3398,veh4,drop_decision_no_action,11,24320,26692,-1,-1,-1,-1,-1
24.3513,veh4,drop_decision_no_action,6,24334,26704,-1,-1,-1,-1,-1
24.3578,veh4,drop_decision_no_action,7,24355,26737,-1,-1,-1,-1,-1
24.3871,veh4,drop_decision_no_action,5,24386,26780,-1,-1,-1,-1,-1
24.3871,veh4,drop_decision_no_action,8,24379,26773,-1,-1,-1,-1,-1
24.3871,veh4,drop_decision_no_action,8,24384,26773,-1,-1,-1,-1,-1
24.3893,veh4,drop_decision_no_action,10,24370,26763,-1,-1,-1,-1,-1
24.3978,veh4,drop_decision_no_action,9,24381,26774,-1,-1,-1,-1,-1
24.4091,veh4,drop_decision_no_action,3,24401,26821,-1,-1,-1,-1,-1
24.4313,veh4,drop_decision_no_action,6,24415,26835,-1,-1,-1,-1,-1
24.4378,veh4,drop_decision_no_action,9,24437,26856,-1,-1,-1,-1,-1
24.4398,veh4,drop_decision_no_action,11,24420,26843,-1,-1,-1,-1,-1
24.4598,veh4,drop_decision_no_action,11,24438,26843,-1,-1,-1,-1,-1
24.4871,veh4,drop_decision_no_action,8,24484,26918,-1,-1,-1,-1,-1
24.4978,veh4,drop_decision_no_action,9,24481,26915,-1,-1,-1,-1,-1
24.5033,veh4,drop_decision_no_action,3,24501,26949,-1,-1,-1,-1,-1
24.5071,veh4,drop_decision_no_action,5,24488,26927,-1,-1,-1,-1,-1
24.5313,veh4,drop_decision_no_action,6,24515,26969,-1,-1,-1,-1,-1
24.5398,veh4,drop_decision_no_action,11,24520,26976,-1,-1,-1,-1,-1
24.5513,veh4,drop_decision_no_action,6,24534,26988,-1,-1,-1,-1,-1
24.5578,veh4,drop_decision_no_action,7,24555,27018,-1,-1,-1,-1,-1
24.5628,veh4,drop_decision_no_action,10,24555,27017,-1,-1,-1,-1,-1
24.5708,veh4,drop_decision_no_action,12,24557,27019,-1,-1,-1,-1,-1
24.5736,veh4,crash_mode_restore,-1,-1,18446744073709551615,-1,-1,-1,-1,-1
24.5828,veh4,drop_decision_no_action,10,24570,27048,-1,-1,-1,-1,-1
24.5871,veh4,drop_decision_no_action,5,24586,27076,-1,-1,-1,-1,-1
24.5871,veh4,drop_decision_no_action,8,24579,27063,-1,-1,-1,-1,-1
24.5871,veh4,drop_decision_no_action,8,24584,27063,-1,-1,-1,-1,-1
24.5978,veh4,drop_decision_no_action,9,24581,27064,-1,-1,-1,-1,-1
24.6033,veh4,drop_decision_no_action,3,24601,27114,-1,-1,-1,-1,-1
24.6313,veh4,drop_decision_no_action,6,24615,27131,-1,-1,-1,-1,-1
24.6378,veh4,drop_decision_no_action,9,24637,27151,-1,-1,-1,-1,-1
24.6398,veh4,drop_decision_no_action,11,24620,27135,-1,-1,-1,-1,-1
24.6453,veh4,drop_decision_no_action,12,24622,27137,-1,-1,-1,-1,-1
24.6453,veh4,crash_mode_forced_speed,12,24622,27137,-1,-1,-1,-1,30
24.6513,veh4,drop_decision_no_action,6,24634,27148,-1,-1,-1,-1,-1
24.6828,veh4,drop_decision_no_action,10,24670,27214,-1,-1,-1,-1,-1
24.6871,veh4,drop_decision_no_action,8,24684,27230,-1,-1,-1,-1,-1
24.6978,veh4,drop_decision_no_action,9,24681,27225,-1,-1,-1,-1,-1
24.7033,veh4,drop_decision_no_action,3,24701,27265,-1,-1,-1,-1,-1
24.7293,veh4,drop_decision_no_action,6,24715,27281,-1,-1,-1,-1,-1
24.7398,veh4,drop_decision_no_action,11,24720,27285,-1,-1,-1,-1,-1
24.7493,veh4,drop_decision_no_action,6,24734,27296,-1,-1,-1,-1,-1
24.7871,veh4,drop_decision_no_action,5,24786,27369,-1,-1,-1,-1,-1
24.7871,veh4,drop_decision_no_action,8,24779,27358,-1,-1,-1,-1,-1
24.7871,veh4,drop_decision_no_action,8,24784,27358,-1,-1,-1,-1,-1
24.7888,veh4,drop_decision_no_action,9,24781,27360,-1,-1,-1,-1,-1
24.8033,veh4,drop_decision_no_action,3,24788,27382,-1,-1,-1,-1,-1
24.8033,veh4,drop_decision_no_action,3,24801,27382,-1,-1,-1,-1,-1
24.8293,veh4,drop_decision_no_action,6,24815,27426,-1,-1,-1,-1,-1
24.8398,veh4,drop_decision_no_action,11,24820,27429,-1,-1,-1,-1,-1
24.8488,veh4,drop_decision_no_action,9,24837,27444,-1,-1,-1,-1,-1
24.8493,veh4,drop_decision_no_action,6,24834,27441,-1,-1,-1,-1,-1
24.8578,veh4,drop_decision_no_action,7,24755,27325,-1,-1,-1,-1,-1
24.8598,veh4,drop_decision_no_action,11,24838,27429,-1,-1,-1,-1,-1
24.8888,veh4,drop_decision_no_action,9,24881,27511,-1,-1,-1,-1,-1
24.9033,veh4,drop_decision_no_action,3,24901,27543,-1,-1,-1,-1,-1
24.9293,veh4,drop_decision_no_action,6,24915,27560,-1,-1,-1,-1,-1
24.9398,veh4,drop_decision_no_action,11,24920,27563,-1,-1,-1,-1,-1
24.9493,veh4,drop_decision_no_action,6,24934,27575,-1,-1,-1,-1,-1
24.9578,veh4,drop_decision_no_action,7,24955,27605,-1,-1,-1,-1,-1
24.9611,veh4,drop_decision_no_action,12,24957,27606,-1,-1,-1,-1,-1
24.9826,veh4,drop_decision_no_action,8,24979,27652,-1,-1,-1,-1,-1
24.9871,veh4,drop_decision_no_action,5,24986,27666,-1,-1,-1,-1,-1
24.9888,veh4,drop_decision_no_action,9,24981,27654,-1,-1,-1,-1,-1
25.0026,veh4,drop_decision_no_action,8,24984,27665,-1,-1,-1,-1,-1
25.0293,veh4,drop_decision_no_action,6,25015,27715,-1,-1,-1,-1,-1
25.0346,veh4,drop_decision_no_action,2,25023,27728,-1,-1,-1,-1,-1
25.0368,veh4,drop_decision_no_action,11,25020,27721,-1,-1,-1,-1,-1
25.0411,veh4,drop_decision_no_action,12,25022,27724,-1,-1,-1,-1,-1
25.0488,veh4,drop_decision_no_action,9,25037,27744,-1,-1,-1,-1,-1
25.0493,veh4,drop_decision_no_action,6,25034,27735,-1,-1,-1,-1,-1
25.0578,veh4,drop_decision_no_action,7,25055,27781,-1,-1,-1,-1,-1
25.0826,veh4,drop_decision_no_action,8,25079,27817,-1,-1,-1,-1,-1
25.0888,veh4,drop_decision_no_action,9,25081,27819,-1,-1,-1,-1,-1
25.1033,veh4,drop_decision_no_action,3,25101,27852,-1,-1,-1,-1,-1
25.1146,veh4,drop_decision_no_action,2,25095,27838,-1,-1,-1,-1,-1
25.1293,veh4,drop_decision_no_action,6,25115,27871,-1,-1,-1,-1,-1
25.1368,veh4,drop_decision_no_action,11,25120,27876,-1,-1,-1,-1,-1
25.1493,veh4,drop_decision_no_action,6,25134,27891,-1,-1,-1,-1,-1
25.1563,veh4,drop_decision_no_action,7,25155,27920,-1,-1,-1,-1,-1
25.1826,veh4,drop_decision_no_action,8,25179,27951,-1,-1,-1,-1,-1
25.1871,veh4,drop_decision_no_action,5,25186,27963,-1,-1,-1,-1,-1
25.1888,veh4,drop_decision_no_action,9,25181,27953,-1,-1,-1,-1,-1
25.2026,veh4,drop_decision_no_action,8,25184,27962,-1,-1,-1,-1,-1
25.2293,veh4,drop_decision_no_action,6,25215,28007,-1,-1,-1,-1,-1
25.2368,veh4,drop_decision_no_action,11,25220,28013,-1,-1,-1,-1,-1
25.2488,veh4,drop_decision_no_action,9,25237,28032,-1,-1,-1,-1,-1
25.2493,veh4,drop_decision_no_action,6,25234,28025,-1,-1,-1,-1,-1
25.2563,veh4,drop_decision_no_action,7,25255,28058,-1,-1,-1,-1,-1
25.2568,veh4,drop_decision_no_action,11,25238,28033,-1,-1,-1,-1,-1
25.2888,veh4,drop_decision_no_action,9,25281,28102,-1,-1,-1,-1,-1
25.3033,veh4,drop_decision_no_action,3,25301,28127,-1,-1,-1,-1,-1
25.3368,veh4,drop_decision_no_action,11,25320,28146,-1,-1,-1,-1,-1
25.3493,veh4,drop_decision_no_action,6,25334,28156,-1,-1,-1,-1,-1
25.3611,veh4,drop_decision_no_action,12,25357,28194,-1,-1,-1,-1,-1
25.3826,veh4,drop_decision_no_action,8,25379,28236,-1,-1,-1,-1,-1
25.3871,veh4,drop_decision_no_action,5,25386,28250,-1,-1,-1,-1,-1
25.3888,veh4,drop_decision_no_action,9,25381,28238,-1,-1,-1,-1,-1
25.4026,veh4,drop_decision_no_action,8,25384,28249,-1,-1,-1,-1,-1
25.4293,veh4,drop_decision_no_action,6,25415,28299,-1,-1,-1,-1,-1
25.4368,veh4,drop_decision_no_action,11,25420,28305,-1,-1,-1,-1,-1
25.4411,veh4,drop_decision_no_action,12,25422,28308,-1,-1,-1,-1,-1
25.4488,veh4,drop_decision_no_action,9,25437,28324,-1,-1,-1,-1,-1
25.5033,veh4,drop_decision_no_action,3,25501,28398,-1,-1,-1,-1,-1
25.5071,veh4,drop_decision_no_action,5,25488,28391,-1,-1,-1,-1,-1
25.5321,veh4,drop_decision_no_action,11,25520,28422,-1,-1,-1,-1,-1
25.5513,veh4,drop_decision_no_action,6,25534,28434,-1,-1,-1,-1,-1
25.5548,veh4,drop_decision_no_action,9,25537,28438,-1,-1,-1,-1,-1
25.5563,veh4,drop_decision_no_action,7,25455,28352,-1,-1,-1,-1,-1
25.5988,veh4,drop_decision_no_action,8,25584,28493,-1,-1,-1,-1,-1
25.6056,veh4,drop_decision_no_action,5,25586,28495,-1,-1,-1,-1,-1
25.6321,veh4,drop_decision_no_action,11,25620,28526,-1,-1,-1,-1,-1
25.6363,veh4,drop_decision_no_action,7,25630,28535,-1,-1,-1,-1,-1
25.6411,veh4,drop_decision_no_action,12,25622,28528,-1,-1,-1,-1,-1
25.6521,veh4,drop_decision_no_action,11,25638,28549,-1,-1,-1,-1,-1
25.6548,veh4,drop_decision_no_action,9,25637,28545,-1,-1,-1,-1,-1
25.6563,veh4,drop_decision_no_action,7,25655,28578,-1,-1,-1,-1,-1
25.7033,veh4,drop_decision_no_action,3,25701,28629,-1,-1,-1,-1,-1
25.7321,veh4,drop_decision_no_action,11,25720,28647,-1,-1,-1,-1,-1
25.7513,veh4,drop_decision_no_action,6,25734,28658,-1,-1,-1,-1,-1
25.7548,veh4,drop_decision_no_action,9,25737,28660,-1,-1,-1,-1,-1
25.7611,veh4,drop_decision_no_action,12,25757,28685,-1,-1,-1,-1,-1
25.7988,veh4,drop_decision_no_action,8,25784,28735,-1,-1,-1,-1,-1
25.8033,veh4,drop_decision_no_action,3,25788,28741,-1,-1,-1,-1,-1
25.8056,veh4,drop_decision_no_action,5,25786,28737,-1,-1,-1,-1,-1
25.8321,veh4,drop_decision_no_action,11,25820,28781,-1,-1,-1,-1,-1
25.8411,veh4,drop_decision_no_action,12,25822,28783,-1,-1,-1,-1,-1
25.8513,veh4,drop_decision_no_action,6,25834,28795,-1,-1,-1,-1,-1
25.8548,veh4,drop_decision_no_action,9,25837,28797,-1,-1,-1,-1,-1
25.8606,veh4,drop_decision_no_action,7,25855,28827,-1,-1,-1,-1,-1
25.8828,veh4,drop_decision_no_action,10,25770,28716,-1,-1,-1,-1,-1
25.8828,veh4,drop_decision_no_action,10,25870,28854,-1,-1,-1,-1,-1
25.8948,veh4,drop_decision_no_action,9,25881,28870,-1,-1,-1,-1,-1
25.9123,veh4,drop_decision_no_action,3,25901,28892,-1,-1,-1,-1,-1
25.9321,veh4,drop_decision_no_action,11,25920,28909,-1,-1,-1,-1,-1
25.9513,veh4,drop_decision_no_action,6,25934,28922,-1,-1,-1,-1,-1
25.9548,veh4,drop_decision_no_action,9,25937,28924,-1,-1,-1,-1,-1
25.9808,veh4,drop_decision_no_action,10,25970,28966,-1,-1,-1,-1,-1
25.9988,veh4,drop_decision_no_action,8,25984,28982,-1,-1,-1,-1,-1
26.0056,veh4,drop_decision_no_action,5,25986,28984,-1,-1,-1,-1,-1
26.0288,veh4,drop_decision_no_action,2,26023,29026,-1,-1,-1,-1,-1
26.0313,veh4,drop_decision_no_action,6,26015,29017,-1,-1,-1,-1,-1
26.0321,veh4,drop_decision_no_action,11,26020,29022,-1,-1,-1,-1,-1
26.0513,veh4,drop_decision_no_action,6,26034,29039,-1,-1,-1,-1,-1
26.0521,veh4,drop_decision_no_action,11,26038,29044,-1,-1,-1,-1,-1
26.0548,veh4,drop_decision_no_action,9,26037,29043,-1,-1,-1,-1,-1
26.0606,veh4,drop_decision_no_action,7,26055,29077,-1,-1,-1,-1,-1
26.0988,veh4,drop_decision_no_action,8,26079,29118,-1,-1,-1,-1,-1
26.0988,veh4,drop_decision_no_action,8,26084,29118,-1,-1,-1,-1,-1
26.1088,veh4,drop_decision_no_action,2,26095,29130,-1,-1,-1,-1,-1
26.1123,veh4,drop_decision_no_action,3,26101,29138,-1,-1,-1,-1,-1
26.1288,veh4,drop_decision_no_action,11,26120,29162,-1,-1,-1,-1,-1
26.1471,veh4,drop_decision_no_action,6,26134,29177,-1,-1,-1,-1,-1
26.1608,veh4,drop_decision_no_action,10,26155,29200,-1,-1,-1,-1,-1
26.1691,veh4,drop_decision_no_action,12,26157,29203,-1,-1,-1,-1,-1
26.1988,veh4,drop_decision_no_action,8,26184,29239,-1,-1,-1,-1,-1
26.2056,veh4,drop_decision_no_action,5,26186,29243,-1,-1,-1,-1,-1
26.2288,veh4,drop_decision_no_action,11,26220,29276,-1,-1,-1,-1,-1
26.2471,veh4,drop_decision_no_action,6,26234,29289,-1,-1,-1,-1,-1
26.2548,veh4,drop_decision_no_action,9,26237,29292,-1,-1,-1,-1,-1
26.2726,veh4,drop_decision_no_action,7,26255,29315,-1,-1,-1,-1,-1
26.2866,veh4,drop_decision_no_action,8,26284,29348,-1,-1,-1,-1,-1
26.3123,veh4,drop_decision_no_action,3,26301,29369,-1,-1,-1,-1,-1
26.3288,veh4,drop_decision_no_action,11,26320,29387,-1,-1,-1,-1,-1
26.3471,veh4,drop_decision_no_action,6,26334,29402,-1,-1,-1,-1,-1
26.3608,veh4,drop_decision_no_action,10,26355,29432,-1,-1,-1,-1,-1
26.3866,veh4,drop_decision_no_action,8,26384,29467,-1,-1,-1,-1,-1
26.4056,veh4,drop_decision_no_action,5,26386,29473,-1,-1,-1,-1,-1
26.4288,veh4,drop_decision_no_action,11,26420,29506,-1,-1,-1,-1,-1
26.4488,veh4,drop_decision_no_action,11,26438,29524,-1,-1,-1,-1,-1
26.4548,veh4,drop_decision_no_action,9,26437,29522,-1,-1,-1,-1,-1
26.4866,veh4,drop_decision_no_action,8,26484,29578,-1,-1,-1,-1,-1
26.5056,veh4,drop_decision_no_action,5,26488,29590,-1,-1,-1,-1,-1
26.5123,veh4,drop_decision_no_action,3,26501,29600,-1,-1,-1,-1,-1
26.5288,veh4,drop_decision_no_action,11,26520,29624,-1,-1,-1,-1,-1
26.5471,veh4,drop_decision_no_action,6,26534,29640,-1,-1,-1,-1,-1
26.5608,veh4,drop_decision_no_action,10,26555,29662,-1,-1,-1,-1,-1
26.5691,veh4,drop_decision_no_action,12,26557,29666,-1,-1,-1,-1,-1
26.5726,veh4,drop_decision_no_action,7,26455,29544,-1,-1,-1,-1,-1
26.5866,veh4,drop_decision_no_action,8,26584,29705,-1,-1,-1,-1,-1
26.6056,veh4,drop_decision_no_action,5,26586,29712,-1,-1,-1,-1,-1
26.6288,veh4,drop_decision_no_action,11,26620,29745,-1,-1,-1,-1,-1
26.6291,veh4,drop_decision_no_action,12,26622,29746,-1,-1,-1,-1,-1
26.6433,veh4,drop_decision_no_action,9,26637,29768,-1,-1,-1,-1,-1
26.7071,veh4,drop_decision_no_action,3,26701,29839,-1,-1,-1,-1,-1
26.7301,veh4,drop_decision_no_action,11,26720,29857,-1,-1,-1,-1,-1
26.7326,veh4,drop_decision_no_action,7,26630,29761,-1,-1,-1,-1,-1
26.7326,veh4,drop_decision_no_action,7,26655,29800,-1,-1,-1,-1,-1
26.7406,veh4,drop_decision_no_action,6,26734,29872,-1,-1,-1,-1,-1
26.7606,veh4,drop_decision_no_action,10,26755,29895,-1,-1,-1,-1,-1
26.7726,veh4,drop_decision_no_action,7,26755,29896,-1,-1,-1,-1,-1
26.7866,veh4,drop_decision_no_action,8,26784,29929,-1,-1,-1,-1,-1
26.8056,veh4,drop_decision_no_action,5,26786,29936,-1,-1,-1,-1,-1
26.8071,veh4,drop_decision_no_action,3,26788,29941,-1,-1,-1,-1,-1
26.8301,veh4,drop_decision_no_action,11,26820,29975,-1,-1,-1,-1,-1
26.8433,veh4,drop_decision_no_action,9,26837,29994,-1,-1,-1,-1,-1
26.8501,veh4,drop_decision_no_action,11,26838,29995,-1,-1,-1,-1,-1
26.8606,veh4,drop_decision_no_action,10,26855,30022,-1,-1,-1,-1,-1
26.8726,veh4,drop_decision_no_action,7,26855,30023,-1,-1,-1,-1,-1
26.8833,veh4,drop_decision_no_action,9,26881,30054,-1,-1,-1,-1,-1
26.9071,veh4,drop_decision_no_action,3,26901,30077,-1,-1,-1,-1,-1
26.9301,veh4,drop_decision_no_action,11,26920,30095,-1,-1,-1,-1,-1
26.9406,veh4,drop_decision_no_action,6,26934,30110,-1,-1,-1,-1,-1
26.9606,veh4,drop_decision_no_action,10,26955,30133,-1,-1,-1,-1,-1
26.9691,veh4,drop_decision_no_action,12,26957,30134,-1,-1,-1,-1,-1
26.9806,veh4,drop_decision_no_action,10,26970,30156,-1,-1,-1,-1,-1
26.9866,veh4,drop_decision_no_action,8,26984,30174,-1,-1,-1,-1,-1
26.9931,veh4,drop_decision_no_action,5,26986,30180,-1,-1,-1,-1,-1
27.0206,veh4,drop_decision_no_action,6,27015,30213,-1,-1,-1,-1,-1
27.0251,veh4,drop_decision_no_action,2,27023,30221,-1,-1,-1,-1,-1
27.0301,veh4,drop_decision_no_action,11,27020,30218,-1,-1,-1,-1,-1
27.0376,veh4,drop_decision_no_action,9,27037,30247,-1,-1,-1,-1,-1
27.0606,veh4,drop_decision_no_action,10,27055,30268,-1,-1,-1,-1,-1
27.0726,veh4,drop_decision_no_action,7,27055,30269,-1,-1,-1,-1,-1
27.0866,veh4,drop_decision_no_action,8,27079,30299,-1,-1,-1,-1,-1
27.1051,veh4,drop_decision_no_action,2,27095,30318,-1,-1,-1,-1,-1
27.1071,veh4,drop_decision_no_action,3,27101,30324,-1,-1,-1,-1,-1
27.1301,veh4,drop_decision_no_action,11,27120,30350,-1,-1,-1,-1,-1
27.1406,veh4,drop_decision_no_action,6,27134,30364,-1,-1,-1,-1,-1
27.1606,veh4,drop_decision_no_action,10,27155,30387,-1,-1,-1,-1,-1
27.1866,veh4,drop_decision_no_action,8,27184,30417,-1,-1,-1,-1,-1
27.1931,veh4,drop_decision_no_action,5,27186,30419,-1,-1,-1,-1,-1
27.2301,veh4,drop_decision_no_action,11,27220,30455,-1,-1,-1,-1,-1
27.2376,veh4,drop_decision_no_action,9,27237,30471,-1,-1,-1,-1,-1
27.2501,veh4,drop_decision_no_action,11,27238,30475,-1,-1,-1,-1,-1
27.2606,veh4,drop_decision_no_action,10,27255,30498,-1,-1,-1,-1,-1
27.2726,veh4,drop_decision_no_action,7,27255,30499,-1,-1,-1,-1,-1
27.3071,veh4,drop_decision_no_action,3,27301,30547,-1,-1,-1,-1,-1
27.3301,veh4,drop_decision_no_action,11,27320,30565,-1,-1,-1,-1,-1
27.3376,veh4,drop_decision_no_action,9,27337,30587,-1,-1,-1,-1,-1
27.3406,veh4,drop_decision_no_action,6,27334,30579,-1,-1,-1,-1,-1
27.3606,veh4,drop_decision_no_action,10,27355,30617,-1,-1,-1,-1,-1
27.3668,veh4,drop_decision_no_action,12,27357,30623,-1,-1,-1,-1,-1
27.3891,veh4,drop_decision_no_action,8,27384,30656,-1,-1,-1,-1,-1
27.4376,veh4,drop_decision_no_action,9,27437,30695,-1,-1,-1,-1,-1
27.4393,veh4,drop_decision_no_action,11,27420,30686,-1,-1,-1,-1,-1
27.4393,veh4,drop_decision_no_action,11,27438,30686,-1,-1,-1,-1,-1
27.4406,veh4,drop_decision_no_action,6,27434,30693,-1,-1,-1,-1,-1
27.4606,veh4,drop_decision_no_action,10,27455,30728,-1,-1,-1,-1,-1
27.4726,veh4,drop_decision_no_action,7,27455,30729,-1,-1,-1,-1,-1
27.5016,veh4,drop_decision_no_action,5,27488,30772,-1,-1,-1,-1,-1
27.5071,veh4,drop_decision_no_action,3,27501,30783,-1,-1,-1,-1,-1
27.5376,veh4,drop_decision_no_action,9,27537,30814,-1,-1,-1,-1,-1
27.5406,veh4,drop_decision_no_action,6,27534,30812,-1,-1,-1,-1,-1
27.5606,veh4,drop_decision_no_action,10,27555,30840,-1,-1,-1,-1,-1
27.5726,veh4,drop_decision_no_action,7,27555,30841,-1,-1,-1,-1,-1
27.5891,veh4,drop_decision_no_action,8,27584,30877,-1,-1,-1,-1,-1
27.6268,veh4,drop_decision_no_action,12,27622,30910,-1,-1,-1,-1,-1
27.6371,veh4,drop_decision_no_action,7,27630,30919,-1,-1,-1,-1,-1
27.6376,veh4,drop_decision_no_action,9,27637,30925,-1,-1,-1,-1,-1
27.6393,veh4,drop_decision_no_action,11,27638,30932,-1,-1,-1,-1,-1
27.6406,veh4,drop_decision_no_action,6,27634,30920,-1,-1,-1,-1,-1
27.6571,veh4,drop_decision_no_action,7,27655,30965,-1,-1,-1,-1,-1
27.6891,veh4,drop_decision_no_action,8,27684,31000,-1,-1,-1,-1,-1
27.7016,veh4,drop_decision_no_action,5,27686,31002,-1,-1,-1,-1,-1
27.7036,veh4,drop_decision_no_action,3,27701,31021,-1,-1,-1,-1,-1
27.7376,veh4,drop_decision_no_action,9,27737,31053,-1,-1,-1,-1,-1
27.7393,veh4,drop_decision_no_action,11,27720,31044,-1,-1,-1,-1,-1
27.7406,veh4,drop_decision_no_action,6,27734,31050,-1,-1,-1,-1,-1
27.7571,veh4,drop_decision_no_action,7,27755,31085,-1,-1,-1,-1,-1
27.7606,veh4,drop_decision_no_action,10,27755,31084,-1,-1,-1,-1,-1
27.7668,veh4,drop_decision_no_action,12,27757,31095,-1,-1,-1,-1,-1
27.7891,veh4,drop_decision_no_action,8,27784,31135,-1,-1,-1,-1,-1
27.8036,veh4,drop_decision_no_action,3,27788,31138,-1,-1,-1,-1,-1
27.8393,veh4,drop_decision_no_action,11,27838,31181,-1,-1,-1,-1,-1
27.8406,veh4,drop_decision_no_action,6,27834,31177,-1,-1,-1,-1,-1
27.8571,veh4,drop_decision_no_action,7,27855,31204,-1,-1,-1,-1,-1
27.8891,veh4,drop_decision_no_action,8,27884,31239,-1,-1,-1,-1,-1
27.8976,veh4,drop_decision_no_action,9,27881,31237,-1,-1,-1,-1,-1
27.9036,veh4,drop_decision_no_action,3,27901,31259,-1,-1,-1,-1,-1
27.9376,veh4,drop_decision_no_action,9,27937,31290,-1,-1,-1,-1,-1
27.9388,veh4,drop_decision_no_action,6,27934,31288,-1,-1,-1,-1,-1
27.9571,veh4,drop_decision_no_action,7,27955,31317,-1,-1,-1,-1,-1
27.9723,veh4,drop_decision_no_action,10,27955,31316,-1,-1,-1,-1,-1
27.9723,veh4,drop_decision_no_action,10,27970,31316,-1,-1,-1,-1,-1
27.9891,veh4,drop_decision_no_action,8,27984,31355,-1,-1,-1,-1,-1
28.0188,veh4,drop_decision_no_action,6,28015,31381,-1,-1,-1,-1,-1
28.0256,veh4,drop_decision_no_action,2,28023,31393,-1,-1,-1,-1,-1
28.0393,veh4,drop_decision_no_action,11,28020,31389,-1,-1,-1,-1,-1
28.0393,veh4,drop_decision_no_action,11,28038,31389,-1,-1,-1,-1,-1
28.0571,veh4,drop_decision_no_action,7,28055,31428,-1,-1,-1,-1,-1
28.0891,veh4,drop_decision_no_action,8,28079,31460,-1,-1,-1,-1,-1
28.1016,veh4,drop_decision_no_action,5,28086,31464,-1,-1,-1,-1,-1
28.1036,veh4,drop_decision_no_action,3,28101,31484,-1,-1,-1,-1,-1
28.1056,veh4,drop_decision_no_action,2,28095,31474,-1,-1,-1,-1,-1
28.1376,veh4,drop_decision_no_action,9,28137,31523,-1,-1,-1,-1,-1
28.1388,veh4,drop_decision_no_action,6,28134,31521,-1,-1,-1,-1,-1
28.1393,veh4,drop_decision_no_action,11,28120,31515,-1,-1,-1,-1,-1
28.1393,veh4,drop_decision_no_action,11,28138,31515,-1,-1,-1,-1,-1
28.1668,veh4,drop_decision_no_action,12,28157,31560,-1,-1,-1,-1,-1
28.1723,veh4,drop_decision_no_action,10,28155,31556,-1,-1,-1,-1,-1
28.1891,veh4,drop_decision_no_action,8,28184,31596,-1,-1,-1,-1,-1
28.2393,veh4,drop_decision_no_action,11,28220,31627,-1,-1,-1,-1,-1
28.2393,veh4,drop_decision_no_action,11,28238,31627,-1,-1,-1,-1,-1
28.2571,veh4,drop_decision_no_action,7,28255,31652,-1,-1,-1,-1,-1
28.3016,veh4,drop_decision_no_action,5,28286,31687,-1,-1,-1,-1,-1
28.3036,veh4,drop_decision_no_action,3,28301,31700,-1,-1,-1,-1,-1
28.3376,veh4,drop_decision_no_action,9,28337,31732,-1,-1,-1,-1,-1
28.3388,veh4,drop_decision_no_action,6,28334,31730,-1,-1,-1,-1,-1
28.3393,veh4,drop_decision_no_action,11,28320,31723,-1,-1,-1,-1,-1
28.3393,veh4,drop_decision_no_action,11,28338,31723,-1,-1,-1,-1,-1
28.3668,veh4,drop_decision_no_action,12,28357,31776,-1,-1,-1,-1,-1
28.3723,veh4,drop_decision_no_action,10,28355,31772,-1,-1,-1,-1,-1
28.3891,veh4,drop_decision_no_action,8,28384,31812,-1,-1,-1,-1,-1
28.4571,veh4,drop_decision_no_action,7,28455,31861,-1,-1,-1,-1,-1
28.4573,veh4,drop_decision_no_action,11,28438,31853,-1,-1,-1,-1,-1
28.5016,veh4,drop_decision_no_action,5,28486,31904,-1,-1,-1,-1,-1
28.5016,veh4,drop_decision_no_action,5,28488,31904,-1,-1,-1,-1,-1
28.5038,veh4,drop_decision_no_action,3,28501,31917,-1,-1,-1,-1,-1
28.5373,veh4,drop_decision_no_action,11,28520,31938,-1,-1,-1,-1,-1
28.5411,veh4,drop_decision_no_action,6,28534,31946,-1,-1,-1,-1,-1
28.5541,veh4,drop_decision_no_action,9,28537,31951,-1,-1,-1,-1,-1
28.5573,veh4,drop_decision_no_action,11,28538,31954,-1,-1,-1,-1,-1
28.5651,veh4,drop_decision_no_action,12,28557,31982,-1,-1,-1,-1,-1
28.5723,veh4,drop_decision_no_action,10,28555,31976,-1,-1,-1,-1,-1
28.6011,veh4,drop_decision_no_action,8,28584,32028,-1,-1,-1,-1,-1
28.6251,veh4,drop_decision_no_action,12,28622,32061,-1,-1,-1,-1,-1
28.6371,veh4,drop_decision_no_action,7,28630,32068,-1,-1,-1,-1,-1
28.6373,veh4,drop_decision_no_action,11,28620,32057,-1,-1,-1,-1,-1
28.6571,veh4,drop_decision_no_action,7,28655,32100,-1,-1,-1,-1,-1
28.6573,veh4,drop_decision_no_action,11,28638,32083,-1,-1,-1,-1,-1
28.7021,veh4,drop_decision_no_action,5,28686,32144,-1,-1,-1,-1,-1
28.7038,veh4,drop_decision_no_action,3,28701,32152,-1,-1,-1,-1,-1
28.7373,veh4,drop_decision_no_action,11,28720,32176,-1,-1,-1,-1,-1
28.7411,veh4,drop_decision_no_action,6,28734,32185,-1,-1,-1,-1,-1
28.7541,veh4,drop_decision_no_action,9,28737,32189,-1,-1,-1,-1,-1
28.7573,veh4,drop_decision_no_action,11,28738,32192,-1,-1,-1,-1,-1
28.7651,veh4,drop_decision_no_action,12,28757,32220,-1,-1,-1,-1,-1
28.7723,veh4,drop_decision_no_action,10,28755,32215,-1,-1,-1,-1,-1
28.8011,veh4,drop_decision_no_action,8,28784,32266,-1,-1,-1,-1,-1
28.8038,veh4,drop_decision_no_action,3,28788,32271,-1,-1,-1,-1,-1
28.8373,veh4,drop_decision_no_action,11,28820,32303,-1,-1,-1,-1,-1
28.8541,veh4,drop_decision_no_action,9,28837,32315,-1,-1,-1,-1,-1
28.8663,veh4,drop_decision_no_action,7,28855,32333,-1,-1,-1,-1,-1
28.8941,veh4,drop_decision_no_action,9,28881,32372,-1,-1,-1,-1,-1
28.9011,veh4,drop_decision_no_action,8,28884,32373,-1,-1,-1,-1,-1
28.9021,veh4,drop_decision_no_action,5,28886,32376,-1,-1,-1,-1,-1
28.9213,veh4,drop_decision_no_action,3,28901,32390,-1,-1,-1,-1,-1
28.9373,veh4,drop_decision_no_action,11,28920,32415,-1,-1,-1,-1,-1
28.9411,veh4,drop_decision_no_action,6,28934,32426,-1,-1,-1,-1,-1
28.9541,veh4,drop_decision_no_action,9,28937,32434,-1,-1,-1,-1,-1
28.9573,veh4,drop_decision_no_action,11,28938,32438,-1,-1,-1,-1,-1
28.9651,veh4,drop_decision_no_action,12,28957,32467,-1,-1,-1,-1,-1
28.9741,veh4,drop_decision_no_action,10,28955,32462,-1,-1,-1,-1,-1
28.9741,veh4,drop_decision_no_action,10,28970,32462,-1,-1,-1,-1,-1
29.0011,veh4,drop_decision_no_action,8,28984,32515,-1,-1,-1,-1,-1
29.0211,veh4,drop_decision_no_action,6,29015,32540,-1,-1,-1,-1,-1
29.0378,veh4,drop_decision_no_action,2,29023,32551,-1,-1,-1,-1,-1
29.0388,veh4,drop_decision_no_action,11,29020,32543,-1,-1,-1,-1,-1
29.0541,veh4,drop_decision_no_action,9,29037,32561,-1,-1,-1,-1,-1
29.0663,veh4,drop_decision_no_action,7,29055,32591,-1,-1,-1,-1,-1
29.0741,veh4,drop_decision_no_action,10,29055,32590,-1,-1,-1,-1,-1
29.0811,veh4,drop_decision_no_action,8,29079,32624,-1,-1,-1,-1,-1
29.0978,veh4,drop_decision_no_action,2,29095,32649,-1,-1,-1,-1,-1
29.1011,veh4,drop_decision_no_action,8,29084,32638,-1,-1,-1,-1,-1
29.1213,veh4,drop_decision_no_action,3,29101,32663,-1,-1,-1,-1,-1
29.1251,veh4,drop_decision_no_action,12,29122,32685,-1,-1,-1,-1,-1
29.1388,veh4,drop_decision_no_action,11,29120,32678,-1,-1,-1,-1,-1
29.1388,veh4,drop_decision_no_action,11,29138,32678,-1,-1,-1,-1,-1
29.1411,veh4,drop_decision_no_action,6,29134,32698,-1,-1,-1,-1,-1
29.1541,veh4,drop_decision_no_action,9,29137,32703,-1,-1,-1,-1,-1
29.1651,veh4,drop_decision_no_action,12,29157,32736,-1,-1,-1,-1,-1
29.1663,veh4,drop_decision_no_action,7,29155,32735,-1,-1,-1,-1,-1
29.1741,veh4,drop_decision_no_action,10,29155,32734,-1,-1,-1,-1,-1
29.2011,veh4,drop_decision_no_action,8,29184,32786,-1,-1,-1,-1,-1
29.2021,veh4,drop_decision_no_action,5,29186,32789,-1,-1,-1,-1,-1
29.2388,veh4,drop_decision_no_action,11,29220,32821,-1,-1,-1,-1,-1
29.2541,veh4,drop_decision_no_action,9,29237,32831,-1,-1,-1,-1,-1
29.2663,veh4,drop_decision_no_action,7,29255,32854,-1,-1,-1,-1,-1
29.2741,veh4,drop_decision_no_action,10,29255,32853,-1,-1,-1,-1,-1
29.3213,veh4,drop_decision_no_action,3,29301,32908,-1,-1,-1,-1,-1
29.3251,veh4,drop_decision_no_action,12,29322,32924,-1,-1,-1,-1,-1
29.3388,veh4,drop_decision_no_action,11,29320,32917,-1,-1,-1,-1,-1
29.3388,veh4,drop_decision_no_action,11,29338,32917,-1,-1,-1,-1,-1
29.3411,veh4,drop_decision_no_action,6,29334,32941,-1,-1,-1,-1,-1
29.3651,veh4,drop_decision_no_action,12,29357,32980,-1,-1,-1,-1,-1
29.3663,veh4,drop_decision_no_action,7,29355,32979,-1,-1,-1,-1,-1
29.3741,veh4,drop_decision_no_action,10,29355,32978,-1,-1,-1,-1,-1
29.4011,veh4,drop_decision_no_action,8,29384,33025,-1,-1,-1,-1,-1
29.4021,veh4,drop_decision_no_action,5,29386,33028,-1,-1,-1,-1,-1
29.4388,veh4,drop_decision_no_action,11,29420,33060,-1,-1,-1,-1,-1
29.4541,veh4,drop_decision_no_action,9,29437,33071,-1,-1,-1,-1,-1
29.4651,veh4,drop_decision_no_action,12,29457,33095,-1,-1,-1,-1,-1
29.4663,veh4,drop_decision_no_action,7,29455,33094,-1,-1,-1,-1,-1
29.4741,veh4,drop_decision_no_action,10,29455,33093,-1,-1,-1,-1,-1
29.5021,veh4,drop_decision_no_action,5,29488,33147,-1,-1,-1,-1,-1
29.5213,veh4,drop_decision_no_action,3,29501,33156,-1,-1,-1,-1,-1
29.5251,veh4,drop_decision_no_action,12,29522,33179,-1,-1,-1,-1,-1
29.5388,veh4,drop_decision_no_action,11,29520,33172,-1,-1,-1,-1,-1
29.5388,veh4,drop_decision_no_action,11,29538,33172,-1,-1,-1,-1,-1
29.5411,veh4,drop_decision_no_action,6,29534,33193,-1,-1,-1,-1,-1
29.5651,veh4,drop_decision_no_action,12,29557,33229,-1,-1,-1,-1,-1
29.5698,veh4,drop_decision_no_action,7,29555,33227,-1,-1,-1,-1,-1
29.5741,veh4,drop_decision_no_action,10,29555,33226,-1,-1,-1,-1,-1
29.5963,veh4,drop_decision_no_action,8,29584,33272,-1,-1,-1,-1,-1
29.6021,veh4,drop_decision_no_action,5,29586,33274,-1,-1,-1,-1,-1
29.6251,veh4,drop_decision_no_action,12,29622,33312,-1,-1,-1,-1,-1
29.6388,veh4,drop_decision_no_action,11,29620,33308,-1,-1,-1,-1,-1
29.6498,veh4,drop_decision_no_action,7,29630,33321,-1,-1,-1,-1,-1
29.6541,veh4,drop_decision_no_action,9,29637,33328,-1,-1,-1,-1,-1
29.6651,veh4,drop_decision_no_action,12,29657,33358,-1,-1,-1,-1,-1
29.6698,veh4,drop_decision_no_action,7,29655,33356,-1,-1,-1,-1,-1
29.7213,veh4,drop_decision_no_action,3,29701,33409,-1,-1,-1,-1,-1
29.7388,veh4,drop_decision_no_action,11,29720,33421,-1,-1,-1,-1,-1
29.7388,veh4,drop_decision_no_action,11,29738,33421,-1,-1,-1,-1,-1
29.7461,veh4,drop_decision_no_action,6,29734,33432,-1,-1,-1,-1,-1
29.7698,veh4,drop_decision_no_action,7,29755,33467,-1,-1,-1,-1,-1
29.7741,veh4,drop_decision_no_action,10,29755,33466,-1,-1,-1,-1,-1
29.7751,veh4,drop_decision_no_action,12,29757,33469,-1,-1,-1,-1,-1
29.7963,veh4,drop_decision_no_action,8,29784,33508,-1,-1,-1,-1,-1
29.8013,veh4,drop_decision_no_action,3,29788,33514,-1,-1,-1,-1,-1
29.8021,veh4,drop_decision_no_action,5,29786,33510,-1,-1,-1,-1,-1
29.8526,veh4,drop_decision_no_action,9,29837,33567,-1,-1,-1,-1,-1
29.8741,veh4,drop_decision_no_action,10,29870,33593,-1,-1,-1,-1,-1
29.8751,veh4,drop_decision_no_action,12,29857,33583,-1,-1,-1,-1,-1
29.8926,veh4,drop_decision_no_action,9,29881,33615,-1,-1,-1,-1,-1
29.9213,veh4,drop_decision_no_action,3,29901,33639,-1,-1,-1,-1,-1
29.9388,veh4,drop_decision_no_action,11,29938,33672,-1,-1,-1,-1,-1
29.9461,veh4,drop_decision_no_action,6,29934,33663,-1,-1,-1,-1,-1
29.9526,veh4,drop_decision_no_action,9,29937,33670,-1,-1,-1,-1,-1
29.9698,veh4,drop_decision_no_action,7,29955,33702,-1,-1,-1,-1,-1
29.9741,veh4,drop_decision_no_action,10,29955,33701,-1,-1,-1,-1,-1
29.9741,veh4,drop_decision_no_action,10,29970,33701,-1,-1,-1,-1,-1
29.9751,veh4,drop_decision_no_action,12,29957,33704,-1,-1,-1,-1,-1
29.9941,veh4,drop_decision_no_action,5,29986,33749,-1,-1,-1,-1,-1
29.9963,veh4,drop_decision_no_action,8,29984,33747,-1,-1,-1,-1,-1
30.0253,veh4,drop_decision_no_action,2,30023,33791,-1,-1,-1,-1,-1
30.0261,veh4,drop_decision_no_action,6,30015,33787,-1,-1,-1,-1,-1
30.0313,veh4,drop_decision_no_action,11,30020,33789,-1,-1,-1,-1,-1
30.0526,veh4,drop_decision_no_action,9,30037,33816,-1,-1,-1,-1,-1
30.0741,veh4,drop_decision_no_action,10,30070,33848,-1,-1,-1,-1,-1
30.0751,veh4,drop_decision_no_action,12,30057,33839,-1,-1,-1,-1,-1
30.0963,veh4,drop_decision_no_action,8,30079,33866,-1,-1,-1,-1,-1
30.1053,veh4,drop_decision_no_action,2,30095,33888,-1,-1,-1,-1,-1
30.1213,veh4,drop_decision_no_action,3,30101,33894,-1,-1,-1,-1,-1
30.1461,veh4,drop_decision_no_action,6,30134,33927,-1,-1,-1,-1,-1
30.1513,veh4,drop_decision_no_action,11,30138,33936,-1,-1,-1,-1,-1
30.1526,veh4,drop_decision_no_action,9,30137,33934,-1,-1,-1,-1,-1
30.1563,veh4,drop_decision_no_action,7,30155,33962,-1,-1,-1,-1,-1
30.1741,veh4,drop_decision_no_action,10,30155,33961,-1,-1,-1,-1,-1
30.1941,veh4,drop_decision_no_action,5,30186,34008,-1,-1,-1,-1,-1
30.1963,veh4,drop_decision_no_action,8,30184,34005,-1,-1,-1,-1,-1
30.2313,veh4,drop_decision_no_action,11,30220,34044,-1,-1,-1,-1,-1
30.2513,veh4,drop_decision_no_action,11,30238,34060,-1,-1,-1,-1,-1
30.2526,veh4,drop_decision_no_action,9,30237,34059,-1,-1,-1,-1,-1
30.2751,veh4,drop_decision_no_action,12,30257,34083,-1,-1,-1,-1,-1
30.2963,veh4,drop_decision_no_action,8,30284,34114,-1,-1,-1,-1,-1
30.3203,veh4,drop_decision_no_action,3,30301,34133,-1,-1,-1,-1,-1
30.3361,veh4,drop_decision_no_action,6,30334,34164,-1,-1,-1,-1,-1
30.3513,veh4,drop_decision_no_action,11,30338,34174,-1,-1,-1,-1,-1
30.3526,veh4,drop_decision_no_action,9,30337,34173,-1,-1,-1,-1,-1
30.3563,veh4,drop_decision_no_action,7,30355,34201,-1,-1,-1,-1,-1
30.3726,veh4,drop_decision_no_action,10,30355,34200,-1,-1,-1,-1,-1
30.3941,veh4,drop_decision_no_action,5,30386,34246,-1,-1,-1,-1,-1
30.3963,veh4,drop_decision_no_action,8,30384,34244,-1,-1,-1,-1,-1
30.4313,veh4,drop_decision_no_action,11,30420,34283,-1,-1,-1,-1,-1
30.4513,veh4,drop_decision_no_action,11,30438,34298,-1,-1,-1,-1,-1
30.4526,veh4,drop_decision_no_action,9,30437,34297,-1,-1,-1,-1,-1
30.4726,veh4,drop_decision_no_action,10,30455,34319,-1,-1,-1,-1,-1
30.4751,veh4,drop_decision_no_action,12,30457,34322,-1,-1,-1,-1,-1
30.4941,veh4,drop_decision_no_action,5,30486,34362,-1,-1,-1,-1,-1
30.4941,veh4,drop_decision_no_action,5,30488,34362,-1,-1,-1,-1,-1
30.4963,veh4,drop_decision_no_action,8,30484,34360,-1,-1,-1,-1,-1
30.5203,veh4,drop_decision_no_action,3,30501,34385,-1,-1,-1,-1,-1
30.5361,veh4,drop_decision_no_action,6,30534,34416,-1,-1,-1,-1,-1
30.5513,veh4,drop_decision_no_action,11,30538,34424,-1,-1,-1,-1,-1
30.5563,veh4,drop_decision_no_action,7,30555,34444,-1,-1,-1,-1,-1
30.5726,veh4,drop_decision_no_action,10,30555,34443,-1,-1,-1,-1,-1
30.5941,veh4,drop_decision_no_action,5,30586,34485,-1,-1,-1,-1,-1
30.5963,veh4,drop_decision_no_action,8,30584,34483,-1,-1,-1,-1,-1
30.6313,veh4,drop_decision_no_action,11,30620,34522,-1,-1,-1,-1,-1
30.6351,veh4,drop_decision_no_action,12,30622,34523,-1,-1,-1,-1,-1
30.6363,veh4,drop_decision_no_action,7,30630,34525,-1,-1,-1,-1,-1
30.6453,veh4,crash_mode_restore,-1,-1,18446744073709551615,-1,-1,-1,-1,-1
30.6513,veh4,drop_decision_no_action,11,30638,34546,-1,-1,-1,-1,-1
30.6528,veh4,drop_decision_no_action,9,30637,34544,-1,-1,-1,-1,-1
30.6726,veh4,drop_decision_no_action,10,30655,34573,-1,-1,-1,-1,-1
30.6751,veh4,drop_decision_no_action,12,30657,34576,-1,-1,-1,-1,-1
30.6941,veh4,drop_decision_no_action,5,30686,34617,-1,-1,-1,-1,-1
30.6963,veh4,drop_decision_no_action,8,30684,34615,-1,-1,-1,-1,-1
30.7203,veh4,drop_decision_no_action,3,30701,34639,-1,-1,-1,-1,-1
30.7361,veh4,drop_decision_no_action,6,30734,34671,-1,-1,-1,-1,-1
30.7706,veh4,drop_decision_no_action,7,30755,34695,-1,-1,-1,-1,-1
30.7726,veh4,drop_decision_no_action,10,30755,34694,-1,-1,-1,-1,-1
30.7726,veh4,crash_mode_forced_speed,10,30755,34694,-1,-1,-1,-1,30
30.7941,veh4,drop_decision_no_action,5,30786,34731,-1,-1,-1,-1,-1
30.7963,veh4,drop_decision_no_action,8,30784,34729,-1,-1,-1,-1,-1
30.8003,veh4,drop_decision_no_action,3,30788,34733,-1,-1,-1,-1,-1
30.8313,veh4,drop_decision_no_action,11,30820,34776,-1,-1,-1,-1,-1
30.8513,veh4,drop_decision_no_action,11,30838,34791,-1,-1,-1,-1,-1
30.8528,veh4,drop_decision_no_action,9,30837,34790,-1,-1,-1,-1,-1
30.8726,veh4,drop_decision_no_action,10,30855,34812,-1,-1,-1,-1,-1
30.8751,veh4,drop_decision_no_action,12,30857,34814,-1,-1,-1,-1,-1
30.8928,veh4,drop_decision_no_action,9,30881,34852,-1,-1,-1,-1,-1
30.8941,veh4,drop_decision_no_action,5,30886,34855,-1,-1,-1,-1,-1
30.9203,veh4,drop_decision_no_action,3,30901,34878,-1,-1,-1,-1,-1
30.9361,veh4,drop_decision_no_action,6,30934,34909,-1,-1,-1,-1,-1
30.9706,veh4,drop_decision_no_action,7,30955,34933,-1,-1,-1,-1,-1
30.9726,veh4,drop_decision_no_action,10,30955,34932,-1,-1,-1,-1,-1
30.9726,veh4,drop_decision_no_action,10,30970,34932,-1,-1,-1,-1,-1
30.9941,veh4,drop_decision_no_action,5,30986,34971,-1,-1,-1,-1,-1
30.9961,veh4,drop_decision_no_action,8,30984,34969,-1,-1,-1,-1,-1
31.0241,veh4,drop_decision_no_action,2,31023,35009,-1,-1,-1,-1,-1
31.0313,veh4,drop_decision_no_action,11,31020,35008,-1,-1,-1,-1,-1
31.0361,veh4,drop_decision_no_action,6,31015,35006,-1,-1,-1,-1,-1
31.0513,veh4,drop_decision_no_action,11,31038,35033,-1,-1,-1,-1,-1
31.0528,veh4,drop_decision_no_action,9,31037,35032,-1,-1,-1,-1,-1
31.0758,veh4,drop_decision_no_action,12,31057,35060,-1,-1,-1,-1,-1
31.0941,veh4,drop_decision_no_action,5,31086,35095,-1,-1,-1,-1,-1
31.0961,veh4,drop_decision_no_action,8,31079,35088,-1,-1,-1,-1,-1
31.1041,veh4,drop_decision_no_action,2,31095,35107,-1,-1,-1,-1,-1
31.1203,veh4,drop_decision_no_action,3,31101,35116,-1,-1,-1,-1,-1
31.1361,veh4,drop_decision_no_action,6,31134,35156,-1,-1,-1,-1,-1
31.1706,veh4,drop_decision_no_action,7,31155,35181,-1,-1,-1,-1,-1
31.1726,veh4,drop_decision_no_action,10,31155,35180,-1,-1,-1,-1,-1
31.1961,veh4,drop_decision_no_action,8,31184,35215,-1,-1,-1,-1,-1
31.2283,veh4,drop_decision_no_action,11,31220,35245,-1,-1,-1,-1,-1
31.2483,veh4,drop_decision_no_action,11,31238,35261,-1,-1,-1,-1,-1
31.2528,veh4,drop_decision_no_action,9,31237,35260,-1,-1,-1,-1,-1
31.2758,veh4,drop_decision_no_action,12,31257,35283,-1,-1,-1,-1,-1
31.2938,veh4,drop_decision_no_action,5,31286,35316,-1,-1,-1,-1,-1
31.3203,veh4,drop_decision_no_action,3,31301,35334,-1,-1,-1,-1,-1
31.3538,veh4,drop_decision_no_action,6,31334,35366,-1,-1,-1,-1,-1
31.3591,veh4,drop_decision_no_action,10,31355,35390,-1,-1,-1,-1,-1
31.3706,veh4,drop_decision_no_action,7,31355,35391,-1,-1,-1,-1,-1
31.3758,veh4,drop_decision_no_action,12,31357,35392,-1,-1,-1,-1,-1
31.3961,veh4,drop_decision_no_action,8,31384,35435,-1,-1,-1,-1,-1
31.4283,veh4,drop_decision_no_action,11,31420,35468,-1,-1,-1,-1,-1
31.4483,veh4,drop_decision_no_action,11,31438,35483,-1,-1,-1,-1,-1
31.4493,veh4,drop_decision_no_action,9,31437,35482,-1,-1,-1,-1,-1
31.4758,veh4,drop_decision_no_action,12,31457,35505,-1,-1,-1,-1,-1
31.4938,veh4,drop_decision_no_action,5,31486,35539,-1,-1,-1,-1,-1
31.4938,veh4,drop_decision_no_action,5,31488,35539,-1,-1,-1,-1,-1
31.5203,veh4,drop_decision_no_action,3,31501,35557,-1,-1,-1,-1,-1
31.5483,veh4,drop_decision_no_action,11,31538,35591,-1,-1,-1,-1,-1
31.5493,veh4,drop_decision_no_action,9,31537,35590,-1,-1,-1,-1,-1
31.5538,veh4,drop_decision_no_action,6,31534,35586,-1,-1,-1,-1,-1
31.5591,veh4,drop_decision_no_action,10,31555,35613,-1,-1,-1,-1,-1
31.5706,veh4,drop_decision_no_action,7,31555,35614,-1,-1,-1,-1,-1
31.5758,veh4,drop_decision_no_action,12,31557,35615,-1,-1,-1,-1,-1
31.5961,veh4,drop_decision_no_action,8,31584,35666,-1,-1,-1,-1,-1
31.6283,veh4,drop_decision_no_action,11,31620,35699,-1,-1,-1,-1,-1
31.6306,veh4,drop_decision_no_action,7,31630,35707,-1,-1,-1,-1,-1
31.6358,veh4,drop_decision_no_action,12,31622,35700,-1,-1,-1,-1,-1
31.6483,veh4,drop_decision_no_action,11,31638,35725,-1,-1,-1,-1,-1
31.6493,veh4,drop_decision_no_action,9,31637,35724,-1,-1,-1,-1,-1
31.6591,veh4,drop_decision_no_action,10,31655,35752,-1,-1,-1,-1,-1
31.6758,veh4,drop_decision_no_action,12,31657,35753,-1,-1,-1,-1,-1
31.6938,veh4,drop_decision_no_action,5,31686,35794,-1,-1,-1,-1,-1
31.7193,veh4,drop_decision_no_action,3,31701,35811,-1,-1,-1,-1,-1
31.7483,veh4,drop_decision_no_action,11,31738,35845,-1,-1,-1,-1,-1
31.7493,veh4,drop_decision_no_action,9,31737,35844,-1,-1,-1,-1,-1
31.7538,veh4,drop_decision_no_action,6,31734,35840,-1,-1,-1,-1,-1
31.7591,veh4,drop_decision_no_action,10,31755,35867,-1,-1,-1,-1,-1
31.7706,veh4,drop_decision_no_action,7,31755,35868,-1,-1,-1,-1,-1
31.7758,veh4,drop_decision_no_action,12,31757,35869,-1,-1,-1,-1,-1
31.7961,veh4,drop_decision_no_action,8,31784,35920,-1,-1,-1,-1,-1
31.7993,veh4,drop_decision_no_action,3,31788,35925,-1,-1,-1,-1,-1
31.8283,veh4,drop_decision_no_action,11,31820,35961,-1,-1,-1,-1,-1
31.8483,veh4,drop_decision_no_action,11,31838,35976,-1,-1,-1,-1,-1
31.8493,veh4,drop_decision_no_action,9,31837,35975,-1,-1,-1,-1,-1
31.8591,veh4,drop_decision_no_action,10,31855,35998,-1,-1,-1,-1,-1
31.8893,veh4,drop_decision_no_action,9,31881,36033,-1,-1,-1,-1,-1
31.8938,veh4,drop_decision_no_action,5,31886,36036,-1,-1,-1,-1,-1
31.9193,veh4,drop_decision_no_action,3,31901,36052,-1,-1,-1,-1,-1
31.9283,veh4,drop_decision_no_action,11,31920,36075,-1,-1,-1,-1,-1
31.9483,veh4,drop_decision_no_action,11,31938,36096,-1,-1,-1,-1,-1
31.9493,veh4,drop_decision_no_action,9,31937,36095,-1,-1,-1,-1,-1
31.9538,veh4,drop_decision_no_action,6,31934,36090,-1,-1,-1,-1,-1
31.9591,veh4,drop_decision_no_action,10,31955,36120,-1,-1,-1,-1,-1
31.9706,veh4,drop_decision_no_action,7,31955,36121,-1,-1,-1,-1,-1
31.9768,veh4,drop_decision_no_action,12,31957,36123,-1,-1,-1,-1,-1
31.9791,veh4,drop_decision_no_action,10,31970,36152,-1,-1,-1,-1,-1
31.9961,veh4,drop_decision_no_action,8,31984,36179,-1,-1,-1,-1,-1
32.0241,veh4,drop_decision_no_action,2,32023,36217,-1,-1,-1,-1,-1
32.0283,veh4,drop_decision_no_action,11,32020,36216,-1,-1,-1,-1,-1
32.0338,veh4,drop_decision_no_action,6,32015,36212,-1,-1,-1,-1,-1
32.0483,veh4,drop_decision_no_action,11,32038,36242,-1,-1,-1,-1,-1
32.0493,veh4,drop_decision_no_action,9,32037,36241,-1,-1,-1,-1,-1
32.0591,veh4,drop_decision_no_action,10,32055,36267,-1,-1,-1,-1,-1
32.0938,veh4,drop_decision_no_action,5,32086,36306,-1,-1,-1,-1,-1
32.0961,veh4,drop_decision_no_action,8,32079,36303,-1,-1,-1,-1,-1
32.1041,veh4,drop_decision_no_action,2,32095,36316,-1,-1,-1,-1,-1
32.1193,veh4,drop_decision_no_action,3,32101,36323,-1,-1,-1,-1,-1
32.1483,veh4,drop_decision_no_action,11,32138,36369,-1,-1,-1,-1,-1
32.1493,veh4,drop_decision_no_action,9,32137,36368,-1,-1,-1,-1,-1
32.1538,veh4,drop_decision_no_action,6,32134,36364,-1,-1,-1,-1,-1
32.1666,veh4,drop_decision_no_action,7,32155,36392,-1,-1,-1,-1,-1
32.1753,veh4,drop_decision_no_action,10,32155,36391,-1,-1,-1,-1,-1
32.1768,veh4,drop_decision_no_action,12,32157,36394,-1,-1,-1,-1,-1
32.1961,veh4,drop_decision_no_action,8,32184,36442,-1,-1,-1,-1,-1
32.2283,veh4,drop_decision_no_action,11,32220,36477,-1,-1,-1,-1,-1
32.2483,veh4,drop_decision_no_action,11,32238,36492,-1,-1,-1,-1,-1
32.2753,veh4,drop_decision_no_action,10,32255,36511,-1,-1,-1,-1,-1
32.2938,veh4,drop_decision_no_action,5,32286,36540,-1,-1,-1,-1,-1
32.3193,veh4,drop_decision_no_action,3,32301,36557,-1,-1,-1,-1,-1
32.3493,veh4,drop_decision_no_action,9,32337,36592,-1,-1,-1,-1,-1
32.3538,veh4,drop_decision_no_action,6,32334,36587,-1,-1,-1,-1,-1
32.3666,veh4,drop_decision_no_action,7,32355,36612,-1,-1,-1,-1,-1
32.3753,veh4,drop_decision_no_action,10,32355,36611,-1,-1,-1,-1,-1
32.3768,veh4,drop_decision_no_action,12,32357,36614,-1,-1,-1,-1,-1
32.3938,veh4,drop_decision_no_action,5,32386,36667,-1,-1,-1,-1,-1
32.3953,veh4,drop_decision_no_action,8,32384,36664,-1,-1,-1,-1,-1
32.4493,veh4,drop_decision_no_action,11,32438,36718,-1,-1,-1,-1,-1
32.4938,veh4,drop_decision_no_action,5,32486,36757,-1,-1,-1,-1,-1
32.4938,veh4,drop_decision_no_action,5,32488,36757,-1,-1,-1,-1,-1
32.5191,veh4,drop_decision_no_action,3,32501,36773,-1,-1,-1,-1,-1
32.5533,veh4,drop_decision_no_action,6,32534,36801,-1,-1,-1,-1,-1
32.5543,veh4,drop_decision_no_action,9,32537,36807,-1,-1,-1,-1,-1
32.5666,veh4,drop_decision_no_action,7,32555,36824,-1,-1,-1,-1,-1
32.5753,veh4,drop_decision_no_action,10,32555,36823,-1,-1,-1,-1,-1
32.5768,veh4,drop_decision_no_action,12,32557,36828,-1,-1,-1,-1,-1
32.5938,veh4,drop_decision_no_action,5,32586,36874,-1,-1,-1,-1,-1
32.5953,veh4,drop_decision_no_action,8,32584,36871,-1,-1,-1,-1,-1
32.6368,veh4,drop_decision_no_action,12,32622,36915,-1,-1,-1,-1,-1
32.6466,veh4,drop_decision_no_action,7,32630,36919,-1,-1,-1,-1,-1
32.6493,veh4,drop_decision_no_action,11,32638,36930,-1,-1,-1,-1,-1
32.6713,veh4,drop_decision_no_action,12,32657,36961,-1,-1,-1,-1,-1
32.6893,veh4,drop_decision_no_action,5,32686,36988,-1,-1,-1,-1,-1
32.7191,veh4,drop_decision_no_action,3,32701,37006,-1,-1,-1,-1,-1
32.7493,veh4,drop_decision_no_action,11,32738,37038,-1,-1,-1,-1,-1
32.7533,veh4,drop_decision_no_action,6,32734,37032,-1,-1,-1,-1,-1
32.7543,veh4,drop_decision_no_action,9,32737,37037,-1,-1,-1,-1,-1
32.7666,veh4,drop_decision_no_action,7,32755,37060,-1,-1,-1,-1,-1
32.7713,veh4,drop_decision_no_action,12,32757,37066,-1,-1,-1,-1,-1
32.7753,veh4,drop_decision_no_action,10,32755,37059,-1,-1,-1,-1,-1
32.7953,veh4,drop_decision_no_action,8,32784,37112,-1,-1,-1,-1,-1
32.7991,veh4,drop_decision_no_action,3,32788,37118,-1,-1,-1,-1,-1
32.8293,veh4,drop_decision_no_action,11,32820,37153,-1,-1,-1,-1,-1
32.8493,veh4,drop_decision_no_action,11,32838,37171,-1,-1,-1,-1,-1
32.8713,veh4,drop_decision_no_action,12,32857,37191,-1,-1,-1,-1,-1
32.8893,veh4,drop_decision_no_action,5,32886,37219,-1,-1,-1,-1,-1
32.8943,veh4,drop_decision_no_action,9,32881,37214,-1,-1,-1,-1,-1
32.9191,veh4,drop_decision_no_action,3,32901,37240,-1,-1,-1,-1,-1
32.9493,veh4,drop_decision_no_action,11,32938,37276,-1,-1,-1,-1,-1
32.9533,veh4,drop_decision_no_action,6,32934,37270,-1,-1,-1,-1,-1
32.9543,veh4,drop_decision_no_action,9,32937,37275,-1,-1,-1,-1,-1
32.9666,veh4,drop_decision_no_action,7,32955,37297,-1,-1,-1,-1,-1
32.9713,veh4,drop_decision_no_action,12,32957,37303,-1,-1,-1,-1,-1
32.9753,veh4,drop_decision_no_action,10,32955,37296,-1,-1,-1,-1,-1
32.9753,veh4,drop_decision_no_action,10,32970,37296,-1,-1,-1,-1,-1
32.9953,veh4,drop_decision_no_action,8,32984,37343,-1,-1,-1,-1,-1
33.0293,veh4,drop_decision_no_action,11,33020,37377,-1,-1,-1,-1,-1
33.0333,veh4,drop_decision_no_action,6,33015,37375,-1,-1,-1,-1,-1
33.0351,veh4,drop_decision_no_action,2,33023,37378,-1,-1,-1,-1,-1
33.0493,veh4,drop_decision_no_action,11,33038,37403,-1,-1,-1,-1,-1
33.0713,veh4,drop_decision_no_action,12,33057,37429,-1,-1,-1,-1,-1
33.0893,veh4,drop_decision_no_action,5,33086,37452,-1,-1,-1,-1,-1
33.0953,veh4,drop_decision_no_action,8,33079,37444,-1,-1,-1,-1,-1
33.1151,veh4,drop_decision_no_action,2,33095,37466,-1,-1,-1,-1,-1
33.1191,veh4,drop_decision_no_action,3,33101,37472,-1,-1,-1,-1,-1
33.1408,veh4,drop_decision_no_action,11,33138,37515,-1,-1,-1,-1,-1
33.1533,veh4,drop_decision_no_action,6,33134,37509,-1,-1,-1,-1,-1
33.1541,veh4,drop_decision_no_action,9,33137,37514,-1,-1,-1,-1,-1
33.1653,veh4,drop_decision_no_action,7,33155,37539,-1,-1,-1,-1,-1
33.1713,veh4,drop_decision_no_action,12,33157,37543,-1,-1,-1,-1,-1
33.1753,veh4,drop_decision_no_action,10,33155,37538,-1,-1,-1,-1,-1
33.1953,veh4,drop_decision_no_action,8,33184,37582,-1,-1,-1,-1,-1
33.2408,veh4,drop_decision_no_action,11,33238,37624,-1,-1,-1,-1,-1
33.2753,veh4,drop_decision_no_action,10,33255,37644,-1,-1,-1,-1,-1
33.2893,veh4,drop_decision_no_action,5,33286,37670,-1,-1,-1,-1,-1
33.3191,veh4,drop_decision_no_action,3,33301,37690,-1,-1,-1,-1,-1
33.3533,veh4,drop_decision_no_action,6,33334,37716,-1,-1,-1,-1,-1
33.3541,veh4,drop_decision_no_action,9,33337,37721,-1,-1,-1,-1,-1
33.3653,veh4,drop_decision_no_action,7,33355,37741,-1,-1,-1,-1,-1
33.3713,veh4,drop_decision_no_action,12,33357,37745,-1,-1,-1,-1,-1
33.3753,veh4,drop_decision_no_action,10,33355,37740,-1,-1,-1,-1,-1
33.3953,veh4,drop_decision_no_action,8,33384,37788,-1,-1,-1,-1,-1
33.4408,veh4,drop_decision_no_action,11,33438,37830,-1,-1,-1,-1,-1
33.4753,veh4,drop_decision_no_action,10,33455,37849,-1,-1,-1,-1,-1
33.4893,veh4,drop_decision_no_action,5,33486,37868,-1,-1,-1,-1,-1
33.4893,veh4,drop_decision_no_action,5,33488,37868,-1,-1,-1,-1,-1
33.5191,veh4,drop_decision_no_action,3,33501,37889,-1,-1,-1,-1,-1
33.5533,veh4,drop_decision_no_action,6,33534,37916,-1,-1,-1,-1,-1
33.5541,veh4,drop_decision_no_action,9,33537,37919,-1,-1,-1,-1,-1
33.5653,veh4,drop_decision_no_action,7,33555,37936,-1,-1,-1,-1,-1
33.5788,veh4,drop_decision_no_action,10,33555,37935,-1,-1,-1,-1,-1
33.5953,veh4,drop_decision_no_action,8,33584,37981,-1,-1,-1,-1,-1
33.6408,veh4,drop_decision_no_action,11,33638,38025,-1,-1,-1,-1,-1
33.6453,veh4,drop_decision_no_action,7,33630,38016,-1,-1,-1,-1,-1
33.6713,veh4,drop_decision_no_action,10,33655,38053,-1,-1,-1,-1,-1
33.6916,veh4,drop_decision_no_action,5,33686,38078,-1,-1,-1,-1,-1
33.7191,veh4,drop_decision_no_action,3,33701,38093,-1,-1,-1,-1,-1
33.7313,veh4,drop_decision_no_action,12,33622,38012,-1,-1,-1,-1,-1
33.7533,veh4,drop_decision_no_action,6,33734,38122,-1,-1,-1,-1,-1
33.7541,veh4,drop_decision_no_action,9,33737,38125,-1,-1,-1,-1,-1
33.7653,veh4,drop_decision_no_action,7,33755,38141,-1,-1,-1,-1,-1
33.7673,veh4,drop_decision_no_action,12,33757,38145,-1,-1,-1,-1,-1
33.7916,veh4,drop_decision_no_action,5,33786,38182,-1,-1,-1,-1,-1
33.7921,veh4,drop_decision_no_action,8,33784,38180,-1,-1,-1,-1,-1
33.7991,veh4,drop_decision_no_action,3,33788,38186,-1,-1,-1,-1,-1
33.8396,veh4,drop_decision_no_action,11,33838,38236,-1,-1,-1,-1,-1
33.8673,veh4,drop_decision_no_action,12,33857,38255,-1,-1,-1,-1,-1
33.8713,veh4,drop_decision_no_action,10,33855,38254,-1,-1,-1,-1,-1
33.8916,veh4,drop_decision_no_action,5,33886,38286,-1,-1,-1,-1,-1
33.8941,veh4,drop_decision_no_action,9,33881,38281,-1,-1,-1,-1,-1
33.9186,veh4,drop_decision_no_action,3,33901,38304,-1,-1,-1,-1,-1
33.9363,veh4,drop_decision_no_action,6,33934,38336,-1,-1,-1,-1,-1
33.9541,veh4,drop_decision_no_action,9,33937,38342,-1,-1,-1,-1,-1
33.9653,veh4,drop_decision_no_action,7,33955,38359,-1,-1,-1,-1,-1
33.9673,veh4,drop_decision_no_action,12,33957,38362,-1,-1,-1,-1,-1
33.9713,veh4,drop_decision_no_action,10,33970,38380,-1,-1,-1,-1,-1
33.9916,veh4,drop_decision_no_action,5,33986,38405,-1,-1,-1,-1,-1
33.9921,veh4,drop_decision_no_action,8,33984,38401,-1,-1,-1,-1,-1
34.0163,veh4,drop_decision_no_action,6,34015,38437,-1,-1,-1,-1,-1
34.0273,veh4,drop_decision_no_action,2,34023,38446,-1,-1,-1,-1,-1
34.0396,veh4,drop_decision_no_action,11,34020,38445,-1,-1,-1,-1,-1
34.0396,veh4,drop_decision_no_action,11,34038,38445,-1,-1,-1,-1,-1
34.0673,veh4,drop_decision_no_action,12,34057,38486,-1,-1,-1,-1,-1
34.0713,veh4,drop_decision_no_action,10,34055,38484,-1,-1,-1,-1,-1
34.0916,veh4,drop_decision_no_action,5,34086,38517,-1,-1,-1,-1,-1
34.0921,veh4,drop_decision_no_action,8,34079,38512,-1,-1,-1,-1,-1
34.1073,veh4,drop_decision_no_action,2,34095,38528,-1,-1,-1,-1,-1
34.1186,veh4,drop_decision_no_action,3,34101,38536,-1,-1,-1,-1,-1
34.1363,veh4,drop_decision_no_action,6,34134,38575,-1,-1,-1,-1,-1
34.1541,veh4,drop_decision_no_action,9,34137,38581,-1,-1,-1,-1,-1
34.1653,veh4,drop_decision_no_action,7,34155,38598,-1,-1,-1,-1,-1
34.1673,veh4,drop_decision_no_action,12,34157,38601,-1,-1,-1,-1,-1
34.1916,veh4,drop_decision_no_action,5,34186,38636,-1,-1,-1,-1,-1
34.1921,veh4,drop_decision_no_action,8,34184,38633,-1,-1,-1,-1,-1
34.2396,veh4,drop_decision_no_action,11,34238,38681,-1,-1,-1,-1,-1
34.2673,veh4,drop_decision_no_action,12,34257,38701,-1,-1,-1,-1,-1
34.2713,veh4,drop_decision_no_action,10,34255,38699,-1,-1,-1,-1,-1
34.3186,veh4,drop_decision_no_action,3,34301,38748,-1,-1,-1,-1,-1
34.3363,veh4,drop_decision_no_action,6,34334,38774,-1,-1,-1,-1,-1
34.3396,veh4,drop_decision_no_action,11,34338,38782,-1,-1,-1,-1,-1
34.3541,veh4,drop_decision_no_action,9,34337,38780,-1,-1,-1,-1,-1
34.3613,veh4,drop_decision_no_action,7,34355,38808,-1,-1,-1,-1,-1
34.3673,veh4,drop_decision_no_action,12,34357,38811,-1,-1,-1,-1,-1
34.3873,veh4,drop_decision_no_action,5,34386,38850,-1,-1,-1,-1,-1
34.3921,veh4,drop_decision_no_action,8,34384,38848,-1,-1,-1,-1,-1
34.4396,veh4,drop_decision_no_action,11,34438,38895,-1,-1,-1,-1,-1
34.4713,veh4,drop_decision_no_action,10,34455,38912,-1,-1,-1,-1,-1
34.5073,veh4,drop_decision_no_action,5,34488,38939,-1,-1,-1,-1,-1
34.5186,veh4,drop_decision_no_action,3,34501,38947,-1,-1,-1,-1,-1
34.5396,veh4,drop_decision_no_action,11,34538,38984,-1,-1,-1,-1,-1
34.5486,veh4,drop_decision_no_action,6,34534,38980,-1,-1,-1,-1,-1
34.5506,veh4,drop_decision_no_action,9,34537,38982,-1,-1,-1,-1,-1
34.5613,veh4,drop_decision_no_action,7,34555,39012,-1,-1,-1,-1,-1
34.5648,veh4,drop_decision_no_action,12,34557,39013,-1,-1,-1,-1,-1
34.5873,veh4,drop_decision_no_action,5,34586,39049,-1,-1,-1,-1,-1
34.5921,veh4,drop_decision_no_action,8,34584,39046,-1,-1,-1,-1,-1
34.6248,veh4,drop_decision_no_action,12,34622,39084,-1,-1,-1,-1,-1
34.6396,veh4,drop_decision_no_action,11,34638,39101,-1,-1,-1,-1,-1
34.6413,veh4,drop_decision_no_action,7,34630,39093,-1,-1,-1,-1,-1
34.6713,veh4,drop_decision_no_action,10,34655,39126,-1,-1,-1,-1,-1
34.7186,veh4,drop_decision_no_action,3,34701,39161,-1,-1,-1,-1,-1
34.7396,veh4,drop_decision_no_action,11,34738,39190,-1,-1,-1,-1,-1
34.7486,veh4,drop_decision_no_action,6,34734,39186,-1,-1,-1,-1,-1
34.7506,veh4,drop_decision_no_action,9,34737,39188,-1,-1,-1,-1,-1
34.7613,veh4,drop_decision_no_action,7,34755,39218,-1,-1,-1,-1,-1
34.7648,veh4,drop_decision_no_action,12,34757,39219,-1,-1,-1,-1,-1
34.7873,veh4,drop_decision_no_action,5,34786,39255,-1,-1,-1,-1,-1
34.7921,veh4,drop_decision_no_action,8,34784,39253,-1,-1,-1,-1,-1
34.7983,veh4,drop_decision_no_action,3,34788,39261,-1,-1,-1,-1,-1
34.8396,veh4,drop_decision_no_action,11,34838,39308,-1,-1,-1,-1,-1
34.8761,veh4,drop_decision_no_action,10,34855,39325,-1,-1,-1,-1,-1
34.8873,veh4,drop_decision_no_action,5,34886,39350,-1,-1,-1,-1,-1
34.8906,veh4,drop_decision_no_action,9,34881,39347,-1,-1,-1,-1,-1
34.9183,veh4,drop_decision_no_action,3,34901,39375,-1,-1,-1,-1,-1
34.9486,veh4,drop_decision_no_action,6,34934,39399,-1,-1,-1,-1,-1
34.9506,veh4,drop_decision_no_action,9,34937,39402,-1,-1,-1,-1,-1
34.9581,veh4,drop_decision_no_action,7,34955,39424,-1,-1,-1,-1,-1
34.9648,veh4,drop_decision_no_action,12,34957,39425,-1,-1,-1,-1,-1
34.9761,veh4,drop_decision_no_action,10,34970,39450,-1,-1,-1,-1,-1
34.9871,veh4,drop_decision_no_action,8,34984,39467,-1,-1,-1,-1,-1
34.9873,veh4,drop_decision_no_action,5,34986,39469,-1,-1,-1,-1,-1
35.0233,veh4,drop_decision_no_action,11,35020,39505,-1,-1,-1,-1,-1
35.0273,veh4,drop_decision_no_action,2,35023,39509,-1,-1,-1,-1,-1
35.0286,veh4,drop_decision_no_action,6,35015,39501,-1,-1,-1,-1,-1
35.0433,veh4,drop_decision_no_action,11,35038,39536,-1,-1,-1,-1,-1
35.0761,veh4,drop_decision_no_action,10,35055,39555,-1,-1,-1,-1,-1
35.0871,veh4,drop_decision_no_action,8,35079,39572,-1,-1,-1,-1,-1
35.0873,veh4,drop_decision_no_action,5,35086,39580,-1,-1,-1,-1,-1
35.1073,veh4,drop_decision_no_action,2,35095,39596,-1,-1,-1,-1,-1
35.1183,veh4,drop_decision_no_action,3,35101,39604,-1,-1,-1,-1,-1
35.1438,veh4,drop_decision_no_action,9,35137,39640,-1,-1,-1,-1,-1
35.1486,veh4,drop_decision_no_action,6,35134,39637,-1,-1,-1,-1,-1
35.1581,veh4,drop_decision_no_action,7,35155,39665,-1,-1,-1,-1,-1
35.1648,veh4,drop_decision_no_action,12,35157,39666,-1,-1,-1,-1,-1
35.1871,veh4,drop_decision_no_action,8,35184,39698,-1,-1,-1,-1,-1
35.1873,veh4,drop_decision_no_action,5,35186,39700,-1,-1,-1,-1,-1
35.2433,veh4,drop_decision_no_action,11,35238,39744,-1,-1,-1,-1,-1
35.2761,veh4,drop_decision_no_action,10,35255,39762,-1,-1,-1,-1,-1
35.2873,veh4,drop_decision_no_action,5,35286,39794,-1,-1,-1,-1,-1
35.3183,veh4,drop_decision_no_action,3,35301,39810,-1,-1,-1,-1,-1
35.3438,veh4,drop_decision_no_action,9,35337,39839,-1,-1,-1,-1,-1
35.3486,veh4,drop_decision_no_action,6,35334,39836,-1,-1,-1,-1,-1
35.3581,veh4,drop_decision_no_action,7,35355,39871,-1,-1,-1,-1,-1
35.3623,veh4,drop_decision_no_action,12,35357,39872,-1,-1,-1,-1,-1
35.3871,veh4,drop_decision_no_action,8,35384,39906,-1,-1,-1,-1,-1
35.4001,veh4,drop_decision_no_action,5,35386,39907,-1,-1,-1,-1,-1
35.4433,veh4,drop_decision_no_action,11,35438,39950,-1,-1,-1,-1,-1
35.4623,veh4,drop_decision_no_action,12,35457,39968,-1,-1,-1,-1,-1
35.4761,veh4,drop_decision_no_action,10,35455,39967,-1,-1,-1,-1,-1
35.5001,veh4,drop_decision_no_action,5,35488,40004,-1,-1,-1,-1,-1
35.5183,veh4,drop_decision_no_action,3,35501,40012,-1,-1,-1,-1,-1
35.5438,veh4,drop_decision_no_action,9,35537,40045,-1,-1,-1,-1,-1
35.5486,veh4,drop_decision_no_action,6,35534,40041,-1,-1,-1,-1,-1
35.5581,veh4,drop_decision_no_action,7,35555,40069,-1,-1,-1,-1,-1
35.5623,veh4,drop_decision_no_action,12,35557,40071,-1,-1,-1,-1,-1
35.5871,veh4,drop_decision_no_action,8,35584,40104,-1,-1,-1,-1,-1
35.6001,veh4,drop_decision_no_action,5,35586,40105,-1,-1,-1,-1,-1
35.6313,veh4,drop_decision_no_action,7,35630,40146,-1,-1,-1,-1,-1
35.6423,veh4,drop_decision_no_action,12,35622,40141,-1,-1,-1,-1,-1
35.6566,veh4,drop_decision_no_action,11,35638,40154,-1,-1,-1,-1,-1
35.6623,veh4,drop_decision_no_action,12,35657,40178,-1,-1,-1,-1,-1
35.6761,veh4,drop_decision_no_action,10,35655,40174,-1,-1,-1,-1,-1
35.7183,veh4,drop_decision_no_action,3,35701,40224,-1,-1,-1,-1,-1
35.7438,veh4,drop_decision_no_action,9,35737,40252,-1,-1,-1,-1,-1
35.7486,veh4,drop_decision_no_action,6,35734,40248,-1,-1,-1,-1,-1
35.7623,veh4,drop_decision_no_action,12,35757,40278,-1,-1,-1,-1,-1
35.7713,veh4,drop_decision_no_action,7,35755,40276,-1,-1,-1,-1,-1
35.7871,veh4,drop_decision_no_action,8,35784,40310,-1,-1,-1,-1,-1
35.7983,veh4,drop_decision_no_action,3,35788,40317,-1,-1,-1,-1,-1
35.8001,veh4,drop_decision_no_action,5,35786,40311,-1,-1,-1,-1,-1
35.8183,veh4,drop_decision_no_action,3,35801,40332,-1,-1,-1,-1,-1
35.8566,veh4,drop_decision_no_action,11,35838,40371,-1,-1,-1,-1,-1
35.8623,veh4,drop_decision_no_action,12,35857,40385,-1,-1,-1,-1,-1
35.8681,veh4,drop_decision_no_action,10,35855,40381,-1,-1,-1,-1,-1
35.8838,veh4,drop_decision_no_action,9,35881,40418,-1,-1,-1,-1,-1
35.9078,veh4,drop_decision_no_action,3,35901,40437,-1,-1,-1,-1,-1
35.9438,veh4,drop_decision_no_action,9,35937,40466,-1,-1,-1,-1,-1
35.9468,veh4,drop_decision_no_action,6,35934,40464,-1,-1,-1,-1,-1
35.9623,veh4,drop_decision_no_action,12,35957,40490,-1,-1,-1,-1,-1
35.9713,veh4,drop_decision_no_action,7,35955,40488,-1,-1,-1,-1,-1
35.9871,veh4,drop_decision_no_action,8,35984,40524,-1,-1,-1,-1,-1
35.9881,veh4,drop_decision_no_action,10,35970,40507,-1,-1,-1,-1,-1
36.0001,veh4,drop_decision_no_action,5,35986,40525,-1,-1,-1,-1,-1
36.0078,veh4,drop_decision_no_action,3,36001,40550,-1,-1,-1,-1,-1
36.0268,veh4,drop_decision_no_action,6,36015,40571,-1,-1,-1,-1,-1
36.0286,veh4,drop_decision_no_action,2,36023,40579,-1,-1,-1,-1,-1
36.0461,veh4,drop_decision_no_action,11,36020,40576,-1,-1,-1,-1,-1
36.0566,veh4,drop_decision_no_action,11,36038,40601,-1,-1,-1,-1,-1
36.0681,veh4,drop_decision_no_action,10,36055,40619,-1,-1,-1,-1,-1
36.0863,veh4,drop_decision_no_action,8,36079,40647,-1,-1,-1,-1,-1
36.1008,veh4,drop_decision_no_action,2,36095,40661,-1,-1,-1,-1,-1
36.1078,veh4,drop_decision_no_action,3,36101,40670,-1,-1,-1,-1,-1
36.1438,veh4,drop_decision_no_action,9,36137,40704,-1,-1,-1,-1,-1
36.1468,veh4,drop_decision_no_action,6,36134,40702,-1,-1,-1,-1,-1
36.1623,veh4,drop_decision_no_action,12,36157,40728,-1,-1,-1,-1,-1
36.1713,veh4,drop_decision_no_action,7,36155,40726,-1,-1,-1,-1,-1
36.1863,veh4,drop_decision_no_action,8,36184,40762,-1,-1,-1,-1,-1
36.2001,veh4,drop_decision_no_action,5,36186,40766,-1,-1,-1,-1,-1
36.2078,veh4,drop_decision_no_action,3,36201,40782,-1,-1,-1,-1,-1
36.2566,veh4,drop_decision_no_action,11,36238,40816,-1,-1,-1,-1,-1
36.2681,veh4,drop_decision_no_action,10,36255,40826,-1,-1,-1,-1,-1
36.3078,veh4,drop_decision_no_action,3,36301,40874,-1,-1,-1,-1,-1
36.3381,veh4,drop_decision_no_action,9,36337,40903,-1,-1,-1,-1,-1
36.3468,veh4,drop_decision_no_action,6,36334,40901,-1,-1,-1,-1,-1
36.3623,veh4,drop_decision_no_action,12,36357,40934,-1,-1,-1,-1,-1
36.3708,veh4,drop_decision_no_action,7,36355,40932,-1,-1,-1,-1,-1
36.3863,veh4,drop_decision_no_action,8,36384,40967,-1,-1,-1,-1,-1
36.4051,veh4,drop_decision_no_action,5,36386,40972,-1,-1,-1,-1,-1
36.4566,veh4,drop_decision_no_action,11,36438,41014,-1,-1,-1,-1,-1
36.4593,veh4,drop_decision_no_action,10,36455,41023,-1,-1,-1,-1,-1
36.5051,veh4,drop_decision_no_action,5,36486,41057,-1,-1,-1,-1,-1
36.5051,veh4,drop_decision_no_action,5,36488,41057,-1,-1,-1,-1,-1
36.5078,veh4,drop_decision_no_action,3,36501,41067,-1,-1,-1,-1,-1
36.5381,veh4,drop_decision_no_action,9,36537,41101,-1,-1,-1,-1,-1
36.5468,veh4,drop_decision_no_action,6,36534,41100,-1,-1,-1,-1,-1
36.5636,veh4,drop_decision_no_action,12,36557,41125,-1,-1,-1,-1,-1
36.5708,veh4,drop_decision_no_action,7,36555,41124,-1,-1,-1,-1,-1
36.5863,veh4,drop_decision_no_action,8,36584,41159,-1,-1,-1,-1,-1
36.6051,veh4,drop_decision_no_action,5,36586,41164,-1,-1,-1,-1,-1
36.6236,veh4,drop_decision_no_action,12,36622,41197,-1,-1,-1,-1,-1
36.6308,veh4,drop_decision_no_action,7,36630,41209,-1,-1,-1,-1,-1
36.6478,veh4,drop_decision_no_action,11,36638,41218,-1,-1,-1,-1,-1
36.6593,veh4,drop_decision_no_action,10,36655,41234,-1,-1,-1,-1,-1
36.7051,veh4,drop_decision_no_action,5,36686,41265,-1,-1,-1,-1,-1
36.7201,veh4,drop_decision_no_action,3,36701,41274,-1,-1,-1,-1,-1
36.7381,veh4,drop_decision_no_action,9,36737,41307,-1,-1,-1,-1,-1
36.7468,veh4,drop_decision_no_action,6,36734,41305,-1,-1,-1,-1,-1
36.7636,veh4,drop_decision_no_action,12,36757,41331,-1,-1,-1,-1,-1
36.7708,veh4,drop_decision_no_action,7,36755,41330,-1,-1,-1,-1,-1
36.7726,veh4,crash_mode_restore,-1,-1,18446744073709551615,-1,-1,-1,-1,-1
36.7858,veh4,drop_decision_no_action,8,36784,41366,-1,-1,-1,-1,-1
36.8001,veh4,drop_decision_no_action,3,36788,41374,-1,-1,-1,-1,-1
36.8051,veh4,drop_decision_no_action,5,36786,41371,-1,-1,-1,-1,-1
36.8478,veh4,drop_decision_no_action,11,36838,41419,-1,-1,-1,-1,-1
36.8593,veh4,drop_decision_no_action,10,36855,41432,-1,-1,-1,-1,-1
36.8981,veh4,drop_decision_no_action,9,36881,41460,-1,-1,-1,-1,-1
36.9051,veh4,drop_decision_no_action,5,36886,41464,-1,-1,-1,-1,-1
36.9201,veh4,drop_decision_no_action,3,36901,41476,-1,-1,-1,-1,-1
36.9381,veh4,drop_decision_no_action,9,36937,41513,-1,-1,-1,-1,-1
36.9468,veh4,drop_decision_no_action,6,36934,41511,-1,-1,-1,-1,-1
36.9468,veh4,crash_mode_forced_speed,6,36934,41511,-1,-1,-1,-1,30
36.9636,veh4,drop_decision_no_action,12,36957,41537,-1,-1,-1,-1,-1
36.9708,veh4,drop_decision_no_action,7,36955,41536,-1,-1,-1,-1,-1
36.9793,veh4,drop_decision_no_action,10,36970,41560,-1,-1,-1,-1,-1
36.9858,veh4,drop_decision_no_action,8,36984,41576,-1,-1,-1,-1,-1
37.0051,veh4,drop_decision_no_action,5,36986,41582,-1,-1,-1,-1,-1
37.0261,veh4,drop_decision_no_action,6,37015,41612,-1,-1,-1,-1,-1
37.0278,veh4,drop_decision_no_action,11,37020,41617,-1,-1,-1,-1,-1
37.0408,veh4,drop_decision_no_action,2,37023,41620,-1,-1,-1,-1,-1
37.0478,veh4,drop_decision_no_action,11,37038,41638,-1,-1,-1,-1,-1
37.0593,veh4,drop_decision_no_action,10,37055,41662,-1,-1,-1,-1,-1
37.0858,veh4,drop_decision_no_action,8,37079,41688,-1,-1,-1,-1,-1
37.1008,veh4,drop_decision_no_action,2,37095,41703,-1,-1,-1,-1,-1
37.1201,veh4,drop_decision_no_action,3,37101,41712,-1,-1,-1,-1,-1
37.1381,veh4,drop_decision_no_action,9,37137,41743,-1,-1,-1,-1,-1
37.1461,veh4,drop_decision_no_action,6,37134,41741,-1,-1,-1,-1,-1
37.1636,veh4,drop_decision_no_action,12,37157,41767,-1,-1,-1,-1,-1
37.1708,veh4,drop_decision_no_action,7,37155,41766,-1,-1,-1,-1,-1
37.1858,veh4,drop_decision_no_action,8,37184,41802,-1,-1,-1,-1,-1
37.2051,veh4,drop_decision_no_action,5,37186,41808,-1,-1,-1,-1,-1
37.2478,veh4,drop_decision_no_action,11,37238,41847,-1,-1,-1,-1,-1
37.2593,veh4,drop_decision_no_action,10,37255,41861,-1,-1,-1,-1,-1
37.3201,veh4,drop_decision_no_action,3,37301,41907,-1,-1,-1,-1,-1
37.3461,veh4,drop_decision_no_action,6,37334,41932,-1,-1,-1,-1,-1
37.3566,veh4,drop_decision_no_action,9,37337,41936,-1,-1,-1,-1,-1
37.3636,veh4,drop_decision_no_action,12,37357,41962,-1,-1,-1,-1,-1
37.3708,veh4,drop_decision_no_action,7,37355,41958,-1,-1,-1,-1,-1
37.3858,veh4,drop_decision_no_action,8,37384,42000,-1,-1,-1,-1,-1
37.4051,veh4,drop_decision_no_action,5,37386,42006,-1,-1,-1,-1,-1
37.4201,veh4,drop_decision_no_action,3,37401,42018,-1,-1,-1,-1,-1
37.4478,veh4,drop_decision_no_action,11,37438,42053,-1,-1,-1,-1,-1
37.4593,veh4,drop_decision_no_action,10,37455,42067,-1,-1,-1,-1,-1
37.5051,veh4,drop_decision_no_action,5,37488,42099,-1,-1,-1,-1,-1
37.5201,veh4,drop_decision_no_action,3,37501,42106,-1,-1,-1,-1,-1
37.5466,veh4,drop_decision_no_action,6,37534,42137,-1,-1,-1,-1,-1
37.5566,veh4,drop_decision_no_action,9,37537,42142,-1,-1,-1,-1,-1
37.5638,veh4,drop_decision_no_action,7,37555,42156,-1,-1,-1,-1,-1
37.5766,veh4,drop_decision_no_action,12,37557,42163,-1,-1,-1,-1,-1
37.5858,veh4,drop_decision_no_action,8,37584,42198,-1,-1,-1,-1,-1
37.6051,veh4,drop_decision_no_action,5,37586,42203,-1,-1,-1,-1,-1
37.6201,veh4,drop_decision_no_action,3,37601,42217,-1,-1,-1,-1,-1
37.6366,veh4,drop_decision_no_action,12,37622,42239,-1,-1,-1,-1,-1
37.6438,veh4,drop_decision_no_action,7,37630,42249,-1,-1,-1,-1,-1
37.6478,veh4,drop_decision_no_action,11,37638,42258,-1,-1,-1,-1,-1
37.6593,veh4,drop_decision_no_action,10,37655,42281,-1,-1,-1,-1,-1
37.7201,veh4,drop_decision_no_action,3,37701,42320,-1,-1,-1,-1,-1
37.7466,veh4,drop_decision_no_action,6,37734,42344,-1,-1,-1,-1,-1
37.7566,veh4,drop_decision_no_action,9,37737,42349,-1,-1,-1,-1,-1
37.7638,veh4,drop_decision_no_action,7,37755,42363,-1,-1,-1,-1,-1
37.7766,veh4,drop_decision_no_action,12,37757,42370,-1,-1,-1,-1,-1
37.7858,veh4,drop_decision_no_action,8,37784,42405,-1,-1,-1,-1,-1
37.7938,veh4,drop_decision_no_action,5,37786,42409,-1,-1,-1,-1,-1
37.8001,veh4,drop_decision_no_action,3,37788,42411,-1,-1,-1,-1,-1
37.8201,veh4,drop_decision_no_action,3,37801,42433,-1,-1,-1,-1,-1
37.8513,veh4,drop_decision_no_action,11,37838,42468,-1,-1,-1,-1,-1
37.8573,veh4,drop_decision_no_action,10,37855,42481,-1,-1,-1,-1,-1
37.8966,veh4,drop_decision_no_action,9,37881,42508,-1,-1,-1,-1,-1
37.9201,veh4,drop_decision_no_action,3,37901,42523,-1,-1,-1,-1,-1
37.9466,veh4,drop_decision_no_action,6,37934,42550,-1,-1,-1,-1,-1
37.9566,veh4,drop_decision_no_action,9,37937,42557,-1,-1,-1,-1,-1
37.9638,veh4,drop_decision_no_action,7,37955,42569,-1,-1,-1,-1,-1
37.9766,veh4,drop_decision_no_action,12,37957,42579,-1,-1,-1,-1,-1
37.9773,veh4,drop_decision_no_action,10,37970,42593,-1,-1,-1,-1,-1
37.9858,veh4,drop_decision_no_action,8,37984,42615,-1,-1,-1,-1,-1
37.9938,veh4,drop_decision_no_action,5,37986,42622,-1,-1,-1,-1,-1
38.0266,veh4,drop_decision_no_action,6,38015,42652,-1,-1,-1,-1,-1
38.0313,veh4,drop_decision_no_action,11,38020,42658,-1,-1,-1,-1,-1
38.0358,veh4,drop_decision_no_action,2,38023,42660,-1,-1,-1,-1,-1
38.0513,veh4,drop_decision_no_action,11,38038,42683,-1,-1,-1,-1,-1
38.0573,veh4,drop_decision_no_action,10,38055,42703,-1,-1,-1,-1,-1
38.0826,veh4,drop_decision_no_action,8,38079,42730,-1,-1,-1,-1,-1
38.0958,veh4,drop_decision_no_action,2,38095,42742,-1,-1,-1,-1,-1
38.1166,veh4,drop_decision_no_action,3,38101,42752,-1,-1,-1,-1,-1
38.1466,veh4,drop_decision_no_action,6,38134,42782,-1,-1,-1,-1,-1
38.1566,veh4,drop_decision_no_action,9,38137,42788,-1,-1,-1,-1,-1
38.1638,veh4,drop_decision_no_action,7,38155,42799,-1,-1,-1,-1,-1
38.1766,veh4,drop_decision_no_action,12,38157,42809,-1,-1,-1,-1,-1
38.1938,veh4,drop_decision_no_action,5,38186,42843,-1,-1,-1,-1,-1
38.2026,veh4,drop_decision_no_action,8,38184,42842,-1,-1,-1,-1,-1
38.2513,veh4,drop_decision_no_action,11,38238,42890,-1,-1,-1,-1,-1
38.2573,veh4,drop_decision_no_action,10,38255,42902,-1,-1,-1,-1,-1
38.3166,veh4,drop_decision_no_action,3,38301,42947,-1,-1,-1,-1,-1
38.3466,veh4,drop_decision_no_action,6,38334,42973,-1,-1,-1,-1,-1
38.3566,veh4,drop_decision_no_action,9,38337,42981,-1,-1,-1,-1,-1
38.3638,veh4,drop_decision_no_action,7,38355,42997,-1,-1,-1,-1,-1
38.3766,veh4,drop_decision_no_action,12,38357,43007,-1,-1,-1,-1,-1
38.3938,veh4,drop_decision_no_action,5,38386,43042,-1,-1,-1,-1,-1
38.4026,veh4,drop_decision_no_action,8,38384,43040,-1,-1,-1,-1,-1
38.4513,veh4,drop_decision_no_action,11,38438,43088,-1,-1,-1,-1,-1
38.4573,veh4,drop_decision_no_action,10,38455,43099,-1,-1,-1,-1,-1
38.4938,veh4,drop_decision_no_action,5,38488,43129,-1,-1,-1,-1,-1
38.5166,veh4,drop_decision_no_action,3,38501,43144,-1,-1,-1,-1,-1
38.5458,veh4,drop_decision_no_action,6,38534,43171,-1,-1,-1,-1,-1
38.5566,veh4,drop_decision_no_action,9,38537,43176,-1,-1,-1,-1,-1
38.5638,veh4,drop_decision_no_action,7,38555,43190,-1,-1,-1,-1,-1
38.5736,veh4,drop_decision_no_action,12,38557,43197,-1,-1,-1,-1,-1
38.5916,veh4,drop_decision_no_action,5,38586,43232,-1,-1,-1,-1,-1
38.6026,veh4,drop_decision_no_action,8,38584,43230,-1,-1,-1,-1,-1
38.6166,veh4,drop_decision_no_action,3,38601,43247,-1,-1,-1,-1,-1
38.6336,veh4,drop_decision_no_action,12,38622,43274,-1,-1,-1,-1,-1
38.6513,veh4,drop_decision_no_action,11,38638,43292,-1,-1,-1,-1,-1
38.6573,veh4,drop_decision_no_action,10,38655,43314,-1,-1,-1,-1,-1
38.7248,veh4,drop_decision_no_action,3,38701,43350,-1,-1,-1,-1,-1
38.7458,veh4,drop_decision_no_action,6,38734,43373,-1,-1,-1,-1,-1
38.7561,veh4,drop_decision_no_action,9,38737,43377,-1,-1,-1,-1,-1
38.7736,veh4,drop_decision_no_action,12,38757,43397,-1,-1,-1,-1,-1
38.7916,veh4,drop_decision_no_action,5,38786,43433,-1,-1,-1,-1,-1
38.8026,veh4,drop_decision_no_action,8,38784,43430,-1,-1,-1,-1,-1
38.8048,veh4,drop_decision_no_action,3,38788,43434,-1,-1,-1,-1,-1
38.8248,veh4,drop_decision_no_action,3,38801,43449,-1,-1,-1,-1,-1
38.8458,veh4,drop_decision_no_action,6,38834,43487,-1,-1,-1,-1,-1
38.8461,veh4,drop_decision_no_action,11,38838,43491,-1,-1,-1,-1,-1
38.8573,veh4,drop_decision_no_action,10,38855,43508,-1,-1,-1,-1,-1
38.8596,veh4,drop_decision_no_action,7,38755,43394,-1,-1,-1,-1,-1
38.8961,veh4,drop_decision_no_action,9,38881,43536,-1,-1,-1,-1,-1
38.9248,veh4,drop_decision_no_action,3,38901,43551,-1,-1,-1,-1,-1
38.9458,veh4,drop_decision_no_action,6,38934,43577,-1,-1,-1,-1,-1
38.9561,veh4,drop_decision_no_action,9,38937,43581,-1,-1,-1,-1,-1
38.9596,veh4,drop_decision_no_action,7,38955,43598,-1,-1,-1,-1,-1
38.9736,veh4,drop_decision_no_action,12,38957,43600,-1,-1,-1,-1,-1
38.9791,veh4,drop_decision_no_action,10,38970,43615,-1,-1,-1,-1,-1
38.9916,veh4,drop_decision_no_action,5,38986,43640,-1,-1,-1,-1,-1
39.0026,veh4,drop_decision_no_action,8,38984,43637,-1,-1,-1,-1,-1
39.0248,veh4,drop_decision_no_action,3,39001,43658,-1,-1,-1,-1,-1
39.0258,veh4,drop_decision_no_action,6,39015,43674,-1,-1,-1,-1,-1
39.0261,veh4,drop_decision_no_action,11,39020,43679,-1,-1,-1,-1,-1
39.0333,veh4,drop_decision_no_action,2,39023,43686,-1,-1,-1,-1,-1
39.0591,veh4,drop_decision_no_action,10,39055,43736,-1,-1,-1,-1,-1
39.0621,veh4,drop_decision_no_action,11,39038,43709,-1,-1,-1,-1,-1
39.0826,veh4,drop_decision_no_action,8,39079,43766,-1,-1,-1,-1,-1
39.1133,veh4,drop_decision_no_action,2,39095,43780,-1,-1,-1,-1,-1
39.1561,veh4,drop_decision_no_action,9,39137,43814,-1,-1,-1,-1,-1
39.1596,veh4,drop_decision_no_action,7,39155,43831,-1,-1,-1,-1,-1
39.1736,veh4,drop_decision_no_action,12,39157,43833,-1,-1,-1,-1,-1
39.1893,veh4,drop_decision_no_action,5,39186,43873,-1,-1,-1,-1,-1
39.2026,veh4,drop_decision_no_action,8,39184,43870,-1,-1,-1,-1,-1
39.2248,veh4,drop_decision_no_action,3,39201,43890,-1,-1,-1,-1,-1
39.2461,veh4,drop_decision_no_action,6,39134,43811,-1,-1,-1,-1,-1
39.2591,veh4,drop_decision_no_action,10,39255,43944,-1,-1,-1,-1,-1
39.2621,veh4,drop_decision_no_action,11,39238,43925,-1,-1,-1,-1,-1
39.3561,veh4,drop_decision_no_action,9,39337,44015,-1,-1,-1,-1,-1
39.3601,veh4,drop_decision_no_action,7,39355,44038,-1,-1,-1,-1,-1
39.3736,veh4,drop_decision_no_action,12,39357,44039,-1,-1,-1,-1,-1
39.3893,veh4,drop_decision_no_action,5,39386,44079,-1,-1,-1,-1,-1
39.4026,veh4,drop_decision_no_action,8,39384,44076,-1,-1,-1,-1,-1
39.4248,veh4,drop_decision_no_action,3,39401,44096,-1,-1,-1,-1,-1
39.4461,veh4,drop_decision_no_action,6,39334,44010,-1,-1,-1,-1,-1
39.4461,veh4,drop_decision_no_action,11,39438,44130,-1,-1,-1,-1,-1
39.4591,veh4,drop_decision_no_action,10,39455,44144,-1,-1,-1,-1,-1
39.4893,veh4,drop_decision_no_action,5,39488,44174,-1,-1,-1,-1,-1
39.5461,veh4,drop_decision_no_action,6,39534,44207,-1,-1,-1,-1,-1
39.5561,veh4,drop_decision_no_action,9,39537,44210,-1,-1,-1,-1,-1
39.5601,veh4,drop_decision_no_action,7,39555,44228,-1,-1,-1,-1,-1
39.5736,veh4,drop_decision_no_action,12,39557,44229,-1,-1,-1,-1,-1
39.5863,veh4,drop_decision_no_action,8,39584,44265,-1,-1,-1,-1,-1
39.5893,veh4,drop_decision_no_action,5,39586,44271,-1,-1,-1,-1,-1
39.6248,veh4,drop_decision_no_action,3,39601,44293,-1,-1,-1,-1,-1
39.6336,veh4,drop_decision_no_action,12,39622,44308,-1,-1,-1,-1,-1
39.6401,veh4,drop_decision_no_action,7,39630,44316,-1,-1,-1,-1,-1
39.6461,veh4,drop_decision_no_action,11,39638,44326,-1,-1,-1,-1,-1
39.6616,veh4,drop_decision_no_action,10,39655,44349,-1,-1,-1,-1,-1
39.7461,veh4,drop_decision_no_action,6,39734,44405,-1,-1,-1,-1,-1
39.7528,veh4,drop_decision_no_action,9,39737,44408,-1,-1,-1,-1,-1
39.7601,veh4,drop_decision_no_action,7,39755,44426,-1,-1,-1,-1,-1
39.7746,veh4,drop_decision_no_action,12,39757,44427,-1,-1,-1,-1,-1
39.7863,veh4,drop_decision_no_action,8,39784,44459,-1,-1,-1,-1,-1
39.8048,veh4,drop_decision_no_action,3,39788,44470,-1,-1,-1,-1,-1
39.8048,veh4,drop_decision_no_action,5,39786,44467,-1,-1,-1,-1,-1
39.8176,veh4,drop_decision_no_action,3,39801,44487,-1,-1,-1,-1,-1
39.8491,veh4,drop_decision_no_action,11,39838,44527,-1,-1,-1,-1,-1
39.8616,veh4,drop_decision_no_action,10,39855,44545,-1,-1,-1,-1,-1
39.8928,veh4,drop_decision_no_action,9,39881,44567,-1,-1,-1,-1,-1
