time_s,min_gap_m,min_ttc_s,vehicles
0.0,,,0
0.01,,,0
0.02,,,0
0.03,,,0
0.04,,,0
0.05,,,0
0.06,,,0
0.07,,,0
0.08,,,0
0.09,,,0
0.1,,,0
0.11,,,0
0.12,,,0
0.13,,,0
0.14,,,0
0.15,,,0
0.16,,,0
0.17,,,0
0.18,,,0
0.19,,,0
0.2,14.0,,7
0.21,14.0,,7
0.22,14.0,,7
0.23,14.0,,7
0.24,14.0,,7
0.25,14.000000000000002,,7
0.26,14.000000000000002,,7
0.27,14.000000000000002,,7
0.28,14.000000000000002,,7
0.29,14.0,,7
0.3,14.0,,7
0.31,14.0,,7
0.32,14.0,,7
0.33,14.0,,7
0.34,14.0,,7
0.35,14.0,,7
0.36,14.0,,7
0.37,14.0,,7
0.38,14.0,,7
0.39,13.999999999999998,,7
0.4,13.999999999999998,,7
0.41,14.0,,7
0.42,14.000000000000002,,7
0.43,14.0,,7
0.44,14.0,,7
0.45,14.0,,7
0.46,14.0,,7
0.47,13.999999999999998,,7
0.48,14.0,,7
0.49,14.000000000000002,,7
0.5,14.0,,7
0.51,14.0,,7
0.52,14.0,,7
0.53,14.0,,7
0.54,13.999999999999998,,7
0.55,14.0,,7
0.56,14.0,,7
0.57,14.0,,7
0.58,14.0,,7
0.59,14.0,,7
0.6,13.999999999999998,,7
0.61,14.0,,7
0.62,14.0,,7
0.63,14.0,,7
0.64,13.999999999999998,,7
0.65,14.0,,7
0.66,14.0,,7
0.67,14.0,,7
0.68,14.0,,7
0.69,13.999999999999998,,7
0.7,14.000000000000002,,7
0.71,14.0,,7
0.72,14.0,,7
0.73,14.0,,7
0.74,14.0,,7
0.75,14.0,,7
0.76,14.0,,7
0.77,14.0,,7
0.78,14.0,,7
0.79,14.0,,7
0.8,14.0,,8
0.81,14.000000000000002,,8
0.82,14.0,,8
0.83,14.0,,8
0.84,13.999999999999998,,8
0.85,14.0,,8
0.86,14.0,,8
0.87,14.0,,8
0.88,14.0,,8
0.89,14.0,,8
0.9,13.999999999999998,,8
0.91,14.0,,8
0.92,14.0,,8
0.93,13.999999999999998,,8
0.94,14.0,,8
0.95,14.0,,8
0.96,14.000000000000002,,8
0.97,5.2,,9
0.98,5.23,,9
0.99,5.26,,9
1.0,5.3,,9
1.01,5.33,,9
1.02,5.3500000000000005,,9
1.03,5.38,,9
1.04,5.42,,9
1.05,5.45,,9
1.06,5.48,,9
1.07,5.510000000000001,,9
1.08,5.54,,9
1.09,5.569999999999999,,9
1.1,5.6,,9
1.11,5.63,,9
1.12,5.66,,9
1.13,5.7,,9
1.14,5.73,,9
1.15,5.75,,9
1.16,5.78,,9
1.17,5.82,,9
1.18,5.8500000000000005,,9
1.19,5.880000000000001,,9
1.2,5.909999999999999,,9
1.21,5.9399999999999995,,9
1.22,5.97,,9
1.23,6.0,,9
1.24,6.029999999999999,,9
1.25,6.07,,9
1.26,6.1,,9
1.27,6.119999999999999,,9
1.28,6.1499999999999995,,9
1.29,6.19,,9
1.3,6.220000000000001,,9
1.31,6.25,,9
1.32,6.28,,9
1.33,6.3100000000000005,,9
1.34,6.34,,9
1.35,6.37,,9
1.36,6.4,,9
1.37,6.43,,9
1.38,6.47,,9
1.39,6.5,,9
1.4,6.5200000000000005,,9
1.41,6.55,,9
1.42,6.59,,9
1.43,6.62,,9
1.44,6.6499999999999995,,9
1.45,6.680000000000001,,9
1.46,6.71,,9
1.47,6.74,,9
1.48,6.77,,9
1.49,6.8,,9
1.5,6.84,,9
1.51,6.87,,9
1.52,6.89,,9
1.53,6.92,,9
1.54,6.96,,9
1.55,6.99,,9
1.56,7.0200000000000005,,9
1.57,7.050000000000001,,9
1.58,7.08,,9
1.59,7.109999999999999,,9
1.6,7.140000000000001,,10
1.61,7.17,,10
1.62,7.2,,10
1.63,7.239999999999999,,10
1.64,7.27,,10
1.65,7.290000000000001,,10
1.66,7.319999999999999,,10
1.67,7.359999999999999,,10
1.68,7.390000000000001,,10
1.69,7.420000000000001,,10
1.7,7.449999999999999,,10
1.71,7.4799999999999995,,10
1.72,7.510000000000001,,10
1.73,7.540000000000001,,10
1.74,7.569999999999999,,10
1.75,7.609999999999999,,10
1.76,7.640000000000001,,10
1.77,7.660000000000001,,10
1.78,7.6899999999999995,,10
1.79,7.7299999999999995,,10
1.8,7.760000000000001,,10
1.81,7.790000000000001,,10
1.82,7.819999999999999,,10
1.83,7.85,,10
1.84,7.88,,10
1.85,7.91,,10
1.86,7.9399999999999995,,10
1.87,7.97,,10
1.88,8.01,,10
1.89,8.04,,10
1.9,8.06,,10
1.91,8.09,,10
1.92,8.129999999999999,,10
1.93,8.16,,10
1.94,8.19,,10
1.95,8.22,,10
1.96,8.25,,10
1.97,8.280000000000001,,10
1.98,8.309999999999999,,10
1.99,8.34,,10
2.0,8.379999999999999,,10
2.01,8.41,,10
2.02,8.43,,10
2.03,8.46,,10
2.04,8.5,,10
2.05,8.530000000000001,,10
2.06,8.56,,10
2.07,8.59,,10
2.08,8.62,,10
2.09,8.65,,10
2.1,8.68,,10
2.11,8.71,,10
2.12,8.74,,10
2.13,8.780000000000001,,10
2.14,8.81,,10
2.15,8.83,,10
2.16,8.860000000000001,,10
2.17,8.9,,10
2.18,8.93,,10
2.19,8.96,,10
2.2,8.989999999999998,,10
2.21,9.02,,10
2.22,9.049999999999999,,10
2.23,9.079999999999998,,10
2.24,9.11,,10
2.25,9.149999999999999,,10
2.26,9.18,,10
2.27,9.2,,10
2.28,9.23,,10
2.29,9.27,,10
2.3,9.299999999999999,,10
2.31,9.329999999999998,,10
2.32,9.36,,10
2.33,9.389999999999999,,10
2.34,9.42,,10
2.35,9.45,,10
2.36,9.479999999999999,,10
2.37,9.510000000000002,,10
2.38,9.55,,10
2.39,9.580000000000002,,10
2.4,9.600000000000001,,11
2.41,9.63,,11
2.42,9.67,,11
2.43,9.7,,11
2.44,9.73,,11
2.45,9.76,,11
2.46,9.79,,11
2.47,9.82,,11
2.48,9.85,,11
2.49,9.879999999999999,,11
2.5,9.920000000000002,,11
2.51,9.950000000000001,,11
2.52,9.97,,11
2.53,10.0,,11
2.54,10.04,,11
2.55,10.07,,11
2.56,10.1,,11
2.57,10.129999999999999,,11
2.58,10.16,,11
2.59,10.190000000000001,,11
2.6,10.22,,11
2.61,10.25,,11
2.62,10.28,,11
2.63,10.32,,11
2.64,10.350000000000001,,11
2.65,10.370000000000001,,11
2.66,10.399999999999999,,11
2.67,10.440000000000001,,11
2.68,10.470000000000002,,11
2.69,10.5,,11
2.7,10.530000000000001,,11
2.71,10.559999999999999,,11
2.72,10.59,,11
2.73,10.620000000000001,,11
2.74,10.649999999999999,,11
2.75,10.689999999999998,,11
2.76,10.719999999999999,,11
2.77,10.740000000000002,,11
2.78,10.77,,11
2.79,10.809999999999999,,11
2.8,10.84,,11
2.81,10.870000000000001,,11
2.82,10.900000000000002,,11
2.83,10.93,,11
2.84,10.959999999999997,,11
2.85,10.990000000000002,,11
2.86,11.02,,11
2.87,11.049999999999999,,11
2.88,11.090000000000002,,11
2.89,11.120000000000001,,11
2.9,11.139999999999999,,11
2.91,11.169999999999998,,11
2.92,11.21,,11
2.93,11.240000000000002,,11
2.94,11.27,,11
2.95,11.3,,11
2.96,11.329999999999998,,11
2.97,11.36,,11
2.98,11.390000000000002,,11
2.99,11.420000000000002,,11
3.0,11.459999999999999,,11
3.01,11.490000000000002,,11
3.02,11.510000000000002,,11
3.03,11.540000000000001,,11
3.04,11.580000000000002,,11
3.05,11.610000000000001,,11
3.06,11.640000000000002,,11
3.07,11.670000000000002,,11
3.08,11.7,,11
3.09,11.730000000000002,,11
3.1,11.76,,11
3.11,11.79,,11
3.12,11.82,,11
3.13,11.860000000000001,,11
3.14,11.89,,11
3.15,11.91,,11
3.16,11.939999999999998,,11
3.17,11.979999999999999,,11
3.18,12.01,,11
3.19,12.040000000000001,,11
3.2,12.069999999999999,,11
3.21,12.1,,11
3.22,12.13,,11
3.23,12.160000000000002,,11
3.24,12.19,,11
3.25,12.230000000000002,,11
3.26,12.26,,11
3.27,12.28,,11
3.28,12.31,,11
3.29,12.35,,11
3.3,12.38,,11
3.31,12.41,,11
3.32,12.440000000000001,,11
3.33,12.47,,11
3.34,12.500000000000002,,11
3.35,12.53,,11
3.36,12.56,,11
3.37,12.59,,11
3.38,12.629999999999999,,11
3.39,12.660000000000002,,11
3.4,12.68,,11
3.41,12.71,,11
3.42,12.75,,11
3.43,12.78,,11
3.44,12.809999999999999,,11
3.45,12.840000000000002,,11
3.46,12.870000000000001,,11
3.47,12.899999999999999,,11
3.48,12.929999999999998,,11
3.49,12.96,,11
3.5,13.000000000000002,,11
3.51,13.030000000000001,,11
3.52,13.049999999999999,,11
3.53,13.079999999999998,,11
3.54,13.12,,11
3.55,13.150000000000002,,11
3.56,13.179999999999998,,11
3.57,13.21,,11
3.58,13.240000000000002,,11
3.59,13.270000000000001,,11
3.6,13.3,,11
3.61,13.33,,11
3.62,13.360000000000001,,11
3.63,13.400000000000002,,11
3.64,13.429999999999998,,11
3.65,13.450000000000001,,11
3.66,13.480000000000002,,11
3.67,13.519999999999998,,11
3.68,13.549999999999999,,11
3.69,13.58,,11
3.7,13.61,,11
3.71,13.64,,11
3.72,13.670000000000002,,11
3.73,13.7,,11
3.74,13.729999999999999,,11
3.75,13.770000000000001,,11
3.76,13.800000000000002,,11
3.77,13.819999999999999,,11
3.78,13.85,,11
3.79,13.89,,11
3.8,13.919999999999998,,11
3.81,13.95,,11
3.82,13.98,,11
3.83,14.0,,11
3.84,14.0,,11
3.85,14.0,,11
3.86,14.0,,11
3.87,13.999999999999996,,11
3.88,13.999999999999996,,11
3.89,14.000000000000004,,11
3.9,14.000000000000004,,11
3.91,14.0,,11
3.92,14.0,,11
3.93,14.0,,11
3.94,14.0,,11
3.95,14.0,,11
3.96,14.0,,11
3.97,14.0,,11
3.98,14.0,,11
3.99,14.0,,11
4.0,14.0,,11
4.01,14.0,,11
4.02,14.0,,11
4.03,14.0,,11
4.04,14.0,,11
4.05,14.0,,11
4.06,14.0,,11
4.07,14.0,,11
4.08,14.0,,11
4.09,14.0,,11
4.1,14.0,,11
4.11,14.0,,11
4.12,14.0,,11
4.13,14.0,,11
4.14,14.0,,11
4.15,14.0,,11
4.16,14.0,,11
4.17,14.0,,11
4.18,14.0,,11
4.19,14.0,,11
4.2,14.0,,11
4.21,14.0,,11
4.22,14.0,,11
4.23,14.0,,11
4.24,14.0,,11
4.25,14.0,,11
4.26,14.0,,11
4.27,14.0,,11
4.28,14.0,,11
4.29,14.0,,11
4.3,14.0,,11
4.31,14.0,,11
4.32,14.0,,11
4.33,14.0,,11
4.34,14.0,,11
4.35,14.0,,11
4.36,14.0,,11
4.37,14.0,,11
4.38,14.0,,11
4.39,14.0,,11
4.4,14.0,,11
4.41,14.0,,11
4.42,14.0,,11
4.43,14.0,,11
4.44,14.0,,11
4.45,14.0,,11
4.46,14.0,,11
4.47,14.0,,11
4.48,14.0,,11
4.49,14.0,,11
4.5,14.0,,11
4.51,14.0,,11
4.52,14.0,,11
4.53,14.0,,11
4.54,14.0,,11
4.55,14.0,,11
4.56,14.0,,11
4.57,14.0,,11
4.58,14.0,,11
4.59,14.0,,11
4.6,14.0,,11
4.61,14.0,,11
4.62,14.0,,11
4.63,14.0,,11
4.64,14.0,,11
4.65,14.0,,11
4.66,14.0,,11
4.67,14.0,,11
4.68,14.0,,11
4.69,14.0,,11
4.7,14.0,,11
4.71,14.0,,11
4.72,14.0,,11
4.73,14.0,388.75000000000824,11
4.74,14.0,194.3749999999998,11
4.75,14.0,129.58333333333422,11
4.76,14.0,97.18749999999991,11
4.77,14.0,77.70000000000027,11
4.78,14.0,64.74999999999994,11
4.79,14.0,55.500000000000114,11
4.8,14.0,48.562499999999964,11
4.81,14.0,43.13888888888896,11
4.82,14.0,38.82499999999997,11
4.83,14.0,35.27272727272731,11
4.84,14.0,32.33333333333329,11
4.85,14.0,29.826923076923105,11
4.86,14.0,27.696428571428548,11
4.87,14.0,26.271186440677972,11
4.88,14.0,26.271186440677972,11
4.89,14.0,26.254237288135595,11
4.9,14.0,26.237288135593232,11
4.91,14.0,26.23728813559323,11
4.92,14.0,26.67241379310344,11
4.93,14.0,26.67241379310344,11
4.94,14.0,26.655172413793096,11
4.95,14.0,26.655172413793107,11
4.96,14.0,26.63793103448276,11
4.97,14.0,26.620689655172406,11
4.98,14.0,26.620689655172406,11
4.99,14.0,26.603448275862064,11
5.0,14.0,26.603448275862064,11
5.01,14.0,26.586206896551722,11
5.02,14.0,26.56896551724137,11
5.03,14.0,26.56896551724137,11
5.04,14.0,26.55172413793103,11
5.05,14.0,26.551724137931043,11
5.06,14.0,26.534482758620687,11
5.07,14.0,26.534482758620687,11
5.08,14.0,26.517241379310335,11
5.09,14.0,26.499999999999993,11
5.1,14.0,26.500000000000004,11
5.11,14.0,26.947368421052616,11
5.12,14.0,26.947368421052616,11
5.13,14.0,26.929824561403496,11
5.14,14.0,26.929824561403485,11
5.15,14.0,26.91228070175438,11
5.16,13.999999999999993,26.894736842105246,11
5.17,14.0,26.894736842105246,11
5.18,14.000000000000007,26.877192982456126,11
5.19,14.0,26.877192982456126,11
5.2,14.0,26.859649122807006,11
5.21,13.999999999999993,26.859649122807006,11
5.22,14.0,26.842105263157876,11
5.23,14.000000000000007,26.824561403508756,11
5.24,14.0,26.824561403508756,11
5.25,14.0,26.807017543859637,11
5.26,13.999999999999993,26.807017543859637,11
5.27,14.0,26.789473684210517,11
5.28,14.000000000000007,26.789473684210506,11
5.29,14.0,26.771929824561386,11
5.3,14.0,26.754385964912267,11
5.31,13.999999999999993,27.232142857142833,11
5.32,14.0,27.214285714285694,11
5.33,14.000000000000007,27.214285714285694,11
5.34,14.0,27.19642857142854,11
5.35,14.0,27.196428571428555,11
5.36,13.999999999999993,27.178571428571402,11
5.37,14.0,27.178571428571402,11
5.38,14.000000000000007,27.160714285714263,11
5.39,14.0,27.14285714285711,11
5.4,14.0,27.142857142857125,11
5.41,13.999999999999993,27.124999999999986,11
5.42,14.0,27.12499999999997,11
5.43,14.000000000000007,27.107142857142833,11
5.44,14.0,27.107142857142833,11
5.45,14.0,27.089285714285694,11
5.46,13.999999999999993,27.071428571428555,11
5.47,14.0,27.07142857142854,11
5.48,14.000000000000007,27.053571428571402,11
5.49,14.0,27.053571428571402,11
5.5,14.0,27.035714285714263,11
5.51,13.999999999999993,27.527272727272692,11
5.52,14.0,27.50909090909088,11
5.53,14.000000000000007,27.509090909090865,11
5.54,14.0,27.49090909090905,11
5.55,14.0,27.472727272727237,11
5.56,13.999999999999993,27.472727272727237,11
5.57,14.0,27.45454545454542,11
5.58,14.000000000000007,27.45454545454542,11
5.59,14.0,27.436363636363595,11
5.6,14.0,27.436363636363605,11
5.61,13.999999999999993,27.41818181818178,11
5.62,14.0,27.41818181818178,11
5.63,14.000000000000007,27.399999999999967,11
5.64,14.0,27.399999999999967,11
5.65,14.0,27.38181818181815,11
5.66,13.999999999999993,27.363636363636335,11
5.67,14.0,27.363636363636324,11
5.68,14.000000000000007,27.34545454545451,11
5.69,14.0,27.34545454545451,11
5.7,14.0,27.327272727272693,11
5.71,13.999999999999993,27.327272727272693,11
5.72,14.0,27.814814814814863,11
5.73,14.000000000000007,27.814814814814852,11
5.74,14.0,27.796296296296337,11
5.75,14.0,27.79629629629635,11
5.76,13.999999999999993,27.77777777777782,11
5.77,14.0,27.759259259259306,11
5.78,14.000000000000007,27.759259259259306,11
5.79,14.0,27.74074074074078,11
5.8,14.0,27.74074074074079,11
5.81,13.999999999999993,27.722222222222264,11
5.82,14.0,27.722222222222264,11
5.83,14.000000000000007,27.70370370370375,11
5.84,14.0,27.703703703703734,11
5.85,14.0,27.685185185185233,11
5.86,13.999999999999993,27.685185185185233,11
5.87,14.0,27.666666666666707,11
5.88,14.000000000000007,27.666666666666707,11
5.89,14.0,27.64814814814819,11
5.9,14.0,27.629629629629676,11
5.91,13.999999999999993,27.629629629629676,11
5.92,14.0,27.61111111111115,11
5.93,14.000000000000007,28.13207547169814,11
5.94,14.0,28.113207547169843,11
5.95,14.0,28.113207547169857,11
5.96,13.999999999999993,28.094339622641545,11
5.97,14.0,28.094339622641545,11
5.98,14.000000000000007,28.075471698113233,11
5.99,14.0,28.075471698113233,11
6.0,14.0,28.05660377358495,11
6.01,13.999999999999993,28.05660377358495,11
6.02,14.0,28.037735849056638,11
6.03,14.000000000000007,28.037735849056638,11
6.04,14.0,28.018867924528326,11
6.05,14.0,28.00000000000004,11
6.06,13.999999999999993,30.28571428571428,11
6.07,14.0,30.265306122448962,11
6.08,14.0,30.895833333333318,11
6.09,14.0,30.87499999999997,11
6.1,13.990000000000009,30.874999999999957,11
6.11,13.989999999999995,30.87499999999997,11
6.12,13.989999999999995,31.5106382978723,11
6.13,13.990000000000009,15.975644699140402,11
6.14,13.980000000000004,15.80709219858156,11
6.15,13.980000000000004,15.640449438202245,11
6.16,13.969999999999999,15.478442280945755,11
6.17,13.969999999999999,15.319559228650133,11
6.18,13.960000000000008,15.163710777626198,11
6.19,13.959999999999994,15.009459459459464,11
6.2,13.960000000000008,14.859437751004018,11
6.21,13.949999999999989,14.671957671957674,11
6.22,13.950000000000003,14.490196078431374,11
6.23,13.940000000000012,14.31136950904393,11
6.24,13.939999999999998,14.136653895274588,11
6.25,13.930000000000007,13.96590909090909,11
6.26,13.929999999999993,13.799001248439447,11
6.27,13.920000000000002,13.6358024691358,11
6.28,13.920000000000002,13.476190476190474,11
6.29,13.920000000000002,13.320048309178743,11
6.3,13.909999999999997,13.16606929510155,11
6.31,13.909999999999997,13.01654846335697,11
6.32,13.900000000000006,12.869005847953215,11
6.33,13.900000000000006,12.725694444444445,11
6.34,13.89,12.584192439862543,11
6.35,13.89,12.445578231292517,11
6.36,13.879999999999995,12.309764309764308,11
6.37,13.879999999999995,12.176666666666668,11
6.38,13.88000000000001,12.046204620462046,11
6.39,13.86999999999999,11.918300653594773,11
6.4,13.870000000000005,11.792880258899677,11
6.41,13.86,11.668803418803419,11
6.42,13.86,11.54814814814815,11
6.43,13.850000000000009,11.428721174004194,11
6.44,13.849999999999994,11.31256490134995,11
6.45,13.840000000000003,11.197530864197532,11
6.46,13.83999999999999,11.084607543323141,11
6.47,13.840000000000003,10.973737373737375,11
6.48,13.830000000000013,10.864864864864867,11
6.49,13.829999999999998,10.75793650793651,11
6.5,13.820000000000007,10.652900688298917,11
6.51,13.819999999999993,10.54970760233918,11
6.52,13.810000000000002,10.44734299516908,11
6.53,13.810000000000002,10.347701149425287,11
6.54,13.799999999999997,10.248812915479581,11
6.55,13.799999999999997,10.152542372881355,11
6.56,13.799999999999997,10.056956115779643,11
6.57,13.790000000000006,9.962962962962962,11
6.58,13.790000000000006,9.87052341597796,11
6.59,13.780000000000001,9.779599271402551,11
6.6,13.780000000000001,9.69015356820235,11
6.61,13.769999999999996,9.602150537634408,11
6.62,13.769999999999996,9.515555555555554,11
6.63,13.77000000000001,9.429453262786597,11
6.64,13.759999999999991,9.345581802274717,11
6.65,13.760000000000005,9.263020833333334,11
6.66,13.75,9.180878552971576,11
6.67,13.75,9.1,11
6.68,13.740000000000009,9.020356234096694,11
6.69,13.739999999999995,8.942760942760945,11
6.7,13.740000000000009,8.865497076023393,11
6.71,13.72999999999999,8.7893864013267,11
6.72,13.730000000000004,8.713580246913581,11
6.73,13.719999999999999,8.639705882352942,11
6.74,13.719999999999999,8.566909975669102,11
6.75,13.710000000000008,8.494363929146537,11
6.76,13.709999999999994,8.423661071143083,11
6.77,13.709999999999994,8.353174603174603,11
6.78,13.700000000000003,8.284475965327028,11
6.79,13.700000000000003,8.215962441314554,11
6.8,13.689999999999998,8.148407148407149,11
6.81,13.689999999999998,8.08179012345679,11
6.82,13.680000000000007,8.016091954022988,11
6.83,13.680000000000007,7.951293759512938,11
6.84,13.679999999999993,7.887377173091458,11
6.85,13.670000000000002,7.823573573573572,11
6.86,13.669999999999987,7.761372110365398,11
6.87,13.659999999999997,7.699259259259259,11
6.88,13.66000000000001,7.638704930095658,11
6.89,13.649999999999991,7.578216374269007,11
6.9,13.650000000000006,7.518518518518519,11
6.91,13.649999999999991,7.45959595959596,11
6.92,13.64,7.401433691756273,11
6.93,13.64,7.344017094017095,11
6.94,13.629999999999995,7.287331917905166,11
6.95,13.63000000000001,7.231364275668072,11
6.96,13.61999999999999,7.176100628930816,11
6.97,13.620000000000005,7.120833333333333,11
6.98,13.620000000000005,7.066942719116631,11
6.99,13.61,7.013031550068587,11
7.0,13.61,6.9604635310156775,11
7.01,13.599999999999994,6.907859078590786,11
7.02,13.599999999999994,6.855892255892257,11
7.03,13.600000000000009,6.8045515394913,11
7.04,13.590000000000003,6.753825681969394,11
7.05,13.590000000000003,6.703703703703703,11
7.06,13.579999999999998,6.654174884944115,11
7.07,13.579999999999998,6.604575163398693,11
7.08,13.570000000000007,6.556205328135152,11
7.09,13.569999999999993,6.508397932816537,11
7.1,13.570000000000007,6.460500963391137,11
7.11,13.559999999999988,6.413154533844189,11
7.12,13.560000000000002,6.366984126984127,11
7.13,13.550000000000011,6.32070707070707,11
7.14,13.549999999999997,6.274952919020716,11
7.15,13.549999999999997,6.229712858926341,11
7.16,13.539999999999992,6.1849782743637505,11
7.17,13.540000000000006,6.140123456790124,11
7.18,13.530000000000001,6.096378146101903,11
7.19,13.530000000000001,6.053113553113553,11
7.2,13.519999999999996,6.009714632665452,11
7.21,13.519999999999996,5.967391304347826,11
7.22,13.519999999999996,5.924924924924926,11
7.23,13.510000000000005,5.882915173237754,11
7.24,13.509999999999991,5.84194890077243,11
7.25,13.5,5.800827423167848,11
7.26,13.5,5.760141093474428,11
7.27,13.5,5.719883040935672,11
7.28,13.490000000000009,5.679464805119257,11
7.29,13.489999999999995,5.640046296296297,11
7.3,13.480000000000004,5.601036269430052,11
7.31,13.47999999999999,5.5618556701030935,11
7.32,5.300000000000004,31.62222222222225,11
7.33,5.449999999999996,31.644444444444513,11
7.34,5.600000000000001,31.62222222222228,11
7.35,5.75,31.62222222222225,11
7.36,5.899999999999999,31.600000000000048,11
7.37,6.050000000000004,31.577777777777847,11
7.38,6.199999999999996,31.577777777777847,11
7.39,6.350000000000001,31.55555555555558,11
7.4,6.5,30.891304347826168,11
7.41,6.649999999999999,30.869565217391372,11
7.42,6.800000000000004,30.86956521739134,11
7.43,6.949999999999996,31.533333333333378,11
7.44,7.100000000000001,31.511111111111177,11
7.45,7.25,31.511111111111177,11
7.46,7.399999999999999,31.488888888888944,11
7.47,7.550000000000004,31.511111111111177,11
7.48,7.699999999999996,31.488888888888944,11
7.49,7.850000000000001,31.466666666666708,11
7.5,8.0,31.466666666666708,11
7.51,8.149999999999999,31.444444444444507,11
7.52,8.300000000000004,31.444444444444507,11
7.53,8.449999999999996,31.422222222222274,11
7.54,8.600000000000001,31.422222222222274,11
7.55,8.75,31.422222222222242,11
7.56,8.899999999999999,31.40000000000004,11
7.57,9.050000000000004,32.11363636363639,11
7.58,9.199999999999996,32.090909090909136,11
7.59,9.350000000000001,32.068181818181884,11
7.6,9.5,32.090909090909136,11
7.61,9.649999999999999,32.068181818181856,11
7.62,9.800000000000004,32.068181818181856,11
7.63,9.949999999999996,32.04545454545457,11
7.64,10.100000000000001,32.022727272727316,11
7.65,10.25,32.022727272727316,11
7.66,10.399999999999999,32.022727272727316,11
7.67,10.550000000000004,32.000000000000036,11
7.68,10.699999999999996,31.288888888888934,11
7.69,10.850000000000001,31.2666666666667,11
7.7,11.0,31.2666666666667,11
7.71,11.149999999999999,31.954545454545496,11
7.72,11.300000000000004,31.931818181818244,11
7.73,11.449999999999996,31.954545454545496,11
7.74,11.600000000000001,31.931818181818212,11
7.75,11.75,31.931818181818244,11
7.76,11.899999999999999,31.909090909090928,11
7.77,12.050000000000004,31.886363636363676,11
7.78,12.199999999999996,31.886363636363676,11
7.79,12.350000000000001,31.886363636363676,11
7.8,12.5,31.886363636363676,11
7.81,12.649999999999999,31.86363636363639,11
7.82,12.800000000000004,31.84090909090914,11
7.83,12.949999999999996,31.840909090909108,11
7.84,13.100000000000001,31.84090909090914,11
7.85,13.25,32.58139534883721,11
7.86,13.259999999999991,32.55813953488374,11
7.87,13.260000000000005,32.53488372093024,11
7.88,13.25,32.534883720930274,11
7.89,13.25,32.51162790697678,11
7.9,13.25,32.51162790697678,11
7.91,13.239999999999995,32.51162790697678,11
7.92,13.239999999999995,32.48837209302327,11
7.93,13.230000000000004,32.48837209302327,11
7.94,13.230000000000004,32.465116279069775,11
7.95,13.230000000000004,32.465116279069775,11
7.96,13.219999999999999,32.465116279069775,11
7.97,13.219999999999999,31.704545454545496,11
7.98,13.210000000000008,31.704545454545496,11
7.99,13.209999999999994,32.41860465116281,11
8.0,13.210000000000008,32.395348837209305,11
8.01,13.199999999999989,32.41860465116284,11
8.02,13.200000000000003,32.395348837209305,11
8.03,13.200000000000003,32.372093023255836,11
8.04,13.189999999999998,32.372093023255836,11
8.05,13.189999999999998,32.348837209302374,11
8.06,13.179999999999993,32.372093023255836,11
8.07,13.180000000000007,32.34883720930234,11
8.08,13.180000000000007,32.32558139534887,11
8.09,13.170000000000002,32.32558139534884,11
8.1,13.170000000000002,32.30232558139537,11
8.11,13.159999999999997,32.32558139534884,11
8.12,13.159999999999997,32.30232558139537,11
8.13,13.16000000000001,32.27906976744187,11
8.14,13.149999999999991,33.04761904761908,11
8.15,13.150000000000006,33.023809523809504,11
8.16,13.149999999999991,33.00000000000001,11
8.17,13.14,33.02380952380954,11
8.18,13.14,33.00000000000001,11
8.19,13.129999999999995,33.00000000000001,11
8.2,13.13000000000001,32.97619047619047,11
8.21,13.129999999999995,32.95238095238096,11
8.22,13.120000000000005,32.97619047619047,11
8.23,13.120000000000005,32.95238095238096,11
8.24,13.11999999999999,32.928571428571466,11
8.25,13.11,32.92857142857143,11
8.26,13.11,32.92857142857143,11
8.27,13.099999999999994,32.16279069767434,11
8.28,13.100000000000009,32.90476190476189,11
8.29,13.099999999999994,32.880952380952394,11
8.3,13.090000000000003,32.880952380952394,11
8.31,13.08999999999999,32.880952380952394,11
8.32,13.090000000000003,32.857142857142854,11
8.33,13.080000000000013,32.857142857142854,11
8.34,13.079999999999998,32.83333333333332,11
8.35,13.070000000000007,32.83333333333332,11
8.36,13.069999999999993,32.83333333333336,11
8.37,13.069999999999993,32.80952380952382,11
8.38,13.060000000000002,32.80952380952382,11
8.39,13.060000000000002,32.785714285714285,11
8.4,13.060000000000002,32.76190476190478,11
8.41,13.049999999999997,32.785714285714285,11
8.42,13.049999999999997,32.76190476190478,11
8.43,13.040000000000006,33.5609756097561,11
8.44,13.039999999999992,33.53658536585365,11
8.45,13.040000000000006,33.53658536585365,11
8.46,13.030000000000001,33.53658536585365,11
8.47,13.030000000000001,33.512195121951194,11
8.48,13.030000000000001,33.48780487804878,11
8.49,13.019999999999996,33.48780487804878,11
8.5,13.019999999999996,33.48780487804878,11
8.51,13.019999999999996,33.463414634146325,11
8.52,13.010000000000005,33.463414634146325,11
8.53,13.010000000000005,33.43902439024387,11
8.54,13.0,33.43902439024387,11
8.55,13.0,33.43902439024391,11
8.56,13.0,33.41463414634143,11
8.57,12.989999999999995,32.619047619047635,11
8.58,12.990000000000009,33.39024390243901,11
8.59,12.989999999999995,33.39024390243901,11
8.6,12.980000000000004,33.39024390243901,11
8.61,12.97999999999999,33.365853658536594,11
8.62,12.980000000000004,33.34146341463414,11
8.63,12.969999999999999,33.365853658536594,11
8.64,12.969999999999999,33.34146341463414,11
8.65,12.960000000000008,33.34146341463414,11
8.66,12.959999999999994,33.31707317073169,11
8.67,12.959999999999994,33.29268292682927,11
8.68,12.950000000000003,33.31707317073169,11
8.69,12.950000000000003,33.29268292682924,11
8.7,12.950000000000003,33.26829268292682,11
8.71,12.939999999999998,33.26829268292682,11
8.72,12.939999999999998,33.26829268292682,11
8.73,12.940000000000012,34.07499999999996,11
8.74,12.929999999999993,34.074999999999996,11
8.75,12.930000000000007,34.04999999999995,11
8.76,12.919999999999987,34.074999999999996,11
8.77,12.920000000000002,34.04999999999998,11
8.78,12.920000000000002,34.02499999999997,11
8.79,12.909999999999997,34.02499999999997,11
8.8,12.909999999999997,34.02499999999997,11
8.81,12.909999999999997,33.99999999999996,11
8.82,12.900000000000006,33.99999999999996,11
8.83,12.900000000000006,33.97499999999998,11
8.84,12.899999999999991,33.95,11
8.85,12.89,33.97499999999998,11
8.86,12.89,33.94999999999997,11
8.87,12.89,33.924999999999955,11
8.88,12.88000000000001,33.924999999999955,11
8.89,12.879999999999995,33.92499999999999,11
8.9,12.870000000000005,33.924999999999955,11
8.91,12.86999999999999,33.89999999999998,11
8.92,12.870000000000005,33.874999999999964,11
8.93,12.86,33.89999999999998,11
8.94,12.86,33.874999999999964,11
8.95,12.86,33.84999999999999,11
8.96,12.849999999999994,33.84999999999999,11
8.97,12.849999999999994,33.84999999999999,11
8.98,12.850000000000009,33.824999999999974,11
8.99,12.840000000000003,33.82499999999994,11
9.0,12.840000000000003,33.79999999999996,11
9.01,12.83999999999999,33.8,11
9.02,12.829999999999998,33.79999999999996,11
9.03,12.830000000000013,33.77499999999995,11
9.04,12.829999999999998,34.61538461538456,11
9.05,12.820000000000007,34.641025641025564,11
9.06,12.819999999999993,34.61538461538456,11
9.07,12.810000000000002,34.61538461538456,11
9.08,12.810000000000002,34.61538461538456,11
9.09,12.810000000000002,34.58974358974353,11
9.1,12.799999999999997,34.58974358974356,11
9.11,12.799999999999997,34.56410256410253,11
9.12,12.799999999999997,34.56410256410253,11
9.13,12.790000000000006,34.56410256410253,11
9.14,12.789999999999992,34.53846153846148,11
9.15,12.790000000000006,34.51282051282045,11
9.16,12.780000000000001,34.53846153846148,11
9.17,12.780000000000001,34.51282051282045,11
9.18,12.780000000000001,34.487179487179446,11
9.19,12.769999999999996,35.394736842105196,11
9.2,12.769999999999996,34.487179487179446,11
9.21,12.769999999999996,34.4615384615384,11
9.22,12.760000000000005,34.4615384615384,11
9.23,12.760000000000005,34.4358974358974,11
9.24,12.759999999999991,34.4358974358974,11
9.25,12.75,34.4358974358974,11
9.26,12.75,34.41025641025633,11
9.27,12.75,34.410256410256366,11
9.28,12.740000000000009,34.410256410256366,11
9.29,12.739999999999995,34.38461538461532,11
9.3,12.740000000000009,34.35897435897429,11
9.31,12.72999999999999,34.384615384615365,11
9.32,12.730000000000004,34.35897435897429,11
9.33,12.730000000000004,34.333333333333286,11
9.34,12.719999999999999,34.333333333333286,11
9.35,12.719999999999999,35.23684210526309,11
9.36,12.719999999999999,35.21052631578939,11
9.37,12.709999999999994,35.21052631578943,11
9.38,12.710000000000008,35.21052631578939,11
9.39,13.379999999999995,35.21052631578939,11
9.4,13.370000000000005,35.18421052631573,11
9.41,13.36,35.15789473684203,11
9.42,13.370000000000005,35.18421052631573,11
9.43,13.36,35.15789473684203,11
9.44,13.349999999999994,35.13157894736833,11
9.45,13.349999999999994,35.13157894736833,11
9.46,13.350000000000009,35.13157894736837,11
9.47,13.33999999999999,35.10526315789463,11
9.48,13.340000000000003,35.105263157894676,11
9.49,13.33999999999999,35.10526315789463,11
9.5,13.329999999999998,35.07894736842098,11
9.51,13.329999999999998,36.027027027026925,11
9.52,13.320000000000007,35.99999999999992,11
9.53,13.319999999999993,35.05263157894728,11
9.54,13.320000000000007,35.05263157894731,11
9.55,13.310000000000002,35.02631578947362,11
9.56,13.310000000000002,35.02631578947362,11
9.57,13.310000000000002,35.02631578947362,11
9.58,13.300000000000011,34.99999999999996,11
9.59,13.299999999999997,34.99999999999992,11
9.6,13.299999999999997,34.99999999999992,11
9.61,13.289999999999992,34.97368421052622,11
9.62,13.280000000000001,34.947368421052566,11
9.63,13.290000000000006,34.97368421052626,11
9.64,13.280000000000001,34.947368421052566,11
9.65,13.269999999999996,34.92105263157887,11
9.66,13.280000000000001,34.947368421052566,11
9.67,13.269999999999996,34.92105263157887,11
9.68,13.260000000000005,35.837837837837924,11
9.69,13.260000000000005,35.837837837837924,11
9.7,13.259999999999991,35.83783783783789,11
9.71,13.25,35.810810810810885,11
9.72,13.25,35.810810810810885,11
9.73,13.25,35.810810810810885,11
9.74,13.239999999999995,35.783783783783846,11
9.75,13.240000000000009,35.78378378378388,11
9.76,13.239999999999995,35.783783783783846,11
9.77,13.230000000000004,35.75675675675684,11
9.78,13.219999999999999,35.729729729729804,11
9.79,13.219999999999999,35.729729729729804,11
9.8,13.219999999999999,35.729729729729804,11
9.81,13.210000000000008,35.7027027027028,11
9.82,13.209999999999994,35.70270270270276,11
9.83,13.210000000000008,35.7027027027028,11
9.84,13.199999999999989,36.66666666666669,11
9.85,13.200000000000003,36.666666666666735,11
9.86,13.200000000000003,40.0,11
9.87,13.199999999999989,39.99999999999996,11
9.88,13.189999999999998,39.969696969696955,11
9.89,13.180000000000007,41.187499999999986,11
9.9,13.180000000000007,41.187499999999986,11
9.91,13.189999999999998,41.218750000000185,11
9.92,13.180000000000007,41.187499999999986,11
9.93,13.180000000000007,41.18750000000021,11
9.94,13.170000000000002,39.94999999999997,11
9.95,13.170000000000002,36.29545454545458,11
9.96,13.170000000000002,33.2708333333333,11
9.97,13.170000000000002,30.69230769230772,11
9.98,13.150000000000006,28.49999999999997,11
9.99,13.149999999999991,26.58333333333335,11
10.0,13.149999999999991,25.317460317460284,11
10.01,13.150000000000006,25.301587301587265,11
10.02,13.150000000000006,25.693548387096808,11
10.03,13.14,25.693548387096808,11
10.04,13.14,25.677419354838744,11
10.05,13.14,25.661290322580676,11
10.06,13.14,25.661290322580676,11
10.07,13.129999999999995,25.645161290322612,11
10.08,13.129999999999995,25.645161290322612,11
10.09,13.120000000000005,25.629032258064548,11
10.1,13.120000000000005,25.612903225806484,11
10.11,13.11,25.612903225806484,11
10.12,13.11,25.59677419354842,11
10.13,13.11,25.580645161290352,11
10.14,13.11,25.580645161290356,11
10.15,13.099999999999994,25.564516129032288,11
10.16,13.100000000000009,25.564516129032288,11
10.17,13.100000000000009,25.548387096774224,11
10.18,13.099999999999994,25.53225806451616,11
10.19,13.08999999999999,25.532258064516164,11
10.2,13.090000000000003,25.516129032258096,11
10.21,12.45,25.93442622950822,11
10.22,12.45,25.91803278688527,11
10.23,12.45,25.901639344262318,11
10.24,12.440000000000001,25.90163934426232,11
10.25,12.440000000000001,25.885245901639365,11
10.26,12.440000000000001,25.868852459016413,11
10.27,12.43,25.86885245901642,11
10.28,12.43,25.852459016393468,11
10.29,12.42,25.852459016393468,11
10.3,12.42,25.836065573770515,11
10.31,12.43,25.819672131147563,11
10.32,12.42,25.819672131147566,11
10.33,12.42,25.80327868852461,11
10.34,12.41,25.803278688524617,11
10.35,12.41,25.786885245901665,11
10.36,12.41,25.77049180327871,11
10.37,12.4,25.770491803278713,11
10.38,12.4,25.75409836065576,11
10.39,12.39,26.18333333333335,11
10.4,12.4,26.166666666666682,11
10.41,12.4,26.150000000000013,11
10.42,12.389999999999999,26.150000000000016,11
10.43,12.389999999999999,26.133333333333347,11
10.44,12.38,26.133333333333347,11
10.45,12.380000000000003,26.116666666666678,11
10.46,12.380000000000003,26.10000000000001,11
10.47,12.370000000000001,26.10000000000001,11
10.48,12.370000000000001,26.083333333333353,11
10.49,12.37,26.083333333333353,11
10.5,12.37,26.066666666666684,11
10.51,12.37,26.050000000000015,11
10.52,12.360000000000001,26.050000000000008,11
10.53,12.360000000000001,26.03333333333335,11
10.54,12.350000000000001,26.03333333333335,11
10.55,12.350000000000001,26.01666666666668,11
10.56,12.350000000000001,26.00000000000001,11
10.57,12.34,26.00000000000001,11
10.58,12.349999999999998,26.423728813559332,11
10.59,12.340000000000002,26.42372881355933,11
10.6,12.340000000000002,26.40677966101695,11
10.61,12.340000000000002,26.389830508474578,11
10.62,12.33,26.389830508474578,11
10.63,12.33,26.372881355932215,11
10.64,12.319999999999999,26.372881355932215,11
10.65,12.32,26.355932203389838,11
10.66,12.329999999999998,26.338983050847464,11
10.67,12.32,26.338983050847457,11
10.68,12.32,26.322033898305094,11
10.69,12.309999999999999,26.322033898305094,11
10.7,12.31,26.305084745762716,11
10.71,12.299999999999999,26.305084745762716,11
10.72,12.299999999999999,26.288135593220343,11
10.73,12.299999999999999,26.27118644067798,11
10.74,12.3,26.271186440677972,11
10.75,12.3,26.254237288135595,11
10.76,12.29,26.254237288135595,11
10.77,12.29,26.23728813559322,11
10.78,12.290000000000001,26.67241379310345,11
10.79,12.28,26.67241379310345,11
10.8,12.28,26.655172413793103,11
10.81,12.280000000000001,26.655172413793096,11
10.82,12.280000000000001,26.637931034482747,11
10.83,12.280000000000001,26.620689655172413,11
10.84,12.27,26.620689655172413,11
10.85,12.27,26.603448275862064,11
10.86,12.259999999999998,26.603448275862064,11
10.87,12.259999999999998,26.58620689655172,11
10.88,12.260000000000002,26.586206896551722,11
10.89,12.260000000000002,26.568965517241377,11
10.9,12.260000000000002,26.55172413793103,11
10.91,12.25,26.55172413793103,11
10.92,12.25,26.53448275862068,11
10.93,12.239999999999998,26.534482758620694,11
10.94,12.239999999999998,26.517241379310345,11
10.95,12.24,26.517241379310338,11
10.96,12.24,26.499999999999993,11
10.97,12.24,26.947368421052612,11
10.98,12.23,26.947368421052623,11
10.99,12.23,26.929824561403496,11
11.0,12.219999999999999,26.929824561403496,11
11.01,12.229999999999999,26.912280701754373,11
11.02,12.22,26.912280701754366,11
11.03,12.22,26.894736842105253,11
11.04,12.22,26.877192982456126,11
11.05,12.209999999999999,26.877192982456126,11
11.06,12.209999999999999,26.859649122807003,11
11.07,12.200000000000001,26.859649122806996,11
11.08,12.209999999999999,26.84210526315789,11
11.09,12.200000000000001,26.842105263157883,11
11.1,12.200000000000001,26.824561403508756,11
11.11,12.200000000000001,26.807017543859633,11
11.12,12.19,26.807017543859633,11
11.13,12.19,26.789473684210517,11
11.14,12.190000000000001,26.789473684210513,11
11.15,12.190000000000001,26.771929824561386,11
11.16,12.18,26.771929824561386,11
11.17,12.18,27.232142857142826,11
11.18,12.18,27.214285714285694,11
11.19,12.17,27.214285714285694,11
11.2,12.18,27.196428571428548,11
11.21,12.170000000000002,27.19642857142854,11
11.22,12.170000000000002,27.178571428571395,11
11.23,12.16,27.17857142857141,11
11.24,12.16,27.160714285714263,11
11.25,12.16,27.142857142857117,11
11.26,12.16,27.142857142857117,11
11.27,12.16,27.12499999999997,11
11.28,12.150000000000002,27.12499999999998,11
11.29,12.150000000000002,27.107142857142833,11
11.3,12.14,27.107142857142833,11
11.31,12.14,27.089285714285687,11
11.32,12.139999999999997,27.089285714285687,11
11.33,12.14,27.071428571428555,11
11.34,12.14,27.05357142857141,11
11.35,12.130000000000003,27.053571428571402,11
11.36,12.130000000000003,27.035714285714256,11
11.37,12.129999999999999,27.035714285714256,11
11.38,12.129999999999999,27.50909090909088,11
11.39,12.119999999999997,27.50909090909088,11
11.4,12.119999999999997,27.490909090909057,11
11.41,12.11,27.49090909090905,11
11.42,12.11,27.47272727272723,11
11.43,12.120000000000001,27.45454545454542,11
11.44,12.11,27.45454545454542,11
11.45,12.11,29.588235294117556,11
11.46,12.099999999999998,29.58823529411766,11
11.47,12.099999999999998,29.568627450980298,11
11.48,12.089999999999996,30.16000000000001,11
11.49,12.100000000000001,30.159999999999997,11
11.5,12.099999999999998,30.14,11
11.51,12.100000000000001,30.120000000000005,11
11.52,12.099999999999998,30.714285714285708,11
11.53,12.080000000000002,30.734693877550995,11
11.54,12.079999999999998,30.714285714285694,11
11.55,12.079999999999998,31.354166666666647,11
11.56,12.080000000000002,31.333333333333304,11
11.57,12.079999999999998,30.69230769230772,11
11.58,12.080000000000002,28.499999999999964,11
11.59,12.069999999999997,26.583333333333353,11
11.6,12.07,25.317460317460302,11
11.61,12.080000000000002,25.301587301587265,11
11.62,12.07,25.69354838709682,11
11.63,12.070000000000004,25.693548387096794,11
11.64,12.07,25.677419354838744,11
11.65,12.060000000000002,25.661290322580683,11
11.66,12.059999999999999,25.661290322580673,11
11.67,12.050000000000004,25.645161290322623,11
11.68,12.05,25.645161290322612,11
11.69,12.060000000000002,25.629032258064548,11
11.7,12.049999999999997,25.612903225806498,11
11.71,12.05,25.612903225806477,11
11.72,12.049999999999997,25.596774193548427,11
11.73,12.040000000000003,25.58064516129034,11
11.74,12.04,25.580645161290352,11
11.75,12.030000000000001,25.564516129032302,11
11.76,12.029999999999998,25.56451612903229,11
11.77,12.04,25.54838709677423,11
11.78,12.029999999999998,25.53225806451616,11
11.79,12.030000000000001,25.53225806451616,11
11.8,12.029999999999998,25.51612903225811,11
11.81,12.020000000000003,25.934426229508222,11
11.82,12.02,25.918032786885274,11
11.83,12.020000000000003,25.901639344262314,11
11.84,12.009999999999998,25.901639344262325,11
11.85,12.010000000000002,25.88524590163938,11
11.86,12.019999999999996,25.86885245901642,11
11.87,12.010000000000002,25.86885245901642,11
11.88,12.009999999999998,25.85245901639346,11
11.89,12.010000000000002,25.85245901639347,11
11.9,11.999999999999996,25.836065573770526,11
11.91,12.0,25.819672131147566,11
11.92,11.999999999999996,25.819672131147577,11
11.93,11.990000000000002,25.803278688524607,11
11.94,11.989999999999998,25.803278688524617,11
11.95,12.0,25.78688524590167,11
11.96,11.990000000000002,25.77049180327871,11
11.97,11.989999999999998,25.770491803278723,11
11.98,11.980000000000004,25.754098360655753,11
11.99,11.98,26.18333333333335,11
12.0,11.979999999999997,26.1666666666667,11
12.01,11.969999999999999,26.150000000000013,11
12.02,11.969999999999995,26.150000000000023,11
12.03,11.969999999999999,26.133333333333336,11
12.04,11.959999999999997,26.133333333333347,11
12.05,11.969999999999999,26.116666666666696,11
12.06,11.970000000000002,26.10000000000001,11
12.07,11.969999999999999,26.100000000000023,11
12.08,11.960000000000004,26.083333333333346,11
12.09,11.96,26.083333333333346,11
12.1,11.960000000000004,26.066666666666695,11
12.11,11.95,26.050000000000008,11
12.12,11.950000000000003,26.05000000000002,11
12.13,11.95,26.033333333333346,11
12.14,11.939999999999998,26.033333333333356,11
12.15,11.940000000000001,26.016666666666694,11
12.16,11.950000000000003,26.000000000000018,11
12.17,11.939999999999998,26.000000000000018,11
12.18,11.940000000000001,26.423728813559322,11
12.19,11.939999999999998,26.423728813559332,11
12.2,11.930000000000003,26.406779661016966,11
12.21,11.93,26.38983050847458,11
12.22,11.93,26.389830508474596,11
12.23,11.920000000000002,26.3728813559322,11
12.24,11.920000000000002,26.372881355932215,11
12.25,11.920000000000002,26.355932203389845,11
12.26,11.920000000000002,26.338983050847464,11
12.27,11.909999999999997,26.338983050847474,11
12.28,11.920000000000002,26.32203389830508,11
12.29,11.920000000000002,26.322033898305094,11
12.3,11.910000000000004,26.305084745762734,11
12.31,11.909999999999997,26.305084745762713,11
12.32,11.910000000000004,26.288135593220353,11
12.33,11.899999999999999,26.271186440677962,11
12.34,11.900000000000006,26.271186440677972,11
12.35,11.899999999999999,26.254237288135617,11
12.36,11.900000000000006,26.25423728813559,11
12.37,11.89,26.237288135593232,11
12.38,11.89,26.67241379310344,11
12.39,11.89,26.67241379310344,11
12.4,11.880000000000003,26.655172413793114,11
12.41,11.880000000000003,26.655172413793103,11
12.42,11.879999999999995,26.63793103448276,11
12.43,11.89,26.620689655172406,11
12.44,11.880000000000003,26.620689655172406,11
12.45,11.879999999999995,26.60344827586208,11
12.46,11.880000000000003,26.603448275862064,11
12.47,11.869999999999997,26.586206896551722,11
12.48,11.870000000000005,26.58620689655171,11
12.49,11.869999999999997,26.56896551724138,11
12.5,11.870000000000005,26.551724137931043,11
12.51,11.86,26.55172413793103,11
12.52,11.860000000000007,26.534482758620687,11
12.53,11.86,26.534482758620676,11
12.54,11.850000000000001,26.517241379310345,11
12.55,11.850000000000001,26.51724137931036,11
12.56,11.849999999999994,26.500000000000004,11
12.57,11.850000000000001,26.947368421052616,11
12.58,11.839999999999996,26.947368421052616,11
12.59,11.840000000000003,26.929824561403485,11
12.6,11.839999999999996,26.92982456140351,11
12.61,11.840000000000003,26.91228070175438,11
12.62,11.829999999999998,26.91228070175438,11
12.63,11.839999999999996,26.894736842105246,11
12.64,11.840000000000003,26.87719298245614,11
12.65,11.829999999999998,26.87719298245614,11
12.66,11.830000000000005,26.859649122807006,11
12.67,11.829999999999998,26.859649122807006,11
12.68,11.830000000000005,26.842105263157876,11
12.69,11.82,26.842105263157876,11
12.7,11.819999999999993,26.82456140350877,11
12.71,11.82,26.807017543859637,11
12.72,11.82,26.807017543859637,11
12.73,11.810000000000002,26.789473684210506,11
12.74,11.809999999999995,26.789473684210506,11
12.75,11.810000000000002,26.7719298245614,11
12.76,11.809999999999995,26.7719298245614,11
12.77,11.800000000000004,27.232142857142833,11
12.78,11.799999999999997,27.21428571428568,11
12.79,11.800000000000004,27.21428571428568,11
12.8,11.799999999999997,27.196428571428555,11
12.81,11.79,27.196428571428555,11
12.82,11.79,27.178571428571402,11
12.83,11.79,27.178571428571402,11
12.84,11.79,27.160714285714274,11
12.85,11.780000000000001,27.142857142857125,11
12.86,11.780000000000001,27.142857142857125,11
12.87,11.780000000000001,27.12499999999997,11
12.88,11.780000000000001,27.12499999999997,11
12.89,11.770000000000003,27.107142857142847,11
12.9,11.769999999999996,27.107142857142847,11
12.91,11.770000000000003,27.089285714285694,11
12.92,11.770000000000003,27.089285714285694,11
12.93,11.760000000000005,27.07142857142854,11
12.94,11.759999999999998,27.053571428571416,11
12.95,11.759999999999998,27.053571428571416,11
12.96,11.759999999999998,27.035714285714263,11
12.97,11.759999999999998,27.035714285714263,11
12.98,11.75,27.509090909090865,11
12.99,11.75,27.509090909090865,11
13.0,11.75,27.490909090909064,11
13.01,11.760000000000005,27.490909090909064,11
13.02,11.75,27.981481481481524,11
13.03,11.75,29.05769230769233,11
13.04,11.740000000000002,29.85416666666665,11
13.05,11.739999999999995,29.833333333333307,11
13.06,11.740000000000002,29.833333333333403,11
13.07,11.729999999999997,29.81249999999998,11
13.08,11.730000000000004,29.812499999999964,11
13.09,11.729999999999997,29.183673469387752,11
13.1,11.730000000000004,29.183673469387738,11
13.11,11.729999999999997,29.163265306122447,11
13.12,11.730000000000004,29.142857142857117,11
13.13,11.729999999999997,29.142857142857117,11
13.14,11.719999999999999,28.560000000000002,11
13.15,11.719999999999999,28.540000000000006,11
13.16,11.719999999999999,28.540000000000006,11
13.17,11.719999999999999,28.52000000000001,11
13.18,11.71,28.519999999999996,11
13.19,11.709999999999994,28.500000000000014,11
13.2,11.71,27.941176470588246,11
13.21,11.709999999999994,27.92156862745101,11
13.22,11.700000000000003,27.92156862745098,11
13.23,11.700000000000003,27.901960784313744,11
13.24,11.700000000000003,27.882352941176467,11
13.25,11.690000000000005,27.346153846153772,11
13.26,11.689999999999998,27.326923076923116,11
13.27,11.68,27.86274509803923,11
13.28,11.689999999999998,27.326923076923087,11
13.29,11.689999999999998,27.307692307692335,11
13.3,11.68,26.792452830188626,11
13.31,11.68,26.773584905660407,11
13.32,11.669999999999995,27.28846153846157,11
13.33,11.68,27.803921568627448,11
13.34,11.670000000000002,28.938775510204067,11
13.35,11.669999999999995,29.520833333333325,11
13.36,11.670000000000002,30.148936170212714,11
13.37,11.670000000000002,30.12765957446805,11
13.38,11.659999999999997,30.127659574468037,11
13.39,11.660000000000004,30.10638297872336,11
13.4,11.659999999999997,30.106382978723374,11
13.41,11.659999999999997,30.085106382978683,11
13.42,11.650000000000006,30.085106382978683,11
13.43,11.649999999999999,30.08510638297867,11
13.44,11.649999999999999,30.063829787234006,11
13.45,11.64,30.063829787234006,11
13.46,11.649999999999999,30.695652173912983,11
13.47,11.64,30.695652173912997,11
13.48,11.639999999999993,30.6739130434782,11
13.49,11.64,30.6739130434782,11
13.5,11.64,30.65217391304344,11
13.51,11.630000000000003,30.65217391304341,11
13.52,11.630000000000003,30.630434782608646,11
13.53,11.630000000000003,30.630434782608614,11
13.54,11.630000000000003,30.608695652173854,11
13.55,11.61999999999999,30.608695652173882,11
13.56,11.630000000000003,30.586956521739058,11
13.57,11.619999999999997,30.58695652173909,11
13.58,11.61,30.586956521739058,11
13.59,11.619999999999997,30.565217391304294,11
13.6,11.610000000000007,30.565217391304294,11
13.61,11.61,30.543478260869502,11
13.62,11.610000000000007,30.543478260869502,11
13.63,11.61,30.52173913043471,11
13.64,11.599999999999994,30.52173913043474,11
13.65,11.610000000000007,30.499999999999947,11
13.66,11.599999999999994,30.499999999999947,11
13.67,11.600000000000009,30.47826086956515,11
13.68,11.600000000000001,30.47826086956515,11
13.69,11.590000000000003,30.47826086956515,11
13.7,11.590000000000003,30.45652173913039,11
13.71,11.590000000000003,31.13333333333336,11
13.72,11.590000000000003,31.11111111111116,11
13.73,11.579999999999991,31.11111111111116,11
13.74,11.580000000000005,31.088888888888928,11
13.75,11.579999999999998,31.08888888888896,11
13.76,11.579999999999991,31.066666666666723,11
13.77,11.57,31.066666666666723,11
13.78,11.579999999999998,31.04444444444449,11
13.79,11.57,31.04444444444449,11
13.8,11.56000000000001,31.04444444444449,11
13.81,11.57,31.022222222222258,11
13.82,11.559999999999995,31.02222222222229,11
13.83,11.560000000000002,31.000000000000025,11
13.84,11.559999999999995,31.000000000000057,11
13.85,11.559999999999995,30.977777777777852,11
13.86,11.549999999999997,30.97777777777782,11
13.87,11.559999999999995,30.95555555555562,11
13.88,11.550000000000004,30.955555555555588,11
13.89,11.539999999999992,30.95555555555562,11
13.9,11.550000000000004,30.933333333333387,11
13.91,11.539999999999992,30.933333333333387,11
13.92,11.540000000000006,30.911111111111154,11
13.93,11.54,30.911111111111154,11
13.94,11.539999999999992,30.88888888888895,11
13.95,11.530000000000001,30.88888888888895,11
13.96,11.54,31.568181818181856,11
13.97,11.530000000000001,31.568181818181856,11
13.98,11.519999999999996,31.568181818181856,11
13.99,11.530000000000001,31.54545454545457,11
14.0,11.519999999999996,31.545454545454604,11
14.01,11.52000000000001,31.522727272727288,11
14.02,11.519999999999996,33.02380952380954,11
14.03,11.519999999999996,33.80487804878047,11
14.04,11.520000000000003,35.53846153846148,11
14.05,11.510000000000005,37.45945945945954,11
14.06,11.510000000000005,39.5714285714286,11
14.07,11.509999999999991,41.96969696969698,11
14.08,11.5,43.28124999999994,11
14.09,11.509999999999998,44.37037037037043,11
14.1,11.5,44.40740740740719,11
14.11,11.499999999999993,44.37037037037045,11
14.12,11.500000000000007,44.2307692307693,11
14.13,11.499999999999993,44.33333333333343,11
14.14,11.490000000000002,44.192307692307736,11
14.15,11.489999999999995,44.19230769230771,11
14.16,11.479999999999997,42.74999999999982,11
14.17,11.480000000000004,42.5185185185186,11
14.18,11.480000000000004,44.1538461538462,11
14.19,11.480000000000004,42.51851851851832,11
14.2,11.479999999999997,42.518518518518576,11
14.21,11.469999999999999,42.481481481481545,11
14.22,11.469999999999999,40.9642857142858,11
14.23,11.469999999999999,42.481481481481545,11
14.24,11.460000000000008,42.444444444444265,11
14.25,11.459999999999994,40.9285714285715,11
14.26,11.460000000000008,42.44444444444454,11
14.27,11.459999999999994,44.07692307692309,11
14.28,11.450000000000003,42.64285714285723,11
14.29,11.450000000000003,44.18518518518528,11
14.3,11.450000000000003,45.884615384615394,11
14.31,11.450000000000003,45.84615384615389,11
14.32,11.439999999999998,45.88461538461542,11
14.33,11.439999999999998,45.88461538461545,11
14.34,11.440000000000012,45.84615384615386,11
14.35,11.439999999999998,45.84615384615389,11
14.36,11.439999999999998,45.807692307692356,11
14.37,11.429999999999993,47.68000000000001,11
14.38,11.430000000000007,45.807692307692335,11
14.39,11.430000000000007,45.807692307692335,11
14.4,11.429999999999993,45.76923076923083,11
14.41,11.420000000000002,45.807692307692356,11
14.42,11.420000000000002,45.769230769230774,11
14.43,11.420000000000002,45.7692307692308,11
14.44,11.420000000000002,45.7307692307693,11
14.45,11.420000000000002,45.73076923076924,11
14.46,11.41000000000001,45.73076923076924,11
14.47,11.409999999999997,45.73076923076927,11
14.48,11.409999999999997,45.69230769230774,11
14.49,11.41000000000001,45.692307692307715,11
14.5,11.399999999999991,45.692307692307764,11
14.51,11.400000000000006,45.692307692307715,11
14.52,11.399999999999991,45.65384615384621,11
14.53,11.400000000000006,45.65384615384618,11
14.54,11.400000000000006,45.61538461538465,11
14.55,11.39,45.65384615384618,11
14.56,11.39,45.61538461538468,11
14.57,11.39,45.61538461538462,11
14.58,11.39,45.57692307692312,11
14.59,11.38000000000001,45.61538461538465,11
14.6,11.379999999999995,47.44,11
14.61,11.38000000000001,47.39999999999998,11
14.62,11.379999999999995,47.400000000000006,11
14.63,11.379999999999995,47.360000000000014,11
14.64,11.370000000000005,47.400000000000006,11
14.65,11.370000000000005,47.359999999999985,11
14.66,11.370000000000005,47.359999999999985,11
14.67,11.36999999999999,47.32000000000002,11
14.68,11.36,47.360000000000014,11
14.69,11.360000000000014,47.319999999999965,11
14.7,11.36,47.31999999999999,11
14.71,11.36,47.28000000000003,11
14.72,11.36,47.27999999999997,11
14.73,11.349999999999994,47.28000000000003,11
14.74,11.350000000000009,47.28,11
14.75,11.349999999999994,47.24000000000001,11
14.76,11.350000000000009,47.23999999999998,11
14.77,11.33999999999999,47.28000000000003,11
14.78,11.340000000000003,47.23999999999998,11
14.79,11.340000000000003,47.24000000000001,11
14.8,11.340000000000003,47.19999999999999,11
14.81,11.340000000000003,47.19999999999999,11
14.82,11.329999999999998,47.19999999999999,11
14.83,11.329999999999998,47.20000000000002,11
14.84,11.330000000000013,47.15999999999997,11
14.85,11.329999999999998,49.12499999999995,11
14.86,11.329999999999998,49.08333333333332,11
14.87,11.319999999999993,49.12499999999995,11
14.88,11.320000000000007,47.119999999999976,11
14.89,11.320000000000007,47.120000000000005,11
14.9,11.319999999999993,47.08000000000001,11
14.91,6.57,5.144690781796966,11
14.92,6.649999999999999,5.135355892648774,11
14.93,6.739999999999998,5.136842105263157,11
14.94,6.820000000000004,5.139507620164126,11
14.95,6.909999999999997,5.134976525821596,11
14.96,6.990000000000002,5.143698468786809,11
14.97,7.080000000000002,5.145218417945691,11
14.98,7.16,5.14792899408284,11
14.99,7.25,5.18019093078759,11
15.0,7.329999999999998,5.214199759326114,11
15.01,7.41,5.248786407766991,11
15.02,7.489999999999998,5.283965728274174,11
15.03,7.57,5.319753086419753,11
15.04,7.649999999999999,5.3561643835616435,11
15.05,7.73,5.393216080402009,11
15.06,7.809999999999999,5.430925221799746,11
15.07,7.890000000000001,5.4693094629156,11
15.08,7.969999999999999,5.508387096774193,11
15.09,8.050000000000004,5.548177083333332,11
15.1,8.119999999999997,5.590013140604469,11
15.11,8.199999999999996,5.631299734748012,11
15.12,8.270000000000003,5.674698795180722,11
15.13,8.350000000000001,5.709851551956815,11
15.14,8.419999999999995,5.762619372442019,11
15.15,8.489999999999995,5.808539944903582,11
15.16,8.560000000000002,5.855354659248957,11
15.17,8.630000000000003,5.90308988764045,11
15.18,8.700000000000003,5.9517730496453884,11
15.19,8.769999999999996,6.0014326647564475,11
15.2,8.839999999999996,6.0520984081041975,11
15.21,8.910000000000004,6.103801169590644,11
15.22,8.980000000000004,6.156573116691286,11
15.23,9.049999999999997,6.210447761194031,11
15.24,9.11,6.266968325791854,11
15.25,9.18,6.323170731707316,11
15.26,9.240000000000002,6.372307692307691,11
15.27,9.309999999999995,6.440809968847353,11
15.28,9.369999999999997,6.5023622047244105,11
15.29,9.43,6.554848966613674,11
15.3,9.5,6.617363344051447,11
15.31,9.559999999999995,6.693811074918567,11
15.32,9.619999999999997,6.761120263591433,11
15.33,9.68,6.829999999999999,11
15.34,9.740000000000002,6.900505902192243,11
15.35,9.799999999999997,6.97269624573379,11
15.36,9.850000000000001,7.048359240069086,11
15.37,9.910000000000004,7.111692844677138,11
15.38,9.969999999999999,7.201769911504425,11
15.39,10.019999999999996,7.2831541218638,11
15.4,10.079999999999998,7.351449275362319,11
15.41,10.130000000000003,7.450367647058823,11
15.42,10.190000000000005,7.536312849162011,11
15.43,10.240000000000002,7.62641509433962,11
15.44,10.29,7.718929254302103,11
15.45,10.349999999999994,7.798839458413928,11
15.46,10.399999999999999,7.911591355599215,11
15.47,10.450000000000003,8.01195219123506,11
15.48,10.5,8.098790322580648,11
15.49,10.549999999999997,8.221311475409834,11
15.5,10.600000000000001,8.313278008298754,11
15.51,10.649999999999999,8.443037974683543,11
15.52,10.690000000000005,8.561027837259102,11
15.53,10.739999999999995,8.680434782608698,11
15.54,10.79,8.803532008830024,11
15.55,10.829999999999998,8.912751677852349,11
15.56,10.870000000000005,9.066059225512527,11
15.57,10.919999999999995,9.201388888888888,11
15.58,10.96,9.343529411764704,11
15.59,11.0,9.490430622009569,11
15.6,11.04,9.642335766423361,11
15.61,11.079999999999998,9.775308641975313,11
15.62,11.119999999999997,9.962216624685137,11
15.63,11.159999999999997,10.13076923076923,11
15.64,11.200000000000003,10.305483028720626,11
15.65,11.240000000000002,10.486702127659575,11
15.66,11.280000000000001,10.674796747967479,11
15.67,11.280000000000001,10.87292817679558,11
15.68,11.280000000000001,11.076056338028165,11
15.69,11.280000000000001,11.290229885057471,11
15.7,11.280000000000001,11.51026392961877,11
15.71,11.280000000000001,11.742514970059881,11
15.72,11.280000000000001,11.984709480122325,11
15.73,11.280000000000001,12.237500000000002,11
15.74,11.280000000000001,12.461783439490443,11
15.75,11.280000000000001,12.774509803921566,11
15.76,11.280000000000001,13.06354515050167,11
15.77,11.280000000000001,13.369863013698632,11
15.78,11.280000000000001,13.639860139860144,11
15.79,11.280000000000001,14.021582733812954,11
15.8,11.280000000000001,14.319852941176467,11
15.81,11.280000000000001,14.746212121212118,11
15.82,11.280000000000001,15.136186770428013,11
15.83,11.280000000000001,15.547999999999998,11
15.84,11.280000000000001,15.987654320987653,11
15.85,11.280000000000001,16.45338983050848,11
15.86,11.280000000000001,16.94323144104804,11
15.87,11.280000000000001,17.468468468468465,11
15.88,11.280000000000001,18.027906976744184,11
15.89,11.280000000000001,18.625,11
15.9,11.280000000000001,19.263681592039802,11
15.91,11.280000000000001,19.948453608247426,11
15.92,11.280000000000001,20.684491978609632,11
15.93,11.280000000000001,21.35911602209944,11
15.94,11.280000000000001,22.341040462427742,11
15.95,11.280000000000001,23.271084337349397,11
15.96,11.280000000000001,24.28301886792453,11
15.97,11.280000000000001,25.39473684210527,11
15.98,11.280000000000001,26.606896551724148,11
15.99,11.280000000000001,27.949275362318826,11
16.0,11.280000000000001,29.43511450381678,11
16.01,11.280000000000001,31.08064516129031,11
16.02,11.280000000000001,32.93162393162394,11
16.03,11.280000000000001,35.01818181818183,11
16.04,11.280000000000001,37.38834951456313,11
16.05,11.280000000000001,40.10416666666663,11
16.06,11.280000000000001,43.24719101123593,11
16.07,11.280000000000001,46.93902439024388,11
16.08,11.280000000000001,51.306666666666665,11
16.09,11.280000000000001,56.57352941176472,11
16.1,11.280000000000001,62.03225806451622,11
16.11,11.280000000000001,71.22222222222236,11
16.12,11.280000000000001,81.80851063829776,11
16.13,11.280000000000001,96.12499999999991,11
16.14,11.280000000000001,116.5151515151515,11
16.15,11.280000000000001,147.8846153846155,11
16.16,11.280000000000001,192.20000000000067,11
16.17,11.280000000000001,295.69230769230995,11
16.18,11.280000000000001,768.7999999999889,11
16.19,11.280000000000001,,11
16.2,11.280000000000001,,11
16.21,11.280000000000001,,11
16.22,11.280000000000001,,11
16.23,11.280000000000001,,11
16.24,11.280000000000001,,11
16.25,11.280000000000001,,11
16.26,11.280000000000001,,11
16.27,11.280000000000001,3844.0000000000823,11
16.28,11.280000000000001,,11
16.29,11.280000000000001,,11
16.3,11.280000000000001,,11
16.31,11.280000000000001,,11
16.32,11.280000000000001,,11
16.33,11.280000000000001,,11
16.34,11.280000000000001,,11
16.35,11.280000000000001,,11
16.36,11.280000000000001,,11
16.37,11.280000000000001,3844.0000000000823,11
16.38,11.280000000000001,,11
16.39,11.280000000000001,,11
16.4,11.280000000000001,,11
16.41,11.280000000000001,,11
16.42,11.280000000000001,,11
16.43,11.280000000000001,,11
16.44,11.280000000000001,,11
16.45,11.280000000000001,,11
16.46,11.280000000000001,,11
16.47,11.280000000000001,,11
16.48,11.280000000000001,3844.000000000082,11
16.49,11.280000000000001,,11
16.5,11.280000000000001,,11
16.51,11.280000000000001,3844.000000000081,11
16.52,11.280000000000001,,11
16.53,11.280000000000001,,11
16.54,11.280000000000001,,11
16.55,11.280000000000001,,11
16.56,11.280000000000001,,11
16.57,11.280000000000001,,11
16.58,11.280000000000001,,11
16.59,11.280000000000001,3844.000000000082,11
16.6,11.280000000000001,,11
16.61,11.280000000000001,,11
16.62,11.280000000000001,,11
16.63,11.280000000000001,,11
16.64,11.280000000000001,,11
16.65,11.280000000000001,,11
16.66,11.280000000000001,3843.0000000000828,11
16.67,11.280000000000001,,11
16.68,11.280000000000001,,11
16.69,11.280000000000001,,11
16.7,11.280000000000001,,11
16.71,11.280000000000001,,11
16.72,11.280000000000001,,11
16.73,11.280000000000001,,11
16.74,11.280000000000001,,11
16.75,11.280000000000001,3843.0000000000828,11
16.76,11.280000000000001,,11
16.77,11.280000000000001,3843.000000000082,11
16.78,11.280000000000001,,11
16.79,11.280000000000001,,11
16.8,11.280000000000001,,11
16.81,11.280000000000001,,11
16.82,11.280000000000001,,11
16.83,11.280000000000001,3843.0000000000828,11
16.84,11.280000000000001,,11
16.85,11.280000000000001,,11
16.86,11.280000000000001,,11
16.87,11.280000000000001,,11
16.88,11.280000000000001,,11
16.89,11.280000000000001,,11
16.9,11.280000000000001,,11
16.91,11.280000000000001,,11
16.92,11.280000000000001,,11
16.93,11.280000000000001,,11
16.94,11.280000000000001,,11
16.95,11.280000000000001,,11
16.96,11.280000000000001,,11
16.97,11.280000000000001,,11
16.98,11.280000000000001,,11
16.99,11.280000000000001,,11
17.0,11.280000000000001,,11
17.01,11.280000000000001,,11
17.02,11.280000000000001,,11
17.03,11.280000000000001,,11
17.04,11.280000000000001,,11
17.05,11.280000000000001,3843.0000000000814,11
17.06,11.280000000000001,3843.0000000000814,11
17.07,11.280000000000001,,11
17.08,11.280000000000001,,11
17.09,11.280000000000001,,11
17.1,11.280000000000001,,11
17.11,11.280000000000001,,11
17.12,11.280000000000001,,11
17.13,11.280000000000001,,11
17.14,11.280000000000001,,11
17.15,11.280000000000001,,11
17.16,11.280000000000001,,11
17.17,11.280000000000001,,11
17.18,11.280000000000001,,11
17.19,11.280000000000001,,11
17.2,11.280000000000001,,11
17.21,11.280000000000001,,11
17.22,11.280000000000001,3843.0000000000814,11
17.23,11.280000000000001,,11
17.24,11.280000000000001,3843.0000000000828,11
17.25,11.280000000000001,3843.0000000000828,11
17.26,11.280000000000001,,11
17.27,11.280000000000001,,11
17.28,11.280000000000001,,11
17.29,11.280000000000001,,11
17.3,11.280000000000001,,11
17.31,11.280000000000001,,11
17.32,11.280000000000001,3843.0000000000828,11
17.33,11.280000000000001,,11
17.34,11.280000000000001,,11
17.35,11.280000000000001,3843.000000000082,11
17.36,11.280000000000001,,11
17.37,11.280000000000001,,11
17.38,11.280000000000001,,11
17.39,11.280000000000001,,11
17.4,11.280000000000001,,11
17.41,11.280000000000001,,11
17.42,11.280000000000001,3844.0000000000823,11
17.43,11.280000000000001,,11
17.44,11.280000000000001,,11
17.45,11.280000000000001,,11
17.46,11.280000000000001,,11
17.47,11.280000000000001,,11
17.48,11.280000000000001,,11
17.49,11.280000000000001,,11
17.5,11.280000000000001,,11
17.51,11.280000000000001,3844.0000000000823,11
17.52,11.280000000000001,,11
17.53,11.280000000000001,3844.000000000082,11
17.54,11.280000000000001,3844.000000000082,11
17.55,11.280000000000001,,11
17.56,11.280000000000001,,11
17.57,11.280000000000001,,11
17.58,11.280000000000001,,11
17.59,11.280000000000001,,11
17.6,11.280000000000001,,11
17.61,11.280000000000001,,11
17.62,11.280000000000001,,11
17.63,11.280000000000001,,11
17.64,11.280000000000001,,11
17.65,11.280000000000001,,11
17.66,11.280000000000001,,11
17.67,11.280000000000001,3844.000000000082,11
17.68,11.280000000000001,,11
17.69,11.280000000000001,,11
17.7,11.280000000000001,,11
17.71,11.280000000000001,,11
17.72,11.280000000000001,,11
17.73,11.280000000000001,,11
17.74,11.280000000000001,3844.000000000083,11
17.75,11.280000000000015,,11
17.76,11.279999999999987,,11
17.77,11.280000000000001,,11
17.78,11.280000000000001,3844.000000000082,11
17.79,11.280000000000001,,11
17.8,11.280000000000015,3844.000000000082,11
17.81,11.279999999999987,,11
17.82,11.280000000000001,,11
17.83,11.280000000000001,,11
17.84,11.280000000000001,3844.000000000082,11
17.85,11.280000000000015,,11
17.86,11.279999999999987,,11
17.87,11.280000000000001,,11
17.88,11.280000000000001,,11
17.89,11.280000000000001,,11
17.9,11.280000000000015,,11
17.91,11.279999999999987,,11
17.92,11.280000000000001,,11
17.93,11.280000000000001,,11
17.94,11.280000000000001,,11
17.95,11.280000000000015,,11
17.96,11.279999999999987,,11
17.97,11.280000000000001,,11
17.98,11.280000000000001,,11
17.99,11.280000000000001,,11
18.0,11.280000000000015,,11
18.01,11.279999999999987,,11
18.02,11.280000000000001,,11
18.03,11.280000000000001,,11
18.04,11.280000000000001,,11
18.05,11.280000000000015,,11
18.06,11.279999999999987,,11
18.07,11.280000000000001,,11
18.08,11.280000000000001,,11
18.09,11.280000000000001,,11
18.1,11.280000000000015,,11
18.11,11.279999999999987,,11
18.12,11.280000000000001,,11
18.13,11.280000000000001,,11
18.14,11.280000000000001,,11
18.15,11.280000000000015,,11
18.16,11.279999999999987,,11
18.17,11.280000000000001,,11
18.18,11.280000000000001,,11
18.19,11.280000000000001,,11
18.2,11.280000000000015,,11
18.21,11.279999999999987,,11
18.22,11.280000000000001,,11
18.23,11.280000000000001,,11
18.24,11.280000000000001,,11
18.25,11.280000000000015,,11
18.26,11.279999999999987,,11
18.27,11.280000000000001,,11
18.28,11.280000000000001,,11
18.29,11.280000000000001,,11
18.3,11.280000000000015,,11
18.31,11.279999999999987,,11
18.32,11.280000000000001,,11
18.33,11.280000000000001,,11
18.34,11.280000000000001,,11
18.35,11.280000000000015,,11
18.36,11.279999999999987,,11
18.37,11.280000000000001,,11
18.38,11.280000000000001,,11
18.39,11.280000000000001,,11
18.4,11.280000000000015,,11
18.41,11.279999999999987,,11
18.42,11.280000000000001,,11
18.43,11.280000000000001,,11
18.44,11.280000000000001,,11
18.45,11.280000000000015,,11
18.46,11.279999999999987,,11
18.47,11.280000000000001,,11
18.48,11.280000000000001,,11
18.49,11.280000000000001,,11
18.5,11.280000000000001,,11
18.51,11.280000000000001,,11
18.52,11.280000000000001,,11
18.53,11.280000000000001,,11
18.54,11.280000000000001,,11
18.55,11.280000000000001,,11
18.56,11.280000000000001,,11
18.57,11.280000000000001,,11
18.58,11.280000000000001,,11
18.59,11.280000000000001,,11
18.6,11.280000000000001,,11
18.61,11.280000000000001,,11
18.62,11.280000000000001,,11
18.63,11.280000000000001,,11
18.64,11.280000000000001,,11
18.65,11.280000000000001,,11
18.66,11.280000000000001,,11
18.67,11.280000000000001,,11
18.68,11.280000000000001,,11
18.69,11.280000000000001,,11
18.7,11.280000000000001,,11
18.71,11.280000000000001,,11
18.72,11.280000000000001,,11
18.73,11.280000000000001,,11
18.74,11.280000000000001,,11
18.75,11.280000000000001,,11
18.76,11.280000000000001,,11
18.77,11.280000000000001,,11
18.78,11.280000000000001,,11
18.79,11.280000000000001,,11
18.8,11.280000000000001,,11
18.81,11.280000000000001,,11
18.82,11.280000000000001,,11
18.83,11.280000000000001,,11
18.84,11.280000000000001,,11
18.85,11.280000000000001,,11
18.86,11.280000000000001,,11
18.87,11.280000000000001,,11
18.88,11.280000000000001,,11
18.89,11.280000000000001,,11
18.9,11.280000000000001,,11
18.91,11.280000000000001,,11
18.92,11.280000000000001,,11
18.93,11.280000000000001,,11
18.94,11.280000000000001,,11
18.95,11.280000000000001,,11
18.96,11.280000000000001,,11
18.97,11.280000000000001,,11
18.98,11.280000000000001,,11
18.99,11.280000000000001,,11
19.0,11.280000000000001,,11
19.01,11.280000000000001,,11
19.02,11.280000000000001,,11
19.03,11.280000000000001,,11
19.04,11.280000000000001,,11
19.05,11.280000000000001,,11
19.06,11.280000000000001,,11
19.07,11.280000000000001,,11
19.08,11.280000000000001,,11
19.09,11.280000000000001,,11
19.1,11.280000000000001,,11
19.11,11.280000000000001,,11
19.12,11.280000000000001,,11
19.13,11.280000000000001,,11
19.14,11.280000000000001,,11
19.15,11.280000000000001,,11
19.16,11.280000000000001,,11
19.17,11.280000000000001,,11
19.18,11.280000000000001,,11
19.19,11.280000000000001,,11
19.2,11.280000000000001,,11
19.21,11.280000000000001,,11
19.22,11.280000000000001,,11
19.23,11.280000000000001,,11
19.24,11.280000000000001,,11
19.25,11.280000000000001,,11
19.26,11.280000000000001,,11
19.27,11.280000000000001,,11
19.28,11.280000000000001,,11
19.29,11.280000000000001,,11
19.3,11.280000000000001,,11
19.31,11.280000000000001,,11
19.32,11.280000000000001,,11
19.33,11.280000000000001,,11
19.34,11.280000000000001,,11
19.35,11.280000000000001,,11
19.36,11.280000000000001,,11
19.37,11.280000000000001,,11
19.38,11.280000000000001,,11
19.39,11.280000000000001,,11
19.4,11.280000000000001,,11
19.41,11.280000000000001,,11
19.42,11.280000000000001,,11
19.43,11.280000000000001,,11
19.44,11.280000000000001,,11
19.45,11.280000000000001,,11
19.46,11.280000000000001,,11
19.47,11.280000000000001,,11
19.48,11.280000000000001,,11
19.49,11.280000000000001,,11
19.5,11.280000000000001,,11
19.51,11.280000000000001,,11
19.52,11.280000000000001,,11
19.53,11.280000000000001,,11
19.54,11.280000000000001,,11
19.55,11.280000000000001,,11
19.56,11.280000000000001,,11
19.57,11.280000000000001,,11
19.58,11.280000000000001,,11
19.59,11.280000000000001,,11
19.6,11.280000000000001,,11
19.61,11.280000000000001,,11
19.62,11.280000000000001,,11
19.63,11.280000000000001,,11
19.64,11.280000000000001,,11
19.65,11.280000000000001,,11
19.66,11.280000000000001,,11
19.67,11.280000000000001,,11
19.68,11.280000000000001,,11
19.69,11.280000000000001,,11
19.7,11.280000000000001,,11
19.71,11.280000000000001,,11
19.72,11.280000000000001,,11
19.73,11.280000000000001,,11
19.74,11.280000000000001,,11
19.75,11.280000000000001,,11
19.76,11.280000000000001,,11
19.77,11.280000000000001,,11
19.78,11.280000000000001,,11
19.79,11.280000000000001,,11
19.8,11.280000000000001,,11
19.81,11.280000000000001,,11
19.82,11.280000000000001,,11
19.83,11.280000000000001,,11
19.84,11.280000000000001,,11
19.85,11.280000000000001,,11
19.86,11.280000000000001,,11
19.87,11.280000000000001,,11
19.88,11.280000000000001,,11
19.89,11.280000000000001,,11
19.9,11.280000000000001,,11
19.91,11.280000000000001,,11
19.92,11.280000000000001,,11
19.93,11.280000000000001,,11
19.94,11.280000000000001,,11
19.95,11.280000000000001,,11
19.96,11.280000000000001,,11
19.97,11.280000000000001,,11
19.98,11.280000000000001,,11
19.99,11.280000000000001,,11
20.0,11.280000000000001,,11
20.01,11.280000000000001,,11
20.02,11.280000000000001,,11
20.03,11.280000000000001,,11
20.04,11.280000000000001,,11
20.05,11.280000000000001,,11
20.06,11.280000000000001,,11
20.07,11.280000000000001,,11
20.08,11.280000000000001,,11
20.09,11.280000000000001,,11
20.1,11.280000000000001,,11
20.11,11.280000000000001,,11
20.12,11.280000000000001,,11
20.13,11.280000000000001,,11
20.14,11.280000000000001,,11
20.15,11.280000000000001,,11
20.16,11.280000000000001,,11
20.17,11.280000000000001,,11
20.18,11.280000000000001,,11
20.19,11.280000000000001,,11
20.2,11.280000000000001,,11
20.21,11.280000000000001,,11
20.22,11.280000000000001,,11
20.23,11.280000000000001,,11
20.24,11.280000000000001,,11
20.25,11.280000000000001,,11
20.26,11.280000000000001,,11
20.27,11.280000000000001,,11
20.28,11.280000000000001,,11
20.29,11.280000000000001,,11
20.3,11.280000000000001,,11
20.31,11.280000000000001,,11
20.32,11.280000000000001,,11
20.33,11.280000000000001,,11
20.34,11.280000000000001,,11
20.35,11.280000000000001,,11
20.36,11.280000000000001,,11
20.37,11.280000000000001,,11
20.38,11.280000000000001,,11
20.39,11.280000000000001,,11
20.4,11.280000000000001,,11
20.41,11.280000000000001,,11
20.42,11.280000000000001,,11
20.43,11.280000000000001,,11
20.44,11.280000000000001,,11
20.45,11.280000000000001,,11
20.46,11.280000000000001,,11
20.47,11.280000000000001,,11
20.48,11.280000000000001,,11
20.49,11.280000000000001,,11
20.5,11.280000000000001,,11
20.51,11.280000000000001,,11
20.52,11.280000000000001,,11
20.53,11.280000000000001,,11
20.54,11.280000000000001,,11
20.55,11.280000000000001,,11
20.56,11.280000000000001,,11
20.57,11.280000000000001,,11
20.58,11.280000000000001,,11
20.59,11.280000000000001,,11
20.6,11.280000000000001,,11
20.61,11.280000000000001,,11
20.62,11.280000000000001,,11
20.63,11.280000000000001,,11
20.64,11.280000000000001,,11
20.65,11.280000000000001,,11
20.66,11.280000000000001,,11
20.67,11.280000000000001,,11
20.68,11.280000000000001,,11
20.69,11.280000000000001,,11
20.7,11.280000000000001,,11
20.71,11.280000000000001,,11
20.72,11.280000000000001,,11
20.73,11.280000000000001,,11
20.74,11.280000000000001,,11
20.75,11.280000000000001,,11
20.76,11.280000000000001,,11
20.77,11.280000000000001,,11
20.78,11.280000000000001,,11
20.79,11.280000000000001,,11
20.8,11.280000000000001,,11
20.81,11.280000000000001,,11
20.82,11.280000000000001,,11
20.83,11.280000000000001,,11
20.84,11.280000000000001,,11
20.85,11.280000000000001,,11
20.86,11.280000000000001,,11
20.87,11.280000000000001,,11
20.88,11.280000000000001,,11
20.89,11.280000000000001,,11
20.9,11.280000000000001,,11
20.91,11.280000000000001,,11
20.92,11.280000000000001,,11
20.93,11.280000000000001,,11
20.94,11.280000000000001,,11
20.95,11.280000000000001,,11
20.96,11.280000000000001,,11
20.97,11.280000000000001,,11
20.98,11.280000000000001,,11
20.99,11.280000000000001,,11
21.0,11.280000000000001,,11
21.01,11.280000000000001,,11
21.02,11.280000000000001,,11
21.03,11.280000000000001,,11
21.04,11.280000000000001,,11
21.05,11.280000000000001,,11
21.06,11.280000000000001,,11
21.07,11.280000000000001,,11
21.08,11.280000000000001,,11
21.09,11.280000000000001,,11
21.1,11.280000000000001,,11
21.11,11.280000000000001,,11
21.12,11.280000000000001,,11
21.13,11.280000000000001,,11
21.14,11.280000000000001,,11
21.15,11.280000000000001,,11
21.16,11.280000000000001,,11
21.17,11.280000000000001,,11
21.18,11.280000000000001,,11
21.19,11.280000000000001,,11
21.2,11.280000000000001,,11
21.21,11.280000000000001,,11
21.22,11.280000000000001,,11
21.23,11.280000000000001,,11
21.24,11.280000000000001,,11
21.25,11.280000000000001,,11
21.26,11.280000000000001,,11
21.27,11.280000000000001,,11
21.28,11.280000000000001,,11
21.29,11.280000000000001,,11
21.3,11.280000000000001,,11
21.31,11.280000000000001,,11
21.32,11.280000000000001,,11
21.33,11.280000000000001,,11
21.34,11.280000000000001,,11
21.35,11.280000000000001,,11
21.36,11.280000000000001,,11
21.37,11.280000000000001,,11
21.38,11.280000000000001,,11
21.39,11.280000000000001,,11
21.4,11.280000000000001,,11
21.41,11.280000000000001,,11
21.42,11.280000000000001,,11
21.43,11.280000000000001,,11
21.44,11.280000000000001,,11
21.45,11.280000000000001,,11
21.46,11.280000000000001,,11
21.47,11.280000000000001,,11
21.48,11.280000000000001,,11
21.49,11.280000000000001,,11
21.5,11.280000000000001,,11
21.51,11.280000000000001,,11
21.52,11.280000000000001,,11
21.53,11.280000000000001,,11
21.54,11.280000000000001,,11
21.55,11.280000000000001,,11
21.56,11.280000000000001,,11
21.57,11.280000000000001,,11
21.58,11.280000000000001,,11
21.59,11.280000000000001,,11
21.6,11.280000000000001,,11
21.61,11.280000000000001,,11
21.62,11.280000000000001,,11
21.63,11.280000000000001,,11
21.64,11.280000000000001,,11
21.65,11.280000000000001,,11
21.66,11.280000000000001,,11
21.67,11.280000000000001,,11
21.68,11.280000000000001,,11
21.69,11.280000000000001,,11
21.7,11.280000000000001,,11
21.71,11.280000000000001,,11
21.72,11.280000000000001,,11
21.73,11.280000000000001,,11
21.74,11.280000000000001,,11
21.75,11.280000000000001,,11
21.76,11.280000000000001,,11
21.77,11.280000000000001,,11
21.78,11.280000000000001,,11
21.79,11.280000000000001,,11
21.8,11.280000000000001,,11
21.81,11.280000000000001,,11
21.82,11.280000000000001,,11
21.83,11.280000000000001,,11
21.84,11.280000000000001,,11
21.85,11.280000000000001,,11
21.86,11.280000000000001,,11
21.87,11.280000000000001,,11
21.88,11.280000000000001,,11
21.89,11.280000000000001,,11
21.9,11.280000000000001,,11
21.91,11.280000000000001,,11
21.92,11.280000000000001,,11
21.93,11.280000000000001,,11
21.94,11.280000000000001,,11
21.95,11.280000000000001,,11
21.96,11.280000000000001,,11
21.97,11.280000000000001,,11
21.98,11.280000000000001,,11
21.99,11.280000000000001,,11
22.0,11.280000000000001,,11
22.01,11.280000000000001,,11
22.02,11.280000000000001,,11
22.03,11.280000000000001,,11
22.04,11.280000000000001,,11
22.05,11.280000000000001,,11
22.06,11.280000000000001,,11
22.07,11.280000000000001,,11
22.08,11.280000000000001,,11
22.09,11.280000000000001,,11
22.1,11.280000000000001,,11
22.11,11.280000000000001,,11
22.12,11.280000000000001,,11
22.13,11.280000000000001,,11
22.14,11.280000000000001,,11
22.15,11.280000000000001,,11
22.16,11.280000000000001,,11
22.17,11.280000000000001,,11
22.18,11.280000000000001,,11
22.19,11.280000000000001,,11
22.2,11.280000000000001,,11
22.21,11.280000000000001,,11
22.22,11.280000000000001,,11
22.23,11.280000000000001,,11
22.24,11.280000000000001,,11
22.25,11.280000000000001,,11
22.26,11.280000000000001,,11
22.27,11.280000000000001,,11
22.28,11.280000000000001,,11
22.29,11.280000000000001,,11
22.3,11.280000000000001,,11
22.31,11.280000000000001,,11
22.32,11.280000000000001,,11
22.33,11.280000000000001,,11
22.34,11.280000000000001,,11
22.35,11.280000000000001,,11
22.36,11.280000000000001,,11
22.37,11.280000000000001,,11
22.38,11.280000000000001,,11
22.39,11.280000000000001,,11
22.4,11.280000000000001,,11
22.41,11.280000000000001,,11
22.42,11.280000000000001,4858.000000000104,11
22.43,11.280000000000001,,11
22.44,11.280000000000001,,11
22.45,11.280000000000001,,11
22.46,11.280000000000001,,11
22.47,11.280000000000001,4858.000000000105,11
22.48,11.280000000000001,,11
22.49,11.280000000000001,,11
22.5,11.280000000000001,,11
22.51,11.280000000000001,,11
22.52,11.280000000000001,,11
22.53,11.280000000000001,,11
22.54,11.280000000000001,,11
22.55,11.280000000000001,,11
22.56,11.280000000000001,,11
22.57,11.280000000000001,,11
22.58,11.280000000000001,4858.000000000104,11
22.59,11.280000000000001,,11
22.6,11.280000000000001,4858.000000000104,11
22.61,11.280000000000001,,11
22.62,11.280000000000001,,11
22.63,11.280000000000001,,11
22.64,11.280000000000001,,11
22.65,11.280000000000001,,11
22.66,11.280000000000001,,11
22.67,11.280000000000001,4858.000000000104,11
22.68,11.280000000000001,,11
22.69,11.280000000000001,,11
22.7,11.280000000000001,,11
22.71,11.280000000000001,,11
22.72,11.280000000000001,,11
22.73,11.280000000000001,,11
22.74,11.280000000000001,,11
22.75,11.280000000000001,,11
22.76,11.280000000000001,,11
22.77,11.280000000000001,,11
22.78,11.280000000000001,,11
22.79,11.280000000000001,,11
22.8,11.280000000000001,4858.000000000105,11
22.81,11.280000000000001,,11
22.82,11.280000000000001,,11
22.83,11.280000000000001,,11
22.84,11.280000000000001,,11
22.85,11.280000000000001,,11
22.86,11.280000000000001,,11
22.87,11.280000000000001,,11
22.88,11.280000000000001,,11
22.89,11.280000000000001,,11
22.9,11.280000000000001,,11
22.91,11.280000000000001,,11
22.92,11.280000000000001,,11
22.93,11.280000000000001,,11
22.94,11.280000000000001,,11
22.95,11.280000000000001,,11
22.96,11.280000000000001,,11
22.97,11.280000000000001,,11
22.98,11.280000000000001,,11
22.99,11.280000000000001,,11
23.0,11.280000000000001,,11
23.01,11.280000000000001,,11
23.02,11.280000000000001,,11
23.03,11.280000000000001,,11
23.04,11.280000000000001,,11
23.05,11.280000000000001,4858.000000000105,11
23.06,11.280000000000001,,11
23.07,11.280000000000001,,11
23.08,11.280000000000001,,11
23.09,11.280000000000001,,11
23.1,11.280000000000001,,11
23.11,11.280000000000001,,11
23.12,11.280000000000001,,11
23.13,11.280000000000001,,11
23.14,11.280000000000001,,11
23.15,11.280000000000001,,11
23.16,11.280000000000001,,11
23.17,11.280000000000001,,11
23.18,11.280000000000001,4858.000000000102,11
23.19,11.280000000000001,,11
23.2,11.280000000000001,4858.000000000102,11
23.21,11.280000000000001,4858.000000000105,11
23.22,11.280000000000001,,11
23.23,11.280000000000001,4858.000000000105,11
23.24,11.280000000000001,,11
23.25,11.280000000000001,,11
23.26,11.280000000000001,,11
23.27,11.280000000000001,,11
23.28,11.280000000000001,,11
23.29,11.280000000000001,,11
23.3,11.280000000000001,,11
23.31,11.280000000000001,,11
23.32,11.280000000000001,,11
23.33,11.280000000000001,,11
23.34,11.280000000000001,,11
23.35,11.280000000000001,,11
23.36,11.280000000000001,4859.000000000104,11
23.37,11.280000000000001,,11
23.38,11.280000000000001,,11
23.39,11.280000000000001,,11
23.4,11.280000000000001,,11
23.41,11.280000000000001,,11
23.42,11.280000000000001,,11
23.43,11.280000000000001,,11
23.44,11.280000000000001,,11
23.45,11.280000000000001,,11
23.46,11.280000000000001,,11
23.47,11.280000000000001,4859.000000000104,11
23.48,11.280000000000001,,11
23.49,11.280000000000001,,11
23.5,11.280000000000001,,11
23.51,11.280000000000001,,11
23.52,11.280000000000001,,11
23.53,11.280000000000001,,11
23.54,11.280000000000001,,11
23.55,11.280000000000001,,11
23.56,11.280000000000001,,11
23.57,11.280000000000001,4859.000000000104,11
23.58,11.280000000000001,,11
23.59,11.280000000000001,4859.000000000104,11
23.6,11.280000000000001,,11
23.61,11.280000000000001,,11
23.62,11.280000000000001,,11
23.63,11.280000000000001,,11
23.64,11.280000000000001,,11
23.65,11.280000000000001,,11
23.66,11.280000000000001,,11
23.67,11.280000000000001,,11
23.68,11.280000000000001,,11
23.69,11.280000000000001,,11
23.7,11.280000000000001,4859.000000000101,11
23.71,11.280000000000001,,11
23.72,11.280000000000001,4859.000000000104,11
23.73,11.280000000000001,,11
23.74,11.280000000000001,4859.000000000104,11
23.75,11.280000000000001,,11
23.76,11.280000000000001,,11
23.77,11.280000000000001,,11
23.78,11.280000000000001,,11
23.79,11.280000000000001,,11
23.8,11.280000000000001,,11
23.81,11.280000000000001,,11
23.82,11.280000000000001,4859.000000000104,11
23.83,11.280000000000001,,11
23.84,11.280000000000001,,11
23.85,11.280000000000001,5813.000000000124,11
23.86,11.280000000000001,,11
23.87,11.280000000000001,,11
23.88,11.280000000000001,,11
23.89,11.280000000000001,,11
23.9,11.280000000000001,,11
23.91,11.280000000000001,,11
23.92,11.280000000000001,,11
23.93,11.280000000000001,,11
23.94,11.280000000000001,5813.000000000124,11
23.95,11.280000000000001,5813.000000000124,11
23.96,11.280000000000001,,11
23.97,11.280000000000001,,11
23.98,11.280000000000001,,11
23.99,11.280000000000001,,11
24.0,11.280000000000001,,11
24.01,11.280000000000001,,11
24.02,11.280000000000001,,11
24.03,11.280000000000001,,11
24.04,11.280000000000001,,11
24.05,11.280000000000001,,11
24.06,11.280000000000001,5813.000000000124,11
24.07,11.280000000000001,,11
24.08,11.280000000000001,,11
24.09,11.280000000000001,,11
24.1,11.280000000000001,5813.000000000124,11
24.11,11.280000000000001,,11
24.12,11.280000000000001,,11
24.13,11.280000000000001,5813.000000000126,11
24.14,11.280000000000001,,11
24.15,11.280000000000001,,11
24.16,11.280000000000001,,11
24.17,11.280000000000001,,11
24.18,11.280000000000001,,11
24.19,11.280000000000001,,11
24.2,11.280000000000001,,11
24.21,11.280000000000001,,11
24.22,11.280000000000001,,11
24.23,11.280000000000001,,11
24.24,11.280000000000001,,11
24.25,11.280000000000001,,11
24.26,11.280000000000001,,11
24.27,11.280000000000001,,11
24.28,11.280000000000001,,11
24.29,11.280000000000001,,11
24.3,11.280000000000001,,11
24.31,11.280000000000001,,11
24.32,11.280000000000001,,11
24.33,11.280000000000001,5813.000000000126,11
24.34,11.280000000000001,,11
24.35,11.280000000000001,,11
24.36,11.280000000000001,,11
24.37,11.280000000000001,5813.000000000124,11
24.38,11.280000000000001,,11
24.39,11.280000000000001,,11
24.4,11.280000000000001,,11
24.41,11.280000000000001,,11
24.42,11.280000000000001,,11
24.43,11.280000000000001,,11
24.44,11.280000000000001,5813.000000000124,11
24.45,11.280000000000001,,11
24.46,11.280000000000001,,11
24.47,11.280000000000001,5813.000000000124,11
24.48,11.280000000000001,,11
24.49,11.280000000000001,,11
24.5,11.280000000000001,,11
24.51,11.280000000000001,,11
24.52,11.280000000000001,,11
24.53,11.280000000000001,,11
24.54,11.280000000000001,5813.000000000124,11
24.55,11.280000000000001,,11
24.56,11.280000000000001,,11
24.57,11.280000000000001,,11
24.58,11.280000000000001,,11
24.59,11.280000000000001,5813.000000000124,11
24.6,11.280000000000001,,11
24.61,11.280000000000001,,11
24.62,11.280000000000001,5813.000000000124,11
24.63,11.280000000000001,,11
24.64,11.280000000000001,,11
24.65,11.280000000000001,,11
24.66,11.280000000000001,,11
24.67,11.280000000000001,,11
24.68,11.280000000000001,,11
24.69,11.280000000000001,,11
24.7,11.280000000000001,,11
24.71,11.280000000000001,,11
24.72,11.280000000000001,,11
24.73,11.280000000000001,5813.000000000124,11
24.74,11.280000000000001,5813.000000000126,11
24.75,11.280000000000001,,11
24.76,11.280000000000001,,11
24.77,11.280000000000001,,11
24.78,11.280000000000001,,11
24.79,11.280000000000001,,11
24.8,11.280000000000001,,11
24.81,11.280000000000001,,11
24.82,11.280000000000001,,11
24.83,11.280000000000001,,11
24.84,11.280000000000001,,11
24.85,11.280000000000001,,11
24.86,11.280000000000001,,11
24.87,11.280000000000001,,11
24.88,11.280000000000001,,11
24.89,11.280000000000001,,11
24.9,11.280000000000001,5813.000000000124,11
24.91,11.280000000000001,,11
24.92,11.280000000000001,5813.000000000124,11
24.93,11.280000000000001,5813.000000000124,11
24.94,11.280000000000001,,11
24.95,11.280000000000001,5813.000000000124,11
24.96,11.280000000000001,,11
24.97,11.280000000000001,,11
24.98,11.280000000000001,,11
24.99,11.280000000000001,,11
25.0,11.280000000000001,5813.000000000124,11
25.01,11.280000000000001,5813.000000000124,11
25.02,11.280000000000001,,11
25.03,11.280000000000001,,11
25.04,11.280000000000001,5813.000000000124,11
25.05,11.280000000000001,,11
25.06,11.280000000000001,,11
25.07,11.280000000000001,,11
25.08,11.280000000000001,,11
25.09,11.280000000000001,,11
25.1,11.280000000000001,,11
25.11,11.280000000000001,,11
25.12,11.280000000000001,,11
25.13,11.280000000000001,,11
25.14,11.280000000000001,,11
25.15,11.280000000000001,,11
25.16,11.280000000000001,,11
25.17,11.280000000000001,,11
25.18,11.280000000000001,,11
25.19,11.280000000000001,,11
25.2,11.280000000000001,,11
25.21,11.280000000000001,,11
25.22,11.280000000000001,,11
25.23,11.280000000000001,,11
25.24,11.280000000000001,,11
25.25,11.280000000000001,5813.000000000124,11
25.26,11.280000000000001,,11
25.27,11.280000000000001,,11
25.28,11.280000000000001,,11
25.29,11.280000000000001,,11
25.3,11.280000000000001,,11
25.31,11.280000000000001,5813.000000000124,11
25.32,11.280000000000001,,11
25.33,11.280000000000001,,11
25.34,11.280000000000001,,11
25.35,11.280000000000001,,11
25.36,11.280000000000001,,11
25.37,11.280000000000001,,11
25.38,11.280000000000001,,11
25.39,11.280000000000001,,11
25.4,11.280000000000001,,11
25.41,11.280000000000001,,11
25.42,11.280000000000001,5813.000000000124,11
25.43,11.280000000000001,,11
25.44,11.280000000000001,,11
25.45,11.280000000000001,,11
25.46,11.280000000000001,5813.000000000124,11
25.47,11.280000000000001,5813.000000000124,11
25.48,11.280000000000001,,11
25.49,11.280000000000001,,11
25.5,11.280000000000001,,11
25.51,11.280000000000001,,11
25.52,11.280000000000001,,11
25.53,11.280000000000001,,11
25.54,11.280000000000001,,11
25.55,11.280000000000001,,11
25.56,11.280000000000001,5813.000000000124,11
25.57,11.280000000000001,,11
25.58,11.280000000000001,,11
25.59,11.280000000000001,5813.000000000124,11
25.6,11.280000000000001,,11
25.61,11.280000000000001,,11
25.62,11.280000000000001,,11
25.63,11.280000000000001,,11
25.64,11.280000000000001,,11
25.65,11.280000000000001,5813.000000000124,11
25.66,11.280000000000001,,11
25.67,11.280000000000001,,11
25.68,11.280000000000001,,11
25.69,11.280000000000001,,11
25.7,11.280000000000001,,11
25.71,11.280000000000001,,11
25.72,11.280000000000001,,11
25.73,11.280000000000001,,11
25.74,11.280000000000001,,11
25.75,11.280000000000001,,11
25.76,11.280000000000001,,11
25.77,11.280000000000001,5813.000000000124,11
25.78,11.280000000000001,,11
25.79,11.280000000000001,,11
25.8,11.280000000000001,,11
25.81,11.280000000000001,,11
25.82,11.280000000000001,,11
25.83,11.280000000000001,,11
25.84,11.280000000000001,,11
25.85,11.490000000000009,,11
25.86,11.48999999999998,,11
25.87,11.48999999999998,,11
25.88,11.490000000000009,,11
25.89,11.490000000000009,5813.000000000124,11
25.9,11.490000000000009,,11
25.91,11.48999999999998,,11
25.92,11.48999999999998,,11
25.93,11.490000000000009,,11
25.94,11.490000000000009,,11
25.95,11.490000000000009,,11
25.96,11.48999999999998,,11
25.97,11.48999999999998,,11
25.98,11.490000000000009,,11
25.99,11.490000000000009,5813.000000000126,11
26.0,11.490000000000009,,11
26.01,11.48999999999998,,11
26.02,11.48999999999998,,11
26.03,11.490000000000009,,11
26.04,11.490000000000009,,11
26.05,11.490000000000009,,11
26.06,11.48999999999998,,11
26.07,11.48999999999998,,11
26.08,11.490000000000009,,11
26.09,11.490000000000009,,11
26.1,11.490000000000009,,11
26.11,11.48999999999998,,11
26.12,11.48999999999998,,11
26.13,11.490000000000009,,11
26.14,11.490000000000009,,11
26.15,11.490000000000009,,11
26.16,11.48999999999998,,11
26.17,11.48999999999998,,11
26.18,11.490000000000009,,11
26.19,11.490000000000009,,11
26.2,11.490000000000009,,11
26.21,11.48999999999998,,11
26.22,11.48999999999998,5813.000000000124,11
26.23,11.490000000000009,,11
26.24,11.490000000000009,,11
26.25,11.490000000000009,,11
26.26,11.48999999999998,,11
26.27,11.48999999999998,,11
26.28,11.490000000000009,,11
26.29,11.490000000000009,,11
26.3,11.490000000000009,,11
26.31,11.48999999999998,,11
26.32,11.48999999999998,,11
26.33,11.490000000000009,,11
26.34,11.490000000000009,,11
26.35,11.490000000000009,5813.000000000124,11
26.36,11.48999999999998,,11
26.37,11.48999999999998,,11
26.38,11.490000000000009,,11
26.39,11.490000000000009,,11
26.4,11.490000000000009,,11
26.41,11.48999999999998,,11
26.42,11.48999999999998,,11
26.43,11.490000000000009,,11
26.44,11.490000000000009,,11
26.45,11.490000000000009,,11
26.46,11.48999999999998,,11
26.47,11.48999999999998,,11
26.48,11.490000000000009,,11
26.49,11.490000000000009,,11
26.5,11.490000000000009,,11
26.51,11.48999999999998,5813.000000000124,11
26.52,11.48999999999998,,11
26.53,11.490000000000009,5813.000000000124,11
26.54,11.490000000000009,,11
26.55,11.490000000000009,,11
26.56,11.48999999999998,,11
26.57,11.48999999999998,,11
26.58,11.490000000000009,,11
26.59,11.490000000000009,,11
26.6,12.01,,11
26.61,12.040000000000001,,11
26.62,12.06,,11
26.63,12.09,5813.000000000124,11
26.64,12.11,,11
26.65,12.139999999999999,,11
26.66,12.16,,11
26.67,12.19,5813.000000000124,11
26.68,12.22,,11
26.69,12.25,,11
26.7,12.27,,11
26.71,12.3,,11
26.72,12.33,,11
26.73,12.36,,11
26.74,12.389999999999999,,11
26.75,12.420000000000002,,11
26.76,12.45,,11
26.77,12.48,5813.000000000124,11
26.78,12.51,5813.000000000124,11
26.79,12.54,,11
26.8,12.580000000000002,,11
26.81,12.61,,11
26.82,12.64,,11
26.83,12.670000000000002,,11
26.84,12.709999999999999,,11
26.85,12.739999999999998,,11
26.86,12.780000000000001,,11
26.87,12.81,,11
26.88,12.850000000000001,,11
26.89,12.88,,11
26.9,12.919999999999998,,11
26.91,12.95,5813.000000000126,11
26.92,12.99,,11
26.93,13.030000000000001,,11
26.94,13.069999999999999,5813.000000000124,11
26.95,13.099999999999998,,11
26.96,13.14,,11
26.97,13.180000000000001,,11
26.98,13.219999999999999,,11
26.99,13.26,,11
27.0,13.3,5813.000000000124,11
27.01,13.34,,11
27.02,13.38,,11
27.03,13.420000000000002,,11
27.04,13.459999999999999,,11
27.05,13.509999999999998,,11
27.06,13.54,,11
27.07,13.580000000000002,,11
27.08,13.62,,11
27.09,13.659999999999998,,11
27.1,13.7,,11
27.11,13.75,5813.000000000124,11
27.12,13.780000000000001,,11
27.13,13.83,,11
27.14,13.860000000000001,,11
27.15,13.9,,11
27.16,13.940000000000001,,11
27.17,13.98,,11
27.18,14.02,5813.000000000124,11
27.19,14.069999999999999,,11
27.2,14.1,,11
27.21,14.14,,11
27.22,14.18,,11
27.23,14.219999999999999,,11
27.24,14.260000000000002,,11
27.25,14.3,,11
27.26,14.34,,11
27.27,14.379999999999999,,11
27.28,14.419999999999998,5813.000000000124,11
27.29,14.46,,11
27.3,14.509999999999998,,11
27.31,14.540000000000001,,11
27.32,14.58,,11
27.33,14.62,,11
27.34,14.66,5813.000000000124,11
27.35,14.7,,11
27.36,14.75,5813.000000000124,11
27.37,11.770000000000001,,11
27.38,11.78,,11
27.39,11.8,,11
27.4,11.82,,11
27.41,11.829999999999998,,11
27.42,11.850000000000001,,11
27.43,11.870000000000001,,11
27.44,11.879999999999999,,11
27.45,11.9,,11
27.46,11.920000000000002,,11
27.47,11.940000000000001,,11
27.48,11.96,5813.000000000124,11
27.49,11.98,,11
27.5,12.0,,11
27.51,12.02,,11
27.52,12.040000000000001,,11
27.53,12.06,,11
27.54,12.08,,11
27.55,12.1,,11
27.56,12.129999999999999,,11
27.57,12.15,,11
27.58,12.17,,11
27.59,12.2,,11
27.6,12.219999999999999,5812.000000000125,11
27.61,12.239999999999998,,11
27.62,12.27,,11
27.63,12.290000000000001,,11
27.64,12.32,5812.000000000125,11
27.65,12.350000000000001,,11
27.66,12.369999999999997,,11
27.67,12.400000000000002,,11
27.68,12.430000000000001,,11
27.69,12.45,,11
27.7,12.48,,11
27.71,12.509999999999998,,11
27.72,12.54,,11
27.73,12.569999999999999,,11
27.74,12.600000000000001,,11
27.75,12.630000000000003,,11
27.76,12.66,,11
27.77,12.690000000000001,,11
27.78,12.72,,11
27.79,12.75,,11
27.8,12.780000000000001,,11
27.81,12.82,,11
27.82,12.850000000000001,,11
27.83,12.88,,11
27.84,12.919999999999998,,11
27.85,12.950000000000003,,11
27.86,12.98,,11
27.87,13.02,,11
27.88,13.049999999999999,,11
27.89,13.09,,11
27.9,13.13,,11
27.91,13.16,,11
27.92,13.2,,11
27.93,13.24,,11
27.94,13.27,,11
27.95,13.31,,11
27.96,13.349999999999998,,11
27.97,13.39,,11
27.98,13.430000000000001,,11
27.99,13.469999999999999,,11
28.0,13.51,,11
28.01,13.55,,11
28.02,13.59,,11
28.03,13.63,,11
28.04,13.669999999999998,,11
28.05,13.709999999999999,,11
28.06,13.759999999999998,,11
28.07,13.790000000000001,,11
28.08,13.830000000000002,,11
28.09,13.88,,11
28.1,13.909999999999998,,11
28.11,13.95,,11
28.12,13.989999999999998,,11
28.13,14.030000000000001,,11
28.14,14.07,,11
28.15,14.12,,11
28.16,14.15,,11
28.17,14.19,,11
28.18,14.239999999999998,,11
28.19,14.27,,11
28.2,14.309999999999999,,11
28.21,14.349999999999998,,11
28.22,14.39,,11
28.23,14.430000000000001,,11
28.24,14.47,,11
28.25,14.51,,11
28.26,14.549999999999999,,11
28.27,14.590000000000002,,11
28.28,14.63,,11
28.29,14.67,,11
28.3,14.709999999999999,,11
28.31,14.76,,11
28.32,14.79,,11
28.33,14.829999999999998,,11
28.34,14.879999999999999,,11
28.35,14.909999999999998,,11
28.36,14.950000000000001,,11
28.37,14.989999999999998,,11
28.38,15.029999999999998,,11
28.39,15.069999999999999,,11
28.4,15.12,,11
28.41,15.149999999999999,,11
28.42,15.190000000000001,,11
28.43,15.240000000000002,,11
28.44,15.27,,11
28.45,15.310000000000002,,11
28.46,15.350000000000001,,11
28.47,15.390000000000004,,11
28.48,15.429999999999996,,11
28.49,15.469999999999999,,11
28.5,15.509999999999998,,11
28.51,15.55,,11
28.52,15.59,,11
28.53,15.630000000000003,,11
28.54,15.670000000000002,,11
28.55,15.71,,11
28.56,15.760000000000002,,11
28.57,15.790000000000003,,11
28.58,15.830000000000002,,11
28.59,15.880000000000003,,11
28.6,15.910000000000004,,11
28.61,15.949999999999996,,11
28.62,15.990000000000002,,11
28.63,16.030000000000005,,11
28.64,16.070000000000004,,11
28.65,16.12,,11
28.66,16.150000000000002,,11
28.67,16.19,,11
28.68,16.24,,11
28.69,16.27,,11
28.7,16.31,,11
28.71,16.349999999999998,,11
28.72,16.389999999999997,,11
28.73,16.430000000000003,,11
28.74,16.470000000000002,,11
28.75,16.51,,11
28.76,16.55,,11
28.77,16.59,,11
28.78,16.63,,11
28.79,16.67,,11
28.8,16.71,,11
28.81,16.759999999999998,,11
28.82,16.79,,11
28.83,16.83,,11
28.84,16.880000000000003,,11
28.85,16.91,,11
28.86,16.95,,11
28.87,16.990000000000002,,11
28.88,17.03,,11
28.89,17.069999999999997,,11
28.9,17.12,,11
28.91,17.150000000000002,,11
28.92,17.189999999999998,,11
28.93,17.240000000000002,,11
28.94,17.27,,11
28.95,17.31,,11
28.96,17.35,,11
28.97,17.389999999999997,,11
28.98,17.430000000000003,,11
28.99,17.47,,11
29.0,17.510000000000005,,11
29.01,17.55,,11
29.02,17.589999999999996,,11
29.03,17.630000000000003,,11
29.04,17.669999999999998,,11
29.05,17.71,,11
29.06,17.759999999999998,,11
29.07,17.79,,11
29.08,17.83,,11
29.09,17.88,,11
29.1,17.909999999999997,,11
29.11,17.95,,11
29.12,17.990000000000002,,11
29.13,18.03,,11
29.14,18.07,,11
29.15,18.120000000000005,,11
29.16,18.15,,11
29.17,18.19,,11
29.18,18.24,,11
29.19,18.27,,11
29.2,18.310000000000002,,11
29.21,18.349999999999998,,11
29.22,18.39,,11
29.23,18.430000000000003,,11
29.24,18.469999999999995,,11
29.25,18.509999999999998,,11
29.26,18.55,,11
29.27,18.590000000000003,,11
29.28,18.629999999999995,,11
29.29,18.67,,11
29.3,18.71,,11
29.31,18.760000000000005,,11
29.32,18.79,,11
29.33,18.83,,11
29.34,18.879999999999995,,11
29.35,18.910000000000004,,11
29.36,18.950000000000003,,11
29.37,18.990000000000002,,11
29.38,19.029999999999994,,11
29.39,19.07,,11
29.4,19.119999999999997,,11
29.41,19.15,,11
29.42,19.189999999999998,,11
29.43,19.240000000000002,,11
29.44,19.270000000000003,,11
29.45,19.310000000000002,,11
29.46,19.35,,11
29.47,19.39,,11
29.48,19.43,,11
29.49,19.47,,11
29.5,19.509999999999998,,11
29.51,19.550000000000004,,11
29.52,19.590000000000003,,11
29.53,19.630000000000003,,11
29.54,19.67,,11
29.55,19.71,,11
29.56,19.759999999999998,,11
29.57,19.79,,11
29.58,19.83,,11
29.59,19.879999999999995,,11
29.6,19.909999999999997,,11
29.61,19.949999999999996,,11
29.62,19.990000000000002,,11
29.63,20.03,,11
29.64,20.07,,11
29.65,20.119999999999997,,11
29.66,20.15,,11
29.67,20.189999999999998,,11
29.68,20.240000000000002,,11
29.69,20.270000000000003,,11
29.7,20.310000000000002,,11
29.71,20.349999999999994,,11
29.72,20.39,,11
29.73,20.43,,11
29.74,20.47,,11
29.75,20.509999999999998,,11
29.76,20.550000000000004,,11
29.77,20.590000000000003,,11
29.78,20.629999999999995,,11
29.79,20.67,,11
29.8,20.71,,11
29.81,20.759999999999998,,11
29.82,20.79,,11
29.83,20.82999999999999,,11
29.84,20.880000000000003,,11
29.85,20.909999999999997,,11
29.86,20.950000000000003,,11
29.87,20.989999999999995,,11
29.88,21.03,,11
29.89,21.069999999999993,,11
29.9,21.120000000000005,,11
29.91,21.15,,11
29.92,21.18999999999999,,11
29.93,21.240000000000002,,11
29.94,21.269999999999996,,11
29.95,21.310000000000002,,11
29.96,21.35,,11
29.97,21.39,,11
29.98,21.429999999999993,,11
29.99,21.470000000000006,,11
30.0,21.509999999999998,,11
30.01,21.549999999999997,,11
30.02,21.590000000000003,,11
30.03,21.630000000000003,,11
30.04,21.669999999999995,,11
30.05,21.709999999999994,,11
30.06,21.759999999999998,,11
30.07,21.790000000000006,,11
30.08,21.83,,11
30.09,21.869999999999997,,11
30.1,21.909999999999997,,11
30.11,21.949999999999996,,11
30.12,21.980000000000004,,11
30.13,22.03000000000001,,11
30.14,22.060000000000002,,11
30.15,22.099999999999994,,11
30.16,22.129999999999995,,11
30.17,22.169999999999995,,11
30.18,22.210000000000008,,11
30.19,22.240000000000002,,11
30.2,22.269999999999996,,11
30.21,22.309999999999995,,11
30.22,22.339999999999996,,11
30.23,22.370000000000005,,11
30.24,22.4,,11
30.25,22.440000000000005,,11
30.26,22.47,,11
30.27,22.499999999999993,,11
30.28,22.53,,11
30.29,22.570000000000007,,11
30.3,22.6,,11
30.31,22.629999999999995,,11
30.32,22.64999999999999,,11
30.33,22.689999999999998,,11
30.34,22.720000000000006,,11
30.35,22.740000000000002,,11
30.36,22.78,,11
30.37,22.799999999999997,,11
30.38,22.82999999999999,,11
30.39,22.85,,11
30.4,22.890000000000008,,11
30.41,22.910000000000004,,11
30.42,22.93,,11
30.43,22.959999999999994,,11
30.44,22.989999999999995,,11
30.45,23.010000000000005,,11
30.46,23.03,,11
30.47,23.049999999999997,,11
30.48,23.08,,11
30.49,23.099999999999994,,11
30.5,23.120000000000005,,11
30.51,23.14,,11
30.52,23.17,,11
30.53,23.189999999999998,,11
30.54,23.209999999999994,,11
30.55,23.230000000000004,,11
30.56,23.260000000000005,,11
30.57,23.270000000000003,,11
30.58,23.29,,11
30.59,23.32,,11
30.6,23.32999999999999,,11
30.61,23.35,,11
30.62,23.36,,11
30.63,23.39,,11
30.64,23.4,,11
30.65,23.419999999999995,,11
30.66,23.430000000000007,,11
30.67,23.450000000000003,,11
30.68,23.47,,11
30.69,23.47999999999999,,11
30.7,23.49000000000001,,11
30.71,23.50999999999999,,11
30.72,23.52000000000001,,11
30.73,23.53,,11
30.74,23.539999999999992,,11
30.75,23.560000000000002,,11
30.76,23.569999999999993,,11
30.77,23.58,,11
30.78,23.590000000000003,,11
30.79,23.61,,11
30.8,23.61999999999999,15.343234323432338,11
30.81,23.63000000000001,15.333333333333337,11
30.82,23.64,15.323432343234327,11
30.83,23.650000000000006,15.364238410596029,11
30.84,23.659999999999997,15.718644067796614,11
30.85,23.659999999999997,16.09027777777777,11
30.86,23.679999999999993,16.480427046263344,11
30.87,23.679999999999993,16.89051094890511,11
30.88,23.689999999999998,17.325842696629213,11
30.89,23.689999999999998,17.78076923076923,11
30.9,23.709999999999994,18.264822134387355,11
30.91,23.709999999999994,18.77235772357723,11
30.92,23.710000000000008,19.313807531380746,11
30.93,23.72,19.883620689655167,11
30.94,23.730000000000004,20.493333333333332,11
30.95,23.730000000000004,21.14220183486239,11
30.96,23.72999999999999,21.731132075471706,11
30.97,23.730000000000004,22.463414634146353,11
30.98,23.739999999999995,23.365482233502526,11
30.99,23.74000000000001,24.215789473684207,11
31.0,23.739999999999995,25.131147540983605,11
31.01,23.739999999999995,25.971751412429384,11
31.02,23.75,27.035294117647066,11
31.03,23.75,28.35802469135804,11
31.04,23.75,29.625806451612892,11
31.05,23.760000000000005,31.02027027027026,11
31.06,23.760000000000005,32.5531914893617,11
31.07,23.75,34.23880597014926,11
31.08,23.75,36.11811023622049,11
31.09,23.75999999999999,38.21666666666669,11
31.1,23.75,40.57522123893802,11
31.11,23.75,42.841121495327094,11
31.12,23.739999999999995,45.83,11
31.13,23.75,49.80434782608696,11
31.14,23.74000000000001,53.89411764705884,11
31.15,23.74000000000001,58.71794871794877,11
31.16,23.730000000000004,62.44736842105281,11
31.17,23.730000000000004,56.500000000000256,11
31.18,23.72999999999999,51.58695652173941,11
31.19,23.720000000000013,47.440000000000026,11
31.2,23.710000000000008,43.90740740740749,11
31.21,23.710000000000008,40.87931034482772,11
31.22,23.700000000000003,40.169491525423744,11
31.23,23.689999999999998,40.15254237288136,11
31.24,23.690000000000012,40.152542372881385,11
31.25,23.690000000000012,40.152542372881385,11
31.26,23.680000000000007,40.135593220339004,11
31.27,23.67,40.11864406779662,11
31.28,23.67,40.11864406779662,11
31.29,23.659999999999997,40.10169491525424,11
31.3,23.66000000000001,40.101694915254264,11
31.31,23.650000000000006,40.08474576271188,11
31.32,23.650000000000006,40.775862068965644,11
31.33,23.64,40.758620689655295,11
31.34,23.629999999999995,40.74137931034494,11
31.35,23.620000000000005,40.72413793103461,11
31.36,23.620000000000005,40.72413793103461,11
31.37,23.620000000000005,40.72413793103461,11
31.38,23.61,40.706896551724256,11
31.39,23.599999999999994,40.6896551724139,11
31.4,23.599999999999994,40.6896551724139,11
31.41,23.590000000000003,40.67241379310357,11
31.42,23.58,40.65517241379322,11
31.43,23.58,40.65517241379322,11
31.44,23.58,40.65517241379322,11
31.45,23.569999999999993,40.63793103448287,11
31.46,23.560000000000002,40.620689655172534,11
31.47,23.549999999999997,40.603448275862185,11
31.48,23.549999999999997,40.603448275862185,11
31.49,23.549999999999997,40.603448275862185,11
31.5,23.539999999999992,40.58620689655183,11
31.51,23.539999999999992,40.58620689655183,11
31.52,23.53,40.5689655172415,11
31.53,23.519999999999996,40.551724137931146,11
31.54,23.510000000000005,40.53448275862082,11
31.55,23.519999999999996,40.551724137931146,11
31.56,23.50999999999999,40.53448275862079,11
31.57,23.5,40.51724137931046,11
31.58,23.489999999999995,40.500000000000114,11
31.59,23.49000000000001,40.500000000000135,11
31.6,23.480000000000004,40.48275862068978,11
31.61,23.47,40.46551724137943,11
31.62,23.47,40.46551724137943,11
31.63,23.470000000000013,40.46551724137945,11
31.64,23.460000000000008,40.448275862069096,11
31.65,23.450000000000003,40.43103448275875,11
31.66,23.439999999999998,40.41379310344839,11
31.67,23.439999999999998,41.12280701754409,11
31.68,23.440000000000012,41.12280701754412,11
31.69,23.430000000000007,41.10526315789498,11
31.7,23.42,41.08771929824585,11
31.71,23.42,41.08771929824585,11
31.72,23.409999999999997,41.07017543859672,11
31.73,23.400000000000006,41.05263157894761,11
31.74,23.41000000000001,41.07017543859675,11
31.75,23.400000000000006,41.05263157894761,11
31.76,23.39,41.03508771929848,11
31.77,23.379999999999995,41.01754385964935,11
31.78,23.379999999999995,41.01754385964935,11
31.79,23.370000000000005,41.00000000000024,11
31.8,23.370000000000005,41.00000000000024,11
31.81,23.36,40.98245614035111,11
31.82,23.36,40.98245614035111,11
31.83,23.349999999999994,40.96491228070198,11
31.84,23.340000000000003,40.94736842105287,11
31.85,23.33,40.92982456140374,11
31.86,23.340000000000003,40.94736842105287,11
31.87,23.33,40.92982456140374,11
31.88,23.319999999999993,40.91228070175461,11
31.89,23.310000000000002,40.8947368421055,11
31.9,23.310000000000002,40.8947368421055,11
31.91,23.310000000000002,40.8947368421055,11
31.92,23.299999999999997,40.87719298245637,11
31.93,23.289999999999992,40.85964912280724,11
31.94,23.289999999999992,40.85964912280724,11
31.95,23.28,40.84210526315813,11
31.96,23.269999999999996,40.824561403509,11
31.97,23.28,40.84210526315813,11
31.98,23.269999999999996,40.824561403509,11
31.99,23.25999999999999,40.807017543859864,11
32.0,23.25,40.78947368421076,11
32.01,23.25,40.78947368421076,11
32.02,23.239999999999995,41.500000000000085,11
32.03,23.239999999999995,41.500000000000085,11
32.04,23.22999999999999,41.48214285714293,11
32.05,23.22999999999999,41.48214285714293,11
32.06,23.22,41.46428571428581,11
32.07,23.210000000000008,41.44642857142868,11
32.08,23.200000000000003,41.42857142857153,11
32.09,23.209999999999994,41.446428571428655,11
32.1,23.19999999999999,41.4285714285715,11
32.11,23.189999999999998,41.41071428571438,11
32.12,23.180000000000007,41.39285714285725,11
32.13,23.180000000000007,41.39285714285725,11
32.14,23.179999999999993,41.392857142857224,11
32.15,23.169999999999987,41.37500000000007,11
32.16,29.17,,11
32.17,29.169999999999998,,11
32.18,29.169999999999998,,11
32.19,29.17,,11
32.2,29.18,4576.000000000098,11
32.21,29.18,,11
32.22,29.18,4576.000000000097,11
32.23,29.18,,11
32.24,29.18,,11
32.25,29.18,,11
32.26,29.18,,11
32.27,29.189999999999998,,11
32.28,29.189999999999998,,11
32.29,29.189999999999998,,11
32.3,29.189999999999998,4576.000000000097,11
32.31,29.189999999999998,,11
32.32,29.190000000000005,,11
32.33,29.190000000000005,,11
32.34,29.200000000000003,,11
32.35,29.199999999999996,,11
32.36,29.199999999999996,,11
32.37,29.20000000000001,,11
32.38,29.200000000000003,,11
32.39,29.200000000000003,,11
32.4,29.199999999999996,,11
32.41,29.209999999999994,,11
32.42,29.210000000000008,,11
32.43,29.21,,11
32.44,29.21,,11
32.45,29.21,,11
32.46,29.209999999999994,,11
32.47,29.210000000000008,,11
32.48,29.220000000000006,,11
32.49,29.22,,11
32.5,29.22,,11
32.51,29.22,,11
32.52,29.220000000000006,,11
32.53,29.220000000000006,,11
32.54,29.22,,11
32.55,29.229999999999997,,11
32.56,29.229999999999997,,11
32.57,29.230000000000004,4575.000000000097,11
32.58,29.230000000000004,,11
32.59,29.230000000000004,,11
32.6,29.229999999999997,4575.000000000097,11
32.61,29.229999999999997,,11
32.62,29.24000000000001,,11
32.63,29.240000000000002,4575.000000000097,11
32.64,29.240000000000002,,11
32.65,29.239999999999995,,11
32.66,29.239999999999995,,11
32.67,29.24000000000001,,11
32.68,29.240000000000002,,11
32.69,29.25,,11
32.7,29.25,,11
32.71,29.249999999999993,,11
32.72,6.530000000000001,5.292847503373819,11
32.73,6.619999999999997,5.282051282051282,11
32.74,6.690000000000001,5.279729729729729,11
32.75,6.759999999999998,5.291723202170964,11
32.76,6.84,5.295238095238096,11
32.77,6.91,5.300136425648021,11
32.78,6.98,5.305061559507524,11
32.79,7.059999999999999,5.301369863013699,11
32.8,7.129999999999999,5.3063186813186825,11
32.81,7.199999999999999,5.303988995873453,11
32.82,7.27,5.308965517241378,11
32.83,7.349999999999998,5.312586445366528,11
32.84,7.420000000000002,5.31761442441054,11
32.85,7.489999999999998,5.322670375521557,11
32.86,7.559999999999999,5.327754532775454,11
32.87,7.630000000000003,5.332867132867133,11
32.88,7.699999999999999,5.323076923076923,11
32.89,7.780000000000001,5.341772151898735,11
32.9,7.850000000000001,5.33943661971831,11
32.91,7.920000000000002,5.344632768361581,11
32.92,7.989999999999998,5.342291371994342,11
32.93,8.060000000000002,5.347517730496453,11
32.94,8.129999999999999,5.352773826458037,11
32.95,8.200000000000003,5.358059914407988,11
32.96,8.27,5.363376251788269,11
32.97,8.34,5.361031518624642,11
32.98,8.41,5.3663793103448265,11
32.99,8.48,5.371757925072047,11
33.0,8.55,5.369408369408369,11
33.01,8.620000000000001,5.374819102749637,11
33.02,8.689999999999998,5.380261248185777,11
33.03,8.75,5.387190684133917,11
33.04,8.82,5.377001455604076,11
33.05,8.89,5.398243045387995,11
33.06,8.959999999999997,5.395894428152492,11
33.07,9.030000000000001,5.393538913362701,11
33.08,9.099999999999998,5.399116347569956,11
33.09,9.16,5.406203840472673,11
33.1,9.229999999999997,5.4118518518518535,11
33.11,9.3,5.417533432392275,11
33.12,9.360000000000003,5.416666666666667,11
33.13,9.43,5.463157894736842,11
33.14,9.5,5.510638297872341,11
33.15,9.559999999999999,5.552147239263804,11
33.16,9.630000000000003,5.601550387596899,11
33.17,9.690000000000001,5.662480376766091,11
33.18,9.75,5.715873015873014,11
33.19,9.82,5.768860353130016,11
33.2,9.880000000000003,5.824675324675325,11
33.21,9.939999999999998,5.881773399014779,11
33.22,10.0,5.930348258706469,11
33.23,10.059999999999999,6.000000000000001,11
33.24,10.120000000000001,6.061224489795918,11
33.25,10.169999999999998,6.12564543889845,11
33.26,10.23,6.189895470383274,11
33.27,10.29,6.25573192239859,11
33.28,10.34,6.325000000000001,11
33.29,10.399999999999999,6.394213381555154,11
33.3,10.45,6.467032967032966,11
33.31,10.509999999999998,6.539888682745825,11
33.32,10.559999999999999,6.616541353383459,11
33.33,10.61,6.695238095238094,11
33.34,10.670000000000002,6.774131274131272,11
33.35,10.719999999999999,6.857142857142859,11
33.36,10.770000000000003,6.942460317460319,11
33.37,10.82,7.030181086519114,11
33.38,10.870000000000001,7.120408163265306,11
33.39,10.91,7.215320910973085,11
33.4,10.96,7.310924369747899,11
33.41,11.009999999999998,7.409381663113007,11
33.42,11.059999999999999,7.5108225108225115,11
33.43,11.099999999999998,7.617582417582415,11
33.44,11.149999999999999,7.708240534521159,11
33.45,11.189999999999998,7.821266968325793,11
33.46,11.23,7.956221198156682,11
33.47,11.279999999999998,8.074941451990634,11
33.48,11.32,8.200000000000001,11
33.49,11.36,8.30917874396135,11
33.5,11.400000000000002,8.463054187192116,11
33.51,11.440000000000001,8.601503759398494,11
33.52,11.479999999999997,8.744897959183676,11
33.53,11.520000000000003,8.870466321243525,11
33.54,11.559999999999999,9.023746701846969,11
33.55,11.59,9.210242587601076,11
33.56,11.629999999999995,9.376373626373626,11
33.57,11.660000000000004,9.525139664804467,11
33.58,11.7,9.73142857142857,11
33.59,11.73,9.921282798833818,11
33.6,11.769999999999996,10.116071428571432,11
33.61,11.799999999999997,10.290909090909096,11
33.62,11.829999999999998,10.537267080745341,11
33.63,11.860000000000003,10.761904761904761,11
33.64,11.890000000000004,10.996753246753245,11
33.65,11.920000000000002,11.242524916943522,11
33.66,11.950000000000003,11.5,11
33.67,11.98,11.770034843205575,11
33.68,12.010000000000002,12.053571428571423,11
33.69,12.04,12.351648351648352,11
33.7,12.060000000000002,12.669172932330827,11
33.71,12.09,13.000000000000002,11
33.72,12.120000000000001,13.349206349206352,11
33.73,12.14,13.72244897959184,11
33.74,12.160000000000004,14.117647058823522,11
33.75,12.190000000000001,14.532467532467527,11
33.76,12.209999999999997,14.97767857142857,11
33.77,12.229999999999997,15.451612903225811,11
33.78,12.25,15.957142857142863,11
33.79,12.27,16.497536945812815,11
33.8,12.290000000000003,17.07653061224489,11
33.81,12.309999999999995,17.698412698412696,11
33.82,12.329999999999998,18.368131868131865,11
33.83,12.349999999999998,18.982954545454547,11
33.84,12.360000000000003,19.88095238095238,11
33.85,12.379999999999995,20.7329192546584,11
33.86,12.399999999999999,21.662337662337677,11
33.87,12.410000000000004,22.687074829931962,11
33.88,12.419999999999998,23.81428571428571,11
33.89,12.440000000000001,25.052631578947366,11
33.9,12.450000000000003,26.436507936507937,11
33.91,12.46,27.983193277310935,11
33.92,12.470000000000002,29.7232142857143,11
33.93,12.48,31.695238095238068,11
33.94,12.490000000000002,33.948979591836725,11
33.95,12.5,36.54945054945055,11
33.96,12.510000000000002,39.58333333333334,11
33.97,12.529999999999998,43.1688311688312,11
33.98,12.540000000000003,43.509803921568796,11
33.99,12.54,43.490196078431545,11
34.0,12.549999999999997,43.49019607843155,11
34.01,12.560000000000002,43.490196078431545,11
34.02,12.569999999999997,43.470588235294294,11
34.03,12.579999999999998,43.45098039215703,11
34.04,12.580000000000002,43.450980392157035,11
34.05,12.59,43.45098039215704,11
34.06,12.609999999999996,43.43137254901978,11
34.07,12.610000000000003,43.411764705882526,11
34.08,12.620000000000001,43.411764705882526,11
34.09,12.629999999999999,43.41176470588252,11
34.1,12.629999999999995,43.392156862745274,11
34.11,12.64,43.37254901960801,11
34.12,12.650000000000002,43.37254901960801,11
34.13,12.66,43.352941176470765,11
34.14,12.659999999999997,43.35294117647076,11
34.15,12.670000000000002,43.333333333333506,11
34.16,12.68,43.333333333333506,11
34.17,12.689999999999998,43.31372549019624,11
34.18,12.689999999999998,43.313725490196255,11
34.19,12.700000000000003,43.29411764705899,11
34.2,12.71,43.29411764705899,11
34.21,12.71,43.27450980392174,11
34.22,12.719999999999999,43.27450980392174,11
34.23,12.730000000000004,43.27450980392174,11
34.24,12.740000000000002,43.25490196078449,11
34.25,12.739999999999998,43.23529411764722,11
34.26,12.749999999999996,43.21568627450997,11
34.27,12.760000000000005,43.235294117647236,11
34.28,12.760000000000002,44.08,11
34.29,12.77,44.06,11
34.3,12.779999999999998,44.03999999999999,11
34.31,12.779999999999998,44.06,11
34.32,12.790000000000003,44.040000000000006,11
34.33,12.8,44.019999999999996,11
34.34,12.809999999999999,44.0,11
34.35,12.809999999999995,44.02000000000001,11
34.36,12.820000000000004,44.0,11
34.37,12.830000000000002,43.980000000000004,11
34.38,12.829999999999998,43.959999999999994,11
34.39,12.839999999999996,43.97999999999999,11
34.4,12.850000000000001,43.96000000000001,11
34.41,12.850000000000001,43.94,11
34.42,12.86,43.92,11
34.43,12.869999999999997,43.92,11
34.44,12.870000000000005,43.92,11
34.45,12.880000000000003,43.900000000000006,11
34.46,12.879999999999999,43.900000000000006,11
34.47,12.889999999999997,43.879999999999995,11
34.48,12.900000000000002,43.879999999999995,11
34.49,12.900000000000002,43.86,11
34.5,12.91,43.860000000000014,11
34.51,12.919999999999998,43.84,11
34.52,12.920000000000002,43.83999999999999,11
34.53,12.930000000000003,43.81999999999999,11
34.54,12.940000000000001,43.81999999999999,11
34.55,12.939999999999998,43.80000000000001,11
34.56,12.949999999999996,43.8,11
34.57,12.950000000000003,43.77999999999999,11
34.58,12.96,43.78,11
34.59,12.969999999999999,43.75999999999999,11
34.6,12.969999999999995,43.760000000000005,11
34.61,12.980000000000004,43.739999999999995,11
34.62,12.98,43.74000000000001,11
34.63,12.989999999999998,43.72,11
34.64,12.999999999999996,43.719999999999985,11
34.65,13.000000000000004,43.7,11
34.66,13.010000000000002,43.7,11
34.67,13.009999999999998,43.68000000000001,11
34.68,13.019999999999996,44.571428571428704,11
34.69,13.030000000000001,44.571428571428704,11
34.7,13.030000000000001,44.55102040816339,11
34.71,13.04,44.530612244898116,11
34.72,13.04,44.5306122448981,11
34.73,13.050000000000004,44.5306122448981,11
34.74,13.060000000000002,44.510204081632786,11
34.75,13.05,44.48979591836747,11
34.76,13.059999999999999,44.4897959183675,11
34.77,13.059999999999995,44.4897959183675,11
34.78,13.069999999999993,44.46938775510218,11
34.79,13.07,44.44897959183687,11
34.8,13.079999999999998,44.448979591836896,11
34.81,13.089999999999996,44.44897959183687,11
34.82,13.089999999999996,44.42857142857158,11
34.83,13.100000000000001,44.40816326530626,11
34.84,13.100000000000001,44.38775510204094,11
34.85,13.11,44.40816326530626,11
34.86,13.11,44.38775510204094,11
34.87,13.120000000000005,44.367346938775654,11
34.88,13.119999999999997,44.34693877551034,11
34.89,13.130000000000003,44.367346938775654,11
34.9,13.14,44.34693877551034,11
34.91,13.14,44.32653061224505,11
34.92,13.149999999999999,44.32653061224502,11
34.93,13.149999999999999,44.32653061224505,11
34.94,13.159999999999997,44.306122448979735,11
34.95,13.160000000000004,44.28571428571442,11
34.96,13.170000000000002,44.30612244897972,11
34.97,13.170000000000002,44.28571428571442,11
34.98,13.18,44.26530612244913,11
34.99,13.180000000000007,44.24489795918382,11
35.0,13.190000000000005,44.26530612244912,11
35.01,13.189999999999998,44.24489795918382,11
35.02,13.199999999999996,44.22448979591853,11
35.03,13.199999999999996,44.20408163265321,11
35.04,13.21,44.224489795918515,11
35.05,13.21,44.20408163265319,11
35.06,13.219999999999999,44.18367346938789,11
35.07,13.219999999999999,44.163265306122604,11
35.08,13.230000000000004,44.18367346938788,11
35.09,13.230000000000004,45.08333333333363,11
35.1,13.240000000000002,45.0625000000003,11
35.11,13.239999999999995,45.041666666666956,11
35.12,13.25,45.062500000000284,11
35.13,13.25,45.04166666666697,11
35.14,13.259999999999998,45.02083333333363,11
35.15,13.259999999999998,45.02083333333364,11
35.16,13.270000000000003,45.02083333333363,11
35.17,13.270000000000003,45.000000000000284,11
35.18,13.280000000000001,44.97916666666697,11
35.19,13.280000000000001,44.97916666666695,11
35.2,13.290000000000006,44.97916666666697,11
35.21,13.29,44.95833333333362,11
35.22,13.299999999999997,44.93750000000028,11
35.23,13.299999999999997,44.93750000000028,11
35.24,13.310000000000002,44.937500000000306,11
35.25,13.310000000000002,44.91666666666696,11
35.26,13.32,44.89583333333362,11
35.27,13.32,44.89583333333362,11
35.28,13.329999999999998,44.89583333333362,11
35.29,13.330000000000005,44.875000000000306,11
35.3,13.340000000000003,44.85416666666696,11
35.31,13.339999999999996,44.85416666666696,11
35.32,13.339999999999996,44.85416666666696,11
35.33,13.350000000000001,44.83333333333362,11
35.34,13.350000000000001,44.812500000000306,11
35.35,13.36,44.83333333333365,11
35.36,13.36,44.812500000000306,11
35.37,13.370000000000005,44.791666666666956,11
35.38,13.369999999999997,44.791666666666956,11
35.39,13.380000000000003,44.791666666666956,11
35.4,13.379999999999995,44.77083333333364,11
35.41,13.380000000000003,44.7500000000003,11
35.42,13.39,44.7500000000003,11
35.43,13.39,44.7500000000003,11
35.44,13.399999999999999,44.729166666666956,11
35.45,13.400000000000006,44.70833333333364,11
35.46,13.410000000000004,44.70833333333364,11
35.47,13.409999999999997,44.70833333333364,11
35.48,13.419999999999995,44.6875000000003,11
35.49,13.420000000000002,44.666666666666956,11
35.5,13.420000000000002,44.666666666666956,11
35.51,13.43,45.61702127659588,11
35.52,13.43,45.59574468085119,11
35.53,13.439999999999998,45.574468085106496,11
35.54,13.440000000000005,45.59574468085116,11
35.55,13.439999999999998,45.574468085106496,11
35.56,13.449999999999996,45.553191489361836,11
35.57,13.449999999999996,45.53191489361714,11
35.58,13.46,45.55319148936181,11
35.59,13.46,45.53191489361714,11
35.6,13.469999999999999,45.510638297872454,11
35.61,13.469999999999999,45.510638297872454,11
35.62,13.470000000000006,45.510638297872454,11
35.63,13.480000000000004,45.48936170212776,11
35.64,13.479999999999997,45.4680851063831,11
35.65,13.489999999999995,45.4680851063831,11
35.66,13.490000000000002,45.46808510638307,11
35.67,13.490000000000002,45.446808510638405,11
35.68,13.5,45.425531914893746,11
35.69,13.5,45.446808510638405,11
35.7,13.510000000000005,45.42553191489372,11
35.71,13.509999999999998,45.40425531914902,11
35.72,13.509999999999998,45.382978723404364,11
35.73,13.519999999999996,45.40425531914905,11
35.74,13.520000000000003,45.382978723404364,11
35.75,13.530000000000001,45.36170212765967,11
35.76,13.530000000000001,45.34042553191498,11
35.77,13.530000000000001,45.36170212765967,11
35.78,13.54,45.34042553191501,11
35.79,13.54,45.319148936170315,11
35.8,13.54,45.319148936170315,11
35.81,13.549999999999997,45.319148936170315,11
35.82,13.549999999999997,45.29787234042563,11
35.83,13.560000000000002,45.27659574468096,11
35.84,13.560000000000002,45.297872340425656,11
35.85,13.560000000000002,45.27659574468096,11
35.86,13.57,45.25531914893627,11
35.87,13.57,45.23404255319158,11
35.88,13.57,45.25531914893627,11
35.89,13.579999999999998,45.23404255319161,11
35.9,13.579999999999998,45.21276595744692,11
35.91,13.590000000000003,45.21276595744692,11
35.92,13.590000000000003,45.21276595744692,11
35.93,13.589999999999996,45.191489361702224,11
35.94,13.599999999999994,46.15217391304376,11
35.95,13.600000000000001,46.15217391304376,11
35.96,13.600000000000001,46.15217391304376,11
35.97,13.61,46.130434782608965,11
35.98,13.61,46.10869565217417,11
35.99,13.610000000000007,46.1086956521742,11
36.0,13.620000000000005,46.1086956521742,11
36.01,13.619999999999997,46.08695652173941,11
36.02,13.619999999999997,46.08695652173941,11
36.03,13.629999999999995,46.065217391304614,11
36.04,13.630000000000003,46.065217391304614,11
36.05,13.630000000000003,46.04347826086985,11
36.06,13.64,46.04347826086985,11
36.07,13.639999999999993,46.04347826086985,11
36.08,13.64,46.02173913043506,11
36.09,13.649999999999999,46.02173913043502,11
36.1,13.649999999999999,46.00000000000029,11
36.11,13.659999999999997,46.00000000000029,11
36.12,13.660000000000004,45.9782608695655,11
36.13,13.660000000000004,45.97826086956547,11
36.14,13.659999999999997,45.95652173913071,11
36.15,13.669999999999995,45.95652173913071,11
36.16,13.670000000000002,45.93478260869594,11
36.17,13.68,45.93478260869591,11
36.18,13.689999999999998,45.913043478261116,11
36.19,13.690000000000005,45.91304347826115,11
36.2,13.689999999999998,45.913043478261116,11
36.21,13.689999999999998,45.891304347826356,11
36.22,13.700000000000003,45.86956521739156,11
36.23,13.700000000000003,45.86956521739159,11
36.24,13.71,45.86956521739156,11
36.25,13.720000000000006,45.847826086956765,11
36.26,13.719999999999999,45.826086956522005,11
36.27,13.719999999999999,45.8478260869568,11
36.28,13.730000000000004,45.826086956522005,11
36.29,13.730000000000004,45.80434782608721,11
36.3,13.739999999999995,45.80434782608721,11
36.31,13.740000000000002,45.80434782608721,11
36.32,13.75,45.78260869565245,11
36.33,13.75,45.760869565217654,11
36.34,13.759999999999998,45.78260869565245,11
36.35,13.769999999999996,45.760869565217654,11
36.36,13.770000000000003,45.73913043478286,11
36.37,13.780000000000001,45.7173913043481,11
36.38,13.79,46.755555555555645,11
36.39,13.79,46.73333333333341,11
36.4,13.799999999999997,46.71111111111117,11
36.41,13.810000000000002,46.71111111111117,11
36.42,13.819999999999993,46.71111111111117,11
36.43,13.829999999999998,46.688888888888975,11
36.44,13.829999999999998,46.66666666666674,11
36.45,13.840000000000003,46.66666666666674,11
36.46,13.850000000000001,46.66666666666674,11
36.47,13.86,46.64444444444451,11
36.48,13.869999999999997,46.64444444444454,11
36.49,13.880000000000003,46.64444444444454,11
36.5,13.89,46.622222222222305,11
36.51,13.899999999999999,46.60000000000007,11
36.52,13.909999999999997,46.60000000000007,11
36.53,13.920000000000002,46.60000000000007,11
36.54,13.940000000000005,46.57777777777787,11
36.55,13.949999999999996,46.57777777777784,11
36.56,13.96,46.555555555555635,11
36.57,13.969999999999999,46.555555555555635,11
36.58,13.980000000000004,46.5333333333334,11
36.59,14.0,46.5333333333334,11
36.6,14.009999999999998,46.5111111111112,11
36.61,14.020000000000003,46.5111111111112,11
36.62,14.04,46.51111111111117,11
36.63,14.049999999999997,46.48888888888894,11
36.64,14.059999999999995,46.46666666666673,11
36.65,14.079999999999998,46.46666666666676,11
36.66,14.090000000000003,46.46666666666673,11
36.67,14.11,46.4444444444445,11
36.68,14.119999999999997,46.422222222222295,11
36.69,14.14,46.4444444444445,11
36.7,14.149999999999999,46.422222222222295,11
36.71,14.170000000000002,46.40000000000006,11
36.72,14.18,46.422222222222295,11
36.73,14.200000000000003,46.40000000000006,11
36.74,14.219999999999999,46.37777777777783,11
36.75,14.230000000000004,46.355555555555625,11
36.76,14.25,46.37777777777786,11
36.77,14.269999999999996,46.355555555555625,11
36.78,14.29,46.33333333333339,11
36.79,14.310000000000002,46.33333333333343,11
36.8,14.32,46.33333333333339,11
36.81,14.339999999999996,46.311111111111195,11
36.82,14.36,47.340909090909335,11
36.83,14.380000000000003,47.340909090909335,11
36.84,14.399999999999999,47.340909090909335,11
36.85,14.420000000000002,47.31818181818205,11
36.86,14.439999999999998,47.31818181818208,11
36.87,14.46,47.295454545454824,11
36.88,14.479999999999997,47.29545454545476,11
36.89,14.5,47.295454545454795,11
36.9,14.520000000000003,47.27272727272754,11
36.91,14.54,47.25000000000023,11
36.92,14.569999999999993,47.25000000000023,11
36.93,14.589999999999996,47.250000000000256,11
36.94,14.61,47.227272727273004,11
36.95,14.630000000000003,47.227272727273004,11
36.96,14.650000000000006,47.22727272727294,11
36.97,14.68,47.20454545454572,11
36.98,14.700000000000003,47.18181818181847,11
36.99,14.719999999999999,47.20454545454566,11
37.0,14.75,47.18181818181841,11
37.01,14.769999999999996,47.159090909091155,11
37.02,14.799999999999997,47.13636363636387,11
37.03,14.820000000000007,47.15909090909112,11
37.04,14.850000000000009,47.13636363636387,11
37.05,14.869999999999997,47.113636363636616,11
37.06,14.899999999999999,47.11363636363659,11
37.07,14.919999999999995,47.11363636363659,11
37.08,14.949999999999996,47.090909090909335,11
37.09,14.969999999999999,47.09090909090936,11
37.1,15.0,47.06818181818205,11
37.11,15.030000000000001,47.06818181818205,11
37.12,15.049999999999997,47.045454545454795,11
37.13,15.079999999999991,47.04545454545476,11
37.14,15.109999999999992,47.02272727272751,11
37.15,15.139999999999993,47.02272727272751,11
37.16,15.160000000000004,47.02272727272754,11
37.17,15.189999999999998,47.00000000000023,11
37.18,15.219999999999999,47.00000000000023,11
37.19,15.25,47.000000000000256,11
37.2,15.280000000000001,46.977272727273004,11
37.21,15.310000000000002,46.95454545454569,11
37.22,15.339999999999996,46.95454545454569,11
37.23,15.369999999999997,46.95454545454572,11
37.24,15.399999999999999,46.93181818181841,11
37.25,15.43,46.909090909091155,11
37.26,15.459999999999994,46.931818181818436,11
37.27,15.489999999999995,46.909090909091184,11
37.28,15.519999999999996,47.97674418604653,11
37.29,15.549999999999997,47.97674418604653,11
37.3,15.579999999999991,47.97674418604657,11
37.31,15.619999999999997,47.9534883720931,11
37.32,15.649999999999999,47.930232558139565,11
37.33,15.68,47.930232558139565,11
37.34,15.709999999999994,47.9302325581396,11
37.35,15.75,47.90697674418607,11
37.36,15.780000000000001,47.90697674418607,11
37.37,15.810000000000002,47.8837209302326,11
37.38,15.850000000000001,47.8837209302326,11
37.39,15.880000000000003,47.88372093023256,11
37.4,15.919999999999995,47.860465116279094,11
37.41,15.949999999999996,47.860465116279094,11
37.42,15.989999999999995,47.86046511627913,11
37.43,16.019999999999996,47.8372093023256,11
37.44,20.560000000000002,47.81395348837213,11
37.45,20.560000000000002,47.81395348837213,11
37.46,20.559999999999988,47.8139534883721,11
37.47,20.549999999999997,47.79069767441863,11
37.48,20.540000000000006,47.76744186046516,11
37.49,20.55000000000001,47.79069767441866,11
37.5,20.539999999999992,47.76744186046513,11
37.51,20.53,47.744186046511665,11
37.52,20.530000000000015,47.74418604651169,11
37.53,20.530000000000015,47.74418604651169,11
37.54,20.519999999999996,47.72093023255816,11
37.55,20.52000000000001,47.720930232558196,11
37.56,20.50999999999999,47.69767441860466,11
37.57,20.50999999999999,47.69767441860466,11
37.58,20.510000000000005,47.69767441860469,11
37.59,20.500000000000014,47.67441860465123,11
37.6,20.48999999999998,47.65116279069766,11
37.61,20.48999999999998,47.65116279069766,11
37.62,20.49000000000001,47.651162790697725,11
37.63,20.480000000000018,47.627906976744256,11
37.64,20.480000000000018,47.627906976744256,11
37.65,20.47999999999999,47.62790697674419,11
37.66,20.47,47.604651162790724,11
37.67,20.45999999999998,47.58139534883719,11
37.68,20.47,47.604651162790724,11
37.69,20.460000000000008,47.58139534883726,11
37.7,20.450000000000017,47.55813953488379,11
37.71,20.44999999999999,47.55813953488373,11
37.72,20.44999999999999,47.55813953488373,11
37.73,20.439999999999998,47.53488372093026,11
37.74,20.440000000000026,47.534883720930324,11
37.75,20.430000000000007,48.64285714285737,11
37.76,20.430000000000007,48.64285714285737,11
37.77,20.420000000000016,48.61904761904787,11
37.78,20.419999999999987,48.619047619047805,11
37.79,20.409999999999997,48.5952380952383,11
37.8,20.409999999999997,48.5952380952383,11
37.81,20.409999999999997,48.5952380952383,11
37.82,20.399999999999977,48.57142857142873,11
37.83,20.390000000000015,48.5476190476193,11
37.84,20.400000000000006,48.5714285714288,11
37.85,20.390000000000015,48.5476190476193,11
37.86,20.379999999999995,48.523809523809724,11
37.87,20.389999999999986,48.54761904761923,11
37.88,20.379999999999995,48.523809523809724,11
37.89,20.369999999999976,48.500000000000156,11
37.9,20.370000000000005,48.50000000000023,11
37.91,20.370000000000005,48.50000000000023,11
37.92,20.360000000000014,48.47619047619072,11
37.93,20.359999999999985,48.47619047619065,11
37.94,20.349999999999994,48.452380952381155,11
37.95,20.349999999999994,48.452380952381155,11
37.96,20.350000000000023,48.45238095238122,11
37.97,20.340000000000003,48.42857142857165,11
37.98,20.330000000000013,48.40476190476215,11
37.99,20.330000000000013,48.40476190476215,11
38.0,20.329999999999984,48.40476190476208,11
38.01,20.319999999999993,48.38095238095258,11
38.02,20.310000000000002,48.357142857143074,11
38.03,20.32000000000002,48.38095238095264,11
38.04,20.310000000000002,48.357142857143074,11
38.05,20.30000000000001,48.33333333333357,11
38.06,20.30000000000001,48.33333333333357,11
38.07,20.30000000000001,48.33333333333357,11
38.08,20.289999999999992,48.309523809524,11
38.09,20.289999999999992,48.309523809524,11
38.1,20.289999999999992,48.309523809524,11
38.11,20.28,48.2857142857145,11
38.12,20.28,48.2857142857145,11
38.13,20.27000000000001,48.261904761905,11
38.14,20.27000000000001,48.261904761905,11
38.15,20.269999999999982,48.26190476190493,11
38.16,20.25999999999999,48.238095238095426,11
38.17,20.25,48.21428571428593,11
38.18,20.26000000000002,48.2380952380955,11
38.19,20.25,48.21428571428593,11
38.2,20.24000000000001,48.190476190476424,11
38.21,20.23999999999998,48.19047619047635,11
38.22,20.23999999999998,49.36585365853652,11
38.23,20.22999999999999,49.341463414634106,11
38.24,20.230000000000018,49.34146341463418,11
38.25,20.22,49.31707317073169,11
38.26,20.22,49.31707317073169,11
38.27,20.22,49.31707317073169,11
38.28,20.210000000000008,49.29268292682927,11
38.29,20.19999999999999,49.268292682926784,11
38.3,20.210000000000008,49.29268292682927,11
38.31,20.200000000000017,49.268292682926855,11
38.32,20.189999999999998,49.24390243902437,11
38.33,20.189999999999998,49.24390243902437,11
38.34,20.189999999999998,49.24390243902437,11
38.35,20.180000000000007,49.21951219512195,11
38.36,20.169999999999987,49.19512195121946,11
38.37,20.17999999999998,49.21951219512188,11
38.38,20.169999999999987,49.19512195121946,11
38.39,20.160000000000025,49.17073170731712,11
38.4,20.159999999999997,49.170731707317046,11
38.41,20.159999999999997,49.170731707317046,11
38.42,20.150000000000006,49.14634146341463,11
38.43,20.149999999999977,49.146341463414565,11
38.44,20.139999999999986,49.12195121951215,11
38.45,20.139999999999986,49.12195121951215,11
38.46,20.140000000000015,49.12195121951221,11
38.47,20.129999999999995,49.09756097560973,11
38.48,20.120000000000005,49.073170731707314,11
38.49,20.129999999999995,49.09756097560973,11
38.5,20.120000000000005,49.073170731707314,11
38.51,20.109999999999985,49.04878048780483,11
38.52,20.110000000000014,49.0487804878049,11
38.53,20.110000000000014,49.0487804878049,11
38.54,20.099999999999994,49.02439024390241,11
38.55,20.099999999999994,49.02439024390241,11
38.56,20.099999999999994,49.02439024390241,11
38.57,20.090000000000003,48.99999999999999,11
38.58,20.090000000000003,48.99999999999999,11
38.59,20.080000000000013,48.975609756097576,11
38.6,20.080000000000013,48.975609756097576,11
38.61,20.080000000000013,48.975609756097576,11
38.62,20.069999999999993,48.95121951219509,11
38.63,20.060000000000002,48.92682926829267,11
38.64,20.069999999999993,48.95121951219509,11
38.65,20.059999999999974,48.9268292682926,11
38.66,20.049999999999983,48.90243902439018,11
38.67,20.05000000000001,48.902439024390254,11
38.68,20.05000000000001,48.902439024390254,11
38.69,20.039999999999992,48.87804878048777,11
38.7,20.039999999999992,48.87804878048777,11
38.71,20.03,50.07500000000018,11
38.72,20.03,50.07500000000018,11
38.73,20.03,50.07500000000018,11
38.74,20.02000000000001,50.0500000000002,11
38.75,20.01000000000002,50.025000000000226,11
38.76,20.019999999999982,50.05000000000013,11
38.77,20.00999999999999,50.025000000000155,11
38.78,20.0,50.00000000000018,11
38.79,20.01000000000002,50.025000000000226,11
38.8,20.0,50.00000000000018,11
38.81,19.99000000000001,49.9750000000002,11
38.82,19.99000000000001,49.9750000000002,11
38.83,19.99000000000001,49.9750000000002,11
38.84,19.97999999999999,49.95000000000015,11
38.85,19.97999999999999,49.95000000000015,11
38.86,19.970000000000027,49.925000000000246,11
38.87,19.97,49.925000000000175,11
38.88,19.97,49.925000000000175,11
38.89,19.960000000000008,49.9000000000002,11
38.9,19.94999999999999,49.87500000000015,11
38.91,19.95999999999998,49.90000000000013,11
38.92,19.94999999999999,49.87500000000015,11
38.93,19.939999999999998,49.85000000000017,11
38.94,19.939999999999998,49.85000000000017,11
38.95,19.939999999999998,49.85000000000017,11
38.96,19.939999999999998,49.85000000000017,11
38.97,19.930000000000007,49.825000000000195,11
38.98,19.919999999999987,49.800000000000146,11
38.99,19.930000000000007,49.825000000000195,11
39.0,19.920000000000016,49.80000000000022,11
39.01,19.909999999999997,49.77500000000017,11
39.02,19.919999999999987,49.800000000000146,11
39.03,19.909999999999997,49.77500000000017,11
39.04,19.900000000000006,49.75000000000019,11
39.05,19.900000000000006,49.75000000000019,11
39.06,19.900000000000006,49.75000000000019,11
39.07,19.890000000000015,49.725000000000215,11
39.08,19.890000000000015,49.725000000000215,11
39.09,19.879999999999995,49.700000000000166,11
39.1,19.879999999999995,49.700000000000166,11
39.11,19.879999999999995,49.700000000000166,11
39.12,19.869999999999976,49.67500000000012,11
39.13,19.859999999999985,49.65000000000014,11
39.14,19.870000000000005,49.67500000000019,11
39.15,19.860000000000014,49.65000000000021,11
39.16,19.849999999999994,49.62500000000016,11
39.17,19.849999999999994,49.62500000000016,11
39.18,19.849999999999994,49.62500000000016,11
39.19,19.840000000000003,49.600000000000186,11
39.2,19.840000000000003,49.600000000000186,11
39.21,19.830000000000013,50.846153846154266,11
39.22,19.830000000000013,50.846153846154266,11
39.23,19.829999999999984,50.846153846154195,11
39.24,19.819999999999993,50.820512820513194,11
39.25,19.819999999999993,50.820512820513194,11
39.26,19.82000000000002,50.820512820513265,11
39.27,19.810000000000002,50.794871794872186,11
39.28,19.810000000000002,50.794871794872186,11
39.29,19.810000000000002,50.794871794872186,11
39.3,19.80000000000001,50.769230769231186,11
39.31,19.799999999999983,50.769230769231115,11
39.32,19.789999999999992,50.743589743590114,11
39.33,19.79000000000002,50.743589743590185,11
39.34,19.789999999999992,50.743589743590114,11
39.35,19.78,50.717948717949106,11
39.36,19.77000000000001,50.692307692308106,11
39.37,19.78,50.717948717949106,11
39.38,19.769999999999982,50.692307692308034,11
39.39,19.75999999999999,50.666666666667034,11
39.4,19.76000000000002,50.666666666667105,11
39.41,19.76000000000002,50.666666666667105,11
39.42,19.75,50.641025641026026,11
39.43,19.75,50.641025641026026,11
39.44,19.73999999999998,50.615384615384954,11
39.45,19.73999999999998,50.615384615384954,11
39.46,19.74000000000001,50.615384615385025,11
39.47,19.730000000000018,50.589743589744025,11
39.48,19.730000000000018,50.589743589744025,11
39.49,19.72999999999999,50.589743589743954,11
39.5,19.72,50.564102564102946,11
39.51,19.72,50.564102564102946,11
39.52,19.720000000000027,50.564102564103024,11
39.53,19.710000000000008,50.538461538461945,11
39.54,19.710000000000008,50.538461538461945,11
39.55,19.69999999999999,50.51282051282087,11
39.56,19.69999999999999,50.51282051282087,11
39.57,19.69999999999999,50.51282051282087,11
39.58,19.689999999999998,50.487179487179866,11
39.59,19.67999999999998,50.461538461538794,11
39.6,19.689999999999998,50.487179487179866,11
39.61,19.680000000000007,50.461538461538865,11
39.62,19.670000000000016,50.435897435897864,11
39.63,19.669999999999987,50.43589743589779,11
39.64,19.669999999999987,50.43589743589779,11
39.65,19.659999999999997,50.410256410256785,11
39.66,19.659999999999997,50.410256410256785,11
39.67,19.659999999999997,50.410256410256785,11
39.68,19.659999999999997,50.410256410256785,11
39.69,19.650000000000006,50.384615384615785,11
39.7,19.639999999999986,50.358974358974706,11
39.71,19.650000000000006,50.384615384615785,11
39.72,19.640000000000015,50.358974358974784,11
39.73,19.630000000000024,51.6578947368423,11
39.74,19.629999999999995,51.65789473684223,11
39.75,19.629999999999995,51.65789473684223,11
39.76,19.620000000000005,51.63157894736857,11
39.77,19.619999999999976,51.631578947368496,11
39.78,19.609999999999985,51.60526315789483,11
39.79,19.609999999999985,51.60526315789483,11
39.8,19.610000000000014,51.60526315789491,11
39.81,19.599999999999994,51.578947368421176,11
39.82,19.590000000000003,51.55263157894751,11
39.83,19.599999999999994,51.578947368421176,11
39.84,19.590000000000003,51.55263157894751,11
39.85,19.590000000000003,51.55263157894751,11
39.86,19.580000000000013,51.526315789473855,11
39.87,19.580000000000013,51.526315789473855,11
39.88,19.579999999999984,51.52631578947378,11
39.89,19.569999999999993,51.500000000000114,11
39.9,19.569999999999993,51.500000000000114,11
39.91,19.57000000000002,51.50000000000019,11
39.92,19.560000000000002,51.47368421052646,11
39.93,19.55000000000001,51.44736842105279,11
39.94,19.560000000000002,51.47368421052646,11
39.95,19.55000000000001,51.44736842105279,11
39.96,19.549999999999983,51.44736842105272,11
39.97,19.539999999999992,51.42105263157906,11
39.98,19.539999999999992,51.42105263157906,11
39.99,19.539999999999992,51.42105263157906,11
