time_s,min_gap_m,min_ttc_s,vehicles
0.0,,,0
0.01,,,0
0.02,,,0
0.03,,,0
0.04,,,0
0.05,,,0
0.06,,,0
0.07,,,0
0.08,,,0
0.09,,,0
0.1,,,0
0.11,,,0
0.12,,,0
0.13,,,0
0.14,,,0
0.15,,,0
0.16,,,0
0.17,,,0
0.18,,,0
0.19,,,0
0.2,,,1
0.21,,,1
0.22,,,1
0.23,,,1
0.24,,,1
0.25,,,1
0.26,,,1
0.27,,,1
0.28,,,1
0.29,,,1
0.3,,,1
0.31,,,1
0.32,,,1
0.33,,,1
0.34,,,1
0.35,,,1
0.36,,,1
0.37,,,1
0.38,,,1
0.39,,,1
0.4,,,1
0.41,,,1
0.42,,,1
0.43,,,1
0.44,,,1
0.45,,,1
0.46,,,1
0.47,,,1
0.48,,,1
0.49,,,1
0.5,,,1
0.51,,,1
0.52,,,1
0.53,,,1
0.54,,,1
0.55,,,1
0.56,,,1
0.57,,,1
0.58,,,1
0.59,,,1
0.6,,,1
0.61,,,1
0.62,,,1
0.63,,,1
0.64,,,1
0.65,,,1
0.66,,,1
0.67,,,1
0.68,,,1
0.69,,,1
0.7,,,1
0.71,,,1
0.72,,,1
0.73,,,1
0.74,,,1
0.75,,,1
0.76,,,1
0.77,,,1
0.78,,,1
0.79,,,1
0.8,,,1
0.81,,,1
0.82,,,1
0.83,,,1
0.84,,,2
0.85,,,2
0.86,,,2
0.87,,,2
0.88,,,2
0.89,,,2
0.9,,,2
0.91,,,2
0.92,,,2
0.93,,,2
0.94,,,2
0.95,,,2
0.96,,,2
0.97,,,2
0.98,,,2
0.99,,,2
1.0,,,2
1.01,,,2
1.02,,,2
1.03,,,2
1.04,,,2
1.05,,,2
1.06,,,2
1.07,,,2
1.08,,,2
1.09,,,2
1.1,,,2
1.11,,,2
1.12,,,2
1.13,17.900000000000006,,3
1.14,17.89999999999999,,3
1.15,17.909999999999997,,3
1.16,17.91000000000001,,3
1.17,17.92,,3
1.18,17.92,,3
1.19,17.929999999999993,,3
1.2,17.929999999999993,,3
1.21,17.930000000000007,,3
1.22,17.929999999999993,,3
1.23,17.939999999999998,,3
1.24,17.950000000000003,,3
1.25,17.950000000000003,,3
1.26,17.959999999999994,,3
1.27,17.959999999999994,,3
1.28,17.97,,3
1.29,17.980000000000004,,3
1.3,17.97,,3
1.31,17.97999999999999,,3
1.32,17.980000000000004,,3
1.33,17.99000000000001,,3
1.34,18.0,,3
1.35,18.0,,3
1.36,18.0,,3
1.37,18.010000000000005,,3
1.38,18.010000000000005,,3
1.39,18.019999999999996,,3
1.4,18.029999999999987,,3
1.41,18.019999999999996,,3
1.42,18.03,,3
1.43,18.039999999999992,,3
1.44,18.040000000000006,,3
1.45,18.039999999999992,,3
1.46,18.049999999999997,,3
1.47,18.05000000000001,,4
1.48,18.060000000000002,,4
1.49,18.059999999999988,,4
1.5,18.070000000000007,,4
1.51,18.070000000000007,,4
1.52,18.08,,4
1.53,18.080000000000013,,4
1.54,18.090000000000003,,4
1.55,18.090000000000003,,4
1.56,18.08999999999999,,4
1.57,18.10000000000001,,4
1.58,18.11,,4
1.59,18.099999999999994,,4
1.6,18.11,,4
1.61,18.120000000000005,,4
1.62,18.11999999999999,,4
1.63,18.13000000000001,,4
1.64,18.13000000000001,,4
1.65,18.129999999999995,,4
1.66,18.14,,4
1.67,18.14,,4
1.68,18.14999999999999,,4
1.69,18.16000000000001,,4
1.7,18.150000000000006,,4
1.71,18.159999999999997,,4
1.72,18.159999999999997,,4
1.73,18.17,,4
1.74,18.179999999999993,,4
1.75,18.180000000000007,,4
1.76,18.189999999999998,,4
1.77,18.190000000000012,,4
1.78,18.189999999999998,,4
1.79,18.189999999999998,,4
1.8,18.929999999999993,,4
1.81,18.939999999999998,,4
1.82,18.939999999999998,,5
1.83,18.950000000000003,,5
1.84,18.939999999999998,,5
1.85,18.94999999999999,,5
1.86,18.950000000000003,,5
1.87,18.960000000000008,,5
1.88,18.94999999999999,,5
1.89,18.960000000000008,,5
1.9,18.960000000000008,,5
1.91,18.97,,5
1.92,18.960000000000008,,5
1.93,18.97,,5
1.94,18.97,,5
1.95,18.97,,5
1.96,18.97,,5
1.97,18.980000000000004,,5
1.98,18.97,,5
1.99,18.980000000000004,,5
2.0,18.99000000000001,,5
2.01,18.989999999999995,,5
2.02,18.99000000000001,,5
2.03,18.99000000000001,,5
2.04,19.0,,5
2.05,19.0,,5
2.06,19.0,,5
2.07,19.0,,5
2.08,19.010000000000005,,5
2.09,19.099999999999994,,6
2.1,19.10000000000001,,6
2.11,19.11,,6
2.12,19.099999999999994,,6
2.13,19.11,,6
2.14,19.120000000000005,,6
2.15,19.11,,6
2.16,19.120000000000005,,6
2.17,19.120000000000005,,6
2.18,19.129999999999995,,6
2.19,19.129999999999995,,6
2.2,19.11999999999999,,6
2.21,19.13000000000001,,6
2.22,19.129999999999995,,6
2.23,19.14,,6
2.24,19.14,,6
2.25,19.14,,6
2.26,17.480000000000004,,7
2.27,17.489999999999995,,7
2.28,17.489999999999995,,7
2.29,17.49000000000001,,7
2.3,17.5,,7
2.31,17.50999999999999,,7
2.32,17.510000000000005,,7
2.33,17.519999999999996,,7
2.34,17.53,,7
2.35,17.53,,7
2.36,17.540000000000006,,7
2.37,17.539999999999992,,7
2.38,17.560000000000002,,7
2.39,17.560000000000002,,7
2.4,17.569999999999993,,7
2.41,17.569999999999993,,7
2.42,17.570000000000007,,7
2.43,17.590000000000003,,7
2.44,17.58999999999999,,7
2.45,17.60000000000001,,7
2.46,17.599999999999994,,7
2.47,17.61,,7
2.48,17.61999999999999,,7
2.49,17.620000000000005,,7
2.5,17.629999999999995,,7
2.51,17.629999999999995,,7
2.52,17.64,,7
2.53,17.650000000000006,,7
2.54,17.650000000000006,,7
2.55,17.659999999999997,,7
2.56,17.67,,7
2.57,15.560000000000002,,8
2.58,15.57,,8
2.59,15.580000000000005,,8
2.6,15.590000000000003,,8
2.61,15.599999999999994,,8
2.62,15.610000000000007,,8
2.63,15.619999999999997,,8
2.64,15.629999999999995,,8
2.65,15.640000000000008,,8
2.66,15.649999999999999,,8
2.67,15.659999999999997,,8
2.68,15.670000000000009,,8
2.69,15.680000000000007,,8
2.7,15.689999999999998,,8
2.71,15.699999999999996,,8
2.72,15.700000000000003,,8
2.73,15.709999999999994,,8
2.74,15.720000000000006,,8
2.75,15.729999999999997,,8
2.76,15.740000000000002,,8
2.77,15.75,,8
2.78,15.750000000000007,,8
2.79,15.759999999999998,,8
2.8,15.770000000000003,,8
2.81,15.779999999999994,,8
2.82,15.780000000000001,,8
2.83,15.789999999999992,,8
2.84,15.79,,8
2.85,15.79,,8
2.86,15.81000000000001,,8
2.87,15.809999999999995,,8
2.88,15.82,,8
2.89,15.82,,8
2.9,15.830000000000005,,8
2.91,15.830000000000005,,8
2.92,15.839999999999996,,8
2.93,15.850000000000001,,8
2.94,15.839999999999996,,8
2.95,15.850000000000001,,8
2.96,15.86,,8
2.97,15.86,,8
2.98,15.870000000000005,,8
2.99,15.869999999999997,,8
3.0,15.869999999999997,,8
3.01,15.89,,8
3.02,15.89,,8
3.03,15.889999999999993,,8
3.04,15.899999999999991,,8
3.05,15.900000000000006,,8
3.06,15.910000000000004,,8
3.07,15.920000000000002,,8
3.08,15.920000000000002,,8
3.09,15.929999999999993,,8
3.1,15.930000000000007,,8
3.11,15.939999999999998,,8
3.12,15.950000000000003,,8
3.13,15.950000000000003,,8
3.14,15.950000000000003,,8
3.15,15.959999999999994,,8
3.16,15.960000000000008,,8
3.17,15.969999999999999,,8
3.18,15.97999999999999,,8
3.19,15.980000000000004,,8
3.2,15.990000000000009,,8
3.21,15.989999999999995,,8
3.22,16.0,,8
3.23,16.0,,8
3.24,16.0,,8
3.25,16.00999999999999,,8
3.26,16.019999999999996,,8
3.27,16.019999999999996,,8
3.28,16.03,,8
3.29,16.03,,8
3.3,16.040000000000006,,8
3.31,16.05000000000001,,8
3.32,16.05000000000001,,8
3.33,16.049999999999997,,8
3.34,16.070000000000007,,8
3.35,16.070000000000007,,8
3.36,16.070000000000007,,8
3.37,16.080000000000013,,8
3.38,16.08,,8
3.39,16.08,,8
3.4,16.090000000000003,,8
3.41,16.099999999999994,,8
3.42,16.10000000000001,,8
3.43,16.11,,8
3.44,16.11,,8
3.45,16.120000000000005,,8
3.46,16.120000000000005,,8
3.47,16.129999999999995,,8
3.48,16.14,,8
3.49,16.14,,8
3.5,16.150000000000006,,8
3.51,16.150000000000006,,8
3.52,16.159999999999997,,8
3.53,16.159999999999997,,8
3.54,16.17,,8
3.55,16.17,20.805714285714284,8
3.56,16.179999999999993,20.8,8
3.57,16.190000000000012,20.782857142857146,8
3.58,16.189999999999998,20.771428571428572,8
3.59,16.19999999999999,20.765714285714285,8
3.6,16.200000000000003,20.754285714285714,8
3.61,16.209999999999994,20.74857142857143,8
3.62,16.210000000000008,20.731428571428573,8
3.63,16.209999999999994,20.725714285714286,8
3.64,16.22,20.714285714285715,8
3.65,16.22999999999999,20.708571428571428,8
3.66,16.239999999999995,20.69714285714286,8
3.67,16.24000000000001,20.685714285714287,8
3.68,16.239999999999995,20.674285714285713,8
3.69,16.239999999999995,20.66857142857143,8
3.7,16.25,20.657142857142862,8
3.71,16.25999999999999,20.645714285714284,8
3.72,16.269999999999996,20.640000000000004,8
3.73,16.269999999999996,10.11212121212121,9
3.74,16.279999999999987,9.92261904761904,9
3.75,16.28,10.155487804878057,9
3.76,16.290000000000006,9.931343283582095,9
3.77,16.290000000000006,10.1651376146789,9
3.78,16.290000000000006,9.94311377245509,9
3.79,16.299999999999997,10.174846625766877,9
3.8,16.309999999999988,9.951951951951957,9
3.81,16.309999999999988,10.187692307692307,9
3.82,16.319999999999993,10.206790123456793,9
3.83,16.33,10.042553191489354,9
3.84,16.320000000000007,10.222910216718263,9
3.85,16.33,10.024316109422495,9
3.86,16.340000000000003,7.491754122938531,10
3.87,16.35000000000001,7.381656804733726,10
3.88,16.340000000000003,7.254730713245997,10
3.89,16.35000000000001,7.150862068965518,10
3.9,16.349999999999994,7.02970297029703,10
3.91,16.370000000000005,6.930167597765363,10
3.92,16.36999999999999,6.815680880330123,10
3.93,16.379999999999995,6.722826086956522,10
3.94,16.38000000000001,6.613119143239622,10
3.95,16.39,6.523809523809525,10
3.96,16.39,6.421121251629727,10
3.97,16.400000000000006,6.336340206185567,10
3.98,16.400000000000006,6.237611181702667,10
3.99,16.409999999999997,6.157035175879398,10
4.0,16.41000000000001,6.102244389027433,10
4.01,16.42,6.075870646766169,10
4.02,16.42,6.050868486352359,10
4.03,16.430000000000007,6.025990099009901,10
4.04,16.439999999999998,6.001234567901236,10
4.05,16.439999999999998,5.976600985221675,10
4.06,16.440000000000012,5.952088452088452,10
4.07,16.450000000000003,5.927696078431372,10
4.08,16.450000000000003,5.903422982885086,10
4.09,16.459999999999994,5.878048780487806,10
4.1,16.47,5.8540145985401475,10
4.11,16.47,5.83009708737864,10
4.12,16.480000000000004,5.805084745762712,10
4.13,16.480000000000004,5.781400966183575,10
4.14,16.489999999999995,5.757831325301206,10
4.15,16.5,5.733173076923077,10
4.16,16.489999999999995,5.709832134292567,10
4.17,16.5,5.686602870813398,10
4.18,16.50999999999999,5.662291169451075,10
4.19,16.519999999999996,5.639285714285714,10
4.2,16.519999999999996,5.61520190023753,10
4.21,16.53,5.625744934445769,10
4.22,16.53,5.649880095923261,10
4.23,16.53,5.666265060240963,10
4.24,16.540000000000006,5.690909090909091,10
4.25,16.540000000000006,5.695018226002429,10
4.26,16.540000000000006,5.699147381242387,10
4.27,16.540000000000006,5.703296703296703,10
4.28,16.540000000000006,5.699266503667482,10
4.29,16.540000000000006,5.703431372549019,10
4.3,16.540000000000006,5.700613496932515,10
4.31,16.540000000000006,5.70479704797048,10
4.32,16.540000000000006,5.709001233045623,10
4.33,16.540000000000006,5.706172839506171,10
4.34,16.540000000000006,5.71039603960396,10
4.35,16.540000000000006,5.714640198511167,10
4.36,16.539999999999992,5.7118012422360245,10
4.37,16.539999999999992,5.716064757160647,10
4.38,16.539999999999992,5.7203495630461925,10
4.39,16.539999999999992,5.7175,10
4.4,16.539999999999992,5.7218045112781954,10
4.41,16.539999999999992,5.718946047678797,10
4.42,16.539999999999992,5.759493670886077,10
4.43,16.539999999999992,5.793367346938775,10
4.44,16.539999999999992,5.835263835263836,10
4.45,16.539999999999992,5.87029831387808,10
4.46,16.539999999999992,5.914921465968586,10
4.47,16.540000000000006,5.951187335092349,10
4.48,16.540000000000006,5.99733688415446,10
4.49,16.540000000000006,6.034899328859061,10
4.5,16.540000000000006,6.082655826558266,10
4.51,16.540000000000006,6.121584699453551,10
4.52,14.570000000000004,6.17103448275862,11
4.53,14.560000000000002,6.212795549374129,11
4.54,14.560000000000002,6.264044943820223,11
4.55,14.55,6.307365439093485,11
4.56,14.55,6.360515021459228,11
4.57,14.55,6.4054834054834044,11
4.58,14.540000000000003,6.460641399416909,11
4.59,14.54,6.507352941176469,11
4.6,14.530000000000001,6.566121842496283,11
4.61,14.530000000000001,6.6146926536731625,11
4.62,14.530000000000001,6.674242424242424,11
4.63,14.519999999999996,6.7262996941896045,11
4.64,14.520000000000003,6.788253477588873,11
4.65,14.509999999999998,6.842433697347895,11
4.66,14.5,6.908517350157729,11
4.67,14.5,6.963375796178343,11
4.68,14.490000000000002,7.03220611916264,11
4.69,14.490000000000002,7.091056910569107,11
4.7,14.479999999999997,7.162828947368424,11
4.71,14.469999999999999,7.224252491694353,11
4.72,14.470000000000002,7.299159663865547,11
4.73,14.46,7.363327674023768,11
4.74,14.459999999999997,7.441580756013746,11
4.75,14.45,7.508680555555554,11
4.76,14.440000000000001,7.592267135325129,11
4.77,14.429999999999996,7.66252220248668,11
4.78,14.420000000000002,7.750000000000001,11
4.79,14.420000000000002,7.823636363636362,11
4.8,14.41,7.915285451197053,11
4.81,14.400000000000002,7.992551210428303,11
4.82,14.389999999999997,8.088679245283018,11
4.83,14.380000000000003,8.171755725190842,11
4.84,14.369999999999997,8.27272727272727,11
4.85,14.370000000000001,8.358121330724071,11
4.86,14.360000000000003,8.464285714285717,11
4.87,14.350000000000001,8.556224899598394,11
4.88,14.329999999999998,8.670061099796335,11
4.89,14.32,8.767010309278351,11
4.9,14.32,8.884937238493727,11
4.91,14.310000000000002,8.98728813559322,11
4.92,14.29,9.113978494623655,11
4.93,14.29,9.222222222222223,11
4.94,14.280000000000001,9.353982300884956,11
4.95,14.270000000000003,9.470852017937219,11
4.96,14.25,9.612756264236902,11
4.97,14.25,9.734411085450345,11
4.98,14.230000000000004,9.884976525821596,11
4.99,14.219999999999999,10.01666666666667,11
5.0,14.21,10.176755447941886,11
5.01,14.190000000000005,10.316953316953315,11
5.02,14.18,10.487499999999999,11
5.03,14.170000000000002,10.637055837563452,11
5.04,14.159999999999997,10.819121447028426,11
5.05,14.149999999999999,10.979002624671914,11
5.06,14.14,11.046875000000005,11
5.07,14.119999999999997,10.945736434108518,11
5.08,14.11,10.770992366412209,11
5.09,14.100000000000001,10.601503759398497,11
5.1,14.079999999999998,10.42962962962963,11
5.11,14.060000000000002,10.338235294117654,11
5.12,14.060000000000002,10.188405797101446,11
5.13,14.04,10.100719424460427,11
5.14,14.020000000000003,9.873239436619722,11
5.15,14.010000000000005,9.797202797202802,11
5.16,14.0,9.655172413793109,11
5.17,13.990000000000002,9.582191780821914,11
5.18,13.969999999999999,9.439189189189197,11
5.19,13.949999999999996,9.299999999999997,11
5.2,13.939999999999998,9.171052631578949,11
5.21,13.920000000000002,9.098039215686269,11
5.22,13.909999999999997,8.97419354838709,11
5.23,13.89,8.903846153846162,11
5.24,13.880000000000003,8.784810126582279,11
5.25,13.86,8.662500000000001,11
5.26,13.839999999999996,8.543209876543202,11
5.27,13.82,8.478527607361968,11
5.28,13.810000000000002,8.36969696969697,11
5.29,13.799999999999997,8.31325301204819,11
5.3,13.780000000000001,8.202380952380954,11
5.31,13.760000000000005,8.142011834319524,11
5.32,13.739999999999995,7.9883720930232585,11
5.33,13.719999999999999,7.930635838150287,11
5.34,13.71,7.8342857142857145,11
5.35,13.689999999999998,7.778409090909091,11
5.36,13.68,7.685393258426961,11
5.37,13.649999999999999,7.625698324022349,11
5.38,13.64,7.535911602209943,11
5.39,13.620000000000005,7.4835164835164845,11
5.4,13.600000000000001,7.391304347826089,11
5.41,13.580000000000005,7.340540540540545,11
5.42,13.560000000000002,7.251336898395726,11
5.43,13.54,7.164021164021161,11
5.44,13.530000000000001,7.0837696335078535,11
5.45,13.509999999999998,7.036458333333332,11
5.46,13.490000000000002,6.953608247422683,11
5.47,13.469999999999999,6.90769230769231,11
5.48,13.449999999999996,6.827411167512686,11
5.49,13.43,6.782828282828281,11
5.5,13.409999999999997,6.704999999999998,11
5.51,13.39,6.661691542288558,11
5.52,13.370000000000005,6.586206896551729,11
5.53,13.340000000000003,6.539215686274509,11
5.54,13.329999999999998,6.470873786407765,11
5.55,13.299999999999997,6.425120772946857,11
5.56,13.29,6.358851674641149,11
5.57,13.260000000000005,6.314285714285718,11
5.58,13.25,6.249999999999997,11
5.59,13.219999999999999,6.206572769953054,11
5.6,13.199999999999996,6.139534883720927,11
5.61,13.169999999999995,6.09722222222222,11
5.62,13.149999999999999,6.032110091743119,11
5.63,13.14,5.9999999999999964,11
5.64,13.120000000000005,6.018348623853214,11
5.65,13.100000000000001,6.17924528301887,11
5.66,13.079999999999998,6.318840579710144,11
5.67,13.049999999999997,6.46039603960396,11
5.68,13.04,6.585858585858584,11
5.69,13.019999999999996,6.746113989637305,11
5.7,13.0,6.914893617021273,11
5.71,12.979999999999997,7.092896174863386,11
5.72,12.959999999999994,7.2808988764044935,11
5.73,12.940000000000005,7.479768786127169,11
5.74,12.93,7.650887573964499,11
5.75,12.910000000000004,7.871951219512194,11
5.76,12.89,8.106918238993712,11
5.77,12.880000000000003,8.309677419354836,11
5.78,12.86,8.573333333333332,11
5.79,12.850000000000001,8.862068965517247,11
5.8,12.839999999999996,9.106382978723401,11
5.81,12.82,9.426470588235299,11
5.82,12.809999999999995,9.704545454545448,11
5.83,12.799999999999997,10.078740157480317,11
5.84,12.779999999999994,10.390243902439016,11
5.85,12.770000000000003,10.82203389830509,11
5.86,12.760000000000005,11.19298245614035,11
5.87,12.75,11.69724770642202,11
5.88,12.740000000000002,12.133333333333328,11
5.89,12.730000000000004,12.730000000000004,11
5.9,12.719999999999999,13.249999999999988,11
5.91,12.71,13.967032967032965,11
5.92,12.700000000000003,14.597701149425303,11
5.93,12.689999999999998,15.475609756097553,11
5.94,12.689999999999998,16.26923076923078,11
5.95,12.68,17.36986301369862,11
5.96,12.669999999999995,18.362318840579714,11
5.97,12.669999999999995,19.796874999999975,11
5.98,12.660000000000004,21.10000000000002,11
5.99,12.650000000000006,22.999999999999982,11
6.0,12.649999999999999,24.80392156862746,11
6.01,12.64,27.47826086956517,11
6.02,12.64,30.095238095238102,11
6.03,12.64,34.16216216216223,11
6.04,12.630000000000003,38.27272727272727,11
6.05,12.630000000000003,45.10714285714297,11
6.06,12.629999999999995,52.624999999999936,11
6.07,12.629999999999995,66.47368421052647,11
6.08,12.619999999999997,84.13333333333311,11
6.09,12.619999999999997,126.20000000000043,11
6.1,12.620000000000005,210.33333333333167,11
6.11,12.620000000000005,1262.0000000000273,11
6.12,12.620000000000005,,11
6.13,12.620000000000005,,11
6.14,12.620000000000005,10.140425531914891,11
6.15,12.630000000000003,10.02949438202247,11
6.16,12.630000000000003,9.922114047287899,11
6.17,12.630000000000003,9.816804407713498,11
6.18,12.629999999999995,9.71350613915416,11
6.19,12.64,9.610810810810811,11
6.2,12.64,9.51137884872825,11
6.21,12.64,9.387566137566141,11
6.22,12.649999999999999,9.267973856209151,11
6.23,12.650000000000006,9.149870801033593,11
6.24,12.650000000000006,9.03448275862069,11
6.25,12.660000000000004,8.92171717171717,11
6.26,12.660000000000004,8.811485642946316,11
6.27,12.660000000000004,8.7037037037037,11
6.28,12.670000000000002,8.598290598290596,11
6.29,12.670000000000002,8.495169082125601,11
6.3,12.670000000000002,8.393070489844682,11
6.31,12.670000000000002,8.294326241134751,11
6.32,12.68,8.196491228070174,11
6.33,12.68,8.101851851851851,11
6.34,12.68,8.008018327605956,11
6.35,12.690000000000005,7.916099773242629,11
6.36,12.690000000000005,7.826038159371493,11
6.37,12.690000000000005,7.737777777777778,11
6.38,12.690000000000005,7.651265126512652,11
6.39,12.700000000000003,7.566448801742919,11
6.4,12.700000000000003,7.483279395900756,11
6.41,12.700000000000003,7.4006410256410255,11
6.42,12.71,7.32063492063492,11
6.43,12.71,7.241090146750523,11
6.44,12.71,7.164070612668744,11
6.45,12.719999999999999,7.087448559670785,11
6.46,12.719999999999999,7.012232415902142,11
6.47,12.719999999999999,6.938383838383838,11
6.48,12.719999999999999,6.865865865865867,11
6.49,12.729999999999997,6.794642857142858,11
6.5,12.729999999999997,6.724680432645035,11
6.51,12.729999999999997,6.655945419103314,11
6.52,12.739999999999995,6.587439613526568,11
6.53,12.739999999999995,6.521072796934863,11
6.54,12.740000000000009,6.454890788224122,11
6.55,12.740000000000009,6.390772128060264,11
6.56,12.750000000000007,6.326797385620915,11
6.57,12.750000000000007,6.2638888888888875,11
6.58,12.750000000000007,6.202020202020201,11
6.59,12.750000000000007,6.141165755919854,11
6.6,12.760000000000005,6.081300813008129,11
6.61,12.760000000000005,6.022401433691756,11
6.62,12.760000000000005,5.964444444444445,11
6.63,12.770000000000003,5.906525573192239,11
6.64,12.770000000000003,5.850393700787401,11
6.65,12.770000000000003,5.795138888888888,11
6.66,12.770000000000003,5.739879414298019,11
6.67,12.780000000000001,5.685470085470086,11
6.68,12.780000000000001,5.631891433418152,11
6.69,12.780000000000001,5.579966329966331,11
6.7,12.780000000000001,5.527986633249793,11
6.71,12.79,5.476782752902157,11
6.72,12.79,5.425514403292182,11
6.73,12.79,5.375816993464054,11
6.74,12.789999999999992,5.326845093268451,11
6.75,12.799999999999997,5.277777777777778,11
6.76,12.799999999999997,5.230215827338128,11
6.77,12.799999999999997,5.182539682539682,11
6.78,12.809999999999995,5.136327817178881,11
6.79,12.81000000000001,5.08998435054773,11
6.8,12.81000000000001,5.044289044289045,11
6.81,12.810000000000002,4.999228395061729,11
6.82,12.820000000000007,4.9547892720306494,11
6.83,12.820000000000007,4.910958904109589,11
6.84,12.820000000000007,4.867724867724867,11
6.85,12.82,4.824324324324324,11
6.86,12.830000000000005,4.782252050708427,11
6.87,12.830000000000005,4.739999999999999,11
6.88,12.829999999999998,4.699043414275201,11
6.89,12.829999999999998,4.657894736842106,11
6.9,12.840000000000003,4.617283950617285,11
6.91,12.840000000000003,4.577200577200578,11
6.92,12.839999999999996,4.537634408602151,11
6.93,12.839999999999996,4.498575498575499,11
6.94,12.850000000000001,4.460014154281669,11
6.95,12.849999999999994,4.4219409282700415,11
6.96,12.849999999999994,4.384346610761704,11
6.97,12.849999999999994,4.346527777777777,11
6.98,12.86,4.3098688750862655,11
6.99,12.859999999999992,4.272976680384088,11
7.0,12.859999999999992,4.237218813905931,11
7.01,12.859999999999992,4.201219512195123,11
7.02,12.859999999999992,4.165656565656565,11
7.03,12.86999999999999,4.130522088353414,11
7.04,12.870000000000005,4.095808383233532,11
7.05,12.870000000000005,4.061507936507937,11
7.06,12.870000000000005,4.0276134122287965,11
7.07,12.880000000000003,3.993464052287582,11
7.08,12.880000000000003,3.9603638726445736,11
7.09,12.880000000000003,3.927648578811369,11
7.1,12.880000000000003,3.894669235709699,11
7.11,12.89,3.8620689655172415,11
7.12,12.89,3.8304761904761904,11
7.13,12.89,3.7986111111111103,11
7.14,12.89,3.767106089139988,11
7.15,12.899999999999999,3.735955056179775,11
7.16,12.899999999999999,3.7051520794537565,11
7.17,12.899999999999999,3.674074074074074,11
7.18,12.899999999999999,3.6439533456108033,11
7.19,12.899999999999999,3.6141636141636138,11
7.2,12.909999999999997,3.584092289010322,11
7.21,12.909999999999997,3.5549516908212566,11
7.22,12.909999999999997,3.525525525525526,11
7.23,12.909999999999997,3.496415770609319,11
7.24,12.919999999999995,3.468211527035056,11
7.25,12.919999999999995,3.4397163120567384,11
7.26,12.919999999999995,3.411522633744857,11
7.27,12.919999999999995,3.3836257309941518,11
7.28,12.919999999999995,3.355439208842351,11
7.29,12.930000000000007,3.328125,11
7.3,12.930000000000007,3.3010938399539445,11
7.31,12.930000000000007,3.2737686139748,11
7.32,12.930000000000007,3.2472934472934467,11
7.33,12.930000000000007,3.2205215419501134,11
7.34,12.940000000000005,3.1940214326001133,11
7.35,12.940000000000005,3.1677890011223355,11
7.36,12.940000000000005,3.1423785594639875,11
7.37,12.940000000000005,3.116666666666667,11
7.38,12.950000000000003,3.0906578220011056,11
7.39,12.950000000000003,3.0654565456545657,11
7.4,12.950000000000003,3.040503557744938,11
7.41,12.950000000000003,3.0157952069716787,11
7.42,12.950000000000003,2.9907859078590784,11
7.43,12.96,2.96655879180151,11
7.44,12.96,2.9420289855072452,11
7.45,12.96,2.917735042735043,11
7.46,12.959999999999994,2.894205209994684,11
7.47,12.959999999999994,2.87037037037037,11
7.48,12.959999999999994,2.846761453396524,11
7.49,12.969999999999999,2.823375262054507,11
7.5,12.969999999999999,2.7996870109546173,11
7.51,12.969999999999999,2.776739356178609,11
7.52,12.980000000000004,2.7540051679586566,11
7.53,12.980000000000004,2.730967078189301,11
7.54,12.989999999999995,2.7086533538146433,11
7.55,12.989999999999995,2.686034658511724,11
7.56,12.989999999999995,2.663622526636226,11
7.57,12.989999999999995,2.6419191919191913,11
7.58,13.0,2.6199095022624426,11
7.59,13.0,2.5980980980980988,11
7.6,13.0,2.5764823119083213,11
7.61,13.009999999999991,2.555059523809524,11
7.62,13.019999999999996,2.533333333333333,11
7.63,13.010000000000005,2.512291052114061,11
7.64,13.02000000000001,2.4914341654429757,11
7.65,13.019999999999996,2.470272904483431,11
7.66,13.030000000000001,2.4492964580300827,11
7.67,13.030000000000001,2.4289855072463764,11
7.68,13.039999999999992,2.408369408369408,11
7.69,13.039999999999992,2.3879310344827585,11
7.7,13.049999999999997,2.3676680972818316,11
7.71,13.049999999999997,2.347578347578348,11
7.72,13.049999999999997,2.3276595744680852,11
7.73,13.060000000000002,2.3079096045197742,11
7.74,13.059999999999988,2.2878574777308955,11
7.75,13.060000000000002,2.26844070961718,11
7.76,13.069999999999993,2.2487215248721535,11
7.77,13.079999999999998,2.2296296296296285,11
7.78,13.079999999999998,2.2102351313969573,11
7.79,13.080000000000013,2.191000918273646,11
7.8,13.090000000000003,2.1719250114311843,11
7.81,13.090000000000003,2.153005464480875,11
7.82,13.100000000000009,2.134240362811791,11
7.83,13.100000000000009,2.115627822944896,11
7.84,13.11,2.0971659919028336,11
7.85,13.110000000000014,2.078853046594982,11
7.86,13.120000000000005,2.0602409638554215,11
7.87,13.120000000000005,2.042222222222222,11
7.88,13.129999999999995,2.0239043824701195,11
7.89,13.129999999999995,2.0061728395061733,11
7.9,13.129999999999995,1.988142292490119,11
7.91,13.14,1.9702537182852147,11
7.92,13.149999999999991,1.9525054466230933,11
7.93,13.150000000000006,1.9348958333333328,11
7.94,13.159999999999997,1.9174232598357117,11
7.95,13.159999999999997,1.9000861326442724,11
7.96,13.159999999999997,1.882453882453883,11
7.97,13.169999999999987,1.8653846153846152,11
7.98,13.170000000000002,1.8480204342273305,11
7.99,13.179999999999993,1.8312128922815945,11
8.0,13.189999999999998,1.8141106886354033,11
8.01,13.199999999999989,1.7971380471380474,11
8.02,13.200000000000003,1.7807127882599574,11
8.03,13.209999999999994,1.7639933166248951,11
8.04,13.209999999999994,1.7473990844777358,11
8.05,13.210000000000008,1.7305140961857384,11
8.06,13.230000000000004,1.7141676992978114,11
8.07,13.230000000000004,1.697942386831276,11
8.08,13.22999999999999,1.681836818368184,11
8.09,13.25,1.665441176470588,11
8.1,13.25,1.6491656491656497,11
8.11,13.25,1.633414436334145,11
8.12,13.260000000000005,1.617373737373737,11
8.13,13.260000000000005,1.6014492753623188,11
8.14,13.269999999999996,1.5856397914159641,11
8.15,13.280000000000001,1.5699440447641888,11
8.16,13.280000000000001,1.5543608124253292,11
8.17,13.289999999999992,1.5388888888888883,11
8.18,13.299999999999997,1.523527085804666,11
8.19,13.300000000000011,1.507880220646178,11
8.2,13.310000000000002,1.4927365528072247,11
8.21,13.320000000000007,1.4773082942097029,11
8.22,13.319999999999993,1.4623781676413259,11
8.23,13.329999999999998,1.447163947163947,11
8.24,13.33999999999999,1.4320557491289199,11
8.25,13.340000000000003,1.417052469135802,11
8.26,13.340000000000003,1.4021530180699737,11
8.27,13.350000000000009,1.38735632183908,11
8.28,13.36,1.3726613211149288,11
8.29,13.36999999999999,1.35806697108067,11
8.3,13.379999999999995,1.3431930223739104,11
8.31,13.379999999999995,1.3287981859410434,11
8.32,13.39,1.3141242937853108,11
8.33,13.39,1.2999249249249247,11
8.34,13.400000000000006,1.2854470632248405,11
8.35,13.41000000000001,1.2710663683818046,11
8.36,13.41000000000001,1.2567818654775174,11
8.37,13.420000000000002,1.242592592592593,11
8.38,13.429999999999993,1.2284976005906239,11
8.39,13.429999999999993,1.2144959529065487,11
8.4,13.450000000000003,1.2005867253392009,11
8.41,13.450000000000003,1.1864035087719291,11
8.42,13.459999999999994,1.1726775956284152,11
8.43,13.459999999999994,1.1586782861292664,11
8.44,13.469999999999999,1.1451321027868255,11
8.45,13.47999999999999,1.131313131313132,11
8.46,13.47999999999999,1.1175836030204958,11
8.47,13.489999999999995,1.1039426523297495,11
8.48,13.5,1.0903894247945698,11
8.49,13.509999999999991,1.0769230769230762,11
8.5,13.510000000000005,1.0635427760028402,11
8.51,13.52000000000001,1.0502476999292278,11
8.52,13.530000000000001,1.0366843033509705,11
8.53,13.540000000000006,1.0235583684950769,11
8.54,13.550000000000011,1.0101647388713633,11
8.55,13.549999999999997,0.9972047519217327,11
8.56,13.560000000000002,0.9839777081156391,11
8.57,13.569999999999993,0.9708333333333335,11
8.58,13.570000000000007,0.9577708549671162,11
8.59,13.580000000000013,0.9447895100069011,11
8.6,13.590000000000003,0.931888544891641,11
8.61,13.599999999999994,0.9190672153635111,11
8.62,13.61,0.906324786324787,11
8.63,13.61,0.8933197000681666,11
8.64,13.620000000000005,0.880733944954128,11
8.65,13.629999999999995,0.8682249322493224,11
8.66,13.64,0.8554542384329613,11
8.67,13.649999999999991,0.8427609427609428,11
8.68,13.650000000000006,0.8301443437395096,11
8.69,13.659999999999997,0.8179384203480589,11
8.7,13.670000000000002,0.8060100166944913,11
8.71,13.680000000000007,0.7946666666666667,11
8.72,13.680000000000007,0.7846666666666674,11
8.73,13.700000000000003,0.774666666666667,11
8.74,13.699999999999989,0.7646666666666666,11
8.75,13.710000000000008,0.7546666666666672,11
8.76,13.719999999999999,0.7446666666666668,11
8.77,13.730000000000004,0.7346666666666674,11
8.78,13.730000000000004,0.724666666666667,11
8.79,13.739999999999995,0.7146666666666666,11
8.8,13.75,0.7046666666666671,11
8.81,13.759999999999991,0.6946666666666668,11
8.82,13.77000000000001,0.6846666666666673,11
8.83,13.780000000000001,0.674666666666667,11
8.84,13.780000000000001,0.6646666666666666,11
8.85,13.789999999999992,0.6546666666666672,11
8.86,13.800000000000011,0.6446666666666668,11
8.87,13.810000000000002,0.6346666666666674,11
8.88,13.810000000000002,0.6246666666666669,11
8.89,13.819999999999993,0.6146666666666666,11
8.9,13.840000000000003,0.6046666666666671,11
8.91,13.83999999999999,0.5946666666666668,11
8.92,13.850000000000009,0.5846666666666673,11
8.93,13.849999999999994,0.574666666666667,11
8.94,13.870000000000005,0.5646666666666665,11
8.95,13.870000000000005,0.5546666666666672,11
8.96,13.89,0.5446666666666667,11
8.97,13.89,0.5346666666666674,11
8.98,13.909999999999997,0.524666666666667,11
8.99,13.909999999999997,0.5146666666666666,11
9.0,13.920000000000002,0.5046666666666672,11
9.01,13.929999999999993,0.49466666666666675,11
9.02,13.939999999999998,0.48466666666666736,11
9.03,13.950000000000003,0.47466666666666696,11
9.04,13.939999999999998,0.4646666666666666,11
9.05,13.640000000000015,0.45466666666666716,11
9.06,13.340000000000003,0.44466666666666677,11
9.07,13.04000000000002,0.43466666666666737,11
9.08,12.740000000000009,0.42466666666666697,11
9.09,12.439999999999998,0.4146666666666666,11
9.1,12.140000000000015,0.4046666666666672,11
9.11,11.840000000000003,0.3946666666666668,11
9.12,11.54000000000002,0.3846666666666673,11
9.13,11.240000000000009,0.374666666666667,11
9.14,10.939999999999998,0.3646666666666666,11
9.15,10.640000000000015,0.3546666666666672,11
9.16,10.340000000000003,0.3446666666666668,11
9.17,10.04000000000002,0.33466666666666733,11
9.18,9.740000000000009,0.324666666666667,11
9.19,9.439999999999998,0.3146666666666666,11
9.2,9.140000000000015,0.30466666666666714,11
9.21,8.840000000000003,0.2946666666666668,11
9.22,8.54000000000002,0.28466666666666735,11
9.23,8.240000000000009,0.27466666666666695,11
9.24,7.939999999999998,0.2646666666666666,11
9.25,7.640000000000015,0.25466666666666715,11
9.26,14.16000000000001,24.684210526315812,9
9.27,14.16000000000001,23.91836734693877,9
9.28,14.170000000000002,22.970588235294127,9
9.29,14.180000000000007,22.295238095238084,9
9.3,14.189999999999998,21.467889908256883,9
9.31,14.200000000000003,20.883928571428587,9
9.32,14.210000000000008,20.155172413793096,9
9.33,14.219999999999999,19.63865546218488,9
9.34,14.230000000000004,18.99186991869918,9
9.35,14.239999999999995,18.523809523809526,9
9.36,14.239999999999995,17.946153846153834,9
9.37,14.25,17.53383458646616,9
9.38,14.259999999999991,17.007299270073002,9
9.39,14.269999999999996,16.635714285714275,9
9.4,14.280000000000001,16.166666666666668,9
9.41,14.290000000000006,15.823129251700667,9
9.42,14.299999999999997,15.397350993377481,9
9.43,14.310000000000002,15.084415584415595,9
9.44,14.319999999999993,14.696202531645573,9
9.45,14.329999999999998,14.409937888198765,9
9.46,14.349999999999994,14.048484848484849,9
9.47,14.350000000000009,13.79166666666667,9
9.48,14.36,13.459302325581394,9
9.49,14.370000000000005,13.217142857142859,9
9.5,14.379999999999995,12.910614525139671,9
9.51,14.39,12.692307692307692,9
9.52,14.400000000000006,12.408602150537638,9
9.53,14.409999999999997,12.2010582010582,9
9.54,14.420000000000002,11.937823834196893,9
9.55,14.430000000000007,11.74489795918367,9
9.56,14.439999999999998,11.5,9
9.57,14.449999999999989,11.320197044334977,9
9.58,14.450000000000003,11.091787439613526,9
9.59,14.469999999999999,10.923809523809524,9
9.6,14.469999999999999,10.71028037383177,9
9.61,14.490000000000009,10.54838709677419,9
9.62,14.489999999999995,10.348416289592755,9
9.63,14.5,10.200892857142854,9
9.64,14.52000000000001,10.013157894736844,9
9.65,14.519999999999996,9.870129870129867,9
9.66,14.530000000000001,9.693617021276594,9
9.67,14.540000000000006,9.563025210084026,9
9.68,14.549999999999997,9.392561983471076,9
9.69,14.560000000000002,9.269387755102047,9
9.7,14.570000000000007,9.10843373493976,9
9.71,14.579999999999998,8.992063492063496,9
9.72,14.58999999999999,8.83984375,9
9.73,14.600000000000009,8.729729729729733,9
9.74,14.599999999999994,8.618320610687027,9
9.75,14.61999999999999,8.606870229007638,9
9.76,14.620000000000005,8.63218390804598,9
9.77,14.629999999999995,8.653846153846155,9
9.78,14.64,8.64615384615385,9
9.79,14.650000000000006,8.66795366795367,9
9.8,14.66000000000001,8.689922480620156,9
9.81,14.659999999999997,8.682170542635658,9
9.82,14.679999999999993,8.70428015564202,9
9.83,14.680000000000007,8.730468749999998,9
9.84,14.700000000000003,8.752941176470586,9
9.85,14.700000000000003,8.745098039215682,9
9.86,14.710000000000008,8.767716535433072,9
9.87,14.719999999999999,8.794466403162055,9
9.88,14.72999999999999,8.782608695652176,9
9.89,14.739999999999995,8.805555555555555,9
9.9,14.75,8.832669322709162,9
9.91,14.75,8.820717131474101,9
9.92,14.769999999999996,8.847999999999995,9
9.93,14.769999999999996,8.8714859437751,9
9.94,14.780000000000001,8.863453815261046,9
9.95,14.790000000000006,8.891129032258064,9
9.96,14.800000000000011,8.91497975708502,9
9.97,14.799999999999997,8.906882591093119,9
9.98,14.819999999999993,8.930894308943088,9
9.99,14.820000000000007,8.959183673469392,9
10.0,14.829999999999998,8.946938775510207,9
10.01,14.83999999999999,8.975409836065579,9
10.02,14.849999999999994,9.000000000000004,9
10.03,14.849999999999994,8.991769547325104,9
10.04,14.86,9.016528925619834,9
10.05,14.870000000000005,9.045643153526969,9
10.06,14.88000000000001,9.037344398340249,9
10.07,14.89,9.062499999999998,9
10.08,14.89,9.092050209205018,9
10.09,14.899999999999991,9.079497907949786,9
10.1,14.909999999999997,9.109243697478988,9
10.11,14.920000000000002,9.139240506329115,9
10.12,14.929999999999993,9.126582278481013,9
10.13,14.930000000000007,9.156779661016948,9
10.14,14.939999999999998,9.187234042553191,9
10.15,14.950000000000003,9.174468085106382,9
10.16,14.949999999999989,9.205128205128203,9
10.17,14.959999999999994,9.196581196581196,9
10.18,14.970000000000013,9.22317596566524,9
10.19,14.980000000000004,9.254310344827587,9
10.2,14.989999999999995,9.245689655172415,9
10.21,15.0,9.272727272727272,9
10.22,15.009999999999991,9.304347826086957,9
10.23,15.010000000000005,9.29565217391304,9
10.24,15.019999999999996,9.323144104803498,9
10.25,15.030000000000001,9.355263157894742,9
10.26,15.039999999999992,9.346491228070178,9
10.27,15.040000000000006,9.378854625550662,9
10.28,15.040000000000006,9.365638766519824,9
10.29,15.049999999999997,9.398230088495577,9
10.3,15.060000000000002,9.431111111111111,9
10.31,15.069999999999993,9.422222222222224,9
10.32,15.079999999999998,9.450892857142858,9
10.33,15.079999999999998,9.441964285714285,9
10.34,15.090000000000003,9.475336322869952,9
10.35,15.099999999999994,9.509009009009006,9
10.36,15.11,9.495495495495492,9
10.37,15.11,9.529411764705877,9
10.38,15.11999999999999,9.563636363636363,9
10.39,15.13000000000001,9.554545454545456,9
10.4,15.129999999999995,9.58904109589041,9
10.41,15.14,9.575342465753423,9
10.42,15.14,9.610091743119265,9
10.43,15.149999999999991,9.645161290322584,9
10.44,15.159999999999997,9.635944700460831,9
10.45,15.170000000000002,9.6712962962963,9
10.46,15.170000000000002,9.662037037037038,9
10.47,15.180000000000007,9.693023255813953,9
10.48,15.189999999999998,9.728971962616823,9
10.49,15.189999999999998,9.719626168224298,9
10.5,15.200000000000003,9.755868544600936,9
10.51,15.209999999999994,9.746478873239436,9
10.52,15.209999999999994,9.783018867924532,9
10.53,15.220000000000013,9.819905213270145,9
10.54,15.230000000000004,9.810426540284364,9
10.55,15.230000000000004,9.842857142857145,9
10.56,15.239999999999995,9.833333333333334,9
10.57,15.239999999999995,9.870813397129185,9
10.58,15.25,9.861244019138756,9
10.59,15.259999999999991,9.89903846153846,9
10.6,15.259999999999991,9.937198067632849,9
10.61,15.280000000000001,9.927536231884055,9
10.62,15.280000000000001,9.966019417475723,9
10.63,15.289999999999992,9.956310679611647,9
10.64,15.290000000000006,9.995121951219506,9
10.65,15.3,9.985365853658529,9
10.66,15.29,10.024509803921571,9
10.67,15.299999999999997,10.064039408866995,9
10.68,15.299999999999997,10.054187192118231,9
10.69,15.300000000000004,10.0940594059406,9
10.7,15.299999999999997,10.08415841584159,9
10.71,15.300000000000004,7.646226415094334,9
10.72,15.29,7.654846335697398,9
10.73,15.29,7.663507109004739,9
10.74,15.29,7.669833729216154,9
10.75,15.300000000000004,7.678571428571427,9
10.76,15.299999999999997,7.66904761904762,9
10.77,15.29,7.677804295942718,9
10.78,15.290000000000006,7.6682577565632455,9
10.79,15.29,7.695443645083932,9
10.8,15.29,7.701923076923079,9
10.81,15.290000000000006,7.692307692307692,9
10.82,15.29,7.701204819277112,9
10.83,15.29,7.69156626506024,9
10.84,15.279999999999994,7.700483091787443,9
10.85,15.280000000000001,7.728155339805826,9
10.86,15.280000000000001,7.718446601941749,9
10.87,15.279999999999994,7.727493917274938,9
10.88,15.280000000000001,7.715328467153286,9
10.89,15.280000000000001,7.724390243902437,9
10.9,15.280000000000001,7.733496332518336,9
10.91,15.280000000000001,7.742647058823529,9
10.92,15.29,7.751842751842748,9
10.93,15.279999999999994,7.761083743842364,9
10.94,15.280000000000001,7.751231527093598,9
10.95,15.280000000000001,7.760493827160492,9
10.96,15.279999999999994,7.75061728395062,9
10.97,15.280000000000001,7.779156327543425,9
10.98,15.280000000000001,7.788557213930346,9
10.99,15.280000000000001,7.778606965174129,9
11.0,15.280000000000001,7.788029925187036,9
11.01,15.269999999999996,7.778054862842893,9
11.02,15.270000000000003,7.785000000000003,9
11.03,15.270000000000003,7.794486215538847,9
11.04,15.269999999999996,7.8040201005025125,9
11.05,15.270000000000003,7.813602015113351,9
11.06,15.270000000000003,7.803526448362716,9
11.07,15.269999999999996,7.813131313131312,9
11.08,15.270000000000003,7.822784810126583,9
11.09,15.259999999999998,7.815189873417719,9
11.1,15.259999999999998,7.824873096446702,9
11.11,15.260000000000005,7.834605597964372,9
11.12,15.259999999999998,7.8469387755102,9
11.13,15.259999999999998,7.856777493606138,9
11.14,15.260000000000005,7.846547314578,9
11.15,15.259999999999998,7.856410256410256,9
11.16,15.259999999999998,7.8663239074550155,9
11.17,15.260000000000005,7.856041131105397,9
11.18,15.25,7.865979381443302,9
11.19,15.25,7.875968992248061,9
11.2,15.25,7.8860103626942974,9
11.21,15.25,7.8987012987013,9
11.22,15.25,7.888311688311692,9
11.23,15.25,7.8984375,9
11.24,15.25,7.908616187989559,9
11.25,15.25,7.89817232375979,9
11.26,15.259999999999998,7.905759162303669,9
11.27,15.25,7.918635170603672,9
11.28,15.25,7.908136482939635,9
11.29,15.25,7.9393139841688685,9
11.3,15.25,7.928759894459104,9
11.31,15.25,7.94179894179894,9
11.32,15.25,7.952254641909816,9
11.33,15.25,7.941644562334214,9
11.34,15.240000000000002,7.954787234042554,9
11.35,15.239999999999995,7.965333333333331,9
11.36,15.240000000000002,7.954666666666666,9
11.37,15.240000000000002,7.96791443850267,9
11.38,15.240000000000002,7.957219251336897,9
11.39,15.230000000000004,7.967828418230566,9
11.4,15.229999999999997,8.00269541778976,9
11.41,15.230000000000004,7.9919137466307255,9
11.42,15.239999999999995,8.000000000000002,9
11.43,15.240000000000002,8.013550135501351,9
11.44,15.229999999999997,8.002710027100273,9
11.45,15.229999999999997,8.016304347826091,9
11.46,15.230000000000004,8.027247956403269,9
11.47,15.229999999999997,8.016348773841967,9
11.48,15.229999999999997,8.030054644808743,9
11.49,15.219999999999999,8.019125683060112,9
11.5,15.219999999999999,8.032876712328767,9
11.51,15.220000000000006,8.043956043956046,9
11.52,15.229999999999997,8.032967032967028,9
11.53,15.220000000000006,8.066298342541437,9
11.54,15.219999999999999,8.080332409972296,9
11.55,15.219999999999999,8.069252077562329,9
11.56,15.220000000000006,8.08333333333333,9
11.57,15.21,8.117318435754191,9
11.58,15.21,8.131652661064429,9
11.59,15.21,8.169014084507046,9
11.6,15.219999999999999,8.177966101694919,9
11.61,15.219999999999999,8.192634560906516,9
11.62,15.219999999999999,8.204545454545457,9
11.63,15.209999999999994,8.242857142857144,9
11.64,15.21,8.255014326647569,9
11.65,15.21,8.270114942528739,9
11.66,15.209999999999994,8.282420749279542,9
11.67,15.21,8.321739130434784,9
11.68,15.21,8.337209302325583,9
11.69,15.21,8.349854227405247,9
11.7,15.21,8.365497076023388,9
11.71,15.21,8.378299120234605,9
11.72,15.21,8.394117647058822,9
11.73,15.21,8.431952662721892,9
11.74,15.21,8.448071216617208,9
11.75,15.199999999999996,8.464285714285714,9
11.76,15.200000000000003,8.505988023952092,9
11.77,15.199999999999996,8.51951951951952,9
11.78,15.21,8.536144578313255,9
11.79,15.21,8.54984894259819,9
11.8,15.21,8.56666666666667,9
11.81,15.199999999999996,8.612804878048783,9
11.82,15.200000000000003,8.62691131498471,9
11.83,15.21,8.644171779141105,9
11.84,15.209999999999994,8.65846153846154,9
11.85,15.21,8.702786377708977,9
11.86,15.200000000000003,8.720496894409935,9
11.87,15.21,8.765624999999996,9
11.88,15.21,8.753125,9
11.89,15.200000000000003,8.801886792452835,9
11.9,15.21,8.817034700315462,9
11.91,15.21,8.835443037974684,9
11.92,15.199999999999996,8.853968253968254,9
11.93,15.21,8.900958466453671,9
11.94,15.21,8.91666666666667,9
11.95,15.21,8.938906752411572,9
11.96,15.210000000000008,8.954838709677414,9
11.97,15.200000000000003,9.0064935064935,9
11.98,15.21,8.993506493506493,9
11.99,15.219999999999999,9.042483660130724,9
12.0,15.209999999999994,9.062295081967212,9
12.01,15.219999999999999,9.08223684210526,9
12.02,15.209999999999994,9.132450331125824,9
12.03,15.219999999999992,9.119205298013247,9
12.04,15.21,9.173333333333334,9
12.05,15.21,9.193979933110368,9
12.06,15.220000000000006,9.214765100671139,9
12.07,15.21,9.26689189189189,9
12.08,15.219999999999999,9.25675675675676,9
12.09,15.219999999999999,9.309523809523812,9
12.1,15.209999999999994,9.334470989761094,9
12.11,15.219999999999999,9.352739726027398,9
12.12,15.219999999999999,9.3745704467354,9
12.13,15.219999999999999,9.432525951557096,9
12.14,15.229999999999997,9.451388888888893,9
12.15,15.219999999999992,9.47735191637631,9
12.16,15.219999999999992,9.499999999999996,9
12.17,15.229999999999997,9.552816901408445,9
12.18,15.229999999999997,9.545774647887324,9
12.19,15.229999999999997,9.56890459363957,9
12.2,15.229999999999997,9.629893238434162,9
12.21,15.229999999999997,9.653571428571432,9
12.22,15.229999999999997,9.677419354838714,9
12.23,15.240000000000002,9.701438848920859,9
12.24,15.240000000000002,9.76086956521739,9
12.25,15.240000000000002,9.78545454545455,9
12.26,15.240000000000002,9.813868613138684,9
12.27,15.240000000000002,9.838827838827838,9
12.28,15.240000000000002,9.863970588235285,9
12.29,15.240000000000002,9.892988929889302,9
12.3,15.249999999999993,9.955390334572494,9
12.31,15.249999999999993,9.981343283582085,9
12.32,15.249999999999993,9.973880597014926,9
12.33,15.249999999999993,10.037593984962406,9
12.34,15.249999999999993,10.064150943396225,9
12.35,15.260000000000005,10.094696969696972,9
12.36,15.260000000000005,10.160305343511453,9
12.37,15.260000000000005,10.187739463601526,9
12.38,15.269999999999996,10.215384615384624,9
12.39,15.259999999999998,10.211538461538462,9
12.4,15.259999999999998,10.27906976744186,9
12.41,15.270000000000003,10.307392996108941,9
12.42,15.270000000000003,10.335937500000004,9
12.43,15.270000000000003,10.368627450980389,9
12.44,15.269999999999996,10.442687747035567,9
12.45,15.269999999999996,10.472222222222223,9
12.46,15.280000000000001,10.501992031872502,9
12.47,15.270000000000003,10.536000000000007,9
12.48,15.280000000000008,10.57028112449799,9
12.49,15.29,10.60080645161291,9
12.5,15.280000000000001,10.678861788617889,9
12.51,15.290000000000006,10.710204081632655,9
12.52,15.290000000000006,10.741803278688518,9
12.53,15.29,10.777777777777779,9
12.54,15.300000000000004,10.809917355371892,9
12.55,15.29999999999999,10.850622406639012,9
12.56,15.299999999999997,10.883333333333331,9
12.57,15.299999999999997,10.920502092050215,9
12.58,15.310000000000002,11.000000000000005,9
12.59,15.309999999999995,11.038135593220343,9
12.6,15.309999999999995,11.072340425531909,9
12.61,15.310000000000002,11.111111111111112,9
12.62,15.309999999999995,11.150214592274668,9
12.63,15.32,11.185344827586215,9
12.64,15.320000000000007,11.225108225108222,9
12.65,15.329999999999998,11.260869565217396,9
12.66,15.330000000000005,11.301310043668115,9
12.67,15.329999999999991,11.34210526315791,9
12.68,15.329999999999998,11.383259911894276,9
12.69,15.340000000000003,11.420353982300878,9
12.7,15.339999999999996,11.462222222222222,9
12.71,15.340000000000003,11.504464285714274,9
12.72,15.339999999999996,11.54708520179373,9
12.73,15.340000000000003,11.642533936651578,9
12.74,15.36,11.681818181818183,9
12.75,15.36,11.726027397260276,9
12.76,15.359999999999992,11.770642201834875,9
12.77,15.36,11.815668202764977,9
12.78,15.369999999999997,11.806451612903224,9
12.79,15.370000000000005,11.851851851851848,9
12.8,15.36999999999999,11.897674418604662,9
12.81,15.369999999999997,11.995305164319246,9
12.82,15.379999999999995,12.042452830188685,9
12.83,15.380000000000003,12.090047393364932,9
12.84,15.39,12.138095238095227,9
12.85,15.39,12.1866028708134,9
12.86,15.399999999999999,12.177033492822968,9
12.87,15.390000000000008,12.28502415458937,9
12.88,15.400000000000006,12.334951456310685,9
12.89,15.399999999999991,12.385365853658532,9
12.9,15.410000000000004,12.436274509803926,9
12.91,15.409999999999997,12.544554455445546,9
12.92,15.410000000000004,12.539603960396045,9
12.93,15.409999999999997,12.592039800995016,9
12.94,15.419999999999995,12.645,9
12.95,15.430000000000007,12.693467336683415,9
12.96,15.43,12.752525252525249,9
12.97,15.429999999999993,12.807106598984781,9
12.98,15.440000000000005,12.857142857142865,9
12.99,15.439999999999998,12.917948717948713,9
13.0,15.449999999999996,12.974226804123704,9
13.01,15.440000000000005,13.031088082901556,9
13.02,15.450000000000003,13.088541666666664,9
13.03,15.450000000000003,13.215789473684216,9
13.04,15.459999999999994,13.20526315789472,9
13.05,15.460000000000008,13.269841269841265,9
13.06,15.469999999999999,13.32446808510638,9
13.07,15.469999999999999,13.390374331550795,9
13.08,15.469999999999999,13.451612903225808,9
13.09,15.480000000000004,13.513513513513516,9
13.1,15.480000000000004,13.576086956521738,9
13.11,15.480000000000004,13.644808743169381,9
13.12,15.489999999999995,13.692640692640687,9
13.13,15.5,13.67965367965367,9
13.14,15.5,13.675324675324667,9
13.15,15.510000000000005,13.66233766233765,9
13.16,15.510000000000005,13.649350649350641,9
13.17,15.509999999999991,13.640692640692643,9
13.18,15.519999999999996,13.632034632034634,9
13.19,15.519999999999996,13.623376623376636,9
13.2,15.52000000000001,13.610389610389596,9
13.21,15.529999999999987,13.60173160173161,9
13.22,15.530000000000001,13.58874458874457,9
13.23,15.540000000000006,13.58008658008659,9
13.24,15.540000000000006,13.571428571428582,9
13.25,15.549999999999997,13.558441558441563,9
13.26,15.549999999999997,13.549783549783555,9
13.27,15.560000000000002,13.541125541125538,9
13.28,15.560000000000002,13.532467532467543,9
13.29,15.570000000000007,13.523809523809526,9
13.3,15.569999999999993,13.510822510822516,9
13.31,15.579999999999998,13.497835497835498,9
13.32,15.590000000000003,13.489177489177502,9
13.33,15.590000000000003,13.480519480519472,9
13.34,15.590000000000003,13.471861471861464,9
13.35,15.599999999999994,13.458874458874458,9
13.36,15.599999999999994,13.454545454545451,9
13.37,15.599999999999994,13.441558441558437,9
13.38,15.61,13.43290043290043,9
13.39,15.620000000000005,13.419913419913414,9
13.4,15.620000000000005,13.411255411255404,9
13.41,15.63000000000001,13.4025974025974,9
13.42,15.639999999999986,13.393939393939391,9
13.43,15.64,13.380952380952387,9
13.44,15.649999999999991,13.37229437229437,9
13.45,15.649999999999991,13.363636363636372,9
13.46,15.659999999999997,13.35064935064934,9
13.47,15.659999999999997,13.341991341991353,9
13.48,15.670000000000002,13.32900432900434,9
13.49,15.670000000000002,13.320346320346331,9
13.5,15.670000000000002,13.31168831168832,9
13.51,15.679999999999993,13.303030303030303,9
13.52,15.679999999999993,13.294372294372305,9
13.53,15.689999999999998,13.285714285714281,9
13.54,15.700000000000003,13.272727272727284,9
13.55,15.700000000000003,13.259740259740255,9
13.56,15.709999999999994,13.251082251082257,9
13.57,15.709999999999994,13.242424242424235,9
13.58,15.710000000000008,13.229437229437227,9
13.59,15.72999999999999,13.220779220779214,9
13.6,15.72999999999999,13.212121212121207,9
13.61,15.740000000000009,13.199134199134194,9
13.62,15.740000000000009,13.190476190476192,9
13.63,15.75,13.181818181818176,9
13.64,15.75,13.168831168831163,9
13.65,15.760000000000005,13.16450216450215,9
13.66,15.759999999999991,13.151515151515136,9
13.67,15.769999999999996,13.142857142857144,9
13.68,15.779999999999987,13.12987012987011,9
13.69,15.780000000000001,13.121212121212135,9
13.7,15.780000000000001,13.112554112554097,9
13.71,15.789999999999992,13.10389610389611,9
13.72,15.789999999999992,13.090909090909076,9
13.73,15.799999999999997,13.082251082251096,9
13.74,15.810000000000002,13.069264069264076,9
13.75,15.810000000000002,13.064935064935069,9
13.76,15.819999999999993,13.051948051948056,9
13.77,15.829999999999998,13.043290043290055,9
13.78,15.829999999999998,13.030303030303035,9
13.79,15.840000000000003,13.021645021645021,9
13.8,15.849999999999994,13.00865800865802,9
13.81,15.849999999999994,13.000000000000007,9
13.82,15.86,12.991341991341995,9
13.83,15.86,12.978354978354973,9
13.84,15.870000000000005,12.96969696969698,9
13.85,15.870000000000005,12.961038961038941,9
13.86,15.88000000000001,12.95238095238096,9
13.87,15.879999999999995,12.943722943722927,9
13.88,15.899999999999991,12.93073593073594,9
13.89,15.900000000000006,12.922077922077907,9
13.9,15.899999999999991,12.913419913419906,9
13.91,15.909999999999997,12.904761904761912,9
13.92,15.920000000000002,12.891774891774867,9
13.93,15.919999999999987,12.883116883116886,9
13.94,15.930000000000007,12.870129870129853,9
13.95,15.939999999999998,12.861471861471871,9
13.96,15.939999999999998,12.848484848484839,9
13.97,15.950000000000003,12.844155844155846,9
13.98,15.949999999999989,12.831168831168833,9
13.99,15.960000000000008,12.822510822510832,9
14.0,15.969999999999999,12.809523809523817,9
14.01,15.969999999999999,12.800865800865806,9
14.02,15.97999999999999,12.792207792207805,9
14.03,15.990000000000009,12.783549783549791,9
14.04,15.989999999999995,12.770562770562778,9
14.05,16.0,12.761904761904765,9
14.06,16.00999999999999,12.804347826086948,9
14.07,16.010000000000005,12.855895196506534,9
14.08,16.019999999999996,12.955947136563877,9
14.09,16.03,13.00442477876106,9
14.1,16.03,13.053333333333335,9
14.11,16.040000000000006,13.098214285714276,9
14.12,16.05000000000001,13.207207207207212,9
14.13,16.060000000000002,13.2579185520362,9
14.14,16.049999999999997,13.309090909090893,9
14.15,16.060000000000002,13.360730593607293,9
14.16,16.070000000000007,13.474654377880178,9
14.17,16.08,13.523148148148138,9
14.18,16.08,13.576744186046497,9
14.19,16.090000000000003,13.626168224299061,9
14.2,16.099999999999994,13.745283018867925,9
14.21,16.099999999999994,13.805687203791472,9
14.22,16.11999999999999,13.861904761904745,9
14.23,16.11999999999999,13.918660287081343,9
14.24,16.13000000000001,14.038647342995167,9
14.25,16.13000000000001,14.028985507246384,9
14.26,16.14,14.156097560975596,9
14.27,16.14,14.21568627450981,9
14.28,16.14999999999999,14.275862068965504,9
14.29,16.159999999999997,14.336633663366344,9
14.3,16.17,14.469999999999999,9
14.31,16.17,14.460000000000008,9
14.32,16.180000000000007,14.601010101010097,9
14.33,16.189999999999998,14.65989847715734,9
14.34,16.189999999999998,14.729591836734716,9
14.35,16.200000000000003,14.78974358974357,9
14.36,16.209999999999994,14.9378238341969,9
14.37,16.210000000000008,14.922279792746107,9
14.38,16.22,15.068062827225159,9
14.39,16.230000000000004,15.062827225130894,9
14.4,16.230000000000004,15.211640211640207,9
14.41,16.24000000000001,15.276595744680858,9
14.42,16.24000000000001,15.352941176470585,9
14.43,16.25999999999999,15.424731182795702,9
14.44,16.260000000000005,15.497297297297294,9
14.45,16.269999999999996,15.576086956521738,9
14.46,16.28,15.736263736263743,9
14.47,16.28,15.725274725274724,9
14.48,16.289999999999992,15.888888888888879,9
14.49,16.289999999999992,15.877777777777762,9
14.5,16.299999999999997,16.050561797752795,9
14.51,16.310000000000002,16.03932584269664,9
14.52,16.310000000000002,16.21022727272726,9
14.53,16.320000000000007,16.291428571428565,9
14.54,16.33,16.373563218390807,9
14.55,16.340000000000003,16.462427745664765,9
14.56,16.340000000000003,16.54651162790699,9
14.57,16.349999999999994,16.63157894736841,9
14.58,16.36,16.7235294117647,9
14.59,16.370000000000005,16.810650887573967,9
14.6,16.370000000000005,16.898809523809536,9
14.61,16.38000000000001,16.988023952095794,9
14.62,16.389999999999986,17.08433734939758,9
14.63,16.39999999999999,17.175757575757537,9
14.64,16.409999999999997,17.27439024390244,9
14.65,16.409999999999997,17.368098159509213,9
14.66,16.42,17.462962962962948,9
14.67,16.429999999999993,17.565217391304355,9
14.68,16.429999999999993,17.66249999999998,9
14.69,16.439999999999998,17.761006289308167,9
14.7,16.450000000000003,17.867088607594926,9
14.71,16.450000000000003,17.974522292993626,9
14.72,16.459999999999994,18.076923076923045,9
14.73,16.459999999999994,18.180645161290318,9
14.74,16.47,18.285714285714295,9
14.75,16.480000000000004,18.279220779220775,9
14.76,16.489999999999995,18.506578947368425,9
14.77,16.489999999999995,18.500000000000007,9
14.78,16.5,18.73333333333335,9
14.79,16.50999999999999,18.72000000000001,9
14.8,16.519999999999996,18.972972972972975,9
14.81,16.519999999999996,18.959459459459502,9
14.82,16.53,19.212328767123264,9
14.83,16.539999999999992,19.198630136986292,9
14.84,16.55000000000001,19.3241379310345,9
14.85,16.549999999999997,19.44444444444443,9
14.86,16.549999999999997,19.573426573426563,9
14.87,16.570000000000007,19.704225352112644,9
14.88,16.569999999999993,19.829787234042588,9
14.89,16.58,19.815602836879428,9
14.9,16.58999999999999,20.093525179856112,9
14.91,16.590000000000003,20.07913669064747,9
14.92,16.61,20.364963503649623,9
14.93,16.61,20.357664233576617,9
14.94,16.620000000000005,20.49264705882354,9
14.95,16.629999999999995,20.791044776119417,9
14.96,16.629999999999995,21.423076923076906,9
14.97,16.64,21.91338582677167,9
14.98,16.650000000000006,22.617886178861774,9
14.99,16.659999999999997,23.175000000000015,9
15.0,16.659999999999997,23.965517241379317,9
15.01,16.67,24.59292035398234,9
15.02,16.679999999999993,25.4770642201835,9
15.03,16.680000000000007,26.18867924528307,9
15.04,16.689999999999998,27.205882352941188,9
15.05,16.700000000000003,28.020202020202074,9
15.06,16.709999999999994,29.18947368421057,9
15.07,16.709999999999994,30.13043478260864,9
15.08,16.72,31.500000000000036,9
15.09,16.730000000000004,32.59999999999992,9
15.1,16.739999999999995,34.197530864197574,9
15.11,16.739999999999995,35.49999999999994,9
15.12,16.75,37.40540540540545,9
15.13,16.760000000000005,38.98591549295771,9
15.14,16.760000000000005,41.298507462686445,9
15.15,16.769999999999996,41.47272727272723,9
15.16,16.78,41.454545454545396,9
15.17,16.789999999999992,41.436363636363595,9
15.18,16.80000000000001,42.203703703703475,9
15.19,16.789999999999992,42.2037037037035,9
15.2,16.799999999999997,41.436363636363595,9
15.21,16.810000000000002,42.185185185185254,9
15.22,16.820000000000007,42.16666666666673,9
15.23,16.819999999999993,42.16666666666673,9
15.24,16.83,42.94339622641501,9
15.25,16.83999999999999,42.9245283018867,9
15.26,16.85000000000001,42.12962962962942,9
15.27,16.85000000000001,42.90566037735839,9
15.28,16.86,42.90566037735839,9
15.29,16.86999999999999,42.88679245283011,9
15.3,16.879999999999995,43.69230769230773,9
15.31,16.879999999999995,42.88679245283039,9
15.32,16.879999999999995,42.86792452830208,9
15.33,16.89,43.67307692307698,9
15.34,16.900000000000006,43.67307692307695,9
15.35,16.909999999999997,43.653846153846196,9
15.36,16.909999999999997,44.5098039215688,9
15.37,16.92,43.634615384615415,9
15.38,16.929999999999993,43.61538461538466,9
15.39,16.940000000000012,44.47058823529397,9
15.4,16.939999999999998,44.470588235293995,9
15.41,16.94999999999999,44.45098039215673,9
15.42,16.950000000000003,45.339999999999975,9
15.43,16.960000000000008,44.43137254901978,9
15.44,16.97,44.41176470588254,9
15.45,16.980000000000004,44.41176470588254,9
15.46,16.989999999999995,45.28,9
15.47,16.980000000000004,45.28,9
15.48,16.989999999999995,45.28,9
15.49,17.0,45.26000000000002,9
15.5,17.00999999999999,45.26000000000002,9
15.51,17.02000000000001,45.23999999999998,9
15.52,17.03,46.14285714285729,9
15.53,17.019999999999996,46.163265306122604,9
15.54,17.03,45.22,9
15.55,17.040000000000006,46.12244897959164,9
15.56,17.049999999999997,46.12244897959164,9
15.57,17.060000000000002,46.10204081632635,9
15.58,17.070000000000007,47.04166666666665,9
15.59,17.060000000000002,47.062499999999964,9
15.6,17.070000000000007,46.08163265306137,9
15.61,17.079999999999984,47.02083333333331,9
15.62,17.090000000000003,46.999999999999936,9
15.63,17.10000000000001,46.999999999999964,9
15.64,17.10000000000001,46.999999999999964,9
15.65,17.10000000000001,47.978723404255426,9
15.66,17.110000000000014,46.97916666666662,9
15.67,17.11999999999999,46.95833333333331,9
15.68,17.129999999999995,47.93617021276572,9
15.69,17.13000000000001,47.957446808510376,9
15.7,17.140000000000015,47.93617021276572,9
15.71,17.14999999999999,48.95652173913034,9
15.72,17.159999999999997,47.91489361702141,9
15.73,17.14999999999999,47.914893617021384,9
15.74,17.159999999999997,48.93478260869557,9
15.75,17.17,48.91304347826078,9
15.76,17.180000000000007,48.91304347826078,9
15.77,17.179999999999993,48.91304347826078,9
15.78,17.189999999999998,48.891304347826015,9
15.79,17.200000000000003,48.891304347826015,9
15.8,17.209999999999994,48.86956521739119,9
15.81,17.200000000000003,49.95555555555564,9
15.82,17.210000000000008,49.95555555555564,9
15.83,17.22,49.93333333333341,9
15.84,17.230000000000004,49.911111111111175,9
15.85,17.230000000000004,49.91111111111121,9
15.86,17.239999999999995,49.911111111111175,9
15.87,17.25,49.88888888888897,9
15.88,17.260000000000005,51.000000000000256,9
15.89,17.26000000000002,51.000000000000256,9
15.9,17.269999999999996,49.86666666666674,9
15.91,17.27000000000001,50.97727272727256,9
15.92,17.269999999999982,50.97727272727259,9
15.93,17.28,50.97727272727256,9
15.94,17.290000000000006,50.95454545454531,9
15.95,17.30000000000001,52.116279069767465,9
15.96,17.299999999999997,50.931818181818436,9
15.97,17.310000000000002,50.931818181818436,9
15.98,17.320000000000007,52.093023255814,9
15.99,17.319999999999993,52.09302325581397,9
16.0,17.33,52.0697674418605,9
16.01,17.340000000000003,52.0697674418605,9
16.02,17.340000000000018,52.0697674418605,9
16.03,17.340000000000003,52.046511627907,9
16.04,17.35000000000001,52.02325581395353,9
16.05,17.349999999999994,53.28571428571406,9
16.06,17.36,53.261904761904525,9
16.07,17.370000000000005,53.23809523809502,9
16.08,17.370000000000005,51.99999999999964,9
16.09,17.379999999999995,53.23809523809502,9
16.1,17.39,53.21428571428549,9
16.11,17.39,53.214285714285516,9
16.12,17.39999999999999,54.487804878048735,9
16.13,17.409999999999997,54.48780487804877,9
16.14,17.409999999999997,53.19047619047643,9
16.15,17.420000000000016,53.1666666666669,9
16.16,17.429999999999993,54.439024390243866,9
16.17,17.429999999999993,54.46341463414632,9
16.18,17.440000000000012,54.439024390243866,9
16.19,17.450000000000017,55.775000000000205,9
16.2,17.44999999999999,54.41463414634145,9
16.21,17.460000000000008,54.390243902438996,9
16.22,17.460000000000008,54.41463414634145,9
16.23,17.459999999999994,55.749999999999694,9
16.24,17.47,55.72499999999972,9
16.25,17.470000000000013,55.72499999999972,9
16.26,17.47999999999999,55.725000000000215,9
16.27,17.489999999999995,55.7000000000002,9
16.28,17.49000000000001,55.7000000000002,9
16.29,17.499999999999986,55.67500000000019,9
16.3,17.5,57.10256410256401,9
16.31,17.510000000000005,57.10256410256401,9
16.32,17.52000000000001,57.07692307692301,9
16.33,17.519999999999996,55.64999999999968,9
16.34,17.53,57.051282051281966,9
16.35,17.53,57.051282051281966,9
16.36,17.539999999999992,57.051282051281966,9
16.37,17.539999999999992,58.55263157894752,9
16.38,17.549999999999997,58.52631578947386,9
16.39,17.560000000000016,57.00000000000041,9
16.4,17.559999999999988,57.00000000000045,9
16.41,17.569999999999993,58.50000000000016,9
16.42,17.569999999999993,58.5000000000002,9
16.43,17.579999999999984,58.473684210526464,9
16.44,17.590000000000003,58.447368421052765,9
16.45,17.590000000000003,60.02702702702742,9
16.46,17.600000000000023,58.42105263157907,9
16.47,17.599999999999994,58.447368421052765,9
16.48,17.609999999999985,58.421052631579144,9
16.49,17.610000000000014,59.99999999999981,9
16.5,17.620000000000005,59.97297297297284,9
16.51,17.620000000000005,59.97297297297277,9
16.52,17.629999999999995,59.97297297297342,9
16.53,17.629999999999995,59.97297297297342,9
16.54,17.639999999999986,59.94594594594638,9
16.55,17.650000000000006,59.918918918919296,9
16.56,17.650000000000006,61.583333333333435,9
16.57,17.660000000000025,61.55555555555561,9
16.58,17.670000000000016,59.91891891891876,9
16.59,17.67999999999998,59.89189189189176,9
16.6,17.680000000000007,61.55555555555564,9
16.61,17.689999999999998,61.52777777777789,9
16.62,17.689999999999998,61.52777777777785,9
16.63,17.69999999999999,61.5000000000001,9
16.64,17.69999999999999,63.285714285714086,9
16.65,17.710000000000008,61.49999999999949,9
16.66,17.70999999999998,61.49999999999953,9
16.67,17.72,61.4722222222217,9
16.68,17.72,63.2285714285712,9
16.69,17.730000000000018,63.19999999999972,9
16.7,17.72999999999999,63.199999999999754,9
16.71,17.74000000000001,63.19999999999972,9
16.72,17.74000000000001,63.2000000000004,9
16.73,17.75,63.17142857142891,9
16.74,17.75,63.171428571428955,9
16.75,17.75999999999999,63.14285714285755,9
16.76,17.76000000000002,65.00000000000001,9
16.77,17.769999999999982,64.97058823529416,9
16.78,17.77000000000001,63.14285714285687,9
16.79,17.789999999999992,63.114285714285465,9
16.8,17.79000000000002,64.97058823529412,9
16.81,17.799999999999983,64.94117647058826,9
16.82,17.799999999999983,64.9411764705883,9
16.83,17.810000000000002,64.91176470588236,9
16.84,17.810000000000002,66.87878787878752,9
16.85,17.810000000000002,64.91176470588236,9
16.86,17.819999999999993,64.9117647058824,9
16.87,17.819999999999993,64.9117647058824,9
16.88,17.830000000000013,66.8484848484852,9
16.89,17.829999999999984,66.8484848484852,9
16.9,17.840000000000003,66.81818181818215,9
16.91,17.840000000000003,66.8181818181822,9
16.92,17.860000000000014,66.78787878787838,9
16.93,17.859999999999985,66.78787878787843,9
16.94,17.870000000000005,66.78787878787838,9
16.95,17.870000000000005,66.78787878787838,9
16.96,17.870000000000005,68.87499999999996,9
16.97,17.879999999999995,68.84374999999994,9
16.98,17.879999999999995,66.7575757575761,9
16.99,17.890000000000015,66.72727272727306,9
17.0,17.889999999999986,68.81249999999993,9
17.01,17.900000000000006,68.78124999999991,9
17.02,17.909999999999997,68.78124999999991,9
17.03,17.909999999999997,68.78124999999996,9
17.04,17.920000000000016,71.00000000000027,9
17.05,17.919999999999987,68.78124999999996,9
17.06,17.930000000000007,68.7499999999999,9
17.07,17.930000000000007,68.74999999999994,9
17.08,17.930000000000007,68.74999999999994,9
17.09,17.939999999999998,70.93548387096801,9
17.1,17.939999999999998,70.93548387096807,9
17.11,17.950000000000017,70.90322580645187,9
17.12,17.960000000000008,68.68749999999996,9
17.13,17.95999999999998,70.9032258064511,9
17.14,17.97,70.87096774193496,9
17.15,17.97,70.87096774193496,9
17.16,17.980000000000018,70.87096774193496,9
17.17,17.97999999999999,73.23333333333315,9
17.18,17.97999999999999,73.2333333333332,9
17.19,17.99000000000001,70.83870967741963,9
17.2,18.0,70.83870967741967,9
17.21,18.0,73.19999999999985,9
17.22,18.00999999999999,73.1666666666665,9
17.23,18.00999999999999,73.1666666666665,9
17.24,18.02000000000001,73.13333333333316,9
17.25,18.019999999999982,73.1333333333332,9
17.26,18.019999999999982,73.1333333333332,9
17.27,18.039999999999992,73.09999999999985,9
17.28,18.039999999999992,73.09999999999985,9
17.29,18.04000000000002,73.0999999999998,9
17.3,18.049999999999983,75.62068965517173,9
17.31,18.05000000000001,75.62068965517169,9
17.32,18.05000000000001,75.62068965517169,9
17.33,18.060000000000002,73.06666666666655,9
17.34,18.07000000000002,75.5862068965519,9
17.35,18.069999999999993,75.58620689655196,9
17.36,18.080000000000013,75.5517241379312,9
17.37,18.080000000000013,75.55172413793125,9
17.38,18.079999999999984,75.55172413793125,9
17.39,18.090000000000003,78.21428571428636,9
17.4,18.099999999999994,75.51724137931059,9
17.41,18.099999999999994,75.51724137931059,9
17.42,18.110000000000014,75.48275862068988,9
17.43,18.109999999999985,78.17857142857112,9
17.44,18.109999999999985,78.17857142857116,9
17.45,18.120000000000005,78.14285714285681,9
17.46,18.129999999999995,78.14285714285685,9
17.47,18.130000000000024,78.14285714285681,9
17.48,18.139999999999986,78.10714285714354,9
17.49,18.139999999999986,78.10714285714354,9
17.5,18.140000000000015,78.10714285714354,9
17.51,18.149999999999977,78.0714285714293,9
17.52,18.159999999999997,80.96296296296303,9
17.53,18.159999999999997,80.96296296296303,9
17.54,18.170000000000016,80.96296296296303,9
17.55,18.170000000000016,78.0714285714282,9
17.56,18.169999999999987,78.0714285714283,9
17.57,18.17999999999998,80.96296296296315,9
17.58,18.189999999999998,80.92592592592604,9
17.59,18.189999999999998,80.92592592592604,9
17.6,18.190000000000026,80.92592592592604,9
17.61,18.19999999999999,83.9999999999995,9
17.62,18.19999999999999,80.88888888888903,9
17.63,18.210000000000008,80.88888888888903,9
17.64,18.210000000000008,80.88888888888903,9
17.65,18.22,80.85185185185192,9
17.66,18.22,83.96153846153905,9
17.67,18.22,83.96153846153915,9
17.68,18.24000000000001,83.92307692307755,9
17.69,18.24000000000001,83.92307692307755,9
17.7,18.23999999999998,80.81481481481502,9
17.71,18.24000000000001,83.9230769230764,9
17.72,18.25,83.88461538461489,9
17.73,18.25999999999999,83.88461538461489,9
17.74,18.26000000000002,83.88461538461489,9
17.75,18.25999999999999,87.24000000000001,9
17.76,18.27000000000001,87.19999999999993,9
17.77,18.28,83.84615384615327,9
17.78,18.28,83.84615384615338,9
17.79,18.28,83.84615384615338,9
17.8,18.289999999999992,87.15999999999997,9
17.81,18.289999999999992,87.16000000000008,9
17.82,18.30000000000001,87.15999999999997,9
17.83,18.30000000000001,87.15999999999997,9
17.84,18.309999999999974,87.12,9
17.85,18.310000000000002,87.12,9
17.86,18.319999999999993,87.12,9
17.87,18.319999999999993,87.12,9
17.88,18.32000000000002,87.12,9
17.89,18.329999999999984,87.08000000000004,9
17.9,18.329999999999984,90.70833333333397,9
17.91,18.340000000000003,90.70833333333385,9
17.92,18.340000000000003,87.03999999999996,9
17.93,18.350000000000023,87.0,9
17.94,18.349999999999994,87.0,9
17.95,18.359999999999985,90.62499999999925,9
17.96,18.359999999999985,90.62499999999925,9
17.97,18.360000000000014,90.62499999999925,9
17.98,18.369999999999976,90.58333333333262,9
17.99,18.380000000000024,90.5833333333325,9
18.0,18.379999999999995,90.58333333333397,9
18.01,18.379999999999995,90.58333333333397,9
18.02,18.379999999999995,90.58333333333397,9
18.03,18.400000000000006,90.54166666666721,9
18.04,18.399999999999977,90.54166666666733,9
18.05,18.400000000000006,94.47826086956499,9
18.06,18.400000000000006,94.47826086956499,9
18.07,18.409999999999997,94.47826086956512,9
18.08,18.420000000000016,90.49999999999925,9
18.09,18.419999999999987,90.49999999999925,9
18.1,18.419999999999987,94.43478260869547,9
18.11,18.430000000000007,94.43478260869547,9
18.12,18.430000000000007,94.43478260869547,9
18.13,18.430000000000007,94.43478260869547,9
18.14,18.439999999999998,94.39130434782595,9
18.15,18.44999999999999,98.68181818181714,9
18.16,18.44999999999999,94.34782608695642,9
18.17,18.450000000000017,94.3478260869563,9
18.18,18.44999999999999,94.3478260869563,9
18.19,18.470000000000027,94.30434782608677,9
18.2,18.47,98.59090909090959,9
18.21,18.47,98.59090909090959,9
18.22,18.47999999999999,98.59090909090959,9
18.23,18.480000000000018,94.30434782608677,9
18.24,18.47999999999999,94.30434782608677,9
18.25,18.47999999999999,98.59090909090959,9
18.26,18.5,98.54545454545509,9
18.27,18.5,98.54545454545509,9
18.28,18.5,98.54545454545509,9
18.29,18.5,98.54545454545496,9
18.3,18.50999999999999,103.23809523809486,9
18.31,18.50999999999999,98.54545454545509,9
18.32,18.50999999999999,98.50000000000058,9
18.33,18.53,98.45454545454595,9
18.34,18.53,98.45454545454595,9
18.35,18.53,103.14285714285845,9
18.36,18.539999999999992,103.14285714285845,9
18.37,18.539999999999992,103.14285714285845,9
18.38,18.539999999999992,103.14285714285859,9
18.39,18.54000000000002,98.45454545454595,9
18.4,18.560000000000002,98.40909090909145,9
18.41,18.560000000000002,103.09523809523756,9
18.42,18.560000000000002,103.0952380952377,9
18.43,18.569999999999993,103.0952380952377,9
18.44,18.569999999999993,103.0476190476187,9
18.45,18.569999999999993,103.04761904761857,9
18.46,18.569999999999993,108.20000000000046,9
18.47,18.579999999999984,108.20000000000046,9
18.48,18.580000000000013,103.04761904761857,9
18.49,18.590000000000003,102.99999999999956,9
18.5,18.599999999999994,102.9999999999997,9
18.51,18.599999999999994,108.14999999999844,9
18.52,18.599999999999994,108.14999999999844,9
18.53,18.609999999999985,108.14999999999844,9
18.54,18.610000000000014,108.09999999999835,9
18.55,18.610000000000014,108.09999999999849,9
18.56,18.620000000000005,102.95238095238055,9
18.57,18.619999999999976,108.1000000000004,9
18.58,18.620000000000005,108.1000000000004,9
18.59,18.639999999999986,108.05000000000045,9
18.6,18.640000000000015,108.05000000000031,9
18.61,18.640000000000015,108.05000000000031,9
18.62,18.639999999999986,113.73684210526459,9
18.63,18.649999999999977,113.68421052631727,9
18.64,18.650000000000006,108.00000000000036,9
18.65,18.650000000000006,108.00000000000036,9
18.66,18.659999999999997,108.00000000000036,9
18.67,18.660000000000025,108.00000000000036,9
18.68,18.659999999999997,113.684210526315,9
18.69,18.669999999999987,113.684210526315,9
18.7,18.669999999999987,113.68421052631514,9
18.71,18.670000000000016,113.63157894736767,9
18.72,18.689999999999998,113.57894736842036,9
18.73,18.690000000000026,113.57894736842233,9
18.74,18.689999999999998,113.57894736842233,9
18.75,18.69999999999999,113.57894736842248,9
18.76,18.69999999999999,113.57894736842248,9
18.77,18.700000000000017,113.57894736842233,9
18.78,18.710000000000008,113.57894736842248,9
18.79,18.70999999999998,119.83333333333348,9
18.8,18.720000000000027,119.83333333333348,9
18.81,18.72,113.52631578947289,9
18.82,18.72,113.52631578947289,9
18.83,18.72999999999999,113.52631578947303,9
18.84,18.730000000000018,113.52631578947289,9
18.85,18.72999999999999,119.83333333333348,9
18.86,18.73999999999998,119.77777777777798,9
18.87,18.73999999999998,119.77777777777798,9
18.88,18.74000000000001,119.77777777777798,9
18.89,18.75,119.77777777777798,9
18.9,18.75,119.77777777777798,9
18.91,18.75,119.77777777777798,9
18.92,18.769999999999982,119.72222222222247,9
18.93,18.769999999999982,119.66666666666697,9
18.94,18.77000000000001,119.66666666666681,9
18.95,18.78,119.66666666666681,9
18.96,18.78,126.70588235294268,9
18.97,18.79000000000002,126.70588235294251,9
18.98,18.789999999999992,119.66666666666681,9
18.99,18.789999999999992,119.66666666666681,9
19.0,18.799999999999983,119.61111111111131,9
19.01,18.80000000000001,119.61111111111131,9
19.02,18.80000000000001,126.64705882352814,9
19.03,18.810000000000002,126.64705882352814,9
19.04,18.810000000000002,126.64705882352814,9
19.05,18.810000000000002,126.64705882352814,9
19.06,18.819999999999993,126.58823529411644,9
19.07,18.819999999999993,119.55555555555344,9
19.08,18.830000000000013,126.58823529411627,9
19.09,18.830000000000013,126.58823529411644,9
19.1,18.829999999999984,126.58823529411644,9
19.11,18.840000000000003,126.58823529411627,9
19.12,18.840000000000003,126.52941176470456,9
19.13,18.840000000000003,126.52941176470456,9
19.14,18.849999999999994,134.4375,9
19.15,18.850000000000023,134.43749999999983,9
19.16,18.860000000000014,126.5294117647072,9
19.17,18.859999999999985,126.52941176470738,9
19.18,18.859999999999985,126.4705882352955,9
19.19,18.870000000000005,126.4705882352955,9
19.2,18.870000000000005,134.3749999999999,9
19.21,18.879999999999995,134.3749999999999,9
19.22,18.880000000000024,134.3749999999999,9
19.23,18.879999999999995,134.31249999999994,9
19.24,18.889999999999986,134.31249999999994,9
19.25,18.889999999999986,126.41176470588114,9
19.26,18.900000000000006,134.31249999999977,9
19.27,18.900000000000006,134.31249999999994,9
19.28,18.900000000000006,134.31249999999994,9
19.29,18.900000000000006,134.31249999999994,9
19.3,18.900000000000006,134.31249999999977,9
19.31,18.909999999999997,134.31249999999977,9
19.32,18.909999999999997,143.2666666666647,9
19.33,18.909999999999997,143.2666666666647,9
19.34,18.920000000000016,134.24999999999983,9
19.35,18.920000000000016,134.24999999999983,9
19.36,18.930000000000007,134.25,9
19.37,18.92999999999998,134.25,9
19.38,18.930000000000007,134.24999999999983,9
19.39,18.939999999999998,143.1333333333347,9
19.4,18.939999999999998,143.1333333333347,9
19.41,18.950000000000017,143.1333333333347,9
19.42,18.950000000000017,143.1333333333347,9
19.43,18.94999999999999,134.1874999999999,9
19.44,18.95999999999998,134.12499999999994,9
19.45,18.960000000000008,143.0666666666645,9
19.46,18.97,143.06666666666467,9
19.47,18.97,143.06666666666467,9
19.48,18.97,143.0666666666645,9
19.49,18.980000000000018,142.9999999999979,9
19.5,18.97,143.06666666666467,9
19.51,18.97999999999999,153.2857142857137,9
19.52,18.97999999999999,143.06666666666808,9
19.53,18.99000000000001,143.00000000000128,9
19.54,18.99000000000001,143.00000000000128,9
19.55,18.98999999999998,143.00000000000148,9
19.56,19.0,143.00000000000148,9
19.57,19.0,143.00000000000128,9
19.58,19.00999999999999,153.1428571428565,9
19.59,19.00999999999999,153.1428571428565,9
19.6,19.02000000000001,153.1428571428565,9
19.61,19.02000000000001,153.1428571428565,9
19.62,19.019999999999982,142.86666666666468,9
19.63,19.03,142.86666666666468,9
19.64,19.019999999999982,153.1428571428565,9
19.65,19.03,153.1428571428565,9
19.66,19.03,153.1428571428565,9
19.67,19.039999999999992,153.071428571428,9
19.68,19.04000000000002,153.0714285714278,9
19.69,19.039999999999992,153.071428571428,9
19.7,19.05000000000001,153.071428571428,9
19.71,19.049999999999983,153.00000000000338,9
19.72,19.060000000000002,153.00000000000318,9
19.73,19.060000000000002,153.00000000000318,9
19.74,19.060000000000002,153.07142857143188,9
19.75,19.060000000000002,153.00000000000338,9
19.76,19.069999999999993,153.00000000000338,9
19.77,19.07000000000002,153.00000000000318,9
19.78,19.069999999999993,164.76923076923194,9
19.79,19.079999999999984,164.69230769230893,9
19.8,19.080000000000013,164.69230769230893,9
19.81,19.090000000000003,152.9285714285708,9
19.82,19.090000000000003,152.9285714285708,9
19.83,19.099999999999994,152.85714285714226,9
19.84,19.090000000000003,164.69230769230893,9
19.85,19.100000000000023,164.69230769230893,9
19.86,19.099999999999994,164.69230769230893,9
19.87,19.109999999999985,164.61538461538592,9
19.88,19.109999999999985,164.61538461538592,9
19.89,19.110000000000014,164.61538461538592,9
19.9,19.120000000000005,164.61538461538592,9
19.91,19.120000000000005,164.53846153845842,9
19.92,19.120000000000005,164.61538461538143,9
19.93,19.120000000000005,164.6153846153812,9
19.94,19.129999999999995,164.61538461538143,9
19.95,19.129999999999995,164.53846153845842,9
19.96,19.139999999999986,164.53846153845842,9
19.97,19.140000000000015,164.5384615384582,9
19.98,19.150000000000006,178.2499999999984,9
19.99,19.150000000000006,178.16666666666515,9
20.0,19.150000000000006,178.24999999999864,9
20.01,19.149999999999977,164.5384615384629,9
20.02,19.150000000000006,164.53846153846268,9
20.03,19.159999999999997,164.46153846153967,9
20.04,19.159999999999997,164.46153846153967,9
20.05,19.170000000000016,178.16666666666515,9
20.06,19.170000000000016,178.0833333333319,9
20.07,19.170000000000016,178.16666666666515,9
20.08,19.169999999999987,178.16666666666515,9
20.09,19.17999999999998,178.16666666666538,9
20.1,19.180000000000007,178.0833333333319,9
20.11,19.189999999999998,164.38461538461218,9
20.12,19.189999999999998,178.0833333333319,9
20.13,19.189999999999998,178.16666666666515,9
20.14,19.189999999999998,178.0833333333319,9
20.15,19.200000000000017,178.0833333333319,9
20.16,19.19999999999999,178.0833333333319,9
20.17,19.20999999999998,177.99999999999864,9
20.18,19.210000000000008,177.9999999999984,9
20.19,19.210000000000008,194.27272727272805,9
20.2,19.210000000000008,194.27272727272833,9
20.21,19.22,178.00000000000392,9
20.22,19.22,178.00000000000392,9
20.23,19.230000000000018,178.00000000000367,9
20.24,19.22999999999999,177.9166666666704,9
20.25,19.22999999999999,178.00000000000367,9
20.26,19.22999999999999,178.00000000000392,9
20.27,19.22999999999999,194.1818181818193,9
20.28,19.24000000000001,194.09090909091003,9
20.29,19.24000000000001,194.09090909091003,9
20.3,19.25,194.0909090909103,9
20.31,19.23999999999998,177.91666666666515,9
20.32,19.25,177.91666666666515,9
20.33,19.25,177.91666666666515,9
20.34,19.25999999999999,194.09090909091003,9
20.35,19.25999999999999,194.00000000000102,9
20.36,19.25999999999999,194.0909090909103,9
20.37,19.26000000000002,194.09090909091003,9
20.38,19.27000000000001,194.00000000000102,9
20.39,19.269999999999982,194.00000000000102,9
20.4,19.279999999999973,194.00000000000102,9
20.41,19.269999999999982,194.00000000000102,9
20.42,19.28,194.00000000000102,9
20.43,19.28,194.00000000000102,9
20.44,19.289999999999992,193.90909090909201,9
20.45,19.29000000000002,193.90909090909176,9
20.46,19.29000000000002,194.00000000000077,9
20.47,19.30000000000001,194.00000000000102,9
20.48,19.30000000000001,193.90909090909201,9
20.49,19.310000000000002,213.30000000000467,9
20.5,19.310000000000002,213.3000000000044,9
20.51,19.310000000000002,213.3000000000044,9
20.52,19.310000000000002,193.90909090909176,9
20.53,19.319999999999993,193.90909090909201,9
20.54,19.319999999999993,193.818181818183,9
20.55,19.330000000000013,193.81818181818275,9
20.56,19.32000000000002,193.90909090909176,9
20.57,19.330000000000013,213.1999999999969,9
20.58,19.329999999999984,213.1999999999969,9
20.59,19.340000000000003,213.1999999999969,9
20.6,19.340000000000003,213.09999999999698,9
20.61,19.340000000000003,213.1999999999969,9
20.62,19.340000000000003,193.81818181818275,9
20.63,19.349999999999994,193.72727272727374,9
20.64,19.350000000000023,213.10000000000457,9
20.65,19.350000000000023,213.20000000000448,9
20.66,19.349999999999994,213.10000000000457,9
20.67,19.359999999999985,213.10000000000457,9
20.68,19.359999999999985,213.10000000000457,9
20.69,19.359999999999985,213.10000000000457,9
20.7,19.360000000000014,213.10000000000457,9
20.71,19.370000000000005,213.10000000000457,9
20.72,19.379999999999995,236.66666666666717,9
20.73,19.379999999999995,212.9999999999971,9
20.74,19.379999999999995,213.09999999999698,9
20.75,19.379999999999995,212.99999999999682,9
20.76,19.389999999999986,212.9999999999971,9
20.77,19.389999999999986,212.9999999999971,9
20.78,19.389999999999986,212.9999999999971,9
20.79,19.390000000000015,212.99999999999682,9
20.8,19.400000000000006,236.66666666666686,9
20.81,19.400000000000006,236.55555555555583,9
20.82,19.400000000000006,236.66666666666717,9
20.83,19.399999999999977,236.66666666666717,9
20.84,19.410000000000025,212.8999999999969,9
20.85,19.409999999999997,212.8999999999969,9
20.86,19.409999999999997,212.99999999999682,9
20.87,19.419999999999987,212.8999999999969,9
20.88,19.419999999999987,236.55555555555617,9
20.89,19.430000000000007,236.55555555555583,9
20.9,19.420000000000016,236.55555555555583,9
20.91,19.430000000000007,236.55555555555583,9
20.92,19.430000000000007,236.55555555555583,9
20.93,19.439999999999998,236.44444444444483,9
20.94,19.42999999999998,236.55555555555617,9
20.95,19.439999999999998,212.90000000000447,9
20.96,19.439999999999998,236.44444444444483,9
20.97,19.439999999999998,236.55555555555583,9
20.98,19.44999999999999,236.44444444444483,9
20.99,19.450000000000017,236.4444444444445,9
21.0,19.460000000000008,236.44444444444483,9
21.01,19.450000000000017,236.44444444444483,9
21.02,19.460000000000008,236.44444444444483,9
21.03,19.45999999999998,236.44444444444483,9
21.04,19.47,236.3333333333335,9
21.05,19.460000000000008,266.0000000000057,9
21.06,19.47,266.0000000000057,9
21.07,19.47999999999999,236.33333333333383,9
21.08,19.47,236.44444444444483,9
21.09,19.47999999999999,236.33333333333383,9
21.1,19.480000000000018,236.3333333333335,9
21.11,19.49000000000001,236.33333333333383,9
21.12,19.47999999999999,236.33333333333383,9
21.13,19.49000000000001,265.874999999994,9
21.14,19.5,265.874999999994,9
21.15,19.48999999999998,265.874999999994,9
21.16,19.5,265.87499999999363,9
21.17,19.5,265.74999999999375,9
21.18,19.50999999999999,236.2222222222228,9
21.19,19.5,236.33333333333383,9
21.2,19.50999999999999,236.2222222222228,9
21.21,19.51000000000002,265.75000000000557,9
21.22,19.51000000000002,265.87500000000546,9
21.23,19.52000000000001,265.75000000000557,9
21.24,19.519999999999982,265.7500000000059,9
21.25,19.53,265.6250000000057,9
21.26,19.52000000000001,265.75000000000557,9
21.27,19.53,265.75000000000557,9
21.28,19.53,265.6250000000057,9
21.29,19.53,265.75000000000557,9
21.3,19.539999999999992,265.7499999999941,9
21.31,19.54000000000002,265.62499999999386,9
21.32,19.650000000000006,265.74999999999375,9
21.33,19.659999999999997,265.62499999999386,9
21.34,19.659999999999997,265.62499999999386,9
21.35,19.650000000000006,265.74999999999375,9
21.36,19.659999999999997,265.62499999999386,9
21.37,19.659999999999997,265.62499999999386,9
21.38,19.669999999999987,265.499999999994,9
21.39,19.669999999999987,303.57142857142736,9
21.4,19.670000000000016,303.57142857142736,9
21.41,19.670000000000016,303.4285714285703,9
21.42,19.670000000000016,265.6250000000057,9
21.43,19.680000000000007,265.5000000000054,9
21.44,19.67999999999998,265.5000000000058,9
21.45,19.680000000000007,265.6250000000057,9
21.46,19.689999999999998,265.5000000000058,9
21.47,19.680000000000007,265.5000000000058,9
21.48,19.689999999999998,303.4285714285703,9
21.49,19.689999999999998,303.4285714285699,9
21.5,19.689999999999998,303.4285714285703,9
21.51,19.69999999999999,303.4285714285703,9
21.52,19.689999999999998,303.4285714285703,9
21.53,19.69999999999999,303.2857142857129,9
21.54,19.700000000000017,265.499999999994,9
21.55,19.700000000000017,265.49999999999363,9
21.56,19.710000000000008,265.37499999999375,9
21.57,19.69999999999999,303.4285714285703,9
21.58,19.70999999999998,303.2857142857133,9
21.59,19.710000000000008,303.2857142857129,9
21.6,19.710000000000008,303.4285714285699,9
21.61,19.72,303.2857142857129,9
21.62,19.72,303.2857142857129,9
21.63,19.72,303.2857142857129,9
21.64,19.72,303.2857142857133,9
21.65,19.72,303.2857142857129,9
21.66,19.72999999999999,303.2857142857129,9
21.67,19.730000000000018,303.2857142857129,9
21.68,19.730000000000018,303.1428571428559,9
21.69,19.730000000000018,303.2857142857129,9
21.7,19.74000000000001,303.1428571428559,9
21.71,19.73999999999998,303.1428571428559,9
21.72,19.74000000000001,303.2857142857129,9
21.73,19.74000000000001,303.1428571428559,9
21.74,19.74000000000001,303.2857142857129,9
21.75,19.75,353.66666666665327,9
21.76,19.75,353.66666666665327,9
21.77,19.75,353.66666666665327,9
21.78,19.75,303.1428571428559,9
21.79,19.75,303.1428571428559,9
21.8,19.75999999999999,303.1428571428559,9
21.81,19.76000000000002,303.1428571428559,9
21.82,19.75999999999999,302.99999999999886,9
21.83,19.76000000000002,303.1428571428559,9
21.84,19.77000000000001,302.99999999999847,9
21.85,19.769999999999982,353.5000000000077,9
21.86,19.75999999999999,353.6666666666742,9
21.87,19.77000000000001,353.5000000000077,9
21.88,19.77000000000001,353.6666666666742,9
21.89,19.78,353.5000000000077,9
21.9,19.78,353.5000000000072,9
21.91,19.78,302.99999999999847,9
21.92,19.78,302.99999999999886,9
21.93,19.78,302.99999999999886,9
21.94,19.789999999999992,353.49999999998676,9
21.95,19.78,353.49999999998676,9
21.96,19.789999999999992,353.49999999998676,9
21.97,19.79000000000002,353.49999999998624,9
21.98,19.80000000000001,353.33333333331973,9
21.99,19.799999999999983,353.49999999998676,9
22.0,19.799999999999983,353.33333333332024,9
22.01,19.80000000000001,353.33333333331973,9
22.02,19.80000000000001,353.49999999998676,9
22.03,19.810000000000002,353.33333333331973,9
22.04,19.80000000000001,353.5000000000072,9
22.05,19.810000000000002,353.3333333333407,9
22.06,19.810000000000002,353.33333333334116,9
22.07,19.819999999999993,353.33333333334116,9
22.08,19.810000000000002,353.3333333333407,9
22.09,19.819999999999993,353.33333333334116,9
22.1,19.819999999999993,353.3333333333407,9
22.11,19.82000000000002,353.3333333333407,9
22.12,19.82000000000002,353.3333333333407,9
22.13,19.819999999999993,353.33333333334116,9
22.14,19.829999999999984,423.9999999999943,9
22.15,19.829999999999984,423.99999999999375,9
22.16,19.829999999999984,423.79999999999393,9
22.17,19.830000000000013,353.33333333331973,9
22.18,19.840000000000003,353.16666666665327,9
22.19,19.840000000000003,353.33333333331973,9
22.2,19.840000000000003,353.16666666665327,9
22.21,19.840000000000003,353.16666666665327,9
22.22,19.840000000000003,353.33333333331973,9
22.23,19.77,,9
22.24,19.77,,9
22.25,19.77,,9
22.26,19.78,,9
22.27,19.779999999999998,,9
22.28,19.78,,9
22.29,19.78,,9
22.3,19.79,,9
22.31,19.790000000000003,,9
22.32,19.79,,9
22.33,19.799999999999997,,9
22.34,19.79,,9
22.35,19.799999999999997,,9
22.36,19.810000000000002,,9
22.37,19.799999999999997,,9
22.38,19.810000000000002,,9
22.39,19.799999999999997,,9
22.4,19.810000000000002,,9
22.41,19.81,,9
22.42,19.810000000000002,,9
22.43,19.82,,9
22.44,19.82,,9
22.45,19.82,,9
22.46,19.82,,9
22.47,19.83,,9
22.48,19.82,,9
22.49,19.83,,9
22.5,19.84,,9
22.51,19.83,,9
22.52,19.84,,9
22.53,19.84,,9
22.54,19.839999999999996,,9
22.55,19.84,,9
22.56,19.85,,9
22.57,19.85,,9
22.58,19.85,,9
22.59,19.860000000000003,,9
22.6,19.85,,9
22.61,19.86,,9
22.62,19.86,,9
22.63,19.86,,9
22.64,19.86,,9
22.65,19.869999999999997,,9
22.66,19.869999999999997,,9
22.67,19.869999999999997,,9
22.68,19.880000000000003,,9
22.69,19.869999999999997,,9
22.7,19.880000000000003,,9
22.71,19.88,,9
22.72,19.880000000000003,,9
22.73,19.88,,9
22.74,19.89,,9
22.75,19.89,,9
22.76,19.89,,9
22.77,19.9,,9
22.78,19.89,,9
22.79,19.9,,9
22.8,19.9,,9
22.81,19.9,,9
22.82,19.9,,9
22.83,19.909999999999997,,9
22.84,19.9,,9
22.85,19.909999999999997,,9
22.86,19.910000000000004,,9
22.87,19.909999999999997,,9
22.88,19.92,,9
22.89,19.92,,9
22.9,19.92,,9
22.91,19.92,,9
22.92,19.93,,9
22.93,19.92,,9
22.94,19.93,,9
22.95,19.93,,9
22.96,19.93,,9
22.97,19.93,,9
22.98,19.939999999999998,,9
22.99,19.93,,9
23.0,19.939999999999998,,9
23.01,19.940000000000005,,9
23.02,19.950000000000003,,9
23.03,19.94,,9
23.04,19.950000000000003,,9
23.05,19.96,,9
23.06,19.950000000000003,,9
23.07,19.96,,9
23.08,19.96,,9
23.09,19.96,,9
23.1,19.959999999999997,,9
23.11,19.97,,9
23.12,19.959999999999997,,9
23.13,19.97,,9
23.14,19.970000000000002,,9
23.15,19.97,,9
23.16,19.970000000000002,,9
23.17,19.98,,9
23.18,19.98,,9
23.19,19.98,,9
23.2,19.98,,9
23.21,19.99,,9
23.22,19.98,528.7499999999643,9
23.23,19.99,528.4999999999643,9
23.24,19.99,704.9999999999733,9
23.25,19.99,704.66666666664,9
23.26,19.99,704.9999999999733,9
23.27,19.999999999999996,704.66666666664,9
23.28,19.99,704.9999999999733,9
23.29,20.000000000000004,704.66666666664,9
23.3,20.000000000000004,528.7500000000113,9
23.31,20.01,528.5000000000113,9
23.32,20.000000000000004,528.7500000000113,9
23.33,20.01,528.5000000000113,9
23.34,20.009999999999998,528.7500000000114,9
23.35,20.01,528.5000000000113,9
23.36,20.009999999999998,705.0000000000568,9
23.37,20.02,704.6666666667235,9
23.38,20.019999999999996,704.6666666667235,9
23.39,20.02,704.6666666667234,9
23.4,20.019999999999996,704.6666666667235,9
23.41,20.03,704.6666666667235,9
23.42,20.019999999999996,704.6666666667235,9
23.43,20.03,704.6666666667235,9
23.44,20.03,704.6666666667235,9
23.45,20.03,704.6666666667235,9
23.46,20.03,528.5000000000113,9
23.47,20.04,528.5000000000113,9
23.48,20.04,704.66666666664,9
23.49,20.04,704.3333333333068,9
23.5,20.04,704.66666666664,9
23.51,20.049999999999997,704.3333333333067,9
23.52,20.04,704.66666666664,9
23.53,20.049999999999997,704.3333333333067,9
23.54,20.050000000000004,704.66666666664,9
23.55,20.05,704.66666666664,9
23.56,20.050000000000004,704.66666666664,9
23.57,20.05,704.66666666664,9
23.58,20.060000000000002,704.3333333333067,9
23.59,20.05,704.66666666664,9
23.6,20.06,704.3333333333068,9
23.61,20.06,704.6666666667235,9
23.62,20.069999999999997,704.3333333333901,9
23.63,20.06,704.6666666667235,9
23.64,20.069999999999997,704.3333333333901,9
23.65,20.069999999999997,704.6666666667235,9
23.66,20.069999999999997,704.3333333333901,9
23.67,20.070000000000004,704.33333333339,9
23.68,20.080000000000002,704.3333333333901,9
23.69,20.080000000000002,704.33333333339,9
23.7,20.080000000000002,704.3333333333901,9
23.71,20.080000000000002,704.33333333339,9
23.72,20.089999999999996,704.3333333333901,9
23.73,20.08,704.3333333333901,9
23.74,20.08,1057.0000000000225,9
23.75,20.089999999999996,1056.5000000000227,9
23.76,20.089999999999996,1056.5000000000227,9
23.77,20.089999999999996,1056.5000000000227,9
23.78,20.089999999999996,704.3333333333068,9
23.79,20.1,704.3333333333068,9
23.8,20.1,704.3333333333068,9
23.81,20.1,704.3333333333068,9
23.82,20.1,704.3333333333068,9
23.83,20.11,703.9999999999734,9
23.84,20.1,704.3333333333067,9
23.85,20.1,704.3333333333067,9
23.86,20.11,704.3333333333067,9
23.87,20.11,1056.5000000000225,9
23.88,20.11,1056.5000000000225,9
23.89,20.11,1056.5000000000223,9
23.9,20.120000000000005,1056.0000000000223,9
23.91,20.120000000000005,1056.5000000000223,9
23.92,20.120000000000005,1056.0000000000223,9
23.93,20.120000000000005,1056.5000000000223,9
23.94,20.130000000000003,704.0000000000566,9
23.95,20.120000000000005,704.3333333333899,9
23.96,20.119999999999997,704.3333333333901,9
23.97,20.130000000000003,704.0000000000566,9
23.98,20.129999999999995,704.3333333333901,9
23.99,20.130000000000003,704.0000000000566,9
24.0,20.129999999999995,704.3333333333901,9
24.01,20.139999999999993,1056.0000000000227,9
24.02,20.14,1056.5000000000227,9
24.03,20.139999999999993,1056.0000000000227,9
24.04,20.14,1056.0000000000225,9
24.05,20.14,1056.5000000000227,9
24.06,20.15,1056.0000000000225,9
24.07,20.14,1056.5000000000225,9
24.08,20.15,1056.0000000000225,9
24.09,20.15,1056.0000000000225,9
24.1,20.15,1056.0000000000225,9
24.11,20.15,703.9999999999734,9
24.12,20.159999999999997,703.9999999999734,9
24.13,20.160000000000004,703.9999999999734,9
24.14,20.15,704.3333333333067,9
24.15,20.160000000000004,1056.0000000000225,9
24.16,20.160000000000004,1056.0000000000223,9
24.17,20.17,1056.0000000000223,9
24.18,20.160000000000004,1056.0000000000223,9
24.19,20.17,1056.0000000000223,9
24.2,20.17,1056.0000000000223,9
24.21,20.17,1056.0000000000223,9
24.22,20.17,1056.0000000000223,9
24.23,20.169999999999995,1056.0000000000227,9
24.24,20.18,1056.0000000000223,9
24.25,20.18,1056.0000000000227,9
24.26,20.18,1055.5000000000223,9
24.27,20.179999999999993,1056.0000000000227,9
24.28,20.179999999999993,703.9999999999734,9
24.29,20.18999999999999,1055.999999999835,9
24.3,20.18,1055.999999999835,9
24.31,20.189999999999998,1055.4999999998352,9
24.32,20.189999999999998,1055.999999999835,9
24.33,20.199999999999996,1055.4999999998352,9
24.34,20.190000000000005,1055.999999999835,9
24.35,20.190000000000005,1055.999999999835,9
24.36,20.200000000000003,1055.499999999835,9
24.37,20.200000000000003,1055.999999999835,9
24.38,20.199999999999996,1055.499999999835,9
24.39,20.199999999999996,1055.9999999998347,9
24.4,20.199999999999996,1055.9999999998347,9
24.41,20.210000000000008,1055.499999999835,9
24.42,20.200000000000003,1055.9999999998347,9
24.43,20.21,2110.99999999967,9
24.44,20.21,2111.9999999996694,9
24.45,20.22,2110.99999999967,9
24.46,20.210000000000008,1055.5000000000223,9
24.47,20.21,1056.0000000000227,9
24.48,20.220000000000006,1055.5000000000223,9
24.49,20.22,1056.0000000000227,9
24.5,20.22,1055.5000000000223,9
24.51,20.21999999999999,1055.5000000000227,9
24.52,20.21999999999999,1056.0000000000225,9
24.53,20.230000000000004,1055.5000000000227,9
24.54,20.22,1056.0000000000225,9
24.55,20.229999999999997,1055.5000000000227,9
24.56,20.229999999999997,1055.5000000000225,9
24.57,20.229999999999997,1056.0000000000225,9
24.58,20.230000000000004,2111.0000000004197,9
24.59,20.230000000000004,2112.00000000042,9
24.6,20.240000000000002,2111.0000000004197,9
24.61,20.240000000000002,2111.0000000004197,9
24.62,20.229999999999997,2112.0000000004197,9
24.63,20.239999999999995,2111.0000000004197,9
24.64,20.24000000000001,1055.5000000000225,9
24.65,20.25,1055.5000000000225,9
24.66,20.250000000000007,1055.5000000000223,9
24.67,20.239999999999995,1056.0000000000227,9
24.68,20.25,1055.5000000000223,9
24.69,20.249999999999993,1055.5000000000227,9
24.7,20.259999999999998,1055.5000000000225,9
24.71,20.25,1055.5000000000225,9
24.72,20.25,1056.0000000000227,9
24.73,20.259999999999998,2110.99999999967,9
24.74,20.259999999999998,2110.99999999967,9
24.75,20.25999999999999,2110.99999999967,9
24.76,20.260000000000005,2110.99999999967,9
24.77,20.260000000000005,2110.99999999967,9
24.78,20.270000000000003,2110.99999999967,9
24.79,20.259999999999998,2110.99999999967,9
24.8,20.269999999999996,2110.99999999967,9
24.81,20.269999999999996,2110.99999999967,9
24.82,20.269999999999996,2110.99999999967,9
24.83,20.279999999999994,1055.5000000000225,9
24.84,20.270000000000003,1055.5000000000225,9
24.85,20.28,1055.0000000000225,9
24.86,20.279999999999998,1055.5000000000225,9
24.87,20.28,1055.5000000000225,9
24.88,20.279999999999998,1055.5000000000225,9
24.89,20.28,2111.0000000004206,9
24.9,20.28,2111.0000000004197,9
24.91,20.289999999999996,2111.0000000004206,9
24.92,20.279999999999994,2111.0000000004197,9
24.93,20.289999999999992,2110.0000000004197,9
24.94,20.289999999999992,2111.0000000004197,9
24.95,20.290000000000006,2111.0000000004197,9
24.96,20.3,2110.0000000004197,9
24.97,20.29,2111.0000000004197,9
24.98,20.299999999999997,2110.0000000004197,9
24.99,20.299999999999997,2111.0000000004197,9
25.0,20.299999999999997,2111.0000000004197,9
25.01,20.300000000000004,2110.0000000004197,9
25.02,20.3,1055.5000000000225,9
25.03,20.300000000000004,1055.5000000000225,9
25.04,20.309999999999995,1055.0000000000225,9
25.05,20.31,2110.99999999967,9
25.06,20.309999999999995,2109.9999999996703,9
25.07,20.31000000000001,2109.9999999996694,9
25.08,20.310000000000002,2110.99999999967,9
25.09,20.320000000000004,2109.9999999996694,9
25.1,20.309999999999995,2110.99999999967,9
25.11,20.309999999999995,2110.99999999967,9
25.12,20.319999999999993,2109.9999999996703,9
25.13,20.319999999999993,2110.99999999967,9
25.14,20.32,2109.9999999996703,9
25.15,20.32,2109.9999999996703,9
25.16,20.32,2110.99999999967,9
25.17,20.33,2109.9999999996703,9
25.18,20.33,2109.9999999996703,9
25.19,20.320000000000007,2110.99999999967,9
25.2,20.33,2109.999999999671,9
25.21,20.33,1055.5000000000227,9
25.22,20.33,2111.0000000004206,9
25.23,20.340000000000003,2110.0000000004193,9
25.24,20.33,2111.0000000004197,9
25.25,20.33999999999999,2110.0000000004197,9
25.26,20.340000000000003,2110.0000000004197,9
25.27,20.330000000000002,2111.0000000004197,9
25.28,20.340000000000003,2110.0000000004193,9
25.29,20.34,2110.0000000004193,9
25.3,20.34,2111.0000000004193,9
25.31,20.34,2110.0000000004197,9
25.32,20.349999999999994,2110.0000000004197,9
25.33,20.34,2111.0000000004197,9
25.34,20.349999999999998,2110.0000000004193,9
25.35,20.349999999999994,2110.0000000004206,9
25.36,20.349999999999994,2111.0000000004206,9
25.37,20.349999999999998,2110.0000000004197,9
25.38,20.35000000000001,,9
25.39,20.349999999999998,,9
25.4,20.36,,9
25.41,20.36,2109.9999999996703,9
25.42,20.360000000000003,2109.9999999996694,9
25.43,20.36,2109.9999999996694,9
25.44,20.36,2110.9999999996694,9
25.45,20.360000000000003,2109.9999999996703,9
25.46,20.37,2109.9999999996703,9
25.47,20.36,2110.99999999967,9
25.48,20.36,2109.9999999996694,9
25.49,20.369999999999997,2109.9999999996694,9
25.5,20.36,2110.9999999996708,9
25.51,20.369999999999997,2109.9999999996703,9
25.52,20.369999999999997,2109.9999999996703,9
25.53,20.369999999999997,2110.99999999967,9
25.54,20.369999999999997,2109.999999999671,9
25.55,20.379999999999995,2109.9999999996703,9
25.56,20.369999999999997,,9
25.57,20.380000000000003,,9
25.58,20.380000000000003,,9
25.59,20.380000000000003,,9
25.6,20.380000000000003,,9
25.61,20.39,,9
25.62,20.380000000000003,2109.9999999996694,9
25.63,20.38,2109.9999999996694,9
25.64,20.39,2109.9999999996694,9
25.65,20.380000000000003,2109.9999999996703,9
25.66,20.39,2109.9999999996703,9
25.67,20.39,2109.9999999996703,9
25.68,20.39,2109.999999999671,9
25.69,20.39,2109.999999999671,9
25.7,20.39999999999999,2109.9999999996703,9
25.71,20.389999999999993,2109.9999999996703,9
25.72,20.400000000000006,2109.9999999996694,9
25.73,20.4,2109.9999999996694,9
25.74,20.39,,9
25.75,20.4,,9
25.76,20.4,,9
25.77,20.4,,9
25.78,20.4,,9
25.79,20.409999999999997,,9
25.8,20.4,,9
25.81,20.409999999999997,,9
25.82,20.409999999999997,,9
25.83,20.4,2110.0000000004206,9
25.84,20.409999999999997,2110.0000000004206,9
25.85,20.410000000000004,2110.0000000004197,9
25.86,20.409999999999997,2110.0000000004197,9
25.87,20.410000000000004,2110.0000000004193,9
25.88,20.42,2110.0000000004193,9
25.89,20.42,2109.0000000004197,9
25.9,20.42,2110.0000000004197,9
25.91,20.42,2110.0000000004197,9
25.92,20.42,,9
25.93,20.42,,9
25.94,20.42,,9
25.95,20.429999999999993,,9
25.96,20.42,,9
25.97,20.43,,9
25.98,20.430000000000007,,9
25.99,20.43,,9
26.0,20.43,,9
26.01,20.43,,9
26.02,20.43,,9
26.03,20.43,,9
26.04,20.439999999999998,,9
26.05,20.43,2109.9999999996703,9
26.06,20.439999999999998,2109.9999999996703,9
26.07,20.439999999999998,2109.9999999996703,9
26.08,20.43,2109.9999999996694,9
26.09,20.439999999999998,2109.9999999996694,9
26.1,20.439999999999998,2109.999999999671,9
26.11,20.449999999999996,,9
26.12,20.439999999999998,,9
26.13,20.450000000000003,,9
26.14,20.450000000000003,,9
26.15,20.440000000000005,,9
26.16,20.450000000000003,,9
26.17,20.450000000000003,,9
26.18,20.450000000000003,,9
26.19,20.450000000000003,,9
26.2,20.46,,9
26.21,20.449999999999996,,9
26.22,20.450000000000003,,9
26.23,20.460000000000008,,9
26.24,20.46,,9
26.25,20.46,,9
26.26,20.459999999999994,,9
26.27,20.459999999999994,,9
26.28,20.46,2110.0000000004193,9
26.29,20.46,2110.0000000004193,9
26.3,20.47,2110.0000000004193,9
26.31,20.459999999999994,,9
26.32,20.46999999999999,,9
26.33,20.470000000000006,,9
26.34,20.46,,9
26.35,20.47,,9
26.36,20.47,,9
26.37,20.479999999999997,,9
26.38,20.470000000000006,,9
26.39,20.470000000000006,,9
26.4,20.480000000000004,,9
26.41,20.47,,9
26.42,20.479999999999997,,9
26.43,20.479999999999997,,9
26.44,20.480000000000004,,9
26.45,20.480000000000004,,9
26.46,20.479999999999997,,9
26.47,20.490000000000002,,9
26.48,20.480000000000004,,9
26.49,20.49000000000001,,9
26.5,20.490000000000002,,9
26.51,20.479999999999997,2109.999999999671,9
26.52,20.489999999999995,,9
26.53,20.489999999999995,,9
26.54,20.499999999999993,,9
26.55,20.490000000000002,,9
26.56,20.490000000000002,,9
26.57,20.5,,9
26.58,20.489999999999995,,9
26.59,20.499999999999993,,9
26.6,20.500000000000007,,9
26.61,20.490000000000002,,9
26.62,20.5,,9
26.63,20.5,,9
26.64,20.509999999999998,,9
26.65,20.500000000000007,,9
26.66,20.5,,9
26.67,20.510000000000005,,9
26.68,20.499999999999993,,9
26.69,20.509999999999998,,9
26.7,20.50999999999999,,9
26.71,20.510000000000005,,9
26.72,20.509999999999998,,9
26.73,20.509999999999998,,9
26.74,20.519999999999996,,9
26.75,20.510000000000005,,9
26.76,20.510000000000005,,9
26.77,20.520000000000003,,9
26.78,20.520000000000003,,9
26.79,20.519999999999996,,9
26.8,20.519999999999996,,9
26.81,20.519999999999996,,9
26.82,20.520000000000003,,9
26.83,20.520000000000003,,9
26.84,20.520000000000003,,9
26.85,20.53,,9
26.86,20.52000000000001,,9
26.87,20.53000000000001,,9
26.88,20.53,,9
26.89,20.53,,9
26.9,20.529999999999994,,9
26.91,20.529999999999994,,9
26.92,20.539999999999992,,9
26.93,20.53,,9
26.94,20.53,,9
26.95,20.54,,9
26.96,20.54,,9
26.97,20.529999999999994,,9
26.98,20.540000000000006,,9
26.99,20.540000000000006,,9
27.0,20.54,,9
27.01,20.54,,9
27.02,20.54,,9
27.03,20.549999999999997,,9
27.04,20.540000000000006,,9
27.05,20.54,,9
27.06,20.550000000000004,,9
27.07,20.549999999999997,,9
27.08,20.549999999999997,,9
27.09,20.550000000000004,,9
27.1,20.550000000000004,,9
27.11,20.549999999999997,,9
27.12,20.549999999999997,,9
27.13,20.549999999999997,,9
27.14,20.560000000000002,,9
27.15,20.549999999999997,,9
27.16,20.560000000000002,,9
27.17,20.560000000000002,,9
27.18,20.560000000000002,,9
27.19,20.559999999999988,,9
27.2,20.559999999999988,,9
27.21,20.560000000000002,,9
27.22,20.570000000000007,,9
27.23,20.560000000000002,,9
27.24,20.560000000000002,,9
27.25,20.569999999999993,,9
27.26,20.560000000000002,,9
27.27,20.570000000000007,,9
27.28,20.570000000000007,,9
27.29,20.570000000000007,,9
27.3,20.569999999999993,,9
27.31,20.569999999999993,,9
27.32,20.570000000000007,,9
27.33,20.580000000000013,,9
27.34,20.569999999999993,,9
27.35,20.569999999999993,,9
27.36,20.58,,9
27.37,20.58,,9
27.38,20.58,,9
27.39,20.58,,9
27.4,20.58,,9
27.41,20.590000000000003,,9
27.42,20.58,,9
27.43,20.58,,9
27.44,20.590000000000003,,9
27.45,20.590000000000003,,9
27.46,20.58,,9
27.47,20.590000000000003,,9
27.48,20.590000000000003,,9
27.49,20.58,,9
27.5,20.590000000000003,,9
27.51,20.590000000000003,,9
27.52,20.599999999999994,,9
27.53,20.58999999999999,,9
27.54,20.58999999999999,,9
27.55,20.60000000000001,,9
27.56,20.60000000000001,,9
27.57,20.590000000000003,,9
27.58,20.599999999999994,,9
27.59,20.599999999999994,,9
27.6,20.599999999999994,,9
27.61,20.60000000000001,,9
27.62,20.60000000000001,,9
27.63,20.60000000000001,,9
27.64,20.61,,9
27.65,20.599999999999994,,9
27.66,20.599999999999994,,9
27.67,20.61,,9
27.68,20.61,,9
27.69,20.599999999999994,,9
27.7,20.61,,9
27.71,20.61,,9
27.72,20.61,,9
27.73,20.61,,9
27.74,20.61,,9
27.75,20.61,,9
27.76,20.620000000000005,,9
27.77,20.61,,9
27.78,20.620000000000005,,9
27.79,20.620000000000005,,9
27.8,20.620000000000005,,9
27.81,20.620000000000005,,9
27.82,20.61999999999999,,9
27.83,20.61999999999999,,9
27.84,20.629999999999995,,9
27.85,20.629999999999995,,9
27.86,20.620000000000005,,9
27.87,20.629999999999995,,9
27.88,20.629999999999995,,9
27.89,20.629999999999995,,9
27.9,20.63000000000001,,9
27.91,20.63000000000001,,9
27.92,20.63000000000001,,9
27.93,20.64,,9
27.94,20.629999999999995,,9
27.95,20.629999999999995,,9
27.96,20.64,,9
27.97,20.639999999999986,,9
27.98,20.629999999999995,,9
27.99,20.64,,9
28.0,20.64,,9
28.01,20.64,,9
28.02,20.63000000000001,,9
28.03,20.64,,9
28.04,20.64,,9
28.05,20.64,,9
28.06,20.64,,9
28.07,20.64,,9
28.08,20.64,,9
28.09,20.650000000000006,,9
28.1,20.650000000000006,,9
28.11,20.64,,9
28.12,20.64999999999999,,9
28.13,20.64999999999999,,9
28.14,20.64999999999999,,9
28.15,20.650000000000006,,9
28.16,20.650000000000006,,9
28.17,20.650000000000006,,9
28.18,20.659999999999997,,9
28.19,20.64999999999999,,9
28.2,20.64999999999999,,9
28.21,20.66000000000001,,9
28.22,20.66000000000001,,9
28.23,20.66000000000001,,9
28.24,20.659999999999997,,9
28.25,20.659999999999997,,9
28.26,20.659999999999997,,9
28.27,20.669999999999987,,9
28.28,20.659999999999997,,9
28.29,20.659999999999997,,9
28.3,20.659999999999997,,9
28.31,20.67,,9
28.32,20.66000000000001,,9
28.33,20.66000000000001,,9
28.34,20.67,,9
28.35,20.67,,9
28.36,20.67,,9
28.37,20.67,,9
28.38,20.67,,9
28.39,20.669999999999987,,9
28.4,20.680000000000007,,9
28.41,20.67,,9
28.42,20.67,,9
28.43,20.679999999999993,,9
28.44,20.679999999999993,,9
28.45,20.679999999999993,,9
28.46,20.67,,9
28.47,20.680000000000007,,9
28.48,20.680000000000007,,9
28.49,20.680000000000007,,9
28.5,20.679999999999993,,9
28.51,20.679999999999993,,9
28.52,20.680000000000007,,9
28.53,20.690000000000012,,9
28.54,20.689999999999998,,9
28.55,20.679999999999993,,9
28.56,20.689999999999998,,9
28.57,20.689999999999998,,9
28.58,20.689999999999998,,9
28.59,20.680000000000007,,9
28.6,20.689999999999998,,9
28.61,20.689999999999998,,9
28.62,20.689999999999998,,9
28.63,20.700000000000003,,9
28.64,20.690000000000012,,9
28.65,20.689999999999998,,9
28.66,20.700000000000003,,9
28.67,20.700000000000003,,9
28.68,20.689999999999998,,9
28.69,20.689999999999998,,9
28.7,20.69999999999999,,9
28.71,20.700000000000003,,9
28.72,20.700000000000003,,9
28.73,20.700000000000003,,9
28.74,20.700000000000003,,9
28.75,20.700000000000003,,9
28.76,20.700000000000003,,9
28.77,20.709999999999994,,9
28.78,20.700000000000003,,9
28.79,20.700000000000003,,9
28.8,20.709999999999994,,9
28.81,20.709999999999994,,9
28.82,20.709999999999994,,9
28.83,20.710000000000008,,9
28.84,20.710000000000008,,9
28.85,20.710000000000008,,9
28.86,20.710000000000008,,9
28.87,20.709999999999994,,9
28.88,20.709999999999994,,9
28.89,20.709999999999994,,9
28.9,20.72,,9
28.91,20.720000000000013,,9
28.92,20.709999999999994,,9
28.93,20.709999999999994,,9
28.94,20.72,,9
28.95,20.72,,9
28.96,20.72,,9
28.97,20.72,,9
28.98,20.72,,9
28.99,20.72,,9
29.0,20.72,,9
29.01,20.730000000000004,,9
29.02,20.720000000000013,,9
29.03,20.72,,9
29.04,20.730000000000004,,9
29.05,20.730000000000004,,9
29.06,20.730000000000004,,9
29.07,20.72,,9
29.08,20.72999999999999,,9
29.09,20.72999999999999,,9
29.1,20.730000000000004,,9
29.11,20.77,,9
29.12,20.769999999999996,,9
29.13,20.769999999999996,,9
29.14,20.769999999999996,,9
29.15,20.770000000000003,,9
29.16,20.770000000000003,,9
29.17,20.77,,9
29.18,20.779999999999998,,9
29.19,20.779999999999998,,9
29.2,20.779999999999998,,9
29.21,20.78,,9
29.22,20.769999999999996,,9
29.23,20.770000000000003,,9
29.24,20.78,,9
29.25,20.78,,9
29.26,20.779999999999998,,9
29.27,20.779999999999998,,9
29.28,20.779999999999998,,9
29.29,20.790000000000003,,9
29.3,20.790000000000003,,9
29.31,20.79,,9
29.32,20.78,,9
29.33,20.78,,9
29.34,20.79,,9
29.35,20.79,,9
29.36,20.789999999999996,,9
29.37,20.790000000000003,,9
29.38,20.790000000000003,,9
29.39,20.79,,9
29.4,20.8,,9
29.41,20.79,,9
29.42,20.79,,9
29.43,20.79,,9
29.44,20.789999999999996,,9
29.45,20.800000000000004,,9
29.46,20.8,,9
29.47,20.8,,9
29.48,20.8,,9
29.49,20.799999999999997,,9
29.5,20.799999999999997,,9
29.51,20.799999999999997,,9
29.52,20.799999999999997,,9
29.53,20.800000000000004,,9
29.54,20.8,,9
29.55,20.8,,9
29.56,20.81,,9
29.57,20.81,,9
29.58,20.81,,9
29.59,20.810000000000002,,9
29.6,20.810000000000002,,9
29.61,20.800000000000004,,9
29.62,20.810000000000002,,9
29.63,20.810000000000002,,9
29.64,20.810000000000002,,9
29.65,20.809999999999995,,9
29.66,20.809999999999995,,9
29.67,20.82,,9
29.68,20.82,,9
29.69,20.82,,9
29.7,20.810000000000002,,9
29.71,20.810000000000002,,9
29.72,20.810000000000002,,9
29.73,20.82,,9
29.74,20.82,,9
29.75,20.82,,9
29.76,20.82,,9
29.77,20.82,,9
29.78,20.82,,9
29.79,20.83,,9
29.8,20.83,,9
29.81,20.82,,9
29.82,20.82,,9
29.83,20.82,,9
29.84,20.82,,9
29.85,20.83,,9
29.86,20.83,,9
29.87,20.83,,9
29.88,20.83,,9
29.89,20.830000000000005,,9
29.9,20.830000000000005,,9
29.91,20.830000000000005,,9
29.92,20.830000000000005,,9
29.93,20.83,,9
29.94,20.83,,9
29.95,20.83,,9
29.96,20.83,,9
29.97,20.840000000000003,,9
29.98,20.840000000000003,,9
29.99,20.840000000000003,,9
30.0,20.840000000000003,,9
30.01,20.83,,9
30.02,20.83,,9
30.03,20.839999999999996,,9
30.04,20.839999999999996,,9
30.05,20.840000000000003,,9
30.06,20.8,,9
30.07,20.799999999999997,,9
30.08,20.8,,9
30.09,20.8,,9
30.1,20.799999999999997,,9
30.11,20.810000000000002,,9
30.12,20.799999999999997,,9
30.13,20.8,,9
30.14,20.8,,9
30.15,20.81,,9
30.16,20.810000000000002,,9
30.17,20.81,,9
30.18,20.8,,9
30.19,20.81,,9
30.2,20.81,,9
30.21,20.810000000000002,,9
30.22,20.81,,9
30.23,20.82,,9
30.24,20.81,,9
30.25,20.81,,9
30.26,20.810000000000002,,9
30.27,20.82,,9
30.28,20.82,,9
30.29,20.82,,9
30.3,20.81,,9
30.31,20.810000000000002,,9
30.32,20.82,,9
30.33,20.82,,9
30.34,20.82,,9
30.35,20.82,,9
30.36,20.82,,9
30.37,20.82,,9
30.38,20.82,,9
30.39,20.82,,9
30.4,20.83,,9
30.41,20.83,,9
30.42,20.82,,9
30.43,20.82,,9
30.44,20.83,,9
30.45,20.83,,9
30.46,20.83,,9
30.47,20.83,,9
30.48,20.82,,9
30.49,20.83,,9
30.5,20.83,,9
30.51,20.830000000000002,,9
30.52,20.83,,9
30.53,20.84,,9
30.54,20.83,,9
30.55,20.83,,9
30.56,20.830000000000002,,9
30.57,20.83,,9
30.58,20.840000000000003,,9
30.59,20.840000000000003,,9
30.6,20.830000000000002,,9
30.61,20.830000000000002,,9
30.62,20.84,,9
30.63,20.84,,9
30.64,20.839999999999996,,9
30.65,20.839999999999996,,9
30.66,20.839999999999996,,9
30.67,20.839999999999996,,9
30.68,20.840000000000003,,9
30.69,20.840000000000003,,9
30.7,20.84,,9
30.71,20.85,,9
30.72,20.84,,9
30.73,20.839999999999996,,9
30.74,20.839999999999996,,9
30.75,20.849999999999994,,9
30.76,20.85,,9
30.77,20.85,,9
30.78,20.840000000000003,,9
30.79,20.840000000000003,,9
30.8,20.85,,9
30.81,20.849999999999998,,9
30.82,20.849999999999998,,9
30.83,20.849999999999998,,9
30.84,20.860000000000003,,9
30.85,20.850000000000005,,9
30.86,20.85,,9
30.87,20.85,,9
30.88,20.85,,9
30.89,20.86,,9
30.9,20.86,,9
30.91,20.849999999999998,,9
30.92,20.849999999999998,,9
30.93,20.850000000000005,,9
30.94,20.860000000000003,,9
30.95,20.86,,9
30.96,20.86,,9
30.97,20.86,,9
30.98,20.86,,9
30.99,20.86,,9
31.0,20.859999999999996,,9
31.01,20.860000000000003,,9
31.02,20.860000000000003,,9
31.03,20.87,,9
31.04,20.860000000000003,,9
31.05,20.86,,9
31.06,20.86,,9
31.07,20.86,,9
31.08,20.869999999999997,,9
31.09,20.870000000000005,,9
31.1,20.87,,9
31.11,20.860000000000003,,9
31.12,20.87,,9
31.13,20.87,,9
31.14,20.87,,9
31.15,20.869999999999997,,9
31.16,20.869999999999997,,9
31.17,20.869999999999997,,9
31.18,20.869999999999997,,9
31.19,20.870000000000005,,9
31.2,20.87,,9
31.21,20.87,,9
31.22,20.88,,9
31.23,20.88,,9
31.24,20.87,,9
31.25,20.869999999999997,,9
31.26,20.869999999999997,,9
31.27,20.880000000000003,,9
31.28,20.880000000000003,,9
31.29,20.880000000000003,,9
31.3,20.88,,9
31.31,20.87,,9
31.32,20.88,,9
31.33,20.88,,9
31.34,20.879999999999995,,9
31.35,20.880000000000003,,9
31.36,20.89,,9
31.37,20.89,,9
31.38,20.880000000000003,,9
31.39,20.88,,9
31.4,20.88,,9
31.41,20.889999999999997,,9
31.42,20.889999999999997,,9
31.43,20.890000000000004,,9
31.44,20.879999999999995,,9
31.45,20.880000000000003,,9
31.46,20.89,,9
31.47,20.89,,9
31.48,20.89,,9
31.49,20.889999999999997,,9
31.5,20.889999999999997,,9
31.51,20.889999999999997,,9
31.52,20.889999999999997,,9
31.53,20.89,,9
31.54,20.89,,9
31.55,20.89,,9
31.56,20.9,,9
31.57,20.9,,9
31.58,20.89,,9
31.59,20.89,,9
31.6,20.889999999999993,,9
31.61,20.900000000000006,,9
31.62,20.9,,9
31.63,20.9,,9
31.64,20.9,,9
31.65,20.9,,9
31.66,20.89,,9
31.67,20.9,,9
31.68,20.9,,9
31.69,20.900000000000006,,9
31.7,20.9,,9
31.71,20.9,,9
31.72,20.909999999999997,,9
31.73,20.9,,9
31.74,20.9,,9
31.75,20.9,,9
31.76,20.9,,9
31.77,20.910000000000004,,9
31.78,20.910000000000004,,9
31.79,20.910000000000004,,9
31.8,20.9,,9
31.81,20.9,,9
31.82,20.909999999999997,,9
31.83,20.909999999999997,,9
31.84,20.909999999999997,,9
31.85,20.910000000000004,,9
31.86,20.910000000000004,,9
31.87,20.910000000000004,,9
31.88,20.910000000000004,,9
31.89,20.910000000000004,,9
31.9,20.909999999999997,,9
31.91,20.909999999999997,,9
31.92,20.909999999999997,,9
31.93,20.92,,9
31.94,20.92,,9
31.95,20.910000000000004,,9
31.96,20.910000000000004,,9
31.97,20.910000000000004,,9
31.98,20.92,,9
31.99,20.919999999999995,,9
32.0,20.919999999999995,,9
32.01,20.92,,9
32.02,20.909999999999997,,9
32.03,20.910000000000004,,9
32.04,20.919999999999995,,9
32.05,20.919999999999995,,9
32.06,20.92000000000001,,9
32.07,20.92,,9
32.08,20.92,,9
32.09,20.93,,9
32.1,20.919999999999995,,9
32.11,20.919999999999995,,9
32.12,20.919999999999995,,9
32.13,20.919999999999995,,9
32.14,20.930000000000007,,9
32.15,20.930000000000007,,9
32.16,20.930000000000007,,9
32.17,20.93,,9
32.18,20.919999999999995,,9
32.19,20.919999999999995,,9
32.2,20.929999999999993,,9
32.21,20.929999999999993,,9
32.22,20.930000000000007,,9
32.23,20.930000000000007,,9
32.24,20.930000000000007,,9
32.25,20.919999999999995,,9
32.26,20.93,,9
32.27,20.929999999999993,,9
32.28,20.929999999999993,,9
32.29,20.929999999999993,,9
32.3,20.930000000000007,,9
32.31,20.940000000000005,,9
32.32,20.940000000000005,,9
32.33,20.93,,9
32.34,20.93,,9
32.35,20.929999999999993,,9
32.36,20.929999999999993,,9
32.37,20.93999999999999,,9
32.38,20.940000000000005,,9
32.39,20.940000000000005,,9
32.4,20.940000000000005,,9
32.41,20.93,,9
32.42,20.939999999999998,,9
32.43,20.939999999999998,,9
32.44,20.939999999999998,,9
32.45,20.93999999999999,,9
32.46,20.940000000000005,,9
32.47,20.940000000000005,,9
32.48,20.950000000000003,,9
32.49,20.939999999999998,,9
32.5,20.939999999999998,,9
32.51,20.939999999999998,,9
32.52,20.939999999999998,,9
32.53,20.93999999999999,,9
32.54,20.950000000000003,,9
32.55,20.950000000000003,,9
32.56,20.950000000000003,,9
32.57,20.939999999999998,,9
32.58,20.939999999999998,,9
32.59,20.939999999999998,,9
32.6,20.949999999999996,,9
32.61,20.949999999999996,,9
32.62,20.950000000000003,,9
32.63,20.950000000000003,,9
32.64,20.950000000000003,,9
32.65,20.950000000000003,,9
32.66,20.949999999999996,,9
32.67,20.949999999999996,,9
32.68,20.949999999999996,,9
32.69,20.949999999999996,,9
32.7,20.950000000000003,,9
32.71,20.950000000000003,,9
32.72,20.96,,9
32.73,20.96,,9
32.74,20.949999999999996,,9
32.75,20.949999999999996,,9
32.76,20.949999999999996,,9
32.77,20.949999999999996,,9
32.78,20.960000000000008,,9
32.79,20.960000000000008,,9
32.8,20.96,,9
32.81,20.96,,9
32.82,20.949999999999996,,9
32.83,20.949999999999996,,9
32.84,20.959999999999994,,9
32.85,20.959999999999994,,9
32.86,20.960000000000008,,9
32.87,20.960000000000008,,9
32.88,20.96,,9
32.89,20.96,,9
32.9,20.97,,9
32.91,20.959999999999994,,9
32.92,20.959999999999994,,9
32.93,20.959999999999994,,9
32.94,20.960000000000008,,9
32.95,20.960000000000008,,9
32.96,20.970000000000006,,9
32.97,20.970000000000006,,9
32.98,20.97,,9
32.99,20.97,,9
33.0,20.959999999999994,,9
33.01,20.959999999999994,,9
33.02,20.970000000000013,,9
33.03,20.97,,9
33.04,20.97,,9
33.05,20.97,,9
33.06,20.97,,9
33.07,20.97,,9
33.08,20.97,,9
33.09,20.97,,9
33.1,20.970000000000013,,9
33.11,20.97,,9
33.12,20.97,,9
33.13,20.97,,9
33.14,20.97,,9
33.15,20.980000000000004,,9
33.16,20.980000000000004,,9
33.17,20.97,,9
33.18,20.970000000000013,,9
33.19,20.97,,9
33.2,20.97,,9
33.21,20.980000000000004,,9
33.22,20.980000000000004,,9
33.23,20.980000000000004,,9
33.24,20.980000000000004,,9
33.25,20.980000000000004,,9
33.26,20.970000000000013,,9
33.27,20.97,,9
33.28,20.980000000000004,,9
33.29,20.980000000000004,,9
33.3,20.980000000000004,,9
33.31,20.980000000000004,,9
33.32,20.980000000000004,,9
33.33,20.980000000000004,,9
33.34,20.989999999999995,,9
33.35,20.980000000000004,,9
33.36,20.980000000000004,,9
33.37,20.980000000000004,,9
33.38,20.980000000000004,,9
33.39,20.980000000000004,,9
33.4,20.980000000000004,,9
33.41,20.989999999999995,,9
33.42,20.989999999999995,,9
33.43,20.989999999999995,,9
33.44,20.989999999999995,,9
33.45,20.980000000000004,,9
33.46,20.980000000000004,,9
33.47,20.989999999999995,,9
33.48,20.989999999999995,,9
33.49,20.989999999999995,,9
33.5,20.989999999999995,,9
33.51,20.989999999999995,,9
33.52,20.989999999999995,,9
33.53,20.989999999999995,,9
33.54,20.989999999999995,,9
33.55,20.989999999999995,,9
33.56,20.989999999999995,,9
33.57,20.989999999999995,,9
33.58,20.989999999999995,,9
33.59,20.989999999999995,,9
33.6,20.989999999999995,,9
33.61,21.0,,9
33.62,21.0,,9
33.63,20.989999999999995,,9
33.64,20.989999999999995,,9
33.65,20.989999999999995,,9
33.66,20.989999999999995,,9
33.67,20.989999999999995,,9
33.68,21.0,,9
33.69,21.0,,9
33.7,21.0,,9
33.71,21.0,,9
33.72,21.0,,9
33.73,20.989999999999995,,9
33.74,21.0,,9
33.75,21.0,,9
33.76,21.0,,9
33.77,21.0,,9
33.78,21.0,,9
33.79,21.0,,9
33.8,21.0,,9
33.81,21.010000000000005,,9
33.82,21.010000000000005,,9
33.83,21.0,,9
33.84,21.0,,9
33.85,21.0,,9
33.86,21.0,,9
33.87,21.0,,9
33.88,21.010000000000005,,9
33.89,21.010000000000005,,9
33.9,21.010000000000005,,9
33.91,21.010000000000005,,9
33.92,21.010000000000005,,9
33.93,21.0,,9
33.94,21.0,,9
33.95,21.0,,9
33.96,21.010000000000005,,9
33.97,21.010000000000005,,9
33.98,21.010000000000005,,9
33.99,21.010000000000005,,9
34.0,21.010000000000005,,9
34.01,21.010000000000005,,9
34.02,21.00999999999999,,9
34.03,21.010000000000005,,9
34.04,21.010000000000005,,9
34.05,21.010000000000005,,9
34.06,21.010000000000005,,9
34.07,21.010000000000005,,9
34.08,21.010000000000005,,9
34.09,21.010000000000005,,9
34.1,21.019999999999996,,9
34.11,21.019999999999996,,9
34.12,21.019999999999996,,9
34.13,21.010000000000005,,9
34.14,21.010000000000005,,9
34.15,21.010000000000005,,9
34.16,21.010000000000005,,9
34.17,21.019999999999996,,9
34.18,21.019999999999996,,9
34.19,21.019999999999996,,9
34.2,21.019999999999996,,9
34.21,21.019999999999996,,9
34.22,21.019999999999996,,9
34.23,21.010000000000005,,9
34.24,21.010000000000005,,9
34.25,21.019999999999996,,9
34.26,21.019999999999996,,9
34.27,21.019999999999996,,9
34.28,21.019999999999996,,9
34.29,21.019999999999996,,9
34.3,21.019999999999996,,9
34.31,21.02000000000001,,9
34.32,21.03,,9
34.33,21.03,,9
34.34,21.019999999999996,,9
34.35,21.019999999999996,,9
34.36,21.019999999999996,,9
34.37,21.019999999999996,,9
34.38,21.019999999999996,,9
34.39,21.02000000000001,,9
34.4,21.03,,9
34.41,21.03,,9
34.42,21.03,,9
34.43,21.03,,9
34.44,21.03,,9
34.45,21.019999999999996,,9
34.46,21.019999999999996,,9
34.47,21.03,,9
34.48,21.03,,9
34.49,21.03,,9
34.5,21.03,,9
34.51,21.03,,9
34.52,21.03,,9
34.53,21.03,,9
34.54,21.03,,9
34.55,21.039999999999992,,9
34.56,21.03,,9
34.57,21.03,,9
34.58,21.03,,9
34.59,21.03,,9
34.6,21.03,,9
34.61,21.03,,9
34.62,21.03,,9
34.63,21.039999999999992,,9
34.64,21.039999999999992,,9
34.65,21.039999999999992,,9
34.66,21.039999999999992,,9
34.67,21.03,,9
34.68,21.03,,9
34.69,21.03,,9
34.7,21.03,,9
34.71,21.039999999999992,,9
34.72,21.039999999999992,,9
34.73,21.039999999999992,,9
34.74,21.039999999999992,,9
34.75,21.040000000000006,,9
34.76,21.040000000000006,,9
34.77,21.040000000000006,,9
34.78,21.03,,9
34.79,21.039999999999992,,9
34.8,21.039999999999992,,9
34.81,21.039999999999992,,9
34.82,21.039999999999992,,9
34.83,21.040000000000006,,9
34.84,21.040000000000006,,9
34.85,21.040000000000006,,9
34.86,21.040000000000006,,9
34.87,21.049999999999997,,9
34.88,21.049999999999997,,9
34.89,21.039999999999992,,9
34.9,21.039999999999992,,9
34.91,21.040000000000006,,9
34.92,21.040000000000006,,9
34.93,21.040000000000006,,9
34.94,21.040000000000006,,9
34.95,21.049999999999997,,9
34.96,21.049999999999997,,9
34.97,21.049999999999997,,9
34.98,21.049999999999997,,9
34.99,21.049999999999997,,9
35.0,21.049999999999997,,9
35.01,21.040000000000006,,9
35.02,21.040000000000006,,9
35.03,21.049999999999997,,9
35.04,21.049999999999997,,9
35.05,21.049999999999997,,9
35.06,21.049999999999997,,9
35.07,21.049999999999997,,9
35.08,21.049999999999997,,9
35.09,21.049999999999997,,9
35.1,21.049999999999997,,9
35.11,21.049999999999997,,9
35.12,21.059999999999988,,9
35.13,21.049999999999997,,9
35.14,21.049999999999997,,9
35.15,21.049999999999997,,9
35.16,21.049999999999997,,9
35.17,21.049999999999997,,9
35.18,21.049999999999997,,9
35.19,21.049999999999997,,9
35.2,21.059999999999988,,9
35.21,21.059999999999988,,9
35.22,21.059999999999988,,9
35.23,21.059999999999988,,9
35.24,21.059999999999988,,9
35.25,21.049999999999997,,9
35.26,21.049999999999997,,9
35.27,21.049999999999997,,9
35.28,21.049999999999997,,9
35.29,21.059999999999988,,9
35.3,21.059999999999988,,9
35.31,21.059999999999988,,9
35.32,21.059999999999988,,9
35.33,21.059999999999988,,9
35.34,21.060000000000016,,9
35.35,21.060000000000016,,9
35.36,21.060000000000016,,9
35.37,21.049999999999997,,9
35.38,21.059999999999988,,9
35.39,21.059999999999988,,9
35.4,21.059999999999988,,9
35.41,21.059999999999988,,9
35.42,21.060000000000016,,9
35.43,21.060000000000016,,9
35.44,21.060000000000016,,9
35.45,21.060000000000016,,9
35.46,21.060000000000002,,9
35.47,21.070000000000007,,9
35.48,21.070000000000007,,9
35.49,21.070000000000007,,9
35.5,21.060000000000016,,9
35.51,21.060000000000016,,9
35.52,21.060000000000016,,9
35.53,21.060000000000016,,9
35.54,21.060000000000002,,9
35.55,21.070000000000007,,9
35.56,21.070000000000007,,9
35.57,21.070000000000007,,9
35.58,21.070000000000007,,9
35.59,21.070000000000007,,9
35.6,21.070000000000007,,9
35.61,21.070000000000007,,9
35.62,21.060000000000002,,9
35.63,21.060000000000002,,9
35.64,21.070000000000007,,9
35.65,21.070000000000007,,9
35.66,21.070000000000007,,9
35.67,21.070000000000007,,9
35.68,21.070000000000007,,9
35.69,21.070000000000007,,9
35.7,21.069999999999993,,9
35.71,21.069999999999993,,9
35.72,21.069999999999993,,9
35.73,21.069999999999993,,9
35.74,21.08,,9
35.75,21.070000000000007,,9
35.76,21.070000000000007,,9
35.77,21.070000000000007,,9
35.78,21.069999999999993,,9
35.79,21.069999999999993,,9
35.8,21.069999999999993,,9
35.81,21.069999999999993,,9
35.82,21.069999999999993,,9
35.83,21.08,,9
35.84,21.08,,9
35.85,21.08,,9
35.86,21.079999999999984,,9
35.87,21.079999999999984,,9
35.88,21.079999999999984,,9
35.89,21.069999999999993,,9
35.9,21.069999999999993,,9
35.91,21.069999999999993,,9
35.92,21.08,,9
35.93,21.079999999999984,,9
35.94,21.079999999999984,,9
35.95,21.079999999999984,,9
35.96,21.079999999999984,,9
35.97,21.079999999999984,,9
35.98,21.079999999999984,,9
35.99,21.080000000000013,,9
36.0,21.080000000000013,,9
36.01,21.080000000000013,,9
36.02,21.079999999999984,,9
36.03,21.079999999999984,,9
36.04,21.079999999999984,,9
36.05,21.079999999999984,,9
36.06,21.079999999999984,,9
36.07,21.080000000000013,,9
36.08,21.080000000000013,,9
36.09,21.080000000000013,,9
36.1,21.080000000000013,,9
36.11,21.080000000000013,,9
36.12,21.090000000000003,,9
36.13,21.090000000000003,,9
36.14,21.090000000000003,,9
36.15,21.090000000000003,,9
36.16,21.080000000000013,,9
36.17,21.080000000000013,,9
36.18,21.080000000000013,,9
36.19,21.080000000000013,,9
36.2,21.080000000000013,,9
36.21,21.090000000000003,,9
36.22,21.090000000000003,,9
36.23,21.090000000000003,,9
36.24,21.090000000000003,,9
36.25,21.090000000000003,,9
36.26,21.090000000000003,,9
36.27,21.090000000000003,,9
36.28,21.090000000000003,,9
36.29,21.090000000000003,,9
36.3,21.080000000000013,,9
36.31,21.090000000000003,,9
36.32,21.090000000000003,,9
36.33,21.090000000000003,,9
36.34,21.090000000000003,,9
36.35,21.090000000000003,,9
36.36,21.090000000000003,,9
36.37,21.090000000000003,,9
36.38,21.090000000000003,,9
36.39,21.090000000000003,,9
36.4,21.090000000000003,,9
36.41,21.090000000000003,,9
36.42,21.099999999999994,,9
36.43,21.099999999999994,,9
36.44,21.090000000000003,,9
36.45,21.090000000000003,,9
36.46,21.090000000000003,,9
36.47,21.090000000000003,,9
36.48,21.090000000000003,,9
36.49,21.090000000000003,,9
36.5,21.090000000000003,,9
36.51,21.090000000000003,,9
36.52,21.099999999999994,,9
36.53,21.099999999999994,,9
36.54,21.099999999999994,,9
36.55,21.099999999999994,,9
36.56,21.100000000000023,,9
36.57,21.100000000000023,,9
36.58,21.100000000000023,,9
36.59,21.090000000000003,,9
36.6,21.090000000000003,,9
36.61,21.089999999999975,,9
36.62,21.099999999999994,,9
36.63,21.099999999999994,,9
36.64,21.100000000000023,,9
36.65,21.100000000000023,,9
36.66,21.100000000000023,,9
36.67,21.100000000000023,,9
36.68,21.100000000000023,,9
36.69,21.099999999999994,,9
36.7,21.099999999999994,,9
36.71,21.099999999999994,,9
36.72,21.099999999999994,,9
36.73,21.110000000000014,,9
36.74,21.100000000000023,,9
36.75,21.100000000000023,,9
36.76,21.100000000000023,,9
36.77,21.099999999999994,,9
36.78,21.099999999999994,,9
36.79,21.099999999999994,,9
36.8,21.099999999999994,,9
36.81,21.099999999999994,,9
36.82,21.099999999999994,,9
36.83,21.099999999999994,,9
36.84,21.110000000000014,,9
36.85,21.109999999999985,,9
36.86,21.109999999999985,,9
36.87,21.109999999999985,,9
36.88,21.109999999999985,,9
36.89,21.099999999999994,,9
36.9,21.099999999999994,,9
36.91,21.099999999999994,,9
36.92,21.099999999999994,,9
36.93,21.099999999999994,,9
36.94,21.109999999999985,,9
36.95,21.109999999999985,,9
36.96,21.109999999999985,,9
36.97,21.109999999999985,,9
36.98,21.109999999999985,,9
36.99,21.109999999999985,,9
37.0,21.109999999999985,,9
37.01,21.109999999999985,,9
37.02,21.109999999999985,,9
37.03,21.109999999999985,,9
37.04,21.109999999999985,,9
37.05,21.099999999999994,,9
37.06,21.109999999999985,,9
37.07,21.109999999999985,,9
37.08,21.109999999999985,,9
37.09,21.109999999999985,,9
37.1,21.109999999999985,,9
37.11,21.109999999999985,,9
37.12,21.109999999999985,,9
37.13,21.110000000000014,,9
37.14,21.110000000000014,,9
37.15,21.110000000000014,,9
37.16,21.110000000000014,,9
37.17,21.120000000000005,,9
37.18,21.120000000000005,,9
37.19,21.120000000000005,,9
37.2,21.120000000000005,,9
37.21,21.110000000000014,,9
37.22,21.110000000000014,,9
37.23,21.110000000000014,,9
37.24,21.110000000000014,,9
37.25,21.110000000000014,,9
37.26,21.110000000000014,,9
37.27,21.110000000000014,,9
37.28,21.120000000000005,,9
37.29,21.120000000000005,,9
37.3,21.120000000000005,,9
37.31,21.120000000000005,,9
37.32,21.120000000000005,,9
37.33,21.120000000000005,,9
37.34,21.120000000000005,,9
37.35,21.120000000000005,,9
37.36,21.120000000000005,,9
37.37,21.120000000000005,,9
37.38,21.110000000000014,,9
37.39,21.110000000000014,,9
37.4,21.120000000000005,,9
37.41,21.120000000000005,,9
37.42,21.120000000000005,,9
37.43,21.120000000000005,,9
37.44,21.120000000000005,,9
37.45,21.120000000000005,,9
37.46,21.120000000000005,,9
37.47,21.120000000000005,,9
37.48,21.120000000000005,,9
37.49,21.120000000000005,,9
37.5,21.119999999999976,,9
37.51,21.119999999999976,,9
37.52,21.129999999999995,,9
37.53,21.129999999999995,,9
37.54,21.130000000000024,,9
37.55,21.120000000000005,,9
37.56,21.120000000000005,,9
37.57,21.120000000000005,,9
37.58,21.119999999999976,,9
37.59,21.119999999999976,,9
37.6,21.119999999999976,,9
37.61,21.119999999999976,,9
37.62,21.120000000000005,,9
37.63,21.120000000000005,,9
37.64,21.130000000000024,,9
37.65,21.130000000000024,,9
37.66,21.129999999999995,,9
37.67,21.129999999999995,,9
37.68,21.129999999999995,,9
37.69,21.129999999999995,,9
37.7,21.129999999999995,,9
37.71,21.129999999999995,,9
37.72,21.120000000000005,,9
37.73,21.120000000000005,,9
37.74,21.120000000000005,,9
37.75,21.120000000000005,,9
37.76,21.129999999999995,,9
37.77,21.129999999999995,,9
37.78,21.129999999999995,,9
37.79,21.129999999999995,,9
37.8,21.129999999999995,,9
37.81,21.129999999999995,,9
37.82,21.129999999999995,,9
37.83,21.129999999999995,,9
37.84,21.129999999999995,,9
37.85,21.129999999999995,,9
37.86,21.129999999999995,,9
37.87,21.129999999999995,,9
37.88,21.129999999999995,,9
37.89,21.139999999999986,,9
37.9,21.129999999999995,,9
37.91,21.129999999999995,,9
37.92,21.129999999999995,,9
37.93,21.129999999999995,,9
37.94,21.129999999999995,,9
37.95,21.129999999999995,,9
37.96,21.129999999999995,,9
37.97,21.129999999999995,,9
37.98,21.129999999999995,,9
37.99,21.129999999999995,,9
38.0,21.129999999999995,,9
38.01,21.139999999999986,,9
38.02,21.139999999999986,,9
38.03,21.140000000000015,,9
38.04,21.140000000000015,,9
38.05,21.140000000000015,,9
38.06,21.140000000000015,,9
38.07,21.140000000000015,,9
38.08,21.129999999999995,,9
38.09,21.129999999999995,,9
38.1,21.129999999999995,,9
38.11,21.130000000000024,,9
38.12,21.130000000000024,,9
38.13,21.130000000000024,,9
38.14,21.140000000000015,,9
38.15,21.140000000000015,,9
38.16,21.140000000000015,,9
38.17,21.140000000000015,,9
38.18,21.140000000000015,,9
38.19,21.140000000000015,,9
38.2,21.140000000000015,,9
38.21,21.140000000000015,,9
38.22,21.140000000000015,,9
38.23,21.139999999999986,,9
38.24,21.139999999999986,,9
38.25,21.139999999999986,,9
38.26,21.139999999999986,,9
38.27,21.129999999999995,,9
38.28,21.140000000000015,,9
38.29,21.140000000000015,,9
38.3,21.140000000000015,,9
38.31,21.139999999999986,,9
38.32,21.139999999999986,,9
38.33,21.139999999999986,,9
38.34,21.139999999999986,,9
38.35,21.139999999999986,,9
38.36,21.139999999999986,,9
38.37,21.139999999999986,,9
38.38,21.139999999999986,,9
38.39,21.139999999999986,,9
38.4,21.139999999999986,,9
38.41,21.149999999999977,,9
38.42,21.149999999999977,,9
38.43,21.149999999999977,,9
38.44,21.150000000000006,,9
38.45,21.150000000000006,,9
38.46,21.139999999999986,,9
38.47,21.139999999999986,,9
38.48,21.139999999999986,,9
38.49,21.139999999999986,,9
38.5,21.139999999999986,,9
38.51,21.139999999999986,,9
38.52,21.140000000000015,,9
38.53,21.140000000000015,,9
38.54,21.140000000000015,,9
38.55,21.150000000000006,,9
38.56,21.150000000000006,,9
38.57,21.150000000000006,,9
38.58,21.150000000000006,,9
38.59,21.150000000000006,,9
38.6,21.150000000000006,,9
38.61,21.150000000000006,,9
38.62,21.150000000000006,,9
38.63,21.150000000000006,,9
38.64,21.150000000000006,,9
38.65,21.150000000000006,,9
38.66,21.140000000000015,,9
38.67,21.140000000000015,,9
38.68,21.140000000000015,,9
38.69,21.150000000000006,,9
38.7,21.150000000000006,,9
38.71,21.150000000000006,,9
38.72,21.150000000000006,,9
38.73,21.150000000000006,,9
38.74,21.150000000000006,,9
38.75,21.150000000000006,,9
38.76,21.150000000000006,,9
38.77,21.150000000000006,,9
38.78,21.150000000000006,,9
38.79,21.150000000000006,,9
38.8,21.149999999999977,,9
38.81,21.149999999999977,,9
38.82,21.149999999999977,,9
38.83,21.159999999999997,,9
38.84,21.159999999999997,,9
38.85,21.160000000000025,,9
38.86,21.160000000000025,,9
38.87,21.150000000000006,,9
38.88,21.149999999999977,,9
38.89,21.149999999999977,,9
38.9,21.149999999999977,,9
38.91,21.149999999999977,,9
38.92,21.149999999999977,,9
38.93,21.150000000000006,,9
38.94,21.150000000000006,,9
38.95,21.150000000000006,,9
38.96,21.150000000000006,,9
38.97,21.150000000000006,,9
38.98,21.159999999999997,,9
38.99,21.159999999999997,,9
39.0,21.159999999999997,,9
39.01,21.159999999999997,,9
39.02,21.159999999999997,,9
39.03,21.159999999999997,,9
39.04,21.159999999999997,,9
39.05,21.159999999999997,,9
39.06,21.159999999999997,,9
39.07,21.159999999999997,,9
39.08,21.150000000000006,,9
39.09,21.150000000000006,,9
39.1,21.150000000000006,,9
39.11,21.150000000000006,,9
39.12,21.150000000000006,,9
39.13,21.159999999999997,,9
39.14,21.159999999999997,,9
39.15,21.159999999999997,,9
39.16,21.159999999999997,,9
39.17,21.159999999999997,,9
39.18,21.159999999999997,,9
39.19,21.159999999999997,,9
39.2,21.159999999999997,,9
39.21,21.159999999999997,,9
39.22,21.159999999999997,,9
39.23,21.159999999999997,,9
39.24,21.159999999999997,,9
39.25,21.159999999999997,,9
39.26,21.160000000000025,,9
39.27,21.160000000000025,,9
39.28,21.170000000000016,,9
39.29,21.170000000000016,,9
39.3,21.159999999999997,,9
39.31,21.159999999999997,,9
39.32,21.159999999999997,,9
39.33,21.159999999999997,,9
39.34,21.160000000000025,,9
39.35,21.160000000000025,,9
39.36,21.160000000000025,,9
39.37,21.159999999999997,,9
39.38,21.159999999999997,,9
39.39,21.159999999999997,,9
39.4,21.159999999999997,,9
39.41,21.159999999999997,,9
39.42,21.159999999999997,,9
39.43,21.159999999999997,,9
39.44,21.170000000000016,,9
39.45,21.169999999999987,,9
39.46,21.169999999999987,,9
39.47,21.169999999999987,,9
39.48,21.169999999999987,,9
39.49,21.169999999999987,,9
39.5,21.169999999999987,,9
39.51,21.169999999999987,,9
39.52,21.169999999999987,,9
39.53,21.159999999999997,,9
39.54,21.159999999999997,,9
39.55,21.159999999999997,,9
39.56,21.159999999999997,,9
39.57,21.159999999999997,,9
39.58,21.159999999999997,,9
39.59,21.159999999999997,,9
39.6,21.169999999999987,,9
39.61,21.169999999999987,,9
39.62,21.169999999999987,,9
39.63,21.169999999999987,,9
39.64,21.169999999999987,,9
39.65,21.169999999999987,,9
39.66,21.169999999999987,,9
39.67,21.170000000000016,,9
39.68,21.170000000000016,,9
39.69,21.170000000000016,,9
39.7,21.170000000000016,,9
39.71,21.170000000000016,,9
39.72,21.170000000000016,,9
39.73,21.170000000000016,,9
39.74,21.170000000000016,,9
39.75,21.170000000000016,,9
39.76,21.170000000000016,,9
39.77,21.170000000000016,,9
39.78,21.170000000000016,,9
39.79,21.170000000000016,,9
39.8,21.170000000000016,,9
39.81,21.170000000000016,,9
39.82,21.170000000000016,,9
39.83,21.170000000000016,,9
39.84,21.170000000000016,,9
39.85,21.170000000000016,,9
39.86,21.169999999999987,,9
39.87,21.169999999999987,,9
39.88,21.169999999999987,,9
39.89,21.169999999999987,,9
39.9,21.169999999999987,,9
39.91,21.169999999999987,,9
39.92,21.169999999999987,,9
39.93,21.180000000000007,,9
39.94,21.17999999999998,,9
39.95,21.17999999999998,,9
39.96,21.17999999999998,,9
39.97,21.17999999999998,,9
39.98,21.17999999999998,,9
39.99,21.17999999999998,,9
